g S_wpn_pistol_0011_01_lod0
v 0.122880645 -0.013994362 0.03968704
v 0.122880645 -0.016760815 0.039687037
v 0.12288064 -0.013996282 0.041839235
v 0.122880645 -0.013997215 0.007391989
v 0.122880645 -0.01676081 0.010591652
v 0.122880645 -0.013993849 0.010591652
v 0.122880645 -0.013992813 0.07782603
v 0.122880645 -0.016760822 0.077826016
v 0.12288064 -0.013993231 0.07997823
v 0.122880645 -0.013995737 0.045530975
v 0.122880645 -0.016760817 0.048730634
v 0.122880645 -0.013993976 0.048730638
v 0.122880645 0.013994343 0.039687045
v 0.12288064 0.013996258 0.041839235
v 0.122880645 0.016760796 0.03968704
v 0.122880645 0.0139972055 0.007391994
v 0.122880645 0.01399384 0.010591657
v 0.122880645 0.0167608 0.010591657
v 0.122880645 0.013992779 0.07782603
v 0.12288064 0.013993196 0.07997823
v 0.122880645 0.016760789 0.07782602
v 0.122880645 0.013995713 0.045530975
v 0.122880645 0.013993952 0.048730638
v 0.122880645 0.016760794 0.048730645
v 0.043613084 0.028735971 0.11475223
v 0.025515575 0.028735962 0.11475223
v 0.034564324 0.033753622 0.1058
v 0.025515575 0.028735962 0.11475223
v 0.025515566 0.028735965 0.096847735
v 0.034564324 0.033753622 0.1058
v 0.025515566 0.028735965 0.096847735
v 0.043613076 0.028735975 0.09684772
v 0.034564324 0.033753622 0.1058
v 0.043613076 0.028735975 0.09684772
v 0.043613084 0.028735971 0.11475223
v 0.034564324 0.033753622 0.1058
v 0.08682217 0.028735971 0.114752226
v 0.06872466 0.02873598 0.114752226
v 0.07777342 0.033753622 0.105799966
v 0.06872466 0.02873598 0.114752226
v 0.06872466 0.02873598 0.096847706
v 0.07777342 0.033753622 0.105799966
v 0.06872466 0.02873598 0.096847706
v 0.08682218 0.028735975 0.09684771
v 0.07777342 0.033753622 0.105799966
v 0.08682218 0.028735975 0.09684771
v 0.08682217 0.028735971 0.114752226
v 0.07777342 0.033753622 0.105799966
v 0.043613084 -0.028735965 0.11475223
v 0.034564324 -0.033753607 0.10579999
v 0.025515575 -0.028735956 0.11475223
v 0.025515575 -0.028735956 0.11475223
v 0.034564324 -0.033753607 0.10579999
v 0.025515566 -0.028735956 0.096847735
v 0.025515566 -0.028735956 0.096847735
v 0.034564324 -0.033753607 0.10579999
v 0.043613076 -0.028735965 0.09684772
v 0.043613076 -0.028735965 0.09684772
v 0.034564324 -0.033753607 0.10579999
v 0.043613084 -0.028735965 0.11475223
v 0.08682217 -0.028735971 0.114752226
v 0.07777342 -0.033753622 0.10579995
v 0.06872466 -0.02873598 0.114752226
v 0.06872466 -0.02873598 0.114752226
v 0.07777342 -0.033753622 0.10579995
v 0.06872466 -0.028735975 0.096847706
v 0.06872466 -0.028735975 0.096847706
v 0.07777342 -0.033753622 0.10579995
v 0.08682218 -0.028735965 0.09684771
v 0.08682218 -0.028735965 0.09684771
v 0.07777342 -0.033753622 0.10579995
v 0.08682217 -0.028735971 0.114752226
v 0.17910953 -0.013353072 0.09346334
v 0.17910953 -0.013353073 0.116775416
v 0.17304483 -0.013353073 0.116775416
v 0.17304397 -0.013353072 0.093463354
v 0.15711702 -0.016319863 0.11677543
v 0.15711702 -0.013992603 0.116774425
v 0.17304483 -0.013353073 0.116775416
v 0.16785383 -0.016319863 0.116775416
v 0.17910953 -0.01855807 0.116775416
v 0.16785383 -0.018558074 0.11677541
v 0.17910953 -0.013353073 0.116775416
v 0.17910953 0.013353034 0.09346334
v 0.17304397 0.01335303 0.093463354
v 0.17304483 0.01335303 0.116775416
v 0.17910953 0.0133530265 0.116775416
v 0.029341068 0.007793902 0.036142528
v 0.026680078 0.011182848 0.036127236
v 0.026680078 0.0078081796 0.036127236
v 0.031398237 0.011223508 0.0361679
v 0.031398237 -0.0112235285 0.036167897
v 0.029341068 -0.007793919 0.036142524
v 0.033190936 0.010461451 0.035380438
v 0.026680078 -0.011182867 0.036127232
v 0.026680078 -0.007808197 0.036127232
v 0.033190936 -0.01046147 0.035380434
v 0.034388293 -0.009295783 0.03424015
v 0.034388293 0.009295766 0.034240153
v 0.034388293 -0.007108146 0.031018011
v 0.034388293 0.0071081305 0.031018011
v 0.034388293 -0.006770663 0.027523594
v 0.034388293 0.006770649 0.027523594
v 0.03554925 -0.0066650254 0.023236874
v 0.03554925 0.006665013 0.023236874
v 0.037753496 0.0067276214 0.019347811
v 0.037753496 -0.0067276326 0.01934781
v 0.040404376 0.006758247 0.016333733
v 0.040404376 -0.0067582577 0.01633373
v 0.043621924 -0.006770082 0.013921402
v 0.043621924 0.006770072 0.013921405
v 0.046898987 0.006772127 0.012317129
v 0.046898987 -0.0067721363 0.012317127
v 0.05043357 -0.00677066 0.0114783
v 0.05043357 0.006770652 0.0114783
v 0.0739446 0.006770652 0.0114783
v 0.0739446 -0.00677066 0.0114783
v 0.07825448 -0.011264485 0.011478302
v 0.07825448 0.011264473 0.011478307
v 0.08790273 -0.011264485 0.011478297
v 0.08790273 0.011264473 0.011478302
v 0.02600606 0.007849687 0.031872805
v 0.027250318 0.007808179 0.03483596
v 0.026680078 0.0078081796 0.036127236
v 0.029341068 0.007793902 0.036142528
v 0.0029345893 0.008868504 0.08166474
v 0.0029345893 0.008868511 0.042676583
v -0.0071999454 0.008868511 0.04267657
v -0.0021341324 0.008868502 0.07963853
v -0.0062285233 0.008868503 0.07692656
v -0.012862863 0.008868506 0.05922074
v -0.009348583 0.008868506 0.07352879
v -0.01149434 0.008868504 0.06944523
v -0.012665749 0.008868505 0.064675875
v 0.17005572 0.011734155 0.07445488
v 0.17005572 0.011734159 0.050986517
v 0.17145038 0.010339479 0.05238121
v 0.17145038 0.010339475 0.0730602
v 0.17005572 0.0117341615 0.037189167
v 0.17005572 0.011734164 0.01372081
v 0.17145038 0.0103394855 0.015115491
v 0.17145038 0.010339482 0.035794485
v 0.16115627 0.011734168 0.0041200756
v 0.1611581 0.011734167 0.01107939
v 0.15887955 0.011734162 0.004142296
v 0.15887955 0.011734163 0.043425187
v 0.16115625 0.011734163 0.039647833
v 0.16115625 0.011734162 0.043436717
v 0.16246894 0.011734163 0.037797347
v 0.16246894 0.011734167 0.013112628
v 0.16434073 0.011734167 0.01372081
v 0.16434072 0.011734163 0.037189167
v 0.17005572 0.011734164 0.01372081
v 0.17005572 0.0117341615 0.037189167
v 0.17145038 -0.010339503 0.05238121
v 0.17145038 0.010339479 0.05238121
v 0.17005572 0.011734159 0.050986517
v 0.17005572 -0.011734183 0.050986517
v 0.15969196 0.0076572723 0.07885604
v 0.15887955 0.011734156 0.07885604
v 0.16115625 0.011734156 0.07885604
v 0.16053843 0.0037235003 0.07885604
v 0.16115625 -0.011734189 0.07885604
v 0.16053843 -0.0037235324 0.07885604
v 0.15969196 -0.0076573035 0.07885604
v 0.15887955 -0.011734189 0.07885604
v 0.17005572 -0.011734176 0.013720806
v 0.17005572 0.011734164 0.01372081
v 0.16434073 0.011734167 0.01372081
v 0.16434073 -0.011734179 0.013720806
v 0.16246894 -0.011734179 0.013112623
v 0.16246894 0.011734167 0.013112628
v 0.1611581 -0.011734179 0.011079385
v 0.1611581 0.011734167 0.01107939
v 0.16115627 -0.011734177 0.004120071
v 0.16115627 0.011734168 0.0041200756
v 0.16434072 0.011734158 0.07445488
v 0.17005572 0.011734159 0.050986517
v 0.17005572 0.011734155 0.07445488
v 0.16434073 0.0117341615 0.05098653
v 0.16246894 0.0117341615 0.05037834
v 0.16246894 0.011734158 0.07506306
v 0.16115627 0.011734158 0.0766553
v 0.16115627 0.0117341615 0.048786104
v 0.15887955 0.011734156 0.07885604
v 0.16115625 0.011734156 0.07885604
v 0.15887955 0.01173416 0.044769276
v 0.16115627 0.011734162 0.044757117
v 0.15887955 0.011734162 0.004142296
v 0.157117 0.013992567 0.044153675
v 0.157117 0.013992573 0.004120071
v 0.15887955 0.011734163 0.043425187
v 0.15887955 0.01173416 0.044769276
v 0.157117 0.013993887 0.08527054
v 0.15887955 0.011734156 0.07885604
v 0.15892512 0.011505476 0.08527054
v 0.15969196 0.007657271 0.093410015
v 0.15898268 0.011210978 0.09346334
v 0.15969196 0.0076572723 0.07885604
v 0.16053843 0.0037235003 0.07885604
v 0.16054156 0.003723497 0.09339164
v 0.16054156 -0.0037235343 0.09339164
v 0.16053843 -0.0037235324 0.07885604
v 0.15969196 -0.007657307 0.093410015
v 0.15969196 -0.0076573035 0.07885604
v 0.15887955 -0.011734189 0.07885604
v 0.1589555 -0.011353061 0.08527054
v 0.15898268 -0.011211016 0.09346334
v 0.157117 -0.013993925 0.08527054
v 0.15887955 -0.011734184 0.044769276
v 0.157117 -0.013992588 0.044210747
v 0.15887955 -0.011734188 0.043425187
v 0.15887955 -0.011734173 0.0041422914
v 0.157117 -0.013992584 0.0041200663
v 0.16434072 0.011734163 0.037189167
v 0.17005572 0.0117341615 0.037189167
v 0.17005572 -0.01173418 0.03718916
v 0.16434072 -0.011734183 0.03718916
v 0.16246894 -0.011734183 0.03779734
v 0.16246894 0.011734163 0.037797347
v 0.16115625 0.011734163 0.039647833
v 0.16115625 -0.011734183 0.039647825
v 0.16115625 0.011734162 0.043436717
v 0.16115625 -0.011734184 0.043436717
v 0.064109385 -0.004125007 0.051430777
v 0.06411914 0.0042616148 0.051653337
v 0.0334813 0.0042616148 0.051508732
v 0.047938503 -0.0042616376 0.051653266
v 0.03924936 -0.0042616376 0.051618833
v 0.035426166 -0.0042616376 0.051532295
v 0.0334813 -0.004261638 0.051508732
v 0.06411914 0.0042616148 0.048680037
v 0.06411914 0.0042616148 0.051653337
v 0.064109385 -0.004125007 0.051430777
v 0.06411914 -0.004261637 0.048680037
v 0.0334813 0.0042616148 0.051508732
v 0.030344848 0.004261617 0.036924414
v 0.030344848 -0.0042616352 0.036924414
v 0.0334813 -0.004261638 0.051508732
v 0.087902725 0.011264474 0.004120071
v 0.08790273 0.011264473 0.011478302
v 0.08790273 -0.011264485 0.011478297
v 0.087902725 -0.011264483 0.0041200663
v 0.16115627 0.011734168 0.0041200756
v 0.15887955 0.011734162 0.004142296
v 0.15887955 -0.011734173 0.0041422914
v 0.16115627 -0.011734177 0.004120071
v 0.02333391 -0.014013503 0.093463324
v 0.02333391 -0.0140135 0.08166474
v 0.02333391 0.0140134655 0.08166474
v 0.02333391 0.014013463 0.093463324
v 0.16115627 0.011734158 0.0766553
v 0.16115625 -0.011734189 0.07885604
v 0.16115625 0.011734156 0.07885604
v 0.16115627 -0.0117341885 0.0766553
v 0.16246894 -0.0117341885 0.07506306
v 0.16246894 0.011734158 0.07506306
v 0.16434072 -0.0117341885 0.07445488
v 0.16434072 0.011734158 0.07445488
v 0.17005572 0.011734155 0.07445488
v 0.17005572 -0.011734186 0.07445488
v 0.17145038 -0.010339497 0.015115488
v 0.17145038 0.0103394855 0.015115491
v 0.17005572 0.011734164 0.01372081
v 0.17005572 -0.011734176 0.013720806
v 0.12711029 0.006022249 0.11956686
v 0.15419498 0.006004958 0.119548164
v 0.15419498 -0.0060050027 0.119548164
v 0.12711029 -0.006022294 0.11956686
v 0.124322824 -0.0054514753 0.12016828
v 0.124322824 0.00545143 0.12016828
v 0.12186429 -0.004089215 0.12160831
v 0.12186429 0.004089169 0.12160831
v 0.09870805 0.0043791956 0.121351026
v 0.09870805 -0.0043792413 0.121351026
v 0.095004626 0.005841753 0.11980251
v 0.095004626 -0.0058755516 0.11976652
v 0.09220379 -0.008653596 0.11674682
v 0.09209348 0.008659637 0.11679043
v 0.12711029 0.006022249 0.11956686
v 0.15419507 0.008645764 0.11676746
v 0.15419498 0.006004958 0.119548164
v 0.12281842 0.008643175 0.11662553
v 0.124322824 0.00545143 0.12016828
v 0.12186429 0.004089169 0.12160831
v 0.10144165 0.0086405855 0.11681749
v 0.09870805 0.0043791956 0.121351026
v 0.095004626 0.005841753 0.11980251
v 0.09209348 0.008659637 0.11679043
v 0.02600606 -0.007849702 0.031872798
v 0.026680078 -0.007808197 0.036127232
v 0.027250318 -0.007808197 0.034835957
v 0.029341068 -0.007793919 0.036142524
v 0.02600606 -0.007849702 0.031872798
v 0.027250318 0.007808179 0.03483596
v 0.02600606 0.007849687 0.031872805
v 0.027250318 -0.007808197 0.034835957
v 0.029341068 -0.007793919 0.036142524
v 0.029341068 0.007793902 0.036142528
v 0.0029345893 0.008868504 0.08166474
v 0.0029345893 -0.008868537 0.08166474
v 0.0029345893 -0.00886853 0.042676583
v 0.0029345893 0.008868511 0.042676583
v 0.0029345893 -0.008868537 0.08166474
v -0.0071999454 -0.008868529 0.04267657
v 0.0029345893 -0.00886853 0.042676583
v -0.0021341324 -0.008868533 0.07963853
v -0.0062285233 -0.008868532 0.07692656
v -0.012862863 -0.008868531 0.05922074
v -0.009348583 -0.008868536 0.07352879
v -0.01149434 -0.008868533 0.06944523
v -0.012665749 -0.008868532 0.064675875
v 0.03833725 -0.0042616343 0.031022502
v 0.035509177 -0.0042616352 0.036813393
v 0.035509177 0.004261617 0.036813393
v 0.03833725 0.0042616175 0.031022502
v 0.15887955 -0.011734188 0.043425187
v 0.15887955 0.01173416 0.044769276
v 0.15887955 0.011734163 0.043425187
v 0.15887955 -0.011734184 0.044769276
v 0.16115627 -0.011734184 0.044757117
v 0.16115627 0.011734162 0.044757117
v 0.16115627 -0.011734185 0.048786104
v 0.16115627 0.0117341615 0.048786104
v 0.16246894 0.0117341615 0.05037834
v 0.16246894 -0.011734185 0.05037834
v 0.16434073 0.0117341615 0.05098653
v 0.16434073 -0.011734185 0.05098653
v 0.17005572 -0.011734183 0.050986517
v 0.17005572 0.011734159 0.050986517
v 0.17005572 -0.011734186 0.07445488
v 0.17145038 -0.010339507 0.0730602
v 0.17145038 -0.010339503 0.05238121
v 0.17005572 -0.011734183 0.050986517
v 0.17005572 -0.01173418 0.03718916
v 0.17145038 -0.0103395 0.03579448
v 0.17145038 -0.010339497 0.015115488
v 0.17005572 -0.011734176 0.013720806
v 0.15887955 -0.011734173 0.0041422914
v 0.1611581 -0.011734179 0.011079385
v 0.16115627 -0.011734177 0.004120071
v 0.15887955 -0.011734188 0.043425187
v 0.16115625 -0.011734183 0.039647825
v 0.16115625 -0.011734184 0.043436717
v 0.16246894 -0.011734183 0.03779734
v 0.16246894 -0.011734179 0.013112623
v 0.16434073 -0.011734179 0.013720806
v 0.16434072 -0.011734183 0.03718916
v 0.17005572 -0.011734176 0.013720806
v 0.17005572 -0.01173418 0.03718916
v 0.17005572 -0.011734183 0.050986517
v 0.16434072 -0.0117341885 0.07445488
v 0.17005572 -0.011734186 0.07445488
v 0.16434073 -0.011734185 0.05098653
v 0.16246894 -0.011734185 0.05037834
v 0.16246894 -0.0117341885 0.07506306
v 0.16115627 -0.0117341885 0.0766553
v 0.16115627 -0.011734185 0.048786104
v 0.15887955 -0.011734189 0.07885604
v 0.16115625 -0.011734189 0.07885604
v 0.15887955 -0.011734184 0.044769276
v 0.16115627 -0.011734184 0.044757117
v 0.030344848 -0.0042616352 0.036924414
v 0.030344848 0.004261617 0.036924414
v 0.035509177 0.004261617 0.036813393
v 0.035509177 -0.0042616352 0.036813393
v 0.17005572 -0.011734186 0.07445488
v 0.17005572 0.011734155 0.07445488
v 0.17145038 0.010339475 0.0730602
v 0.17145038 -0.010339507 0.0730602
v 0.17005572 -0.01173418 0.03718916
v 0.17005572 0.0117341615 0.037189167
v 0.17145038 0.010339482 0.035794485
v 0.17145038 -0.0103395 0.03579448
v 0.15887955 -0.011734188 0.043425187
v 0.15887955 0.011734163 0.043425187
v 0.16115625 0.011734162 0.043436717
v 0.16115625 -0.011734184 0.043436717
v -0.0071999454 -0.008868529 0.04267657
v -0.0071999454 0.008868511 0.04267657
v 0.0029345893 0.008868511 0.042676583
v 0.0029345893 -0.00886853 0.042676583
v 0.10144165 -0.008623753 0.1168355
v 0.09220379 -0.008653596 0.11674682
v 0.095004626 -0.0058755516 0.11976652
v 0.09870805 -0.0043792413 0.121351026
v 0.12186429 -0.004089215 0.12160831
v 0.12281842 -0.008643218 0.11662553
v 0.124322824 -0.0054514753 0.12016828
v 0.12711029 -0.006022294 0.11956686
v 0.15419507 -0.008645808 0.11676746
v 0.15419498 -0.0060050027 0.119548164
v 0.091647595 -0.011734164 0.0041422914
v 0.09164759 0.011734162 0.004142296
v 0.087902725 0.011264474 0.004120071
v 0.087902725 -0.011264483 0.0041200663
v 0.16581844 -0.0142632555 -0.0064835665
v 0.16581844 0.014263245 -0.006483562
v 0.11755746 0.014263229 -0.008965272
v 0.11755746 -0.014263231 -0.008965283
v 0.08629958 -0.014263209 -0.008965283
v 0.08629958 0.014263213 -0.008965272
v 0.08629958 -0.014263209 -0.008965283
v 0.08629958 0.014263213 -0.008965272
v 0.08629958 0.014263198 0.0019676422
v 0.08629958 -0.014263196 0.0019676376
v 0.15887955 -0.011734175 0.0014448714
v 0.15887955 0.011734163 0.0014448762
v 0.16582374 0.014263235 -0.0007519936
v 0.16582905 -0.014263248 -0.0007519984
v 0.08629958 -0.014263196 0.0019676376
v 0.08629958 0.014263198 0.0019676422
v 0.09164759 0.011734162 0.004142296
v 0.091647595 -0.011734164 0.0041422914
v 0.16581844 -0.0142632555 -0.0064835665
v 0.16582905 -0.014263248 -0.0007519984
v 0.16582374 0.014263235 -0.0007519936
v 0.16581844 0.014263245 -0.006483562
v 0.15887955 -0.011734173 0.0041422914
v 0.15887955 0.011734162 0.004142296
v 0.15887955 0.011734163 0.0014448762
v 0.15887955 -0.011734175 0.0014448714
v 0.026680078 0.011182848 0.036127236
v 0.02600606 0.007849687 0.031872805
v 0.026680078 0.0078081796 0.036127236
v 0.02112132 0.011826177 0.0026717447
v 0.013972874 -0.01265348 -0.040351305
v 0.013972874 0.012653488 -0.040351305
v 0.0112081235 0.012828565 -0.04849844
v 0.021361208 -0.011798424 0.0041155266
v 0.0112081235 -0.012828556 -0.04849844
v 0.02600606 -0.007849702 0.031872798
v 0.026680078 -0.011182867 0.036127232
v 0.026680078 -0.007808197 0.036127232
v 0.0058753393 0.012973832 -0.05525935
v 0.0058753393 -0.01297382 -0.05525935
v -0.001415205 -0.013072457 -0.0598505
v -0.001415205 0.013072469 -0.0598505
v -0.011101942 -0.01311372 -0.06177124
v -0.011101942 0.01311373 -0.06177124
v -0.02082796 -0.013082296 -0.06030836
v -0.02082796 0.013082305 -0.06030836
v -0.028340768 0.012991675 -0.056089684
v -0.028340768 -0.012991663 -0.056089684
v -0.03400747 -0.0128523335 -0.04960496
v -0.03400747 0.012852343 -0.04960496
v -0.03717867 -0.012680445 -0.041605864
v -0.03717867 0.012680451 -0.041605864
v -0.037496872 -0.012495846 -0.033016738
v -0.037496872 0.01249585 -0.033016738
v -0.03534688 -0.012337817 -0.025665225
v -0.03534688 0.012337818 -0.025665225
v -0.0071999547 -0.011182868 0.036127232
v -0.0071999547 0.011182848 0.036127236
v 0.17145038 -0.010339507 0.0730602
v 0.17145038 0.010339475 0.0730602
v 0.17145038 0.010339479 0.05238121
v 0.17145038 -0.010339503 0.05238121
v 0.17145038 -0.0103395 0.03579448
v 0.17145038 0.010339482 0.035794485
v 0.17145038 0.0103394855 0.015115491
v 0.17145038 -0.010339497 0.015115488
v 0.02333391 -0.014013503 0.093463324
v 0.08117802 -0.014018204 0.09346334
v 0.02333391 -0.0140135 0.08166474
v 0.07599869 -0.014013495 0.051436137
v 0.05098135 -0.014013495 0.051421955
v 0.04547079 -0.014013495 0.04963146
v 0.081179924 -0.014013495 0.049752653
v -0.0071999454 -0.0140134925 0.03895786
v 0.0029345893 -0.0140135 0.08166474
v -0.0071999454 -0.0140134925 0.04267657
v 0.040782604 -0.014013494 0.04622528
v 0.037314013 -0.014013494 0.04145118
v 0.036405344 -0.0140134925 0.03895786
v 0.09378526 -0.01399375 0.079978205
v 0.0855867 -0.014013494 0.04655094
v 0.08885389 -0.014013494 0.04205404
v 0.12288064 -0.013993231 0.07997823
v 0.09378526 -0.014000041 0.045530967
v 0.13331841 -0.013993226 0.09346334
v 0.09378526 -0.01400121 0.041839227
v 0.090651736 -0.0140134925 0.034565523
v 0.090651736 -0.014013491 0.024801385
v 0.122880645 -0.013995737 0.045530975
v 0.09378526 -0.01400221 0.007391984
v 0.09065173 -0.014013488 0.0041200663
v 0.122880645 -0.013997215 0.007391989
v 0.13223365 -0.013992584 0.0041200663
v 0.122880645 -0.013993849 0.010591652
v 0.12838441 -0.01399258 0.010591652
v 0.12288064 -0.013996282 0.041839235
v 0.12838441 -0.013992584 0.03968704
v 0.122880645 -0.013994362 0.03968704
v 0.157117 -0.013992584 0.0041200663
v 0.12838441 -0.013992587 0.048730638
v 0.122880645 -0.013993976 0.048730638
v 0.15349822 -0.013992583 0.012056682
v 0.157117 -0.013992588 0.044210747
v 0.12882012 -0.01399258 0.012058041
v 0.1288244 -0.013992583 0.038129743
v 0.15349564 -0.013992587 0.038133897
v 0.15349822 -0.013992589 0.050195664
v 0.157117 -0.013993925 0.08527054
v 0.12882012 -0.013992586 0.050197028
v 0.1288244 -0.013992589 0.076268725
v 0.12831016 -0.013993252 0.07782603
v 0.15349564 -0.013992593 0.07627289
v 0.15711702 -0.013992603 0.116774425
v 0.13331841 -0.013993932 0.11677021
v 0.122880645 -0.013992813 0.07782603
v 0.08790273 -0.011264485 0.011478297
v 0.07825448 -0.011264485 0.011478302
v 0.07825448 -0.011264485 0.016129386
v 0.08179141 -0.011264485 0.01729462
v 0.08565567 -0.011264486 0.021116894
v 0.08790273 -0.011264487 0.027545406
v 0.051417507 -0.011264492 0.0486732
v 0.051417507 -0.0042616366 0.0486732
v 0.04673438 -0.004261636 0.047151554
v 0.04673438 -0.011264491 0.047151554
v 0.04275067 -0.0042616357 0.04425722
v 0.04275067 -0.011264491 0.04425722
v 0.03985635 -0.0042616352 0.040273514
v 0.03985635 -0.011264491 0.040273514
v 0.038564358 -0.004261635 0.036208864
v 0.038564358 -0.01126449 0.036208857
v 0.03838457 -0.004261635 0.034240153
v 0.03838457 -0.009295783 0.03424015
v 0.03833725 -0.0070205163 0.031022502
v 0.03833725 -0.0042616343 0.031022502
v -0.0071999454 -0.0140134925 0.03895786
v 0.026680078 -0.011182867 0.036127232
v -0.0071999547 -0.011182868 0.036127232
v 0.036405344 -0.0140134925 0.03895786
v 0.031398237 -0.0112235285 0.036167897
v 0.033190936 -0.01046147 0.035380434
v 0.038564358 -0.01126449 0.036208857
v 0.034388293 -0.009295783 0.03424015
v 0.03838457 -0.009295783 0.03424015
v 0.03833725 -0.0070205163 0.031022502
v 0.034388293 -0.007108146 0.031018011
v 0.038456306 -0.0067706625 0.027528366
v 0.034388293 -0.006770663 0.027523594
v 0.039431866 -0.006603172 0.024272723
v 0.03554925 -0.0066650254 0.023236874
v 0.041083813 -0.0067062536 0.02147263
v 0.037753496 -0.0067276326 0.01934781
v 0.04315734 -0.006755653 0.019160312
v 0.040404376 -0.0067582577 0.01633373
v 0.04565309 -0.0067715375 0.017303351
v 0.043621924 -0.006770082 0.013921402
v 0.04822009 -0.0067736325 0.016044844
v 0.046898987 -0.0067721363 0.012317127
v 0.050987095 -0.0067706606 0.015383691
v 0.05043357 -0.00677066 0.0114783
v 0.0739446 -0.00677066 0.0114783
v 0.07397263 -0.0067706606 0.015383691
v 0.09065173 -0.014013488 0.0041200663
v 0.087902725 -0.011264483 0.0041200663
v 0.08790273 -0.011264485 0.011478297
v 0.08790273 -0.011264487 0.027545406
v 0.090651736 -0.014013491 0.024801385
v 0.08790273 -0.011264488 0.03424015
v 0.090651736 -0.0140134925 0.034565523
v 0.08630849 -0.01126449 0.040880583
v 0.08885389 -0.014013494 0.04205404
v 0.08361862 -0.01126449 0.04458287
v 0.0855867 -0.014013494 0.04655094
v 0.079916336 -0.01126449 0.047272738
v 0.081179924 -0.014013495 0.049752653
v 0.07556405 -0.011264491 0.048686884
v 0.07599869 -0.014013495 0.051436137
v 0.051417507 -0.011264492 0.0486732
v 0.05098135 -0.014013495 0.051421955
v 0.04673438 -0.011264491 0.047151554
v 0.04547079 -0.014013495 0.04963146
v 0.04275067 -0.011264491 0.04425722
v 0.040782604 -0.014013494 0.04622528
v 0.03985635 -0.011264491 0.040273514
v 0.037314013 -0.014013494 0.04145118
v 0.038564358 -0.01126449 0.036208857
v 0.036405344 -0.0140134925 0.03895786
v 0.07397263 -0.0067706606 0.015383691
v 0.07825448 -0.011264485 0.016129386
v 0.07825448 -0.011264485 0.011478302
v 0.0739446 -0.00677066 0.0114783
v -0.0049609086 -0.016369147 0.031316973
v -0.03534688 -0.012337817 -0.025665225
v -0.0071999547 -0.011182868 0.036127232
v -0.031426143 -0.018234434 -0.027278613
v -0.037496872 -0.012495846 -0.033016738
v -0.025148707 -0.020554665 -0.030099172
v 0.0011772346 -0.018928519 0.028373387
v -0.033223074 -0.018410843 -0.03337514
v -0.03717867 -0.012680445 -0.041605864
v 0.0028296756 -0.020827135 -0.038272694
v 0.0137209315 -0.018611915 0.02788149
v -0.026330423 -0.020691209 -0.034195155
v 0.009727249 -0.01858702 -0.03946534
v 0.021106128 -0.016297271 0.029697388
v 0.0012781238 -0.020977773 -0.042791255
v 0.021361208 -0.011798424 0.0041155266
v 0.026680078 -0.011182867 0.036127232
v 0.013972874 -0.01265348 -0.040351305
v 0.0112081235 -0.012828556 -0.04849844
v 0.0074439906 -0.018782927 -0.04623952
v 0.0058753393 -0.01297382 -0.05525935
v -0.0016909408 -0.021102484 -0.04653231
v 0.0030194854 -0.018945675 -0.0518686
v -0.001415205 -0.013072457 -0.0598505
v -0.026135463 -0.020850362 -0.03896923
v -0.0030413151 -0.019056281 -0.055695124
v -0.011101942 -0.01311372 -0.06177124
v -0.00573616 -0.021187024 -0.04906823
v -0.032974422 -0.018617172 -0.040507864
v -0.011101942 -0.019102577 -0.057296894
v -0.02082796 -0.013082296 -0.06030836
v -0.024359092 -0.0209982 -0.043404058
v -0.030352669 -0.018809553 -0.047160324
v -0.03400747 -0.0128523335 -0.04960496
v -0.028340768 -0.012991663 -0.056089684
v -0.011101942 -0.021222353 -0.050128028
v -0.021206196 -0.021117782 -0.04699123
v -0.025649318 -0.018965675 -0.052560415
v -0.01703907 -0.021195445 -0.049320918
v -0.019402523 -0.019067317 -0.0560769
v -0.0071999547 -0.011182868 0.036127232
v 0.026680078 -0.011182867 0.036127232
v 0.021106128 -0.016297271 0.029697388
v -0.0049609086 -0.016369147 0.031316973
v 0.0137209315 -0.018611915 0.02788149
v 0.0011772346 -0.018928519 0.028373387
v 0.07556405 -0.011264491 0.048686884
v 0.051417507 -0.0042616366 0.0486732
v 0.051417507 -0.011264492 0.0486732
v 0.06411914 -0.004261637 0.048680037
v 0.07556405 0.011264467 0.048686884
v 0.06411914 0.0042616148 0.048680037
v 0.051417507 0.011264469 0.0486732
v 0.051417507 0.004261614 0.0486732
v 0.079916336 0.011264469 0.047272738
v 0.079916336 -0.01126449 0.047272738
v 0.08361862 -0.01126449 0.04458287
v 0.08361862 0.011264469 0.04458287
v 0.08630849 0.011264469 0.040880583
v 0.08630849 -0.01126449 0.040880583
v 0.08790273 0.0112644695 0.034240153
v 0.08790273 -0.011264488 0.03424015
v 0.08790273 -0.011264487 0.027545406
v 0.08790273 0.01126447 0.027545411
v 0.08565567 -0.011264486 0.021116894
v 0.08565567 0.011264471 0.021116897
v 0.08179141 0.011264473 0.017294623
v 0.08179141 -0.011264485 0.01729462
v 0.07825448 0.011264473 0.016129391
v 0.07825448 -0.011264485 0.016129386
v 0.07397263 -0.0067706606 0.015383691
v 0.07397263 0.0067706513 0.015383692
v 0.050987095 -0.0067706606 0.015383691
v 0.050987095 0.0067706513 0.015383692
v 0.04822009 0.0067736227 0.016044846
v 0.04822009 -0.0067736325 0.016044844
v 0.04565309 0.0067715263 0.017303353
v 0.04565309 -0.0067715375 0.017303351
v 0.04315734 -0.006755653 0.019160312
v 0.04315734 0.0067556407 0.019160314
v 0.041083813 -0.0067062536 0.02147263
v 0.041083813 0.006706241 0.02147263
v 0.039431866 -0.006603172 0.024272723
v 0.039431866 0.006603158 0.024272723
v 0.038456306 -0.0067706625 0.027528366
v 0.038456306 0.0067706476 0.027528366
v 0.03833725 0.0042616175 0.031022502
v 0.03833725 0.007020501 0.031022502
v 0.03833725 -0.0042616343 0.031022502
v 0.03833725 -0.0070205163 0.031022502
v 0.06411914 -0.004261637 0.048680037
v 0.064109385 -0.004125007 0.051430777
v 0.047938503 -0.0042616376 0.051653266
v 0.051417507 -0.0042616366 0.0486732
v 0.03924936 -0.0042616376 0.051618833
v 0.04673438 -0.004261636 0.047151554
v 0.04275067 -0.0042616357 0.04425722
v 0.035426166 -0.0042616376 0.051532295
v 0.03985635 -0.0042616352 0.040273514
v 0.038564358 -0.004261635 0.036208864
v 0.0334813 -0.004261638 0.051508732
v 0.035509177 -0.0042616352 0.036813393
v 0.030344848 -0.0042616352 0.036924414
v 0.03838457 -0.004261635 0.034240153
v 0.03833725 -0.0042616343 0.031022502
v 0.15887955 -0.011734173 0.0041422914
v 0.13223365 -0.013992584 0.0041200663
v 0.157117 -0.013992584 0.0041200663
v 0.13392916 -0.011734172 0.0041422914
v 0.091647595 -0.011734164 0.0041422914
v 0.09065173 -0.014013488 0.0041200663
v 0.087902725 -0.011264483 0.0041200663
v 0.12304593 -0.017099392 0.11677341
v 0.12823379 -0.017099392 0.11677335
v 0.12823379 -0.017099388 0.09346334
v 0.12304592 -0.017099388 0.093463324
v 0.12281842 -0.008643218 0.11662553
v 0.12823379 -0.017099392 0.11677335
v 0.12304593 -0.017099392 0.11677341
v 0.13054538 -0.015199946 0.11677337
v 0.13331841 -0.013993932 0.11677021
v 0.15419507 -0.008645808 0.11676746
v 0.15711702 -0.013992603 0.116774425
v 0.13331841 -0.013993932 0.11677021
v 0.13331841 -0.013993226 0.09346334
v 0.13054538 -0.015199941 0.09346334
v 0.13054538 -0.015199946 0.11677337
v 0.12823379 -0.017099388 0.09346334
v 0.12823379 -0.017099392 0.11677335
v 0.12304593 -0.017099394 0.123062246
v 0.1122568 -0.017099394 0.123062246
v 0.1122568 -0.008645815 0.123062246
v 0.12281841 -0.008645815 0.123062246
v 0.12304592 -0.017099388 0.093463324
v 0.10138775 -0.018552938 0.093463324
v 0.12304592 -0.018552938 0.093463324
v 0.10138775 -0.017099388 0.093463324
v 0.08117802 -0.014018204 0.09346334
v 0.081177995 -0.01709939 0.09346334
v 0.13054538 -0.015199941 0.09346334
v 0.13331841 -0.013993226 0.09346334
v 0.12823379 -0.017099388 0.09346334
v 0.1122568 -0.018552942 0.11649808
v 0.1122568 -0.017099392 0.11649841
v 0.12304593 -0.017099392 0.11677341
v 0.123045936 -0.018552942 0.11677334
v 0.12304593 -0.017099392 0.11677341
v 0.12304592 -0.017099388 0.093463324
v 0.12304592 -0.018552938 0.093463324
v 0.123045936 -0.018552942 0.11677334
v 0.1122568 -0.017099394 0.12601957
v 0.086761385 -0.017099394 0.12601894
v 0.08678802 -0.008645813 0.12601894
v 0.1122568 -0.008645815 0.12601957
v 0.10138775 -0.01709939 0.10505041
v 0.10138775 -0.01855294 0.10505041
v 0.10138775 -0.018552938 0.093463324
v 0.10138775 -0.017099388 0.093463324
v 0.11224553 -0.018552942 0.11414407
v 0.1122568 -0.018552942 0.11649808
v 0.123045936 -0.018552942 0.11677334
v 0.111974716 -0.01855294 0.11176685
v 0.12304592 -0.018552938 0.093463324
v 0.11099962 -0.01855294 0.10929582
v 0.109516904 -0.01855294 0.10731903
v 0.10740694 -0.01855294 0.105950505
v 0.10455565 -0.01855294 0.10505041
v 0.10138775 -0.018552938 0.093463324
v 0.10138775 -0.01855294 0.10505041
v 0.1122568 -0.018552942 0.11649808
v 0.11224553 -0.017099392 0.11414407
v 0.1122568 -0.017099392 0.11649841
v 0.11224553 -0.018552942 0.11414407
v 0.111974716 -0.017099392 0.11176685
v 0.111974716 -0.01855294 0.11176685
v 0.11099962 -0.017099392 0.10929582
v 0.11099962 -0.01855294 0.10929582
v 0.109516904 -0.017099392 0.10731903
v 0.109516904 -0.01855294 0.10731903
v 0.10740694 -0.01709939 0.105950505
v 0.10740694 -0.01855294 0.105950505
v 0.10455565 -0.01709939 0.10505041
v 0.10455565 -0.01855294 0.10505041
v 0.10138775 -0.01709939 0.10505041
v 0.10138775 -0.01855294 0.10505041
v 0.081177995 -0.017099394 0.12306162
v 0.081177995 -0.008645811 0.12306162
v 0.08678802 -0.008645813 0.123061635
v 0.086761385 -0.017099394 0.123061635
v 0.10144165 -0.008623753 0.1168355
v 0.12281842 -0.008643218 0.11662553
v 0.12281841 -0.008645815 0.123062246
v 0.1122568 -0.008645815 0.123062246
v 0.08678802 -0.008645813 0.123061635
v 0.1122568 -0.008645815 0.12601957
v 0.08678802 -0.008645813 0.12601894
v 0.09220379 -0.008653596 0.11674682
v 0.081177995 -0.008645811 0.12306162
v 0.081177995 -0.008645809 0.11649808
v 0.12281842 -0.008643218 0.11662553
v 0.12304593 -0.017099392 0.11677341
v 0.12304593 -0.017099394 0.123062246
v 0.12281841 -0.008645815 0.123062246
v 0.12304593 -0.017099392 0.11677341
v 0.1122568 -0.017099394 0.123062246
v 0.12304593 -0.017099394 0.123062246
v 0.1122568 -0.017099392 0.11649841
v 0.086761385 -0.017099394 0.123061635
v 0.11224553 -0.017099392 0.11414407
v 0.111974716 -0.017099392 0.11176685
v 0.11099962 -0.017099392 0.10929582
v 0.109516904 -0.017099392 0.10731903
v 0.10740694 -0.01709939 0.105950505
v 0.10455565 -0.01709939 0.10505041
v 0.10138775 -0.01709939 0.10505041
v 0.086761385 -0.017099394 0.12601894
v 0.1122568 -0.017099394 0.12601957
v 0.081177995 -0.017099394 0.12306162
v 0.081177995 -0.01709939 0.09346334
v 0.10138775 -0.017099388 0.093463324
v 0.1122568 -0.008645815 0.123062246
v 0.1122568 -0.017099394 0.123062246
v 0.1122568 -0.017099394 0.12601957
v 0.1122568 -0.008645815 0.12601957
v 0.086761385 -0.017099394 0.123061635
v 0.08678802 -0.008645813 0.123061635
v 0.08678802 -0.008645813 0.12601894
v 0.086761385 -0.017099394 0.12601894
v 0.17910953 -0.013353073 0.116775416
v 0.17910953 -0.01855807 0.09346334
v 0.17910953 -0.01855807 0.116775416
v 0.17910953 -0.016319863 0.09346334
v 0.17910953 -0.013353072 0.09346334
v 0.17910953 -0.016319865 0.08527054
v 0.17910953 -0.01121101 0.08527055
v 0.17910953 -0.01121101 0.09346334
v 0.157117 -0.018558074 0.09346334
v 0.157117 -0.016319865 0.105050445
v 0.157117 -0.018558072 0.105050445
v 0.157117 -0.016319865 0.09346334
v 0.15711702 -0.013992603 0.116774425
v 0.15711702 -0.016319863 0.11677543
v 0.157117 -0.013993925 0.08527054
v 0.157117 -0.016319865 0.08527054
v 0.16785383 -0.018558074 0.11677541
v 0.16785383 -0.016319863 0.11375428
v 0.16785383 -0.016319863 0.116775416
v 0.16785383 -0.01855807 0.11375428
v 0.16720852 -0.016319862 0.110297576
v 0.16720852 -0.018558068 0.110297576
v 0.16555895 -0.016319865 0.10806579
v 0.16555892 -0.018558072 0.10806579
v 0.16332716 -0.018558072 0.106416225
v 0.16332716 -0.016319865 0.106416225
v 0.16051319 -0.016319865 0.10505044
v 0.16051319 -0.018558072 0.10505044
v 0.157117 -0.016319865 0.105050445
v 0.157117 -0.018558072 0.105050445
v 0.16785383 -0.016319863 0.116775416
v 0.16785383 -0.016319863 0.11375428
v 0.15711702 -0.016319863 0.11677543
v 0.16720852 -0.016319862 0.110297576
v 0.16555895 -0.016319865 0.10806579
v 0.16332716 -0.016319865 0.106416225
v 0.16051319 -0.016319865 0.10505044
v 0.157117 -0.016319865 0.105050445
v 0.157117 -0.018558074 0.09346334
v 0.17910953 -0.01855807 0.09346334
v 0.17910953 -0.016319863 0.09346334
v 0.157117 -0.016319865 0.09346334
v 0.157117 -0.016319865 0.09346334
v 0.17910953 -0.016319863 0.09346334
v 0.17910953 -0.016319865 0.08527054
v 0.157117 -0.016319865 0.08527054
v 0.16051319 -0.018558072 0.10505044
v 0.157117 -0.018558074 0.09346334
v 0.157117 -0.018558072 0.105050445
v 0.16332716 -0.018558072 0.106416225
v 0.17910953 -0.01855807 0.09346334
v 0.16555892 -0.018558072 0.10806579
v 0.16720852 -0.018558068 0.110297576
v 0.16785383 -0.01855807 0.11375428
v 0.17910953 -0.01855807 0.116775416
v 0.16785383 -0.018558074 0.11677541
v 0.15898268 -0.011211016 0.09346334
v 0.1589555 -0.011353061 0.08527054
v 0.17910953 -0.01121101 0.08527055
v 0.17910953 -0.01121101 0.09346334
v 0.17910953 -0.01121101 0.08527055
v 0.1589555 -0.011353061 0.08527054
v 0.17910953 -0.016319865 0.08527054
v 0.157117 -0.013993925 0.08527054
v 0.157117 -0.016319865 0.08527054
v 0.16581844 -0.0142632555 -0.0064835665
v 0.13892147 -0.014263232 -0.0007519984
v 0.16582905 -0.014263248 -0.0007519984
v 0.11755746 -0.014263231 -0.008965283
v 0.13346261 -0.014263222 0.0019676376
v 0.08629958 -0.014263196 0.0019676376
v 0.08629958 -0.014263209 -0.008965283
v 0.15887955 -0.011734173 0.0041422914
v 0.15887955 -0.011734175 0.0014448714
v 0.13925453 -0.011734172 0.0014448714
v 0.13392916 -0.011734172 0.0041422914
v 0.16582905 -0.014263248 -0.0007519984
v 0.13925453 -0.011734172 0.0014448714
v 0.15887955 -0.011734175 0.0014448714
v 0.13892147 -0.014263232 -0.0007519984
v 0.13346261 -0.014263222 0.0019676376
v 0.13392916 -0.011734172 0.0041422914
v 0.08629958 -0.014263196 0.0019676376
v 0.091647595 -0.011734164 0.0041422914
v 0.12115157 -0.022367677 0.037957955
v 0.122880645 -0.020638594 0.039687037
v 0.122880645 -0.020638589 0.010591649
v 0.12115157 -0.022367673 0.012320734
v 0.09551435 -0.022367677 0.037957948
v 0.09378526 -0.020638594 0.039687034
v 0.122880645 -0.020638594 0.039687037
v 0.12115157 -0.022367677 0.037957955
v 0.12115157 -0.022367673 0.012320734
v 0.122880645 -0.020638589 0.010591649
v 0.09378526 -0.020638589 0.010591645
v 0.09551435 -0.022367673 0.012320729
v 0.12294841 -0.01911541 0.039687037
v 0.122880645 -0.020638589 0.010591649
v 0.122880645 -0.020638594 0.039687037
v 0.12294841 -0.019115405 0.010591649
v 0.12421221 -0.016412996 0.039687037
v 0.12421223 -0.01641299 0.010591652
v 0.12668365 -0.014741996 0.039687037
v 0.12668367 -0.014741992 0.010591652
v 0.12838441 -0.013992584 0.03968704
v 0.12838441 -0.01399258 0.010591652
v 0.09378526 -0.020638594 0.039687034
v 0.09551435 -0.022367677 0.037957948
v 0.09551435 -0.022367673 0.012320729
v 0.09378526 -0.020638589 0.010591645
v 0.122880645 -0.016760815 0.039687037
v 0.09378526 -0.01400121 0.041839227
v 0.12288064 -0.013996282 0.041839235
v 0.09378526 -0.016760813 0.039687034
v 0.12294841 -0.01911541 0.039687037
v 0.09378526 -0.020638594 0.039687034
v 0.122880645 -0.020638594 0.039687037
v 0.12294841 -0.019115405 0.010591649
v 0.09378526 -0.020638589 0.010591645
v 0.122880645 -0.020638589 0.010591649
v 0.09378526 -0.016760807 0.010591648
v 0.122880645 -0.01676081 0.010591652
v 0.09378526 -0.01400221 0.007391984
v 0.122880645 -0.013997215 0.007391989
v 0.122880645 -0.016760815 0.039687037
v 0.12421221 -0.016412996 0.039687037
v 0.12294841 -0.01911541 0.039687037
v 0.122880645 -0.013994362 0.03968704
v 0.12668365 -0.014741996 0.039687037
v 0.12838441 -0.013992584 0.03968704
v 0.09378526 -0.016760807 0.010591648
v 0.09378526 -0.020638594 0.039687034
v 0.09378526 -0.020638589 0.010591645
v 0.09378526 -0.016760813 0.039687034
v 0.09378526 -0.01400221 0.007391984
v 0.09378526 -0.01400121 0.041839227
v 0.12294841 -0.019115405 0.010591649
v 0.12421223 -0.01641299 0.010591652
v 0.122880645 -0.01676081 0.010591652
v 0.122880645 -0.013993849 0.010591652
v 0.12668367 -0.014741992 0.010591652
v 0.12838441 -0.01399258 0.010591652
v 0.12882012 -0.01399258 0.012058041
v 0.1288244 -0.013992583 0.038129743
v 0.12882443 -0.01552785 0.038129743
v 0.12882443 -0.016216233 0.029623415
v 0.12882443 -0.019476842 0.025093218
v 0.12882441 -0.01947684 0.012056689
v 0.15349564 -0.013992587 0.038133897
v 0.12882443 -0.01552785 0.038129743
v 0.1288244 -0.013992583 0.038129743
v 0.13687424 -0.016216232 0.03812975
v 0.14116131 -0.019476842 0.038129747
v 0.1534982 -0.019476837 0.03812975
v 0.15349564 -0.013992587 0.038133897
v 0.15349822 -0.013992583 0.012056682
v 0.1534982 -0.019476837 0.012056689
v 0.1534982 -0.019476837 0.03812975
v 0.14116131 -0.019476842 0.038129747
v 0.1534982 -0.019476837 0.03812975
v 0.14114405 -0.019476846 0.035407104
v 0.14057459 -0.019476842 0.032123033
v 0.1534982 -0.019476837 0.012056689
v 0.13881157 -0.019476842 0.028753946
v 0.13571823 -0.019476842 0.026303874
v 0.13184606 -0.019476848 0.02514322
v 0.12882441 -0.01947684 0.012056689
v 0.12882443 -0.019476842 0.025093218
v 0.13687424 -0.016216232 0.03812975
v 0.14116131 -0.019476842 0.038129747
v 0.14114405 -0.019476846 0.035407104
v 0.13686298 -0.016216232 0.03635322
v 0.14057459 -0.019476842 0.032123033
v 0.12882443 -0.01552785 0.038129743
v 0.1364914 -0.01621623 0.034210365
v 0.13881157 -0.019476842 0.028753946
v 0.13534102 -0.01621623 0.032012038
v 0.13332263 -0.01621623 0.030413372
v 0.13571823 -0.019476842 0.026303874
v 0.13079605 -0.016216233 0.029656036
v 0.12882443 -0.016216233 0.029623415
v 0.13184606 -0.019476848 0.02514322
v 0.12882443 -0.019476842 0.025093218
v 0.12882012 -0.01399258 0.012058041
v 0.12882441 -0.01947684 0.012056689
v 0.1534982 -0.019476837 0.012056689
v 0.15349822 -0.013992583 0.012056682
v 0.09551435 -0.022367677 0.037957948
v 0.12115157 -0.022367677 0.037957955
v 0.12115157 -0.022367673 0.012320734
v 0.09551435 -0.022367673 0.012320729
v 0.12115157 -0.022367682 0.07609694
v 0.122880645 -0.020638598 0.077826016
v 0.122880645 -0.020638594 0.048730634
v 0.12115157 -0.022367677 0.050459716
v 0.09551435 -0.022367682 0.07609693
v 0.09378526 -0.020638598 0.077826016
v 0.122880645 -0.020638598 0.077826016
v 0.12115157 -0.022367682 0.07609694
v 0.12115157 -0.022367677 0.050459716
v 0.122880645 -0.020638594 0.048730634
v 0.09378526 -0.020638594 0.048730627
v 0.09551435 -0.022367677 0.050459713
v 0.12294841 -0.019115418 0.077826016
v 0.122880645 -0.020638594 0.048730634
v 0.122880645 -0.020638598 0.077826016
v 0.12294841 -0.019115413 0.048730634
v 0.12421221 -0.016413003 0.077826016
v 0.12421223 -0.016412998 0.048730634
v 0.12668365 -0.014742004 0.077826016
v 0.12668367 -0.014741998 0.048730634
v 0.12831016 -0.013993252 0.07782603
v 0.12838441 -0.013992587 0.048730638
v 0.09378526 -0.020638598 0.077826016
v 0.09551435 -0.022367682 0.07609693
v 0.09551435 -0.022367677 0.050459713
v 0.09378526 -0.020638594 0.048730627
v 0.122880645 -0.016760822 0.077826016
v 0.09378526 -0.01399375 0.079978205
v 0.12288064 -0.013993231 0.07997823
v 0.09378526 -0.01676082 0.077826016
v 0.12294841 -0.019115418 0.077826016
v 0.09378526 -0.020638598 0.077826016
v 0.122880645 -0.020638598 0.077826016
v 0.12294841 -0.019115413 0.048730634
v 0.09378526 -0.020638594 0.048730627
v 0.122880645 -0.020638594 0.048730634
v 0.09378526 -0.016760815 0.048730627
v 0.122880645 -0.016760817 0.048730634
v 0.09378526 -0.014000041 0.045530967
v 0.122880645 -0.013995737 0.045530975
v 0.122880645 -0.016760822 0.077826016
v 0.12421221 -0.016413003 0.077826016
v 0.12294841 -0.019115418 0.077826016
v 0.122880645 -0.013992813 0.07782603
v 0.12668365 -0.014742004 0.077826016
v 0.12831016 -0.013993252 0.07782603
v 0.09378526 -0.016760815 0.048730627
v 0.09378526 -0.020638598 0.077826016
v 0.09378526 -0.020638594 0.048730627
v 0.09378526 -0.01676082 0.077826016
v 0.09378526 -0.014000041 0.045530967
v 0.09378526 -0.01399375 0.079978205
v 0.12294841 -0.019115413 0.048730634
v 0.12421223 -0.016412998 0.048730634
v 0.122880645 -0.016760817 0.048730634
v 0.122880645 -0.013993976 0.048730638
v 0.12668367 -0.014741998 0.048730634
v 0.12838441 -0.013992587 0.048730638
v 0.12882012 -0.013992586 0.050197028
v 0.1288244 -0.013992589 0.076268725
v 0.12882443 -0.015527856 0.076268725
v 0.12882443 -0.016216239 0.0677624
v 0.12882443 -0.019476848 0.0632322
v 0.12882441 -0.019476846 0.050195675
v 0.15349564 -0.013992593 0.07627289
v 0.12882443 -0.015527856 0.076268725
v 0.1288244 -0.013992589 0.076268725
v 0.13687424 -0.016216237 0.07626873
v 0.14116131 -0.019476848 0.07626873
v 0.1534982 -0.019476842 0.07626873
v 0.15349564 -0.013992593 0.07627289
v 0.15349822 -0.013992589 0.050195664
v 0.1534982 -0.019476842 0.050195675
v 0.1534982 -0.019476842 0.07626873
v 0.14116131 -0.019476848 0.07626873
v 0.1534982 -0.019476842 0.07626873
v 0.14114405 -0.019476851 0.07354609
v 0.14057459 -0.01947685 0.070262015
v 0.1534982 -0.019476842 0.050195675
v 0.13881157 -0.019476848 0.06689292
v 0.13571823 -0.019476848 0.06444286
v 0.13184606 -0.019476855 0.0632822
v 0.12882441 -0.019476846 0.050195675
v 0.12882443 -0.019476848 0.0632322
v 0.13687424 -0.016216237 0.07626873
v 0.14116131 -0.019476848 0.07626873
v 0.14114405 -0.019476851 0.07354609
v 0.13686298 -0.016216237 0.074492194
v 0.14057459 -0.01947685 0.070262015
v 0.12882443 -0.015527856 0.076268725
v 0.1364914 -0.016216235 0.07234935
v 0.13881157 -0.019476848 0.06689292
v 0.13534102 -0.016216235 0.070151016
v 0.13332263 -0.016216235 0.06855235
v 0.13571823 -0.019476848 0.06444286
v 0.13079605 -0.016216239 0.067795016
v 0.12882443 -0.016216239 0.0677624
v 0.13184606 -0.019476855 0.0632822
v 0.12882443 -0.019476848 0.0632322
v 0.12882012 -0.013992586 0.050197028
v 0.12882441 -0.019476846 0.050195675
v 0.1534982 -0.019476842 0.050195675
v 0.15349822 -0.013992589 0.050195664
v 0.09551435 -0.022367682 0.07609693
v 0.12115157 -0.022367682 0.07609694
v 0.12115157 -0.022367677 0.050459716
v 0.09551435 -0.022367677 0.050459713
v 0.02333391 0.014013463 0.093463324
v 0.02333391 0.0140134655 0.08166474
v 0.08117802 0.014018166 0.09346334
v 0.05098135 0.01401347 0.051421955
v 0.07599869 0.01401347 0.051436137
v 0.04547079 0.01401347 0.04963146
v 0.081179924 0.01401347 0.049752653
v -0.0071999454 0.014013473 0.038957864
v 0.040782604 0.014013471 0.04622528
v 0.0029345893 0.0140134655 0.08166474
v -0.0071999454 0.014013471 0.04267657
v 0.037314013 0.014013471 0.04145118
v 0.036405344 0.014013473 0.038957864
v 0.09378526 0.013993716 0.079978205
v 0.0855867 0.014013471 0.04655094
v 0.08885389 0.014013471 0.04205404
v 0.12288064 0.013993196 0.07997823
v 0.09378526 0.01400002 0.045530967
v 0.13331841 0.013993188 0.09346334
v 0.09378526 0.014001189 0.041839227
v 0.090651736 0.014013473 0.03456553
v 0.122880645 0.013995713 0.045530975
v 0.09378526 0.014002201 0.007391989
v 0.09065173 0.014013478 0.004120071
v 0.122880645 0.0139972055 0.007391994
v 0.12288064 0.013996258 0.041839235
v 0.157117 0.013992573 0.004120071
v 0.12838441 0.013992565 0.039687045
v 0.122880645 0.013994343 0.039687045
v 0.12838441 0.013992569 0.010591657
v 0.122880645 0.01399384 0.010591657
v 0.12838441 0.013992562 0.048730638
v 0.122880645 0.013993952 0.048730638
v 0.15349822 0.013992571 0.012056687
v 0.157117 0.013992567 0.044153675
v 0.12882012 0.013992568 0.012058046
v 0.1288244 0.013992565 0.038129747
v 0.15349564 0.013992568 0.0381339
v 0.15349822 0.013992566 0.050195664
v 0.157117 0.013993887 0.08527054
v 0.12882012 0.013992562 0.050197028
v 0.1288244 0.013992558 0.076268725
v 0.12831016 0.013993217 0.07782603
v 0.15349564 0.013992562 0.07627289
v 0.15711702 0.0139925545 0.116774425
v 0.13331841 0.013993886 0.11677021
v 0.122880645 0.013992779 0.07782603
v 0.07825448 0.011264473 0.016129391
v 0.07825448 0.011264473 0.011478307
v 0.08790273 0.011264473 0.011478302
v 0.08179141 0.011264473 0.017294623
v 0.08565567 0.011264471 0.021116897
v 0.08790273 0.01126447 0.027545411
v 0.051417507 0.011264469 0.0486732
v 0.04673438 0.0042616143 0.047151554
v 0.051417507 0.004261614 0.0486732
v 0.04673438 0.0112644695 0.047151554
v 0.04275067 0.0042616148 0.04425722
v 0.04275067 0.0112644695 0.04425722
v 0.03985635 0.0042616157 0.040273514
v 0.03985635 0.0112644695 0.040273514
v 0.038564358 0.004261616 0.036208864
v 0.038564358 0.01126447 0.036208864
v 0.03838457 0.004261617 0.034240153
v 0.03838457 0.009295766 0.034240153
v 0.03833725 0.007020501 0.031022502
v 0.03833725 0.0042616175 0.031022502
v -0.0071999454 0.014013473 0.038957864
v -0.0071999547 0.011182848 0.036127236
v 0.026680078 0.011182848 0.036127236
v 0.036405344 0.014013473 0.038957864
v 0.031398237 0.011223508 0.0361679
v 0.033190936 0.010461451 0.035380438
v 0.038564358 0.01126447 0.036208864
v 0.034388293 0.009295766 0.034240153
v 0.03838457 0.009295766 0.034240153
v 0.03833725 0.007020501 0.031022502
v 0.034388293 0.0071081305 0.031018011
v 0.038456306 0.0067706476 0.027528366
v 0.034388293 0.006770649 0.027523594
v 0.039431866 0.006603158 0.024272723
v 0.03554925 0.006665013 0.023236874
v 0.041083813 0.006706241 0.02147263
v 0.037753496 0.0067276214 0.019347811
v 0.04315734 0.0067556407 0.019160314
v 0.040404376 0.006758247 0.016333733
v 0.04565309 0.0067715263 0.017303353
v 0.043621924 0.006770072 0.013921405
v 0.04822009 0.0067736227 0.016044846
v 0.046898987 0.006772127 0.012317129
v 0.050987095 0.0067706513 0.015383692
v 0.05043357 0.006770652 0.0114783
v 0.0739446 0.006770652 0.0114783
v 0.07397263 0.0067706513 0.015383692
v 0.09065173 0.014013478 0.004120071
v 0.08790273 0.011264473 0.011478302
v 0.087902725 0.011264474 0.004120071
v 0.08790273 0.01126447 0.027545411
v 0.090651736 0.014013473 0.03456553
v 0.08790273 0.0112644695 0.034240153
v 0.08630849 0.011264469 0.040880583
v 0.08885389 0.014013471 0.04205404
v 0.08361862 0.011264469 0.04458287
v 0.0855867 0.014013471 0.04655094
v 0.079916336 0.011264469 0.047272738
v 0.081179924 0.01401347 0.049752653
v 0.07556405 0.011264467 0.048686884
v 0.07599869 0.01401347 0.051436137
v 0.051417507 0.011264469 0.0486732
v 0.05098135 0.01401347 0.051421955
v 0.04673438 0.0112644695 0.047151554
v 0.04547079 0.01401347 0.04963146
v 0.04275067 0.0112644695 0.04425722
v 0.040782604 0.014013471 0.04622528
v 0.03985635 0.0112644695 0.040273514
v 0.037314013 0.014013471 0.04145118
v 0.038564358 0.01126447 0.036208864
v 0.036405344 0.014013473 0.038957864
v 0.07825448 0.011264473 0.011478307
v 0.07825448 0.011264473 0.016129391
v 0.07397263 0.0067706513 0.015383692
v 0.0739446 0.006770652 0.0114783
v -0.0049609086 0.016369132 0.031316977
v -0.0071999547 0.011182848 0.036127236
v -0.03534688 0.012337818 -0.025665225
v -0.031426143 0.018234435 -0.027278613
v -0.037496872 0.01249585 -0.033016738
v -0.025148707 0.020554665 -0.030099172
v 0.0011772346 0.018928502 0.02837339
v -0.033223074 0.018410847 -0.03337514
v -0.03717867 0.012680451 -0.041605864
v 0.0028296756 0.02082715 -0.038272694
v 0.0137209315 0.018611899 0.027881496
v 0.009727249 0.018587025 -0.03946534
v 0.021106128 0.016297255 0.029697394
v -0.026330423 0.020691212 -0.034195155
v 0.0012781238 0.020977782 -0.042791247
v -0.032974422 0.01861718 -0.040507853
v -0.03400747 0.012852343 -0.04960496
v 0.02112132 0.011826177 0.0026717447
v 0.026680078 0.011182848 0.036127236
v 0.013972874 0.012653488 -0.040351305
v 0.0112081235 0.012828565 -0.04849844
v 0.0074439906 0.018782934 -0.046239514
v 0.0058753393 0.012973832 -0.05525935
v -0.0016909408 0.021102495 -0.0465323
v -0.026135463 0.020850368 -0.03896923
v 0.0030194854 0.018945685 -0.05186858
v -0.001415205 0.013072469 -0.0598505
v -0.00573616 0.021187034 -0.049068213
v -0.0030413151 0.019056294 -0.0556951
v -0.011101942 0.01311373 -0.06177124
v -0.024359092 0.02099821 -0.04340405
v -0.011101942 0.01910259 -0.057296894
v -0.02082796 0.013082305 -0.06030836
v -0.030352669 0.01880956 -0.047160316
v -0.028340768 0.012991675 -0.056089684
v -0.021206196 0.021117797 -0.046991218
v -0.011101942 0.021222362 -0.050128028
v -0.025649318 0.018965686 -0.052560415
v -0.01703907 0.021195455 -0.049320918
v -0.019402523 0.019067328 -0.056076877
v 0.021106128 0.016297255 0.029697394
v 0.026680078 0.011182848 0.036127236
v -0.0071999547 0.011182848 0.036127236
v -0.0049609086 0.016369132 0.031316977
v 0.0137209315 0.018611899 0.027881496
v 0.0011772346 0.018928502 0.02837339
v 0.06411914 0.0042616148 0.048680037
v 0.0334813 0.0042616148 0.051508732
v 0.06410452 0.0040567196 0.0513195
v 0.051417507 0.004261614 0.0486732
v 0.04673438 0.0042616143 0.047151554
v 0.04275067 0.0042616148 0.04425722
v 0.03985635 0.0042616157 0.040273514
v 0.038564358 0.004261616 0.036208864
v 0.035509177 0.004261617 0.036813393
v 0.030344848 0.004261617 0.036924414
v 0.03838457 0.004261617 0.034240153
v 0.03833725 0.0042616175 0.031022502
v 0.15887955 0.011734162 0.004142296
v 0.157117 0.013992573 0.004120071
v 0.13392916 0.01173416 0.004142296
v 0.09164759 0.011734162 0.004142296
v 0.09065173 0.014013478 0.004120071
v 0.087902725 0.011264474 0.004120071
v 0.12823379 0.01709935 0.09346334
v 0.12823379 0.017099347 0.11677335
v 0.12304593 0.017099347 0.11677341
v 0.12304592 0.01709935 0.093463324
v 0.12304593 0.017099347 0.11677341
v 0.12823379 0.017099347 0.11677335
v 0.12281842 0.008643175 0.11662553
v 0.13054538 0.0151999 0.11677337
v 0.13331841 0.013993886 0.11677021
v 0.15419507 0.008645764 0.11676746
v 0.15711702 0.0139925545 0.116774425
v 0.13054538 0.0151999025 0.09346334
v 0.13331841 0.013993188 0.09346334
v 0.13331841 0.013993886 0.11677021
v 0.13054538 0.0151999 0.11677337
v 0.12823379 0.01709935 0.09346334
v 0.12823379 0.017099347 0.11677335
v 0.12304593 0.017099345 0.123062246
v 0.12281841 0.008645768 0.123062246
v 0.1122568 0.008645768 0.123062246
v 0.1122568 0.017099345 0.123062246
v 0.12304592 0.01709935 0.093463324
v 0.12304592 0.0185529 0.093463324
v 0.10138775 0.0185529 0.093463324
v 0.10138775 0.01709935 0.093463324
v 0.08117802 0.014018166 0.09346334
v 0.081177995 0.01709935 0.09346334
v 0.13054538 0.0151999025 0.09346334
v 0.12823379 0.01709935 0.09346334
v 0.13331841 0.013993188 0.09346334
v 0.12304593 0.017099347 0.11677341
v 0.1122568 0.017099347 0.11649841
v 0.1122568 0.018552896 0.11649808
v 0.123045936 0.018552896 0.11677334
v 0.12304593 0.017099347 0.11677341
v 0.123045936 0.018552896 0.11677334
v 0.12304592 0.0185529 0.093463324
v 0.12304592 0.01709935 0.093463324
v 0.1122568 0.017099345 0.12601957
v 0.1122568 0.008645768 0.12601957
v 0.08678802 0.008645766 0.12601894
v 0.086761385 0.017099347 0.12601894
v 0.10138775 0.0185529 0.093463324
v 0.10138775 0.0185529 0.10505041
v 0.10138775 0.017099349 0.10505041
v 0.10138775 0.01709935 0.093463324
v 0.11224553 0.018552896 0.11414407
v 0.123045936 0.018552896 0.11677334
v 0.1122568 0.018552896 0.11649808
v 0.111974716 0.018552897 0.11176685
v 0.12304592 0.0185529 0.093463324
v 0.11099962 0.018552897 0.10929582
v 0.109516904 0.018552897 0.10731903
v 0.10740694 0.0185529 0.105950505
v 0.10455565 0.0185529 0.10505041
v 0.10138775 0.0185529 0.093463324
v 0.10138775 0.0185529 0.10505041
v 0.1122568 0.018552896 0.11649808
v 0.1122568 0.017099347 0.11649841
v 0.11224553 0.017099347 0.11414407
v 0.11224553 0.018552896 0.11414407
v 0.111974716 0.017099349 0.11176685
v 0.111974716 0.018552897 0.11176685
v 0.11099962 0.017099349 0.10929582
v 0.11099962 0.018552897 0.10929582
v 0.109516904 0.017099349 0.10731903
v 0.109516904 0.018552897 0.10731903
v 0.10740694 0.017099349 0.105950505
v 0.10740694 0.0185529 0.105950505
v 0.10455565 0.017099349 0.10505041
v 0.10455565 0.0185529 0.10505041
v 0.10138775 0.017099349 0.10505041
v 0.10138775 0.0185529 0.10505041
v 0.08678802 0.008645766 0.123061635
v 0.081177995 0.008645765 0.12306162
v 0.081177995 0.017099347 0.12306162
v 0.086761385 0.017099347 0.123061635
v 0.10144165 0.0086405855 0.11681749
v 0.12281841 0.008645768 0.123062246
v 0.12281842 0.008643175 0.11662553
v 0.1122568 0.008645768 0.123062246
v 0.08678802 0.008645766 0.123061635
v 0.1122568 0.008645768 0.12601957
v 0.08678802 0.008645766 0.12601894
v 0.09209348 0.008659637 0.11679043
v 0.081177995 0.008645765 0.12306162
v 0.081177995 0.0086457655 0.11649808
v 0.12281842 0.008643175 0.11662553
v 0.12281841 0.008645768 0.123062246
v 0.12304593 0.017099345 0.123062246
v 0.12304593 0.017099347 0.11677341
v 0.12304593 0.017099347 0.11677341
v 0.12304593 0.017099345 0.123062246
v 0.1122568 0.017099345 0.123062246
v 0.1122568 0.017099347 0.11649841
v 0.086761385 0.017099347 0.123061635
v 0.11224553 0.017099347 0.11414407
v 0.111974716 0.017099349 0.11176685
v 0.11099962 0.017099349 0.10929582
v 0.109516904 0.017099349 0.10731903
v 0.10740694 0.017099349 0.105950505
v 0.10455565 0.017099349 0.10505041
v 0.10138775 0.017099349 0.10505041
v 0.086761385 0.017099347 0.12601894
v 0.1122568 0.017099345 0.12601957
v 0.081177995 0.017099347 0.12306162
v 0.081177995 0.01709935 0.09346334
v 0.10138775 0.01709935 0.093463324
v 0.1122568 0.008645768 0.123062246
v 0.1122568 0.008645768 0.12601957
v 0.1122568 0.017099345 0.12601957
v 0.1122568 0.017099345 0.123062246
v 0.086761385 0.017099347 0.123061635
v 0.086761385 0.017099347 0.12601894
v 0.08678802 0.008645766 0.12601894
v 0.08678802 0.008645766 0.123061635
v 0.17910953 0.0133530265 0.116775416
v 0.17910953 0.018558025 0.116775416
v 0.17910953 0.018558033 0.09346334
v 0.17910953 0.016319824 0.09346334
v 0.17910953 0.013353034 0.09346334
v 0.17910953 0.016319828 0.08527054
v 0.17910953 0.011210973 0.08527055
v 0.17910953 0.0112109715 0.09346334
v 0.157117 0.018558037 0.09346334
v 0.157117 0.018558031 0.105050445
v 0.157117 0.016319824 0.105050445
v 0.157117 0.016319828 0.09346334
v 0.15711702 0.0139925545 0.116774425
v 0.15711702 0.016319819 0.11677543
v 0.157117 0.013993887 0.08527054
v 0.157117 0.016319828 0.08527054
v 0.16785383 0.01855803 0.11677541
v 0.16785383 0.016319819 0.116775416
v 0.16785383 0.016319819 0.11375428
v 0.16785383 0.018558025 0.11375428
v 0.16720852 0.016319819 0.110297576
v 0.16720852 0.018558027 0.110297576
v 0.16555895 0.016319823 0.10806579
v 0.16555892 0.01855803 0.10806579
v 0.16332716 0.01855803 0.106416225
v 0.16332716 0.016319823 0.106416225
v 0.16051319 0.016319824 0.10505044
v 0.16051319 0.018558031 0.10505044
v 0.157117 0.016319824 0.105050445
v 0.157117 0.018558031 0.105050445
v 0.16785383 0.016319819 0.116775416
v 0.15711702 0.016319819 0.11677543
v 0.16785383 0.016319819 0.11375428
v 0.16720852 0.016319819 0.110297576
v 0.16555895 0.016319823 0.10806579
v 0.16332716 0.016319823 0.106416225
v 0.16051319 0.016319824 0.10505044
v 0.157117 0.016319824 0.105050445
v 0.157117 0.018558037 0.09346334
v 0.157117 0.016319828 0.09346334
v 0.17910953 0.016319824 0.09346334
v 0.17910953 0.018558033 0.09346334
v 0.157117 0.016319828 0.09346334
v 0.157117 0.016319828 0.08527054
v 0.17910953 0.016319828 0.08527054
v 0.17910953 0.016319824 0.09346334
v 0.16051319 0.018558031 0.10505044
v 0.157117 0.018558031 0.105050445
v 0.157117 0.018558037 0.09346334
v 0.16332716 0.01855803 0.106416225
v 0.17910953 0.018558033 0.09346334
v 0.16555892 0.01855803 0.10806579
v 0.16720852 0.018558027 0.110297576
v 0.16785383 0.018558025 0.11375428
v 0.17910953 0.018558025 0.116775416
v 0.16785383 0.01855803 0.11677541
v 0.17910953 0.011210973 0.08527055
v 0.15892512 0.011505476 0.08527054
v 0.15898268 0.011210978 0.09346334
v 0.17910953 0.0112109715 0.09346334
v 0.17910953 0.011210973 0.08527055
v 0.17910953 0.016319828 0.08527054
v 0.15892512 0.011505476 0.08527054
v 0.157117 0.013993887 0.08527054
v 0.157117 0.016319828 0.08527054
v 0.16581844 0.014263245 -0.006483562
v 0.16582374 0.014263235 -0.0007519936
v 0.13892147 0.014263226 -0.0007519936
v 0.11755746 0.014263229 -0.008965272
v 0.13346261 0.014263213 0.0019676422
v 0.08629958 0.014263198 0.0019676422
v 0.08629958 0.014263213 -0.008965272
v 0.13925453 0.011734163 0.0014448762
v 0.15887955 0.011734163 0.0014448762
v 0.15887955 0.011734162 0.004142296
v 0.13392916 0.01173416 0.004142296
v 0.16582374 0.014263235 -0.0007519936
v 0.15887955 0.011734163 0.0014448762
v 0.13925453 0.011734163 0.0014448762
v 0.13892147 0.014263226 -0.0007519936
v 0.13346261 0.014263213 0.0019676422
v 0.13392916 0.01173416 0.004142296
v 0.08629958 0.014263198 0.0019676422
v 0.09164759 0.011734162 0.004142296
v 0.12115157 0.022367658 0.037957963
v 0.12115157 0.022367664 0.012320741
v 0.122880645 0.020638585 0.01059166
v 0.122880645 0.02063858 0.03968704
v 0.09551435 0.022367658 0.03795796
v 0.12115157 0.022367658 0.037957963
v 0.122880645 0.02063858 0.03968704
v 0.09378526 0.020638576 0.039687037
v 0.12115157 0.022367664 0.012320741
v 0.09551435 0.022367664 0.012320736
v 0.09378526 0.02063858 0.010591654
v 0.122880645 0.020638585 0.01059166
v 0.12294841 0.019115392 0.03968704
v 0.122880645 0.02063858 0.03968704
v 0.122880645 0.020638585 0.01059166
v 0.12294841 0.019115396 0.01059166
v 0.12421221 0.016412977 0.03968704
v 0.12421223 0.016412983 0.010591657
v 0.12668365 0.014741977 0.03968704
v 0.12668367 0.014741982 0.010591657
v 0.12838441 0.013992565 0.039687045
v 0.12838441 0.013992569 0.010591657
v 0.09378526 0.020638576 0.039687037
v 0.09378526 0.02063858 0.010591654
v 0.09551435 0.022367664 0.012320736
v 0.09551435 0.022367658 0.03795796
v 0.09378526 0.014001189 0.041839227
v 0.122880645 0.016760796 0.03968704
v 0.12288064 0.013996258 0.041839235
v 0.09378526 0.016760794 0.039687037
v 0.12294841 0.019115392 0.03968704
v 0.09378526 0.020638576 0.039687037
v 0.122880645 0.02063858 0.03968704
v 0.12294841 0.019115396 0.01059166
v 0.122880645 0.020638585 0.01059166
v 0.09378526 0.02063858 0.010591654
v 0.09378526 0.016760798 0.010591652
v 0.122880645 0.0167608 0.010591657
v 0.09378526 0.014002201 0.007391989
v 0.122880645 0.0139972055 0.007391994
v 0.122880645 0.016760796 0.03968704
v 0.12294841 0.019115392 0.03968704
v 0.12421221 0.016412977 0.03968704
v 0.122880645 0.013994343 0.039687045
v 0.12668365 0.014741977 0.03968704
v 0.12838441 0.013992565 0.039687045
v 0.09378526 0.020638576 0.039687037
v 0.09378526 0.016760798 0.010591652
v 0.09378526 0.02063858 0.010591654
v 0.09378526 0.016760794 0.039687037
v 0.09378526 0.014002201 0.007391989
v 0.09378526 0.014001189 0.041839227
v 0.12294841 0.019115396 0.01059166
v 0.122880645 0.0167608 0.010591657
v 0.12421223 0.016412983 0.010591657
v 0.122880645 0.01399384 0.010591657
v 0.12668367 0.014741982 0.010591657
v 0.12838441 0.013992569 0.010591657
v 0.12882443 0.015527831 0.038129747
v 0.1288244 0.013992565 0.038129747
v 0.12882012 0.013992568 0.012058046
v 0.12882443 0.016216217 0.029623419
v 0.12882443 0.019476827 0.025093224
v 0.12882441 0.019476827 0.012056698
v 0.15349564 0.013992568 0.0381339
v 0.1288244 0.013992565 0.038129747
v 0.12882443 0.015527831 0.038129747
v 0.13687424 0.016216213 0.038129754
v 0.14116131 0.019476824 0.03812975
v 0.1534982 0.019476818 0.038129754
v 0.1534982 0.019476825 0.012056698
v 0.15349822 0.013992571 0.012056687
v 0.15349564 0.013992568 0.0381339
v 0.1534982 0.019476818 0.038129754
v 0.14116131 0.019476824 0.03812975
v 0.14114405 0.019476827 0.035407107
v 0.1534982 0.019476818 0.038129754
v 0.14057459 0.019476825 0.032123037
v 0.1534982 0.019476825 0.012056698
v 0.13881157 0.019476825 0.02875395
v 0.13571823 0.019476825 0.02630388
v 0.13184606 0.019476833 0.025143225
v 0.12882441 0.019476827 0.012056698
v 0.12882443 0.019476827 0.025093224
v 0.13687424 0.016216213 0.038129754
v 0.14114405 0.019476827 0.035407107
v 0.14116131 0.019476824 0.03812975
v 0.13686298 0.016216213 0.036353227
v 0.14057459 0.019476825 0.032123037
v 0.12882443 0.015527831 0.038129747
v 0.1364914 0.016216211 0.034210373
v 0.13881157 0.019476825 0.02875395
v 0.13534102 0.016216213 0.03201204
v 0.13332263 0.016216213 0.030413376
v 0.13571823 0.019476825 0.02630388
v 0.13079605 0.016216217 0.02965604
v 0.12882443 0.016216217 0.029623419
v 0.13184606 0.019476833 0.025143225
v 0.12882443 0.019476827 0.025093224
v 0.1534982 0.019476825 0.012056698
v 0.12882441 0.019476827 0.012056698
v 0.12882012 0.013992568 0.012058046
v 0.15349822 0.013992571 0.012056687
v 0.12115157 0.022367664 0.012320741
v 0.12115157 0.022367658 0.037957963
v 0.09551435 0.022367658 0.03795796
v 0.09551435 0.022367664 0.012320736
v 0.12115157 0.022367653 0.076096945
v 0.12115157 0.022367658 0.050459728
v 0.122880645 0.02063858 0.048730645
v 0.122880645 0.020638576 0.07782602
v 0.09551435 0.022367653 0.07609694
v 0.12115157 0.022367653 0.076096945
v 0.122880645 0.020638576 0.07782602
v 0.09378526 0.02063857 0.07782602
v 0.12115157 0.022367658 0.050459728
v 0.09551435 0.022367658 0.050459724
v 0.09378526 0.020638576 0.048730634
v 0.122880645 0.02063858 0.048730645
v 0.12294841 0.019115385 0.07782602
v 0.122880645 0.020638576 0.07782602
v 0.122880645 0.02063858 0.048730645
v 0.12294841 0.019115388 0.048730645
v 0.12421221 0.016412972 0.07782602
v 0.12421223 0.016412975 0.048730645
v 0.12668365 0.01474197 0.07782602
v 0.12668367 0.014741975 0.048730645
v 0.12831016 0.013993217 0.07782603
v 0.12838441 0.013992562 0.048730638
v 0.09378526 0.02063857 0.07782602
v 0.09378526 0.020638576 0.048730634
v 0.09551435 0.022367658 0.050459724
v 0.09551435 0.022367653 0.07609694
v 0.09378526 0.013993716 0.079978205
v 0.122880645 0.016760789 0.07782602
v 0.12288064 0.013993196 0.07997823
v 0.09378526 0.016760787 0.07782602
v 0.12294841 0.019115385 0.07782602
v 0.09378526 0.02063857 0.07782602
v 0.122880645 0.020638576 0.07782602
v 0.12294841 0.019115388 0.048730645
v 0.122880645 0.02063858 0.048730645
v 0.09378526 0.020638576 0.048730634
v 0.09378526 0.01676079 0.048730634
v 0.122880645 0.016760794 0.048730645
v 0.09378526 0.01400002 0.045530967
v 0.122880645 0.013995713 0.045530975
v 0.122880645 0.016760789 0.07782602
v 0.12294841 0.019115385 0.07782602
v 0.12421221 0.016412972 0.07782602
v 0.122880645 0.013992779 0.07782603
v 0.12668365 0.01474197 0.07782602
v 0.12831016 0.013993217 0.07782603
v 0.09378526 0.02063857 0.07782602
v 0.09378526 0.01676079 0.048730634
v 0.09378526 0.020638576 0.048730634
v 0.09378526 0.016760787 0.07782602
v 0.09378526 0.01400002 0.045530967
v 0.09378526 0.013993716 0.079978205
v 0.12294841 0.019115388 0.048730645
v 0.122880645 0.016760794 0.048730645
v 0.12421223 0.016412975 0.048730645
v 0.122880645 0.013993952 0.048730638
v 0.12668367 0.014741975 0.048730645
v 0.12838441 0.013992562 0.048730638
v 0.12882443 0.015527825 0.07626873
v 0.1288244 0.013992558 0.076268725
v 0.12882012 0.013992562 0.050197028
v 0.12882443 0.016216211 0.067762405
v 0.12882443 0.01947682 0.06323221
v 0.12882441 0.019476822 0.050195683
v 0.15349564 0.013992562 0.07627289
v 0.1288244 0.013992558 0.076268725
v 0.12882443 0.015527825 0.07626873
v 0.13687424 0.016216205 0.07626874
v 0.14116131 0.019476818 0.07626874
v 0.1534982 0.019476812 0.07626874
v 0.1534982 0.019476818 0.050195683
v 0.15349822 0.013992566 0.050195664
v 0.15349564 0.013992562 0.07627289
v 0.1534982 0.019476812 0.07626874
v 0.14116131 0.019476818 0.07626874
v 0.14114405 0.019476822 0.0735461
v 0.1534982 0.019476812 0.07626874
v 0.14057459 0.019476818 0.07026202
v 0.1534982 0.019476818 0.050195683
v 0.13881157 0.01947682 0.06689293
v 0.13571823 0.019476818 0.064442866
v 0.13184606 0.019476825 0.06328221
v 0.12882441 0.019476822 0.050195683
v 0.12882443 0.01947682 0.06323221
v 0.13687424 0.016216205 0.07626874
v 0.14114405 0.019476822 0.0735461
v 0.14116131 0.019476818 0.07626874
v 0.13686298 0.016216205 0.0744922
v 0.14057459 0.019476818 0.07026202
v 0.12882443 0.015527825 0.07626873
v 0.1364914 0.016216205 0.072349355
v 0.13881157 0.01947682 0.06689293
v 0.13534102 0.016216205 0.07015102
v 0.13332263 0.016216205 0.06855237
v 0.13571823 0.019476818 0.064442866
v 0.13079605 0.016216211 0.06779503
v 0.12882443 0.016216211 0.067762405
v 0.13184606 0.019476825 0.06328221
v 0.12882443 0.01947682 0.06323221
v 0.1534982 0.019476818 0.050195683
v 0.12882441 0.019476822 0.050195683
v 0.12882012 0.013992562 0.050197028
v 0.15349822 0.013992566 0.050195664
v 0.12115157 0.022367658 0.050459728
v 0.12115157 0.022367653 0.076096945
v 0.09551435 0.022367653 0.07609694
v 0.09551435 0.022367658 0.050459724
v 0.16785383 0.016319819 0.116775416
v 0.16785383 0.01855803 0.11677541
v 0.17910953 0.018558025 0.116775416
v 0.17304483 0.01335303 0.116775416
v 0.17910953 0.0133530265 0.116775416
v 0.15711702 0.016319819 0.11677543
v 0.15711702 0.0139925545 0.116774425
v 0.021469725 -0.015848756 0.114572905
v 0.021461166 -0.013625244 0.1145867
v 0.025515566 -0.013625247 0.11475223
v 0.022188243 -0.019614918 0.11475223
v 0.023863077 -0.02107097 0.11475223
v 0.025515566 -0.024586668 0.11475223
v 0.018486405 -0.018535018 0.11475397
v 0.013626356 -0.016081689 0.114751145
v 0.012528447 -0.018535025 0.11475226
v 0.013626356 -0.013620734 0.114751145
v 0.012528438 -0.013625339 0.11475226
v 0.048656836 0.0040867412 0.1257325
v 0.048656836 0.0040867417 0.12377838
v 0.043372136 0.004086742 0.12377838
v 0.043372136 0.0040867412 0.1257325
v 0.048656836 0.0040867417 0.12377838
v 0.048656836 -0.004086412 0.12377838
v 0.043372136 -0.004086411 0.12377838
v 0.043372136 0.004086742 0.12377838
v 0.048656836 0.008641248 0.1257325
v 0.048656836 0.0040867412 0.1257325
v 0.043372136 0.0040867412 0.1257325
v 0.043372136 0.008641244 0.1257325
v 0.05032052 0.008641249 0.12199304
v 0.05032052 -0.008641195 0.12199304
v 0.048656836 -0.008641195 0.12199304
v 0.048656836 0.008641249 0.12199304
v 0.035335522 0.008641238 0.12573624
v 0.035335522 -0.008641188 0.12573624
v 0.035335522 -0.008776654 0.1220347
v 0.035335522 0.00870827 0.12203472
v 0.035335522 0.008641238 0.12573624
v 0.04170847 0.008641244 0.1257325
v 0.04170847 -0.008641194 0.1257325
v 0.035335522 -0.008641188 0.12573624
v 0.04170847 -0.008641194 0.1257325
v 0.04170847 0.008641244 0.1257325
v 0.04252824 0.008641185 0.12199304
v 0.042529352 -0.008641141 0.12200155
v 0.055605218 0.008641248 0.1257325
v 0.055605218 0.0040867412 0.1257325
v 0.05032052 0.0040867412 0.1257325
v 0.05032052 0.008641248 0.1257325
v 0.055605218 0.004086742 0.12377838
v 0.055605218 -0.004086411 0.12377838
v 0.05032052 -0.004086411 0.12377838
v 0.05032052 0.0040867417 0.12377838
v 0.055605218 0.0040867412 0.1257325
v 0.055605218 0.004086742 0.12377838
v 0.05032052 0.0040867417 0.12377838
v 0.05032052 0.0040867412 0.1257325
v 0.055605218 -0.008641195 0.121993065
v 0.055605218 0.008641249 0.121993065
v 0.06378694 0.008641503 0.12199304
v 0.06378694 -0.008641452 0.12199304
v 0.06907163 0.008641501 0.1257325
v 0.069071636 0.004085007 0.1257325
v 0.06378694 0.0040850076 0.1257325
v 0.06378694 0.008641501 0.1257325
v 0.06987796 0.008641419 0.12199304
v 0.07073532 0.008641376 0.1257325
v 0.07073532 -0.008641328 0.1257325
v 0.06987796 -0.008641368 0.12199304
v 0.07602001 0.008641376 0.1257325
v 0.07602001 -0.008641326 0.1257325
v 0.07073532 -0.008641328 0.1257325
v 0.07073532 0.008641376 0.1257325
v 0.07602001 -0.008641326 0.1257325
v 0.07602001 0.008641376 0.1257325
v 0.07602 0.008641379 0.12199304
v 0.07602 -0.008641327 0.12199304
v 0.077678554 0.008641376 0.12198892
v 0.077678554 -0.008641325 0.12198892
v 0.07602 -0.008641327 0.12199304
v 0.07602 0.008641379 0.12199304
v 0.08296157 0.008641376 0.1257325
v 0.08296161 0.0040850076 0.1257325
v 0.07768369 0.0040850076 0.1257325
v 0.077685796 0.008641376 0.1257325
v 0.08296161 0.0040850076 0.12377838
v 0.08296161 0.0040850076 0.1257325
v 0.08296157 0.008641376 0.1257325
v 0.08296161 0.008641505 0.122019134
v 0.08296161 -0.00864145 0.122019134
v 0.08296161 -0.004085123 0.12377838
v 0.08296157 -0.008641328 0.1257325
v 0.08296161 -0.0040851235 0.1257325
v 0.069071636 0.0040850076 0.12377838
v 0.069071636 -0.004085123 0.12377838
v 0.06378694 -0.004085123 0.12377838
v 0.06378694 0.004085008 0.12377838
v 0.069071636 0.004085007 0.1257325
v 0.069071636 0.0040850076 0.12377838
v 0.06378694 0.004085008 0.12377838
v 0.06378694 0.0040850076 0.1257325
v 0.08296161 0.0040850076 0.12377838
v 0.08296161 -0.004085123 0.12377838
v 0.07768369 -0.004085122 0.12377838
v 0.07768369 0.004085008 0.12377838
v 0.08296161 0.0040850076 0.1257325
v 0.08296161 0.0040850076 0.12377838
v 0.07768369 0.004085008 0.12377838
v 0.07768369 0.0040850076 0.1257325
v 0.043372136 0.004086742 0.12377838
v 0.043372136 0.008641244 0.1257325
v 0.043372136 0.0040867412 0.1257325
v 0.04252824 0.008641185 0.12199304
v 0.042529352 -0.008641141 0.12200155
v 0.043372136 -0.004086411 0.12377838
v 0.043372136 -0.008641194 0.1257325
v 0.043372136 -0.004086412 0.1257325
v 0.048656836 0.008641248 0.1257325
v 0.048656836 0.0040867417 0.12377838
v 0.048656836 0.0040867412 0.1257325
v 0.048656836 0.008641249 0.12199304
v 0.048656836 -0.008641195 0.12199304
v 0.048656836 -0.004086412 0.12377838
v 0.048656836 -0.008641197 0.1257325
v 0.048656836 -0.004086412 0.1257325
v 0.05032052 0.0040867417 0.12377838
v 0.05032052 0.008641248 0.1257325
v 0.05032052 0.0040867412 0.1257325
v 0.05032052 0.008641249 0.12199304
v 0.05032052 -0.008641195 0.12199304
v 0.05032052 -0.004086411 0.12377838
v 0.05032052 -0.008641197 0.1257325
v 0.05032052 -0.004086412 0.1257325
v 0.055605218 0.008641248 0.1257325
v 0.055605218 0.004086742 0.12377838
v 0.055605218 0.0040867412 0.1257325
v 0.055605218 0.008641249 0.121993065
v 0.055605218 -0.008641195 0.121993065
v 0.055605218 -0.004086411 0.12377838
v 0.055605218 -0.0086411955 0.1257325
v 0.055605218 -0.004086412 0.1257325
v 0.06378694 0.004085008 0.12377838
v 0.06378694 0.008641501 0.1257325
v 0.06378694 0.0040850076 0.1257325
v 0.06378694 0.008641503 0.12199304
v 0.06378694 -0.008641452 0.12199304
v 0.06378694 -0.004085123 0.12377838
v 0.06378694 -0.008641452 0.1257325
v 0.06378694 -0.0040851235 0.1257325
v 0.06907163 0.008641501 0.1257325
v 0.069071636 0.0040850076 0.12377838
v 0.069071636 0.004085007 0.1257325
v 0.06987796 0.008641419 0.12199304
v 0.06987796 -0.008641368 0.12199304
v 0.069071636 -0.004085123 0.12377838
v 0.06907163 -0.008641451 0.1257325
v 0.069071636 -0.0040851235 0.1257325
v 0.07768369 0.004085008 0.12377838
v 0.077685796 0.008641376 0.1257325
v 0.07768369 0.0040850076 0.1257325
v 0.077678554 0.008641376 0.12198892
v 0.077678554 -0.008641325 0.12198892
v 0.07768369 -0.004085122 0.12377838
v 0.077685796 -0.008641326 0.1257325
v 0.07768369 -0.004085123 0.1257325
v 0.089506224 0.008641503 0.12201913
v 0.09242439 0.008641509 0.116659656
v 0.092203796 -0.008653575 0.116746865
v 0.089506224 -0.008641398 0.122019134
v 0.08296161 -0.00864145 0.122019134
v 0.08296161 0.008641505 0.122019134
v 0.08571989 0.008641379 0.12201913
v 0.08571989 -0.008641327 0.12201913
v 0.089506224 0.008641503 0.12201913
v 0.089506224 -0.008641398 0.122019134
v 0.043372136 -0.004086411 0.12377838
v 0.048656836 -0.004086412 0.12377838
v 0.048656836 -0.004086412 0.1257325
v 0.043372136 -0.004086412 0.1257325
v 0.043372136 -0.004086412 0.1257325
v 0.048656836 -0.004086412 0.1257325
v 0.048656836 -0.008641197 0.1257325
v 0.043372136 -0.008641194 0.1257325
v 0.05032052 -0.004086412 0.1257325
v 0.055605218 -0.004086412 0.1257325
v 0.055605218 -0.0086411955 0.1257325
v 0.05032052 -0.008641197 0.1257325
v 0.05032052 -0.004086411 0.12377838
v 0.055605218 -0.004086411 0.12377838
v 0.055605218 -0.004086412 0.1257325
v 0.05032052 -0.004086412 0.1257325
v 0.06378694 -0.0040851235 0.1257325
v 0.069071636 -0.0040851235 0.1257325
v 0.06907163 -0.008641451 0.1257325
v 0.06378694 -0.008641452 0.1257325
v 0.07768369 -0.004085123 0.1257325
v 0.08296161 -0.0040851235 0.1257325
v 0.08296157 -0.008641328 0.1257325
v 0.077685796 -0.008641326 0.1257325
v 0.06378694 -0.004085123 0.12377838
v 0.069071636 -0.004085123 0.12377838
v 0.069071636 -0.0040851235 0.1257325
v 0.06378694 -0.0040851235 0.1257325
v 0.07768369 -0.004085122 0.12377838
v 0.08296161 -0.004085123 0.12377838
v 0.08296161 -0.0040851235 0.1257325
v 0.07768369 -0.004085123 0.1257325
v 0.020337744 0.016081689 0.11800474
v 0.021365928 0.016081695 0.11474025
v 0.02136972 0.013625239 0.11472815
v 0.021461166 -0.013625244 0.1145867
v 0.020458974 -0.016081683 0.11800474
v 0.021469725 -0.015848756 0.114572905
v 0.013626356 0.01608169 0.09353505
v 0.013626356 0.0064737257 0.09353502
v 0.008224087 0.0064733354 0.093524314
v 0.008224087 0.01608169 0.09352432
v 0.013626356 0.00649619 0.0909757
v 0.008224087 0.0064733354 0.093524314
v 0.013626356 0.0064737257 0.09353502
v 0.008224087 0.006496191 0.09096906
v 0.013626356 0.0054384093 0.08880875
v 0.0082240915 0.0054384093 0.0888063
v 0.013626356 0.0030904466 0.08687685
v 0.0082240915 0.0030904468 0.08687814
v 0.013626356 1.6059834E-08 0.086512156
v 0.0082240915 1.2120983E-08 0.08651416
v 0.013626356 -0.0030904163 0.08687685
v 0.0082240915 -0.0030904182 0.08687816
v 0.013626356 -0.005438383 0.08880875
v 0.0082240915 -0.005438385 0.08880632
v 0.013626356 -0.0064961654 0.0909757
v 0.008224087 -0.006496164 0.09096906
v 0.013626346 -0.0064733224 0.09353504
v 0.008224087 -0.006473318 0.093524314
v 0.008224087 -0.006473318 0.093524314
v 0.013626346 -0.0064733224 0.09353504
v 0.013626356 -0.016081689 0.09353504
v 0.008224087 -0.016081689 0.09352432
v 0.008224087 -0.016081689 0.09352432
v 0.008224087 -0.006496164 0.09096906
v 0.008224087 -0.006473318 0.093524314
v 0.0082240915 -0.016081683 0.07950529
v 0.0082240915 -0.005438385 0.08880632
v 0.0082240915 -0.0030904182 0.08687816
v 0.0082240915 1.2120983E-08 0.08651416
v 0.0082240915 0.016081978 0.0795053
v 0.0082240915 0.0030904468 0.08687814
v 0.0082240915 0.0054384093 0.0888063
v 0.008224087 0.006496191 0.09096906
v 0.008224087 0.01608169 0.09352432
v 0.008224087 0.0064733354 0.093524314
v 0.013626365 0.016081689 0.11475208
v 0.013626356 0.016081695 0.11800474
v 0.013626356 0.013615125 0.11475019
v 0.013626356 -0.013620734 0.114751145
v 0.013626356 -0.016081683 0.11800476
v 0.013626356 -0.016081689 0.114751145
v 0.013626356 0.013625245 0.09684772
v 0.013626356 -0.013625281 0.09684774
v 0.013626356 0.0064737257 0.09353502
v 0.013626356 0.01608169 0.09353505
v 0.013626356 0.016081695 0.09684774
v 0.013626346 -0.0064733224 0.09353504
v 0.013626356 -0.016081689 0.09353504
v 0.013626356 -0.016081689 0.096847735
v 0.021469725 -0.015848756 0.114572905
v 0.013626356 -0.016081689 0.114751145
v 0.013626356 -0.016081683 0.11800476
v 0.020458974 -0.016081683 0.11800474
v 0.020337744 0.016081689 0.11800474
v 0.013626356 0.016081695 0.11800474
v 0.013626365 0.016081689 0.11475208
v 0.021365928 0.016081695 0.11474025
v 0.012528438 -0.013625339 0.11475226
v 0.012528447 -0.013625281 0.09684771
v 0.013626356 -0.013625281 0.09684774
v 0.013626356 -0.013620734 0.114751145
v 0.012528447 0.013625247 0.096847706
v 0.012528438 0.013625241 0.11475227
v 0.013626356 0.013615125 0.11475019
v 0.013626356 0.013625245 0.09684772
v 0.043613084 0.018535014 0.12866436
v 0.043613084 0.013625235 0.12866436
v 0.025515566 0.013625235 0.12866436
v 0.025515566 0.018535012 0.12866436
v 0.043613084 0.018535014 0.12866436
v 0.025515566 0.018535012 0.12866436
v 0.025515566 0.01853501 0.12181681
v 0.043613084 0.018535016 0.121816784
v 0.043613084 0.019615743 0.118122116
v 0.025515566 0.01961574 0.118122116
v 0.043613084 0.021072406 0.116452806
v 0.025515566 0.021072406 0.116452806
v 0.043613084 0.024586672 0.11475223
v 0.025515566 0.024586672 0.11475223
v 0.043613084 0.028735971 0.11475223
v 0.025515575 0.028735962 0.11475223
v 0.025515566 0.013625244 0.11475223
v 0.025515566 0.024586672 0.11475223
v 0.025515566 0.021072406 0.116452806
v 0.025515566 0.01961574 0.118122116
v 0.025515566 0.01853501 0.12181681
v 0.025515566 0.013625235 0.12866436
v 0.025515566 0.018535012 0.12866436
v 0.055189 0.013625238 0.11475223
v 0.050642237 0.018535022 0.11475223
v 0.055189013 0.018535018 0.11475223
v 0.043613084 0.013625241 0.11475223
v 0.0469404 0.019614922 0.11475223
v 0.045265578 0.021070981 0.11475223
v 0.043613084 0.024586672 0.11475223
v 0.055189013 0.013625245 0.096847706
v 0.055189 0.013625241 0.113649935
v 0.055189006 0.018535022 0.09684772
v 0.055189013 0.018535018 0.11475223
v 0.055189 0.013625238 0.11475223
v 0.050642237 0.018535022 0.11475223
v 0.055189006 0.018535022 0.09684772
v 0.055189013 0.018535018 0.11475223
v 0.050642237 0.018535025 0.09684772
v 0.046940394 0.019614926 0.09684772
v 0.0469404 0.019614922 0.11475223
v 0.045265578 0.021070985 0.09684772
v 0.045265578 0.021070981 0.11475223
v 0.043613076 0.024586678 0.09684771
v 0.043613084 0.024586672 0.11475223
v 0.043613076 0.028735975 0.09684772
v 0.043613084 0.028735971 0.11475223
v 0.043613076 0.013625519 0.084036425
v 0.043613076 0.018535024 0.08978317
v 0.043613076 0.018535305 0.084036425
v 0.043613076 0.013625312 0.09337343
v 0.043613076 0.013625245 0.096847706
v 0.043613076 0.019615747 0.09347784
v 0.043613076 0.01961708 0.09684772
v 0.043613076 0.021072416 0.09514716
v 0.043613076 0.024586678 0.09684771
v 0.043613076 0.018535024 0.08978317
v 0.025515566 0.018535296 0.084036425
v 0.043613076 0.018535305 0.084036425
v 0.025515566 0.018535016 0.08978317
v 0.025515566 0.01961574 0.09347784
v 0.043613076 0.019615747 0.09347784
v 0.025515566 0.021072406 0.09514716
v 0.043613076 0.021072416 0.09514716
v 0.025515566 0.024586678 0.096847735
v 0.043613076 0.024586678 0.09684771
v 0.025515566 0.028735965 0.096847735
v 0.043613076 0.028735975 0.09684772
v 0.025515566 0.021072406 0.09514716
v 0.025515566 0.024586678 0.096847735
v 0.025515566 0.019703012 0.096847735
v 0.025515566 0.01961574 0.09347784
v 0.025515746 0.013851742 0.096847735
v 0.025515566 0.018535016 0.08978317
v 0.025515746 0.013851944 0.0840364
v 0.025515566 0.018535296 0.084036425
v 0.025515566 0.019703012 0.096847735
v 0.025515566 0.024586678 0.096847735
v 0.023863068 0.021070976 0.096847735
v 0.022188243 0.019614918 0.096847735
v 0.025515746 0.013851742 0.096847735
v 0.018486414 0.018535018 0.096847735
v 0.02136258 0.016081698 0.09689659
v 0.013626356 0.016081695 0.09684774
v 0.012528447 0.018535022 0.096847735
v 0.013626356 0.013625245 0.09684772
v 0.012528447 0.013625247 0.096847706
v 0.023863077 0.021070976 0.11475223
v 0.025515566 0.024586672 0.11475223
v 0.025515566 0.013625244 0.11475223
v 0.022188243 0.019614914 0.11475223
v 0.021365928 0.016081695 0.11474025
v 0.02136972 0.013625239 0.11472815
v 0.018486405 0.018535014 0.11475397
v 0.013626365 0.016081689 0.11475208
v 0.012528447 0.018535022 0.11475226
v 0.013626356 0.013615125 0.11475019
v 0.012528438 0.013625241 0.11475227
v 0.012528447 0.018535022 0.11475226
v 0.012528438 0.013625241 0.11475227
v 0.012528447 0.013625247 0.096847706
v 0.012528447 0.018535022 0.096847735
v 0.012528447 0.018535022 0.11475226
v 0.012528447 0.018535022 0.096847735
v 0.018486414 0.018535018 0.096847735
v 0.018486405 0.018535014 0.11475397
v 0.022188243 0.019614918 0.096847735
v 0.022188243 0.019614914 0.11475223
v 0.023863077 0.021070976 0.11475223
v 0.023863068 0.021070976 0.096847735
v 0.025515566 0.024586672 0.11475223
v 0.025515566 0.024586678 0.096847735
v 0.025515575 0.028735962 0.11475223
v 0.025515566 0.028735965 0.096847735
v 0.02661787 0.013625244 0.11364995
v 0.02661787 0.013625236 0.12756206
v 0.02661787 0.008641237 0.12756206
v 0.02661787 0.008641244 0.113650285
v 0.02661787 0.013625236 0.12756206
v 0.042510774 0.013625236 0.12756205
v 0.042510774 0.008641237 0.12756205
v 0.02661787 0.008641237 0.12756206
v 0.025515566 0.013625244 0.11475223
v 0.025515566 0.013625235 0.12866436
v 0.02661787 0.013625236 0.12756206
v 0.02661787 0.013625244 0.11364995
v 0.02661787 0.013625236 0.12756206
v 0.025515566 0.013625235 0.12866436
v 0.043613084 0.013625235 0.12866436
v 0.042510774 0.013625236 0.12756205
v 0.043613084 0.013625241 0.11475223
v 0.042510767 0.013625241 0.11364995
v 0.042510774 0.013625236 0.12756205
v 0.043613084 0.013625235 0.12866436
v 0.055189 0.013625241 0.113649935
v 0.042510767 0.013625241 0.11364995
v 0.043613084 0.013625241 0.11475223
v 0.055189 0.013625238 0.11475223
v 0.043613084 0.018535016 0.121816784
v 0.043613084 0.013625235 0.12866436
v 0.043613084 0.018535014 0.12866436
v 0.043613084 0.013625241 0.11475223
v 0.043613084 0.019615743 0.118122116
v 0.043613084 0.021072406 0.116452806
v 0.043613084 0.024586672 0.11475223
v 0.050642237 0.018535025 0.09684772
v 0.055189013 0.013625245 0.096847706
v 0.055189006 0.018535022 0.09684772
v 0.043613076 0.013625245 0.096847706
v 0.046940394 0.019614926 0.09684772
v 0.043613076 0.01961708 0.09684772
v 0.045265578 0.021070985 0.09684772
v 0.043613076 0.024586678 0.09684771
v 0.08682218 0.013625248 0.12866436
v 0.06872466 0.013625248 0.12866436
v 0.06872466 0.018535025 0.12866436
v 0.08682218 0.018535025 0.12866436
v 0.086822174 0.018535025 0.121816784
v 0.08682218 0.018535025 0.12866436
v 0.06872466 0.018535025 0.12866436
v 0.06872466 0.018535027 0.121816784
v 0.06872466 0.01961575 0.118122116
v 0.086822174 0.019615749 0.118122116
v 0.06872466 0.021072416 0.1164528
v 0.086822174 0.021072416 0.1164528
v 0.06872466 0.024586687 0.114752226
v 0.086822174 0.024586687 0.114752226
v 0.06872466 0.02873598 0.114752226
v 0.08682217 0.028735971 0.114752226
v 0.086822174 0.024586687 0.114752226
v 0.08682218 0.013625251 0.11475223
v 0.086822174 0.021072416 0.1164528
v 0.086822174 0.019615749 0.118122116
v 0.086822174 0.018535025 0.121816784
v 0.08682218 0.013625248 0.12866436
v 0.08682218 0.018535025 0.12866436
v 0.05714874 0.013625251 0.11475223
v 0.05714874 0.018535031 0.11475223
v 0.06169551 0.01853503 0.11475223
v 0.06872466 0.013625251 0.11475223
v 0.065397345 0.019614926 0.11475223
v 0.06707216 0.02107099 0.11475223
v 0.06872466 0.024586687 0.114752226
v 0.057148747 0.018535035 0.096847706
v 0.05714874 0.013625251 0.113649935
v 0.057148747 0.013625254 0.096847706
v 0.05714874 0.013625251 0.11475223
v 0.05714874 0.018535031 0.11475223
v 0.057148747 0.018535035 0.096847706
v 0.06169551 0.01853503 0.11475223
v 0.05714874 0.018535031 0.11475223
v 0.06169551 0.018535031 0.096847706
v 0.06539735 0.01961493 0.096847706
v 0.065397345 0.019614926 0.11475223
v 0.06707217 0.021070994 0.096847706
v 0.06707216 0.02107099 0.11475223
v 0.06872466 0.024586687 0.09684768
v 0.06872466 0.024586687 0.114752226
v 0.06872466 0.02873598 0.096847706
v 0.06872466 0.02873598 0.114752226
v 0.06872467 0.01362526 0.08403629
v 0.08682218 0.013625257 0.08403629
v 0.08682218 0.018535037 0.08403629
v 0.06872466 0.018535035 0.08403629
v 0.08682218 0.018535037 0.08403629
v 0.06872467 0.018535033 0.089783154
v 0.06872466 0.018535035 0.08403629
v 0.08682218 0.018535031 0.08978317
v 0.08682218 0.019615753 0.09347783
v 0.06872466 0.019615753 0.09347783
v 0.08682218 0.021072416 0.09514714
v 0.06872467 0.021072421 0.09514714
v 0.08682218 0.024586687 0.09684771
v 0.06872466 0.024586687 0.09684768
v 0.08682218 0.028735975 0.09684771
v 0.06872466 0.02873598 0.096847706
v 0.08682218 0.024586687 0.09684771
v 0.08682218 0.021072416 0.09514714
v 0.086822174 0.013625254 0.096847706
v 0.08682218 0.019615753 0.09347783
v 0.08682218 0.018535031 0.08978317
v 0.08682218 0.013625257 0.08403629
v 0.08682218 0.018535037 0.08403629
v 0.08682218 0.024586687 0.09684771
v 0.086822174 0.013625254 0.096847706
v 0.08847467 0.02107099 0.09684771
v 0.0901495 0.01961493 0.09684771
v 0.093851335 0.018535031 0.09684771
v 0.098650604 0.013625254 0.096847706
v 0.098650604 0.018535031 0.09684771
v 0.086822174 0.024586687 0.114752226
v 0.08847466 0.021070985 0.11475223
v 0.08682218 0.013625251 0.11475223
v 0.0901495 0.019614926 0.11475223
v 0.093851335 0.01853503 0.11475223
v 0.098650604 0.013625251 0.114752255
v 0.098650604 0.018535031 0.114752255
v 0.098650604 0.013625254 0.096847706
v 0.098650604 0.013625251 0.114752255
v 0.098650604 0.018535031 0.114752255
v 0.098650604 0.018535031 0.09684771
v 0.093851335 0.018535031 0.09684771
v 0.098650604 0.018535031 0.09684771
v 0.098650604 0.018535031 0.114752255
v 0.093851335 0.01853503 0.11475223
v 0.0901495 0.019614926 0.11475223
v 0.0901495 0.01961493 0.09684771
v 0.08847466 0.021070985 0.11475223
v 0.08847467 0.02107099 0.09684771
v 0.086822174 0.024586687 0.114752226
v 0.08682218 0.024586687 0.09684771
v 0.08682217 0.028735971 0.114752226
v 0.08682218 0.028735975 0.09684771
v 0.08571987 0.013625251 0.11364995
v 0.08571987 0.008641382 0.113650285
v 0.08571989 0.008641379 0.12201913
v 0.08571987 0.013625249 0.12756206
v 0.08571987 0.00864125 0.12756206
v 0.06982697 0.00864125 0.12756205
v 0.06982697 0.013625249 0.12756205
v 0.08571987 0.013625249 0.12756206
v 0.08571987 0.00864125 0.12756206
v 0.08682218 0.013625251 0.11475223
v 0.08571987 0.013625251 0.11364995
v 0.08571987 0.013625249 0.12756206
v 0.08682218 0.013625248 0.12866436
v 0.06872466 0.013625248 0.12866436
v 0.08682218 0.013625248 0.12866436
v 0.08571987 0.013625249 0.12756206
v 0.06982697 0.013625249 0.12756205
v 0.06982697 0.013625249 0.12756205
v 0.06982697 0.013625251 0.113649935
v 0.06872466 0.013625251 0.11475223
v 0.06872466 0.013625248 0.12866436
v 0.05714874 0.013625251 0.113649935
v 0.05714874 0.013625251 0.11475223
v 0.06872466 0.013625251 0.11475223
v 0.06982697 0.013625251 0.113649935
v 0.06872466 0.013625248 0.12866436
v 0.06872466 0.018535027 0.121816784
v 0.06872466 0.018535025 0.12866436
v 0.06872466 0.013625251 0.11475223
v 0.06872466 0.01961575 0.118122116
v 0.06872466 0.021072416 0.1164528
v 0.06872466 0.024586687 0.114752226
v 0.057148747 0.013625254 0.096847706
v 0.06169551 0.018535031 0.096847706
v 0.057148747 0.018535035 0.096847706
v 0.06872466 0.013625254 0.096847706
v 0.06539735 0.01961493 0.096847706
v 0.06707217 0.021070994 0.096847706
v 0.06872466 0.024586687 0.09684768
v 0.06872466 0.024586687 0.09684768
v 0.06872466 0.013625254 0.096847706
v 0.06872467 0.021072421 0.09514714
v 0.06872466 0.019615753 0.09347783
v 0.06872467 0.018535033 0.089783154
v 0.06872466 0.013625256 0.093520485
v 0.06872467 0.01362526 0.08403629
v 0.06872466 0.018535035 0.08403629
v 0.055189013 0.013625245 0.096847706
v 0.05714874 0.013625251 0.113649935
v 0.055189 0.013625241 0.113649935
v 0.057148747 0.013625254 0.096847706
v 0.06872466 0.013625256 0.093520485
v 0.06872466 0.013625254 0.096847706
v 0.043613076 0.013625312 0.09337343
v 0.043613076 0.013625245 0.096847706
v 0.04252824 0.008641185 0.12199304
v 0.04170847 0.008641244 0.1257325
v 0.042510774 0.008641237 0.12756205
v 0.035335522 0.008641238 0.12573624
v 0.02661787 0.008641237 0.12756206
v 0.02661787 0.008641244 0.113650285
v 0.035335522 0.00870827 0.12203472
v 0.042510767 0.013625241 0.11364995
v 0.042510767 0.012733883 0.11364995
v 0.042510767 0.012733883 0.11538206
v 0.042510774 0.013625236 0.12756205
v 0.04252824 0.008641185 0.12199304
v 0.042510774 0.008641509 0.11538204
v 0.042510774 0.008641237 0.12756205
v 0.06982697 0.013625251 0.113649935
v 0.06982697 0.011136522 0.11364872
v 0.05714874 0.013625251 0.113649935
v 0.045384943 0.011140331 0.11364873
v 0.055189 0.013625241 0.113649935
v 0.042510767 0.012733883 0.11364995
v 0.042510767 0.013625241 0.11364995
v 0.06987796 0.008641419 0.12199304
v 0.06982697 0.008653523 0.11985408
v 0.06982697 0.011137098 0.119854085
v 0.06982697 0.013625249 0.12756205
v 0.06982697 0.00864125 0.12756205
v 0.06982697 0.013625251 0.113649935
v 0.06982697 0.011136522 0.11364872
v 0.08571989 0.008641379 0.12201913
v 0.08296161 0.008641505 0.122019134
v 0.08296157 0.008641376 0.1257325
v 0.08571987 0.00864125 0.12756206
v 0.077685796 0.008641376 0.1257325
v 0.06982697 0.00864125 0.12756205
v 0.07602001 0.008641376 0.1257325
v 0.077678554 0.008641376 0.12198892
v 0.07602 0.008641379 0.12199304
v 0.07073532 0.008641376 0.1257325
v 0.06987796 0.008641419 0.12199304
v 0.05032052 0.008641249 0.12199304
v 0.055605218 0.008641248 0.1257325
v 0.05032052 0.008641248 0.1257325
v 0.055605218 0.008641249 0.121993065
v 0.045384943 0.0086415075 0.116004296
v 0.048656836 0.008641249 0.12199304
v 0.063814856 0.008641571 0.11939908
v 0.042510774 0.008641509 0.11538204
v 0.04252824 0.008641185 0.12199304
v 0.043372136 0.008641244 0.1257325
v 0.048656836 0.008641248 0.1257325
v 0.06378694 0.008641503 0.12199304
v 0.06982697 0.008653523 0.11985408
v 0.06987796 0.008641419 0.12199304
v 0.06378694 0.008641501 0.1257325
v 0.06907163 0.008641501 0.1257325
v 0.045384943 0.011137102 0.116004296
v 0.042510774 0.008641509 0.11538204
v 0.042510767 0.012733883 0.11538206
v 0.045384943 0.0086415075 0.116004296
v 0.063814856 0.008641571 0.11939908
v 0.063823596 0.011137102 0.11941442
v 0.06982697 0.008653523 0.11985408
v 0.06982697 0.011137098 0.119854085
v 0.045384943 0.011140331 0.11364873
v 0.042510767 0.012733883 0.11538206
v 0.042510767 0.012733883 0.11364995
v 0.045384943 0.011137102 0.116004296
v 0.063823596 0.011137102 0.11941442
v 0.06982697 0.011136522 0.11364872
v 0.06982697 0.011137098 0.119854085
v 0.013626356 0.01608169 0.09353505
v 0.008224087 0.01608169 0.09352432
v 0.0082240915 0.016081978 0.0795053
v 0.013626356 0.016081965 0.08403642
v 0.013626356 0.016081966 0.07950413
v 0.02136258 0.016081698 0.09689659
v 0.013626356 0.016081695 0.09684774
v 0.021362256 0.016081974 0.08403642
v 0.025515746 0.013851742 0.096847735
v 0.025515746 0.013851944 0.0840364
v 0.025515566 -0.013625246 0.12866436
v 0.043613084 -0.013625244 0.12866436
v 0.043613084 -0.018535022 0.12866436
v 0.025515566 -0.01853502 0.12866436
v 0.025515566 -0.018535018 0.12181681
v 0.025515566 -0.01853502 0.12866436
v 0.043613084 -0.018535022 0.12866436
v 0.043613084 -0.018535022 0.121816784
v 0.043613084 -0.019615745 0.118122116
v 0.025515566 -0.019615741 0.118122116
v 0.043613084 -0.021072406 0.116452806
v 0.025515566 -0.0210724 0.116452806
v 0.043613084 -0.024586668 0.11475223
v 0.025515566 -0.024586668 0.11475223
v 0.043613084 -0.028735965 0.11475223
v 0.025515575 -0.028735956 0.11475223
v 0.025515566 -0.013625247 0.11475223
v 0.025515566 -0.0210724 0.116452806
v 0.025515566 -0.024586668 0.11475223
v 0.025515566 -0.019615741 0.118122116
v 0.025515566 -0.018535018 0.12181681
v 0.025515566 -0.013625246 0.12866436
v 0.025515566 -0.01853502 0.12866436
v 0.055189 -0.013625244 0.11475223
v 0.055189013 -0.018535024 0.11475223
v 0.050642237 -0.018535025 0.11475223
v 0.043613084 -0.013625246 0.11475223
v 0.0469404 -0.019614924 0.11475223
v 0.045265578 -0.021070976 0.11475223
v 0.043613084 -0.024586668 0.11475223
v 0.055189013 -0.013625243 0.096847706
v 0.055189006 -0.01853502 0.09684772
v 0.055189 -0.013625246 0.113649935
v 0.055189013 -0.018535024 0.11475223
v 0.055189 -0.013625244 0.11475223
v 0.055189006 -0.01853502 0.09684772
v 0.050642237 -0.018535025 0.11475223
v 0.055189013 -0.018535024 0.11475223
v 0.050642237 -0.018535022 0.09684772
v 0.046940394 -0.019614924 0.09684772
v 0.0469404 -0.019614924 0.11475223
v 0.045265578 -0.021070981 0.09684772
v 0.045265578 -0.021070976 0.11475223
v 0.043613076 -0.024586668 0.09684771
v 0.043613084 -0.024586668 0.11475223
v 0.043613076 -0.028735965 0.09684772
v 0.043613084 -0.028735965 0.11475223
v 0.043613076 -0.013625512 0.084036425
v 0.043613076 -0.018535296 0.084036425
v 0.043613076 -0.018535018 0.08978317
v 0.043613076 -0.013625311 0.09337343
v 0.043613076 -0.013625243 0.096847706
v 0.043613076 -0.019615741 0.09347784
v 0.043613076 -0.019617079 0.09684772
v 0.043613076 -0.021072406 0.09514716
v 0.043613076 -0.024586668 0.09684771
v 0.025515566 -0.018535286 0.084036425
v 0.043613076 -0.018535018 0.08978317
v 0.043613076 -0.018535296 0.084036425
v 0.025515566 -0.018535012 0.08978317
v 0.025515566 -0.019615736 0.09347784
v 0.043613076 -0.019615741 0.09347784
v 0.025515566 -0.0210724 0.09514716
v 0.043613076 -0.021072406 0.09514716
v 0.025515566 -0.024586668 0.096847735
v 0.043613076 -0.024586668 0.09684771
v 0.025515566 -0.028735956 0.096847735
v 0.043613076 -0.028735965 0.09684772
v 0.025515566 -0.0210724 0.09514716
v 0.025515566 -0.019703008 0.096847735
v 0.025515566 -0.024586668 0.096847735
v 0.025515566 -0.019615736 0.09347784
v 0.025515746 -0.01385174 0.096847735
v 0.025515566 -0.018535012 0.08978317
v 0.025515746 -0.013851937 0.0840364
v 0.025515566 -0.018535286 0.084036425
v 0.025515566 -0.019703008 0.096847735
v 0.023863068 -0.02107097 0.096847735
v 0.025515566 -0.024586668 0.096847735
v 0.022188243 -0.019614916 0.096847735
v 0.025515746 -0.01385174 0.096847735
v 0.018486414 -0.018535016 0.096847735
v 0.02136258 -0.016081696 0.09689659
v 0.013626356 -0.016081689 0.096847735
v 0.012528447 -0.01853502 0.096847735
v 0.013626356 -0.013625281 0.09684774
v 0.012528447 -0.013625281 0.09684771
v 0.012528447 -0.013625281 0.09684771
v 0.012528438 -0.013625339 0.11475226
v 0.012528447 -0.018535025 0.11475226
v 0.012528447 -0.01853502 0.096847735
v 0.018486414 -0.018535016 0.096847735
v 0.012528447 -0.01853502 0.096847735
v 0.012528447 -0.018535025 0.11475226
v 0.018486405 -0.018535018 0.11475397
v 0.022188243 -0.019614916 0.096847735
v 0.022188243 -0.019614918 0.11475223
v 0.023863077 -0.02107097 0.11475223
v 0.023863068 -0.02107097 0.096847735
v 0.025515566 -0.024586668 0.11475223
v 0.025515566 -0.024586668 0.096847735
v 0.025515575 -0.028735956 0.11475223
v 0.025515566 -0.028735956 0.096847735
v 0.02661787 -0.008641244 0.12756206
v 0.02661787 -0.013625245 0.12756206
v 0.02661787 -0.013625247 0.11364995
v 0.02661787 -0.008641246 0.113650285
v 0.042510774 -0.008641244 0.12756205
v 0.042510774 -0.013625243 0.12756205
v 0.02661787 -0.013625245 0.12756206
v 0.02661787 -0.008641244 0.12756206
v 0.042510774 -0.013625243 0.12756205
v 0.042510767 -0.013625246 0.11364995
v 0.043613084 -0.013625246 0.11475223
v 0.043613084 -0.013625244 0.12866436
v 0.055189 -0.013625246 0.113649935
v 0.055189 -0.013625244 0.11475223
v 0.043613084 -0.013625246 0.11475223
v 0.042510767 -0.013625246 0.11364995
v 0.043613084 -0.013625244 0.12866436
v 0.043613084 -0.018535022 0.121816784
v 0.043613084 -0.018535022 0.12866436
v 0.043613084 -0.013625246 0.11475223
v 0.043613084 -0.019615745 0.118122116
v 0.043613084 -0.021072406 0.116452806
v 0.043613084 -0.024586668 0.11475223
v 0.055189013 -0.013625243 0.096847706
v 0.050642237 -0.018535022 0.09684772
v 0.055189006 -0.01853502 0.09684772
v 0.043613076 -0.013625243 0.096847706
v 0.046940394 -0.019614924 0.09684772
v 0.043613076 -0.019617079 0.09684772
v 0.045265578 -0.021070981 0.09684772
v 0.043613076 -0.024586668 0.09684771
v 0.06872466 -0.018535035 0.12866436
v 0.06872466 -0.0136252595 0.12866436
v 0.08682218 -0.0136252595 0.12866436
v 0.08682218 -0.018535033 0.12866436
v 0.06872466 -0.018535035 0.12866436
v 0.08682218 -0.018535033 0.12866436
v 0.086822174 -0.018535031 0.121816784
v 0.06872466 -0.018535035 0.121816784
v 0.06872466 -0.019615754 0.118122116
v 0.086822174 -0.019615753 0.118122116
v 0.06872466 -0.021072416 0.1164528
v 0.086822174 -0.021072416 0.1164528
v 0.06872466 -0.024586681 0.114752226
v 0.086822174 -0.024586681 0.114752226
v 0.06872466 -0.02873598 0.114752226
v 0.08682217 -0.028735971 0.114752226
v 0.086822174 -0.024586681 0.114752226
v 0.086822174 -0.021072416 0.1164528
v 0.08682218 -0.013625257 0.11475223
v 0.086822174 -0.019615753 0.118122116
v 0.086822174 -0.018535031 0.121816784
v 0.08682218 -0.0136252595 0.12866436
v 0.08682218 -0.018535033 0.12866436
v 0.05714874 -0.013625254 0.11475223
v 0.06169551 -0.018535033 0.11475223
v 0.05714874 -0.018535033 0.11475223
v 0.06872466 -0.013625257 0.11475223
v 0.065397345 -0.019614931 0.11475223
v 0.06707216 -0.021070985 0.11475223
v 0.06872466 -0.024586681 0.114752226
v 0.057148747 -0.01853503 0.096847706
v 0.057148747 -0.013625251 0.096847706
v 0.05714874 -0.013625254 0.113649935
v 0.05714874 -0.013625254 0.11475223
v 0.05714874 -0.018535033 0.11475223
v 0.06169551 -0.018535033 0.11475223
v 0.057148747 -0.01853503 0.096847706
v 0.05714874 -0.018535033 0.11475223
v 0.06169551 -0.018535027 0.096847706
v 0.06539735 -0.019614926 0.096847706
v 0.065397345 -0.019614931 0.11475223
v 0.06707217 -0.021070985 0.096847706
v 0.06707216 -0.021070985 0.11475223
v 0.06872466 -0.024586678 0.09684768
v 0.06872466 -0.024586681 0.114752226
v 0.06872466 -0.028735975 0.096847706
v 0.06872466 -0.02873598 0.114752226
v 0.08682218 -0.018535027 0.08403629
v 0.08682218 -0.013625251 0.08403629
v 0.06872467 -0.013625253 0.08403629
v 0.06872466 -0.018535027 0.08403629
v 0.06872467 -0.01853503 0.089783154
v 0.08682218 -0.018535027 0.08403629
v 0.06872466 -0.018535027 0.08403629
v 0.08682218 -0.018535025 0.08978317
v 0.08682218 -0.019615749 0.09347783
v 0.06872466 -0.01961575 0.09347783
v 0.08682218 -0.021072412 0.09514714
v 0.06872467 -0.021072412 0.09514714
v 0.08682218 -0.024586678 0.09684771
v 0.06872466 -0.024586678 0.09684768
v 0.08682218 -0.028735965 0.09684771
v 0.06872466 -0.028735975 0.096847706
v 0.08682218 -0.024586678 0.09684771
v 0.086822174 -0.013625253 0.096847706
v 0.08682218 -0.021072412 0.09514714
v 0.08682218 -0.019615749 0.09347783
v 0.08682218 -0.018535025 0.08978317
v 0.08682218 -0.013625251 0.08403629
v 0.08682218 -0.018535027 0.08403629
v 0.08682218 -0.024586678 0.09684771
v 0.08847467 -0.021070981 0.09684771
v 0.086822174 -0.013625253 0.096847706
v 0.0901495 -0.019614926 0.09684771
v 0.093851335 -0.01853503 0.09684771
v 0.098650604 -0.013625253 0.096847706
v 0.098650604 -0.01853503 0.09684771
v 0.086822174 -0.024586681 0.114752226
v 0.08682218 -0.013625257 0.11475223
v 0.08847466 -0.021070985 0.11475223
v 0.0901495 -0.019614931 0.11475223
v 0.093851335 -0.018535033 0.11475223
v 0.098650604 -0.013625257 0.114752255
v 0.098650604 -0.018535033 0.114752255
v 0.098650604 -0.018535033 0.114752255
v 0.098650604 -0.013625257 0.114752255
v 0.098650604 -0.013625253 0.096847706
v 0.098650604 -0.01853503 0.09684771
v 0.098650604 -0.018535033 0.114752255
v 0.098650604 -0.01853503 0.09684771
v 0.093851335 -0.01853503 0.09684771
v 0.093851335 -0.018535033 0.11475223
v 0.0901495 -0.019614931 0.11475223
v 0.0901495 -0.019614926 0.09684771
v 0.08847466 -0.021070985 0.11475223
v 0.08847467 -0.021070981 0.09684771
v 0.086822174 -0.024586681 0.114752226
v 0.08682218 -0.024586678 0.09684771
v 0.08682217 -0.028735971 0.114752226
v 0.08682218 -0.028735965 0.09684771
v 0.08571987 -0.013625257 0.11364995
v 0.08571989 -0.008641327 0.12201913
v 0.08571987 -0.008641384 0.113650285
v 0.08571987 -0.013625258 0.12756206
v 0.08571987 -0.008641257 0.12756206
v 0.08571987 -0.013625258 0.12756206
v 0.06982697 -0.013625258 0.12756205
v 0.06982697 -0.008641257 0.12756205
v 0.08571987 -0.008641257 0.12756206
v 0.08682218 -0.013625257 0.11475223
v 0.08682218 -0.0136252595 0.12866436
v 0.08571987 -0.013625258 0.12756206
v 0.08571987 -0.013625257 0.11364995
v 0.08571987 -0.013625258 0.12756206
v 0.08682218 -0.0136252595 0.12866436
v 0.06872466 -0.0136252595 0.12866436
v 0.06982697 -0.013625258 0.12756205
v 0.06872466 -0.013625257 0.11475223
v 0.06982697 -0.013625257 0.113649935
v 0.06982697 -0.013625258 0.12756205
v 0.06872466 -0.0136252595 0.12866436
v 0.05714874 -0.013625254 0.113649935
v 0.06982697 -0.013625257 0.113649935
v 0.06872466 -0.013625257 0.11475223
v 0.05714874 -0.013625254 0.11475223
v 0.06872466 -0.018535035 0.121816784
v 0.06872466 -0.0136252595 0.12866436
v 0.06872466 -0.018535035 0.12866436
v 0.06872466 -0.013625257 0.11475223
v 0.06872466 -0.019615754 0.118122116
v 0.06872466 -0.021072416 0.1164528
v 0.06872466 -0.024586681 0.114752226
v 0.06169551 -0.018535027 0.096847706
v 0.057148747 -0.013625251 0.096847706
v 0.057148747 -0.01853503 0.096847706
v 0.06872466 -0.013625253 0.096847706
v 0.06539735 -0.019614926 0.096847706
v 0.06707217 -0.021070985 0.096847706
v 0.06872466 -0.024586678 0.09684768
v 0.06872466 -0.024586678 0.09684768
v 0.06872467 -0.021072412 0.09514714
v 0.06872466 -0.013625253 0.096847706
v 0.06872466 -0.01961575 0.09347783
v 0.06872467 -0.01853503 0.089783154
v 0.06872466 -0.013625256 0.093520485
v 0.06872467 -0.013625253 0.08403629
v 0.06872466 -0.018535027 0.08403629
v 0.05714874 -0.013625254 0.113649935
v 0.055189013 -0.013625243 0.096847706
v 0.055189 -0.013625246 0.113649935
v 0.057148747 -0.013625251 0.096847706
v 0.06872466 -0.013625256 0.093520485
v 0.06872466 -0.013625253 0.096847706
v 0.043613076 -0.013625311 0.09337343
v 0.043613076 -0.013625243 0.096847706
v 0.04170847 -0.008641194 0.1257325
v 0.042529352 -0.008641141 0.12200155
v 0.042510774 -0.008641244 0.12756205
v 0.035335522 -0.008641188 0.12573624
v 0.02661787 -0.008641244 0.12756206
v 0.02661787 -0.008641246 0.113650285
v 0.035335522 -0.008776654 0.1220347
v 0.042510767 -0.012733888 0.11538206
v 0.042510767 -0.012733888 0.11364995
v 0.042510767 -0.013625246 0.11364995
v 0.042510774 -0.013625243 0.12756205
v 0.042529352 -0.008641141 0.12200155
v 0.042510774 -0.008641513 0.11538204
v 0.042510774 -0.008641244 0.12756205
v 0.06982697 -0.013625257 0.113649935
v 0.05714874 -0.013625254 0.113649935
v 0.06982697 -0.011136527 0.11364872
v 0.045384943 -0.011140335 0.11364873
v 0.055189 -0.013625246 0.113649935
v 0.042510767 -0.012733888 0.11364995
v 0.042510767 -0.013625246 0.11364995
v 0.06987796 -0.008641368 0.12199304
v 0.06982697 -0.011137104 0.119854085
v 0.06982697 -0.008653527 0.11985408
v 0.06982697 -0.013625258 0.12756205
v 0.06982697 -0.008641257 0.12756205
v 0.06982697 -0.013625257 0.113649935
v 0.06982697 -0.011136527 0.11364872
v 0.08296157 -0.008641328 0.1257325
v 0.08296161 -0.00864145 0.122019134
v 0.08571989 -0.008641327 0.12201913
v 0.08571987 -0.008641257 0.12756206
v 0.077685796 -0.008641326 0.1257325
v 0.06982697 -0.008641257 0.12756205
v 0.07602001 -0.008641326 0.1257325
v 0.077678554 -0.008641325 0.12198892
v 0.07602 -0.008641327 0.12199304
v 0.07073532 -0.008641328 0.1257325
v 0.06987796 -0.008641368 0.12199304
v 0.055605218 -0.0086411955 0.1257325
v 0.05032052 -0.008641195 0.12199304
v 0.05032052 -0.008641197 0.1257325
v 0.055605218 -0.008641195 0.121993065
v 0.045384943 -0.00864151 0.116004296
v 0.048656836 -0.008641195 0.12199304
v 0.063814856 -0.0086415745 0.11939908
v 0.042510774 -0.008641513 0.11538204
v 0.042529352 -0.008641141 0.12200155
v 0.043372136 -0.008641194 0.1257325
v 0.048656836 -0.008641197 0.1257325
v 0.06378694 -0.008641452 0.12199304
v 0.06982697 -0.008653527 0.11985408
v 0.06987796 -0.008641368 0.12199304
v 0.06378694 -0.008641452 0.1257325
v 0.06907163 -0.008641451 0.1257325
v 0.045384943 -0.011137105 0.116004296
v 0.042510767 -0.012733888 0.11538206
v 0.042510774 -0.008641513 0.11538204
v 0.045384943 -0.00864151 0.116004296
v 0.063814856 -0.0086415745 0.11939908
v 0.063823596 -0.011137107 0.11941442
v 0.06982697 -0.008653527 0.11985408
v 0.06982697 -0.011137104 0.119854085
v 0.045384943 -0.011140335 0.11364873
v 0.042510767 -0.012733888 0.11364995
v 0.042510767 -0.012733888 0.11538206
v 0.045384943 -0.011137105 0.116004296
v 0.063823596 -0.011137107 0.11941442
v 0.06982697 -0.011136527 0.11364872
v 0.06982697 -0.011137104 0.119854085
v 0.013626356 -0.016081689 0.09353504
v 0.0082240915 -0.016081683 0.07950529
v 0.008224087 -0.016081689 0.09352432
v 0.013626356 -0.016081955 0.08403642
v 0.013626356 -0.016081959 0.079504125
v 0.02136258 -0.016081696 0.09689659
v 0.013626356 -0.016081689 0.096847735
v 0.021362256 -0.016081966 0.08403642
v 0.025515746 -0.01385174 0.096847735
v 0.025515746 -0.013851937 0.0840364
v 0.025515566 -0.013625247 0.11475223
v 0.02661787 -0.013625247 0.11364995
v 0.02661787 -0.013625245 0.12756206
v 0.025515566 -0.013625246 0.12866436
v 0.02661787 -0.013625245 0.12756206
v 0.042510774 -0.013625243 0.12756205
v 0.043613084 -0.013625244 0.12866436
v 0.025515566 -0.013625246 0.12866436
v 0.3719078 -0.011312051 0.105562255
v 0.3706236 -0.011312052 0.109135695
v 0.3719078 -0.010312331 0.10833843
v 0.3719078 -0.008223828 0.11042694
v 0.36941808 -0.011312053 0.11082247
v 0.36941808 -0.009769437 0.11236508
v 0.35030547 -0.009769437 0.11236508
v 0.35065535 -0.011312053 0.11082247
v 0.34802634 -0.012250465 0.10988406
v 0.36941808 -0.008274271 0.113304555
v 0.3719078 -0.0057229516 0.11199835
v 0.35174072 -0.0082742805 0.11330455
v 0.3704605 -0.006348215 0.113304555
v 0.3719078 -0.0029351066 0.11297386
v 0.37151602 -0.003021909 0.11330455
v 0.3719078 -9.302496E-09 0.113304555
v 0.35049522 -0.0067985337 0.114231825
v 0.33749527 -0.012250467 0.10988406
v 0.34587866 -0.014117205 0.10691314
v 0.33749527 -0.009769441 0.11236508
v 0.33749527 -0.014117206 0.10691314
v 0.33749527 -0.0067985323 0.114231825
v 0.34472275 -0.015276058 0.10360134
v 0.3493377 -0.003486729 0.11539067
v 0.33749527 -0.015276059 0.10360134
v 0.33749527 -0.0034867283 0.11539067
v 0.3440943 -0.015668908 0.1001147
v 0.33749527 -0.01566891 0.1001147
v 0.33749527 -0.015276058 0.09662806
v 0.34472275 -0.015276056 0.09662806
v 0.33749527 -0.014117207 0.09331626
v 0.34587866 -0.014117204 0.09331626
v 0.33749527 -0.012250465 0.09034535
v 0.3490123 -5.7492433E-09 0.11578353
v 0.33749527 -4.672455E-09 0.11578353
v 0.33749527 0.003486719 0.11539067
v 0.3493377 0.003486717 0.11539067
v 0.33749527 0.006798525 0.114231825
v 0.34802634 -0.0122504635 0.09034535
v 0.33749527 -0.00976944 0.08786431
v 0.35049522 0.0067985235 0.114231825
v 0.3502613 -0.009769437 0.08786431
v 0.35065535 -0.011312052 0.08940694
v 0.36941808 -0.011312052 0.089406945
v 0.36941808 -0.009769437 0.08786431
v 0.33749527 0.009769431 0.11236508
v 0.3719078 -0.008223827 0.08980247
v 0.36941808 -0.008274271 0.086924836
v 0.3706236 -0.01131205 0.09109371
v 0.3719078 -0.010312331 0.09189096
v 0.3719078 -0.011312051 0.094667144
v 0.3719078 -0.0057229497 0.08823106
v 0.3704605 -0.0063482127 0.086924836
v 0.3719078 -0.0029351057 0.087255545
v 0.37151602 -0.003021908 0.08692486
v 0.3719078 -8.183021E-09 0.086924836
v 0.35031223 0.009769425 0.11236508
v 0.35174072 0.008274271 0.11330455
v 0.34802634 0.012250451 0.10988405
v 0.33749527 0.012250458 0.10988405
v 0.34587866 0.014117195 0.10691314
v 0.33749527 0.014117195 0.10691314
v 0.34472275 0.0152760465 0.10360134
v 0.33749527 0.0152760465 0.10360134
v 0.35065535 0.011312039 0.11082247
v 0.3440943 0.015668897 0.100114696
v 0.33749527 0.015668903 0.100114696
v 0.33749527 0.015276047 0.096628055
v 0.34472275 0.015276047 0.096628055
v 0.33749527 0.014117198 0.09331625
v 0.34587866 0.014117195 0.09331625
v 0.33749527 0.012250458 0.090345345
v 0.36941808 0.011312036 0.11082247
v 0.34802634 0.012250454 0.090345345
v 0.3503042 0.009769428 0.08786431
v 0.35065535 0.011312042 0.08940694
v 0.33749527 0.009769431 0.08786431
v 0.36941808 0.011312039 0.08940694
v 0.36941808 0.009769422 0.11236508
v 0.3706236 0.011312033 0.109135695
v 0.36941808 0.008274256 0.113304555
v 0.3719078 0.01031231 0.10833843
v 0.3719078 0.011312034 0.105562255
v 0.3719078 0.008223808 0.11042694
v 0.3719078 0.0057229325 0.11199835
v 0.3704605 0.006348198 0.113304555
v 0.3719078 0.0029350882 0.11297386
v 0.37151602 0.0030218905 0.11330455
v 0.3719078 -9.302496E-09 0.113304555
v 0.35049522 0.006798524 0.08599758
v 0.33749527 0.0067985253 0.08599758
v 0.3493377 0.0034867187 0.08483873
v 0.33749527 0.00348672 0.08483873
v 0.3490123 -4.4193698E-09 0.08444588
v 0.33749527 -3.3425829E-09 0.08444588
v 0.33749527 -0.003486727 0.08483873
v 0.3493377 -0.0034867274 0.08483873
v 0.33749527 -0.0067985323 0.08599758
v 0.35049522 -0.0067985333 0.08599758
v 0.33749527 -0.00976944 0.08786431
v 0.3502613 -0.009769437 0.08786431
v 0.35174072 -0.00827428 0.08692486
v 0.36941808 -0.009769437 0.08786431
v 0.36941808 -0.008274271 0.086924836
v 0.35174072 0.008274271 0.08692486
v 0.36941808 0.009769422 0.08786431
v 0.36941808 0.008274256 0.086924836
v 0.3719078 0.00822381 0.08980245
v 0.3706236 0.011312035 0.09109371
v 0.3719078 0.0103123095 0.09189096
v 0.3719078 0.011312034 0.094667144
v 0.3719078 0.0057229344 0.08823106
v 0.3704605 0.0063481983 0.086924836
v 0.3719078 0.0029350892 0.087255545
v 0.37151602 0.0030218917 0.08692486
v 0.3719078 -8.183021E-09 0.086924836
v 0.37151602 -0.003021909 0.11330455
v 0.37151602 0.0030218905 0.11330455
v 0.3719078 -9.302496E-09 0.113304555
v 0.3704605 0.006348198 0.113304555
v 0.3704605 -0.006348215 0.113304555
v 0.36941808 0.008274256 0.113304555
v 0.36941808 -0.008274271 0.113304555
v 0.35174072 -0.0082742805 0.11330455
v 0.35174072 0.008274271 0.11330455
v 0.35049522 0.0067985235 0.114231825
v 0.35049522 -0.0067985337 0.114231825
v 0.3493377 0.003486717 0.11539067
v 0.3493377 -0.003486729 0.11539067
v 0.3490123 -5.7492433E-09 0.11578353
v 0.3657299 -0.011312053 0.091920555
v 0.3673246 0.011312035 0.092753485
v 0.3673246 -0.011312053 0.09275351
v 0.3657299 0.011312035 0.091920555
v 0.36021864 -0.011312053 0.091920555
v 0.36021864 0.011312038 0.091920555
v 0.35862395 -0.011312053 0.09275351
v 0.35862395 0.011312038 0.092753485
v 0.3583006 -6.2633374E-09 0.09337593
v 0.3579539 -0.0029239145 0.09404326
v 0.3579539 0.0029239021 0.09404326
v 0.35779327 -0.011312051 0.09435251
v 0.35779327 -0.0052686217 0.095913105
v 0.35779327 -0.0065698377 0.0986151
v 0.35779327 0.011312039 0.09435251
v 0.35779327 -0.011312052 0.10617525
v 0.35779327 0.0052686105 0.095913105
v 0.35779327 0.0065698265 0.0986151
v 0.35779327 0.0065698265 0.10161408
v 0.35779327 -0.0065698395 0.10161408
v 0.35779327 -0.005268627 0.10431608
v 0.357796 -0.0029324228 0.106180586
v 0.35779327 0.011312039 0.10617525
v 0.35779327 0.0052686143 0.10431608
v 0.357796 0.0029324093 0.106180586
v 0.35862395 -0.011312053 0.107774265
v 0.35862395 0.011312036 0.10777426
v 0.35814548 -6.8102723E-09 0.10685328
v 0.36021864 -0.011312053 0.10860721
v 0.36021864 0.011312036 0.108607195
v 0.3657299 -0.011312053 0.10860721
v 0.3657299 0.011312035 0.10860721
v 0.3673246 -0.011312053 0.107774265
v 0.3673246 0.011312035 0.107774265
v 0.3678031 -8.367048E-09 0.106853254
v 0.36789083 -0.0014996184 0.10668432
v 0.36789083 0.0014996015 0.10668432
v 0.36815533 -0.011312053 0.10617525
v 0.36815533 0.011312035 0.10617525
v 0.36815253 -0.002932422 0.106180586
v 0.36815533 -0.004201616 0.105383106
v 0.36815533 -0.005268629 0.10431608
v 0.36815253 0.002932405 0.106180586
v 0.36815533 0.0042015994 0.105383106
v 0.36815533 0.0052686124 0.10431608
v 0.36815533 -0.011312052 0.1028392
v 0.36815533 -0.006071456 0.103038386
v 0.36815533 -0.0065698414 0.10161408
v 0.36815533 -0.011312052 0.10011465
v 0.36815533 -0.0067387936 0.10011459
v 0.36815533 0.011312036 0.1028392
v 0.36815533 0.0060714404 0.103038386
v 0.36815536 0.006569826 0.10161408
v 0.36815533 0.011312036 0.10011465
v 0.36815536 0.0067387787 0.10011459
v 0.36815533 -0.011312051 0.09739011
v 0.36815533 -0.0065698395 0.0986151
v 0.36815533 -0.0060714534 0.0971908
v 0.36815533 0.011312038 0.09739009
v 0.36815536 0.006569825 0.09861509
v 0.36815536 0.0060714385 0.09719079
v 0.36815533 -0.011312053 0.09435251
v 0.36815536 0.011312035 0.09435251
v 0.36815533 -0.0052686236 0.095913105
v 0.36815536 -0.00420161 0.09484609
v 0.3679947 -0.0029239163 0.09404326
v 0.36815536 0.0052686096 0.095913105
v 0.36815536 0.004201595 0.09484609
v 0.3679947 0.0029239007 0.09404326
v 0.3673246 -0.011312053 0.09275351
v 0.36773574 -0.0014996106 0.09354488
v 0.367648 -7.770111E-09 0.09337593
v 0.3673246 0.011312035 0.092753485
v 0.36773574 0.0014995951 0.09354488
v 0.34472275 -0.015276058 0.10360134
v 0.34472275 -0.015276056 0.09662806
v 0.3440943 -0.015668908 0.1001147
v 0.34587866 -0.014117204 0.09331626
v 0.34587866 -0.014117205 0.10691314
v 0.34802634 -0.0122504635 0.09034535
v 0.34802634 -0.012250465 0.10988406
v 0.35065535 -0.011312052 0.08940694
v 0.35065535 -0.011312053 0.11082247
v 0.35779327 -0.011312052 0.10617525
v 0.35862395 -0.011312053 0.107774265
v 0.36021864 -0.011312053 0.10860721
v 0.35779327 -0.011312051 0.09435251
v 0.35862395 -0.011312053 0.09275351
v 0.36021864 -0.011312053 0.091920555
v 0.36941808 -0.011312053 0.11082247
v 0.36941808 -0.011312052 0.089406945
v 0.3657299 -0.011312053 0.10860721
v 0.3673246 -0.011312053 0.107774265
v 0.3657299 -0.011312053 0.091920555
v 0.3673246 -0.011312053 0.09275351
v 0.36815533 -0.011312053 0.10617525
v 0.36815533 -0.011312053 0.09435251
v 0.3706236 -0.01131205 0.09109371
v 0.3719078 -0.011312051 0.094667144
v 0.36815533 -0.011312051 0.09739011
v 0.3719078 -0.011312051 0.09753282
v 0.36815533 -0.011312052 0.10011465
v 0.3719078 -0.011312052 0.100114696
v 0.36815533 -0.011312052 0.1028392
v 0.3719078 -0.011312052 0.10269657
v 0.3706236 -0.011312052 0.109135695
v 0.3719078 -0.011312051 0.105562255
v 0.3493377 -0.0034867274 0.08483873
v 0.3493377 0.0034867187 0.08483873
v 0.3490123 -4.4193698E-09 0.08444588
v 0.35049522 0.006798524 0.08599758
v 0.35049522 -0.0067985333 0.08599758
v 0.35174072 0.008274271 0.08692486
v 0.35174072 -0.00827428 0.08692486
v 0.36941808 -0.008274271 0.086924836
v 0.36941808 0.008274256 0.086924836
v 0.3704605 0.0063481983 0.086924836
v 0.3704605 -0.0063482127 0.086924836
v 0.37151602 0.0030218917 0.08692486
v 0.37151602 -0.003021908 0.08692486
v 0.3719078 -8.183021E-09 0.086924836
v 0.3718985 -0.0014996103 0.09354488
v 0.367648 -7.770111E-09 0.09337593
v 0.3718985 -8.455282E-09 0.09337593
v 0.36773574 -0.0014996106 0.09354488
v 0.3718985 -0.0029239256 0.09404327
v 0.3679947 -0.0029239163 0.09404326
v 0.3718985 -0.004201627 0.09484611
v 0.36815536 -0.00420161 0.09484609
v 0.36815533 -0.0052686236 0.095913105
v 0.3718985 -0.005268642 0.095913135
v 0.37189895 -0.0060714683 0.097190835
v 0.36815533 -0.0060714534 0.0971908
v 0.36815533 -0.0065698395 0.0986151
v 0.37183708 -0.006569846 0.09861515
v 0.37183425 -0.0067387875 0.10011465
v 0.36815533 -0.0067387936 0.10011459
v 0.37183708 -0.0065698233 0.10161415
v 0.36815533 -0.0065698414 0.10161408
v 0.36815533 -0.006071456 0.103038386
v 0.37189895 -0.006071426 0.103038445
v 0.3718985 -0.0052685915 0.10431613
v 0.36815533 -0.005268629 0.10431608
v 0.3718985 -0.004201578 0.10538313
v 0.36815533 -0.004201616 0.105383106
v 0.3718985 -0.0029238872 0.10618594
v 0.36815253 -0.002932422 0.106180586
v 0.3718985 -0.0014995908 0.10668432
v 0.36789083 -0.0014996184 0.10668432
v 0.3718985 -9.027216E-09 0.106853254
v 0.3678031 -8.367048E-09 0.106853254
v 0.36789083 0.0014996015 0.10668432
v 0.3718985 0.0014995728 0.10668432
v 0.36815253 0.002932405 0.106180586
v 0.3718985 0.0029238695 0.10618594
v 0.36815533 0.0042015994 0.105383106
v 0.3718985 0.004201559 0.10538313
v 0.36815533 0.0052686124 0.10431608
v 0.3718985 0.0052685738 0.10431613
v 0.36815533 0.0060714404 0.103038386
v 0.37189895 0.0060714106 0.103038445
v 0.37183708 0.006569806 0.10161414
v 0.36815536 0.006569826 0.10161408
v 0.36815536 0.0067387787 0.10011459
v 0.37183425 0.0067387717 0.10011465
v 0.36815536 0.006569825 0.09861509
v 0.37183708 0.0065698302 0.09861515
v 0.37189895 0.0060714516 0.097190835
v 0.36815536 0.0060714385 0.09719079
v 0.36815536 0.0052686096 0.095913105
v 0.3718985 0.005268627 0.09591312
v 0.3718985 0.00420161 0.09484611
v 0.36815536 0.004201595 0.09484609
v 0.3679947 0.0029239007 0.09404326
v 0.3718985 0.002923909 0.09404327
v 0.36773574 0.0014995951 0.09354488
v 0.3718985 0.001499593 0.09354488
v 0.367648 -7.770111E-09 0.09337593
v 0.3718985 -8.455282E-09 0.09337593
v 0.3447947 -0.0029324244 0.106180586
v 0.34485427 -4.66776E-09 0.10685328
v 0.34479427 -0.0052686273 0.1043161
v 0.34479427 -0.00656984 0.10161408
v 0.34479427 -0.006569839 0.0986151
v 0.34479427 -0.005268623 0.095913105
v 0.34482163 -0.0029239159 0.09404326
v 0.34488067 -4.1000816E-09 0.09337593
v 0.34482163 0.002923908 0.09404326
v 0.34479427 0.005268616 0.095913105
v 0.34479427 0.0065698316 0.0986151
v 0.34479427 0.006569833 0.10161408
v 0.34479427 0.005268619 0.10431608
v 0.3447947 0.0029324149 0.106180586
v 0.3447947 -0.0029324244 0.106180586
v 0.35814548 -6.8102723E-09 0.10685328
v 0.34485427 -4.66776E-09 0.10685328
v 0.357796 -0.0029324228 0.106180586
v 0.34479427 -0.0052686273 0.1043161
v 0.35779327 -0.005268627 0.10431608
v 0.34479427 -0.00656984 0.10161408
v 0.35779327 -0.0065698395 0.10161408
v 0.34479427 -0.006569839 0.0986151
v 0.35779327 -0.0065698377 0.0986151
v 0.35779327 -0.0052686217 0.095913105
v 0.34479427 -0.005268623 0.095913105
v 0.3579539 -0.0029239145 0.09404326
v 0.34482163 -0.0029239159 0.09404326
v 0.3583006 -6.2633374E-09 0.09337593
v 0.34488067 -4.1000816E-09 0.09337593
v 0.34482163 0.002923908 0.09404326
v 0.3579539 0.0029239021 0.09404326
v 0.34479427 0.005268616 0.095913105
v 0.35779327 0.0052686105 0.095913105
v 0.34479427 0.0065698316 0.0986151
v 0.35779327 0.0065698265 0.0986151
v 0.35779327 0.0065698265 0.10161408
v 0.34479427 0.006569833 0.10161408
v 0.35779327 0.0052686143 0.10431608
v 0.34479427 0.005268619 0.10431608
v 0.357796 0.0029324093 0.106180586
v 0.3447947 0.0029324149 0.106180586
v 0.34485427 -4.66776E-09 0.10685328
v 0.35814548 -6.8102723E-09 0.10685328
v 0.34472275 0.0152760465 0.10360134
v 0.3440943 0.015668897 0.100114696
v 0.34472275 0.015276047 0.096628055
v 0.34587866 0.014117195 0.09331625
v 0.34587866 0.014117195 0.10691314
v 0.34802634 0.012250454 0.090345345
v 0.34802634 0.012250451 0.10988405
v 0.35065535 0.011312042 0.08940694
v 0.35065535 0.011312039 0.11082247
v 0.35779327 0.011312039 0.09435251
v 0.35862395 0.011312038 0.092753485
v 0.36021864 0.011312038 0.091920555
v 0.35779327 0.011312039 0.10617525
v 0.35862395 0.011312036 0.10777426
v 0.36021864 0.011312036 0.108607195
v 0.36941808 0.011312039 0.08940694
v 0.36941808 0.011312036 0.11082247
v 0.3657299 0.011312035 0.091920555
v 0.3673246 0.011312035 0.092753485
v 0.3657299 0.011312035 0.10860721
v 0.3673246 0.011312035 0.107774265
v 0.36815536 0.011312035 0.09435251
v 0.3706236 0.011312035 0.09109371
v 0.3719078 0.011312034 0.094667144
v 0.36815533 0.011312038 0.09739009
v 0.3719078 0.011312034 0.09753282
v 0.36815533 0.011312036 0.10011465
v 0.3719078 0.011312033 0.100114696
v 0.36815533 0.011312036 0.1028392
v 0.3719078 0.011312033 0.10269657
v 0.36815533 0.011312035 0.10617525
v 0.3706236 0.011312033 0.109135695
v 0.3719078 0.011312034 0.105562255
v 0.33749527 -3.3425829E-09 0.08444588
v 0.33749527 -3.474015E-09 0.08576645
v 0.33749527 -0.003192866 0.086126186
v 0.33749527 -0.003486727 0.08483873
v 0.33749527 -0.006225553 0.087187365
v 0.33749527 -0.0067985323 0.08599758
v 0.33749527 -0.008946073 0.08889679
v 0.33749527 -0.00976944 0.08786431
v 0.33749527 -0.0112179965 0.09116871
v 0.33749527 -0.012250465 0.09034535
v 0.33749527 -0.012927409 0.09388924
v 0.33749527 -0.014117207 0.09331626
v 0.33749527 -0.013988593 0.09692192
v 0.33749527 -0.015276058 0.09662806
v 0.33749527 -0.014348335 0.1001147
v 0.33749527 -0.01566891 0.1001147
v 0.33749527 -0.013988594 0.103307486
v 0.33749527 -0.015276059 0.10360134
v 0.33749527 -0.01292741 0.10634018
v 0.33749527 -0.014117206 0.10691314
v 0.33749527 -0.011217999 0.109060705
v 0.33749527 -0.012250467 0.10988406
v 0.33749527 -0.008946072 0.111332625
v 0.33749527 -0.009769441 0.11236508
v 0.33749527 -0.006225553 0.11304203
v 0.33749527 -0.0067985323 0.114231825
v 0.33749527 -0.0031928672 0.11410322
v 0.33749527 -0.0034867283 0.11539067
v 0.33749527 -4.6918047E-09 0.114462964
v 0.33749527 -4.672455E-09 0.11578353
v 0.33749527 0.003192858 0.11410322
v 0.33749527 0.003486719 0.11539067
v 0.33749527 0.0062255454 0.11304203
v 0.33749527 0.006798525 0.114231825
v 0.33749527 0.008946065 0.111332625
v 0.33749527 0.009769431 0.11236508
v 0.33749527 0.01121799 0.10906068
v 0.33749527 0.012250458 0.10988405
v 0.33749527 0.012927398 0.10634018
v 0.33749527 0.014117195 0.10691314
v 0.33749527 0.013988584 0.103307486
v 0.33749527 0.0152760465 0.10360134
v 0.33749527 0.014348328 0.100114696
v 0.33749527 0.015668903 0.100114696
v 0.33749527 0.013988585 0.0969219
v 0.33749527 0.015276047 0.096628055
v 0.33749527 0.012927401 0.093889214
v 0.33749527 0.014117198 0.09331625
v 0.33749527 0.01121799 0.09116871
v 0.33749527 0.012250458 0.090345345
v 0.33749527 0.008946067 0.08889678
v 0.33749527 0.009769431 0.08786431
v 0.33749527 0.006225546 0.087187365
v 0.33749527 0.0067985253 0.08599758
v 0.33749527 0.0031928592 0.086126186
v 0.33749527 0.00348672 0.08483873
v 0.33749527 -3.474015E-09 0.08576645
v 0.33749527 -3.3425829E-09 0.08444588
v 0.33749527 -3.474015E-09 0.08576645
v 0.33075568 -3.474015E-09 0.08576645
v 0.33075568 -0.003192866 0.086126186
v 0.33749527 -0.003192866 0.086126186
v 0.33075568 -0.006225553 0.087187365
v 0.33749527 -0.006225553 0.087187365
v 0.33075568 -0.008946073 0.08889679
v 0.33749527 -0.008946073 0.08889679
v 0.33075568 -0.0112179965 0.09116871
v 0.33749527 -0.0112179965 0.09116871
v 0.33075568 -0.012927409 0.09388924
v 0.33749527 -0.012927409 0.09388924
v 0.33075568 -0.013988593 0.09692192
v 0.33749527 -0.013988593 0.09692192
v 0.33075568 -0.014348335 0.1001147
v 0.33749527 -0.014348335 0.1001147
v 0.33075568 -0.013988594 0.103307486
v 0.33749527 -0.013988594 0.103307486
v 0.33075568 -0.01292741 0.10634018
v 0.33749527 -0.01292741 0.10634018
v 0.33075568 -0.011217999 0.109060705
v 0.33749527 -0.011217999 0.109060705
v 0.33075568 -0.008946072 0.111332625
v 0.33749527 -0.008946072 0.111332625
v 0.33075568 -0.006225553 0.11304203
v 0.33749527 -0.006225553 0.11304203
v 0.33075568 -0.0031928672 0.11410322
v 0.33749527 -0.0031928672 0.11410322
v 0.33075568 -4.6918047E-09 0.114462964
v 0.33749527 -4.6918047E-09 0.114462964
v 0.33075568 0.003192858 0.11410322
v 0.33749527 0.003192858 0.11410322
v 0.33075568 0.0062255454 0.11304203
v 0.33749527 0.0062255454 0.11304203
v 0.33075568 0.008946065 0.111332625
v 0.33749527 0.008946065 0.111332625
v 0.33075568 0.01121799 0.10906068
v 0.33749527 0.01121799 0.10906068
v 0.33075568 0.012927398 0.10634018
v 0.33749527 0.012927398 0.10634018
v 0.33075568 0.013988584 0.103307486
v 0.33749527 0.013988584 0.103307486
v 0.33075568 0.014348328 0.100114696
v 0.33749527 0.014348328 0.100114696
v 0.33075568 0.013988585 0.0969219
v 0.33749527 0.013988585 0.0969219
v 0.33075568 0.012927401 0.093889214
v 0.33749527 0.012927401 0.093889214
v 0.33075568 0.01121799 0.09116871
v 0.33749527 0.01121799 0.09116871
v 0.33075568 0.008946067 0.08889678
v 0.33749527 0.008946067 0.08889678
v 0.33075568 0.006225546 0.087187365
v 0.33749527 0.006225546 0.087187365
v 0.33075568 0.0031928592 0.086126186
v 0.33749527 0.0031928592 0.086126186
v 0.33075568 -3.474015E-09 0.08576645
v 0.33749527 -3.474015E-09 0.08576645
v 0.33075568 -0.0031928672 0.11410322
v 0.33075568 -3.474015E-09 0.08576645
v 0.33075568 -4.6918047E-09 0.114462964
v 0.33075568 -0.003192866 0.086126186
v 0.33075568 -0.006225553 0.11304203
v 0.33075568 -0.006225553 0.087187365
v 0.33075568 -0.008946072 0.111332625
v 0.33075568 -0.008946073 0.08889679
v 0.33075568 -0.011217999 0.109060705
v 0.33075568 -0.0112179965 0.09116871
v 0.33075568 -0.01292741 0.10634018
v 0.33075568 -0.012927409 0.09388924
v 0.33075568 -0.013988594 0.103307486
v 0.33075568 -0.013988593 0.09692192
v 0.33075568 -0.014348335 0.1001147
v 0.33075568 -4.6918047E-09 0.114462964
v 0.33075568 -3.474015E-09 0.08576645
v 0.33075568 0.0031928592 0.086126186
v 0.33075568 0.003192858 0.11410322
v 0.33075568 0.006225546 0.087187365
v 0.33075568 0.0062255454 0.11304203
v 0.33075568 0.008946067 0.08889678
v 0.33075568 0.008946065 0.111332625
v 0.33075568 0.01121799 0.09116871
v 0.33075568 0.01121799 0.10906068
v 0.33075568 0.012927401 0.093889214
v 0.33075568 0.012927398 0.10634018
v 0.33075568 0.013988585 0.0969219
v 0.33075568 0.013988584 0.103307486
v 0.33075568 0.014348328 0.100114696
v 0.19437362 -0.0056807757 0.11379275
v 0.19437362 -1.602245E-08 0.1149227
v 0.19437362 0.005680753 0.11379274
v 0.19437362 0.010496673 0.11057484
v 0.19437362 -0.010496702 0.11057484
v 0.19437362 -0.013714599 0.10575892
v 0.19437362 0.013714571 0.10575891
v 0.19437362 -0.014844573 0.10007815
v 0.19437362 0.014844548 0.10007815
v 0.19437362 -0.0137145985 0.09439738
v 0.19437362 0.0137145715 0.09439738
v 0.19437362 -0.010496698 0.08958146
v 0.19437362 0.010496677 0.08958146
v 0.19437362 0.005680758 0.08636357
v 0.19437362 -0.0056807757 0.08636356
v 0.19437362 -7.460189E-09 0.08523359
v 0.19437362 0.005680758 0.08636357
v 0.192163 -7.460189E-09 0.08523359
v 0.19437362 -7.460189E-09 0.08523359
v 0.192163 0.005680757 0.08636357
v 0.19437362 0.010496677 0.08958146
v 0.192163 0.010496677 0.08958146
v 0.19437362 0.0137145715 0.09439738
v 0.192163 0.0137145715 0.09439738
v 0.19437362 0.014844548 0.10007815
v 0.192163 0.014844548 0.10007815
v 0.19437362 0.013714571 0.10575891
v 0.192163 0.013714571 0.10575891
v 0.19437362 0.010496673 0.11057484
v 0.192163 0.010496673 0.11057484
v 0.19437362 0.005680753 0.11379274
v 0.192163 0.005680751 0.11379274
v 0.19437362 -1.602245E-08 0.1149227
v 0.192163 -1.602245E-08 0.1149227
v 0.19437362 -0.0056807757 0.11379275
v 0.192163 -0.0056807757 0.11379275
v 0.19437362 -0.010496702 0.11057484
v 0.192163 -0.010496702 0.11057484
v 0.19437362 -0.013714599 0.10575892
v 0.192163 -0.013714596 0.10575892
v 0.19437362 -0.014844573 0.10007815
v 0.192163 -0.014844573 0.10007815
v 0.19437362 -0.0137145985 0.09439738
v 0.192163 -0.0137145985 0.09439738
v 0.19437362 -0.010496698 0.08958146
v 0.192163 -0.010496698 0.08958146
v 0.19437362 -0.0056807757 0.08636356
v 0.192163 -0.0056807757 0.08636357
v 0.19437362 -7.460189E-09 0.08523359
v 0.192163 -7.460189E-09 0.08523359
v 0.192163 0.012066885 0.11214505
v 0.17230299 0.015766144 0.10660872
v 0.192163 0.015766148 0.10660871
v 0.17230299 0.012066885 0.11214506
v 0.192163 0.0065305433 0.11584432
v 0.17230299 0.0065305433 0.11584432
v 0.192163 -1.6384238E-08 0.11714333
v 0.17230299 -1.6384233E-08 0.11714331
v 0.192163 -0.0065305666 0.11584432
v 0.17230299 -0.0065305666 0.115844294
v 0.192163 -0.012066909 0.11214506
v 0.17230299 -0.012066909 0.11214506
v 0.192163 -0.015766172 0.10660871
v 0.17230299 -0.015766172 0.10660871
v 0.192163 0.015766148 0.10660871
v 0.17230299 0.015766144 0.10660872
v 0.17230299 0.015766148 0.10007815
v 0.192163 0.015766148 0.10007815
v 0.17230299 0.015766148 0.09354759
v 0.192163 0.01576615 0.09354759
v 0.192163 0.01576615 0.09354759
v 0.17230299 0.015766148 0.09354759
v 0.15783069 0.012066889 0.08801125
v 0.192163 0.012066889 0.08801125
v 0.15783069 0.0065305494 0.084312
v 0.192163 0.0065305494 0.084312
v 0.15783069 -8.961051E-09 0.08301298
v 0.192163 -7.098406E-09 0.08301298
v 0.15783069 -0.006530563 0.084312
v 0.192163 -0.006530563 0.08431199
v 0.15783069 -0.012066909 0.08801125
v 0.192163 -0.012066909 0.08801125
v 0.17230299 -0.01576617 0.09354759
v 0.192163 -0.015766175 0.09354759
v 0.192163 -0.015766175 0.09354759
v 0.17230299 -0.01576617 0.09354759
v 0.17230299 -0.015766172 0.10007815
v 0.192163 -0.015766172 0.10007815
v 0.17230299 -0.015766172 0.10660871
v 0.192163 -0.015766172 0.10660871
v 0.04388561 -0.01758888 0.08357944
v 0.12451528 -0.016552852 0.085129976
v 0.04388561 -0.016552856 0.085129976
v 0.1245153 -0.017588876 0.08357945
v 0.04388561 -0.019139409 0.08254342
v 0.1245153 -0.019139402 0.08254342
v 0.04388561 -0.02096838 0.08217961
v 0.1245153 -0.02096837 0.08217961
v 0.104568094 -0.02279734 0.08254342
v 0.1245153 -0.02279734 0.08254342
v 0.06024532 -0.022797346 0.08254341
v 0.10681205 -0.024347868 0.08357944
v 0.04388561 -0.022797346 0.08254342
v 0.1245153 -0.024347868 0.08357945
v 0.058001403 -0.024347872 0.08357944
v 0.10772594 -0.025383897 0.085129976
v 0.04388563 -0.024347872 0.08357944
v 0.1245153 -0.025383897 0.085129976
v 0.057087515 -0.0253839 0.085129976
v 0.04388561 -0.0253839 0.085129976
v 0.10809694 -0.0257477 0.08695894
v 0.1245153 -0.0257477 0.08695894
v 0.1245153 -0.025383897 0.08878791
v 0.10772594 -0.025383897 0.08878791
v 0.1245153 -0.024347868 0.09033844
v 0.106812015 -0.024347872 0.09033844
v 0.1245153 -0.02279734 0.09137447
v 0.104568094 -0.022797346 0.09137447
v 0.056716498 -0.025747703 0.08695894
v 0.04388561 -0.025747703 0.08695894
v 0.04388561 -0.0253839 0.088787906
v 0.057087515 -0.0253839 0.088787906
v 0.04388561 -0.024347877 0.09033844
v 0.058001403 -0.024347877 0.09033844
v 0.04388561 -0.022797346 0.091374464
v 0.1245153 -0.02096837 0.091738276
v 0.060245283 -0.022797346 0.091374464
v 0.04388561 -0.02096838 0.09173827
v 0.12451528 -0.018364139 0.090856455
v 0.04388561 -0.018364144 0.090856455
v 0.12451528 -0.016552849 0.08878791
v 0.04388561 -0.016552856 0.088787906
v 0.057087515 -0.0253839 0.085129976
v 0.056716498 -0.025747703 0.08695894
v 0.057087515 -0.0253839 0.088787906
v 0.058001403 -0.024347877 0.09033844
v 0.058001403 -0.024347872 0.08357944
v 0.060245283 -0.022797346 0.091374464
v 0.06024532 -0.022797346 0.08254341
v 0.104568094 -0.02279734 0.08254342
v 0.104568094 -0.022797346 0.09137447
v 0.106812015 -0.024347872 0.09033844
v 0.10681205 -0.024347868 0.08357944
v 0.10772594 -0.025383897 0.08878791
v 0.10772594 -0.025383897 0.085129976
v 0.10809694 -0.0257477 0.08695894
v 0.12451528 0.016552823 0.085129976
v 0.04388561 0.017588854 0.08357944
v 0.04388561 0.016552828 0.085129976
v 0.1245153 0.01758885 0.08357945
v 0.04388561 0.019139381 0.08254342
v 0.1245153 0.019139376 0.08254342
v 0.04388561 0.020968352 0.08217961
v 0.1245153 0.020968346 0.08217961
v 0.06024532 0.022797322 0.08254341
v 0.04388561 0.022797322 0.08254342
v 0.104568094 0.022797322 0.08254342
v 0.058001403 0.02434785 0.08357944
v 0.1245153 0.022797322 0.08254342
v 0.04388563 0.02434785 0.08357944
v 0.10681205 0.024347844 0.08357944
v 0.057087515 0.025383877 0.085129976
v 0.1245153 0.024347844 0.08357945
v 0.04388561 0.025383877 0.085129976
v 0.10772594 0.025383867 0.085129976
v 0.1245153 0.025383867 0.085129976
v 0.056716498 0.02574768 0.08695894
v 0.04388561 0.02574768 0.08695894
v 0.04388561 0.025383877 0.088787906
v 0.057087515 0.025383877 0.088787906
v 0.04388561 0.02434785 0.09033844
v 0.058001403 0.02434785 0.09033844
v 0.04388561 0.022797322 0.091374464
v 0.060245283 0.022797322 0.091374464
v 0.10809694 0.025747675 0.08695894
v 0.1245153 0.025747675 0.08695894
v 0.1245153 0.025383867 0.08878791
v 0.10772594 0.025383867 0.08878791
v 0.1245153 0.024347844 0.09033844
v 0.106812015 0.02434785 0.09033844
v 0.1245153 0.022797322 0.09137447
v 0.04388561 0.020968352 0.09173827
v 0.104568094 0.022797322 0.09137447
v 0.1245153 0.020968346 0.091738276
v 0.12451528 0.018364113 0.090856455
v 0.04388561 0.018364118 0.090856455
v 0.12451528 0.01655282 0.08878791
v 0.04388561 0.016552826 0.088787906
v 0.057087515 0.025383877 0.085129976
v 0.057087515 0.025383877 0.088787906
v 0.056716498 0.02574768 0.08695894
v 0.058001403 0.02434785 0.09033844
v 0.058001403 0.02434785 0.08357944
v 0.060245283 0.022797322 0.091374464
v 0.06024532 0.022797322 0.08254341
v 0.104568094 0.022797322 0.08254342
v 0.104568094 0.022797322 0.09137447
v 0.106812015 0.02434785 0.09033844
v 0.10681205 0.024347844 0.08357944
v 0.10772594 0.025383867 0.08878791
v 0.10772594 0.025383867 0.085129976
v 0.10809694 0.025747675 0.08695894
v 0.034223862 -0.012729054 0.07471317
v 0.034223862 -0.027573599 0.07789684
v 0.034223862 -0.012729055 0.07789684
v 0.034223862 -0.027573599 0.07471317
v 0.032672785 -0.029124673 0.07471317
v 0.032672785 -0.029124673 0.07789684
v 0.021625824 -0.029124673 0.07789684
v 0.021625824 -0.029124673 0.07471317
v 0.020074768 -0.027573599 0.07789684
v 0.020074768 -0.027573599 0.07471317
v 0.020074768 -0.018351346 0.07789684
v 0.020074768 -0.01835135 0.07471317
v 0.017560119 -0.018351346 0.07471317
v 0.017560119 -0.018351346 0.07789684
v 0.020074768 -0.01835135 0.07471317
v 0.017560119 -0.012729054 0.07471317
v 0.017560119 -0.018351346 0.07471317
v 0.034223862 -0.012729054 0.07471317
v 0.034223862 -0.027573599 0.07471317
v 0.020074768 -0.027573599 0.07471317
v 0.021625824 -0.029124673 0.07471317
v 0.032672785 -0.029124673 0.07471317
v 0.017560119 -0.012729055 0.07789684
v 0.020074768 -0.018351346 0.07789684
v 0.017560119 -0.018351346 0.07789684
v 0.034223862 -0.012729055 0.07789684
v 0.020074768 -0.027573599 0.07789684
v 0.034223862 -0.027573599 0.07789684
v 0.021625824 -0.029124673 0.07789684
v 0.032672785 -0.029124673 0.07789684
v 0.034223862 0.012728999 0.07471317
v 0.034223862 0.0127289975 0.07789684
v 0.034223862 0.027573565 0.07789684
v 0.034223862 0.027573565 0.07471317
v 0.032672785 0.029124621 0.07471317
v 0.032672785 0.02912464 0.07789684
v 0.021625824 0.029124651 0.07789684
v 0.021625824 0.029124651 0.07471317
v 0.020074768 0.027573576 0.07789684
v 0.020074768 0.027573576 0.07471317
v 0.020074768 0.018351294 0.07789684
v 0.020074768 0.018351298 0.07471317
v 0.017560119 0.018351294 0.07471317
v 0.017560119 0.018351294 0.07789684
v 0.020074768 0.018351298 0.07471317
v 0.017560119 0.018351294 0.07471317
v 0.017560119 0.012728999 0.07471317
v 0.034223862 0.012728999 0.07471317
v 0.034223862 0.027573565 0.07471317
v 0.020074768 0.027573576 0.07471317
v 0.021625824 0.029124651 0.07471317
v 0.032672785 0.029124621 0.07471317
v 0.017560119 0.0127289975 0.07789684
v 0.017560119 0.018351294 0.07789684
v 0.020074768 0.018351294 0.07789684
v 0.034223862 0.0127289975 0.07789684
v 0.020074768 0.027573576 0.07789684
v 0.034223862 0.027573565 0.07789684
v 0.021625824 0.029124651 0.07789684
v 0.032672785 0.02912464 0.07789684
v -0.010659027 0.012967697 0.04085223
v -0.010659027 0.016542092 0.040852237
v -0.010870704 0.016542105 0.047519144
v -0.010870704 0.012967711 0.04751914
v -0.012532768 0.016542088 0.053483024
v -0.012532768 0.0129676955 0.053483017
v -0.0156942 0.012967695 0.057834376
v -0.0156942 0.016542088 0.05783438
v -0.019370498 0.012967695 0.060622405
v -0.019370498 0.01654209 0.06062241
v -0.02563076 0.016542101 0.062657915
v -0.02563076 0.012967706 0.06265791
v -0.032297704 0.016542088 0.0626712
v -0.032297704 0.012967691 0.06267119
v -0.032297704 0.016839543 0.06627682
v -0.032297704 0.012967691 0.06267119
v -0.032297704 0.016542088 0.0626712
v -0.032297704 0.012967674 0.08322314
v -0.032297704 0.019593855 0.08322314
v -0.032297704 0.019593848 0.07004092
v -0.00705162 0.016839547 0.040852237
v -0.010870704 0.016542105 0.047519144
v -0.010659027 0.016542092 0.040852237
v -0.007280693 0.016839555 0.048068203
v -0.0032925033 0.019593852 0.040852237
v -0.012532768 0.016542088 0.053483024
v -0.0034791182 0.01959386 0.04864961
v -0.009233894 0.016839547 0.055076774
v -0.0156942 0.016542088 0.05783438
v -0.0057809064 0.019593848 0.056745008
v -0.013090629 0.016839545 0.060385067
v -0.019370498 0.01654209 0.06062241
v -0.010305824 0.019593846 0.063113295
v -0.017676735 0.016839543 0.063863106
v -0.02563076 0.016542101 0.062657915
v -0.015883101 0.01959385 0.06729495
v -0.025055809 0.016839549 0.06626238
v -0.032297704 0.016542088 0.0626712
v -0.024453124 0.019593855 0.07004092
v -0.032297704 0.016839543 0.06627682
v -0.032297704 0.019593848 0.07004092
v 0.00952549 0.019593861 0.040852245
v 0.00952549 0.0129676815 0.04085224
v 0.00952549 0.012967676 0.08322304
v 0.00952549 0.019593855 0.08322304
v -0.010659027 0.016542092 0.040852237
v -0.010659027 0.012967697 0.04085223
v -0.00705162 0.016839547 0.040852237
v 0.00952549 0.0129676815 0.04085224
v -0.0032925033 0.019593852 0.040852237
v 0.00952549 0.019593861 0.040852245
v -0.032297704 0.019593855 0.08322314
v 0.00952549 0.019593855 0.08322304
v 0.00952549 0.012967676 0.08322304
v -0.032297704 0.012967674 0.08322314
v -0.010659027 -0.012967724 0.04085223
v -0.010870704 -0.016542135 0.047519144
v -0.010659027 -0.01654212 0.040852237
v -0.010870704 -0.012967739 0.04751914
v -0.012532768 -0.016542118 0.053483024
v -0.012532768 -0.012967724 0.053483017
v -0.0156942 -0.0129677225 0.057834376
v -0.0156942 -0.016542114 0.05783438
v -0.019370498 -0.0129677225 0.060622405
v -0.019370498 -0.016542118 0.06062241
v -0.02563076 -0.01654213 0.062657915
v -0.02563076 -0.012967734 0.06265791
v -0.032297704 -0.016542118 0.0626712
v -0.032297704 -0.01296772 0.06267119
v -0.032297704 -0.016839571 0.06627682
v -0.032297704 -0.016542118 0.0626712
v -0.032297704 -0.01296772 0.06267119
v -0.032297704 -0.012967703 0.08322314
v -0.032297704 -0.019593881 0.08322314
v -0.032297704 -0.019593878 0.07004092
v -0.00705162 -0.016839575 0.040852237
v -0.010659027 -0.01654212 0.040852237
v -0.010870704 -0.016542135 0.047519144
v -0.007280693 -0.016839582 0.048068203
v -0.0032925033 -0.01959388 0.040852237
v -0.012532768 -0.016542118 0.053483024
v -0.0034791182 -0.019593887 0.04864961
v -0.009233894 -0.016839575 0.055076774
v -0.0156942 -0.016542114 0.05783438
v -0.0057809064 -0.019593878 0.056745008
v -0.013090629 -0.016839573 0.060385067
v -0.019370498 -0.016542118 0.06062241
v -0.010305824 -0.019593876 0.063113295
v -0.017676735 -0.016839571 0.063863106
v -0.02563076 -0.01654213 0.062657915
v -0.015883101 -0.019593878 0.06729495
v -0.025055809 -0.016839577 0.06626238
v -0.032297704 -0.016542118 0.0626712
v -0.024453124 -0.019593881 0.07004092
v -0.032297704 -0.016839571 0.06627682
v -0.032297704 -0.019593878 0.07004092
v 0.00952549 -0.019593889 0.040852245
v 0.00952549 -0.019593881 0.08322304
v 0.00952549 -0.012967703 0.08322304
v 0.00952549 -0.01296771 0.04085224
v -0.010659027 -0.01654212 0.040852237
v -0.00705162 -0.016839575 0.040852237
v -0.010659027 -0.012967724 0.04085223
v 0.00952549 -0.01296771 0.04085224
v -0.0032925033 -0.01959388 0.040852237
v 0.00952549 -0.019593889 0.040852245
v -0.024453124 -0.019593881 0.07004092
v -0.032297704 -0.019593878 0.07004092
v -0.032297704 -0.019593881 0.08322314
v 0.00952549 -0.019593881 0.08322304
v -0.015883101 -0.019593878 0.06729495
v -0.010305824 -0.019593876 0.063113295
v -0.0057809064 -0.019593878 0.056745008
v 0.00952549 -0.019593889 0.040852245
v -0.0034791182 -0.019593887 0.04864961
v -0.0032925033 -0.01959388 0.040852237
v -0.032297704 -0.019593881 0.08322314
v -0.032297704 -0.012967703 0.08322314
v 0.00952549 -0.012967703 0.08322304
v 0.00952549 -0.019593881 0.08322304
v -0.018634528 0.00017616877 -0.08413711
v -0.019706002 0.0032355746 -0.08560221
v -0.019122733 0.000176169 -0.08577593
v -0.019217797 0.0032355743 -0.083963394
v -0.021366881 0.0058292127 -0.08510751
v -0.020878676 0.0058292127 -0.08346868
v -0.023852577 0.0075622275 -0.08436714
v -0.023364373 0.0075622275 -0.08272831
v -0.026784705 0.008170779 -0.083493784
v -0.0262965 0.008170779 -0.081854954
v -0.029716795 0.0075622266 -0.08262043
v -0.02922863 0.0075622257 -0.080981635
v -0.03220253 0.0058292113 -0.08188003
v -0.031714324 0.0058292113 -0.0802412
v -0.033863448 0.0032355727 -0.081385344
v -0.033375245 0.0032355727 -0.079746515
v -0.03444668 0.00017616758 -0.08121162
v -0.033958472 0.00017616733 -0.07957281
v -0.033863448 -0.0028832376 -0.081385344
v -0.033375245 -0.0028832376 -0.079746515
v -0.03220253 -0.005476875 -0.08188003
v -0.031714324 -0.005476875 -0.0802412
v -0.029716795 -0.0072098887 -0.08262043
v -0.02922863 -0.007209889 -0.080981635
v -0.026784705 -0.007818443 -0.083493784
v -0.0262965 -0.007818443 -0.081854954
v -0.023852577 -0.0072098877 -0.08436714
v -0.023364373 -0.0072098877 -0.08272831
v -0.021366881 -0.005476874 -0.08510751
v -0.020878676 -0.005476874 -0.08346868
v -0.019706002 -0.0028832364 -0.08560221
v -0.019217797 -0.0028832366 -0.083963394
v -0.019122733 0.000176169 -0.08577593
v -0.018634528 0.00017616877 -0.08413711
v -0.019706002 0.0032355746 -0.08560221
v -0.022213515 0.00017616873 -0.084855326
v -0.019122733 0.000176169 -0.08577593
v -0.022561455 0.0020014425 -0.0847517
v -0.021366881 0.0058292127 -0.08510751
v -0.023552397 0.0035488363 -0.08445658
v -0.023852577 0.0075622275 -0.08436714
v -0.0250354 0.004582774 -0.084014855
v -0.026784705 0.008170779 -0.083493784
v -0.026784744 0.004945842 -0.083493784
v -0.029716795 0.0075622266 -0.08262043
v -0.02853405 0.004582772 -0.08297275
v -0.03220253 0.0058292113 -0.08188003
v -0.030017052 0.0035488408 -0.08253105
v -0.033863448 0.0032355727 -0.081385344
v -0.031007957 0.0020014388 -0.082235865
v -0.03444668 0.00017616758 -0.08121162
v -0.031355932 0.00017616787 -0.082132205
v -0.033863448 -0.0028832376 -0.081385344
v -0.031007957 -0.0016491027 -0.082235865
v -0.03220253 -0.005476875 -0.08188003
v -0.030017052 -0.003196505 -0.08253105
v -0.029716795 -0.0072098887 -0.08262043
v -0.02853405 -0.004230436 -0.08297275
v -0.026784705 -0.007818443 -0.083493784
v -0.026784744 -0.0045935074 -0.083493784
v -0.023852577 -0.0072098877 -0.08436714
v -0.0250354 -0.0042304364 -0.084014855
v -0.021366881 -0.005476874 -0.08510751
v -0.023552397 -0.0031964986 -0.08445658
v -0.019706002 -0.0028832364 -0.08560221
v -0.022561455 -0.0016491049 -0.0847517
v -0.019122733 0.000176169 -0.08577593
v -0.022213515 0.00017616873 -0.084855326
v -0.022561455 0.0020014425 -0.0847517
v -0.022465324 0.00017616888 -0.08570076
v -0.022213515 0.00017616873 -0.084855326
v -0.0228133 0.0020014427 -0.08559711
v -0.023552397 0.0035488363 -0.08445658
v -0.023804206 0.0035488366 -0.08530197
v -0.0250354 0.004582774 -0.084014855
v -0.025287207 0.004582774 -0.08486025
v -0.026784744 0.004945842 -0.083493784
v -0.027036551 0.004945842 -0.08433922
v -0.02853405 0.004582772 -0.08297275
v -0.028785858 0.004582772 -0.083818145
v -0.030017052 0.0035488408 -0.08253105
v -0.03026886 0.003548841 -0.08337646
v -0.031007957 0.0020014388 -0.082235865
v -0.031259764 0.002001439 -0.08308128
v -0.031355932 0.00017616787 -0.082132205
v -0.031607743 0.00017616802 -0.08297764
v -0.031007957 -0.0016491027 -0.082235865
v -0.031259764 -0.0016491025 -0.08308128
v -0.030017052 -0.003196505 -0.08253105
v -0.03026886 -0.0031965047 -0.08337646
v -0.02853405 -0.004230436 -0.08297275
v -0.028785858 -0.0042304355 -0.083818145
v -0.026784744 -0.0045935074 -0.083493784
v -0.027036551 -0.0045935074 -0.08433922
v -0.0250354 -0.0042304364 -0.084014855
v -0.025287207 -0.0042304364 -0.08486025
v -0.023552397 -0.0031964986 -0.08445658
v -0.023804206 -0.003196499 -0.08530197
v -0.022561455 -0.0016491049 -0.0847517
v -0.0228133 -0.0016491048 -0.08559711
v -0.022213515 0.00017616873 -0.084855326
v -0.022465324 0.00017616888 -0.08570076
v -0.031259764 -0.0016491025 -0.08308128
v -0.031259764 0.002001439 -0.08308128
v -0.031607743 0.00017616802 -0.08297764
v -0.03026886 0.003548841 -0.08337646
v -0.03026886 -0.0031965047 -0.08337646
v -0.028785858 0.004582772 -0.083818145
v -0.028785858 -0.0042304355 -0.083818145
v -0.027036551 0.004945842 -0.08433922
v -0.027036551 -0.0045935074 -0.08433922
v -0.025287207 0.004582774 -0.08486025
v -0.025287207 -0.0042304364 -0.08486025
v -0.023804206 -0.003196499 -0.08530197
v -0.023804206 0.0035488366 -0.08530197
v -0.0228133 0.0020014427 -0.08559711
v -0.0228133 -0.0016491048 -0.08559711
v -0.022465324 0.00017616888 -0.08570076
v -0.019217797 -0.0028832366 -0.083963394
v -0.019217797 0.0032355743 -0.083963394
v -0.018634528 0.00017616877 -0.08413711
v -0.020878676 -0.005476874 -0.08346868
v -0.020878676 0.0058292127 -0.08346868
v -0.023364373 0.0075622275 -0.08272831
v -0.023364373 -0.0072098877 -0.08272831
v -0.0262965 -0.007818443 -0.081854954
v -0.0262965 0.008170779 -0.081854954
v -0.02922863 -0.007209889 -0.080981635
v -0.02922863 0.0075622257 -0.080981635
v -0.031714324 -0.005476875 -0.0802412
v -0.031714324 0.0058292113 -0.0802412
v -0.033375245 -0.0028832376 -0.079746515
v -0.033375245 0.0032355727 -0.079746515
v -0.033958472 0.00017616733 -0.07957281
v -0.0146643445 0.00017616675 -0.07081158
v -0.01417614 0.00017616652 -0.06917274
v -0.014759368 0.0032355723 -0.068999
v -0.015247573 0.0032355725 -0.07063784
v -0.016420249 0.00582921 -0.0685042
v -0.016908454 0.00582921 -0.07014305
v -0.018905906 0.007562225 -0.06776371
v -0.01939411 0.007562225 -0.06940254
v -0.021837959 0.008170776 -0.06689024
v -0.022326201 0.008170777 -0.068529055
v -0.024770012 0.0075622248 -0.06601675
v -0.025258254 0.0075622248 -0.06765556
v -0.027255744 0.005829209 -0.06527626
v -0.027743949 0.005829209 -0.06691509
v -0.028916588 0.0032355702 -0.06478146
v -0.029404793 0.0032355704 -0.06642029
v -0.029499816 0.0001761651 -0.06460773
v -0.02998802 0.00017616534 -0.066246524
v -0.028916588 -0.00288324 -0.06478146
v -0.029404793 -0.0028832399 -0.06642029
v -0.027255744 -0.0054768776 -0.06527626
v -0.027743949 -0.0054768776 -0.06691509
v -0.024770012 -0.007209891 -0.06601675
v -0.025258254 -0.007209891 -0.06765556
v -0.021837959 -0.007818446 -0.06689024
v -0.022326201 -0.007818445 -0.068529055
v -0.018905906 -0.0072098905 -0.06776371
v -0.01939411 -0.0072098905 -0.06940254
v -0.016420249 -0.005476876 -0.0685042
v -0.016908454 -0.005476876 -0.07014305
v -0.014759368 -0.002883239 -0.068999
v -0.015247573 -0.0028832387 -0.07063784
v -0.01417614 0.00017616652 -0.06917274
v -0.0146643445 0.00017616675 -0.07081158
v -0.014759368 -0.002883239 -0.068999
v -0.016934967 0.00017616632 -0.0683509
v -0.01417614 0.00017616652 -0.06917274
v -0.017308196 -0.0017816344 -0.06823969
v -0.016420249 -0.005476876 -0.0685042
v -0.01837101 -0.003441379 -0.06792305
v -0.018905906 -0.0072098905 -0.06776371
v -0.0199617 -0.0045503853 -0.06744919
v -0.021837959 -0.007818446 -0.06689024
v -0.021837996 -0.004939816 -0.06689024
v -0.024770012 -0.007209891 -0.06601675
v -0.023714295 -0.0045503858 -0.06633129
v -0.027255744 -0.0054768776 -0.06527626
v -0.025304984 -0.0034413768 -0.06585741
v -0.028916588 -0.00288324 -0.06478146
v -0.026367836 -0.0017816405 -0.06554077
v -0.029499816 0.0001761651 -0.06460773
v -0.026741065 0.00017616538 -0.06542957
v -0.028916588 0.0032355702 -0.06478146
v -0.026367836 0.0021339715 -0.06554077
v -0.027255744 0.005829209 -0.06527626
v -0.025304984 0.003793708 -0.06585741
v -0.024770012 0.0075622248 -0.06601675
v -0.023714295 0.004902717 -0.06633129
v -0.021837959 0.008170776 -0.06689024
v -0.021837996 0.0052921483 -0.06689024
v -0.018905906 0.007562225 -0.06776371
v -0.0199617 0.004902717 -0.06744919
v -0.016420249 0.00582921 -0.0685042
v -0.01837101 0.0037937115 -0.06792305
v -0.014759368 0.0032355723 -0.068999
v -0.017308196 0.0021339671 -0.06823969
v -0.01417614 0.00017616652 -0.06917274
v -0.016934967 0.00017616632 -0.0683509
v -0.017308196 -0.0017816344 -0.06823969
v -0.016665688 0.00017616614 -0.06744698
v -0.016934967 0.00017616632 -0.0683509
v -0.017038917 -0.0017816345 -0.06733579
v -0.01837101 -0.003441379 -0.06792305
v -0.01810173 -0.0034413787 -0.06701916
v -0.0199617 -0.0045503853 -0.06744919
v -0.019692421 -0.0045503853 -0.06654529
v -0.021837996 -0.004939816 -0.06689024
v -0.021568717 -0.004939816 -0.06598634
v -0.023714295 -0.0045503858 -0.06633129
v -0.023445014 -0.0045503853 -0.0654274
v -0.025304984 -0.0034413768 -0.06585741
v -0.025035705 -0.0034413768 -0.0649535
v -0.026367836 -0.0017816405 -0.06554077
v -0.026098518 -0.0017816406 -0.06463689
v -0.026741065 0.00017616538 -0.06542957
v -0.026471747 0.00017616522 -0.064525716
v -0.026367836 0.0021339715 -0.06554077
v -0.026098518 0.0021339708 -0.06463689
v -0.025304984 0.003793708 -0.06585741
v -0.025035705 0.003793708 -0.0649535
v -0.023714295 0.004902717 -0.06633129
v -0.023445014 0.004902717 -0.0654274
v -0.021837996 0.0052921483 -0.06689024
v -0.021568717 0.0052921483 -0.06598634
v -0.0199617 0.004902717 -0.06744919
v -0.019692421 0.004902717 -0.06654529
v -0.01837101 0.0037937115 -0.06792305
v -0.01810173 0.0037937115 -0.06701916
v -0.017308196 0.0021339671 -0.06823969
v -0.017038917 0.002133967 -0.06733579
v -0.016934967 0.00017616632 -0.0683509
v -0.016665688 0.00017616614 -0.06744698
v -0.026098518 0.0021339708 -0.06463689
v -0.026098518 -0.0017816406 -0.06463689
v -0.026471747 0.00017616522 -0.064525716
v -0.025035705 -0.0034413768 -0.0649535
v -0.025035705 0.003793708 -0.0649535
v -0.023445014 -0.0045503853 -0.0654274
v -0.023445014 0.004902717 -0.0654274
v -0.021568717 -0.004939816 -0.06598634
v -0.021568717 0.0052921483 -0.06598634
v -0.019692421 -0.0045503853 -0.06654529
v -0.019692421 0.004902717 -0.06654529
v -0.01810173 0.0037937115 -0.06701916
v -0.01810173 -0.0034413787 -0.06701916
v -0.017038917 -0.0017816345 -0.06733579
v -0.017038917 0.002133967 -0.06733579
v -0.016665688 0.00017616614 -0.06744698
v -0.029404793 -0.0028832399 -0.06642029
v -0.029404793 0.0032355704 -0.06642029
v -0.02998802 0.00017616534 -0.066246524
v -0.027743949 -0.0054768776 -0.06691509
v -0.027743949 0.005829209 -0.06691509
v -0.025258254 -0.007209891 -0.06765556
v -0.025258254 0.0075622248 -0.06765556
v -0.022326201 -0.007818445 -0.068529055
v -0.022326201 0.008170777 -0.068529055
v -0.01939411 -0.0072098905 -0.06940254
v -0.01939411 0.007562225 -0.06940254
v -0.016908454 0.00582921 -0.07014305
v -0.016908454 -0.005476876 -0.07014305
v -0.015247573 -0.0028832387 -0.07063784
v -0.015247573 0.0032355725 -0.07063784
v -0.0146643445 0.00017616675 -0.07081158
v -0.0009451675 -0.004735012 0.04267412
v -0.003654289 -0.004735014 0.053259972
v -0.0009451675 -0.004735014 0.053259972
v -0.0045967866 -0.0047350125 0.045182418
v -0.006835289 -0.004735012 0.04267412
v -0.006835289 -0.0047350125 0.045182418
v -0.0045967866 0.0051925257 0.045182418
v -0.0009451675 0.0051925243 0.053259972
v -0.003654289 0.0051925243 0.053259972
v -0.0009451675 0.0051925257 0.04267412
v -0.006835289 0.0051925257 0.04267412
v -0.006835289 0.0051925257 0.045182418
v -0.0045967866 -0.0047350125 0.045182418
v -0.0045967866 0.0051925257 0.045182418
v -0.003654289 0.0051925243 0.053259972
v -0.003654289 -0.004735014 0.053259972
v -0.006835289 0.0051925257 0.04267412
v -0.00781147 -0.002253128 0.04267412
v -0.006835289 -0.004735012 0.04267412
v -0.00781147 0.0027106414 0.04267412
v -0.008116646 0.0002287566 0.04267412
v -0.0045967866 -0.0047350125 0.045182418
v -0.006835289 -0.0047350125 0.045182418
v -0.00781147 -0.0022531282 0.045182418
v -0.008116646 0.0002287562 0.045182418
v -0.0045967866 0.0051925257 0.045182418
v -0.00781147 0.0027106407 0.045182418
v -0.006835289 0.0051925257 0.045182418
v -0.00781147 -0.002253128 0.04267412
v -0.006835289 -0.0047350125 0.045182418
v -0.006835289 -0.004735012 0.04267412
v -0.00781147 -0.0022531282 0.045182418
v -0.008116646 0.0002287566 0.04267412
v -0.008116646 0.0002287562 0.045182418
v -0.00781147 0.0027106414 0.04267412
v -0.00781147 0.0027106407 0.045182418
v -0.006835289 0.0051925257 0.04267412
v -0.006835289 0.0051925257 0.045182418
v 0.004703102 0.018415289 0.112786405
v 0.0073431777 0.018881917 0.112786405
v 0.00975132 0.018415289 0.112786405
v 0.011612434 0.016981764 0.112786405
v 0.003001976 0.01698177 0.112786405
v 0.0022724532 0.014940604 0.112786405
v 0.012371711 0.014940604 0.112786405
v 0.0020812606 0.012986909 0.112786405
v 0.0125629045 0.012986916 0.112786405
v 0.0020812606 -0.0129869515 0.112786405
v 0.0125629045 -0.012986962 0.112786405
v 0.012371711 -0.014940649 0.112786405
v 0.0022724532 -0.014940649 0.112786405
v 0.011612434 -0.01698181 0.112786405
v 0.003001976 -0.016981812 0.112786405
v 0.004703102 -0.018415332 0.112786405
v 0.00975132 -0.018415332 0.112786405
v 0.0073431777 -0.01888196 0.112786405
v 0.0125629045 0.012986918 0.09309675
v 0.0125629045 0.012986916 0.112786405
v 0.012371711 0.014940604 0.112786405
v 0.012371711 0.014940606 0.09309675
v 0.011612434 0.016981764 0.112786405
v 0.011612434 0.016981767 0.09309675
v 0.00975132 0.018415293 0.09309675
v 0.00975132 0.018415289 0.112786405
v 0.0073431777 0.018881917 0.112786405
v 0.0073431777 0.01888192 0.09309675
v 0.004703102 0.018415289 0.112786405
v 0.004703102 0.018415293 0.09309675
v 0.003001976 0.016981771 0.09309675
v 0.003001976 0.01698177 0.112786405
v 0.0022724532 0.014940604 0.112786405
v 0.0022724532 0.014940606 0.09309675
v 0.0020812606 0.012986911 0.09309675
v 0.0020812606 0.012986909 0.112786405
v 0.0020812606 -0.01298695 0.09309675
v 0.0020812606 -0.0129869515 0.112786405
v 0.0022724532 -0.014940649 0.112786405
v 0.0022724532 -0.0149406465 0.09309675
v 0.003001976 -0.01698181 0.09309675
v 0.003001976 -0.016981812 0.112786405
v 0.004703102 -0.018415332 0.112786405
v 0.004703102 -0.01841533 0.09309675
v 0.0073431777 -0.018881958 0.09309675
v 0.0073431777 -0.01888196 0.112786405
v 0.00975132 -0.01841533 0.09309675
v 0.00975132 -0.018415332 0.112786405
v 0.011612434 -0.01698181 0.112786405
v 0.011612434 -0.016981808 0.09309675
v 0.012371711 -0.0149406465 0.09309675
v 0.012371711 -0.014940649 0.112786405
v 0.0125629045 -0.012986959 0.09309675
v 0.0125629045 -0.012986962 0.112786405
v 0.004703102 0.018415293 0.09309675
v 0.00975132 0.018415293 0.09309675
v 0.0073431777 0.01888192 0.09309675
v 0.003001976 0.016981771 0.09309675
v 0.011612434 0.016981767 0.09309675
v 0.012371711 0.014940606 0.09309675
v 0.0022724532 0.014940606 0.09309675
v 0.0020812606 0.012986911 0.09309675
v 0.0125629045 0.012986918 0.09309675
v 0.0125629045 -0.012986959 0.09309675
v 0.0020812606 -0.01298695 0.09309675
v 0.012371711 -0.0149406465 0.09309675
v 0.0022724532 -0.0149406465 0.09309675
v 0.003001976 -0.01698181 0.09309675
v 0.011612434 -0.016981808 0.09309675
v 0.00975132 -0.01841533 0.09309675
v 0.004703102 -0.01841533 0.09309675
v 0.0073431777 -0.018881958 0.09309675
v -0.024453124 0.019593855 0.07004092
v -0.032297704 0.019593855 0.08322314
v -0.032297704 0.019593848 0.07004092
v 0.00952549 0.019593855 0.08322304
v -0.015883101 0.01959385 0.06729495
v -0.010305824 0.019593846 0.063113295
v -0.0057809064 0.019593848 0.056745008
v 0.00952549 0.019593861 0.040852245
v -0.0034791182 0.01959386 0.04864961
v -0.0032925033 0.019593852 0.040852237
v 0.0038831425 -0.004905864 0.09189344
v 0.00279603 -0.0049058646 0.09321926
v 0.023998508 -0.0049058646 0.09321926
v 0.023998508 -0.0046527977 0.09128431
v 0.0057075024 -0.004467312 0.091284305
v 0.023998508 -0.0026762516 0.089349344
v 0.0151131535 -0.0017253077 0.08836093
v 0.023998508 0.0030999824 0.089349344
v 0.0057075024 0.004891042 0.091284305
v 0.0151131535 0.0021490352 0.08836093
v 0.023998508 0.005076528 0.09128431
v 0.023998508 0.0053295945 0.09321926
v 0.0038831425 0.0053295945 0.09189344
v 0.00279603 0.0053295945 0.09321926
v 0.0038831425 0.0053295945 0.09189344
v 0.00279603 0.0053295945 0.09321926
v 0.00279603 -0.0049058646 0.09321926
v 0.0038831425 -0.004905864 0.09189344
v 0.0057075024 0.004891042 0.091284305
v 0.0057075024 -0.004467312 0.091284305
v 0.0151131535 0.0021490352 0.08836093
v 0.0151131535 -0.0017253077 0.08836093
v 0.023998508 0.0030999824 0.089349344
v 0.023998508 -0.0026762516 0.089349344
v 0.003250513 -0.0033368003 0.10518474
v 0.000593338 -0.0018127095 0.106203094
v 0.003250513 -0.0018127244 0.106203094
v 0.000593338 -0.0033367814 0.105184734
v 0.003250513 -0.0043551493 0.10366066
v 0.000593338 -0.0043551377 0.10366066
v 0.003250513 -0.0047127507 0.101862885
v 0.000593338 -0.004712732 0.101862885
v 0.003250513 -0.004355152 0.100065134
v 0.000593338 -0.004355141 0.100065134
v 0.003250513 -0.003336803 0.09854106
v 0.000593338 -0.0033367842 0.09854105
v 0.003250513 -0.0018127231 0.097522706
v 0.000593338 -0.0018127119 0.0975227
v 0.003250513 -1.4957506E-05 0.09716511
v 0.000593338 -1.4942605E-05 0.09716511
v 0.003250513 0.0017828114 0.097522706
v 0.000593338 0.0017828225 0.0975227
v 0.003250513 0.0033068873 0.09854106
v 0.000593338 0.0033068983 0.09854105
v 0.003250513 0.0043252395 0.100065134
v 0.000593338 0.004325251 0.100065134
v 0.003250513 0.004682834 0.101862885
v 0.000593338 0.0046828487 0.101862885
v 0.003250513 0.0043252353 0.10366066
v 0.000593338 0.00432525 0.10366066
v 0.003250513 0.0033068822 0.10518474
v 0.000593338 0.0033068934 0.105184734
v 0.003250513 0.0017828101 0.106203094
v 0.000593338 0.0017828213 0.106203094
v 0.003250513 -1.4959033E-05 0.106560685
v 0.000593338 -1.4944132E-05 0.106560685
v 0.003250513 -0.0018127244 0.106203094
v 0.000593338 -0.0018127095 0.106203094
v 0.000593338 0.0017828225 0.0975227
v 0.000593338 -0.0018127119 0.0975227
v 0.000593338 -1.4942605E-05 0.09716511
v 0.000593338 0.0033068983 0.09854105
v 0.000593338 -0.0033367842 0.09854105
v 0.000593338 0.004325251 0.100065134
v 0.000593338 -0.004355141 0.100065134
v 0.000593338 0.0046828487 0.101862885
v 0.000593338 -0.004712732 0.101862885
v 0.000593338 -0.0043551377 0.10366066
v 0.000593338 0.00432525 0.10366066
v 0.000593338 0.0033068934 0.105184734
v 0.000593338 -0.0033367814 0.105184734
v 0.000593338 0.0017828213 0.106203094
v 0.000593338 -0.0018127095 0.106203094
v 0.000593338 -1.4944132E-05 0.106560685
v -0.038377322 0.004625318 0.06829813
v -0.043520164 0.004625319 0.0628778
v -0.043520164 -0.004625347 0.0628778
v -0.038377322 -0.004625346 0.06829813
v -0.036939107 0.004625318 0.06918037
v -0.036939107 -0.004625346 0.06918037
v -0.03472082 -0.004625346 0.06923865
v -0.03472082 0.004625318 0.06923865
v -0.033238277 -0.004625346 0.06843313
v -0.033238277 0.004625318 0.06843313
v -0.024460154 -0.0046253465 0.060106523
v -0.024460154 0.004625319 0.060106523
v -0.022633638 -0.004625346 0.059114084
v -0.022633638 0.0046253195 0.059114084
v -0.019901047 -0.004625346 0.059185866
v -0.019901047 0.0046253195 0.059185866
v -0.018129187 0.004625319 0.060272835
v -0.018129187 -0.0046253465 0.060272835
v -0.012713957 0.004625318 0.06598025
v -0.012713957 -0.0046253474 0.06598025
v -0.024696121 0.0046253167 0.07743619
v -0.023288803 0.0046253167 0.076103054
v -0.023288803 -0.0046253474 0.076103054
v -0.024696121 -0.0046253474 0.07743619
v -0.025578365 0.0046253162 0.07887439
v -0.025578365 -0.004625348 0.07887439
v -0.025636643 0.004625316 0.08109268
v -0.025636643 -0.00462535 0.08109268
v -0.024831112 -0.0046253502 0.082575224
v -0.024831112 0.004625316 0.082575224
v -0.01952816 -0.0046253493 0.08815855
v -0.01952816 0.004625315 0.08815855
v -0.043520164 0.004625319 0.0628778
v -0.0537636 0.004625317 0.072610565
v -0.0537636 -0.0046253446 0.072610565
v -0.043520164 -0.004625347 0.0628778
v -0.023288803 0.0046253167 0.076103054
v -0.016656857 -0.0046253502 0.08309282
v -0.023288803 -0.0046253474 0.076103054
v -0.016656857 0.004625316 0.08309282
v -0.013963547 0.0046253153 0.08465717
v -0.013963547 -0.004625351 0.08465717
v -0.011286239 -0.0046253516 0.08523486
v -0.011286239 0.004625315 0.08523486
v -0.008578162 -0.004625351 0.0847804
v -0.008578162 0.0046253153 0.084830455
v -0.005794153 0.0046253153 0.08337818
v -0.005794153 -0.0046253502 0.08337818
v 0.011343698 -0.0046253493 0.06711769
v 0.011343698 0.004625318 0.06711769
v -0.005266409 0.0046253195 0.058913983
v -0.012713957 0.004625318 0.06598025
v -0.012713957 -0.0046253474 0.06598025
v -0.005266409 -0.004625346 0.058913983
v -0.0026548957 0.0046253195 0.057495005
v -0.0026548957 -0.004625346 0.057495005
v 0.0012521744 -0.004625346 0.057597645
v 0.0012521744 0.0046253195 0.057597645
v 0.0037855816 0.0046253195 0.059151772
v 0.0037855816 -0.004625346 0.059151772
v -0.0537636 -0.0046253446 0.072610565
v -0.0537636 0.004625317 0.072610565
v -0.029771576 0.004625313 0.09789134
v -0.029771576 -0.004625351 0.09789134
v -0.01952816 0.004625315 0.08815855
v -0.01952816 -0.0046253493 0.08815855
v -0.029771576 -0.004625351 0.09789134
v -0.029771576 0.004625313 0.09789134
v -0.0537636 0.004625317 0.072610565
v -0.043520164 0.004625319 0.0628778
v -0.038377322 0.004625318 0.06829813
v -0.036939107 0.004625318 0.06918037
v -0.025578365 0.0046253162 0.07887439
v -0.03472082 0.004625318 0.06923865
v -0.025636643 0.004625316 0.08109268
v -0.024696121 0.0046253167 0.07743619
v -0.029771576 0.004625313 0.09789134
v -0.024831112 0.004625316 0.082575224
v -0.01952816 0.004625315 0.08815855
v -0.033238277 0.004625318 0.06843313
v -0.023288803 0.0046253167 0.076103054
v -0.024460154 0.004625319 0.060106523
v -0.018129187 0.004625319 0.060272835
v -0.022633638 0.0046253195 0.059114084
v -0.019901047 0.0046253195 0.059185866
v -0.012713957 0.004625318 0.06598025
v -0.016656857 0.004625316 0.08309282
v -0.005794153 0.0046253153 0.08337818
v -0.013963547 0.0046253153 0.08465717
v -0.005266409 0.0046253195 0.058913983
v -0.008578162 0.0046253153 0.084830455
v -0.011286239 0.004625315 0.08523486
v 0.0037855816 0.0046253195 0.059151772
v 0.011343698 0.004625318 0.06711769
v -0.0026548957 0.0046253195 0.057495005
v 0.0012521744 0.0046253195 0.057597645
v -0.0537636 -0.0046253446 0.072610565
v -0.038377322 -0.004625346 0.06829813
v -0.043520164 -0.004625347 0.0628778
v -0.036939107 -0.004625346 0.06918037
v -0.025578365 -0.004625348 0.07887439
v -0.03472082 -0.004625346 0.06923865
v -0.025636643 -0.00462535 0.08109268
v -0.024696121 -0.0046253474 0.07743619
v -0.029771576 -0.004625351 0.09789134
v -0.024831112 -0.0046253502 0.082575224
v -0.01952816 -0.0046253493 0.08815855
v -0.033238277 -0.004625346 0.06843313
v -0.023288803 -0.0046253474 0.076103054
v -0.024460154 -0.0046253465 0.060106523
v -0.018129187 -0.0046253465 0.060272835
v -0.022633638 -0.004625346 0.059114084
v -0.019901047 -0.004625346 0.059185866
v -0.012713957 -0.0046253474 0.06598025
v -0.016656857 -0.0046253502 0.08309282
v -0.005794153 -0.0046253502 0.08337818
v -0.005266409 -0.004625346 0.058913983
v -0.008578162 -0.004625351 0.0847804
v -0.013963547 -0.004625351 0.08465717
v -0.011286239 -0.0046253516 0.08523486
v 0.0037855816 -0.004625346 0.059151772
v 0.011343698 -0.0046253493 0.06711769
v -0.0026548957 -0.004625346 0.057495005
v 0.0012521744 -0.004625346 0.057597645
v 0.04315586 0.017525384 0.064335495
v 0.0883894 0.017525386 0.064335495
v 0.0883894 0.017525382 0.07713939
v 0.04315586 0.017525382 0.07713938
v 0.04315586 0.017525384 0.064335495
v 0.04315586 0.011839362 0.06433549
v 0.0883894 0.01183936 0.064335495
v 0.0883894 0.017525386 0.064335495
v 0.0883894 0.017525382 0.07713939
v 0.0883894 0.011839361 0.077139385
v 0.04315586 0.011839357 0.07713938
v 0.04315586 0.017525382 0.07713938
v 0.0883894 0.017525386 0.064335495
v 0.0883894 0.01183936 0.064335495
v 0.0883894 0.011839361 0.077139385
v 0.0883894 0.017525382 0.07713939
v 0.04315586 0.017525382 0.07713938
v 0.04315586 0.011839357 0.07713938
v 0.04315586 0.011839362 0.06433549
v 0.04315586 0.017525384 0.064335495
v 0.0883894 -0.017525412 0.077139385
v 0.0883894 -0.017525412 0.06433549
v 0.04315586 -0.01752541 0.06433548
v 0.04315586 -0.017525412 0.07713937
v 0.0883894 -0.011839387 0.064335495
v 0.04315586 -0.011839387 0.06433549
v 0.04315586 -0.01752541 0.06433548
v 0.0883894 -0.017525412 0.06433549
v 0.04315586 -0.011839392 0.07713938
v 0.0883894 -0.011839392 0.077139385
v 0.0883894 -0.017525412 0.077139385
v 0.04315586 -0.017525412 0.07713937
v 0.0883894 -0.011839392 0.077139385
v 0.0883894 -0.011839387 0.064335495
v 0.0883894 -0.017525412 0.06433549
v 0.0883894 -0.017525412 0.077139385
v 0.04315586 -0.011839387 0.06433549
v 0.04315586 -0.011839392 0.07713938
v 0.04315586 -0.017525412 0.07713937
v 0.04315586 -0.01752541 0.06433548
v 0.06462237 0.0014236298 0.02208291
v 0.0633488 0.0014236298 0.021199808
v 0.0633488 -0.0014236316 0.021199798
v 0.06462237 -0.0014236316 0.0220829
v 0.06449236 0.0025844732 0.022373652
v 0.06449236 -0.0025844737 0.022373646
v 0.06419304 -0.0029871936 0.0230659
v 0.06419304 0.0029871955 0.02306591
v 0.061934218 -0.003753645 0.028532948
v 0.061934218 0.0037536433 0.028532952
v 0.061028093 0.003851979 0.031713687
v 0.061028093 -0.0038515897 0.031713687
v 0.060520094 0.003851979 0.03455869
v 0.060520094 -0.0037859723 0.03455869
v 0.06040965 0.0038519767 0.036664296
v 0.06040965 -0.0038515946 0.036664296
v 0.060904592 0.0038519767 0.04049192
v 0.060904592 -0.0038515946 0.040491913
v 0.06410452 0.0040567196 0.0513195
v 0.064109385 -0.004125007 0.051430777
v 0.060904592 0.0038519767 0.04049192
v 0.06410452 0.0040567196 0.0513195
v 0.059224606 0.0038518251 0.05098565
v 0.057629477 0.0038518324 0.05057511
v 0.05638279 0.0038518454 0.04966838
v 0.055563673 0.0038518622 0.048449162
v 0.055224612 0.0038518813 0.046985652
v 0.055224612 0.0038519767 0.040491913
v 0.06040965 0.0038519767 0.036664296
v 0.053519752 0.003851979 0.033442494
v 0.054814365 0.003851979 0.032989282
v 0.048870295 0.0038519802 0.033442486
v 0.055845007 0.0038519814 0.031652365
v 0.060520094 0.003851979 0.03455869
v 0.057029203 0.0038519814 0.028769292
v 0.061028093 0.003851979 0.031713687
v 0.058591153 0.0037536456 0.026282638
v 0.061934218 0.0037536433 0.028532952
v 0.048435867 0.0038519779 0.040491913
v 0.06263611 0.0029597403 0.021947559
v 0.06419304 0.0029871955 0.02306591
v 0.06449236 0.0025844732 0.022373652
v 0.06313191 0.0025779512 0.021431526
v 0.06462237 0.0014236298 0.02208291
v 0.0633488 0.0014236298 0.021199808
v 0.04619609 0.003851979 0.033442486
v 0.0444829 0.0038519767 0.03418173
v 0.043283727 0.0038519767 0.035619874
v 0.042856608 0.0038519767 0.037443236
v 0.042856608 0.003851973 0.044639938
v 0.048435867 0.0038519718 0.053228863
v 0.03286089 0.003851973 0.04463993
v 0.03288557 0.0038519718 0.053228863
v 0.042856608 -0.003851597 0.04463993
v 0.03286089 -0.0038515946 0.04463993
v 0.03288557 -0.0038515981 0.053228855
v 0.048435867 -0.0038515981 0.053228863
v 0.048435867 -0.003851592 0.040491913
v 0.042856608 -0.0038515946 0.03744323
v 0.043283727 -0.0038515946 0.03561987
v 0.0444829 -0.0038515946 0.03418173
v 0.04619609 -0.003851592 0.033442486
v 0.048870295 -0.0038515897 0.033442486
v 0.055224612 -0.0038515946 0.040491913
v 0.053519752 -0.00378597 0.033442486
v 0.06040965 -0.0038515946 0.036664296
v 0.054814365 -0.0038515897 0.032989282
v 0.060520094 -0.0037859723 0.03455869
v 0.055845007 -0.0038515897 0.031652354
v 0.061028093 -0.0038515897 0.031713687
v 0.057029203 -0.0038515897 0.028769288
v 0.061934218 -0.003753645 0.028532948
v 0.058591153 -0.003753645 0.026282638
v 0.060904592 -0.0038515946 0.040491913
v 0.06419304 -0.0029871936 0.0230659
v 0.06263611 -0.0029597399 0.021947546
v 0.06313191 -0.0025779542 0.021431513
v 0.06449236 -0.0025844737 0.022373646
v 0.0633488 -0.0014236316 0.021199798
v 0.06462237 -0.0014236316 0.0220829
v 0.055224612 -0.0038516875 0.046985652
v 0.055563673 -0.003851709 0.048449162
v 0.05638279 -0.0038517257 0.049668383
v 0.057629477 -0.0038517376 0.05057511
v 0.059224606 -0.0038517448 0.05098565
v 0.064109385 -0.004125007 0.051430777
v 0.048435867 0.0038519779 0.040491913
v 0.055224612 0.0038519767 0.040491913
v 0.055224612 -0.0038515946 0.040491913
v 0.048435867 -0.003851592 0.040491913
v 0.055224612 0.0038519767 0.040491913
v 0.055224612 -0.0038516875 0.046985652
v 0.055224612 -0.0038515946 0.040491913
v 0.055224612 0.0038518813 0.046985652
v 0.055563673 -0.003851709 0.048449162
v 0.055563673 0.0038518622 0.048449162
v 0.05638279 0.0038518454 0.04966838
v 0.05638279 -0.0038517257 0.049668383
v 0.057629477 -0.0038517376 0.05057511
v 0.057629477 0.0038518324 0.05057511
v 0.059224606 -0.0038517448 0.05098565
v 0.059224606 0.0038518251 0.05098565
v 0.048435867 0.0038519779 0.040491913
v 0.048435867 -0.003851592 0.040491913
v 0.048435867 -0.0038515981 0.053228863
v 0.048435867 0.0038519718 0.053228863
v 0.03286089 -0.0038515946 0.04463993
v 0.042856608 -0.003851597 0.04463993
v 0.042856608 0.003851973 0.044639938
v 0.03286089 0.003851973 0.04463993
v 0.042856608 0.003851973 0.044639938
v 0.042856608 -0.003851597 0.04463993
v 0.042856608 -0.0038515946 0.03744323
v 0.042856608 0.0038519767 0.037443236
v 0.043283727 0.0038519767 0.035619874
v 0.043283727 -0.0038515946 0.03561987
v 0.0444829 0.0038519767 0.03418173
v 0.0444829 -0.0038515946 0.03418173
v 0.04619609 0.003851979 0.033442486
v 0.04619609 -0.003851592 0.033442486
v 0.048870295 -0.0038515897 0.033442486
v 0.048870295 0.0038519802 0.033442486
v 0.053519752 0.003851979 0.033442494
v 0.053519752 -0.00378597 0.033442486
v 0.054814365 0.003851979 0.032989282
v 0.054814365 -0.0038515897 0.032989282
v 0.055845007 0.0038519814 0.031652365
v 0.055845007 -0.0038515897 0.031652354
v 0.057029203 0.0038519814 0.028769292
v 0.057029203 -0.0038515897 0.028769288
v 0.058591153 0.0037536456 0.026282638
v 0.058591153 -0.003753645 0.026282638
v 0.06263611 0.0029597403 0.021947559
v 0.06263611 -0.0029597399 0.021947546
v 0.06313191 0.0025779512 0.021431526
v 0.06313191 -0.0025779542 0.021431513
v 0.0633488 -0.0014236316 0.021199798
v 0.0633488 0.0014236298 0.021199808
v 0.013975515 0.011417528 0.118844405
v 0.015013113 0.0114175305 0.11809412
v 0.022676963 0.011417528 0.11809412
v 0.018490428 0.011417526 0.12198953
v 0.022676963 0.011417526 0.12198953
v 0.0112926485 0.011417526 0.12603143
v 0.016847342 0.011417526 0.12603143
v 0.010518637 0.01109969 0.12810758
v 0.016079683 0.011099688 0.12810758
v 0.010011253 0.010396863 0.12964104
v 0.015512695 0.010396863 0.12964104
v 0.009659547 0.009309053 0.13063179
v 0.015146379 0.009309053 0.13063179
v 0.009500484 0.007836256 0.13107984
v 0.014980706 0.007836256 0.13107984
v 0.014980706 0.004587578 0.13107984
v 0.010775757 0.0038780933 0.13107984
v 0.009500484 0.0028156831 0.13107984
v 0.010870399 0.0028187255 0.13107984
v 0.022676963 0.011417528 0.11809412
v 0.015013113 -0.011631048 0.11809412
v 0.022676963 -0.011631048 0.11809412
v 0.015013113 0.0114175305 0.11809412
v 0.013975515 -0.011631048 0.118844405
v 0.013975515 0.011417528 0.118844405
v 0.010667495 -1.4788024E-05 0.12757516
v 0.0112926485 0.011417526 0.12603143
v 0.0112926485 -0.011631051 0.12603143
v 0.010518637 0.01109969 0.12810758
v 0.010535421 -0.011313215 0.12810758
v 0.010011253 0.010396863 0.12964104
v 0.009500484 -0.002845261 0.13107984
v 0.009500484 0.0028156831 0.13107984
v 0.009659547 0.009309053 0.13063179
v 0.009500484 0.007836256 0.13107984
v 0.010011253 -0.01061039 0.12964104
v 0.009500484 -0.008049779 0.13107984
v 0.009659547 -0.009522576 0.13063179
v 0.018490428 -0.011631051 0.12198953
v 0.022676963 -0.011631051 0.12198953
v 0.022676963 -0.011631048 0.11809412
v 0.015013113 -0.011631048 0.11809412
v 0.013975515 -0.011631048 0.118844405
v 0.016847342 -0.011631051 0.12603143
v 0.0112926485 -0.011631051 0.12603143
v 0.016079683 -0.011313215 0.12810758
v 0.010535421 -0.011313215 0.12810758
v 0.015512695 -0.01061039 0.12964104
v 0.010011253 -0.01061039 0.12964104
v 0.015146379 -0.009522576 0.13063179
v 0.009659547 -0.009522576 0.13063179
v 0.014980706 -0.008049779 0.13107984
v 0.009500484 -0.008049779 0.13107984
v 0.014980706 -0.004617156 0.13107984
v 0.010775757 -0.0039076717 0.13107984
v 0.009500484 -0.002845261 0.13107984
v 0.010870399 -0.0028483036 0.13107984
v 0.018490428 0.011417526 0.12198953
v 0.022676963 0.011417526 0.12198953
v 0.022676963 -0.011631051 0.12198953
v 0.018490428 -0.011631051 0.12198953
v 0.016558113 -1.4788247E-05 0.12681368
v 0.01638093 0.002241365 0.12729287
v 0.016847342 0.011417526 0.12603143
v 0.015818415 0.0042987512 0.12884004
v 0.016079683 0.011099688 0.12810758
v 0.014980706 0.004587578 0.13107984
v 0.015512695 0.010396863 0.12964104
v 0.014980706 0.007836256 0.13107984
v 0.015146379 0.009309053 0.13063179
v 0.01638093 -0.0022709419 0.12729287
v 0.016847342 -0.011631051 0.12603143
v 0.016079683 -0.011313215 0.12810758
v 0.015818415 -0.0043283263 0.12884004
v 0.015512695 -0.01061039 0.12964104
v 0.014980706 -0.004617156 0.13107984
v 0.015146379 -0.009522576 0.13063179
v 0.014980706 -0.008049779 0.13107984
v 0.015818415 0.0042987512 0.12884004
v 0.010775757 0.0038780933 0.13107984
v 0.014980706 0.004587578 0.13107984
v 0.011501465 0.0035919487 0.12923442
v 0.01638093 0.002241365 0.12729287
v 0.011991348 0.0018370311 0.12796323
v 0.012108507 -1.4788098E-05 0.12757516
v 0.016558113 -1.4788247E-05 0.12681368
v 0.011991348 -0.0018666072 0.12796323
v 0.01638093 -0.0022709419 0.12729287
v 0.011501465 -0.0036215251 0.12923442
v 0.015818415 -0.0043283263 0.12884004
v 0.010775757 -0.0039076717 0.13107984
v 0.014980706 -0.004617156 0.13107984
v 0.011501465 -0.0036215251 0.12923442
v 0.010775757 -0.0039076717 0.13107984
v 0.010870399 -0.0028483036 0.13107984
v 0.011991348 -0.0018666072 0.12796323
v 0.012108507 -1.4788098E-05 0.12757516
v 0.012108507 -1.4788098E-05 0.12757516
v 0.010870399 0.0028187255 0.13107984
v 0.011991348 0.0018370311 0.12796323
v 0.011501465 0.0035919487 0.12923442
v 0.010775757 0.0038780933 0.13107984
v 0.009500484 -0.002845261 0.13107984
v 0.010667495 -1.4788024E-05 0.12757516
v 0.012108507 -1.4788098E-05 0.12757516
v 0.010870399 -0.0028483036 0.13107984
v 0.012108507 -1.4788098E-05 0.12757516
v 0.010667495 -1.4788024E-05 0.12757516
v 0.009500484 0.0028156831 0.13107984
v 0.010870399 0.0028187255 0.13107984
v 0.0074658585 0.018494861 0.06384384
v 0.0074658585 0.02147561 0.06384384
v 0.0036003685 0.02147561 0.06445607
v 0.0036003685 0.018494861 0.06445607
v 0.00011325836 0.021475606 0.06623282
v 0.00011325836 0.018494861 0.06623282
v -0.002654128 0.021475606 0.06900023
v -0.002654128 0.018494861 0.06900023
v -0.0044308994 0.021475606 0.07248734
v -0.0044308994 0.01849486 0.07248734
v -0.0050431346 0.021475606 0.07635281
v -0.0050431346 0.01849486 0.07635281
v -0.0044308994 0.021475606 0.08021833
v -0.0044308994 0.018494857 0.08021833
v -0.002654128 0.021475606 0.08370544
v -0.002654128 0.018494857 0.08370544
v 0.00011325836 0.021475606 0.086472794
v 0.00011325836 0.018494857 0.086472794
v 0.0036003685 0.021475606 0.0882496
v 0.0036003685 0.018494857 0.0882496
v 0.0074658585 0.021475606 0.08886184
v 0.0074658585 0.018494857 0.08886184
v 0.011331348 0.021475606 0.0882496
v 0.011331348 0.018494857 0.0882496
v 0.014818468 0.021475606 0.086472794
v 0.014818468 0.018494857 0.086472794
v 0.01758585 0.021475606 0.08370544
v 0.01758585 0.018494857 0.08370544
v 0.019362621 0.021475606 0.08021833
v 0.019362621 0.018494857 0.08021833
v 0.019974846 0.021475606 0.07635281
v 0.019974846 0.01849486 0.07635281
v 0.019362612 0.021475606 0.07248734
v 0.019362612 0.01849486 0.07248734
v 0.017585844 0.021475606 0.06900023
v 0.017585844 0.018494861 0.06900023
v 0.014818458 0.021475606 0.06623282
v 0.014818458 0.018494861 0.06623282
v 0.011331348 0.02147561 0.064456075
v 0.011331348 0.018494861 0.064456075
v 0.0074658585 0.02147561 0.06384384
v 0.0074658585 0.018494861 0.06384384
v -0.0028052996 0.018494857 0.07969014
v -0.0044308994 0.018494857 0.08021833
v -0.002654128 0.018494857 0.08370544
v -0.001271305 0.018494857 0.082700744
v 0.00011325836 0.018494857 0.086472794
v 0.0011179352 0.018494857 0.08509
v 0.0036003685 0.018494857 0.0882496
v 0.004128561 0.018494857 0.08662398
v 0.0074658585 0.018494857 0.08886184
v 0.0074658585 0.018494857 0.08715258
v 0.011331348 0.018494857 0.0882496
v 0.01080316 0.018494857 0.08662398
v 0.014818468 0.018494857 0.086472794
v 0.013813791 0.018494857 0.08509
v 0.01758585 0.018494857 0.08370544
v 0.016203031 0.018494857 0.082700744
v 0.019362621 0.018494857 0.08021833
v 0.017737022 0.018494857 0.07969014
v 0.019974846 0.01849486 0.07635281
v 0.01826559 0.01849486 0.07635283
v 0.019362612 0.01849486 0.07248734
v 0.017737016 0.01849486 0.07301553
v 0.017585844 0.018494861 0.06900023
v 0.016203027 0.01849486 0.0700049
v 0.014818458 0.018494861 0.06623282
v 0.013813782 0.018494861 0.06761566
v 0.011331348 0.018494861 0.064456075
v 0.01080316 0.018494861 0.06608167
v 0.0074658585 0.018494861 0.06384384
v 0.0074658585 0.018494861 0.0655531
v -0.0028052996 0.01334566 0.079690136
v -0.0028052996 0.018494857 0.07969014
v -0.001271305 0.018494857 0.082700744
v -0.001271305 0.01334566 0.082700744
v 0.0011179352 0.018494857 0.08509
v 0.0011179352 0.013345659 0.08509
v 0.004128561 0.018494857 0.08662398
v 0.004128561 0.013345659 0.08662398
v 0.0074658585 0.018494857 0.08715258
v 0.0074658585 0.013345659 0.08715258
v 0.01080316 0.018494857 0.08662398
v 0.01080316 0.013345659 0.08662398
v 0.013813791 0.018494857 0.08509
v 0.013813791 0.013345659 0.08509
v 0.016203031 0.018494857 0.082700744
v 0.016203031 0.01334566 0.082700744
v 0.017737022 0.018494857 0.07969014
v 0.017737022 0.01334566 0.079690136
v 0.01826559 0.01849486 0.07635283
v 0.01826559 0.013345661 0.07635282
v 0.017737016 0.01849486 0.07301553
v 0.017737016 0.013345661 0.073015526
v 0.016203027 0.01849486 0.0700049
v 0.016203027 0.013345661 0.0700049
v 0.013813782 0.018494861 0.06761566
v 0.013813782 0.0133456625 0.06761565
v 0.01080316 0.018494861 0.06608167
v 0.01080316 0.0133456625 0.066081665
v 0.0074658585 0.018494861 0.0655531
v 0.0074658585 0.0133456625 0.0655531
v -0.001271305 0.01334566 0.082700744
v 0.01080316 0.01334566 0.07969019
v -0.0028052996 0.01334566 0.079690136
v 0.0011179352 0.013345659 0.08509
v 0.004128561 0.013345659 0.08662398
v 0.0074658585 0.013345659 0.08715258
v 0.01080316 0.013345659 0.08662398
v 0.0036003685 -0.02147563 0.06445606
v 0.0074658585 -0.02147563 0.06384383
v 0.0074658585 -0.018494884 0.06384383
v 0.0036003685 -0.018494884 0.06445606
v 0.00011325836 -0.021475634 0.066232815
v 0.00011325836 -0.018494884 0.066232815
v -0.002654128 -0.021475634 0.06900022
v -0.002654128 -0.018494884 0.06900022
v -0.0044308994 -0.021475634 0.07248733
v -0.0044308994 -0.018494885 0.07248733
v -0.0050431346 -0.021475634 0.0763528
v -0.0050431346 -0.018494885 0.0763528
v -0.0044308994 -0.021475634 0.08021833
v -0.0044308994 -0.018494885 0.08021833
v -0.002654128 -0.021475634 0.08370544
v -0.002654128 -0.018494885 0.08370544
v 0.00011325836 -0.021475634 0.086472794
v 0.00011325836 -0.018494887 0.086472794
v 0.0036003685 -0.021475634 0.0882496
v 0.0036003685 -0.018494887 0.0882496
v 0.0074658585 -0.021475634 0.08886184
v 0.0074658585 -0.018494887 0.08886184
v 0.011331348 -0.021475634 0.0882496
v 0.011331348 -0.018494887 0.0882496
v 0.014818468 -0.021475634 0.086472794
v 0.014818468 -0.018494887 0.086472794
v 0.01758585 -0.021475634 0.08370544
v 0.01758585 -0.018494885 0.08370544
v 0.019362621 -0.021475634 0.08021833
v 0.019362621 -0.018494885 0.08021833
v 0.019974846 -0.021475634 0.0763528
v 0.019974846 -0.018494885 0.0763528
v 0.019362612 -0.021475634 0.07248733
v 0.019362612 -0.018494885 0.07248733
v 0.017585844 -0.021475634 0.06900022
v 0.017585844 -0.018494884 0.06900022
v 0.014818458 -0.021475634 0.066232815
v 0.014818458 -0.018494884 0.066232815
v 0.011331348 -0.02147563 0.06445607
v 0.011331348 -0.018494884 0.06445607
v 0.0074658585 -0.02147563 0.06384383
v 0.0074658585 -0.018494884 0.06384383
v -0.002654128 -0.018494885 0.08370544
v -0.0044308994 -0.018494885 0.08021833
v -0.0028052996 -0.018494885 0.07969013
v -0.001271305 -0.018494885 0.082700744
v 0.00011325836 -0.018494887 0.086472794
v 0.0011179352 -0.018494887 0.08509
v 0.0036003685 -0.018494887 0.0882496
v 0.004128561 -0.018494887 0.08662398
v 0.0074658585 -0.018494887 0.08886184
v 0.0074658585 -0.018494887 0.08715258
v 0.011331348 -0.018494887 0.0882496
v 0.01080316 -0.018494887 0.08662398
v 0.014818468 -0.018494887 0.086472794
v 0.013813791 -0.018494887 0.08509
v 0.01758585 -0.018494885 0.08370544
v 0.016203031 -0.018494885 0.082700744
v 0.019362621 -0.018494885 0.08021833
v 0.017737022 -0.018494885 0.07969013
v 0.019974846 -0.018494885 0.0763528
v 0.01826559 -0.018494885 0.07635282
v 0.019362612 -0.018494885 0.07248733
v 0.017737016 -0.018494885 0.07301552
v 0.017585844 -0.018494884 0.06900022
v 0.016203027 -0.018494885 0.070004895
v 0.014818458 -0.018494884 0.066232815
v 0.013813782 -0.018494884 0.06761564
v 0.011331348 -0.018494884 0.06445607
v 0.01080316 -0.018494884 0.06608166
v 0.0074658585 -0.018494884 0.06384383
v 0.0074658585 -0.018494884 0.06555309
v -0.001271305 -0.018494885 0.082700744
v -0.0028052996 -0.018494885 0.07969013
v -0.0028052996 -0.013345687 0.079690136
v -0.001271305 -0.013345687 0.082700744
v 0.0011179352 -0.018494887 0.08509
v 0.0011179352 -0.013345689 0.08509
v 0.004128561 -0.018494887 0.08662398
v 0.004128561 -0.013345689 0.08662398
v 0.0074658585 -0.018494887 0.08715258
v 0.0074658585 -0.013345689 0.08715258
v 0.01080316 -0.018494887 0.08662398
v 0.01080316 -0.013345689 0.08662398
v 0.013813791 -0.018494887 0.08509
v 0.013813791 -0.013345689 0.08509
v 0.016203031 -0.018494885 0.082700744
v 0.016203031 -0.013345687 0.082700744
v 0.017737022 -0.018494885 0.07969013
v 0.017737022 -0.013345687 0.079690136
v 0.01826559 -0.018494885 0.07635282
v 0.01826559 -0.013345686 0.07635282
v 0.017737016 -0.018494885 0.07301552
v 0.017737016 -0.013345686 0.073015526
v 0.016203027 -0.018494885 0.070004895
v 0.016203027 -0.013345686 0.0700049
v 0.013813782 -0.018494884 0.06761564
v 0.013813782 -0.013345685 0.06761565
v 0.01080316 -0.018494884 0.06608166
v 0.01080316 -0.013345685 0.066081665
v 0.0074658585 -0.018494884 0.06555309
v 0.0074658585 -0.013345685 0.0655531
v -0.0028052996 -0.013345687 0.079690136
v 0.01080316 -0.013345687 0.07969019
v -0.001271305 -0.013345687 0.082700744
v 0.0011179352 -0.013345689 0.08509
v 0.004128561 -0.013345689 0.08662398
v 0.0074658585 -0.013345689 0.08715258
v 0.01080316 -0.013345689 0.08662398
v -0.023827504 -0.0025341813 -0.05802755
v -0.023827523 0.0030645926 -0.058027573
v -0.024019936 0.003064593 -0.059712447
v -0.024019936 -0.002534181 -0.059712447
v -0.02264515 0.0030645935 -0.062647834
v -0.02264515 -0.0025341804 -0.062647834
v -0.019540833 0.0030645933 -0.063954435
v -0.019540833 -0.0025341802 -0.063954435
v -0.01608509 0.003064594 -0.06305217
v -0.01608509 -0.0025341802 -0.06305217
v -0.013812017 0.003064568 -0.06034164
v -0.013812046 -0.0025341809 -0.060341615
v -0.023827523 0.0030645926 -0.058027573
v -0.026406478 0.0030645924 -0.05701687
v -0.024019936 0.003064593 -0.059712447
v -0.027022103 0.003064593 -0.060219612
v -0.025417728 0.0030645935 -0.064466916
v -0.02264515 0.0030645935 -0.062647834
v -0.027022103 -0.002534181 -0.060219612
v -0.026406478 -0.0025341818 -0.05701684
v -0.025417728 -0.0025341804 -0.064466916
v -0.024019936 -0.002534181 -0.059712447
v -0.023827504 -0.0025341813 -0.05802755
v -0.02264515 -0.0025341804 -0.062647834
v -0.021230621 -0.0025341797 -0.0668262
v -0.019540833 -0.0025341802 -0.063954435
v -0.021230621 0.0030645945 -0.0668262
v -0.019540833 0.0030645933 -0.063954435
v -0.018608999 -0.00253418 -0.066983365
v -0.01608509 -0.0025341802 -0.06305217
v -0.018608999 0.003064594 -0.066983365
v -0.01608509 0.003064594 -0.06305217
v -0.0139558315 -0.00253418 -0.065097235
v -0.013812046 -0.0025341809 -0.060341615
v -0.0111343665 -0.0025341804 -0.061074845
v -0.0139558315 0.0030645945 -0.065097235
v -0.013812017 0.003064568 -0.06034164
v -0.011134339 0.003064567 -0.061074845
v 0.17304397 -0.013353072 0.093463354
v 0.17304483 -0.013353073 0.116775416
v 0.17304483 0.01335303 0.116775416
v 0.17304397 0.01335303 0.093463354
v 0.3328003 0.011720853 0.104769886
v 0.3328003 -0.00064544124 0.11282333
v 0.3133352 0.01252258 0.1010946
v 0.3133352 0.003098865 0.1124514
v 0.2957064 0.012277548 0.09769426
v 0.31333524 -0.010614192 0.10699838
v 0.33280036 -0.012126136 0.10355095
v 0.29570645 0.0062583922 0.11116842
v 0.2780776 0.011126323 0.09448536
v 0.31333524 -0.009665599 0.09227138
v 0.33280036 -0.006855284 0.08976682
v 0.29570645 -0.008416327 0.10960763
v 0.27807766 0.008955996 0.10908239
v 0.26044884 0.009153881 0.09170475
v 0.3133352 0.0046337144 0.08862267
v 0.33280036 0.007882961 0.09052019
v 0.29570645 -0.011466641 0.0951688
v 0.27807766 -0.005597266 0.11152902
v 0.26044884 0.01099257 0.10634723
v 0.24282005 0.006505805 0.089557655
v 0.3133352 0.01252258 0.1010946
v 0.3328003 0.011720853 0.104769886
v 0.2957064 0.012277548 0.09769426
v 0.29570645 0.0013228814 0.087805964
v 0.2780776 0.011126323 0.09448536
v 0.27807766 -0.0020855952 0.08791053
v 0.26044884 0.009153881 0.09170475
v 0.27807766 -0.012421355 0.09844408
v 0.26044884 -0.0053401375 0.08892867
v 0.24282005 0.006505805 0.089557655
v 0.26044884 -0.012459261 0.10185545
v 0.24282008 -0.008200527 0.09078523
v 0.22519125 0.0033775428 0.08820255
v 0.26044884 -0.0023650797 0.112620726
v 0.2251913 -0.010455653 0.09334315
v 0.20756246 -1.0095537E-08 0.087739445
v 0.24282008 -0.01157757 0.10515112
v 0.24282007 0.0010416682 0.11280218
v 0.2251913 -0.009841355 0.10808785
v 0.20756252 -0.011939061 0.09641369
v 0.24282008 0.012217798 0.10316488
v 0.22519125 0.0033775428 0.08820255
v 0.18789525 -0.012520714 0.09992424
v 0.18789522 -0.0035314437 0.08825998
v 0.20756252 -0.0073787626 0.11044889
v 0.18789525 -0.004205185 0.11207803
v 0.2251913 0.0043715304 0.11205997
v 0.2251913 0.012541246 0.09977017
v 0.20756246 -1.0095537E-08 0.087739445
v 0.20756252 0.007378739 0.110448904
v 0.18789525 0.009923392 0.107925184
v 0.20756252 0.011939046 0.09641369
v 0.18789525 0.010339772 0.09320484
v 0.18789522 -0.0035314437 0.08825998
v 0.15139934 -0.013330779 0.11643711
v 0.15490875 -0.014633912 0.116846085
v 0.15490875 -0.013480584 0.116075456
v 0.15139934 -0.014633912 0.116846085
v 0.15490875 -0.01540454 0.1179994
v 0.15139934 -0.01540454 0.1179994
v 0.15490875 -0.015675152 0.11935985
v 0.15139934 -0.015675148 0.11935985
v 0.15490875 -0.01540454 0.120720305
v 0.15139934 -0.01540454 0.120720305
v 0.15490875 -0.014633913 0.121873625
v 0.15139934 -0.014633913 0.121873625
v 0.15490875 -0.013480585 0.12264426
v 0.15139934 -0.013480585 0.12264426
v 0.15490875 -0.012120145 0.122914866
v 0.15139934 -0.012120145 0.122914866
v 0.15490875 -0.0107597 0.12264426
v 0.15139934 -0.0107597 0.12264426
v 0.15490875 -0.009606372 0.121873625
v 0.15139934 -0.009606372 0.121873625
v 0.15490875 -0.008835741 0.120720305
v 0.15139934 -0.008835741 0.120720305
v 0.15490875 -0.008565133 0.11935985
v 0.15139934 -0.008565133 0.11935985
v 0.15490875 -0.008835741 0.1179994
v 0.15139934 -0.008835743 0.1179994
v 0.15490875 -0.009606372 0.116846085
v 0.15139934 -0.009606372 0.116846085
v 0.15490875 -0.010759699 0.116075456
v 0.15139934 -0.010909507 0.11643711
v 0.15139934 -0.009606372 0.116846085
v 0.15139934 -0.010159983 0.1173997
v 0.15139934 -0.010909507 0.11643711
v 0.15139934 -0.009453565 0.11882944
v 0.15139934 -0.008835743 0.1179994
v 0.15139934 -0.008565133 0.11935985
v 0.15139934 -0.00955907 0.12042068
v 0.15139934 -0.008835741 0.120720305
v 0.15139934 -0.01060965 0.12162047
v 0.15139934 -0.009606372 0.121873625
v 0.15139934 -0.0107597 0.12264426
v 0.15139934 -0.012120143 0.122131936
v 0.15139934 -0.012120145 0.122914866
v 0.15139934 -0.013630638 0.12162047
v 0.15139934 -0.013480585 0.12264426
v 0.15139934 -0.014633913 0.121873625
v 0.15139934 -0.014681212 0.12042068
v 0.15139934 -0.01540454 0.120720305
v 0.15139934 -0.014786718 0.11882944
v 0.15139934 -0.015675148 0.11935985
v 0.15139934 -0.01540454 0.1179994
v 0.15139934 -0.0140803 0.1173997
v 0.15139934 -0.014633912 0.116846085
v 0.15139934 -0.013330779 0.11643711
v 0.15139934 -0.010909507 0.11643711
v 0.122222476 -0.010159983 0.1173997
v 0.122222476 -0.011059314 0.11679878
v 0.15139934 -0.010159983 0.1173997
v 0.122222476 -0.009453565 0.11882944
v 0.15139934 -0.009453565 0.11882944
v 0.122222476 -0.00955907 0.12042068
v 0.15139934 -0.00955907 0.12042068
v 0.122222476 -0.01060965 0.12162047
v 0.15139934 -0.01060965 0.12162047
v 0.122222476 -0.012120143 0.122131936
v 0.15139934 -0.012120143 0.122131936
v 0.122222476 -0.013630638 0.12162047
v 0.15139934 -0.013630638 0.12162047
v 0.122222476 -0.014681212 0.12042068
v 0.15139934 -0.014681212 0.12042068
v 0.122222476 -0.014786718 0.11882944
v 0.15139934 -0.014786718 0.11882944
v 0.122222476 -0.0140803 0.1173997
v 0.15139934 -0.0140803 0.1173997
v 0.122222476 -0.013180972 0.11679878
v 0.15139934 -0.013330779 0.11643711
v 0.15139934 0.01333073 0.11643711
v 0.15490875 0.013480538 0.116075456
v 0.15490875 0.014633864 0.116846085
v 0.15139934 0.014633864 0.116846085
v 0.15490875 0.01540449 0.1179994
v 0.15139934 0.01540449 0.1179994
v 0.15490875 0.015675105 0.11935985
v 0.15139934 0.0156751 0.11935985
v 0.15490875 0.01540449 0.120720305
v 0.15139934 0.01540449 0.120720305
v 0.15490875 0.0146338595 0.121873625
v 0.15139934 0.0146338595 0.121873625
v 0.15490875 0.013480533 0.12264426
v 0.15139934 0.013480533 0.12264426
v 0.15490875 0.012120093 0.122914866
v 0.15139934 0.012120093 0.122914866
v 0.15490875 0.010759648 0.12264426
v 0.15139934 0.010759648 0.12264426
v 0.15490875 0.009606327 0.121873625
v 0.15139934 0.009606322 0.121873625
v 0.15490875 0.008835696 0.120720305
v 0.15139934 0.008835696 0.120720305
v 0.15490875 0.008565086 0.11935985
v 0.15139934 0.008565086 0.11935985
v 0.15490875 0.008835696 0.1179994
v 0.15139934 0.008835696 0.1179994
v 0.15490875 0.009606327 0.116846085
v 0.15139934 0.009606327 0.116846085
v 0.15490875 0.010759653 0.116075456
v 0.15139934 0.0109094605 0.11643711
v 0.15139934 0.009606327 0.116846085
v 0.15139934 0.0109094605 0.11643711
v 0.15139934 0.010159935 0.1173997
v 0.15139934 0.009453519 0.11882944
v 0.15139934 0.008835696 0.1179994
v 0.15139934 0.008565086 0.11935985
v 0.15139934 0.009559024 0.12042068
v 0.15139934 0.008835696 0.120720305
v 0.15139934 0.010609597 0.12162047
v 0.15139934 0.009606322 0.121873625
v 0.15139934 0.010759648 0.12264426
v 0.15139934 0.012120093 0.122131936
v 0.15139934 0.012120093 0.122914866
v 0.15139934 0.013630589 0.12162047
v 0.15139934 0.013480533 0.12264426
v 0.15139934 0.0146338595 0.121873625
v 0.15139934 0.014681161 0.12042068
v 0.15139934 0.01540449 0.120720305
v 0.15139934 0.014786671 0.11882944
v 0.15139934 0.0156751 0.11935985
v 0.15139934 0.01540449 0.1179994
v 0.15139934 0.014080252 0.1173997
v 0.15139934 0.014633864 0.116846085
v 0.15139934 0.01333073 0.11643711
v 0.15139934 0.0109094605 0.11643711
v 0.122222476 0.011059264 0.11679878
v 0.122222476 0.010159935 0.1173997
v 0.15139934 0.010159935 0.1173997
v 0.122222476 0.009453519 0.11882944
v 0.15139934 0.009453519 0.11882944
v 0.122222476 0.009559024 0.12042068
v 0.15139934 0.009559024 0.12042068
v 0.122222476 0.010609597 0.12162047
v 0.15139934 0.010609597 0.12162047
v 0.122222476 0.012120093 0.122131936
v 0.15139934 0.012120093 0.122131936
v 0.122222476 0.013630589 0.12162047
v 0.15139934 0.013630589 0.12162047
v 0.122222476 0.014681161 0.12042068
v 0.15139934 0.014681161 0.12042068
v 0.122222476 0.014786671 0.11882944
v 0.15139934 0.014786671 0.11882944
v 0.122222476 0.014080252 0.1173997
v 0.15139934 0.014080252 0.1173997
v 0.122222476 0.013180922 0.11679878
v 0.15139934 0.01333073 0.11643711
v 0.16378321 -0.01448627 0.11677449
v 0.16378321 -0.01448627 0.12296941
v 0.16452867 -0.01448627 0.12208208
v 0.17868587 -0.01448627 0.12208208
v 0.17868587 -0.014486267 0.11677449
v 0.18422952 -0.013383567 0.12208208
v 0.18422952 -0.013383565 0.11677449
v 0.18892922 -0.010243339 0.12208208
v 0.18892922 -0.010243339 0.11677449
v 0.19206943 -0.0055436566 0.12208208
v 0.19206943 -0.005543656 0.11677449
v 0.19317213 -1.5114956E-08 0.12208208
v 0.19317213 -1.425024E-08 0.11677449
v 0.19206943 0.005543636 0.12208208
v 0.19206943 0.0055436366 0.11677449
v 0.18892917 0.010243313 0.12208208
v 0.18892917 0.010243313 0.11677449
v 0.18422952 0.013383536 0.12208208
v 0.18422952 0.013383538 0.11677449
v 0.17868587 0.014486238 0.12208208
v 0.17868587 0.014486241 0.11677449
v 0.16452865 0.0144862365 0.12208208
v 0.16378318 0.0144862365 0.11677449
v 0.16378318 0.0144862365 0.12296941
v 0.16378321 -0.0162874 0.11677449
v 0.15421799 -0.016287398 0.11677449
v 0.15421799 -0.0162874 0.12296941
v 0.16378321 -0.016287403 0.1229694
v 0.16378321 0.01628737 0.1229694
v 0.15421799 0.016287372 0.12296941
v 0.15421799 0.016287373 0.11677449
v 0.16378321 0.016287372 0.11677449
v 0.16378321 -0.01448627 0.11677449
v 0.16378321 -0.0162874 0.11677449
v 0.16378321 -0.016287403 0.1229694
v 0.16378321 -0.01448627 0.12296941
v 0.16378321 -0.01448627 0.12296941
v 0.16378321 -0.016287403 0.1229694
v 0.15421799 -0.0162874 0.12296941
v 0.154218 -0.007393798 0.12296941
v 0.16378321 -0.0073937974 0.12296941
v 0.16452867 -0.01448627 0.12208208
v 0.16452867 -0.007393797 0.12208208
v 0.16622408 -0.007393797 0.12208208
v 0.18422952 -0.013383567 0.12208208
v 0.17868587 -0.01448627 0.12208208
v 0.18892922 -0.010243339 0.12208208
v 0.19206943 -0.0055436566 0.12208208
v 0.16487679 -0.004879912 0.12208208
v 0.19317213 -1.5114956E-08 0.12208208
v 0.16401348 -1.47380215E-08 0.12208208
v 0.19206943 0.005543636 0.12208208
v 0.16487676 0.0048798826 0.12182499
v 0.16622406 0.007393771 0.12208208
v 0.18892917 0.010243313 0.12208208
v 0.18422952 0.013383536 0.12208208
v 0.16452865 0.0144862365 0.12208208
v 0.17868587 0.014486238 0.12208208
v 0.16452865 0.007393771 0.12208208
v 0.16378318 0.0144862365 0.12296941
v 0.16378318 0.00739377 0.12296941
v 0.15421799 0.016287372 0.12296941
v 0.16378321 0.01628737 0.1229694
v 0.15421799 0.007393769 0.12296941
v 0.15421799 -0.016287398 0.11677449
v 0.16378321 -0.0162874 0.11677449
v 0.16378321 -0.01448627 0.11677449
v 0.15421796 -0.0074081025 0.116791815
v 0.18892922 -0.010243339 0.11677449
v 0.17868587 -0.014486267 0.11677449
v 0.18422952 -0.013383565 0.11677449
v 0.19206943 -0.005543656 0.11677449
v 0.19317213 -1.425024E-08 0.11677449
v 0.15421796 0.007379562 0.116760515
v 0.19206943 0.0055436366 0.11677449
v 0.18892917 0.010243313 0.11677449
v 0.16378318 0.0144862365 0.11677449
v 0.15421799 0.016287373 0.11677449
v 0.16378321 0.016287372 0.11677449
v 0.17868587 0.014486241 0.11677449
v 0.18422952 0.013383538 0.11677449
v 0.16378318 0.0144862365 0.12296941
v 0.16378321 0.01628737 0.1229694
v 0.16378321 0.016287372 0.11677449
v 0.16378318 0.0144862365 0.11677449
v 0.15421799 0.007393769 0.12296941
v 0.15421799 0.016287373 0.11677449
v 0.15421799 0.016287372 0.12296941
v 0.15421799 0.0073937695 0.119548164
v 0.15421796 0.007379562 0.116760515
v 0.154218 -0.0073937974 0.119548164
v 0.15421796 -0.0074081025 0.116791815
v 0.15421799 -0.016287398 0.11677449
v 0.154218 -0.007393798 0.12296941
v 0.15421799 -0.0162874 0.12296941
v 0.16487676 0.0048798826 0.12182499
v 0.16622406 0.007393771 0.120167255
v 0.16622406 0.007393771 0.12208208
v 0.16487676 0.004879882 0.120167255
v 0.16401348 -1.47380215E-08 0.12208208
v 0.16401348 -1.4426056E-08 0.120167255
v 0.16487679 -0.004879912 0.12208208
v 0.16487679 -0.0048799114 0.120167255
v 0.16622408 -0.007393797 0.120167255
v 0.16622408 -0.007393797 0.12208208
v 0.154218 -0.0073937974 0.119548164
v 0.16011344 -0.007393797 0.11954816
v 0.16011344 -0.007393797 0.12016723
v 0.154218 -0.007393798 0.12296941
v 0.16378321 -0.0073937974 0.12296941
v 0.16452867 -0.007393797 0.12208208
v 0.16622408 -0.007393797 0.120167255
v 0.16622408 -0.007393797 0.12208208
v 0.16011344 0.007393771 0.12016723
v 0.16011344 0.007393771 0.119548164
v 0.15421799 0.0073937695 0.119548164
v 0.15421799 0.007393769 0.12296941
v 0.16378318 0.00739377 0.12296941
v 0.16452865 0.007393771 0.12208208
v 0.16622406 0.007393771 0.120167255
v 0.16622406 0.007393771 0.12208208
v 0.16011344 2.4132498E-05 0.12016723
v 0.16011344 0.007393771 0.119548164
v 0.16011344 0.007393771 0.12016723
v 0.16011344 -3.2233653E-05 0.11954816
v 0.16011344 -0.007393797 0.12016723
v 0.16011344 -0.007393797 0.11954816
v 0.16011344 0.007393771 0.119548164
v 0.16011344 -3.2233653E-05 0.11954816
v 0.15421799 0.0073937695 0.119548164
v 0.154218 -0.0073937974 0.119548164
v 0.16011344 -0.007393797 0.11954816
v 0.16487676 0.004879882 0.120167255
v 0.16011344 0.007393771 0.12016723
v 0.16622406 0.007393771 0.120167255
v 0.16401348 -1.4426056E-08 0.120167255
v 0.16011344 2.4132498E-05 0.12016723
v 0.16487679 -0.0048799114 0.120167255
v 0.16011344 -0.007393797 0.12016723
v 0.16622408 -0.007393797 0.120167255
v 0.3096475 -0.0045746136 0.107718274
v 0.3096475 0.004703041 0.107718274
v 0.3096475 0.0047030407 0.11014755
v 0.3096475 -0.004574614 0.11014755
v 0.30964747 -0.0033727938 0.11173844
v 0.30964747 0.0035012215 0.11173844
v 0.32636374 0.004703039 0.11014755
v 0.32636374 0.0047030393 0.107718274
v 0.32636374 -0.004574615 0.107718274
v 0.32636374 -0.004574616 0.11014755
v 0.32636374 0.0035012197 0.11173845
v 0.32636374 -0.0033727954 0.11173845
v 0.32636374 0.0032074105 0.11484825
v 0.32636374 -0.003078988 0.11484825
v 0.32636374 0.002215032 0.115544066
v 0.32636374 -0.0022175938 0.115544066
v 0.32636374 -0.001294588 0.12301479
v 0.32636374 0.0010654561 0.12301479
v 0.32636374 -0.001294589 0.13118133
v 0.32636374 0.0008970853 0.13118133
v 0.32636374 -0.004574615 0.107718274
v 0.3096475 -0.0045746136 0.107718274
v 0.3096475 -0.004574614 0.11014755
v 0.32636374 -0.004574616 0.11014755
v 0.30964747 -0.0033727938 0.11173844
v 0.32636374 -0.0033727954 0.11173845
v 0.3155963 -0.0030789876 0.11484825
v 0.32636374 -0.003078988 0.11484825
v 0.31265754 -0.0030789864 0.11484825
v 0.31265754 -0.0030789864 0.11484825
v 0.31265754 0.0032074128 0.11484825
v 0.3155963 0.0032074116 0.11484825
v 0.3155963 -0.0030789876 0.11484825
v 0.32636374 0.0047030393 0.107718274
v 0.3096475 0.0047030407 0.11014755
v 0.3096475 0.004703041 0.107718274
v 0.32636374 0.004703039 0.11014755
v 0.30964747 0.0035012215 0.11173844
v 0.32636374 0.0035012197 0.11173845
v 0.31265754 0.0032074128 0.11484825
v 0.3155963 0.0032074116 0.11484825
v 0.32636374 0.0032074105 0.11484825
v 0.31265754 -0.0030789864 0.11484825
v 0.30964747 -0.0033727938 0.11173844
v 0.30964747 0.0035012215 0.11173844
v 0.31265754 0.0032074128 0.11484825
v 0.31753123 -0.0012945886 0.13118133
v 0.31753123 0.0008970857 0.13118133
v 0.32636374 0.0008970853 0.13118133
v 0.32636374 -0.001294589 0.13118133
v 0.3155963 0.0032074116 0.11484825
v 0.32636374 0.0032074105 0.11484825
v 0.32636374 0.002215032 0.115544066
v 0.31608003 0.002215033 0.115544066
v 0.3155963 0.0032074116 0.11484825
v 0.31608003 0.002215033 0.115544066
v 0.31608003 -0.002217593 0.115544066
v 0.3155963 -0.0030789876 0.11484825
v 0.3155963 -0.0030789876 0.11484825
v 0.31608003 -0.002217593 0.115544066
v 0.32636374 -0.0022175938 0.115544066
v 0.32636374 -0.003078988 0.11484825
v 0.31656379 0.0010654564 0.12301479
v 0.32636374 0.0008970853 0.13118133
v 0.31753123 0.0008970857 0.13118133
v 0.32636374 0.0010654561 0.12301479
v 0.31608003 0.002215033 0.115544066
v 0.32636374 0.002215032 0.115544066
v 0.31656379 -0.0012945874 0.12301479
v 0.31753123 0.0008970857 0.13118133
v 0.31753123 -0.0012945886 0.13118133
v 0.31656379 0.0010654564 0.12301479
v 0.31608003 -0.002217593 0.115544066
v 0.31608003 0.002215033 0.115544066
v 0.32636374 -0.001294588 0.12301479
v 0.31753123 -0.0012945886 0.13118133
v 0.32636374 -0.001294589 0.13118133
v 0.31656379 -0.0012945874 0.12301479
v 0.32636374 -0.0022175938 0.115544066
v 0.31608003 -0.002217593 0.115544066
v 0.025060443 0.015789742 0.11423818
v 0.02982602 0.015789742 0.11423818
v 0.02982602 0.015789738 0.12606089
v 0.025060443 0.015789738 0.12606089
v 0.02167735 0.015177626 0.12472268
v 0.02167735 0.015177629 0.11423818
v 0.020173749 0.014690873 0.11448818
v 0.020173749 0.014690873 0.12314539
v 0.019479807 0.0144207375 0.12213279
v 0.019479807 0.0144207375 0.11523819
v 0.02982602 0.015789738 0.12606089
v 0.02982602 0.011220946 0.12606089
v 0.025060443 0.011220946 0.12606089
v 0.025060443 0.015789738 0.12606089
v 0.02167735 0.015177626 0.12472268
v 0.02167735 0.010933248 0.12472268
v 0.020173749 0.009279475 0.12314539
v 0.020173749 0.014690873 0.12314539
v 0.019479807 0.0144207375 0.12213279
v 0.019479807 0.008842331 0.12213279
v 0.019479807 0.0144207375 0.11523819
v 0.019479807 0.008842333 0.11523819
v 0.020173749 -0.009484717 0.12314539
v 0.019479807 -0.009047573 0.12213279
v 0.019479807 -0.0090475725 0.11523819
v 0.019479807 -0.014625978 0.11523819
v 0.019479807 -0.014625978 0.12213279
v 0.020173749 -0.014896116 0.12314539
v 0.02167735 -0.015382869 0.12472268
v 0.02167735 -0.011138491 0.12472268
v 0.025060443 -0.011426189 0.12606089
v 0.025060443 -0.015994977 0.12606089
v 0.02982602 -0.015994977 0.12606089
v 0.02982602 -0.011426189 0.12606089
v 0.03537218 0.008708277 0.12203472
v 0.03537218 -0.008776647 0.1220347
v 0.034712713 -0.009484717 0.12314539
v 0.034712713 0.009279475 0.12314539
v 0.025060443 0.011220946 0.12606089
v 0.02982602 0.011220946 0.12606089
v 0.03320911 0.010933248 0.12472268
v 0.02167735 0.010933248 0.12472268
v 0.034712713 0.009279475 0.12314539
v 0.020173749 0.009279475 0.12314539
v 0.020173749 -0.009484717 0.12314539
v 0.020173749 0.009279475 0.12314539
v 0.034712713 0.009279475 0.12314539
v 0.034712713 -0.009484717 0.12314539
v 0.025060443 -0.015994983 0.11423818
v 0.02982602 -0.015994977 0.12606089
v 0.02982602 -0.015994983 0.11423818
v 0.025060443 -0.015994977 0.12606089
v 0.02167735 -0.015382869 0.12472268
v 0.021469736 -0.015848748 0.114572905
v 0.020173749 -0.014896116 0.12314539
v 0.020173749 -0.014896116 0.11448818
v 0.019479807 -0.014625978 0.12213279
v 0.019479807 -0.014625978 0.11523819
v 0.025060443 -0.011426189 0.12606089
v 0.03320911 -0.011138491 0.12472268
v 0.02982602 -0.011426189 0.12606089
v 0.02167735 -0.011138491 0.12472268
v 0.034712713 -0.009484717 0.12314539
v 0.020173749 -0.009484717 0.12314539
v -0.026186543 -0.0056696 -0.06614556
v -0.029886225 -0.0021908123 -0.07034404
v -0.028512286 0.0026802244 -0.065452166
v -0.027488498 0.0059863115 -0.07105889
v -0.031568013 0.0028899247 -0.07635743
v -0.021620883 0.007568558 -0.06750678
v -0.024610633 0.00745553 -0.078431726
v -0.030748844 0.0060221613 -0.0814491
v -0.022420024 0.0062937643 -0.08393227
v -0.019294871 0.0061335973 -0.073501766
v -0.015036068 0.0022399924 -0.069469996
v -0.01829958 0.0019617116 -0.08031329
v -0.01959875 -0.001888016 -0.084773414
v -0.016628627 -0.0019523966 -0.074296676
v -0.017857723 -0.0059416387 -0.06862876
v -0.021356449 -0.0059992014 -0.07940194
v -0.026183834 -0.007216234 -0.082810126
v -0.0231744 -0.0070972 -0.072345115
v -0.026186543 -0.0056696 -0.06614556
v -0.029886225 -0.0021908123 -0.07034404
v -0.029556789 -0.005425598 -0.076957084
v -0.03307501 -0.00232754 -0.080755584
v -0.031568013 0.0028899247 -0.07635743
v -0.030748844 0.0060221613 -0.0814491
v -0.007896404 0.005702421 0.07248936
v -0.010795059 0.005702421 0.06475336
v -0.009771442 0.0057024006 0.06892098
v -0.010967311 0.005702408 0.059986442
v -0.010440197 0.0057024066 0.05784657
v -0.0050601577 0.0057024043 0.05784657
v -0.005169983 0.005702421 0.07545845
v -0.0015921402 0.005702422 0.07801139
v -0.004346065 0.005702403 0.04988377
v 0.0028370856 0.0057024197 0.07984299
v 0.007982616 0.005702409 0.04189795
v 0.0084190555 0.005531606 0.0796741
v -0.0054276465 0.005702402 0.045529537
v -0.004817295 0.0057024043 0.041897945
v -0.007016525 0.0057024066 0.049883775
v -0.0054276465 0.005702402 0.045529537
v -0.004817295 0.0057024043 0.041897945
v -0.004817295 0.00941085 0.041897945
v -0.0054276465 0.009410848 0.045529537
v -0.007016525 0.0057024066 0.049883775
v -0.010440197 0.0057024066 0.05784657
v -0.010440197 0.009410847 0.05784657
v -0.010967311 0.009410847 0.059986442
v -0.007016525 -0.0057024616 0.049883775
v -0.010967311 0.005702408 0.059986442
v -0.010795059 0.009410845 0.064753346
v -0.010795059 0.005702421 0.06475336
v -0.009771442 0.009410845 0.06892098
v -0.009771442 0.0057024006 0.06892098
v -0.007896404 0.009410862 0.07248936
v -0.007896404 0.005702421 0.07248936
v -0.005169983 0.009410864 0.07545845
v -0.005169983 0.005702421 0.07545845
v -0.0015921402 0.009410864 0.07801139
v -0.0015921402 0.005702422 0.07801139
v 0.0028370856 0.009410861 0.07984299
v 0.0028370856 0.0057024197 0.07984299
v 0.0084190555 0.005531606 0.0796741
v 0.007982616 0.009410841 0.07984298
v -0.007896404 -0.005702465 0.07248934
v -0.009771442 -0.005702465 0.06892098
v -0.010795059 -0.005702464 0.064753346
v -0.010967311 -0.0057024662 0.059986442
v -0.0050601577 -0.0057024625 0.05784657
v -0.010440197 -0.0057024662 0.05784657
v -0.005169964 -0.0057024662 0.07545844
v -0.0015921211 -0.0057024662 0.07801138
v -0.004346065 -0.00570246 0.04988377
v 0.0028371047 -0.0057024662 0.07984298
v 0.007982616 -0.0057024616 0.04189795
v 0.0084190555 -0.005531394 0.0796741
v -0.0054276465 -0.0057024593 0.045529537
v -0.004817295 -0.0057024593 0.041897945
v -0.007016525 -0.0057024616 0.049883775
v -0.0054276465 -0.0057024593 0.045529537
v -0.004817295 -0.009410903 0.041897945
v -0.004817295 -0.0057024593 0.041897945
v -0.0054276465 -0.009410904 0.04552954
v -0.010440197 -0.0057024662 0.05784657
v -0.010440197 -0.009410904 0.05784657
v -0.010967311 -0.009410904 0.059986442
v -0.010967311 -0.0057024662 0.059986442
v -0.010795059 -0.009410905 0.064753346
v -0.010795059 -0.005702464 0.064753346
v -0.009771442 -0.009410907 0.06892098
v -0.009771442 -0.005702465 0.06892098
v -0.007896404 -0.009410908 0.07248934
v -0.007896404 -0.005702465 0.07248934
v -0.005169964 -0.0094109075 0.07545844
v -0.005169964 -0.0057024662 0.07545844
v -0.0015921211 -0.0094109075 0.07801138
v -0.0015921211 -0.0057024662 0.07801138
v 0.0028371047 -0.009410909 0.07984298
v 0.0028371047 -0.0057024662 0.07984298
v 0.0084190555 -0.005531394 0.0796741
v 0.007982616 -0.009410909 0.07984298
v -0.0050601577 0.0057024043 0.05784657
v -0.0050601577 -0.0057024625 0.05784657
v -0.010440197 -0.0057024662 0.05784657
v -0.010440197 0.0057024066 0.05784657
v -0.007016525 0.0057024066 0.049883775
v -0.007016525 -0.0057024616 0.049883775
v -0.004346065 -0.00570246 0.04988377
v -0.004346065 0.005702403 0.04988377
v 0.18825705 -0.01289247 0.092352495
v 0.19013107 -0.017691202 0.09110029
v 0.18825705 -0.017691202 0.092352495
v 0.19013107 -0.012892468 0.09110029
v 0.19138329 -0.017691202 0.08922626
v 0.19138329 -0.012892468 0.08922626
v 0.19182302 -0.017691202 0.08701561
v 0.19182302 -0.012892468 0.08701561
v 0.19138332 -0.017691202 0.08480505
v 0.19138332 -0.012892468 0.08480505
v 0.19013107 -0.017691199 0.08293098
v 0.19013107 -0.012892468 0.08293098
v 0.18825702 -0.017691199 0.08167877
v 0.18825702 -0.012892468 0.08167877
v 0.18604647 -0.017691199 0.08123907
v 0.18604647 -0.012892468 0.08123907
v 0.18383582 -0.017691199 0.08167878
v 0.18383582 -0.012892468 0.08167878
v 0.18196177 -0.017691199 0.08293098
v 0.18196177 -0.012892468 0.08293098
v 0.18070959 -0.017691202 0.08480505
v 0.18070959 -0.012892468 0.08480505
v 0.18026985 -0.017691202 0.08701563
v 0.18026985 -0.012892468 0.08701563
v 0.18070959 -0.017691202 0.089226246
v 0.18070959 -0.012892468 0.089226246
v 0.18196176 -0.017691202 0.09110027
v 0.18196176 -0.012892468 0.09110027
v 0.18383585 -0.017691202 0.0923525
v 0.18383585 -0.01289247 0.0923525
v 0.18604644 -0.017691202 0.09279221
v 0.18604644 -0.01289247 0.09279221
v 0.18825705 -0.017691202 0.092352495
v 0.18825705 -0.01289247 0.092352495
v 0.18902591 -0.012892468 0.089995116
v 0.19138329 -0.012892468 0.08922626
v 0.19013107 -0.012892468 0.09110029
v 0.1899393 -0.012892468 0.08862812
v 0.19026007 -0.012892468 0.087015636
v 0.19182302 -0.012892468 0.08701561
v 0.1899393 -0.012892468 0.08540315
v 0.19138332 -0.012892468 0.08480505
v 0.18902591 -0.012892468 0.08403616
v 0.19013107 -0.012892468 0.08293098
v 0.18765892 -0.012892468 0.08312277
v 0.18825702 -0.012892468 0.08167877
v 0.18604644 -0.012892468 0.08280202
v 0.18604647 -0.012892468 0.08123907
v 0.18443395 -0.012892468 0.08312277
v 0.18383582 -0.012892468 0.08167878
v 0.18306693 -0.012892468 0.08403616
v 0.18196177 -0.012892468 0.08293098
v 0.18215357 -0.012892468 0.08540315
v 0.18070959 -0.012892468 0.08480505
v 0.1818328 -0.012892468 0.087015636
v 0.18026985 -0.012892468 0.08701563
v 0.18215357 -0.012892468 0.08862812
v 0.18070959 -0.012892468 0.089226246
v 0.18306693 -0.012892468 0.089995116
v 0.18196176 -0.012892468 0.09110027
v 0.18825705 -0.017691202 0.092352495
v 0.18383585 -0.017691202 0.0923525
v 0.18604644 -0.017691202 0.09279221
v 0.19013107 -0.017691202 0.09110029
v 0.18196176 -0.017691202 0.09110027
v 0.19138329 -0.017691202 0.08922626
v 0.18070959 -0.017691202 0.089226246
v 0.19182302 -0.017691202 0.08701561
v 0.18026985 -0.017691202 0.08701563
v 0.18070959 -0.017691202 0.08480505
v 0.19138332 -0.017691202 0.08480505
v 0.19013107 -0.017691199 0.08293098
v 0.18196177 -0.017691199 0.08293098
v 0.18825702 -0.017691199 0.08167877
v 0.18383582 -0.017691199 0.08167878
v 0.18604647 -0.017691199 0.08123907
v 0.1899393 -0.012892468 0.08862812
v 0.18902591 -0.012892468 0.089995116
v 0.18902591 0.012892434 0.089995116
v 0.1899393 0.012892434 0.08862812
v 0.19026007 0.012892434 0.087015636
v 0.19026007 -0.012892468 0.087015636
v 0.1899393 -0.012892468 0.08540315
v 0.1899393 0.012892434 0.08540315
v 0.18902591 0.012892436 0.08403616
v 0.18902591 -0.012892468 0.08403616
v 0.18765892 0.012892436 0.08312277
v 0.18765892 -0.012892468 0.08312277
v 0.18604644 0.012892436 0.08280202
v 0.18604644 -0.012892468 0.08280202
v 0.18443395 -0.012892468 0.08312277
v 0.18443395 0.012892436 0.08312277
v 0.18306693 -0.012892468 0.08403616
v 0.18306693 0.012892436 0.08403616
v 0.18215357 -0.012892468 0.08540315
v 0.18215357 0.012892434 0.08540315
v 0.1818328 0.012892434 0.087015636
v 0.1818328 -0.012892468 0.087015636
v 0.18215357 -0.012892468 0.08862812
v 0.18215357 0.012892434 0.08862812
v 0.18306693 -0.012892468 0.089995116
v 0.18306693 0.012892434 0.089995116
v 0.18604647 0.012892436 0.08123907
v 0.18604647 0.017691173 0.08123907
v 0.18383582 0.017691173 0.08167879
v 0.18383582 0.012892436 0.08167878
v 0.18196177 0.01769117 0.08293098
v 0.18196177 0.012892436 0.08293098
v 0.18070959 0.01769117 0.08480505
v 0.18070959 0.012892434 0.08480505
v 0.18026985 0.01769117 0.08701563
v 0.18026985 0.012892434 0.08701563
v 0.18070959 0.01769117 0.089226246
v 0.18070959 0.012892434 0.089226246
v 0.18196176 0.01769117 0.09110027
v 0.18196176 0.012892434 0.09110027
v 0.18383585 0.017691165 0.092352495
v 0.18383585 0.012892432 0.092352495
v 0.18604644 0.017691169 0.09279221
v 0.18604644 0.012892432 0.09279221
v 0.18825705 0.017691169 0.092352495
v 0.18825705 0.012892432 0.092352495
v 0.19013107 0.01769117 0.09110029
v 0.19013107 0.012892434 0.09110029
v 0.19138329 0.01769117 0.08922625
v 0.19138329 0.012892434 0.08922625
v 0.19182302 0.01769117 0.08701561
v 0.19182302 0.012892434 0.08701561
v 0.19138332 0.01769117 0.08480505
v 0.19138332 0.012892434 0.08480505
v 0.19013107 0.01769117 0.08293098
v 0.19013107 0.012892436 0.08293098
v 0.18825702 0.017691173 0.08167877
v 0.18825702 0.012892436 0.08167877
v 0.18604647 0.017691173 0.08123907
v 0.18604647 0.012892436 0.08123907
v 0.19138329 0.012892434 0.08922625
v 0.18902591 0.012892434 0.089995116
v 0.19013107 0.012892434 0.09110029
v 0.1899393 0.012892434 0.08862812
v 0.19026007 0.012892434 0.087015636
v 0.19182302 0.012892434 0.08701561
v 0.1899393 0.012892434 0.08540315
v 0.19138332 0.012892434 0.08480505
v 0.18902591 0.012892436 0.08403616
v 0.19013107 0.012892436 0.08293098
v 0.18765892 0.012892436 0.08312277
v 0.18825702 0.012892436 0.08167877
v 0.18604644 0.012892436 0.08280202
v 0.18604647 0.012892436 0.08123907
v 0.18443395 0.012892436 0.08312277
v 0.18383582 0.012892436 0.08167878
v 0.18306693 0.012892436 0.08403616
v 0.18196177 0.012892436 0.08293098
v 0.18215357 0.012892434 0.08540315
v 0.18070959 0.012892434 0.08480505
v 0.1818328 0.012892434 0.087015636
v 0.18026985 0.012892434 0.08701563
v 0.18215357 0.012892434 0.08862812
v 0.18070959 0.012892434 0.089226246
v 0.18306693 0.012892434 0.089995116
v 0.18196176 0.012892434 0.09110027
v 0.18825705 0.017691169 0.092352495
v 0.18604644 0.017691169 0.09279221
v 0.18383585 0.017691165 0.092352495
v 0.19013107 0.01769117 0.09110029
v 0.18196176 0.01769117 0.09110027
v 0.19138329 0.01769117 0.08922625
v 0.18070959 0.01769117 0.089226246
v 0.19182302 0.01769117 0.08701561
v 0.18026985 0.01769117 0.08701563
v 0.18070959 0.01769117 0.08480505
v 0.19138332 0.01769117 0.08480505
v 0.19013107 0.01769117 0.08293098
v 0.18196177 0.01769117 0.08293098
v 0.18825702 0.017691173 0.08167877
v 0.18383582 0.017691173 0.08167879
v 0.18604647 0.017691173 0.08123907
v 0.123390585 -0.02630783 0.08477352
v 0.123390585 -0.02630783 0.08919687
v 0.123390585 -0.026747756 0.086985186
v 0.123390585 -0.025055012 0.09107183
v 0.123390585 -0.025055017 0.08289856
v 0.123390585 -0.02318005 0.09232464
v 0.123390585 -0.02318005 0.081645735
v 0.123390585 -0.02086619 0.09278491
v 0.123390585 -0.02086619 0.08118548
v 0.123390585 -0.012799434 0.09278491
v 0.123390585 -0.012799432 0.08118548
v 0.123390585 -0.02086619 0.08118548
v 0.14176612 -0.012799432 0.08118549
v 0.123390585 -0.012799432 0.08118548
v 0.14176612 -0.02086619 0.08118548
v 0.123390585 -0.02318005 0.081645735
v 0.14176612 -0.02318005 0.081645735
v 0.123390585 -0.025055017 0.08289856
v 0.14176612 -0.025055017 0.08289856
v 0.123390585 -0.02630783 0.08477352
v 0.14176612 -0.02630783 0.08477352
v 0.123390585 -0.026747756 0.086985186
v 0.14176612 -0.026747756 0.086985186
v 0.123390585 -0.02630783 0.08919687
v 0.14176612 -0.02630783 0.08919687
v 0.123390585 -0.025055012 0.09107183
v 0.14176612 -0.025055012 0.09107183
v 0.123390585 -0.02318005 0.09232464
v 0.14176612 -0.023180045 0.09232465
v 0.123390585 -0.02086619 0.09278491
v 0.14176612 -0.02086619 0.09278491
v 0.123390585 -0.012799434 0.09278491
v 0.14176612 -0.012799434 0.09278491
v 0.14176612 -0.02086619 0.08118548
v 0.14176612 -0.012799432 0.08014798
v 0.14176612 -0.012799432 0.08118549
v 0.14176612 -0.02096837 0.08014798
v 0.14176612 -0.02318005 0.081645735
v 0.14176612 -0.023584867 0.08066843
v 0.14176612 -0.025055017 0.08289856
v 0.14176612 -0.025803016 0.082150556
v 0.14176612 -0.02630783 0.08477352
v 0.14176612 -0.027285136 0.084368706
v 0.14176612 -0.026747756 0.086985186
v 0.14176612 -0.02780559 0.086985186
v 0.14176612 -0.02630783 0.08919687
v 0.14176612 -0.027285136 0.08960169
v 0.14176612 -0.025055012 0.09107183
v 0.14176612 -0.025803013 0.09181984
v 0.14176612 -0.023180045 0.09232465
v 0.14176612 -0.023584867 0.09330196
v 0.14176612 -0.020968374 0.09382241
v 0.14176612 -0.02086619 0.09278491
v 0.14176612 -0.012799434 0.09382241
v 0.14176612 -0.012799434 0.09278491
v 0.14176612 -0.012799432 0.08014798
v 0.15354238 -0.02096837 0.08014798
v 0.15689011 -0.012799432 0.08014798
v 0.14176612 -0.02096837 0.08014798
v 0.1525505 -0.023584867 0.08066843
v 0.14176612 -0.023584867 0.08066843
v 0.15165739 -0.025803016 0.082150556
v 0.14176612 -0.025803016 0.082150556
v 0.15103684 -0.027285136 0.084368706
v 0.14176612 -0.027285136 0.084368706
v 0.15081577 -0.02780559 0.086985186
v 0.14176612 -0.02780559 0.086985186
v 0.14176612 -0.027285136 0.08960169
v 0.15103684 -0.027285136 0.08960169
v 0.14176612 -0.025803013 0.09181984
v 0.15165739 -0.025803013 0.09181984
v 0.14176612 -0.023584867 0.09330196
v 0.1525505 -0.023584867 0.09330195
v 0.14176612 -0.020968374 0.09382241
v 0.15354238 -0.020968374 0.0938224
v 0.14176612 -0.012799434 0.09382241
v 0.15689011 -0.012799434 0.0938224
v 0.1516973 -0.025657691 0.08698512
v 0.15054317 -0.025300741 0.08877966
v 0.15054317 -0.025657697 0.08698512
v 0.15184705 -0.025300741 0.08877965
v 0.15054317 -0.024284223 0.09030098
v 0.15225911 -0.024284223 0.09030098
v 0.15054318 -0.022762895 0.0913175
v 0.15286209 -0.022762895 0.0913175
v 0.15054323 -0.020968374 0.09167444
v 0.15354238 -0.02096837 0.09167444
v 0.15054326 -0.019173838 0.0913175
v 0.15427777 -0.019173838 0.0913175
v 0.15054329 -0.017652513 0.09030098
v 0.15490125 -0.017652513 0.09030098
v 0.15054329 -0.016635995 0.08877966
v 0.15531783 -0.016635995 0.08877965
v 0.15054329 -0.01627904 0.08698512
v 0.15546413 -0.01627904 0.086985126
v 0.15054329 -0.016635995 0.0851906
v 0.15531783 -0.016635995 0.0851906
v 0.15054329 -0.01765251 0.08366926
v 0.15490125 -0.01765251 0.08366926
v 0.15054326 -0.019173838 0.08265275
v 0.15427777 -0.019173838 0.08265275
v 0.15054323 -0.020968374 0.08229579
v 0.15354238 -0.020968374 0.08229579
v 0.15054318 -0.022762895 0.08265275
v 0.15283582 -0.022762895 0.08265275
v 0.15054318 -0.024284223 0.08366926
v 0.15223241 -0.024284223 0.08366926
v 0.15054317 -0.025300741 0.0851906
v 0.1518326 -0.025300741 0.0851906
v 0.15054317 -0.025657697 0.08698512
v 0.1516973 -0.025657691 0.08698512
v 0.15054323 -0.020968374 0.08229579
v 0.15054318 -0.022762895 0.08265275
v 0.15054326 -0.019173838 0.08265275
v 0.15054329 -0.01765251 0.08366926
v 0.15054318 -0.024284223 0.08366926
v 0.15054329 -0.016635995 0.0851906
v 0.15054317 -0.025300741 0.0851906
v 0.15054329 -0.01627904 0.08698512
v 0.15054317 -0.025657697 0.08698512
v 0.15054329 -0.016635995 0.08877966
v 0.15054317 -0.025300741 0.08877966
v 0.15054329 -0.017652513 0.09030098
v 0.15054317 -0.024284223 0.09030098
v 0.15054326 -0.019173838 0.0913175
v 0.15054318 -0.022762895 0.0913175
v 0.15054323 -0.020968374 0.09167444
v 0.123390585 0.026307797 0.08477352
v 0.123390585 0.026747726 0.086985186
v 0.123390585 0.026307797 0.08919687
v 0.123390585 0.025054984 0.09107183
v 0.123390585 0.025054984 0.08289856
v 0.123390585 0.023180021 0.09232464
v 0.123390585 0.023180021 0.081645735
v 0.123390585 0.020866156 0.09278491
v 0.123390585 0.02086616 0.08118548
v 0.123390585 0.012799396 0.09278491
v 0.123390585 0.012799396 0.08118548
v 0.14176612 0.012799396 0.08118549
v 0.123390585 0.02086616 0.08118548
v 0.123390585 0.012799396 0.08118548
v 0.14176612 0.02086616 0.08118548
v 0.123390585 0.023180021 0.081645735
v 0.14176612 0.023180021 0.081645735
v 0.123390585 0.025054984 0.08289856
v 0.14176612 0.025054984 0.08289856
v 0.123390585 0.026307797 0.08477352
v 0.14176612 0.026307797 0.08477352
v 0.123390585 0.026747726 0.086985186
v 0.14176612 0.026747726 0.086985186
v 0.123390585 0.026307797 0.08919687
v 0.14176612 0.026307797 0.08919687
v 0.123390585 0.025054984 0.09107183
v 0.14176612 0.025054984 0.09107183
v 0.123390585 0.023180021 0.09232464
v 0.14176612 0.023180012 0.09232465
v 0.123390585 0.020866156 0.09278491
v 0.14176612 0.020866156 0.09278491
v 0.123390585 0.012799396 0.09278491
v 0.14176612 0.012799396 0.09278491
v 0.14176612 0.012799396 0.08014798
v 0.14176612 0.02086616 0.08118548
v 0.14176612 0.012799396 0.08118549
v 0.14176612 0.020968346 0.08014798
v 0.14176612 0.023180021 0.081645735
v 0.14176612 0.023584828 0.08066843
v 0.14176612 0.025054984 0.08289856
v 0.14176612 0.025802983 0.082150556
v 0.14176612 0.026307797 0.08477352
v 0.14176612 0.027285103 0.084368706
v 0.14176612 0.026747726 0.086985186
v 0.14176612 0.027805557 0.086985186
v 0.14176612 0.026307797 0.08919687
v 0.14176612 0.027285103 0.08960169
v 0.14176612 0.025054984 0.09107183
v 0.14176612 0.02580298 0.09181984
v 0.14176612 0.023180012 0.09232465
v 0.14176612 0.023584828 0.09330196
v 0.14176612 0.020968342 0.09382241
v 0.14176612 0.020866156 0.09278491
v 0.14176612 0.012799396 0.09382241
v 0.14176612 0.012799396 0.09278491
v 0.15354238 0.020968346 0.08014798
v 0.14176612 0.012799396 0.08014798
v 0.15689011 0.012799399 0.08014798
v 0.14176612 0.020968346 0.08014798
v 0.1525505 0.023584828 0.08066843
v 0.14176612 0.023584828 0.08066843
v 0.15165739 0.025802989 0.082150556
v 0.14176612 0.025802983 0.082150556
v 0.15103684 0.027285103 0.084368706
v 0.14176612 0.027285103 0.084368706
v 0.15081577 0.027805557 0.086985186
v 0.14176612 0.027805557 0.086985186
v 0.14176612 0.027285103 0.08960169
v 0.15103684 0.027285103 0.08960169
v 0.14176612 0.02580298 0.09181984
v 0.15165739 0.02580298 0.09181984
v 0.14176612 0.023584828 0.09330196
v 0.1525505 0.023584828 0.09330195
v 0.14176612 0.020968342 0.09382241
v 0.15354238 0.020968342 0.0938224
v 0.14176612 0.012799396 0.09382241
v 0.15689011 0.012799396 0.0938224
v 0.1516973 0.025657658 0.08698512
v 0.15054317 0.025657663 0.08698512
v 0.15054317 0.025300711 0.08877966
v 0.15184705 0.025300708 0.08877965
v 0.15054317 0.024284191 0.09030098
v 0.15225911 0.024284186 0.09030098
v 0.15054318 0.022762865 0.0913175
v 0.15286209 0.022762861 0.0913175
v 0.15054323 0.020968337 0.09167444
v 0.15354238 0.020968337 0.09167444
v 0.15054326 0.019173803 0.0913175
v 0.15427777 0.019173803 0.0913175
v 0.15054329 0.017652478 0.09030098
v 0.15490125 0.017652478 0.09030098
v 0.15054329 0.016635958 0.08877966
v 0.15531783 0.016635958 0.08877965
v 0.15054329 0.016279006 0.08698512
v 0.15546413 0.016279006 0.086985126
v 0.15054329 0.016635958 0.0851906
v 0.15531783 0.016635958 0.0851906
v 0.15054329 0.017652476 0.08366926
v 0.15490125 0.017652476 0.08366926
v 0.15054326 0.019173803 0.08265275
v 0.15427777 0.019173803 0.08265275
v 0.15054323 0.020968337 0.08229579
v 0.15354238 0.020968337 0.08229579
v 0.15054318 0.022762865 0.08265275
v 0.15283582 0.022762865 0.08265275
v 0.15054318 0.024284186 0.08366926
v 0.15223241 0.024284186 0.08366926
v 0.15054317 0.025300711 0.0851906
v 0.1518326 0.025300711 0.0851906
v 0.15054317 0.025657663 0.08698512
v 0.1516973 0.025657658 0.08698512
v 0.15054323 0.020968337 0.08229579
v 0.15054326 0.019173803 0.08265275
v 0.15054318 0.022762865 0.08265275
v 0.15054329 0.017652476 0.08366926
v 0.15054318 0.024284186 0.08366926
v 0.15054329 0.016635958 0.0851906
v 0.15054317 0.025300711 0.0851906
v 0.15054329 0.016279006 0.08698512
v 0.15054317 0.025657663 0.08698512
v 0.15054329 0.016635958 0.08877966
v 0.15054317 0.025300711 0.08877966
v 0.15054329 0.017652478 0.09030098
v 0.15054317 0.024284191 0.09030098
v 0.15054326 0.019173803 0.0913175
v 0.15054318 0.022762865 0.0913175
v 0.15054323 0.020968337 0.09167444
v 0.019494133 0.027285112 0.084368706
v 0.019494133 0.027805561 0.086985186
v 0.019494133 0.027285112 0.089601666
v 0.019494133 0.025802989 0.09181984
v 0.019494133 0.025802989 0.082150556
v 0.019494094 0.023584837 0.09330195
v 0.019494094 0.023584837 0.08066843
v 0.018930396 0.020968346 0.0938224
v 0.018930396 0.020968352 0.08014796
v 0.017228736 0.019069748 0.0938224
v 0.017228736 0.01906975 0.08014796
v 0.013049202 0.017171148 0.08014796
v 0.013049202 0.017171148 0.0938224
v 0.013049202 0.012373648 0.08014796
v 0.013049202 0.012373643 0.0938224
v 0.04502635 0.020866202 0.09278488
v 0.04502635 0.012373724 0.08118545
v 0.04502635 0.012373724 0.09278488
v 0.04502635 0.020866202 0.08118545
v 0.04502635 0.023180064 0.09232463
v 0.04502635 0.023180064 0.081645705
v 0.04502635 0.02505503 0.091071814
v 0.04502635 0.02505503 0.08289853
v 0.04502635 0.026307844 0.0847735
v 0.04502635 0.026307844 0.08919685
v 0.04502635 0.026747774 0.08698518
v 0.026650809 0.012373709 0.0938224
v 0.02665082 0.02086616 0.0927849
v 0.02665082 0.012373709 0.0927849
v 0.02665082 0.020968346 0.0938224
v 0.02665082 0.023180021 0.09232464
v 0.02665082 0.023584837 0.09330195
v 0.02665082 0.025054988 0.09107183
v 0.02665082 0.025802989 0.09181984
v 0.02665082 0.026307806 0.08919686
v 0.02665082 0.027285112 0.089601666
v 0.02665082 0.026747737 0.086985186
v 0.02665082 0.027805561 0.086985186
v 0.02665082 0.026307806 0.08477352
v 0.02665082 0.027285112 0.084368706
v 0.02665082 0.025054993 0.08289855
v 0.02665082 0.025802989 0.082150556
v 0.02665082 0.023180021 0.081645735
v 0.02665082 0.023584837 0.08066843
v 0.02665082 0.020968352 0.08014796
v 0.02665082 0.02086616 0.081185475
v 0.026650809 0.012373712 0.08014796
v 0.026650809 0.012373712 0.08118548
v 0.026650809 0.012373709 0.0938224
v 0.013049202 0.012373643 0.0938224
v 0.013049202 0.017171148 0.0938224
v 0.017228736 0.019069748 0.0938224
v 0.018930396 0.020968346 0.0938224
v 0.02665082 0.020968346 0.0938224
v 0.019494094 0.023584837 0.09330195
v 0.02665082 0.023584837 0.09330195
v 0.02665082 0.025802989 0.09181984
v 0.019494133 0.025802989 0.09181984
v 0.02665082 0.027285112 0.089601666
v 0.019494133 0.027285112 0.089601666
v 0.02665082 0.027805561 0.086985186
v 0.019494133 0.027805561 0.086985186
v 0.02665082 0.027285112 0.084368706
v 0.019494133 0.027285112 0.084368706
v 0.02665082 0.025802989 0.082150556
v 0.019494133 0.025802989 0.082150556
v 0.02665082 0.023584837 0.08066843
v 0.019494094 0.023584837 0.08066843
v 0.02665082 0.020968352 0.08014796
v 0.018930396 0.020968352 0.08014796
v 0.026650809 0.012373712 0.08014796
v 0.017228736 0.01906975 0.08014796
v 0.013049202 0.017171148 0.08014796
v 0.013049202 0.012373648 0.08014796
v 0.02665082 0.012373709 0.0927849
v 0.04502635 0.020866202 0.09278488
v 0.04502635 0.012373724 0.09278488
v 0.02665082 0.02086616 0.0927849
v 0.04502635 0.023180064 0.09232463
v 0.02665082 0.023180021 0.09232464
v 0.04502635 0.02505503 0.091071814
v 0.02665082 0.025054988 0.09107183
v 0.04502635 0.026307844 0.08919685
v 0.02665082 0.026307806 0.08919686
v 0.04502635 0.026747774 0.08698518
v 0.02665082 0.026747737 0.086985186
v 0.04502635 0.026307844 0.0847735
v 0.02665082 0.026307806 0.08477352
v 0.04502635 0.02505503 0.08289853
v 0.02665082 0.025054993 0.08289855
v 0.04502635 0.023180064 0.081645705
v 0.02665082 0.023180021 0.081645735
v 0.04502635 0.020866202 0.08118545
v 0.02665082 0.02086616 0.081185475
v 0.04502635 0.012373724 0.08118545
v 0.026650809 0.012373712 0.08118548
v 0.019494133 -0.027285142 0.084368706
v 0.019494133 -0.027285142 0.089601666
v 0.019494133 -0.027805595 0.086985186
v 0.019494133 -0.025803022 0.09181984
v 0.019494133 -0.025803022 0.082150556
v 0.019494094 -0.02358487 0.09330195
v 0.019494094 -0.02358487 0.08066843
v 0.018930396 -0.020968385 0.0938224
v 0.018930396 -0.02096838 0.08014796
v 0.017228736 -0.019069785 0.0938224
v 0.017228736 -0.019069783 0.08014796
v 0.013049202 -0.017171185 0.08014796
v 0.013049202 -0.017171187 0.0938224
v 0.013049202 -0.012373681 0.08014796
v 0.013049202 -0.012373686 0.0938224
v 0.013049202 -0.017171187 0.0938224
v 0.013049202 -0.012373686 0.0938224
v 0.02665082 -0.012373683 0.0938224
v 0.017228736 -0.019069785 0.0938224
v 0.018930396 -0.020968385 0.0938224
v 0.02665082 -0.020968385 0.0938224
v 0.019494094 -0.02358487 0.09330195
v 0.02665082 -0.02358487 0.09330195
v 0.02665082 -0.025803022 0.09181984
v 0.019494133 -0.025803022 0.09181984
v 0.02665082 -0.027285142 0.089601666
v 0.019494133 -0.027285142 0.089601666
v 0.02665082 -0.027805595 0.086985186
v 0.019494133 -0.027805595 0.086985186
v 0.02665082 -0.027285142 0.084368706
v 0.019494133 -0.027285142 0.084368706
v 0.02665082 -0.025803022 0.082150556
v 0.019494133 -0.025803022 0.082150556
v 0.02665082 -0.02358487 0.08066843
v 0.019494094 -0.02358487 0.08066843
v 0.02665082 -0.02096838 0.08014796
v 0.018930396 -0.02096838 0.08014796
v 0.017228736 -0.019069783 0.08014796
v 0.02665082 -0.012373678 0.08014796
v 0.013049202 -0.017171185 0.08014796
v 0.013049202 -0.012373681 0.08014796
v 0.04502635 -0.020866236 0.09278488
v 0.04502637 -0.012373724 0.09278488
v 0.04502635 -0.012373717 0.081185475
v 0.04502635 -0.020866236 0.08118545
v 0.04502635 -0.023180097 0.09232463
v 0.04502635 -0.023180097 0.081645705
v 0.04502635 -0.02505506 0.091071814
v 0.04502635 -0.025055064 0.08289853
v 0.04502635 -0.026307877 0.0847735
v 0.04502635 -0.026307877 0.08919685
v 0.04502635 -0.026747808 0.08698518
v 0.02665082 -0.020968385 0.0938224
v 0.02665082 -0.012373683 0.0938224
v 0.02665083 -0.012373683 0.0927849
v 0.02665082 -0.020866193 0.0927849
v 0.02665082 -0.023180055 0.09232464
v 0.02665082 -0.02358487 0.09330195
v 0.02665082 -0.025055021 0.09107183
v 0.02665082 -0.025803022 0.09181984
v 0.02665082 -0.026307834 0.08919686
v 0.02665082 -0.027285142 0.089601666
v 0.02665082 -0.026747765 0.086985186
v 0.02665082 -0.027805595 0.086985186
v 0.02665082 -0.026307834 0.08477352
v 0.02665082 -0.027285142 0.084368706
v 0.02665082 -0.025055027 0.08289855
v 0.02665082 -0.025803022 0.082150556
v 0.02665082 -0.023180055 0.081645735
v 0.02665082 -0.02358487 0.08066843
v 0.02665082 -0.02096838 0.08014796
v 0.02665082 -0.020866193 0.081185475
v 0.02665082 -0.012373678 0.08014796
v 0.02665082 -0.012373678 0.08118549
v 0.02665082 -0.020866193 0.0927849
v 0.02665083 -0.012373683 0.0927849
v 0.04502637 -0.012373724 0.09278488
v 0.04502635 -0.020866236 0.09278488
v 0.04502635 -0.023180097 0.09232463
v 0.02665082 -0.023180055 0.09232464
v 0.04502635 -0.02505506 0.091071814
v 0.02665082 -0.025055021 0.09107183
v 0.04502635 -0.026307877 0.08919685
v 0.02665082 -0.026307834 0.08919686
v 0.04502635 -0.026747808 0.08698518
v 0.02665082 -0.026747765 0.086985186
v 0.04502635 -0.026307877 0.0847735
v 0.02665082 -0.026307834 0.08477352
v 0.04502635 -0.025055064 0.08289853
v 0.02665082 -0.025055027 0.08289855
v 0.04502635 -0.023180097 0.081645705
v 0.02665082 -0.023180055 0.081645735
v 0.04502635 -0.020866236 0.08118545
v 0.02665082 -0.020866193 0.081185475
v 0.02665082 -0.012373678 0.08118549
v 0.04502635 -0.012373717 0.081185475
v 0.016039543 -0.018826833 0.011662979
v 0.01998596 -0.015160834 0.012113266
v 0.016205672 -0.016665341 0.012717199
v 0.021085681 -0.016830305 0.01076623
v 0.02199831 -0.011756127 0.0120226
v 0.016284255 -0.021552132 0.012403469
v 0.023846874 -0.011952599 0.010487928
v 0.022788009 0.009595045 0.0133524705
v 0.022680491 -0.018586503 0.01119441
v 0.016796494 -0.022616414 0.014504881
v 0.024521675 0.010462243 0.012076988
v 0.020309733 0.01413041 0.0141069405
v 0.023836192 -0.019400677 0.013146972
v 0.017276153 -0.021840572 0.01673624
v 0.026239337 -0.01213984 0.010716247
v 0.021484813 0.015871417 0.012924118
v 0.015388584 0.016674913 0.015820064
v 0.02387577 -0.01879589 0.015480146
v 0.01712185 -0.019327518 0.01780053
v 0.026810206 0.011149907 0.012394447
v 0.0277742 -0.012208168 0.012573795
v 0.01585556 0.018839931 0.014868402
v 0.0099826045 0.017661376 0.016768483
v 0.02277605 -0.017126422 0.016827174
v 0.017096862 -0.017489668 0.01767765
v 0.021181239 -0.015370222 0.01641058
v 0.027552394 -0.012117557 0.014972467
v 0.02570383 -0.011921086 0.01650714
v 0.023311367 -0.011733843 0.016269283
v 0.023186283 0.017477414 0.013504438
v 0.028313007 0.01125521 0.0142763425
v 0.010415134 0.020007018 0.016419362
v -0.0033777521 0.016713463 0.020314874
v 0.026416054 0.009849269 0.017597312
v 0.02409092 0.009161606 0.017421313
v 0.017505301 0.01846727 0.020936318
v 0.028149737 0.010716468 0.016620291
v 0.016805725 0.0208958 0.015693998
v 0.024417456 0.018007634 0.015507964
v -0.0036610365 0.018391233 0.020252902
v -0.006802883 0.01506527 0.022534957
v 0.02445711 0.017151475 0.01776106
v 0.011291332 0.021083398 0.017773274
v 0.017682495 0.021638222 0.017813215
v -0.00804575 0.01709978 0.022891372
v -0.009111538 0.01215014 0.023492979
v 0.023282012 0.01541047 0.01894389
v 0.017972277 0.020632286 0.019984655
v 0.012097931 0.021271614 0.020037116
v -0.003238511 0.020198125 0.021791607
v 0.012362422 0.02046141 0.021884765
v 0.0119299125 0.018115766 0.022233887
v -0.011153431 0.013136223 0.024311127
v -0.010134086 0.008116683 0.024410624
v -0.008265209 0.018666765 0.024710007
v -0.002357664 0.021075686 0.024029642
v -0.0015344858 0.019498222 0.025655994
v -0.0012512064 0.017105121 0.025717964
v -0.012314052 0.008163601 0.025438575
v -0.008372287 -0.011299223 0.02707799
v -0.01188715 0.014028397 0.026426945
v -0.00699923 0.018691482 0.026528485
v -0.0054609915 0.017381232 0.027843058
v -0.0042181253 0.015346725 0.027486635
v -0.010209637 -0.012356311 0.028225893
v -0.0054229354 -0.015714921 0.02758653
v -0.013133297 0.008474041 0.027684344
v -0.010882931 0.01430404 0.028601008
v -0.008729 0.013801684 0.029559784
v -0.006687107 0.012815601 0.028741632
v -0.0062672994 -0.017666727 0.02872166
v 0.00014328002 -0.018080272 0.027441297
v -0.010847911 -0.012626899 0.030534662
v -0.01211193 0.008866152 0.029832391
v -0.009848271 0.009110241 0.030624418
v -0.0076683233 0.009063324 0.02959647
v -0.009913197 -0.011952481 0.03265185
v -0.007953033 -0.010728122 0.03333723
v -0.0061156843 -0.009671034 0.032189324
v -0.0064373966 -0.018359154 0.031024402
v -9.794235E-05 -0.020203236 0.028557472
v -0.0058335685 -0.01738659 0.033145845
v -0.004809532 -0.015318744 0.03384328
v -0.003965168 -0.0133669395 0.03270815
v 0.016800346 -0.020647435 0.027189387
v 0.016069164 -0.017589865 0.026032671
v 0.02256546 -0.016147254 0.025202699
v -0.00018306731 -0.02091977 0.030857548
v -6.221771E-05 -0.019810151 0.032994166
v 0.0001938057 -0.017524363 0.03371573
v 0.00043502808 -0.015401402 0.032599553
v 0.023850212 -0.019660546 0.026877923
v 0.027045287 -0.012345071 0.024960808
v 0.017193222 -0.02198193 0.029712277
v 0.017193776 -0.020864405 0.031848192
v 0.01725092 -0.018564712 0.032568727
v 0.017331142 -0.016133359 0.031451795
v 0.02431238 -0.02026031 0.029166525
v 0.023912983 -0.019234955 0.031311315
v 0.02288597 -0.017185112 0.032055914
v 0.021832962 -0.015014927 0.03096414
v 0.029158954 -0.0129956305 0.02592008
v 0.030060576 -0.01308868 0.02815378
v 0.029222012 -0.012569713 0.030353436
v 0.027134456 -0.011742734 0.03123052
v 0.025020808 -0.011092178 0.030271249
v 0.02732622 0.009494156 0.031412065
v 0.025109977 0.0092460895 0.030496782
v 0.029528866 0.0098057855 0.030483497
v 0.030427646 0.00999843 0.028255023
v 0.029496059 0.009959241 0.026032047
v 0.027279796 0.009711174 0.025116762
v 0.025077151 0.009399545 0.026045332
v 0.024957733 -0.011518093 0.025837893
v 0.027279796 0.009711174 0.025116762
v 0.02328678 0.01306826 0.026378922
v 0.025077151 0.009399545 0.026045332
v 0.02487709 0.014695283 0.025582194
v 0.029496059 0.009959241 0.026032047
v 0.019692497 0.015698506 0.026822995
v 0.026568202 0.016071388 0.026610546
v 0.030427646 0.00999843 0.028255023
v 0.020093422 0.018006815 0.026255565
v 0.027369479 0.016390473 0.028861575
v 0.029528866 0.0098057855 0.030483497
v -0.0017998314 0.016533948 0.031070981
v -0.00094270706 0.014321238 0.03149556
v -0.004265213 0.011969332 0.03230499
v 0.020752335 0.019974174 0.0274829
v 0.02681158 0.015465623 0.031016659
v 0.02732622 0.009494156 0.031412065
v -0.0058154296 0.01379859 0.032056704
v -0.0053562354 0.008650643 0.032469667
v -0.0022834968 0.01846457 0.032431047
v 0.021283245 0.020448126 0.029786047
v 0.025221271 0.0138386 0.031813383
v 0.025109977 0.0092460895 0.030496782
v 0.023530178 0.012462495 0.030785035
v -0.007646122 0.00939712 0.03236892
v -0.0057375142 0.0043734848 0.03221602
v 0.02137518 0.01915104 0.031815857
v 0.020974273 0.016842727 0.032383293
v 0.02031536 0.01487537 0.031155957
v -0.0068421173 0.015378831 0.03355996
v -0.0021103667 0.018982172 0.034779053
v -0.008137017 0.004588396 0.032131474
v -0.0046471977 -0.009141204 0.03303458
v -0.006814327 -0.010178334 0.032837354
v -0.0013818741 0.017783554 0.03673957
v -0.00052474975 0.015570842 0.037164148
v -4.1084288E-05 0.013640214 0.03580408
v -0.00929285 0.010069692 0.033995856
v -0.0067438316 0.015784372 0.035934176
v -0.009895763 0.0047178036 0.033774972
v -0.0055781743 0.014777653 0.037788562
v -0.004027958 0.012948394 0.03803685
v -0.0030012701 0.011368153 0.036533594
v -0.009331798 0.010274373 0.036397442
v -0.008403606 -0.011114506 0.03438938
v -0.004316845 -0.014436975 0.03253186
v -0.007740135 0.009891265 0.038166855
v -0.0054502296 0.009144788 0.0382676
v -0.0038035011 0.008472217 0.036640666
v -0.009983501 0.004685901 0.036183767
v -0.005107937 -0.01624587 0.03391501
v 0.0010567665 -0.01611011 0.031109963
v -0.008348808 0.0045113787 0.037946824
v -0.005949287 0.004296467 0.038031366
v -0.0041905404 0.00416706 0.03638787
v -0.008484039 -0.011401324 0.036781505
v -0.0070085335 -0.010870773 0.03861246
v -0.004841404 -0.009833643 0.03880969
v -0.0032521246 -0.008897471 0.03725766
v -0.004944687 -0.016799146 0.036255572
v 0.0013443184 -0.018207455 0.03226299
v -0.00392271 -0.0157727 0.038182486
v -0.002640686 -0.013767812 0.038566988
v -0.0018495941 -0.0119589185 0.037183844
v 0.016676864 -0.019769844 0.027345223
v 0.016115932 -0.017699106 0.026245931
v 0.020814171 -0.015299909 0.024099516
v 0.0018444251 -0.018850809 0.034531686
v 0.002264118 -0.0176633 0.036587093
v 0.002357559 -0.015340555 0.037225176
v 0.0020700074 -0.013243209 0.03607215
v 0.022343578 -0.01688251 0.025083045
v 0.022932777 -0.010960899 0.02261619
v 0.017269477 -0.020399008 0.02959555
v 0.017546654 -0.019218048 0.0316787
v 0.017346 -0.016918749 0.032374397
v 0.016785087 -0.014848016 0.03127511
v 0.026019573 -0.011908727 0.023357878
v 0.02388212 0.010550644 0.01898263
v 0.023336181 -0.017165858 0.027261453
v 0.023210526 -0.015983947 0.029358668
v 0.02368269 -0.015205901 0.030146169
v 0.022462139 -0.013827152 0.029741878
v 0.027632313 -0.011905438 0.025149554
v 0.026965998 0.011671527 0.018444844
v 0.027754726 -0.010886726 0.027330898
v 0.026315078 -0.009449335 0.028624104
v 0.026225833 -0.008317474 0.028271636
v 0.028575877 0.012610832 0.019973584
v 0.01951765 0.018782126 0.017990341
v 0.01840805 0.016638054 0.018223142
v 0.028697146 0.012884559 0.022365512
v 0.027258797 0.012332367 0.024219492
v 0.025103377 0.0112777185 0.024449477
v 0.019084072 0.016902048 0.023998413
v 0.020500107 0.02037538 0.019517316
v 0.010606117 0.02019627 0.01864974
v 0.010301304 0.017808037 0.018770007
v -0.00055768964 0.018078642 0.01983242
v 0.020193843 0.01904631 0.023765543
v 0.020780219 0.020484842 0.021909466
v -0.000693264 0.02048532 0.01980877
v -0.005067577 0.017502058 0.020978216
v 0.011128883 0.021930194 0.020240726
v 0.011655063 0.02035057 0.024372062
v 0.01135025 0.01796234 0.024492335
v 0.011563377 0.021994108 0.022610988
v -0.006147785 0.019772943 0.021155156
v -0.008203125 0.014537844 0.021766229
v -0.00038805007 0.022225961 0.021448297
v 0.0006760979 0.020618008 0.025463529
v 0.0008116722 0.018211333 0.025487175
v 0.00017917632 0.022280917 0.023790574
v -0.010621033 0.01653942 0.022145556
v -0.010264683 0.010103296 0.022259602
v -0.006445026 0.021365056 0.022940606
v -0.004836197 0.019891385 0.026823912
v -0.003755989 0.017620502 0.026646972
v -0.005901737 0.021414118 0.02528868
v -0.0130912205 0.0112614315 0.022676352
v -0.010754299 -0.008603543 0.021723986
v -0.011627025 0.0175552 0.024086485
v -0.009501781 0.01650145 0.027856506
v -0.007083893 0.0144998785 0.027477173
v -0.011163406 0.017539471 0.026452035
v -0.013081036 -0.009166408 0.02200777
v -0.009172744 -0.012465109 0.021284156
v -0.014443722 0.011561958 0.02464901
v -0.012168579 0.010817669 0.028405303
v -0.009342041 0.009659534 0.027988553
v -0.0140615655 0.011378145 0.027022017
v -0.01060915 -0.014399916 0.021218725
v -0.0057523535 -0.016208142 0.020119028
v -0.006330604 -0.018522356 0.01977109
v -0.014470844 -0.009777394 0.023880228
v -0.0113285445 -0.016043996 0.022828221
v -0.006248722 -0.020520687 0.02111682
v -0.01410963 -0.010078591 0.0262445
v -0.012208957 -0.009893563 0.027715635
v -0.009882221 -0.009330696 0.027431855
v -0.010909519 -0.01643427 0.025169829
v -0.0055547142 -0.021032542 0.023367891
v -0.009597511 -0.015342122 0.026871856
v -0.008161106 -0.013407317 0.026937284
v -0.004655075 -0.019758083 0.025205674
v -0.004076824 -0.01744387 0.025553603
v -0.029988078 0.0029534388 -0.08727903
v -0.029823206 0.0016391381 -0.082642496
v -0.027466029 0.0015229696 -0.08351143
v -0.03132902 0.0038177676 -0.08698553
v -0.029532604 0.002928797 -0.082048774
v -0.030294703 0.0028027515 -0.088077545
v -0.031265162 0.0052907146 -0.08722986
v -0.02809141 0.0034471338 -0.0822838
v -0.031874828 0.0032022076 -0.08850966
v -0.030899791 -8.199677E-05 -0.0887627
v -0.029774684 0.005893109 -0.0877458
v -0.026994305 0.0028237891 -0.08291185
v -0.028442973 0.0051418846 -0.08793611
v -0.032473736 -0.00069318246 -0.089249074
v -0.030771693 -0.0013721251 -0.08744778
v -0.032197855 0.0039080167 -0.08989855
v -0.030855464 0.0042143846 -0.09080206
v -0.02932043 0.0038614809 -0.09037182
v -0.031902295 -0.0023508933 -0.087262765
v -0.02852972 -0.00046875983 -0.08351143
v -0.030757656 -0.0012059128 -0.08252145
v -0.032685526 -0.0014957885 -0.090675086
v -0.031372737 -0.0016872095 -0.09155907
v -0.029920634 -0.0012859057 -0.09109358
v -0.031810816 -0.0037197587 -0.08768818
v -0.030416697 -0.0021824164 -0.082574114
v -0.030466594 -0.0041109435 -0.08827795
v -0.029360179 -0.0034266373 -0.08836097
v -0.028947277 -0.0025136243 -0.08299
v -0.027950877 -0.0018759987 -0.083347544
v -0.028442973 0.0051418846 -0.08793611
v -0.025572184 0.0034471338 -0.08331123
v -0.026994305 0.0028237891 -0.08291185
v -0.026904583 0.0058990996 -0.08859247
v -0.024396876 0.00271878 -0.08395582
v -0.02932043 0.0038614809 -0.09037182
v -0.025521908 0.005033797 -0.08882904
v -0.024729595 0.0016165265 -0.08433969
v -0.028016567 0.0042786007 -0.09154144
v -0.029920634 -0.0012859057 -0.09109358
v -0.02577505 0.0035890415 -0.08862268
v -0.027466029 0.0015229696 -0.08351143
v -0.028756084 -0.0017548688 -0.09225792
v -0.029360179 -0.0034266373 -0.08836097
v -0.026330471 0.0038661633 -0.09104196
v -0.028241023 0.0030386855 -0.08785461
v -0.029988078 0.0029534388 -0.08727903
v -0.028016796 -0.004110943 -0.0890884
v -0.027950877 -0.0018759987 -0.083347544
v -0.02650915 -0.0025136238 -0.083985955
v -0.026213894 0.0031091063 -0.08975513
v -0.028552303 0.0028365927 -0.08865698
v -0.030294703 0.0028027515 -0.088077545
v -0.030899791 -8.199677E-05 -0.0887627
v -0.027091809 -0.0011237974 -0.09170902
v -0.02668577 -0.0031335163 -0.08922087
v -0.025428448 -0.0015378064 -0.08430833
v -0.026793346 -0.00027341678 -0.09039175
v -0.026784573 -0.0017636826 -0.08883705
v -0.025802897 -0.0003752029 -0.08433969
v -0.029118938 -6.881699E-05 -0.089253046
v -0.029151972 -0.0013791138 -0.08801729
v -0.02852972 -0.00046875983 -0.08351143
v -0.030771693 -0.0013721251 -0.08744778
v -0.023597393 -0.004075933 -0.0631965
v -0.022874584 -0.004088637 -0.06793877
v -0.024161892 -0.0034375165 -0.066970326
v -0.022141704 -0.0048727584 -0.06361999
v -0.020499019 -0.0041314666 -0.06889396
v -0.022995738 -0.0026618075 -0.06093361
v -0.019458447 -0.004929085 -0.06471523
v -0.019249476 -0.00359442 -0.06914461
v -0.018089961 -0.004350502 -0.06534353
v -0.021313762 -0.0030388262 -0.060881518
v -0.023079203 0.0021984058 -0.060813464
v -0.018407727 -0.0030720066 -0.062075097
v -0.01707716 -0.0027934122 -0.06313652
v -0.021363506 0.0024746722 -0.060772933
v -0.023857173 0.0045212745 -0.06306455
v -0.018460674 0.002519318 -0.06196722
v -0.017127667 0.002307986 -0.06304296
v -0.022315273 0.0051855287 -0.06328697
v -0.024810923 0.004037594 -0.06626238
v -0.02358717 0.004751025 -0.0670898
v -0.02092657 0.004820067 -0.06813398
v -0.019509869 0.0048599765 -0.06442037
v -0.018114451 0.004354236 -0.06524564
v -0.019450435 0.004241045 -0.06857014
v -0.018114451 0.004354236 -0.06524564
v -0.01707716 -0.0027934122 -0.06313652
v -0.017127667 0.002307986 -0.06304296
v -0.018089961 -0.004350502 -0.06534353
v -0.019249476 -0.00359442 -0.06914461
v -0.019450435 0.004241045 -0.06857014
v 0.01712185 -0.019327518 0.01780053
v 0.011515503 -0.016253471 0.017442226
v 0.017096862 -0.017489668 0.01767765
v 0.011664733 -0.01853586 0.01787362
v 0.017276153 -0.021840572 0.01673624
v -0.0053223227 -0.01888588 0.021386776
v -0.0058621406 -0.021460252 0.020395555
v -0.010196475 -0.015861804 0.022111978
v 0.016796494 -0.022616414 0.014504881
v -0.011485977 -0.017710885 0.021258106
v -0.0128980065 -0.011980891 0.022266807
v -0.0063871383 -0.022220083 0.018168878
v 0.016284255 -0.021552132 0.012403469
v -0.006589775 -0.021164598 0.016011123
v 0.016039543 -0.018826833 0.011662979
v -0.0063513564 -0.018467762 0.015186272
v -0.012296715 -0.018363625 0.019083785
v -0.012153778 -0.017437655 0.016862717
v -0.01114088 -0.015475397 0.015895957
v -0.01490221 -0.013106666 0.021540975
v -0.015417423 -0.012987835 0.017118253
v -0.013626652 -0.01181284 0.016012134
v -0.015945796 -0.013523755 0.019408379
v -0.01723379 0.0029737246 0.015790291
v -0.015075473 0.0028927852 0.014719714
v -0.018001765 0.003231466 0.018060712
v -0.016929492 0.0035150296 0.020201005
v -0.014645138 0.0036583063 0.020957412
v -0.017237224 0.008466928 0.014703416
v -0.015095577 0.008064306 0.013672733
v -0.017998714 0.008849543 0.01695836
v -0.01248682 0.0035773679 0.019886846
v -0.011107216 -0.010805893 0.021160679
v -0.012525082 0.008398618 0.018883275
v -0.014666729 0.008801239 0.019913968
v -0.011827431 0.012745487 0.018719997
v -0.016933955 0.008988018 0.01911664
v -0.013616886 0.014118386 0.019570904
v -0.00977354 0.015396533 0.017814731
v -0.01599943 0.014301864 0.014264411
v -0.014209995 0.012928963 0.013413506
v -0.016566943 0.015218914 0.016420335
v -0.015580043 0.015142914 0.018618355
v -0.010831699 0.017480837 0.018403769
v -0.0055428883 0.01800667 0.016278151
v -0.012921333 0.017949264 0.012992391
v -0.011863174 0.015864957 0.012403354
v -0.013057536 0.019285891 0.014993858
v -0.012191982 0.019091863 0.017235326
v -0.0058973692 0.020364609 0.016632404
v 0.009684315 0.017697562 0.012964382
v -0.007825604 0.0208958 0.011167164
v -0.007471123 0.01853786 0.010812921
v -0.007511501 0.022407526 0.013018388
v -0.006712799 0.022187505 0.015282163
v 0.009795074 0.02009759 0.013160896
v 0.014490681 0.01771862 0.012208642
v 0.008061714 0.020630384 0.00763092
v 0.0079509355 0.018230354 0.0074344063
v 0.008647728 0.022171406 0.009389572
v 0.009365711 0.021950712 0.011680164
v 0.015210514 0.020018982 0.012243013
v 0.01930029 0.015884938 0.011585407
v 0.0141119 0.020447906 0.006544056
v 0.013392067 0.018147543 0.0065096854
v 0.014942684 0.021948881 0.008237543
v 0.015397739 0.021771217 0.010598135
v 0.02084505 0.017732795 0.011484718
v 0.022781696 0.011566567 0.011002712
v 0.020350361 0.017830456 0.005686893
v 0.018805599 0.015982596 0.005787573
v 0.021587562 0.019108485 0.0073138424
v 0.021792468 0.019068033 0.009715385
v 0.025106639 0.012192619 0.010885324
v 0.023035506 -0.010649321 0.01386795
v 0.025358103 -0.01128839 0.013958187
v 0.026694527 0.012524825 0.009102277
v 0.024915142 0.011815421 0.005081005
v 0.022590216 0.0111893695 0.0051983926
v 0.026615199 0.012368586 0.0066980454
v 0.025513591 -0.011227512 0.012399845
v 0.021047859 -0.016155051 0.015871935
v 0.023679657 -0.012024995 0.0084198
v 0.02135706 -0.011385926 0.008329563
v 0.025401345 -0.011959378 0.010105763
v 0.021947766 -0.018133294 0.0148289865
v 0.013189087 -0.017325018 0.018878631
v 0.020090103 -0.018966867 0.010867385
v 0.018420715 -0.0173339 0.010269384
v 0.021551056 -0.019297987 0.012756042
v 0.013416271 -0.019627728 0.018202676
v -0.004076824 -0.01744387 0.025553603
v -0.004655075 -0.019758083 0.025205674
v 0.0127942655 -0.020901078 0.016252622
v -0.0055547142 -0.021032542 0.023367891
v 0.01168745 -0.02039916 0.014170789
v -0.006248722 -0.020520687 0.02111682
v 0.010744152 -0.019453585 0.01317668
v -0.006330604 -0.018522356 0.01977109
v -0.0057523535 -0.016208142 0.020119028
v 0.010516986 -0.017150873 0.013852644
v -0.024810923 0.004037594 -0.06626238
v -0.023597393 -0.004075933 -0.0631965
v -0.024161892 -0.0034375165 -0.066970326
v -0.023857173 0.0045212745 -0.06306455
v -0.023079203 0.0021984058 -0.060813464
v -0.022995738 -0.0026618075 -0.06093361
v 0.28611302 0.0034795958 0.08608767
v 0.28531802 -0.0055176327 0.0849165
v 0.28806072 -0.00386993 0.086912
v 0.28288192 0.0033176085 0.08418839
v 0.28239316 -0.0059854155 0.08718454
v 0.28516898 0.009230154 0.08887413
v 0.28019786 0.0022639923 0.08655631
v 0.28323516 -0.0045907036 0.09069485
v 0.28172064 0.010196716 0.08774801
v 0.2857952 0.014058118 0.0946495
v 0.28171647 0.0017531373 0.09004361
v 0.28684968 -0.0032321427 0.09054066
v 0.28231114 0.015349927 0.094127856
v 0.28674746 0.014797395 0.10163151
v 0.27925962 0.00853636 0.09002189
v 0.28548118 0.0025251578 0.089757666
v 0.28806072 -0.00386993 0.086912
v 0.28611302 0.0034795958 0.08608767
v 0.2833136 0.016215809 0.10221151
v 0.28742725 0.0128297405 0.10758538
v 0.28115433 0.006469833 0.09265144
v 0.28490686 0.006904833 0.09192972
v 0.28516898 0.009230154 0.08887413
v 0.27994525 0.012627066 0.095173195
v 0.28418916 0.01403872 0.109079175
v 0.2888001 0.008514707 0.11145882
v 0.28193727 0.0095037 0.0963986
v 0.28568915 0.010423336 0.096061975
v 0.2857952 0.014058118 0.0946495
v 0.28088468 0.01337952 0.102360226
v 0.2859866 0.008756633 0.11328786
v 0.28992805 0.0037119596 0.11288786
v 0.2827851 0.010123913 0.10187098
v 0.28647405 0.010998833 0.101411276
v 0.28674746 0.014797395 0.10163151
v 0.28168058 0.011287678 0.10881468
v 0.28747278 0.0033461659 0.11569788
v 0.29198578 -0.0022696694 0.11365649
v 0.28332376 0.008291968 0.10713834
v 0.28694555 0.009241897 0.10635499
v 0.28742725 0.0128297405 0.10758538
v 0.28317115 0.0068191034 0.11286105
v 0.28975293 -0.003384338 0.11646766
v 0.29341638 -0.005931061 0.11232522
v 0.2841801 0.004712071 0.10972513
v 0.2877954 0.005804322 0.1088279
v 0.2888001 0.008514707 0.11145882
v 0.28427616 0.0020032125 0.11428677
v 0.29159427 -0.00834237 0.11461245
v 0.29512727 -0.010277296 0.10811174
v 0.28470016 0.0015062197 0.110525064
v 0.28826407 0.002583026 0.109638825
v 0.28992805 0.0037119596 0.11288786
v 0.28639317 -0.004209401 0.115042284
v 0.2936823 -0.0131337615 0.10930777
v 0.29730666 -0.012262204 0.103033595
v 0.28649458 -0.0036140224 0.11129904
v 0.2899954 -0.002397657 0.11041765
v 0.29198578 -0.0022696694 0.11365649
v 0.288172 -0.0088261515 0.11322785
v 0.29597405 -0.015840108 0.10319066
v 0.29930758 -0.01167124 0.098135106
v 0.28774822 -0.0067051384 0.10999373
v 0.29109365 -0.0048368764 0.109387845
v 0.29341638 -0.005931061 0.11232522
v 0.29040486 -0.013074497 0.10853025
v 0.29868656 -0.015243822 0.096762866
v 0.29986352 -0.009691894 0.0951673
v 0.28973967 -0.010173662 0.106830426
v 0.2926881 -0.008391467 0.10655001
v 0.29512727 -0.010277296 0.10811174
v 0.29241493 -0.015860984 0.10203186
v 0.30026162 -0.01238205 0.09254188
v 0.3007004 -0.006601284 0.0918272
v 0.29145792 -0.012347648 0.101137824
v 0.2944585 -0.010054377 0.10173809
v 0.29730666 -0.012262204 0.103033595
v 0.2952589 -0.015450669 0.095250785
v 0.30156803 -0.008644558 0.088773504
v 0.30179274 -0.001094608 0.090152055
v 0.2936492 -0.012074638 0.09564636
v 0.29610425 -0.009647344 0.0974326
v 0.29930758 -0.01167124 0.098135106
v 0.2970597 -0.012668844 0.09065776
v 0.30313158 -0.0017105965 0.08653078
v 0.30305773 0.003567158 0.09104519
v 0.29459333 -0.010179796 0.09207739
v 0.2963114 -0.008282084 0.09490671
v 0.29986352 -0.009691894 0.0951673
v 0.29860577 -0.008696081 0.08650873
v 0.30501142 0.0049789646 0.087957956
v 0.30413818 0.007125086 0.093404084
v 0.29584038 -0.0066785184 0.0880981
v 0.29710907 -0.005353775 0.0914393
v 0.3007004 -0.006601284 0.0918272
v 0.3004346 -0.0010345019 0.084024355
v 0.30641627 0.0092731705 0.09132872
v 0.30713093 0.0103446925 0.09985131
v 0.29736406 3.1963213E-05 0.085960425
v 0.2981004 1.9722207E-05 0.089808166
v 0.30179274 -0.001094608 0.090152055
v 0.30272555 0.0072181867 0.085845515
v 0.3095292 0.012961179 0.09841917
v 0.3089595 0.009589686 0.10370821
v 0.29939803 0.0072829705 0.08747072
v 0.2994837 0.005073459 0.09067692
v 0.30305773 0.003567158 0.09104519
v 0.30439243 0.0120688435 0.089872986
v 0.31155226 0.012499122 0.10339264
v 0.31044808 0.007609825 0.10679153
v 0.30080733 0.011684735 0.09103748
v 0.3006399 0.008592627 0.0932481
v 0.30413818 0.007125086 0.093404084
v 0.30751798 0.015962532 0.097317085
v 0.31332982 0.010050701 0.10743629
v 0.3113335 0.005507418 0.10957595
v 0.30392134 0.015288551 0.09802427
v 0.30361623 0.011838383 0.09958822
v 0.30713093 0.0103446925 0.09985131
v 0.30976334 0.015885271 0.10413994
v 0.31451863 0.0073298044 0.11078266
v 0.31228027 -0.0002180326 0.11087414
v 0.30620548 0.015230402 0.10490061
v 0.30562443 0.011423496 0.1046616
v 0.3089595 0.009589686 0.10370821
v 0.31214565 0.012674604 0.109902665
v 0.3157664 0.00072748936 0.1122552
v 0.31388763 -0.003560461 0.11067585
v 0.30861086 0.011933935 0.11080858
v 0.30751008 0.008829844 0.10892692
v 0.31044808 0.007609825 0.10679153
v 0.31365767 0.008367571 0.113854855
v 0.31756842 -0.0033675511 0.11175811
v 0.31570682 -0.0070533995 0.106870495
v 0.31035876 0.007916965 0.11526977
v 0.30877298 0.0059218276 0.11244619
v 0.3113335 0.005507418 0.10957595
v 0.31570908 0.0003216824 0.11607671
v 0.31946746 -0.007237696 0.10756061
v 0.3172668 -0.010041681 0.10397837
v 0.31233937 -0.0008329181 0.11711311
v 0.31018916 -0.0011853018 0.11398749
v 0.31228027 -0.0002180326 0.11087414
v 0.31796476 -0.00540483 0.114961185
v 0.32093367 -0.009964938 0.10497604
v 0.3195121 -0.010758778 0.099533804
v 0.3146591 -0.00684242 0.11588548
v 0.31212443 -0.0057473276 0.1132986
v 0.31388763 -0.003560461 0.11067585
v 0.32009634 -0.010304524 0.10972899
v 0.32298726 -0.0105350185 0.101172924
v 0.32135588 -0.00986453 0.09504956
v 0.31683785 -0.011999554 0.110385016
v 0.31412247 -0.010044776 0.10865481
v 0.31570682 -0.0070533995 0.106870495
v 0.3217328 -0.01327743 0.10670346
v 0.32483467 -0.009665813 0.09678249
v 0.32210928 -0.0064277314 0.091165334
v 0.31850785 -0.015319359 0.10672155
v 0.3158043 -0.013308177 0.10504812
v 0.3172668 -0.010041681 0.10397837
v 0.32391077 -0.014111856 0.102265626
v 0.32561293 -0.00617677 0.09276962
v 0.3211866 -0.0018449369 0.089177184
v 0.324696 -0.001326668 0.09068435
v 0.32112768 -0.016456015 0.10134445
v 0.31844082 -0.014452462 0.09968398
v 0.3195121 -0.010758778 0.099533804
v 0.3266301 -0.013064865 0.095967636
v 0.328066 -0.008028768 0.09042387
v 0.32719645 -0.001315831 0.087751135
v 0.32442352 -0.015263183 0.09385736
v 0.32122985 -0.013369952 0.09327979
v 0.32135588 -0.00986453 0.09504956
v 0.3262059 -0.009383216 0.08748335
v 0.32534957 -0.0018046078 0.08454265
v 0.32258284 -0.00843722 0.08788677
v 0.32210928 -0.0064277314 0.091165334
v 0.3216909 -0.0021313813 0.085358456
v 0.3211866 -0.0018449369 0.089177184
v 0.29249033 0.0021649457 0.08773388
v 0.28875476 -0.0038806733 0.0845624
v 0.29088402 -0.004062366 0.08766008
v 0.2906562 0.0033074932 0.0846522
v 0.2854307 -0.00246458 0.08553501
v 0.2940976 0.0067709037 0.08973821
v 0.28715935 0.0041908477 0.085628
v 0.28542888 -0.0017398739 0.08930782
v 0.29262745 0.009158488 0.08714269
v 0.29556578 0.010337487 0.092806526
v 0.2867602 0.0036079283 0.08935678
v 0.28887087 -0.0027525818 0.09065982
v 0.29444695 0.013506 0.09114032
v 0.2972524 0.01224351 0.098518714
v 0.2890915 0.009823931 0.08803671
v 0.29009852 0.0023351603 0.09069743
v 0.29088402 -0.004062366 0.08766008
v 0.29249033 0.0021649457 0.08773388
v 0.29633945 0.016011331 0.0982728
v 0.29846814 0.011847249 0.10232709
v 0.2882397 0.00786962 0.09122488
v 0.29137754 0.005909606 0.092356384
v 0.2940976 0.0067709037 0.08973821
v 0.2907857 0.013949249 0.0917993
v 0.29791906 0.015320622 0.1037327
v 0.30069166 0.010024256 0.10673675
v 0.28957307 0.011027772 0.09390684
v 0.2925715 0.00875914 0.0945405
v 0.29556578 0.010337487 0.092806526
v 0.29270333 0.016411083 0.09882706
v 0.30053765 0.012992617 0.10911165
v 0.3018479 0.0062936638 0.109894045
v 0.29120567 0.012923298 0.099438325
v 0.294013 0.010207144 0.099263154
v 0.2972524 0.01224351 0.098518714
v 0.29436284 0.015610117 0.104906045
v 0.30199704 0.00780929 0.11301328
v 0.30273163 0.0006480455 0.11162473
v 0.29264218 0.012369452 0.104263954
v 0.295146 0.009980934 0.1026696
v 0.29846814 0.011847249 0.10232709
v 0.2972054 0.013016213 0.110781364
v 0.3037802 0.000838823 0.115300804
v 0.30501953 -0.006443045 0.11003767
v 0.29521367 0.0100792525 0.10949428
v 0.29734963 0.0081675025 0.10695538
v 0.30069166 0.010024256 0.10673675
v 0.29920027 0.007551093 0.11531261
v 0.30699262 -0.0085241925 0.11264495
v 0.307564 -0.010574542 0.10428616
v 0.2967095 0.005649488 0.11325731
v 0.29827034 0.0048097926 0.10979017
v 0.3018479 0.0062936638 0.109894045
v 0.30115765 -0.00082256703 0.117359586
v 0.30985376 -0.013213015 0.10578161
v 0.30917615 -0.009963416 0.09966903
v 0.2985031 -0.0021118277 0.11510059
v 0.29939666 -0.0012645144 0.11152463
v 0.30273163 0.0006480455 0.11162473
v 0.30482304 -0.011248009 0.11396857
v 0.31157726 -0.012757091 0.10077524
v 0.31039387 -0.008922502 0.095953204
v 0.30142042 -0.010888617 0.11231477
v 0.3014742 -0.007918784 0.10978326
v 0.30501953 -0.006443045 0.11003767
v 0.3077756 -0.016238352 0.106533445
v 0.3133732 -0.011336456 0.09580936
v 0.31100243 -0.007842753 0.094066806
v 0.3042418 -0.01552891 0.10559774
v 0.3040459 -0.012052572 0.10420889
v 0.307564 -0.010574542 0.10428616
v 0.3097043 -0.0160886 0.10046101
v 0.31450123 -0.009378813 0.09319637
v 0.31144297 -0.0020439902 0.09034995
v 0.3062563 -0.015435761 0.09920944
v 0.30588058 -0.011713217 0.098708026
v 0.30917615 -0.009963416 0.09966903
v 0.31217793 -0.014585108 0.09421204
v 0.31492442 -0.003383399 0.089799
v 0.31310257 0.0037946992 0.09074272
v 0.3085665 -0.014248629 0.093370415
v 0.30742168 -0.010800775 0.09441469
v 0.31039387 -0.008922502 0.095953204
v 0.3142268 -0.011590489 0.09002701
v 0.31673002 0.0025476632 0.089959696
v 0.31578773 0.008774236 0.09418147
v 0.31919295 0.0075859344 0.09286495
v 0.31072173 -0.011517474 0.088864766
v 0.30866167 -0.009253591 0.091264114
v 0.31100243 -0.007842753 0.094066806
v 0.31521448 -0.0044327215 0.08619524
v 0.31729746 0.0028983548 0.086059146
v 0.32009858 0.009750733 0.08985101
v 0.31191754 -0.0037464697 0.08450821
v 0.30957907 -0.0022680296 0.08707416
v 0.31144297 -0.0020439902 0.09034995
v 0.3142534 0.0042755785 0.084425285
v 0.3173701 0.012220538 0.089276426
v 0.31167465 0.0048418078 0.08719913
v 0.31310257 0.0037946992 0.09074272
v 0.31470853 0.011667537 0.091896534
v 0.31578773 0.008774236 0.09418147
v 0.3187105 0.011083681 0.098852605
v 0.31919295 0.0075859344 0.09286495
v 0.31578773 0.008774236 0.09418147
v 0.322276 0.010422405 0.097442605
v 0.32009858 0.009750733 0.08985101
v 0.32097572 0.010906425 0.103475265
v 0.32330847 0.013807801 0.09577387
v 0.3173701 0.012220538 0.089276426
v 0.3245005 0.0103178425 0.102055706
v 0.32193464 0.008699702 0.10800342
v 0.3205173 0.016384277 0.09615248
v 0.31470853 0.011667537 0.091896534
v 0.32528213 0.008405942 0.10613504
v 0.3223915 0.0066478197 0.11084694
v 0.32622138 0.013755978 0.102055594
v 0.31774095 0.0147617515 0.09800397
v 0.31578773 0.008774236 0.09418147
v 0.3187105 0.011083681 0.098852605
v 0.32564202 0.006541953 0.108745985
v 0.32342955 0.0025782636 0.112930246
v 0.3237657 0.016320838 0.1034454
v 0.32059017 0.014587718 0.10430329
v 0.32097572 0.010906425 0.103475265
v 0.32743248 0.01139816 0.107228585
v 0.32675838 0.0025024426 0.110938706
v 0.3218766 -0.0010570108 0.11299567
v 0.32550812 0.013474918 0.10967827
v 0.32215872 0.011865885 0.11017544
v 0.32193464 0.008699702 0.10800342
v 0.32833397 0.008281507 0.11094732
v 0.32508093 -0.0012984448 0.11093161
v 0.31744462 -0.006919967 0.11096189
v 0.3267968 0.00939403 0.114231914
v 0.3232095 0.008417243 0.11419121
v 0.3223915 0.0066478197 0.11084694
v 0.32965782 0.002178648 0.113507055
v 0.32071334 -0.007059815 0.10890094
v 0.31519115 -0.010366301 0.10562
v 0.3282688 0.0020540052 0.11695435
v 0.3244893 0.0022923383 0.11667453
v 0.32342955 0.0025782636 0.112930246
v 0.32761848 -0.0032107804 0.11304199
v 0.31873322 -0.010091617 0.10415053
v 0.31307435 -0.010870874 0.100042716
v 0.3260137 -0.004120078 0.11631717
v 0.3225111 -0.0028146564 0.11630719
v 0.3218766 -0.0010570108 0.11299567
v 0.3229518 -0.009625543 0.110675424
v 0.31642818 -0.0106540285 0.09817854
v 0.31157336 -0.00878874 0.09457357
v 0.3211353 -0.011583201 0.11370793
v 0.31780052 -0.009977839 0.1138799
v 0.31744462 -0.006919967 0.11096189
v 0.32027763 -0.014319122 0.10429253
v 0.314932 -0.008698251 0.092767216
v 0.31031942 -0.0043672137 0.09106147
v 0.313557 -0.004465503 0.08896722
v 0.31781715 -0.016726723 0.105824046
v 0.31469986 -0.01410908 0.10661895
v 0.31519115 -0.010366301 0.10562
v 0.31708068 -0.014045967 0.09644804
v 0.31486893 -0.011385258 0.09011294
v 0.31265867 -0.006060164 0.08556989
v 0.31424472 -0.0163519 0.09716681
v 0.31176734 -0.014474981 0.09939072
v 0.31307435 -0.010870874 0.100042716
v 0.31154844 -0.013094796 0.09025206
v 0.30902714 -0.0069272113 0.08552234
v 0.3095177 -0.011540001 0.092986755
v 0.31157336 -0.00878874 0.09457357
v 0.30756128 -0.0059172073 0.08883886
v 0.31031942 -0.0043672137 0.09106147
v 0.29965279 0.0012884797 0.08889795
v 0.3012688 -0.0064858673 0.086766966
v 0.3007947 -0.004724625 0.09011127
v 0.29946932 0.00081610255 0.08496415
v 0.29812822 -0.008508684 0.08609039
v 0.29830745 0.006229588 0.090259686
v 0.29606205 -0.00027382732 0.08393644
v 0.29575732 -0.008015236 0.088949375
v 0.29752025 0.008103443 0.08700069
v 0.29691163 0.0101986 0.093872085
v 0.2939832 -0.0005289181 0.08714296
v 0.29736635 -0.0057014576 0.09142627
v 0.29586142 0.012941627 0.09150745
v 0.2951166 0.012662558 0.099763066
v 0.29394078 0.0076077078 0.08617286
v 0.2961171 0.00042780308 0.09035039
v 0.3007947 -0.004724625 0.09011127
v 0.29965279 0.0012884797 0.08889795
v 0.29366848 0.016054932 0.09864542
v 0.29263583 0.012108127 0.106071375
v 0.29237622 0.005413848 0.08887994
v 0.2950769 0.0044990955 0.09150445
v 0.29830745 0.006229588 0.090259686
v 0.29221165 0.012513294 0.09075772
v 0.29064962 0.015269884 0.10654935
v 0.2910765 0.009547757 0.11083923
v 0.2909637 0.009503045 0.09264845
v 0.29387367 0.00805032 0.09459139
v 0.29691163 0.0101986 0.093872085
v 0.2901423 0.015487986 0.09767547
v 0.28866383 0.012065496 0.11224588
v 0.2890639 0.0034835332 0.115920626
v 0.28924128 0.011694473 0.09815187
v 0.29240274 0.00981657 0.099494815
v 0.2951166 0.012662558 0.099763066
v 0.28725806 0.014753544 0.105077446
v 0.28614178 0.0049440144 0.11829749
v 0.28666237 -0.0039113504 0.1150845
v 0.28707007 0.011232032 0.103644855
v 0.290449 0.009548191 0.1042609
v 0.29263583 0.012108127 0.106071375
v 0.28557482 0.01195726 0.11013177
v 0.28342238 -0.0034560156 0.11694184
v 0.285464 -0.009266161 0.112497844
v 0.28598946 0.009320478 0.10730015
v 0.28951162 0.0077730147 0.10774721
v 0.2910765 0.009547757 0.11083923
v 0.283385 0.0055571627 0.11586003
v 0.28202814 -0.009956314 0.11387389
v 0.28562096 -0.013309586 0.10786608
v 0.28454542 0.004480926 0.11238668
v 0.28813124 0.003167328 0.11271928
v 0.2890639 0.0034835332 0.115920626
v 0.28081477 -0.002376905 0.11449604
v 0.2821651 -0.014753731 0.1082183
v 0.28631613 -0.014908591 0.10104732
v 0.28239992 -0.0021396228 0.111043096
v 0.28608438 -0.0031028742 0.11139441
v 0.28666237 -0.0039113504 0.1150845
v 0.2795924 -0.008047435 0.11175619
v 0.28304967 -0.01661695 0.10030695
v 0.2878845 -0.013031006 0.09495551
v 0.2814767 -0.0060746334 0.10894501
v 0.28525448 -0.00685445 0.10941679
v 0.285464 -0.009266161 0.112497844
v 0.27972338 -0.01228616 0.106842965
v 0.28497118 -0.014475506 0.09306102
v 0.28993744 -0.009488115 0.09024434
v 0.28163296 -0.009232406 0.10559791
v 0.2853542 -0.009860178 0.10623508
v 0.28562096 -0.013309586 0.10786608
v 0.28050566 -0.013966645 0.099622354
v 0.28741854 -0.0102270795 0.08756778
v 0.29088402 -0.004062366 0.08766008
v 0.28875476 -0.0038806733 0.0845624
v 0.2821535 -0.010491096 0.09992487
v 0.28585464 -0.011078018 0.10083225
v 0.28631613 -0.014908591 0.10104732
v 0.2821688 -0.012003879 0.093213454
v 0.28435892 -0.008213788 0.08825074
v 0.2854307 -0.00246458 0.08553501
v 0.2833002 -0.008923547 0.09522879
v 0.2869251 -0.009563499 0.09633352
v 0.2878845 -0.013031006 0.09495551
v 0.28490332 -0.0061492375 0.091410235
v 0.28542888 -0.0017398739 0.08930782
v 0.28844187 -0.0069448096 0.092695214
v 0.28993744 -0.009488115 0.09024434
v 0.28887087 -0.0027525818 0.09065982
v 0.29088402 -0.004062366 0.08766008
v 0.31993192 0.0028275396 0.0895046
v 0.32469782 -0.001326668 0.09068435
v 0.32118842 -0.0018449369 0.089177184
v 0.32342818 0.0034611172 0.09105011
v 0.3271983 -0.001315831 0.087751135
v 0.3182587 0.0063962033 0.09330245
v 0.32544926 0.005445695 0.08837544
v 0.32535142 -0.0018046078 0.08454265
v 0.32185492 0.0065655033 0.09454428
v 0.31782407 0.008911809 0.0969268
v 0.32333893 0.0060247728 0.085324064
v 0.32169273 -0.0021313813 0.085358456
v 0.32156813 0.00878632 0.09766703
v 0.3150084 0.009095976 0.102150135
v 0.32357427 0.009383604 0.092627965
v 0.31999272 0.0044566286 0.08596588
v 0.32118842 -0.0018449369 0.089177184
v 0.31993192 0.0028275396 0.0895046
v 0.31880787 0.009044985 0.102981225
v 0.3125605 0.009012582 0.10616539
v 0.3210012 0.010878539 0.090257324
v 0.31776795 0.009040349 0.09068701
v 0.3182587 0.0063962033 0.09330245
v 0.32310486 0.011948233 0.0961944
v 0.3161735 0.008805305 0.107716255
v 0.31138536 0.0051290733 0.11077589
v 0.32038155 0.013970786 0.09458816
v 0.31714886 0.01213655 0.09502286
v 0.31782407 0.008911809 0.0969268
v 0.31996658 0.012784143 0.10318074
v 0.31461117 0.0042909193 0.112568684
v 0.30994332 0.00051837676 0.11128107
v 0.31708753 0.015073696 0.102517985
v 0.3140621 0.0128949005 0.10188801
v 0.3150084 0.009095976 0.102150135
v 0.31650677 0.011622264 0.11051651
v 0.31303284 -0.0006465441 0.11316904
v 0.3085899 -0.004024941 0.11009531
v 0.3133476 0.0135398 0.11078597
v 0.3109062 0.0120248 0.108187445
v 0.3125605 0.009012582 0.10616539
v 0.31434745 0.005561806 0.11610171
v 0.31151125 -0.005656936 0.11201657
v 0.30721357 -0.006100085 0.107195586
v 0.31098738 0.007181534 0.11651936
v 0.3091386 0.0069260523 0.11323999
v 0.31138536 0.0051290733 0.11077589
v 0.31249434 8.366406E-05 0.11683909
v 0.30975983 -0.008702198 0.10863352
v 0.3055909 -0.009341019 0.103785306
v 0.309133 0.0016755144 0.11724609
v 0.30753678 0.0019578247 0.11384635
v 0.30994332 0.00051837676 0.11128107
v 0.31037244 -0.0061828443 0.11565486
v 0.30781904 -0.0124373855 0.10392639
v 0.30334207 -0.009979624 0.0976945
v 0.30688584 -0.004943191 0.11603679
v 0.30574474 -0.0036157472 0.112681195
v 0.3085899 -0.004024941 0.11009531
v 0.30797052 -0.010158982 0.11089717
v 0.3050611 -0.013121186 0.09624281
v 0.30238715 -0.008541435 0.09418325
v 0.30442685 -0.010008655 0.11138429
v 0.30385885 -0.0070041404 0.10899581
v 0.30721357 -0.006100085 0.107195586
v 0.30573216 -0.015380879 0.104955874
v 0.30334067 -0.0110194525 0.09141351
v 0.3007965 -0.004724625 0.09011127
v 0.30127063 -0.0064858673 0.086766966
v 0.30221903 -0.014200215 0.10546917
v 0.3020658 -0.010458316 0.104757786
v 0.3055909 -0.009341019 0.103785306
v 0.30278662 -0.016036991 0.09659069
v 0.30048272 -0.013363221 0.09082393
v 0.29813004 -0.008508684 0.08609039
v 0.2995925 -0.014830628 0.09825812
v 0.29984796 -0.011024647 0.09899263
v 0.30334207 -0.009979624 0.0976945
v 0.297713 -0.012426902 0.0931715
v 0.29575914 -0.008015236 0.088949375
v 0.29882178 -0.009430137 0.09529991
v 0.30238715 -0.008541435 0.09418325
v 0.29736817 -0.0057014576 0.09142627
v 0.3007965 -0.004724625 0.09011127
v 0.30911005 0.0009217338 0.090403385
v 0.31355885 -0.004465503 0.08896722
v 0.31032124 -0.0043672137 0.09106147
v 0.3118971 0.001993261 0.08798341
v 0.3126605 -0.006060164 0.08556989
v 0.3079273 0.0052348003 0.09176203
v 0.31050074 0.00181253 0.08442978
v 0.30902895 -0.0069272113 0.08552234
v 0.31038842 0.0072805057 0.0895926
v 0.30655974 0.009767024 0.094847694
v 0.30696183 0.00066982117 0.084582366
v 0.3075631 -0.0059172073 0.08883886
v 0.30888095 0.012387661 0.09332787
v 0.30477518 0.012545862 0.100134864
v 0.3085597 0.008627045 0.086546116
v 0.30605683 0.000109584704 0.08821046
v 0.31032124 -0.0043672137 0.09106147
v 0.30911005 0.0009217338 0.090403385
v 0.30678803 0.015972776 0.099995345
v 0.3030709 0.009945543 0.10425188
v 0.30502686 0.0074972687 0.08672399
v 0.304546 0.0054009245 0.0899052
v 0.3079273 0.0052348003 0.09176203
v 0.30675262 0.014725397 0.09122261
v 0.30457947 0.0129637355 0.105929755
v 0.30204225 0.008056561 0.10824948
v 0.3031935 0.013599154 0.091418386
v 0.30303708 0.010563367 0.093631096
v 0.30655974 0.009767024 0.094847694
v 0.3045212 0.018866882 0.09917373
v 0.30298153 0.010691172 0.11084607
v 0.30162737 0.0045249183 0.11199386
v 0.30105904 0.017410804 0.09877103
v 0.30105665 0.013474439 0.09934198
v 0.30477518 0.012545862 0.100134864
v 0.30205595 0.015709907 0.10589773
v 0.30172262 0.0059479056 0.115607746
v 0.3003053 -4.42823E-05 0.11376113
v 0.29893675 0.014456343 0.10419958
v 0.29951885 0.010860491 0.10315862
v 0.3030709 0.009945543 0.10425188
v 0.3000613 0.012949005 0.11138507
v 0.29975614 -0.00018225714 0.11751982
v 0.2981348 -0.0058841086 0.11173153
v 0.29725304 0.011790307 0.1091588
v 0.29842693 0.008731794 0.10716936
v 0.30204225 0.008056561 0.10824948
v 0.29860505 0.007942105 0.11628679
v 0.29717222 -0.0070760725 0.11518544
v 0.2961393 -0.010509139 0.10838372
v 0.29650503 0.007836035 0.11319437
v 0.29828933 0.0057377657 0.110462226
v 0.30162737 0.0045249183 0.11199386
v 0.29632622 0.0010658331 0.11827012
v 0.29468304 -0.012898039 0.11112276
v 0.29469627 -0.012861288 0.103353724
v 0.2946637 0.0020070558 0.11501038
v 0.297116 0.0013305221 0.11214867
v 0.3003053 -4.42823E-05 0.11376113
v 0.2935487 -0.006282426 0.11573679
v 0.29286745 -0.016154088 0.10398649
v 0.29168758 -0.012435496 0.095995836
v 0.29222745 -0.0045966 0.112645365
v 0.29505768 -0.004336714 0.110140376
v 0.2981348 -0.0058841086 0.11173153
v 0.29109308 -0.012152768 0.11162041
v 0.28966147 -0.015489172 0.09530245
v 0.28975627 -0.009624779 0.090522975
v 0.29015777 -0.009284026 0.10922773
v 0.29328093 -0.008158141 0.10712196
v 0.2961393 -0.010509139 0.10838372
v 0.28925842 -0.015408966 0.10438374
v 0.28745705 -0.012251573 0.08910976
v 0.28806254 -0.00386993 0.086912
v 0.28531983 -0.0055176327 0.0849165
v 0.28871205 -0.011608239 0.104009666
v 0.29214516 -0.009930369 0.10335153
v 0.29469627 -0.012861288 0.103353724
v 0.28613806 -0.014828257 0.09639249
v 0.28420207 -0.012043917 0.090968475
v 0.282395 -0.0059854155 0.08718454
v 0.28590956 -0.011279587 0.097839184
v 0.28944334 -0.009767628 0.0975774
v 0.29168758 -0.012435496 0.095995836
v 0.2844382 -0.009261707 0.093591996
v 0.28323698 -0.0045907036 0.09069485
v 0.28792325 -0.007735292 0.09331817
v 0.28975627 -0.009624779 0.090522975
v 0.28685153 -0.0032321427 0.09054066
v 0.28806254 -0.00386993 0.086912
v -0.010870704 0.012967711 0.04751914
v 0.00952549 0.0129676815 0.04085224
v -0.010659027 0.012967697 0.04085223
v 0.00952549 0.012967676 0.08322304
v -0.012532768 0.0129676955 0.053483017
v -0.0156942 0.012967695 0.057834376
v -0.019370498 0.012967695 0.060622405
v -0.02563076 0.012967706 0.06265791
v -0.032297704 0.012967674 0.08322314
v -0.032297704 0.012967691 0.06267119
v 0.00952549 -0.01296771 0.04085224
v -0.010870704 -0.012967739 0.04751914
v -0.010659027 -0.012967724 0.04085223
v 0.00952549 -0.012967703 0.08322304
v -0.012532768 -0.012967724 0.053483017
v -0.0156942 -0.0129677225 0.057834376
v -0.019370498 -0.0129677225 0.060622405
v -0.02563076 -0.012967734 0.06265791
v -0.032297704 -0.012967703 0.08322314
v -0.032297704 -0.01296772 0.06267119
v 0.15103684 0.027285103 0.08960169
v 0.15081577 0.027805557 0.086985186
v 0.1516973 0.025657658 0.08698512
v 0.15103684 0.027285103 0.084368706
v 0.15184705 0.025300708 0.08877965
v 0.1518326 0.025300711 0.0851906
v 0.15225911 0.024284186 0.09030098
v 0.15165739 0.025802989 0.082150556
v 0.15165739 0.02580298 0.09181984
v 0.15223241 0.024284186 0.08366926
v 0.15286209 0.022762861 0.0913175
v 0.1525505 0.023584828 0.08066843
v 0.1525505 0.023584828 0.09330195
v 0.15283582 0.022762865 0.08265275
v 0.15354238 0.020968337 0.09167444
v 0.15354238 0.020968346 0.08014798
v 0.15354238 0.020968342 0.0938224
v 0.15354238 0.020968337 0.08229579
v 0.15427777 0.019173803 0.0913175
v 0.15689011 0.012799399 0.08014798
v 0.15689011 0.012799396 0.0938224
v 0.15427777 0.019173803 0.08265275
v 0.15490125 0.017652478 0.09030098
v 0.15531783 0.016635958 0.08877965
v 0.15546413 0.016279006 0.086985126
v 0.15490125 0.017652476 0.08366926
v 0.15531783 0.016635958 0.0851906
v 0.15103684 -0.027285136 0.08960169
v 0.1516973 -0.025657691 0.08698512
v 0.15081577 -0.02780559 0.086985186
v 0.15103684 -0.027285136 0.084368706
v 0.15184705 -0.025300741 0.08877965
v 0.1518326 -0.025300741 0.0851906
v 0.15225911 -0.024284223 0.09030098
v 0.15165739 -0.025803016 0.082150556
v 0.15165739 -0.025803013 0.09181984
v 0.15223241 -0.024284223 0.08366926
v 0.15286209 -0.022762895 0.0913175
v 0.1525505 -0.023584867 0.08066843
v 0.1525505 -0.023584867 0.09330195
v 0.15283582 -0.022762895 0.08265275
v 0.15354238 -0.02096837 0.09167444
v 0.15354238 -0.02096837 0.08014798
v 0.15354238 -0.020968374 0.0938224
v 0.15354238 -0.020968374 0.08229579
v 0.15427777 -0.019173838 0.0913175
v 0.15689011 -0.012799432 0.08014798
v 0.15689011 -0.012799434 0.0938224
v 0.15427777 -0.019173838 0.08265275
v 0.15490125 -0.017652513 0.09030098
v 0.15531783 -0.016635995 0.08877965
v 0.15546413 -0.01627904 0.086985126
v 0.15490125 -0.01765251 0.08366926
v 0.15531783 -0.016635995 0.0851906
v 0.02333391 -0.0140135 0.08166474
v 0.0029345893 -0.0140135 0.08166474
v 0.0029345893 -0.008868537 0.08166474
v 0.02333391 0.0140134655 0.08166474
v -0.0021341324 -0.014013499 0.07963853
v -0.0021341324 -0.008868533 0.07963853
v -0.0062285233 -0.014013499 0.07692656
v -0.0062285233 -0.008868532 0.07692656
v -0.009348583 -0.014013499 0.07352879
v -0.009348583 -0.008868536 0.07352879
v -0.01149434 -0.014013496 0.06944523
v -0.01149434 -0.008868533 0.06944523
v -0.012665749 -0.014013496 0.064675875
v -0.012665749 -0.008868532 0.064675875
v 0.0029345893 0.008868504 0.08166474
v 0.0029345893 0.0140134655 0.08166474
v -0.0021341324 0.0140134655 0.07963853
v -0.0021341324 0.008868502 0.07963853
v -0.0062285233 0.0140134655 0.07692656
v -0.0062285233 0.008868503 0.07692656
v -0.009348583 0.014013466 0.07352879
v -0.009348583 0.008868506 0.07352879
v -0.01149434 0.014013467 0.06944523
v -0.01149434 0.008868504 0.06944523
v -0.012665749 0.014013467 0.064675875
v -0.012665749 0.008868505 0.064675875
v -0.012862863 0.014013469 0.05922074
v -0.012862863 0.008868506 0.05922074
v -0.0071999454 0.008868511 0.04267657
v -0.0071999454 0.014013471 0.04267657
v -0.0071999454 0.014013473 0.038957864
v -0.0071999547 0.011182848 0.036127236
v -0.0071999547 -0.011182868 0.036127232
v -0.0071999454 -0.008868529 0.04267657
v -0.0071999454 -0.0140134925 0.03895786
v -0.0071999454 -0.0140134925 0.04267657
v -0.012862863 -0.014013496 0.05922074
v -0.012862863 -0.008868531 0.05922074
v 0.3719078 -0.0029351066 0.11297386
v 0.3719078 -9.302496E-09 0.113304555
v 0.3718985 -9.027216E-09 0.106853254
v 0.3719078 0.0029350882 0.11297386
v 0.3718985 -0.0014995908 0.10668432
v 0.3718985 0.0014995728 0.10668432
v 0.3719078 -0.0057229516 0.11199835
v 0.3719078 0.0057229325 0.11199835
v 0.3718985 -0.0029238872 0.10618594
v 0.3718985 0.0029238695 0.10618594
v 0.3719078 -0.008223828 0.11042694
v 0.3719078 0.008223808 0.11042694
v 0.3718985 -0.004201578 0.10538313
v 0.3718985 0.004201559 0.10538313
v 0.3719078 -0.010312331 0.10833843
v 0.3719078 0.01031231 0.10833843
v 0.3718985 -0.0052685915 0.10431613
v 0.3718985 0.0052685738 0.10431613
v 0.3719078 -0.011312051 0.105562255
v 0.3719078 0.011312034 0.105562255
v 0.37189895 -0.006071426 0.103038445
v 0.37189895 0.0060714106 0.103038445
v 0.3719078 -0.011312052 0.10269657
v 0.3719078 0.011312033 0.10269657
v 0.37183708 -0.0065698233 0.10161415
v 0.37183708 0.006569806 0.10161414
v 0.3719078 -0.011312052 0.100114696
v 0.3719078 0.011312033 0.100114696
v 0.37183425 -0.0067387875 0.10011465
v 0.37183425 0.0067387717 0.10011465
v 0.3719078 -0.011312051 0.09753282
v 0.3719078 0.011312034 0.09753282
v 0.37183708 -0.006569846 0.09861515
v 0.37183708 0.0065698302 0.09861515
v 0.3719078 -0.011312051 0.094667144
v 0.3719078 0.011312034 0.094667144
v 0.37189895 -0.0060714683 0.097190835
v 0.37189895 0.0060714516 0.097190835
v 0.3719078 -0.010312331 0.09189096
v 0.3719078 0.0103123095 0.09189096
v 0.3718985 -0.005268642 0.095913135
v 0.3718985 0.005268627 0.09591312
v 0.3719078 -0.008223827 0.08980247
v 0.3719078 0.00822381 0.08980245
v 0.3718985 -0.004201627 0.09484611
v 0.3718985 0.00420161 0.09484611
v 0.3719078 -0.0057229497 0.08823106
v 0.3719078 0.0057229344 0.08823106
v 0.3718985 -0.0029239256 0.09404327
v 0.3718985 0.002923909 0.09404327
v 0.3719078 -0.0029351057 0.087255545
v 0.3719078 0.0029350892 0.087255545
v 0.3718985 -0.0014996103 0.09354488
v 0.3718985 0.001499593 0.09354488
v 0.3719078 -8.183021E-09 0.086924836
v 0.3718985 -8.455282E-09 0.09337593
v 0.019974846 -0.021475634 0.0763528
v 0.019362612 -0.021475634 0.07248733
v 0.013845271 -0.02342123 0.07428001
v 0.0141735645 -0.02342123 0.0763528
v 0.019362621 -0.021475634 0.08021833
v 0.013845271 -0.02342123 0.07842561
v 0.01758585 -0.021475634 0.08370544
v 0.012892513 -0.02342123 0.08029551
v 0.014818468 -0.021475634 0.086472794
v 0.012892508 -0.02342123 0.07241013
v 0.017585844 -0.021475634 0.06900022
v 0.011408548 -0.02342123 0.08177946
v 0.011331348 -0.021475634 0.0882496
v 0.011408548 -0.023421224 0.07092617
v 0.014818458 -0.021475634 0.066232815
v 0.00953866 -0.02342123 0.08273225
v 0.0074658585 -0.021475634 0.08886184
v 0.00953866 -0.02342123 0.06997341
v 0.011331348 -0.02147563 0.06445607
v 0.0074658585 -0.02342123 0.08306054
v 0.0036003685 -0.021475634 0.0882496
v 0.0074658585 -0.02342123 0.0696451
v 0.0074658585 -0.02147563 0.06384383
v 0.0053930664 -0.02342123 0.082732216
v 0.00011325836 -0.021475634 0.086472794
v 0.0053930664 -0.02342123 0.0699734
v 0.0036003685 -0.02147563 0.06445606
v 0.0035231684 -0.023421235 0.08177946
v -0.002654128 -0.021475634 0.08370544
v 0.0035231684 -0.02342123 0.07092617
v 0.00011325836 -0.021475634 0.066232815
v 0.0020392083 -0.02342123 0.08029551
v -0.0044308994 -0.021475634 0.08021833
v 0.0020392083 -0.02342123 0.07241012
v -0.002654128 -0.021475634 0.06900022
v 0.0010864496 -0.02342123 0.07842561
v -0.0050431346 -0.021475634 0.0763528
v 0.0010864496 -0.02342123 0.07428001
v -0.0044308994 -0.021475634 0.07248733
v 0.000758152 -0.02342123 0.0763528
v 0.013845271 0.023421202 0.07428002
v 0.019362612 0.021475606 0.07248734
v 0.019974846 0.021475606 0.07635281
v 0.012892508 0.023421202 0.07241014
v 0.017585844 0.021475606 0.06900023
v 0.0141735645 0.023421202 0.07635281
v 0.019362621 0.021475606 0.08021833
v 0.013845271 0.023421202 0.078425616
v 0.01758585 0.021475606 0.08370544
v 0.012892513 0.023421202 0.08029551
v 0.014818468 0.021475606 0.086472794
v 0.011408548 0.023421202 0.08177946
v 0.011331348 0.021475606 0.0882496
v 0.011408548 0.023421202 0.070926175
v 0.014818458 0.021475606 0.06623282
v 0.00953866 0.023421202 0.08273225
v 0.0074658585 0.021475606 0.08886184
v 0.00953866 0.023421202 0.06997342
v 0.011331348 0.02147561 0.064456075
v 0.0074658585 0.023421202 0.08306054
v 0.0036003685 0.021475606 0.0882496
v 0.0074658585 0.023421202 0.069645114
v 0.0074658585 0.02147561 0.06384384
v 0.0053930664 0.023421202 0.082732216
v 0.00011325836 0.021475606 0.086472794
v 0.0053930664 0.023421202 0.06997342
v 0.0036003685 0.02147561 0.06445607
v 0.0035231684 0.023421202 0.08177946
v -0.002654128 0.021475606 0.08370544
v 0.0035231684 0.023421206 0.07092618
v 0.00011325836 0.021475606 0.06623282
v 0.0020392083 0.023421206 0.08029551
v -0.0044308994 0.021475606 0.08021833
v 0.0020392083 0.023421202 0.07241014
v -0.002654128 0.021475606 0.06900023
v 0.0010864496 0.023421202 0.078425616
v -0.0050431346 0.021475606 0.07635281
v 0.0010864496 0.023421202 0.07428002
v -0.0044308994 0.021475606 0.07248734
v 0.000758152 0.023421202 0.07635281
v 0.192163 -0.010496702 0.11057484
v 0.192163 -0.0065305666 0.11584432
v 0.192163 -0.0056807757 0.11379275
v 0.192163 -0.012066909 0.11214506
v 0.192163 -1.6384238E-08 0.11714333
v 0.192163 -0.013714596 0.10575892
v 0.192163 -1.602245E-08 0.1149227
v 0.192163 -0.015766172 0.10660871
v 0.192163 0.0065305433 0.11584432
v 0.192163 -0.014844573 0.10007815
v 0.192163 0.005680751 0.11379274
v 0.192163 -0.015766172 0.10007815
v 0.192163 0.012066885 0.11214505
v 0.192163 -0.0137145985 0.09439738
v 0.192163 0.010496673 0.11057484
v 0.192163 -0.015766175 0.09354759
v 0.192163 0.015766148 0.10660871
v 0.192163 -0.010496698 0.08958146
v 0.192163 0.013714571 0.10575891
v 0.192163 -0.012066909 0.08801125
v 0.192163 0.015766148 0.10007815
v 0.192163 -0.0056807757 0.08636357
v 0.192163 0.014844548 0.10007815
v 0.192163 -0.006530563 0.08431199
v 0.192163 0.01576615 0.09354759
v 0.192163 -7.460189E-09 0.08523359
v 0.192163 0.0137145715 0.09439738
v 0.192163 -7.098406E-09 0.08301298
v 0.192163 0.012066889 0.08801125
v 0.192163 0.005680757 0.08636357
v 0.192163 0.010496677 0.08958146
v 0.192163 0.0065305494 0.084312
vt 1.3286442 0.52122855
vt 1.3478127 0.52122855
vt 1.3376558 0.52779084
vt 1.0758816 0.4389361
vt 1.0844795 0.42906967
vt 1.0844795 0.44545424
vt 1.8584977 0.28523752
vt 1.8584977 0.30372378
vt 1.8522139 0.29392692
vt 1.9034071 0.29683384
vt 1.8914343 0.28631818
vt 1.9113178 0.28631818
vt 0.3286442 0.52122855
vt 0.33765572 0.52779084
vt 0.34781268 0.52122855
vt 0.075881556 0.4389361
vt 0.0844795 0.44545424
vt 0.0844795 0.42906967
vt 0.85849774 0.28523752
vt 0.85221386 0.29392692
vt 0.85849774 0.30372378
vt 0.9034071 0.29683384
vt 0.91131777 0.28631818
vt 0.8914343 0.28631818
vt 0.8654541 0.0064674257
vt 0.82438415 0.006467843
vt 0.84491986 0.029493116
vt 0.66056067 0.033000052
vt 0.70119005 0.033000052
vt 0.6808751 0.009783272
vt 0.7297316 0.030682884
vt 0.7708017 0.030682884
vt 0.75082344 0.007657194
vt 0.6675415 0.008852664
vt 0.62691236 0.008854989
vt 0.64722884 0.032070283
vt 0.7933746 0.031449217
vt 0.8344358 0.031449933
vt 0.8139427 0.008418763
vt 0.7627223 0.006872916
vt 0.8033397 0.006869638
vt 0.7830348 0.030094467
vt 0.7342516 0.009607557
vt 0.6932074 0.009607557
vt 0.71372896 0.03264809
vt 0.594929 0.033563554
vt 0.6355673 0.033563554
vt 0.6152485 0.010352675
vt 1.8654541 0.0064674257
vt 1.8449199 0.029493116
vt 1.8243842 0.006467843
vt 1.6605606 0.033000052
vt 1.6808751 0.009783272
vt 1.70119 0.033000052
vt 1.7297316 0.030682884
vt 1.7508235 0.007657194
vt 1.7708018 0.030682884
vt 1.6675415 0.008852664
vt 1.6472288 0.032070283
vt 1.6269124 0.008854989
vt 1.7933745 0.031449217
vt 1.8139427 0.008418763
vt 1.8344358 0.031449933
vt 1.7627223 0.006872916
vt 1.7830348 0.030094467
vt 1.8033397 0.006869638
vt 1.7342516 0.009607557
vt 1.7137289 0.03264809
vt 1.6932074 0.009607557
vt 1.594929 0.033563554
vt 1.6152484 0.010352675
vt 1.6355673 0.033563554
vt 1.7657707 0.8473985
vt 1.7657707 0.9009601
vt 1.7801032 0.9009601
vt 1.7801056 0.8473985
vt 1.853483 0.5419346
vt 1.8468087 0.5419379
vt 1.8468087 0.5778801
vt 1.853483 0.5661624
vt 1.8585622 0.59155804
vt 1.8585466 0.56615925
vt 1.8468087 0.59156525
vt 0.7657709 0.8473985
vt 0.7801056 0.8473985
vt 0.78010327 0.9009601
vt 0.7657709 0.9009601
vt 0.12692906 0.4059021
vt 0.13465697 0.40060452
vt 0.12692906 0.40060538
vt 0.13465697 0.41052204
vt 0.08376264 0.41052163
vt 0.091490544 0.4059017
vt 0.13297231 0.4149175
vt 0.08376264 0.40060407
vt 0.091490544 0.4006049
vt 0.08544697 0.4149175
vt 0.088094786 0.41862908
vt 0.1303246 0.41862908
vt 0.0937452 0.42586342
vt 0.12467369 0.42586342
vt 0.0937452 0.43370834
vt 0.12467369 0.43370834
vt 0.0937452 0.44779676
vt 0.12467369 0.44779676
vt 0.12467369 0.4542436
vt 0.0937452 0.4542436
vt 0.12467369 0.4606909
vt 0.0937452 0.4606909
vt 0.0937452 0.47358596
vt 0.12467369 0.47358596
vt 0.12467369 0.4806306
vt 0.0937452 0.4806306
vt 0.0937452 0.48767436
vt 0.12467369 0.48767436
vt 0.12467369 0.5404757
vt 0.0937452 0.5404757
vt 0.083623156 0.5501537
vt 0.13479644 0.5501537
vt 0.083623156 0.5718215
vt 0.13479644 0.5718215
vt 0.7260715 0.06438975
vt 0.7303963 0.046751656
vt 0.7260715 0.038830265
vt 0.7409091 0.038829975
vt 0.34430277 0.51384413
vt 0.34430277 0.42571393
vt 0.32147378 0.42571393
vt 0.33288524 0.50926375
vt 0.32366252 0.5031336
vt 0.30871817 0.4631108
vt 0.31663376 0.49545336
vt 0.31180108 0.48622254
vt 0.309162 0.4754417
vt 0.5583683 0.32736418
vt 0.6112301 0.32736418
vt 0.6080906 0.32290557
vt 0.5615118 0.32290557
vt 0.4308685 0.32784423
vt 0.37800613 0.32784423
vt 0.38114792 0.32338586
vt 0.4277273 0.32338586
vt 0.35687637 0.3549162
vt 0.37130645 0.3549162
vt 0.35687637 0.36031753
vt 0.4414239 0.36031753
vt 0.4325098 0.3549162
vt 0.4414239 0.3549162
vt 0.42901316 0.3524115
vt 0.37480348 0.3524115
vt 0.37612456 0.34829468
vt 0.4276778 0.34829468
vt 0.37612456 0.335691
vt 0.4276784 0.335691
vt 0.55536485 0.3185845
vt 0.55536485 0.26620194
vt 0.5496325 0.26620194
vt 0.5496325 0.3185845
vt 0.6677842 0.27470207
vt 0.6696038 0.26557112
vt 0.6641636 0.26557112
vt 0.66575754 0.28352118
vt 0.6641636 0.31819415
vt 0.66575754 0.30021888
vt 0.66733974 0.3090849
vt 0.66890806 0.31819415
vt 0.36294445 0.3194559
vt 0.36294445 0.26690254
vt 0.35015222 0.26690254
vt 0.35015222 0.3194559
vt 0.34575486 0.3194559
vt 0.34575486 0.26690254
vt 0.3403472 0.3194559
vt 0.3403472 0.26690254
vt 0.32476828 0.3194559
vt 0.32476828 0.26690254
vt 0.5578361 0.3477404
vt 0.6107115 0.33483976
vt 0.5578361 0.33483976
vt 0.6107115 0.34774038
vt 0.6120808 0.351975
vt 0.55643594 0.35197502
vt 0.5528495 0.35485038
vt 0.6156728 0.35485038
vt 0.5479103 0.36010358
vt 0.5479103 0.35485038
vt 0.62473863 0.36010355
vt 0.62473863 0.35485038
vt 0.9189967 0.28638023
vt 0.9248149 0.36276698
vt 0.9248149 0.28638023
vt 0.9189967 0.3613496
vt 0.9189967 0.3639145
vt 0.9248149 0.4412147
vt 0.9189967 0.42892855
vt 0.9189967 0.4412147
vt 0.9110688 0.45672384
vt 0.9189967 0.45672384
vt 0.9110688 0.42892855
vt 0.9033899 0.42892855
vt 0.9033899 0.45672384
vt 0.88917893 0.45672384
vt 0.88917893 0.42892855
vt 0.8814996 0.45672384
vt 0.8814996 0.42892855
vt 0.8736764 0.42892855
vt 0.8736764 0.44114834
vt 0.8736764 0.45672384
vt 0.86784256 0.44114834
vt 0.8736764 0.36384907
vt 0.86784256 0.36280644
vt 0.8736764 0.36128417
vt 0.8736764 0.28631246
vt 0.86784256 0.28631246
vt 0.46396035 0.26601073
vt 0.45116723 0.26601073
vt 0.45116717 0.3185641
vt 0.4639603 0.3185641
vt 0.46836016 0.3185641
vt 0.46836025 0.26601073
vt 0.47343323 0.26601073
vt 0.47343317 0.3185641
vt 0.4819134 0.26601073
vt 0.4819134 0.3185641
vt 0.49745077 0.39645085
vt 0.51715755 0.39645085
vt 0.51715755 0.3253595
vt 0.49745077 0.35890624
vt 0.49745077 0.33874425
vt 0.49745077 0.32987088
vt 0.49745077 0.3253595
vt 0.6875776 0.51241404
vt 0.69414407 0.51241404
vt 0.69414407 0.4936563
vt 0.6875776 0.4936563
vt 0.49090296 0.36293834
vt 0.49090296 0.32514873
vt 0.47055286 0.32514873
vt 0.47055286 0.36293834
vt 0.34424144 0.707356
vt 0.32773143 0.707356
vt 0.32773143 0.7625707
vt 0.34424144 0.7625707
vt 0.31734765 0.26682732
vt 0.3122495 0.26682732
vt 0.3122495 0.31937566
vt 0.31734765 0.31937566
vt 0.5619737 0.7028311
vt 0.5619737 0.72950095
vt 0.6251055 0.72950095
vt 0.6251055 0.7028311
vt 0.6521363 0.26560792
vt 0.65706736 0.3181611
vt 0.65706736 0.26560792
vt 0.6521363 0.3181611
vt 0.64750934 0.3181611
vt 0.64750934 0.26560792
vt 0.64309514 0.3181611
vt 0.64309514 0.26560792
vt 0.6302947 0.26560792
vt 0.6302947 0.3181611
vt 0.37661925 0.31923622
vt 0.37661925 0.266841
vt 0.37088558 0.266841
vt 0.37088558 0.31923622
vt 0.008099017 0.23220773
vt 0.008099017 0.29379413
vt 0.034386516 0.29379413
vt 0.034386516 0.23220773
vt 0.034386516 0.22572361
vt 0.008099017 0.22572361
vt 0.034386516 0.21924499
vt 0.008099017 0.21924499
vt 0.008099 0.1665879
vt 0.034386497 0.1665879
vt 0.008099 0.1574444
vt 0.034386497 0.1574444
vt 0.034386497 0.14799957
vt 0.008099 0.14799957
vt 0.8891612 0.36349687
vt 0.8810447 0.41953748
vt 0.8891612 0.41953748
vt 0.8810447 0.3546444
vt 0.89076936 0.35772508
vt 0.894377 0.3526254
vt 0.8810447 0.31042233
vt 0.894377 0.30472645
vt 0.8894706 0.29707962
vt 0.8810447 0.29108486
vt 1.7260715 0.06438975
vt 1.7260715 0.038829647
vt 1.7303963 0.046751656
vt 1.7409091 0.038829975
vt 0.25656617 0.60218
vt 0.24930272 0.63741904
vt 0.25656754 0.63745046
vt 0.24930206 0.6022118
vt 0.24372935 0.6022434
vt 0.24372935 0.6373877
vt 0.7928757 0.59223706
vt 0.83665776 0.59223706
vt 0.83665776 0.68881166
vt 0.7928757 0.68881166
vt 1.3443028 0.51384413
vt 1.3214738 0.42571393
vt 1.3443028 0.42571393
vt 1.3328853 0.50926375
vt 1.3236625 0.5031336
vt 1.3087182 0.4631108
vt 1.3166337 0.49545336
vt 1.3118011 0.48622254
vt 1.309162 0.4754417
vt 0.52451974 0.36405087
vt 0.52451974 0.3786186
vt 0.54371846 0.3786186
vt 0.54371846 0.36405087
vt 0.50325847 0.318518
vt 0.5062501 0.26613644
vt 0.50325847 0.26613644
vt 0.5062501 0.318518
vt 0.51131934 0.318518
vt 0.51131934 0.26613644
vt 0.5203026 0.318518
vt 0.5203026 0.26613644
vt 0.52490574 0.26613644
vt 0.52490574 0.318518
vt 0.5293009 0.26613644
vt 0.5293009 0.318518
vt 0.5420749 0.318518
vt 0.5420749 0.26613644
vt 1.5583683 0.32736418
vt 1.5615118 0.32290557
vt 1.6080906 0.32290557
vt 1.6112301 0.32736418
vt 1.430853 0.32784423
vt 1.4277058 0.32338586
vt 1.3811243 0.32338586
vt 1.3779882 0.32784423
vt 1.3568764 0.36031753
vt 1.3713008 0.3549162
vt 1.3568764 0.3549162
vt 1.4414239 0.36031753
vt 1.4325111 0.3549162
vt 1.4414239 0.3549162
vt 1.4290112 0.3524115
vt 1.3747945 0.3524115
vt 1.3761246 0.3482776
vt 1.4276698 0.3482776
vt 1.3761246 0.335691
vt 1.4276539 0.335691
vt 1.6107116 0.33483976
vt 1.557836 0.3477585
vt 1.557836 0.33483976
vt 1.6107116 0.34775847
vt 1.6120672 0.35198843
vt 1.5564809 0.35198846
vt 1.5528903 0.35486066
vt 1.6156487 0.35486063
vt 1.5479102 0.3601063
vt 1.5479102 0.35486066
vt 1.6247387 0.36010626
vt 1.6247387 0.35486063
vt 0.5243637 0.39626527
vt 0.5435622 0.39626527
vt 0.5435622 0.38458875
vt 0.5243637 0.38458875
vt 0.62273985 0.31815213
vt 0.62273985 0.2657569
vt 0.617006 0.2657569
vt 0.617006 0.31815213
vt 0.44321036 0.31858328
vt 0.4432104 0.26635718
vt 0.43749526 0.26635718
vt 0.43749523 0.31858328
vt 0.4949028 0.31867823
vt 0.49490285 0.26612917
vt 0.489805 0.26612917
vt 0.4898049 0.31867823
vt 0.8363156 0.7230736
vt 0.7931659 0.7230736
vt 0.7931659 0.69833225
vt 0.8363156 0.69833225
vt 1.8810446 0.31042233
vt 1.8810446 0.29108486
vt 1.8894706 0.29707962
vt 1.894377 0.30472645
vt 1.894377 0.3526254
vt 1.8810446 0.3546444
vt 1.8907694 0.35772508
vt 1.8891612 0.36349687
vt 1.8810446 0.41953748
vt 1.8891612 0.41953748
vt 0.64757794 0.61399615
vt 0.64757794 0.6661897
vt 0.6560477 0.6661897
vt 0.6560477 0.61399615
vt 0.7924909 0.94621074
vt 0.8572262 0.94621074
vt 0.8572262 0.8377832
vt 0.7924909 0.8377832
vt 0.7924909 0.76764864
vt 0.8572262 0.76764864
vt 0.23957945 0.13417895
vt 0.30690458 0.13417895
vt 0.30690458 0.106626764
vt 0.23957945 0.106626764
vt 0.6788417 0.652825
vt 0.7437503 0.652825
vt 0.7437503 0.6337691
vt 0.6788417 0.6337691
vt 0.55510694 0.2238865
vt 0.6218553 0.2238865
vt 0.6218553 0.21321772
vt 0.55510694 0.21321772
vt 0.8459591 0.6670321
vt 0.8575335 0.6670321
vt 0.8575335 0.6022973
vt 0.8459591 0.6022973
vt 0.98627084 0.006876423
vt 0.98627084 0.046792828
vt 0.99356437 0.046792828
vt 0.993564 0.006876423
vt 0.86708224 0.4659219
vt 0.87772536 0.47563678
vt 0.87772536 0.4659219
vt 0.86708224 0.5424466
vt 0.9238234 0.6408557
vt 0.86708224 0.6408557
vt 0.86708224 0.6602693
vt 0.9238234 0.53913844
vt 0.9238234 0.6602693
vt 0.91305727 0.47563678
vt 0.9238234 0.465912
vt 0.91305727 0.465912
vt 0.86708224 0.6796996
vt 0.9238234 0.6796996
vt 0.9238234 0.69914097
vt 0.86708224 0.69914097
vt 0.9238234 0.72142434
vt 0.86708224 0.72142434
vt 0.9238234 0.743618
vt 0.86708224 0.743618
vt 0.86708224 0.76306045
vt 0.9238234 0.76306045
vt 0.9238234 0.7824927
vt 0.86708224 0.7824927
vt 0.9238234 0.8019094
vt 0.86708224 0.8019094
vt 0.9238234 0.8213036
vt 0.86708224 0.8213036
vt 0.9238234 0.83858705
vt 0.86708224 0.83858705
vt 0.9238234 0.99180496
vt 0.86708224 0.99180496
vt 0.6089705 0.3150578
vt 0.6089705 0.26875106
vt 0.5626639 0.26875106
vt 0.5626639 0.3150578
vt 0.4306574 0.31586522
vt 0.43065745 0.2695584
vt 0.38435164 0.2695584
vt 0.38435164 0.31586522
vt 1.7832229 0.8380346
vt 1.7832226 0.7037028
vt 1.7557077 0.8380347
vt 1.6852672 0.71572167
vt 1.6852672 0.77381724
vt 1.6810715 0.7866134
vt 1.6813674 0.70368946
vt 1.6561868 0.9089226
vt 1.7557077 0.8854042
vt 1.664845 0.9089246
vt 1.6731327 0.7974991
vt 1.6620061 0.80555254
vt 1.6561868 0.8076622
vt 1.7518134 0.6744141
vt 1.6739075 0.6934542
vt 1.6634297 0.6858657
vt 1.7518134 0.6068612
vt 1.6715395 0.6744141
vt 1.7832226 0.5826321
vt 1.662936 0.6744141
vt 1.6459799 0.6816876
vt 1.6232259 0.6816799
vt 1.6715395 0.6068496
vt 1.5826625 0.67441416
vt 1.5749977 0.6816799
vt 1.5826625 0.6068349
vt 1.5749977 0.585113
vt 1.5901239 0.60683477
vt 1.590039 0.59409493
vt 1.662936 0.60684675
vt 1.6579247 0.5940948
vt 1.6579247 0.60684675
vt 1.5749977 0.5273159
vt 1.6790049 0.59419715
vt 1.6790049 0.6068496
vt 1.5933751 0.5356705
vt 1.6684792 0.5273159
vt 1.5933751 0.59134823
vt 1.6542852 0.59134823
vt 1.6542852 0.53567046
vt 1.6824428 0.53570294
vt 1.764224 0.5273159
vt 1.6824428 0.59136575
vt 1.7433367 0.59136564
vt 1.7468442 0.59419703
vt 1.7433367 0.5357028
vt 1.8375702 0.5273158
vt 1.8375702 0.5826321
vt 1.7468442 0.6068612
vt 1.1460377 0.10311081
vt 1.1460118 0.119546376
vt 1.138124 0.11954109
vt 1.136163 0.11350856
vt 1.1296996 0.10692927
vt 1.1188406 0.10311616
vt 1.9376411 0.15854967
vt 1.9217808 0.15854967
vt 1.9217808 0.1696403
vt 1.9376411 0.1696403
vt 1.9217808 0.18073171
vt 1.9376411 0.18073171
vt 1.9217808 0.19182283
vt 1.9376411 0.19182283
vt 1.9217808 0.2014296
vt 1.9376411 0.2014296
vt 1.9217808 0.20586962
vt 1.933109 0.20586962
vt 1.9279168 0.21310079
vt 1.9217808 0.21310079
vt 1.1667528 0.30803105
vt 1.0905896 0.3170191
vt 1.1666456 0.31701908
vt 1.0688648 0.30803108
vt 1.0799996 0.3170191
vt 1.0759459 0.31943452
vt 1.0642335 0.31670105
vt 1.0730036 0.32306272
vt 1.0642335 0.32295552
vt 1.0642335 0.33180413
vt 1.0730036 0.331805
vt 1.0642335 0.33917877
vt 1.0730036 0.33917877
vt 1.0642335 0.34734005
vt 1.0730036 0.34734005
vt 1.0642335 0.35553747
vt 1.0730036 0.35553747
vt 1.0642335 0.3632668
vt 1.0730036 0.3632668
vt 1.0642335 0.3710363
vt 1.0730036 0.3710363
vt 1.0642335 0.37818462
vt 1.0730036 0.37818462
vt 1.0642335 0.38529497
vt 1.0730036 0.38529497
vt 1.0730036 0.43045387
vt 1.0642335 0.43045387
vt 1.509906 0.48013172
vt 1.5014393 0.48013172
vt 1.5014393 0.49596474
vt 1.5014393 0.5306336
vt 1.509906 0.5243276
vt 1.5014393 0.54545766
vt 1.509906 0.54486847
vt 1.5014393 0.56078655
vt 1.509906 0.56072444
vt 1.5014393 0.571361
vt 1.509906 0.5717098
vt 1.5014393 0.58192825
vt 1.509906 0.5821929
vt 1.5014393 0.5924561
vt 1.509906 0.592517
vt 1.5014393 0.64477915
vt 1.509906 0.644691
vt 1.5014393 0.6558263
vt 1.509906 0.6558577
vt 1.5014393 0.6666704
vt 1.509906 0.6673384
vt 1.5014393 0.6772115
vt 1.509906 0.67934924
vt 1.5014393 0.6852441
vt 1.509906 0.6852441
vt 1.2566006 0.5250599
vt 1.2424895 0.5250599
vt 1.2424895 0.51542807
vt 1.2566006 0.51542807
vt 0.741482 0.5018406
vt 0.72511715 0.3467915
vt 0.72511715 0.5122385
vt 0.741482 0.34547734
vt 0.72511715 0.3282308
vt 0.7587247 0.3434691
vt 0.7587247 0.49915168
vt 0.741482 0.33129197
vt 0.7313348 0.3073125
vt 0.8230056 0.34355855
vt 0.8230056 0.50658834
vt 0.7587247 0.33417824
vt 0.8401174 0.3450504
vt 0.8401174 0.51575637
vt 0.8230056 0.33297926
vt 0.85631305 0.4559554
vt 0.85631305 0.53520143
vt 0.85631305 0.34587628
vt 0.85631305 0.3241451
vt 0.8401174 0.32873946
vt 0.8484838 0.30381253
vt 0.82021886 0.322933
vt 0.8341133 0.31334245
vt 0.83347756 0.28728732
vt 0.7606995 0.32408026
vt 0.8230385 0.30118525
vt 0.810741 0.2760305
vt 0.81293863 0.31514427
vt 0.74625593 0.3156105
vt 0.8059751 0.29285976
vt 0.7857164 0.27307814
vt 0.7673892 0.31595892
vt 0.7564191 0.30275625
vt 0.74503815 0.28975257
vt 0.76399386 0.2779988
vt 0.8015913 0.3096633
vt 0.7767918 0.3104506
vt 0.7705019 0.29419398
vt 0.7876836 0.30800268
vt 0.78665644 0.2905598
vt 1.6429784 0.69324726
vt 1.6429787 0.79877657
vt 1.6677794 0.7848544
vt 1.6677792 0.70310634
vt 1.6787685 0.7630298
vt 1.6787685 0.7238597
vt 0.71663356 0.46134815
vt 0.70082396 0.51583266
vt 0.71663356 0.51583266
vt 0.70082396 0.48717168
vt 0.6658006 0.46134815
vt 0.68159276 0.48717168
vt 0.6658007 0.51582885
vt 0.68159276 0.51582885
vt 0.6658006 0.45102248
vt 0.71663356 0.45102248
vt 0.71663356 0.4406969
vt 0.6658006 0.4406969
vt 0.6658006 0.4303712
vt 0.71663356 0.4303712
vt 0.6658006 0.4149625
vt 0.71663356 0.4149625
vt 0.71663356 0.39985678
vt 0.6658006 0.39985678
vt 0.71663356 0.38449135
vt 0.6658006 0.38449135
vt 0.6658006 0.3722275
vt 0.71663356 0.3722275
vt 0.6658006 0.3638251
vt 0.71663356 0.3638251
vt 0.7065106 0.35401842
vt 0.67595357 0.35401842
vt 0.7065105 0.30215552
vt 0.67595345 0.30215552
vt 0.67595345 0.29573646
vt 0.7065105 0.29573646
vt 0.67595345 0.28928584
vt 0.7065105 0.28928584
vt 0.7065105 0.28226677
vt 0.67595345 0.28226677
vt 0.7065105 0.275259
vt 0.67595345 0.275259
vt 0.7065105 0.26792336
vt 0.67595345 0.26792336
vt 0.7065105 0.26025498
vt 0.67595345 0.26025498
vt 0.6816201 0.2523664
vt 0.67595345 0.2523664
vt 0.70085156 0.2523664
vt 0.7065105 0.2523664
vt 1.5832841 0.509395
vt 1.5832841 0.51593316
vt 1.6195538 0.51593316
vt 1.6117353 0.509395
vt 1.6390359 0.51593316
vt 1.6222568 0.50588006
vt 1.631203 0.499381
vt 1.6476117 0.51593316
vt 1.637716 0.4904348
vt 1.6406409 0.48130053
vt 1.6519724 0.51576465
vt 1.6474867 0.4826814
vt 1.6590611 0.48296258
vt 1.6410615 0.4768738
vt 1.6411918 0.46963724
vt 1.0476952 0.14336503
vt 1.0422859 0.20081642
vt 1.0422859 0.14716716
vt 1.0476952 0.19715813
vt 1.0476952 0.28831768
vt 1.0422859 0.29046717
vt 1.0476952 0.29639155
vt 1.8774908 0.2781166
vt 1.8891923 0.2781166
vt 1.8891923 0.225651
vt 1.8774908 0.225651
vt 1.2356799 0.53925127
vt 1.2178687 0.52808416
vt 1.2178687 0.53925127
vt 1.2218647 0.52320975
vt 1.2244015 0.5173642
vt 1.2356799 0.4733614
vt 1.2244015 0.46721104
vt 1.9097569 0.27751175
vt 1.9097569 0.22504614
vt 1.9029363 0.22504614
vt 1.9029363 0.27751175
vt 1.8961883 0.22504614
vt 1.8961883 0.27751175
vt 1.2175947 0.56628424
vt 1.2175947 0.59023863
vt 1.2367796 0.59023863
vt 1.2367796 0.56628424
vt 1.9041767 0.3979956
vt 1.9008918 0.34921014
vt 1.9008918 0.3979956
vt 1.9041767 0.34921014
vt 1.9111686 0.30368885
vt 1.9041767 0.30368885
vt 1.9084712 0.41488838
vt 1.9111686 0.42113453
vt 1.9041767 0.40968135
vt 1.5615802 0.60092455
vt 1.5657396 0.60092455
vt 1.565738 0.5765292
vt 1.5615773 0.5765292
vt 1.868881 0.27802902
vt 1.868881 0.22556342
vt 1.8647742 0.22556342
vt 1.8647742 0.27802902
vt 1.2175776 0.61080736
vt 1.2175776 0.6679758
vt 1.2367624 0.6679758
vt 1.2367624 0.61080736
vt 1.5659504 0.6550241
vt 1.5617914 0.6550241
vt 1.5617914 0.6812178
vt 1.5659504 0.6812178
vt 1.9692087 0.20593841
vt 1.9692245 0.21162356
vt 1.9936078 0.21162356
vt 1.9686083 0.20055698
vt 1.9936078 0.159158
vt 1.9664196 0.19495954
vt 1.9630839 0.19047992
vt 1.9583308 0.18737428
vt 1.9519032 0.1853246
vt 1.944782 0.159158
vt 1.944782 0.18531136
vt 1.561851 0.6073166
vt 1.5660112 0.61263895
vt 1.5660112 0.6073166
vt 1.561851 0.61263895
vt 1.5660112 0.61804694
vt 1.561851 0.61804694
vt 1.5660105 0.6240518
vt 1.5618503 0.6240518
vt 1.5660105 0.6296378
vt 1.5618503 0.6296378
vt 1.5660105 0.6353229
vt 1.5618503 0.6353229
vt 1.5660105 0.6420813
vt 1.5618503 0.6420813
vt 1.5660105 0.64924246
vt 1.5618503 0.64924246
vt 1.2179059 0.7004871
vt 1.2370908 0.7004871
vt 1.2370908 0.6879309
vt 1.2179059 0.6879309
vt 1.6038997 0.83980376
vt 1.6038997 0.7909372
vt 1.5893198 0.7909372
vt 1.5893198 0.8150339
vt 1.5893198 0.8732271
vt 1.5825534 0.8150339
vt 1.5825534 0.8732271
vt 1.6038997 0.8609119
vt 1.5893198 0.88608146
vt 1.6038997 0.88608146
vt 1.217557 0.56009847
vt 1.2363696 0.56009847
vt 1.2363696 0.54594606
vt 1.217557 0.54594606
vt 1.1574537 0.5614618
vt 1.1429228 0.58586836
vt 1.1429228 0.5614618
vt 1.1574537 0.58586836
vt 1.1429228 0.6430531
vt 1.1630892 0.58586836
vt 1.1684643 0.58641064
vt 1.1740527 0.5886078
vt 1.1785222 0.5919489
vt 1.1816174 0.5967037
vt 1.1836526 0.6031286
vt 1.1841089 0.6102679
vt 1.1362892 0.6430531
vt 1.1362892 0.58586836
vt 1.1429228 0.6558095
vt 1.2098544 0.6558095
vt 1.2098544 0.6102679
vt 1.2367796 0.5971509
vt 1.2175947 0.5971509
vt 1.2175947 0.603785
vt 1.2367796 0.603785
vt 1.2178755 0.68146
vt 1.2370604 0.68146
vt 1.2370604 0.6748265
vt 1.2178755 0.6748265
vt 1.657203 0.39686337
vt 1.6455245 0.34396097
vt 1.6455245 0.39686337
vt 1.6505464 0.34396097
vt 1.657203 0.34396097
vt 1.6505464 0.3253693
vt 1.662009 0.3253693
vt 1.662009 0.34396097
vt 1.3348551 0.006343863
vt 1.3088565 0.011422426
vt 1.3088565 0.006343863
vt 1.3348551 0.011422426
vt 1.2825507 0.016704334
vt 1.2825484 0.011422892
vt 1.3532369 0.016696854
vt 1.3532377 0.011422426
vt 1.3366537 0.60250425
vt 1.3432124 0.61125803
vt 1.3432124 0.60250425
vt 1.3366537 0.61125803
vt 1.3432124 0.6212748
vt 1.3366537 0.6212748
vt 1.3432124 0.6277409
vt 1.3366537 0.6277409
vt 1.3366537 0.6325206
vt 1.3432124 0.6325206
vt 1.3432124 0.63647807
vt 1.3366537 0.63647807
vt 1.3432124 0.63647807
vt 1.3366537 0.63647807
vt 1.2999593 0.7243135
vt 1.2999593 0.7304145
vt 1.3218876 0.7243135
vt 1.3012772 0.73739445
vt 1.3046465 0.74190164
vt 1.3092045 0.7452326
vt 1.3149517 0.74799067
vt 1.3218876 0.74799067
vt 1.7929673 0.7608725
vt 1.842875 0.7608725
vt 1.842875 0.75585026
vt 1.7929673 0.7558509
vt 1.7928897 0.7498535
vt 1.8427982 0.7498535
vt 1.8427979 0.7314715
vt 1.7928897 0.7314717
vt 1.6327099 0.64000916
vt 1.6403756 0.66615814
vt 1.6403756 0.64000773
vt 1.6263597 0.6369283
vt 1.5907478 0.66615814
vt 1.6213229 0.6332071
vt 1.6175998 0.62817174
vt 1.6161423 0.6203722
vt 1.5907476 0.6135572
vt 1.6161411 0.6135572
vt 1.0753541 0.53409153
vt 1.060107 0.53409153
vt 1.060107 0.5711658
vt 1.0753541 0.5711658
vt 1.8456433 0.67571026
vt 1.8456433 0.72119284
vt 1.8570135 0.67571026
vt 1.8518 0.7253293
vt 1.8570135 0.7253293
vt 1.4533194 0.5048908
vt 1.4367473 0.56594056
vt 1.4367473 0.5048908
vt 1.4533194 0.61442214
vt 1.430645 0.57832867
vt 1.430645 0.68535584
vt 1.4533194 0.68535584
vt 0.48225695 0.570332
vt 0.49149048 0.570332
vt 0.49149048 0.5220704
vt 0.48225695 0.5220704
vt 1.9754877 0.75661534
vt 1.9700106 0.80863005
vt 1.9700106 0.77031344
vt 1.9754877 0.8091405
vt 1.9754877 0.8205817
vt 1.9700106 0.81981486
vt 1.9754877 0.9126634
vt 1.9700106 0.90236574
vt 1.426081 0.40491349
vt 1.4197166 0.40491349
vt 1.4197166 0.4626351
vt 1.426081 0.4626351
vt 1.4338472 0.4697251
vt 1.4338472 0.47618583
vt 1.4927495 0.47618583
vt 1.4927495 0.4697251
vt 1.4904275 0.39602673
vt 1.4904275 0.3897406
vt 1.4332585 0.3897406
vt 1.4332585 0.39602673
vt 1.4087491 0.46266213
vt 1.4118325 0.4044474
vt 1.4118325 0.46266213
vt 1.4087491 0.4044474
vt 1.4027138 0.46266213
vt 1.4027138 0.4044474
vt 1.3966787 0.46266213
vt 1.3966787 0.4044474
vt 1.3931965 0.46266213
vt 1.3931965 0.4044474
vt 1.5035013 0.40457666
vt 1.4982581 0.40457666
vt 1.4982581 0.4629242
vt 1.5035013 0.4629242
vt 1.4345334 0.49075973
vt 1.4932132 0.49553856
vt 1.4345334 0.49553856
vt 1.4932132 0.49075973
vt 1.4345334 0.48604053
vt 1.4932132 0.48294836
vt 1.4345334 0.48294836
vt 1.4334111 0.37939385
vt 1.4905655 0.38240516
vt 1.4334111 0.38240516
vt 1.4905655 0.37479663
vt 1.4334111 0.37479663
vt 1.4905655 0.36847693
vt 1.4334111 0.36847693
vt 1.2731117 0.34902924
vt 1.2757996 0.3483116
vt 1.2731117 0.35388926
vt 1.2731117 0.34118664
vt 1.2800035 0.34337574
vt 1.2848068 0.3412505
vt 1.5174507 0.40456873
vt 1.5098655 0.46312913
vt 1.5098655 0.40456873
vt 1.5174507 0.46312913
vt 1.5216585 0.40456873
vt 1.5216585 0.46312913
vt 1.3339473 0.41885623
vt 1.3395835 0.4161404
vt 1.3393708 0.41885623
vt 1.3462707 0.41885623
vt 1.3444014 0.410968
vt 1.3462707 0.40740848
vt 1.3420438 0.5349743
vt 1.3420438 0.5944019
vt 1.3377652 0.5944019
vt 1.3377652 0.57501554
vt 1.3295343 0.5646912
vt 1.3295343 0.5349743
vt 1.2647858 0.6143038
vt 1.3196657 0.61039233
vt 1.3196657 0.6143038
vt 1.3017869 0.61039233
vt 1.2923472 0.60188717
vt 1.2647858 0.60188717
vt 1.2447553 0.5957829
vt 1.2447553 0.5355445
vt 1.2560114 0.5355445
vt 1.2560114 0.5957829
vt 1.2925997 0.5956899
vt 1.2645844 0.5956899
vt 1.292896 0.5896684
vt 1.2945217 0.58200353
vt 1.2645844 0.53528327
vt 1.2987201 0.574144
vt 1.305958 0.5683369
vt 1.3148798 0.56546974
vt 1.3215802 0.53528327
vt 1.3215802 0.5650411
vt 1.3281349 0.58398235
vt 1.3281349 0.5724194
vt 1.321853 0.5724109
vt 1.3243322 0.58376414
vt 1.3143458 0.5739462
vt 1.3281349 0.60074234
vt 1.3198148 0.5845509
vt 1.3068035 0.5780574
vt 1.3151585 0.5869933
vt 1.3117688 0.5912379
vt 1.3012116 0.58504415
vt 1.3101196 0.5965718
vt 1.3100603 0.60074234
vt 1.2983954 0.5937565
vt 1.2980156 0.60074234
vt 1.3219001 0.51455617
vt 1.3219001 0.5259236
vt 1.2649955 0.5259236
vt 1.2649955 0.51455617
vt 1.4914927 0.46248433
vt 1.4333568 0.46248433
vt 1.4333568 0.40491924
vt 1.4914927 0.40491924
vt 1.5601375 0.40479705
vt 1.553752 0.40479705
vt 1.553752 0.46271133
vt 1.5601375 0.46271133
vt 1.5674336 0.46946254
vt 1.5674336 0.4758139
vt 1.62534 0.4758139
vt 1.62534 0.46946254
vt 1.6348938 0.39564678
vt 1.6348938 0.38914654
vt 1.5757782 0.38914654
vt 1.5757782 0.39564678
vt 1.5437613 0.46276352
vt 1.5468379 0.4046873
vt 1.5468379 0.46276352
vt 1.5437613 0.4046873
vt 1.5377407 0.46276352
vt 1.5377407 0.4046873
vt 1.5317204 0.46276352
vt 1.5317204 0.4046873
vt 1.5282464 0.46276352
vt 1.5282464 0.4046873
vt 1.6382964 0.40459496
vt 1.6331003 0.40459496
vt 1.6331003 0.46241266
vt 1.6382964 0.46241266
vt 1.5674958 0.49034128
vt 1.6256926 0.4950806
vt 1.5674958 0.4950806
vt 1.6256926 0.49034128
vt 1.5674958 0.4856609
vt 1.6256926 0.48259476
vt 1.5674958 0.48259476
vt 1.5754199 0.37891084
vt 1.6352475 0.38206306
vt 1.5754199 0.38206306
vt 1.635248 0.37409854
vt 1.5754199 0.37409854
vt 1.6352512 0.36748293
vt 1.5754199 0.36748293
vt 1.9675801 0.48232844
vt 1.9701633 0.48163375
vt 1.9675801 0.48703143
vt 1.9675801 0.4747386
vt 1.9750824 0.47650588
vt 1.9784675 0.474848
vt 1.652423 0.40441
vt 1.6448836 0.4626148
vt 1.6448836 0.40441
vt 1.652423 0.4626148
vt 1.6566051 0.40441
vt 1.6566052 0.4626148
vt 1.9283199 0.5133824
vt 1.9341047 0.5105726
vt 1.9338866 0.5133824
vt 1.9409677 0.5133824
vt 1.939049 0.50614506
vt 1.9409677 0.5015405
vt 1.2639216 0.6231246
vt 1.3218197 0.6231246
vt 1.3218197 0.62708807
vt 1.30295 0.62708807
vt 1.2929603 0.6354722
vt 1.2639216 0.6354722
vt 1.3426251 0.6999408
vt 1.338643 0.64433396
vt 1.3426251 0.64433396
vt 1.338643 0.6624515
vt 1.3300595 0.67202294
vt 1.3300595 0.6999408
vt 1.3222315 0.7191386
vt 1.2640369 0.7191386
vt 1.2640369 0.7081877
vt 1.3222315 0.7081877
vt 1.3223268 0.6726733
vt 1.3223268 0.7000926
vt 1.3164752 0.67238307
vt 1.3090249 0.67079234
vt 1.263616 0.7000926
vt 1.3013865 0.66668254
vt 1.2957418 0.659599
vt 1.2929553 0.65086675
vt 1.263616 0.6443096
vt 1.2925392 0.6443096
vt 1.3281075 0.65521437
vt 1.3281075 0.6661528
vt 1.3222997 0.6666951
vt 1.3243544 0.65569854
vt 1.3150499 0.6656607
vt 1.3281075 0.63957506
vt 1.3199446 0.6551618
vt 1.3075509 0.6618302
vt 1.315453 0.6529245
vt 1.3121386 0.6488594
vt 1.3019495 0.6550555
vt 1.3104593 0.6436769
vt 1.3101244 0.63957506
vt 1.2990618 0.6465025
vt 1.2988093 0.63957506
vt 1.2442713 0.64403915
vt 1.2554376 0.64403915
vt 1.2554376 0.700322
vt 1.2442713 0.700322
vt 1.6260184 0.4624947
vt 1.5673778 0.4624947
vt 1.5673778 0.40443018
vt 1.6260184 0.40443018
vt 0.78322756 0.8380346
vt 0.75570774 0.8380347
vt 0.7832273 0.7037097
vt 0.68526727 0.77381724
vt 0.68526715 0.71572167
vt 0.6810715 0.7866134
vt 0.68136734 0.70368946
vt 0.6561869 0.9089226
vt 0.6731326 0.7974991
vt 0.75570774 0.8854042
vt 0.664845 0.9089246
vt 0.6620062 0.80555254
vt 0.6561869 0.8076622
vt 0.7518135 0.6744141
vt 0.67390746 0.6934542
vt 0.6634297 0.6858657
vt 0.7518135 0.6068612
vt 0.6715396 0.6744141
vt 0.7832273 0.5826321
vt 0.66293603 0.6744141
vt 0.6459799 0.68168175
vt 0.6715396 0.6068496
vt 0.58266246 0.67441416
vt 0.5749977 0.68168175
vt 0.58266246 0.6068349
vt 0.66293603 0.60684675
vt 0.5749977 0.5273153
vt 0.6579247 0.5940948
vt 0.6579247 0.60684675
vt 0.5900391 0.59409493
vt 0.59012383 0.60683477
vt 0.6790049 0.59419715
vt 0.6790049 0.6068496
vt 0.5933751 0.5356705
vt 0.66847926 0.5273153
vt 0.5933751 0.59134823
vt 0.65428513 0.59134823
vt 0.65428513 0.53567046
vt 0.6824428 0.53570294
vt 0.76421654 0.5273152
vt 0.6824428 0.59136575
vt 0.7433366 0.59136564
vt 0.7468442 0.59419703
vt 0.7433366 0.5357028
vt 0.83757013 0.5273151
vt 0.83757013 0.5826321
vt 0.7468442 0.6068612
vt 0.138124 0.11954109
vt 0.1460118 0.119546376
vt 0.14603774 0.10311081
vt 0.13616295 0.11350856
vt 0.12969957 0.10692927
vt 0.11884056 0.10311616
vt 0.9376411 0.15854967
vt 0.92178077 0.1696403
vt 0.92178077 0.15854967
vt 0.9376411 0.1696403
vt 0.92178077 0.18073171
vt 0.9376411 0.18073171
vt 0.92178077 0.19182283
vt 0.9376411 0.19182283
vt 0.92178077 0.2014296
vt 0.9376411 0.2014296
vt 0.92178077 0.20586962
vt 0.9331091 0.20586962
vt 0.9279167 0.21310079
vt 0.92178077 0.21310079
vt 0.16674556 0.30803105
vt 0.16664122 0.31701908
vt 0.09058526 0.3170191
vt 0.06885751 0.30803108
vt 0.07999492 0.3170191
vt 0.07594186 0.31943187
vt 0.06423358 0.31670237
vt 0.07300365 0.3230614
vt 0.06423358 0.32295683
vt 0.06423358 0.33180457
vt 0.07300365 0.33180413
vt 0.06423358 0.34020272
vt 0.07300365 0.34020272
vt 0.06423358 0.34734005
vt 0.07300365 0.34734005
vt 0.06423358 0.35553747
vt 0.07300365 0.35553747
vt 0.06423358 0.3632668
vt 0.07300365 0.3632668
vt 0.06423358 0.37103584
vt 0.07300365 0.37103584
vt 0.06423358 0.37818414
vt 0.07300365 0.37818414
vt 0.06423358 0.3852946
vt 0.07300365 0.3852946
vt 0.07300365 0.43045297
vt 0.06423358 0.43045297
vt 0.509909 0.48013172
vt 0.5014394 0.49596474
vt 0.5014394 0.48013172
vt 0.5014394 0.5306336
vt 0.509909 0.54486847
vt 0.5014394 0.54545766
vt 0.5014394 0.56078655
vt 0.509909 0.56072444
vt 0.5014394 0.571361
vt 0.509909 0.5717098
vt 0.5014394 0.58192825
vt 0.509909 0.5821929
vt 0.5014394 0.5924561
vt 0.509909 0.592517
vt 0.5014394 0.64477915
vt 0.509909 0.644691
vt 0.5014394 0.6558263
vt 0.509909 0.6558577
vt 0.5014394 0.6666704
vt 0.509909 0.6673384
vt 0.5014394 0.6772115
vt 0.509909 0.67934924
vt 0.5014394 0.6852441
vt 0.509909 0.6852441
vt 0.24248958 0.51542807
vt 0.24248958 0.5250599
vt 0.25660074 0.5250599
vt 0.25660074 0.51542807
vt 0.83919626 0.26638693
vt 0.8555611 0.2767849
vt 0.8555611 0.111337826
vt 0.83919626 0.11002363
vt 0.8555611 0.09277712
vt 0.82195336 0.10801543
vt 0.82195336 0.26369798
vt 0.83919626 0.09583829
vt 0.8493436 0.07185881
vt 0.75767285 0.10810484
vt 0.75767285 0.2711346
vt 0.7405608 0.109596685
vt 0.7405608 0.28030267
vt 0.82195336 0.098724544
vt 0.75767285 0.09752555
vt 0.8344222 0.08015682
vt 0.83564025 0.054298896
vt 0.7243653 0.21692757
vt 0.7243653 0.29974777
vt 0.7243653 0.11042257
vt 0.7243653 0.08869141
vt 0.7405608 0.09328577
vt 0.7321945 0.06835884
vt 0.7604595 0.08747928
vt 0.8199788 0.08862656
vt 0.7465649 0.07788876
vt 0.7472008 0.05183365
vt 0.7677396 0.079690605
vt 0.7576397 0.06573157
vt 0.76993734 0.040576823
vt 0.8132892 0.08050522
vt 0.7747031 0.05740604
vt 0.794962 0.03762447
vt 0.82425934 0.06730257
vt 0.8166843 0.042545103
vt 0.8038865 0.07499693
vt 0.7790869 0.074209616
vt 0.8101762 0.0587403
vt 0.7929948 0.072548985
vt 0.79402167 0.055106122
vt 0.6677794 0.7848544
vt 0.6429787 0.79877657
vt 0.6429785 0.69324726
vt 0.66777915 0.70310634
vt 0.6787685 0.7630298
vt 0.6787685 0.7238597
vt 0.58328414 0.509395
vt 0.65191793 0.51593316
vt 0.58328414 0.51593316
vt 0.61175305 0.509395
vt 0.6222568 0.50588006
vt 0.63120306 0.499381
vt 0.6377161 0.4904348
vt 0.64064085 0.48130053
vt 0.64748675 0.4826814
vt 0.6590611 0.48296258
vt 0.6410615 0.4768738
vt 0.64119184 0.46963724
vt 0.047695197 0.14336503
vt 0.04228587 0.14716716
vt 0.047695197 0.19715813
vt 0.047695197 0.28831768
vt 0.04228587 0.29046717
vt 0.047695197 0.29639155
vt 0.8891924 0.225651
vt 0.8891924 0.2781166
vt 0.8774907 0.2781166
vt 0.8774907 0.225651
vt 0.21787226 0.5392493
vt 0.21787226 0.528077
vt 0.23567992 0.5392493
vt 0.22187424 0.52320516
vt 0.22440144 0.51736116
vt 0.23567992 0.47336474
vt 0.22440144 0.4672077
vt 0.90293634 0.22504614
vt 0.90975696 0.22504614
vt 0.90975696 0.27751175
vt 0.90293634 0.27751175
vt 0.89618826 0.22504614
vt 0.89618826 0.27751175
vt 0.21759474 0.56628424
vt 0.23677962 0.56628424
vt 0.23677962 0.59023863
vt 0.21759474 0.59023863
vt 0.9041768 0.3979956
vt 0.90089184 0.3979956
vt 0.90089184 0.34921014
vt 0.9041768 0.34921014
vt 0.91117024 0.30368868
vt 0.9041768 0.30368868
vt 0.9084712 0.41488838
vt 0.9041768 0.40968135
vt 0.91117024 0.42113453
vt 0.56573796 0.5765292
vt 0.56573963 0.60092455
vt 0.5615802 0.60092455
vt 0.5615773 0.5765292
vt 0.86888105 0.27802902
vt 0.8647743 0.27802902
vt 0.8647743 0.22556342
vt 0.86888105 0.22556342
vt 0.21757756 0.61080736
vt 0.23676239 0.61080736
vt 0.23676239 0.6679758
vt 0.21757756 0.6679758
vt 0.5617914 0.6812178
vt 0.5617914 0.6550241
vt 0.56595045 0.6550241
vt 0.56595045 0.6812178
vt 0.9692087 0.20593841
vt 0.99360776 0.21162356
vt 0.96922445 0.21162356
vt 0.96860826 0.20055698
vt 0.99360776 0.159158
vt 0.9664196 0.19495954
vt 0.96308386 0.19047992
vt 0.95833075 0.18737428
vt 0.9519032 0.1853246
vt 0.94478196 0.159158
vt 0.94478196 0.18531136
vt 0.56185097 0.6073166
vt 0.56601113 0.6073166
vt 0.56601113 0.61263895
vt 0.56185097 0.61263895
vt 0.56601113 0.61804694
vt 0.56185097 0.61804694
vt 0.5660104 0.6240518
vt 0.56185037 0.6240518
vt 0.5660104 0.6296378
vt 0.56185037 0.6296378
vt 0.5660104 0.6353229
vt 0.56185037 0.6353229
vt 0.5660104 0.6420813
vt 0.56185037 0.6420813
vt 0.5660104 0.64924246
vt 0.56185037 0.64924246
vt 0.2370908 0.6879309
vt 0.2370908 0.7004871
vt 0.21790592 0.7004871
vt 0.21790592 0.6879309
vt 0.60389966 0.83980376
vt 0.5893198 0.7909372
vt 0.60389966 0.7909372
vt 0.5893198 0.8150339
vt 0.5893198 0.8732271
vt 0.5825534 0.8150339
vt 0.5825534 0.8732271
vt 0.60389966 0.8609119
vt 0.5893198 0.88608146
vt 0.60389966 0.88608146
vt 0.23636964 0.54594606
vt 0.23636964 0.56009847
vt 0.21755695 0.56009847
vt 0.21755695 0.54594606
vt 0.15745363 0.5614618
vt 0.14292271 0.5614618
vt 0.14292271 0.58586836
vt 0.15745363 0.58586836
vt 0.14292271 0.6430531
vt 0.16308919 0.58586836
vt 0.16846435 0.58641064
vt 0.17405272 0.5886078
vt 0.17852221 0.5919489
vt 0.18161733 0.5967037
vt 0.18365267 0.6031286
vt 0.18410887 0.6102679
vt 0.13628925 0.6430531
vt 0.13628925 0.58586836
vt 0.14292271 0.6558095
vt 0.20985436 0.6558095
vt 0.20985436 0.6102679
vt 0.23677962 0.5971509
vt 0.23677962 0.603785
vt 0.21759474 0.603785
vt 0.21759474 0.5971509
vt 0.21787553 0.68146
vt 0.21787553 0.6748265
vt 0.23706038 0.6748265
vt 0.23706038 0.68146
vt 0.65720296 0.39686337
vt 0.64552444 0.39686337
vt 0.64552444 0.34396097
vt 0.65054643 0.34396097
vt 0.65720296 0.34396097
vt 0.65054643 0.3253693
vt 0.662009 0.3253693
vt 0.662009 0.34396097
vt 0.33485508 0.006343863
vt 0.30885643 0.006343863
vt 0.30885643 0.011422426
vt 0.33485508 0.011422426
vt 0.2825507 0.016704334
vt 0.28254843 0.011422892
vt 0.3532359 0.016693933
vt 0.35323775 0.011422426
vt 0.33665368 0.60250425
vt 0.34321237 0.60250425
vt 0.34321237 0.61125803
vt 0.33665368 0.61125803
vt 0.34321237 0.6212748
vt 0.33665368 0.6212748
vt 0.34321237 0.6277409
vt 0.33665368 0.6277409
vt 0.33665368 0.6325206
vt 0.34321237 0.6325206
vt 0.34321237 0.63647807
vt 0.33665368 0.63647807
vt 0.34321237 0.63647807
vt 0.33665368 0.63647807
vt 0.29995933 0.7243135
vt 0.32188758 0.7243135
vt 0.29995933 0.7304145
vt 0.30127722 0.73739445
vt 0.3046465 0.74190164
vt 0.30920446 0.7452326
vt 0.31495172 0.74799067
vt 0.32188758 0.74799067
vt 0.7929674 0.7608725
vt 0.7929674 0.7558509
vt 0.84287506 0.75585026
vt 0.84287506 0.7608725
vt 0.7928897 0.7498535
vt 0.7928897 0.7314717
vt 0.8427979 0.7314715
vt 0.8427982 0.7498535
vt 0.63270986 0.64000916
vt 0.64037555 0.64000773
vt 0.6403756 0.66615814
vt 0.62635964 0.6369283
vt 0.5907478 0.66615814
vt 0.62132293 0.6332071
vt 0.61759984 0.62817174
vt 0.61614233 0.6203722
vt 0.59074754 0.6135572
vt 0.616141 0.6135572
vt 0.060106937 0.5711658
vt 0.060106937 0.53409153
vt 0.07535414 0.53409153
vt 0.07535414 0.5711658
vt 0.8456432 0.67571026
vt 0.8570134 0.67571026
vt 0.8456432 0.72119284
vt 0.8517999 0.7253293
vt 0.8570134 0.7253293
vt 0.4533193 0.5048916
vt 0.43674734 0.5048916
vt 0.43674734 0.56594056
vt 0.4533193 0.6144219
vt 0.43064502 0.5783288
vt 0.43064502 0.685355
vt 0.4533193 0.685355
vt 0.4634916 0.5220179
vt 0.4634916 0.5702791
vt 0.47272494 0.5702791
vt 0.47272494 0.5220179
vt 0.97548765 0.75661534
vt 0.97001064 0.77031344
vt 0.97001064 0.80863005
vt 0.97548765 0.8091405
vt 0.97548765 0.8205817
vt 0.97001064 0.81981486
vt 0.97548765 0.9126634
vt 0.97001064 0.90236574
vt 0.42608088 0.4626351
vt 0.42608088 0.40491349
vt 0.4197166 0.40491349
vt 0.4197166 0.4626351
vt 0.4927494 0.4697251
vt 0.4338472 0.4697251
vt 0.4338472 0.47618583
vt 0.4927494 0.47618583
vt 0.4332585 0.39602673
vt 0.49042746 0.39602673
vt 0.49042746 0.3897406
vt 0.4332585 0.3897406
vt 0.40874904 0.46266213
vt 0.41183245 0.46266213
vt 0.41183245 0.4044474
vt 0.40874904 0.4044474
vt 0.40271378 0.46266213
vt 0.40271378 0.4044474
vt 0.39667875 0.46266213
vt 0.39667875 0.4044474
vt 0.3931965 0.46266213
vt 0.3931965 0.4044474
vt 0.5035013 0.4629242
vt 0.5035013 0.40457666
vt 0.4982581 0.40457666
vt 0.4982581 0.4629242
vt 0.49321318 0.49553856
vt 0.43453333 0.49075973
vt 0.43453333 0.49553856
vt 0.49321318 0.49075973
vt 0.43453333 0.48604053
vt 0.49321318 0.48294836
vt 0.43453333 0.48294836
vt 0.4334111 0.37939385
vt 0.4334111 0.38240516
vt 0.49056548 0.38240516
vt 0.49056548 0.37479663
vt 0.4334111 0.37479663
vt 0.49056548 0.36847693
vt 0.4334111 0.36847693
vt 0.2731117 0.34902924
vt 0.2731117 0.35388926
vt 0.2757996 0.3483116
vt 0.2731117 0.34118664
vt 0.2800036 0.34337574
vt 0.28480685 0.3412505
vt 0.50986546 0.46312913
vt 0.5174507 0.40456873
vt 0.50986546 0.40456873
vt 0.5174507 0.46312913
vt 0.52165854 0.40456873
vt 0.52165854 0.46312913
vt 0.3339473 0.41885623
vt 0.33937085 0.41885623
vt 0.33958355 0.4161404
vt 0.34627068 0.41885623
vt 0.34440136 0.410968
vt 0.34627068 0.40740848
vt 0.33776522 0.5944019
vt 0.34204376 0.5944019
vt 0.34204376 0.5349743
vt 0.33776522 0.57501554
vt 0.32953426 0.5646912
vt 0.32953426 0.5349743
vt 0.2647858 0.6143038
vt 0.31966567 0.6143038
vt 0.31966567 0.61039233
vt 0.30178693 0.61039233
vt 0.2923472 0.60188717
vt 0.2647858 0.60188717
vt 0.2560114 0.5355445
vt 0.24475524 0.5355445
vt 0.24475524 0.5957829
vt 0.2560114 0.5957829
vt 0.29259974 0.5956899
vt 0.292896 0.5896684
vt 0.26458442 0.5956899
vt 0.29452172 0.58200353
vt 0.26458442 0.53528327
vt 0.29872012 0.574144
vt 0.30595803 0.5683369
vt 0.3148798 0.56546974
vt 0.32158017 0.53528327
vt 0.32158017 0.5650411
vt 0.3281349 0.58398235
vt 0.32185307 0.5724109
vt 0.3281349 0.5724194
vt 0.32433218 0.58376414
vt 0.3143458 0.5739462
vt 0.3281349 0.60074234
vt 0.3198148 0.5845509
vt 0.30680352 0.5780574
vt 0.31515846 0.5869933
vt 0.3117687 0.5912379
vt 0.30121166 0.58504415
vt 0.3101196 0.5965718
vt 0.31006026 0.60074234
vt 0.29839545 0.5937565
vt 0.29801562 0.60074234
vt 0.26499543 0.5259236
vt 0.32190013 0.5259236
vt 0.32190013 0.51455617
vt 0.26499543 0.51455617
vt 0.43335673 0.40491924
vt 0.43335673 0.46248433
vt 0.49149278 0.46248433
vt 0.49149278 0.40491924
vt 0.56013745 0.46271133
vt 0.56013745 0.40479705
vt 0.55375195 0.40479705
vt 0.55375195 0.46271133
vt 0.62534004 0.46946254
vt 0.5674336 0.46946254
vt 0.5674336 0.4758139
vt 0.62534004 0.4758139
vt 0.5757782 0.39564678
vt 0.6348938 0.39564678
vt 0.6348938 0.38914654
vt 0.5757782 0.38914654
vt 0.5437612 0.46276352
vt 0.5468379 0.46276352
vt 0.5468379 0.4046873
vt 0.5437612 0.4046873
vt 0.53774065 0.46276352
vt 0.53774065 0.4046873
vt 0.5317204 0.46276352
vt 0.5317204 0.4046873
vt 0.52824634 0.46276352
vt 0.52824634 0.4046873
vt 0.63829637 0.46241266
vt 0.63829637 0.40459496
vt 0.6331003 0.40459496
vt 0.6331003 0.46241266
vt 0.62569255 0.4950806
vt 0.5674959 0.49034128
vt 0.5674959 0.4950806
vt 0.62569255 0.49034128
vt 0.5674959 0.4856609
vt 0.62569255 0.48259476
vt 0.5674959 0.48259476
vt 0.5754199 0.37891084
vt 0.5754199 0.38206306
vt 0.63524747 0.38206306
vt 0.635248 0.37409854
vt 0.5754199 0.37409854
vt 0.63525116 0.36748293
vt 0.5754199 0.36748293
vt 0.96758014 0.48232844
vt 0.96758014 0.48703143
vt 0.97016335 0.48163375
vt 0.96758014 0.4747386
vt 0.9750824 0.47650588
vt 0.9784674 0.474848
vt 0.6448836 0.4626148
vt 0.652423 0.40441
vt 0.6448836 0.40441
vt 0.652423 0.4626148
vt 0.6566051 0.40441
vt 0.6566052 0.4626148
vt 0.92832 0.5133824
vt 0.93388665 0.5133824
vt 0.9341046 0.5105726
vt 0.9409677 0.5133824
vt 0.93904907 0.50614506
vt 0.9409677 0.5015405
vt 0.32181963 0.62708807
vt 0.32181963 0.6231246
vt 0.26392165 0.6231246
vt 0.30295002 0.62708807
vt 0.29296026 0.6354722
vt 0.26392165 0.6354722
vt 0.3426251 0.6999408
vt 0.3426251 0.64433396
vt 0.33864293 0.64433396
vt 0.33864293 0.6624515
vt 0.33005947 0.67202294
vt 0.33005947 0.6999408
vt 0.26403683 0.7081877
vt 0.26403683 0.7191386
vt 0.32223147 0.7191386
vt 0.32223147 0.7081877
vt 0.32232678 0.6726733
vt 0.3164751 0.67238307
vt 0.32232678 0.7000926
vt 0.30902496 0.67079234
vt 0.26361597 0.7000926
vt 0.3013865 0.66668254
vt 0.29574174 0.659599
vt 0.29295525 0.65086675
vt 0.26361597 0.6443096
vt 0.2925392 0.6443096
vt 0.32810745 0.65521437
vt 0.3222997 0.6666951
vt 0.32810745 0.6661528
vt 0.3243544 0.65569854
vt 0.3150499 0.6656607
vt 0.32810745 0.63957506
vt 0.31994468 0.6551618
vt 0.30755085 0.6618302
vt 0.3154531 0.6529245
vt 0.3121386 0.6488594
vt 0.30194947 0.6550555
vt 0.31045926 0.6436769
vt 0.31012437 0.63957506
vt 0.29906175 0.6465025
vt 0.29880923 0.63957506
vt 0.25543764 0.700322
vt 0.25543764 0.64403915
vt 0.24427134 0.64403915
vt 0.24427134 0.700322
vt 0.5673778 0.40443018
vt 0.5673778 0.4624947
vt 0.6260184 0.4624947
vt 0.6260184 0.40443018
vt 0.85348296 0.56613755
vt 0.8585333 0.5661339
vt 0.858552 0.5915066
vt 0.84680873 0.5778441
vt 0.84680873 0.5915151
vt 0.85348296 0.5419346
vt 0.84680873 0.54193836
vt 1.942323 0.48211715
vt 1.942323 0.4762806
vt 1.9329895 0.4762806
vt 1.940561 0.4899979
vt 1.9367487 0.49331024
vt 1.9329895 0.5013097
vt 1.948985 0.48755983
vt 1.9600604 0.48211715
vt 1.9625542 0.48755983
vt 1.9600604 0.4762806
vt 1.9625542 0.4762806
vt 0.029585984 0.0066003613
vt 0.03384268 0.0066003613
vt 0.03384268 0.018070135
vt 0.029585984 0.018070135
vt 0.044851627 0.006414637
vt 0.06265349 0.0064146407
vt 0.06265349 0.01788582
vt 0.044851627 0.017885815
vt 0.009202878 0.006847903
vt 0.019123178 0.006847903
vt 0.019123178 0.01831897
vt 0.009202878 0.01831897
vt 0.97277576 0.4442726
vt 0.9335561 0.4442726
vt 0.9335561 0.44800532
vt 0.97277576 0.44800532
vt 0.0075447373 0.11478071
vt 0.047146402 0.11477335
vt 0.047146402 0.10608564
vt 0.0075447373 0.10608564
vt 0.007261834 0.122788034
vt 0.0072671184 0.13761067
vt 0.04701214 0.13760307
vt 0.047007084 0.1227801
vt 0.42672458 0.37633395
vt 0.3931632 0.37633988
vt 0.3931632 0.3836809
vt 0.42672458 0.3836809
vt 0.009262804 0.026686065
vt 0.019182986 0.026686065
vt 0.019182986 0.03815678
vt 0.009262804 0.03815678
vt 0.04194563 0.026063636
vt 0.059748065 0.026063636
vt 0.059748065 0.0375347
vt 0.04194563 0.0375347
vt 0.028512213 0.026256468
vt 0.032768447 0.026256468
vt 0.032768447 0.037726827
vt 0.028512213 0.037726827
vt 0.9336971 0.40048036
vt 0.97291666 0.40048036
vt 0.97291666 0.38212278
vt 0.9336964 0.38212278
vt 0.10897101 0.0061318986
vt 0.11889551 0.0061318986
vt 0.11889551 0.017602962
vt 0.10897098 0.017602962
vt 0.97602504 0.70634943
vt 0.97602504 0.6978512
vt 0.93393993 0.6978512
vt 0.93393993 0.70634943
vt 0.9759669 0.6768201
vt 0.9344182 0.6768201
vt 0.9344182 0.6886773
vt 0.9759669 0.6886773
vt 0.9344032 0.6678844
vt 0.97595304 0.6678844
vt 0.97595304 0.65949416
vt 0.9344032 0.65949416
vt 0.9758861 0.6468763
vt 0.9343375 0.6468763
vt 0.9343375 0.65059775
vt 0.9758861 0.65059775
vt 0.10073693 0.025286186
vt 0.11066126 0.025286186
vt 0.11066126 0.03674229
vt 0.10073693 0.036737617
vt 0.9442322 0.30552864
vt 0.9442322 0.3011439
vt 0.93389267 0.3011439
vt 0.9338923 0.30947563
vt 0.97311294 0.30947563
vt 0.9627732 0.30552864
vt 0.9731127 0.3011439
vt 0.9627732 0.3011439
vt 0.14183761 0.0060083866
vt 0.15963347 0.0060083866
vt 0.15963347 0.017478988
vt 0.14183761 0.01747898
vt 0.12812002 0.006193526
vt 0.13237627 0.006193526
vt 0.13237627 0.017664704
vt 0.12812002 0.017664704
vt 0.13255227 0.025361333
vt 0.15034805 0.025361337
vt 0.15034805 0.036817323
vt 0.13255227 0.036817323
vt 0.11946686 0.025204964
vt 0.12372357 0.025204964
vt 0.12372357 0.03666119
vt 0.11946686 0.03666119
vt 0.4020072 0.39342174
vt 0.3930091 0.39732605
vt 0.4020072 0.39732605
vt 0.3930095 0.38985437
vt 0.42715237 0.38985437
vt 0.41815436 0.39342174
vt 0.42715293 0.39732605
vt 0.41815436 0.39732605
vt 0.9727757 0.46542668
vt 0.96244144 0.46104184
vt 0.96244144 0.46542668
vt 0.9727757 0.4570361
vt 0.93355733 0.4570361
vt 0.94389313 0.46104184
vt 0.93355733 0.46542668
vt 0.94389313 0.46542668
vt 0.9623764 0.43132633
vt 0.97271204 0.42694184
vt 0.9623764 0.42694184
vt 0.97271204 0.43533215
vt 0.93349326 0.43533215
vt 0.94382954 0.43132633
vt 0.93349326 0.42694184
vt 0.94382954 0.42694184
vt 0.9728921 0.41772947
vt 0.9625568 0.41334555
vt 0.9625568 0.41772947
vt 0.9728921 0.40933925
vt 0.93367416 0.40933925
vt 0.9440098 0.41334555
vt 0.93367416 0.41772947
vt 0.9440098 0.41772947
vt 0.96262807 0.369266
vt 0.97296846 0.36488152
vt 0.96262807 0.36488152
vt 0.97296846 0.3732715
vt 0.93374693 0.3732715
vt 0.9440871 0.369266
vt 0.93374693 0.36488152
vt 0.9440871 0.36488152
vt 0.9765883 0.724049
vt 0.96533036 0.7195429
vt 0.96533036 0.724049
vt 0.9765883 0.71542567
vt 0.9338861 0.71542567
vt 0.9451437 0.7195429
vt 0.9338861 0.724049
vt 0.9451437 0.724049
vt 0.9650671 0.63466966
vt 0.97602123 0.63028467
vt 0.9650671 0.63028467
vt 0.97602123 0.638684
vt 0.9344702 0.638684
vt 0.945424 0.63466966
vt 0.9344702 0.63028467
vt 0.945424 0.63028467
vt 0.93380064 0.34182963
vt 0.93380064 0.35542294
vt 0.9727372 0.35542294
vt 0.9727372 0.34182963
vt 0.9728351 0.31852275
vt 0.9336156 0.31852275
vt 0.93361586 0.32471204
vt 0.9728351 0.32471204
vt 0.9336156 0.33320743
vt 0.9728351 0.3332072
vt 0.0737173 0.01775999
vt 0.0737173 0.006288931
vt 0.07797361 0.006288931
vt 0.07797361 0.01775999
vt 0.08867837 0.017794292
vt 0.08867837 0.006323464
vt 0.0985992 0.006323464
vt 0.0985992 0.017794292
vt 0.08184001 0.037261117
vt 0.08184001 0.025790289
vt 0.09176078 0.025790289
vt 0.09176078 0.037261117
vt 0.0688768 0.037091658
vt 0.0688768 0.025621414
vt 0.073133565 0.025621414
vt 0.073133565 0.037091658
vt 0.18245994 0.016974878
vt 0.18245994 0.005503807
vt 0.19238378 0.005503807
vt 0.19238378 0.016974878
vt 0.17331176 0.03689305
vt 0.17331176 0.025436483
vt 0.18323538 0.025436718
vt 0.18323538 0.03688861
vt 0.16945933 0.017249867
vt 0.16945933 0.0057796165
vt 0.1737159 0.0057796165
vt 0.1737159 0.017249867
vt 0.1600003 0.036898542
vt 0.1600003 0.025442328
vt 0.16425651 0.025442328
vt 0.16425651 0.036898542
vt 0.29195702 0.07471116
vt 0.29195702 0.067077294
vt 0.29741412 0.067077294
vt 0.36097693 0.067077294
vt 0.36684304 0.07471116
vt 0.36684304 0.067077294
vt 0.48278958 0.10587824
vt 0.46046892 0.10587824
vt 0.46046892 0.093758576
vt 0.48278958 0.093758576
vt 0.40476504 0.105286084
vt 0.3988242 0.093166426
vt 0.3988242 0.105286084
vt 0.40476504 0.093166426
vt 0.41036174 0.105286084
vt 0.41036174 0.093166426
vt 0.41742316 0.105286084
vt 0.41742316 0.093166426
vt 0.4246522 0.105286084
vt 0.4246522 0.093166426
vt 0.43188125 0.105286084
vt 0.43188125 0.093166426
vt 0.43894178 0.105286084
vt 0.43894178 0.093166426
vt 0.4445394 0.105286084
vt 0.4445394 0.093166426
vt 0.45048022 0.105286084
vt 0.45048022 0.093166426
vt 1.4604689 0.093758576
vt 1.4604689 0.10587824
vt 1.4827895 0.10587824
vt 1.4827895 0.093758576
vt 0.05494405 0.1882923
vt 0.06767585 0.19165204
vt 0.06770596 0.1882923
vt 0.05494508 0.20672046
vt 0.06908107 0.19449642
vt 0.07219983 0.19703244
vt 0.07630448 0.1975113
vt 0.097665146 0.20671943
vt 0.08040922 0.19703232
vt 0.08352783 0.19449602
vt 0.084932566 0.1916515
vt 0.0976641 0.1882923
vt 0.08490223 0.1882923
vt 0.91853946 0.27170694
vt 0.91853946 0.27918363
vt 0.92413026 0.27170694
vt 0.98673475 0.27170694
vt 0.99245036 0.27918363
vt 0.99245036 0.27170694
vt 0.92413026 0.23056532
vt 0.98673475 0.23056532
vt 0.9404766 0.2229528
vt 0.9184081 0.2229528
vt 0.9184081 0.23056532
vt 0.9702286 0.2229528
vt 0.99231875 0.2229528
vt 0.99231875 0.23056532
vt 0.48508352 0.11998998
vt 0.48508352 0.13663708
vt 0.47815466 0.13663708
vt 0.47815466 0.12158935
vt 0.4028282 0.121618465
vt 0.4028282 0.13663708
vt 0.39583296 0.13663708
vt 0.39583296 0.11976774
vt 0.71690816 0.30269217
vt 0.71690816 0.26229364
vt 0.714431 0.26229364
vt 0.714431 0.30269217
vt 0.714084 0.3126338
vt 0.714084 0.35303262
vt 0.71684635 0.35303262
vt 0.71684635 0.3126338
vt 0.4916769 0.04670428
vt 0.4806561 0.046714876
vt 0.4806561 0.08777551
vt 0.4916769 0.087765135
vt 0.5008969 0.046501517
vt 0.5008969 0.08756237
vt 0.51626325 0.08755398
vt 0.51626325 0.04649337
vt 0.5249048 0.046485204
vt 0.5249048 0.08754649
vt 0.5298775 0.046480134
vt 0.5298775 0.08754031
vt 0.5386372 0.046474174
vt 0.5386372 0.08753502
vt 0.547946 0.046470646
vt 0.547946 0.08753149
vt 0.9761997 0.51019275
vt 0.976197 0.48545867
vt 0.9723604 0.49338895
vt 0.9685943 0.49667612
vt 0.9602574 0.49911577
vt 0.9448059 0.51019627
vt 0.9448059 0.49911734
vt 0.6025931 0.5846017
vt 0.6137622 0.5742607
vt 0.6137622 0.5846017
vt 0.6025931 0.55839294
vt 0.6159719 0.5658945
vt 0.6192248 0.56210154
vt 0.627142 0.55839294
vt 0.5571045 0.045566715
vt 0.5571045 0.0836717
vt 0.568132 0.045578614
vt 0.568132 0.086181976
vt 0.5571045 0.08617161
vt 0.5874673 0.085890986
vt 0.5772501 0.045319844
vt 0.5772501 0.085896045
vt 0.5874673 0.045313653
vt 0.596138 0.04530505
vt 0.596138 0.085882366
vt 0.60113704 0.045294672
vt 0.60113704 0.08587221
vt 0.6098576 0.0452841
vt 0.6098576 0.08586119
vt 0.61916465 0.04527594
vt 0.61916465 0.08585348
vt 0.55220485 0.037364308
vt 0.5416199 0.028604513
vt 0.55220485 0.028604513
vt 0.5349784 0.037364308
vt 0.5286478 0.037364308
vt 0.53486204 0.026643878
vt 0.5286478 0.026636964
vt 0.5318221 0.023994988
vt 0.5286478 0.01758415
vt 0.5951555 0.09467767
vt 0.60804975 0.13573648
vt 0.60804975 0.09467767
vt 0.5951555 0.13573648
vt 0.5865167 0.13573648
vt 0.5865167 0.09467767
vt 0.58154035 0.13573648
vt 0.58154035 0.09467767
vt 0.57277596 0.13573648
vt 0.57277596 0.09467767
vt 0.563467 0.13573648
vt 0.563467 0.09467767
vt 0.9601429 0.7297178
vt 0.95753235 0.72429794
vt 0.95753235 0.7297178
vt 0.96270066 0.7319208
vt 0.95753235 0.74075675
vt 0.9683191 0.73346907
vt 0.9771089 0.74075675
vt 0.9771089 0.73346907
vt 0.86306924 0.16504565
vt 0.86306924 0.1571334
vt 0.8667093 0.16504565
vt 0.87036663 0.16826159
vt 0.86306924 0.18116084
vt 0.87850374 0.17007014
vt 0.8723512 0.17586449
vt 0.8903741 0.17586449
vt 0.8932771 0.17007014
vt 0.8903741 0.18057805
vt 0.8932771 0.18057805
vt 0.93674874 0.49331024
vt 0.9329895 0.5013097
vt 0.9329895 0.4762806
vt 0.940561 0.4899979
vt 0.9423229 0.48211715
vt 0.9423229 0.4762806
vt 0.9489914 0.48755983
vt 0.96005785 0.48211715
vt 0.96255356 0.48755983
vt 0.96005785 0.4762806
vt 0.96255356 0.4762806
vt 0.40189034 0.015909245
vt 0.40189034 0.004893114
vt 0.36125898 0.004893114
vt 0.36125898 0.015909245
vt 0.6644115 0.18568192
vt 0.6644115 0.14505899
vt 0.6510425 0.14505899
vt 0.6510425 0.18568589
vt 0.64238876 0.14505899
vt 0.64238876 0.18568192
vt 0.6374052 0.18568192
vt 0.6374052 0.14505899
vt 0.6286867 0.18568192
vt 0.6286867 0.14505899
vt 0.61937696 0.18568146
vt 0.61937696 0.14505899
vt 0.46065885 0.5133629
vt 0.49265176 0.5133629
vt 0.49265176 0.50292933
vt 0.46065977 0.50292933
vt 0.46391937 0.3616874
vt 0.46391937 0.32508528
vt 0.45258126 0.32508528
vt 0.45258126 0.3616874
vt 0.97222185 0.28827763
vt 0.9338317 0.28827763
vt 0.9338317 0.2925994
vt 0.97222185 0.2925994
vt 0.8670485 0.07087747
vt 0.8610506 0.07087747
vt 0.8610506 0.13056074
vt 0.8670485 0.13056074
vt 0.7083019 0.95112157
vt 0.7083019 0.9536607
vt 0.7408907 0.9536607
vt 0.7408907 0.95112157
vt 0.85555524 0.96003544
vt 0.85555524 0.98744434
vt 0.8585482 0.98744434
vt 0.8585482 0.96003544
vt 0.6355004 0.5712317
vt 0.6457808 0.55668
vt 0.6355004 0.55668
vt 0.6457808 0.58623457
vt 0.63322914 0.5790629
vt 0.63018364 0.58259207
vt 0.62274206 0.58623457
vt 0.56569207 0.031721804
vt 0.55731857 0.022742108
vt 0.55731857 0.031721804
vt 0.5784992 0.022742108
vt 0.5724503 0.033443015
vt 0.5784992 0.033375233
vt 0.57552445 0.036016185
vt 0.5784992 0.042348966
vt 0.49798992 0.005524382
vt 0.45712125 0.005524382
vt 0.45712125 0.016594753
vt 0.49798992 0.016594753
vt 0.64902717 0.13575199
vt 0.66444033 0.13575178
vt 0.66444033 0.094824865
vt 0.64902717 0.094824865
vt 0.6403347 0.094824865
vt 0.6403347 0.13575199
vt 0.6353126 0.094824865
vt 0.6353126 0.13575199
vt 0.62653625 0.094824865
vt 0.62653625 0.13575199
vt 0.61723566 0.094824865
vt 0.61723566 0.13575199
vt 0.522357 0.01767375
vt 0.522357 0.03695609
vt 0.5193118 0.023902912
vt 0.5163566 0.02646752
vt 0.50980186 0.02823152
vt 0.49762204 0.03695609
vt 0.49762204 0.02823152
vt 0.44771448 0.023601007
vt 0.44771448 0.030892503
vt 0.45469782 0.030892503
vt 0.46549675 0.023601007
vt 0.46036717 0.032350767
vt 0.4629269 0.034596648
vt 0.46549675 0.040060055
vt 0.5440907 0.13593197
vt 0.55512404 0.09785659
vt 0.55512404 0.13592888
vt 0.55511224 0.09535954
vt 0.5440907 0.09536264
vt 0.53513503 0.13594198
vt 0.5249041 0.09552836
vt 0.53513503 0.095509835
vt 0.5249041 0.13596249
vt 0.5161942 0.13598211
vt 0.5161942 0.09554799
vt 0.5111408 0.13599513
vt 0.5111408 0.09556123
vt 0.50238585 0.13600287
vt 0.50238585 0.095568955
vt 0.49307156 0.13600704
vt 0.49307156 0.095573366
vt 0.5949534 0.005392297
vt 0.5539548 0.005392297
vt 0.55395454 0.016427264
vt 0.5949532 0.016427264
vt 0.676184 0.1952053
vt 0.7169621 0.20951094
vt 0.7169645 0.1952053
vt 0.6761813 0.20951094
vt 0.6761785 0.21917789
vt 0.7169585 0.21917789
vt 0.6761761 0.22482544
vt 0.71695656 0.22482544
vt 0.6761741 0.2346186
vt 0.71695477 0.2346186
vt 0.6761732 0.24496192
vt 0.71695364 0.24496192
vt 0.4263655 0.4869254
vt 0.4224817 0.49486458
vt 0.4263655 0.5115051
vt 0.41872042 0.498047
vt 0.4103759 0.5003812
vt 0.39735904 0.5115051
vt 0.39735904 0.5003812
vt 0.39864415 0.49469224
vt 0.39864415 0.4701118
vt 0.40234742 0.4867668
vt 0.40614232 0.4835706
vt 0.41451207 0.48123643
vt 0.42544776 0.4701118
vt 0.42544776 0.48123643
vt 0.47118744 0.042361822
vt 0.47410586 0.03613773
vt 0.47118744 0.023075882
vt 0.47708514 0.033597864
vt 0.48365983 0.031802442
vt 0.49223962 0.023075882
vt 0.49223962 0.031802442
vt 0.61042607 0.18591656
vt 0.61042607 0.14527483
vt 0.59941304 0.14527483
vt 0.59941304 0.18591656
vt 0.58008045 0.1860084
vt 0.5908471 0.1860084
vt 0.5908471 0.14531882
vt 0.58008045 0.14531882
vt 0.57144123 0.14531882
vt 0.57144123 0.18600819
vt 0.566484 0.14531882
vt 0.566484 0.18600819
vt 0.55778515 0.14531882
vt 0.55778515 0.18600819
vt 0.54848194 0.14531882
vt 0.54848194 0.18600819
vt 0.97211957 0.9403726
vt 0.9609366 0.9403726
vt 0.9609366 0.9595134
vt 0.97211957 0.9719417
vt 0.9609366 0.9719417
vt 0.41024044 0.004885558
vt 0.41024044 0.016986135
vt 0.44894856 0.016986135
vt 0.44894856 0.004885558
vt 0.9623778 0.7487352
vt 0.9590094 0.7487352
vt 0.9590094 0.7798971
vt 0.9623778 0.7798971
vt 0.50576293 0.010513373
vt 0.5465302 0.010513373
vt 0.5465302 0.0067257355
vt 0.50576293 0.0067257355
vt 0.21725294 0.51287293
vt 0.21725294 0.46508753
vt 0.21443278 0.46508753
vt 0.2144203 0.51287293
vt 0.6955928 0.90725714
vt 0.6955928 0.91027385
vt 0.7231116 0.91027385
vt 0.7231116 0.90725714
vt 0.44252852 0.023499522
vt 0.4319391 0.030800067
vt 0.44252852 0.030800067
vt 0.4211559 0.023499522
vt 0.42628905 0.03225874
vt 0.4237297 0.0345055
vt 0.4211559 0.039971024
vt 0.21280468 0.1831119
vt 0.221023 0.1742492
vt 0.21280468 0.1742492
vt 0.23373441 0.1831119
vt 0.22774118 0.17207813
vt 0.23079714 0.16945961
vt 0.23373441 0.16310479
vt 0.23397838 0.12142764
vt 0.23397838 0.10137049
vt 0.23084074 0.11503805
vt 0.22783716 0.11236047
vt 0.2211492 0.110261075
vt 0.22809297 0.10137049
vt 0.21087001 0.10137049
vt 0.21087001 0.110261075
vt 0.7112302 0.5781685
vt 0.71467584 0.54851675
vt 0.7112302 0.54851675
vt 0.71467584 0.5781685
vt 0.73503727 0.58417153
vt 0.7350329 0.578174
vt 0.6908706 0.58417153
vt 0.690871 0.5781685
vt 0.89067715 0.16524196
vt 0.8918491 0.15976027
vt 0.89067715 0.15706432
vt 0.90114087 0.15976027
vt 0.91385955 0.15706432
vt 0.91385955 0.17724094
vt 0.90114087 0.1651172
vt 0.73507905 0.57263607
vt 0.7329734 0.57266015
vt 0.7329734 0.5687542
vt 0.73507905 0.54071194
vt 0.7231873 0.55373764
vt 0.7231873 0.5687542
vt 0.7231873 0.54071194
vt 0.8026972 0.51857805
vt 0.8026972 0.5129652
vt 0.7742463 0.51857805
vt 0.7475012 0.5129652
vt 0.76967466 0.5185514
vt 0.7409966 0.51653045
vt 0.74099475 0.5185514
vt 0.6291732 0.6115962
vt 0.62437177 0.6115962
vt 0.62437177 0.605732
vt 0.64192945 0.60030425
vt 0.64192945 0.6115962
vt 0.61038744 0.60030425
vt 0.61039096 0.6057232
vt 0.13921165 0.27437487
vt 0.13921165 0.26813298
vt 0.14758152 0.26813298
vt 0.15172972 0.27437487
vt 0.14758152 0.25617707
vt 0.15172972 0.23844077
vt 0.14758152 0.2524129
vt 0.13910834 0.25617707
vt 0.13910834 0.2524129
vt 0.14758152 0.24043499
vt 0.13907619 0.23844077
vt 0.49267632 0.17397246
vt 0.48054063 0.18243752
vt 0.49267632 0.18243752
vt 0.48054063 0.17397246
vt 0.50406665 0.1641758
vt 0.496554 0.17397246
vt 0.46161273 0.1641758
vt 0.50977767 0.1641758
vt 0.50977767 0.17397246
vt 0.50977767 0.18239732
vt 0.496554 0.18239732
vt 0.46161273 0.17397249
vt 0.44869116 0.1641758
vt 0.44869116 0.17397249
vt 0.46161273 0.18246531
vt 0.44869116 0.18246531
vt 0.5042459 0.15315956
vt 0.5109813 0.14757971
vt 0.5108697 0.15716906
vt 0.50431645 0.14757966
vt 0.4618316 0.14757966
vt 0.46174514 0.15315956
vt 0.4481669 0.14757966
vt 0.44810495 0.15315956
vt 0.28711534 0.02506963
vt 0.29454744 0.03682352
vt 0.29454744 0.02506963
vt 0.28711534 0.03682352
vt 0.24542373 0.03682352
vt 0.2318536 0.02506963
vt 0.2318536 0.03682352
vt 0.529934 0.50251204
vt 0.5184877 0.5024741
vt 0.5184877 0.47078073
vt 0.529934 0.48107773
vt 0.529934 0.47078073
vt 0.5473733 0.5100824
vt 0.529934 0.5100824
vt 0.5473733 0.48107773
vt 0.5579496 0.5100824
vt 0.55804414 0.48107773
vt 1.4806569 0.08777551
vt 1.4806569 0.046715535
vt 1.4916769 0.04670428
vt 1.4916769 0.087765135
vt 1.5162632 0.08755398
vt 1.5008969 0.08756237
vt 1.5008969 0.046501517
vt 1.5162632 0.04649337
vt 1.5249047 0.046485204
vt 1.5249047 0.08754649
vt 1.5298774 0.046480134
vt 1.5298774 0.08754031
vt 1.5386372 0.046474174
vt 1.5386372 0.08753502
vt 1.547946 0.046470646
vt 1.547946 0.08753149
vt 1.9761964 0.51019627
vt 1.9723613 0.49339136
vt 1.9761996 0.48546195
vt 1.9685943 0.49667788
vt 1.9602568 0.49911532
vt 1.9448059 0.51019233
vt 1.9448059 0.49911356
vt 1.6025932 0.5846017
vt 1.6137621 0.5846017
vt 1.6137621 0.5742607
vt 1.6025932 0.55839294
vt 1.6159719 0.5658945
vt 1.6192248 0.56210154
vt 1.627142 0.55839294
vt 1.5571046 0.045566715
vt 1.5681319 0.045578614
vt 1.5571046 0.0836717
vt 1.5681319 0.086181976
vt 1.5571046 0.08617161
vt 1.5772501 0.045319844
vt 1.5874673 0.085890986
vt 1.5772501 0.085896045
vt 1.5874673 0.045313653
vt 1.596138 0.04530505
vt 1.596138 0.085882366
vt 1.601137 0.045294672
vt 1.601137 0.08587221
vt 1.6098576 0.0452841
vt 1.6098576 0.08586119
vt 1.6191647 0.04527594
vt 1.6191647 0.08585348
vt 1.5522048 0.037364308
vt 1.5522048 0.028604513
vt 1.5416199 0.028604513
vt 1.5349784 0.037364308
vt 1.5286478 0.037364308
vt 1.534862 0.026643878
vt 1.5286478 0.026636964
vt 1.5318221 0.023994988
vt 1.5286478 0.01758415
vt 1.6080498 0.13573648
vt 1.5951555 0.09467767
vt 1.6080498 0.09467767
vt 1.5951555 0.13573648
vt 1.5865166 0.13573648
vt 1.5865166 0.09467767
vt 1.5815403 0.13573648
vt 1.5815403 0.09467767
vt 1.572776 0.13573648
vt 1.572776 0.09467767
vt 1.563467 0.13573648
vt 1.563467 0.09467767
vt 1.9601429 0.7297177
vt 1.9575324 0.7297177
vt 1.9575324 0.7242978
vt 1.9627006 0.7319208
vt 1.9575324 0.74075675
vt 1.9683192 0.73346907
vt 1.977109 0.74075675
vt 1.977109 0.73346907
vt 1.8630693 0.16504541
vt 1.8667092 0.16504541
vt 1.8630693 0.15713322
vt 1.8703661 0.16826159
vt 1.8630693 0.18116084
vt 1.8785038 0.17006972
vt 1.8723509 0.1758641
vt 1.8903742 0.1758641
vt 1.8932772 0.17006972
vt 1.8903742 0.18057805
vt 1.8932772 0.18057805
vt 1.3612592 0.004893114
vt 1.4018903 0.004893114
vt 1.4018903 0.015909126
vt 1.3612592 0.015909126
vt 1.6510425 0.14505899
vt 1.6644115 0.14505899
vt 1.6644115 0.18568192
vt 1.6510425 0.18568589
vt 1.6423888 0.14505899
vt 1.6423888 0.18568192
vt 1.6374052 0.18568192
vt 1.6374052 0.14505899
vt 1.6286867 0.18568192
vt 1.6286867 0.14505899
vt 1.6193769 0.18568146
vt 1.6193769 0.14505899
vt 1.4926517 0.50292933
vt 1.4926517 0.5133629
vt 1.4606588 0.5133629
vt 1.4606597 0.50292933
vt 1.4525816 0.32508424
vt 1.4639183 0.32508487
vt 1.4639206 0.3616885
vt 1.4525816 0.3616885
vt 1.7408905 0.9536607
vt 1.7083014 0.9536607
vt 1.7083014 0.95112157
vt 1.7408905 0.95112157
vt 1.8555553 0.98744434
vt 1.8585482 0.98744434
vt 1.8585482 0.96003544
vt 1.8555553 0.96003544
vt 1.6457808 0.55668
vt 1.6355004 0.5712317
vt 1.6355004 0.55668
vt 1.6457808 0.58623457
vt 1.6332291 0.5790629
vt 1.6301837 0.58259207
vt 1.622742 0.58623457
vt 1.5573186 0.022742108
vt 1.5656921 0.031721804
vt 1.5573186 0.031721804
vt 1.5784992 0.022742108
vt 1.5724503 0.033443015
vt 1.5784992 0.033375233
vt 1.5755244 0.036016185
vt 1.5784992 0.042348966
vt 1.4571213 0.016594753
vt 1.4571213 0.005524382
vt 1.4979899 0.005524382
vt 1.4979899 0.016594753
vt 1.6644404 0.094824865
vt 1.6644404 0.13575178
vt 1.6490271 0.13575199
vt 1.6490271 0.094824865
vt 1.6403347 0.094824865
vt 1.6403347 0.13575199
vt 1.6353126 0.094824865
vt 1.6353126 0.13575199
vt 1.6265363 0.094824865
vt 1.6265363 0.13575199
vt 1.6172357 0.094824865
vt 1.6172357 0.13575199
vt 1.522357 0.01767375
vt 1.5193118 0.023902912
vt 1.522357 0.03695609
vt 1.5163566 0.02646752
vt 1.5098019 0.02823152
vt 1.497622 0.03695609
vt 1.497622 0.02823152
vt 1.4477144 0.023601007
vt 1.4546978 0.030892503
vt 1.4477144 0.030892503
vt 1.4654968 0.023601007
vt 1.4603672 0.032350767
vt 1.4629269 0.034596648
vt 1.4654968 0.040060055
vt 1.5440907 0.13593197
vt 1.555124 0.13592888
vt 1.555124 0.09785659
vt 1.5551122 0.09535954
vt 1.5440907 0.09536264
vt 1.524904 0.09552836
vt 1.535135 0.13594198
vt 1.535135 0.095509835
vt 1.524904 0.13596249
vt 1.5161942 0.13598211
vt 1.5161942 0.09554799
vt 1.5111408 0.13599513
vt 1.5111408 0.09556123
vt 1.5023859 0.13600287
vt 1.5023859 0.095568955
vt 1.4930716 0.13600704
vt 1.4930716 0.095573366
vt 1.5539546 0.016427264
vt 1.5539548 0.005392297
vt 1.5949534 0.005392297
vt 1.5949532 0.016427264
vt 1.7169621 0.20951094
vt 1.6761839 0.1952053
vt 1.7169645 0.1952053
vt 1.6761813 0.20951094
vt 1.6761785 0.21917789
vt 1.7169585 0.21917789
vt 1.6761761 0.22482544
vt 1.7169566 0.22482544
vt 1.6761742 0.2346186
vt 1.7169547 0.2346186
vt 1.6761732 0.24496192
vt 1.7169536 0.24496192
vt 1.4263655 0.4869254
vt 1.4263655 0.5115051
vt 1.4224817 0.49486458
vt 1.4187205 0.498047
vt 1.4103758 0.5003812
vt 1.397359 0.5115051
vt 1.397359 0.5003812
vt 1.3986442 0.49469224
vt 1.4023474 0.4867668
vt 1.3986442 0.4701118
vt 1.4061424 0.4835706
vt 1.414512 0.48123643
vt 1.4254477 0.4701118
vt 1.4254477 0.48123643
vt 1.4711875 0.042361822
vt 1.4711875 0.023075882
vt 1.4741058 0.03613773
vt 1.4770851 0.033597864
vt 1.4836599 0.031802442
vt 1.4922396 0.023075882
vt 1.4922396 0.031802442
vt 1.599413 0.14527483
vt 1.6104261 0.14527483
vt 1.6104261 0.18591656
vt 1.599413 0.18591656
vt 1.590847 0.14531882
vt 1.590847 0.1860084
vt 1.5800805 0.1860084
vt 1.5800805 0.14531882
vt 1.5714412 0.14531882
vt 1.5714412 0.18600819
vt 1.566484 0.14531882
vt 1.566484 0.18600819
vt 1.5577852 0.14531882
vt 1.5577852 0.18600819
vt 1.548482 0.14531882
vt 1.548482 0.18600819
vt 1.9721196 0.9403724
vt 1.9609365 0.9595132
vt 1.9609365 0.9403724
vt 1.9721196 0.9719417
vt 1.9609365 0.9719417
vt 1.4489486 0.016986135
vt 1.4102404 0.016986135
vt 1.4102404 0.004885558
vt 1.4489486 0.004885558
vt 1.9590094 0.7487352
vt 1.9590094 0.7798971
vt 1.9623778 0.7798971
vt 1.9623778 0.7487352
vt 1.5057629 0.0067257355
vt 1.5057629 0.010513373
vt 1.5465302 0.010513373
vt 1.5465302 0.0067257355
vt 1.2144327 0.46508753
vt 1.217253 0.46508753
vt 1.217253 0.51287293
vt 1.2144203 0.51287293
vt 1.6955929 0.91027385
vt 1.7231116 0.91027385
vt 1.7231116 0.90725714
vt 1.6955929 0.90725714
vt 1.4319391 0.030800067
vt 1.4425285 0.023499522
vt 1.4425285 0.030800067
vt 1.4211559 0.023499522
vt 1.4262891 0.03225874
vt 1.4237297 0.0345055
vt 1.4211559 0.039971024
vt 1.221023 0.1742492
vt 1.2128047 0.1831119
vt 1.2128047 0.1742492
vt 1.2337344 0.1831119
vt 1.2277412 0.17207813
vt 1.2307972 0.16945961
vt 1.2337344 0.16310479
vt 1.2339784 0.12142764
vt 1.2308407 0.11503805
vt 1.2339784 0.10137049
vt 1.2278372 0.11236047
vt 1.2211492 0.110261075
vt 1.2280929 0.10137049
vt 1.21087 0.10137049
vt 1.21087 0.110261075
vt 1.7146759 0.54851675
vt 1.7112303 0.5781685
vt 1.7112303 0.54851675
vt 1.7146759 0.5781685
vt 1.7350373 0.58417153
vt 1.7350329 0.578174
vt 1.6908705 0.58417153
vt 1.690871 0.5781685
vt 1.891849 0.15976027
vt 1.8906772 0.16524196
vt 1.8906772 0.15706432
vt 1.9011409 0.15976027
vt 1.9138596 0.15706432
vt 1.9138596 0.17724094
vt 1.9011409 0.1651172
vt 1.7329733 0.5687542
vt 1.7329733 0.57266015
vt 1.735079 0.57263607
vt 1.735079 0.54071194
vt 1.7231873 0.55373764
vt 1.7231873 0.5687542
vt 1.7231873 0.54071194
vt 1.8026972 0.51857805
vt 1.7742462 0.51857805
vt 1.8026972 0.5129652
vt 1.7475011 0.5129652
vt 1.7696747 0.5185514
vt 1.7409966 0.51653045
vt 1.7409947 0.5185514
vt 1.6291733 0.6115962
vt 1.6243718 0.605732
vt 1.6243718 0.6115962
vt 1.6419294 0.60030425
vt 1.6419294 0.6115962
vt 1.6103874 0.60030425
vt 1.6103909 0.6057232
vt 1.1475816 0.26813298
vt 1.1392117 0.26813298
vt 1.1392117 0.27437487
vt 1.1517297 0.27437487
vt 1.1475816 0.25617707
vt 1.1517297 0.23844077
vt 1.1475816 0.2524129
vt 1.1391083 0.25617707
vt 1.1391083 0.2524129
vt 1.1475816 0.24043499
vt 1.1390762 0.23844077
vt 1.4805406 0.18243752
vt 1.4925958 0.17397246
vt 1.4925958 0.18243752
vt 1.4805406 0.17397246
vt 1.5040662 0.16417585
vt 1.4967439 0.17397246
vt 1.4616127 0.16417591
vt 1.5097775 0.16417585
vt 1.5097775 0.17397246
vt 1.5097775 0.18239732
vt 1.4967439 0.18239732
vt 1.4616127 0.17397249
vt 1.4486912 0.16417591
vt 1.4486912 0.17397249
vt 1.4616127 0.18246531
vt 1.4486912 0.18246531
vt 1.5042459 0.15315956
vt 1.5108697 0.15716906
vt 1.5109813 0.14757971
vt 1.5043164 0.14757966
vt 1.4618316 0.14757966
vt 1.4617451 0.15315956
vt 1.4481668 0.14757966
vt 1.448105 0.15315956
vt 1.2871153 0.02506963
vt 1.2945474 0.02506963
vt 1.2945474 0.036823593
vt 1.2871153 0.036823593
vt 1.2454238 0.036823593
vt 1.2318536 0.02506963
vt 1.2318536 0.036823593
vt 1.5299339 0.50251204
vt 1.5184877 0.47078073
vt 1.5184877 0.5024741
vt 1.5299339 0.48107773
vt 1.5299339 0.47078073
vt 1.5473732 0.5100824
vt 1.5299339 0.5100824
vt 1.5473732 0.48107773
vt 1.5579495 0.5100824
vt 1.558044 0.48107773
vt 1.9338317 0.28827763
vt 1.9338317 0.2926038
vt 1.9722223 0.2926038
vt 1.9722223 0.28827763
vt 1.8670485 0.07087747
vt 1.8670485 0.13056074
vt 1.8610506 0.13056074
vt 1.8610506 0.07087747
vt 0.13122608 0.6481285
vt 0.12579955 0.65370953
vt 0.13122608 0.65431505
vt 0.13122608 0.66099477
vt 0.121576674 0.65607387
vt 0.121576674 0.66099477
vt 0.07843202 0.66099477
vt 0.0792184 0.65607387
vt 0.07328199 0.6531078
vt 0.121576674 0.6649735
vt 0.13122608 0.6676744
vt 0.08168082 0.6649735
vt 0.12564778 0.6678441
vt 0.13122608 0.6741675
vt 0.12953284 0.674401
vt 0.13122608 0.68035686
vt 0.07887153 0.66894114
vt 0.04957843 0.6531078
vt 0.06842666 0.64519286
vt 0.04957843 0.66099477
vt 0.04957843 0.64519274
vt 0.04957843 0.66894114
vt 0.06580908 0.6372767
vt 0.07626795 0.67686033
vt 0.04957843 0.6372767
vt 0.04957843 0.67686033
vt 0.064382315 0.6293598
vt 0.04957843 0.6293598
vt 0.04957843 0.6214414
vt 0.06579154 0.6214414
vt 0.04957848 0.6135222
vt 0.06839098 0.6135223
vt 0.04957848 0.60560185
vt 0.07554256 0.6847785
vt 0.04957843 0.6847785
vt 0.04957843 0.6926961
vt 0.076285385 0.6926961
vt 0.04957843 0.7006123
vt 0.07322855 0.60560197
vt 0.04957848 0.59780324
vt 0.078906275 0.7006123
vt 0.07826287 0.59780324
vt 0.07915758 0.60256326
vt 0.12163133 0.6025634
vt 0.12163133 0.59780335
vt 0.04957843 0.7084937
vt 0.13122608 0.59780335
vt 0.12163133 0.5936553
vt 0.1259241 0.6048799
vt 0.13122608 0.6045487
vt 0.13122608 0.6108363
vt 0.13122608 0.5913508
vt 0.12526938 0.5907647
vt 0.13122608 0.58505374
vt 0.12957668 0.5847324
vt 0.13122608 0.5790995
vt 0.07850061 0.7084937
vt 0.081725374 0.7044956
vt 0.07335136 0.716452
vt 0.04957843 0.716452
vt 0.068513684 0.72437227
vt 0.04957843 0.72437227
vt 0.06591407 0.7322913
vt 0.04957843 0.7322913
vt 0.0792826 0.7134154
vt 0.06450464 0.7402098
vt 0.04957843 0.7402098
vt 0.04957843 0.74812657
vt 0.06593139 0.74812657
vt 0.04957843 0.756043
vt 0.06854876 0.756043
vt 0.04957843 0.763958
vt 0.121631004 0.71339256
vt 0.07340386 0.763958
vt 0.07855091 0.77184564
vt 0.07934029 0.766925
vt 0.04957843 0.77184564
vt 0.12169839 0.766925
vt 0.121631004 0.7084937
vt 0.12591153 0.71559536
vt 0.121631004 0.7044956
vt 0.13122602 0.7152052
vt 0.13122602 0.7214264
vt 0.13122602 0.7084937
vt 0.13122602 0.7018079
vt 0.1253382 0.7012791
vt 0.13122608 0.6953125
vt 0.12956627 0.69502604
vt 0.13122608 0.689124
vt 0.07899291 0.77979153
vt 0.04957837 0.77979153
vt 0.076389335 0.7877106
vt 0.04957837 0.7877106
vt 0.07566349 0.79562867
vt 0.04957837 0.79562867
vt 0.04957837 0.8035463
vt 0.07640643 0.8035463
vt 0.04957837 0.8114625
vt 0.079026826 0.8114625
vt 0.04957837 0.8193597
vt 0.078507744 0.8193597
vt 0.08184178 0.815355
vt 0.12173442 0.8193597
vt 0.12173442 0.815355
vt 0.08180247 0.7758245
vt 0.12169839 0.77184564
vt 0.12169839 0.7758245
vt 0.13122602 0.77184564
vt 0.12584321 0.76456875
vt 0.13122602 0.7651663
vt 0.13122602 0.7589801
vt 0.13122602 0.77852565
vt 0.1256833 0.7786887
vt 0.13122602 0.78501916
vt 0.12954614 0.7852518
vt 0.13122602 0.79120964
vt 0.07490615 0.6354201
vt 0.07490615 0.6218666
vt 0.07402767 0.6286439
vt 0.077273 0.61440563
vt 0.077273 0.6428779
vt 0.07961037 0.6100855
vt 0.07961037 0.64719266
vt 0.11911021 0.64719266
vt 0.11911021 0.6100855
vt 0.12259226 0.6133899
vt 0.12259226 0.64388186
vt 0.12626527 0.6208105
vt 0.12626527 0.63644874
vt 0.1274091 0.628626
vt 0.24568579 0.7675158
vt 0.24978122 0.8192029
vt 0.24978122 0.7675158
vt 0.24568579 0.8192029
vt 0.23314078 0.7675158
vt 0.23314078 0.8192029
vt 0.22904685 0.7675158
vt 0.22904685 0.8192029
vt 0.22744127 0.793359
vt 0.22573039 0.7866593
vt 0.2257234 0.80005926
vt 0.2249852 0.7675158
vt 0.22145058 0.7813089
vt 0.21529733 0.7783431
vt 0.22497042 0.8192029
vt 0.19807962 0.7675158
vt 0.22143511 0.8054081
vt 0.2152687 0.80837077
vt 0.20844233 0.80837065
vt 0.20847315 0.7783405
vt 0.20231338 0.7813071
vt 0.19806108 0.78664064
vt 0.19807078 0.8192029
vt 0.20229387 0.805408
vt 0.19804864 0.8000768
vt 0.19397561 0.7675158
vt 0.19397561 0.8192029
vt 0.1963308 0.79335886
vt 0.19034411 0.7675158
vt 0.19034411 0.8192029
vt 0.17779316 0.7675158
vt 0.17779316 0.8192029
vt 0.17416145 0.7675158
vt 0.17416145 0.8192029
vt 0.1720105 0.79335886
vt 0.17165115 0.7898761
vt 0.1716522 0.7968419
vt 0.17051956 0.7675158
vt 0.17051956 0.8192029
vt 0.17042276 0.7865933
vt 0.16866902 0.7836935
vt 0.16626935 0.78126353
vt 0.17042431 0.800125
vt 0.16867048 0.8030246
vt 0.16627057 0.80545473
vt 0.1629219 0.7675158
vt 0.16337146 0.7794382
vt 0.1601311 0.77830464
vt 0.15671724 0.7675158
vt 0.15671724 0.77792037
vt 0.1629219 0.8192029
vt 0.1633725 0.8072801
vt 0.16013165 0.8084133
vt 0.15671724 0.8192029
vt 0.15671724 0.8087981
vt 0.15051214 0.7675158
vt 0.15330398 0.7783045
vt 0.15006499 0.7794381
vt 0.15051214 0.8192029
vt 0.15330338 0.80841357
vt 0.1500641 0.80728024
vt 0.143595 0.7675158
vt 0.143595 0.8192029
vt 0.14716956 0.78126407
vt 0.1447733 0.7836958
vt 0.14297853 0.786621
vt 0.1471683 0.80545443
vt 0.14477186 0.80302274
vt 0.14297736 0.80009735
vt 0.13995269 0.7675158
vt 0.14172624 0.7898804
vt 0.14136136 0.79335886
vt 0.13995269 0.8192029
vt 0.14172548 0.79683757
vt 1.2589937 0.8019574
vt 1.2589937 0.7855896
vt 1.2572552 0.79376006
vt 1.2628329 0.77783567
vt 1.2628329 0.809751
vt 1.2695072 0.7708981
vt 1.2695072 0.81676036
vt 1.2760533 0.76863223
vt 1.2760533 0.8191094
vt 1.2928771 0.80781984
vt 1.2948852 0.81168294
vt 1.298644 0.81405175
vt 1.2928771 0.77999467
vt 1.2947677 0.77630794
vt 1.2984598 0.77454984
vt 1.3201704 0.8191094
vt 1.3201562 0.76863223
vt 1.3115776 0.81405175
vt 1.3152577 0.8123931
vt 1.3113639 0.77454984
vt 1.3150448 0.776678
vt 1.3169265 0.80862856
vt 1.3169265 0.7804971
vt 1.3228531 0.77292746
vt 1.3257467 0.7813651
vt 1.3169265 0.7877294
vt 1.3257467 0.7880842
vt 1.3169265 0.79422534
vt 1.3257467 0.7941488
vt 1.3169265 0.80071235
vt 1.3257467 0.8002375
vt 1.3230044 0.8155279
vt 1.3257467 0.8070193
vt 0.12639552 0.73261195
vt 0.12639552 0.7482501
vt 0.1275396 0.7404235
vt 0.12272186 0.75569254
vt 0.12272186 0.7252005
vt 0.119238935 0.7589998
vt 0.119238935 0.72190815
vt 0.07975127 0.72190815
vt 0.07975127 0.7589998
vt 0.07741238 0.754694
vt 0.07741238 0.72622174
vt 0.07504452 0.7472373
vt 0.07504452 0.7336838
vt 0.074165665 0.74046177
vt 0.11057233 0.5793283
vt 0.114359856 0.58891934
vt 0.114359856 0.5793283
vt 0.11057233 0.58891934
vt 0.10678176 0.5793283
vt 0.10678176 0.58891934
vt 0.10296682 0.5793283
vt 0.10296682 0.58891934
vt 0.09916888 0.58891934
vt 0.09916888 0.5793283
vt 0.095381595 0.5793283
vt 0.095381595 0.58891934
vt 0.09159273 0.58891934
vt 0.09159273 0.5793283
vt 0.08780544 0.5793283
vt 0.08780544 0.58891934
vt 0.084018186 0.5793283
vt 0.084018186 0.58891934
vt 0.0802309 0.58891934
vt 0.0802309 0.5793283
vt 0.076443635 0.5793283
vt 0.076443635 0.58891934
vt 0.07265635 0.5793283
vt 0.07265635 0.58891934
vt 0.06886907 0.5793283
vt 0.06886907 0.58891934
vt 0.06509444 0.5793283
vt 0.06509444 0.58891934
vt 0.06126686 0.5793283
vt 0.06126686 0.58891934
vt 0.057476077 0.58891934
vt 0.057476077 0.5793283
vt 0.053685367 0.58891934
vt 0.053685367 0.5793283
vt 0.049857795 0.58891934
vt 0.049857795 0.5793283
vt 0.04608303 0.58891934
vt 0.04608303 0.5793283
vt 0.042295754 0.58891934
vt 0.042295754 0.5793283
vt 0.038507123 0.5793283
vt 0.038507123 0.58891934
vt 0.034719728 0.58891934
vt 0.034719728 0.5793283
vt 0.03093257 0.58891934
vt 0.03093257 0.5793283
vt 0.027143698 0.5793283
vt 0.027143698 0.58891934
vt 0.023356425 0.58891934
vt 0.023356425 0.5793283
vt 0.01956902 0.5793283
vt 0.01956902 0.58891934
vt 0.015781874 0.58891934
vt 0.015781874 0.5793283
vt 0.01198386 0.58891934
vt 0.01198386 0.5793283
vt 0.008175856 0.58891934
vt 0.008175856 0.5793283
vt 0.09033691 0.80914664
vt 0.096759595 0.8106191
vt 0.08522216 0.8050617
vt 0.08237212 0.7991451
vt 0.08237193 0.7925769
vt 0.08522133 0.78665924
vt 0.090356275 0.7825641
vt 0.096759595 0.7811028
vt 0.10316305 0.7825641
vt 0.10829798 0.7866592
vt 0.11114738 0.7925768
vt 0.11114717 0.7991451
vt 0.10829714 0.8050617
vt 0.10318245 0.80914664
vt 0.16942298 0.6705757
vt 0.1399319 0.66378367
vt 0.16942298 0.66378343
vt 0.1399319 0.6705757
vt 0.16942298 0.677322
vt 0.1399319 0.677322
vt 0.16942298 0.6840884
vt 0.1399319 0.6840884
vt 0.16942298 0.6908535
vt 0.1399319 0.6908535
vt 0.1399319 0.69761723
vt 0.16942298 0.6976171
vt 0.1399319 0.7043806
vt 0.16942298 0.70438033
vt 0.1399319 0.71114427
vt 0.16942298 0.71114403
vt 0.16942298 0.71790886
vt 0.1399319 0.7179085
vt 0.16942298 0.7246743
vt 0.1399319 0.7246741
vt 0.16942298 0.7314416
vt 0.1399319 0.7314416
vt 0.1399319 0.7382105
vt 0.16942298 0.7382105
vt 0.1399319 0.74498034
vt 0.16942298 0.7449806
vt 0.1399319 0.75172853
vt 0.16942298 0.751729
vt 0.16942298 0.7585225
vt 0.1399319 0.7585217
vt 0.25899372 0.8019574
vt 0.25725517 0.79376006
vt 0.25899372 0.7855896
vt 0.26283285 0.77783567
vt 0.26283285 0.809751
vt 0.2695072 0.7708981
vt 0.2695072 0.81676036
vt 0.27605328 0.76863223
vt 0.27605328 0.8191094
vt 0.29287708 0.77999467
vt 0.2947677 0.77630794
vt 0.29845974 0.77454984
vt 0.29287708 0.80781984
vt 0.2948851 0.81168294
vt 0.29864395 0.81405175
vt 0.32015625 0.76863223
vt 0.3201704 0.8191094
vt 0.31136397 0.77454984
vt 0.31504476 0.776678
vt 0.31157756 0.81405175
vt 0.3152577 0.8123931
vt 0.3169265 0.7804971
vt 0.32285306 0.77292746
vt 0.32574666 0.7813651
vt 0.3169265 0.7877294
vt 0.32574666 0.7880842
vt 0.3169265 0.79422534
vt 0.32574666 0.7941488
vt 0.3169265 0.80071235
vt 0.32574666 0.8002375
vt 0.3169265 0.80862856
vt 0.3230044 0.8155279
vt 0.32574666 0.8070193
vt 0.04031104 0.5975538
vt 0.0358749 0.5975538
vt 0.0358749 0.6052845
vt 0.04031104 0.6052845
vt 0.0358749 0.6132638
vt 0.04031104 0.6132638
vt 0.035874836 0.6212457
vt 0.040310975 0.6212457
vt 0.035874836 0.6292138
vt 0.040310975 0.6292138
vt 0.035874836 0.63716453
vt 0.040310975 0.63716453
vt 0.035874836 0.6451025
vt 0.040310975 0.6451025
vt 0.035874836 0.65303487
vt 0.040310975 0.65303487
vt 0.035874836 0.6609673
vt 0.040310975 0.6609673
vt 0.035874836 0.66890174
vt 0.040310975 0.66890174
vt 0.035874836 0.6768379
vt 0.040310975 0.6768379
vt 0.035874836 0.684775
vt 0.040310975 0.684775
vt 0.035874836 0.6927121
vt 0.040310975 0.6927121
vt 0.035874836 0.7006497
vt 0.040310975 0.7006497
vt 0.035874836 0.708587
vt 0.040310975 0.708587
vt 0.035874836 0.7165244
vt 0.040310975 0.7165244
vt 0.035874836 0.7244618
vt 0.040310975 0.7244618
vt 0.035874836 0.73239845
vt 0.040310975 0.73239845
vt 0.035874836 0.7403352
vt 0.040310975 0.7403352
vt 0.035874836 0.74827266
vt 0.040310975 0.74827266
vt 0.035874836 0.75621146
vt 0.040310975 0.75621146
vt 0.035874836 0.7641517
vt 0.040310975 0.7641517
vt 0.035874836 0.7720917
vt 0.040310975 0.7720917
vt 0.035874836 0.78002536
vt 0.040310975 0.78002536
vt 0.035874836 0.78794575
vt 0.040310975 0.78794575
vt 0.035874836 0.79584736
vt 0.040310975 0.79584736
vt 0.035874836 0.80373263
vt 0.040310975 0.80373263
vt 0.035874836 0.8116753
vt 0.040310975 0.8116753
vt 0.035874836 0.8196818
vt 0.040310975 0.8196818
vt 0.02609953 0.59810877
vt 0.0077672647 0.59810877
vt 0.0077672647 0.6068584
vt 0.02609953 0.6068584
vt 0.0077672647 0.6153886
vt 0.02609953 0.6153886
vt 0.0077672647 0.62327135
vt 0.02609953 0.62327135
vt 0.0077672647 0.6301118
vt 0.02609953 0.6301118
vt 0.0077672647 0.636952
vt 0.02609953 0.636952
vt 0.0077672647 0.6448347
vt 0.02609953 0.6448347
vt 0.0077672647 0.65336454
vt 0.02609953 0.65336454
vt 0.0077672647 0.6621137
vt 0.02609953 0.6621137
vt 0.0077672647 0.67064375
vt 0.02609953 0.67064375
vt 0.0077672647 0.6785264
vt 0.02609953 0.6785264
vt 0.0077672647 0.6853668
vt 0.02609953 0.6853668
vt 0.0077672647 0.69282186
vt 0.02609953 0.69282186
vt 0.0077672647 0.7007047
vt 0.02609953 0.7007047
vt 0.0077672647 0.70923465
vt 0.02609953 0.70923465
vt 0.0077672647 0.717984
vt 0.02609953 0.717984
vt 0.0077672647 0.72651386
vt 0.02609953 0.72651386
vt 0.0077672647 0.7343965
vt 0.02609953 0.7343965
vt 0.0077672647 0.74123687
vt 0.02609953 0.74123687
vt 0.0077672647 0.7480775
vt 0.02609953 0.7480775
vt 0.0077672647 0.7559603
vt 0.02609953 0.7559603
vt 0.0077672647 0.7644898
vt 0.02609953 0.7644898
vt 0.0077672647 0.773239
vt 0.02609953 0.773239
vt 0.0077672647 0.781769
vt 0.02609953 0.781769
vt 0.0077672647 0.78965163
vt 0.02609953 0.78965163
vt 0.0077672647 0.7964919
vt 0.02609953 0.7964919
vt 0.0077672647 0.8033327
vt 0.02609953 0.8033327
vt 0.0077672647 0.8112153
vt 0.02609953 0.8112153
vt 0.0077672647 0.8198184
vt 0.02609953 0.8198184
vt 1.2384971 0.75376374
vt 1.3024387 0.7609684
vt 1.2376853 0.7609684
vt 1.301627 0.75376374
vt 1.2408916 0.7469205
vt 1.2992322 0.7469205
vt 1.244749 0.7407817
vt 1.2953751 0.7407817
vt 1.2498755 0.73565525
vt 1.2902486 0.73565525
vt 1.2560141 0.73179793
vt 1.2841098 0.73179793
vt 1.2628576 0.7294035
vt 1.2772665 0.7294035
vt 1.270062 0.7285917
vt 0.23768537 0.7609681
vt 0.3024387 0.7609682
vt 0.301627 0.7537635
vt 0.23849717 0.7537635
vt 0.2992323 0.7469203
vt 0.24089159 0.7469203
vt 0.2953751 0.7407815
vt 0.24474898 0.7407815
vt 0.2902487 0.735655
vt 0.2498756 0.735655
vt 0.28410977 0.7317976
vt 0.2560141 0.7317976
vt 0.2772665 0.7294031
vt 0.26285756 0.7294031
vt 0.27006197 0.7285913
vt 0.33188298 0.39107543
vt 0.3337939 0.38135794
vt 0.33188298 0.37164003
vt 0.32644024 0.36340186
vt 0.32644024 0.39931357
vt 0.3182951 0.4048182
vt 0.31829497 0.3578974
vt 0.30868724 0.4067512
vt 0.30868712 0.35596427
vt 0.2990788 0.4048182
vt 0.2990788 0.3578974
vt 0.290934 0.39931357
vt 0.29093388 0.36340186
vt 0.28549114 0.37164003
vt 0.28549123 0.39107543
vt 0.2835799 0.38135794
vt 0.63162196 0.7103335
vt 0.63661015 0.6970925
vt 0.63162196 0.6970925
vt 0.63661015 0.7103335
vt 0.63162196 0.7235744
vt 0.63661015 0.7235744
vt 0.63162196 0.7368154
vt 0.63661015 0.7368154
vt 0.63162196 0.75005645
vt 0.63661015 0.75005645
vt 0.63162196 0.76329744
vt 0.63661015 0.76329744
vt 0.63162196 0.77653867
vt 0.63661015 0.77653867
vt 0.63162196 0.7897796
vt 0.63661015 0.7897796
vt 0.63162196 0.80302066
vt 0.63661015 0.80302066
vt 0.63162196 0.8162616
vt 0.63661015 0.8162616
vt 0.63162196 0.8295026
vt 0.63661015 0.8295026
vt 0.63162196 0.8427436
vt 0.63661015 0.8427436
vt 0.63162196 0.8559846
vt 0.63661015 0.8559846
vt 0.63162196 0.86922556
vt 0.63661015 0.86922556
vt 0.63162196 0.88246655
vt 0.63661015 0.88246655
vt 0.63162196 0.89570767
vt 0.63661015 0.89570767
vt 0.63162196 0.9089488
vt 0.63661015 0.9089488
vt 0.007763556 0.31835297
vt 0.053010214 0.30323687
vt 0.007763556 0.30323535
vt 0.053010214 0.31835258
vt 0.007763586 0.3334711
vt 0.053010266 0.33347067
vt 0.0077633653 0.34858814
vt 0.053010266 0.34858662
vt 0.0077631446 0.36228585
vt 0.053010266 0.36228678
vt 0.0077631446 0.37740377
vt 0.053010266 0.37740353
vt 0.0077631446 0.39252073
vt 0.053010266 0.3925192
vt 0.0074690497 0.57030374
vt 0.05236125 0.57030195
vt 0.05236125 0.55559355
vt 0.0074690497 0.55559355
vt 0.05236125 0.5408848
vt 0.0074690497 0.540883
vt 0.007856836 0.5309735
vt 0.052747715 0.530972
vt 0.085460246 0.5159759
vt 0.007856836 0.5159754
vt 0.085460246 0.5009773
vt 0.007856836 0.5009755
vt 0.085460246 0.48597786
vt 0.007857056 0.48597607
vt 0.085460685 0.4709771
vt 0.007857056 0.47097662
vt 0.085460685 0.4559781
vt 0.007857056 0.45597762
vt 0.05274816 0.4409813
vt 0.007857056 0.44097954
vt 0.007892572 0.43136638
vt 0.052784774 0.4313646
vt 0.052784774 0.41665635
vt 0.007892572 0.41665635
vt 0.052784774 0.40194762
vt 0.007892572 0.40194586
vt 1.0839016 0.38577765
vt 1.2655455 0.39035967
vt 1.0839016 0.39035967
vt 1.2655455 0.38577765
vt 1.0839016 0.3811953
vt 1.2655455 0.38119546
vt 1.0839012 0.37661403
vt 1.2655456 0.37661406
vt 1.2206087 0.37203315
vt 1.2655461 0.37203372
vt 1.1207563 0.37203312
vt 1.2256647 0.36745352
vt 1.0839007 0.3720337
vt 1.2655466 0.36745352
vt 1.1156995 0.3674535
vt 1.2277242 0.36287487
vt 1.0838994 0.3674535
vt 1.2655474 0.36287487
vt 1.1136402 0.36287484
vt 1.0838985 0.36287484
vt 1.2285597 0.35829568
vt 1.2655474 0.35829568
vt 1.265547 0.35371697
vt 1.2277242 0.35371697
vt 1.2655466 0.34913802
vt 1.2256645 0.34913802
vt 1.2655461 0.34455797
vt 1.2206087 0.34455827
vt 1.1128042 0.35829565
vt 1.0838985 0.35829565
vt 1.0838985 0.35371694
vt 1.1136402 0.35371694
vt 1.0838994 0.349138
vt 1.1156995 0.349138
vt 1.0839007 0.34455788
vt 1.2655455 0.33997735
vt 1.1207559 0.34455824
vt 1.0839012 0.33997726
vt 1.2655452 0.333105
vt 1.0839016 0.33310494
vt 1.2655452 0.32623166
vt 1.0839016 0.3262316
vt 1.2623019 0.4045172
vt 1.2634723 0.40865213
vt 1.2623019 0.4127856
vt 1.2591908 0.41629124
vt 1.2591908 0.40101245
vt 1.2530475 0.41863313
vt 1.2530475 0.3986706
vt 1.1532083 0.3986706
vt 1.1532083 0.41863313
vt 1.1470644 0.41629124
vt 1.1470641 0.40101245
vt 1.1439528 0.4127856
vt 1.1439528 0.4045172
vt 1.1427829 0.40865213
vt 0.2655455 0.39035967
vt 0.08390163 0.38577765
vt 0.08390163 0.39035967
vt 0.2655455 0.38577765
vt 0.08390163 0.3811953
vt 0.2655455 0.38119546
vt 0.08390118 0.37661403
vt 0.26554567 0.37661406
vt 0.1207563 0.37203312
vt 0.08390074 0.3720337
vt 0.22060868 0.37203315
vt 0.11569958 0.3674535
vt 0.26554608 0.37203372
vt 0.08389942 0.3674535
vt 0.22566475 0.36745352
vt 0.11364018 0.36287484
vt 0.26554656 0.36745352
vt 0.083898544 0.36287484
vt 0.22772415 0.36287487
vt 0.2655474 0.36287487
vt 0.11280417 0.35829565
vt 0.083898544 0.35829565
vt 0.083898544 0.35371694
vt 0.11364018 0.35371694
vt 0.08389942 0.349138
vt 0.11569958 0.349138
vt 0.08390074 0.34455788
vt 0.12075585 0.34455824
vt 0.22855972 0.35829568
vt 0.2655474 0.35829568
vt 0.26554704 0.35371697
vt 0.22772415 0.35371697
vt 0.26554656 0.34913802
vt 0.22566453 0.34913802
vt 0.26554608 0.34455797
vt 0.08390118 0.33997726
vt 0.22060868 0.34455827
vt 0.2655455 0.33997735
vt 0.26554525 0.333105
vt 0.08390163 0.33310494
vt 0.26554525 0.32623166
vt 0.08390163 0.3262316
vt 0.2623019 0.4045172
vt 0.2623019 0.4127856
vt 0.26347238 0.40865213
vt 0.25919074 0.41629124
vt 0.25919074 0.40101245
vt 0.25304744 0.41863313
vt 0.25304744 0.3986706
vt 0.15320827 0.3986706
vt 0.15320827 0.41863313
vt 0.1470645 0.41629124
vt 0.14706406 0.40101245
vt 0.14395289 0.4127856
vt 0.14395289 0.4045172
vt 0.14278293 0.40865213
vt 1.217973 0.36221805
vt 1.1821251 0.35461605
vt 1.217973 0.35461605
vt 1.1821251 0.36221805
vt 1.1774619 0.36221805
vt 1.1774619 0.35461605
vt 1.1507846 0.35461605
vt 1.1507846 0.36221805
vt 1.1461211 0.35461605
vt 1.1461211 0.36221805
vt 1.1254808 0.35461605
vt 1.1254808 0.36221805
vt 1.1217314 0.36221805
vt 1.1217314 0.35461605
vt 1.5466939 0.33472723
vt 1.5507159 0.32570425
vt 1.5507159 0.33472723
vt 1.524065 0.32570425
vt 1.5240655 0.3495278
vt 1.5466943 0.3495278
vt 1.5442135 0.35201743
vt 1.526546 0.35201743
vt 1.626857 0.043574594
vt 1.6326776 0.057344392
vt 1.626857 0.057344392
vt 1.6654283 0.043574594
vt 1.6326776 0.07993085
vt 1.6654283 0.07993085
vt 1.6362677 0.0837302
vt 1.6618383 0.0837302
vt 0.21797302 0.36221805
vt 0.21797302 0.35461605
vt 0.1821251 0.35461605
vt 0.1821251 0.36221805
vt 0.17746189 0.36221805
vt 0.17746189 0.35461605
vt 0.15078464 0.35461605
vt 0.15078464 0.36221805
vt 0.14612119 0.35461605
vt 0.14612119 0.36221805
vt 0.12548076 0.35461605
vt 0.12548076 0.36221805
vt 0.12173138 0.36221805
vt 0.12173138 0.35461605
vt 0.5466939 0.33472723
vt 0.5507159 0.33472723
vt 0.5507159 0.32570425
vt 0.5240651 0.32570425
vt 0.52406543 0.3495278
vt 0.5466943 0.3495278
vt 0.54421353 0.35201743
vt 0.526546 0.35201743
vt 0.6268571 0.043574594
vt 0.6268571 0.057344392
vt 0.63267756 0.057344392
vt 0.6654283 0.043574594
vt 0.63267756 0.07993085
vt 0.6654283 0.07993085
vt 0.6362676 0.0837302
vt 0.66183823 0.0837302
vt 0.9858903 0.8124087
vt 0.9940018 0.8123874
vt 0.9940018 0.7974222
vt 0.9858903 0.7974418
vt 0.9940018 0.78353447
vt 0.9858903 0.783546
vt 0.9858903 0.77147186
vt 0.9940018 0.77147293
vt 0.9858903 0.76111263
vt 0.9940018 0.7611274
vt 0.9940018 0.7463616
vt 0.9858903 0.7463391
vt 0.9940018 0.73140407
vt 0.9858903 0.73137957
vt 0.31018737 0.32650337
vt 0.31823236 0.33509874
vt 0.31823236 0.32722268
vt 0.27177092 0.33509874
vt 0.27177092 0.32015204
vt 0.30176646 0.32015204
vt 0.11087872 0.19553931
vt 0.1264865 0.203742
vt 0.11087872 0.203742
vt 0.1264865 0.19553931
vt 0.110878736 0.18578063
vt 0.14218505 0.203742
vt 0.1264865 0.18578063
vt 0.14218505 0.19553931
vt 0.15634008 0.203742
vt 0.14218505 0.18578063
vt 0.15634008 0.19553931
vt 0.17176796 0.203742
vt 0.15634008 0.18578063
vt 0.17176796 0.19553931
vt 0.18954645 0.203742
vt 0.17176796 0.18578063
vt 0.18954645 0.19553931
vt 0.2072905 0.203742
vt 0.18954645 0.18578063
vt 0.2072905 0.19553931
vt 0.2072905 0.18578063
vt 0.19130486 0.3069403
vt 0.20629618 0.3069403
vt 0.20629618 0.21227796
vt 0.19130486 0.21227796
vt 0.32581577 0.34106833
vt 0.32581577 0.33293924
vt 0.33386928 0.34106833
vt 0.36916053 0.33293924
vt 0.34198496 0.34712398
vt 0.36916053 0.34712398
vt 0.31044567 0.18833536
vt 0.21579908 0.18833534
vt 0.21579908 0.20530078
vt 0.31044567 0.2053008
vt 1.9858904 0.8124087
vt 1.9940019 0.7974222
vt 1.9940019 0.8123874
vt 1.9858904 0.7974418
vt 1.9940019 0.78353447
vt 1.9858904 0.783546
vt 1.9858904 0.77147186
vt 1.9940019 0.77147293
vt 1.9858904 0.76111263
vt 1.9940019 0.7611274
vt 1.9940019 0.7463616
vt 1.9858904 0.7463391
vt 1.9940019 0.73140407
vt 1.9858904 0.73137957
vt 1.3101873 0.32650337
vt 1.3182323 0.32722268
vt 1.3182323 0.33509874
vt 1.271771 0.33509874
vt 1.271771 0.32015204
vt 1.3017664 0.32015204
vt 1.1108787 0.19553931
vt 1.1108787 0.203742
vt 1.1264865 0.203742
vt 1.1264865 0.19553931
vt 1.1108787 0.18578063
vt 1.1421851 0.203742
vt 1.1264865 0.18578063
vt 1.1421851 0.19553931
vt 1.1563401 0.203742
vt 1.1421851 0.18578063
vt 1.1563401 0.19553931
vt 1.171768 0.203742
vt 1.1563401 0.18578063
vt 1.171768 0.19553931
vt 1.1895465 0.203742
vt 1.171768 0.18578063
vt 1.1895465 0.19553931
vt 1.2072905 0.203742
vt 1.1895465 0.18578063
vt 1.2072905 0.19553931
vt 1.2072905 0.18578063
vt 1.1913049 0.3069403
vt 1.1913049 0.21227796
vt 1.2062962 0.21227796
vt 1.2062962 0.3069403
vt 1.3258158 0.34106833
vt 1.3338692 0.34106833
vt 1.3258158 0.33293924
vt 1.3691605 0.33293924
vt 1.341985 0.34712398
vt 1.3691605 0.34712398
vt 1.200926 0.45389223
vt 1.2167457 0.45389223
vt 1.2167457 0.42722988
vt 1.1326754 0.42722988
vt 1.1836199 0.4592852
vt 1.1724042 0.46761557
vt 1.1633091 0.48035026
vt 1.1326754 0.512013
vt 1.1583792 0.4965262
vt 1.1583792 0.512013
vt 1.3104457 0.18833536
vt 1.3104457 0.2053008
vt 1.2157991 0.20530078
vt 1.2157991 0.18833534
vt 0.6435194 0.9088233
vt 0.647771 0.9024379
vt 0.647771 0.9088233
vt 0.6435194 0.9024379
vt 0.647771 0.8960048
vt 0.6435194 0.8960048
vt 0.647771 0.88967234
vt 0.6435194 0.88967234
vt 0.647771 0.88329417
vt 0.6435194 0.88329417
vt 0.647771 0.8769032
vt 0.6435194 0.8769032
vt 0.647771 0.87053907
vt 0.6435194 0.87053907
vt 0.647771 0.8641568
vt 0.6435194 0.8641568
vt 0.647771 0.8577592
vt 0.6435194 0.8577592
vt 0.647771 0.8513473
vt 0.6435194 0.8513473
vt 0.647771 0.8449147
vt 0.6435194 0.8449147
vt 0.647771 0.8384994
vt 0.6435194 0.8384994
vt 0.647771 0.8320521
vt 0.6435194 0.8320521
vt 0.647771 0.8255357
vt 0.6435194 0.8255357
vt 0.647771 0.8190206
vt 0.6435194 0.8190206
vt 0.647771 0.8125334
vt 0.6435194 0.8125334
vt 0.647771 0.8060672
vt 0.6435194 0.8060672
vt 0.40664127 0.115355186
vt 0.40025118 0.111865744
vt 0.40025118 0.115355186
vt 0.40664127 0.111865744
vt 0.41174427 0.115355186
vt 0.41174427 0.111865744
vt 0.4168468 0.115355186
vt 0.4168468 0.111865744
vt 0.42195046 0.115355186
vt 0.42195046 0.111865744
vt 0.4270536 0.115355186
vt 0.4270536 0.111865744
vt 0.43215594 0.115355186
vt 0.43215594 0.111865744
vt 0.4372581 0.115355186
vt 0.4372581 0.111865744
vt 0.44236064 0.115355186
vt 0.44236064 0.111865744
vt 0.44746324 0.115355186
vt 0.44746324 0.111865744
vt 0.45256552 0.115355186
vt 0.45256552 0.111865744
vt 0.45766675 0.115355186
vt 0.45766675 0.111865744
vt 0.4627678 0.115355186
vt 0.4627678 0.111865744
vt 0.46786827 0.115355186
vt 0.46786827 0.111865744
vt 0.4729691 0.115355186
vt 0.4729691 0.111865744
vt 0.47807008 0.115355186
vt 0.47807008 0.111865744
vt 0.4827421 0.115355186
vt 0.4827421 0.111865744
vt 0.583558 0.9534087
vt 0.57922506 0.9513832
vt 0.57922506 0.9534087
vt 0.583558 0.9513832
vt 0.5878929 0.9534087
vt 0.5878929 0.9513832
vt 0.59222275 0.9534087
vt 0.59222275 0.9513832
vt 0.59653896 0.9534087
vt 0.59653896 0.9513832
vt 0.6008434 0.9534087
vt 0.6008434 0.9513832
vt 0.6051402 0.9534087
vt 0.6051402 0.9513832
vt 0.609525 0.9534087
vt 0.609525 0.9513832
vt 0.6139549 0.9534087
vt 0.6139549 0.9513832
vt 0.61830676 0.9534087
vt 0.61830676 0.9513832
vt 0.6226204 0.9534087
vt 0.6226204 0.9513832
vt 0.626931 0.9534087
vt 0.626931 0.9513832
vt 0.6312785 0.9534087
vt 0.6312785 0.9513832
vt 0.6356274 0.9534087
vt 0.6356274 0.9513832
vt 0.63994634 0.9534087
vt 0.63994634 0.9513832
vt 0.64426696 0.9534087
vt 0.64426696 0.9513832
vt 0.6485891 0.9534087
vt 0.6485891 0.9513832
vt 0.21755356 0.79973435
vt 0.21117777 0.80180466
vt 0.21457101 0.8014058
vt 0.20789023 0.8008691
vt 0.2196727 0.79704577
vt 0.20521027 0.79874146
vt 0.22060515 0.7937475
vt 0.20354603 0.7957474
vt 0.22020885 0.7903418
vt 0.2031499 0.79234266
vt 0.21854404 0.78734726
vt 0.21586408 0.7852198
vt 0.20408237 0.7890451
vt 0.20620084 0.7863561
vt 0.21257666 0.78428435
vt 0.20918311 0.7846837
vt 1.1868997 0.6644167
vt 1.2012333 0.66441536
vt 1.1940662 0.6629855
vt 1.1808248 0.6684913
vt 1.2073095 0.6684893
vt 1.2113698 0.67458683
vt 1.1767652 0.6745876
vt 1.17534 0.6817796
vt 1.2127954 0.6817796
vt 1.1767652 0.68897194
vt 1.2113698 0.68897265
vt 1.1808244 0.6950694
vt 1.2073095 0.695071
vt 1.1868997 0.69914377
vt 1.2012333 0.6991451
vt 1.1940662 0.70057577
vt 0.9864715 0.63818365
vt 0.9934011 0.63818365
vt 0.9934011 0.63098615
vt 0.9864715 0.63098615
vt 0.9934011 0.62376463
vt 0.9864715 0.62376463
vt 0.9934011 0.6165948
vt 0.9864715 0.6165948
vt 0.9934011 0.6093569
vt 0.9864715 0.6093569
vt 0.9934011 0.60212773
vt 0.9864715 0.60212773
vt 0.9934011 0.59492207
vt 0.9864715 0.59492207
vt 0.9934011 0.58775043
vt 0.9864715 0.58775043
vt 0.9934011 0.5806192
vt 0.9864715 0.5806192
vt 0.9934011 0.57351977
vt 0.9864715 0.57351977
vt 0.9934011 0.56643414
vt 0.9864715 0.56643414
vt 0.9934011 0.5593473
vt 0.9864715 0.5593473
vt 0.9934011 0.55225164
vt 0.9864715 0.55225164
vt 0.9934011 0.54514194
vt 0.9864715 0.54514194
vt 0.9934011 0.5380157
vt 0.9864715 0.5380157
vt 0.9934011 0.5308689
vt 0.9864715 0.5308689
vt 0.9934011 0.5237102
vt 0.9864715 0.5237102
vt 0.9935862 0.7187553
vt 0.9865346 0.7239632
vt 0.9935862 0.7239632
vt 0.9865346 0.7187553
vt 0.9935862 0.71390134
vt 0.9865346 0.71390134
vt 0.9935862 0.70904654
vt 0.9865346 0.70904654
vt 0.9935862 0.7041922
vt 0.9865346 0.7041922
vt 0.9935862 0.6993386
vt 0.9865346 0.6993386
vt 0.9935862 0.6944856
vt 0.9865346 0.6944856
vt 0.9935862 0.68963313
vt 0.9865346 0.68963313
vt 0.9935862 0.6847793
vt 0.9865346 0.6847793
vt 0.9935862 0.67992646
vt 0.9865346 0.67992646
vt 0.9935862 0.6750748
vt 0.9865346 0.6750748
vt 0.9935862 0.6702232
vt 0.9865346 0.6702232
vt 0.9935862 0.66537017
vt 0.9865346 0.66537017
vt 0.9935862 0.66051745
vt 0.9865346 0.66051745
vt 0.9935862 0.6556645
vt 0.9865346 0.6556645
vt 0.9935862 0.65081173
vt 0.9865346 0.65081173
vt 0.9935862 0.64702463
vt 0.9865346 0.64702463
vt 0.5653959 0.95117223
vt 0.56990576 0.9532969
vt 0.56990576 0.95117223
vt 0.5653959 0.9532969
vt 0.56088686 0.95117223
vt 0.56088686 0.9532969
vt 0.5564567 0.95117223
vt 0.5564567 0.9532969
vt 0.55202854 0.95117223
vt 0.55202854 0.9532969
vt 0.54752433 0.95117223
vt 0.54752433 0.9532969
vt 0.5430181 0.95117223
vt 0.5430181 0.9532969
vt 0.5385098 0.95117223
vt 0.5385098 0.9532969
vt 0.5339985 0.95117223
vt 0.5339985 0.9532969
vt 0.52948576 0.95117223
vt 0.52948576 0.9532969
vt 0.5249731 0.95117223
vt 0.5249731 0.9532969
vt 0.5204588 0.95117223
vt 0.5204588 0.9532969
vt 0.5159418 0.95117223
vt 0.5159418 0.9532969
vt 0.5114296 0.95117223
vt 0.5114296 0.9532969
vt 0.5068323 0.95117223
vt 0.5068323 0.9532969
vt 0.5022365 0.95117223
vt 0.5022365 0.9532969
vt 0.49772066 0.95117223
vt 0.49772066 0.9532969
vt 0.15362746 0.7856618
vt 0.15995638 0.7856602
vt 0.15679163 0.78502935
vt 0.16263953 0.7874606
vt 0.15094517 0.7874596
vt 0.16443144 0.790155
vt 0.14915223 0.7901503
vt 0.16505949 0.7933333
vt 0.14852175 0.79332376
vt 0.16442785 0.7965114
vt 0.14914855 0.7964975
vt 0.15093853 0.79919
vt 0.16263257 0.79920423
vt 0.15994732 0.80100065
vt 0.15361857 0.80099094
vt 0.15678191 0.8016276
vt 0.20123237 0.69914526
vt 0.18689899 0.6991429
vt 0.19406556 0.7005744
vt 0.20730898 0.6950724
vt 0.18082424 0.695068
vt 0.21136992 0.6889734
vt 0.17676511 0.6889713
vt 0.21279535 0.6817795
vt 0.17534004 0.6817795
vt 0.21136992 0.67458594
vt 0.17676511 0.6745885
vt 0.18082424 0.66849166
vt 0.20730898 0.66848797
vt 0.20123237 0.66441405
vt 0.18689899 0.66441727
vt 0.19406556 0.6629855
vt 0.9583893 0.21683043
vt 0.951198 0.19289309
vt 0.9583893 0.19289309
vt 0.95119786 0.21116796
vt 0.94510245 0.21681434
vt 0.9451096 0.21116796
vt 0.95119786 0.21116796
vt 0.9583893 0.19289309
vt 0.951198 0.19289309
vt 0.9583893 0.21677464
vt 0.9451369 0.21686643
vt 0.94509757 0.21116796
vt 0.8899374 0.029648248
vt 0.88993496 0.0072862534
vt 0.87155265 0.007287684
vt 0.87155485 0.029649917
vt 0.31713253 0.16292712
vt 0.34226745 0.16628882
vt 0.35067314 0.16292712
vt 0.3254972 0.16618627
vt 0.33387643 0.16727188
vt 0.99415684 0.4747604
vt 0.98410666 0.4747619
vt 0.98410666 0.4844126
vt 0.98410666 0.49406362
vt 0.9941604 0.5133635
vt 0.98410666 0.5037143
vt 0.98410666 0.5133642
vt 0.085211396 0.67833585
vt 0.090837486 0.6713791
vt 0.085211396 0.6713791
vt 0.090837486 0.67833585
vt 0.085211396 0.684994
vt 0.090837486 0.684994
vt 0.085211396 0.69187343
vt 0.090837486 0.69187343
vt 0.085211396 0.698968
vt 0.090837486 0.698968
vt 0.8616968 0.13964672
vt 0.8609014 0.14416261
vt 0.8616968 0.14828137
vt 0.8641406 0.15146512
vt 0.8641406 0.13673706
vt 0.8676195 0.13548908
vt 0.8676195 0.15276363
vt 0.8709496 0.1351622
vt 0.8709492 0.15309061
vt 0.91522205 0.1351622
vt 0.91522205 0.15309061
vt 0.91855204 0.15276363
vt 0.91855204 0.13548908
vt 0.9220314 0.15146467
vt 0.9220314 0.13673694
vt 0.9244749 0.13964672
vt 0.9244749 0.14828137
vt 0.92527026 0.14416261
vt 0.6727123 0.18513899
vt 0.71714175 0.18514062
vt 0.71714175 0.18071105
vt 0.67271256 0.18070947
vt 0.7171421 0.17579703
vt 0.67271256 0.17579527
vt 0.67271304 0.17049424
vt 0.7171421 0.17049603
vt 0.71714246 0.16496105
vt 0.67271304 0.16495939
vt 0.7171427 0.15891148
vt 0.6727134 0.15890978
vt 0.6727134 0.15389003
vt 0.71714294 0.1538917
vt 0.7171432 0.14900051
vt 0.67271364 0.14899887
vt 0.6727139 0.1445693
vt 0.7171432 0.14457093
vt 0.67271614 0.08595982
vt 0.71714544 0.08596148
vt 0.71714556 0.08153188
vt 0.67271614 0.081530236
vt 0.6727166 0.076639034
vt 0.7171458 0.076640695
vt 0.71714604 0.07162091
vt 0.6727166 0.07161926
vt 0.672717 0.06556968
vt 0.7171463 0.06557132
vt 0.672717 0.060034737
vt 0.7171464 0.060036376
vt 0.71714664 0.054735474
vt 0.6727172 0.05473382
vt 0.67271745 0.049819596
vt 0.71714664 0.04982125
vt 0.67271745 0.045390107
vt 0.7171471 0.04539176
vt 0.93200934 0.14853282
vt 0.93200934 0.13996227
vt 0.9312079 0.14405055
vt 0.9344709 0.15142141
vt 0.9344709 0.13680227
vt 0.93797594 0.1355134
vt 0.93797594 0.1526601
vt 0.94133115 0.15298483
vt 0.941331 0.13518865
vt 0.98593265 0.13518865
vt 0.98593265 0.15298483
vt 0.9892876 0.1355134
vt 0.9892876 0.1526601
vt 0.9927925 0.15142141
vt 0.9927925 0.13680227
vt 0.99525446 0.13996227
vt 0.99525446 0.14853282
vt 0.99605566 0.14405055
vt 0.20092595 0.45389223
vt 0.21674576 0.42722988
vt 0.21674576 0.45389223
vt 0.13267535 0.42722988
vt 0.18361989 0.4592852
vt 0.17240418 0.46761557
vt 0.16330907 0.48035026
vt 0.13267538 0.512013
vt 0.15837917 0.4965262
vt 0.15837917 0.512013
vt 1.8628564 0.0190742
vt 1.8653638 0.01668918
vt 1.8653638 0.06440526
vt 1.8607686 0.06440526
vt 1.8607686 0.023170827
vt 1.8528749 0.06440526
vt 1.8528749 0.044172645
vt 0.8528749 0.06440526
vt 0.86076856 0.023170827
vt 0.8528749 0.044172645
vt 0.86076856 0.06440526
vt 0.86536384 0.06440526
vt 0.8628563 0.0190742
vt 0.86536384 0.01668918
vt 0.21335396 0.047234938
vt 0.21025693 0.047234938
vt 0.21025693 0.06547249
vt 0.21335396 0.06547249
vt 0.21761593 0.047234938
vt 0.21761593 0.06547249
vt 0.23958787 0.047234938
vt 0.23958787 0.06547249
vt 0.26034462 0.047234938
vt 0.26034462 0.06547249
vt 0.5658152 0.6948088
vt 0.56158316 0.6886529
vt 0.56158316 0.6948088
vt 0.5658152 0.6886529
vt 0.5700474 0.6948088
vt 0.5700474 0.6886529
vt 0.57427907 0.6948088
vt 0.57427907 0.6886529
vt 0.5785113 0.6948088
vt 0.5785113 0.6886529
vt 0.582743 0.6948088
vt 0.582743 0.6886529
vt 0.58697575 0.6948088
vt 0.58697575 0.6886529
vt 0.5912069 0.6948088
vt 0.5912069 0.6886529
vt 0.5954387 0.6948088
vt 0.5954387 0.6886529
vt 0.5996709 0.6948088
vt 0.5996709 0.6886529
vt 0.60390246 0.6948088
vt 0.60390246 0.6886529
vt 0.6081342 0.6948088
vt 0.6081342 0.6886529
vt 0.61236644 0.6948088
vt 0.61236644 0.6886529
vt 0.6165982 0.6948088
vt 0.6165982 0.6886529
vt 0.62082994 0.6948088
vt 0.62082994 0.6886529
vt 0.62506074 0.6948088
vt 0.62506074 0.6886529
vt 0.6292933 0.6948088
vt 0.6292933 0.6886529
vt 0.6262506 0.32590932
vt 0.6345519 0.32590932
vt 0.63040125 0.32508078
vt 0.6227319 0.32826912
vt 0.63807064 0.32826912
vt 0.6203807 0.33180076
vt 0.6404216 0.33180076
vt 0.61955506 0.33596498
vt 0.6412473 0.33596498
vt 0.6404216 0.34013006
vt 0.6203807 0.34013006
vt 0.6227319 0.34366167
vt 0.63807064 0.34366167
vt 0.6262506 0.34602016
vt 0.6345519 0.34602016
vt 0.63040125 0.34684914
vt 0.08255303 0.09764382
vt 0.09931824 0.09763788
vt 0.09931737 0.07664533
vt 0.082552575 0.076640695
vt 0.07876865 0.09764934
vt 0.07876865 0.07663518
vt 0.07380127 0.07663518
vt 0.07380127 0.09764934
vt 0.0700363 0.07663518
vt 0.0700363 0.09764934
vt 0.0428896 0.07663518
vt 0.0428896 0.09764934
vt 0.03825002 0.07663518
vt 0.03825002 0.09764934
vt 0.032134913 0.07663518
vt 0.032134913 0.09764934
vt 0.027482325 0.09764934
vt 0.027482325 0.07663518
vt 0.009815989 0.09764934
vt 0.009815989 0.07663518
vt 0.19270141 0.09672837
vt 0.19705051 0.09672837
vt 0.19705051 0.075731635
vt 0.19270141 0.075731635
vt 0.1889184 0.09672837
vt 0.1889184 0.075731635
vt 0.18394281 0.09672837
vt 0.18394281 0.075731635
vt 0.18015954 0.075731635
vt 0.18015954 0.09672837
vt 0.16287947 0.075731635
vt 0.16287947 0.09672837
vt 0.20533124 0.09648279
vt 0.23703566 0.09648279
vt 0.23703589 0.0754907
vt 0.20533147 0.07549048
vt 0.009114736 0.06759792
vt 0.030735279 0.046602283
vt 0.009114736 0.046602283
vt 0.030735279 0.06759792
vt 0.038730882 0.06759792
vt 0.038730882 0.046602283
vt 0.043988775 0.046602283
vt 0.043988775 0.06759792
vt 0.049246673 0.046602283
vt 0.049246673 0.06759792
vt 0.05724182 0.06759792
vt 0.05724182 0.046602283
vt 0.11025495 0.04660206
vt 0.11025517 0.06759747
vt 0.13173124 0.096986026
vt 0.15476726 0.096986026
vt 0.15476726 0.07599215
vt 0.13173124 0.07599215
vt 0.12506449 0.096986026
vt 0.12506449 0.07599215
vt 0.116296805 0.07599215
vt 0.116296805 0.096986026
vt 0.10962847 0.096986026
vt 0.10962847 0.07599215
vt 0.12085095 0.045962535
vt 0.12085095 0.06695486
vt 0.19905365 0.06695486
vt 0.19905365 0.045962535
vt 0.27664295 0.096239425
vt 0.27664295 0.0752471
vt 0.24493861 0.0752471
vt 0.24493861 0.096239425
vt 0.89688426 0.0067831227
vt 0.8968917 0.040018126
vt 0.91439104 0.039997965
vt 0.91818327 0.04100413
vt 0.952971 0.044705983
vt 0.9218358 0.04462824
vt 0.9566481 0.041060746
vt 0.9519355 0.04847591
vt 0.9785276 0.006854854
vt 0.96046257 0.040056407
vt 0.9785276 0.04008348
vt 0.92284054 0.048400927
vt 0.9519105 0.05295238
vt 0.9228152 0.07681586
vt 0.9332984 0.08734045
vt 0.9240707 0.08153075
vt 0.9285986 0.08607735
vt 0.95171356 0.08729213
vt 0.9744492 0.052891392
vt 0.9924185 0.070935704
vt 0.9825114 0.055043556
vt 0.95167917 0.111380905
vt 0.990289 0.06283441
vt 0.9877579 0.057747707
vt 0.96666074 0.12645288
vt 0.9924185 0.12647717
vt 0.9534667 0.1181221
vt 0.9599311 0.124631286
vt 1.8968842 0.0067831227
vt 1.914391 0.039997965
vt 1.8968917 0.040018126
vt 1.9181833 0.04100413
vt 1.952971 0.044705983
vt 1.9218358 0.04462824
vt 1.9566481 0.041060746
vt 1.9519355 0.04847591
vt 1.9785275 0.006854854
vt 1.9604626 0.040056407
vt 1.9785275 0.04008348
vt 1.9228406 0.048400927
vt 1.9519105 0.05295238
vt 1.9228152 0.07681586
vt 1.9332983 0.08734045
vt 1.9240707 0.08153075
vt 1.9285986 0.08607735
vt 1.9517136 0.08729213
vt 1.9744492 0.052891392
vt 1.9924185 0.070935704
vt 1.9516792 0.111380905
vt 1.990289 0.06283441
vt 1.9825114 0.055043556
vt 1.9877579 0.057747707
vt 1.9666607 0.12645288
vt 1.9924185 0.12647717
vt 1.9534667 0.1181221
vt 1.9599311 0.124631286
vt 0.4629049 0.5805574
vt 0.4629049 0.6847541
vt 0.49206695 0.6847541
vt 0.49206695 0.5805574
vt 0.48202696 0.21423389
vt 0.48202696 0.20166922
vt 0.3793775 0.20166922
vt 0.3793775 0.21423389
vt 0.37938562 0.22417656
vt 0.37938562 0.23674099
vt 0.4820355 0.23674078
vt 0.4820355 0.22417632
vt 0.31410342 0.0942138
vt 0.31410342 0.08131041
vt 0.2853745 0.08131041
vt 0.2853745 0.0942138
vt 0.318062 0.17680901
vt 0.318062 0.1897122
vt 0.34679076 0.1897122
vt 0.34679076 0.17680901
vt 1.492067 0.6847541
vt 1.4629049 0.6847541
vt 1.4629049 0.5805574
vt 1.492067 0.5805574
vt 1.3793775 0.20166922
vt 1.4820269 0.20166922
vt 1.4820269 0.21423389
vt 1.3793775 0.21423389
vt 1.4820355 0.23674078
vt 1.3793856 0.23674099
vt 1.3793856 0.22417656
vt 1.4820355 0.22417632
vt 1.2853745 0.08131041
vt 1.3141034 0.08131041
vt 1.3141034 0.0942138
vt 1.2853745 0.0942138
vt 1.3467908 0.1897122
vt 1.3180621 0.1897122
vt 1.3180621 0.17680901
vt 1.3467908 0.17680901
vt 0.99057555 0.39079273
vt 0.990574 0.38740814
vt 0.9849156 0.38740814
vt 0.98491716 0.39079273
vt 0.99288464 0.39154196
vt 0.9826123 0.39154196
vt 0.9807257 0.39325804
vt 0.9947765 0.39325804
vt 0.9807257 0.40822443
vt 0.9947765 0.40822443
vt 0.9947765 0.41659132
vt 0.9807257 0.41659132
vt 0.9947765 0.42390195
vt 0.9807257 0.42390195
vt 0.9947765 0.4292356
vt 0.9807257 0.4292356
vt 0.9947765 0.43900254
vt 0.9807257 0.43900254
vt 0.9947765 0.46675453
vt 0.9807257 0.46675453
vt 0.90105915 0.12296274
vt 0.875965 0.13066678
vt 0.875965 0.11889938
vt 0.876947 0.115041524
vt 0.8791152 0.11202642
vt 0.8820307 0.11004538
vt 0.8855304 0.10922536
vt 0.90105915 0.10922536
vt 0.91021216 0.12176561
vt 0.9179163 0.10510185
vt 0.9190005 0.108232886
vt 0.9179163 0.0938568
vt 0.92219675 0.1107259
vt 0.9152474 0.122032836
vt 0.9290915 0.11358983
vt 0.92205054 0.123261556
vt 0.93503815 0.11736743
vt 0.92965686 0.1254528
vt 0.90105915 0.09199988
vt 0.9454046 0.12715073
vt 0.94273126 0.1309161
vt 0.94438624 0.13164027
vt 0.94663894 0.12834969
vt 0.9450818 0.1319549
vt 0.9471926 0.12887442
vt 0.9179163 0.08738888
vt 0.9161487 0.08324505
vt 0.91270965 0.080344975
vt 0.9083489 0.07931203
vt 0.8911395 0.07931203
vt 0.872813 0.09199988
vt 0.8911395 0.05491356
vt 0.872813 0.05491356
vt 1.8911391 0.07931614
vt 1.8911391 0.05491356
vt 1.872813 0.05491356
vt 1.872813 0.092003666
vt 1.9010571 0.092003666
vt 1.9083475 0.07931614
vt 1.9127073 0.080349006
vt 1.9161475 0.08324939
vt 1.9179146 0.08739278
vt 1.9179146 0.09386057
vt 1.9010571 0.10922927
vt 1.9179146 0.105105855
vt 1.9102116 0.12176941
vt 1.918999 0.108236976
vt 1.915246 0.12203671
vt 1.9221954 0.11072967
vt 1.9220495 0.12326513
vt 1.9290903 0.11359364
vt 1.9296556 0.12545685
vt 1.9350363 0.11737134
vt 1.9010571 0.122966275
vt 1.9427285 0.13091975
vt 1.9454032 0.12715453
vt 1.946637 0.12835307
vt 1.9443841 0.13164404
vt 1.947191 0.12887797
vt 1.9450791 0.13195832
vt 1.8855287 0.10922927
vt 1.8820293 0.11004904
vt 1.8791134 0.11203029
vt 1.8769459 0.11504533
vt 1.8759634 0.118903175
vt 1.8759634 0.13067032
vt 0.94439894 0.107232764
vt 0.94439894 0.09129474
vt 0.9263546 0.09129474
vt 0.9263546 0.107232764
vt 0.89111656 0.035744954
vt 0.8811445 0.04755454
vt 0.89111656 0.047554184
vt 0.8811445 0.035745192
vt 0.87885344 0.04755478
vt 0.87885344 0.03574555
vt 0.8766124 0.03574555
vt 0.8766124 0.04755478
vt 0.87425435 0.04755478
vt 0.87425435 0.03574555
vt 0.87172574 0.04755478
vt 0.87172574 0.03574555
vt 0.7040873 0.54516655
vt 0.68982625 0.54516655
vt 0.68982625 0.56998605
vt 0.7040877 0.56998605
vt 0.9153345 0.07162737
vt 0.9153345 0.048059296
vt 0.89736706 0.048058677
vt 0.89736706 0.07162601
vt 0.994895 0.2878488
vt 0.9808357 0.28784776
vt 0.9808357 0.30592644
vt 0.994895 0.30592644
vt 0.994895 0.31062758
vt 0.9808357 0.31062758
vt 0.994895 0.31532425
vt 0.9808357 0.31531924
vt 0.994895 0.31999743
vt 0.9808357 0.31998295
vt 0.9808357 0.32667053
vt 0.994895 0.32668898
vt 0.994895 0.33833557
vt 0.9808357 0.33831975
vt 0.994895 0.34174266
vt 0.9808357 0.34173685
vt 0.994895 0.34594914
vt 0.9808357 0.34594914
vt 0.994895 0.3537502
vt 0.9808357 0.3537502
vt 0.994895 0.36110353
vt 0.9808357 0.36110353
vt 0.994895 0.37598294
vt 0.9808357 0.37598294
vt 0.99261105 0.37777162
vt 0.98299164 0.37777162
vt 0.98514426 0.37856525
vt 0.990458 0.37856525
vt 0.7374638 0.62471557
vt 0.7411797 0.62471557
vt 0.7411797 0.6019024
vt 0.73248255 0.61134857
vt 0.73248255 0.6019024
vt 0.71746117 0.62471557
vt 0.7214485 0.61134857
vt 0.71207374 0.62471557
vt 0.71568435 0.61134857
vt 0.7080619 0.62471557
vt 0.71107745 0.61134857
vt 0.70475477 0.62471557
vt 0.70711774 0.61134857
vt 0.7013042 0.62471557
vt 0.70307475 0.61134857
vt 0.69309276 0.61134857
vt 0.69309276 0.62132794
vt 0.6885546 0.62471557
vt 0.6885546 0.62132794
vt 0.544191 0.23952068
vt 0.49227056 0.22219463
vt 0.49227038 0.23951969
vt 0.5441912 0.22219554
vt 0.4922632 0.21929997
vt 0.5441986 0.21930103
vt 0.518438 0.19822085
vt 0.5441908 0.20194994
vt 0.49227038 0.2019459
vt 0.54347193 0.19694194
vt 0.49299046 0.19694972
vt 0.54188484 0.19329886
vt 0.5120728 0.18985514
vt 0.52480507 0.18985699
vt 0.53943306 0.19092646
vt 0.53611535 0.18985198
vt 0.49457827 0.1932955
vt 0.500348 0.18984994
vt 0.49703008 0.19092453
vt 1.7324826 0.61134857
vt 1.7324826 0.6019024
vt 1.7411797 0.6019024
vt 1.7411797 0.62471557
vt 1.7374637 0.62471557
vt 1.7214484 0.61134857
vt 1.7174611 0.62471557
vt 1.7156844 0.61134857
vt 1.7120738 0.62471557
vt 1.7110775 0.61134857
vt 1.7080619 0.62471557
vt 1.7071178 0.61134857
vt 1.7047548 0.62471557
vt 1.7030747 0.61134857
vt 1.7013042 0.62471557
vt 1.6930928 0.61134857
vt 1.6930928 0.62132794
vt 1.6885545 0.62471557
vt 1.6885545 0.62132794
vt 0.8633922 0.20589893
vt 0.8633922 0.21536209
vt 0.91531914 0.21536209
vt 0.91531914 0.20589893
vt 0.8891486 0.19416769
vt 0.88405895 0.19299416
vt 0.8633922 0.19604756
vt 0.87942135 0.18927817
vt 0.864102 0.1910391
vt 0.87876785 0.18387316
vt 0.8656826 0.18734358
vt 0.87144995 0.1838745
vt 0.8681325 0.18495448
vt 0.89423764 0.19299437
vt 0.91531914 0.19604756
vt 0.9146091 0.19103996
vt 0.89887536 0.18927817
vt 0.91302836 0.18734382
vt 0.8995285 0.18387361
vt 0.9105786 0.1849554
vt 0.90726125 0.18387578
vt 0.25705716 0.4297708
vt 0.26669517 0.42433763
vt 0.25705716 0.42433763
vt 0.26669517 0.4297708
vt 0.25705716 0.43474698
vt 0.26669517 0.43474698
vt 0.26669517 0.4398571
vt 0.25705716 0.4398571
vt 0.26669517 0.44459862
vt 0.25705716 0.44459862
vt 0.26669517 0.4497029
vt 0.25705716 0.4497029
vt 0.26669517 0.4546784
vt 0.25705716 0.4546784
vt 0.2053861 0.6056567
vt 0.21124709 0.6004067
vt 0.20795992 0.5978295
vt 0.19666635 0.6053471
vt 0.19006313 0.6019078
vt 0.20846342 0.58999807
vt 0.19097926 0.595585
vt 0.20159158 0.5871338
vt 0.19287781 0.5875673
vt 0.18748496 0.5932967
vt 0.20890354 0.74077404
vt 0.20890354 0.7256581
vt 0.2043481 0.7256581
vt 0.2043481 0.74077404
vt 0.1290371 0.81517434
vt 0.13359252 0.81517434
vt 0.13359252 0.8000585
vt 0.1290371 0.8000585
vt 0.9925894 0.8256183
vt 0.9855077 0.8256183
vt 0.9855077 0.8348023
vt 0.9925894 0.8348022
vt 0.9855077 0.84308714
vt 0.99258965 0.84308714
vt 0.9855077 0.84966207
vt 0.9925894 0.8496622
vt 0.9855073 0.857947
vt 0.9925893 0.8579471
vt 0.9855071 0.8671307
vt 0.99258906 0.86713094
vt 0.98550683 0.8763147
vt 0.9925888 0.87631494
vt 0.98550683 0.88459975
vt 0.99258864 0.88459986
vt 0.9855067 0.8911747
vt 0.9925884 0.8911748
vt 0.9855065 0.8994595
vt 0.9925884 0.8994597
vt 0.9855065 0.9086434
vt 0.99258816 0.9086434
vt 0.9855063 0.9178272
vt 0.99258816 0.9178274
vt 0.9855063 0.92611223
vt 0.99258816 0.92611223
vt 0.9855063 0.93268716
vt 0.99258816 0.93268716
vt 0.9855063 0.94097203
vt 0.99258816 0.94097203
vt 0.9855063 0.95015603
vt 0.99258816 0.95015603
vt 0.9855063 0.9593398
vt 0.99258816 0.9593398
vt 0.9855063 0.9676248
vt 0.99258816 0.9676248
vt 0.9855063 0.97419983
vt 0.99258816 0.9741997
vt 0.9855063 0.98248476
vt 0.99258816 0.98248464
vt 0.9855065 0.99166876
vt 0.9925884 0.99166864
vt 0.9553054 0.62058324
vt 0.95985955 0.62058324
vt 0.95985955 0.61358786
vt 0.9553054 0.61358786
vt 0.95985955 0.60638094
vt 0.9553054 0.60638094
vt 0.95985955 0.5991342
vt 0.9553054 0.5991342
vt 0.95985955 0.5918786
vt 0.9553054 0.5918786
vt 0.95985955 0.58462393
vt 0.9553054 0.58462393
vt 0.95985955 0.5773748
vt 0.9553054 0.5773748
vt 0.95985955 0.5701257
vt 0.9553054 0.5701257
vt 0.95985955 0.5628766
vt 0.9553054 0.5628766
vt 0.95985955 0.5556273
vt 0.9553054 0.5556273
vt 0.95985955 0.5483729
vt 0.9553054 0.5483729
vt 0.95985955 0.54111713
vt 0.9553054 0.54111713
vt 0.95985955 0.53387076
vt 0.9553054 0.53387076
vt 0.95985955 0.52666354
vt 0.9553054 0.52666354
vt 0.95985955 0.51966816
vt 0.9553054 0.51966816
vt 0.93406063 0.62034196
vt 0.946341 0.6203418
vt 0.946341 0.6131617
vt 0.93406063 0.6131619
vt 0.946341 0.6074635
vt 0.9340604 0.6074637
vt 0.94634074 0.60028356
vt 0.9340604 0.6002837
vt 0.94634074 0.5923243
vt 0.9340604 0.5923243
vt 0.9463405 0.5843651
vt 0.9340604 0.5843651
vt 0.9463405 0.5771849
vt 0.9340599 0.5771849
vt 0.9463405 0.57148683
vt 0.9340599 0.57148683
vt 0.9463405 0.5643067
vt 0.9340599 0.5643067
vt 0.9463405 0.5563475
vt 0.9340599 0.5563475
vt 0.9463405 0.54838824
vt 0.9340599 0.54838824
vt 0.9463405 0.5412082
vt 0.9340599 0.5412082
vt 0.9463405 0.5355099
vt 0.9340599 0.53551006
vt 0.9463405 0.5283299
vt 0.9340599 0.5283299
vt 0.9463405 0.52037054
vt 0.9340599 0.52037066
vt 0.7362718 0.90012366
vt 0.75782245 0.90549695
vt 0.73353404 0.90549695
vt 0.74053615 0.89585936
vt 0.74590963 0.8931215
vt 0.7518661 0.8921781
vt 0.75782245 0.8931215
vt 1.9855077 0.8348023
vt 1.9855077 0.8256183
vt 1.9925895 0.8256183
vt 1.9925895 0.8348022
vt 1.9855077 0.84308714
vt 1.9925897 0.84308714
vt 1.9855077 0.84966207
vt 1.9925895 0.8496622
vt 1.9855072 0.857947
vt 1.9925892 0.8579471
vt 1.985507 0.8671307
vt 1.992589 0.86713094
vt 1.9855068 0.8763147
vt 1.9925888 0.87631494
vt 1.9855068 0.88459975
vt 1.9925886 0.88459986
vt 1.9855068 0.8911747
vt 1.9925884 0.8911748
vt 1.9855065 0.8994595
vt 1.9925884 0.8994597
vt 1.9855065 0.9086434
vt 1.9925882 0.9086434
vt 1.9855063 0.9178272
vt 1.9925882 0.9178274
vt 1.9855063 0.92611223
vt 1.9925882 0.92611223
vt 1.9855063 0.93268716
vt 1.9925882 0.93268716
vt 1.9855063 0.94097203
vt 1.9925882 0.94097203
vt 1.9855063 0.95015603
vt 1.9925882 0.95015603
vt 1.9855063 0.9593398
vt 1.9925882 0.9593398
vt 1.9855063 0.9676248
vt 1.9925882 0.9676248
vt 1.9855063 0.9741997
vt 1.9925882 0.9741997
vt 1.9855063 0.98248476
vt 1.9925882 0.98248464
vt 1.9855065 0.99166876
vt 1.9925884 0.99166864
vt 1.9598596 0.61358786
vt 1.9598596 0.62058324
vt 1.9553053 0.62058324
vt 1.9553053 0.61358786
vt 1.9598596 0.60638094
vt 1.9553053 0.60638094
vt 1.9598596 0.5991342
vt 1.9553053 0.5991342
vt 1.9598596 0.5918786
vt 1.9553053 0.5918786
vt 1.9598596 0.58462393
vt 1.9553053 0.58462393
vt 1.9598596 0.5773748
vt 1.9553053 0.5773748
vt 1.9598596 0.5701257
vt 1.9553053 0.5701257
vt 1.9598596 0.5628766
vt 1.9553053 0.5628766
vt 1.9598596 0.5556273
vt 1.9553053 0.5556273
vt 1.9598596 0.5483729
vt 1.9553053 0.5483729
vt 1.9598596 0.54111713
vt 1.9553053 0.54111713
vt 1.9598596 0.53387076
vt 1.9553053 0.53387076
vt 1.9598596 0.52666354
vt 1.9553053 0.52666354
vt 1.9598596 0.51966816
vt 1.9553053 0.51966816
vt 1.946341 0.6131617
vt 1.946341 0.6203418
vt 1.9340606 0.62034196
vt 1.9340606 0.6131619
vt 1.946341 0.6074635
vt 1.9340603 0.6074637
vt 1.9463408 0.60028356
vt 1.9340603 0.6002837
vt 1.9463408 0.5923243
vt 1.9340603 0.5923243
vt 1.9463406 0.5843651
vt 1.9340603 0.5843651
vt 1.9463406 0.5771849
vt 1.9340599 0.5771849
vt 1.9463406 0.57148683
vt 1.9340599 0.57148683
vt 1.9463406 0.5643067
vt 1.9340599 0.5643067
vt 1.9463406 0.5563475
vt 1.9340599 0.5563475
vt 1.9463406 0.54838824
vt 1.9340599 0.54838824
vt 1.9463406 0.5412082
vt 1.9340599 0.5412082
vt 1.9463406 0.5355099
vt 1.9340599 0.53551006
vt 1.9463406 0.5283299
vt 1.9340599 0.5283299
vt 1.9463406 0.52037054
vt 1.9340599 0.52037066
vt 1.7335341 0.90549695
vt 1.7578224 0.90549695
vt 1.7362719 0.90012366
vt 1.7405362 0.89585936
vt 1.7459097 0.8931215
vt 1.7518661 0.8921781
vt 1.7578224 0.8931215
vt 0.9523298 0.7337559
vt 0.93446887 0.7337559
vt 0.93447214 0.73916614
vt 0.95233333 0.73916614
vt 0.9344783 0.7495069
vt 0.95233965 0.7495069
vt 0.9344851 0.7602517
vt 0.9523464 0.7602517
vt 0.934492 0.7716461
vt 0.9523532 0.7716461
vt 0.93449897 0.78293145
vt 0.9523602 0.78293145
vt 0.96019626 0.7917572
vt 0.9532704 0.7917572
vt 0.96019626 0.79765
vt 0.9532704 0.79765
vt 0.9532704 0.80729294
vt 0.96019626 0.80729294
vt 0.9395933 0.79765
vt 0.9395933 0.7917572
vt 0.9395933 0.80729294
vt 0.9326677 0.79765
vt 0.9326677 0.7917572
vt 0.9326677 0.80729294
vt 0.9395933 0.8162466
vt 0.9326677 0.8187437
vt 0.9532704 0.8162466
vt 0.96019626 0.8187833
vt 0.9395933 0.82070553
vt 0.9326677 0.8303943
vt 0.9532704 0.82070553
vt 0.96019626 0.8303943
vt 0.9395933 0.8303943
vt 0.9326677 0.84062356
vt 0.9395933 0.84062356
vt 0.9532704 0.8303943
vt 0.96019626 0.84062356
vt 0.9532704 0.84062356
vt 0.31808907 0.19885065
vt 0.37078407 0.19885097
vt 0.37078407 0.2590082
vt 0.31808907 0.2590082
vt 0.3411005 0.9922891
vt 0.3411005 0.959518
vt 0.29655042 0.9922891
vt 0.29655042 0.959518
vt 0.256053 0.9922891
vt 0.29655042 0.9266773
vt 0.3411005 0.9266773
vt 0.256053 0.9595182
vt 0.21544962 0.9922891
vt 0.29655042 0.8938014
vt 0.3411005 0.8938014
vt 0.256053 0.9266773
vt 0.21544962 0.9595182
vt 0.17479116 0.9922891
vt 0.29655042 0.86094195
vt 0.3411005 0.86094195
vt 0.256053 0.8938014
vt 0.21544962 0.9266773
vt 0.17479116 0.9595182
vt 0.13412562 0.9922891
vt 0.29655042 0.82811403
vt 0.3411005 0.82811403
vt 0.256053 0.82811403
vt 0.256053 0.86094195
vt 0.21544962 0.82811403
vt 0.21544962 0.86094195
vt 0.17479116 0.82811403
vt 0.21544962 0.8938014
vt 0.17479116 0.86094195
vt 0.13412562 0.82811403
vt 0.17479116 0.8938014
vt 0.13412562 0.86094195
vt 0.09350553 0.82811403
vt 0.17479116 0.9266773
vt 0.09350553 0.86094195
vt 0.052976754 0.82811403
vt 0.13412562 0.8938014
vt 0.13412562 0.9266773
vt 0.09350553 0.8938014
vt 0.052976754 0.86094195
vt 0.13412562 0.9595182
vt 0.09350553 0.9922891
vt 0.007879196 0.86094195
vt 0.007879196 0.82811403
vt 0.052976754 0.8938014
vt 0.007879196 0.8938014
vt 0.09350553 0.9266773
vt 0.09350553 0.9595182
vt 0.052976754 0.9922891
vt 0.052976754 0.9266773
vt 0.007879196 0.9266773
vt 0.052976754 0.9595182
vt 0.007879196 0.9595182
vt 0.007879196 0.9922891
vt 1.9674089 0.56721234
vt 1.9760067 0.56380045
vt 1.9760067 0.56721234
vt 1.9674089 0.56380045
vt 1.9760067 0.560386
vt 1.9674089 0.560386
vt 1.9760067 0.55697125
vt 1.9674089 0.55697125
vt 1.9760067 0.553559
vt 1.9674089 0.553559
vt 1.9760067 0.5501519
vt 1.9674089 0.5501519
vt 1.9760067 0.54675055
vt 1.9674089 0.54675055
vt 1.9760067 0.54335535
vt 1.9674089 0.54335535
vt 1.9760067 0.53996575
vt 1.9674089 0.53996575
vt 1.9760067 0.5365797
vt 1.9674089 0.5365797
vt 1.9760067 0.5331935
vt 1.9674089 0.5331935
vt 1.9760067 0.5298048
vt 1.9674089 0.5298048
vt 1.9760067 0.5264117
vt 1.9674089 0.5264117
vt 1.9760067 0.5230122
vt 1.9674089 0.5230122
vt 1.9760067 0.51960576
vt 1.9674089 0.51960576
vt 1.7875708 0.95298207
vt 1.7875708 0.95120156
vt 1.7902923 0.9520918
vt 1.7833128 0.95120156
vt 1.7847321 0.95298207
vt 1.7818931 0.95298207
vt 1.7790546 0.95120156
vt 1.7790546 0.95298207
vt 1.7747965 0.95120156
vt 1.7762158 0.95298207
vt 1.7733772 0.95298207
vt 1.7705388 0.95120156
vt 1.7705388 0.95298207
vt 1.7662804 0.95120156
vt 1.7676997 0.95298207
vt 1.7648613 0.95298207
vt 1.7620225 0.95120156
vt 1.7620225 0.95298207
vt 1.7577641 0.95120156
vt 1.7591836 0.95298207
vt 1.7563448 0.95298207
vt 1.7535063 0.95120156
vt 1.7535063 0.95298207
vt 1.7503161 0.9520918
vt 1.3095874 0.14353976
vt 1.2396057 0.1459876
vt 1.2396057 0.1435402
vt 1.3095874 0.14598727
vt 1.2396057 0.14965893
vt 1.3095874 0.1496586
vt 1.2396057 0.15333027
vt 1.3095874 0.15332982
vt 1.2396058 0.15700147
vt 1.3095874 0.15700124
vt 1.2396059 0.16067268
vt 1.3095874 0.16067225
vt 1.2396059 0.16434391
vt 1.3095874 0.16434358
vt 1.2396059 0.16801524
vt 1.3095874 0.16801478
vt 1.2396059 0.17168646
vt 1.3095874 0.17168613
vt 1.2396059 0.17535765
vt 1.3095876 0.17535746
vt 1.2396059 0.17780508
vt 1.3095876 0.17780486
vt 0.96740896 0.56721234
vt 0.97600675 0.56721234
vt 0.97600675 0.56380045
vt 0.96740896 0.56380045
vt 0.97600675 0.560386
vt 0.96740896 0.560386
vt 0.97600675 0.55697125
vt 0.96740896 0.55697125
vt 0.97600675 0.553559
vt 0.96740896 0.553559
vt 0.97600675 0.5501519
vt 0.96740896 0.5501519
vt 0.97600675 0.54675055
vt 0.96740896 0.54675055
vt 0.97600675 0.54335535
vt 0.96740896 0.54335535
vt 0.97600675 0.53996575
vt 0.96740896 0.53996575
vt 0.97600675 0.5365797
vt 0.96740896 0.5365797
vt 0.97600675 0.5331935
vt 0.96740896 0.5331935
vt 0.97600675 0.5298048
vt 0.96740896 0.5298048
vt 0.97600675 0.5264117
vt 0.96740896 0.5264117
vt 0.97600675 0.5230122
vt 0.96740896 0.5230122
vt 0.97600675 0.51960576
vt 0.96740896 0.51960576
vt 0.78757083 0.95298207
vt 0.79029226 0.9520918
vt 0.78757083 0.95120156
vt 0.78331274 0.95120156
vt 0.78473216 0.95298207
vt 0.78189313 0.95298207
vt 0.77905464 0.95120156
vt 0.77905464 0.95298207
vt 0.7747965 0.95120156
vt 0.77621573 0.95298207
vt 0.7733771 0.95298207
vt 0.77053875 0.95120156
vt 0.77053875 0.95298207
vt 0.7662804 0.95120156
vt 0.7676997 0.95298207
vt 0.76486135 0.95298207
vt 0.7620225 0.95120156
vt 0.7620225 0.95298207
vt 0.7577641 0.95120156
vt 0.75918365 0.95298207
vt 0.75634485 0.95298207
vt 0.7535063 0.95120156
vt 0.7535063 0.95298207
vt 0.75031614 0.9520918
vt 0.30958736 0.14353976
vt 0.2396057 0.1435402
vt 0.2396057 0.1459876
vt 0.30958736 0.14598727
vt 0.2396057 0.14965893
vt 0.30958736 0.1496586
vt 0.2396057 0.15333027
vt 0.30958736 0.15332982
vt 0.23960581 0.15700147
vt 0.30958736 0.15700124
vt 0.23960593 0.16067268
vt 0.30958736 0.16067225
vt 0.23960593 0.16434391
vt 0.30958736 0.16434358
vt 0.23960593 0.16801524
vt 0.30958736 0.16801478
vt 0.23960593 0.17168646
vt 0.30958736 0.17168613
vt 0.23960593 0.17535765
vt 0.30958763 0.17535746
vt 0.23960593 0.17780508
vt 0.30958763 0.17780486
vt 0.54864514 0.25932735
vt 0.5486469 0.245359
vt 0.54696447 0.24735062
vt 0.5150186 0.24735062
vt 0.5150171 0.25932735
vt 0.50226426 0.24735062
vt 0.5022627 0.25932735
vt 0.48950994 0.24735062
vt 0.48950827 0.25932735
vt 0.47675547 0.24735068
vt 0.4767539 0.2593274
vt 0.46400103 0.24735068
vt 0.46399957 0.2593274
vt 0.45124677 0.24735068
vt 0.45124522 0.2593274
vt 0.43849236 0.24735068
vt 0.43849084 0.2593274
vt 0.42573804 0.24735068
vt 0.42573652 0.2593274
vt 0.41298357 0.24735068
vt 0.412982 0.2593274
vt 0.38103768 0.24735068
vt 0.37935394 0.2593274
vt 0.3793556 0.24533805
vt 0.06992948 0.15675735
vt 0.06997181 0.13517384
vt 0.055993006 0.1351465
vt 0.055950906 0.15672997
vt 0.28169447 0.058939375
vt 0.30327815 0.058939375
vt 0.30327815 0.04496073
vt 0.28169447 0.04496073
vt 0.28414926 0.068566576
vt 0.28414926 0.06450227
vt 0.2701702 0.06450227
vt 0.2701702 0.068566576
vt 0.0765616 0.112918064
vt 0.07656248 0.10886071
vt 0.05493995 0.10885873
vt 0.054938734 0.12889303
vt 0.076561496 0.12889469
vt 0.079182066 0.112918615
vt 0.07918107 0.12889534
vt 0.08301232 0.12889645
vt 0.12371666 0.11541026
vt 0.111185506 0.112924024
vt 0.1343398 0.122486554
vt 0.14143649 0.13307579
vt 0.07996646 0.13456033
vt 0.14392726 0.1455655
vt 0.07801417 0.14555414
vt 0.14143372 0.15805091
vt 0.079962716 0.15655953
vt 0.08301143 0.16223949
vt 0.13433833 0.16863498
vt 0.123717554 0.17571513
vt 0.07918393 0.17821813
vt 0.111187264 0.17820467
vt 0.07918107 0.16224128
vt 0.076562926 0.17821848
vt 0.0765616 0.16224195
vt 0.05494115 0.18227813
vt 0.076563805 0.18227603
vt 0.054938734 0.1622438
vt 0.1515899 0.1761818
vt 0.17118108 0.1761818
vt 0.17117482 0.17240585
vt 0.15155707 0.15780528
vt 0.22266419 0.16355187
vt 0.20169832 0.17240585
vt 0.2130499 0.17007457
vt 0.22907893 0.15380298
vt 0.23131695 0.14231244
vt 0.15150169 0.12717238
vt 0.22903785 0.13083033
vt 0.2225878 0.12110461
vt 0.17106661 0.11238383
vt 0.15146807 0.10870041
vt 0.17105985 0.10870041
vt 0.20159017 0.11238383
vt 0.21294953 0.11461718
vt 0.26895753 0.058882624
vt 0.27302155 0.058874696
vt 0.27299485 0.044896606
vt 0.2689308 0.044904303
vt 0.33428627 0.78313726
vt 0.34358487 0.7697891
vt 0.33428627 0.7697907
vt 0.33942372 0.78313625
vt 0.34358487 0.78315705
vt 0.33942372 0.805328
vt 0.34358487 0.8053488
vt 0.34358487 0.8186739
vt 0.3342926 0.8053288
vt 0.3342926 0.8186755
vt 0.56134015 0.5346462
vt 0.5662893 0.5278181
vt 0.56134015 0.5278114
vt 0.5662893 0.5346462
vt 0.56134015 0.54651517
vt 0.5662893 0.54651517
vt 0.56134015 0.5583845
vt 0.5662893 0.5583845
vt 0.5662893 0.56521237
vt 0.56134015 0.56521845
vt 0.30135217 0.7803885
vt 0.30135217 0.7941685
vt 0.30283028 0.79416287
vt 0.30926383 0.7803885
vt 0.30926383 0.802708
vt 0.30697882 0.8044572
vt 0.30283028 0.80842394
vt 0.30697882 0.80842394
vt 0.85279596 0.7463139
vt 0.8513147 0.7463139
vt 0.8513147 0.7600908
vt 0.8592285 0.7600908
vt 0.8592285 0.73777485
vt 0.85694396 0.7360248
vt 0.85279596 0.73205847
vt 0.85694396 0.73205847
vt 0.70559263 0.6005882
vt 0.7260026 0.6042019
vt 0.7260026 0.6005853
vt 0.70543665 0.6042019
vt 0.6850496 0.6005891
vt 0.68505025 0.60420287
vt 0.30205357 0.03801845
vt 0.3191985 0.03801751
vt 0.3020531 0.02435953
vt 0.33619374 0.024358595
vt 0.33619463 0.038017046
vt 0.2467557 0.017397722
vt 0.2409511 0.005513481
vt 0.24095206 0.017397722
vt 0.25802237 0.017397722
vt 0.25796598 0.005513481
vt 0.26928902 0.017397722
vt 0.2750923 0.005513481
vt 0.27509314 0.017397722
vt 0.645231 0.24811257
vt 0.66765934 0.24811257
vt 0.66765934 0.25446814
vt 0.645231 0.25446814
vt 0.645231 0.2586303
vt 0.66765934 0.2586303
vt 0.36014467 0.058907144
vt 0.365763 0.058907144
vt 0.365763 0.04545997
vt 0.36014467 0.04545997
vt 0.35646507 0.058907144
vt 0.35646507 0.04545997
vt 0.34927285 0.058907144
vt 0.34927285 0.04545997
vt 0.34766346 0.058907144
vt 0.34766346 0.04545997
vt 0.3303854 0.04545997
vt 0.3303854 0.058907144
vt 0.3114979 0.04545997
vt 0.3114979 0.058907144
vt 0.3444188 0.022531735
vt 0.38321617 0.022531735
vt 0.38321617 0.028106632
vt 0.3444188 0.028106632
vt 0.38321617 0.03175714
vt 0.3444188 0.03175714
vt 0.3694094 0.03889396
vt 0.3444188 0.03889396
vt 0.37621447 0.03889396
vt 0.4134818 0.037839033
vt 0.4134818 0.023573073
vt 0.40688786 0.023573073
vt 0.40688786 0.037839033
vt 0.3444188 0.022531735
vt 0.38321617 0.028106632
vt 0.38321617 0.022531735
vt 0.3444188 0.028106632
vt 0.38321617 0.03175714
vt 0.3444188 0.03175714
vt 0.37624553 0.03889396
vt 0.3694094 0.03889396
vt 0.3444188 0.03889396
vt 0.4000978 0.023314916
vt 0.3903641 0.023314916
vt 0.3903641 0.03824755
vt 0.4000978 0.03824755
vt 0.117437705 0.78690636
vt 0.1224115 0.78690636
vt 0.12241126 0.806724
vt 0.117437705 0.806724
vt 0.48523062 0.19057557
vt 0.45064425 0.19057557
vt 0.45064425 0.19265287
vt 0.48523062 0.19265287
vt 0.3079944 0.7569742
vt 0.3079944 0.76020837
vt 0.32186005 0.76020837
vt 0.32186005 0.7569742
vt 0.48521298 0.19060999
vt 0.48521298 0.1926827
vt 0.45064425 0.1926827
vt 0.45064425 0.19060999
vt 0.53968006 0.16377679
vt 0.51749647 0.18259631
vt 0.53968006 0.18259631
vt 0.51749647 0.16377679
vt 0.53968006 0.14607763
vt 0.51749647 0.14607763
vt 0.62302876 0.54108244
vt 0.64238244 0.54859895
vt 0.64238244 0.54108244
vt 0.62302876 0.54859895
vt 0.6047145 0.54108244
vt 0.6047145 0.54859895
vt 0.53968006 0.16379969
vt 0.51749647 0.18259631
vt 0.53968006 0.18259631
vt 0.51749647 0.16379969
vt 0.53968006 0.14607763
vt 0.51749647 0.14607763
vt 0.109874114 0.6724339
vt 0.09887228 0.6724339
vt 0.09887228 0.69867516
vt 0.109874114 0.6986725
vt 0.11781375 0.69557244
vt 0.11781375 0.6724339
vt 0.1214621 0.6724339
vt 0.1214621 0.6919191
vt 0.12318715 0.6895732
vt 0.12318715 0.6724339
vt 0.9758999 0.99098384
vt 0.9758999 0.9796577
vt 0.96521556 0.9796577
vt 0.96521556 0.99098384
vt 0.95699733 0.99098384
vt 0.95699733 0.9796577
vt 0.9521117 0.9796577
vt 0.9521117 0.99098384
vt 0.9493598 0.99098384
vt 0.9493598 0.9796577
vt 0.93389446 0.99098384
vt 0.93389446 0.9796577
vt 0.9521117 0.9335183
vt 0.9493598 0.9335183
vt 0.93389446 0.9335183
vt 0.93389446 0.922192
vt 0.9493598 0.922192
vt 0.9521117 0.922192
vt 0.95698446 0.922192
vt 0.95698446 0.9335183
vt 0.96519405 0.9335183
vt 0.96519405 0.922192
vt 0.9758782 0.922192
vt 0.9758782 0.9335183
vt 0.6996701 0.9508063
vt 0.656166 0.9508063
vt 0.656166 0.9538704
vt 0.6996701 0.9538704
vt 0.9422403 0.8508082
vt 0.9514959 0.8508082
vt 0.95812607 0.85387564
vt 0.935726 0.85387564
vt 0.96108884 0.8590863
vt 0.9328435 0.8590863
vt 0.9325343 0.86860365
vt 0.9325343 0.91081506
vt 0.96143645 0.91081506
vt 0.96143645 0.86860365
vt 1.1098787 0.6724391
vt 1.0988723 0.69867516
vt 1.0988723 0.6724391
vt 1.1098787 0.69867766
vt 1.1178225 0.6955792
vt 1.1178225 0.6724391
vt 1.1214728 0.6919259
vt 1.1214728 0.6724391
vt 1.1231872 0.6895799
vt 1.1231872 0.6724391
vt 1.9422519 0.8508108
vt 1.958132 0.8538761
vt 1.9515091 0.8508108
vt 1.9357302 0.8538761
vt 1.9611106 0.8590842
vt 1.9328654 0.8590842
vt 0.37451562 0.04727346
vt 0.37451562 0.059089284
vt 0.39406323 0.047273483
vt 0.39406323 0.059089202
vt 0.37451562 0.073716074
vt 0.41341794 0.047273483
vt 0.39406323 0.073716186
vt 0.37451562 0.084503844
vt 0.39406323 0.084503844
vt 0.41341794 0.059089314
vt 0.43273702 0.047273483
vt 0.41341794 0.073716186
vt 0.41341794 0.084503844
vt 0.43273702 0.059089314
vt 0.45207518 0.047273483
vt 0.43273702 0.073716186
vt 0.43273678 0.084503844
vt 0.45207518 0.059089202
vt 0.4716084 0.047273483
vt 0.4716084 0.059089314
vt 0.45207518 0.073716074
vt 0.45207518 0.084503844
vt 0.4716084 0.073716074
vt 0.4716084 0.084503844
vt 0.4252626 0.15363427
vt 0.40778336 0.14701016
vt 0.41719994 0.14934939
vt 0.39701322 0.14661665
vt 0.39217842 0.14782138
vt 0.39217842 0.16011542
vt 0.43197128 0.15986438
vt 0.43773916 0.16804051
vt 0.3741865 0.16174755
vt 0.4418778 0.17816202
vt 0.35614344 0.18992081
vt 0.4418778 0.18992081
vt 0.3643486 0.15927564
vt 0.35614344 0.16067052
vt 0.3741865 0.15564491
vt 0.6598058 0.20546924
vt 0.66811496 0.20546924
vt 0.66811496 0.19708559
vt 0.6598058 0.19708559
vt 0.6494342 0.20546924
vt 0.629873 0.20546924
vt 0.629873 0.19708559
vt 0.6248211 0.19708559
vt 0.6494342 0.23111281
vt 0.6248211 0.20546924
vt 0.6140578 0.19708559
vt 0.6140578 0.20546924
vt 0.6043742 0.19708559
vt 0.6043742 0.20546924
vt 0.59527844 0.19708559
vt 0.59527844 0.20546924
vt 0.5861826 0.19708559
vt 0.5861826 0.20546924
vt 0.57626474 0.19708559
vt 0.57626474 0.20546924
vt 0.5654496 0.19708559
vt 0.5654496 0.20546924
vt 0.5533449 0.20546924
vt 0.5533449 0.19708559
vt 1.4252626 0.15363438
vt 1.4172 0.14934939
vt 1.4077834 0.14701039
vt 1.3970132 0.14661665
vt 1.3921784 0.16011575
vt 1.3921784 0.14782159
vt 1.4319711 0.15986438
vt 1.4377388 0.16804065
vt 1.3741865 0.16174755
vt 1.4418778 0.17816202
vt 1.3561435 0.1899206
vt 1.4418778 0.1899206
vt 1.3643489 0.15927596
vt 1.3561435 0.16067064
vt 1.3741865 0.15564512
vt 0.65996385 0.23111281
vt 0.6682736 0.23952849
vt 0.6682736 0.23111281
vt 0.65996385 0.23952849
vt 0.629873 0.23111281
vt 0.629873 0.23952849
vt 0.62497926 0.23952849
vt 0.62497926 0.23111281
vt 0.61421585 0.23952849
vt 0.61421585 0.23111281
vt 0.6045323 0.23952849
vt 0.6045323 0.23111281
vt 0.5954364 0.23952849
vt 0.5954364 0.23111281
vt 0.58634055 0.23952849
vt 0.58634055 0.23111281
vt 0.57642287 0.23952849
vt 0.57642287 0.23111281
vt 0.5656073 0.23952849
vt 0.5656073 0.23111281
vt 0.5535008 0.23111281
vt 0.5535008 0.23952849
vt 0.553972 0.36810705
vt 0.553972 0.39436066
vt 0.56649864 0.39436066
vt 0.56649864 0.36810705
vt 0.8968045 0.09753855
vt 0.87304497 0.09753855
vt 0.87304497 0.1031657
vt 0.8968045 0.1031657
vt 1.5548482 0.24793851
vt 1.5600069 0.2590461
vt 1.5548482 0.2590461
vt 1.5600069 0.24793851
vt 1.5651648 0.2590461
vt 1.5651648 0.24793851
vt 1.5703237 0.2590461
vt 1.5703237 0.24793851
vt 1.5754821 0.2590461
vt 1.5754821 0.24793851
vt 1.5806408 0.2590461
vt 1.5806408 0.24793851
vt 1.5857995 0.2590461
vt 1.5857995 0.24793851
vt 1.5909572 0.2590461
vt 1.5909572 0.24793851
vt 1.5961156 0.2590461
vt 1.5961156 0.24793851
vt 1.601274 0.2590461
vt 1.601274 0.24793851
vt 1.6064322 0.2590461
vt 1.6064322 0.24793851
vt 1.6115907 0.2590461
vt 1.6115907 0.24793851
vt 1.6167492 0.2590461
vt 1.6167492 0.24793851
vt 1.6219075 0.2590461
vt 1.6219075 0.24793851
vt 1.6270659 0.2590461
vt 1.6270659 0.24793851
vt 1.6322241 0.2590461
vt 1.6322241 0.24793851
vt 1.6373825 0.2590461
vt 1.6373825 0.24793851
vt 1.3741801 0.3692693
vt 1.3792751 0.36572534
vt 1.3741801 0.36572534
vt 1.3792751 0.3692693
vt 1.3838522 0.3692693
vt 1.3838522 0.36572534
vt 1.388241 0.3692693
vt 1.388241 0.36572534
vt 1.392659 0.3692693
vt 1.392659 0.36572534
vt 1.3970914 0.3692693
vt 1.3970914 0.36572534
vt 1.4015596 0.3692693
vt 1.4015596 0.36572534
vt 1.4059933 0.3692693
vt 1.4059933 0.36572534
vt 1.4104269 0.3692693
vt 1.4104269 0.36572534
vt 1.4148566 0.3692693
vt 1.4148566 0.36572534
vt 1.4192744 0.3692693
vt 1.4192744 0.36572534
vt 1.4238124 0.3692693
vt 1.4238124 0.36572534
vt 1.4282978 0.3692693
vt 1.4282978 0.36572534
vt 1.2495714 0.43538943
vt 1.2495714 0.44538414
vt 1.2505617 0.44038743
vt 1.2467511 0.431154
vt 1.2467508 0.4496197
vt 1.2425296 0.42832237
vt 1.2425296 0.45244932
vt 1.2375498 0.42732784
vt 1.2375498 0.45344305
vt 1.2325702 0.45244795
vt 1.2325702 0.4283215
vt 1.2283491 0.431151
vt 1.2283491 0.44961724
vt 1.2255282 0.43538687
vt 1.2255282 0.44538054
vt 1.2245374 0.44038332
vt 0.24342848 0.50322616
vt 0.24342848 0.5069398
vt 0.30082697 0.5069398
vt 0.30082697 0.50322616
vt 0.30082697 0.4994893
vt 0.24342848 0.4994893
vt 0.24342848 0.49573165
vt 0.30082664 0.49573165
vt 0.30082664 0.4919567
vt 0.24342819 0.4919567
vt 0.30082664 0.48817003
vt 0.24342819 0.48817003
vt 0.30082664 0.48437646
vt 0.24342819 0.48437646
vt 0.24342819 0.4805833
vt 0.30082664 0.4805833
vt 0.24342819 0.47679663
vt 0.30082664 0.47679663
vt 0.24342819 0.47302163
vt 0.30082664 0.47302163
vt 0.30082664 0.4692639
vt 0.24342819 0.4692639
vt 0.24342819 0.4655267
vt 0.30082664 0.4655267
vt 0.24342848 0.4618133
vt 0.30082664 0.4618133
vt 0.6373833 0.24793851
vt 0.6373833 0.2590461
vt 0.6322251 0.2590461
vt 0.6322251 0.24793851
vt 0.62706697 0.2590461
vt 0.62706697 0.24793851
vt 0.6219087 0.2590461
vt 0.6219087 0.24793851
vt 0.6167508 0.2590461
vt 0.6167508 0.24793851
vt 0.6115927 0.2590461
vt 0.6115927 0.24793851
vt 0.6064349 0.2590461
vt 0.6064349 0.24793851
vt 0.60127676 0.2590461
vt 0.60127676 0.24793851
vt 0.5961184 0.2590461
vt 0.5961184 0.24793851
vt 0.5909604 0.2590461
vt 0.5909604 0.24793851
vt 0.58580196 0.2590461
vt 0.58580196 0.24793851
vt 0.5806431 0.2590461
vt 0.5806431 0.24793851
vt 0.57548463 0.2590461
vt 0.57548463 0.24793851
vt 0.570326 0.2590461
vt 0.570326 0.24793851
vt 0.56516695 0.2590461
vt 0.56516695 0.24793851
vt 0.5600086 0.2590461
vt 0.5600086 0.24793851
vt 0.55485046 0.2590461
vt 0.55485046 0.24793851
vt 0.37927777 0.36926967
vt 0.37418303 0.36572558
vt 0.37418303 0.36926967
vt 0.37927777 0.36572558
vt 0.3838544 0.36572558
vt 0.3838544 0.36926967
vt 0.38824278 0.36572558
vt 0.38824278 0.36926967
vt 0.39265975 0.36572558
vt 0.39265975 0.36926967
vt 0.3970892 0.36572558
vt 0.3970892 0.36926967
vt 0.40152213 0.36572558
vt 0.40152213 0.36926967
vt 0.40595546 0.36572558
vt 0.40595546 0.36926967
vt 0.41038707 0.36572558
vt 0.41038707 0.36926967
vt 0.41481906 0.36572558
vt 0.41481906 0.36926967
vt 0.41927227 0.36572558
vt 0.41927227 0.36926967
vt 0.42380974 0.36572558
vt 0.42380974 0.36926967
vt 0.42829427 0.36572558
vt 0.42829427 0.36926967
vt 0.24957189 0.4453831
vt 0.2505621 0.44038606
vt 0.24957189 0.4353889
vt 0.24675104 0.4496197
vt 0.24675104 0.4311535
vt 0.24252965 0.45245078
vt 0.24252965 0.42832315
vt 0.23755038 0.4534447
vt 0.23755038 0.42733023
vt 0.23257084 0.42832467
vt 0.23257084 0.45245168
vt 0.22834949 0.4496217
vt 0.22834949 0.43115625
vt 0.22552818 0.44538572
vt 0.22552863 0.43539193
vt 0.22453797 0.44038934
vt 1.1757436 0.47723982
vt 1.1757436 0.4874878
vt 1.174728 0.4823638
vt 1.1786355 0.49183157
vt 1.1786355 0.47289547
vt 1.1829634 0.4947345
vt 1.1829634 0.46999246
vt 1.1883047 0.49580127
vt 1.1883047 0.46892676
vt 1.2069297 0.49580127
vt 1.2069297 0.46892676
vt 1.1660849 0.5630005
vt 1.2087154 0.58109844
vt 1.1660849 0.58109844
vt 1.208715 0.5630005
vt 1.166084 0.5577078
vt 1.2087142 0.5577078
vt 1.1660832 0.5526474
vt 1.2087134 0.55264676
vt 1.1660824 0.54758626
vt 1.2087132 0.5475856
vt 1.1660821 0.54252386
vt 1.2087132 0.54252386
vt 1.1660824 0.53746164
vt 1.2087132 0.5374619
vt 1.1660832 0.53240025
vt 1.2087134 0.5324009
vt 1.1660839 0.5273405
vt 1.2087142 0.5273405
vt 1.1660849 0.52204734
vt 1.208715 0.52204734
vt 1.1660849 0.50394875
vt 1.2087154 0.50394875
vt 1.1896652 0.31486145
vt 1.1744896 0.31865108
vt 1.1744896 0.31486145
vt 1.1896652 0.31865108
vt 1.1957496 0.31486145
vt 1.1957496 0.31865108
vt 1.2017074 0.31486145
vt 1.2017074 0.31865108
vt 1.2076875 0.31486145
vt 1.2076875 0.31865108
vt 1.2136899 0.31486145
vt 1.2136899 0.31865108
vt 1.2197156 0.31486145
vt 1.2197156 0.31865108
vt 1.2257763 0.31486145
vt 1.2257763 0.31865108
vt 1.2318534 0.31486145
vt 1.2318534 0.31865108
vt 1.2449336 0.31865108
vt 1.2449336 0.31486145
vt 1.2650195 0.31865108
vt 1.2650195 0.31486145
vt 1.1568217 0.21287529
vt 1.1825929 0.23167646
vt 1.1825929 0.21287529
vt 1.1568217 0.23167646
vt 1.1825929 0.23781607
vt 1.1568217 0.23781607
vt 1.1825929 0.24395575
vt 1.1568217 0.24395575
vt 1.1825929 0.25009447
vt 1.1568217 0.25009403
vt 1.1825929 0.25623283
vt 1.1568217 0.25623193
vt 1.1568217 0.2623706
vt 1.1825929 0.2623706
vt 1.1568217 0.2685094
vt 1.1825929 0.2685094
vt 1.1568217 0.27464834
vt 1.1825929 0.27464834
vt 1.1568217 0.2807882
vt 1.1825929 0.2807882
vt 1.1568217 0.29958946
vt 1.1825929 0.29958946
vt 1.6787488 0.6665308
vt 1.6828711 0.65993917
vt 1.6787498 0.65993917
vt 1.6828706 0.6665308
vt 1.6869931 0.65993917
vt 1.6869931 0.6665308
vt 1.6911151 0.65993917
vt 1.6911151 0.6665308
vt 1.6952373 0.65993917
vt 1.6952373 0.6665308
vt 1.6993589 0.65993917
vt 1.6993589 0.6665308
vt 1.7034748 0.65993917
vt 1.7034845 0.6665308
vt 1.7075876 0.65993917
vt 1.7076156 0.6665308
vt 1.7117054 0.65993917
vt 1.7117406 0.6665308
vt 1.7158285 0.65993917
vt 1.7158576 0.6665308
vt 1.7199576 0.65993917
vt 1.7199683 0.6665308
vt 1.7240837 0.65993917
vt 1.7240837 0.6665308
vt 1.7282048 0.65993917
vt 1.7282048 0.6665308
vt 1.732327 0.65993917
vt 1.732327 0.6665308
vt 1.7364459 0.65993917
vt 1.7364521 0.6665308
vt 1.7405639 0.65993917
vt 1.7405748 0.6665308
vt 1.7446849 0.65993917
vt 1.7446961 0.6665308
vt 1.2487803 0.7059158
vt 1.2529233 0.7067431
vt 1.2446368 0.7067431
vt 1.2411242 0.70909816
vt 1.2564355 0.70909816
vt 1.2387778 0.71262217
vt 1.2587824 0.71262217
vt 1.2379534 0.7167803
vt 1.2596062 0.7167803
vt 1.2387778 0.7209382
vt 1.2587824 0.7209382
vt 1.2411242 0.7244624
vt 1.2564355 0.7244624
vt 1.2446368 0.72681725
vt 1.2529233 0.72681725
vt 1.2487803 0.72764456
vt 0.17574356 0.47723982
vt 0.174728 0.4823638
vt 0.17574356 0.4874878
vt 0.17863546 0.49183157
vt 0.17863546 0.47289547
vt 0.18296337 0.4947345
vt 0.18296337 0.46999246
vt 0.18830463 0.49580127
vt 0.18830463 0.46892676
vt 0.20692962 0.49580127
vt 0.20692962 0.46892676
vt 0.20871545 0.58109844
vt 0.16608489 0.5630005
vt 0.16608489 0.58109844
vt 0.20871498 0.5630005
vt 0.16608411 0.5577078
vt 0.2087143 0.5577078
vt 0.16608319 0.5526474
vt 0.20871338 0.55264676
vt 0.16608243 0.54758626
vt 0.20871317 0.5475856
vt 0.16608219 0.54252386
vt 0.20871317 0.54252386
vt 0.16608243 0.53746164
vt 0.20871317 0.5374619
vt 0.16608319 0.53240025
vt 0.20871338 0.5324009
vt 0.16608396 0.5273405
vt 0.20871429 0.5273405
vt 0.16608489 0.52204734
vt 0.20871496 0.52204734
vt 0.16608489 0.50394875
vt 0.20871544 0.50394875
vt 0.17448957 0.31865108
vt 0.1896652 0.31486145
vt 0.17448957 0.31486145
vt 0.1896652 0.31865108
vt 0.19574961 0.31486145
vt 0.19574961 0.31865108
vt 0.20170741 0.31486145
vt 0.20170741 0.31865108
vt 0.20768751 0.31486145
vt 0.20768751 0.31865108
vt 0.21368997 0.31486145
vt 0.21368997 0.31865108
vt 0.21971561 0.31486145
vt 0.21971561 0.31865108
vt 0.22577636 0.31486145
vt 0.22577636 0.31865108
vt 0.23185332 0.31486145
vt 0.23185332 0.31865108
vt 0.24493356 0.31865108
vt 0.24493356 0.31486145
vt 0.26501957 0.31865108
vt 0.26501957 0.31486145
vt 0.18259285 0.23167646
vt 0.15682174 0.21287529
vt 0.18259285 0.21287529
vt 0.15682174 0.23167646
vt 0.18259285 0.23781607
vt 0.15682174 0.23781607
vt 0.18259285 0.24395575
vt 0.15682174 0.24395575
vt 0.18259285 0.25009447
vt 0.15682174 0.25009403
vt 0.18259285 0.25623283
vt 0.15682174 0.25623193
vt 0.15682174 0.2623706
vt 0.18259285 0.2623706
vt 0.15682174 0.2685094
vt 0.18259285 0.2685094
vt 0.15682174 0.27464834
vt 0.18259285 0.27464834
vt 0.15682174 0.2807882
vt 0.18259285 0.2807882
vt 0.15682174 0.29958946
vt 0.18259285 0.29958946
vt 0.67874885 0.6665308
vt 0.6787498 0.65993917
vt 0.68287116 0.65993917
vt 0.68287057 0.6665308
vt 0.68699306 0.65993917
vt 0.68699306 0.6665308
vt 0.69111514 0.65993917
vt 0.69111514 0.6665308
vt 0.6952373 0.65993917
vt 0.6952373 0.6665308
vt 0.699359 0.65993917
vt 0.699359 0.6665308
vt 0.7034748 0.65993917
vt 0.7034846 0.6665308
vt 0.7075876 0.65993917
vt 0.7076157 0.6665308
vt 0.7117054 0.65993917
vt 0.7117406 0.6665308
vt 0.71582854 0.65993917
vt 0.7158576 0.6665308
vt 0.71995765 0.65993917
vt 0.7199684 0.6665308
vt 0.7240837 0.65993917
vt 0.7240837 0.6665308
vt 0.72820485 0.65993917
vt 0.72820485 0.6665308
vt 0.73232704 0.65993917
vt 0.73232704 0.6665308
vt 0.73644584 0.65993917
vt 0.7364521 0.6665308
vt 0.7405638 0.65993917
vt 0.7405748 0.6665308
vt 0.74468493 0.65993917
vt 0.7446961 0.6665308
vt 0.24878022 0.7059158
vt 0.24463673 0.7067431
vt 0.2529233 0.7067431
vt 0.24112412 0.70909816
vt 0.2564355 0.70909816
vt 0.23877776 0.71262217
vt 0.25878233 0.71262217
vt 0.23795342 0.7167803
vt 0.2596062 0.7167803
vt 0.23877776 0.7209382
vt 0.25878233 0.7209382
vt 0.24112412 0.7244624
vt 0.2564355 0.7244624
vt 0.24463673 0.72681725
vt 0.2529233 0.72681725
vt 0.24878022 0.72764456
vt 0.29446122 0.27041554
vt 0.28856713 0.26923907
vt 0.28267348 0.27041554
vt 0.27767655 0.27376541
vt 0.2994579 0.27376541
vt 0.274338 0.27877882
vt 0.30279672 0.27877882
vt 0.27316576 0.28482828
vt 0.30396914 0.28482828
vt 0.27316576 0.29059097
vt 0.30396914 0.29059097
vt 0.30396914 0.30096748
vt 0.27316576 0.30096748
vt 0.30396914 0.31181225
vt 0.27316576 0.31181225
vt 0.2940067 0.4518013
vt 0.27450362 0.42482045
vt 0.27450362 0.4518013
vt 0.2940067 0.42482045
vt 0.29932725 0.4507311
vt 0.29932725 0.42589155
vt 0.30363858 0.44781658
vt 0.30363858 0.4288051
vt 0.3065197 0.43316704
vt 0.3065197 0.44345552
vt 0.30753127 0.43831077
vt 0.110417515 0.29959226
vt 0.108046874 0.28635043
vt 0.108046874 0.29959226
vt 0.110417515 0.28635043
vt 0.108046874 0.2811924
vt 0.110417515 0.2811924
vt 0.108046874 0.2753839
vt 0.110417515 0.2753839
vt 0.108046874 0.26969588
vt 0.110417515 0.26969588
vt 0.108046874 0.26400757
vt 0.110417515 0.26400757
vt 0.108046874 0.25831923
vt 0.110417515 0.25831923
vt 0.108046874 0.25263095
vt 0.110417515 0.25263095
vt 0.108046874 0.24694292
vt 0.110417515 0.24694292
vt 0.110417515 0.24125479
vt 0.108046874 0.24125479
vt 0.110417515 0.21323463
vt 0.108046874 0.21323463
vt 0.11783742 0.21299754
vt 0.14858681 0.21299754
vt 0.14858639 0.22380583
vt 0.13913612 0.22808214
vt 0.13528647 0.23235883
vt 0.1178282 0.23235883
vt 0.13400938 0.23836674
vt 0.1178282 0.23836674
vt 0.1178282 0.24437398
vt 0.13400595 0.24437574
vt 0.1178282 0.25038075
vt 0.13400309 0.2503825
vt 0.1178282 0.25638688
vt 0.13400209 0.25638822
vt 0.1178282 0.26239434
vt 0.13400243 0.2623939
vt 0.1178282 0.2684018
vt 0.13400476 0.26840112
vt 0.1178282 0.27440923
vt 0.13400707 0.27440923
vt 0.1178282 0.28041714
vt 0.13528459 0.28041714
vt 0.1178282 0.29977763
vt 0.13913403 0.28469294
vt 0.14858407 0.2889695
vt 0.14858495 0.29977763
vt 0.055931184 0.21314001
vt 0.10114525 0.23404203
vt 0.10114525 0.21314582
vt 0.055931184 0.23403633
vt 0.10114525 0.23984699
vt 0.055931184 0.23984118
vt 0.10114525 0.24539556
vt 0.055931184 0.24538964
vt 0.10114525 0.25094417
vt 0.055931184 0.25093833
vt 0.10114525 0.25649285
vt 0.055931184 0.25648692
vt 0.10114525 0.26204133
vt 0.055931184 0.26203552
vt 0.10114525 0.26758996
vt 0.055931184 0.267584
vt 0.10114525 0.2731385
vt 0.055931184 0.27313268
vt 0.10114525 0.2789433
vt 0.055931184 0.27893764
vt 0.10114525 0.29983982
vt 0.0559312 0.29983404
vt 1.2944613 0.27041554
vt 1.2826735 0.27041554
vt 1.2885671 0.26923907
vt 1.2776766 0.27376541
vt 1.2994579 0.27376541
vt 1.274338 0.27877882
vt 1.3027967 0.27877882
vt 1.2731657 0.28482828
vt 1.3039691 0.28482828
vt 1.2731657 0.29059097
vt 1.3039691 0.29059097
vt 1.3039691 0.30096748
vt 1.2731657 0.30096748
vt 1.3039691 0.31181225
vt 1.2731657 0.31181225
vt 1.1485864 0.22380583
vt 1.1485868 0.21299754
vt 1.1178384 0.21299754
vt 1.1391361 0.22808214
vt 1.1352865 0.23235883
vt 1.1178282 0.23235883
vt 1.1340094 0.23836674
vt 1.1178282 0.23836674
vt 1.1178282 0.24437398
vt 1.1340059 0.24437574
vt 1.1178282 0.25038075
vt 1.134003 0.2503825
vt 1.1178282 0.25638688
vt 1.1340021 0.25638822
vt 1.1178282 0.26239434
vt 1.1340024 0.2623939
vt 1.1178282 0.2684018
vt 1.1340047 0.26840112
vt 1.1178282 0.27440923
vt 1.1340071 0.27440923
vt 1.1178282 0.28041714
vt 1.1352845 0.28041714
vt 1.139134 0.28469294
vt 1.1178282 0.29977763
vt 1.1485841 0.2889695
vt 1.148585 0.29977763
vt 1.2940067 0.4518013
vt 1.2745036 0.4518013
vt 1.2745036 0.42482045
vt 1.2940067 0.42482045
vt 1.2993273 0.45073098
vt 1.2993273 0.42589155
vt 1.3036386 0.44781658
vt 1.3036386 0.4288051
vt 1.3065197 0.43316704
vt 1.3065197 0.44345552
vt 1.3075312 0.43831077
vt 1.1104175 0.27638006
vt 1.1104175 0.29959226
vt 1.1080469 0.29959226
vt 1.1080469 0.27638006
vt 1.1080469 0.27122208
vt 1.1104175 0.27122208
vt 1.1080469 0.26541346
vt 1.1104175 0.26541346
vt 1.1080469 0.25972548
vt 1.1104175 0.25972548
vt 1.1080469 0.2540373
vt 1.1104175 0.2540373
vt 1.1080469 0.24834883
vt 1.1104175 0.24834883
vt 1.1080469 0.24266058
vt 1.1104175 0.24266058
vt 1.1080469 0.23697256
vt 1.1104175 0.23697256
vt 1.1104175 0.2312845
vt 1.1080469 0.2312845
vt 1.1104175 0.21323463
vt 1.1080469 0.21323463
vt 1.0559311 0.2789401
vt 1.0559311 0.29983616
vt 1.1011451 0.2998397
vt 1.1011451 0.27894384
vt 1.1011451 0.27313906
vt 1.0559311 0.2731352
vt 1.1011451 0.26759055
vt 1.0559311 0.2675869
vt 1.1011451 0.26204205
vt 1.0559311 0.26203832
vt 1.1011451 0.25649357
vt 1.0559311 0.25648984
vt 1.1011451 0.25094524
vt 1.0559311 0.25094137
vt 1.1011451 0.24539666
vt 1.0559311 0.24539292
vt 1.1011451 0.23984843
vt 1.0559311 0.23984458
vt 1.1011451 0.23404361
vt 1.0559311 0.23403972
vt 1.0559311 0.21314378
vt 1.1011451 0.21314743
vt 0.39467418 0.9219809
vt 0.40809423 0.91688323
vt 0.39467418 0.91688323
vt 0.40809423 0.9219809
vt 0.42217943 0.91688323
vt 0.39467418 0.9270008
vt 0.42217943 0.9219809
vt 0.47311452 0.91688323
vt 0.40809423 0.9270008
vt 0.39467418 0.9321385
vt 0.47311452 0.9219809
vt 0.4882629 0.91688323
vt 0.40809423 0.9321385
vt 0.39467418 0.93719673
vt 0.42217943 0.9270008
vt 0.4882629 0.9219809
vt 0.5037288 0.91688323
vt 0.40809423 0.93719673
vt 0.39467418 0.94333553
vt 0.47311452 0.9270008
vt 0.42217943 0.9321385
vt 0.5037288 0.9219809
vt 0.5170484 0.91688323
vt 0.40809423 0.94333553
vt 0.39467418 0.94755274
vt 0.40809423 0.94755274
vt 0.42217943 0.93719673
vt 0.42217943 0.94333553
vt 0.42217943 0.94755274
vt 0.4882629 0.9270008
vt 0.47311452 0.9321385
vt 0.5170484 0.9219809
vt 0.55070615 0.91688323
vt 0.47311452 0.94333553
vt 0.47311452 0.94755274
vt 0.5037288 0.94356865
vt 0.47311452 0.93719673
vt 0.5037288 0.9270008
vt 0.4882629 0.9321385
vt 0.55070615 0.9219809
vt 0.5628667 0.91688323
vt 0.4882629 0.93719673
vt 0.5170484 0.9270008
vt 0.5037288 0.9321385
vt 0.5628667 0.9219809
vt 0.5743837 0.91688323
vt 0.4882629 0.94333553
vt 0.5037288 0.93719673
vt 0.5170484 0.9321385
vt 0.55070615 0.9270008
vt 0.5170484 0.93719673
vt 0.5170484 0.943359
vt 0.5743837 0.9219809
vt 0.58717495 0.91688323
vt 0.5628667 0.9270008
vt 0.55070615 0.9321385
vt 0.55070615 0.93719673
vt 0.55070615 0.943359
vt 0.58717495 0.9219809
vt 0.6341778 0.91688323
vt 0.5743837 0.9270008
vt 0.5628667 0.9321385
vt 0.5628667 0.93719673
vt 0.5628667 0.943359
vt 0.6341778 0.9219809
vt 0.64797074 0.91688323
vt 0.58717495 0.9270008
vt 0.5743837 0.9321385
vt 0.5743837 0.93719673
vt 0.5743837 0.943359
vt 0.64797074 0.9219809
vt 0.6617268 0.91688323
vt 0.6341778 0.9270008
vt 0.58717495 0.9321385
vt 0.58717495 0.93719673
vt 0.58717495 0.943359
vt 0.6341778 0.9321385
vt 0.6341778 0.93719673
vt 0.6341778 0.943359
vt 0.64797074 0.9270008
vt 0.6617268 0.9219809
vt 0.64797074 0.9321385
vt 0.64797074 0.93719673
vt 0.64797074 0.943359
vt 0.70095396 0.9219809
vt 0.70095396 0.91688323
vt 0.7151647 0.91688323
vt 0.6617268 0.9270008
vt 0.6617268 0.9321385
vt 0.6617268 0.93719673
vt 0.6617268 0.943359
vt 0.7151647 0.9219809
vt 0.7320722 0.91688323
vt 0.70095396 0.9270008
vt 0.70095396 0.9321385
vt 0.70095396 0.93719673
vt 0.70095396 0.943359
vt 0.7151647 0.9270008
vt 0.7151647 0.9321385
vt 0.7151647 0.93719673
vt 0.7151647 0.943359
vt 0.7320722 0.9219809
vt 0.7320722 0.9270008
vt 0.7320722 0.9321385
vt 0.7320722 0.93719673
vt 0.7320722 0.943359
vt 0.78172797 0.93719673
vt 0.78172797 0.943359
vt 0.78172797 0.9321385
vt 0.78172797 0.9270008
vt 0.78172797 0.9219809
vt 0.78172797 0.91688323
vt 0.78172797 0.91110736
vt 0.7320722 0.91110736
vt 0.8472952 0.9879821
vt 0.8356617 0.99235076
vt 0.8472952 0.99235076
vt 0.8356617 0.9879821
vt 0.8472952 0.98275656
vt 0.82273597 0.99235076
vt 0.8356617 0.98275656
vt 0.8472952 0.97751456
vt 0.82273597 0.9879821
vt 0.8356617 0.97751456
vt 0.8472952 0.9722282
vt 0.77316886 0.9879821
vt 0.77316886 0.99235076
vt 0.7621142 0.99235076
vt 0.82273597 0.98275656
vt 0.8356617 0.9722282
vt 0.8472952 0.9671157
vt 0.7621142 0.9879821
vt 0.7515449 0.99235076
vt 0.77316886 0.98275656
vt 0.82273597 0.97751456
vt 0.8356617 0.9671157
vt 0.8472952 0.96208566
vt 0.8356617 0.96208566
vt 0.7515449 0.9879821
vt 0.7403428 0.99235076
vt 0.82273597 0.9722282
vt 0.82273597 0.9671157
vt 0.82273597 0.96208566
vt 0.7621142 0.98275656
vt 0.77316886 0.97751456
vt 0.7403428 0.9879821
vt 0.707847 0.99235076
vt 0.707847 0.9879821
vt 0.77316886 0.9722282
vt 0.77316886 0.9671157
vt 0.77316886 0.96208566
vt 0.7515449 0.98275656
vt 0.7621142 0.97751456
vt 0.7403428 0.98275656
vt 0.7621142 0.9722282
vt 0.7621142 0.9671157
vt 0.7621142 0.96208566
vt 0.7515449 0.97751456
vt 0.707847 0.98275656
vt 0.6956728 0.9879821
vt 0.7515449 0.9722282
vt 0.7515449 0.9671157
vt 0.7515449 0.96208566
vt 0.7403428 0.97751456
vt 0.6956728 0.98275656
vt 0.6823791 0.9879821
vt 0.7403428 0.9722282
vt 0.7403428 0.9671157
vt 0.7403428 0.96208566
vt 0.707847 0.97751456
vt 0.707847 0.9722282
vt 0.707847 0.9671157
vt 0.707847 0.96208566
vt 0.6956728 0.97751456
vt 0.6823791 0.98275656
vt 0.6956728 0.9722282
vt 0.6956728 0.9671157
vt 0.6956728 0.96208566
vt 0.6478705 0.98275656
vt 0.6478705 0.9879821
vt 0.630896 0.9879821
vt 0.6823791 0.97751456
vt 0.6823791 0.9722282
vt 0.6823791 0.9671157
vt 0.6823791 0.96208566
vt 0.630896 0.98275656
vt 0.61461025 0.9879821
vt 0.6478705 0.97751456
vt 0.6478705 0.9722282
vt 0.6478705 0.9671157
vt 0.6478705 0.96208566
vt 0.61461025 0.98275656
vt 0.56520724 0.9879821
vt 0.630896 0.97751456
vt 0.630896 0.9722282
vt 0.630896 0.9671157
vt 0.630896 0.96208566
vt 0.61461025 0.97751456
vt 0.56520724 0.98275656
vt 0.61461025 0.9722282
vt 0.61461025 0.9671157
vt 0.61461025 0.96208566
vt 0.56520724 0.97751456
vt 0.5443084 0.98275656
vt 0.5443084 0.9879821
vt 0.56520724 0.9722282
vt 0.56520724 0.9671157
vt 0.56520724 0.96208566
vt 0.5443084 0.96208566
vt 0.5443084 0.97751456
vt 0.5257837 0.98275656
vt 0.5257837 0.9879821
vt 0.50200903 0.9879821
vt 0.5443084 0.9671157
vt 0.5443084 0.9722282
vt 0.50200903 0.98275656
vt 0.4903732 0.9879821
vt 0.5257837 0.97751456
vt 0.5257837 0.9671157
vt 0.5257837 0.96208566
vt 0.5257837 0.9722282
vt 0.4903732 0.98275656
vt 0.47825122 0.9879821
vt 0.50200903 0.97751456
vt 0.50200903 0.9671157
vt 0.50200903 0.96208566
vt 0.50200903 0.9722282
vt 0.47825122 0.98275656
vt 0.4651298 0.9879821
vt 0.4903732 0.97751456
vt 0.4903732 0.9671157
vt 0.4903732 0.96208566
vt 0.4903732 0.9722282
vt 0.4651298 0.98275656
vt 0.42146495 0.9879821
vt 0.47825122 0.97751456
vt 0.47825122 0.9671157
vt 0.47825122 0.96208566
vt 0.47825122 0.9722282
vt 0.42146495 0.98275656
vt 0.40860325 0.9879821
vt 0.4651298 0.97751456
vt 0.4651298 0.9671157
vt 0.4651298 0.96208566
vt 0.4651298 0.9722282
vt 0.40860325 0.98275656
vt 0.3946419 0.9879821
vt 0.3946419 0.98275656
vt 0.42146495 0.97751456
vt 0.40860325 0.97751456
vt 0.3946419 0.97751456
vt 0.42146495 0.9722282
vt 0.42146495 0.9671157
vt 0.42146495 0.96208566
vt 0.40860325 0.9722282
vt 0.3946419 0.9722282
vt 0.40860325 0.9671157
vt 0.40860325 0.96208566
vt 0.3946419 0.9671157
vt 0.3946419 0.96208566
vt 0.20786275 0.016412705
vt 0.19962388 0.013210231
vt 0.19962388 0.016412705
vt 0.20786275 0.013210231
vt 0.19962388 0.010819602
vt 0.21193251 0.016412705
vt 0.20786275 0.010819602
vt 0.19962388 0.007989534
vt 0.21193251 0.013210231
vt 0.21995796 0.016412705
vt 0.20786275 0.007989534
vt 0.19962388 0.005566869
vt 0.20786275 0.005566869
vt 0.21995796 0.013210231
vt 0.22541644 0.016412705
vt 0.21193251 0.010819602
vt 0.21193251 0.007989534
vt 0.21193251 0.005566869
vt 0.22541644 0.013210231
vt 0.23384976 0.016412705
vt 0.23384976 0.013210231
vt 0.21995796 0.010819602
vt 0.21995796 0.007989534
vt 0.21995796 0.005566869
vt 0.22541644 0.010819602
vt 0.23384976 0.010819602
vt 0.22541644 0.007989534
vt 0.22541644 0.005566869
vt 0.23384976 0.007989534
vt 0.23384976 0.005566869
vt 0.21388772 0.024914764
vt 0.2229668 0.027413605
vt 0.2229668 0.024914764
vt 0.21388772 0.027413605
vt 0.2229668 0.030094478
vt 0.2105196 0.024914764
vt 0.21388772 0.030094478
vt 0.2229668 0.032282766
vt 0.2105196 0.027413605
vt 0.20319548 0.024914764
vt 0.21388772 0.032282766
vt 0.2229668 0.036603734
vt 0.20319548 0.027413605
vt 0.19880486 0.024914764
vt 0.2105196 0.030094478
vt 0.21388772 0.036603734
vt 0.21388772 0.03846403
vt 0.19880486 0.027413605
vt 0.19075248 0.024914764
vt 0.19075248 0.027413605
vt 0.2105196 0.032282766
vt 0.2105196 0.036603734
vt 0.2105196 0.03846403
vt 0.20319548 0.03846403
vt 0.20319548 0.030094478
vt 0.19880486 0.030094478
vt 0.19075248 0.030094478
vt 0.20319548 0.032282766
vt 0.19880486 0.032282766
vt 0.19075248 0.032282766
vt 0.20319548 0.036603734
vt 0.19880486 0.036603734
vt 0.19075248 0.036603734
vt 0.19880486 0.03846403
vt 0.9675865 0.583596
vt 0.9707447 0.5737738
vt 0.9675865 0.5737738
vt 0.9707447 0.583596
vt 0.9762764 0.5737738
vt 0.9675865 0.59103864
vt 0.9762764 0.583596
vt 0.9793191 0.5737738
vt 0.9793191 0.583596
vt 0.9707447 0.59103864
vt 0.9675865 0.603572
vt 0.9762764 0.59103864
vt 0.9793191 0.59103864
vt 0.9707447 0.603572
vt 0.9675865 0.6118475
vt 0.9762764 0.603572
vt 0.9793191 0.603572
vt 0.9707447 0.6118475
vt 0.9675865 0.6206726
vt 0.9707447 0.6206726
vt 0.9762764 0.6206726
vt 0.9762764 0.6118475
vt 0.9793191 0.6118475
vt 0.9793191 0.6206726
vt 0.64080095 0.6249924
vt 0.62665325 0.6297507
vt 0.64080095 0.6297507
vt 0.62665325 0.6249924
vt 0.62665325 0.6175765
vt 0.64080095 0.6175765
vt 0.40086347 0.9067768
vt 0.39585188 0.8944803
vt 0.39585188 0.9067768
vt 0.40086347 0.8944803
vt 0.40598398 0.9067768
vt 0.40086347 0.85367274
vt 0.40598398 0.85367274
vt 0.40086347 0.8387897
vt 0.41114625 0.9067768
vt 0.40598398 0.8387897
vt 0.40086347 0.82542604
vt 0.41114625 0.85367274
vt 0.41627726 0.9067768
vt 0.41627726 0.85367274
vt 0.42130333 0.9067768
vt 0.42130333 0.85367274
vt 0.41114625 0.8387897
vt 0.41627726 0.8387897
vt 0.42130333 0.8387897
vt 0.40598398 0.82542604
vt 0.41627726 0.82542604
vt 0.42130333 0.82542604
vt 0.41114625 0.82542604
vt 0.41627726 0.7888557
vt 0.42130333 0.7888557
vt 0.41114625 0.7888557
vt 0.40598398 0.7888557
vt 0.40086347 0.7888557
vt 0.41627726 0.7761881
vt 0.42130333 0.7761881
vt 0.41114625 0.7761881
vt 0.39585188 0.7888557
vt 0.39585188 0.82542604
vt 0.39585188 0.7761881
vt 0.40086347 0.7761881
vt 0.39585188 0.7629991
vt 0.40598398 0.7761881
vt 0.40086347 0.7629991
vt 0.39585188 0.7520717
vt 0.41627726 0.7629991
vt 0.42130333 0.7629991
vt 0.41114625 0.7629991
vt 0.40598398 0.7629991
vt 0.40086347 0.7520717
vt 0.39585188 0.73815125
vt 0.41627726 0.7520717
vt 0.42130333 0.7520717
vt 0.41114625 0.7520717
vt 0.40598398 0.7520717
vt 0.40086347 0.73815125
vt 0.39585188 0.7013063
vt 0.41627726 0.73815125
vt 0.42130333 0.73815125
vt 0.41114625 0.73815125
vt 0.40598398 0.73815125
vt 0.40086347 0.7013063
vt 0.39585188 0.68839085
vt 0.41627726 0.7013063
vt 0.42130333 0.7013063
vt 0.41114625 0.7013063
vt 0.40598398 0.7013063
vt 0.40086347 0.68839085
vt 0.39585188 0.67404336
vt 0.41627726 0.68839085
vt 0.42130333 0.68839085
vt 0.41114625 0.68839085
vt 0.40598398 0.68839085
vt 0.40086347 0.67404336
vt 0.39585188 0.65791714
vt 0.41627726 0.67404336
vt 0.42130333 0.67404336
vt 0.41114625 0.67404336
vt 0.40598398 0.67404336
vt 0.40086347 0.65791714
vt 0.39585188 0.6027553
vt 0.40086347 0.6027553
vt 0.40598398 0.65791714
vt 0.41627726 0.65791714
vt 0.42130333 0.65791714
vt 0.41114625 0.65791714
vt 0.40598398 0.6027553
vt 0.40086347 0.5848112
vt 0.41627726 0.6027553
vt 0.42130333 0.6027553
vt 0.41114625 0.6027553
vt 0.40598398 0.5848112
vt 0.40086347 0.5639
vt 0.41627726 0.5848112
vt 0.42130333 0.5848112
vt 0.41114625 0.5848112
vt 0.40598398 0.5639
vt 0.40086347 0.52101964
vt 0.40598398 0.52101964
vt 0.41114625 0.5639
vt 0.41114625 0.52101964
vt 0.41627726 0.5639
vt 0.41627726 0.52101964
vt 0.42130333 0.5639
vt 0.42130333 0.52101964
vt 0.42660174 0.52101964
vt 0.42660174 0.5639
vt 0.44634396 0.3326638
vt 0.43936074 0.34636104
vt 0.44634396 0.34636104
vt 0.43936074 0.3326638
vt 0.4346835 0.3326638
vt 0.4346835 0.34636104
vt 0.51812387 0.53645134
vt 0.52504075 0.520381
vt 0.51812387 0.520381
vt 0.52504075 0.53645134
vt 0.53174615 0.520381
vt 0.51812387 0.5499966
vt 0.53174615 0.53645134
vt 0.5383954 0.520381
vt 0.52504075 0.5499966
vt 0.51812387 0.5642967
vt 0.5383954 0.53645134
vt 0.5451788 0.520381
vt 0.52504075 0.5642967
vt 0.51812387 0.57886624
vt 0.53174615 0.5499966
vt 0.5451788 0.53645134
vt 0.5521394 0.520381
vt 0.5521394 0.53645134
vt 0.52504075 0.57886624
vt 0.51812387 0.5925498
vt 0.5383954 0.5499966
vt 0.5451788 0.5499966
vt 0.5521394 0.5499966
vt 0.53174615 0.5642967
vt 0.52504075 0.5925498
vt 0.51812387 0.60542536
vt 0.5383954 0.5642967
vt 0.5451788 0.5642967
vt 0.5521394 0.5642967
vt 0.53174615 0.57886624
vt 0.52504075 0.60542536
vt 0.51812387 0.6166105
vt 0.5383954 0.57886624
vt 0.5451788 0.57886624
vt 0.5521394 0.57886624
vt 0.53174615 0.5925498
vt 0.52504075 0.6166105
vt 0.51812387 0.6315352
vt 0.5383954 0.5925498
vt 0.5451788 0.5925498
vt 0.5521394 0.5925498
vt 0.53174615 0.60542536
vt 0.52504075 0.6315352
vt 0.51812387 0.6417723
vt 0.5383954 0.60542536
vt 0.5451788 0.60542536
vt 0.5521394 0.60542536
vt 0.53174615 0.6166105
vt 0.52504075 0.6417723
vt 0.51812387 0.6559464
vt 0.5383954 0.6166105
vt 0.5451788 0.6166105
vt 0.5521394 0.6166105
vt 0.53174615 0.6315352
vt 0.52504075 0.6559464
vt 0.51812387 0.6706077
vt 0.5383954 0.6315352
vt 0.5451788 0.6315352
vt 0.5521394 0.6315352
vt 0.53174615 0.6417723
vt 0.52504075 0.6706077
vt 0.51812387 0.68448555
vt 0.5383954 0.6417723
vt 0.5451788 0.6417723
vt 0.5521394 0.6417723
vt 0.53174615 0.6559464
vt 0.52504075 0.68448555
vt 0.51812387 0.69461334
vt 0.5383954 0.6559464
vt 0.5451788 0.6559464
vt 0.5521394 0.6559464
vt 0.53174615 0.6706077
vt 0.52504075 0.69461334
vt 0.51812387 0.7066591
vt 0.5383954 0.6706077
vt 0.5451788 0.6706077
vt 0.5521394 0.6706077
vt 0.53174615 0.68448555
vt 0.52504075 0.7066591
vt 0.51812387 0.7221197
vt 0.5383954 0.68448555
vt 0.5451788 0.68448555
vt 0.5521394 0.68448555
vt 0.53174615 0.69461334
vt 0.52504075 0.7221197
vt 0.51812387 0.7369311
vt 0.5383954 0.69461334
vt 0.5451788 0.69461334
vt 0.5521394 0.69461334
vt 0.53174615 0.7066591
vt 0.52504075 0.7369311
vt 0.51812387 0.74902594
vt 0.5383954 0.7066591
vt 0.5451788 0.7066591
vt 0.5521394 0.7066591
vt 0.53174615 0.7221197
vt 0.52504075 0.74902594
vt 0.51812387 0.76745474
vt 0.5383954 0.7221197
vt 0.5451788 0.7221197
vt 0.5521394 0.7221197
vt 0.53174615 0.7369311
vt 0.52504075 0.76745474
vt 0.51812387 0.78034973
vt 0.5383954 0.7369311
vt 0.5451788 0.7369311
vt 0.5521394 0.7369311
vt 0.53174615 0.74902594
vt 0.52504075 0.78034973
vt 0.51812387 0.79270995
vt 0.5383954 0.74902594
vt 0.5451788 0.74902594
vt 0.5521394 0.74902594
vt 0.53174615 0.76745474
vt 0.52504075 0.79270995
vt 0.51812387 0.8036493
vt 0.5383954 0.76745474
vt 0.5451788 0.76745474
vt 0.5521394 0.76745474
vt 0.53174615 0.78034973
vt 0.52504075 0.8036493
vt 0.51812387 0.82002234
vt 0.5383954 0.78034973
vt 0.5451788 0.78034973
vt 0.5521394 0.78034973
vt 0.53174615 0.79270995
vt 0.52504075 0.82002234
vt 0.51812387 0.8311231
vt 0.5383954 0.79270995
vt 0.5451788 0.79270995
vt 0.5521394 0.79270995
vt 0.53174615 0.8036493
vt 0.52504075 0.8311231
vt 0.51812387 0.84553456
vt 0.5383954 0.8036493
vt 0.5451788 0.8036493
vt 0.5521394 0.8036493
vt 0.53174615 0.82002234
vt 0.52504075 0.84553456
vt 0.51812387 0.8557092
vt 0.5383954 0.82002234
vt 0.5451788 0.82002234
vt 0.5521394 0.82002234
vt 0.53174615 0.8311231
vt 0.52504075 0.8557092
vt 0.51812387 0.86704457
vt 0.5383954 0.8311231
vt 0.5451788 0.8311231
vt 0.5521394 0.8311231
vt 0.53174615 0.84553456
vt 0.52504075 0.86704457
vt 0.51812387 0.88005555
vt 0.5383954 0.84553456
vt 0.5451788 0.84553456
vt 0.5521394 0.84553456
vt 0.53174615 0.8557092
vt 0.52504075 0.88005555
vt 0.51812387 0.89340514
vt 0.5383954 0.8557092
vt 0.5451788 0.8557092
vt 0.5521394 0.8557092
vt 0.53174615 0.86704457
vt 0.5250804 0.89340514
vt 0.51812387 0.90644294
vt 0.5250804 0.90644294
vt 0.5383954 0.86704457
vt 0.5451788 0.86704457
vt 0.5521394 0.86704457
vt 0.5317699 0.8800577
vt 0.53179365 0.89340514
vt 0.53179365 0.90644294
vt 0.53844094 0.8800577
vt 0.54518497 0.8800577
vt 0.55214036 0.8800577
vt 0.5384864 0.89340514
vt 0.5384864 0.90644294
vt 0.5451911 0.89340514
vt 0.55214137 0.89340514
vt 0.5451911 0.90644294
vt 0.55214137 0.90644294
vt 0.3530495 0.6007202
vt 0.35958126 0.5855586
vt 0.3530495 0.5855586
vt 0.35958126 0.6007202
vt 0.3658926 0.5855586
vt 0.3530495 0.61395484
vt 0.3658926 0.6007202
vt 0.37215614 0.5855586
vt 0.35958126 0.61395484
vt 0.3530495 0.6261678
vt 0.37215614 0.6007202
vt 0.37852317 0.5855586
vt 0.35958126 0.6261678
vt 0.3530495 0.6417389
vt 0.3658926 0.61395484
vt 0.37852317 0.6007202
vt 0.38506928 0.5855586
vt 0.38506928 0.6007202
vt 0.35958126 0.6417389
vt 0.3530495 0.65331227
vt 0.37215614 0.61395484
vt 0.37852317 0.61395484
vt 0.38506928 0.61395484
vt 0.3658926 0.6261678
vt 0.35958126 0.65331227
vt 0.3530495 0.66717833
vt 0.37215614 0.6261678
vt 0.37852317 0.6261678
vt 0.38506928 0.6261678
vt 0.3658926 0.6417389
vt 0.35958126 0.66717833
vt 0.3530495 0.6806845
vt 0.37215614 0.6417389
vt 0.37852317 0.6417389
vt 0.38506928 0.6417389
vt 0.3658926 0.65331227
vt 0.35958126 0.6806845
vt 0.3530495 0.6971065
vt 0.37215614 0.65331227
vt 0.37852317 0.65331227
vt 0.38506928 0.65331227
vt 0.3658926 0.66717833
vt 0.35958126 0.6971065
vt 0.3530495 0.7166099
vt 0.37215614 0.66717833
vt 0.37852317 0.66717833
vt 0.38506928 0.66717833
vt 0.3658926 0.6806845
vt 0.35958126 0.7166099
vt 0.3530495 0.7351112
vt 0.37215614 0.6806845
vt 0.37852317 0.6806845
vt 0.38506928 0.6806845
vt 0.3658926 0.6971065
vt 0.35958126 0.7351112
vt 0.3530495 0.74828714
vt 0.37215614 0.6971065
vt 0.37852317 0.6971065
vt 0.38506928 0.6971065
vt 0.3658926 0.7166099
vt 0.35958126 0.74828714
vt 0.3530495 0.76068825
vt 0.37215614 0.7166099
vt 0.37852317 0.7166099
vt 0.38506928 0.7166099
vt 0.3658926 0.7351112
vt 0.35958126 0.76068825
vt 0.3530495 0.7699905
vt 0.37215614 0.7351112
vt 0.37852317 0.7351112
vt 0.38506928 0.7351112
vt 0.3658926 0.74828714
vt 0.35958126 0.7699905
vt 0.3530495 0.78799796
vt 0.37215614 0.74828714
vt 0.37852317 0.74828714
vt 0.38506928 0.74828714
vt 0.3658926 0.76068825
vt 0.35958126 0.78799796
vt 0.3530495 0.8044968
vt 0.37215614 0.76068825
vt 0.37852317 0.76068825
vt 0.38506928 0.76068825
vt 0.3658926 0.7699905
vt 0.35958126 0.8044968
vt 0.3530495 0.8228455
vt 0.35958126 0.8228455
vt 0.37215614 0.7699905
vt 0.37852317 0.7699905
vt 0.38506928 0.7699905
vt 0.3658926 0.78799796
vt 0.3658926 0.8044968
vt 0.3658926 0.8228455
vt 0.37215614 0.78799796
vt 0.37852317 0.78799796
vt 0.38506928 0.78799796
vt 0.37215614 0.8044968
vt 0.37215614 0.8228455
vt 0.37852317 0.8044968
vt 0.38506928 0.8044968
vt 0.37852317 0.8228455
vt 0.38506928 0.8228455
vt 0.3530495 0.8396835
vt 0.35958126 0.8228455
vt 0.3530495 0.8228455
vt 0.35958126 0.8396835
vt 0.3658926 0.8228455
vt 0.3530495 0.85483724
vt 0.3658926 0.8396835
vt 0.37215614 0.8228455
vt 0.35958126 0.85483724
vt 0.3530495 0.86892277
vt 0.37215614 0.8396835
vt 0.37852317 0.8228455
vt 0.35958126 0.86892277
vt 0.3530495 0.88014513
vt 0.3658926 0.85483724
vt 0.37852317 0.8396835
vt 0.38506928 0.8228455
vt 0.38506928 0.8396835
vt 0.35958126 0.88014513
vt 0.3530495 0.89440554
vt 0.37215614 0.85483724
vt 0.37852317 0.85483724
vt 0.38506928 0.85483724
vt 0.3658926 0.86892277
vt 0.35958126 0.89440554
vt 0.3530495 0.90634084
vt 0.37215614 0.86892277
vt 0.37852317 0.86892277
vt 0.38506928 0.86892277
vt 0.3658926 0.88014513
vt 0.35958126 0.90634084
vt 0.3530495 0.9247134
vt 0.37215614 0.88014513
vt 0.37852317 0.88014513
vt 0.38506928 0.88014513
vt 0.3658926 0.89440554
vt 0.35958126 0.9247134
vt 0.3530495 0.94227093
vt 0.37215614 0.89440554
vt 0.37852317 0.89440554
vt 0.38506928 0.89440554
vt 0.3658926 0.90634084
vt 0.35958126 0.94227093
vt 0.3530495 0.95872283
vt 0.37215614 0.90634084
vt 0.37852317 0.90634084
vt 0.38506928 0.90634084
vt 0.3658926 0.9247134
vt 0.35958126 0.95872283
vt 0.3530495 0.9738508
vt 0.37215614 0.9247134
vt 0.37852317 0.9247134
vt 0.38506928 0.9247134
vt 0.3658926 0.94227093
vt 0.35958126 0.9738508
vt 0.3530495 0.9885188
vt 0.35958126 0.9885188
vt 0.37215614 0.94227093
vt 0.37852317 0.94227093
vt 0.38506928 0.94227093
vt 0.3658926 0.95872283
vt 0.3658926 0.9738508
vt 0.3658926 0.9885188
vt 0.37215614 0.95872283
vt 0.37852317 0.95872283
vt 0.38506928 0.95872283
vt 0.37215614 0.9738508
vt 0.37215614 0.9885188
vt 0.37852317 0.9738508
vt 0.38506928 0.9738508
vt 0.37852317 0.9885188
vt 0.38506928 0.9885188
vt 0.3530495 0.39120337
vt 0.35958126 0.37515157
vt 0.3530495 0.37515157
vt 0.35958126 0.39120337
vt 0.3658926 0.37515157
vt 0.3530495 0.40546834
vt 0.3658926 0.39120337
vt 0.37215614 0.37515157
vt 0.35958126 0.40546834
vt 0.3530495 0.41907194
vt 0.37215614 0.39120337
vt 0.37852317 0.37515157
vt 0.35958126 0.41907194
vt 0.3530495 0.43477502
vt 0.3658926 0.40546834
vt 0.37852317 0.39120337
vt 0.38506928 0.37515157
vt 0.38506928 0.39120337
vt 0.35958126 0.43477502
vt 0.3530495 0.45071518
vt 0.37215614 0.40546834
vt 0.37852317 0.40546834
vt 0.38506928 0.40546834
vt 0.3658926 0.41907194
vt 0.35958126 0.45071518
vt 0.3530495 0.463426
vt 0.37215614 0.41907194
vt 0.37852317 0.41907194
vt 0.38506928 0.41907194
vt 0.3658926 0.43477502
vt 0.35958126 0.463426
vt 0.3530495 0.4817109
vt 0.37215614 0.43477502
vt 0.37852317 0.43477502
vt 0.38506928 0.43477502
vt 0.3658926 0.45071518
vt 0.35958126 0.4817109
vt 0.3530495 0.49865994
vt 0.37215614 0.45071518
vt 0.37852317 0.45071518
vt 0.38506928 0.45071518
vt 0.3658926 0.463426
vt 0.35958126 0.49865994
vt 0.3530495 0.5122812
vt 0.37215614 0.463426
vt 0.37852317 0.463426
vt 0.38506928 0.463426
vt 0.3658926 0.4817109
vt 0.35958126 0.5122812
vt 0.3530495 0.52611136
vt 0.37215614 0.4817109
vt 0.37852317 0.4817109
vt 0.38506928 0.4817109
vt 0.3658926 0.49865994
vt 0.35958126 0.52611136
vt 0.3530495 0.54219
vt 0.37215614 0.49865994
vt 0.37852317 0.49865994
vt 0.38506928 0.49865994
vt 0.3658926 0.5122812
vt 0.35958126 0.54219
vt 0.3530495 0.5570918
vt 0.37215614 0.5122812
vt 0.37852317 0.5122812
vt 0.38506928 0.5122812
vt 0.3658926 0.52611136
vt 0.35958126 0.5570918
vt 0.3530495 0.5714576
vt 0.37215614 0.52611136
vt 0.37852317 0.52611136
vt 0.38506928 0.52611136
vt 0.3658926 0.54219
vt 0.35958126 0.5714576
vt 0.3530495 0.5855586
vt 0.35958126 0.5855586
vt 0.37215614 0.54219
vt 0.37852317 0.54219
vt 0.38506928 0.54219
vt 0.3658926 0.5570918
vt 0.3658926 0.5714576
vt 0.3658926 0.5855586
vt 0.37215614 0.5570918
vt 0.37852317 0.5570918
vt 0.38506928 0.5570918
vt 0.37215614 0.5714576
vt 0.37215614 0.5855586
vt 0.37852317 0.5714576
vt 0.38506928 0.5714576
vt 0.37852317 0.5855586
vt 0.38506928 0.5855586
vt 0.5090779 0.89050305
vt 0.5025728 0.9062183
vt 0.5090779 0.9062183
vt 0.5025728 0.89050305
vt 0.49627498 0.9062183
vt 0.5090779 0.87464315
vt 0.49627498 0.89050305
vt 0.48999658 0.9062183
vt 0.5025728 0.87464315
vt 0.5090779 0.8602734
vt 0.48999658 0.89050305
vt 0.48370695 0.9062183
vt 0.5025728 0.8602734
vt 0.5090779 0.8419632
vt 0.49627498 0.87464315
vt 0.48370695 0.89050305
vt 0.47718692 0.9062183
vt 0.47718692 0.89050305
vt 0.5025728 0.8419632
vt 0.5090779 0.8238352
vt 0.48999658 0.87464315
vt 0.48370695 0.87464315
vt 0.47718692 0.87464315
vt 0.49627498 0.8602734
vt 0.5025728 0.8238352
vt 0.5090779 0.80543107
vt 0.48999658 0.8602734
vt 0.48370695 0.8602734
vt 0.47718692 0.8602734
vt 0.49627498 0.8419632
vt 0.5025728 0.80543107
vt 0.5090779 0.7907635
vt 0.48999658 0.8419632
vt 0.48370695 0.8419632
vt 0.47718692 0.8419632
vt 0.49627498 0.8238352
vt 0.5025728 0.7907635
vt 0.5090779 0.77504694
vt 0.48999658 0.8238352
vt 0.48370695 0.8238352
vt 0.47718692 0.8238352
vt 0.49627498 0.80543107
vt 0.5025728 0.77504694
vt 0.5090779 0.75931257
vt 0.48999658 0.80543107
vt 0.48370695 0.80543107
vt 0.47718692 0.80543107
vt 0.49627498 0.7907635
vt 0.5025728 0.75931257
vt 0.5090779 0.74269694
vt 0.48999658 0.7907635
vt 0.48370695 0.7907635
vt 0.47718692 0.7907635
vt 0.49627498 0.77504694
vt 0.5025728 0.74269694
vt 0.5090779 0.7233277
vt 0.48999658 0.77504694
vt 0.48370695 0.77504694
vt 0.47718692 0.77504694
vt 0.49627498 0.75931257
vt 0.5025728 0.7233277
vt 0.5090779 0.7102642
vt 0.48999658 0.75931257
vt 0.48370695 0.75931257
vt 0.47718692 0.75931257
vt 0.49627498 0.74269694
vt 0.5025728 0.7102642
vt 0.5090779 0.6945377
vt 0.5025728 0.6945377
vt 0.48999658 0.74269694
vt 0.48370695 0.74269694
vt 0.47718692 0.74269694
vt 0.49627498 0.7233277
vt 0.49627498 0.7102642
vt 0.49627498 0.6945377
vt 0.48999658 0.7233277
vt 0.48370695 0.7233277
vt 0.47718692 0.7233277
vt 0.48999658 0.7102642
vt 0.48999658 0.6945377
vt 0.48370695 0.7102642
vt 0.47718692 0.7102642
vt 0.48370695 0.6945377
vt 0.47718692 0.6945377
vt 0.4314238 0.7102168
vt 0.43848383 0.6945943
vt 0.4314238 0.6945943
vt 0.43848383 0.7102168
vt 0.4454089 0.6945943
vt 0.4314238 0.72449553
vt 0.4454089 0.7102168
vt 0.45230705 0.6945943
vt 0.43848383 0.72449553
vt 0.4314238 0.7394266
vt 0.45230705 0.7102168
vt 0.4593081 0.6945943
vt 0.43848383 0.7394266
vt 0.4314238 0.7565388
vt 0.4454089 0.72449553
vt 0.4593081 0.7102168
vt 0.46643108 0.6945943
vt 0.46643108 0.7102168
vt 0.43848383 0.7565388
vt 0.4314238 0.77004933
vt 0.45230705 0.72449553
vt 0.4593081 0.72449553
vt 0.46643108 0.72449553
vt 0.4454089 0.7394266
vt 0.43848383 0.77004933
vt 0.4314238 0.78316003
vt 0.45230705 0.7394266
vt 0.4593081 0.7394266
vt 0.46643108 0.7394266
vt 0.4454089 0.7565388
vt 0.43848383 0.78316003
vt 0.4314238 0.7968091
vt 0.45230705 0.7565388
vt 0.4593081 0.7565388
vt 0.46643108 0.7565388
vt 0.4454089 0.77004933
vt 0.43848383 0.7968091
vt 0.4314238 0.810645
vt 0.45230705 0.77004933
vt 0.4593081 0.77004933
vt 0.46643108 0.77004933
vt 0.4454089 0.78316003
vt 0.43848383 0.810645
vt 0.4314238 0.82720524
vt 0.45230705 0.78316003
vt 0.4593081 0.78316003
vt 0.46643108 0.78316003
vt 0.4454089 0.7968091
vt 0.43848383 0.82720524
vt 0.4314238 0.8427352
vt 0.45230705 0.7968091
vt 0.4593081 0.7968091
vt 0.46643108 0.7968091
vt 0.4454089 0.810645
vt 0.43848383 0.8427352
vt 0.4314238 0.8578613
vt 0.45230705 0.810645
vt 0.4593081 0.810645
vt 0.46643108 0.810645
vt 0.4454089 0.82720524
vt 0.43848383 0.8578613
vt 0.4314238 0.8764418
vt 0.45230705 0.82720524
vt 0.4593081 0.82720524
vt 0.46643108 0.82720524
vt 0.4454089 0.8427352
vt 0.43848383 0.8764418
vt 0.4314238 0.89082634
vt 0.45230705 0.8427352
vt 0.4593081 0.8427352
vt 0.46643108 0.8427352
vt 0.4454089 0.8578613
vt 0.43848383 0.89082634
vt 0.4314238 0.9065584
vt 0.43848383 0.9065584
vt 0.45230705 0.8578613
vt 0.4593081 0.8578613
vt 0.46643108 0.8578613
vt 0.4454089 0.8764418
vt 0.4454089 0.89082634
vt 0.4454089 0.9065584
vt 0.45230705 0.8764418
vt 0.4593081 0.8764418
vt 0.46643108 0.8764418
vt 0.45230705 0.89082634
vt 0.45230705 0.9065584
vt 0.4593081 0.89082634
vt 0.46643108 0.89082634
vt 0.4593081 0.9065584
vt 0.46643108 0.9065584
vt 0.26065928 0.29190573
vt 0.21506584 0.30673313
vt 0.26065928 0.30673313
vt 0.21506584 0.21147329
vt 0.26481494 0.2784923
vt 0.27202344 0.2687318
vt 0.2803744 0.26249936
vt 0.29455546 0.25804928
vt 0.3098121 0.2114733
vt 0.3098121 0.25804928
vt 1.2150658 0.30673313
vt 1.2606592 0.29190573
vt 1.2606592 0.30673313
vt 1.2150658 0.21147329
vt 1.264815 0.2784923
vt 1.2720234 0.2687318
vt 1.2803744 0.26249936
vt 1.2945554 0.25804928
vt 1.3098121 0.2114733
vt 1.3098121 0.25804928
vt 0.14104573 0.5484651
vt 0.14622696 0.5495799
vt 0.14622696 0.5449994
vt 0.1514079 0.5484647
vt 0.14267361 0.5442359
vt 0.14978066 0.5442467
vt 0.13966116 0.5420725
vt 0.15580052 0.54529583
vt 0.13665365 0.5452955
vt 0.15279332 0.54209167
vt 0.13764812 0.53884417
vt 0.1587356 0.54057854
vt 0.13371937 0.54057825
vt 0.15480608 0.5388628
vt 0.13694145 0.5350584
vt 0.15976544 0.53505874
vt 0.13268907 0.5350584
vt 0.15551342 0.53505874
vt 0.1376486 0.53123266
vt 0.15976505 0.51764137
vt 0.13268907 0.51764137
vt 0.15480608 0.5312328
vt 0.13966116 0.52798927
vt 0.14267361 0.5258219
vt 0.14622696 0.5250609
vt 0.15279263 0.52798945
vt 0.1497804 0.5258221
vt 1.1410457 0.5484651
vt 1.146227 0.5449994
vt 1.146227 0.5495799
vt 1.151408 0.5484647
vt 1.1426736 0.5442359
vt 1.1497806 0.5442467
vt 1.1396612 0.5420725
vt 1.1558006 0.54529583
vt 1.1366537 0.5452955
vt 1.1527933 0.54209167
vt 1.1376481 0.53884417
vt 1.1587356 0.54057854
vt 1.1337193 0.54057825
vt 1.1548061 0.5388628
vt 1.1369414 0.5350584
vt 1.1597655 0.53505874
vt 1.1326891 0.5350584
vt 1.1555134 0.53505874
vt 1.1376486 0.53123266
vt 1.159765 0.51764137
vt 1.1326891 0.51764137
vt 1.1548061 0.5312328
vt 1.1396612 0.52798927
vt 1.1426736 0.5258219
vt 1.146227 0.5250609
vt 1.1527927 0.52798945
vt 1.1497804 0.5258221
vt 0.5616282 0.7383488
vt 0.5616282 0.78445965
vt 0.57321835 0.7844602
vt 0.62476045 0.7383479
vt 0.5616282 0.7967985
vt 0.57321835 0.79679936
vt 0.5616282 0.80789953
vt 0.57321745 0.8079004
vt 0.5616282 0.81832725
vt 0.57321745 0.81832725
vt 0.5616282 0.8287541
vt 0.57321745 0.8287541
vt 0.5616282 0.8398549
vt 0.57321835 0.8398549
vt 0.61317307 0.78445965
vt 0.62476134 0.7844592
vt 0.6247627 0.79679793
vt 0.61317384 0.7967988
vt 0.6247639 0.8078994
vt 0.6131748 0.8079
vt 0.6247639 0.81832725
vt 0.6131748 0.81832725
vt 0.6247631 0.8287539
vt 0.61317444 0.82875377
vt 0.6247631 0.839855
vt 0.61317384 0.8398544
vt 0.6247627 0.85219336
vt 0.6131734 0.8521933
vt 0.61317307 0.8917204
vt 0.6247618 0.89172053
vt 0.6247618 0.9001265
vt 0.6183864 0.90652496
vt 0.5680053 0.90652484
vt 0.57321835 0.8917204
vt 0.561629 0.90012646
vt 0.561629 0.8917204
vt 0.5616282 0.8521933
vt 0.57321835 0.8521933
vt 0.23584487 0.7403606
vt 0.23659183 0.7337454
vt 0.22203128 0.7337454
vt 0.23584487 0.72713006
vt 0.22164938 0.7371207
vt 0.22164944 0.73036987
vt 0.23364149 0.74664366
vt 0.23364154 0.72084665
vt 0.22052291 0.7403265
vt 0.22052296 0.72716403
vt 0.23009223 0.7522795
vt 0.23009223 0.71521133
vt 0.21870837 0.7432012
vt 0.21870837 0.7242895
vt 0.22537489 0.7569837
vt 0.22537489 0.71050733
vt 0.21629626 0.74559987
vt 0.21629626 0.72189105
vt 0.21910593 0.7592271
vt 0.21910593 0.7082635
vt 0.2134073 0.747404
vt 0.21340737 0.72008693
vt 0.21262853 0.75922775
vt 0.21262853 0.70826334
vt 0.21018402 0.74852484
vt 0.21018408 0.71896607
vt 0.2067918 0.75922775
vt 0.2067918 0.7082631
vt 0.2067918 0.7489054
vt 0.20679156 0.71858567
vt 0.20095585 0.75922775
vt 0.20095585 0.70826334
vt 0.20339969 0.74852484
vt 0.20339957 0.71896607
vt 0.1944778 0.7592271
vt 0.1944778 0.7082635
vt 0.2001763 0.747404
vt 0.2001762 0.7200868
vt 0.188209 0.75698364
vt 0.18820883 0.7105072
vt 0.19728734 0.7456
vt 0.19728717 0.7218908
vt 0.1834916 0.7522795
vt 0.18349142 0.7152112
vt 0.194875 0.7432013
vt 0.19487488 0.7242894
vt 0.17994213 0.74664366
vt 0.17994203 0.72084665
vt 0.19306025 0.7403265
vt 0.19306013 0.727164
vt 0.17773868 0.7403606
vt 0.17773864 0.72712994
vt 0.1919337 0.7371208
vt 0.19193359 0.73036987
vt 0.17699167 0.7337454
vt 0.19155176 0.7337454
vt 1.387232 0.11823869
vt 1.3854085 0.1297509
vt 1.3689767 0.124411985
vt 1.3699546 0.11823869
vt 1.3854085 0.106726445
vt 1.3689767 0.11206563
vt 1.3801172 0.09634107
vt 1.3661392 0.1064966
vt 1.3718748 0.08809944
vt 1.3661392 0.12998074
vt 1.3801172 0.14013629
vt 1.3617196 0.10207705
vt 1.3614898 0.0828078
vt 1.3617196 0.13440055
vt 1.3718748 0.1483782
vt 1.3561509 0.09923952
vt 1.3499774 0.08098438
vt 1.3561509 0.13723789
vt 1.3614898 0.15366983
vt 1.3499774 0.09826203
vt 1.3384653 0.0828078
vt 1.3499774 0.13821554
vt 1.3499774 0.15549296
vt 1.3438045 0.099239714
vt 1.32808 0.08809944
vt 1.3438045 0.13723789
vt 1.3384653 0.15366983
vt 1.3382354 0.10207705
vt 1.319838 0.09634107
vt 1.3382354 0.13440055
vt 1.32808 0.1483782
vt 1.3338158 0.1064966
vt 1.3145466 0.106726445
vt 1.3338158 0.12998074
vt 1.319838 0.14013629
vt 1.3309784 0.11206563
vt 1.3127233 0.11823869
vt 1.3309784 0.124411985
vt 1.3145466 0.1297509
vt 1.3300005 0.11823869
vt 0.36897668 0.124411985
vt 0.3854085 0.1297509
vt 0.38723192 0.11823869
vt 0.36613914 0.12998074
vt 0.38011712 0.14013629
vt 0.3699546 0.11823869
vt 0.3854085 0.106726445
vt 0.36897668 0.11206563
vt 0.38011712 0.09634107
vt 0.36613914 0.1064966
vt 0.3718748 0.08809944
vt 0.36171958 0.10207705
vt 0.36148977 0.0828078
vt 0.36171958 0.13440055
vt 0.3718748 0.1483782
vt 0.3561509 0.09923952
vt 0.3499774 0.08098438
vt 0.3561509 0.13723789
vt 0.36148977 0.15366983
vt 0.3499774 0.09826203
vt 0.3384653 0.0828078
vt 0.3499774 0.13821554
vt 0.3499774 0.15549296
vt 0.3438045 0.099239714
vt 0.32808003 0.08809944
vt 0.3438045 0.13723789
vt 0.3384653 0.15366983
vt 0.33823538 0.10207705
vt 0.3198381 0.09634107
vt 0.33823538 0.13440055
vt 0.32808003 0.1483782
vt 0.33381587 0.1064966
vt 0.31454664 0.106726445
vt 0.33381587 0.12998074
vt 0.3198381 0.14013629
vt 0.33097833 0.11206563
vt 0.31272328 0.11823869
vt 0.33097833 0.124411985
vt 0.31454664 0.1297509
vt 0.33000055 0.11823869
vt 0.33248895 0.35749313
vt 0.3235554 0.34558168
vt 0.32164115 0.3502191
vt 0.33602625 0.35394412
vt 0.30884495 0.34264588
vt 0.33973762 0.36837932
vt 0.30884495 0.3476658
vt 0.34435868 0.3664582
vt 0.2941347 0.34558168
vt 0.34228298 0.3812194
vt 0.29604918 0.3502191
vt 0.34435868 0.3812194
vt 0.28166386 0.35394412
vt 0.33973762 0.3940602
vt 0.28520072 0.35749313
vt 0.34435868 0.39598152
vt 0.2733312 0.3664582
vt 0.33248895 0.40494615
vt 0.2779525 0.36837932
vt 0.33602625 0.40849578
vt 0.2733312 0.3812194
vt 0.32164115 0.41222042
vt 0.27540734 0.3812194
vt 0.3235554 0.41685778
vt 0.2733312 0.39598152
vt 0.30884495 0.41477454
vt 0.2779525 0.3940602
vt 0.30884495 0.41979378
vt 0.28166386 0.40849578
vt 0.29604918 0.41222066
vt 0.28520072 0.40494615
vt 0.2941347 0.4168569
vn 1 0 4.431171E-06
vn 1 0 4.4311714E-06
vn 1 0 4.4311714E-06
vn 1 0 0
vn 1 0 0
vn 1 0 0
vn 1 0 4.4311714E-06
vn 1 0 4.431171E-06
vn 1 0 4.4311714E-06
vn 1 0 0
vn 1 0 0
vn 1 0 0
vn 1 0 4.4311805E-06
vn 1 0 4.431181E-06
vn 1 0 4.4311805E-06
vn 1 0 0
vn 1 0 0
vn 1 0 0
vn 1 0 4.4311705E-06
vn 1 0 4.431171E-06
vn 1 0 4.4311705E-06
vn 1 0 0
vn 1 0 0
vn 1 0 0
vn -4.5968304E-07 0.87232274 0.48893046
vn -4.5968298E-07 0.87232274 0.48893046
vn -4.5968298E-07 0.87232274 0.48893046
vn -0.4849467 0.87454367 4.912151E-07
vn -0.48494676 0.87454367 4.9121513E-07
vn -0.48494676 0.87454367 4.9121513E-07
vn -7.173315E-07 0.8723242 -0.48892802
vn -7.173315E-07 0.8723241 -0.48892802
vn -7.173315E-07 0.8723242 -0.48892802
vn 0.4849458 0.8745442 0
vn 0.48494574 0.8745442 0
vn 0.4849458 0.8745442 0
vn 4.5968363E-07 0.87232375 0.4889286
vn 4.5968366E-07 0.8723238 0.4889286
vn 4.5968366E-07 0.8723238 0.4889286
vn -0.48494506 0.8745447 0
vn -0.48494506 0.87454456 0
vn -0.48494506 0.8745447 0
vn 4.874893E-07 0.87232405 -0.48892823
vn 4.874893E-07 0.87232405 -0.48892823
vn 4.8748933E-07 0.87232405 -0.4889283
vn 0.484946 0.87454414 7.4951856E-07
vn 0.484946 0.87454414 7.495185E-07
vn 0.484946 0.87454414 7.4951856E-07
vn -4.5968343E-07 -0.8723236 0.48892897
vn -4.5968338E-07 -0.8723236 0.48892897
vn -4.5968343E-07 -0.8723236 0.48892897
vn -0.48494616 -0.874544 2.5830414E-07
vn -0.4849461 -0.874544 2.583041E-07
vn -0.4849461 -0.874544 2.583041E-07
vn -7.1733155E-07 -0.87232393 -0.48892844
vn -7.1733143E-07 -0.87232393 -0.48892844
vn -7.1733155E-07 -0.87232393 -0.4889285
vn 0.48494524 -0.8745445 -2.5830352E-07
vn 0.48494524 -0.8745445 -2.5830352E-07
vn 0.48494524 -0.8745445 -2.5830352E-07
vn 4.5968395E-07 -0.8723243 0.48892784
vn 4.5968395E-07 -0.8723243 0.48892784
vn 4.59684E-07 -0.8723243 0.48892784
vn -0.48494524 -0.8745445 -2.3291064E-07
vn -0.4849452 -0.87454456 -2.3291065E-07
vn -0.48494524 -0.8745445 -2.3291064E-07
vn 7.173312E-07 -0.8723233 -0.4889295
vn 7.173312E-07 -0.8723233 -0.4889295
vn 7.173312E-07 -0.8723233 -0.4889295
vn 0.48494628 -0.87454396 2.836976E-07
vn 0.48494634 -0.87454396 2.8369763E-07
vn 0.48494628 -0.87454396 2.8369763E-07
vn -0 1 0
vn -0 1 0
vn -0 1 0
vn -0 1 0
vn -4.2049494E-05 0.0002321802 1
vn -4.2049498E-05 0.00023218019 1
vn -6.683013E-06 3.492217E-05 1
vn -2.353476E-05 0.00012852665 1
vn -1.372846E-07 -6.903896E-07 1
vn -3.0404334E-07 -1.5290015E-06 1
vn -0 0 1
vn -0 -1 -1.534089E-07
vn -0 -1 -1.534089E-07
vn -0 -1 -1.534089E-07
vn -0 -1 -1.534089E-07
vn 0.010205561 0.0006433509 -0.9999478
vn 0.007577734 0.0014377806 -0.9999703
vn 0.007577734 0.0014377804 -0.9999703
vn -0.17326877 0.00054402486 -0.9848744
vn -0.17326877 -0.00054374617 -0.9848744
vn 0.010205563 -0.0006430731 -0.9999478
vn -0.5037386 1.9491296E-07 -0.86385614
vn 0.007577734 -0.0014377797 -0.9999703
vn 0.007577734 -0.0014377797 -0.9999703
vn -0.50373846 1.9491296E-07 -0.8638562
vn -0.84315425 1.3017952E-07 -0.53767186
vn -0.84315425 1.301795E-07 -0.53767174
vn -1 0 0
vn -1 0 0
vn -0.99191177 0 -0.12692875
vn -0.99191177 0 -0.12692878
vn -0.9250344 0 -0.37988344
vn -0.9250344 0 -0.37988344
vn -0.81433356 0 -0.5803972
vn -0.81433356 0 -0.5803972
vn -0.6787293 1.2940929E-07 -0.73438853
vn -0.67872936 1.2940929E-07 -0.7343885
vn -0.52199435 1.4812832E-07 -0.85294896
vn -0.52199435 1.4812832E-07 -0.85294896
vn -0.33737257 1.2061379E-07 -0.9413712
vn -0.33737254 1.2061378E-07 -0.9413712
vn -0.116256595 0 -0.9932192
vn -0.11625658 0 -0.9932192
vn 6.6616957E-07 0 -1
vn 6.6616957E-07 0 -1
vn -0 1.8564292E-07 -1
vn -0 1.8564289E-07 -1
vn -4.9422135E-07 2.116552E-07 -1
vn -4.9422135E-07 2.116552E-07 -1
vn 0.016257428 0.99984205 0.007178984
vn 0.012111363 0.9999124 0.005348039
vn 0.008956602 0.9999521 0.0039548646
vn 0.0053518876 0.99998295 0.0023629859
vn 3.6322064E-07 -1 -2.472939E-07
vn -0 -1 -1.5287883E-07
vn -0 -1 -1.6422528E-07
vn 3.261344E-07 -1 -2.5433553E-07
vn -0 -1 -1.9582893E-07
vn -0 -1 -1.6798144E-07
vn -0 -1 -1.6958988E-07
vn 1.0056699E-06 -1 -3.0949428E-07
vn 1.00567E-06 -1 -3.094943E-07
vn 0.70710856 0.707105 1.15513025E-07
vn 0.7071086 0.7071049 1.15513025E-07
vn 0.70710856 0.707105 1.15513025E-07
vn 0.70710856 0.707105 1.15513025E-07
vn 0.70710856 0.707105 1.15513004E-07
vn 0.70710856 0.707105 1.15513004E-07
vn 0.7071085 0.707105 1.1551299E-07
vn 0.70710856 0.707105 1.15513004E-07
vn -2.6163198E-06 1 1.7198296E-07
vn -1.0393312E-06 1 0
vn -2.3060638E-06 1 1.4450022E-07
vn -0 1 2.1841653E-07
vn -6.6694224E-07 1 0
vn 5.2201074E-07 1 3.146289E-07
vn -0 1 1.3903981E-07
vn -0 1 1.38985E-07
vn 1.8962821E-07 1 1.502877E-07
vn 1.8962791E-07 1 1.502877E-07
vn 4.1718187E-07 1 1.5238743E-07
vn 4.1718187E-07 1 1.5238743E-07
vn 0.70711154 0 -0.70710194
vn 0.70711154 0 -0.70710194
vn 0.70711154 0 -0.70710194
vn 0.70711154 0 -0.70710194
vn -0 0 1
vn -0 0 1
vn -0 0 1
vn -0 0 1
vn -0 0 1
vn -0 0 1
vn -0 0 1
vn -0 0 1
vn -0 2.0318313E-07 -1
vn -0 2.0318313E-07 -1
vn 0.15643418 2.003387E-07 -0.98768836
vn 0.15643416 2.003387E-07 -0.98768836
vn 0.6100745 1.605311E-07 -0.79234403
vn 0.6100745 1.6053113E-07 -0.79234403
vn 0.9592517 0 -0.2825529
vn 0.9592517 0 -0.28255293
vn 1 0 -0.00026310852
vn 1 0 -0.00026310852
vn 1.8962783E-07 1 1.5028772E-07
vn 4.1718195E-07 1 1.5238741E-07
vn 4.1718192E-07 1 1.5238741E-07
vn 1.8962804E-07 1 1.502877E-07
vn -0 1 1.4031397E-07
vn -0 1 1.4031399E-07
vn -3.4782354E-07 1 2.0843083E-07
vn -5.3119226E-07 1 1.4344853E-07
vn -2.9097507E-07 1 3.2395712E-07
vn -0 1 5.416766E-07
vn -8.8989947E-07 1 2.3684868E-07
vn -1.0456192E-06 1 2.9587903E-07
vn 0.7883355 0.6152457 0
vn 0.78837043 0.6152009 -4.4063745E-06
vn 0.7883355 0.61524564 0
vn 0.7883354 0.6152457 7.0964455E-07
vn 0.7883812 0.615187 -5.4052985E-06
vn 0.8035299 0.5951601 0.011139277
vn 0.87336457 0.48706472 0.0014912373
vn 0.94355595 0.33117354 0.005115628
vn 0.9791474 0.20315155 2.1947572E-07
vn 0.9806583 0.19572778 0.00014538062
vn 0.9791597 0.20309183 -5.2454467E-05
vn 0.99436957 0.10596789 -0.00016104711
vn 0.99435353 0.10611852 -0.00016096837
vn 0.9943534 -0.10611856 -0.00016100524
vn 0.99436957 -0.10596787 -0.00016108392
vn 0.979147 -0.20315292 -1.0534964E-06
vn 0.97915983 -0.20309143 -5.263802E-05
vn 0.87330955 -0.48715928 0.002495052
vn 0.946514 -0.3225643 0.007969667
vn 0.9806583 -0.19572778 0.00014013992
vn 0.8121783 -0.5831393 0.017750053
vn 0.78838056 -0.6151878 -5.4547754E-06
vn 0.7883708 -0.6152004 -4.6425184E-06
vn 0.7883352 -0.615246 5.9803705E-07
vn 0.7883354 -0.6152457 -1.3843625E-07
vn 0.7883354 -0.61524576 -1.3843626E-07
vn 0.15643507 -2.0085004E-07 0.98768824
vn -0 -2.0318313E-07 1
vn -0 -2.0318313E-07 1
vn 0.15643506 -2.0085004E-07 0.98768824
vn 0.59235775 -1.6368142E-07 0.80567515
vn 0.59235775 -1.6368138E-07 0.80567497
vn 0.9527912 0 0.30362618
vn 0.9527912 0 0.30362618
vn 1 0 0
vn 1 0 0
vn -0.0016731163 0.0031846543 -0.99999356
vn -0.0016731166 0.0031846543 -0.99999356
vn 0.007621021 -0.0012412822 -0.9999702
vn -0.0007148099 0.0009026059 -0.9999994
vn 0.009760807 -0.006311362 -0.9999324
vn 0.018123275 0.0013710664 -0.9998348
vn 0.012115776 0 -0.99992657
vn -0.99999833 0.0005992731 -0.0017178747
vn -0.99999833 0.0005992731 -0.0017178747
vn -0.99999833 0.0005992731 -0.0017178747
vn -0.99999833 0.0005992731 -0.0017178747
vn 0.97764766 0 -0.21024959
vn 0.97764766 0 -0.21024957
vn 0.97764766 0 -0.21024959
vn 0.97764766 0 -0.21024957
vn -1 0 1.2960646E-06
vn -1 0 1.2960646E-06
vn -1 0 1.2960646E-06
vn -1 0 1.2960646E-06
vn -0.0097594345 2.031633E-07 -0.99995244
vn -0.0097594345 2.0316328E-07 -0.99995244
vn -0.0097594345 2.0316328E-07 -0.99995244
vn -0.009759435 2.0316328E-07 -0.99995244
vn -1 0 0
vn -1 0 0
vn -1 0 0
vn -1 0 0
vn 0.9411661 0 0.3379444
vn 1 0 8.666825E-06
vn 1 0 8.666825E-06
vn 0.9411661 0 0.33794424
vn 0.56278425 0 0.8266038
vn 0.56278425 0 0.8266038
vn 0.1564345 0 0.98768836
vn 0.1564345 0 0.98768836
vn -0 0 1
vn -0 0 1
vn 0.7071091 1.1551298E-07 -0.7071044
vn 0.7071091 1.1551298E-07 -0.7071044
vn 0.70710915 1.1551298E-07 -0.7071043
vn 0.7071091 1.1551298E-07 -0.7071044
vn 0.09932048 0 0.99505556
vn 0.0006901319 0 0.99999976
vn 0.0006901319 0 0.99999976
vn 0.09932048 0 0.99505556
vn 0.32933614 0 0.94421273
vn 0.32933605 0 0.94421273
vn 0.28858346 0 0.9574548
vn 0.28858343 0 0.9574548
vn -0.22420941 -0.0009106607 0.97454065
vn -0.2245184 -0.0009119829 0.9744694
vn -0.61654484 -0.0036216404 0.7873115
vn -0.61728173 -0.0036283697 0.7867338
vn -0.726101 -0.0046439636 0.6875725
vn -0.72610104 -0.004643964 0.6875724
vn -0.002992785 0.73738474 0.6754664
vn -0.0012429034 0.7356281 0.6773845
vn -0.0012429034 0.7356281 0.6773845
vn -0.0020022127 0.73593396 0.67705035
vn -0.011780953 0.7404084 0.67205405
vn -0.002220503 0.73496807 0.67809814
vn 0.002475403 0.7315102 0.68182594
vn 0.0022710876 0.7303478 0.6830717
vn 0.00014805565 0.7293319 0.68415993
vn -0.0004909216 0.73001915 0.68342644
vn 0.016255729 -0.99984205 0.0071786926
vn 0.0089560365 -0.9999521 0.003955076
vn 0.012110309 -0.9999124 0.0053480333
vn 0.0053518848 -0.99998295 0.0023634462
vn 0.9220119 1.1844824E-07 -0.38716158
vn 0.7628967 1.9759803E-07 -0.6465204
vn 0.9220119 1.1844824E-07 -0.3871616
vn 0.7628967 1.9759803E-07 -0.6465204
vn 0.52995485 2.5906454E-07 -0.8480259
vn 0.52995485 2.5906454E-07 -0.8480259
vn -1 0 0
vn -1 0 0
vn -1 0 0
vn -1 0 0
vn 5.871492E-07 1 0
vn 1.0848145E-07 1 1.4851685E-07
vn 1.7644005E-07 1 1.5287883E-07
vn 5.1911974E-07 1 0
vn -0 1 1.2378763E-07
vn -2.531088E-07 1 1.8203113E-07
vn -2.4259887E-07 1 1.8092827E-07
vn 6.715825E-07 1 0
vn 6.715825E-07 1 0
vn 0.8985697 0 0.43883088
vn 0.8985697 0 0.4388309
vn 0.8985697 0 0.43883088
vn 0.8985697 0 0.43883088
vn 1 0 0
vn 0.7052164 0 -0.7089921
vn 1 0 0
vn 0.70521665 0 -0.7089919
vn 0.70521617 0 -0.7089924
vn 0.7052162 0 -0.7089923
vn 0.9411673 0 -0.33794102
vn 0.9411673 0 -0.337941
vn 0.5627844 0 -0.8266038
vn 0.5627844 0 -0.8266038
vn 0.1564345 0 -0.98768836
vn 0.1564345 0 -0.98768836
vn -1.6687304E-06 0 -1
vn -1.6687304E-06 0 -1
vn 0.7071086 -0.7071049 -1.1551301E-07
vn 0.7071086 -0.70710486 -1.1551301E-07
vn 0.70710856 -0.707105 -1.15513025E-07
vn 0.7071086 -0.7071049 -1.15513025E-07
vn 0.7071086 -0.70710486 -1.1551301E-07
vn 0.7071086 -0.7071049 -1.15513025E-07
vn 0.7071086 -0.7071049 -1.15513025E-07
vn 0.70710856 -0.707105 -1.15513025E-07
vn -1.6910392E-06 -1 -1.893757E-07
vn -2.3750842E-07 -1 -2.3568963E-07
vn -2.0960651E-06 -1 -1.7074309E-07
vn 1.0040195E-06 -1 -2.9704356E-07
vn 1.7389937E-07 -1 -2.4970157E-07
vn 1.5724057E-06 -1 -3.1462844E-07
vn -0 -1 -1.3903981E-07
vn -0 -1 -1.38985E-07
vn 1.896283E-07 -1 -1.5028755E-07
vn 1.8962801E-07 -1 -1.5028753E-07
vn 4.1718187E-07 -1 -1.5238709E-07
vn 4.1718187E-07 -1 -1.5238709E-07
vn 4.171818E-07 -1 -1.523871E-07
vn 1.8962821E-07 -1 -1.5028755E-07
vn 4.1718175E-07 -1 -1.5238709E-07
vn 1.8962841E-07 -1 -1.5028755E-07
vn -0 -1 -1.4031397E-07
vn -0 -1 -1.4031399E-07
vn -0 -1 -2.3192784E-07
vn -0 -1 -1.6982548E-07
vn -0 -1 -3.436138E-07
vn -0 -1 -5.416766E-07
vn -0 -1 -2.494384E-07
vn -0 -1 -2.9587903E-07
vn 0.021492895 0 0.99976903
vn 0.021492895 0 0.99976903
vn 0.021492895 0 0.99976903
vn 0.021492895 0 0.99976903
vn 0.70710915 0 0.7071043
vn 0.70710915 0 0.7071043
vn 0.70710915 0 0.7071043
vn 0.70710915 0 0.7071043
vn 0.7071086 -1.5401746E-07 0.7071049
vn 0.70710856 -1.5401746E-07 0.707105
vn 0.70710856 -1.5401744E-07 0.707105
vn 0.7071086 -1.5401744E-07 0.70710486
vn -0.005064233 0 0.99998724
vn -0.0050642337 0 0.99998724
vn -0.0050642337 0 0.99998724
vn -0.005064234 0 0.99998724
vn -9.410144E-07 0 1
vn -9.410143E-07 0 1
vn -9.410143E-07 0 1
vn -9.410144E-07 0 1
vn 0.0018136087 -0.7322301 0.6810549
vn -0.004147495 -0.7340141 0.6791215
vn -0.0020394176 -0.73172104 0.68160117
vn 0.0022613998 -0.7303568 0.6830621
vn -0.0022223045 -0.7349729 0.67809284
vn -0.0020055184 -0.7359384 0.6770457
vn -0.011780941 -0.7404085 0.67205393
vn -0.0029927911 -0.7373848 0.67546624
vn -0.0012428954 -0.73562825 0.6773843
vn -0.0012428954 -0.73562825 0.6773843
vn 0.0059347916 2.0855957E-07 -0.9999825
vn 0.0059347916 2.0855957E-07 -0.9999825
vn 0.0059347916 2.0855957E-07 -0.9999825
vn 0.005934791 2.0855957E-07 -0.9999825
vn 0.0513549 2.5077844E-07 -0.9986804
vn 0.051354904 2.5077847E-07 -0.9986804
vn 0.025685934 2.92642E-07 -0.99967
vn 0.025685936 2.9264194E-07 -0.99967
vn -0 3.3431243E-07 -1
vn -0 3.3431243E-07 -1
vn -1 0 0
vn -1 0 0
vn -1 0 0
vn -1 0 0
vn 0.3015217 3.0574753E-05 0.9534594
vn 0.3015217 3.0574753E-05 0.9534594
vn 0.3015217 3.0574753E-05 0.9534594
vn 0.3015217 3.0574753E-05 0.9534594
vn -0.37667808 -2.3827707E-07 0.9263442
vn -0.37667808 -2.3827707E-07 0.9263442
vn -0.3766781 -2.3827707E-07 0.9263442
vn -0.37667805 -2.3827707E-07 0.9263442
vn 0.99999905 9.293882E-05 -0.0013876893
vn 0.99999905 9.293882E-05 -0.0013876893
vn 0.99999905 9.2938826E-05 -0.0013876893
vn 0.99999905 9.2938826E-05 -0.0013876893
vn 1 0 0
vn 1 0 0
vn 1 0 0
vn 1 0 0
vn 0.9871788 0.0040469966 -0.15956679
vn 0.98660314 0.004739324 -0.16306977
vn 0.98768175 0 -0.15647583
vn 0.9863603 0.0015974307 -0.16459286
vn 0.9696535 -1.7754577E-05 -0.24448335
vn 0.9696693 0 -0.24442087
vn 0.87780017 0 -0.47902697
vn 0.9864515 -0.0017416829 -0.16404402
vn 0.87780017 0 -0.4790269
vn 0.9865854 -0.004712823 -0.16317753
vn 0.9871788 -0.004047029 -0.15956682
vn 0.98768175 0 -0.15647586
vn 0.6675528 0 -0.7445623
vn 0.66755295 0 -0.7445623
vn 0.36901617 0 -0.9294229
vn 0.36901617 0 -0.9294229
vn 0.023171527 0 -0.9997315
vn 0.023171548 0 -0.9997315
vn -0.3237307 0 -0.9461493
vn -0.3237307 0 -0.9461493
vn -0.629313 0 -0.777152
vn -0.629313 0 -0.7771519
vn -0.8526337 0 -0.52250904
vn -0.8526337 0 -0.5225091
vn -0.9781345 0 -0.20797314
vn -0.9781345 0 -0.20797317
vn -0.9926191 0 0.12127331
vn -0.9926191 0 0.12127329
vn -0.937606 0 0.3476994
vn -0.937606 0 0.3476994
vn -0.9100364 0 0.41452837
vn -0.9100364 0 0.41452837
vn 1 0 0
vn 1 0 0
vn 1 0 0
vn 1 0 0
vn 1 0 0
vn 1 0 0
vn 1 0 0
vn 1 0 0
vn -8.128079E-05 -1 -2.0207395E-07
vn 0.00037884057 -0.9999999 -0.0003529925
vn -3.3579672E-05 -1 -1.7507904E-05
vn -4.0126393E-05 -1 -9.382088E-05
vn -3.038838E-05 -1 -5.3111697E-05
vn -0 -1 -1.453836E-07
vn 0.0009257874 -0.99999964 -1.4864927E-05
vn -0 -1 -1.6743053E-07
vn -0 -1 -1.6053549E-07
vn -0 -1 -1.605355E-07
vn -0 -1 -1.2884327E-07
vn -0 -1 -1.4952462E-07
vn -0 -1 -4.781153E-07
vn 0.0007671149 -0.9999994 -0.0008526513
vn 0.0009045724 -0.9999995 0.00030348642
vn 0.002124774 -0.99999774 0.00041791768
vn 0.0001747778 -1 -0.0003182976
vn 0.0017682096 -0.99999845 0.00026531355
vn 9.0091395E-05 -1 -6.3673935E-05
vn 0.0018389865 -0.9999982 0.00037450055
vn 0.0035520275 -0.9999937 0.00011501833
vn 0.0037849166 -0.99999285 2.1282336E-05
vn 0.00038382536 -0.9999999 0.00021828075
vn 0.0020049782 -0.99999774 0.0006765772
vn 0.0019382619 -0.99999785 0.0007007316
vn 0.00056741154 -0.99999905 0.0012376583
vn 0.00014457552 -1 0.00025542176
vn 0.0006193233 -0.99999964 0.00069963065
vn 0.000103193226 -1 6.182906E-05
vn 0.00038984188 -1 -0.00013175968
vn 0.00018265231 -1 -5.984483E-05
vn 0.00032294466 -0.9999995 -0.0008917712
vn -1.8341967E-07 -1 1.1967312E-07
vn 0.00020810243 -1 7.013114E-05
vn 0.00025233446 -0.9999999 0.00055028324
vn -2.6793367E-07 -1 0
vn -3.0456944E-05 -1 -3.6072242E-06
vn 7.566471E-07 -1 0
vn 7.7479785E-07 -1 -1.9634173E-07
vn -2.3417331E-07 -1 -1.7101887E-07
vn -9.683666E-05 -1 -1.1113968E-05
vn -1.5992597E-05 -1 -5.3665008E-05
vn 0.00042247173 -1 -6.846283E-06
vn 0.00042375457 -0.9999999 -8.422999E-05
vn 3.8475344E-05 -1 -7.506199E-05
vn -9.689217E-05 -1 -9.181716E-05
vn 1.5162202E-05 -1 1.1266108E-05
vn 1.51622025E-05 -1 1.1266108E-05
vn -8.079743E-05 -1 -0.00019386406
vn -0 -1 0
vn -0 -1 0
vn -0 -1 0
vn -0 -1 0
vn -1.1883395E-07 -1 -1.5138312E-07
vn -1.0599187E-07 -1 -1.4838922E-07
vn 0.30901778 0 -0.95105624
vn 0.30901775 0 -0.95105624
vn 0.45399103 0 -0.89100623
vn 0.45399103 0 -0.89100623
vn 0.70710737 0 -0.7071061
vn 0.7071073 0 -0.70710623
vn 0.89245474 0 -0.4511369
vn 0.89245474 0 -0.4511369
vn 0.98018265 0 -0.19809598
vn 0.9723911 0 -0.23335709
vn 0.99860173 0 -0.052862972
vn 0.99761826 0 -0.06897692
vn 0.9998919 0 -0.014705211
vn 0.9998919 0 -0.014705212
vn -0 -0.70710707 -0.7071065
vn -0 -0.7071068 -0.70710677
vn -0 -0.70710707 -0.7071064
vn -1.9716106E-05 -0.7088238 -0.7053856
vn -9.512769E-06 -0.7079382 -0.70627445
vn 0.000745585 -0.70800287 -0.7062091
vn 0.0011701559 -0.7071066 -0.70710593
vn 0.005300212 -0.7564669 -0.6540104
vn 0.005808884 -0.7650217 -0.6439783
vn 0.010553906 -0.9420376 -0.3353414
vn 0.010541702 -0.9407065 -0.33905777
vn 0.011581123 -0.99837625 -0.05577367
vn 0.011481033 -0.99810237 -0.06049689
vn 0.005792687 -0.9999825 -0.0012591747
vn 0.006824062 -0.999956 -0.006439559
vn -0.002235092 -0.9998418 0.017642401
vn -0.002040216 -0.999833 0.018163256
vn -0.0038831446 -0.99997103 0.0065418384
vn -0.0039168694 -0.99996996 0.0066948608
vn -0.0018706495 -0.9999975 0.0012171878
vn -0.0018595627 -0.9999976 0.0012045896
vn -6.147799E-05 -1 -0.00020676827
vn -5.7956517E-05 -1 -0.00020750039
vn 0.00030706995 -1 -0.0001721632
vn 0.00031661117 -1 -0.00017750787
vn -0 -1 -1.5262148E-07
vn -0 -1 -1.5262148E-07
vn -0.7071069 -0.70710665 5.862025E-07
vn -0.70710677 -0.70710677 8.073985E-07
vn -0.70710707 -0.7071064 2.0316588E-07
vn -0.7071068 -0.70710677 0
vn -0.707107 -0.70710653 0
vn -0.6997585 -0.7095621 -0.08282277
vn -0.6997586 -0.70956206 -0.08282292
vn -0.63589406 -0.71393335 -0.293152
vn -0.635894 -0.7139333 -0.29315215
vn -0.49689275 -0.7114738 -0.49689287
vn -0.49689287 -0.7114738 -0.49689275
vn -0.3190249 -0.7114735 -0.6261219
vn -0.31902513 -0.7114735 -0.6261217
vn -0.1097294 -0.71148896 -0.694077
vn -0.10972943 -0.71148896 -0.69407696
vn 0.11012816 -0.7114572 -0.69404644
vn 0.11012808 -0.71145713 -0.69404656
vn 0.3190258 -0.71147263 -0.62612236
vn 0.3190261 -0.71147263 -0.6261222
vn 0.49689406 -0.7114726 -0.49689344
vn 0.4968942 -0.7114726 -0.49689326
vn 0.6178328 -0.71761584 -0.32141894
vn 0.61959904 -0.71788234 -0.31739885
vn 0.6577928 -0.72012806 -0.22073594
vn 0.6577928 -0.72012806 -0.22073597
vn -0.72294426 -0.69090235 0.002368095
vn -0.72294426 -0.69090235 0.0023680949
vn -0.72294426 -0.69090235 0.0023680949
vn -0.7229442 -0.69090235 0.0023680949
vn -0.5641818 -0.7777726 0.27707157
vn -0.7504172 -0.59248036 0.2929866
vn -0.72256243 -0.60030395 0.34283933
vn -0.557369 -0.7981116 0.22881804
vn -0.80128 -0.58751464 0.11303466
vn -0.15714853 -0.98363113 0.08817162
vn -0.12385182 -0.9882211 0.08988718
vn -0.60287136 -0.7917423 0.09843919
vn -0.7930479 -0.5897748 -0.15244928
vn 0.16079998 -0.9869376 -0.009879397
vn 0.18854232 -0.98206353 0.001747198
vn -0.17006512 -0.9840169 0.052807532
vn 0.58108646 -0.80443364 -0.12339031
vn 0.6173704 -0.78238064 -0.08206259
vn 0.15277241 -0.98693466 -0.05119141
vn 0.76319665 -0.6374439 -0.105812214
vn 0.737778 -0.66605765 -0.109777026
vn 0.7862264 -0.58999896 -0.18370982
vn 0.7124769 -0.59393656 -0.37365222
vn 0.5390753 -0.798262 -0.26865515
vn 0.54329807 -0.59665066 -0.5906227
vn 0.11671625 -0.98832524 -0.09793136
vn 0.4116574 -0.80155176 -0.43365058
vn 0.3016411 -0.59842294 -0.7422282
vn -0.16939121 -0.98554164 -0.003792566
vn 0.22856808 -0.80292803 -0.5505118
vn 0.018088005 -0.59866804 -0.800793
vn 0.06491266 -0.9891103 -0.13208711
vn -0.5982505 -0.7947878 -0.1020229
vn 0.015830258 -0.804602 -0.59360343
vn -0.26410708 -0.59899324 -0.7559462
vn -0.1484792 -0.98716927 -0.058743812
vn -0.5229669 -0.79920304 -0.29627696
vn -0.69223523 -0.5944721 -0.40916172
vn -0.5123637 -0.59696865 -0.6173426
vn 0.005805548 -0.9897013 -0.14303023
vn -0.11009487 -0.98849523 -0.10371213
vn -0.38826975 -0.8019789 -0.45395643
vn -0.05617351 -0.98919374 -0.13542664
vn -0.19956471 -0.80327487 -0.5611805
vn 0.019054035 -0.7399194 0.67242557
vn 0.019054031 -0.7399194 0.67242557
vn 0.02347387 -0.7341525 0.6785787
vn 0.024800066 -0.7324086 0.68041354
vn 0.045845088 -0.703896 0.7088221
vn 0.045845088 -0.7038959 0.7088221
vn -0.15614651 -5.976559E-06 -0.98773396
vn 0.0005569629 -3.3771117E-05 -0.9999999
vn 0.0005569629 -3.3771117E-05 -0.9999999
vn 0.0005755544 -1.8578943E-05 -0.9999999
vn -0.15614656 5.976558E-06 -0.98773396
vn 0.00057555444 1.8578947E-05 -0.9999999
vn 0.00055696303 3.377112E-05 -0.9999999
vn 0.00055696303 3.377112E-05 -0.9999999
vn -0.45399064 0 -0.8910064
vn -0.45399064 0 -0.8910064
vn -0.70710677 0 -0.70710677
vn -0.70710677 0 -0.70710677
vn -0.9081426 0 -0.4186609
vn -0.9081426 0 -0.4186609
vn -0.99306834 0 -0.117538914
vn -0.99306834 0 -0.1175389
vn -0.9858985 0 0.16734444
vn -0.9858985 0 0.16734444
vn -0.8453557 -1.09833486E-07 0.5342038
vn -0.84535575 -1.0983349E-07 0.5342038
vn -0.5219136 -1.776344E-07 0.8529983
vn -0.5219136 -1.776344E-07 0.8529983
vn -0.2670913 -1.9865071E-07 0.96367127
vn -0.26709124 -1.986507E-07 0.96367127
vn -0.10360134 -1.8803925E-07 0.9946189
vn -0.10360134 -1.8803925E-07 0.9946189
vn 0.11704245 -1.7503896E-07 0.99312687
vn 0.117042445 -1.7503895E-07 0.99312687
vn 0.3383823 -1.6376434E-07 0.9410087
vn 0.33838233 -1.637644E-07 0.9410087
vn 0.52062535 -1.4842072E-07 0.8537852
vn 0.5206254 -1.4842077E-07 0.8537852
vn 0.6735951 -1.00563476E-07 0.73910064
vn 0.6735951 -1.00563476E-07 0.73910064
vn 0.80594987 0 0.59198385
vn 0.80594975 0 0.59198385
vn 0.91655797 0 0.39990187
vn 0.91655797 0 0.39990187
vn 0.98759544 0 0.15702002
vn 0.98759544 0 0.15702005
vn 0.99942005 0 0.034053523
vn 0.99942005 0 0.034053523
vn 0.99942005 0 0.034053523
vn 0.99942005 0 0.034053523
vn -0.004930842 0.9996277 -0.026834093
vn -0.0049308427 0.9996277 -0.026834097
vn -0.0010964312 0.99998164 -0.0059666326
vn -0.003471983 0.9998155 -0.018894752
vn -0 1 2.2315263E-07
vn -0 1 2.5576983E-07
vn -0 1 2.1828119E-07
vn -1.435303E-07 1 1.6857315E-07
vn -0 1 1.8513039E-07
vn -2.4954986E-07 1 0
vn -1.7823093E-07 1 1.4480577E-07
vn -1.4233498E-07 1 1.1885303E-07
vn -0 1 1.6272368E-07
vn -1.208696E-07 1 0
vn -0 1 1.8584544E-07
vn -0 0.0098406775 -0.9999516
vn -1.7209351E-06 0.009809729 -0.99995196
vn -0 0.009840679 -0.9999516
vn -7.199951E-07 0.009827728 -0.9999517
vn 0.002665205 0.008613515 -0.99995935
vn 0.00344774 0.008266398 -0.99995995
vn 0.0067856736 0.0067856736 -0.999954
vn -0 -1 -1.5342216E-07
vn -0 -1 -1.5342216E-07
vn -0 -1 -1.5342216E-07
vn -0 -1 -1.5342216E-07
vn -0.0034810114 0.014042146 0.99989533
vn -0.0055677695 0.013913075 0.9998877
vn 1.1026985E-05 0.01748505 0.9998472
vn -0.0072286413 0.014024567 0.99987555
vn -0.0034130798 0.01207733 0.9999212
vn -0.0026482567 0.010851128 0.99993765
vn -0.002648256 0.010851127 0.99993765
vn 0.39892092 -0.9169853 -1.3976506E-05
vn 0.39892092 -0.9169853 -1.3976506E-05
vn 0.5219104 -0.8530003 -7.125506E-06
vn 0.5219499 -0.8529762 -7.123189E-06
vn 0.63486856 -0.7726202 -1.3754709E-07
vn 0.6348685 -0.7726202 -1.3754708E-07
vn -0 0 1
vn -0 0 1
vn -0 0 1
vn -0 0 1
vn 3.2496098E-07 5.3513413E-06 -1
vn -0 0 -1
vn -0 0 -1
vn -0 3.9281276E-06 -1
vn -8.456889E-07 5.958463E-07 -1
vn -9.4377646E-07 0 -1
vn 4.903787E-07 1.5435357E-07 -1
vn -0 0 -1
vn 3.6765518E-06 -4.4742765E-06 -1
vn -0.025491955 -0.00013781965 0.99967504
vn -0.025491955 -0.00013781965 0.99967504
vn -0.025491951 -0.00013781965 0.99967504
vn -0.025491955 -0.00013781965 0.99967504
vn 1 3.2805171E-06 -6.1368814E-07
vn 1 3.2805174E-06 -6.1368814E-07
vn 1 3.2805171E-06 -6.136882E-07
vn 1 3.280517E-06 -6.1368814E-07
vn -2.4700676E-05 0 1
vn -2.4700676E-05 0 1
vn -2.4700676E-05 0 1
vn -2.4700676E-05 0 1
vn -1 0 0
vn -1 0 0
vn -1 0 0
vn -1 0 0
vn -0 -1 -1.0968165E-07
vn -0 -1 0
vn -0 -1 -1.5979327E-07
vn -0 -1 -1.4918353E-07
vn -0 -1 -1.5007414E-07
vn 1.1868972E-07 -1 0
vn -0 -1 -2.612677E-07
vn -0 -1 -2.2386415E-07
vn -0 -1 0
vn -0 -1 0
vn -0 -1 -1.0288116E-07
vn -0.99998856 -5.34117E-07 0.0047882204
vn -0.9982535 -2.67453E-07 0.05907553
vn -0.99998856 -5.34117E-07 0.0047882204
vn -0.9982535 -2.674531E-07 0.059075505
vn -0.9702241 0 0.24220872
vn -0.9702241 0 0.24220867
vn -0.872893 0 0.48791164
vn -0.872893 0 0.48791164
vn -0.68260634 0 0.7307862
vn -0.6826064 0 0.7307862
vn -0.42646873 0 0.90450233
vn -0.42646876 0 0.90450233
vn -0.15229519 0 0.988335
vn -0.15229519 0 0.988335
vn -0 0 1
vn -0 0 1
vn -3.4079824E-06 0 1
vn -3.4079826E-06 0 1
vn -3.4079824E-06 0 1
vn -3.4079824E-06 0 1
vn -0.000311284 0.9999975 0.0022076159
vn 0.0006188204 0.9999988 0.0014186633
vn 0.00061882037 0.9999988 0.0014186633
vn 0.00034396918 0.9999993 0.0011812658
vn -8.228557E-05 1 -0.00028142502
vn -0 1 0
vn -0 1 0
vn -0.0021643979 0.9999933 -0.0029707344
vn 0.0004741967 0.9999999 -0.00040485358
vn 0.00047419668 0.9999999 -0.0004048536
vn 0.9996382 0.026899442 6.2387185E-06
vn 0.9996382 0.026899442 6.2387194E-06
vn 0.9996382 0.026899442 6.2387194E-06
vn 0.9996382 0.026899442 6.23872E-06
vn -0 -1 -1.8550124E-07
vn -0 -1 -1.2237126E-07
vn -0 -1 -1.8550124E-07
vn -0 -1 -1.1255416E-07
vn -0 -1 -1.2477989E-07
vn -0 -1 -2.9148777E-07
vn -0 -1 -2.4274843E-07
vn 1.119614E-07 -1 0
vn -0 -1 -2.7276033E-07
vn -1.18526465E-07 -1 -4.216797E-07
vn -0 -1 -2.193714E-07
vn -0 -1 -2.0213645E-07
vn -0 -1 0
vn -0 -1 0
vn -0 -1 -1.7601926E-07
vn -0 -1 -1.5178014E-07
vn -0 -1 -1.02881174E-07
vn 1 0 0
vn 1 0 0
vn 1 0 0
vn 1 0 0
vn -0.9999951 0.0031508526 0
vn -0.9999951 0.0031508526 0
vn -0.9999951 0.0031508526 0
vn -0.9999951 0.0031508526 0
vn 1 0 0
vn 1 0 0
vn 1 0 0
vn 1 0 0
vn 1 0 0
vn 1 0 0
vn 1 0 0
vn 1 0 0
vn -1 0 8.2304797E-07
vn -1 3.5284895E-06 7.5690974E-07
vn -1 0 8.2304797E-07
vn -1 3.6725191E-06 6.7790234E-07
vn -1 7.044804E-07 1.5066643E-06
vn -1 0 1.6267385E-06
vn -1 4.3722143E-06 1.1690788E-07
vn -1 4.10017E-06 0
vn -1 0 0
vn -0.99574524 0 0.092149064
vn -1 0 0
vn -0.99574524 0 0.09214902
vn -0.9169075 1.7576799E-06 0.39909962
vn -0.9169075 1.7576808E-06 0.39909965
vn -0.70710623 3.0056958E-06 0.7071073
vn -0.7071054 3.005692E-06 0.70710814
vn -0.5177224 1.2648329E-06 0.8555487
vn -0.51772237 1.2648325E-06 0.8555487
vn -0.2240146 0 0.97458583
vn -0.22401464 0 0.97458583
vn 2.808074E-06 0 1
vn 2.808074E-06 0 1
vn -0 -1 0
vn -0 -1 -1.8399369E-07
vn -0 -1 1.2740524E-07
vn 3.9456944E-07 -1 4.3065185E-07
vn 3.2501808E-07 -1 5.887687E-07
vn -2.6669747E-07 -1 0
vn -2.1597563E-07 -1 0
vn -0 -1 1.01671155E-07
vn -0 0 -1
vn -0 0 -1
vn -0 0 -1
vn -0 0 -1
vn -0 -1 0
vn -0 -1 0
vn -0 -1 0
vn -0 -1 0
vn -0 -1 1.0393034E-07
vn -0 -1 0
vn -0 -1 2.0576199E-07
vn -0 -1 0
vn 1.0640689E-07 -1 0
vn 5.760867E-07 -1 3.713169E-07
vn 3.188423E-07 -1 2.5770845E-07
vn -0 -1 -4.91599E-07
vn -0 -1 -2.331693E-07
vn 3.177314E-07 -1 -1.1837571E-06
vn -0.0035265018 0.99995625 -0.008662663
vn -0.0035265018 0.99995625 -0.008662663
vn -0.0035265014 0.99995625 -0.0086626625
vn -0.0035265018 0.99995625 -0.0086626625
vn 4.6003558E-07 1.8667084E-06 -1
vn -0 2.1235394E-07 -1
vn 3.8927084E-07 1.5795626E-06 -1
vn -0 0 -1
vn -0 0 -1
vn -5.661047E-07 -1 1.2951543E-06
vn -6.4006684E-07 -1 1.4949569E-06
vn -5.6610475E-07 -1 1.2951543E-06
vn -6.375267E-07 -1 1.5206975E-06
vn -8.281383E-07 -1 2.011934E-06
vn -6.232498E-07 -1 1.4892018E-06
vn -6.232498E-07 -1 1.4892018E-06
vn -0 -1 1.4177257E-07
vn -0 -1 1.4177257E-07
vn -0 -1 1.4177257E-07
vn -0 -1 1.4177257E-07
vn -2.509279E-07 -0.65578467 0.754948
vn 0.17978078 -0.66026574 0.7291969
vn -2.5092788E-07 -0.65578455 0.754948
vn 0.16783893 -0.66064924 0.7316916
vn 0.1755842 -0.65853125 0.7317833
vn 0.17243755 -0.6585978 0.73247135
vn -2.4349345E-07 -0.6519838 0.7582329
vn -2.4349342E-07 -0.6519838 0.7582329
vn 0.7071077 -0.7071058 -1.2247187E-07
vn 0.7071077 -0.70710576 -1.2247189E-07
vn 0.7071078 -0.7071057 -1.2247187E-07
vn 0.7071077 -0.7071058 -1.2247189E-07
vn -0 -0.707107 0.70710653
vn -0 -0.70710695 0.7071066
vn -0 -0.707107 0.70710653
vn -0 -0.707107 0.70710653
vn 1.2316755E-07 -0.707107 -0.70710653
vn 1.2316755E-07 -0.707107 -0.70710653
vn 1.2316755E-07 -0.707107 -0.70710653
vn 1.2316755E-07 -0.707107 -0.70710653
vn 0.97111183 -0.2386247 0
vn 0.999012 -0.04444088 0
vn 0.999012 -0.044440884 0
vn 0.97111183 -0.2386247 0
vn 0.76040566 -0.64944845 0
vn 0.7604056 -0.6494485 0
vn 0.4836155 -0.8752805 0
vn 0.4836155 -0.8752805 0
vn 0.40322626 -0.9151003 0
vn 0.40322623 -0.9151003 0
vn -0.70710576 -0.7071077 -1.2386324E-07
vn -0.7071058 -0.7071077 -1.2386324E-07
vn -0.7071058 -0.7071077 -1.2386324E-07
vn -0.70710576 -0.7071077 -1.2386324E-07
vn 2.7134989E-05 -0.32200378 0.9467384
vn 5.187849E-05 -0.61463803 0.7888093
vn 5.187849E-05 -0.6146381 0.7888093
vn 2.7384498E-05 -0.3249544 0.9457297
vn -0 0 1
vn -0 0 1
vn -0 0 1
vn 1.5166192E-07 7.1478905E-07 -1
vn 1.4054274E-07 4.396738E-07 -1
vn 1.4054274E-07 4.396738E-07 -1
vn 3.586606E-05 -0.416344 -0.90920717
vn 3.5554003E-05 -0.41256204 -0.91092956
vn 6.5077606E-05 -0.75708616 -0.65331495
vn 6.5077606E-05 -0.75708616 -0.653315
vn 1.9024179E-07 -7.2830863E-07 1
vn 5.5235296E-07 -1.1971745E-06 1
vn -0 0 1
vn 6.8449515E-07 -2.1388437E-06 1
vn 2.322405E-07 -5.1966063E-06 1
vn -0 -6.3674884E-06 1
vn -1 0 0
vn -1 0 0
vn -1 0 0
vn -1 0 0
vn -1 0 0
vn -1 0 0
vn -2.625178E-07 1.0050126E-06 -1
vn -0 2.397149E-07 -1
vn -1.5159317E-07 5.803531E-07 -1
vn -0 0 -1
vn -0 0 -1
vn -0 0 -1
vn -0.9999999 -0.0005418642 0.00010399961
vn -0.9999999 -0.0005255556 0.00013402276
vn -0.9999999 -0.0005255555 0.00013402276
vn -0.9999999 -0.0005291632 0.00012738114
vn -0.9999999 -0.0005432853 0.0001013835
vn -0.9999999 -0.0005432853 0.000101383506
vn -0.000105934836 -0.00052261696 0.9999999
vn -0.00013755614 -0.00049475185 0.9999999
vn -0.00013755614 -0.0004947518 0.9999999
vn -0.00013025639 -0.0005011845 0.9999999
vn -0.00010301093 -0.0005251936 0.9999999
vn -0.000103010934 -0.00052519364 0.9999999
vn 1 0.0002321288 4.95579E-05
vn 1 0.00023212876 4.95579E-05
vn 1 0.00023212878 4.9557897E-05
vn 1 0.00023212878 4.95579E-05
vn 4.83141E-07 -1 1.310471E-06
vn 5.1709804E-07 -1 0
vn 5.064845E-07 -1 4.558161E-07
vn 4.4066343E-07 -1 -1.3232241E-07
vn 3.5587297E-07 -1 -2.1373424E-07
vn 1.10947084E-07 -1 -2.593855E-07
vn 1.8956626E-07 -1 -3.1137373E-07
vn -5.5532706E-07 -1 -1.8854718E-07
vn -0 -1 -2.273077E-07
vn -1.971085E-06 -1 0
vn -0.36051282 -0.9327515 0.0022852747
vn -0.60536623 -0.7959378 0.0038373158
vn -0.59703195 -0.8002353 0.05635813
vn -0.3671821 -0.9296277 0.03113908
vn -0.5501455 -0.812467 0.19296972
vn -0.051217485 -0.99760866 0.04640908
vn -0.34970886 -0.92983884 0.11447042
vn -0.4336407 -0.8245953 0.3633159
vn -0.28105572 -0.931835 0.22954549
vn -0.1649876 -0.93295634 0.31995562
vn -0.2635694 -0.8245779 0.50060195
vn -0.05352372 -0.93288934 0.3561639
vn -0.005751056 -0.9376477 0.34753972
vn -0.091101736 -0.8171354 0.5692014
vn -0.009666592 -0.8115923 0.58414423
vn -2.7536658E-05 0.0001225839 -1
vn -2.7536658E-05 0.00012258391 -1
vn -2.7536658E-05 0.00012258391 -1
vn -2.7536658E-05 0.00012258391 -1
vn -0 -1 -1.8599412E-07
vn -0 -1 -1.8599411E-07
vn -0 -1 -1.8599412E-07
vn -0 -1 -1.8599411E-07
vn 0.7071077 -0.70710576 -1.224719E-07
vn 0.7071077 -0.70710576 -1.224719E-07
vn 0.7071077 -0.7071058 -1.224719E-07
vn 0.7071077 -0.7071058 -1.224719E-07
vn -1.2316758E-07 -0.70710677 0.70710677
vn -1.2316758E-07 -0.70710677 0.70710677
vn -1.2316758E-07 -0.70710677 0.70710677
vn -1.2316758E-07 -0.70710677 0.70710677
vn 1.850992E-07 -0.70710725 -0.7071063
vn 1.850992E-07 -0.70710725 -0.70710623
vn 1.8509918E-07 -0.70710725 -0.7071063
vn 1.850992E-07 -0.70710725 -0.7071063
vn 0.97111183 -0.23862474 0
vn 0.999012 -0.044440944 0
vn 0.999012 -0.044440944 0
vn 0.97111183 -0.2386248 0
vn 0.76040566 -0.64944845 0
vn 0.7604056 -0.6494486 0
vn 0.48712996 -0.87332946 0.000257705
vn 0.48713014 -0.87332934 0.00025770423
vn 0.4105702 -0.9118289 0.0005134691
vn 0.4105702 -0.9118288 0.00051346904
vn -0.70710576 -0.7071077 -1.2386324E-07
vn -0.7071058 -0.7071077 -1.2386324E-07
vn -0.7071058 -0.7071077 -1.2386326E-07
vn -0.7071058 -0.7071077 -1.2386324E-07
vn 2.6895425E-06 -0.32157156 0.9468852
vn 5.1345887E-06 -0.6139103 0.78937584
vn 5.1345887E-06 -0.6139103 0.78937584
vn 2.7141873E-06 -0.32451823 0.9458794
vn -0 0 1
vn -0 0 1
vn -0 0 1
vn 3.2748864E-07 0 -1
vn 3.27228E-07 0 -1
vn 3.272281E-07 0 -1
vn 3.106804E-05 -0.41619483 -0.9092755
vn 3.0789393E-05 -0.41241443 -0.9109963
vn 5.6171564E-05 -0.75687146 -0.65356374
vn 5.6171557E-05 -0.7568714 -0.6535638
vn 5.7040455E-07 -2.183698E-06 1
vn 1.6561221E-06 -3.589731E-06 1
vn -0 0 1
vn 2.0515959E-06 -6.4147116E-06 1
vn 6.9429467E-07 -1.5569763E-05 1
vn -0 -1.9101946E-05 1
vn -1 0 0
vn -1 0 0
vn -1 0 0
vn -1 0 0
vn -1 0 0
vn -1 0 0
vn -0 0 -1
vn -5.5227366E-07 1.1970241E-06 -1
vn -1.9021394E-07 7.282073E-07 -1
vn -6.843458E-07 2.1386495E-06 -1
vn -2.318987E-07 5.1956395E-06 -1
vn -0 6.3664666E-06 -1
vn -0.9999999 -0.0005418641 0.000103999584
vn -0.9999999 -0.0005255557 0.00013402276
vn -0.9999999 -0.0005255557 0.00013402276
vn -0.9999999 -0.00052916334 0.00012738114
vn -0.9999999 -0.0005432851 0.000101383484
vn -0.9999999 -0.00054328516 0.0001013835
vn -0.0001060111 -0.0005230639 0.9999999
vn -0.00013781717 -0.00049676903 0.9999999
vn -0.00013781717 -0.00049676903 0.9999999
vn -0.00013047477 -0.0005028393 0.9999999
vn -0.000103070095 -0.00052549527 0.9999999
vn -0.0001030701 -0.0005254953 0.9999999
vn 1 0.00023212882 4.9557893E-05
vn 1 0.00023212879 4.9557897E-05
vn 1 0.0002321288 4.9557893E-05
vn 1 0.0002321288 4.9557893E-05
vn 4.8314143E-07 -1 1.3104697E-06
vn 5.8090995E-07 -1 1.0099397E-07
vn 5.503517E-07 -1 4.7902466E-07
vn 4.1505692E-07 -1 -1.728701E-07
vn 3.771975E-07 -1 -2.2940866E-07
vn -0 -1 -3.8014582E-07
vn 2.1588396E-07 -1 -3.2410836E-07
vn -5.2869194E-07 -1 -2.3667936E-07
vn -0 -1 -2.5815226E-07
vn -1.9695724E-06 -1 -1.8288358E-07
vn -0.3605129 -0.93275136 0.0022852698
vn -0.60536623 -0.7959378 0.0038373081
vn -0.59703207 -0.8002353 0.056358192
vn -0.36718208 -0.9296277 0.03113918
vn -0.55014557 -0.8124669 0.19296971
vn -0.051217534 -0.99760866 0.0464091
vn -0.34970886 -0.92983884 0.114470564
vn -0.43364054 -0.8245953 0.36331582
vn -0.28105575 -0.931835 0.22954558
vn -0.1649876 -0.93295634 0.3199554
vn -0.26356936 -0.82457805 0.500602
vn -0.053523622 -0.93288934 0.3561638
vn -0.005750767 -0.9376477 0.34753972
vn -0.09110156 -0.81713545 0.5692013
vn -0.009666041 -0.8115923 0.58414423
vn -2.763328E-05 0.00012258386 -1
vn -2.763328E-05 0.00012258386 -1
vn -2.7633281E-05 0.00012258386 -1
vn -2.763328E-05 0.00012258386 -1
vn -0 -1 -1.8599411E-07
vn -0 -1 -1.8599411E-07
vn -0 -1 -1.8599412E-07
vn -0 -1 -1.8599411E-07
vn -8.130139E-05 1 2.0207395E-07
vn -3.3582462E-05 1 -1.7157447E-05
vn 0.00037883554 0.9999999 -0.00035268316
vn -3.0415515E-05 1 -5.2821866E-05
vn -4.0077353E-05 1 -9.351452E-05
vn -0 1 1.453836E-07
vn 0.00092580443 0.99999964 -1.454735E-05
vn -0 1 1.726832E-07
vn -0 1 1.2884325E-07
vn -0 1 1.7382807E-07
vn -0 1 1.7382806E-07
vn -0 1 1.4952494E-07
vn -0 1 4.781162E-07
vn 0.00076709635 0.9999994 -0.0008523544
vn 0.00090480375 0.9999995 0.0003037739
vn 0.0021246036 0.99999774 0.0004181609
vn 0.00017490143 1 -0.00031815228
vn 0.0017679462 0.99999845 0.00026557955
vn 9.01667E-05 1 -6.344915E-05
vn 0.0018436747 0.9999982 0.00037524433
vn 0.0035884317 0.99999356 0.00011957473
vn 0.00038382586 0.9999999 0.00021854285
vn 0.0019561027 0.9999975 0.0011419698
vn 0.0018889232 0.9999975 0.0011834883
vn 0.00025740283 0.9999982 0.001859964
vn 0.00038985437 1 -0.00013109104
vn 3.528697E-05 1 0.00022384257
vn 0.00018261751 1 -5.930949E-05
vn 0.00032316128 0.9999995 -0.00089011155
vn 0.00014527455 0.99999976 0.0006481056
vn 0.00023089132 0.9999994 0.0010517598
vn 0.00020767812 1 7.042905E-05
vn 0.00025255105 0.9999999 0.00055028324
vn -0 1 1.7516281E-07
vn -3.0186027E-05 1 -3.2318605E-06
vn 7.9116614E-07 1 1.7718911E-07
vn 7.868796E-07 1 1.7484633E-07
vn -0 1 1.7445865E-07
vn -9.683143E-05 1 -1.0785074E-05
vn -1.593583E-05 1 -5.3127544E-05
vn 0.0004186681 1 -6.573649E-06
vn 0.00041996734 0.9999999 -8.357383E-05
vn 3.812535E-05 1 -7.46162E-05
vn -9.673642E-05 1 -9.111695E-05
vn 1.5264675E-05 1 1.1570599E-05
vn 1.5264677E-05 1 1.1570598E-05
vn -8.057788E-05 1 -0.00019386406
vn -0 1 0
vn -0 1 0
vn -0 1 0
vn -0 1 0
vn 1.1883395E-07 1 1.5138312E-07
vn 1.0599187E-07 1 1.4838922E-07
vn 0.30901775 0 -0.95105624
vn 0.45399103 0 -0.89100623
vn 0.30901778 0 -0.95105624
vn 0.45399103 0 -0.89100623
vn 0.7071073 0 -0.70710623
vn 0.7071073 0 -0.70710623
vn 0.8924547 0 -0.45113704
vn 0.89245474 0 -0.45113695
vn 0.98018265 0 -0.19809605
vn 0.9723911 0 -0.23335722
vn 0.99860173 0 -0.052862965
vn 0.99761826 0 -0.06897693
vn 0.9998919 0 -0.014705203
vn 0.9998919 0 -0.014705205
vn -0 0.70710707 -0.7071065
vn -0 0.70710707 -0.7071064
vn -0 0.70710695 -0.7071066
vn -1.979056E-05 0.708824 -0.7053854
vn -9.539819E-06 0.70793825 -0.7062744
vn 0.00074547593 0.7080031 -0.7062088
vn 0.0011700519 0.707107 -0.7071056
vn 0.0053001586 0.7564674 -0.6540098
vn 0.0058088372 0.7650222 -0.6439777
vn 0.010553942 0.94203776 -0.33534077
vn 0.010541735 0.9407067 -0.33905715
vn 0.011581295 0.99837625 -0.05577335
vn 0.011481188 0.99810237 -0.06049658
vn 0.005792899 0.9999825 -0.001258701
vn 0.006824282 0.999956 -0.0064391037
vn -0.0022349444 0.9998418 0.01764284
vn -0.0020400642 0.999833 0.01816371
vn -0.0038830591 0.99997103 0.0065421793
vn -0.0039167833 0.99996996 0.0066952016
vn -0.0018706984 0.9999975 0.0012175217
vn -0.0018596129 0.9999976 0.0012049233
vn -6.1659804E-05 1 -0.00020646385
vn -5.8138412E-05 1 -0.00020719609
vn 0.00030696372 1 -0.00017186684
vn 0.00031650157 1 -0.00017721175
vn -0 1 1.5262137E-07
vn -0 1 1.5262138E-07
vn -0.70710677 0.70710677 7.798562E-07
vn -0.7071071 0.70710635 3.7135095E-07
vn -0.7071066 0.7071069 1.0157596E-06
vn -0.70710707 0.7071064 2.3564768E-07
vn -0.6997585 0.7095621 -0.08282267
vn -0.69975847 0.70956224 -0.08282256
vn -0.6358939 0.71393347 -0.2931519
vn -0.6358939 0.71393347 -0.29315194
vn -0.49689257 0.71147406 -0.4968927
vn -0.49689272 0.7114741 -0.49689248
vn -0.3190249 0.7114738 -0.6261215
vn -0.31902513 0.7114738 -0.6261213
vn -0.10972942 0.7114892 -0.6940767
vn -0.10972946 0.7114892 -0.6940767
vn 0.11012815 0.71145743 -0.6940462
vn 0.11012809 0.7114574 -0.69404626
vn 0.31902584 0.711473 -0.626122
vn 0.31902614 0.7114729 -0.6261218
vn 0.49689403 0.7114728 -0.49689317
vn 0.49689415 0.7114728 -0.49689308
vn 0.6178327 0.71761596 -0.3214188
vn 0.619599 0.71788245 -0.3173987
vn 0.65779275 0.7201281 -0.22073574
vn 0.6577927 0.7201282 -0.22073579
vn -0.72294396 0.6909026 0.0023681861
vn -0.72294396 0.6909026 0.0023681861
vn -0.72294396 0.6909026 0.0023681861
vn -0.72294396 0.6909026 0.0023681861
vn -0.5641818 0.77777255 0.2770717
vn -0.7225625 0.6003037 0.34283942
vn -0.7504172 0.59248024 0.2929868
vn -0.55736893 0.79811156 0.22881831
vn -0.80128 0.58751464 0.1130349
vn -0.15714844 0.983631 0.088172056
vn -0.12385176 0.9882211 0.08988749
vn -0.6028713 0.7917423 0.09843943
vn -0.7919186 0.5910531 -0.15336645
vn 0.16063984 0.986968 -0.009434307
vn 0.18854268 0.9820634 0.0017475543
vn 0.5753812 0.8088954 -0.12093218
vn 0.61861646 0.7813368 -0.082622945
vn -0.17006512 0.9840169 0.052807756
vn 0.1527436 0.98694336 -0.051109422
vn -0.5982417 0.7947938 -0.10202808
vn -0.6923431 0.59439003 -0.40909842
vn 0.7754283 0.62154996 -0.11129559
vn 0.737778 0.6660576 -0.10977672
vn 0.7761749 0.60467607 -0.17865956
vn 0.7124766 0.59393704 -0.37365204
vn 0.53912 0.798153 -0.268889
vn 0.54329735 0.5966519 -0.5906222
vn 0.116716236 0.98832524 -0.09793151
vn -0.16939121 0.98554164 -0.00379219
vn 0.411657 0.8015523 -0.4336501
vn 0.30164054 0.5984243 -0.7422272
vn 0.06491288 0.9891104 -0.1320863
vn 0.2285683 0.8029286 -0.5505108
vn 0.018088387 0.59866816 -0.8007929
vn -0.14847934 0.98716927 -0.0587432
vn 0.015830629 0.8046019 -0.5936035
vn -0.26410684 0.59899384 -0.75594574
vn -0.5240133 0.79870075 -0.29578215
vn -0.5123637 0.59696895 -0.61734235
vn -0.11009482 0.98849535 -0.10371189
vn 0.005805952 0.9897014 -0.14302988
vn -0.38826984 0.8019788 -0.45395643
vn -0.056173768 0.9891935 -0.13542809
vn -0.19956467 0.8032755 -0.5611795
vn 0.023473863 0.7341523 0.67857885
vn 0.019054022 0.7399192 0.6724258
vn 0.019054022 0.73991925 0.6724258
vn 0.024800057 0.73240834 0.6804138
vn 0.045845088 0.703896 0.7088221
vn 0.045845088 0.7038959 0.7088221
vn -0.004948029 -0.9985506 -0.053592544
vn -0.00042000314 -0.9999896 -0.00454844
vn -0.004948029 -0.9985506 -0.053592548
vn -0.004274338 -0.99891865 -0.0462957
vn -0 -1 0
vn -0 -1 -1.1573954E-07
vn -0 -1 -1.1850623E-07
vn -3.0642968E-07 -1 -2.977657E-07
vn -2.1349223E-07 -1 -2.1748505E-07
vn -0 -1 -1.6272368E-07
vn -2.2504075E-07 -1 -2.5146548E-07
vn -1.6362345E-07 -1 -1.8283643E-07
vn -0 -0.009840684 -0.9999516
vn -0 -0.009838305 -0.9999516
vn -1.8232472E-06 -0.009787834 -0.9999521
vn 0.0026655656 -0.008607075 -0.99995947
vn 0.0034477508 -0.008261316 -0.99995995
vn 0.006785709 -0.0067857117 -0.999954
vn -0 1 1.5342216E-07
vn -0 1 1.5342216E-07
vn -0 1 1.5342216E-07
vn -0 1 1.5342216E-07
vn 1.102799E-05 -0.017485056 0.9998472
vn -0.0055677714 -0.0139130745 0.9998877
vn -0.0034810137 -0.01404215 0.99989533
vn -0.0072286413 -0.0140245715 0.99987555
vn -0.0034130795 -0.012077337 0.9999212
vn -0.0026482574 -0.010851133 0.99993765
vn -0.0026482574 -0.010851133 0.99993765
vn 0.52191037 0.8530003 -6.842648E-06
vn 0.39892074 0.9169854 -1.36712915E-05
vn 0.39892074 0.9169854 -1.3671292E-05
vn 0.52194995 0.8529762 -6.8403415E-06
vn 0.63486856 0.77262014 1.1751594E-07
vn 0.6348687 0.7726201 1.1751595E-07
vn -0 0 1
vn -0 0 1
vn -0 0 1
vn -0 0 1
vn 3.2496098E-07 -5.3513413E-06 -1
vn -0 0 -1
vn -0 0 -1
vn -0 -3.928128E-06 -1
vn -8.456889E-07 -5.9584636E-07 -1
vn -9.4377646E-07 0 -1
vn 4.903787E-07 -1.5435357E-07 -1
vn 3.6765518E-06 4.4742765E-06 -1
vn -0 0 -1
vn -0.025491955 0.00013781965 0.99967504
vn -0.025491957 0.00013781965 0.99967504
vn -0.025491957 0.00013781965 0.99967504
vn -0.025491957 0.00013781965 0.99967504
vn 1 -3.2805171E-06 -6.136892E-07
vn 1 -3.280517E-06 -6.1368917E-07
vn 1 -3.280517E-06 -6.1368917E-07
vn 1 -3.2805171E-06 -6.136892E-07
vn -2.4700677E-05 0 1
vn -2.4700677E-05 0 1
vn -2.4700677E-05 0 1
vn -2.4700677E-05 0 1
vn -1 0 0
vn -1 0 0
vn -1 0 0
vn -1 0 0
vn -0 1 1.0968165E-07
vn -0 1 1.5979327E-07
vn -0 1 0
vn -0 1 1.4918353E-07
vn -0 1 1.5007414E-07
vn -1.1868972E-07 1 0
vn -0 1 2.612677E-07
vn -0 1 2.2386415E-07
vn -0 1 0
vn -0 1 0
vn -0 1 1.0288116E-07
vn -0.99998856 5.34117E-07 0.0047882204
vn -0.99998856 5.34117E-07 0.0047882204
vn -0.9982535 2.674531E-07 0.059075505
vn -0.9982535 2.67453E-07 0.05907553
vn -0.9702241 0 0.24220867
vn -0.9702241 0 0.24220872
vn -0.872893 0 0.48791164
vn -0.872893 0 0.48791164
vn -0.68260634 0 0.7307862
vn -0.68260634 0 0.7307862
vn -0.4264688 0 0.9045023
vn -0.42646882 0 0.9045023
vn -0.15229519 0 0.988335
vn -0.15229519 0 0.988335
vn -0 0 1
vn -0 0 1
vn -3.407982E-06 0 1
vn -3.4079824E-06 0 1
vn -3.407982E-06 0 1
vn -3.4079824E-06 0 1
vn -0.000246458 -1 0.00016918742
vn 8.432251E-05 -0.9999999 0.0005412672
vn 8.432251E-05 -0.9999999 0.0005412672
vn 4.6874065E-05 -1 0.00039290564
vn 0.00021083251 -0.99999976 -0.0006685332
vn -0 -1 0
vn -0 -1 0
vn -0.0012122379 -0.99999475 -0.0030217285
vn 0.0008523754 -0.9999994 -0.0007284555
vn 0.00085237535 -0.9999994 -0.0007284554
vn 0.9996382 -0.026899448 6.2287695E-06
vn 0.9996382 -0.026899444 6.2287686E-06
vn 0.9996382 -0.026899446 6.2287686E-06
vn 0.9996382 -0.026899446 6.228769E-06
vn -0 1 1.8550124E-07
vn -0 1 1.8550124E-07
vn -0 1 1.2237126E-07
vn -0 1 1.1238053E-07
vn -0 1 0
vn -0 1 2.8524263E-07
vn -0 1 2.204534E-07
vn -0 1 0
vn -0 1 2.0983771E-07
vn 1.6267703E-07 1 3.3561443E-07
vn -0 1 1.096857E-07
vn -0 1 1.3341187E-07
vn -0 1 0
vn -0 1 0
vn -0 1 1.4778836E-07
vn -0 1 1.4180738E-07
vn -0 1 1.02881174E-07
vn 1 0 0
vn 1 0 0
vn 1 0 0
vn 1 0 0
vn -0.9999951 -0.0031508529 0
vn -0.9999951 -0.0031508529 0
vn -0.9999951 -0.0031508529 0
vn -0.9999951 -0.0031508529 0
vn 1 0 0
vn 1 0 0
vn 1 0 0
vn 1 0 0
vn 1 0 0
vn 1 0 0
vn 1 0 0
vn 1 0 0
vn -1 0 8.2304797E-07
vn -1 0 8.2304797E-07
vn -1 -3.5284852E-06 7.569086E-07
vn -1 -3.6725144E-06 6.7790114E-07
vn -1 -7.044798E-07 1.5066641E-06
vn -1 0 1.6267385E-06
vn -1 -4.3722102E-06 1.16906776E-07
vn -1 -4.1001654E-06 0
vn -1 0 0
vn -1 0 0
vn -0.99574524 0 0.09214905
vn -0.99574524 0 0.092149034
vn -0.9169076 -1.7615251E-06 0.39909953
vn -0.9169075 -1.7615266E-06 0.39909965
vn -0.70710623 -3.0094848E-06 0.7071073
vn -0.7071053 -3.0094814E-06 0.7071082
vn -0.51772237 -1.2648325E-06 0.8555487
vn -0.5177224 -1.2648328E-06 0.8555487
vn -0.22401464 0 0.97458583
vn -0.2240146 0 0.97458583
vn 2.808074E-06 0 1
vn 2.808074E-06 0 1
vn -0 1 0
vn -0 1 4.5867762E-07
vn -0 1 1.8399369E-07
vn 3.8613035E-07 1 7.855564E-07
vn 1.8619421E-07 1 7.279531E-07
vn -0 1 4.364532E-07
vn -0 1 5.3175273E-07
vn -0 1 5.083558E-07
vn -0 0 -1
vn -0 0 -1
vn -0 0 -1
vn -0 0 -1
vn -0 1 2.9100966E-07
vn -0 1 2.9100966E-07
vn -0 1 2.9100966E-07
vn -0 1 2.9100966E-07
vn 1.1008381E-07 1 3.8998348E-07
vn -0 1 4.1152398E-07
vn 1.4029904E-07 1 3.8407106E-07
vn -0 1 2.6609806E-07
vn 1.2684329E-07 1 3.518988E-07
vn 2.423137E-07 1 3.8813235E-07
vn 2.0936193E-07 1 4.3502124E-07
vn 1.4384403E-07 1 -1.2183804E-07
vn -0 1 1.2732292E-07
vn 3.177311E-07 1 -7.891714E-07
vn -0.0073044947 -0.9998123 -0.017944023
vn -0.0073044943 -0.9998123 -0.017944023
vn -0.0073044947 -0.9998123 -0.017944023
vn -0.0073044947 -0.9998123 -0.017944023
vn 4.45244E-07 -1.8667083E-06 -1
vn 3.7887582E-07 -1.5884563E-06 -1
vn -0 -2.0974002E-07 -1
vn -0 0 -1
vn -0 0 -1
vn -4.0319188E-07 1 1.6436929E-06
vn -4.031919E-07 1 1.6436929E-06
vn -5.294241E-07 1 1.935341E-06
vn -4.3840157E-07 1 1.7905116E-06
vn -8.26699E-07 1 2.6400746E-06
vn -3.9523155E-07 1 1.7049724E-06
vn -3.9523155E-07 1 1.7049724E-06
vn -0 1 8.3107875E-07
vn -0 1 8.3107875E-07
vn -0 1 8.3107875E-07
vn -0 1 8.3107875E-07
vn -1.3384346E-07 0.65578455 0.754948
vn -1.3384346E-07 0.65578455 0.754948
vn 0.17978078 0.6602657 0.72919697
vn 0.16783887 0.6606492 0.73169166
vn 0.17558417 0.6585309 0.73178357
vn 0.17243749 0.6585975 0.7324716
vn -0 0.6519834 0.75823325
vn -0 0.6519834 0.75823325
vn 0.70710665 0.7071068 1.238638E-07
vn 0.70710677 0.7071068 1.238638E-07
vn 0.70710665 0.7071068 1.238638E-07
vn 0.70710665 0.7071068 1.2386377E-07
vn -1.5343784E-07 0.7071065 0.707107
vn -1.5343784E-07 0.7071065 0.707107
vn -1.5343785E-07 0.70710653 0.707107
vn -1.5343785E-07 0.70710653 0.707107
vn -0 0.707107 -0.70710653
vn -0 0.70710695 -0.7071066
vn -0 0.70710695 -0.7071066
vn -0 0.7071069 -0.7071066
vn 0.97111183 0.23862478 1.14785934E-07
vn 0.999012 0.04444074 0
vn 0.999012 0.044440743 0
vn 0.97111183 0.23862474 1.14785934E-07
vn 0.7604057 0.6494484 2.7827284E-07
vn 0.7604056 0.6494485 2.7827286E-07
vn 0.48361546 0.8752806 3.0177256E-07
vn 0.48361638 0.87527996 2.3796574E-07
vn 0.40322596 0.91510046 2.7707358E-07
vn 0.40322772 0.9150997 1.4997342E-07
vn -0.70710576 0.7071077 1.2386327E-07
vn -0.70710576 0.7071077 1.2386327E-07
vn -0.70710576 0.7071077 1.2386327E-07
vn -0.70710576 0.7071077 1.2386327E-07
vn 5.189129E-05 0.61463684 0.78881025
vn 2.7141698E-05 0.32200304 0.94673866
vn 5.189129E-05 0.6146367 0.78881025
vn 2.7391266E-05 0.32495368 0.94573
vn -0 0 1
vn -0 0 1
vn -0 0 1
vn 1.758267E-07 7.124461E-07 -1
vn 1.8668524E-07 4.4377867E-07 -1
vn 1.8668524E-07 4.437787E-07 -1
vn 3.5889294E-05 0.4163445 -0.909207
vn 3.5553156E-05 0.41256297 -0.910929
vn 6.5076085E-05 0.75708616 -0.65331495
vn 6.507609E-05 0.75708616 -0.653315
vn 1.9024122E-07 7.2830903E-07 1
vn -0 0 1
vn 5.5235233E-07 1.1971739E-06 1
vn 6.8449486E-07 2.1388428E-06 1
vn 2.3224167E-07 5.1966E-06 1
vn -0 6.367481E-06 1
vn -1 0 0
vn -1 0 0
vn -1 0 0
vn -1 0 0
vn -1 0 0
vn -1 0 0
vn 2.6251692E-07 1.0050123E-06 -1
vn 1.5159259E-07 5.803529E-07 -1
vn -0 2.3971512E-07 -1
vn -0 0 -1
vn -0 0 -1
vn -0 0 -1
vn -0.9999999 0.0005255555 0.00013402288
vn -0.9999999 0.0005255555 0.00013402288
vn -0.9999999 0.0005418641 0.00010399979
vn -0.9999999 0.0005291632 0.00012738128
vn -0.9999999 0.0005432851 0.00010138365
vn -0.9999999 0.00054328516 0.000101383666
vn -0.00010593489 0.00052261696 0.9999999
vn -0.00013755614 0.00049475185 0.9999999
vn -0.00013755617 0.0004947519 0.9999999
vn -0.0001302564 0.00050118455 0.9999999
vn -0.00010301097 0.0005251936 0.9999999
vn -0.00010301097 0.0005251936 0.9999999
vn 1 -0.00023212882 4.9557846E-05
vn 1 -0.00023212878 4.955785E-05
vn 1 -0.0002321288 4.9557842E-05
vn 1 -0.00023212879 4.9557853E-05
vn 3.8651268E-07 1 1.3110832E-06
vn 4.4326993E-07 1 6.2494706E-07
vn 4.6907562E-07 1 3.1298367E-07
vn 3.5054506E-07 1 0
vn 3.3779187E-07 1 0
vn -0 1 -1.2470453E-07
vn 1.8267401E-07 1 0
vn -5.128956E-07 1 0
vn -0 1 0
vn -1.9741117E-06 1 0
vn -0.36051285 0.9327515 0.0022852747
vn -0.597032 0.8002352 0.056358308
vn -0.60536635 0.7959378 0.0038373158
vn -0.36718214 0.9296277 0.03113917
vn -0.55014545 0.8124669 0.19297005
vn -0.051217463 0.99760866 0.046409354
vn -0.34970874 0.92983884 0.1144708
vn -0.43364063 0.8245952 0.36331603
vn -0.28105566 0.931835 0.2295458
vn -0.16498758 0.9329562 0.31995574
vn -0.26356936 0.82457787 0.5006022
vn -0.053523686 0.9328892 0.35616416
vn -0.005751077 0.9376475 0.3475401
vn -0.09110162 0.81713516 0.56920177
vn -0.009666631 0.8115921 0.5841446
vn -2.7536662E-05 -0.00012171444 -1
vn -2.7536662E-05 -0.00012171444 -1
vn -2.7536658E-05 -0.00012171442 -1
vn -2.7536658E-05 -0.00012171444 -1
vn -0 1 1.8599412E-07
vn -0 1 1.8599411E-07
vn -0 1 1.8599412E-07
vn -0 1 1.8599411E-07
vn 0.7071068 0.70710677 1.2386381E-07
vn 0.7071068 0.70710677 1.238638E-07
vn 0.7071068 0.70710677 1.238638E-07
vn 0.7071068 0.70710677 1.238638E-07
vn -1.8509942E-07 0.70710725 0.70710623
vn -1.8509947E-07 0.70710725 0.7071063
vn -1.8509944E-07 0.70710725 0.70710623
vn -1.8509944E-07 0.7071073 0.70710623
vn 1.231676E-07 0.7071077 -0.7071058
vn 1.231676E-07 0.7071077 -0.7071058
vn 1.231676E-07 0.70710766 -0.7071059
vn 1.231676E-07 0.70710766 -0.7071059
vn 0.97111183 0.23862474 1.147525E-07
vn 0.999012 0.04444067 0
vn 0.999012 0.044440668 0
vn 0.97111183 0.2386247 1.1475248E-07
vn 0.76040566 0.6494484 2.7827284E-07
vn 0.76040566 0.64944845 2.7827286E-07
vn 0.49076998 0.87128913 3.0335232E-07
vn 0.48389685 0.87512493 0.00048661963
vn 0.41756153 0.90864867 4.1175186E-05
vn 0.4032276 0.9150992 0.0010084755
vn -0.7071058 0.7071077 1.2386324E-07
vn -0.70710576 0.7071077 1.2386324E-07
vn -0.7071058 0.7071077 1.2386324E-07
vn -0.7071058 0.7071077 1.2386326E-07
vn 5.1350526E-06 0.61390847 0.7893773
vn 2.6897844E-06 0.32157046 0.9468856
vn 5.1350526E-06 0.61390847 0.7893773
vn 2.7144315E-06 0.32451707 0.9458798
vn -0 0 1
vn -0 0 1
vn -0 0 1
vn 3.2748866E-07 0 -1
vn 3.27228E-07 0 -1
vn 3.2722804E-07 0 -1
vn 3.1085492E-05 0.41619557 -0.90927505
vn 3.08067E-05 0.41241527 -0.910996
vn 5.620328E-05 0.7568726 -0.6535625
vn 5.620328E-05 0.7568726 -0.6535625
vn 1.9013424E-07 7.278995E-07 1
vn -0 0 1
vn 5.5203975E-07 1.1965758E-06 1
vn 6.8386476E-07 2.1382355E-06 1
vn 2.3143281E-07 5.1899074E-06 1
vn -0 6.3672983E-06 1
vn -1 0 0
vn -1 0 0
vn -1 0 0
vn -1 0 0
vn -1 0 0
vn -1 0 0
vn -0 0 -1
vn 1.9021341E-07 7.282077E-07 -1
vn 5.52273E-07 1.1970234E-06 -1
vn 6.843454E-07 2.1386488E-06 -1
vn 2.3189992E-07 5.195634E-06 -1
vn -0 6.36646E-06 -1
vn -0.9999999 0.00052555517 0.00013402289
vn -0.9999999 0.00052555517 0.00013402289
vn -0.9999999 0.0005418641 0.000103999766
vn -0.9999999 0.00052916293 0.00012738128
vn -0.9999999 0.00054328516 0.000101383645
vn -0.9999999 0.00054328516 0.00010138365
vn -0.00010578623 0.00052156654 0.9999999
vn -0.00013771951 0.0004921266 0.9999999
vn -0.00013771954 0.0004921267 0.9999999
vn -0.00013034775 0.0004989228 0.9999999
vn -0.000102833474 0.0005242887 0.9999999
vn -0.00010283347 0.0005242887 0.9999999
vn 1 -0.00023212882 4.9557835E-05
vn 1 -0.00023212883 4.9557828E-05
vn 1 -0.00023212885 4.9557835E-05
vn 1 -0.00023212883 4.9557835E-05
vn 3.8651316E-07 1 1.311082E-06
vn 3.994032E-07 1 6.0173784E-07
vn 4.0526382E-07 1 2.792224E-07
vn 3.7615166E-07 1 1.3873525E-07
vn 3.1646772E-07 1 0
vn -0 1 0
vn 1.563562E-07 1 0
vn -5.395313E-07 1 1.14192574E-07
vn -0 1 0
vn -1.9756244E-06 1 1.8288647E-07
vn -0.3605129 0.93275136 0.0022852619
vn -0.59703207 0.8002353 0.056358192
vn -0.60536623 0.7959378 0.0038372928
vn -0.36718208 0.9296277 0.031139176
vn -0.5501455 0.8124669 0.1929699
vn -0.051217448 0.99760866 0.046409313
vn -0.3497088 0.92983884 0.11447064
vn -0.43364042 0.8245953 0.36331618
vn -0.28105554 0.931835 0.22954589
vn -0.16498742 0.93295634 0.31995574
vn -0.26356927 0.8245779 0.50060207
vn -0.053523645 0.93288934 0.35616404
vn -0.0057507684 0.9376476 0.34753987
vn -0.09110156 0.81713545 0.5692013
vn -0.009666041 0.8115923 0.58414423
vn -2.7633281E-05 -0.00012084495 -1
vn -2.763328E-05 -0.00012084493 -1
vn -2.763328E-05 -0.00012084493 -1
vn -2.763328E-05 -0.00012084495 -1
vn -0 1 1.8599411E-07
vn -0 1 1.8599412E-07
vn -0 1 1.8599411E-07
vn -0 1 1.8599411E-07
vn -2.3534738E-05 -0.00012852663 1
vn -3.0404348E-07 1.5290021E-06 1
vn -1.3728464E-07 6.9038987E-07 1
vn -6.683007E-06 -3.4922166E-05 1
vn -0 0 1
vn -4.2049454E-05 -0.00023218017 1
vn -4.2049458E-05 -0.00023218016 1
vn -0.029762724 0.027665516 0.99917406
vn -0.04079227 -0.0063579837 0.9991474
vn -0.035823796 0.010624316 0.9993017
vn -0.0077409507 0.022412099 0.99971884
vn -0 0 1
vn -0 0 1
vn 0.013195421 0.032999605 0.99936825
vn 0.005849088 0.010922067 0.9999232
vn 0.009317178 0.01876011 0.9997806
vn 0.0010162891 0 0.9999995
vn 0.0010162892 0 0.9999995
vn -0 -1 -3.8127612E-07
vn -0 -1 -3.8127612E-07
vn -0 -1 -3.8127612E-07
vn -0 -1 -3.8127612E-07
vn -0 0 1
vn -0 0 1
vn -0 0 1
vn -0 0 1
vn -0 0 1
vn -0 0 1
vn -0 0 1
vn -0 0 1
vn -0 0 1
vn -0 0 1
vn -0 0 1
vn -0 0 1
vn -1 0 0
vn -1 0 0
vn -1 0 0
vn -1 0 0
vn 0.00058660493 0 0.9999999
vn 0.00058660493 0 0.9999999
vn 0.00058660493 0 0.9999999
vn 0.00058660493 0 0.9999999
vn 0.9767221 8.432286E-05 0.21450837
vn 0.9767221 8.432287E-05 0.21450834
vn 0.9767221 8.432287E-05 0.21450835
vn 0.9767221 8.432287E-05 0.21450837
vn -0 0 1
vn -0 0 1
vn -0 0 1
vn -0 0 1
vn -0 0 1
vn -0 0 1
vn -0 0 1
vn -0 0 1
vn -0 -1 -3.050209E-07
vn -0 -1 -3.050209E-07
vn -0 -1 -3.050209E-07
vn -0 -1 -3.050209E-07
vn 2.331232E-06 0 1
vn 2.331232E-06 0 1
vn 2.331232E-06 0 1
vn 2.331232E-06 0 1
vn -0 0 1
vn -0 0 1
vn -0 0 1
vn -0 0 1
vn -0.97470933 0 0.22347642
vn -0.97470933 0 0.22347642
vn -0.97470933 0 0.22347645
vn -0.97470933 0 0.22347642
vn -0 0 1
vn -0 0 1
vn -0 0 1
vn -0 0 1
vn 1 0 -2.5503048E-06
vn 1 0 -2.5503045E-06
vn 1 0 -2.550305E-06
vn 1 0 -2.5503048E-06
vn 0.0024840066 0 0.9999969
vn 0.002484007 0 0.9999969
vn 0.002484007 0 0.9999969
vn 0.002484007 0 0.9999969
vn -0 0 1
vn -0 0 1
vn -0 0 1
vn -0 0 1
vn 1 2.8217528E-06 3.4624466E-06
vn 1 6.856845E-06 8.413727E-06
vn 1 6.8568456E-06 8.413727E-06
vn 1 5.248395E-06 6.440071E-06
vn 1 -5.2485334E-06 6.4399983E-06
vn 1 -2.821874E-06 3.4624647E-06
vn 1 -6.857095E-06 8.413718E-06
vn 1 -6.8570953E-06 8.413717E-06
vn -0 0 1
vn -0 0 1
vn -0 0 1
vn -0 0 1
vn -0 -1 -3.8127612E-07
vn -0 -1 -3.8127612E-07
vn -0 -1 -3.8127612E-07
vn -0 -1 -3.8127612E-07
vn -0 0 1
vn -0 0 1
vn -0 0 1
vn -0 0 1
vn -0 -1 -2.2876567E-07
vn -0 -1 -2.2876567E-07
vn -0 -1 -2.2876567E-07
vn -0 -1 -2.2876567E-07
vn -0.9488831 -0.026285913 0.31453127
vn -0.9872416 -0.06278268 0.14632888
vn -0.9872416 -0.06278267 0.14632888
vn -0.9741319 -0.046933126 0.2210527
vn -0.9741587 0.047025207 0.22091523
vn -0.9488457 0.026389433 0.31463528
vn -0.9872376 0.062789336 0.14635344
vn -0.9872376 0.06278933 0.14635344
vn 1 0 0
vn 1 0 0
vn 1 0 0
vn 1 0 0
vn 1 0 0
vn 1 0 0
vn 1 0 0
vn 1 0 0
vn -1 0 0
vn -1 0 0
vn -1 0 0
vn -1 0 0
vn -1 0 0
vn -1 0 0
vn -1 0 0
vn -1 0 0
vn 1 0 0
vn 1 0 0
vn 1 0 0
vn 1 0 0
vn 1 0 0
vn 1 0 0
vn 1 0 0
vn 1 0 0
vn -1 0 0
vn -1 0 0
vn -1 0 0
vn -1 0 0
vn -1 0 0
vn -1 0 0
vn -1 0 0
vn -1 0 0
vn 0.98833454 -0.06002616 0.13997024
vn 0.9529764 -0.025154721 0.30199885
vn 0.98833454 -0.06002616 0.13997024
vn 0.9763545 -0.04496299 0.21144803
vn 0.9763539 0.044964127 0.21145032
vn 0.9529765 0.025155794 0.30199823
vn 0.9883344 0.06002834 0.13997026
vn 0.9883344 0.060028337 0.13997024
vn -0.9999976 -3.396148E-05 0.0022081346
vn -0.99999917 -8.228146E-05 0.0012704065
vn -0.99999917 -8.228146E-05 0.0012704068
vn -0.9999987 -6.267851E-05 0.0016508345
vn -0.9999987 6.268013E-05 0.0016508471
vn -0.9999976 3.3962908E-05 0.002208131
vn -0.99999917 8.228442E-05 0.0012704066
vn -0.99999917 8.228442E-05 0.0012704068
vn 0.8842178 -0.0044629597 0.4670534
vn 0.8842178 -0.0044629597 0.46705335
vn 0.8842178 -0.0044629597 0.46705335
vn 0.8842178 -0.0044629597 0.4670534
vn 3.4575037E-06 0 1
vn 3.4575037E-06 0 1
vn 1.099079E-06 1.3795076E-07 1
vn 1.0990886E-06 1.3795021E-07 1
vn -1.2593653E-06 2.7590266E-07 1
vn -1.259365E-06 2.7590266E-07 1
vn -0 1 3.050209E-07
vn -0 1 3.050209E-07
vn -0 1 3.050209E-07
vn -0 1 3.050209E-07
vn -0 0 1
vn -0 0 1
vn -0 0 1
vn -0 0 1
vn -0 0 1
vn -0 0 1
vn -0 0 1
vn -0 0 1
vn -0 1 4.5753134E-07
vn -0 1 4.5753134E-07
vn -0 1 4.5753134E-07
vn -0 1 4.5753134E-07
vn -0 0 1
vn -0 0 1
vn -0 0 1
vn -0 0 1
vn -0 0 1
vn -0 0 1
vn -0 0 1
vn -0 0 1
vn -0 1 3.050209E-07
vn -0 1 3.050209E-07
vn -0 1 3.050209E-07
vn -0 1 3.050209E-07
vn -0 1 3.8127612E-07
vn -0 1 3.8127612E-07
vn -0 1 3.8127612E-07
vn -0 1 3.8127612E-07
vn 0.95563143 0.0016488797 0.2945604
vn 0.9538093 -8.108661E-06 0.30041263
vn 0.95591366 0.0019087074 0.29364166
vn 0.9575601 0.0024865882 0.28822276
vn 0.9576758 0.0024488003 0.2878386
vn 0.959223 0.0019382908 0.282644
vn -0.001984218 -1.9851407E-06 0.9999981
vn -0.0019842181 -1.9851404E-06 0.9999981
vn -0.001984218 -1.9851407E-06 0.9999981
vn -0.0019842181 -1.9851404E-06 0.9999981
vn -0.00016373445 -0.9753171 0.22080885
vn 5.0303577E-05 -0.9999608 -0.0088605825
vn 5.0303577E-05 -0.9999608 -0.0088605825
vn -0.00016405445 -0.9752397 0.22115035
vn -0.00023124191 -0.784695 0.6198819
vn -0.00023117701 -0.7846354 0.6199574
vn 0.00011507331 -0.3918725 0.9200195
vn 0.00011505021 -0.39190355 0.9200064
vn 0.00030583117 7.3075375E-07 1
vn 0.0003058311 8.357833E-07 1
vn 0.00011644114 0.3918732 0.9200192
vn 0.00011641787 0.3919046 0.92000586
vn -0.00022989839 0.7846945 0.61988264
vn -0.00022983381 0.78463537 0.61995757
vn -0.0001815641 0.9753248 0.22077464
vn -0.00018185627 0.9752475 0.22111596
vn 1.4854189E-05 0.9999602 -0.008932676
vn 1.4854189E-05 0.9999602 -0.008932676
vn -0.0019851024 4.952866E-07 0.9999981
vn -0.0019851024 4.952866E-07 0.9999981
vn -0.0019851024 4.9528666E-07 0.9999981
vn -0.0019851024 4.952866E-07 0.9999981
vn -1 1.6044068E-07 -4.8111974E-07
vn -1 1.2196296E-07 -3.6573502E-07
vn -1 0 0
vn -1 1.0439853E-07 -3.1306394E-07
vn -1 0 -2.963264E-07
vn -1 0 0
vn -1 0 0
vn -1 -1.04397884E-07 -3.1306732E-07
vn -1 0 0
vn -1 0 -2.9632588E-07
vn -1 -1.2196143E-07 -3.657367E-07
vn -1 -1.604392E-07 -4.8112344E-07
vn -1 0 0
vn -1 3.8686544E-06 -2.9319908E-06
vn -1 1.597231E-06 -1.2105156E-06
vn -1 7.565437E-07 -5.7337235E-07
vn -1 0 0
vn -1 0 0
vn -1 0 0
vn -1 0 1.325206E-07
vn -1 -4.323989E-07 4.693278E-07
vn -1 2.0448914E-07 1.2406804E-06
vn -1 0 0
vn -1 0 0
vn -1 0 1.3216194E-06
vn -1 -7.904622E-07 5.861373E-07
vn -1 -7.904622E-07 5.861373E-07
vn 0.015466982 -0.99935275 -0.03247917
vn 0.015466979 -0.99935275 -0.03247917
vn 0.011119867 -0.7184114 0.69552964
vn 0.012014461 -0.7762187 0.6303492
vn 8.422961E-07 0.7659477 0.6429029
vn 9.3755824E-07 0.70710635 0.7071071
vn -0 1 1.6992381E-07
vn -0 1 1.699238E-07
vn -0.002097244 0.99999785 -0.000125342
vn -0.002097244 0.99999785 -0.000125342
vn -0.0020972437 0.99999785 -0.00012534202
vn -0.0020972437 0.99999785 -0.000125342
vn -0.0046082707 -0.9999894 -0.0002827816
vn -0.0046082707 -0.9999894 -0.00028278164
vn -0.004608271 -0.9999894 -0.00028278166
vn -0.004608271 -0.9999894 -0.00028278164
vn -0 0 1
vn -0 0 1
vn -0 0 1
vn -0 0 1
vn -2.6348206E-07 1 0
vn -2.6348206E-07 1 0
vn -1.8676762E-07 0.98989457 0.14180556
vn -1.8676751E-07 0.98989457 0.14180575
vn -0 0.87709117 0.4803238
vn -0 0.87709117 0.4803238
vn -0 0.6067807 0.7948693
vn -0 0.6067807 0.7948693
vn -0 0.22344238 0.9747172
vn -0 0.22344252 0.9747171
vn -0 0 1
vn -0 0 1
vn -1 0 0
vn -1 0 0
vn -1 0 0
vn -1 0 0
vn -1 0 0
vn -1 0 0
vn -1 0 0
vn -0 0 1
vn -0 0 1
vn -0 0 1
vn -0 0 1
vn -0 0 1
vn -0 0 1
vn -0 0 1
vn 1 9.711958E-07 8.5138186E-07
vn 1 -2.5108202E-06 -1.5113056E-07
vn 1 2.7829208E-07 6.51887E-07
vn 1 -2.8572729E-06 -2.5087817E-07
vn 1 -2.8572726E-06 -2.5087814E-07
vn 0.14144598 0.98994595 1.7616969E-07
vn 5.243687E-07 1 1.9974172E-07
vn 5.243687E-07 1 1.9974172E-07
vn 0.141446 0.98994595 1.7616969E-07
vn 0.4791988 0.8777064 0
vn 0.4791986 0.8777064 0
vn 0.7977313 0.6030131 0
vn 0.7977312 0.6030133 0
vn 0.975964 0.2179317 -3.3873627E-07
vn 0.975964 0.2179318 -3.387362E-07
vn 1 0 -5.326446E-07
vn 1 0 -5.3264466E-07
vn 1 0 0
vn 1 0 0
vn 1 0 0
vn 1 0 0
vn 1 0 0
vn 1 0 0
vn 1 0 0
vn 1 0 0
vn 1 0 0
vn -4.24671E-07 0.9898981 -0.1417813
vn -4.6109403E-07 1 4.8747912E-05
vn -4.6109403E-07 1 4.8747912E-05
vn -4.2467096E-07 0.9898981 -0.14178129
vn -3.7243908E-07 0.87709177 -0.4803228
vn -3.724391E-07 0.87709177 -0.48032287
vn -4.7817815E-07 0.6067806 -0.79486936
vn -4.781783E-07 0.60678047 -0.7948695
vn -7.0772E-07 0.22344182 -0.97471726
vn -7.077199E-07 0.22344184 -0.97471726
vn -7.9044685E-07 1.1492008E-06 -1
vn -7.9044685E-07 1.1492008E-06 -1
vn -1 0 0
vn -1 0 0
vn -1 -1.4096446E-05 2.330587E-06
vn -1 -2.3119293E-05 3.8223484E-06
vn -1 -3.2401666E-05 2.9726991E-06
vn -1 -3.614525E-05 1.2026458E-06
vn -1 -3.8690916E-05 0
vn -1 -3.8690916E-05 0
vn -0 0 -1
vn -0 0 -1
vn -0 0 -1
vn -0.0040387637 -0.0060619554 -0.99997354
vn -0.004099846 -0.0061536366 -0.9999727
vn 0.00023188401 -0.0084846355 -0.999964
vn -0.005728113 -0.011012579 -0.999923
vn 0.0015191713 -0.0029842218 -0.9999944
vn 0.0026168285 -0.0051743197 -0.9999832
vn 2.0261878E-05 6.4732913E-06 -1
vn 2.0261876E-05 6.4732913E-06 -1
vn -0 0 1
vn -0 0 1
vn -0.0034253993 -0.0024843728 0.99999106
vn -0.00042231142 -0.001603731 0.9999987
vn -0.0025152876 -0.003242044 0.99999166
vn -0.005808116 -0.0049354816 0.99997103
vn 0.0009771136 -0.002672445 0.99999595
vn 0.0007415181 -0.0010908094 0.99999917
vn 0.0007400116 -0.0017030861 0.99999833
vn 0.000743575 -0.00025469967 0.99999976
vn 0.000743575 -0.00025469967 0.99999976
vn -1 9.711996E-07 -2.663216E-07
vn -1 9.711996E-07 -2.663216E-07
vn -1 9.711997E-07 -2.663216E-07
vn -1 9.711996E-07 -2.663216E-07
vn 9.0035434E-07 1 1.6644361E-07
vn 9.0035434E-07 1 1.6644361E-07
vn -0.14144541 0.98994607 1.7603932E-07
vn -0.14143795 0.98994714 1.760389E-07
vn -0.47919756 0.87770706 2.3418485E-07
vn -0.47916996 0.87772214 2.3417797E-07
vn -0.7977309 0.60301363 2.926301E-07
vn -0.79773086 0.6030137 2.9263012E-07
vn -0.975964 0.21793142 2.887302E-07
vn -0.975964 0.21793133 2.887302E-07
vn -1 1.1492019E-06 2.6632281E-07
vn -1 1.1492019E-06 2.663228E-07
vn -1 0 0
vn -1 0 0
vn -1 0 0
vn -1 0 0
vn 1.2001258E-06 0 1
vn 1.2001258E-06 0 1
vn 1.2001258E-06 0 1
vn 1.2001258E-06 0 1
vn -0 -1 -5.569678E-07
vn -0 -1 -5.5696785E-07
vn -0 -1 -5.569678E-07
vn -0 -1 -5.5696773E-07
vn -0 -1 -1.0814553E-06
vn -0 -1 -1.0814553E-06
vn -0 -1 -1.0814554E-06
vn -0 -1 -1.0814553E-06
vn -1.5513457E-07 -1 -3.8559338E-07
vn -1.5513457E-07 -1 -3.8559335E-07
vn -1.5513457E-07 -1 -3.8559335E-07
vn -1.5513459E-07 -1 -3.8559338E-07
vn -1.4745082E-07 -1 -1.5484766E-06
vn -1.4745082E-07 -1 -1.5484766E-06
vn -1.4745082E-07 -1 -1.5484766E-06
vn -1.4745082E-07 -1 -1.5484766E-06
vn 1 0 0
vn 1 0 0
vn 1 0 0
vn 1 0 0
vn 1 0 0
vn 1 0 0
vn 1 0 0
vn 1.1779955E-07 3.6366503E-06 -1
vn -0 3.884795E-06 -1
vn -0 3.884795E-06 -1
vn 2.7629963E-07 3.3027688E-06 -1
vn 3.6122643E-07 2.3465675E-06 -1
vn 6.82108E-07 9.474077E-07 -1
vn 8.794493E-07 -9.995795E-07 -1
vn 1.688389E-06 -1.919018E-06 -1
vn -0 0 1
vn -0 0 1
vn -0 0 1
vn -0 0 1
vn -0 0.98989457 0.14180544
vn -0 1 1.740898E-07
vn -0 1 1.740898E-07
vn -0 0.98989457 0.14180548
vn -0 0.87709194 0.48032254
vn -0 0.87709194 0.4803226
vn -0 0.6067815 0.79486865
vn -0 0.6067815 0.79486865
vn -0 0.2234421 0.9747172
vn -0 0.2234423 0.9747172
vn -0 0 1
vn -0 0 1
vn 1 8.7002826E-07 1.7979322E-06
vn 1 1.2158946E-06 3.649461E-07
vn 1 9.3017616E-07 1.5345313E-06
vn 1 1.2183787E-06 6.641318E-07
vn 1 1.3187087E-06 -2.3569899E-07
vn 1 1.3016999E-06 -4.593872E-07
vn 1 1.3016997E-06 -4.593872E-07
vn -0 0 1
vn -0 0 1
vn -0 0 1
vn 5.4504164E-07 1.2096588E-07 1
vn -0 0 1
vn 2.7370916E-06 6.0746675E-07 1
vn 3.920121E-06 8.7002684E-07 1
vn -1 0 -2.778363E-07
vn -1 0 -2.5385563E-07
vn -1 0 -2.8379392E-07
vn -1 0 -2.5087684E-07
vn -1 0 -2.5087684E-07
vn 6.554624E-07 1 1.6645139E-07
vn -0.14144503 0.98994607 1.1064194E-07
vn 6.5546226E-07 1 1.6645139E-07
vn -0.14144503 0.98994607 1.10641935E-07
vn -0.47919962 0.87770593 0
vn -0.47919953 0.87770605 0
vn -0.7977324 0.6030116 0
vn -0.7977321 0.603012 0
vn -0.975964 0.21793132 0
vn -0.975964 0.21793152 0
vn -1 0 0
vn -1 0 0
vn -0 0 -1
vn -0 0 -1
vn -0 0 -1
vn -0 0 -1
vn -0 1 5.185836E-07
vn -0 0.9898947 -0.14180483
vn -0 1 5.1858365E-07
vn -0 0.9898947 -0.14180496
vn 1.7175226E-07 0.87709147 -0.48032337
vn 1.7175229E-07 0.87709147 -0.48032328
vn 4.5557172E-07 0.60677934 -0.7948704
vn 4.5557158E-07 0.6067794 -0.7948703
vn 9.348356E-07 0.22344169 -0.97471726
vn 9.348356E-07 0.2234416 -0.97471726
vn 1.0539285E-06 2.2984032E-06 -1
vn 1.0539284E-06 2.2984032E-06 -1
vn 1 -8.700286E-07 1.7979328E-06
vn 1 -9.301763E-07 1.5345329E-06
vn 1 -9.45158E-07 7.412638E-07
vn 1 -1.2183788E-06 6.6413384E-07
vn 1 -8.007871E-07 4.8420026E-07
vn 1 -6.014955E-07 5.1388025E-07
vn 1 -6.0149546E-07 5.138802E-07
vn 1.8509933E-06 8.700255E-07 -1
vn 5.4442154E-07 1.4682528E-06 -1
vn 1.5740866E-06 9.3148185E-07 -1
vn 6.6547113E-07 1.2225216E-06 -1
vn 1.0426531E-07 1.7931251E-06 -1
vn -0 1.942398E-06 -1
vn -0 1.942398E-06 -1
vn -3.920148E-06 8.700235E-07 1
vn -2.7371095E-06 6.0746413E-07 1
vn -1.4355369E-06 7.584093E-07 1
vn -0 0 1
vn -1.6957267E-06 1.2138553E-06 1
vn -2.2941833E-06 1.6422496E-06 1
vn -2.2941833E-06 1.6422495E-06 1
vn 1 0 0
vn 1 0 0
vn 1 0 0
vn 1 0 0
vn 0.14144517 0.98994607 1.4833236E-07
vn -2.4839073E-07 1 1.3316105E-07
vn -2.4839073E-07 1 1.3316105E-07
vn 0.14144501 0.9899462 1.4833238E-07
vn 0.4791973 0.87770724 2.489363E-07
vn 0.4791973 0.8777071 2.4893626E-07
vn 0.7977312 0.6030131 4.4154214E-07
vn 0.79773134 0.60301304 4.4154226E-07
vn 0.9759641 0.21793097 6.850889E-07
vn 0.9759641 0.21793084 6.850891E-07
vn 1 1.149203E-06 7.989673E-07
vn 1 1.149203E-06 7.989673E-07
vn 1 9.3569247E-07 -1.1645258E-06
vn 1 0 -2.2791062E-06
vn 1 2.2687614E-06 4.231434E-07
vn 1 2.7366605E-06 9.804055E-07
vn 1 2.73666E-06 9.804056E-07
vn -1.2001261E-06 0 1
vn -1.2001261E-06 0 1
vn -1.2001261E-06 0 1
vn -1.2001261E-06 0 1
vn -4.1219462E-07 -1 -1.2853104E-07
vn -4.1219462E-07 -1 -1.2853106E-07
vn -4.1219465E-07 -1 -1.2853104E-07
vn -4.1219465E-07 -1 -1.2853104E-07
vn -0 -1 -1.0814553E-06
vn -0 -1 -1.0814553E-06
vn -0 -1 -1.0814553E-06
vn -0 -1 -1.0814553E-06
vn 4.1219468E-07 -1 -1.2853108E-07
vn 4.121947E-07 -1 -1.2853108E-07
vn 4.121947E-07 -1 -1.2853108E-07
vn 4.1219474E-07 -1 -1.285311E-07
vn -0 -1 0
vn -0 -1 0
vn -0 -1 0
vn -0 -1 0
vn -1 0 0
vn -1 0 0
vn -1 0 0
vn -1 0 0
vn -1 0 0
vn -1 0 0
vn -1 0 0
vn -0 0 -1
vn -0 0 -1
vn -0 0 -1
vn -1.0900845E-06 -2.4193128E-07 -1
vn -0 0 -1
vn -5.474207E-06 -1.2149351E-06 -1
vn -7.840268E-06 -1.7400541E-06 -1
vn -1 0 -5.6080335E-06
vn -1 7.881319E-07 -7.3555947E-07
vn -1 6.5552786E-07 -2.73728E-06
vn -1 4.4353223E-07 7.884504E-07
vn -1 -1.4724976E-07 -5.7701396E-07
vn -1 1.3734756E-06 0
vn -1 0 0
vn -1 0 0
vn -6.1627793E-07 1 7.3019273E-06
vn -4.866334E-06 1 2.1284266E-07
vn -4.8663346E-06 1 2.1284266E-07
vn -6.1215013E-07 1 6.159106E-06
vn 3.014055E-07 1 2.1039082E-06
vn -0 1 3.5828526E-07
vn 3.0364183E-07 1 1.7530581E-05
vn -0 1 1.9214722E-05
vn -2.9439321E-05 -1 9.326274E-06
vn -1.6333684E-05 -1 4.604102E-06
vn -7.5919247E-06 -1 1.4543052E-06
vn 0.001989698 -0.999997 -0.0014361019
vn 0.004582551 -0.999984 -0.0033059986
vn 0.00527594 -0.9999789 -0.003806052
vn 0.0052759405 -0.9999789 -0.0038060523
vn 1 -1.1845967E-06 -6.096026E-07
vn 1 -1.1845967E-06 -6.096026E-07
vn 0.9999999 0.00033893643 -0.00045626165
vn 0.9999968 0.0024292723 0.00081551314
vn 0.99999785 0.002098704 0.00023838559
vn 0.99999654 2.3426715E-06 -0.0026413114
vn 0.9999964 0.002547816 0.00085531885
vn -0 -0.0004904926 0.9999999
vn -0 -0.00049028185 0.9999999
vn 2.72933E-07 -0.0004888891 0.9999999
vn 4.392307E-05 -0.0006607254 0.99999976
vn 3.0311926E-06 -0.00048862124 0.9999999
vn 1.3993273E-05 -0.00018833432 1
vn 7.52214E-07 0 1
vn -0.9999739 -0.0054608528 0.004741359
vn -0.999716 0 0.02383099
vn -0.9999938 -0.001872338 0.0029777691
vn -0.99998 -0.006019034 -0.0019489715
vn -0.9999689 -0.007512303 -0.0024324942
vn -1 0 0
vn -1 0 0
vn -3.6369725E-05 -1 -2.7818305E-05
vn -3.6369725E-05 -1 -2.7818305E-05
vn -1.6643284E-05 -1 -4.9837377E-05
vn -2.280948E-05 -1 -4.2954587E-05
vn -2.3901848E-07 -1 -4.578788E-05
vn 2.2628117E-05 -1 -5.7181005E-05
vn -2.3921615E-07 -1 -4.576931E-05
vn -7.1778277E-07 -1 -4.7722364E-07
vn -7.1778277E-07 -1 -4.7722364E-07
vn 4.2811516E-05 -1 -4.716023E-05
vn 7.823466E-05 -1 -2.9573011E-05
vn -0 1 2.8916253E-05
vn -0 1 1.5939446E-07
vn -0 1 1.5939446E-07
vn -1.09826615E-05 1 3.905592E-05
vn -9.519392E-06 1 4.939154E-05
vn -4.2683996E-06 1 2.7770735E-05
vn -0.0005101992 0.99999917 0.001227784
vn -1.0204506E-05 1 4.8976806E-05
vn -8.194162E-06 1 2.307012E-05
vn -5.8490723E-06 1 -7.1503164E-06
vn -5.8490723E-06 1 -7.1503164E-06
vn -0.00036088852 0.99999964 0.0008704712
vn -0.0010774811 0.9999962 0.0025768555
vn -0.00057024806 0.9999989 0.0013674574
vn 7.3878978E-06 1 -9.803184E-06
vn 7.3878987E-06 1 -9.803185E-06
vn -0.19862932 -0.0011697292 0.980074
vn -0.21159378 -3.1342734E-06 0.97735775
vn -0.21159378 -3.1342734E-06 0.97735775
vn -0.19657311 -0.0013544495 0.9804882
vn -0.12824495 -0.0028288872 0.9917385
vn -0.12791996 -0.002829612 0.99178046
vn -0.07425018 -0.002944852 0.99723536
vn -0.07425018 -0.0029448522 0.99723536
vn 0.25054276 0.9681051 0.0009343996
vn 0.4852141 0.8743951 0.00069079857
vn 0.4852141 0.8743951 0.0006907986
vn 0.22075504 0.9753287 0.0011058773
vn 9.8555916E-05 1 7.0929964E-05
vn 7.970118E-05 1 -1.749675E-05
vn 7.3910965E-06 1 -9.2787544E-05
vn -5.7761763E-06 1 1.8003911E-05
vn -8.690752E-06 1 2.3823959E-05
vn -3.848054E-06 1 1.3353772E-05
vn -5.940585E-06 1 1.9711453E-05
vn 2.206711E-06 1 2.630228E-07
vn 0.24357288 0.9698826 1.4620781E-05
vn -6.0955284E-07 1 -1.0795686E-06
vn 0.24387938 0.9698056 1.8028622E-05
vn 0.47304475 0.8810384 1.0389178E-05
vn 0.47304475 0.8810384 1.038918E-05
vn -0 0 1
vn -0 0 1
vn -0 0 1
vn -0 0 1
vn -1.0411127E-07 -0.9898947 0.141805
vn -1.6467642E-07 -1 -2.6113517E-07
vn -1.6467642E-07 -1 -2.6113517E-07
vn -1.0411119E-07 -0.98989457 0.14180519
vn -1.1040142E-07 -0.8770918 0.48032275
vn -1.1040141E-07 -0.8770918 0.48032275
vn -1.1782374E-07 -0.6067815 0.79486865
vn -1.1782377E-07 -0.60678154 0.79486865
vn -0 -0.22344251 0.9747171
vn -0 -0.22344266 0.9747171
vn -0 0 1
vn -0 0 1
vn -1 0 0
vn -1 0 0
vn -1 0 0
vn -1 0 0
vn -1 0 0
vn -1 0 0
vn -1 0 0
vn -0 0 1
vn -0 0 1
vn -0 0 1
vn -0 0 1
vn -0 0 1
vn -0 0 1
vn -0 0 1
vn 1 -9.711958E-07 8.5138146E-07
vn 1 -2.782918E-07 6.518867E-07
vn 1 2.51082E-06 -1.5112936E-07
vn 1 2.8572729E-06 -2.508769E-07
vn 1 2.8572729E-06 -2.5087692E-07
vn 5.243687E-07 -1 -1.9974185E-07
vn 0.14144585 -0.98994595 -1.8707068E-07
vn 5.243687E-07 -1 -1.9974185E-07
vn 0.14144585 -0.98994595 -1.8707068E-07
vn 0.47919804 -0.87770677 -1.2513976E-07
vn 0.47919783 -0.8777069 -1.2513979E-07
vn 0.79773074 -0.60301375 -1.3215204E-07
vn 0.7977306 -0.6030141 -1.32152E-07
vn 0.975964 -0.21793185 -3.675478E-07
vn 0.975964 -0.21793188 -3.675478E-07
vn 1 0 -5.3264455E-07
vn 1 0 -5.3264455E-07
vn 1 0 0
vn 1 0 0
vn 1 0 0
vn 1 0 0
vn 1 0 0
vn 1 0 0
vn 1 0 0
vn 1 0 0
vn 1 0 0
vn -4.6109363E-07 -1 4.7918154E-05
vn -4.084648E-07 -0.98989797 -0.14178176
vn -4.6109363E-07 -1 4.7918154E-05
vn -4.0846479E-07 -0.98989797 -0.14178175
vn -2.9180063E-07 -0.877092 -0.48032254
vn -2.9180066E-07 -0.87709194 -0.48032254
vn -3.8457426E-07 -0.606781 -0.794869
vn -3.8457435E-07 -0.60678095 -0.79486907
vn -6.7796884E-07 -0.22344193 -0.9747172
vn -6.7796896E-07 -0.223442 -0.9747172
vn -7.9044685E-07 -1.1492008E-06 -1
vn -7.9044685E-07 -1.1492008E-06 -1
vn -1 0 0
vn -1 1.4096443E-05 2.3305909E-06
vn -1 0 0
vn -1 2.3119295E-05 3.8223557E-06
vn -1 3.240166E-05 2.972712E-06
vn -1 3.614525E-05 1.2026633E-06
vn -1 3.8690916E-05 0
vn -1 3.8690916E-05 0
vn -0 0 -1
vn -0 0 -1
vn -0 0 -1
vn -0.0040387646 0.006061958 -0.99997354
vn -0.0040998454 0.0061536366 -0.9999727
vn 0.00023238074 0.008482849 -0.999964
vn -0.0057279766 0.011012091 -0.999923
vn 0.0015161253 0.0029861494 -0.9999944
vn 0.0026157899 0.0051738685 -0.9999832
vn 1.4475932E-05 -1.2946715E-06 -1
vn 1.4475932E-05 -1.2946715E-06 -1
vn -1 -9.712123E-07 -2.663237E-07
vn -1 -9.712123E-07 -2.663237E-07
vn -1 -9.712123E-07 -2.663237E-07
vn -1 -9.712123E-07 -2.663237E-07
vn -0.14144534 -0.98994607 -1.7037033E-07
vn 1.0004488E-06 -1 -1.9973177E-07
vn 1.0004488E-06 -1 -1.9973179E-07
vn -0.1414379 -0.98994714 -1.7037199E-07
vn -0.4791968 -0.87770754 0
vn -0.47916925 -0.8777225 0
vn -0.7977303 -0.6030145 1.9951584E-07
vn -0.7977303 -0.6030145 1.995158E-07
vn -0.975964 -0.21793151 2.5991866E-07
vn -0.975964 -0.21793151 2.5991866E-07
vn -1 -1.1492019E-06 2.6632247E-07
vn -1 -1.1492019E-06 2.6632247E-07
vn -1 0 0
vn -1 0 0
vn -1 0 0
vn -1 0 0
vn 1.2001259E-06 0 1
vn 1.2001258E-06 0 1
vn 1.200126E-06 0 1
vn 1.2001259E-06 0 1
vn 7.54939E-07 1 -2.1421883E-07
vn 7.54939E-07 1 -2.1421882E-07
vn 7.5493904E-07 1 -2.1421882E-07
vn 7.5493904E-07 1 -2.1421882E-07
vn -0 1 -1.0323175E-06
vn -0 1 -1.0323175E-06
vn -0 1 -1.0323175E-06
vn -0 1 -1.0323175E-06
vn 1 0 0
vn 1 0 0
vn 1 0 0
vn 1 0 0
vn 1 0 0
vn 1 0 0
vn 1 0 0
vn -0 -3.884795E-06 -1
vn 1.1779955E-07 -3.6366503E-06 -1
vn -0 -3.884795E-06 -1
vn 2.7629963E-07 -3.3027688E-06 -1
vn 3.6122657E-07 -2.3465682E-06 -1
vn 6.8210824E-07 -9.4740653E-07 -1
vn 8.7944835E-07 9.9958E-07 -1
vn 1.6883886E-06 1.9190206E-06 -1
vn -0 0 1
vn -0 0 1
vn -0 0 1
vn -0 0 1
vn 1.3174102E-07 -1 -1.7408993E-07
vn 1.3174102E-07 -1 -1.7408996E-07
vn 1.3001575E-07 -0.9898947 0.14180496
vn 1.3001574E-07 -0.9898947 0.14180502
vn -0 -0.87709236 0.48032168
vn -0 -0.87709236 0.48032162
vn -0 -0.6067823 0.7948681
vn -0 -0.6067823 0.7948681
vn -0 -0.22344238 0.9747172
vn -0 -0.22344252 0.9747171
vn -0 0 1
vn -0 0 1
vn 1 -8.700292E-07 1.7979318E-06
vn 1 -9.301772E-07 1.5345303E-06
vn 1 -1.2158953E-06 3.6494595E-07
vn 1 -1.2183799E-06 6.6413077E-07
vn 1 -1.3187095E-06 -2.3569956E-07
vn 1 -1.3017005E-06 -4.5938768E-07
vn 1 -1.3017004E-06 -4.5938762E-07
vn -0 0 1
vn -0 0 1
vn -0 0 1
vn 5.4504153E-07 -1.2096604E-07 1
vn -0 0 1
vn 2.7370872E-06 -6.0746663E-07 1
vn 3.920119E-06 -8.7002763E-07 1
vn -1 0 -2.7783634E-07
vn -1 0 -2.837939E-07
vn -1 0 -2.5385563E-07
vn -1 0 -2.5087684E-07
vn -1 0 -2.5087684E-07
vn -0.14144528 -0.98994607 -3.1778515E-07
vn 2.6218493E-07 -1 -2.6632208E-07
vn 2.6218493E-07 -1 -2.6632205E-07
vn -0.14144528 -0.98994607 -3.1778512E-07
vn -0.4791984 -0.8777066 -3.7110672E-07
vn -0.47919834 -0.8777066 -3.7110672E-07
vn -0.7977315 -0.6030127 -2.7536456E-07
vn -0.7977312 -0.60301316 -2.7536478E-07
vn -0.975964 -0.21793136 0
vn -0.975964 -0.2179315 0
vn -1 0 0
vn -1 0 0
vn -0 0 -1
vn -0 0 -1
vn -0 0 -1
vn -0 0 -1
vn 1.7237133E-07 -0.98989457 -0.14180535
vn -0 -1 0
vn -0 -1 0
vn 1.7237141E-07 -0.98989457 -0.1418055
vn 1.665505E-07 -0.87709165 -0.48032308
vn 1.6655056E-07 -0.87709177 -0.480323
vn 3.8871747E-07 -0.60677993 -0.79486984
vn 3.8871727E-07 -0.60678005 -0.7948698
vn 9.0576094E-07 -0.22344184 -0.97471726
vn 9.0576106E-07 -0.22344176 -0.97471726
vn 1.0539286E-06 -2.2984016E-06 -1
vn 1.0539285E-06 -2.2984016E-06 -1
vn 1 8.700292E-07 1.7979319E-06
vn 1 9.4515815E-07 7.412642E-07
vn 1 9.301769E-07 1.5345319E-06
vn 1 1.2183791E-06 6.641341E-07
vn 1 8.0078746E-07 4.8420077E-07
vn 1 6.014958E-07 5.138805E-07
vn 1 6.014958E-07 5.138805E-07
vn 1.8509947E-06 -8.700262E-07 -1
vn 1.5740862E-06 -9.31483E-07 -1
vn 5.44421E-07 -1.4682536E-06 -1
vn 6.6546954E-07 -1.2225228E-06 -1
vn 1.0426532E-07 -1.7931253E-06 -1
vn -0 -1.9423985E-06 -1
vn -0 -1.9423985E-06 -1
vn -3.9201495E-06 -8.700244E-07 1
vn -1.4355367E-06 -7.5840984E-07 1
vn -2.7371084E-06 -6.0746436E-07 1
vn -0 0 1
vn -1.6957265E-06 -1.2138556E-06 1
vn -2.2941829E-06 -1.6422498E-06 1
vn -2.2941829E-06 -1.6422498E-06 1
vn 1 0 0
vn 1 0 0
vn 1 0 0
vn 1 0 0
vn -0 -1 -1.9974158E-07
vn -0 -1 -1.9974159E-07
vn 0.14144528 -0.98994607 -2.139822E-07
vn 0.1414451 -0.98994607 -2.1398218E-07
vn 0.4791964 -0.8777077 -1.2841839E-07
vn 0.4791964 -0.8777077 -1.284184E-07
vn 0.7977306 -0.60301405 1.7507446E-07
vn 0.7977306 -0.60301405 1.7507449E-07
vn 0.9759641 -0.21793108 5.986544E-07
vn 0.9759641 -0.21793103 5.986545E-07
vn 1 -1.1492021E-06 7.989669E-07
vn 1 -1.1492021E-06 7.9896677E-07
vn 1 -9.3569366E-07 -1.1645176E-06
vn 1 -2.2687402E-06 4.231346E-07
vn 1 0 -2.2791062E-06
vn 1 -2.7366366E-06 9.80397E-07
vn 1 -2.7366366E-06 9.80397E-07
vn -1.2001262E-06 0 1
vn -1.2001262E-06 0 1
vn -1.2001262E-06 0 1
vn -1.2001262E-06 0 1
vn 4.121947E-07 1 1.2853106E-07
vn 4.121947E-07 1 1.2853106E-07
vn 4.121947E-07 1 1.2853106E-07
vn 4.1219468E-07 1 1.2853106E-07
vn -0 1 1.0814553E-06
vn -0 1 1.0814553E-06
vn -0 1 1.0814553E-06
vn -0 1 1.0814553E-06
vn -4.121947E-07 1 1.2853108E-07
vn -4.121947E-07 1 1.2853108E-07
vn -4.1219468E-07 1 1.2853108E-07
vn -4.1219474E-07 1 1.285311E-07
vn 1.9660027E-07 1 0
vn 1.9660027E-07 1 0
vn 1.9660025E-07 1 0
vn 1.9660027E-07 1 0
vn -1 0 0
vn -1 0 0
vn -1 0 0
vn -1 0 0
vn -1 0 0
vn -1 0 0
vn -1 0 0
vn -0 0 -1
vn -0 0 -1
vn -0 0 -1
vn -1.0900839E-06 2.419314E-07 -1
vn -0 0 -1
vn -5.4742E-06 1.214935E-06 -1
vn -7.840265E-06 1.7400556E-06 -1
vn -1 0 -5.608033E-06
vn -1 -6.555303E-07 -2.7372723E-06
vn -1 -7.881323E-07 -7.355596E-07
vn -1 -4.4353342E-07 7.884526E-07
vn -1 1.4724947E-07 -5.770138E-07
vn -1 -1.3734773E-06 0
vn -1 0 0
vn -1 0 0
vn -4.2580423E-06 -1 -2.1284785E-07
vn -4.1581725E-07 -1 7.605269E-06
vn -4.2580423E-06 -1 -2.1284785E-07
vn -4.2393145E-07 -1 6.464235E-06
vn 1.3208074E-07 -1 2.524318E-06
vn -2.0596092E-07 -1 7.165705E-07
vn 3.0294652E-07 -1 1.7939055E-05
vn -0 -1 1.955784E-05
vn 1.167606E-05 1 2.3514334E-05
vn 2.0702211E-05 1 1.861357E-05
vn 5.659925E-06 1 2.678081E-05
vn 0.0040181507 0.99998784 -0.0028814892
vn 0.009255014 0.9999349 -0.006675908
vn 0.010655361 0.9999137 -0.007690542
vn 0.010655361 0.9999137 -0.0076905424
vn 0.9999999 -0.00036042632 -0.0004850072
vn 1 1.1845965E-06 -6.0960247E-07
vn 1 1.1845965E-06 -6.096025E-07
vn 0.9999963 -0.0025855221 0.0008680149
vn 0.9999975 -0.0022341586 0.00025527115
vn 0.99999607 -2.3434397E-06 -0.0028064768
vn 0.99999595 -0.0027116882 0.0009103819
vn -0 0.0004904924 0.9999999
vn 2.7291793E-07 0.00048888917 0.9999999
vn -0 0.0004902816 0.9999999
vn 4.392307E-05 0.00066072546 0.99999976
vn 3.0311733E-06 0.00048862136 0.9999999
vn 1.3993273E-05 0.00018833432 1
vn 7.52214E-07 0 1
vn -0.9999739 0.0054608164 0.0047413358
vn -0.9999938 0.0018723402 0.0029777116
vn -0.999716 0 0.023830991
vn -0.99998 0.00601898 -0.001948954
vn -0.9999689 0.007512239 -0.002432473
vn -1 0 0
vn -1 0 0
vn -1.2689003E-05 1 -3.0616542E-05
vn -2.8130356E-05 1 -2.073495E-05
vn -2.8130355E-05 1 -2.0734948E-05
vn -1.7564058E-05 1 -2.7315575E-05
vn -1.6304718E-07 1 -2.5084384E-05
vn 1.0822696E-05 1 -3.2889933E-05
vn -1.9993135E-07 1 -2.507323E-05
vn -5.3799164E-07 1 0
vn -5.3799164E-07 1 0
vn 2.0660174E-05 1 -2.8185545E-05
vn 3.8034806E-05 1 -1.9559224E-05
vn 1.6918148E-07 -1 -3.9848612E-07
vn -0 -1 3.5033732E-05
vn 1.6918148E-07 -1 -3.9848612E-07
vn -1.2093007E-05 -1 4.8593014E-05
vn -9.3040135E-06 -1 5.8532638E-05
vn -3.852222E-06 -1 3.3905642E-05
vn -0.0005117617 -0.99999917 0.0012470859
vn -9.58467E-06 -1 5.7055895E-05
vn -7.4754225E-06 -1 2.7567463E-05
vn -5.0190306E-06 -1 -6.7742485E-06
vn -5.0190297E-06 -1 -6.7742485E-06
vn -0.00036186952 -0.9999995 0.0008833573
vn -0.0010784155 -0.99999607 0.0026004098
vn -0.0005706967 -0.9999989 0.0013797807
vn 7.492691E-06 -1 -1.0270068E-05
vn 7.4926916E-06 -1 -1.0270068E-05
vn -0.1986294 0.0011697314 0.980074
vn -0.21159379 3.1390796E-06 0.9773577
vn -0.21159379 3.1390794E-06 0.9773577
vn -0.19657317 0.0013544514 0.9804882
vn -0.12824495 0.002828885 0.9917385
vn -0.12791996 0.0028296106 0.99178046
vn -0.07425018 0.0029448494 0.99723536
vn -0.07425017 0.0029448492 0.99723536
vn 0.25054276 -0.9681051 0.0009347224
vn 0.4852143 -0.874395 0.00069105503
vn 0.48521423 -0.874395 0.00069105503
vn 0.22075498 -0.9753287 0.0011062861
vn 9.8550954E-05 -1 7.0755515E-05
vn 7.9708385E-05 -1 -1.769599E-05
vn 7.405166E-06 -1 -9.297966E-05
vn -1.2826184E-05 -1 1.3746637E-05
vn -3.9209815E-05 -1 6.4903043E-06
vn -2.9800984E-05 -1 1.1050256E-05
vn -2.590805E-05 -1 1.3445898E-05
vn -5.0973544E-05 -1 7.890678E-07
vn 0.24357288 -0.9698826 1.432927E-05
vn -9.2455406E-07 -1 0
vn 0.24387944 -0.9698056 1.7508315E-05
vn 0.47304463 -0.8810385 1.0019787E-05
vn 0.47304463 -0.8810385 1.0019786E-05
vn -6.692569E-07 1 -1.2853103E-07
vn -6.692569E-07 1 -1.2853101E-07
vn -6.692569E-07 1 -1.2853103E-07
vn -6.6925696E-07 1 -1.2853104E-07
vn -1.4028512E-07 1 1.0814556E-06
vn -1.4028512E-07 1 1.0814556E-06
vn -1.4028512E-07 1 1.0814556E-06
vn -1.4028512E-07 1 1.0814556E-06
vn 0.6859764 -0.6845887 0.24652521
vn 0.7055788 -0.5551659 0.44039696
vn 0.70301944 -0.60509264 0.3736663
vn 0.70557857 -0.44182435 0.5540308
vn 0.44131058 -0.6345249 0.63452584
vn 0.3724079 -0.5786413 0.7255939
vn 4.4835227E-07 -0.6234893 0.78183186
vn 7.196173E-07 -0.7071065 0.707107
vn 3.5680864E-07 -0.7494667 0.6620419
vn 0.45892248 -0.47316986 0.7519977
vn 0.7067291 -0.30771384 0.6370606
vn 1.0719417E-06 -0.5320314 0.84672457
vn 0.70524496 -0.3344514 0.6251174
vn 0.6658301 -0.1508507 0.7306944
vn 0.6571616 -0.1595261 0.7366751
vn 0.65595657 0 0.75479865
vn 5.105824E-07 -0.46135184 0.8872172
vn 1.7891195E-07 -0.7818319 0.6234892
vn 1.5451533E-07 -0.88802177 0.4598014
vn 1.2946356E-07 -0.62348914 0.7818319
vn 1.5236012E-07 -0.9009693 0.43388274
vn -0 -0.43388316 0.9009692
vn 1.5568195E-07 -0.97100306 0.23906715
vn -0 -0.23590794 0.97177535
vn 1.5783334E-07 -0.9749278 0.2225213
vn -0 -0.22252019 0.9749281
vn 1.7193736E-07 -1 0
vn 1.7193739E-07 -1 0
vn 2.3140873E-07 -0.9749279 -0.22252119
vn 2.4035054E-07 -0.97100306 -0.23906696
vn 2.5276782E-07 -0.900969 -0.43388343
vn 2.4286243E-07 -0.8880213 -0.45980233
vn 1.7955976E-07 -0.7818327 -0.6234883
vn -0 0 1
vn -0 0 1
vn -0 0.2225201 0.9749281
vn -0 0.23590781 0.9717755
vn -0 0.4338832 0.9009691
vn 2.3819909E-07 -0.7494684 -0.66204005
vn 1.03332674E-07 -0.6234899 -0.78183144
vn 4.80114E-07 0.46135205 0.8872172
vn 6.732038E-07 -0.6234901 -0.7818312
vn 4.235963E-07 -0.7071096 -0.7071039
vn 0.4413105 -0.63452727 -0.6345236
vn 0.37240842 -0.57864255 -0.72559273
vn 2.5754082E-07 0.62349004 0.78183126
vn 0.70557886 -0.44182462 -0.55403024
vn 0.45892364 -0.4731687 -0.7519977
vn 0.70557714 -0.55516696 -0.4403983
vn 0.7030178 -0.6050937 -0.37366763
vn 0.68597454 -0.6845906 -0.24652505
vn 0.7067308 -0.30771354 -0.6370588
vn 0.7052468 -0.33445156 -0.6251153
vn 0.66583055 -0.15085119 -0.73069394
vn 0.6571615 -0.1595258 -0.7366752
vn 0.6559569 0 -0.75479835
vn 3.0407523E-07 0.6234899 0.7818314
vn 9.3806534E-07 0.5320317 0.8467245
vn 2.52183E-07 0.7494674 0.6620412
vn 3.1720637E-07 0.7818321 0.623489
vn 1.6859786E-07 0.8880213 0.45980233
vn 1.3415962E-07 0.900969 0.43388346
vn 1.4637392E-07 0.97100306 0.23906714
vn 1.7242009E-07 0.9749278 0.22252135
vn -0 0.70710725 0.7071063
vn 3.448402E-07 1 1.7157028E-07
vn 3.448402E-07 1 1.7183521E-07
vn 2.459957E-07 0.9749279 -0.22252117
vn 2.3104275E-07 0.97100306 -0.23906697
vn 2.0773523E-07 0.900969 -0.43388343
vn 2.2322516E-07 0.8880213 -0.45980227
vn 2.508922E-07 0.7818321 -0.6234891
vn 0.4413115 0.634524 0.63452625
vn 6.533238E-07 0.7494676 -0.662041
vn 9.855256E-07 0.62348956 -0.7818317
vn 1.6903467E-06 0.7071089 -0.70710456
vn 1.7262062E-07 0.62348914 -0.7818319
vn 0.4413107 0.63452667 -0.6345241
vn 0.37240842 0.57864124 0.7255938
vn 0.7055794 0.5551647 0.44039738
vn 0.45892277 0.4731698 0.7519974
vn 0.7030196 0.60509247 0.37366635
vn 0.685977 0.68458796 0.24652588
vn 0.7055787 0.44182527 0.55403
vn 0.7067293 0.3077137 0.6370604
vn 0.70524514 0.3344513 0.6251173
vn 0.6658301 0.15085067 0.7306944
vn 0.65716153 0.15952602 0.7366751
vn 0.65595657 0 0.75479865
vn 1.114159E-06 0.46135065 -0.8872179
vn -0 0.4338821 -0.9009697
vn -0 0.23590785 -0.97177535
vn -0 0.22252013 -0.9749281
vn -0 0 -1
vn -0 0 -1
vn -0 -0.2225201 -0.9749281
vn -0 -0.23590785 -0.97177535
vn -0 -0.43388194 -0.9009697
vn 1.1327048E-06 -0.4613506 -0.887218
vn 1.03332674E-07 -0.6234899 -0.78183144
vn 6.732038E-07 -0.6234901 -0.7818312
vn 2.295912E-06 -0.53202945 -0.8467259
vn 0.37240842 -0.57864255 -0.72559273
vn 0.45892364 -0.4731687 -0.7519977
vn 2.3217187E-06 0.5320295 -0.84672576
vn 0.3724082 0.5786417 -0.7255935
vn 0.45892322 0.47316846 -0.7519981
vn 0.70557886 0.4418242 -0.5540305
vn 0.7055785 0.5551667 -0.44039628
vn 0.70301944 0.6050926 -0.37366658
vn 0.68597686 0.68458813 -0.24652539
vn 0.70673066 0.30771312 -0.63705915
vn 0.705247 0.33445162 -0.62511516
vn 0.66583055 0.15085115 -0.73069394
vn 0.6571616 0.1595258 -0.7366751
vn 0.6559569 0 -0.75479835
vn 7.582859E-06 0 1
vn 7.582859E-06 0 1
vn -2.4342746E-05 0 1
vn 9.4021306E-07 0 1
vn 9.4021306E-07 0 1
vn -4.1000533E-07 0 1
vn -4.1000533E-07 0 1
vn 0.21299288 0 0.9770537
vn 0.21299286 0 0.9770537
vn 0.61623937 0 0.7875589
vn 0.6162393 0 0.7875589
vn 0.7108758 0 0.7033175
vn 0.71087587 0 0.7033175
vn 0.7701333 0 0.63788295
vn -0.23835458 1.9260035E-07 0.9711782
vn -0.7078776 5.319659E-07 0.70633507
vn -0.7078826 1.515136E-06 0.7063302
vn -0.23835455 1.9260033E-07 0.9711782
vn 0.23835458 1.9260028E-07 0.9711782
vn 0.23835464 1.9260033E-07 0.9711782
vn 0.70788896 1.1589347E-06 0.7063238
vn 0.70789057 -6.3269346E-07 0.70632213
vn 0.8873898 3.7586344E-07 0.46101996
vn 0.91857743 -0.003020661 0.39522964
vn 0.9185782 0.0030211569 0.39522773
vn 0.97146636 -0.0015888733 0.2371722
vn 0.99914753 -0.010321989 0.039972123
vn 1 0 0
vn 0.9714669 0.0015889762 0.23716967
vn 0.9714423 -3.100311E-05 -0.23727596
vn 0.99914753 0.010321989 0.039972115
vn 1 0 0
vn 1 0 0
vn 1 0 0
vn 0.99999976 -0.00019767246 -0.0006425552
vn 0.9246913 -6.119179E-05 -0.3807176
vn 0.97144204 3.0938663E-05 -0.23727676
vn 0.99999976 0.00019767242 -0.00064255495
vn 0.9246908 6.108836E-05 -0.38071904
vn 0.70788914 7.093026E-07 -0.70632356
vn 0.7078887 -1.371347E-06 -0.70632404
vn 0.88739 -1.694607E-07 -0.46101943
vn 0.2383566 -5.0592035E-07 -0.97117776
vn 0.23835668 -5.059204E-07 -0.97117776
vn -0.23835604 -2.1702033E-07 -0.9711779
vn -0.23835601 -2.1702033E-07 -0.9711779
vn -0.7078866 0 -0.7063261
vn -0.70788664 0 -0.706326
vn -0.88738364 0 -0.46103168
vn -0.88741493 6.8280883E-06 -0.46097165
vn -0.8874148 -6.828088E-06 -0.46097177
vn -0.97144014 -1.2141482E-05 -0.23728469
vn -0.97144014 1.2141428E-05 -0.2372847
vn -0.9208326 -5.6666373E-05 -0.3899581
vn -0.9999976 -0.00024243747 -0.0021761742
vn -1 0 0
vn -0.9208326 5.666638E-05 -0.38995814
vn -0.9999976 0.00024243756 -0.0021761742
vn -1 0 0
vn -1 0 0
vn -1 0 0
vn -1 0 0
vn -1 0 0
vn -1 0 0
vn -1 -3.5134515E-06 -2.6493199E-06
vn -1 -3.6664053E-07 -9.646412E-06
vn -1 -4.6494965E-06 -1.350849E-05
vn -1 -8.1471735E-06 0
vn -1 -8.147173E-06 0
vn -1 0 0
vn -1 0 0
vn -1 0 0
vn -1 -6.222996E-06 -3.5425633E-06
vn -1 -7.768733E-06 1.4346274E-06
vn -1 -5.425459E-06 -4.2595043E-06
vn -0.9714404 -0.00043314663 0.23728362
vn -0.97143924 0.000433611 0.23728798
vn -1 4.5852653E-06 -1.775654E-05
vn -0.9911247 -0.009200504 0.13261677
vn -0.9082101 -0.0019677551 0.4185099
vn -1 -1.6313712E-06 -3.0121646E-06
vn -0.99112433 0.009205939 0.1326184
vn -0.90821075 0.0019693056 0.41850838
vn -0.7078826 1.515136E-06 0.7063302
vn -0.88742656 8.013555E-06 0.46094918
vn -0.88737386 3.7459873E-07 0.46105066
vn -0.7078776 5.319659E-07 0.70633507
vn -0.8874282 -7.4623294E-06 0.4609458
vn 0.6963251 -0.7177265 0
vn 0.6963251 -0.7177265 0
vn 0.5300769 -0.84794956 -1.4495834E-07
vn 0.6646572 -0.74714845 0
vn 0.6646571 -0.74714845 0
vn 0.43420127 -0.90081584 0
vn 0.43420133 -0.90081584 0
vn 0.15091936 -0.9885461 0
vn 0.15091966 -0.9885461 0
vn -0 -1 -2.9553345E-07
vn -0 -1 -2.4151947E-07
vn -0 -1 0
vn -1.5268147E-07 -1 4.1958424E-07
vn -3.0279617E-07 -1 3.6478215E-07
vn -0 -1 -4.099553E-07
vn 2.89633E-07 -1 0
vn 7.4791495E-07 -1 -1.2567737E-07
vn -0 -1 0
vn -0 -1 0
vn -0 -1 -4.1294027E-07
vn 2.3601633E-07 -1 -2.0856996E-07
vn 3.8550115E-07 -1 0
vn 5.606894E-07 -1 0
vn 1.3515927E-06 -1 0
vn 4.5270406E-07 -1 0
vn 1.5425093E-07 -1 0
vn 1.4736526E-07 -1 0
vn -0 -1 -2.2465306E-07
vn -0 -1 -2.2464945E-07
vn 1.6268244E-07 -1 0
vn 1.5499893E-07 -1 0
vn 6.804153E-07 -1 -1.6462063E-07
vn 4.3158286E-07 -1 0
vn 0.71087587 0 -0.7033175
vn 0.71087587 0 -0.7033175
vn 0.7701333 0 -0.63788295
vn 0.6162394 0 -0.7875589
vn 0.61623937 0 -0.7875589
vn 0.21299252 0 -0.9770538
vn 0.21299252 0 -0.9770538
vn -8.2001065E-07 0 -1
vn -8.2001065E-07 0 -1
vn 1.8804253E-06 0 -1
vn 1.8804261E-06 0 -1
vn 1.516572E-05 0 -1
vn 1.516571E-05 0 -1
vn -4.86855E-05 0 -1
vn -3.7300646E-07 0.22251642 0.97492903
vn -0 0 1
vn -0 0 1
vn -3.44713E-07 0.21424122 0.9767808
vn -5.1855636E-07 0.43388352 0.900969
vn -5.3835663E-07 0.42512146 0.9051362
vn -2.8520387E-07 0.62349105 0.7818305
vn -2.8530417E-07 0.62060964 0.78411967
vn -6.284152E-07 0.7818329 0.62348807
vn -6.2844987E-07 0.78183997 0.62347925
vn -1.0344514E-06 0.9003279 0.4352121
vn -1.0352454E-06 0.9009697 0.4338821
vn -1.3104467E-06 0.97492844 0.22251883
vn -1.3075561E-06 0.9745899 0.22399667
vn -1.4326037E-06 1 -4.5339134E-06
vn -1.4326057E-06 1 -2.3150026E-06
vn -9.407381E-07 0.97458774 -0.22400618
vn -9.4605673E-07 0.9749273 -0.2225239
vn -3.5691312E-07 0.9009678 -0.43388608
vn -3.5434803E-07 0.9003242 -0.4352198
vn -5.070771E-07 0.78183675 -0.6234832
vn -5.071034E-07 0.78183144 -0.6234899
vn -1.4205787E-06 0.6234872 -0.78183365
vn -1.4209064E-06 0.6234363 -0.78187424
vn 0.00014294592 0.43405387 -0.90088683
vn 0.00015000554 0.42911032 -0.903252
vn 0.00014352027 0.22288282 -0.9748453
vn 0.00013265216 0.21455364 -0.9767122
vn -3.913637E-07 0 -1
vn -3.9136376E-07 0 -1
vn 0.00013259215 -0.21455362 -0.9767122
vn 0.00014345806 -0.2228828 -0.9748453
vn 0.00014984526 -0.4291105 -0.903252
vn 0.00014278208 -0.4340541 -0.9008868
vn -1.7084872E-06 -0.6234363 -0.78187424
vn -1.708189E-06 -0.62348706 -0.78183377
vn -7.456166E-07 -0.781831 -0.6234904
vn -7.455829E-07 -0.78183633 -0.62348384
vn -7.531274E-07 -0.9009675 -0.43388674
vn -7.4718446E-07 -0.9003244 -0.43521956
vn -1.5439899E-06 -0.97458786 -0.22400564
vn -1.5486181E-06 -0.97492707 -0.2225246
vn -1.9837291E-06 -1 -3.0691685E-06
vn -1.9837273E-06 -1 -5.287182E-06
vn -2.2413183E-06 -0.9749283 0.22251888
vn -2.2435433E-06 -0.97459 0.2239964
vn -1.8547785E-06 -0.900328 0.4352119
vn -1.8619214E-06 -0.90096956 0.43388206
vn -4.8944196E-07 -0.78183174 0.6234895
vn -4.8952893E-07 -0.78183913 0.6234802
vn -0 -0.62349004 0.7818314
vn -0 -0.6206079 0.784121
vn -6.9622973E-07 -0.42512146 0.9051362
vn -6.803403E-07 -0.43388343 0.900969
vn -4.1988747E-07 -0.21424124 0.9767808
vn -4.5107262E-07 -0.22251637 0.97492903
vn -0 0 1
vn -0 0 1
vn 0.9989699 -0.028414255 0.03537818
vn 0.9999758 0 0.006953401
vn 0.9998275 -0.015961641 0.009499159
vn 0.9999485 -0.01008203 0.0011901032
vn 0.9999764 -0.0065542036 -0.002056736
vn 0.9999534 -0.009623344 -0.00085013895
vn 0.99986565 -0.016346209 0.0011823124
vn 0.9999981 0 0.0019586687
vn 0.99986565 0.016346201 0.001182313
vn 0.9999534 0.009623339 -0.0008501389
vn 0.9999764 0.0065542017 -0.0020567353
vn 0.9999485 0.0100820325 0.001190112
vn 0.9998275 0.015961697 0.009499211
vn 0.99897003 0.028414145 0.0353777
vn -3.223169E-07 0.43585703 -0.9000159
vn -0 0 -1
vn -0 0 -1
vn -3.0854414E-07 0.42718628 -0.90416354
vn -5.0825753E-07 0.7819557 -0.6233341
vn -5.08304E-07 0.781908 -0.623394
vn -2.2028131E-07 0.9749281 -0.2225199
vn -2.202813E-07 0.9749281 -0.22251992
vn -0 0.9749278 0.22252148
vn -0 0.9749278 0.22252151
vn -0 0.7794421 0.62647426
vn -0 0.78224534 0.6229705
vn -0 0.42302468 0.90611815
vn -0 0.4357704 0.9000579
vn -0 0 1
vn -0 0 1
vn -1.6864107E-07 -0.43577036 0.9000579
vn -1.6226585E-07 -0.4230246 0.90611815
vn -3.266012E-07 -0.78224534 0.6229705
vn -3.2550128E-07 -0.779442 0.62647444
vn -4.2629583E-07 -0.9749278 0.22252135
vn -4.262958E-07 -0.9749278 0.22252138
vn -4.360976E-07 -0.9749279 -0.22252077
vn -4.360976E-07 -0.9749279 -0.2225208
vn -3.2750623E-07 -0.78190804 -0.6233938
vn -3.2753132E-07 -0.78195596 -0.6233336
vn -1.5770622E-07 -0.42718726 -0.9041632
vn -1.6159973E-07 -0.43585804 -0.9000154
vn -0 0 -1
vn -0 0 -1
vn 0.6963249 0.71772677 0
vn 0.53007585 0.8479502 1.4495828E-07
vn 0.6963249 0.71772677 0
vn 0.66465753 0.74714816 0
vn 0.66465753 0.7471482 0
vn 0.43420184 0.90081567 1.1448664E-07
vn 0.43420172 0.90081567 1.1448665E-07
vn 0.15091981 0.9885461 2.1269156E-07
vn 0.15091962 0.9885461 1.1836621E-07
vn 4.4766338E-07 1 0
vn 4.9703686E-07 1 2.413487E-07
vn 2.3717615E-07 1 1.127645E-06
vn 4.4235193E-07 1 5.1704893E-07
vn 3.8734493E-07 1 2.3043353E-07
vn 1.5229685E-07 1 -5.568034E-07
vn 4.4978603E-07 1 1.1076311E-06
vn 7.209854E-07 1 -5.443469E-07
vn 1.7833516E-07 1 1.6844303E-06
vn -7.0803713E-07 1 6.257191E-07
vn -0 1 -5.2040696E-07
vn -2.4582374E-07 1 -2.2224901E-07
vn 3.2456649E-07 1 1.1461261E-07
vn 1.0446759E-06 1 7.9124004E-07
vn 5.124367E-07 1 -1.4652858E-07
vn 7.987952E-07 1 0
vn 8.0568077E-07 1 0
vn 9.487704E-07 1 2.2465267E-07
vn 9.487705E-07 1 2.2464904E-07
vn 7.9036164E-07 1 0
vn 7.980452E-07 1 0
vn 5.1809764E-07 1 0
vn 1.347269E-06 1 -3.1793442E-07
vn 5.4407315E-07 1 1.8096081E-07
vn -1 0 0
vn -1 0 0
vn -1 0 0
vn -1 0 0
vn -1 0 0
vn -1 0 0
vn -1 0 0
vn -1 0 0
vn -1 0 0
vn -1 0 0
vn -1 0 0
vn -1 0 0
vn -1 0 0
vn -1 0 0
vn -1 0 0
vn -1 0 0
vn -1 0 0
vn -1 0 0
vn -1 0 0
vn -1 0 0
vn -1 0 0
vn -1 0 0
vn -1 0 0
vn -1 0 0
vn -1 0 0
vn -1 0 0
vn -1 0 0
vn -1 0 0
vn -1 0 0
vn -1 0 0
vn -1 0 0
vn -1 0 0
vn -1 0 0
vn -1 0 0
vn -1 0 0
vn -1 0 0
vn -1 0 0
vn -1 0 0
vn -1 0 0
vn -1 0 0
vn -1 0 0
vn -1 0 0
vn -1 0 0
vn -1 0 0
vn -1 0 0
vn -1 0 0
vn -1 0 0
vn -1 0 0
vn -1 0 0
vn -1 0 0
vn -1 0 0
vn -1 0 0
vn -1 0 0
vn -1 0 0
vn -1 0 0
vn -1 0 0
vn -1 0 0
vn -1 0 0
vn -0 0 -1
vn -0 0 -1
vn -0 -0.22251873 -0.97492844
vn -0 -0.22251873 -0.97492844
vn -0 -0.43388447 -0.90096855
vn -0 -0.43388447 -0.90096855
vn -0 -0.6234901 -0.7818312
vn -0 -0.6234901 -0.7818312
vn -0 -0.78183186 -0.6234893
vn -0 -0.78183186 -0.6234893
vn -0 -0.9009693 -0.43388292
vn -0 -0.9009693 -0.43388292
vn -0 -0.9749278 -0.22252133
vn -0 -0.9749278 -0.22252133
vn -0 -1 0
vn -0 -1 0
vn -0 -0.9749279 0.22252087
vn -0 -0.9749279 0.22252087
vn -0 -0.90096956 0.43388227
vn -0 -0.90096956 0.43388227
vn -0 -0.78183174 0.6234895
vn -0 -0.78183174 0.6234895
vn -0 -0.62348795 0.781833
vn -0 -0.62348795 0.781833
vn -0 -0.43388355 0.900969
vn -0 -0.43388355 0.900969
vn -0 -0.22252159 0.9749278
vn -0 -0.22252159 0.9749278
vn -0 0 1
vn -0 0 1
vn -0 0.22252148 0.9749278
vn -0 0.22252148 0.9749278
vn -0 0.43388352 0.900969
vn -0 0.43388352 0.900969
vn -0 0.62348974 0.7818315
vn -0 0.62348974 0.7818315
vn -0 0.7818324 0.62348866
vn -0 0.7818324 0.62348866
vn -0 0.9009688 0.4338837
vn -0 0.9009688 0.4338837
vn -0 0.9749278 0.2225214
vn -0 0.9749278 0.2225214
vn -0 1 3.4844356E-07
vn -0 1 3.4844356E-07
vn -0 0.9749278 -0.2225214
vn -0 0.9749278 -0.2225214
vn -0 0.9009686 -0.43388435
vn -0 0.9009686 -0.43388435
vn -0 0.7818317 -0.6234897
vn -0 0.7818317 -0.6234897
vn -0 0.6234899 -0.7818314
vn -0 0.6234899 -0.7818314
vn -0 0.43388328 -0.9009691
vn -0 0.43388328 -0.9009691
vn -0 0.22251873 -0.97492844
vn -0 0.22251873 -0.97492844
vn -0 0 -1
vn -0 0 -1
vn -1 0 0
vn -1 0 0
vn -1 0 0
vn -1 0 0
vn -1 0 0
vn -1 0 0
vn -1 0 0
vn -1 0 0
vn -1 0 0
vn -1 0 0
vn -1 0 0
vn -1 0 0
vn -1 0 0
vn -1 0 0
vn -1 0 0
vn -1 0 0
vn -1 0 0
vn -1 0 0
vn -1 0 0
vn -1 0 0
vn -1 0 0
vn -1 0 0
vn -1 0 0
vn -1 0 0
vn -1 0 0
vn -1 0 0
vn -1 0 0
vn -1 0 0
vn -1 0 0
vn -1 0 0
vn 1 0 0
vn 1 0 0
vn 1 0 0
vn 1 0 0
vn 1 0 0
vn 1 0 0
vn 1 0 0
vn 1 0 0
vn 1 0 0
vn 1 0 0
vn 1 0 0
vn 1 0 0
vn 1 0 0
vn 1 0 0
vn 1 0 0
vn 1 0 0
vn -1.03826444E-07 0.38268346 -0.9238795
vn -1.105009E-06 4.5459453E-07 -1
vn -1.105009E-06 4.5459453E-07 -1
vn -1.03826416E-07 0.38268334 -0.9238795
vn -0 0.7071065 -0.70710707
vn -0 0.7071065 -0.70710707
vn -0 0.9238795 -0.38268343
vn -0 0.9238795 -0.38268343
vn -0 1 2.5147781E-07
vn -0 1 2.5147781E-07
vn -0 0.9238795 0.3826834
vn -0 0.9238795 0.3826834
vn -1.1865868E-07 0.7071071 0.70710635
vn -1.1865868E-07 0.7071071 0.70710635
vn -1.5573964E-07 0.3826825 0.9238799
vn -1.5573957E-07 0.38268235 0.92388004
vn -0 6.383663E-07 1
vn -0 6.383663E-07 1
vn -0 -0.38268226 0.92388004
vn -0 -0.38268226 0.92388004
vn -3.4114373E-07 -0.7071072 0.70710635
vn -3.4114373E-07 -0.7071072 0.70710635
vn -7.490329E-07 -0.9238795 0.38268328
vn -7.490328E-07 -0.9238795 0.38268352
vn -4.0788902E-07 -1 0
vn -4.0788902E-07 -1 0
vn -0 -0.92387944 -0.38268363
vn -0 -0.92387944 -0.38268363
vn -9.1960527E-07 -0.70710635 -0.7071071
vn -9.1960527E-07 -0.70710635 -0.7071071
vn -1.9949498E-06 -0.38268304 -0.92387974
vn -1.9949491E-06 -0.3826834 -0.9238795
vn -1.105009E-06 4.5459453E-07 -1
vn -1.105009E-06 4.5459453E-07 -1
vn 2.139866E-07 0.7071066 0.7071069
vn 2.1973486E-07 0.8314697 0.5555702
vn 2.1973484E-07 0.8314697 0.5555702
vn 2.1398658E-07 0.7071066 0.70710695
vn -1.385885E-07 0.38268316 0.9238796
vn -1.385885E-07 0.38268316 0.9238796
vn -7.202302E-07 -8.4148365E-07 1
vn -7.2023016E-07 -8.511556E-07 1
vn -6.836084E-07 -0.38268298 0.92387974
vn -6.836083E-07 -0.3826831 0.92387974
vn -2.0393377E-07 -0.70710605 0.7071074
vn -2.0393377E-07 -0.70710605 0.7071074
vn -0 -0.83146995 0.5555697
vn -0 -0.83146995 0.5555697
vn -0 1 3.65081E-07
vn -0 1 3.6508104E-07
vn -0 1 1.8254052E-07
vn -0 1 1.8254052E-07
vn -0 1 0
vn -0 1 0
vn -0 0.8314699 -0.55556995
vn -0 0.8314699 -0.5555699
vn -0 0.6230626 -0.782172
vn -0 0.70710653 -0.707107
vn -0 0.38268363 -0.92387944
vn -0 0.38268363 -0.92387944
vn -0 3.2885563E-07 -1
vn -0 3.3852785E-07 -1
vn -1.2544507E-07 -0.38268334 -0.9238795
vn -1.2544507E-07 -0.3826833 -0.9238795
vn -1.11148765E-07 -0.6230626 -0.782172
vn -1.0488406E-07 -0.70710635 -0.7071071
vn -0 -0.83146954 -0.55557024
vn -0 -0.83146954 -0.55557024
vn -1.500619E-07 -1 2.7381097E-07
vn -1.500619E-07 -1 2.7381097E-07
vn -0 -1 0
vn -0 -1 0
vn -0 -1 -1.8254063E-07
vn -0 -1 -1.8254063E-07
vn -0 0.7071076 -0.70710593
vn -0 0.8314709 -0.55556816
vn -0 0.8314709 -0.5555682
vn -0 0.7071072 -0.70710635
vn -0 0.38268414 -0.9238792
vn -0 0.38268414 -0.9238792
vn -2.7709527E-07 0 -1
vn -0 1.7410008E-07 -1
vn 1.1665924E-07 -0.26325095 -0.96472734
vn 1.07520265E-07 -0.38268408 -0.9238793
vn -0 -0.26325175 -0.9647272
vn 1.9617357E-07 -0.6526821 -0.7576319
vn -4.2430494E-07 -0.38268372 -0.92387944
vn 1.8576283E-07 -0.70710677 -0.70710677
vn -1.8202569E-07 -0.65268284 -0.7576313
vn -0 -0.90862435 -0.4176144
vn -1.3283423E-07 -0.7071072 -0.70710635
vn -0 -0.9238796 -0.38268322
vn -0 -0.9086244 -0.4176142
vn -0 -0.9238801 -0.3826819
vn -0 -1 -5.502313E-07
vn -0 -1 -4.932832E-07
vn -0 -0.92387974 0.38268286
vn -0 -0.90862405 0.41761503
vn 1.3073105E-07 -0.7071073 0.7071062
vn 1.3508223E-07 -0.65268236 0.7576316
vn -0 -0.38268504 0.9238788
vn -0 -0.26325372 0.9647267
vn -0 -1 0
vn -0 -1 0
vn -0 -0.92388034 0.3826816
vn -0 -0.90862495 0.41761312
vn -0 -0.70710677 0.70710677
vn -0 -0.6526817 0.7576322
vn -0 -0.38268268 0.9238798
vn -0 0.06502418 0.9978836
vn -1.07694376E-07 -0.26325345 0.96472675
vn -0 0.06502451 0.9978836
vn -0 0.55557036 0.83146954
vn -0 0.5555708 0.8314692
vn -0 0.7523398 0.65877527
vn -0 0.7523398 0.6587753
vn 0.74498576 -0.6670804 -2.72937E-07
vn 0.70013064 -0.71401477 0
vn 0.7449858 -0.66708034 -2.7293703E-07
vn 0.621746 -0.783219 7.503055E-07
vn 0.62174606 -0.7832189 7.503054E-07
vn 0.25863135 -0.9659761 3.5940587E-07
vn 0.25862977 -0.96597654 3.5940192E-07
vn -0.25862774 -0.96597713 -1.0226546E-06
vn -0.258627 -0.9659772 -1.0226522E-06
vn -0.6217392 -0.7832243 -2.2246081E-06
vn -0.6217393 -0.7832243 -2.2246084E-06
vn -0.74498147 -0.66708523 -2.735156E-06
vn -0.74498147 -0.66708523 -2.735156E-06
vn -0.70014894 -0.7139968 0
vn -0 -0.8314702 -0.55556935
vn -0 -0.7071071 -0.70710635
vn -0 -0.8314702 -0.55556935
vn -0 -0.70710665 -0.7071068
vn -0 -0.38268414 -0.9238792
vn -0 -0.38268414 -0.9238792
vn -2.7357032E-07 -1.6442783E-07 -1
vn -0 -4.159058E-07 -1
vn -0 0.26325133 -0.9647272
vn -4.2463702E-07 0.3826835 -0.9238795
vn 1.04688716E-07 0.26325074 -0.96472746
vn -1.8202569E-07 0.65268284 -0.7576313
vn 1.07520485E-07 0.38268444 -0.9238791
vn -1.3283423E-07 0.7071072 -0.70710635
vn 1.9617401E-07 0.6526833 -0.7576308
vn -0 0.9086244 -0.4176142
vn 1.857632E-07 0.70710796 -0.7071056
vn -0 0.9238801 -0.3826819
vn -0 0.9086244 -0.4176142
vn -0 0.9238795 -0.3826834
vn -0 1 0
vn -0 1 0
vn -0 0.9238799 0.38268256
vn -0 0.9086244 0.41761422
vn -0 0.7071065 0.707107
vn -0 0.6526818 0.757632
vn -0 0.38268313 0.9238796
vn -1.135598E-07 0.2632534 0.96472675
vn -0 1 -5.416342E-07
vn -0 1 -4.932835E-07
vn -0 0.92387974 0.38268307
vn -0 0.90862423 0.41761473
vn -0 0.7071083 0.7071052
vn -0 0.6526834 0.7576308
vn -0 0.38268515 0.9238788
vn -0 -0.065024726 0.9978836
vn -1.0146368E-07 0.26325363 0.9647267
vn -0 -0.06502439 0.9978836
vn -0 -0.55557007 0.8314697
vn -0 -0.55557054 0.83146936
vn -0 -0.7523393 0.65877575
vn -0 -0.7523393 0.65877575
vn 0.7449864 0.6670796 0
vn 0.7449864 0.6670796 0
vn 0.70013064 0.71401477 0
vn 0.6217458 0.78321904 1.018051E-06
vn 0.6217458 0.78321904 1.018051E-06
vn 0.25863102 0.96597624 6.3374006E-07
vn 0.2586294 0.96597654 6.3373625E-07
vn -0.25862744 0.96597713 -7.473258E-07
vn -0.25862667 0.9659773 -7.4732355E-07
vn -0.62173826 0.7832251 -2.0384857E-06
vn -0.6217383 0.7832251 -2.0384862E-06
vn -0.74498045 0.6670863 -2.7337096E-06
vn -0.74498045 0.6670863 -2.7337092E-06
vn -0.7001536 0.71399224 0
vn 1 0 0
vn 0.9238795 -0.38268343 0
vn 1 0 0
vn 0.9238795 -0.38268343 0
vn 0.38268343 -0.9238795 0
vn 0.38268343 -0.9238795 0
vn -0.38268626 -0.9238784 0
vn -0.38268626 -0.9238784 0
vn -0.92388064 -0.3826806 0
vn -0.92388064 -0.3826806 0
vn -0.7071068 -0.70710665 1.3238444E-07
vn -0.7071072 -0.70710635 1.323844E-07
vn -7.110891E-07 -1 1.872199E-07
vn -7.110891E-07 -1 1.872199E-07
vn -0 0 -1
vn -0 0 -1
vn -0 0 -1
vn -0 0 -1
vn -0 0 -1
vn -0 0 -1
vn -0 0 -1
vn -0 0 -1
vn -0 0 1
vn -0 0 1
vn -0 0 1
vn -0 0 1
vn -0 0 1
vn -0 0 1
vn -0 0 1
vn -0 0 1
vn 1 0 0
vn 1 0 0
vn 0.9238789 0.38268486 -1.1439572E-06
vn 0.9238789 0.38268486 -1.1439572E-06
vn 0.38268328 0.9238795 -2.765116E-06
vn 0.38268232 0.92388004 -2.7651174E-06
vn -0.38268548 0.9238787 -1.6211658E-06
vn -0.38268548 0.9238787 -1.6211658E-06
vn -0.92388064 0.3826806 0
vn -0.92388064 0.3826806 0
vn -0.70710677 0.7071068 5.295379E-07
vn -0.7071074 0.7071061 5.295374E-07
vn -9.4811884E-07 1 7.488796E-07
vn -9.4811884E-07 1 7.488796E-07
vn -0 0 -1
vn -0 0 -1
vn -0 0 -1
vn -0 0 -1
vn -0 0 -1
vn -0 0 -1
vn -0 0 -1
vn -0 0 -1
vn -0 0 1
vn -0 0 1
vn -0 0 1
vn -0 0 1
vn -0 0 1
vn -0 0 1
vn -0 0 1
vn -0 0 1
vn -0.99949634 0 -0.03173449
vn -0.99949634 0 -0.031734493
vn -0.9885056 2.0717181E-07 -0.15118405
vn -0.9885056 2.0717162E-07 -0.15118389
vn -0.9004236 5.819398E-07 -0.43501413
vn -0.9004236 5.8193984E-07 -0.43501416
vn -0.71432656 9.283617E-07 -0.69981253
vn -0.7143265 9.2836206E-07 -0.69981265
vn -0.4632009 1.1805904E-06 -0.88625336
vn -0.4632006 1.1805907E-06 -0.8862535
vn -0.1575198 1.3163209E-06 -0.9875158
vn -0.15751979 1.3163209E-06 -0.9875158
vn -0.001992615 1.3340174E-06 -0.9999981
vn -0.001992615 1.3340175E-06 -0.9999981
vn -1 0 0
vn -1 0 0
vn -1 0 0
vn -1 0 0
vn -1 0 0
vn -1 0 0
vn -0.35277244 0.9356563 -0.009938749
vn -0.08069201 0.9966627 -0.012340921
vn -0.08217612 0.9966144 -0.0026103614
vn -0.35949802 0.93153876 -0.05474333
vn -0.5879692 0.8087195 -0.016280398
vn -0.07286623 0.99672025 -0.03520244
vn -0.5781102 0.81119525 -0.0880386
vn -0.3325751 0.92940027 -0.1600278
vn -0.058103625 0.9966864 -0.05692289
vn -0.5229908 0.8143243 -0.25170696
vn -0.2606326 0.93126655 -0.25458422
vn -0.037555125 0.9967077 -0.07185618
vn -0.4147312 0.8147753 -0.40514094
vn -0.16909799 0.9301858 -0.32582235
vn -0.012794338 0.996696 -0.08020936
vn -0.26707974 0.81486773 -0.5144502
vn -0.05731243 0.9298042 -0.36356485
vn -0.00016521475 0.9966144 -0.082217164
vn -0.09092615 0.81197524 -0.5765663
vn -0.0003794577 0.93700004 -0.34932888
vn -0.0005648872 0.80758184 -0.5897553
vn 1 0 0
vn 1 0 0
vn 1 0 0
vn 1 0 0
vn -1.1000011E-07 1.334036E-06 -1
vn 1.9434496E-07 1.0504774E-06 -1
vn 3.6842007E-07 7.846398E-07 -1
vn 5.18053E-07 3.6972375E-07 -1
vn 5.25849E-07 2.976013E-07 -1
vn 5.25849E-07 2.976013E-07 -1
vn 2.5082772E-06 0 1
vn 2.5082772E-06 0 1
vn 2.5082772E-06 0 1
vn 2.5082772E-06 0 1
vn -0.99949634 0 -0.03173449
vn -0.9885056 -2.0717184E-07 -0.15118408
vn -0.99949634 0 -0.031734493
vn -0.9885056 -2.071716E-07 -0.15118389
vn -0.9004236 -5.819397E-07 -0.43501413
vn -0.9004236 -5.819398E-07 -0.4350142
vn -0.7143265 -9.2836177E-07 -0.6998126
vn -0.7143265 -9.283619E-07 -0.69981265
vn -0.46320093 -1.1805905E-06 -0.8862533
vn -0.4632006 -1.1805907E-06 -0.8862535
vn -0.15751977 -1.3163209E-06 -0.9875158
vn -0.15751982 -1.316321E-06 -0.9875158
vn -0.0019926154 -1.3340177E-06 -0.9999981
vn -0.0019926152 -1.3340176E-06 -0.9999981
vn -1 0 0
vn -1 0 0
vn -1 0 0
vn -1 0 0
vn -1 0 0
vn -1 0 0
vn -0.3527725 -0.9356563 -0.009938796
vn -0.08217627 -0.9966144 -0.0026104522
vn -0.08069208 -0.9966627 -0.012340968
vn -0.35949805 -0.93153864 -0.054743353
vn -0.5879692 -0.8087195 -0.016280398
vn -0.07286632 -0.99672025 -0.035202444
vn -0.5781102 -0.81119525 -0.0880386
vn -0.33257514 -0.92940027 -0.1600278
vn -0.058103815 -0.9966864 -0.056922924
vn -0.5229908 -0.8143243 -0.25170702
vn -0.26063275 -0.93126655 -0.25458425
vn -0.037555207 -0.9967077 -0.07185631
vn -0.41473126 -0.8147753 -0.4051409
vn -0.16909803 -0.9301858 -0.32582238
vn -0.012794321 -0.996696 -0.08020944
vn -0.26707974 -0.81486785 -0.51445
vn -0.057312395 -0.9298042 -0.36356485
vn -0.00016521566 -0.9966144 -0.082217164
vn -0.090926096 -0.81197524 -0.5765662
vn -0.0003794582 -0.93700004 -0.34932888
vn -0.0005648873 -0.80758184 -0.5897553
vn 1 0 0
vn 1 0 0
vn 1 0 0
vn 1 0 0
vn -1.1000055E-07 -1.3340359E-06 -1
vn 3.6841996E-07 -7.8463955E-07 -1
vn 1.9434475E-07 -1.0504772E-06 -1
vn 5.1805296E-07 -3.6972367E-07 -1
vn 5.258489E-07 -2.9760128E-07 -1
vn 5.258489E-07 -2.9760128E-07 -1
vn -1.239769E-07 -1 -2.5815848E-07
vn -6.0785544E-07 -1 -3.6172747E-07
vn -1.5311186E-07 -1 -2.6439454E-07
vn -1.7892299E-07 -1 0
vn -0 -1 -2.9454304E-07
vn -1.7191007E-07 -1 -1.861464E-07
vn -4.4830387E-07 -1 2.3075992E-07
vn -5.55751E-07 -1 -1.1822359E-07
vn -5.4218566E-07 -1 0
vn -7.440116E-07 -1 -9.3510977E-07
vn 2.5082772E-06 0 1
vn 2.5082772E-06 0 1
vn 2.5082772E-06 0 1
vn 2.5082772E-06 0 1
vn 0.958378 0 -0.2855023
vn 0.8854243 0.38268775 -0.26376855
vn 0.958378 0 -0.28550234
vn 0.885426 0.38268358 -0.263769
vn 0.6776773 0.70710546 -0.20187947
vn 0.67768204 0.70710045 -0.20188084
vn 0.3667528 0.9238808 -0.109254874
vn 0.36676067 0.92387736 -0.109257214
vn -5.3390713E-06 1 1.0784538E-06
vn 4.091364E-06 1 -1.7289158E-06
vn -0.366758 0.9238788 0.10925376
vn -0.36675394 0.92388064 0.10925255
vn -0.67767835 0.70710516 0.2018769
vn -0.6776738 0.70710987 0.2018756
vn -0.885427 0.38268188 0.26376784
vn -0.8854253 0.3826864 0.26376736
vn -0.95837843 0 0.2855008
vn -0.95837843 0 0.28550076
vn -0.8854271 -0.38268194 0.26376784
vn -0.8854252 -0.3826865 0.26376733
vn -0.67767817 -0.70710534 0.20187673
vn -0.6776737 -0.70711005 0.20187542
vn -0.3667582 -0.9238788 0.109253325
vn -0.36675406 -0.92388064 0.10925208
vn -5.1262828E-06 -1 4.7393937E-07
vn 4.304155E-06 -1 -2.3358505E-06
vn 0.36675316 -0.92388064 -0.10925516
vn 0.366761 -0.9238773 -0.10925749
vn 0.6776771 -0.70710564 -0.20187946
vn 0.677682 -0.70710063 -0.20188092
vn 0.8854243 -0.38268775 -0.26376855
vn 0.88542587 -0.3826837 -0.26376906
vn 0.958378 0 -0.28550234
vn 0.958378 0 -0.2855023
vn -0.28545603 -3.7061577E-06 -0.9583918
vn -0.2854594 0 -0.95839083
vn -0.28545937 0 -0.95839083
vn -0.28545606 -3.7061538E-06 -0.9583918
vn -0.2854552 9.760528E-07 -0.958392
vn -0.2854552 9.760712E-07 -0.958392
vn -0.28546122 6.213407E-06 -0.9583903
vn -0.28546128 6.2134036E-06 -0.9583903
vn -0.2854646 6.5003546E-06 -0.9583893
vn -0.2854646 6.5003637E-06 -0.9583893
vn -0.28546613 1.0249225E-05 -0.95838886
vn -0.28546613 1.024925E-05 -0.95838886
vn -0.28546908 8.423816E-06 -0.958388
vn -0.28546903 8.423835E-06 -0.958388
vn -0.28546545 -4.5524388E-07 -0.958389
vn -0.28546548 -4.552284E-07 -0.958389
vn -0.28546077 0 -0.9583904
vn -0.28546074 0 -0.9583904
vn -0.28546548 4.5376547E-07 -0.958389
vn -0.28546545 4.5375106E-07 -0.958389
vn -0.28546906 -8.423818E-06 -0.958388
vn -0.28546903 -8.42384E-06 -0.958388
vn -0.28546616 -1.02492295E-05 -0.95838886
vn -0.28546616 -1.0249257E-05 -0.95838886
vn -0.28546456 -6.500358E-06 -0.9583893
vn -0.2854646 -6.500368E-06 -0.9583893
vn -0.28546125 -6.21341E-06 -0.9583903
vn -0.28546128 -6.2134063E-06 -0.9583903
vn -0.28545526 -9.738353E-07 -0.958392
vn -0.28545523 -9.738554E-07 -0.958392
vn -0.28545606 3.7083757E-06 -0.9583918
vn -0.2854561 3.708372E-06 -0.9583918
vn -0.28545937 0 -0.95839083
vn -0.2854594 0 -0.95839083
vn 0.88543373 0.38268018 -0.26374802
vn 0.9583859 0 -0.28547576
vn 0.9583859 0 -0.28547573
vn 0.88543177 0.38268504 -0.26374742
vn 0.6776821 0.707106 -0.20186128
vn 0.67768097 0.7071072 -0.20186093
vn 0.36675942 0.92387974 -0.10924184
vn 0.36675882 0.92388004 -0.10924166
vn -3.6077547E-06 1 1.1606718E-06
vn -9.769025E-07 1 3.796378E-07
vn -0.3667607 0.9238792 0.10924163
vn -0.36676234 0.9238786 0.10924211
vn -0.6776862 0.70710486 0.20185144
vn -0.67768544 0.70710564 0.20185123
vn -0.8854375 0.38268524 0.26372796
vn -0.88543636 0.3826882 0.26372766
vn -0.9583919 0 0.2854559
vn -0.9583919 0 0.28545588
vn -0.8854375 -0.3826853 0.2637278
vn -0.88543636 -0.3826881 0.26372746
vn -0.6776863 -0.7071049 0.20185103
vn -0.67768556 -0.70710564 0.20185082
vn -0.36676106 -0.9238791 0.10924126
vn -0.36676276 -0.9238784 0.10924176
vn -3.375621E-06 -1 9.1886534E-07
vn -7.35095E-07 -1 1.3299416E-07
vn 0.36676002 -0.92387944 -0.10924202
vn 0.36675942 -0.92387974 -0.10924184
vn 0.6776821 -0.707106 -0.20186132
vn 0.67768097 -0.7071072 -0.201861
vn 0.8854336 -0.38268027 -0.26374805
vn 0.88543177 -0.38268504 -0.2637475
vn 0.9583859 0 -0.28547573
vn 0.9583859 0 -0.28547576
vn -0.28549 0 -0.9583817
vn -0.28549 0 -0.9583817
vn -0.28545806 0 -0.95839113
vn -0.28545183 0 -0.9583931
vn -0.28545183 0 -0.9583931
vn -0.2854634 0 -0.95838964
vn -0.2854634 0 -0.95838964
vn -0.2854635 0 -0.9583895
vn -0.28546348 0 -0.9583895
vn -0.28545538 0 -0.9583919
vn -0.2854554 0 -0.9583919
vn -0.28546232 0 -0.95838994
vn -0.28546232 0 -0.95838994
vn -0.28545853 0 -0.9583911
vn -0.2854585 0 -0.9583911
vn -0.2854581 0 -0.95839113
vn 0.28546408 0 0.9583894
vn 0.28546408 0 0.9583894
vn 0.28544965 0 0.9583937
vn 0.28546178 0 0.95839006
vn 0.28546178 0 0.95839006
vn 0.2854624 0 0.9583898
vn 0.2854624 0 0.9583898
vn 0.2854576 0 0.95839137
vn 0.2854576 0 0.95839137
vn 0.28546235 0 0.95838994
vn 0.28546232 0 0.95838994
vn 0.2854743 0 0.95838636
vn 0.2854743 0 0.95838636
vn 0.2854483 0 0.9583941
vn 0.28544828 0 0.9583941
vn 0.28543797 0 0.95839715
vn 0.958379 0 -0.28549924
vn 0.958379 0 -0.28549924
vn 0.8854262 0.38268483 -0.26376605
vn 0.8854265 0.38268423 -0.26376614
vn 0.67767704 0.70710623 -0.20187749
vn 0.67767876 0.7071045 -0.20187804
vn 0.36675653 0.9238791 -0.1092568
vn 0.36675823 0.9238784 -0.10925728
vn 1.760341E-06 1 9.261135E-07
vn -1.9151018E-06 1 2.0263326E-06
vn -0.3667504 0.9238812 0.10926051
vn -0.36675438 0.92387944 0.109261714
vn -0.6776772 0.7071046 0.20188239
vn -0.6776763 0.7071056 0.20188211
vn -0.88542765 0.38267973 0.2637689
vn -0.8854271 0.38268125 0.2637688
vn -0.958378 0 0.2855023
vn -0.958378 0 0.2855023
vn -0.88542765 -0.3826799 0.26376885
vn -0.8854271 -0.38268134 0.26376867
vn -0.677677 -0.707105 0.20188227
vn -0.6776761 -0.70710593 0.201882
vn -0.3667505 -0.9238812 0.10926035
vn -0.36675453 -0.9238793 0.10926156
vn 1.8377192E-06 -1 5.4647967E-07
vn -1.8473967E-06 -1 1.6442797E-06
vn 0.36675683 -0.9238789 -0.10925706
vn 0.3667585 -0.9238782 -0.10925756
vn 0.677677 -0.70710635 -0.2018775
vn 0.6776786 -0.7071046 -0.20187803
vn 0.8854262 -0.38268492 -0.2637661
vn 0.8854265 -0.38268426 -0.26376623
vn 0.958379 0 -0.28549924
vn 0.958379 0 -0.28549924
vn 0.28550702 5.0559433E-06 0.9583766
vn 0.28550255 0 0.958378
vn 0.28550255 0 0.958378
vn 0.28550702 5.0559433E-06 0.9583766
vn 0.28550774 1.501062E-06 0.95837635
vn 0.2855077 1.5010843E-06 0.95837635
vn 0.28550327 1.13442105E-07 0.9583778
vn 0.28550327 1.1347729E-07 0.9583778
vn 0.28550532 5.020897E-06 0.9583771
vn 0.28550535 5.0209433E-06 0.9583771
vn 0.2855076 8.0465425E-06 0.95837647
vn 0.28550756 8.046544E-06 0.95837647
vn 0.28551087 2.7092449E-06 0.9583755
vn 0.28551087 2.7092397E-06 0.9583755
vn 0.28551155 2.712273E-07 0.9583753
vn 0.28551155 2.712501E-07 0.9583753
vn 0.2855084 0 0.9583763
vn 0.28550842 0 0.9583763
vn 0.28551155 -2.7122806E-07 0.9583753
vn 0.2855115 -2.7124952E-07 0.9583753
vn 0.2855109 -2.7092449E-06 0.9583755
vn 0.2855109 -2.7092367E-06 0.9583755
vn 0.28550756 -8.047345E-06 0.95837647
vn 0.28550753 -8.0473465E-06 0.95837647
vn 0.28550532 -5.021702E-06 0.9583771
vn 0.28550538 -5.021749E-06 0.9583771
vn 0.2855033 -1.1344217E-07 0.9583778
vn 0.2855033 -1.1347743E-07 0.9583778
vn 0.28550774 -1.5014643E-06 0.95837635
vn 0.28550774 -1.5014878E-06 0.95837635
vn 0.28550702 -5.056345E-06 0.9583766
vn 0.28550702 -5.056346E-06 0.9583766
vn 0.28550255 0 0.958378
vn 0.28550255 0 0.958378
vn 0.885426 -0.38267955 -0.26377505
vn 0.95837724 0 -0.28550506
vn 0.95837724 0 -0.28550506
vn 0.8854254 -0.3826809 -0.26377487
vn 0.67767525 -0.70710534 -0.2018867
vn 0.67767555 -0.70710504 -0.20188676
vn 0.3667509 -0.9238812 -0.1092589
vn 0.36675322 -0.92388004 -0.10925959
vn -1.1413227E-06 -1 5.7791556E-07
vn 1.3057506E-06 -1 -1.4991952E-07
vn -0.36675212 -0.92388064 0.10925892
vn -0.36675137 -0.92388093 0.1092587
vn -0.6776698 -0.70710874 0.20189309
vn -0.67767036 -0.70710814 0.20189327
vn -0.88541514 -0.38268182 0.26380816
vn -0.88541335 -0.3826863 0.26380762
vn -0.95836204 0 0.28555605
vn -0.95836204 0 0.28555608
vn -0.885415 0.38268185 0.26380828
vn -0.8854133 0.3826862 0.26380777
vn -0.67767 0.7071086 0.20189312
vn -0.6776705 0.70710796 0.20189327
vn -0.36675254 0.92388046 0.109258756
vn -0.36675173 0.9238808 0.109258525
vn -1.2380451E-06 1 4.497586E-07
vn 1.2090285E-06 1 -2.7807653E-07
vn 0.36675084 0.9238812 -0.10925894
vn 0.36675322 0.92388004 -0.10925965
vn 0.6776751 0.70710546 -0.20188676
vn 0.6776755 0.7071051 -0.20188682
vn 0.885426 0.38267955 -0.26377505
vn 0.8854254 0.38268083 -0.2637749
vn 0.95837724 0 -0.28550506
vn 0.95837724 0 -0.28550506
vn 0.28549138 0 0.9583813
vn 0.28549138 0 0.9583813
vn 0.2854871 0 0.9583825
vn 0.28551334 0 0.95837474
vn 0.28551334 0 0.95837474
vn 0.28550738 0 0.9583766
vn 0.28550738 0 0.95837647
vn 0.28550074 0 0.95837843
vn 0.28550076 0 0.95837843
vn 0.2854998 0 0.9583788
vn 0.28549987 0 0.9583788
vn 0.28550354 0 0.95837766
vn 0.28550354 0 0.95837766
vn 0.28552073 0 0.95837253
vn 0.28552073 0 0.95837253
vn 0.28548712 0 0.9583825
vn -0.28552195 0 -0.95837224
vn -0.28552192 0 -0.95837224
vn -0.28552434 0 -0.95837146
vn -0.28550047 0 -0.95837855
vn -0.28550047 0 -0.95837855
vn -0.28550467 0 -0.95837736
vn -0.2855047 0 -0.95837736
vn -0.2855085 0 -0.95837617
vn -0.2855085 0 -0.95837617
vn -0.28550875 0 -0.95837617
vn -0.28550875 0 -0.95837617
vn -0.28551087 0 -0.9583755
vn -0.28551084 0 -0.9583755
vn -0.2855049 0 -0.95837724
vn -0.2855049 0 -0.95837724
vn -0.28549555 0 -0.95838
vn -0 -1 -1.904887E-07
vn -0 -1 -1.6120512E-07
vn -0 -1 -1.6120512E-07
vn -0 -1 -2.0343474E-07
vn -0 -1 -2.3762996E-07
vn -0 -1 -2.3762996E-07
vn -0 1 0
vn -0 1 1.8787837E-07
vn -0 1 1.878784E-07
vn -0 1 1.1588931E-07
vn -0 1 0
vn -0 1 0
vn -0.9932615 0 0.11589476
vn -0.9932615 0 0.11589478
vn -0.9932615 0 0.11589476
vn -0.9932615 0 0.11589478
vn -0 0 -1
vn -0 0 -1
vn -0 0 -1
vn -0 0 -1
vn -0 0 -1
vn -0 0 1
vn -0 0 1
vn -0 0 1
vn -0 0 1
vn -0 0 1
vn -0 0 1
vn -0 0 1
vn -0.9692721 -0.24599095 0
vn -0.93060404 -0.3660275 0
vn -0.93060404 -0.3660275 0
vn -0.9692721 -0.24599098 0
vn -1 0 0
vn -1 0 0
vn -0.9692721 0.24599092 0
vn -0.9692721 0.24599086 0
vn -0.9306041 0.36602738 0
vn -0.9306041 0.36602738 0
vn -0 0 1
vn -0 0 1
vn -0 0 1
vn -0 0 1
vn -0 0 1
vn -0 0 1
vn -0 0 1
vn -0 0 1
vn -0 0 1
vn -0 0 1
vn -0 0 1
vn -0 0 1
vn -0 0 1
vn -0 0 1
vn -0 0 1
vn -0 0 1
vn -0 0 1
vn -0 0 1
vn 0.99524564 0.09739715 0
vn 0.99524564 0.09739715 0
vn 0.9743825 0.22489709 0
vn 0.9743825 0.22489709 0
vn 0.8048987 0.5934122 0
vn 0.8048987 0.59341234 0
vn 0.41128886 0.9115051 1.1108864E-07
vn 0.4112889 0.91150504 1.1108863E-07
vn 0.008228806 0.99996614 1.2135179E-07
vn 0.008228807 0.99996614 1.2135179E-07
vn -0.42375574 0.9057765 1.10097055E-07
vn -0.4237557 0.9057765 1.10097055E-07
vn -0.8214147 0.57033134 0
vn -0.82141477 0.57033134 0
vn -0.9758093 0.21862376 0
vn -0.9758093 0.21862376 0
vn -0.99881065 0.04875639 0
vn -0.99881065 0.04875638 0
vn -0.99881065 -0.048756316 0
vn -0.99881065 -0.048756324 0
vn -0.97580916 -0.2186239 0
vn -0.97580916 -0.21862389 0
vn -0.8214146 -0.5703315 0
vn -0.8214146 -0.5703315 0
vn -0.4237557 -0.9057765 -1.10097055E-07
vn -0.42375574 -0.9057765 -1.10097055E-07
vn 0.008228806 -0.99996614 -1.2135179E-07
vn 0.008228807 -0.99996614 -1.2135179E-07
vn 0.4112885 -0.9115052 -1.1108865E-07
vn 0.4112885 -0.9115052 -1.1108865E-07
vn 0.80489844 -0.59341264 0
vn 0.80489844 -0.5934126 0
vn 0.9743825 -0.22489709 0
vn 0.9743825 -0.22489709 0
vn 0.99524564 -0.09739715 0
vn 0.99524564 -0.09739715 0
vn -0 0 -1
vn -0 0 -1
vn -0 0 -1
vn -0 0 -1
vn -0 0 -1
vn -0 0 -1
vn -0 0 -1
vn -0 0 -1
vn -0 0 -1
vn -0 0 -1
vn -0 0 -1
vn -0 0 -1
vn -0 0 -1
vn -0 0 -1
vn -0 0 -1
vn -0 0 -1
vn -0 0 -1
vn -0 0 -1
vn -1.6949977E-07 1 -2.8524863E-07
vn -2.050437E-07 1 -2.9529858E-07
vn -7.5981933E-07 1 -4.5215936E-07
vn -1.7876833E-07 1 0
vn 1.1995698E-07 1 -3.4830842E-07
vn -1.4147135E-07 1 -2.754431E-07
vn -4.7706396E-07 1 2.0595449E-07
vn -5.726442E-07 1 -1.3449348E-07
vn -5.602961E-07 1 0
vn -7.440116E-07 1 -9.3510977E-07
vn 0.00072840264 -0.9990301 -0.044026293
vn -0 -1 -4.4956917E-07
vn 0.004118637 -0.9685108 -0.2489376
vn -4.790034E-06 -0.8683549 -0.49594337
vn 0.00322075 -0.9468856 -0.32155463
vn -0.0043255687 -0.7131468 -0.7010014
vn -0.004325569 -0.7131468 -0.7010014
vn -0.004325641 0.71314657 -0.70100164
vn 0.0032207472 0.9468856 -0.3215545
vn -0.004325641 0.7131466 -0.7010016
vn -4.823355E-06 0.8683548 -0.4959434
vn 0.0041186446 0.9685108 -0.24893738
vn 0.000728404 0.9990301 -0.044025887
vn -0 1 0
vn -0.58533627 0 -0.81079066
vn -0.7732842 0 -0.63405955
vn -0.7732842 0 -0.63405955
vn -0.58533627 0 -0.81079066
vn -0.30836537 0 -0.95126796
vn -0.30836535 0 -0.95126796
vn -0.10491926 0 -0.9944807
vn -0.10491926 0 -0.9944807
vn 0.110559136 0 -0.99386954
vn 0.11055913 0 -0.99386954
vn -5.464973E-06 -0.70710856 0.707105
vn -3.1144862E-06 -0.3826816 0.9238802
vn -3.1144993E-06 -0.38268286 0.9238798
vn -5.4649713E-06 -0.7071081 0.70710546
vn -5.712324E-06 -0.9238802 0.38268173
vn -5.7123243E-06 -0.92388004 0.38268209
vn -5.6087847E-06 -1 -2.1278908E-07
vn -5.6087856E-06 -1 -2.127887E-07
vn -4.6985633E-06 -0.9238801 -0.38268197
vn -4.698562E-06 -0.92388004 -0.38268235
vn -2.3712062E-06 -0.7071074 -0.70710605
vn -1.8739681E-06 -0.70710665 -0.7071068
vn 2.4167753E-07 -0.38268244 -0.9238799
vn 7.389028E-07 -0.38268188 -0.9238801
vn 1.7948513E-06 -6.673831E-07 -1
vn 1.7948582E-06 7.447609E-07 -1
vn 4.0911195E-06 0.38268173 -0.9238802
vn 4.091124E-06 0.38268232 -0.92388004
vn 5.0202225E-06 0.7071073 -0.7071062
vn 5.0202234E-06 0.7071074 -0.7071061
vn 4.8118786E-06 0.9238799 -0.3826825
vn 4.811879E-06 0.92388004 -0.38268214
vn 5.2992823E-06 1 -4.255775E-07
vn 5.2992823E-06 1 -4.159059E-07
vn 4.3634436E-06 0.9238798 0.3826828
vn 4.363447E-06 0.92388004 0.38268232
vn 1.9824934E-06 0.70710766 0.7071059
vn 1.9825013E-06 0.7071086 0.7071049
vn 9.102225E-07 0.3826819 0.9238801
vn 9.102221E-07 0.3826828 0.9238798
vn -0 -8.12466E-07 1
vn -0 5.803328E-07 1
vn -3.1144993E-06 -0.38268286 0.9238798
vn -3.1144862E-06 -0.3826816 0.9238802
vn -1 0 0
vn -1 0 0
vn -1 0 0
vn -1 0 0
vn -1 0 0
vn -1 0 0
vn -1 0 0
vn -1 0 0
vn -1 0 0
vn -1 0 0
vn -1 0 0
vn -1 0 0
vn -1 0 0
vn -1 0 0
vn -1 0 0
vn -1 0 0
vn 0.6295293 0 -0.7769767
vn 0.7254319 0 -0.68829393
vn 0.7254319 0 -0.68829393
vn 0.6295293 0 -0.7769767
vn 0.28427434 0 -0.958743
vn 0.2842743 0 -0.958743
vn -0.23354661 0 -0.9723456
vn -0.23354666 0 -0.9723456
vn -0.5878188 0 -0.8089926
vn -0.5878188 0 -0.80899256
vn -0.58782357 0 -0.8089892
vn -0.58782357 0 -0.8089892
vn -0.23355378 0 -0.97234386
vn -0.23355375 0 -0.97234386
vn 0.28428572 0 -0.9587396
vn 0.28428566 0 -0.9587396
vn 0.62953955 0 -0.7769685
vn 0.62953955 0 -0.7769685
vn 0.7254317 0 -0.6882943
vn 0.7254317 0 -0.6882943
vn 0.77672243 0 0.62984294
vn 0.6877128 0 0.7259828
vn 0.6877128 0 0.7259828
vn 0.77672243 0 0.62984294
vn 0.958742 0 0.28427762
vn 0.958742 0 0.2842775
vn 0.972345 0 -0.23354906
vn 0.972345 0 -0.23354922
vn 0.80880225 0 -0.58808076
vn 0.80880225 0 -0.5880807
vn 0.7250775 0 -0.6886673
vn 0.7250775 0 -0.68866724
vn -0.6888054 0 -0.7249464
vn -0.6888054 0 -0.7249464
vn -0.6888054 0 -0.7249464
vn -0.6888053 0 -0.7249464
vn -0.7254312 0 0.6882946
vn -0.6201485 0 0.78448445
vn -0.7254312 0 0.6882946
vn -0.6201485 0 0.78448445
vn -0.36101744 0 0.93255913
vn -0.36101738 0 0.93255913
vn -0.027621653 -0.0013590408 0.99961746
vn -0.02762165 -0.0013590411 0.99961746
vn 0.31044602 -0.0025714792 0.9505875
vn 0.31012592 -0.0025717623 0.95069206
vn 0.5781252 -0.0012159802 0.8159471
vn 0.5781252 -0.0012159803 0.81594723
vn 0.68829393 0 0.7254319
vn 0.68829393 0 0.7254319
vn -0.5878756 0 -0.8089514
vn -0.6882934 0 -0.72543246
vn -0.68829334 0 -0.72543246
vn -0.5878756 0 -0.8089514
vn -0.23355408 0 -0.97234374
vn -0.2335541 0 -0.97234374
vn 0.28428295 0 -0.95874035
vn 0.28428298 0 -0.95874035
vn 0.5229027 0 -0.8523924
vn 0.5229028 0 -0.8523924
vn -0.72535336 0 0.6883767
vn -0.72535336 0 0.68837667
vn -0.72535336 0 0.6883767
vn -0.72535336 0 0.68837667
vn 0.6888069 0 0.72494483
vn 0.68880695 0 0.7249448
vn 0.6888069 0 0.72494483
vn 0.68880695 0 0.7249448
vn -0 1 1.737166E-07
vn -0 1 1.4493399E-07
vn -0 1 2.6320316E-07
vn -0 1 2.171278E-07
vn -0 1 1.8737059E-07
vn -0 1 1.6699983E-07
vn -0 1 1.7226064E-07
vn -0 1 1.6380835E-07
vn -0 1 1.5391618E-07
vn -0 1 1.5396104E-07
vn -0 1 1.4326542E-07
vn -0 1 1.5173384E-07
vn -0 1 1.5348094E-07
vn -0 1 1.728112E-07
vn -0 1 1.7602817E-07
vn -0 1 2.8644428E-07
vn -0 1 2.8644425E-07
vn -0 1 1.628647E-07
vn -0 1 1.4904222E-07
vn -0 1 1.5371047E-07
vn -0 1 1.3159728E-07
vn -0 1 1.7593875E-07
vn -0 1 1.3182456E-07
vn -0 1 6.063027E-07
vn -0 1 1.7399482E-07
vn -0 1 1.6558198E-07
vn -0 1 2.003413E-07
vn -0 1 2.0034129E-07
vn -0 -1 0
vn -0 -1 0
vn -0 -1 1.8836646E-07
vn -0 -1 -2.1621196E-07
vn -0 -1 -2.222562E-07
vn -0 -1 -1.6699983E-07
vn -1.13186616E-07 -1 -1.5936888E-07
vn -0 -1 -1.6380832E-07
vn -0 -1 0
vn -0 -1 0
vn 1.717346E-07 -1 0
vn -0 -1 -1.11562656E-07
vn -0 -1 -1.2453478E-07
vn -0 -1 0
vn -0 -1 -1.2985737E-07
vn -0 -1 -2.8644428E-07
vn -0 -1 -2.8644425E-07
vn -0 -1 -1.5894713E-07
vn -0 -1 -2.3413952E-07
vn -0 -1 -2.527663E-07
vn -0 -1 -1.7593875E-07
vn -0 -1 -6.197196E-07
vn -0 -1 -6.1984747E-07
vn -0 -1 -8.6398757E-07
vn -0 -1 -2.043717E-07
vn -1.780295E-07 -1 -2.4261956E-07
vn -0 -1 -2.003413E-07
vn -0 -1 -2.0034129E-07
vn -0 1 1.8620787E-07
vn -0 1 1.8620787E-07
vn -0 1 1.8620787E-07
vn -0 1 1.8620788E-07
vn 1.05416746E-07 8.3861266E-07 -1
vn 1.05416746E-07 8.3861266E-07 -1
vn 1.05416746E-07 8.3861266E-07 -1
vn 1.05416746E-07 8.3861266E-07 -1
vn -2.6354175E-07 -1.257919E-06 1
vn -2.6354175E-07 -1.257919E-06 1
vn -2.6354175E-07 -1.257919E-06 1
vn -2.6354175E-07 -1.257919E-06 1
vn 1 0 0
vn 1 0 0
vn 1 0 0
vn 1 0 0
vn -1 0 0
vn -1 0 0
vn -1 0 0
vn -1 0 0
vn -0 -1 0
vn -0 -1 0
vn -0 -1 0
vn -0 -1 0
vn 1.05416746E-07 8.386125E-07 -1
vn 1.05416746E-07 8.386125E-07 -1
vn 1.05416746E-07 8.386125E-07 -1
vn 1.05416746E-07 8.386125E-07 -1
vn -2.6354184E-07 -4.1930653E-07 1
vn -2.6354184E-07 -4.1930653E-07 1
vn -2.6354184E-07 -4.1930653E-07 1
vn -2.6354184E-07 -4.1930653E-07 1
vn 1 0 0
vn 1 0 0
vn 1 0 0
vn 1 0 0
vn -1 0 0
vn -1 0 0
vn -1 0 0
vn -1 0 0
vn 0.9994412 6.3429775E-07 -0.03342581
vn 0.56981903 2.7542872E-06 -0.8217702
vn 0.5698191 2.7542872E-06 -0.8217702
vn 0.9994411 6.3430406E-07 -0.03342798
vn 0.91730666 -5.336715E-07 0.3981814
vn 0.91730666 -5.3367205E-07 0.39818144
vn 0.92178273 -4.460423E-07 0.38770697
vn 0.92178273 -4.4604224E-07 0.3877069
vn 0.9454939 -2.3877837E-07 0.32563978
vn 0.94549465 -2.3877243E-07 0.32563773
vn 0.97442925 0 0.22469445
vn 0.9743463 0 0.22505422
vn 0.9934463 0 0.114300005
vn 0.993465 0 0.114137255
vn 0.99927455 0 -0.038085606
vn 0.99923944 0 -0.038992666
vn 0.97847885 -0.00084912614 -0.20634514
vn 0.978449 -0.0008506768 -0.20648701
vn 0.959329 -0.0016833615 -0.28228533
vn 0.959329 -0.0016833615 -0.28228536
vn -0.005613395 0.9999839 -0.00089053245
vn -0.04149673 0.9991166 -0.0066289813
vn -0.020772183 0.9997788 -0.0033110871
vn 4.458324E-07 1 1.4450123E-05
vn -1.3666165E-07 1 1.4222507E-05
vn -8.046267E-07 1 1.3841914E-05
vn -1.1258502E-06 1 1.3701305E-05
vn 1.09381546E-07 1 5.0620306E-06
vn -0 1 5.104634E-07
vn 2.0564745E-07 1 3.133162E-07
vn -0 1 6.9375744E-07
vn -2.5039887E-07 1 3.6118018E-07
vn -0 1 6.9144727E-07
vn -0 1 8.5575994E-07
vn 0.010388252 0.99983823 -0.014681406
vn 0.007023803 0.9999261 -0.009926277
vn 0.04400185 0.9967505 -0.067472294
vn 0.040964615 0.9972012 -0.06254342
vn -2.6646E-07 1 3.6029144E-07
vn 0.16486882 0.9551017 -0.24616839
vn 0.1591313 0.95815635 -0.23793624
vn 0.43377677 0.6435251 -0.6306451
vn 0.4363645 0.63813657 -0.63432455
vn 0.5493203 0.26141524 -0.7936682
vn 0.5493203 0.26141524 -0.7936682
vn -7.466614E-07 1 4.0633805E-07
vn -4.5693434E-07 1 1.6499206E-07
vn -1.5277868E-07 1 0
vn -2.9819375E-07 1 1.5469269E-07
vn -2.7162116E-07 1 3.2372697E-07
vn -1.8584558E-07 1 2.5951718E-07
vn -0 1 1.3879415E-07
vn -0 1 1.3879415E-07
vn 2.534457E-07 -1 -3.4034574E-07
vn -0 -1 -2.471415E-07
vn -0 -1 -2.471415E-07
vn 1.2674494E-07 -1 -3.2812838E-07
vn 0.0018376821 -0.999997 -0.0016565173
vn 4.6324328E-07 -1 0
vn 3.0555705E-07 -1 1.662368E-07
vn 7.7088714E-07 -1 -1.0508475E-07
vn 1.0703477E-06 -1 -3.4007644E-07
vn 0.0029810974 -0.999992 -0.0026872475
vn -0.00080791424 -0.9999988 -0.0013354627
vn -0.0017105113 -0.9999956 -0.0024323438
vn 0.001232566 -0.99999046 -0.004187943
vn 0.00032608112 -0.99998593 -0.005300606
vn 0.009696155 -0.99994195 -0.0047115297
vn 0.0074542654 -0.99997175 -0.0010337695
vn 0.0069117686 -0.99997234 -0.002745056
vn 0.010287146 -0.99990165 -0.009528485
vn 0.040921222 -0.99720675 -0.0624828
vn 0.04396279 -0.9967558 -0.067417756
vn -0.0074170614 -0.99997187 -0.0011954757
vn 0.15913162 -0.9581566 -0.23793505
vn 0.16486941 -0.95510197 -0.24616738
vn 0.4363663 -0.63813734 -0.6343226
vn 0.4337784 -0.64352626 -0.6306427
vn 0.54932225 -0.26141518 -0.79366684
vn 0.54932225 -0.26141518 -0.79366684
vn -2.3349443E-07 -1 -1.4523142E-05
vn 2.727732E-07 -1 -1.4198885E-05
vn 5.759108E-07 -1 -1.40060465E-05
vn -1.4137389E-07 -1 -1.4233E-05
vn -0.027770704 -0.9996044 -0.00446024
vn -0.05505014 -0.9984446 -0.008827505
vn -0 0 1
vn -0 0 1
vn -0 0 1
vn -0 0 1
vn -1 0 0
vn -0.9935282 0 0.113585174
vn -1 0 0
vn -0.9935284 0 0.11358313
vn -0.917273 0 0.3982591
vn -0.9172742 0 0.39825636
vn -0.72015333 2.1519489E-07 0.69381493
vn -0.7201517 2.1519539E-07 0.69381666
vn -0.42626658 1.2773943E-07 0.9045975
vn -0.42626798 1.2774045E-07 0.90459687
vn -0.2492476 0 0.96843976
vn -0.24924754 0 0.96843976
vn 1 0 0
vn 1 0 0
vn 1 0 0
vn 1 0 0
vn 4.7704145E-07 6.1898226E-07 -1
vn 4.7704145E-07 6.1898214E-07 -1
vn 4.7704145E-07 6.189821E-07 -1
vn 4.7704145E-07 6.189821E-07 -1
vn -1 0 0
vn -1 0 0
vn -0.993389 0 -0.11479675
vn -0.993389 0 -0.114796676
vn -0.8949098 1.7332549E-07 -0.44624716
vn -0.89490974 1.7332552E-07 -0.44624728
vn -0.59844834 1.0122217E-07 -0.8011614
vn -0.5984486 1.01222255E-07 -0.8011613
vn -0.2022764 0 -0.9793284
vn -0.20227668 0 -0.9793284
vn 2.5414522E-07 1.547061E-07 -1
vn 2.552973E-07 1.5540739E-07 -1
vn -0.16757476 3.0634297E-07 -0.98585933
vn -0.16933689 3.062486E-07 -0.9855583
vn -0.585417 3.499734E-07 -0.81073236
vn -0.58913064 3.506513E-07 -0.8080379
vn -0.8662051 3.7061432E-07 -0.49968874
vn -0.86620516 3.706143E-07 -0.49968863
vn -0.8895819 2.6381568E-07 -0.45677575
vn -0.8895802 2.638115E-07 -0.4567791
vn -0.7957183 4.3049087E-07 -0.60566694
vn -0.79571587 4.3050238E-07 -0.60567003
vn -0.72726756 1.1353055E-06 -0.6863541
vn -0.72726756 1.1353079E-06 -0.6863541
vn -0.7221401 1.8173647E-06 -0.69174683
vn -0.7221401 1.8173647E-06 -0.69174683
vn -0.73008686 2.0349257E-06 -0.6833544
vn -0.7300868 2.0349257E-06 -0.68335444
vn 1.2597712E-07 1 6.8935185E-07
vn -0 1 1.1366125E-06
vn -0 1 8.6230693E-07
vn 1.0346835E-07 1 6.869487E-07
vn -0 1 6.1204906E-07
vn 1.896239E-07 0.99566156 0.09304921
vn 1.7577557E-07 0.99830014 0.058283214
vn 2.035428E-07 0.94920033 0.3146723
vn 2.073295E-07 0.9661163 0.25810724
vn -0 0.78646946 0.6176292
vn 1.16766216E-07 0.8281719 0.56047416
vn -0 0.47217026 0.88150734
vn -0 0.5151408 0.85710555
vn -0 0.14213635 0.9898471
vn -0 0.15197626 0.9883841
vn -0 0 1
vn -0 0 1
vn -0 0 1
vn -0 0 1
vn -0 0 -1
vn -0.3079428 0 -0.95140487
vn -0 0 -1
vn -0.30794263 0 -0.95140487
vn -0.79483354 -0.0011715525 -0.6068265
vn -0.79482603 0.0011799994 -0.6068363
vn -0.94041276 -0.00013041141 -0.34003523
vn -0.93699855 0.0040697563 -0.34930953
vn -0.9380797 -0.0044513685 -0.346391
vn -0.9421262 0.003676142 -0.33523828
vn -0.94306856 -0.0044974214 -0.33256793
vn -0.94732344 0.002392318 -0.32026953
vn -0.94710493 -0.003310992 -0.32090688
vn -0.94803905 0.0027476351 -0.3181421
vn -0.9423816 1.4195145E-06 -0.3345399
vn -0.9423816 1.4195145E-06 -0.3345399
vn -0.9464873 -0.002869884 -0.3227282
vn -0.9423815 -1.3749858E-06 -0.33453992
vn -0.9423816 -1.374986E-06 -0.33453992
vn -0 -1 -4.5263235E-07
vn -0 -1 -6.1204906E-07
vn -0 -1 -5.911803E-07
vn -0 -1 -5.683062E-07
vn -1.0229246E-07 -1 -4.146681E-07
vn -0 -0.99830014 0.058282625
vn -0 -0.99567384 0.09291653
vn -0 -0.9661165 0.25810662
vn -0 -0.9492195 0.31461444
vn -0 -0.8281716 0.5604747
vn -0 -0.7860328 0.61818486
vn -0 -0.5151397 0.8571062
vn -0 -0.4721695 0.8815078
vn -0 -0.15197626 0.9883841
vn -0 -0.14213635 0.9898471
vn -0 0 1
vn -0 0 1
vn -0 0 1
vn -0 0 1
vn 0.5593641 0.0016218901 0.8289205
vn -0 0 1
vn -0 0 1
vn 0.5593488 -0.001607181 0.82893085
vn 0.9294966 -1.06265425E-05 0.36883086
vn 0.93267596 -0.0020747308 0.36070922
vn 0.93181443 0.0027823602 0.36292452
vn 0.93811965 0.00059908966 0.34631065
vn 0.9381761 0.00056824146 0.34615767
vn 0.937249 0.0009660341 0.34865928
vn 0.93727684 0.0009273191 0.34858477
vn 0.93794113 -2.342985E-06 0.34679452
vn 0.93794113 -2.3429848E-06 0.34679455
vn 0.9327013 0.0020900825 0.36064392
vn 0.9318259 -0.0027234203 0.3628953
vn 0.9381744 -0.0005538911 0.34616247
vn 0.93812096 -0.00058222044 0.3463073
vn 0.93728006 -0.00089748227 0.34857616
vn 0.9372464 -0.00094312604 0.34866643
vn 0.9379411 2.2383051E-06 0.34679472
vn 0.9379411 2.2383051E-06 0.34679466
vn 0.18246222 -0.7724615 0.6082851
vn 0.16964102 -0.96484894 0.20071979
vn 0.16964102 -0.96484894 0.20071979
vn 0.18245937 -0.85238194 0.49005464
vn 0.17105426 -0.3654039 0.91499746
vn 0.1714496 -0.3940278 0.9029658
vn 0.16863374 0 0.98567873
vn 0.16863373 0 0.98567873
vn 0.17144959 0.3940278 0.9029658
vn 0.17105426 0.36540398 0.91499746
vn 0.18245918 0.8523817 0.49005514
vn 0.18246204 0.7724613 0.6082854
vn 0.1696408 0.9648488 0.20072089
vn 0.1696408 0.9648488 0.20072089
vn 0.93983823 -0.042070452 0.33901948
vn 0.93983823 -0.042070452 0.33901954
vn 0.9400018 -0.033324145 0.33953816
vn 0.93996966 -0.0003481331 0.34125802
vn 0.93968874 0.012179659 0.34181386
vn 0.93968874 -0.012179655 0.3418138
vn 0.9400018 0.033324137 0.33953822
vn 0.93996966 0.00034814348 0.34125802
vn 0.93983823 0.042070452 0.33901954
vn 0.93983823 0.042070445 0.33901954
vn 0.0008417192 0.7776593 0.62868536
vn 0.0008417191 0.7776593 0.62868536
vn 0.00084171916 0.77765924 0.6286854
vn 0.0008417191 0.7776593 0.62868536
vn 0.00084171933 -0.7776595 0.62868524
vn 0.0008417192 -0.7776595 0.6286851
vn 0.00084171933 -0.7776595 0.6286852
vn 0.0008417193 -0.77765954 0.6286851
vn 6.146958E-07 0 -1
vn 6.146958E-07 0 -1
vn -0.30901447 0 -0.9510573
vn -0.30901456 0 -0.9510573
vn -0.5877848 0 -0.80901736
vn -0.5877848 0 -0.8090173
vn -0.809018 0 -0.58778393
vn -0.809018 0 -0.587784
vn -0.95105636 0 -0.30901754
vn -0.95105636 0 -0.3090175
vn -1 0 -1.0469038E-06
vn -1 0 -1.0372992E-06
vn -0.95105666 0 0.30901656
vn -0.95105666 0 0.30901662
vn -0.80901515 0 0.58778775
vn -0.8090153 0 0.58778775
vn -0.5877863 0 0.8090163
vn -0.5877863 0 0.8090163
vn -0.30902076 0 0.9510553
vn -0.30902076 0 0.9510553
vn -0 0 1
vn -0 0 1
vn 0.30902025 0 0.95105547
vn 0.30902025 0 0.95105547
vn 0.58778626 0 0.8090163
vn 0.58778626 0 0.80901635
vn 0.8090155 0 0.5877874
vn 0.8090155 0 0.5877874
vn 0.951057 0 0.3090154
vn 0.951057 0 0.30901542
vn 1 0 -2.2474812E-06
vn 1 0 -2.2330742E-06
vn 0.95105654 0 -0.30901703
vn 0.95105654 0 -0.309017
vn 0.8090183 0 -0.58778346
vn 0.8090183 0 -0.5877834
vn 0.58778447 0 -0.8090176
vn 0.58778447 0 -0.8090176
vn 0.30901456 0 -0.9510573
vn 0.30901468 0 -0.9510573
vn 6.146958E-07 0 -1
vn 6.146958E-07 0 -1
vn -0 -1 0
vn -0 -1 0
vn -1.1558896E-07 -1 -1.1558921E-07
vn -1.15588115E-07 -1 -1.15588364E-07
vn -1.15589046E-07 -1 -1.15589295E-07
vn -1.15588165E-07 -1 -1.155884E-07
vn -0 -1 0
vn -0 -1 0
vn -0 -1 0
vn -0 -1 0
vn -0 -1 0
vn -0 -1 0
vn 1.15589216E-07 -1 -1.15589216E-07
vn 1.1558831E-07 -1 -1.1558831E-07
vn 1.155893E-07 -1 -1.155893E-07
vn 1.1558814E-07 -1 -1.1558814E-07
vn -0 -1 -1.6145296E-07
vn -0 -1 -1.6145351E-07
vn -0 -1 -1.6145232E-07
vn -0 -1 -1.614543E-07
vn 1.2018506E-07 -1 -1.5296882E-07
vn 1.2018464E-07 -1 -1.5296828E-07
vn 1.8721717E-07 -1 -3.3558857E-07
vn 1.872173E-07 -1 -3.3558845E-07
vn -0 -1 -1.8261944E-07
vn -0 -1 -1.8262045E-07
vn -0 -1 0
vn -0 -1 0
vn -0 -1 0
vn -0 -1 0
vn -0.891005 -2.0876173E-07 0.45399347
vn -0.891005 -2.0876175E-07 0.45399347
vn -0.8090166 -1.0568196E-07 0.58778584
vn -0.8090166 -1.0568194E-07 0.5877859
vn -0.58778554 0 0.8090168
vn -0.5877854 0 0.8090168
vn -0.3090187 0 0.95105594
vn -0.3090187 0 0.95105594
vn -1.2005788E-07 0 1
vn -1.2005788E-07 0 1
vn 0.3090183 0 0.9510561
vn 0.3090183 0 0.9510561
vn 0.58778524 0 0.809017
vn 0.5877852 0 0.80901706
vn 0.809017 -1.0568203E-07 0.58778524
vn 0.809017 -1.0568199E-07 0.5877853
vn 0.95105654 -1.7884616E-07 0.3090168
vn 0.95105654 -1.7884611E-07 0.30901664
vn 1 0 -9.5085755E-07
vn 1 0 -1.0997288E-06
vn 0.95105666 2.8723719E-07 -0.30901656
vn 0.95105654 2.8723736E-07 -0.30901673
vn 0.80901736 5.446665E-07 -0.5877848
vn 0.80901736 5.446665E-07 -0.5877848
vn 0.5877854 7.4790114E-07 -0.8090169
vn 0.58778524 7.4790114E-07 -0.809017
vn 0.30901563 8.8068117E-07 -0.951057
vn 0.30901557 8.8068117E-07 -0.951057
vn 0.1564323 9.153372E-07 -0.9876887
vn 0.15643229 9.153372E-07 -0.9876887
vn -0 -1 -1.4544868E-07
vn -0 -1 -1.6778E-07
vn -0 -1 0
vn -0 -1 -3.0093997E-07
vn -0 -1 -1.2685383E-07
vn -0 -1 -1.5716941E-07
vn -0 -1 -1.7192505E-07
vn -0.30901462 0 -0.9510573
vn 5.9548654E-07 0 -1
vn 5.9548654E-07 0 -1
vn -0.30901456 0 -0.9510573
vn -0.58778495 0 -0.8090172
vn -0.5877848 0 -0.8090173
vn -0.809018 0 -0.58778393
vn -0.809018 0 -0.587784
vn -0.95105636 0 -0.3090175
vn -0.95105636 0 -0.30901757
vn -1 0 -1.2341939E-06
vn -1 0 -1.2534033E-06
vn -0.95105666 0 0.30901638
vn -0.95105666 0 0.30901638
vn -0.8090153 0 0.5877877
vn -0.80901515 0 0.5877877
vn -0.5877863 0 0.8090163
vn -0.5877863 0 0.80901617
vn -0.30902073 0 0.9510553
vn -0.30902073 0 0.9510553
vn -0 0 1
vn -0 0 1
vn 0.30902025 0 0.95105547
vn 0.30902025 0 0.95105547
vn 0.58778626 0 0.8090163
vn 0.58778626 0 0.8090163
vn 0.8090155 0 0.5877874
vn 0.8090154 0 0.5877874
vn 0.9510571 0 0.30901524
vn 0.9510571 0 0.3090152
vn 1 0 -2.444376E-06
vn 1 0 -2.4635856E-06
vn 0.95105654 0 -0.30901706
vn 0.95105654 0 -0.30901703
vn 0.8090184 0 -0.58778334
vn 0.8090183 0 -0.5877834
vn 0.5877845 0 -0.80901754
vn 0.58778447 0 -0.8090176
vn 0.3090147 0 -0.9510573
vn 0.30901465 0 -0.9510573
vn 5.9548654E-07 0 -1
vn 5.9548654E-07 0 -1
vn 1.1558896E-07 1 1.1558921E-07
vn -0 1 0
vn -0 1 0
vn 1.15588094E-07 1 1.1558833E-07
vn 1.15589046E-07 1 1.15589295E-07
vn 1.15588165E-07 1 1.155884E-07
vn -0 1 0
vn -0 1 0
vn -0 1 0
vn -0 1 0
vn -0 1 0
vn -0 1 0
vn -1.15589216E-07 1 1.15589216E-07
vn -1.1558831E-07 1 1.1558831E-07
vn -1.155893E-07 1 1.155893E-07
vn -1.1558811E-07 1 1.1558811E-07
vn -0 1 1.6145205E-07
vn -0 1 1.6145378E-07
vn -0 1 1.6145206E-07
vn -0 1 1.6145403E-07
vn -1.2018506E-07 1 1.5296882E-07
vn -1.2018464E-07 1 1.5296828E-07
vn -1.8721717E-07 1 3.355885E-07
vn -1.872173E-07 1 3.3558842E-07
vn -0 1 1.8261944E-07
vn -0 1 1.8262044E-07
vn -0 1 0
vn -0 1 0
vn -0 1 0
vn -0 1 0
vn -0.8090168 -1.070367E-07 0.58778554
vn -0.8910053 -2.1143785E-07 0.4539929
vn -0.8910053 -2.1143788E-07 0.4539929
vn -0.8090168 -1.0703672E-07 0.58778554
vn -0.5877854 0 0.8090168
vn -0.58778554 0 0.8090168
vn -0.3090187 0 0.95105594
vn -0.3090187 0 0.95105594
vn -1.2966251E-07 0 1
vn -1.2966251E-07 0 1
vn 0.3090183 0 0.9510561
vn 0.3090183 0 0.9510561
vn 0.5877852 0 0.80901706
vn 0.58778524 0 0.809017
vn 0.8090171 -1.0568187E-07 0.587785
vn 0.8090172 -1.0568189E-07 0.58778495
vn 0.95105666 -1.78846E-07 0.30901638
vn 0.95105666 -1.7884598E-07 0.30901647
vn 1 0 -1.1045311E-06
vn 1 0 -9.652646E-07
vn 0.95105654 2.8723736E-07 -0.30901676
vn 0.95105666 2.872372E-07 -0.30901656
vn 0.8090173 5.446664E-07 -0.5877848
vn 0.80901736 5.446665E-07 -0.5877848
vn 0.58778524 7.4790114E-07 -0.809017
vn 0.58778536 7.479011E-07 -0.8090169
vn 0.30901557 8.8068117E-07 -0.951057
vn 0.30901563 8.8068117E-07 -0.951057
vn 0.15643229 9.153372E-07 -0.9876887
vn 0.1564323 9.153372E-07 -0.9876887
vn -0 1 0
vn -0 1 1.6777999E-07
vn -0 1 1.4544865E-07
vn -0 1 3.0093994E-07
vn -0 1 1.2685383E-07
vn -0 1 1.5716941E-07
vn -0 1 1.7192507E-07
vn 0.9935417 1.498932E-06 -0.113467775
vn 0.9935417 1.4989321E-06 -0.11346779
vn 0.98688287 7.789157E-07 0.16143812
vn 0.98688287 7.7891593E-07 0.16143803
vn 0.6929623 0 0.7209738
vn 0.6929624 0 0.72097373
vn 0.07143884 0 0.997445
vn 0.07143886 0 0.997445
vn -0.5347179 1.8891632E-06 0.8450306
vn -0.5347185 1.8891672E-06 0.8450302
vn -0.76623267 3.5996356E-06 0.6425632
vn -0.7662327 3.5996359E-06 0.6425632
vn -0 1 1.8193575E-07
vn -0.7360813 0.66194063 0.14148788
vn -0 1 1.6444356E-07
vn -0.756561 0.6506901 -0.064946376
vn -0.58440876 0.6377569 -0.50172955
vn -0 1 1.908723E-07
vn -0.7565609 -0.65069 -0.06494692
vn -0.7360804 -0.6619419 0.1414866
vn -0.58440864 -0.63775694 -0.50172967
vn -0 -1 -1.6444277E-07
vn -0 -1 -1.8193417E-07
vn -0 -1 -1.7432762E-07
vn -0.2123403 -0.65985775 -0.72076297
vn -0 -1 -1.4653085E-07
vn -0.21234022 0.6598579 -0.72076285
vn -0 1 2.1705682E-07
vn 0.1215354 -0.6606492 -0.7407914
vn -0 -1 -1.3697043E-07
vn 0.12153546 0.66064924 -0.7407914
vn 1.3007771E-06 1 2.4563549E-06
vn 0.47390732 -0.6485957 -0.59559673
vn -0 -1 -1.8880014E-07
vn 0.6452963 -0.6153947 -0.45263886
vn 0.4739072 0.6485969 -0.5955954
vn 3.2291632E-06 1 5.4797943E-06
vn 0.6453022 0.6153873 -0.45264062
vn 1 0 -3.6818143E-05
vn 1 0 -3.6818143E-05
vn 1 0 -3.6818143E-05
vn 1 0 -3.6818143E-05
vn -0.04208384 0.9062783 0.42058134
vn -0.0014171794 -0.00079649116 0.9999987
vn -0.018922325 0.9921187 0.12386471
vn 0.020703603 0.3031518 0.95271736
vn -0.019347264 0.98861396 -0.14922494
vn -0.001083984 -0.8455158 0.5339494
vn 0.058763564 -0.96522343 0.25473616
vn 0.01942247 0.54853594 0.8359014
vn -0.019347113 0.9119644 -0.40981284
vn -0.0011742322 -0.7690971 -0.63913083
vn 0.05867531 -0.540546 -0.8392658
vn 4.50191E-05 -0.67005485 0.74231154
vn 0.019422453 0.75328285 0.6574099
vn -0.019347033 0.7680041 -0.6401526
vn -0.0012023954 0.37018442 -0.9289575
vn 0.058662415 0.6311271 -0.77345794
vn -4.4932614E-05 -0.9130398 -0.40787053
vn 4.498932E-05 -0.4455269 0.89526856
vn 0.019422272 0.9024315 0.43039533
vn -0.019347131 0.5673588 -0.8232434
vn -0.018922325 0.9921187 0.12386471
vn -0.04208384 0.9062783 0.42058134
vn -0.019347264 0.98861396 -0.14922494
vn -7.2981275E-05 0.105761 -0.9943916
vn -0.019347113 0.9119644 -0.40981284
vn -7.296426E-05 -0.16579185 -0.98616076
vn -0.019347033 0.7680041 -0.6401526
vn -4.5074383E-05 -0.98912686 -0.14706455
vn -7.29586E-05 -0.4251076 -0.9051428
vn -0.019347131 0.5673588 -0.8232434
vn -4.5189237E-05 -0.9922076 0.124595545
vn -7.2901865E-05 -0.6530467 -0.7573176
vn -0.019346716 0.32483757 -0.9455719
vn 4.4860288E-05 -0.18811533 0.9821469
vn -7.2845185E-05 -0.8327853 -0.5535962
vn -0.0007081951 -0.0001418704 -0.99999976
vn -4.5064466E-05 -0.92205507 0.38705876
vn 4.526722E-05 0.08318054 0.99653447
vn -4.5141023E-05 -0.7838468 0.6209541
vn -0.047814205 -0.9408085 -0.33554906
vn 0.019422457 0.9849726 0.17161463
vn -0.019346716 0.32483757 -0.9455719
vn 5.5487737E-05 -0.99709094 -0.07622103
vn 0.03691194 -0.34387404 -0.93829
vn -0.0009933166 -0.5870666 0.80953807
vn -0.05872807 -0.33064362 0.9419266
vn 4.5091394E-05 0.3483371 0.9373693
vn 0.019422652 0.9948146 -0.09983327
vn -0.0007081951 -0.0001418704 -0.99999976
vn -0.00092000834 0.5883787 0.8085849
vn -0.05840316 0.79384005 0.6053155
vn 0.04778166 0.9398219 -0.33830702
vn -0.057538774 0.8210507 -0.567948
vn 0.03691194 -0.34387404 -0.93829
vn -0.055601306 -0.4322102 -0.90005714
vn -0.028832458 -0.655289 -0.7548278
vn -0.05560131 -0.4322102 -0.90005714
vn -0.028832458 -0.655289 -0.7548278
vn -2.5480563E-07 -0.9238789 -0.38268474
vn -2.5480563E-07 -0.9238789 -0.38268474
vn -5.096109E-07 -1 0
vn -5.096109E-07 -1 0
vn -2.5480566E-07 -0.9238791 0.38268444
vn -2.5480566E-07 -0.9238791 0.38268444
vn -0 -0.707107 0.70710653
vn -0 -0.707107 0.70710653
vn -0 -0.38268426 0.9238792
vn -0 -0.38268426 0.9238792
vn -0 -3.3852766E-07 1
vn -0 -3.3852766E-07 1
vn -0 0.38268375 0.92387944
vn -0 0.38268375 0.92387944
vn -0 0.70710605 0.7071074
vn -0 0.70710605 0.7071074
vn -0 0.9238789 0.38268477
vn -0 0.9238789 0.38268477
vn -1.7007348E-07 1 -4.255776E-07
vn -1.7007348E-07 1 -4.255776E-07
vn -3.1393736E-07 0.9238789 -0.3826848
vn -3.139373E-07 0.9238789 -0.38268492
vn -0.02883268 0.6552886 -0.7548282
vn -0.02883268 0.6552886 -0.7548282
vn -0.055601466 0.4322099 -0.9000573
vn -0.05560146 0.4322099 -0.9000573
vn -1 0 0
vn -1 0 0
vn -1 0 0
vn -1 0 0
vn -1 0 0
vn -1 0 0
vn -1 0 0
vn -1 0 0
vn -1 0 0
vn -1 0 0
vn -1 0 0
vn -1 0 0
vn -1 0 0
vn -1 0 0
vn -1 0 0
vn -1 0 0
vn -1 0 0
vn -1 0 0
vn -1 0 0
vn -1 0 0
vn -1 0 0
vn -1 0 0
vn -1 0 0
vn -1 0 0
vn -0.0062637557 0.6880647 -0.7256223
vn -0.0031813318 0.8048115 -0.5935221
vn -0.0062637553 0.6880647 -0.7256223
vn -0.0031813318 0.8048115 -0.5935221
vn -0 0.980785 -0.19509141
vn -0 0.980785 -0.19509141
vn -0 0.9238796 0.38268325
vn -0 0.9238796 0.38268325
vn -0 0.55556947 0.83147013
vn -0 0.55556947 0.83147013
vn -0 2.2033993E-07 1
vn -0 2.2033993E-07 1
vn -0 -0.5555707 0.8314693
vn -0 -0.5555707 0.8314693
vn -0 -0.92388004 0.38268238
vn -0 -0.92388004 0.38268238
vn -0 -0.98078525 -0.1950907
vn -0 -0.98078525 -0.1950907
vn -0.0031813292 -0.8048119 -0.5935214
vn -0.0031813292 -0.8048119 -0.5935214
vn -0.006263751 -0.68806577 -0.7256213
vn -0.006263751 -0.68806577 -0.7256213
vn -0.055601463 0.4322102 -0.90005714
vn -0.055601466 0.4322102 -0.90005714
vn -0.028832538 0.65528953 -0.7548273
vn -0.028832538 0.65528953 -0.7548273
vn -3.4014693E-07 0.9238788 -0.38268504
vn -3.4014693E-07 0.9238788 -0.38268504
vn -6.802939E-07 1 0
vn -6.802939E-07 1 0
vn -3.40147E-07 0.9238783 0.3826863
vn -3.40147E-07 0.9238783 0.3826863
vn -0 0.70710635 0.7071071
vn -0 0.70710635 0.7071071
vn -0 0.38268453 0.9238791
vn -0 0.38268453 0.9238791
vn -0 3.4819988E-07 1
vn -0 3.4819988E-07 1
vn 1.9262981E-07 -0.38268465 0.923879
vn 1.9262981E-07 -0.38268465 0.923879
vn 4.8035645E-07 -0.7071071 0.70710635
vn 4.8035656E-07 -0.7071073 0.70710623
vn 2.8772752E-07 -0.9238789 0.38268498
vn 2.8772752E-07 -0.9238789 0.38268498
vn -0 -1 0
vn -0 -1 0
vn -0 -0.9238787 -0.38268557
vn -0 -0.9238787 -0.38268557
vn -0.028832527 -0.6552885 -0.7548282
vn -0.028832527 -0.6552885 -0.7548282
vn -0.055601455 -0.4322102 -0.90005714
vn -0.055601455 -0.4322102 -0.90005714
vn -1 0 0
vn -1 0 0
vn -1 0 0
vn -1 0 0
vn -1 0 0
vn -1 0 0
vn -1 0 0
vn -1 0 0
vn -1 0 0
vn -1 0 0
vn -1 0 0
vn -1 0 0
vn -1 0 0
vn -1 0 0
vn -1 0 0
vn -1 0 0
vn -1 0 0
vn -1 0 0
vn -1 0 0
vn -1 0 0
vn -1 0 0
vn -1 0 0
vn -1 0 0
vn -1 0 0
vn -0.0062637147 -0.6880644 -0.72562253
vn -0.0062637147 -0.6880644 -0.72562253
vn -0.003181311 -0.80481195 -0.59352136
vn -0.003181311 -0.80481195 -0.59352136
vn -0 -0.98078525 -0.19509046
vn -0 -0.98078525 -0.19509046
vn -0 -0.92388034 0.3826814
vn -0 -0.92388034 0.3826814
vn -0 -0.5555708 0.8314692
vn -0 -0.5555708 0.8314692
vn -0 0 1
vn -0 0 1
vn -0 0.5555708 0.8314692
vn -0 0.5555708 0.8314692
vn -0 0.9238798 0.38268277
vn -0 0.9238798 0.38268277
vn -0 0.98078525 -0.19509028
vn -0 0.98078525 -0.19509028
vn -0.003181337 0.80481166 -0.59352183
vn -0.003181337 0.80481166 -0.59352183
vn -0.0062637674 0.6880655 -0.7256215
vn -0.0062637674 0.6880655 -0.7256215
vn -0 -1 -2.098991E-07
vn -0 -1 0
vn -0 -1 0
vn 0.09801733 -0.9951847 -3.3721952E-07
vn 0.09801733 -0.9951847 -3.3721952E-07
vn 0.38268325 -0.9238796 -3.1968935E-07
vn 0.38268328 -0.9238796 -3.196893E-07
vn 0.7071069 -0.7071066 -1.0761816E-07
vn 0.7071069 -0.7071066 -1.0761816E-07
vn 0.9238798 -0.38268268 0
vn 0.9238799 -0.38268262 0
vn 1 -1.8377223E-07 0
vn 1 -1.3541111E-07 0
vn 0.9238787 0.38268536 0
vn 0.9238787 0.38268536 0
vn 0.70710593 0.7071076 1.1394902E-07
vn 0.70710593 0.7071076 1.1394902E-07
vn 0.38268486 0.9238789 3.1968997E-07
vn 0.3826848 0.9238789 3.1968997E-07
vn 0.09801718 0.9951847 3.4300902E-07
vn 0.09801718 0.9951847 3.4300902E-07
vn -1.0488375E-07 1 1.0307489E-07
vn -2.2426653E-07 1 2.2039872E-07
vn -0 1 0
vn -2.4925612E-07 -1 -3.848617E-07
vn -2.4925612E-07 -1 -3.848617E-07
vn -2.4925612E-07 -1 -3.848617E-07
vn -2.4925612E-07 -1 -3.848617E-07
vn 2.4925612E-07 1 3.848617E-07
vn 2.4925612E-07 1 3.848617E-07
vn 2.4925612E-07 1 3.848617E-07
vn 2.4925612E-07 1 3.848617E-07
vn 1 0 0
vn 1 0 0
vn 1 0 0
vn 1 0 0
vn 0.27822965 -3.3921804E-06 0.9605146
vn 1.994043E-06 -1.0589715E-05 1
vn 2.3627139E-07 -1.2547606E-06 1
vn -0 0 1
vn 0.42234746 0 0.906434
vn 0.42234734 0 0.9064341
vn 0.4223473 0 0.9064341
vn -0 0 1
vn -0 0 1
vn -0 0 1
vn -0 0 1
vn -0 0 1
vn -0 0 1
vn -0.002425183 0.012273649 0.9999218
vn -0.0024253926 0.012274708 0.9999218
vn -0.004026616 0.002289332 0.9999893
vn -0.004009369 0.0018237123 0.99999034
vn -0.0010904707 -0.015233278 0.9998834
vn -0.0019218903 -0.026847756 0.9996377
vn -0 0 1
vn 0.42234737 0 0.9064341
vn -0 0 1
vn 0.4223474 0 0.906434
vn 0.278229 3.3921892E-06 0.9605148
vn 0.4223473 0 0.9064341
vn 2.3627184E-07 1.2547571E-06 1
vn 1.9940485E-06 1.0589693E-05 1
vn -0 0 1
vn -0.0003239316 0.0017202977 -0.99999845
vn -0 0 -1
vn -0.00026096494 0.0009633125 -0.9999995
vn -0.00023492047 -7.347823E-05 -1
vn -0.00033582852 0.0010622536 -0.9999994
vn -0 0 -1
vn -0 0 -1
vn -0.00044006816 0.00048645624 -0.99999976
vn -4.4362376E-05 -0.00021714997 -1
vn 0.00015527378 -0.00024274591 -1
vn 0.00035454024 0.00039175779 -0.9999999
vn 0.00027021178 0.0008547042 -0.99999964
vn 0.00020990703 0.0007750082 -0.99999976
vn 0.00026034357 0.0013825918 -0.99999905
vn -0 0 -1
vn -0 0 -1
vn -0 0 -1
vn 1 -1.0589708E-05 0
vn 1 -1.0589708E-05 0
vn 1 -1.0589708E-05 0
vn 1 -1.0589707E-05 0
vn -1 0 0
vn -1 6.1762245E-07 1.9803647E-06
vn -1 0 0
vn -1 6.5425337E-07 7.342731E-06
vn -1 1.2768174E-06 1.2011267E-05
vn -1 -2.3119311E-07 9.245612E-06
vn -1 -1.947397E-06 1.5546408E-05
vn -1 1.1106712E-06 3.315319E-06
vn -1 2.1446303E-06 0
vn -1 2.14463E-06 0
vn -0.9442813 0.32913953 0
vn -0.881397 0.47237605 0
vn -0.881397 0.47237605 0
vn -0.94488937 0.32738975 0
vn -0.9999956 -0.0029695937 0
vn -1 -1.8785666E-06 0
vn -0.94488865 -0.3273918 0
vn -0.9448888 -0.3273918 0
vn -0.88139683 -0.47237659 0
vn -0.88139683 -0.47237659 0
vn -1.16594144E-07 1 1.4752433E-07
vn -1.16594144E-07 1 1.4752435E-07
vn -0 1 2.1621472E-07
vn -1.0126162E-07 1 1.8898838E-07
vn -1.7007402E-07 1 4.354382E-07
vn -0 1 1.5716915E-07
vn -0 1 0
vn -0 1 0
vn 1.5817436E-07 -1 -2.5164172E-07
vn 2.1769637E-07 -1 -1.4752466E-07
vn 2.1769637E-07 -1 -1.4752466E-07
vn 1.9140741E-07 -1 -2.120398E-07
vn 1.8798013E-07 -1 -4.5888694E-07
vn -0 -1 -1.5716915E-07
vn -0 -1 0
vn -0 -1 0
vn -1 0 0
vn -1 0 0
vn -1 0 0
vn -1 0 0
vn -1 0 0
vn -1 0 0
vn -0 -1.2842363E-06 1
vn 1.272135E-06 -2.742964E-07 1
vn 6.910184E-07 -7.3564087E-07 1
vn 1.6176455E-06 0 1
vn 1.6176466E-06 0 1
vn -3.7702266E-06 9.282683E-07 1
vn -3.9454303E-06 7.2721167E-07 1
vn -3.1213715E-06 1.6728684E-06 1
vn -4.315183E-06 0 1
vn -4.315176E-06 0 1
vn -3.7713012E-06 -9.2769847E-07 1
vn -3.9468014E-06 -7.264849E-07 1
vn -3.1213617E-06 -1.6728652E-06 1
vn -1 0 0
vn -1 0 0
vn -1 0 -8.879827E-06
vn -1 0 -8.879824E-06
vn -1 0 -2.3978371E-05
vn -1 0 -2.3978371E-05
vn 1 0 0
vn 1 0 0
vn 1 0 0
vn 1 0 0
vn 1 0 0
vn 1 0 0
vn 1 0 0
vn 1 0 0
vn 1 0 0
vn 1 0 0
vn 1 0 0
vn 1 0 0
vn 1 0 0
vn 1 0 0
vn -1.0697011E-07 -1 -2.4535976E-07
vn -1.0697011E-07 -1 -2.4535976E-07
vn -1.9161286E-07 -0.9481325 0.31787515
vn -1.9161234E-07 -0.94813323 0.31787315
vn -2.446435E-07 -0.89519495 0.44567484
vn -1.7527734E-07 -0.93211573 0.3621605
vn -1.8445357E-07 -0.99556667 0.09405884
vn -0 -0.99556667 0.09405912
vn -1.9719955E-07 -0.99556667 0.094058804
vn -0 0 1
vn -0 0 1
vn -0 0 1
vn -0 0 1
vn 1.0697011E-07 1 2.4535976E-07
vn -0 0.9481325 0.31787515
vn 1.0697011E-07 1 2.4535976E-07
vn -0 0.94813323 0.3178732
vn -0 0.89519495 0.44567484
vn -0 0.93211573 0.36216056
vn 1.0618436E-07 0.99556655 0.094059356
vn 1.0654723E-07 0.99556655 0.094059385
vn 1.10221904E-07 0.99556655 0.09405967
vn -0.7185361 0 0.6954896
vn -0.7185361 0 0.6954896
vn -0.7185361 0 0.6954896
vn -0.7185361 0 0.6954896
vn -0 0 1
vn -0 0 1
vn -0 0 1
vn -0 0 1
vn -0 0.5741017 0.818784
vn -0 0.5741017 0.81878406
vn -0 0.5741017 0.818784
vn -0 0.5741017 0.818784
vn -0.82108545 0 0.5708053
vn -0.82108545 0 0.57080525
vn -0.82108545 0 0.5708053
vn -0.82108545 0 0.5708053
vn -0 -0.62837994 0.7779066
vn -0 -0.62837994 0.7779066
vn -0 -0.62837994 0.7779066
vn -0 -0.62837994 0.7779066
vn -0 0.995904 0.09041718
vn -0 0.9997875 0.020612756
vn -0 0.9997875 0.020612756
vn -0 0.9962484 0.08653871
vn -0 0.988367 0.1520875
vn -0 0.988367 0.15208748
vn -0.9959268 0 0.09016469
vn -0.9930561 0 0.11764191
vn -0.9930561 0 0.11764191
vn -0.99596334 0 0.089761004
vn -0.9979101 0 0.06461635
vn -0.9979101 0 0.06461636
vn -0 -0.9981117 0.061424635
vn -0 -1 -1.3353359E-07
vn -0 -1 -1.3353358E-07
vn -0 -0.9978822 0.06504641
vn -0 -0.992454 0.12261744
vn -0 -0.992454 0.122617446
vn -0.08937874 0.99599767 3.6036323E-07
vn -0 1 4.0332336E-07
vn -0 1 4.0332336E-07
vn -0.077397674 0.9970003 3.663099E-07
vn -0.21589413 0.9764167 2.5850412E-07
vn -0.24013852 0.97073865 2.2216993E-07
vn -0.3251709 0.9456552 0
vn -0.3196978 0.9475196 0
vn -0.36276045 0.93188244 0
vn -0.36276048 0.93188244 0
vn -0 0 1
vn -0 0 1
vn -0.19180922 0 0.9814322
vn -0.17672327 0 0.9842606
vn -0.5358387 0 0.84432036
vn -0.5940395 0 0.80443585
vn -0.80377674 0 0.594931
vn -0.7697711 0 0.6383201
vn -0.9491165 0 0.31492525
vn -0.9552182 0 0.2959021
vn -1 0 0
vn -1 0 0
vn -0.80377674 0 0.594931
vn -0.9552182 0 0.29590216
vn -1 0 0
vn -1 0 0
vn -0.9491164 0 0.31492537
vn -0.7697709 0 0.63832015
vn -0.5358388 0 0.84432036
vn -0.59403944 0 0.804436
vn -0.1918092 0 0.9814322
vn -0.17672333 0 0.9842606
vn -0 0 1
vn -0 0 1
vn 0.8598544 -2.6851797E-07 0.51053923
vn 0.8598544 -2.6851794E-07 0.5105393
vn 0.8598544 -2.6851794E-07 0.51053923
vn 0.8598544 -2.6851794E-07 0.51053923
vn -0 -0.97766167 0.21018498
vn -0 -0.97766167 0.21018498
vn -0 -0.75063854 0.660713
vn -0 -0.75063854 0.660713
vn -0 -0.6901756 0.72364193
vn -0 -0.6901756 0.72364193
vn -0 0 1
vn -0 0 1
vn -0 0 1
vn -0 0 1
vn -0.05400436 -0.998483 0.010739264
vn -0 -1 4.0332336E-07
vn -0 -1 4.0332336E-07
vn -0.0482367 -0.99878985 0.009592355
vn -0.21688421 -0.9759054 0.023871962
vn -0.2939197 -0.95550305 0.025000323
vn -0.44758832 -0.8939853 0.021333326
vn -0.43408293 -0.90069544 0.017880324
vn -0.3627633 -0.93188137 0
vn -0.36276335 -0.9318813 0
vn -0 0.97766167 0.21018498
vn -0 0.7506385 0.6607132
vn -0 0.97766167 0.21018498
vn -0 0.7506385 0.6607132
vn -0 0.6901754 0.72364205
vn -0 0.6901754 0.72364205
vn -0.57731843 -0.79412633 0.1899127
vn -0.9079042 -0.3184874 0.27253577
vn -0.89877534 0.3323927 0.28586358
vn -0.5704573 0.8031113 0.17201959
vn -0.8954553 0.3609869 0.260477
vn 0.028620247 0.99954647 0.009368891
vn 0.051089056 0.9984596 -0.021638721
vn -0.57741743 0.7995254 0.16537365
vn 0.54898757 0.8182781 -0.17039248
vn 0.556045 0.8148377 -0.16387023
vn 0.9232026 0.28533825 -0.25744742
vn 0.92457247 0.25609925 -0.28209752
vn 0.9141513 -0.29377168 -0.27933055
vn 0.9148111 -0.29951742 -0.27094296
vn 0.5487109 -0.82318836 -0.14586729
vn 0.517869 -0.8401823 -0.16095117
vn 0.01342815 -0.9998505 -0.010893154
vn 0.010039319 -0.99994886 -0.0012302075
vn -0.57731843 -0.79412633 0.1899127
vn -0.9079042 -0.3184874 0.27253577
vn -0.60697275 -0.7753557 0.17437784
vn -0.908437 -0.3241461 0.26395363
vn -0.8954553 0.3609869 0.260477
vn -0.57741743 0.7995254 0.16537365
vn -5.40256E-07 -1 7.684377E-07
vn 3.3238725E-06 -1 -1.2454451E-06
vn 3.3238723E-06 -1 -1.2454452E-06
vn -0 -1 8.5624174E-07
vn -2.3662618E-07 -1 1.0180469E-06
vn -0 -1 7.941112E-07
vn -5.160039E-07 -1 9.4439844E-07
vn -0 -1 7.424892E-07
vn -0.004043519 -0.99999166 -0.0005479319
vn -0.006637499 -0.9999776 -0.00089966523
vn -0.0064715566 -0.99997866 -0.0008774912
vn -0.010163534 -0.9999474 -0.0013779418
vn 1.6122378E-07 -1 0
vn 3.7253187E-07 -1 -5.9390226E-07
vn -1.3391985E-06 -1 6.0643157E-07
vn -0.966851 0 -0.25534114
vn -0.986169 0 -0.16574271
vn -0.986169 0 -0.16574268
vn -0.9643561 -0.0059831087 -0.26454028
vn -0.92411953 -0.014488236 -0.38182867
vn -0.9402516 -0.0092536295 -0.34035444
vn -0.9498169 -0.013882083 -0.3124983
vn -0.99473083 0 -0.10252062
vn -0.92411953 0.014488064 -0.38182867
vn -0.99473083 0 -0.102520764
vn -0.9904268 2.6743166E-07 0.13803926
vn -0.99042666 2.6743274E-07 0.13803981
vn -0.935075 2.3286826E-07 0.35445
vn -0.93507504 2.3286859E-07 0.3544498
vn -0.8177463 0 0.575579
vn -0.8177464 0 0.5755786
vn -0.66228825 0 0.74924916
vn -0.66228825 0 0.74924916
vn -0.48462507 0 0.87472194
vn -0.48462507 0 0.87472194
vn -0.1872549 -0.010907518 0.98225087
vn -0.18529764 -0.01101265 0.9826208
vn 0.015398973 -0.021362608 0.9996532
vn 0.015398973 -0.02136261 0.9996532
vn 1.7543742E-07 1 1.3516448E-07
vn 1.1937855E-06 1 -2.9321103E-07
vn 1.1937856E-06 1 -2.9321103E-07
vn -4.6927983E-07 1 0
vn -2.9290408E-07 1 1.6620254E-07
vn -5.9731633E-07 1 0
vn -0 1 2.0273279E-07
vn -1.7693301E-07 1 2.2283592E-07
vn -0.004049646 0.99999166 -0.0005489121
vn -0.0066478974 0.99997747 -0.00090131303
vn -0.0064816894 0.99997866 -0.0008788285
vn -0.010179297 0.9999473 -0.0013802316
vn -0 1 1.8237414E-07
vn 1.862658E-07 1 0
vn -4.463992E-07 1 3.8466237E-07
vn -0.966851 -2.7071556E-07 -0.25534102
vn -0.9861691 -1.0570466E-07 -0.16574259
vn -0.9861691 -1.0570466E-07 -0.16574259
vn -0.9643561 0.005982893 -0.26454037
vn -0.9402516 0.009253562 -0.3403544
vn -0.9498169 0.013881978 -0.31249836
vn -0.99473083 0 -0.10252059
vn -0.99473083 0 -0.10252057
vn -0.99042666 0 0.13803935
vn -0.99042666 0 0.13803934
vn -0.93507487 0 0.3544505
vn -0.93507487 0 0.35445046
vn -0.81774485 0 0.5755809
vn -0.81774485 0 0.5755809
vn -0.66228694 0 0.7492503
vn -0.66228694 0 0.7492503
vn -0.48462507 0 0.87472194
vn -0.48462507 0 0.87472194
vn -0.1872561 0.010907214 0.98225063
vn -0.18529625 0.011012485 0.982621
vn 0.015395896 0.021361992 0.99965334
vn 0.015395896 0.021361992 0.99965334
vn -0 0 1
vn -0 0 1
vn -0 0 1
vn -0 0 1
vn -1.7855995E-06 0 -1
vn -1.7855995E-06 0 -1
vn -1.7855996E-06 0 -1
vn -1.7855995E-06 0 -1
vn 0.38268894 0 0.9238773
vn 0.7071072 0 0.70710635
vn 0.38268885 0 0.9238773
vn 0.70710725 0 0.7071063
vn 0.9238766 0 0.38269067
vn 0.9238766 0 0.38269067
vn 1 0 4.1784015E-06
vn 1 0 4.1784015E-06
vn 0.9238773 0 -0.38268894
vn 0.9238772 0 -0.382689
vn 0.70710343 0 -0.70711005
vn 0.7071034 0 -0.70711017
vn 0.38268462 0 -0.923879
vn 0.38268462 0 -0.923879
vn 1.2283713E-06 0 -1
vn 1.2283713E-06 0 -1
vn -0.38268182 0 -0.9238801
vn -0.38268182 0 -0.9238801
vn -0.7071097 0 -0.70710385
vn -0.70710963 0 -0.7071039
vn -0.9238785 0 -0.38268605
vn -0.9238784 0 -0.3826861
vn -1 0 -1.6442813E-06
vn -1 0 -1.6442813E-06
vn -0.9238786 0 0.38268572
vn -0.9238786 0 0.38268572
vn -0.7071093 0 0.7071043
vn -0.7071093 0 0.7071043
vn -0.38268396 0 0.9238793
vn -0.38268396 0 0.9238793
vn 1.2477166E-06 0 1
vn 1.2477166E-06 0 1
vn 0.38268885 0 0.9238773
vn 0.38268894 0 0.9238773
vn -0 1 0
vn -0 1 0
vn -0 1 0
vn -0 1 0
vn -0 1 0
vn -0 1 0
vn -0 1 0
vn -0 1 0
vn -0 1 0
vn -0 1 0
vn -0 1 0
vn -0 1 0
vn -0 1 0
vn -0 1 0
vn -0 1 0
vn -0 1 0
vn -0 1 0
vn -0 1 0
vn -0 1 0
vn -0 1 0
vn -0 1 0
vn -0 1 0
vn -0 1 0
vn -0 1 0
vn -0 1 0
vn -0 1 0
vn -0 -1 0
vn -0 -1 0
vn -0 -1 0
vn -0 -1 0
vn -0 -1 0
vn -0 -1 0
vn -0 -1 0
vn -0 -1 0
vn -0 -1 0
vn -0 -1 -4.54357E-07
vn -0 -1 -4.5435317E-07
vn -0 -1 -9.995853E-07
vn -0 -1 -9.995844E-07
vn -0 -1 0
vn -0 -1 0
vn -0 -1 0
vn 0.9238784 0 0.38268626
vn 0.8314716 0 0.5555673
vn 0.8314716 0 0.5555673
vn 0.9238784 0 0.38268626
vn 1 0 0
vn 1 0 0
vn 0.9238784 0 -0.38268626
vn 0.9238783 0 -0.38268638
vn 0.70710665 0 -0.7071068
vn 0.70710677 0 -0.70710677
vn 0.38268414 0 -0.9238792
vn 0.38268414 0 -0.9238792
vn 1.1316511E-06 0 -1
vn 1.1316511E-06 0 -1
vn -0.38268012 0 -0.92388093
vn -0.38268012 0 -0.92388093
vn -0.7071079 0 -0.70710564
vn -0.7071078 0 -0.7071057
vn -0.9238802 0 -0.3826818
vn -0.9238801 0 -0.3826819
vn -1 0 0
vn -1 0 0
vn -0.9238802 0 0.38268182
vn -0.9238802 0 0.38268182
vn -0.83147687 0 0.5555593
vn -0.83147687 0 0.5555593
vn 1.9344434E-07 4.9602596E-07 -1
vn 1.9344434E-07 4.9602596E-07 -1
vn -0.38268206 9.174384E-07 -0.9238801
vn -0.38268188 9.174384E-07 -0.9238801
vn -0.70710903 4.2141215E-07 -0.7071045
vn -0.7071091 4.214119E-07 -0.70710444
vn -0.9238784 0 -0.38268608
vn -0.9238784 0 -0.38268605
vn -1 0 -1.6539535E-06
vn -1 0 -1.6539535E-06
vn -0.9238786 0 0.38268566
vn -0.9238786 0 0.38268566
vn -0.7071081 0 0.7071054
vn -0.7071079 0 0.70710564
vn -0.38268423 0 0.9238792
vn -0.38268414 0 0.9238792
vn -7.5443387E-07 0 1
vn -8.221392E-07 0 1
vn 0.382689 0 0.9238773
vn 0.38268885 0 0.9238773
vn 0.7071081 0 0.70710546
vn 0.70710796 0 0.7071056
vn 0.9238769 0 0.38268998
vn 0.9238769 0 0.38268998
vn 1 0 4.574963E-06
vn 1 0 4.574963E-06
vn 0.9238773 0 -0.382689
vn 0.9238773 0 -0.38268885
vn 0.7071034 0 -0.70711017
vn 0.7071035 0 -0.70711
vn 0.38268456 0 -0.9238791
vn 0.38268465 0 -0.923879
vn 1.9344434E-07 4.9602596E-07 -1
vn 1.9344434E-07 4.9602596E-07 -1
vn -0 -1 0
vn -0 -1 0
vn -0 -1 0
vn -0 -1 0
vn -0 -1 0
vn -0 -1 0
vn -3.3981044E-07 -1 -5.0856835E-07
vn -3.3980206E-07 -1 -5.085558E-07
vn -3.398087E-07 -1 -5.085658E-07
vn -3.3980615E-07 -1 -5.0856187E-07
vn -0 -1 0
vn -0 -1 0
vn -0 -1 0
vn -0 -1 0
vn -0 -1 0
vn -0 -1 0
vn 3.3981624E-07 -1 -5.085695E-07
vn 3.3981112E-07 -1 -5.085618E-07
vn 3.3981493E-07 -1 -5.085675E-07
vn 3.3981232E-07 -1 -5.0856363E-07
vn -0 -1 0
vn -0 -1 0
vn -0 -1 0
vn -0 -1 0
vn -0 -1 0
vn -0 -1 0
vn -2.1436034E-07 1 2.4583276E-06
vn -5.392603E-07 1 -2.7110382E-06
vn -2.1436037E-07 1 2.458327E-06
vn -0 1 6.120043E-07
vn -0 1 6.119924E-07
vn -0 1 0
vn -0 1 0
vn -0 1 0
vn -0 1 0
vn -0 1 0
vn -0 1 0
vn -0 1 4.0799924E-07
vn -0 1 4.0799858E-07
vn -0 1 1.7679922E-06
vn -0 1 1.7679976E-06
vn -0 1 0
vn -1 0 0
vn -1 0 0
vn -1 0 0
vn -1 0 0
vn -1 0 0
vn -1 0 0
vn -1 0 0
vn -1 0 0
vn -1 0 0
vn -1 0 0
vn -1 0 0
vn 1.3037565E-07 -0.098016255 -0.99518484
vn 2.5949572E-07 5.9111386E-07 -1
vn 2.5949572E-07 5.9111386E-07 -1
vn 1.3037565E-07 -0.098016255 -0.99518484
vn -0 -0.38268462 -0.923879
vn -0 -0.38268462 -0.923879
vn -0 -0.70710766 -0.7071059
vn -0 -0.70710766 -0.7071059
vn -0 -0.9238795 -0.38268355
vn -0 -0.9238795 -0.38268355
vn -0 -1 -8.318109E-07
vn -0 -1 -8.318109E-07
vn -0 -0.92387944 0.38268363
vn -0 -0.92387944 0.38268363
vn -1.8275527E-07 -0.70710593 0.7071076
vn -1.8275527E-07 -0.70710593 0.7071076
vn -4.2944882E-07 -0.38268527 0.9238788
vn -4.294489E-07 -0.38268507 0.9238788
vn -2.4312416E-07 -0.098018594 0.9951846
vn -2.4312416E-07 -0.098018594 0.9951846
vn -0 0 1
vn -0 0 1
vn -1 0 0
vn -1 0 0
vn -1 0 0
vn -1 0 0
vn -1 0 0
vn -1 0 0
vn -1 0 0
vn -1 0 0
vn -1 0 0
vn -1 0 0
vn -1 0 0
vn -1 0 0
vn -1 0 0
vn -1 0 0
vn -1 0 0
vn -1 0 0
vn -1 0 0
vn -1 0 0
vn -1 0 0
vn -1 0 0
vn -1 0 0
vn -1 0 0
vn -0 0 -1
vn -0 -0.074997075 -0.99718374
vn -0 0 -1
vn -0 -0.09801627 -0.99518484
vn -0 -0.34306416 -0.9393119
vn -0 -0.3826831 -0.92387974
vn -0 -0.6827405 -0.73066086
vn -0 -0.7071073 -0.70710623
vn -0 -0.9165106 -0.40001044
vn -0 -0.92387944 -0.38268366
vn -0 -1 -7.2589796E-07
vn -0 -1 -6.9640004E-07
vn -0 -0.92387944 0.3826837
vn -0 -0.9165106 0.40001056
vn 1.9625813E-07 -0.7071066 0.7071069
vn 2.2957886E-07 -0.68273985 0.7306615
vn 6.182978E-07 -0.3826831 0.92387974
vn 6.659893E-07 -0.34306425 0.9393119
vn 7.721707E-07 -0.0980166 0.99518484
vn 7.579611E-07 -0.07499736 0.99718374
vn 7.090449E-07 -1.4528717E-07 1
vn 7.0904497E-07 -1.4528719E-07 1
vn -2.3344605E-06 0.9999999 -0.00047274888
vn -2.2502297E-06 0.92387944 -0.38268355
vn -2.3335572E-06 1 7.544338E-07
vn -2.2070924E-06 0.9166924 -0.39959368
vn -8.936655E-07 0.7071073 -0.70710623
vn -7.4427726E-07 0.6832843 -0.7301525
vn -0 0.3826827 -0.9238798
vn -1.0784117E-07 0.34339666 -0.9391905
vn -0 3.4723123E-06 -1
vn -0 -0.046297282 -0.99892765
vn -0 -0.38267916 -0.92388123
vn -0 -0.42452723 -0.9054152
vn -2.9550253E-07 -0.7071065 -0.707107
vn -3.4901268E-07 -0.73220545 -0.68108386
vn -2.9617354E-07 -0.9238791 -0.38268444
vn -2.662519E-07 -0.9314013 -0.36399406
vn -0 -1 5.1262793E-07
vn -0 -1 0
vn -0 -0.92388034 0.38268152
vn -1.07563714E-07 -0.93140215 0.36399192
vn -0 -0.70710677 0.7071068
vn -0 -0.7322065 0.68108267
vn -0 -0.38268113 0.9238805
vn -0 -0.42452732 0.9054152
vn -0 3.5206801E-06 1
vn -0 -0.047272064 0.998882
vn -0 0.38268527 0.9238788
vn -0 0.34280786 0.93940556
vn -0 0.70710725 0.7071063
vn -0 0.68360865 0.7298487
vn -9.769906E-07 0.92388046 0.3826813
vn -8.908621E-07 0.9170401 0.398795
vn -2.3335572E-06 1 7.544338E-07
vn -2.3344605E-06 0.9999999 -0.00047274888
vn 1 -2.1257389E-05 2.6717036E-05
vn 1 -1.7980494E-05 -1.1159139E-05
vn 1 -1.7980492E-05 -1.115916E-05
vn 1 -1.5065775E-05 -5.52903E-07
vn 1 -1.506577E-05 -5.529013E-07
vn 1 -1.3275974E-05 1.1194011E-06
vn 1 -1.3275974E-05 1.1194003E-06
vn 1 -1.2685072E-05 0
vn 1 -1.2685072E-05 0
vn 1 -1.3498639E-05 0
vn 1 -1.349864E-05 0
vn 1 -1.5755588E-05 2.010377E-06
vn 1 -1.5755586E-05 2.010374E-06
vn 1 -1.8846917E-05 6.8032864E-06
vn 1 -1.8846918E-05 6.803266E-06
vn 1 -2.1257387E-05 -2.6718459E-05
vn -1 0 0
vn -1 0 0
vn -1 0 0
vn -1 0 0
vn -1 0 0
vn -1 0 0
vn -1 0 0
vn -1 0 0
vn -1 0 0
vn -1 0 0
vn -1 0 0
vn 2.5949572E-07 -5.911133E-07 -1
vn 1.3037565E-07 0.098016255 -0.99518484
vn 2.5949572E-07 -5.911133E-07 -1
vn 1.3037565E-07 0.098016255 -0.99518484
vn -0 0.38268512 -0.9238788
vn -0 0.38268512 -0.9238788
vn -0 0.707108 -0.7071055
vn -0 0.707108 -0.7071055
vn -0 0.9238791 -0.38268453
vn -0 0.9238791 -0.38268453
vn -0 1 -8.221389E-07
vn -0 1 -8.221389E-07
vn -0 0.92387944 0.38268378
vn -0 0.92387944 0.38268378
vn -1.4580311E-07 0.70710635 0.7071071
vn -1.4580311E-07 0.70710635 0.7071071
vn -3.7962778E-07 0.38268492 0.9238789
vn -3.796278E-07 0.38268477 0.9238789
vn -2.3044156E-07 0.09801852 0.9951846
vn -2.3044156E-07 0.09801852 0.9951846
vn -0 0 1
vn -0 0 1
vn -1 0 0
vn -1 0 0
vn -1 0 0
vn -1 0 0
vn -1 0 0
vn -1 0 0
vn -1 0 0
vn -1 0 0
vn -1 0 0
vn -1 0 0
vn -1 0 0
vn -1 0 0
vn -1 0 0
vn -1 0 0
vn -1 0 0
vn -1 0 0
vn -1 0 0
vn -1 0 0
vn -1 0 0
vn -1 0 0
vn -1 0 0
vn -1 0 0
vn -0 0.074997395 -0.9971836
vn -0 0 -1
vn -0 0 -1
vn -0 0.098016776 -0.9951847
vn -0 0.34306422 -0.9393119
vn -0 0.38268286 -0.9238798
vn -1.6430845E-07 0.6827402 -0.7306613
vn -1.7129958E-07 0.7071069 -0.7071066
vn -1.1588368E-07 0.9165107 -0.40001005
vn -1.0588045E-07 0.9238795 -0.38268334
vn -0 1 -7.1670934E-07
vn -0 1 -6.8672784E-07
vn -0 0.92387944 0.38268372
vn -0 0.9165106 0.40001056
vn 1.9625783E-07 0.70710623 0.70710725
vn 2.2957855E-07 0.68273956 0.7306619
vn 6.190869E-07 0.3826827 0.9238798
vn 6.669466E-07 0.3430641 0.9393119
vn 7.729488E-07 0.09801676 0.9951847
vn 7.585564E-07 0.07499745 0.9971836
vn 7.0904485E-07 1.4528707E-07 1
vn 7.0904485E-07 1.4528707E-07 1
vn -3.3040412E-06 -0.9999999 -0.00047331088
vn -3.300829E-06 -1 1.8377224E-07
vn -4.5593265E-06 -0.92387944 -0.38268366
vn -4.5501497E-06 -0.9166922 -0.3995941
vn -2.9030068E-06 -0.7071074 -0.7071061
vn -2.6406055E-06 -0.6832843 -0.7301525
vn -7.579035E-07 -0.38268355 -0.92387944
vn -6.3435596E-07 -0.34339678 -0.9391905
vn -0 -3.037064E-06 -1
vn -0 0.046297226 -0.99892765
vn -0 0.3826791 -0.92388123
vn -0 0.42452714 -0.90541524
vn -2.9550256E-07 0.7071065 -0.70710707
vn -3.4901268E-07 0.73220545 -0.68108386
vn -2.955045E-07 0.9238793 -0.3826839
vn -2.6551518E-07 0.9314015 -0.3639934
vn -0 1 5.029556E-07
vn -0 1 0
vn -0 0.92388034 0.38268137
vn -1.0756375E-07 0.9314022 0.36399174
vn -0 0.7071066 0.70710695
vn -0 0.73220617 0.68108296
vn -0 0.3826816 0.92388034
vn -0 0.42452776 0.90541494
vn -0 -2.9016594E-06 1
vn -0 0.04727248 0.998882
vn -0 -0.3826861 0.9238784
vn -0 -0.34280843 0.9394054
vn -0 -0.70710677 0.70710677
vn -0 -0.68360853 0.7298488
vn -9.756643E-07 -0.92388004 0.38268214
vn -8.896529E-07 -0.91703963 0.3987961
vn -3.300829E-06 -1 1.8377224E-07
vn -3.3040412E-06 -0.9999999 -0.00047331088
vn 1 2.1257347E-05 2.6716683E-05
vn 1 1.7980485E-05 -1.1159118E-05
vn 1 1.7980485E-05 -1.1159114E-05
vn 1 1.5065769E-05 -5.529173E-07
vn 1 1.5065772E-05 -5.5292304E-07
vn 1 1.327597E-05 1.1193941E-06
vn 1 1.3275967E-05 1.1193914E-06
vn 1 1.2685064E-05 0
vn 1 1.26850655E-05 0
vn 1 1.349863E-05 0
vn 1 1.3498631E-05 0
vn 1 1.5755575E-05 2.0103867E-06
vn 1 1.5755575E-05 2.010386E-06
vn 1 1.8846897E-05 6.803265E-06
vn 1 1.8846898E-05 6.803257E-06
vn 1 2.1257345E-05 -2.671811E-05
vn -1 0 0
vn -1 0 0
vn -1 0 0
vn -1 1.3512447E-05 0
vn -1 1.3512432E-05 0
vn -0.9907113 0.13598183 0
vn -0.9907113 0.13598217 0
vn -0.88292354 0.4695168 1.1388061E-07
vn -0.88292325 0.46951735 1.1388075E-07
vn -0.59174234 0.80612713 1.2963818E-07
vn -0.59174234 0.80612713 1.2963821E-07
vn -0.84071046 0.5414849 0
vn -0.84071046 0.5414849 0
vn -1 0 0
vn -1 0 0
vn 1 0 0
vn 1 0 0
vn 1 0 0
vn 1 0 0
vn 1 0 0
vn 1 0 0
vn 1 0 0
vn 1 0 0
vn 1 0 0
vn 1 0 0
vn 1 0 0
vn 1 -5.581257E-07 4.623496E-06
vn 1 -2.790628E-07 2.3117475E-06
vn 1 -5.581257E-07 4.623496E-06
vn 1 -2.790625E-07 2.311745E-06
vn 1 0 0
vn 1 0 0
vn 1 0 0
vn 1 0 0
vn 1 0 0
vn 1 0 0
vn 1 0 0
vn 1 0 0
vn 1 0 0
vn 1 0 0
vn 1 0 0
vn 1 0 0
vn 1 0 0
vn 1 0 0
vn 1 -5.581251E-07 0
vn 1 -5.581271E-07 0
vn 1 -1.1162516E-06 0
vn 1 -1.1162516E-06 0
vn -0 0 1
vn -0 0 1
vn -0 0 1
vn -0 0 1
vn -0 0.07287487 0.9973411
vn -0 0.09801648 0.99518484
vn -0 0.37122878 0.92854136
vn -0 0.38268182 0.9238801
vn -0 0.7071072 0.70710635
vn -0 0.7071065 0.707107
vn -0 0.9238802 0.38268167
vn -0 0.9238802 0.38268167
vn -0 1 0
vn -0 1 0
vn -0 0.92387944 -0.38268355
vn -0 0.92387944 -0.38268355
vn -0 0.70710677 -0.70710677
vn -0 0.7071061 -0.7071074
vn -0 0.38268664 -0.9238782
vn -0 0.37123367 -0.9285394
vn -0 0.09802015 -0.9951845
vn -0 0.07287759 -0.99734086
vn -0 0 -1
vn -0 0 -1
vn -0 0 -1
vn -0 0 -1
vn 1.037983E-06 0 1
vn 6.7638916E-07 0.09801768 0.9951847
vn 1.037983E-06 0 1
vn 6.7639024E-07 0.098017365 0.9951847
vn -1.7397649E-07 0.38268334 0.9238795
vn -1.739751E-07 0.38268286 0.9238798
vn -1.0449708E-06 0.70710605 0.7071074
vn -1.0449696E-06 0.70710564 0.7071079
vn -1.7003676E-06 0.9238793 0.3826839
vn -1.7003671E-06 0.9238792 0.38268414
vn -2.1019725E-06 1 -2.6115012E-07
vn -2.1019725E-06 1 -1.4508333E-07
vn -2.2898819E-06 0.9238796 -0.38268325
vn -2.2898819E-06 0.9238796 -0.3826832
vn -2.3488867E-06 0.70710766 -0.7071059
vn -2.3488867E-06 0.70710754 -0.70710605
vn -2.0555308E-06 0.38268462 -0.923879
vn -2.0555303E-06 0.38268423 -0.9238792
vn -1.5202166E-06 0.09801737 -0.9951847
vn -1.520216E-06 0.098017044 -0.9951847
vn -1.2974773E-06 -5.6148195E-07 -1
vn -1.2974774E-06 -5.6148195E-07 -1
vn -1 0 0
vn -1 0 0
vn -1 0 0
vn -1 -1.3512454E-05 0
vn -1 -1.3512439E-05 0
vn -0.9907113 -0.13598183 0
vn -0.9907113 -0.13598216 0
vn -0.8829234 -0.46951708 -1.1240908E-07
vn -0.882923 -0.46951774 -1.1240926E-07
vn -0.59174204 -0.8061274 -1.6920386E-07
vn -0.591742 -0.8061274 -1.6920386E-07
vn -0.84071046 -0.5414849 0
vn -0.84071046 -0.54148495 0
vn -1 0 0
vn -1 0 0
vn -0 0 1
vn -0 0 1
vn -0 0 1
vn -0 0 1
vn -0 -0.072875 0.9973411
vn -0 -0.09801663 0.99518484
vn -0 -0.371229 0.92854136
vn -0 -0.38268206 0.92388004
vn -0 -0.70710766 0.7071059
vn -0 -0.70710695 0.7071066
vn -0 -0.9238801 0.38268182
vn -0 -0.9238801 0.38268182
vn -0 -1 0
vn -0 -1 0
vn -0 -0.92387944 -0.38268366
vn -0 -0.92387944 -0.38268366
vn -0 -0.70710725 -0.70710623
vn -0 -0.70710665 -0.7071069
vn -0 -0.38268647 -0.9238783
vn -0 -0.37123355 -0.9285395
vn -0 -0.09801993 -0.9951845
vn -0 -0.07287746 -0.99734086
vn -0 0 -1
vn -0 0 -1
vn -0 0 -1
vn -0 0 -1
vn 1 -5.989105E-07 -4.3849303E-07
vn 1 -1.1229577E-06 -8.221748E-07
vn 1 -1.1229577E-06 -8.221748E-07
vn 1 -5.989101E-07 -4.3849275E-07
vn 1 0 0
vn 1 0 0
vn 1 0 0
vn 1 0 0
vn 1 0 0
vn 1 0 0
vn 1 0 0
vn 1 -2.790597E-07 2.2842526E-06
vn 1 -5.581217E-07 4.568524E-06
vn 1 -5.581217E-07 4.568524E-06
vn 1 -2.7906154E-07 2.2842678E-06
vn 1 0 0
vn 1 0 0
vn 1 0 0
vn 1 0 0
vn 1 0 0
vn 1 0 0
vn 1 0 0
vn 1 0 0
vn 1 0 0
vn 1 0 0
vn 1 0 0
vn 1 0 0
vn 1 0 0
vn 1 0 0
vn 1 0 0
vn 1 0 0
vn 1 0 0
vn 1 0 0
vn 6.763899E-07 -0.09801741 0.9951847
vn 1.0379825E-06 0 1
vn 1.0379825E-06 0 1
vn 6.7638916E-07 -0.098017596 0.9951847
vn -1.3731103E-07 -0.3826836 0.92387944
vn -1.3730973E-07 -0.3826831 0.9238796
vn -1.0083053E-06 -0.70710623 0.7071073
vn -1.0083043E-06 -0.7071058 0.7071077
vn -1.8298434E-06 -0.9238793 0.3826839
vn -1.8298423E-06 -0.9238792 0.38268414
vn -2.3609236E-06 -1 -2.6115012E-07
vn -2.3609239E-06 -1 -1.257389E-07
vn -2.4743563E-06 -0.9238798 -0.38268286
vn -2.474356E-06 -0.92387974 -0.38268286
vn -2.403886E-06 -0.70710796 -0.7071055
vn -2.403886E-06 -0.7071078 -0.7071057
vn -2.0555306E-06 -0.38268456 -0.923879
vn -2.0555299E-06 -0.38268423 -0.9238792
vn -1.3898396E-06 -0.098016545 -0.99518484
vn -1.3898386E-06 -0.09801627 -0.99518484
vn -1.037978E-06 2.2459167E-06 -1
vn -1.0379781E-06 2.245917E-06 -1
vn -0.17743392 0.016359016 -0.9839967
vn -0.43331727 0.37192652 -0.82091826
vn -0.3085891 0.43602884 -0.84537077
vn -0.16680048 0.031943075 -0.9854731
vn -0.6075562 0.19093122 -0.7709868
vn 0.15833826 -0.64966536 -0.7435481
vn -0.22588643 0.056890734 -0.97249097
vn -0.58253384 -0.03180371 -0.812184
vn 0.32104692 -0.49466276 -0.80761224
vn 0.38884526 -0.9086189 -0.15235154
vn -0.19888708 0.05625145 -0.9784066
vn -0.49729905 -0.22772549 -0.8371588
vn 0.6442336 -0.7349373 -0.21173172
vn 0.43263727 -0.7150885 0.54906607
vn 0.49124336 -0.1397334 -0.859741
vn -0.21745458 0.10031045 -0.9709024
vn -0.33561563 -0.31759083 -0.8868473
vn 0.6369709 -0.5893277 0.49695182
vn 0.26115164 -0.20008619 0.9443333
vn 0.4978668 0.2266923 -0.8371017
vn 0.9274505 -0.23986241 -0.2868824
vn -0.24354775 0.10386054 -0.9643119
vn -0.2612108 -0.12399959 -0.9572842
vn 0.29626173 -0.147406 0.9436633
vn 0.13930126 0.12271405 0.9826171
vn 6.044612E-05 0.2246408 0.9744416
vn 0.8699447 -0.23381035 0.43419924
vn 0.33162892 -0.10815287 0.93719006
vn -0.095261894 0.030553956 0.9949832
vn 0.30726674 0.5744669 -0.7586666
vn 0.9275845 0.27148822 -0.25667304
vn -0.27233845 0.44232583 -0.85450554
vn -0.38653353 -0.1000414 -0.91683346
vn 0.3086061 -0.06380748 0.9490474
vn -0.016537385 -0.1950713 0.9806497
vn 0.3424518 0.2338815 0.9099594
vn 0.8439976 0.14661491 0.51591855
vn 0.005366141 0.7607287 -0.64904773
vn 0.6650128 0.7318029 -0.14907253
vn -0.41941056 0.30748338 -0.85413635
vn -0.40966898 -0.08761568 -0.90801704
vn 0.6795313 0.49400845 0.54239553
vn -0.14323398 0.9389937 -0.31268966
vn 0.24103177 0.97051626 -0.001360366
vn -0.6018609 0.29819995 -0.74083745
vn -0.39150923 -0.06540349 -0.91784686
vn 0.43437228 0.09796962 0.8953896
vn 0.3695741 0.6720219 0.6417176
vn 0.011943579 0.9846051 0.17438488
vn -0.33163646 0.8144058 -0.4761936
vn 0.19736345 0.5943779 0.7795914
vn 0.23981802 0.0972003 0.96593976
vn -0.70544463 0.1391142 -0.6949785
vn -0.42318556 -0.13023968 -0.8966335
vn -0.65013146 0.75376683 -0.09573166
vn -0.11310566 0.9708567 0.21129194
vn 0.19964887 0.47815186 0.8552842
vn 0.3644579 0.074112326 0.9282661
vn -0.76023954 -0.06787326 -0.64608747
vn -0.40936044 -0.24151208 -0.8798272
vn -0.90329325 0.42739582 -0.037337136
vn -0.31854644 0.7714311 0.55083776
vn 0.150199 0.42245272 0.8938534
vn 0.42363176 0.09876547 0.9004341
vn -0.723529 -0.34463906 -0.5981051
vn -0.2931191 -0.38094768 -0.8769037
vn -0.9971207 0.06084738 0.045253042
vn -0.6046112 0.5079242 0.6135619
vn 0.019661963 0.3147836 0.94895977
vn 0.406964 0.08258711 0.90970314
vn -0.49029514 -0.644193 -0.58704865
vn -0.14432192 -0.4413512 -0.8856525
vn -0.9245796 -0.36805034 0.09844535
vn -0.6894364 0.1655327 0.70517826
vn 0.0035916509 0.18072022 0.9835279
vn 0.42634854 0.12525895 0.8958444
vn -0.6557565 -0.17797232 0.73369575
vn -0.026028179 0.119227484 0.9925257
vn 0.4154423 0.23679419 0.8782575
vn -0.59697837 -0.79436207 0.11227522
vn -0.19262172 -0.76561886 -0.61377895
vn -0.42239496 -0.5131642 0.74715793
vn -0.0275565 0.049450543 0.99839634
vn 0.3085846 0.3768139 0.8733767
vn -0.018530963 -0.682495 -0.7306554
vn -0.05533703 -0.36484507 -0.9294223
vn 0.1331232 -0.37600896 -0.9170035
vn -0.20936447 -0.97396606 0.08692837
vn -0.121184215 -0.65055513 0.74972826
vn 0.051155318 0.038005795 0.9979672
vn 0.15820774 0.4434508 0.88222545
vn 0.35683954 -0.6893918 -0.63040024
vn 0.18113536 -0.15038165 -0.9718927
vn 0.07560812 -0.99711514 0.0066971947
vn 0.1099494 -0.65736943 0.7455042
vn 0.07555917 0.03095192 0.9966608
vn 0.026306974 0.42031652 0.9069962
vn 0.5359733 -0.8412637 0.07076653
vn 0.4329642 -0.54825777 0.71551055
vn 0.11481782 0.035542328 0.9927505
vn -0.14681603 0.3933105 0.90760785
vn 0.69011515 -0.29006848 -0.66302437
vn 0.94207567 -0.33537427 0.004195151
vn 0.71002644 -0.2072068 0.6729991
vn 0.08231878 0.036486607 0.99593794
vn -0.35373473 0.19524446 0.91474116
vn 0.036470354 -0.010768687 0.9992767
vn -0.38088217 -0.008582968 0.9245838
vn 0.7337617 -0.0143340435 0.67925555
vn 0.9997702 -0.015091107 -0.015220684
vn 0.7194096 -0.007870761 -0.6945414
vn 0.030666018 0.004774663 -0.9995183
vn -0.38934058 0.010697138 -0.9210318
vn -0.38350043 0.011347393 -0.923471
vn 0.059844445 0.12011438 -0.9909547
vn -0.32055777 -0.14661458 -0.9358135
vn -0.37462854 -0.09899798 -0.9218747
vn 0.019537449 0.14697756 -0.98894686
vn 0.6643673 0.37917683 -0.6440814
vn -0.2316539 -0.19758214 -0.9525218
vn 0.53405327 0.55334353 -0.6392167
vn 0.9019111 0.43191466 -0.0024939042
vn -0.10627235 0.25047967 -0.96227133
vn 0.7573802 0.6516946 0.040857416
vn 0.7041685 0.27558222 0.6543707
vn -0.27869615 0.19076112 -0.94124323
vn -0.1395283 -0.23846205 -0.9610764
vn 0.0015214018 -0.13521525 -0.99081504
vn 0.11528673 0.8183361 -0.5630586
vn 0.58643234 0.40319535 0.7025172
vn 0.08902606 -0.05046261 0.9947502
vn -0.38815534 0.13413002 -0.91178095
vn 0.04795106 -0.0074000824 -0.9988223
vn -0.3760146 0.7770633 -0.50476295
vn 0.27821237 0.95276654 0.12179437
vn 0.076499045 -0.070340134 0.99458545
vn -0.34547797 -0.25086847 0.9042731
vn -0.27626517 -0.3447708 0.89711237
vn -0.3742479 0.089370444 -0.9230122
vn 0.037429515 -0.007885212 -0.9992681
vn 0.30370194 0.5931022 0.7456506
vn 0.14879283 -0.09991666 0.9838075
vn -0.023387844 -0.5221491 0.85253346
vn -0.7335809 0.5396085 -0.41313666
vn -0.28053498 0.93943584 0.19687657
vn -0.36498275 -0.00013748923 -0.93101424
vn 0.10166891 -0.03954303 -0.9940321
vn -0.47037056 -0.15315937 -0.86907643
vn -0.03174279 0.6056632 0.7950877
vn 0.25321436 -0.063625626 0.9653156
vn 0.36117446 -0.47377515 0.80317503
vn -0.8879905 0.23980623 -0.3923849
vn -0.69811696 0.65211445 0.29560015
vn -0.9103967 0.010771628 -0.41359642
vn -0.31191218 0.40340582 0.8602177
vn 0.27279833 -0.05738172 0.96035856
vn 0.60595256 -0.2897269 0.7408642
vn -0.90239173 0.26157972 0.34244028
vn -0.86550057 -0.28328416 -0.41310883
vn -0.48537698 -0.38314837 -0.7858795
vn -0.42606387 0.1292231 0.8954167
vn 0.31478515 -0.06486679 0.9469438
vn 0.66974735 -0.12796001 0.73148125
vn -0.9432699 0.010157199 0.3318713
vn -0.60003936 -0.6581335 -0.45476708
vn -0.334568 -0.48713675 -0.80669814
vn -0.44223535 0.0008580936 0.8968987
vn 0.3330409 -0.0041086376 0.9429035
vn 0.68179464 -0.0021431365 0.7315405
vn -0.8933935 -0.32399893 0.31124353
vn -0.46124214 -0.17246066 0.8703522
vn 0.24127483 0.07808198 0.96731055
vn 0.63871795 0.17615514 0.74900514
vn -0.5472219 -0.8010388 0.24266228
vn -0.3113254 -0.78501 -0.53557056
vn -0.23715015 -0.52150166 0.8196315
vn 0.21160759 0.029839607 0.9768991
vn 0.5205486 0.36747926 0.77070624
vn -0.049397107 -0.8155929 -0.57651377
vn -0.22300407 -0.50352687 -0.83470356
vn 0.06603367 -0.4677766 -0.88137645
vn -0.14428164 -0.9762635 0.16153072
vn 0.09729527 -0.62398916 0.7753523
vn 0.29733357 0.09436983 0.9500984
vn 0.3517237 0.4884452 0.79856855
vn 0.33021545 -0.6916155 -0.64235955
vn 0.15060622 -0.2772072 -0.94893306
vn 0.2112384 -0.9741012 0.08065504
vn 0.36280468 -0.620245 0.6954631
vn 0.339056 0.08529819 0.9368913
vn 0.24469467 0.49943584 0.8310766
vn 0.4663542 -0.39075932 -0.7936126
vn -0.08527241 -0.18275654 -0.97945327
vn 0.6496165 -0.76018983 0.010473824
vn 0.6270845 -0.65671486 0.41891605
vn 0.5482541 -0.31445774 0.7749411
vn 0.077202 0.34466872 0.93554443
vn 0.87058854 -0.4239427 -0.2496965
vn 0.37570405 0.012081109 -0.9266609
vn 0.8938069 -0.19861957 0.402069
vn 0.37688562 0.1625709 0.91188157
vn -0.55116075 0.20507225 0.808806
vn 0.8502327 0.29226747 -0.4378174
vn 0.13955599 0.3161758 -0.93837994
vn -0.035149347 -0.08771681 -0.99552506
vn 0.88178855 0.3953248 0.25722998
vn 0.465675 0.29645354 0.83382374
vn 0.027111385 0.15977539 0.98678106
vn 0.054143853 0.080295205 0.99529946
vn 0.38959932 0.8024326 -0.45201135
vn -0.0482324 0.35798976 -0.93247896
vn -0.086039536 -0.039151676 -0.99552214
vn -0.17289427 -0.020847974 -0.98471975
vn 0.24947266 0.46393672 0.8500154
vn 0.441377 0.8571951 0.26533526
vn -0.1803863 0.37244213 -0.91035575
vn -0.22794603 -0.030525547 -0.9731951
vn 0.047812603 0.90681034 -0.4188184
vn 0.11391514 0.42968878 0.8957627
vn 0.08466086 0.03778815 0.995693
vn 0.11739122 0.9362863 0.33103994
vn -0.3541665 0.3793381 -0.8547915
vn -0.18605624 -0.032238197 -0.98201007
vn -0.11881504 0.9123322 -0.39183286
vn 0.12929858 0.42284513 0.89693034
vn 0.16637799 0.02104614 0.9858374
vn 0.008130069 0.9375945 0.3476355
vn -0.49847868 0.26403296 -0.8257152
vn -0.1466084 0.0051726406 -0.9891811
vn -0.42126882 0.85946864 -0.2895622
vn 0.046394356 0.4215467 0.90561914
vn 0.22103144 0.034237593 0.9746655
vn -0.2588562 0.8703341 0.41894162
vn -0.5604276 0.10085348 -0.8220398
vn -0.13175417 0.044607732 -0.9902782
vn -0.77472055 0.59533215 -0.21304414
vn -0.149067 0.29473513 0.94388044
vn 0.18034658 0.035400186 0.9829658
vn -0.62730116 0.5982524 0.4985853
vn -0.5346725 -0.043473374 -0.8439404
vn -0.12763031 0.11765771 -0.98481834
vn -0.95743304 0.21305 -0.19476044
vn -0.26285535 0.082112804 0.96133476
vn 0.14411937 -0.0040317154 0.9895521
vn -0.8286164 0.19755384 0.5238009
vn -0.48225662 -0.12799041 -0.8666297
vn -0.15398039 0.17754629 -0.9719915
vn -0.5028884 -0.25540474 -0.82575524
vn -0.95060015 -0.19343276 -0.24278234
vn -0.7918766 -0.5283957 -0.30615255
vn -0.6815611 -0.6826727 -0.26350054
vn -0.84482354 -0.2469886 0.4746259
vn -0.28959492 -0.16035135 0.9436219
vn 0.12827496 -0.058733735 0.9899979
vn -0.6679418 -0.6301119 0.3959959
vn -0.54714394 -0.7623609 0.34560007
vn -0.21558012 -0.37485215 0.90167123
vn 0.11461518 -0.121615745 0.98593765
vn -0.19449142 -0.5253536 0.8283579
vn 0.14823353 -0.18315046 0.971845
vn -0.4811417 -0.8765504 0.01273426
vn -0.79787135 -0.5992838 0.06527139
vn -0.14470023 -0.95330584 -0.26508442
vn -0.893127 -0.335657 0.29943034
vn -0.68038267 0.54960525 0.48478183
vn -0.39508024 -0.60615873 0.6902777
vn -0.6973453 0.6829114 0.21758114
vn 0.18386069 0.9150343 0.35903683
vn -0.8295181 -0.13122684 0.54284364
vn -0.36631843 0.191883 0.91048986
vn 0.06271738 0.9956976 -0.06821044
vn 0.55517435 0.8087469 0.19419055
vn 0.46887392 0.87312496 -0.133455
vn -0.8832803 0.12361986 0.4522546
vn -0.54809195 0.71310383 0.43712485
vn -0.8473503 0.43457663 -0.3051894
vn -0.12756969 0.56481284 -0.815299
vn 0.33829546 0.51682526 -0.78641456
vn -0.9148367 0.24265817 0.32278594
vn -0.41802257 0.9050583 -0.07827302
vn -0.87644726 0.46460244 0.12643136
vn -0.85698473 -0.26982406 -0.43905836
vn -0.12917256 -0.39160427 -0.9110217
vn 0.3651952 -0.30359244 -0.88003635
vn -0.6844104 -0.72506243 0.07659588
vn -0.614591 -0.69282764 0.37718403
vn 0.07784307 -0.97331285 -0.21587598
vn 0.49398315 -0.82658136 -0.26971072
vn 0.23710026 -0.9457855 0.22197554
vn 0.56086457 -0.8222461 0.09665623
vn -0.3951082 0.9097048 0.1277759
vn 0.1709068 0.9083643 0.38166112
vn -0.24338184 0.85211295 0.4633237
vn 0.05856696 0.9963163 -0.062639095
vn 0.9309174 0.3612205 -0.053968426
vn -0.6507473 0.5480038 -0.5255663
vn 0.82853943 0.5072441 -0.23711963
vn 0.5251876 -0.71954167 -0.4543543
vn -0.17745458 0.5649406 -0.80582386
vn -0.7353931 -0.2691929 -0.62187785
vn 0.74601185 -0.6270052 -0.22434495
vn -0.03498652 -0.92862093 -0.3693767
vn -0.20581965 -0.40315935 -0.8916843
vn -0.4600192 -0.88785297 0.009978313
vn 0.70629525 0.2740992 -0.65269953
vn 0.104318686 -0.99219406 -0.06832691
vn 0.020155469 -0.9984755 -0.051385548
vn 0.024263103 -0.9786886 -0.20391168
vn -0.24715516 -0.9020002 0.35399142
vn 0.23605692 -0.9412483 0.24151367
vn 0.8752166 -0.46425432 0.13588183
vn 0.2982869 -0.7213942 0.62499225
vn 0.2312685 -0.7208753 0.65334034
vn 0.27787384 0.29305732 0.9148243
vn 0.6894168 -0.22788773 -0.6875839
vn 0.81249243 -0.5134276 -0.2761305
vn 0.9653072 -0.20838156 -0.1573505
vn 0.9534509 0.021185573 0.30080295
vn 0.8491869 0.5271314 0.03184426
vn 0.48593128 0.8160186 -0.31302473
vn 0.35026735 0.22764747 0.9085645
vn 0.14591676 0.9506335 0.27386877
vn -0.08415094 0.9789099 -0.18615551
vn 0.10019944 0.9567158 0.2732305
vn -0.39329967 -0.8727204 0.28926528
vn -0.25572318 -0.9579301 -0.13029023
vn -0.4932536 -0.866829 -0.07285888
vn -0.1688742 -0.95754343 0.23364945
vn 0.1408209 -0.9655965 -0.21861567
vn -0.13717782 -0.43961316 0.88765
vn 0.22421104 -0.96716857 0.11964269
vn 0.3227289 -0.91034263 -0.25907966
vn 0.40163815 -0.91445667 0.049556863
vn 0.11343458 -0.47868702 0.8706269
vn -0.07980759 0.34829804 0.93398035
vn 0.47206423 -0.47963408 0.7396666
vn 0.6112271 -0.45804068 0.64544576
vn 0.14400749 0.36691207 0.9190416
vn -0.30730486 0.8650809 0.39648294
vn 0.48921493 0.39463547 0.77777356
vn 0.6198636 0.3882769 0.6819164
vn -0.062356967 0.9256643 0.37317187
vn -0.4559522 0.88913167 0.039400503
vn -0.25771335 0.96591914 -0.024169147
vn 0.15416597 0.9817147 -0.111664936
vn 0.32067034 0.91568846 0.24225053
vn 0.4280629 0.88900834 0.16256216
vn 0.3191186 0.93410325 -0.16004536
vn 0.92864496 0.02861949 -0.36986396
vn 0.90864927 0.008679445 -0.4174701
vn 0.91806424 0.016353374 -0.3960942
vn 0.9382732 0.006528699 -0.34583363
vn 0.9502158 0.016930507 -0.31113225
vn 0.9260608 0.05116349 -0.3738899
vn -0.03010165 -0.17958717 0.98328143
vn 0.025534939 0.16155826 0.9865328
vn -0.027383463 0.06631665 0.9974228
vn 0.12295785 0.03976097 0.99161506
vn 0.040862583 -0.70505995 0.7079694
vn 0.028217068 -0.34920755 0.9366205
vn -0.11932297 -0.7271716 0.6760056
vn -0.1974856 -0.290825 0.9361732
vn -0.023715565 -0.99874026 -0.044220652
vn -0.42755452 -0.54551923 0.72083694
vn -0.1289119 -0.03676693 0.99097425
vn -0.2900057 -0.9569539 -0.011658961
vn -0.12866238 -0.65516454 -0.74444973
vn -0.31464314 -0.65164244 -0.6901896
vn -0.15436211 -0.272291 -0.94975257
vn -0.23900428 -0.2682551 -0.9332289
vn -0.6746656 -0.7353436 0.064002484
vn -0.5730634 -0.51483524 -0.6376072
vn -0.35766694 -0.2579829 -0.89750725
vn -0.6229063 -0.24350245 0.74343413
vn -0.7455712 -0.29451668 -0.59781563
vn -0.4308185 -0.17521408 -0.8852657
vn -0.9201551 -0.3770362 0.105632365
vn -0.7650881 -0.13153036 -0.63034904
vn -0.44531417 -0.14839469 -0.8829917
vn -0.995033 -0.046346087 0.08809886
vn -0.65766585 0.06447492 0.75054556
vn 0.053968232 0.14300546 0.9882493
vn -0.7543977 -0.008810373 -0.6563586
vn -0.44256502 -0.079701245 -0.8931875
vn -0.9925472 0.11546872 0.03894884
vn 0.4443973 0.15477286 0.88235843
vn 0.4623425 0.12212765 0.8782507
vn 0.44234487 0.076610535 0.8935669
vn 0.043596186 0.12570779 0.991109
vn 0.41885146 -0.021216866 0.9078068
vn -0.67610526 0.16963017 0.7170128
vn 0.022916947 0.17210542 0.984812
vn 0.40355825 -0.048696376 0.9136572
vn -0.7248394 0.22084983 -0.652559
vn -0.41446665 0.028494257 -0.90961826
vn -0.8921199 0.451485 0.01682979
vn -0.5959073 0.43198782 0.6769645
vn 0.12503484 0.27651805 0.95284
vn 0.29815882 -0.09632212 0.9496439
vn -0.59030193 0.37558138 -0.71448034
vn -0.40656787 0.052872185 -0.91208935
vn -0.6483891 0.7565063 -0.085379854
vn -0.36621922 0.7172088 0.59287024
vn 0.17546894 0.33683184 0.9250702
vn 0.18468031 -0.08984748 0.9786831
vn -0.359728 0.49716523 -0.78957105
vn -0.30241206 0.09597317 -0.9483334
vn -0.2943797 0.9321482 -0.21080859
vn -0.07834879 0.8731986 0.48102564
vn 0.18492237 0.30012113 0.93580496
vn 0.13838446 -0.06133765 0.98847735
vn -0.16358922 0.46207905 -0.87162
vn -0.19184089 0.086441286 -0.9776119
vn -0.037925728 0.9524208 -0.30241737
vn 0.10697751 0.8886807 0.4458728
vn 0.21320544 0.35743108 0.90927804
vn 0.11460933 -0.043054532 0.99247724
vn -0.04288152 0.46425647 -0.88466215
vn -0.14216805 0.058440823 -0.9881159
vn 0.15238832 0.92696184 -0.3428113
vn 0.25858396 0.886597 0.38351026
vn 0.35903105 0.3112316 0.87990427
vn 0.046715926 0.033147063 0.9983581
vn 0.17063926 0.3742575 -0.9114898
vn -0.10410593 0.03825526 -0.99383026
vn 0.53531384 0.743792 -0.4002657
vn 0.6102105 0.7244828 0.32057437
vn 0.46443638 0.18944322 0.865107
vn -0.001824367 0.12964 0.99155945
vn 0.8277534 -0.32989964 0.45386186
vn 0.9111738 0.29787835 0.28465894
vn 0.38445425 0.092002295 -0.91854805
vn -0.04123358 -0.032791633 -0.99861133
vn 0.8722106 0.25045222 -0.42014557
vn 0.9645302 -0.24884264 0.08808393
vn 0.5462504 -0.22759718 0.80610794
vn 0.3780421 -0.31481087 -0.87061954
vn -0.01775178 -0.22440352 -0.9743346
vn 0.8823288 -0.32128125 -0.34391022
vn 0.66235524 -0.5184768 0.54080254
vn 0.36988652 -0.23252591 0.89950854
vn 0.18373768 -0.7113729 -0.6783724
vn -0.0955565 -0.4468882 -0.88947177
vn 0.56621057 -0.8191585 -0.091568865
vn 0.34166488 -0.59177375 0.7301157
vn 0.3534018 -0.22531298 0.9079324
vn 0.29053494 -0.6087117 0.7382815
vn 0.14228089 -0.98186535 0.12528579
vn 0.06771192 -0.9853116 0.15676755
vn -0.07061368 -0.89339554 -0.44368708
vn -0.20157906 -0.84426135 -0.496577
vn -0.23066907 -0.55244714 -0.80099565
vn -0.36238837 -0.20292602 -0.9096679
vn -0.34042892 0.22336861 -0.91335356
vn -0.3375659 0.23432069 -0.91167045
vn -0.96686244 -0.05001198 0.25035107
vn -0.973932 -0.05813744 0.21926339
vn -0.9865237 -0.09806036 0.13097811
vn -0.9557844 -0.033365063 0.29216942
vn -0.9559677 -0.03185231 0.29173797
vn -0.96246684 -0.023213042 0.27040476
vn 0.8417255 0.26332211 -0.47133806
vn -0.051921226 -0.108611494 -0.9927274
vn 0.89179224 0.18319736 -0.4136972
vn -0.12538598 0.17138846 -0.977192
vn -0.8976425 -0.2706265 -0.34784967
vn 0.8022495 0.3852646 -0.45603383
vn -0.93640584 -0.12913814 -0.32629356
vn -0.6279665 -0.087905966 0.7732597
vn -0.23979579 0.6070616 -0.7576108
vn 0.7810161 0.5423661 -0.30960116
vn -0.56591374 -0.26606372 0.78035355
vn 0.5813266 0.23054348 0.78032625
vn -0.23365362 0.9072432 -0.34973687
vn 0.81750214 0.57469326 -0.03765488
vn -0.9867176 0.09558208 -0.13134919
vn 0.7199324 0.019314628 0.6937754
vn 0.89179224 0.18319736 -0.4136972
vn 0.8417255 0.26332211 -0.47133806
vn -0.20252486 0.9711301 0.12605613
vn 0.8440766 0.5129581 0.15623292
vn -0.4762031 -0.5606624 0.67741305
vn 0.77652615 -0.39339885 0.49218327
vn 0.8022495 0.3852646 -0.45603383
vn -0.9775228 0.20683816 0.040832262
vn -0.12990038 0.8199665 0.5574773
vn 0.8919908 0.36703524 0.2638892
vn -0.41732344 -0.80380183 0.42396194
vn 0.828603 -0.54962665 0.106430754
vn 0.7810161 0.5423661 -0.30960116
vn -0.97574323 0.16179688 0.1474685
vn 0.054946072 0.53085583 0.845679
vn 0.9347732 0.32803428 0.13635458
vn -0.4281731 -0.9026695 -0.043076932
vn 0.79475653 -0.5854638 -0.1599817
vn 0.81750214 0.57469326 -0.03765488
vn -0.9316635 0.12767115 0.34015185
vn 0.13928105 0.2825282 0.9490936
vn 0.9279045 0.32489538 0.18285584
vn -0.5837668 -0.70249444 -0.40708444
vn 0.71309435 -0.48791125 -0.5034273
vn 0.8440766 0.5129581 0.15623292
vn -0.85195845 0.07915899 0.5175912
vn 0.22620712 -0.038764257 0.97330755
vn 0.9497547 0.25849804 0.17647876
vn -0.68847203 -0.4116106 -0.59714574
vn 0.57877713 -0.25602588 -0.774253
vn 0.8919908 0.36703524 0.2638892
vn -0.8455446 -0.1275795 0.51843786
vn 0.3476218 -0.42968535 0.83338445
vn 0.9407246 0.24906407 0.23022668
vn -0.725751 -0.3043093 -0.6169938
vn 0.41843596 -0.071852714 -0.9053996
vn 0.9347732 0.32803428 0.13635458
vn -0.75024074 -0.3356419 0.56963444
vn 0.41094753 -0.68758196 0.5986261
vn 0.91038936 0.23983803 0.33714834
vn -0.7812657 -0.22308296 -0.58297336
vn 0.35802764 0.25569656 -0.8980175
vn 0.9279045 0.32489538 0.18285584
vn -0.6684512 -0.5992725 0.4405059
vn 0.46971273 -0.8248793 0.31455383
vn 0.89093584 0.27561402 0.36092985
vn -0.8242522 -0.021085419 -0.5658302
vn 0.2621302 0.57090485 -0.77804595
vn 0.9497547 0.25849804 0.17647876
vn -0.62507015 -0.7432876 0.23835029
vn 0.6524817 -0.7574888 -0.021875694
vn 0.772902 0.38865775 0.5015651
vn -0.86805916 0.12918533 -0.47935838
vn 0.16829774 0.8367067 -0.52115047
vn 0.9407246 0.24906407 0.23022668
vn -0.56175196 -0.8249158 -0.06283713
vn 0.8096833 -0.5628252 -0.1662553
vn 0.6999805 0.2539822 0.6674731
vn -0.90857846 0.21080399 -0.36062002
vn 0.0122201 0.992488 -0.12172992
vn 0.91038936 0.23983803 0.33714834
vn -0.36745542 -0.8291051 -0.42138034
vn 0.86572164 -0.4232445 -0.26718932
vn 0.55629903 -0.08195327 0.8269312
vn -0.94434667 0.14291331 -0.29628548
vn -0.13618182 0.9587455 0.24952249
vn 0.89093584 0.27561402 0.36092985
vn -0.21501705 -0.73588884 -0.6420555
vn 0.9159899 -0.25156033 -0.31253773
vn 0.43006197 -0.4426575 0.7868297
vn -0.96842515 0.02746294 -0.24778733
vn -0.39803886 0.77825606 0.4856774
vn 0.772902 0.38865775 0.5015651
vn -0.062641345 -0.5165975 -0.85393393
vn 0.94830924 -0.16472581 -0.27124688
vn 0.29380044 -0.7760929 0.55799747
vn -0.92023396 -0.0011185107 -0.39136705
vn -0.5699676 0.5321513 0.6260605
vn 0.6999805 0.2539822 0.6674731
vn 0.06525469 -0.070218086 -0.995395
vn 0.94493484 -0.15782838 -0.28668526
vn 0.16493437 -0.98564506 0.036062673
vn -0.8593628 0.19527267 -0.47261414
vn -0.6987404 0.19910273 0.68710977
vn 0.55629903 -0.08195327 0.8269312
vn 0.20400874 0.38402027 -0.90050477
vn 0.9284216 -0.07992802 -0.36282897
vn 0.06837421 -0.91298825 -0.40221578
vn -0.78267705 0.44116527 -0.43907854
vn -0.776194 -0.04512041 0.62887764
vn 0.43006197 -0.4426575 0.7868297
vn 0.2858581 0.68500227 -0.67011726
vn 0.9275196 -0.0015349676 -0.37377134
vn 0.047568556 -0.81246525 -0.5810658
vn -0.7314738 0.64198905 -0.22977407
vn -0.8153978 -0.19383258 0.5454863
vn 0.29380044 -0.7760929 0.55799747
vn 0.36068666 0.86980784 -0.3366592
vn 0.92091215 -0.03722697 -0.38798824
vn -0.093942024 -0.5645384 -0.8200435
vn -0.6489138 0.75901186 0.053027406
vn -0.8465559 -0.31363747 0.43008673
vn 0.16493437 -0.98564506 0.036062673
vn 0.4217182 0.902527 0.08717241
vn 0.9461201 0.056148365 -0.31891105
vn -0.30277714 -0.15866686 -0.93976104
vn -0.592867 0.6988495 0.40014753
vn -0.88197666 -0.40926388 0.2337095
vn 0.06837421 -0.91298825 -0.40221578
vn 0.5316311 0.75910956 0.3756607
vn 0.82259035 0.23781504 -0.51651627
vn -0.3747907 0.22940436 -0.8982792
vn -0.52575254 0.55732983 0.64262563
vn -0.90637565 -0.41596413 0.07387175
vn 0.047568556 -0.81246525 -0.5810658
vn 0.6430481 0.51905125 0.563094
vn 0.76741487 0.5397947 -0.3459713
vn -0.41669765 0.54595387 -0.72684073
vn -0.36318827 0.38717955 0.8474588
vn -0.9688917 -0.23567301 0.075545885
vn -0.093942024 -0.5645384 -0.8200435
vn 0.6972325 0.24625312 0.6732208
vn 0.6752439 0.66173404 -0.3258123
vn -0.5039587 0.61158055 -0.60991377
vn -0.32689798 -0.09301517 0.94047105
vn -0.9584077 -0.2817411 0.045570064
vn -0.30277714 -0.15866686 -0.93976104
vn 0.77113384 -0.0511908 0.63461185
vn 0.64963216 0.759684 -0.029296206
vn -0.6109824 0.7469219 -0.26231322
vn -0.1686782 -0.5318946 0.82984084
vn -0.9130584 -0.40573144 0.04130913
vn -0.3747907 0.22940436 -0.8982792
vn 0.83010525 -0.14660133 0.53799
vn 0.5232579 0.8102573 0.2639775
vn -0.7882202 0.6119775 0.064748496
vn -0.16385446 -0.757549 0.6318791
vn -0.9365373 -0.3278275 -0.1242052
vn -0.41669765 0.54595387 -0.72684073
vn 0.79012495 -0.29337025 0.53817886
vn 0.4577176 0.73327416 0.50279593
vn -0.8925729 0.25034449 0.3750216
vn -0.12220743 -0.9067072 0.40366727
vn -0.8880279 -0.41364 -0.20076971
vn -0.5039587 0.61158055 -0.60991377
vn 0.86028165 -0.32163706 0.39555663
vn 0.33687714 0.56136143 0.7559016
vn -0.9242773 -0.020173639 0.38118812
vn 0.19872417 0.39572868 0.8966089
vn 0.041945957 -0.9978781 0.049797155
vn -0.8212061 -0.4262443 -0.37938952
vn -0.6109824 0.7469219 -0.26231322
vn 0.93859327 -0.28364095 0.19644482
vn 0.99892163 -0.036805835 0.028298805
vn 0.99317616 0.11411416 -0.024066757
vn 0.24268502 -0.90095496 -0.3597
vn -0.7421425 -0.44774047 -0.49875134
vn -0.7882202 0.6119775 0.064748496
vn 0.40798065 -0.52554876 -0.746559
vn 0.38314852 -0.30275485 -0.8726607
vn -0.6783476 -0.39401552 -0.62015826
vn -0.8925729 0.25034449 0.3750216
vn -0.6475333 -0.37640586 -0.66258526
vn -0.9242773 -0.020173639 0.38118812
vn 0.95838636 -0.2830177 -0.037371114
vn 0.34784323 -0.07832728 -0.93427503
vn 0.9686566 -0.24426885 -0.045133054
vn 0.35899526 0.0853019 -0.9294331
vn -0.70017916 0.19135848 -0.68784523
vn 0.9438894 -0.32761595 -0.041723195
vn -0.6833768 0.3390538 -0.64655906
vn -0.83037776 0.20674907 0.5174241
vn 0.44890586 0.3601127 -0.81780344
vn 0.93444866 -0.33189774 -0.12903382
vn -0.86795735 0.1556677 0.4716116
vn 0.3220944 -0.08434151 0.94294304
vn 0.53167367 0.6141613 -0.5832059
vn 0.9106822 -0.3365925 -0.23950656
vn -0.60611016 0.57853675 -0.5458257
vn 0.2008537 -0.27153164 0.9412376
vn 0.9686566 -0.24426885 -0.045133054
vn 0.95838636 -0.2830177 -0.037371114
vn 0.5878381 0.77271104 -0.23950791
vn 0.84922093 -0.31593817 -0.4230921
vn -0.8920672 0.053281985 0.4487507
vn 0.114914864 -0.5474064 0.82893956
vn 0.9438894 -0.32761595 -0.041723195
vn -0.5190342 0.7830071 -0.34278762
vn 0.62000716 0.78423977 -0.023645766
vn 0.83294505 -0.20366992 -0.51451045
vn -0.9326572 -0.013938028 0.36049455
vn 0.023995606 -0.82451814 0.56532645
vn 0.93444866 -0.33189774 -0.12903382
vn -0.46221843 0.88633007 0.027806126
vn 0.72027904 0.66181993 0.20782809
vn 0.7993053 -0.1465178 -0.5827894
vn -0.952209 -0.100151256 0.28856155
vn -0.09708064 -0.98497415 0.14283292
vn 0.9106822 -0.3365925 -0.23950656
vn -0.42546168 0.817961 0.38719782
vn 0.8358458 0.42260778 0.3503776
vn 0.65727365 0.123385444 -0.74348325
vn -0.9324883 -0.17842712 0.3140531
vn -0.16646367 -0.973305 -0.1580105
vn 0.84922093 -0.31593817 -0.4230921
vn -0.26057693 0.69195926 0.6732697
vn 0.86862314 0.2668631 0.4174662
vn 0.47798443 0.60297924 -0.63870716
vn -0.935845 -0.15737288 0.31532168
vn -0.24445754 -0.8292079 -0.50264776
vn 0.83294505 -0.20366992 -0.51451045
vn -0.11048407 0.43039665 0.8958526
vn 0.9055002 0.13665557 0.40173948
vn 0.25115722 0.95999753 -0.12379376
vn -0.94568616 -0.09923966 0.30956298
vn -0.460702 -0.49662504 -0.7356068
vn 0.7993053 -0.1465178 -0.5827894
vn -0.032693375 -0.03745613 0.9987633
vn 0.9440577 0.021273158 0.32909364
vn 0.09664297 0.9706829 0.2200791
vn -0.8818044 -0.2795719 0.3798164
vn -0.6394714 -0.15129985 -0.7537802
vn 0.65727365 0.123385444 -0.74348325
vn 0.17348707 -0.55907404 0.8107641
vn 0.9373202 0.088717036 0.3369867
vn -0.0074952 0.92659855 0.37597713
vn -0.77382416 -0.5483566 0.31701958
vn -0.7521279 0.11536608 -0.6488408
vn 0.47798443 0.60297924 -0.63870716
vn 0.3155907 -0.87795544 0.35999537
vn 0.909784 0.09687379 0.4036194
vn -0.16255419 0.73103803 0.6626911
vn -0.6768288 -0.7360832 -0.009184803
vn -0.8425692 0.32136676 -0.43220416
vn 0.25115722 0.95999753 -0.12379376
vn 0.41857165 -0.90772647 0.028818768
vn 0.887093 0.12687619 0.4438113
vn -0.46508637 0.29559144 0.8344581
vn -0.6360587 -0.70616937 -0.31105313
vn -0.86477035 0.44010007 -0.24183515
vn 0.09664297 0.9706829 0.2200791
vn 0.52667487 -0.8350488 -0.15908185
vn 0.78678566 -0.0061004823 0.6171962
vn -0.5736116 -0.07395423 0.8157821
vn -0.51886415 -0.6953217 -0.4973005
vn -0.904892 0.362555 -0.22298971
vn -0.0074952 0.92659855 0.37597713
vn 0.711606 -0.5820134 -0.3935445
vn 0.6654765 -0.4399704 0.6029652
vn -0.5076831 -0.25638926 0.8225099
vn 0.65043306 -0.57176423 0.50002235
vn -0.32040638 -0.58897024 -0.7419258
vn -0.97492325 0.13804571 -0.17455128
vn -0.16255419 0.73103803 0.6626911
vn 0.7814346 -0.3294632 -0.52991885
vn 0.8263 -0.1522524 -0.5422615
vn 0.82368577 0.0068889675 -0.5670047
vn -0.2378515 -0.20986976 -0.94835716
vn -0.96553236 0.14981805 -0.21284252
vn -0.46508637 0.29559144 0.8344581
vn -0.09030347 0.27684966 -0.9566606
vn -0.1302522 0.57771784 -0.8057769
vn -0.89535606 0.38642856 -0.22138317
vn -0.5736116 -0.07395423 0.8157821
vn -0.8908692 0.4526542 -0.038161375
vn -0.5076831 -0.25638926 0.8225099
vn -0.6174856 -0.6206838 0.48318022
vn 0.47159576 -0.8640364 0.17617732
vn -0.6507348 -0.4794303 0.5888045
vn 0.53623515 -0.84212613 -0.05723107
vn 0.84280795 0.043380234 -0.5364633
vn -0.7388045 -0.6668254 0.097527996
vn 0.8468061 0.24704187 -0.47105172
vn 0.090725295 0.81374705 -0.5740946
vn 0.45060167 -0.8227165 -0.34654847
vn -0.83336866 -0.5315968 -0.15133245
vn 0.04242053 0.9606053 -0.27465963
vn -0.80108804 0.59712046 0.041291736
vn 0.33272856 -0.7905479 -0.5141262
vn -0.9180792 -0.34920773 -0.18757524
vn 0.93438035 0.23895009 -0.26426524
vn -0.80297786 0.528133 0.2762285
vn -0.6507348 -0.4794303 0.5888045
vn -0.6174856 -0.6206838 0.48318022
vn 0.19779031 -0.6247285 -0.7553762
vn -0.95101583 -0.01770238 -0.308635
vn 0.2144604 0.96528584 0.14909741
vn -0.76717204 0.49696288 0.4055551
vn -0.7388045 -0.6668254 0.097527996
vn 0.9795902 0.1316683 -0.15187691
vn 0.22106323 -0.26485717 -0.9386062
vn -0.83317703 0.5145409 -0.20264165
vn 0.31668863 0.8324989 0.45459193
vn -0.7430133 0.45104837 0.49445587
vn -0.83336866 -0.5315968 -0.15133245
vn 0.9770055 0.13144399 -0.167877
vn 0.09947333 0.10572661 -0.98940736
vn -0.7992712 0.6009468 -0.0053448244
vn 0.40992275 0.583998 0.7006494
vn -0.6469564 0.32932878 0.6877427
vn -0.9180792 -0.34920773 -0.18757524
vn 0.9845674 -0.09045913 -0.14981349
vn 0.19911127 0.54711086 -0.81303406
vn -0.72875696 0.68177974 0.063950345
vn 0.56084996 0.042851895 0.82680774
vn -0.5040045 0.18207197 0.8442922
vn -0.95101583 -0.01770238 -0.308635
vn 0.87518144 -0.39215362 -0.28332493
vn 0.45603248 0.7615798 -0.4604677
vn -0.5989599 0.7400355 0.30593234
vn 0.48174655 -0.42406264 0.7668709
vn -0.5242444 0.10544517 0.8450143
vn -0.83317703 0.5145409 -0.20264165
vn 0.8942631 -0.34610975 -0.2837283
vn 0.6120905 0.7860391 -0.086530894
vn -0.38067937 0.6901348 0.615465
vn 0.31273416 -0.6984007 0.64376533
vn -0.63917226 -0.19006898 0.7452065
vn -0.7992712 0.6009468 -0.0053448244
vn 0.8980351 -0.34769487 -0.2695204
vn 0.8018555 0.5789262 0.1478925
vn -0.19949141 0.5933116 0.7798619
vn 0.88283515 0.45161444 0.12902094
vn 0.098663814 -0.97198594 0.21332796
vn -0.8140825 -0.38395062 0.43571967
vn -0.72875696 0.68177974 0.063950345
vn 0.8546542 -0.34113783 -0.39139643
vn 0.74913275 -0.34987387 -0.56248415
vn 0.60662836 -0.32970232 -0.7233936
vn -0.056688923 -0.97687507 -0.20615867
vn -0.8653634 -0.4227981 0.2690501
vn -0.5989599 0.7400355 0.30593234
vn -0.25304955 -0.80652183 -0.5343112
vn -0.40609 -0.6413689 -0.6509507
vn -0.9437087 -0.29167882 0.15600412
vn -0.38067937 0.6901348 0.615465
vn -0.96768516 -0.17815739 0.17845272
vn -0.19949141 0.5933116 0.7798619
vn 0.8643121 0.20027927 0.4613597
vn 0.7267994 -0.008738813 -0.68679416
vn 0.7900378 0.2548421 0.5575803
vn 0.7077237 0.19492875 -0.67906547
vn -0.30945423 -0.3080631 -0.89963067
vn 0.9079704 0.047528442 0.41633028
vn -0.30793798 -0.07676639 -0.9483043
vn -0.9607435 -0.26155153 -0.09253442
vn 0.62230676 0.51676124 -0.58795583
vn 0.9352328 -0.053141106 0.35002232
vn -0.9696888 -0.23538066 -0.06557126
vn -0.43277758 0.07519089 0.89835954
vn 0.555132 0.7536851 -0.35183418
vn 0.9379127 -0.05313286 0.34277773
vn -0.4295603 0.3449868 -0.83454305
vn -0.2735219 -0.12225258 0.954065
vn 0.7900378 0.2548421 0.5575803
vn 0.8643121 0.20027927 0.4613597
vn 0.45222524 0.8918515 0.009652867
vn 0.9477025 -0.0705644 0.31125662
vn -0.96276623 -0.26496625 -0.053611632
vn -0.14065352 -0.4980339 0.85567445
vn 0.9079704 0.047528442 0.41633028
vn -0.5165231 0.6106893 -0.60021865
vn 0.30931798 0.8682195 0.38796565
vn 0.95083624 -0.03793238 0.30736247
vn -0.94376755 -0.31686455 -0.09433799
vn -0.015668318 -0.8285918 0.559634
vn 0.9352328 -0.053141106 0.35002232
vn -0.58104354 0.7498821 -0.31633097
vn 0.19557862 0.7111103 0.6753304
vn 0.89094454 -0.14872703 0.42906657
vn -0.89388204 -0.3620866 -0.26432598
vn 0.13641645 -0.97067654 0.19793358
vn 0.9379127 -0.05313286 0.34277773
vn -0.70029634 0.7132041 -0.03041429
vn 0.040623937 0.254475 0.9662257
vn 0.8204689 -0.36817598 0.43735257
vn -0.838872 -0.3616795 -0.4067944
vn 0.22972713 -0.9550204 -0.18751407
vn 0.9477025 -0.0705644 0.31125662
vn -0.78943545 0.586497 0.18114373
vn -0.17505051 -0.24720503 0.95302004
vn 0.8021503 -0.4147669 0.42956182
vn -0.7787799 -0.37362793 -0.50388885
vn 0.37758628 -0.8087839 -0.45088473
vn 0.95083624 -0.03793238 0.30736247
vn -0.8413381 0.40439242 0.35863215
vn -0.24013619 -0.57419854 0.7827072
vn 0.8063595 -0.5011764 0.31401676
vn -0.6764648 -0.060211662 -0.73400944
vn 0.65968317 -0.40879557 -0.630638
vn 0.89094454 -0.14872703 0.42906657
vn -0.951626 0.1731491 0.25382558
vn -0.22503006 -0.8773908 0.42372963
vn 0.827616 -0.5457122 0.13133958
vn -0.46523362 0.410999 -0.78398824
vn 0.7177232 0.05391102 -0.6942384
vn 0.8204689 -0.36817598 0.43735257
vn -0.98236966 -0.029927313 0.1845378
vn -0.15929314 -0.9858667 -0.05188742
vn 0.876712 -0.47753602 0.0577514
vn -0.46731228 0.57602996 -0.6706778
vn 0.7742509 0.3263791 -0.5422288
vn 0.8021503 -0.4147669 0.42956182
vn -0.9816803 -0.1891514 0.022927964
vn -0.036330465 -0.88630444 -0.4616758
vn 0.9337525 -0.354467 -0.0495937
vn -0.4489312 0.77129406 -0.45118323
vn 0.8075968 0.5407129 -0.23540823
vn 0.8063595 -0.5011764 0.31401676
vn -0.9514105 -0.24461034 -0.18703976
vn 0.14046606 -0.64108837 -0.7545032
vn 0.9692282 -0.22691481 -0.09542701
vn 0.12951891 -0.4497256 -0.88372606
vn -0.5392667 0.8407936 -0.047513027
vn 0.7435118 0.65141004 0.15117936
vn 0.827616 -0.5457122 0.13133958
vn -0.8984567 -0.18163604 -0.39972982
vn -0.82627964 -0.14508632 -0.5442537
vn -0.8228763 -0.12980367 -0.55319595
vn -0.5969333 0.7753071 0.2063239
vn 0.6064394 0.612166 0.50742894
vn 0.876712 -0.47753602 0.0577514
vn -0.70993 0.56322116 0.42282552
vn -0.84603953 0.30909675 0.4343689
vn 0.5621403 0.43577525 0.7029212
vn 0.9337525 -0.354467 -0.0495937
vn 0.3625319 0.35594553 0.8613207
vn 0.9692282 -0.22691481 -0.09542701
vn -0.8284362 -0.44954112 0.33407533
vn 0.300464 0.0082353875 0.9537576
vn -0.8397896 -0.25374454 0.47996572
vn 0.39383507 -0.29118177 0.87184125
vn 0.96714795 0.25397727 0.010974705
vn -0.72594136 -0.61856866 0.30063608
vn 0.94081324 0.3387512 -0.010867049
vn 0.38698542 0.18847841 -0.90261734
vn 0.41176587 -0.6631087 0.62508863
vn -0.6503482 -0.7583692 0.04385515
vn 0.25967342 0.48644033 -0.8342336
vn -0.6734542 -0.1024033 -0.73210186
vn 0.5914437 -0.66384363 0.45771822
vn -0.5508417 -0.7803102 -0.29612386
vn 0.9609731 0.27497444 0.03032715
vn -0.71650684 0.07038847 -0.6940197
vn -0.8397896 -0.25374454 0.47996572
vn -0.8284362 -0.44954112 0.33407533
vn 0.53437644 -0.7950325 0.28699338
vn -0.5784397 -0.603192 -0.54915106
vn 0.11084088 0.77931833 -0.6167473
vn -0.86273605 0.2340979 -0.44820163
vn -0.72594136 -0.61856866 0.30063608
vn 0.9221546 0.36267877 0.13451724
vn 0.6570997 -0.7530027 -0.034741007
vn -0.31096423 -0.39813507 -0.86301214
vn 0.1330166 0.93075466 -0.34059128
vn -0.8378036 0.38501734 -0.38710058
vn -0.6503482 -0.7583692 0.04385515
vn 0.85473764 0.33281225 0.3983209
vn 0.85307753 -0.42453852 -0.30335748
vn -0.0997677 0.10642357 -0.989303
vn 0.017989932 0.99946994 0.027133116
vn -0.841577 0.3797547 -0.38410226
vn -0.5508417 -0.7803102 -0.29612386
vn 0.80176365 0.3276741 0.49980468
vn 0.8970845 -0.2607246 -0.35673815
vn 0.10359924 0.5423519 -0.8337396
vn -0.13318461 0.8796401 0.4566126
vn -0.873814 0.45203158 -0.17921075
vn -0.5784397 -0.603192 -0.54915106
vn 0.7084398 0.07474658 0.70180184
vn 0.9276266 -0.2616221 -0.26657605
vn 0.15406764 0.7249043 -0.6713991
vn -0.28428018 0.48637304 0.8262119
vn -0.94964767 0.31157207 -0.03304976
vn -0.31096423 -0.39813507 -0.86301214
vn 0.6029751 -0.22782367 0.76453745
vn 0.9354537 -0.1966018 -0.29372475
vn 0.2617415 0.82337224 -0.50353694
vn -0.44469386 0.13375853 0.8856387
vn -0.9424753 0.30606955 -0.13439363
vn -0.0997677 0.10642357 -0.989303
vn 0.44248962 -0.5763216 0.6870635
vn 0.95458204 -0.15029684 -0.25726268
vn 0.40510893 0.91419405 0.011657985
vn -0.5438582 -0.21701561 0.810631
vn -0.9100037 0.40645257 -0.081789605
vn 0.10359924 0.5423519 -0.8337396
vn 0.43063805 -0.76014835 0.48654428
vn 0.9297443 -0.12986861 -0.3445425
vn 0.57690996 0.76311237 0.29126343
vn -0.5896118 -0.4403691 0.6770769
vn -0.8451387 0.531693 -0.055164132
vn 0.15406764 0.7249043 -0.6713991
vn 0.34152076 -0.9105536 0.23292845
vn 0.88987285 -0.12670857 -0.43825933
vn 0.68161273 0.6537486 0.3286592
vn 0.8457069 -0.12282196 -0.51932126
vn -0.67756945 -0.57835203 0.45432204
vn -0.84921956 0.51025736 0.13588023
vn 0.2617415 0.82337224 -0.50353694
vn 0.19259423 -0.95170754 -0.2390823
vn 0.01248064 -0.8110923 -0.584785
vn -0.04521303 -0.7022709 -0.71047264
vn -0.7602598 -0.62374175 0.1815245
vn -0.76695853 0.53331625 0.3568591
vn 0.40510893 0.91419405 0.011657985
vn -0.87104505 -0.49112493 0.008762886
vn -0.9126962 -0.40735492 -0.032367688
vn -0.6225944 0.54497385 0.56158674
vn 0.57690996 0.76311237 0.29126343
vn -0.50502676 0.5236614 0.68609536
vn 0.68161273 0.6537486 0.3286592
vn 0.06875946 -0.067099996 0.99537426
vn 0.9418604 0.26177403 0.21064982
vn -0.04003676 0.10293457 0.99388206
vn 0.95300496 0.24807563 0.17389673
vn 0.55173355 0.023771793 -0.8336815
vn 0.18029325 -0.3824288 0.90622437
vn 0.47692066 0.20780472 -0.854028
vn -0.4796592 -0.24504024 -0.84254515
vn 0.96585864 0.19560374 0.16987106
vn 0.28139174 -0.6571881 0.69922984
vn -0.5809032 -0.08801162 -0.80920047
vn -0.9498849 -0.22840048 0.2134292
vn 0.96751916 0.18799311 0.16901249
vn 0.48990834 -0.86230725 0.12812436
vn 0.38704586 0.51113886 -0.7674194
vn -0.92566603 -0.26692313 0.26813126
vn -0.04003676 0.10293457 0.99388206
vn 0.06875946 -0.067099996 0.99537426
vn 0.9157927 0.2545059 0.3107259
vn 0.4834927 -0.8237331 -0.29613954
vn -0.670935 0.18016967 -0.71929485
vn -0.8835427 -0.38892373 0.2609417
vn 0.18029325 -0.3824288 0.90622437
vn 0.32081488 0.7743287 -0.5454291
vn 0.93503493 0.07769317 0.34593838
vn 0.6006574 -0.7141427 -0.3594592
vn -0.71840334 0.40419233 -0.56614953
vn -0.8542104 -0.50432044 0.1264336
vn 0.28139174 -0.6571881 0.69922984
vn 0.21629624 0.97602886 0.024158487
vn 0.8923961 0.20455998 0.40222442
vn 0.77831197 -0.46051547 -0.42679733
vn -0.74201244 0.63223636 -0.2229231
vn -0.80201733 -0.48607364 -0.3471321
vn 0.48990834 -0.86230725 0.12812436
vn 0.09606357 0.88019246 0.4647936
vn 0.8024478 0.10130371 0.5880604
vn 0.87791735 -0.2971554 -0.37544626
vn -0.8733701 0.48182422 -0.071205065
vn -0.6156933 -0.56375164 -0.5505505
vn 0.4834927 -0.8237331 -0.29613954
vn -0.03409854 0.8066205 0.5900853
vn 0.64609474 -0.24066707 0.724321
vn 0.90339386 -0.15501733 -0.39981157
vn -0.91852 0.39386824 0.0344782
vn -0.6160617 -0.5849716 -0.52751887
vn 0.6006574 -0.7141427 -0.3594592
vn -0.16030559 0.5404024 0.8259948
vn 0.5569168 -0.5384629 0.6323776
vn 0.9448981 -0.09910107 -0.3120041
vn -0.95016795 0.301457 0.07940205
vn -0.44462454 -0.46719897 -0.7642213
vn 0.77831197 -0.46051547 -0.42679733
vn -0.35590363 0.10415642 0.9287002
vn 0.44977614 -0.7647065 0.4614384
vn 0.9483723 -0.016387679 -0.31673566
vn -0.9451545 0.32594812 0.02099605
vn -0.21734765 0.032349974 -0.97555804
vn 0.87791735 -0.2971554 -0.37544626
vn -0.5088155 -0.22758497 0.83024806
vn 0.40765876 -0.91231465 0.03868256
vn 0.9414505 0.07322009 -0.32910445
vn -0.9187323 0.39155325 -0.051159196
vn -0.030610753 0.48966134 -0.8713752
vn 0.90339386 -0.15501733 -0.39981157
vn -0.59071976 -0.4984817 0.634481
vn 0.3198625 -0.8757087 -0.36169353
vn 0.9463096 0.05278656 -0.3189228
vn -0.9179043 0.3942217 0.04517752
vn 0.060795844 0.775156 -0.6288379
vn 0.9448981 -0.09910107 -0.3120041
vn -0.6327676 -0.7067191 0.31646997
vn 0.20155889 -0.67341334 -0.7112584
vn 0.9299475 0.054974474 -0.36355942
vn 0.15900011 -0.48286408 -0.86113954
vn -0.87347585 0.42467585 0.2380972
vn 0.20992766 0.9315305 -0.2969536
vn 0.9483723 -0.016387679 -0.31673566
vn -0.6937972 -0.71815264 0.053873263
vn -0.7713154 -0.5946775 -0.22678442
vn -0.8189572 -0.45240518 -0.35304213
vn -0.8277687 0.35284492 0.43623316
vn 0.23731482 0.9615655 0.13810721
vn 0.9414505 0.07322009 -0.32910445
vn -0.79763114 0.26385927 0.5423678
vn -0.6956522 0.24084778 0.67680156
vn 0.39107132 0.74516773 0.5401744
vn 0.9463096 0.05278656 -0.3189228
vn 0.53682834 0.54853946 0.6410302
vn 0.9299475 0.054974474 -0.36355942
vn -4.4790974E-07 -1 2.2515157E-07
vn -1.3584479E-06 -1 3.1426214E-07
vn -7.6777803E-07 -1 2.1213123E-06
vn -5.1736953E-07 -1 -7.047909E-07
vn 1.0980941E-06 -1 -1.4958842E-06
vn -3.0104556E-07 -1 -4.522182E-07
vn -9.967765E-07 -1 4.3049045E-07
vn 4.473877E-07 -1 -6.5031657E-07
vn 4.507169E-07 -1 -1.361011E-06
vn 2.144059E-06 -1 -8.120544E-07
vn -1.3072247E-06 1 2.9216304E-07
vn -4.6162504E-07 1 2.4586788E-07
vn -7.087183E-07 1 2.1231874E-06
vn -5.254622E-07 1 -7.0678345E-07
vn 1.0057347E-06 1 -1.4674647E-06
vn -2.2077022E-07 1 -5.3195924E-07
vn -1.0804918E-06 1 5.3752433E-07
vn 4.033518E-07 1 -6.1193634E-07
vn 4.279023E-07 1 -1.3684074E-06
vn 2.144059E-06 1 -8.120544E-07
vn 0.9258573 0.37785858 -0.0033216246
vn 0.92593265 0.3776869 -0.0011480099
vn 0.9259321 0.37768814 -0.0011489484
vn 0.92801994 0.37251365 0.0035493246
vn 0.9258984 0.37775752 -0.0033914915
vn 0.92811865 0.3722655 0.0037909085
vn 0.92801327 0.3725223 -0.0043128594
vn 0.9304969 0.3661486 0.0105221
vn 0.9278768 0.37286195 -0.0043186047
vn 0.9305841 0.36591828 0.010818586
vn 0.9323486 0.3615547 -0.0020716425
vn 0.93255985 0.36086187 0.010529621
vn 0.9321759 0.3619989 -0.002201584
vn 0.9326193 0.36071417 0.010325241
vn 0.9302748 0.36686337 -7.117912E-06
vn 0.9292832 0.3693543 0.003184627
vn 0.9299687 0.3676386 -7.327746E-06
vn 0.92954344 0.36869687 0.003395958
vn 0.9253132 0.37920383 -4.7694716E-06
vn 0.92531276 0.37920466 3.7444747E-07
vn 0.9253129 0.37920454 -1.0542916E-07
vn 0.9253133 0.37920368 5.4645698E-06
vn 0.9253116 0.3792074 5.3848266E-06
vn 0.92531073 0.37920994 3.84079E-06
vn 0.92531204 0.37920657 0
vn 0.92531157 0.37920764 -5.0738017E-06
vn 0.9253106 0.37921017 -3.9001834E-06
vn 0.9258573 -0.37785876 -0.0033216693
vn 0.92593235 -0.37768793 -0.0011491037
vn 0.92593277 -0.37768674 -0.0011481659
vn 0.92801994 -0.3725137 0.0035492028
vn 0.9258983 -0.37775782 -0.00339154
vn 0.92811865 -0.3722655 0.0037908042
vn 0.92801315 -0.3725225 -0.0043129036
vn 0.93049675 -0.36614883 0.010522152
vn 0.92787665 -0.37286216 -0.0043186536
vn 0.930584 -0.36591858 0.010818622
vn 0.9323487 -0.3615545 -0.0020718009
vn 0.93255985 -0.36086172 0.010529399
vn 0.932176 -0.36199877 -0.0022017378
vn 0.93261933 -0.36071402 0.010324988
vn 0.9302749 -0.36686322 -7.1965965E-06
vn 0.9292832 -0.3693543 0.003183506
vn 0.92996883 -0.3676385 -7.3916135E-06
vn 0.92954344 -0.36869684 0.003394901
vn 0.92531306 -0.37920392 -4.686701E-06
vn 0.92531276 -0.37920463 0
vn 0.9253129 -0.37920463 -2.0214745E-07
vn 0.9253132 -0.37920377 4.326045E-06
vn 0.9253116 -0.37920755 5.268087E-06
vn 0.92531073 -0.3792097 3.5306464E-06
vn 0.92531204 -0.37920645 0
vn 0.9253116 -0.37920752 -5.017583E-06
vn 0.92531073 -0.37920982 -3.8107748E-06
vn -0 0 1
vn -0.18900031 0 0.981977
vn -0.12574172 0 0.992063
vn -0 0 1
vn -0.46413082 0 0.8857667
vn -0.46413082 0 0.8857667
vn -0.64917487 0 0.76063925
vn -0.6491748 0 0.7606393
vn -0.8177457 0 0.5755796
vn -0.8177458 0 0.5755796
vn -0.9350746 0 0.3544508
vn -0.9350746 0 0.35445073
vn -0.9904268 0 0.13803884
vn -0.9904268 0 0.13803884
vn -0.1257417 0 0.992063
vn -0.18900028 0 0.981977
vn -0.46413082 0 0.8857667
vn -0.46413082 0 0.8857667
vn -0.64917487 0 0.76063925
vn -0.64917487 0 0.76063925
vn -0.8177458 0 0.57557964
vn -0.8177458 0 0.5755796
vn -0.9350746 0 0.35445073
vn -0.9350746 0 0.35445076
vn -0.9904268 0 0.13803884
vn -0.9904268 0 0.13803886
vn -0.98923886 0 -0.14630918
vn -0.98923886 0 -0.14630914
vn -0.9940128 2.1206775E-07 -0.109263875
vn -0.9864356 4.064918E-07 -0.1641485
vn -1 8.019559E-07 1.109534E-06
vn -1 3.8292998E-07 1.2906368E-06
vn -1 -3.8293018E-07 1.2906362E-06
vn -0.9940128 -2.1206793E-07 -0.109263845
vn -1 -8.019558E-07 1.109533E-06
vn -0.9864356 -4.0649178E-07 -0.16414851
vn -0.98923886 0 -0.14630914
vn -0.98923886 0 -0.14630918
vn 0.99999905 0.00032104514 -0.0014066176
vn 0.99999905 0 -0.0014427899
vn 0.99999905 0 -0.00144279
vn 0.99999905 -0.00032104517 -0.0014066178
vn 0.99999905 0.00032104502 -0.0014066178
vn 0.99999905 -0.00032104508 -0.0014066178
vn 0.99999905 0.00062600384 -0.0012999144
vn 0.99999905 -0.000626004 -0.0012999143
vn 0.99999905 0.00062600477 -0.0012999141
vn 0.99999905 -0.00062600494 -0.0012999141
vn 0.99999905 0.0008995686 -0.0011280281
vn 0.99999905 -0.00089956867 -0.0011280281
vn 0.99999905 0.0008995692 -0.0011280277
vn 0.99999905 -0.0008995694 -0.0011280278
vn 0.9999989 0.001213241 -0.0007953142
vn 0.9999989 -0.001213241 -0.00079531525
vn 0.9999989 0.0012294009 -0.0007752757
vn 0.9999989 -0.0012294003 -0.000775277
vn 0.9999788 0.0019206668 -0.0062245056
vn 0.9999788 -0.0019206661 -0.0062244907
vn 0.9999689 0.002040823 -0.007626666
vn 0.9999689 -0.0020408225 -0.0076266536
vn 0.9999269 0.008084941 -0.0089853825
vn 0.9999269 -0.008084934 -0.008985377
vn 0.9999274 0.008992126 -0.008026638
vn 0.9999274 -0.008992139 -0.008026613
vn 0.99988246 0.015331408 0
vn 0.99988246 -0.015331414 0
vn 0.99988246 0.015331408 0
vn 0.99988246 -0.0153314145 0
vn 0.9999269 0.008085243 0.008985269
vn 0.9999269 -0.008085243 0.008985268
vn 0.9999274 0.008992327 0.0080266055
vn 0.9999274 -0.008992329 0.008026603
vn 0.9999788 0.0019208252 0.0062245824
vn 0.9999788 -0.001920826 0.0062245857
vn 0.9999689 0.0020410055 0.0076266564
vn 0.9999689 -0.002041007 0.0076266653
vn 0.9999989 0.0012132676 0.00079532486
vn 0.9999989 -0.0012132685 0.0007953251
vn 0.9999989 0.0012294254 0.0007752876
vn 0.9999989 -0.0012294262 0.0007752881
vn 0.99999905 0.0008995946 0.0011280536
vn 0.99999905 -0.0008995937 0.001128054
vn 0.99999905 0.0008995942 0.001128054
vn 0.99999905 -0.0008995932 0.0011280545
vn 0.99999905 0.0006260245 0.0012999508
vn 0.99999905 -0.0006260233 0.001299951
vn 0.99999905 0.0006260243 0.0012999509
vn 0.99999905 -0.000626023 0.0012999511
vn 0.99999905 0.0003210599 0.0014066608
vn 0.99999905 -0.00032105984 0.0014066609
vn 0.99999905 0.00032105978 0.0014066609
vn 0.99999905 -0.00032105972 0.0014066608
vn 0.99999905 0 0.0014428352
vn 0.99999905 0 0.0014428353
vn 0.3179681 -0.9481014 -5.351325E-07
vn 0.30240574 -0.94810134 -0.09825765
vn 0.16804571 -0.9842659 -0.054601476
vn 0.1766931 -0.98426604 -3.5436537E-07
vn 0.3024053 -0.94810164 0.09825685
vn 0.16804525 -0.98426604 0.054600626
vn 0.25724044 -0.94810176 0.18689707
vn 0.14294705 -0.98426604 0.10385795
vn 0.18689759 -0.9481014 0.257241
vn 0.14294691 -0.98426616 -0.10385756
vn 0.2572413 -0.9481015 -0.18689685
vn 0.10385767 -0.98426616 0.14294654
vn 0.09825842 -0.94810164 0.30240464
vn 0.10385759 -0.9842659 -0.14294799
vn 0.18689612 -0.94810164 -0.2572414
vn 0.054602508 -0.9842658 0.16804592
vn -9.574679E-07 -0.94810176 0.31796715
vn 0.054601263 -0.9842659 -0.16804546
vn 0.09825731 -0.9481012 -0.3024062
vn -6.761868E-07 -0.98426604 0.17669299
vn -0.098258056 -0.94810176 0.3024043
vn 1.2896973E-07 -0.9842658 -0.17669411
vn 1.9149364E-07 -0.9481011 -0.31796902
vn -0.054601334 -0.98426616 0.16804397
vn -0.18689679 -0.9481015 0.2572414
vn -0.05460068 -0.9842659 -0.16804577
vn -0.09825702 -0.9481012 -0.30240628
vn -0.10385727 -0.98426604 0.14294754
vn -0.25724092 -0.94810164 0.18689696
vn -0.1038571 -0.98426604 -0.14294785
vn -0.18689626 -0.9481015 -0.25724155
vn -0.14294845 -0.9842658 0.10385785
vn -0.30240515 -0.94810164 0.09825718
vn -0.14294854 -0.9842659 -0.10385771
vn -0.2572416 -0.9481014 -0.18689673
vn -0.16804506 -0.98426604 0.05460081
vn -0.31796786 -0.9481015 -3.0691456E-07
vn -0.1680453 -0.9842659 -0.054601405
vn -0.3024055 -0.9481014 -0.09825765
vn -0.17669316 -0.98426604 -2.0490513E-07
vn 0.1680457 0.9842659 -0.054601483
vn 0.30240571 0.94810134 -0.09825765
vn 0.31796813 0.9481014 -4.9840776E-07
vn 0.14294778 0.98426604 -0.103857405
vn 0.25724176 0.9481014 -0.1868967
vn 0.1766931 0.98426604 -3.2905356E-07
vn 0.3024053 0.9481015 0.098256975
vn 0.16804537 0.98426604 0.054600794
vn 0.25724044 0.94810164 0.18689717
vn 0.14294755 0.9842659 0.10385806
vn 0.18689759 0.9481014 0.25724107
vn 0.10385744 0.98426616 0.14294663
vn 0.0982584 0.94810164 0.3024046
vn 0.103857756 0.98426604 -0.14294764
vn 0.18689677 0.94810164 -0.25724095
vn 0.054602284 0.9842658 0.16804594
vn -9.574676E-07 0.94810176 0.3179671
vn 0.054601137 0.98426604 -0.1680449
vn 0.09825744 0.9481015 -0.30240512
vn -6.7498155E-07 0.98426604 0.17669298
vn -0.09825833 0.9481019 0.30240405
vn 1.2655904E-07 0.9842659 -0.17669335
vn 1.8887042E-07 0.94810164 -0.3179676
vn -0.054601457 0.98426616 0.16804387
vn -0.18689649 0.9481015 0.25724158
vn -0.054600783 0.98426604 -0.16804513
vn -0.09825719 0.9481015 -0.30240527
vn -0.103856936 0.98426604 0.14294784
vn -0.2572407 0.9481015 0.18689737
vn -0.10385722 0.98426604 -0.14294739
vn -0.1868969 0.9481015 -0.2572411
vn -0.14294782 0.9842659 0.10385807
vn -0.3024055 0.9481015 0.09825706
vn -0.14294834 0.9842659 -0.103857584
vn -0.25724196 0.94810134 -0.18689658
vn -0.1680464 0.9842658 0.054600663
vn -0.31796783 0.9481015 -2.728129E-07
vn -0.16804637 0.9842658 -0.05460157
vn -0.30240548 0.9481014 -0.09825765
vn -0.17669314 0.98426604 -1.8320931E-07
vn 1 0 0
vn 1 0 0
vn 1 0 0
vn 1 0 0
vn 1 0 0
vn 1 0 0
vn 1 0 0
vn 1 0 0
vn 1 0 0
vn 1 0 0
vn 1 0 0
vn 1 0 0
vn 1 0 0
vn 1 0 0
vn 1 0 0
vn 1 0 0
vn 1 0 0
vn 1 0 0
vn 1 0 0
vn 1 0 0
vn 1 0 0
vn 1 0 0
vn 1 0 0
vn 1 0 0
vn 1 0 0
vn 1 0 0
vn 1 0 0
vn 1 0 0
vn 1 0 0
vn 1 0 0
vn 1 0 0
vn 1 0 0
g S_wpn_pistol_0011_01_lod0_0
f 3/3/3 2/2/2 1/1/1
f 6/6/6 5/5/5 4/4/4
f 9/9/9 8/8/8 7/7/7
f 12/12/12 11/11/11 10/10/10
f 15/15/15 14/14/14 13/13/13
f 18/18/18 17/17/17 16/16/16
f 21/21/21 20/20/20 19/19/19
f 24/24/24 23/23/23 22/22/22
f 27/27/27 26/26/26 25/25/25
f 30/30/30 29/29/29 28/28/28
f 33/33/33 32/32/32 31/31/31
f 36/36/36 35/35/35 34/34/34
f 39/39/39 38/38/38 37/37/37
f 42/42/42 41/41/41 40/40/40
f 45/45/45 44/44/44 43/43/43
f 48/48/48 47/47/47 46/46/46
f 51/51/51 50/50/50 49/49/49
f 54/54/54 53/53/53 52/52/52
f 57/57/57 56/56/56 55/55/55
f 60/60/60 59/59/59 58/58/58
f 63/63/63 62/62/62 61/61/61
f 66/66/66 65/65/65 64/64/64
f 69/69/69 68/68/68 67/67/67
f 72/72/72 71/71/71 70/70/70
f 75/75/75 74/74/74 73/73/73
f 76/76/76 75/75/75 73/73/73
f 79/79/79 78/78/78 77/77/77
f 80/80/80 79/79/79 77/77/77
f 81/81/81 79/79/79 80/80/80
f 82/82/82 81/81/81 80/80/80
f 81/81/81 83/83/83 79/79/79
f 86/86/86 85/85/85 84/84/84
f 87/87/87 86/86/86 84/84/84
f 90/90/90 89/89/89 88/88/88
f 89/89/89 91/91/91 88/88/88
f 88/88/88 91/91/91 92/92/92
f 93/93/93 88/88/88 92/92/92
f 91/91/91 94/94/94 92/92/92
f 93/93/93 92/92/92 95/95/95
f 96/96/96 93/93/93 95/95/95
f 94/94/94 97/97/97 92/92/92
f 97/97/97 94/94/94 98/98/98
f 94/94/94 99/99/99 98/98/98
f 98/98/98 99/99/99 100/100/100
f 99/99/99 101/101/101 100/100/100
f 100/100/100 101/101/101 102/102/102
f 101/101/101 103/103/103 102/102/102
f 102/102/102 103/103/103 104/104/104
f 103/103/103 105/105/105 104/104/104
f 105/105/105 106/106/106 104/104/104
f 106/106/106 107/107/107 104/104/104
f 106/106/106 108/108/108 107/107/107
f 108/108/108 109/109/109 107/107/107
f 109/109/109 108/108/108 110/110/110
f 108/108/108 111/111/111 110/110/110
f 110/110/110 111/111/111 112/112/112
f 113/113/113 110/110/110 112/112/112
f 113/113/113 112/112/112 114/114/114
f 112/112/112 115/115/115 114/114/114
f 115/115/115 116/116/116 114/114/114
f 116/116/116 117/117/117 114/114/114
f 117/117/117 116/116/116 118/118/118
f 116/116/116 119/119/119 118/118/118
f 118/118/118 119/119/119 120/120/120
f 119/119/119 121/121/121 120/120/120
f 124/124/124 123/123/123 122/122/122
f 125/125/125 123/123/123 124/124/124
f 128/128/128 127/127/127 126/126/126
f 129/129/129 128/128/128 126/126/126
f 129/129/129 130/130/130 128/128/128
f 131/131/131 128/128/128 130/130/130
f 132/132/132 131/131/131 130/130/130
f 132/132/132 133/133/133 131/131/131
f 133/133/133 134/134/134 131/131/131
f 137/137/137 136/136/136 135/135/135
f 138/138/138 137/137/137 135/135/135
f 141/141/141 140/140/140 139/139/139
f 142/142/142 141/141/141 139/139/139
f 145/145/145 144/144/144 143/143/143
f 145/145/145 146/146/146 144/144/144
f 146/146/146 147/147/147 144/144/144
f 148/148/148 147/147/147 146/146/146
f 147/147/147 149/149/149 144/144/144
f 149/149/149 150/150/150 144/144/144
f 151/151/151 150/150/150 149/149/149
f 152/152/152 151/151/151 149/149/149
f 153/153/153 151/151/151 152/152/152
f 154/154/154 153/153/153 152/152/152
f 157/157/157 156/156/156 155/155/155
f 158/158/158 157/157/157 155/155/155
f 161/161/161 160/160/160 159/159/159
f 161/161/161 159/159/159 162/162/162
f 161/161/161 162/162/162 163/163/163
f 162/162/162 164/164/164 163/163/163
f 165/165/165 163/163/163 164/164/164
f 166/166/166 163/163/163 165/165/165
f 169/169/169 168/168/168 167/167/167
f 170/170/170 169/169/169 167/167/167
f 169/169/169 170/170/170 171/171/171
f 172/172/172 169/169/169 171/171/171
f 171/171/171 173/173/173 172/172/172
f 173/173/173 174/174/174 172/172/172
f 174/174/174 173/173/173 175/175/175
f 176/176/176 174/174/174 175/175/175
f 179/179/179 178/178/178 177/177/177
f 178/178/178 180/180/180 177/177/177
f 180/180/180 181/181/181 177/177/177
f 181/181/181 182/182/182 177/177/177
f 183/183/183 182/182/182 181/181/181
f 184/184/184 183/183/183 181/181/181
f 183/183/183 184/184/184 185/185/185
f 185/185/185 186/186/186 183/183/183
f 184/184/184 187/187/187 185/185/185
f 184/184/184 188/188/188 187/187/187
f 191/191/191 190/190/190 189/189/189
f 190/190/190 192/192/192 189/189/189
f 192/192/192 190/190/190 193/193/193
f 193/193/193 190/190/190 194/194/194
f 195/195/195 193/193/193 194/194/194
f 196/196/196 195/195/195 194/194/194
f 196/196/196 197/197/197 195/195/195
f 196/196/196 198/198/198 197/197/197
f 197/197/197 199/199/199 195/195/195
f 199/199/199 197/197/197 200/200/200
f 197/197/197 201/201/201 200/200/200
f 200/200/200 201/201/201 202/202/202
f 203/203/203 200/200/200 202/202/202
f 202/202/202 204/204/204 203/203/203
f 204/204/204 205/205/205 203/203/203
f 205/205/205 204/204/204 206/206/206
f 204/204/204 207/207/207 206/206/206
f 208/208/208 207/207/207 204/204/204
f 206/206/206 207/207/207 209/209/209
f 210/210/210 206/206/206 209/209/209
f 211/211/211 210/210/210 209/209/209
f 211/211/211 212/212/212 210/210/210
f 212/212/212 211/211/211 213/213/213
f 211/211/211 214/214/214 213/213/213
f 217/217/217 216/216/216 215/215/215
f 218/218/218 217/217/217 215/215/215
f 218/218/218 215/215/215 219/219/219
f 215/215/215 220/220/220 219/219/219
f 220/220/220 221/221/221 219/219/219
f 221/221/221 222/222/222 219/219/219
f 221/221/221 223/223/223 222/222/222
f 223/223/223 224/224/224 222/222/222
f 227/227/227 226/226/226 225/225/225
f 228/228/228 227/227/227 225/225/225
f 229/229/229 227/227/227 228/228/228
f 227/227/227 229/229/229 230/230/230
f 227/227/227 230/230/230 231/231/231
f 234/234/234 233/233/233 232/232/232
f 235/235/235 234/234/234 232/232/232
f 238/238/238 237/237/237 236/236/236
f 239/239/239 238/238/238 236/236/236
f 242/242/242 241/241/241 240/240/240
f 243/243/243 242/242/242 240/240/240
f 246/246/246 245/245/245 244/244/244
f 247/247/247 246/246/246 244/244/244
f 250/250/250 249/249/249 248/248/248
f 251/251/251 250/250/250 248/248/248
f 254/254/254 253/253/253 252/252/252
f 253/253/253 255/255/255 252/252/252
f 252/252/252 255/255/255 256/256/256
f 257/257/257 252/252/252 256/256/256
f 256/256/256 258/258/258 257/257/257
f 258/258/258 259/259/259 257/257/257
f 260/260/260 259/259/259 258/258/258
f 261/261/261 260/260/260 258/258/258
f 264/264/264 263/263/263 262/262/262
f 265/265/265 264/264/264 262/262/262
f 268/268/268 267/267/267 266/266/266
f 269/269/269 268/268/268 266/266/266
f 269/269/269 266/266/266 270/270/270
f 266/266/266 271/271/271 270/270/270
f 270/270/270 271/271/271 272/272/272
f 271/271/271 273/273/273 272/272/272
f 272/272/272 273/273/273 274/274/274
f 275/275/275 272/272/272 274/274/274
f 275/275/275 274/274/274 276/276/276
f 277/277/277 275/275/275 276/276/276
f 278/278/278 277/277/277 276/276/276
f 279/279/279 278/278/278 276/276/276
f 282/282/282 281/281/281 280/280/280
f 281/281/281 283/283/283 280/280/280
f 280/280/280 283/283/283 284/284/284
f 284/284/284 283/283/283 285/285/285
f 283/283/283 286/286/286 285/285/285
f 286/286/286 287/287/287 285/285/285
f 288/288/288 287/287/287 286/286/286
f 289/289/289 288/288/288 286/286/286
f 292/292/292 291/291/291 290/290/290
f 292/292/292 293/293/293 291/291/291
f 296/296/296 295/295/295 294/294/294
f 295/295/295 297/297/297 294/294/294
f 297/297/297 295/295/295 298/298/298
f 295/295/295 299/299/299 298/298/298
f 302/302/302 301/301/301 300/300/300
f 303/303/303 302/302/302 300/300/300
f 306/306/306 305/305/305 304/304/304
f 305/305/305 307/307/307 304/304/304
f 308/308/308 307/307/307 305/305/305
f 308/308/308 305/305/305 309/309/309
f 310/310/310 308/308/308 309/309/309
f 311/311/311 310/310/310 309/309/309
f 312/312/312 311/311/311 309/309/309
f 315/315/315 314/314/314 313/313/313
f 316/316/316 315/315/315 313/313/313
f 319/319/319 318/318/318 317/317/317
f 318/318/318 320/320/320 317/317/317
f 320/320/320 318/318/318 321/321/321
f 318/318/318 322/322/322 321/321/321
f 323/323/323 321/321/321 322/322/322
f 324/324/324 323/323/323 322/322/322
f 324/324/324 325/325/325 323/323/323
f 325/325/325 326/326/326 323/323/323
f 325/325/325 327/327/327 326/326/326
f 327/327/327 328/328/328 326/326/326
f 328/328/328 327/327/327 329/329/329
f 327/327/327 330/330/330 329/329/329
f 333/333/333 332/332/332 331/331/331
f 334/334/334 333/333/333 331/331/331
f 337/337/337 336/336/336 335/335/335
f 338/338/338 337/337/337 335/335/335
f 341/341/341 340/340/340 339/339/339
f 342/342/342 339/339/339 340/340/340
f 343/343/343 342/342/342 340/340/340
f 344/344/344 342/342/342 343/343/343
f 345/345/345 343/343/343 340/340/340
f 346/346/346 345/345/345 340/340/340
f 345/345/345 346/346/346 347/347/347
f 348/348/348 345/345/345 347/347/347
f 348/348/348 347/347/347 349/349/349
f 350/350/350 348/348/348 349/349/349
f 353/353/353 352/352/352 351/351/351
f 352/352/352 354/354/354 351/351/351
f 354/354/354 352/352/352 355/355/355
f 352/352/352 356/356/356 355/355/355
f 355/355/355 356/356/356 357/357/357
f 358/358/358 355/355/355 357/357/357
f 358/358/358 357/357/357 359/359/359
f 359/359/359 357/357/357 360/360/360
f 361/361/361 358/358/358 359/359/359
f 358/358/358 361/361/361 362/362/362
f 365/365/365 364/364/364 363/363/363
f 366/366/366 365/365/365 363/363/363
f 369/369/369 368/368/368 367/367/367
f 370/370/370 369/369/369 367/367/367
f 373/373/373 372/372/372 371/371/371
f 374/374/374 373/373/373 371/371/371
f 377/377/377 376/376/376 375/375/375
f 378/378/378 377/377/377 375/375/375
f 381/381/381 380/380/380 379/379/379
f 382/382/382 381/381/381 379/379/379
f 385/385/385 384/384/384 383/383/383
f 386/386/386 385/385/385 383/383/383
f 386/386/386 383/383/383 387/387/387
f 383/383/383 388/388/388 387/387/387
f 388/388/388 389/389/389 387/387/387
f 388/388/388 390/390/390 389/389/389
f 388/388/388 391/391/391 390/390/390
f 391/391/391 392/392/392 390/390/390
f 395/395/395 394/394/394 393/393/393
f 396/396/396 395/395/395 393/393/393
f 399/399/399 398/398/398 397/397/397
f 400/400/400 399/399/399 397/397/397
f 399/399/399 400/400/400 401/401/401
f 402/402/402 399/399/399 401/401/401
f 405/405/405 404/404/404 403/403/403
f 406/406/406 405/405/405 403/403/403
f 409/409/409 408/408/408 407/407/407
f 410/410/410 409/409/409 407/407/407
f 413/413/413 412/412/412 411/411/411
f 414/414/414 413/413/413 411/411/411
f 417/417/417 416/416/416 415/415/415
f 418/418/418 417/417/417 415/415/415
f 421/421/421 420/420/420 419/419/419
f 422/422/422 421/421/421 419/419/419
f 425/425/425 424/424/424 423/423/423
f 423/423/423 424/424/424 426/426/426
f 427/427/427 426/426/426 424/424/424
f 428/428/428 426/426/426 427/427/427
f 429/429/429 428/428/428 427/427/427
f 427/427/427 424/424/424 430/430/430
f 431/431/431 429/429/429 427/427/427
f 430/430/430 424/424/424 432/432/432
f 433/433/433 430/430/430 432/432/432
f 434/434/434 433/433/433 432/432/432
f 435/435/435 429/429/429 431/431/431
f 436/436/436 435/435/435 431/431/431
f 435/435/435 436/436/436 437/437/437
f 438/438/438 435/435/435 437/437/437
f 438/438/438 437/437/437 439/439/439
f 440/440/440 438/438/438 439/439/439
f 440/440/440 439/439/439 441/441/441
f 442/442/442 440/440/440 441/441/441
f 443/443/443 442/442/442 441/441/441
f 444/444/444 443/443/443 441/441/441
f 443/443/443 444/444/444 445/445/445
f 446/446/446 443/443/443 445/445/445
f 446/446/446 445/445/445 447/447/447
f 448/448/448 446/446/446 447/447/447
f 448/448/448 447/447/447 449/449/449
f 450/450/450 448/448/448 449/449/449
f 450/450/450 449/449/449 451/451/451
f 452/452/452 450/450/450 451/451/451
f 453/453/453 452/452/452 451/451/451
f 454/454/454 452/452/452 453/453/453
f 457/457/457 456/456/456 455/455/455
f 458/458/458 457/457/457 455/455/455
f 461/461/461 460/460/460 459/459/459
f 462/462/462 461/461/461 459/459/459
f 465/465/465 464/464/464 463/463/463
f 464/464/464 465/465/465 466/466/466
f 465/465/465 467/467/467 466/466/466
f 468/468/468 467/467/467 465/465/465
f 466/466/466 469/469/469 464/464/464
f 468/468/468 465/465/465 470/470/470
f 465/465/465 471/471/471 470/470/470
f 471/471/471 472/472/472 470/470/470
f 473/473/473 468/468/468 470/470/470
f 474/474/474 473/473/473 470/470/470
f 475/475/475 474/474/474 470/470/470
f 464/464/464 469/469/469 476/476/476
f 469/469/469 477/477/477 476/476/476
f 476/476/476 477/477/477 478/478/478
f 476/476/476 479/479/479 464/464/464
f 480/480/480 476/476/476 478/478/478
f 481/481/481 464/464/464 479/479/479
f 482/482/482 480/480/480 478/478/478
f 483/483/483 482/482/482 478/478/478
f 482/482/482 483/483/483 484/484/484
f 480/480/480 482/482/482 485/485/485
f 486/486/486 482/482/482 484/484/484
f 487/487/487 486/486/486 484/484/484
f 488/488/488 486/486/486 487/487/487
f 489/489/489 488/488/488 487/487/487
f 490/490/490 488/488/488 489/489/489
f 491/491/491 490/490/490 489/489/489
f 482/482/482 492/492/492 485/485/485
f 492/492/492 493/493/493 485/485/485
f 494/494/494 493/493/493 492/492/492
f 495/495/495 491/491/491 489/489/489
f 493/493/493 496/496/496 485/485/485
f 497/497/497 485/485/485 496/496/496
f 491/491/491 495/495/495 498/498/498
f 495/495/495 499/499/499 498/498/498
f 500/500/500 491/491/491 498/498/498
f 491/491/491 500/500/500 501/501/501
f 493/493/493 491/491/491 501/501/501
f 499/499/499 502/502/502 498/498/498
f 501/501/501 502/502/502 493/493/493
f 503/503/503 502/502/502 499/499/499
f 502/502/502 503/503/503 493/493/493
f 499/499/499 504/504/504 503/503/503
f 503/503/503 505/505/505 493/493/493
f 505/505/505 496/496/496 493/493/493
f 496/496/496 505/505/505 506/506/506
f 507/507/507 496/496/496 506/506/506
f 504/504/504 508/508/508 503/503/503
f 507/507/507 506/506/506 508/508/508
f 504/504/504 507/507/507 508/508/508
f 504/504/504 481/481/481 507/507/507
f 504/504/504 509/509/509 481/481/481
f 509/509/509 510/510/510 481/481/481
f 479/479/479 507/507/507 481/481/481
f 479/479/479 511/511/511 507/507/507
f 514/514/514 513/513/513 512/512/512
f 515/515/515 514/514/514 512/512/512
f 515/515/515 512/512/512 516/516/516
f 516/516/516 512/512/512 517/517/517
f 520/520/520 519/519/519 518/518/518
f 521/521/521 520/520/520 518/518/518
f 522/522/522 520/520/520 521/521/521
f 523/523/523 522/522/522 521/521/521
f 524/524/524 522/522/522 523/523/523
f 525/525/525 524/524/524 523/523/523
f 526/526/526 524/524/524 525/525/525
f 527/527/527 526/526/526 525/525/525
f 528/528/528 526/526/526 527/527/527
f 529/529/529 528/528/528 527/527/527
f 529/529/529 530/530/530 528/528/528
f 530/530/530 531/531/531 528/528/528
f 534/534/534 533/533/533 532/532/532
f 532/532/532 533/533/533 535/535/535
f 533/533/533 536/536/536 535/535/535
f 536/536/536 537/537/537 535/535/535
f 537/537/537 538/538/538 535/535/535
f 537/537/537 539/539/539 538/538/538
f 539/539/539 540/540/540 538/538/538
f 541/541/541 540/540/540 539/539/539
f 542/542/542 541/541/541 539/539/539
f 543/543/543 541/541/541 542/542/542
f 544/544/544 543/543/543 542/542/542
f 545/545/545 543/543/543 544/544/544
f 546/546/546 545/545/545 544/544/544
f 547/547/547 545/545/545 546/546/546
f 548/548/548 547/547/547 546/546/546
f 549/549/549 547/547/547 548/548/548
f 550/550/550 549/549/549 548/548/548
f 551/551/551 549/549/549 550/550/550
f 552/552/552 551/551/551 550/550/550
f 553/553/553 551/551/551 552/552/552
f 554/554/554 553/553/553 552/552/552
f 555/555/555 553/553/553 554/554/554
f 556/556/556 555/555/555 554/554/554
f 556/556/556 557/557/557 555/555/555
f 557/557/557 558/558/558 555/555/555
f 561/561/561 560/560/560 559/559/559
f 561/561/561 559/559/559 562/562/562
f 559/559/559 563/563/563 562/562/562
f 564/564/564 562/562/562 563/563/563
f 565/565/565 564/564/564 563/563/563
f 566/566/566 564/564/564 565/565/565
f 567/567/567 566/566/566 565/565/565
f 566/566/566 567/567/567 568/568/568
f 567/567/567 569/569/569 568/568/568
f 568/568/568 569/569/569 570/570/570
f 569/569/569 571/571/571 570/570/570
f 570/570/570 571/571/571 572/572/572
f 571/571/571 573/573/573 572/572/572
f 574/574/574 572/572/572 573/573/573
f 575/575/575 574/574/574 573/573/573
f 574/574/574 575/575/575 576/576/576
f 575/575/575 577/577/577 576/576/576
f 576/576/576 577/577/577 578/578/578
f 577/577/577 579/579/579 578/578/578
f 578/578/578 579/579/579 580/580/580
f 579/579/579 581/581/581 580/580/580
f 580/580/580 581/581/581 582/582/582
f 581/581/581 583/583/583 582/582/582
f 586/586/586 585/585/585 584/584/584
f 587/587/587 586/586/586 584/584/584
f 590/590/590 589/589/589 588/588/588
f 589/589/589 591/591/591 588/588/588
f 592/592/592 591/591/591 589/589/589
f 591/591/591 593/593/593 588/588/588
f 593/593/593 594/594/594 588/588/588
f 595/595/595 591/591/591 592/592/592
f 596/596/596 595/595/595 592/592/592
f 597/597/597 594/594/594 593/593/593
f 598/598/598 594/594/594 597/597/597
f 599/599/599 593/593/593 591/591/591
f 595/595/595 599/599/599 591/591/591
f 597/597/597 600/600/600 598/598/598
f 600/600/600 601/601/601 598/598/598
f 602/602/602 597/597/597 593/593/593
f 599/599/599 602/602/602 593/593/593
f 600/600/600 603/603/603 601/601/601
f 604/604/604 601/601/601 603/603/603
f 605/605/605 603/603/603 600/600/600
f 605/605/605 600/600/600 606/606/606
f 607/607/607 600/600/600 597/597/597
f 607/607/607 606/606/606 600/600/600
f 602/602/602 607/607/607 597/597/597
f 606/606/606 607/607/607 608/608/608
f 609/609/609 602/602/602 599/599/599
f 602/602/602 609/609/609 607/607/607
f 610/610/610 608/608/608 607/607/607
f 607/607/607 609/609/609 610/610/610
f 608/608/608 610/610/610 611/611/611
f 612/612/612 609/609/609 599/599/599
f 612/612/612 599/599/599 595/595/595
f 613/613/613 611/611/611 610/610/610
f 611/611/611 613/613/613 614/614/614
f 609/609/609 615/615/615 610/610/610
f 615/615/615 609/609/609 612/612/612
f 610/610/610 615/615/615 613/613/613
f 616/616/616 612/612/612 595/595/595
f 616/616/616 595/595/595 596/596/596
f 613/613/613 617/617/617 614/614/614
f 614/614/614 617/617/617 618/618/618
f 619/619/619 612/612/612 616/616/616
f 619/619/619 615/615/615 612/612/612
f 616/616/616 596/596/596 620/620/620
f 620/620/620 619/619/619 616/616/616
f 596/596/596 621/621/621 620/620/620
f 622/622/622 620/620/620 621/621/621
f 615/615/615 623/623/623 613/613/613
f 613/613/613 623/623/623 617/617/617
f 619/619/619 624/624/624 615/615/615
f 624/624/624 619/619/619 620/620/620
f 624/624/624 623/623/623 615/615/615
f 625/625/625 620/620/620 622/622/622
f 618/618/618 625/625/625 622/622/622
f 625/625/625 624/624/624 620/620/620
f 626/626/626 623/623/623 624/624/624
f 623/623/623 626/626/626 617/617/617
f 626/626/626 624/624/624 625/625/625
f 617/617/617 627/627/627 618/618/618
f 627/627/627 625/625/625 618/618/618
f 617/617/617 626/626/626 627/627/627
f 627/627/627 626/626/626 625/625/625
f 630/630/630 629/629/629 628/628/628
f 631/631/631 630/630/630 628/628/628
f 632/632/632 630/630/630 631/631/631
f 633/633/633 632/632/632 631/631/631
f 636/636/636 635/635/635 634/634/634
f 635/635/635 637/637/637 634/634/634
f 634/634/634 637/637/637 638/638/638
f 637/637/637 639/639/639 638/638/638
f 640/640/640 638/638/638 639/639/639
f 641/641/641 640/640/640 639/639/639
f 638/638/638 642/642/642 634/634/634
f 642/642/642 643/643/643 634/634/634
f 643/643/643 642/642/642 644/644/644
f 642/642/642 645/645/645 644/644/644
f 644/644/644 645/645/645 646/646/646
f 647/647/647 644/644/644 646/646/646
f 647/647/647 646/646/646 648/648/648
f 649/649/649 647/647/647 648/648/648
f 649/649/649 648/648/648 650/650/650
f 648/648/648 651/651/651 650/650/650
f 650/650/650 651/651/651 652/652/652
f 651/651/651 653/653/653 652/652/652
f 652/652/652 653/653/653 654/654/654
f 655/655/655 652/652/652 654/654/654
f 654/654/654 656/656/656 655/655/655
f 656/656/656 657/657/657 655/655/655
f 657/657/657 656/656/656 658/658/658
f 656/656/656 659/659/659 658/658/658
f 658/658/658 659/659/659 660/660/660
f 659/659/659 661/661/661 660/660/660
f 660/660/660 661/661/661 662/662/662
f 663/663/663 660/660/660 662/662/662
f 663/663/663 662/662/662 664/664/664
f 665/665/665 663/663/663 664/664/664
f 665/665/665 664/664/664 666/666/666
f 664/664/664 667/667/667 666/666/666
f 666/666/666 667/667/667 668/668/668
f 667/667/667 669/669/669 668/668/668
f 668/668/668 669/669/669 670/670/670
f 669/669/669 671/671/671 670/670/670
f 670/670/670 671/671/671 672/672/672
f 671/671/671 673/673/673 672/672/672
f 673/673/673 674/674/674 672/672/672
f 673/673/673 675/675/675 674/674/674
f 674/674/674 676/676/676 672/672/672
f 677/677/677 672/672/672 676/676/676
f 680/680/680 679/679/679 678/678/678
f 681/681/681 680/680/680 678/678/678
f 682/682/682 680/680/680 681/681/681
f 683/683/683 682/682/682 681/681/681
f 684/684/684 682/682/682 683/683/683
f 685/685/685 682/682/682 684/684/684
f 686/686/686 685/685/685 684/684/684
f 687/687/687 685/685/685 686/686/686
f 688/688/688 685/685/685 687/687/687
f 689/689/689 688/688/688 687/687/687
f 690/690/690 688/688/688 689/689/689
f 691/691/691 689/689/689 687/687/687
f 692/692/692 689/689/689 691/691/691
f 695/695/695 694/694/694 693/693/693
f 694/694/694 696/696/696 693/693/693
f 697/697/697 696/696/696 694/694/694
f 698/698/698 697/697/697 694/694/694
f 699/699/699 697/697/697 698/698/698
f 702/702/702 701/701/701 700/700/700
f 703/703/703 702/702/702 700/700/700
f 706/706/706 705/705/705 704/704/704
f 704/704/704 705/705/705 707/707/707
f 708/708/708 704/704/704 707/707/707
f 709/709/709 704/704/704 708/708/708
f 710/710/710 709/709/709 708/708/708
f 713/713/713 712/712/712 711/711/711
f 714/714/714 713/713/713 711/711/711
f 715/715/715 713/713/713 714/714/714
f 716/716/716 715/715/715 714/714/714
f 719/719/719 718/718/718 717/717/717
f 720/720/720 719/719/719 717/717/717
f 723/723/723 722/722/722 721/721/721
f 722/722/722 724/724/724 721/721/721
f 721/721/721 724/724/724 725/725/725
f 724/724/724 726/726/726 725/725/725
f 727/727/727 721/721/721 725/725/725
f 728/728/728 727/727/727 725/725/725
f 727/727/727 729/729/729 721/721/721
f 732/732/732 731/731/731 730/730/730
f 733/733/733 732/732/732 730/730/730
f 736/736/736 735/735/735 734/734/734
f 737/737/737 736/736/736 734/734/734
f 740/740/740 739/739/739 738/738/738
f 741/741/741 740/740/740 738/738/738
f 744/744/744 743/743/743 742/742/742
f 745/745/745 744/744/744 742/742/742
f 748/748/748 747/747/747 746/746/746
f 748/748/748 746/746/746 749/749/749
f 750/750/750 748/748/748 749/749/749
f 750/750/750 749/749/749 751/751/751
f 752/752/752 750/750/750 751/751/751
f 752/752/752 753/753/753 750/750/750
f 753/753/753 754/754/754 750/750/750
f 754/754/754 755/755/755 750/750/750
f 754/754/754 756/756/756 755/755/755
f 759/759/759 758/758/758 757/757/757
f 758/758/758 760/760/760 757/757/757
f 758/758/758 761/761/761 760/760/760
f 761/761/761 762/762/762 760/760/760
f 761/761/761 763/763/763 762/762/762
f 763/763/763 764/764/764 762/762/762
f 763/763/763 765/765/765 764/764/764
f 765/765/765 766/766/766 764/764/764
f 765/765/765 767/767/767 766/766/766
f 767/767/767 768/768/768 766/766/766
f 767/767/767 769/769/769 768/768/768
f 769/769/769 770/770/770 768/768/768
f 769/769/769 771/771/771 770/770/770
f 771/771/771 772/772/772 770/770/770
f 775/775/775 774/774/774 773/773/773
f 776/776/776 775/775/775 773/773/773
f 779/779/779 778/778/778 777/777/777
f 780/780/780 779/779/779 777/777/777
f 781/781/781 780/780/780 777/777/777
f 782/782/782 780/780/780 781/781/781
f 783/783/783 782/782/782 781/781/781
f 784/784/784 781/781/781 777/777/777
f 781/781/781 784/784/784 785/785/785
f 784/784/784 786/786/786 785/785/785
f 789/789/789 788/788/788 787/787/787
f 790/790/790 789/789/789 787/787/787
f 793/793/793 792/792/792 791/791/791
f 792/792/792 794/794/794 791/791/791
f 792/792/792 795/795/795 794/794/794
f 794/794/794 795/795/795 796/796/796
f 796/796/796 795/795/795 797/797/797
f 797/797/797 795/795/795 798/798/798
f 798/798/798 795/795/795 799/799/799
f 799/799/799 795/795/795 800/800/800
f 800/800/800 795/795/795 801/801/801
f 801/801/801 795/795/795 802/802/802
f 803/803/803 795/795/795 792/792/792
f 804/804/804 803/803/803 792/792/792
f 802/802/802 795/795/795 805/805/805
f 806/806/806 802/802/802 805/805/805
f 806/806/806 807/807/807 802/802/802
f 810/810/810 809/809/809 808/808/808
f 811/811/811 810/810/810 808/808/808
f 814/814/814 813/813/813 812/812/812
f 815/815/815 814/814/814 812/812/812
f 818/818/818 817/817/817 816/816/816
f 817/817/817 819/819/819 816/816/816
f 819/819/819 820/820/820 816/816/816
f 821/821/821 820/820/820 819/819/819
f 821/821/821 822/822/822 820/820/820
f 822/822/822 823/823/823 820/820/820
f 826/826/826 825/825/825 824/824/824
f 825/825/825 827/827/827 824/824/824
f 827/827/827 825/825/825 828/828/828
f 825/825/825 829/829/829 828/828/828
f 830/830/830 827/827/827 828/828/828
f 827/827/827 830/830/830 831/831/831
f 834/834/834 833/833/833 832/832/832
f 833/833/833 835/835/835 832/832/832
f 833/833/833 836/836/836 835/835/835
f 836/836/836 837/837/837 835/835/835
f 836/836/836 838/838/838 837/837/837
f 838/838/838 839/839/839 837/837/837
f 840/840/840 839/839/839 838/838/838
f 841/841/841 840/840/840 838/838/838
f 840/840/840 841/841/841 842/842/842
f 843/843/843 840/840/840 842/842/842
f 843/843/843 842/842/842 844/844/844
f 845/845/845 843/843/843 844/844/844
f 848/848/848 847/847/847 846/846/846
f 849/849/849 847/847/847 848/848/848
f 850/850/850 849/849/849 848/848/848
f 851/851/851 850/850/850 848/848/848
f 852/852/852 851/851/851 848/848/848
f 853/853/853 852/852/852 848/848/848
f 856/856/856 855/855/855 854/854/854
f 857/857/857 856/856/856 854/854/854
f 860/860/860 859/859/859 858/858/858
f 861/861/861 860/860/860 858/858/858
f 864/864/864 863/863/863 862/862/862
f 862/862/862 863/863/863 865/865/865
f 863/863/863 866/866/866 865/865/865
f 867/867/867 865/865/865 866/866/866
f 868/868/868 867/867/867 866/866/866
f 869/869/869 868/868/868 866/866/866
f 870/870/870 869/869/869 866/866/866
f 871/871/871 869/869/869 870/870/870
f 874/874/874 873/873/873 872/872/872
f 875/875/875 874/874/874 872/872/872
f 878/878/878 877/877/877 876/876/876
f 879/879/879 877/877/877 878/878/878
f 880/880/880 879/879/879 878/878/878
f 883/883/883 882/882/882 881/881/881
f 882/882/882 884/884/884 881/881/881
f 885/885/885 884/884/884 882/882/882
f 884/884/884 885/885/885 886/886/886
f 887/887/887 884/884/884 886/886/886
f 890/890/890 889/889/889 888/888/888
f 891/891/891 890/890/890 888/888/888
f 894/894/894 893/893/893 892/892/892
f 893/893/893 895/895/895 892/892/892
f 896/896/896 895/895/895 893/893/893
f 897/897/897 896/896/896 893/893/893
f 898/898/898 896/896/896 897/897/897
f 899/899/899 898/898/898 897/897/897
f 902/902/902 901/901/901 900/900/900
f 903/903/903 902/902/902 900/900/900
f 906/906/906 905/905/905 904/904/904
f 907/907/907 906/906/906 904/904/904
f 910/910/910 909/909/909 908/908/908
f 911/911/911 910/910/910 908/908/908
f 914/914/914 913/913/913 912/912/912
f 913/913/913 915/915/915 912/912/912
f 912/912/912 915/915/915 916/916/916
f 915/915/915 917/917/917 916/916/916
f 916/916/916 917/917/917 918/918/918
f 917/917/917 919/919/919 918/918/918
f 920/920/920 918/918/918 919/919/919
f 921/921/921 920/920/920 919/919/919
f 924/924/924 923/923/923 922/922/922
f 925/925/925 924/924/924 922/922/922
f 928/928/928 927/927/927 926/926/926
f 927/927/927 929/929/929 926/926/926
f 930/930/930 926/926/926 929/929/929
f 929/929/929 931/931/931 930/930/930
f 931/931/931 932/932/932 930/930/930
f 935/935/935 934/934/934 933/933/933
f 934/934/934 936/936/936 933/933/933
f 936/936/936 937/937/937 933/933/933
f 937/937/937 936/936/936 938/938/938
f 939/939/939 937/937/937 938/938/938
f 942/942/942 941/941/941 940/940/940
f 943/943/943 940/940/940 941/941/941
f 943/943/943 941/941/941 944/944/944
f 943/943/943 944/944/944 945/945/945
f 948/948/948 947/947/947 946/946/946
f 947/947/947 949/949/949 946/946/946
f 946/946/946 949/949/949 950/950/950
f 949/949/949 951/951/951 950/950/950
f 954/954/954 953/953/953 952/952/952
f 954/954/954 955/955/955 953/953/953
f 955/955/955 956/956/956 953/953/953
f 955/955/955 957/957/957 956/956/956
f 960/960/960 959/959/959 958/958/958
f 961/961/961 960/960/960 958/958/958
f 962/962/962 961/961/961 958/958/958
f 963/963/963 962/962/962 958/958/958
f 966/966/966 965/965/965 964/964/964
f 965/965/965 967/967/967 964/964/964
f 967/967/967 968/968/968 964/964/964
f 968/968/968 969/969/969 964/964/964
f 972/972/972 971/971/971 970/970/970
f 973/973/973 972/972/972 970/970/970
f 976/976/976 975/975/975 974/974/974
f 976/976/976 977/977/977 975/975/975
f 977/977/977 978/978/978 975/975/975
f 977/977/977 979/979/979 978/978/978
f 979/979/979 980/980/980 978/978/978
f 980/980/980 981/981/981 978/978/978
f 981/981/981 982/982/982 978/978/978
f 981/981/981 983/983/983 982/982/982
f 986/986/986 985/985/985 984/984/984
f 987/987/987 986/986/986 984/984/984
f 988/988/988 986/986/986 987/987/987
f 984/984/984 989/989/989 987/987/987
f 990/990/990 988/988/988 987/987/987
f 987/987/987 989/989/989 990/990/990
f 991/991/991 988/988/988 990/990/990
f 992/992/992 991/991/991 990/990/990
f 990/990/990 989/989/989 992/992/992
f 991/991/991 992/992/992 993/993/993
f 992/992/992 989/989/989 993/993/993
f 994/994/994 991/991/991 993/993/993
f 993/993/993 989/989/989 995/995/995
f 994/994/994 993/993/993 995/995/995
f 995/995/995 989/989/989 996/996/996
f 997/997/997 994/994/994 995/995/995
f 996/996/996 998/998/998 995/995/995
f 998/998/998 997/997/997 995/995/995
f 1001/1001/1001 1000/1000/1000 999/999/999
f 1002/1002/1002 1001/1001/1001 999/999/999
f 1005/1005/1005 1004/1004/1004 1003/1003/1003
f 1006/1006/1006 1005/1005/1005 1003/1003/1003
f 1009/1009/1009 1008/1008/1008 1007/1007/1007
f 1010/1010/1010 1009/1009/1009 1007/1007/1007
f 1013/1013/1013 1012/1012/1012 1011/1011/1011
f 1014/1014/1014 1013/1013/1013 1011/1011/1011
f 1017/1017/1017 1016/1016/1016 1015/1015/1015
f 1018/1018/1018 1017/1017/1017 1015/1015/1015
f 1021/1021/1021 1020/1020/1020 1019/1019/1019
f 1020/1020/1020 1022/1022/1022 1019/1019/1019
f 1019/1019/1019 1022/1022/1022 1023/1023/1023
f 1022/1022/1022 1024/1024/1024 1023/1023/1023
f 1023/1023/1023 1024/1024/1024 1025/1025/1025
f 1024/1024/1024 1026/1026/1026 1025/1025/1025
f 1027/1027/1027 1025/1025/1025 1026/1026/1026
f 1028/1028/1028 1027/1027/1027 1026/1026/1026
f 1031/1031/1031 1030/1030/1030 1029/1029/1029
f 1032/1032/1032 1031/1031/1031 1029/1029/1029
f 1035/1035/1035 1034/1034/1034 1033/1033/1033
f 1034/1034/1034 1036/1036/1036 1033/1033/1033
f 1037/1037/1037 1033/1033/1033 1036/1036/1036
f 1036/1036/1036 1038/1038/1038 1037/1037/1037
f 1038/1038/1038 1039/1039/1039 1037/1037/1037
f 1042/1042/1042 1041/1041/1041 1040/1040/1040
f 1041/1041/1041 1043/1043/1043 1040/1040/1040
f 1043/1043/1043 1044/1044/1044 1040/1040/1040
f 1044/1044/1044 1043/1043/1043 1045/1045/1045
f 1046/1046/1046 1044/1044/1044 1045/1045/1045
f 1049/1049/1049 1048/1048/1048 1047/1047/1047
f 1050/1050/1050 1047/1047/1047 1048/1048/1048
f 1050/1050/1050 1048/1048/1048 1051/1051/1051
f 1050/1050/1050 1051/1051/1051 1052/1052/1052
f 1055/1055/1055 1054/1054/1054 1053/1053/1053
f 1054/1054/1054 1056/1056/1056 1053/1053/1053
f 1053/1053/1053 1056/1056/1056 1057/1057/1057
f 1056/1056/1056 1058/1058/1058 1057/1057/1057
f 1061/1061/1061 1060/1060/1060 1059/1059/1059
f 1061/1061/1061 1062/1062/1062 1060/1060/1060
f 1062/1062/1062 1063/1063/1063 1060/1060/1060
f 1064/1064/1064 1063/1063/1063 1062/1062/1062
f 1067/1067/1067 1066/1066/1066 1065/1065/1065
f 1068/1068/1068 1067/1067/1067 1065/1065/1065
f 1069/1069/1069 1068/1068/1068 1065/1065/1065
f 1070/1070/1070 1069/1069/1069 1065/1065/1065
f 1073/1073/1073 1072/1072/1072 1071/1071/1071
f 1072/1072/1072 1074/1074/1074 1071/1071/1071
f 1074/1074/1074 1075/1075/1075 1071/1071/1071
f 1075/1075/1075 1076/1076/1076 1071/1071/1071
f 1079/1079/1079 1078/1078/1078 1077/1077/1077
f 1080/1080/1080 1079/1079/1079 1077/1077/1077
f 1083/1083/1083 1082/1082/1082 1081/1081/1081
f 1083/1083/1083 1084/1084/1084 1082/1082/1082
f 1084/1084/1084 1085/1085/1085 1082/1082/1082
f 1084/1084/1084 1086/1086/1086 1085/1085/1085
f 1086/1086/1086 1087/1087/1087 1085/1085/1085
f 1087/1087/1087 1088/1088/1088 1085/1085/1085
f 1088/1088/1088 1089/1089/1089 1085/1085/1085
f 1088/1088/1088 1090/1090/1090 1089/1089/1089
f 1093/1093/1093 1092/1092/1092 1091/1091/1091
f 1094/1094/1094 1093/1093/1093 1091/1091/1091
f 1095/1095/1095 1093/1093/1093 1094/1094/1094
f 1091/1091/1091 1096/1096/1096 1094/1094/1094
f 1097/1097/1097 1095/1095/1095 1094/1094/1094
f 1094/1094/1094 1096/1096/1096 1097/1097/1097
f 1098/1098/1098 1095/1095/1095 1097/1097/1097
f 1099/1099/1099 1098/1098/1098 1097/1097/1097
f 1097/1097/1097 1096/1096/1096 1099/1099/1099
f 1098/1098/1098 1099/1099/1099 1100/1100/1100
f 1099/1099/1099 1096/1096/1096 1100/1100/1100
f 1101/1101/1101 1098/1098/1098 1100/1100/1100
f 1100/1100/1100 1096/1096/1096 1102/1102/1102
f 1101/1101/1101 1100/1100/1100 1102/1102/1102
f 1102/1102/1102 1096/1096/1096 1103/1103/1103
f 1104/1104/1104 1101/1101/1101 1102/1102/1102
f 1103/1103/1103 1105/1105/1105 1102/1102/1102
f 1105/1105/1105 1104/1104/1104 1102/1102/1102
f 1108/1108/1108 1107/1107/1107 1106/1106/1106
f 1109/1109/1109 1108/1108/1108 1106/1106/1106
f 1112/1112/1112 1111/1111/1111 1110/1110/1110
f 1113/1113/1113 1112/1112/1112 1110/1110/1110
f 1116/1116/1116 1115/1115/1115 1114/1114/1114
f 1117/1117/1117 1115/1115/1115 1116/1116/1116
f 1118/1118/1118 1117/1117/1117 1116/1116/1116
f 1117/1117/1117 1119/1119/1119 1115/1115/1115
f 1120/1120/1120 1118/1118/1118 1116/1116/1116
f 1121/1121/1121 1115/1115/1115 1119/1119/1119
f 1122/1122/1122 1121/1121/1121 1119/1119/1119
f 1123/1123/1123 1115/1115/1115 1121/1121/1121
f 1124/1124/1124 1123/1123/1123 1121/1121/1121
f 1122/1122/1122 1125/1125/1125 1121/1121/1121
f 1125/1125/1125 1126/1126/1126 1121/1121/1121
f 1120/1120/1120 1116/1116/1116 1127/1127/1127
f 1128/1128/1128 1120/1120/1120 1127/1127/1127
f 1128/1128/1128 1127/1127/1127 1129/1129/1129
f 1127/1127/1127 1116/1116/1116 1130/1130/1130
f 1127/1127/1127 1131/1131/1131 1129/1129/1129
f 1130/1130/1130 1116/1116/1116 1132/1132/1132
f 1129/1129/1129 1131/1131/1131 1133/1133/1133
f 1134/1134/1134 1129/1129/1129 1133/1133/1133
f 1133/1133/1133 1131/1131/1131 1135/1135/1135
f 1133/1133/1133 1136/1136/1136 1134/1134/1134
f 1136/1136/1136 1137/1137/1137 1134/1134/1134
f 1136/1136/1136 1138/1138/1138 1137/1137/1137
f 1139/1139/1139 1133/1133/1133 1135/1135/1135
f 1138/1138/1138 1140/1140/1140 1137/1137/1137
f 1139/1139/1139 1135/1135/1135 1141/1141/1141
f 1141/1141/1141 1142/1142/1142 1139/1139/1139
f 1143/1143/1143 1140/1140/1140 1138/1138/1138
f 1138/1138/1138 1144/1144/1144 1143/1143/1143
f 1135/1135/1135 1145/1145/1145 1141/1141/1141
f 1135/1135/1135 1146/1146/1146 1145/1145/1145
f 1147/1147/1147 1140/1140/1140 1143/1143/1143
f 1140/1140/1140 1147/1147/1147 1148/1148/1148
f 1141/1141/1141 1145/1145/1145 1148/1148/1148
f 1149/1149/1149 1147/1147/1147 1143/1143/1143
f 1149/1149/1149 1143/1143/1143 1150/1150/1150
f 1143/1143/1143 1141/1141/1141 1150/1150/1150
f 1151/1151/1151 1150/1150/1150 1141/1141/1141
f 1147/1147/1147 1151/1151/1151 1148/1148/1148
f 1148/1148/1148 1151/1151/1151 1141/1141/1141
f 1152/1152/1152 1148/1148/1148 1145/1145/1145
f 1148/1148/1148 1152/1152/1152 1153/1153/1153
f 1154/1154/1154 1152/1152/1152 1145/1145/1145
f 1154/1154/1154 1145/1145/1145 1155/1155/1155
f 1145/1145/1145 1156/1156/1156 1155/1155/1155
f 1152/1152/1152 1157/1157/1157 1153/1153/1153
f 1157/1157/1157 1155/1155/1155 1156/1156/1156
f 1153/1153/1153 1157/1157/1157 1156/1156/1156
f 1132/1132/1132 1153/1153/1153 1156/1156/1156
f 1153/1153/1153 1132/1132/1132 1158/1158/1158
f 1132/1132/1132 1159/1159/1159 1158/1158/1158
f 1132/1132/1132 1156/1156/1156 1130/1130/1130
f 1160/1160/1160 1130/1130/1130 1156/1156/1156
f 1163/1163/1163 1162/1162/1162 1161/1161/1161
f 1164/1164/1164 1163/1163/1163 1161/1161/1161
f 1163/1163/1163 1164/1164/1164 1165/1165/1165
f 1163/1163/1163 1165/1165/1165 1166/1166/1166
f 1169/1169/1169 1168/1168/1168 1167/1167/1167
f 1168/1168/1168 1170/1170/1170 1167/1167/1167
f 1168/1168/1168 1171/1171/1171 1170/1170/1170
f 1171/1171/1171 1172/1172/1172 1170/1170/1170
f 1171/1171/1171 1173/1173/1173 1172/1172/1172
f 1173/1173/1173 1174/1174/1174 1172/1172/1172
f 1173/1173/1173 1175/1175/1175 1174/1174/1174
f 1175/1175/1175 1176/1176/1176 1174/1174/1174
f 1175/1175/1175 1177/1177/1177 1176/1176/1176
f 1177/1177/1177 1178/1178/1178 1176/1176/1176
f 1179/1179/1179 1178/1178/1178 1177/1177/1177
f 1180/1180/1180 1179/1179/1179 1177/1177/1177
f 1183/1183/1183 1182/1182/1182 1181/1181/1181
f 1181/1181/1181 1184/1184/1184 1183/1183/1183
f 1184/1184/1184 1185/1185/1185 1183/1183/1183
f 1185/1185/1185 1184/1184/1184 1186/1186/1186
f 1184/1184/1184 1187/1187/1187 1186/1186/1186
f 1188/1188/1188 1186/1186/1186 1187/1187/1187
f 1189/1189/1189 1188/1188/1188 1187/1187/1187
f 1189/1189/1189 1190/1190/1190 1188/1188/1188
f 1190/1190/1190 1191/1191/1191 1188/1188/1188
f 1190/1190/1190 1192/1192/1192 1191/1191/1191
f 1192/1192/1192 1193/1193/1193 1191/1191/1191
f 1192/1192/1192 1194/1194/1194 1193/1193/1193
f 1194/1194/1194 1195/1195/1195 1193/1193/1193
f 1194/1194/1194 1196/1196/1196 1195/1195/1195
f 1196/1196/1196 1197/1197/1197 1195/1195/1195
f 1196/1196/1196 1198/1198/1198 1197/1197/1197
f 1198/1198/1198 1199/1199/1199 1197/1197/1197
f 1198/1198/1198 1200/1200/1200 1199/1199/1199
f 1200/1200/1200 1201/1201/1201 1199/1199/1199
f 1200/1200/1200 1202/1202/1202 1201/1201/1201
f 1202/1202/1202 1203/1203/1203 1201/1201/1201
f 1202/1202/1202 1204/1204/1204 1203/1203/1203
f 1204/1204/1204 1205/1205/1205 1203/1203/1203
f 1205/1205/1205 1204/1204/1204 1206/1206/1206
f 1204/1204/1204 1207/1207/1207 1206/1206/1206
f 1210/1210/1210 1209/1209/1209 1208/1208/1208
f 1208/1208/1208 1209/1209/1209 1211/1211/1211
f 1212/1212/1212 1208/1208/1208 1211/1211/1211
f 1211/1211/1211 1213/1213/1213 1212/1212/1212
f 1213/1213/1213 1214/1214/1214 1212/1212/1212
f 1214/1214/1214 1215/1215/1215 1212/1212/1212
f 1215/1215/1215 1214/1214/1214 1216/1216/1216
f 1217/1217/1217 1215/1215/1215 1216/1216/1216
f 1217/1217/1217 1216/1216/1216 1218/1218/1218
f 1219/1219/1219 1217/1217/1217 1218/1218/1218
f 1219/1219/1219 1218/1218/1218 1220/1220/1220
f 1221/1221/1221 1219/1219/1219 1220/1220/1220
f 1221/1221/1221 1220/1220/1220 1222/1222/1222
f 1223/1223/1223 1221/1221/1221 1222/1222/1222
f 1223/1223/1223 1222/1222/1222 1224/1224/1224
f 1225/1225/1225 1223/1223/1223 1224/1224/1224
f 1225/1225/1225 1224/1224/1224 1226/1226/1226
f 1227/1227/1227 1225/1225/1225 1226/1226/1226
f 1227/1227/1227 1226/1226/1226 1228/1228/1228
f 1229/1229/1229 1227/1227/1227 1228/1228/1228
f 1229/1229/1229 1228/1228/1228 1230/1230/1230
f 1231/1231/1231 1229/1229/1229 1230/1230/1230
f 1234/1234/1234 1233/1233/1233 1232/1232/1232
f 1235/1235/1235 1234/1234/1234 1232/1232/1232
f 1238/1238/1238 1237/1237/1237 1236/1236/1236
f 1239/1239/1239 1238/1238/1238 1236/1236/1236
f 1239/1239/1239 1240/1240/1240 1238/1238/1238
f 1239/1239/1239 1236/1236/1236 1241/1241/1241
f 1236/1236/1236 1242/1242/1242 1241/1241/1241
f 1243/1243/1243 1240/1240/1240 1239/1239/1239
f 1243/1243/1243 1244/1244/1244 1240/1240/1240
f 1242/1242/1242 1245/1245/1245 1241/1241/1241
f 1246/1246/1246 1245/1245/1245 1242/1242/1242
f 1247/1247/1247 1245/1245/1245 1246/1246/1246
f 1248/1248/1248 1247/1247/1247 1246/1246/1246
f 1241/1241/1241 1249/1249/1249 1239/1239/1239
f 1249/1249/1249 1243/1243/1243 1239/1239/1239
f 1241/1241/1241 1245/1245/1245 1250/1250/1250
f 1245/1245/1245 1247/1247/1247 1250/1250/1250
f 1249/1249/1249 1241/1241/1241 1250/1250/1250
f 1251/1251/1251 1244/1244/1244 1243/1243/1243
f 1251/1251/1251 1252/1252/1252 1244/1244/1244
f 1247/1247/1247 1248/1248/1248 1253/1253/1253
f 1248/1248/1248 1254/1254/1254 1253/1253/1253
f 1255/1255/1255 1247/1247/1247 1253/1253/1253
f 1255/1255/1255 1256/1256/1256 1247/1247/1247
f 1257/1257/1257 1247/1247/1247 1256/1256/1256
f 1250/1250/1250 1247/1247/1247 1257/1257/1257
f 1256/1256/1256 1258/1258/1258 1257/1257/1257
f 1249/1249/1249 1250/1250/1250 1259/1259/1259
f 1250/1250/1250 1257/1257/1257 1259/1259/1259
f 1249/1249/1249 1260/1260/1260 1243/1243/1243
f 1260/1260/1260 1251/1251/1251 1243/1243/1243
f 1260/1260/1260 1249/1249/1249 1259/1259/1259
f 1261/1261/1261 1257/1257/1257 1258/1258/1258
f 1259/1259/1259 1257/1257/1257 1261/1261/1261
f 1258/1258/1258 1262/1262/1262 1261/1261/1261
f 1260/1260/1260 1259/1259/1259 1263/1263/1263
f 1259/1259/1259 1261/1261/1261 1263/1263/1263
f 1264/1264/1264 1261/1261/1261 1262/1262/1262
f 1263/1263/1263 1261/1261/1261 1264/1264/1264
f 1262/1262/1262 1265/1265/1265 1264/1264/1264
f 1260/1260/1260 1266/1266/1266 1251/1251/1251
f 1266/1266/1266 1260/1260/1260 1263/1263/1263
f 1267/1267/1267 1264/1264/1264 1265/1265/1265
f 1267/1267/1267 1265/1265/1265 1268/1268/1268
f 1266/1266/1266 1269/1269/1269 1251/1251/1251
f 1269/1269/1269 1252/1252/1252 1251/1251/1251
f 1269/1269/1269 1270/1270/1270 1252/1252/1252
f 1271/1271/1271 1266/1266/1266 1263/1263/1263
f 1266/1266/1266 1271/1271/1271 1269/1269/1269
f 1263/1263/1263 1264/1264/1264 1272/1272/1272
f 1272/1272/1272 1264/1264/1264 1267/1267/1267
f 1272/1272/1272 1271/1271/1271 1263/1263/1263
f 1273/1273/1273 1270/1270/1270 1269/1269/1269
f 1273/1273/1273 1268/1268/1268 1270/1270/1270
f 1271/1271/1271 1273/1273/1273 1269/1269/1269
f 1272/1272/1272 1274/1274/1274 1271/1271/1271
f 1272/1272/1272 1267/1267/1267 1274/1274/1274
f 1271/1271/1271 1274/1274/1274 1273/1273/1273
f 1275/1275/1275 1268/1268/1268 1273/1273/1273
f 1275/1275/1275 1267/1267/1267 1268/1268/1268
f 1274/1274/1274 1275/1275/1275 1273/1273/1273
f 1274/1274/1274 1267/1267/1267 1275/1275/1275
f 1278/1278/1278 1277/1277/1277 1276/1276/1276
f 1279/1279/1279 1278/1278/1278 1276/1276/1276
f 1279/1279/1279 1276/1276/1276 1280/1280/1280
f 1281/1281/1281 1279/1279/1279 1280/1280/1280
f 1284/1284/1284 1283/1283/1283 1282/1282/1282
f 1283/1283/1283 1285/1285/1285 1282/1282/1282
f 1283/1283/1283 1286/1286/1286 1285/1285/1285
f 1283/1283/1283 1287/1287/1287 1286/1286/1286
f 1283/1283/1283 1288/1288/1288 1287/1287/1287
f 1283/1283/1283 1289/1289/1289 1288/1288/1288
f 1283/1283/1283 1290/1290/1290 1289/1289/1289
f 1283/1283/1283 1291/1291/1291 1290/1290/1290
f 1290/1290/1290 1292/1292/1292 1289/1289/1289
f 1290/1290/1290 1293/1293/1293 1292/1292/1292
f 1296/1296/1296 1295/1295/1295 1294/1294/1294
f 1296/1296/1296 1297/1297/1297 1295/1295/1295
f 1297/1297/1297 1298/1298/1298 1295/1295/1295
f 1297/1297/1297 1299/1299/1299 1298/1298/1298
f 1302/1302/1302 1301/1301/1301 1300/1300/1300
f 1303/1303/1303 1302/1302/1302 1300/1300/1300
f 1306/1306/1306 1305/1305/1305 1304/1304/1304
f 1305/1305/1305 1306/1306/1306 1307/1307/1307
f 1306/1306/1306 1308/1308/1308 1307/1307/1307
f 1308/1308/1308 1306/1306/1306 1309/1309/1309
f 1310/1310/1310 1308/1308/1308 1309/1309/1309
f 1313/1313/1313 1312/1312/1312 1311/1311/1311
f 1314/1314/1314 1313/1313/1313 1311/1311/1311
f 1314/1314/1314 1311/1311/1311 1315/1315/1315
f 1316/1316/1316 1314/1314/1314 1315/1315/1315
f 1319/1319/1319 1318/1318/1318 1317/1317/1317
f 1320/1320/1320 1319/1319/1319 1317/1317/1317
f 1323/1323/1323 1322/1322/1322 1321/1321/1321
f 1324/1324/1324 1323/1323/1323 1321/1321/1321
f 1325/1325/1325 1324/1324/1324 1321/1321/1321
f 1325/1325/1325 1326/1326/1326 1324/1324/1324
f 1327/1327/1327 1325/1325/1325 1321/1321/1321
f 1327/1327/1327 1321/1321/1321 1328/1328/1328
f 1329/1329/1329 1325/1325/1325 1327/1327/1327
f 1332/1332/1332 1331/1331/1331 1330/1330/1330
f 1333/1333/1333 1332/1332/1332 1330/1330/1330
f 1336/1336/1336 1335/1335/1335 1334/1334/1334
f 1337/1337/1337 1336/1336/1336 1334/1334/1334
f 1340/1340/1340 1339/1339/1339 1338/1338/1338
f 1341/1341/1341 1340/1340/1340 1338/1338/1338
f 1344/1344/1344 1343/1343/1343 1342/1342/1342
f 1345/1345/1345 1344/1344/1344 1342/1342/1342
f 1348/1348/1348 1347/1347/1347 1346/1346/1346
f 1346/1346/1346 1347/1347/1347 1349/1349/1349
f 1347/1347/1347 1350/1350/1350 1349/1349/1349
f 1349/1349/1349 1350/1350/1350 1351/1351/1351
f 1350/1350/1350 1352/1352/1352 1351/1351/1351
f 1353/1353/1353 1352/1352/1352 1350/1350/1350
f 1354/1354/1354 1353/1353/1353 1350/1350/1350
f 1355/1355/1355 1354/1354/1354 1350/1350/1350
f 1356/1356/1356 1354/1354/1354 1355/1355/1355
f 1359/1359/1359 1358/1358/1358 1357/1357/1357
f 1360/1360/1360 1359/1359/1359 1357/1357/1357
f 1361/1361/1361 1359/1359/1359 1360/1360/1360
f 1362/1362/1362 1361/1361/1361 1360/1360/1360
f 1363/1363/1363 1361/1361/1361 1362/1362/1362
f 1364/1364/1364 1363/1363/1363 1362/1362/1362
f 1365/1365/1365 1363/1363/1363 1364/1364/1364
f 1366/1366/1366 1365/1365/1365 1364/1364/1364
f 1367/1367/1367 1365/1365/1365 1366/1366/1366
f 1368/1368/1368 1367/1367/1367 1366/1366/1366
f 1369/1369/1369 1367/1367/1367 1368/1368/1368
f 1370/1370/1370 1369/1369/1369 1368/1368/1368
f 1371/1371/1371 1369/1369/1369 1370/1370/1370
f 1372/1372/1372 1371/1371/1371 1370/1370/1370
f 1375/1375/1375 1374/1374/1374 1373/1373/1373
f 1376/1376/1376 1375/1375/1375 1373/1373/1373
f 1379/1379/1379 1378/1378/1378 1377/1377/1377
f 1378/1378/1378 1380/1380/1380 1377/1377/1377
f 1380/1380/1380 1381/1381/1381 1377/1377/1377
f 1380/1380/1380 1382/1382/1382 1381/1381/1381
f 1382/1382/1382 1383/1383/1383 1381/1381/1381
f 1381/1381/1381 1384/1384/1384 1377/1377/1377
f 1381/1381/1381 1385/1385/1385 1384/1384/1384
f 1385/1385/1385 1386/1386/1386 1384/1384/1384
f 1389/1389/1389 1388/1388/1388 1387/1387/1387
f 1390/1390/1390 1389/1389/1389 1387/1387/1387
f 1393/1393/1393 1392/1392/1392 1391/1391/1391
f 1394/1394/1394 1393/1393/1393 1391/1391/1391
f 1395/1395/1395 1393/1393/1393 1394/1394/1394
f 1395/1395/1395 1394/1394/1394 1396/1396/1396
f 1395/1395/1395 1396/1396/1396 1397/1397/1397
f 1395/1395/1395 1397/1397/1397 1398/1398/1398
f 1395/1395/1395 1398/1398/1398 1399/1399/1399
f 1395/1395/1395 1399/1399/1399 1400/1400/1400
f 1395/1395/1395 1400/1400/1400 1401/1401/1401
f 1395/1395/1395 1401/1401/1401 1402/1402/1402
f 1395/1395/1395 1403/1403/1403 1393/1393/1393
f 1403/1403/1403 1404/1404/1404 1393/1393/1393
f 1405/1405/1405 1395/1395/1395 1402/1402/1402
f 1405/1405/1405 1402/1402/1402 1406/1406/1406
f 1402/1402/1402 1407/1407/1407 1406/1406/1406
f 1410/1410/1410 1409/1409/1409 1408/1408/1408
f 1411/1411/1411 1410/1410/1410 1408/1408/1408
f 1414/1414/1414 1413/1413/1413 1412/1412/1412
f 1415/1415/1415 1414/1414/1414 1412/1412/1412
f 1418/1418/1418 1417/1417/1417 1416/1416/1416
f 1419/1419/1419 1418/1418/1418 1416/1416/1416
f 1420/1420/1420 1419/1419/1419 1416/1416/1416
f 1420/1420/1420 1421/1421/1421 1419/1419/1419
f 1422/1422/1422 1421/1421/1421 1420/1420/1420
f 1423/1423/1423 1422/1422/1422 1420/1420/1420
f 1426/1426/1426 1425/1425/1425 1424/1424/1424
f 1427/1427/1427 1426/1426/1426 1424/1424/1424
f 1428/1428/1428 1426/1426/1426 1427/1427/1427
f 1429/1429/1429 1426/1426/1426 1428/1428/1428
f 1430/1430/1430 1428/1428/1428 1427/1427/1427
f 1427/1427/1427 1431/1431/1431 1430/1430/1430
f 1434/1434/1434 1433/1433/1433 1432/1432/1432
f 1435/1435/1435 1434/1434/1434 1432/1432/1432
f 1436/1436/1436 1434/1434/1434 1435/1435/1435
f 1437/1437/1437 1436/1436/1436 1435/1435/1435
f 1438/1438/1438 1436/1436/1436 1437/1437/1437
f 1439/1439/1439 1438/1438/1438 1437/1437/1437
f 1439/1439/1439 1440/1440/1440 1438/1438/1438
f 1440/1440/1440 1441/1441/1441 1438/1438/1438
f 1441/1441/1441 1440/1440/1440 1442/1442/1442
f 1440/1440/1440 1443/1443/1443 1442/1442/1442
f 1442/1442/1442 1443/1443/1443 1444/1444/1444
f 1443/1443/1443 1445/1445/1445 1444/1444/1444
f 1448/1448/1448 1447/1447/1447 1446/1446/1446
f 1448/1448/1448 1449/1449/1449 1447/1447/1447
f 1449/1449/1449 1450/1450/1450 1447/1447/1447
f 1450/1450/1450 1451/1451/1451 1447/1447/1447
f 1451/1451/1451 1452/1452/1452 1447/1447/1447
f 1452/1452/1452 1453/1453/1453 1447/1447/1447
f 1456/1456/1456 1455/1455/1455 1454/1454/1454
f 1457/1457/1457 1456/1456/1456 1454/1454/1454
f 1460/1460/1460 1459/1459/1459 1458/1458/1458
f 1461/1461/1461 1460/1460/1460 1458/1458/1458
f 1464/1464/1464 1463/1463/1463 1462/1462/1462
f 1462/1462/1462 1465/1465/1465 1464/1464/1464
f 1465/1465/1465 1466/1466/1466 1464/1464/1464
f 1465/1465/1465 1467/1467/1467 1466/1466/1466
f 1467/1467/1467 1468/1468/1468 1466/1466/1466
f 1468/1468/1468 1469/1469/1469 1466/1466/1466
f 1469/1469/1469 1470/1470/1470 1466/1466/1466
f 1469/1469/1469 1471/1471/1471 1470/1470/1470
f 1474/1474/1474 1473/1473/1473 1472/1472/1472
f 1475/1475/1475 1474/1474/1474 1472/1472/1472
f 1478/1478/1478 1477/1477/1477 1476/1476/1476
f 1478/1478/1478 1479/1479/1479 1477/1477/1477
f 1479/1479/1479 1480/1480/1480 1477/1477/1477
f 1483/1483/1483 1482/1482/1482 1481/1481/1481
f 1484/1484/1484 1483/1483/1483 1481/1481/1481
f 1484/1484/1484 1485/1485/1485 1483/1483/1483
f 1486/1486/1486 1485/1485/1485 1484/1484/1484
f 1487/1487/1487 1486/1486/1486 1484/1484/1484
f 1490/1490/1490 1489/1489/1489 1488/1488/1488
f 1491/1491/1491 1490/1490/1490 1488/1488/1488
f 1494/1494/1494 1493/1493/1493 1492/1492/1492
f 1495/1495/1495 1494/1494/1494 1492/1492/1492
f 1495/1495/1495 1496/1496/1496 1494/1494/1494
f 1496/1496/1496 1497/1497/1497 1494/1494/1494
f 1496/1496/1496 1498/1498/1498 1497/1497/1497
f 1498/1498/1498 1499/1499/1499 1497/1497/1497
f 1502/1502/1502 1501/1501/1501 1500/1500/1500
f 1503/1503/1503 1502/1502/1502 1500/1500/1500
f 1506/1506/1506 1505/1505/1505 1504/1504/1504
f 1507/1507/1507 1506/1506/1506 1504/1504/1504
f 1510/1510/1510 1509/1509/1509 1508/1508/1508
f 1511/1511/1511 1510/1510/1510 1508/1508/1508
f 1514/1514/1514 1513/1513/1513 1512/1512/1512
f 1515/1515/1515 1514/1514/1514 1512/1512/1512
f 1512/1512/1512 1516/1516/1516 1515/1515/1515
f 1516/1516/1516 1517/1517/1517 1515/1515/1515
f 1516/1516/1516 1518/1518/1518 1517/1517/1517
f 1518/1518/1518 1519/1519/1519 1517/1517/1517
f 1519/1519/1519 1518/1518/1518 1520/1520/1520
f 1521/1521/1521 1519/1519/1519 1520/1520/1520
f 1524/1524/1524 1523/1523/1523 1522/1522/1522
f 1525/1525/1525 1524/1524/1524 1522/1522/1522
f 1528/1528/1528 1527/1527/1527 1526/1526/1526
f 1527/1527/1527 1529/1529/1529 1526/1526/1526
f 1527/1527/1527 1530/1530/1530 1529/1529/1529
f 1531/1531/1531 1529/1529/1529 1530/1530/1530
f 1532/1532/1532 1531/1531/1531 1530/1530/1530
f 1535/1535/1535 1534/1534/1534 1533/1533/1533
f 1536/1536/1536 1535/1535/1535 1533/1533/1533
f 1537/1537/1537 1536/1536/1536 1533/1533/1533
f 1536/1536/1536 1537/1537/1537 1538/1538/1538
f 1537/1537/1537 1539/1539/1539 1538/1538/1538
f 1542/1542/1542 1541/1541/1541 1540/1540/1540
f 1540/1540/1540 1543/1543/1543 1542/1542/1542
f 1542/1542/1542 1543/1543/1543 1544/1544/1544
f 1544/1544/1544 1543/1543/1543 1545/1545/1545
f 1548/1548/1548 1547/1547/1547 1546/1546/1546
f 1547/1547/1547 1549/1549/1549 1546/1546/1546
f 1547/1547/1547 1550/1550/1550 1549/1549/1549
f 1550/1550/1550 1551/1551/1551 1549/1549/1549
f 1554/1554/1554 1553/1553/1553 1552/1552/1552
f 1555/1555/1555 1553/1553/1553 1554/1554/1554
f 1556/1556/1556 1555/1555/1555 1554/1554/1554
f 1557/1557/1557 1555/1555/1555 1556/1556/1556
f 1560/1560/1560 1559/1559/1559 1558/1558/1558
f 1561/1561/1561 1560/1560/1560 1558/1558/1558
f 1560/1560/1560 1561/1561/1561 1562/1562/1562
f 1563/1563/1563 1560/1560/1560 1562/1562/1562
f 1566/1566/1566 1565/1565/1565 1564/1564/1564
f 1567/1567/1567 1566/1566/1566 1564/1564/1564
f 1568/1568/1568 1567/1567/1567 1564/1564/1564
f 1569/1569/1569 1568/1568/1568 1564/1564/1564
f 1572/1572/1572 1571/1571/1571 1570/1570/1570
f 1573/1573/1573 1572/1572/1572 1570/1570/1570
f 1576/1576/1576 1575/1575/1575 1574/1574/1574
f 1577/1577/1577 1575/1575/1575 1576/1576/1576
f 1578/1578/1578 1577/1577/1577 1576/1576/1576
f 1579/1579/1579 1577/1577/1577 1578/1578/1578
f 1580/1580/1580 1579/1579/1579 1578/1578/1578
f 1581/1581/1581 1580/1580/1580 1578/1578/1578
f 1582/1582/1582 1581/1581/1581 1578/1578/1578
f 1583/1583/1583 1581/1581/1581 1582/1582/1582
f 1586/1586/1586 1585/1585/1585 1584/1584/1584
f 1585/1585/1585 1587/1587/1587 1584/1584/1584
f 1585/1585/1585 1588/1588/1588 1587/1587/1587
f 1589/1589/1589 1584/1584/1584 1587/1587/1587
f 1588/1588/1588 1590/1590/1590 1587/1587/1587
f 1589/1589/1589 1587/1587/1587 1590/1590/1590
f 1588/1588/1588 1591/1591/1591 1590/1590/1590
f 1591/1591/1591 1592/1592/1592 1590/1590/1590
f 1589/1589/1589 1590/1590/1590 1592/1592/1592
f 1593/1593/1593 1592/1592/1592 1591/1591/1591
f 1589/1589/1589 1592/1592/1592 1593/1593/1593
f 1594/1594/1594 1593/1593/1593 1591/1591/1591
f 1589/1589/1589 1593/1593/1593 1595/1595/1595
f 1595/1595/1595 1593/1593/1593 1594/1594/1594
f 1589/1589/1589 1595/1595/1595 1596/1596/1596
f 1597/1597/1597 1595/1595/1595 1594/1594/1594
f 1598/1598/1598 1596/1596/1596 1595/1595/1595
f 1597/1597/1597 1598/1598/1598 1595/1595/1595
f 1601/1601/1601 1600/1600/1600 1599/1599/1599
f 1602/1602/1602 1601/1601/1601 1599/1599/1599
f 1605/1605/1605 1604/1604/1604 1603/1603/1603
f 1606/1606/1606 1605/1605/1605 1603/1603/1603
f 1609/1609/1609 1608/1608/1608 1607/1607/1607
f 1610/1610/1610 1609/1609/1609 1607/1607/1607
f 1613/1613/1613 1612/1612/1612 1611/1611/1611
f 1614/1614/1614 1613/1613/1613 1611/1611/1611
f 1617/1617/1617 1616/1616/1616 1615/1615/1615
f 1618/1618/1618 1617/1617/1617 1615/1615/1615
f 1621/1621/1621 1620/1620/1620 1619/1619/1619
f 1622/1622/1622 1621/1621/1621 1619/1619/1619
f 1619/1619/1619 1623/1623/1623 1622/1622/1622
f 1623/1623/1623 1624/1624/1624 1622/1622/1622
f 1623/1623/1623 1625/1625/1625 1624/1624/1624
f 1625/1625/1625 1626/1626/1626 1624/1624/1624
f 1626/1626/1626 1625/1625/1625 1627/1627/1627
f 1628/1628/1628 1626/1626/1626 1627/1627/1627
f 1631/1631/1631 1630/1630/1630 1629/1629/1629
f 1632/1632/1632 1631/1631/1631 1629/1629/1629
f 1635/1635/1635 1634/1634/1634 1633/1633/1633
f 1634/1634/1634 1636/1636/1636 1633/1633/1633
f 1634/1634/1634 1637/1637/1637 1636/1636/1636
f 1638/1638/1638 1636/1636/1636 1637/1637/1637
f 1639/1639/1639 1638/1638/1638 1637/1637/1637
f 1642/1642/1642 1641/1641/1641 1640/1640/1640
f 1643/1643/1643 1642/1642/1642 1640/1640/1640
f 1644/1644/1644 1643/1643/1643 1640/1640/1640
f 1643/1643/1643 1644/1644/1644 1645/1645/1645
f 1644/1644/1644 1646/1646/1646 1645/1645/1645
f 1649/1649/1649 1648/1648/1648 1647/1647/1647
f 1647/1647/1647 1650/1650/1650 1649/1649/1649
f 1649/1649/1649 1650/1650/1650 1651/1651/1651
f 1651/1651/1651 1650/1650/1650 1652/1652/1652
f 1655/1655/1655 1654/1654/1654 1653/1653/1653
f 1654/1654/1654 1656/1656/1656 1653/1653/1653
f 1654/1654/1654 1657/1657/1657 1656/1656/1656
f 1657/1657/1657 1658/1658/1658 1656/1656/1656
f 1661/1661/1661 1660/1660/1660 1659/1659/1659
f 1662/1662/1662 1660/1660/1660 1661/1661/1661
f 1663/1663/1663 1662/1662/1662 1661/1661/1661
f 1663/1663/1663 1664/1664/1664 1662/1662/1662
f 1667/1667/1667 1666/1666/1666 1665/1665/1665
f 1668/1668/1668 1667/1667/1667 1665/1665/1665
f 1667/1667/1667 1668/1668/1668 1669/1669/1669
f 1670/1670/1670 1667/1667/1667 1669/1669/1669
f 1673/1673/1673 1672/1672/1672 1671/1671/1671
f 1674/1674/1674 1673/1673/1673 1671/1671/1671
f 1675/1675/1675 1674/1674/1674 1671/1671/1671
f 1676/1676/1676 1675/1675/1675 1671/1671/1671
f 1679/1679/1679 1678/1678/1678 1677/1677/1677
f 1680/1680/1680 1679/1679/1679 1677/1677/1677
f 1683/1683/1683 1682/1682/1682 1681/1681/1681
f 1684/1684/1684 1682/1682/1682 1683/1683/1683
f 1685/1685/1685 1684/1684/1684 1683/1683/1683
f 1686/1686/1686 1684/1684/1684 1685/1685/1685
f 1687/1687/1687 1686/1686/1686 1685/1685/1685
f 1688/1688/1688 1687/1687/1687 1685/1685/1685
f 1689/1689/1689 1688/1688/1688 1685/1685/1685
f 1690/1690/1690 1688/1688/1688 1689/1689/1689
f 1693/1693/1693 1692/1692/1692 1691/1691/1691
f 1692/1692/1692 1694/1694/1694 1691/1691/1691
f 1692/1692/1692 1695/1695/1695 1694/1694/1694
f 1696/1696/1696 1691/1691/1691 1694/1694/1694
f 1695/1695/1695 1697/1697/1697 1694/1694/1694
f 1696/1696/1696 1694/1694/1694 1697/1697/1697
f 1695/1695/1695 1698/1698/1698 1697/1697/1697
f 1698/1698/1698 1699/1699/1699 1697/1697/1697
f 1696/1696/1696 1697/1697/1697 1699/1699/1699
f 1700/1700/1700 1699/1699/1699 1698/1698/1698
f 1696/1696/1696 1699/1699/1699 1700/1700/1700
f 1701/1701/1701 1700/1700/1700 1698/1698/1698
f 1696/1696/1696 1700/1700/1700 1702/1702/1702
f 1702/1702/1702 1700/1700/1700 1701/1701/1701
f 1696/1696/1696 1702/1702/1702 1703/1703/1703
f 1704/1704/1704 1702/1702/1702 1701/1701/1701
f 1705/1705/1705 1703/1703/1703 1702/1702/1702
f 1704/1704/1704 1705/1705/1705 1702/1702/1702
f 1708/1708/1708 1707/1707/1707 1706/1706/1706
f 1709/1709/1709 1708/1708/1708 1706/1706/1706
f 1712/1712/1712 1711/1711/1711 1710/1710/1710
f 1713/1713/1713 1712/1712/1712 1710/1710/1710
f 1716/1716/1716 1715/1715/1715 1714/1714/1714
f 1717/1717/1717 1716/1716/1716 1714/1714/1714
f 1718/1718/1718 1716/1716/1716 1717/1717/1717
f 1717/1717/1717 1714/1714/1714 1719/1719/1719
f 1720/1720/1720 1717/1717/1717 1719/1719/1719
f 1723/1723/1723 1722/1722/1722 1721/1721/1721
f 1721/1721/1721 1724/1724/1724 1723/1723/1723
f 1724/1724/1724 1725/1725/1725 1723/1723/1723
f 1726/1726/1726 1723/1723/1723 1725/1725/1725
f 1721/1721/1721 1727/1727/1727 1724/1724/1724
f 1727/1727/1727 1721/1721/1721 1728/1728/1728
f 1729/1729/1729 1727/1727/1727 1728/1728/1728
f 1729/1729/1729 1728/1728/1728 1730/1730/1730
f 1731/1731/1731 1729/1729/1729 1730/1730/1730
f 1734/1734/1734 1733/1733/1733 1732/1732/1732
f 1735/1735/1735 1734/1734/1734 1732/1732/1732
f 1738/1738/1738 1737/1737/1737 1736/1736/1736
f 1739/1739/1739 1738/1738/1738 1736/1736/1736
f 1742/1742/1742 1741/1741/1741 1740/1740/1740
f 1743/1743/1743 1742/1742/1742 1740/1740/1740
f 1746/1746/1746 1745/1745/1745 1744/1744/1744
f 1747/1747/1747 1746/1746/1746 1744/1744/1744
f 1750/1750/1750 1749/1749/1749 1748/1748/1748
f 1751/1751/1751 1750/1750/1750 1748/1748/1748
f 1754/1754/1754 1753/1753/1753 1752/1752/1752
f 1755/1755/1755 1754/1754/1754 1752/1752/1752
f 1758/1758/1758 1757/1757/1757 1756/1756/1756
f 1759/1759/1759 1758/1758/1758 1756/1756/1756
f 1762/1762/1762 1761/1761/1761 1760/1760/1760
f 1763/1763/1763 1762/1762/1762 1760/1760/1760
f 1766/1766/1766 1765/1765/1765 1764/1764/1764
f 1767/1767/1767 1766/1766/1766 1764/1764/1764
f 1770/1770/1770 1769/1769/1769 1768/1768/1768
f 1771/1771/1771 1770/1770/1770 1768/1768/1768
f 1774/1774/1774 1773/1773/1773 1772/1772/1772
f 1775/1775/1775 1774/1774/1774 1772/1772/1772
f 1778/1778/1778 1777/1777/1777 1776/1776/1776
f 1779/1779/1779 1778/1778/1778 1776/1776/1776
f 1782/1782/1782 1781/1781/1781 1780/1780/1780
f 1783/1783/1783 1782/1782/1782 1780/1780/1780
f 1786/1786/1786 1785/1785/1785 1784/1784/1784
f 1787/1787/1787 1786/1786/1786 1784/1784/1784
f 1790/1790/1790 1789/1789/1789 1788/1788/1788
f 1791/1791/1791 1790/1790/1790 1788/1788/1788
f 1794/1794/1794 1793/1793/1793 1792/1792/1792
f 1795/1795/1795 1794/1794/1794 1792/1792/1792
f 1798/1798/1798 1797/1797/1797 1796/1796/1796
f 1799/1799/1799 1798/1798/1798 1796/1796/1796
f 1802/1802/1802 1801/1801/1801 1800/1800/1800
f 1803/1803/1803 1802/1802/1802 1800/1800/1800
f 1804/1804/1804 1803/1803/1803 1800/1800/1800
f 1805/1805/1805 1804/1804/1804 1800/1800/1800
f 1806/1806/1806 1804/1804/1804 1805/1805/1805
f 1807/1807/1807 1806/1806/1806 1805/1805/1805
f 1810/1810/1810 1809/1809/1809 1808/1808/1808
f 1811/1811/1811 1810/1810/1810 1808/1808/1808
f 1814/1814/1814 1813/1813/1813 1812/1812/1812
f 1815/1815/1815 1814/1814/1814 1812/1812/1812
f 1818/1818/1818 1817/1817/1817 1816/1816/1816
f 1819/1819/1819 1818/1818/1818 1816/1816/1816
f 1822/1822/1822 1821/1821/1821 1820/1820/1820
f 1823/1823/1823 1822/1822/1822 1820/1820/1820
f 1826/1826/1826 1825/1825/1825 1824/1824/1824
f 1825/1825/1825 1827/1827/1827 1824/1824/1824
f 1827/1827/1827 1828/1828/1828 1824/1824/1824
f 1828/1828/1828 1829/1829/1829 1824/1824/1824
f 1828/1828/1828 1830/1830/1830 1829/1829/1829
f 1830/1830/1830 1831/1831/1831 1829/1829/1829
f 1834/1834/1834 1833/1833/1833 1832/1832/1832
f 1833/1833/1833 1835/1835/1835 1832/1832/1832
f 1835/1835/1835 1833/1833/1833 1836/1836/1836
f 1833/1833/1833 1837/1837/1837 1836/1836/1836
f 1838/1838/1838 1836/1836/1836 1837/1837/1837
f 1839/1839/1839 1838/1838/1838 1837/1837/1837
f 1842/1842/1842 1841/1841/1841 1840/1840/1840
f 1841/1841/1841 1843/1843/1843 1840/1840/1840
f 1843/1843/1843 1844/1844/1844 1840/1840/1840
f 1844/1844/1844 1845/1845/1845 1840/1840/1840
f 1844/1844/1844 1846/1846/1846 1845/1845/1845
f 1846/1846/1846 1847/1847/1847 1845/1845/1845
f 1850/1850/1850 1849/1849/1849 1848/1848/1848
f 1849/1849/1849 1851/1851/1851 1848/1848/1848
f 1851/1851/1851 1849/1849/1849 1852/1852/1852
f 1849/1849/1849 1853/1853/1853 1852/1852/1852
f 1854/1854/1854 1852/1852/1852 1853/1853/1853
f 1855/1855/1855 1854/1854/1854 1853/1853/1853
f 1858/1858/1858 1857/1857/1857 1856/1856/1856
f 1857/1857/1857 1859/1859/1859 1856/1856/1856
f 1859/1859/1859 1860/1860/1860 1856/1856/1856
f 1860/1860/1860 1861/1861/1861 1856/1856/1856
f 1860/1860/1860 1862/1862/1862 1861/1861/1861
f 1862/1862/1862 1863/1863/1863 1861/1861/1861
f 1866/1866/1866 1865/1865/1865 1864/1864/1864
f 1865/1865/1865 1867/1867/1867 1864/1864/1864
f 1867/1867/1867 1865/1865/1865 1868/1868/1868
f 1865/1865/1865 1869/1869/1869 1868/1868/1868
f 1870/1870/1870 1868/1868/1868 1869/1869/1869
f 1871/1871/1871 1870/1870/1870 1869/1869/1869
f 1874/1874/1874 1873/1873/1873 1872/1872/1872
f 1873/1873/1873 1875/1875/1875 1872/1872/1872
f 1875/1875/1875 1876/1876/1876 1872/1872/1872
f 1876/1876/1876 1877/1877/1877 1872/1872/1872
f 1876/1876/1876 1878/1878/1878 1877/1877/1877
f 1878/1878/1878 1879/1879/1879 1877/1877/1877
f 1882/1882/1882 1881/1881/1881 1880/1880/1880
f 1883/1883/1883 1882/1882/1882 1880/1880/1880
f 1886/1886/1886 1885/1885/1885 1884/1884/1884
f 1887/1887/1887 1886/1886/1886 1884/1884/1884
f 1888/1888/1888 1886/1886/1886 1887/1887/1887
f 1889/1889/1889 1888/1888/1888 1887/1887/1887
f 1892/1892/1892 1891/1891/1891 1890/1890/1890
f 1893/1893/1893 1892/1892/1892 1890/1890/1890
f 1896/1896/1896 1895/1895/1895 1894/1894/1894
f 1897/1897/1897 1896/1896/1896 1894/1894/1894
f 1900/1900/1900 1899/1899/1899 1898/1898/1898
f 1901/1901/1901 1900/1900/1900 1898/1898/1898
f 1904/1904/1904 1903/1903/1903 1902/1902/1902
f 1905/1905/1905 1904/1904/1904 1902/1902/1902
f 1908/1908/1908 1907/1907/1907 1906/1906/1906
f 1909/1909/1909 1908/1908/1908 1906/1906/1906
f 1912/1912/1912 1911/1911/1911 1910/1910/1910
f 1913/1913/1913 1912/1912/1912 1910/1910/1910
f 1916/1916/1916 1915/1915/1915 1914/1914/1914
f 1917/1917/1917 1916/1916/1916 1914/1914/1914
f 1920/1920/1920 1919/1919/1919 1918/1918/1918
f 1921/1921/1921 1920/1920/1920 1918/1918/1918
f 1924/1924/1924 1923/1923/1923 1922/1922/1922
f 1925/1925/1925 1924/1924/1924 1922/1922/1922
f 1926/1926/1926 1925/1925/1925 1922/1922/1922
f 1926/1926/1926 1927/1927/1927 1925/1925/1925
f 1930/1930/1930 1929/1929/1929 1928/1928/1928
f 1931/1931/1931 1930/1930/1930 1928/1928/1928
f 1934/1934/1934 1933/1933/1933 1932/1932/1932
f 1933/1933/1933 1935/1935/1935 1932/1932/1932
f 1932/1932/1932 1935/1935/1935 1936/1936/1936
f 1935/1935/1935 1937/1937/1937 1936/1936/1936
f 1936/1936/1936 1937/1937/1937 1938/1938/1938
f 1937/1937/1937 1939/1939/1939 1938/1938/1938
f 1938/1938/1938 1939/1939/1939 1940/1940/1940
f 1939/1939/1939 1941/1941/1941 1940/1940/1940
f 1940/1940/1940 1941/1941/1941 1942/1942/1942
f 1941/1941/1941 1943/1943/1943 1942/1942/1942
f 1944/1944/1944 1942/1942/1942 1943/1943/1943
f 1945/1945/1945 1944/1944/1944 1943/1943/1943
f 1946/1946/1946 1944/1944/1944 1945/1945/1945
f 1947/1947/1947 1946/1946/1946 1945/1945/1945
f 1948/1948/1948 1946/1946/1946 1947/1947/1947
f 1949/1949/1949 1948/1948/1948 1947/1947/1947
f 1952/1952/1952 1951/1951/1951 1950/1950/1950
f 1953/1953/1953 1952/1952/1952 1950/1950/1950
f 1956/1956/1956 1955/1955/1955 1954/1954/1954
f 1954/1954/1954 1955/1955/1955 1957/1957/1957
f 1955/1955/1955 1958/1958/1958 1957/1957/1957
f 1958/1958/1958 1959/1959/1959 1957/1957/1957
f 1957/1957/1957 1959/1959/1959 1960/1960/1960
f 1961/1961/1961 1957/1957/1957 1960/1960/1960
f 1962/1962/1962 1961/1961/1961 1960/1960/1960
f 1963/1963/1963 1961/1961/1961 1962/1962/1962
f 1961/1961/1961 1963/1963/1963 1964/1964/1964
f 1965/1965/1965 1961/1961/1961 1964/1964/1964
f 1966/1966/1966 1965/1965/1965 1964/1964/1964
f 1969/1969/1969 1968/1968/1968 1967/1967/1967
f 1968/1968/1968 1969/1969/1969 1970/1970/1970
f 1971/1971/1971 1968/1968/1968 1970/1970/1970
f 1972/1972/1972 1971/1971/1971 1970/1970/1970
f 1969/1969/1969 1973/1973/1973 1970/1970/1970
f 1973/1973/1973 1974/1974/1974 1970/1970/1970
f 1973/1973/1973 1975/1975/1975 1974/1974/1974
f 1976/1976/1976 1975/1975/1975 1973/1973/1973
f 1977/1977/1977 1976/1976/1976 1973/1973/1973
f 1975/1975/1975 1978/1978/1978 1974/1974/1974
f 1978/1978/1978 1979/1979/1979 1974/1974/1974
f 1979/1979/1979 1980/1980/1980 1974/1974/1974
f 1983/1983/1983 1982/1982/1982 1981/1981/1981
f 1984/1984/1984 1983/1983/1983 1981/1981/1981
f 1983/1983/1983 1984/1984/1984 1985/1985/1985
f 1986/1986/1986 1983/1983/1983 1985/1985/1985
f 1986/1986/1986 1985/1985/1985 1987/1987/1987
f 1985/1985/1985 1988/1988/1988 1987/1987/1987
f 1991/1991/1991 1990/1990/1990 1989/1989/1989
f 1992/1992/1992 1991/1991/1991 1989/1989/1989
f 1995/1995/1995 1994/1994/1994 1993/1993/1993
f 1996/1996/1996 1995/1995/1995 1993/1993/1993
f 1999/1999/1999 1998/1998/1998 1997/1997/1997
f 2000/2000/2000 1999/1999/1999 1997/1997/1997
f 2003/2003/2003 2002/2002/2002 2001/2001/2001
f 2004/2004/2004 2003/2003/2003 2001/2001/2001
f 2004/2004/2004 2005/2005/2005 2003/2003/2003
f 2005/2005/2005 2006/2006/2006 2003/2003/2003
f 2005/2005/2005 2007/2007/2007 2006/2006/2006
f 2007/2007/2007 2008/2008/2008 2006/2006/2006
f 2007/2007/2007 2009/2009/2009 2008/2008/2008
f 2009/2009/2009 2010/2010/2010 2008/2008/2008
f 2010/2010/2010 2009/2009/2009 2011/2011/2011
f 2012/2012/2012 2010/2010/2010 2011/2011/2011
f 2015/2015/2015 2014/2014/2014 2013/2013/2013
f 2013/2013/2013 2016/2016/2016 2015/2015/2015
f 2013/2013/2013 2017/2017/2017 2016/2016/2016
f 2013/2013/2013 2018/2018/2018 2017/2017/2017
f 2018/2018/2018 2019/2019/2019 2017/2017/2017
f 2022/2022/2022 2021/2021/2021 2020/2020/2020
f 2021/2021/2021 2023/2023/2023 2020/2020/2020
f 2021/2021/2021 2024/2024/2024 2023/2023/2023
f 2024/2024/2024 2025/2025/2025 2023/2023/2023
f 2025/2025/2025 2026/2026/2026 2023/2023/2023
f 2029/2029/2029 2028/2028/2028 2027/2027/2027
f 2029/2029/2029 2030/2030/2030 2028/2028/2028
f 2030/2030/2030 2031/2031/2031 2028/2028/2028
f 2034/2034/2034 2033/2033/2033 2032/2032/2032
f 2033/2033/2033 2035/2035/2035 2032/2032/2032
f 2032/2032/2032 2035/2035/2035 2036/2036/2036
f 2037/2037/2037 2032/2032/2032 2036/2036/2036
f 2037/2037/2037 2036/2036/2036 2038/2038/2038
f 2039/2039/2039 2037/2037/2037 2038/2038/2038
f 2039/2039/2039 2038/2038/2038 2040/2040/2040
f 2041/2041/2041 2039/2039/2039 2040/2040/2040
f 2041/2041/2041 2040/2040/2040 2042/2042/2042
f 2043/2043/2043 2041/2041/2041 2042/2042/2042
f 2046/2046/2046 2045/2045/2045 2044/2044/2044
f 2045/2045/2045 2047/2047/2047 2044/2044/2044
f 2048/2048/2048 2047/2047/2047 2045/2045/2045
f 2045/2045/2045 2049/2049/2049 2048/2048/2048
f 2049/2049/2049 2050/2050/2050 2048/2048/2048
f 2049/2049/2049 2051/2051/2051 2050/2050/2050
f 2051/2051/2051 2052/2052/2052 2050/2050/2050
f 2055/2055/2055 2054/2054/2054 2053/2053/2053
f 2054/2054/2054 2056/2056/2056 2053/2053/2053
f 2053/2053/2053 2056/2056/2056 2057/2057/2057
f 2058/2058/2058 2053/2053/2053 2057/2057/2057
f 2058/2058/2058 2057/2057/2057 2059/2059/2059
f 2060/2060/2060 2058/2058/2058 2059/2059/2059
f 2060/2060/2060 2059/2059/2059 2061/2061/2061
f 2062/2062/2062 2060/2060/2060 2061/2061/2061
f 2062/2062/2062 2061/2061/2061 2063/2063/2063
f 2064/2064/2064 2062/2062/2062 2063/2063/2063
f 2067/2067/2067 2066/2066/2066 2065/2065/2065
f 2065/2065/2065 2068/2068/2068 2067/2067/2067
f 2067/2067/2067 2068/2068/2068 2069/2069/2069
f 2068/2068/2068 2070/2070/2070 2069/2069/2069
f 2071/2071/2071 2069/2069/2069 2070/2070/2070
f 2072/2072/2072 2071/2071/2071 2070/2070/2070
f 2075/2075/2075 2074/2074/2074 2073/2073/2073
f 2073/2073/2073 2076/2076/2076 2075/2075/2075
f 2073/2073/2073 2077/2077/2077 2076/2076/2076
f 2076/2076/2076 2077/2077/2077 2078/2078/2078
f 2077/2077/2077 2079/2079/2079 2078/2078/2078
f 2079/2079/2079 2080/2080/2080 2078/2078/2078
f 2080/2080/2080 2081/2081/2081 2078/2078/2078
f 2081/2081/2081 2080/2080/2080 2082/2082/2082
f 2083/2083/2083 2081/2081/2081 2082/2082/2082
f 2086/2086/2086 2085/2085/2085 2084/2084/2084
f 2084/2084/2084 2087/2087/2087 2086/2086/2086
f 2087/2087/2087 2088/2088/2088 2086/2086/2086
f 2089/2089/2089 2086/2086/2086 2088/2088/2088
f 2090/2090/2090 2088/2088/2088 2087/2087/2087
f 2091/2091/2091 2088/2088/2088 2090/2090/2090
f 2092/2092/2092 2091/2091/2091 2090/2090/2090
f 2093/2093/2093 2091/2091/2091 2092/2092/2092
f 2094/2094/2094 2093/2093/2093 2092/2092/2092
f 2097/2097/2097 2096/2096/2096 2095/2095/2095
f 2098/2098/2098 2097/2097/2097 2095/2095/2095
f 2101/2101/2101 2100/2100/2100 2099/2099/2099
f 2102/2102/2102 2101/2101/2101 2099/2099/2099
f 2103/2103/2103 2101/2101/2101 2102/2102/2102
f 2104/2104/2104 2103/2103/2103 2102/2102/2102
f 2104/2104/2104 2105/2105/2105 2103/2103/2103
f 2105/2105/2105 2106/2106/2106 2103/2103/2103
f 2105/2105/2105 2107/2107/2107 2106/2106/2106
f 2107/2107/2107 2108/2108/2108 2106/2106/2106
f 2108/2108/2108 2107/2107/2107 2109/2109/2109
f 2110/2110/2110 2108/2108/2108 2109/2109/2109
f 2113/2113/2113 2112/2112/2112 2111/2111/2111
f 2114/2114/2114 2113/2113/2113 2111/2111/2111
f 2117/2117/2117 2116/2116/2116 2115/2115/2115
f 2118/2118/2118 2117/2117/2117 2115/2115/2115
f 2121/2121/2121 2120/2120/2120 2119/2119/2119
f 2122/2122/2122 2121/2121/2121 2119/2119/2119
f 2125/2125/2125 2124/2124/2124 2123/2123/2123
f 2126/2126/2126 2125/2125/2125 2123/2123/2123
f 2129/2129/2129 2128/2128/2128 2127/2127/2127
f 2130/2130/2130 2129/2129/2129 2127/2127/2127
f 2133/2133/2133 2132/2132/2132 2131/2131/2131
f 2134/2134/2134 2133/2133/2133 2131/2131/2131
f 2137/2137/2137 2136/2136/2136 2135/2135/2135
f 2136/2136/2136 2138/2138/2138 2135/2135/2135
f 2139/2139/2139 2135/2135/2135 2138/2138/2138
f 2138/2138/2138 2140/2140/2140 2139/2139/2139
f 2138/2138/2138 2141/2141/2141 2140/2140/2140
f 2144/2144/2144 2143/2143/2143 2142/2142/2142
f 2143/2143/2143 2145/2145/2145 2142/2142/2142
f 2146/2146/2146 2142/2142/2142 2145/2145/2145
f 2147/2147/2147 2146/2146/2146 2145/2145/2145
f 2147/2147/2147 2148/2148/2148 2146/2146/2146
f 2147/2147/2147 2149/2149/2149 2148/2148/2148
f 2152/2152/2152 2151/2151/2151 2150/2150/2150
f 2153/2153/2153 2152/2152/2152 2150/2150/2150
f 2156/2156/2156 2155/2155/2155 2154/2154/2154
f 2157/2157/2157 2156/2156/2156 2154/2154/2154
f 2157/2157/2157 2154/2154/2154 2158/2158/2158
f 2154/2154/2154 2159/2159/2159 2158/2158/2158
f 2158/2158/2158 2159/2159/2159 2160/2160/2160
f 2159/2159/2159 2161/2161/2161 2160/2160/2160
f 2160/2160/2160 2161/2161/2161 2162/2162/2162
f 2161/2161/2161 2163/2163/2163 2162/2162/2162
f 2164/2164/2164 2162/2162/2162 2163/2163/2163
f 2165/2165/2165 2164/2164/2164 2163/2163/2163
f 2168/2168/2168 2167/2167/2167 2166/2166/2166
f 2169/2169/2169 2167/2167/2167 2168/2168/2168
f 2170/2170/2170 2167/2167/2167 2169/2169/2169
f 2171/2171/2171 2167/2167/2167 2170/2170/2170
f 2172/2172/2172 2171/2171/2171 2170/2170/2170
f 2175/2175/2175 2174/2174/2174 2173/2173/2173
f 2176/2176/2176 2175/2175/2175 2173/2173/2173
f 2177/2177/2177 2175/2175/2175 2176/2176/2176
f 2178/2178/2178 2177/2177/2177 2176/2176/2176
f 2178/2178/2178 2176/2176/2176 2179/2179/2179
f 2182/2182/2182 2181/2181/2181 2180/2180/2180
f 2181/2181/2181 2183/2183/2183 2180/2180/2180
f 2183/2183/2183 2184/2184/2184 2180/2180/2180
f 2187/2187/2187 2186/2186/2186 2185/2185/2185
f 2186/2186/2186 2188/2188/2188 2185/2185/2185
f 2189/2189/2189 2188/2188/2188 2186/2186/2186
f 2190/2190/2190 2189/2189/2189 2186/2186/2186
f 2191/2191/2191 2189/2189/2189 2190/2190/2190
f 2192/2192/2192 2191/2191/2191 2190/2190/2190
f 2193/2193/2193 2191/2191/2191 2192/2192/2192
f 2194/2194/2194 2193/2193/2193 2192/2192/2192
f 2195/2195/2195 2193/2193/2193 2194/2194/2194
f 2196/2196/2196 2195/2195/2195 2194/2194/2194
f 2199/2199/2199 2198/2198/2198 2197/2197/2197
f 2200/2200/2200 2199/2199/2199 2197/2197/2197
f 2203/2203/2203 2202/2202/2202 2201/2201/2201
f 2202/2202/2202 2204/2204/2204 2201/2201/2201
f 2205/2205/2205 2204/2204/2204 2202/2202/2202
f 2206/2206/2206 2205/2205/2205 2202/2202/2202
f 2207/2207/2207 2205/2205/2205 2206/2206/2206
f 2208/2208/2208 2207/2207/2207 2206/2206/2206
f 2209/2209/2209 2207/2207/2207 2208/2208/2208
f 2210/2210/2210 2209/2209/2209 2208/2208/2208
f 2211/2211/2211 2209/2209/2209 2210/2210/2210
f 2212/2212/2212 2211/2211/2211 2210/2210/2210
f 2215/2215/2215 2214/2214/2214 2213/2213/2213
f 2216/2216/2216 2214/2214/2214 2215/2215/2215
f 2216/2216/2216 2215/2215/2215 2217/2217/2217
f 2217/2217/2217 2215/2215/2215 2218/2218/2218
f 2219/2219/2219 2217/2217/2217 2218/2218/2218
f 2222/2222/2222 2221/2221/2221 2220/2220/2220
f 2223/2223/2223 2221/2221/2221 2222/2222/2222
f 2221/2221/2221 2223/2223/2223 2224/2224/2224
f 2225/2225/2225 2221/2221/2221 2224/2224/2224
f 2226/2226/2226 2225/2225/2225 2224/2224/2224
f 2229/2229/2229 2228/2228/2228 2227/2227/2227
f 2230/2230/2230 2228/2228/2228 2229/2229/2229
f 2231/2231/2231 2230/2230/2230 2229/2229/2229
f 2231/2231/2231 2229/2229/2229 2232/2232/2232
f 2233/2233/2233 2231/2231/2231 2232/2232/2232
f 2236/2236/2236 2235/2235/2235 2234/2234/2234
f 2237/2237/2237 2236/2236/2236 2234/2234/2234
f 2240/2240/2240 2239/2239/2239 2238/2238/2238
f 2241/2241/2241 2240/2240/2240 2238/2238/2238
f 2241/2241/2241 2238/2238/2238 2242/2242/2242
f 2238/2238/2238 2243/2243/2243 2242/2242/2242
f 2242/2242/2242 2243/2243/2243 2244/2244/2244
f 2243/2243/2243 2245/2245/2245 2244/2244/2244
f 2244/2244/2244 2245/2245/2245 2246/2246/2246
f 2245/2245/2245 2247/2247/2247 2246/2246/2246
f 2248/2248/2248 2246/2246/2246 2247/2247/2247
f 2249/2249/2249 2248/2248/2248 2247/2247/2247
f 2252/2252/2252 2251/2251/2251 2250/2250/2250
f 2250/2250/2250 2253/2253/2253 2252/2252/2252
f 2253/2253/2253 2254/2254/2254 2252/2252/2252
f 2257/2257/2257 2256/2256/2256 2255/2255/2255
f 2258/2258/2258 2257/2257/2257 2255/2255/2255
f 2261/2261/2261 2260/2260/2260 2259/2259/2259
f 2262/2262/2262 2261/2261/2261 2259/2259/2259
f 2265/2265/2265 2264/2264/2264 2263/2263/2263
f 2266/2266/2266 2265/2265/2265 2263/2263/2263
f 2269/2269/2269 2268/2268/2268 2267/2267/2267
f 2270/2270/2270 2269/2269/2269 2267/2267/2267
f 2273/2273/2273 2272/2272/2272 2271/2271/2271
f 2274/2274/2274 2273/2273/2273 2271/2271/2271
f 2277/2277/2277 2276/2276/2276 2275/2275/2275
f 2276/2276/2276 2278/2278/2278 2275/2275/2275
f 2276/2276/2276 2279/2279/2279 2278/2278/2278
f 2280/2280/2280 2278/2278/2278 2279/2279/2279
f 2278/2278/2278 2280/2280/2280 2281/2281/2281
f 2284/2284/2284 2283/2283/2283 2282/2282/2282
f 2283/2283/2283 2285/2285/2285 2282/2282/2282
f 2286/2286/2286 2285/2285/2285 2283/2283/2283
f 2285/2285/2285 2286/2286/2286 2287/2287/2287
f 2285/2285/2285 2287/2287/2287 2288/2288/2288
f 2291/2291/2291 2290/2290/2290 2289/2289/2289
f 2291/2291/2291 2292/2292/2292 2290/2290/2290
f 2292/2292/2292 2293/2293/2293 2290/2290/2290
f 2290/2290/2290 2293/2293/2293 2294/2294/2294
f 2295/2295/2295 2294/2294/2294 2293/2293/2293
f 2296/2296/2296 2295/2295/2295 2293/2293/2293
f 2299/2299/2299 2298/2298/2298 2297/2297/2297
f 2298/2298/2298 2300/2300/2300 2297/2297/2297
f 2300/2300/2300 2301/2301/2301 2297/2297/2297
f 2302/2302/2302 2301/2301/2301 2300/2300/2300
f 2301/2301/2301 2303/2303/2303 2297/2297/2297
f 2297/2297/2297 2303/2303/2303 2304/2304/2304
f 2307/2307/2307 2306/2306/2306 2305/2305/2305
f 2308/2308/2308 2306/2306/2306 2307/2307/2307
f 2309/2309/2309 2308/2308/2308 2307/2307/2307
f 2308/2308/2308 2309/2309/2309 2310/2310/2310
f 2311/2311/2311 2308/2308/2308 2310/2310/2310
f 2314/2314/2314 2313/2313/2313 2312/2312/2312
f 2315/2315/2315 2314/2314/2314 2312/2312/2312
f 2314/2314/2314 2315/2315/2315 2316/2316/2316
f 2316/2316/2316 2317/2317/2317 2314/2314/2314
f 2315/2315/2315 2318/2318/2318 2316/2316/2316
f 2321/2321/2321 2320/2320/2320 2319/2319/2319
f 2320/2320/2320 2321/2321/2321 2322/2322/2322
f 2321/2321/2321 2323/2323/2323 2322/2322/2322
f 2323/2323/2323 2324/2324/2324 2322/2322/2322
f 2323/2323/2323 2325/2325/2325 2324/2324/2324
f 2328/2328/2328 2327/2327/2327 2326/2326/2326
f 2328/2328/2328 2326/2326/2326 2329/2329/2329
f 2326/2326/2326 2330/2330/2330 2329/2329/2329
f 2328/2328/2328 2329/2329/2329 2331/2331/2331
f 2328/2328/2328 2331/2331/2331 2332/2332/2332
f 2335/2335/2335 2334/2334/2334 2333/2333/2333
f 2336/2336/2336 2335/2335/2335 2333/2333/2333
f 2337/2337/2337 2335/2335/2335 2336/2336/2336
f 2337/2337/2337 2336/2336/2336 2338/2338/2338
f 2339/2339/2339 2337/2337/2337 2338/2338/2338
f 2340/2340/2340 2337/2337/2337 2339/2339/2339
f 2341/2341/2341 2340/2340/2340 2339/2339/2339
f 2339/2339/2339 2338/2338/2338 2342/2342/2342
f 2338/2338/2338 2343/2343/2343 2342/2342/2342
f 2346/2346/2346 2345/2345/2345 2344/2344/2344
f 2345/2345/2345 2347/2347/2347 2344/2344/2344
f 2348/2348/2348 2344/2344/2344 2347/2347/2347
f 2344/2344/2344 2348/2348/2348 2349/2349/2349
f 2348/2348/2348 2347/2347/2347 2350/2350/2350
f 2349/2349/2349 2348/2348/2348 2351/2351/2351
f 2352/2352/2352 2349/2349/2349 2351/2351/2351
f 2349/2349/2349 2352/2352/2352 2353/2353/2353
f 2354/2354/2354 2349/2349/2349 2353/2353/2353
f 2347/2347/2347 2355/2355/2355 2350/2350/2350
f 2356/2356/2356 2350/2350/2350 2355/2355/2355
f 2357/2357/2357 2356/2356/2356 2355/2355/2355
f 2357/2357/2357 2355/2355/2355 2358/2358/2358
f 2359/2359/2359 2357/2357/2357 2358/2358/2358
f 2362/2362/2362 2361/2361/2361 2360/2360/2360
f 2361/2361/2361 2363/2363/2363 2360/2360/2360
f 2363/2363/2363 2364/2364/2364 2360/2360/2360
f 2364/2364/2364 2365/2365/2365 2360/2360/2360
f 2364/2364/2364 2366/2366/2366 2365/2365/2365
f 2366/2366/2366 2367/2367/2367 2365/2365/2365
f 2370/2370/2370 2369/2369/2369 2368/2368/2368
f 2369/2369/2369 2371/2371/2371 2368/2368/2368
f 2372/2372/2372 2368/2368/2368 2371/2371/2371
f 2373/2373/2373 2368/2368/2368 2372/2372/2372
f 2373/2373/2373 2372/2372/2372 2374/2374/2374
f 2377/2377/2377 2376/2376/2376 2375/2375/2375
f 2378/2378/2378 2377/2377/2377 2375/2375/2375
f 2378/2378/2378 2379/2379/2379 2377/2377/2377
f 2375/2375/2375 2380/2380/2380 2378/2378/2378
f 2375/2375/2375 2381/2381/2381 2380/2380/2380
f 2380/2380/2380 2382/2382/2382 2378/2378/2378
f 2380/2380/2380 2383/2383/2383 2382/2382/2382
f 2383/2383/2383 2384/2384/2384 2382/2382/2382
f 2387/2387/2387 2386/2386/2386 2385/2385/2385
f 2388/2388/2388 2387/2387/2387 2385/2385/2385
f 2391/2391/2391 2390/2390/2390 2389/2389/2389
f 2392/2392/2392 2391/2391/2391 2389/2389/2389
f 2393/2393/2393 2392/2392/2392 2389/2389/2389
f 2394/2394/2394 2393/2393/2393 2389/2389/2389
f 2393/2393/2393 2394/2394/2394 2395/2395/2395
f 2394/2394/2394 2396/2396/2396 2395/2395/2395
f 2397/2397/2397 2395/2395/2395 2396/2396/2396
f 2398/2398/2398 2397/2397/2397 2396/2396/2396
f 2399/2399/2399 2397/2397/2397 2398/2398/2398
f 2400/2400/2400 2399/2399/2399 2398/2398/2398
f 2403/2403/2403 2402/2402/2402 2401/2401/2401
f 2404/2404/2404 2401/2401/2401 2402/2402/2402
f 2405/2405/2405 2401/2401/2401 2404/2404/2404
f 2406/2406/2406 2401/2401/2401 2405/2405/2405
f 2407/2407/2407 2406/2406/2406 2405/2405/2405
f 2410/2410/2410 2409/2409/2409 2408/2408/2408
f 2411/2411/2411 2410/2410/2410 2408/2408/2408
f 2412/2412/2412 2410/2410/2410 2411/2411/2411
f 2413/2413/2413 2412/2412/2412 2411/2411/2411
f 2414/2414/2414 2413/2413/2413 2411/2411/2411
f 2417/2417/2417 2416/2416/2416 2415/2415/2415
f 2418/2418/2418 2416/2416/2416 2417/2417/2417
f 2419/2419/2419 2418/2418/2418 2417/2417/2417
f 2422/2422/2422 2421/2421/2421 2420/2420/2420
f 2421/2421/2421 2423/2423/2423 2420/2420/2420
f 2423/2423/2423 2421/2421/2421 2424/2424/2424
f 2421/2421/2421 2425/2425/2425 2424/2424/2424
f 2426/2426/2426 2424/2424/2424 2425/2425/2425
f 2427/2427/2427 2426/2426/2426 2425/2425/2425
f 2426/2426/2426 2427/2427/2427 2428/2428/2428
f 2427/2427/2427 2429/2429/2429 2428/2428/2428
f 2430/2430/2430 2428/2428/2428 2429/2429/2429
f 2431/2431/2431 2430/2430/2430 2429/2429/2429
f 2434/2434/2434 2433/2433/2433 2432/2432/2432
f 2435/2435/2435 2434/2434/2434 2432/2432/2432
f 2435/2435/2435 2436/2436/2436 2434/2434/2434
f 2437/2437/2437 2434/2434/2434 2436/2436/2436
f 2438/2438/2438 2437/2437/2437 2436/2436/2436
f 2439/2439/2439 2437/2437/2437 2438/2438/2438
f 2440/2440/2440 2439/2439/2439 2438/2438/2438
f 2443/2443/2443 2442/2442/2442 2441/2441/2441
f 2442/2442/2442 2444/2444/2444 2441/2441/2441
f 2444/2444/2444 2442/2442/2442 2445/2445/2445
f 2442/2442/2442 2446/2446/2446 2445/2445/2445
f 2447/2447/2447 2445/2445/2445 2446/2446/2446
f 2448/2448/2448 2447/2447/2447 2446/2446/2446
f 2447/2447/2447 2448/2448/2448 2449/2449/2449
f 2448/2448/2448 2450/2450/2450 2449/2449/2449
f 2451/2451/2451 2449/2449/2449 2450/2450/2450
f 2452/2452/2452 2451/2451/2451 2450/2450/2450
f 2455/2455/2455 2454/2454/2454 2453/2453/2453
f 2456/2456/2456 2453/2453/2453 2454/2454/2454
f 2456/2456/2456 2454/2454/2454 2457/2457/2457
f 2458/2458/2458 2456/2456/2456 2457/2457/2457
f 2458/2458/2458 2457/2457/2457 2459/2459/2459
f 2460/2460/2460 2458/2458/2458 2459/2459/2459
f 2463/2463/2463 2462/2462/2462 2461/2461/2461
f 2464/2464/2464 2461/2461/2461 2462/2462/2462
f 2465/2465/2465 2461/2461/2461 2464/2464/2464
f 2465/2465/2465 2464/2464/2464 2466/2466/2466
f 2467/2467/2467 2465/2465/2465 2466/2466/2466
f 2468/2468/2468 2467/2467/2467 2466/2466/2466
f 2469/2469/2469 2468/2468/2468 2466/2466/2466
f 2468/2468/2468 2469/2469/2469 2470/2470/2470
f 2469/2469/2469 2471/2471/2471 2470/2470/2470
f 2474/2474/2474 2473/2473/2473 2472/2472/2472
f 2475/2475/2475 2474/2474/2474 2472/2472/2472
f 2478/2478/2478 2477/2477/2477 2476/2476/2476
f 2479/2479/2479 2478/2478/2478 2476/2476/2476
f 2479/2479/2479 2476/2476/2476 2480/2480/2480
f 2481/2481/2481 2479/2479/2479 2480/2480/2480
f 2481/2481/2481 2480/2480/2480 2482/2482/2482
f 2480/2480/2480 2483/2483/2483 2482/2482/2482
f 2484/2484/2484 2482/2482/2482 2483/2483/2483
f 2485/2485/2485 2484/2484/2484 2483/2483/2483
f 2486/2486/2486 2484/2484/2484 2485/2485/2485
f 2487/2487/2487 2486/2486/2486 2485/2485/2485
f 2490/2490/2490 2489/2489/2489 2488/2488/2488
f 2491/2491/2491 2490/2490/2490 2488/2488/2488
f 2494/2494/2494 2493/2493/2493 2492/2492/2492
f 2495/2495/2495 2494/2494/2494 2492/2492/2492
f 2498/2498/2498 2497/2497/2497 2496/2496/2496
f 2499/2499/2499 2498/2498/2498 2496/2496/2496
f 2502/2502/2502 2501/2501/2501 2500/2500/2500
f 2503/2503/2503 2502/2502/2502 2500/2500/2500
f 2506/2506/2506 2505/2505/2505 2504/2504/2504
f 2505/2505/2505 2507/2507/2507 2504/2504/2504
f 2505/2505/2505 2508/2508/2508 2507/2507/2507
f 2509/2509/2509 2507/2507/2507 2508/2508/2508
f 2510/2510/2510 2507/2507/2507 2509/2509/2509
f 2513/2513/2513 2512/2512/2512 2511/2511/2511
f 2512/2512/2512 2514/2514/2514 2511/2511/2511
f 2512/2512/2512 2515/2515/2515 2514/2514/2514
f 2515/2515/2515 2516/2516/2516 2514/2514/2514
f 2517/2517/2517 2516/2516/2516 2515/2515/2515
f 2518/2518/2518 2516/2516/2516 2517/2517/2517
f 2521/2521/2521 2520/2520/2520 2519/2519/2519
f 2522/2522/2522 2521/2521/2521 2519/2519/2519
f 2525/2525/2525 2524/2524/2524 2523/2523/2523
f 2526/2526/2526 2525/2525/2525 2523/2523/2523
f 2526/2526/2526 2527/2527/2527 2525/2525/2525
f 2527/2527/2527 2528/2528/2528 2525/2525/2525
f 2527/2527/2527 2529/2529/2529 2528/2528/2528
f 2529/2529/2529 2530/2530/2530 2528/2528/2528
f 2529/2529/2529 2531/2531/2531 2530/2530/2530
f 2531/2531/2531 2532/2532/2532 2530/2530/2530
f 2532/2532/2532 2531/2531/2531 2533/2533/2533
f 2534/2534/2534 2532/2532/2532 2533/2533/2533
f 2537/2537/2537 2536/2536/2536 2535/2535/2535
f 2537/2537/2537 2538/2538/2538 2536/2536/2536
f 2537/2537/2537 2539/2539/2539 2538/2538/2538
f 2537/2537/2537 2540/2540/2540 2539/2539/2539
f 2540/2540/2540 2541/2541/2541 2539/2539/2539
f 2544/2544/2544 2543/2543/2543 2542/2542/2542
f 2543/2543/2543 2545/2545/2545 2542/2542/2542
f 2546/2546/2546 2545/2545/2545 2543/2543/2543
f 2546/2546/2546 2547/2547/2547 2545/2545/2545
f 2545/2545/2545 2547/2547/2547 2548/2548/2548
f 2551/2551/2551 2550/2550/2550 2549/2549/2549
f 2552/2552/2552 2551/2551/2551 2549/2549/2549
f 2553/2553/2553 2552/2552/2552 2549/2549/2549
f 2556/2556/2556 2555/2555/2555 2554/2554/2554
f 2555/2555/2555 2557/2557/2557 2554/2554/2554
f 2554/2554/2554 2557/2557/2557 2558/2558/2558
f 2559/2559/2559 2554/2554/2554 2558/2558/2558
f 2559/2559/2559 2558/2558/2558 2560/2560/2560
f 2561/2561/2561 2559/2559/2559 2560/2560/2560
f 2561/2561/2561 2560/2560/2560 2562/2562/2562
f 2563/2563/2563 2561/2561/2561 2562/2562/2562
f 2563/2563/2563 2562/2562/2562 2564/2564/2564
f 2565/2565/2565 2563/2563/2563 2564/2564/2564
f 2568/2568/2568 2567/2567/2567 2566/2566/2566
f 2569/2569/2569 2568/2568/2568 2566/2566/2566
f 2572/2572/2572 2571/2571/2571 2570/2570/2570
f 2571/2571/2571 2573/2573/2573 2570/2570/2570
f 2570/2570/2570 2573/2573/2573 2574/2574/2574
f 2575/2575/2575 2570/2570/2570 2574/2574/2574
f 2575/2575/2575 2574/2574/2574 2576/2576/2576
f 2577/2577/2577 2575/2575/2575 2576/2576/2576
f 2577/2577/2577 2576/2576/2576 2578/2578/2578
f 2579/2579/2579 2577/2577/2577 2578/2578/2578
f 2579/2579/2579 2578/2578/2578 2580/2580/2580
f 2581/2581/2581 2579/2579/2579 2580/2580/2580
f 2584/2584/2584 2583/2583/2583 2582/2582/2582
f 2584/2584/2584 2585/2585/2585 2583/2583/2583
f 2585/2585/2585 2586/2586/2586 2583/2583/2583
f 2587/2587/2587 2583/2583/2583 2586/2586/2586
f 2588/2588/2588 2587/2587/2587 2586/2586/2586
f 2591/2591/2591 2590/2590/2590 2589/2589/2589
f 2591/2591/2591 2592/2592/2592 2590/2590/2590
f 2592/2592/2592 2591/2591/2591 2593/2593/2593
f 2591/2591/2591 2594/2594/2594 2593/2593/2593
f 2594/2594/2594 2595/2595/2595 2593/2593/2593
f 2598/2598/2598 2597/2597/2597 2596/2596/2596
f 2598/2598/2598 2599/2599/2599 2597/2597/2597
f 2600/2600/2600 2597/2597/2597 2599/2599/2599
f 2601/2601/2601 2597/2597/2597 2600/2600/2600
f 2602/2602/2602 2601/2601/2601 2600/2600/2600
f 2605/2605/2605 2604/2604/2604 2603/2603/2603
f 2606/2606/2606 2605/2605/2605 2603/2603/2603
f 2609/2609/2609 2608/2608/2608 2607/2607/2607
f 2610/2610/2610 2609/2609/2609 2607/2607/2607
f 2610/2610/2610 2611/2611/2611 2609/2609/2609
f 2611/2611/2611 2612/2612/2612 2609/2609/2609
f 2611/2611/2611 2613/2613/2613 2612/2612/2612
f 2613/2613/2613 2614/2614/2614 2612/2612/2612
f 2613/2613/2613 2615/2615/2615 2614/2614/2614
f 2615/2615/2615 2616/2616/2616 2614/2614/2614
f 2616/2616/2616 2615/2615/2615 2617/2617/2617
f 2618/2618/2618 2616/2616/2616 2617/2617/2617
f 2621/2621/2621 2620/2620/2620 2619/2619/2619
f 2622/2622/2622 2619/2619/2619 2620/2620/2620
f 2623/2623/2623 2622/2622/2622 2620/2620/2620
f 2626/2626/2626 2625/2625/2625 2624/2624/2624
f 2627/2627/2627 2626/2626/2626 2624/2624/2624
f 2630/2630/2630 2629/2629/2629 2628/2628/2628
f 2631/2631/2631 2630/2630/2630 2628/2628/2628
f 2634/2634/2634 2633/2633/2633 2632/2632/2632
f 2635/2635/2635 2634/2634/2634 2632/2632/2632
f 2638/2638/2638 2637/2637/2637 2636/2636/2636
f 2639/2639/2639 2638/2638/2638 2636/2636/2636
f 2642/2642/2642 2641/2641/2641 2640/2640/2640
f 2643/2643/2643 2642/2642/2642 2640/2640/2640
f 2646/2646/2646 2645/2645/2645 2644/2644/2644
f 2645/2645/2645 2647/2647/2647 2644/2644/2644
f 2648/2648/2648 2644/2644/2644 2647/2647/2647
f 2647/2647/2647 2649/2649/2649 2648/2648/2648
f 2649/2649/2649 2647/2647/2647 2650/2650/2650
f 2653/2653/2653 2652/2652/2652 2651/2651/2651
f 2652/2652/2652 2654/2654/2654 2651/2651/2651
f 2655/2655/2655 2651/2651/2651 2654/2654/2654
f 2656/2656/2656 2655/2655/2655 2654/2654/2654
f 2656/2656/2656 2654/2654/2654 2657/2657/2657
f 2660/2660/2660 2659/2659/2659 2658/2658/2658
f 2661/2661/2661 2659/2659/2659 2660/2660/2660
f 2661/2661/2661 2660/2660/2660 2662/2662/2662
f 2662/2662/2662 2660/2660/2660 2663/2663/2663
f 2663/2663/2663 2664/2664/2664 2662/2662/2662
f 2664/2664/2664 2665/2665/2665 2662/2662/2662
f 2668/2668/2668 2667/2667/2667 2666/2666/2666
f 2667/2667/2667 2669/2669/2669 2666/2666/2666
f 2670/2670/2670 2669/2669/2669 2667/2667/2667
f 2670/2670/2670 2671/2671/2671 2669/2669/2669
f 2672/2672/2672 2670/2670/2670 2667/2667/2667
f 2672/2672/2672 2667/2667/2667 2673/2673/2673
f 2676/2676/2676 2675/2675/2675 2674/2674/2674
f 2676/2676/2676 2674/2674/2674 2677/2677/2677
f 2678/2678/2678 2676/2676/2676 2677/2677/2677
f 2678/2678/2678 2677/2677/2677 2679/2679/2679
f 2677/2677/2677 2680/2680/2680 2679/2679/2679
f 2683/2683/2683 2682/2682/2682 2681/2681/2681
f 2684/2684/2684 2683/2683/2683 2681/2681/2681
f 2684/2684/2684 2681/2681/2681 2685/2685/2685
f 2686/2686/2686 2685/2685/2685 2681/2681/2681
f 2687/2687/2687 2684/2684/2684 2685/2685/2685
f 2690/2690/2690 2689/2689/2689 2688/2688/2688
f 2689/2689/2689 2690/2690/2690 2691/2691/2691
f 2692/2692/2692 2689/2689/2689 2691/2691/2691
f 2693/2693/2693 2692/2692/2692 2691/2691/2691
f 2694/2694/2694 2692/2692/2692 2693/2693/2693
f 2697/2697/2697 2696/2696/2696 2695/2695/2695
f 2695/2695/2695 2696/2696/2696 2698/2698/2698
f 2699/2699/2699 2695/2695/2695 2698/2698/2698
f 2698/2698/2698 2696/2696/2696 2700/2700/2700
f 2700/2700/2700 2696/2696/2696 2701/2701/2701
f 2704/2704/2704 2703/2703/2703 2702/2702/2702
f 2705/2705/2705 2704/2704/2704 2702/2702/2702
f 2702/2702/2702 2706/2706/2706 2705/2705/2705
f 2705/2705/2705 2706/2706/2706 2707/2707/2707
f 2706/2706/2706 2708/2708/2708 2707/2707/2707
f 2708/2708/2708 2706/2706/2706 2709/2709/2709
f 2710/2710/2710 2708/2708/2708 2709/2709/2709
f 2707/2707/2707 2708/2708/2708 2711/2711/2711
f 2712/2712/2712 2707/2707/2707 2711/2711/2711
f 2715/2715/2715 2714/2714/2714 2713/2713/2713
f 2714/2714/2714 2716/2716/2716 2713/2713/2713
f 2714/2714/2714 2717/2717/2717 2716/2716/2716
f 2717/2717/2717 2714/2714/2714 2718/2718/2718
f 2716/2716/2716 2717/2717/2717 2719/2719/2719
f 2720/2720/2720 2717/2717/2717 2718/2718/2718
f 2721/2721/2721 2720/2720/2720 2718/2718/2718
f 2722/2722/2722 2721/2721/2721 2718/2718/2718
f 2723/2723/2723 2722/2722/2722 2718/2718/2718
f 2724/2724/2724 2716/2716/2716 2719/2719/2719
f 2719/2719/2719 2725/2725/2725 2724/2724/2724
f 2725/2725/2725 2726/2726/2726 2724/2724/2724
f 2727/2727/2727 2724/2724/2724 2726/2726/2726
f 2728/2728/2728 2727/2727/2727 2726/2726/2726
f 2731/2731/2731 2730/2730/2730 2729/2729/2729
f 2732/2732/2732 2731/2731/2731 2729/2729/2729
f 2732/2732/2732 2729/2729/2729 2733/2733/2733
f 2729/2729/2729 2734/2734/2734 2733/2733/2733
f 2735/2735/2735 2733/2733/2733 2734/2734/2734
f 2736/2736/2736 2735/2735/2735 2734/2734/2734
f 2739/2739/2739 2738/2738/2738 2737/2737/2737
f 2740/2740/2740 2739/2739/2739 2737/2737/2737
f 2737/2737/2737 2741/2741/2741 2740/2740/2740
f 2742/2742/2742 2741/2741/2741 2737/2737/2737
f 2743/2743/2743 2741/2741/2741 2742/2742/2742
f 2746/2746/2746 2745/2745/2745 2744/2744/2744
f 2745/2745/2745 2747/2747/2747 2744/2744/2744
f 2748/2748/2748 2747/2747/2747 2745/2745/2745
f 2749/2749/2749 2744/2744/2744 2747/2747/2747
f 2750/2750/2750 2744/2744/2744 2749/2749/2749
f 2751/2751/2751 2749/2749/2749 2747/2747/2747
f 2752/2752/2752 2749/2749/2749 2751/2751/2751
f 2753/2753/2753 2752/2752/2752 2751/2751/2751
f 2756/2756/2756 2755/2755/2755 2754/2754/2754
f 2757/2757/2757 2756/2756/2756 2754/2754/2754
f 2760/2760/2760 2759/2759/2759 2758/2758/2758
f 2761/2761/2761 2760/2760/2760 2758/2758/2758
f 2764/2764/2764 2763/2763/2763 2762/2762/2762
f 2764/2764/2764 2765/2765/2765 2763/2763/2763
f 2765/2765/2765 2766/2766/2766 2763/2763/2763
f 2766/2766/2766 2765/2765/2765 2767/2767/2767
f 2767/2767/2767 2768/2768/2768 2766/2766/2766
f 2768/2768/2768 2769/2769/2769 2766/2766/2766
f 2770/2770/2770 2769/2769/2769 2768/2768/2768
f 2767/2767/2767 2765/2765/2765 2771/2771/2771
f 2765/2765/2765 2772/2772/2772 2771/2771/2771
f 2771/2771/2771 2773/2773/2773 2767/2767/2767
f 2773/2773/2773 2768/2768/2768 2767/2767/2767
f 2772/2772/2772 2774/2774/2774 2771/2771/2771
f 2772/2772/2772 2775/2775/2775 2774/2774/2774
f 2776/2776/2776 2774/2774/2774 2775/2775/2775
f 2775/2775/2775 2777/2777/2777 2776/2776/2776
f 2768/2768/2768 2773/2773/2773 2778/2778/2778
f 2779/2779/2779 2770/2770/2770 2768/2768/2768
f 2780/2780/2780 2770/2770/2770 2779/2779/2779
f 2781/2781/2781 2779/2779/2779 2768/2768/2768
f 2781/2781/2781 2768/2768/2768 2778/2778/2778
f 2782/2782/2782 2780/2780/2780 2779/2779/2779
f 2783/2783/2783 2781/2781/2781 2778/2778/2778
f 2784/2784/2784 2780/2780/2780 2782/2782/2782
f 2783/2783/2783 2778/2778/2778 2785/2785/2785
f 2786/2786/2786 2784/2784/2784 2782/2782/2782
f 2787/2787/2787 2783/2783/2783 2785/2785/2785
f 2788/2788/2788 2784/2784/2784 2786/2786/2786
f 2789/2789/2789 2788/2788/2788 2786/2786/2786
f 2789/2789/2789 2790/2790/2790 2788/2788/2788
f 2790/2790/2790 2791/2791/2791 2788/2788/2788
f 2790/2790/2790 2792/2792/2792 2791/2791/2791
f 2792/2792/2792 2793/2793/2793 2791/2791/2791
f 2792/2792/2792 2794/2794/2794 2793/2793/2793
f 2787/2787/2787 2785/2785/2785 2795/2795/2795
f 2796/2796/2796 2787/2787/2787 2795/2795/2795
f 2797/2797/2797 2796/2796/2796 2795/2795/2795
f 2798/2798/2798 2797/2797/2797 2795/2795/2795
f 2799/2799/2799 2797/2797/2797 2798/2798/2798
f 2794/2794/2794 2800/2800/2800 2793/2793/2793
f 2794/2794/2794 2801/2801/2801 2800/2800/2800
f 2802/2802/2802 2799/2799/2799 2798/2798/2798
f 2801/2801/2801 2803/2803/2803 2800/2800/2800
f 2804/2804/2804 2800/2800/2800 2803/2803/2803
f 2804/2804/2804 2803/2803/2803 2805/2805/2805
f 2803/2803/2803 2806/2806/2806 2805/2805/2805
f 2807/2807/2807 2799/2799/2799 2802/2802/2802
f 2808/2808/2808 2805/2805/2805 2806/2806/2806
f 2808/2808/2808 2806/2806/2806 2809/2809/2809
f 2810/2810/2810 2805/2805/2805 2808/2808/2808
f 2811/2811/2811 2810/2810/2810 2808/2808/2808
f 2810/2810/2810 2811/2811/2811 2812/2812/2812
f 2813/2813/2813 2808/2808/2808 2809/2809/2809
f 2814/2814/2814 2813/2813/2813 2809/2809/2809
f 2813/2813/2813 2814/2814/2814 2815/2815/2815
f 2816/2816/2816 2815/2815/2815 2814/2814/2814
f 2817/2817/2817 2815/2815/2815 2816/2816/2816
f 2818/2818/2818 2807/2807/2807 2802/2802/2802
f 2819/2819/2819 2818/2818/2818 2802/2802/2802
f 2807/2807/2807 2818/2818/2818 2820/2820/2820
f 2821/2821/2821 2807/2807/2807 2820/2820/2820
f 2821/2821/2821 2820/2820/2820 2822/2822/2822
f 2823/2823/2823 2821/2821/2821 2822/2822/2822
f 2823/2823/2823 2822/2822/2822 2824/2824/2824
f 2825/2825/2825 2823/2823/2823 2824/2824/2824
f 2826/2826/2826 2820/2820/2820 2818/2818/2818
f 2825/2825/2825 2824/2824/2824 2827/2827/2827
f 2828/2828/2828 2825/2825/2825 2827/2827/2827
f 2828/2828/2828 2827/2827/2827 2829/2829/2829
f 2827/2827/2827 2830/2830/2830 2829/2829/2829
f 2829/2829/2829 2830/2830/2830 2831/2831/2831
f 2830/2830/2830 2832/2832/2832 2831/2831/2831
f 2831/2831/2831 2832/2832/2832 2833/2833/2833
f 2826/2826/2826 2818/2818/2818 2834/2834/2834
f 2832/2832/2832 2835/2835/2835 2833/2833/2833
f 2833/2833/2833 2835/2835/2835 2836/2836/2836
f 2837/2837/2837 2836/2836/2836 2835/2835/2835
f 2838/2838/2838 2833/2833/2833 2836/2836/2836
f 2836/2836/2836 2837/2837/2837 2839/2839/2839
f 2818/2818/2818 2840/2840/2840 2834/2834/2834
f 2818/2818/2818 2819/2819/2819 2840/2840/2840
f 2841/2841/2841 2834/2834/2834 2840/2840/2840
f 2819/2819/2819 2842/2842/2842 2840/2840/2840
f 2843/2843/2843 2841/2841/2841 2840/2840/2840
f 2841/2841/2841 2843/2843/2843 2844/2844/2844
f 2845/2845/2845 2843/2843/2843 2840/2840/2840
f 2845/2845/2845 2840/2840/2840 2842/2842/2842
f 2846/2846/2846 2845/2845/2845 2842/2842/2842
f 2847/2847/2847 2846/2846/2846 2842/2842/2842
f 2848/2848/2848 2846/2846/2846 2847/2847/2847
f 2847/2847/2847 2849/2849/2849 2848/2848/2848
f 2850/2850/2850 2848/2848/2848 2849/2849/2849
f 2838/2838/2838 2836/2836/2836 2851/2851/2851
f 2852/2852/2852 2838/2838/2838 2851/2851/2851
f 2852/2852/2852 2851/2851/2851 2853/2853/2853
f 2854/2854/2854 2852/2852/2852 2853/2853/2853
f 2854/2854/2854 2853/2853/2853 2855/2855/2855
f 2856/2856/2856 2854/2854/2854 2855/2855/2855
f 2857/2857/2857 2856/2856/2856 2855/2855/2855
f 2858/2858/2858 2857/2857/2857 2855/2855/2855
f 2859/2859/2859 2857/2857/2857 2858/2858/2858
f 2860/2860/2860 2859/2859/2859 2858/2858/2858
f 2861/2861/2861 2859/2859/2859 2860/2860/2860
f 2862/2862/2862 2861/2861/2861 2860/2860/2860
f 2863/2863/2863 2862/2862/2862 2860/2860/2860
f 2862/2862/2862 2863/2863/2863 2864/2864/2864
f 2863/2863/2863 2865/2865/2865 2864/2864/2864
f 2866/2866/2866 2851/2851/2851 2836/2836/2836
f 2866/2866/2866 2836/2836/2836 2867/2867/2867
f 2867/2867/2867 2836/2836/2836 2839/2839/2839
f 2868/2868/2868 2866/2866/2866 2867/2867/2867
f 2839/2839/2839 2869/2869/2869 2867/2867/2867
f 2867/2867/2867 2869/2869/2869 2868/2868/2868
f 2869/2869/2869 2839/2839/2839 2870/2870/2870
f 2871/2871/2871 2869/2869/2869 2870/2870/2870
f 2871/2871/2871 2870/2870/2870 2872/2872/2872
f 2869/2869/2869 2873/2873/2873 2868/2868/2868
f 2873/2873/2873 2874/2874/2874 2868/2868/2868
f 2874/2874/2874 2873/2873/2873 2875/2875/2875
f 2875/2875/2875 2876/2876/2876 2874/2874/2874
f 2875/2875/2875 2877/2877/2877 2876/2876/2876
f 2880/2880/2880 2879/2879/2879 2878/2878/2878
f 2879/2879/2879 2881/2881/2881 2878/2878/2878
f 2881/2881/2881 2882/2882/2882 2878/2878/2878
f 2881/2881/2881 2883/2883/2883 2882/2882/2882
f 2883/2883/2883 2884/2884/2884 2882/2882/2882
f 2884/2884/2884 2883/2883/2883 2885/2885/2885
f 2883/2883/2883 2886/2886/2886 2885/2885/2885
f 2886/2886/2886 2887/2887/2887 2885/2885/2885
f 2887/2887/2887 2888/2888/2888 2885/2885/2885
f 2887/2887/2887 2889/2889/2889 2888/2888/2888
f 2889/2889/2889 2890/2890/2890 2888/2888/2888
f 2890/2890/2890 2889/2889/2889 2891/2891/2891
f 2894/2894/2894 2893/2893/2893 2892/2892/2892
f 2893/2893/2893 2895/2895/2895 2892/2892/2892
f 2892/2892/2892 2895/2895/2895 2896/2896/2896
f 2895/2895/2895 2897/2897/2897 2896/2896/2896
f 2896/2896/2896 2897/2897/2897 2898/2898/2898
f 2897/2897/2897 2899/2899/2899 2898/2898/2898
f 2899/2899/2899 2900/2900/2900 2898/2898/2898
f 2898/2898/2898 2900/2900/2900 2901/2901/2901
f 2899/2899/2899 2902/2902/2902 2900/2900/2900
f 2903/2903/2903 2898/2898/2898 2901/2901/2901
f 2904/2904/2904 2903/2903/2903 2901/2901/2901
f 2903/2903/2903 2904/2904/2904 2905/2905/2905
f 2899/2899/2899 2906/2906/2906 2902/2902/2902
f 2907/2907/2907 2903/2903/2903 2905/2905/2905
f 2906/2906/2906 2908/2908/2908 2902/2902/2902
f 2909/2909/2909 2908/2908/2908 2906/2906/2906
f 2909/2909/2909 2906/2906/2906 2910/2910/2910
f 2905/2905/2905 2911/2911/2911 2907/2907/2907
f 2907/2907/2907 2911/2911/2911 2912/2912/2912
f 2913/2913/2913 2907/2907/2907 2912/2912/2912
f 2910/2910/2910 2906/2906/2906 2914/2914/2914
f 2910/2910/2910 2914/2914/2914 2915/2915/2915
f 2914/2914/2914 2916/2916/2916 2915/2915/2915
f 2907/2907/2907 2913/2913/2913 2917/2917/2917
f 2916/2916/2916 2914/2914/2914 2918/2918/2918
f 2913/2913/2913 2919/2919/2919 2917/2917/2917
f 2919/2919/2919 2916/2916/2916 2918/2918/2918
f 2919/2919/2919 2918/2918/2918 2917/2917/2917
f 2917/2917/2917 2918/2918/2918 2920/2920/2920
f 2918/2918/2918 2921/2921/2921 2920/2920/2920
f 2920/2920/2920 2921/2921/2921 2922/2922/2922
f 2921/2921/2921 2923/2923/2923 2922/2922/2922
f 2922/2922/2922 2923/2923/2923 2924/2924/2924
f 2923/2923/2923 2925/2925/2925 2924/2924/2924
f 2924/2924/2924 2925/2925/2925 2926/2926/2926
f 2924/2924/2924 2926/2926/2926 2927/2927/2927
f 2926/2926/2926 2925/2925/2925 2928/2928/2928
f 2924/2924/2924 2927/2927/2927 2929/2929/2929
f 2928/2928/2928 2925/2925/2925 2930/2930/2930
f 2927/2927/2927 2931/2931/2931 2929/2929/2929
f 2931/2931/2931 2932/2932/2932 2929/2929/2929
f 2932/2932/2932 2933/2933/2933 2929/2929/2929
f 2934/2934/2934 2928/2928/2928 2930/2930/2930
f 2935/2935/2935 2934/2934/2934 2930/2930/2930
f 2936/2936/2936 2935/2935/2935 2930/2930/2930
f 2929/2929/2929 2933/2933/2933 2937/2937/2937
f 2933/2933/2933 2938/2938/2938 2937/2937/2937
f 2938/2938/2938 2939/2939/2939 2937/2937/2937
f 2940/2940/2940 2937/2937/2937 2939/2939/2939
f 2941/2941/2941 2940/2940/2940 2939/2939/2939
f 2936/2936/2936 2930/2930/2930 2942/2942/2942
f 2943/2943/2943 2936/2936/2936 2942/2942/2942
f 2944/2944/2944 2943/2943/2943 2942/2942/2942
f 2942/2942/2942 2945/2945/2945 2944/2944/2944
f 2945/2945/2945 2946/2946/2946 2944/2944/2944
f 2947/2947/2947 2940/2940/2940 2941/2941/2941
f 2948/2948/2948 2947/2947/2947 2941/2941/2941
f 2949/2949/2949 2947/2947/2947 2948/2948/2948
f 2945/2945/2945 2950/2950/2950 2946/2946/2946
f 2950/2950/2950 2951/2951/2951 2946/2946/2946
f 2950/2950/2950 2952/2952/2952 2951/2951/2951
f 2947/2947/2947 2949/2949/2949 2953/2953/2953
f 2952/2952/2952 2950/2950/2950 2954/2954/2954
f 2949/2949/2949 2955/2955/2955 2953/2953/2953
f 2956/2956/2956 2953/2953/2953 2955/2955/2955
f 2957/2957/2957 2953/2953/2953 2956/2956/2956
f 2958/2958/2958 2952/2952/2952 2954/2954/2954
f 2954/2954/2954 2959/2959/2959 2958/2958/2958
f 2954/2954/2954 2960/2960/2960 2959/2959/2959
f 2953/2953/2953 2957/2957/2957 2961/2961/2961
f 2957/2957/2957 2962/2962/2962 2961/2961/2961
f 2963/2963/2963 2961/2961/2961 2962/2962/2962
f 2960/2960/2960 2954/2954/2954 2964/2964/2964
f 2963/2963/2963 2964/2964/2964 2961/2961/2961
f 2965/2965/2965 2960/2960/2960 2964/2964/2964
f 2964/2964/2964 2963/2963/2963 2965/2965/2965
f 2968/2968/2968 2967/2967/2967 2966/2966/2966
f 2967/2967/2967 2969/2969/2969 2966/2966/2966
f 2969/2969/2969 2970/2970/2970 2966/2966/2966
f 2969/2969/2969 2971/2971/2971 2970/2970/2970
f 2971/2971/2971 2972/2972/2972 2970/2970/2970
f 2971/2971/2971 2973/2973/2973 2972/2972/2972
f 2973/2973/2973 2974/2974/2974 2972/2972/2972
f 2974/2974/2974 2973/2973/2973 2975/2975/2975
f 2975/2975/2975 2976/2976/2976 2974/2974/2974
f 2976/2976/2976 2977/2977/2977 2974/2974/2974
f 2973/2973/2973 2978/2978/2978 2975/2975/2975
f 2979/2979/2979 2978/2978/2978 2973/2973/2973
f 2980/2980/2980 2979/2979/2979 2973/2973/2973
f 2974/2974/2974 2977/2977/2977 2981/2981/2981
f 2982/2982/2982 2980/2980/2980 2973/2973/2973
f 2977/2977/2977 2983/2983/2983 2981/2981/2981
f 2983/2983/2983 2984/2984/2984 2981/2981/2981
f 2980/2980/2980 2982/2982/2982 2985/2985/2985
f 2985/2985/2985 2982/2982/2982 2986/2986/2986
f 2984/2984/2984 2987/2987/2987 2981/2981/2981
f 2986/2986/2986 2982/2982/2982 2988/2988/2988
f 2982/2982/2982 2989/2989/2989 2988/2988/2988
f 2989/2989/2989 2990/2990/2990 2988/2988/2988
f 2988/2988/2988 2990/2990/2990 2991/2991/2991
f 2990/2990/2990 2992/2992/2992 2991/2991/2991
f 2991/2991/2991 2992/2992/2992 2993/2993/2993
f 2992/2992/2992 2994/2994/2994 2993/2993/2993
f 2993/2993/2993 2994/2994/2994 2995/2995/2995
f 2994/2994/2994 2996/2996/2996 2995/2995/2995
f 2987/2987/2987 2995/2995/2995 2996/2996/2996
f 2981/2981/2981 2987/2987/2987 2997/2997/2997
f 2998/2998/2998 2987/2987/2987 2996/2996/2996
f 2997/2997/2997 2987/2987/2987 2998/2998/2998
f 3001/3001/3001 3000/3000/3000 2999/2999/2999
f 3000/3000/3000 3002/3002/3002 2999/2999/2999
f 3002/3002/3002 3003/3003/3003 2999/2999/2999
f 3002/3002/3002 3004/3004/3004 3003/3003/3003
f 3004/3004/3004 3005/3005/3005 3003/3003/3003
f 3005/3005/3005 3004/3004/3004 3006/3006/3006
f 3004/3004/3004 3007/3007/3007 3006/3006/3006
f 3007/3007/3007 3008/3008/3008 3006/3006/3006
f 3008/3008/3008 3009/3009/3009 3006/3006/3006
f 3008/3008/3008 3010/3010/3010 3009/3009/3009
f 3010/3010/3010 3011/3011/3011 3009/3009/3009
f 3011/3011/3011 3010/3010/3010 3012/3012/3012
f 3015/3015/3015 3014/3014/3014 3013/3013/3013
f 3014/3014/3014 3016/3016/3016 3013/3013/3013
f 3013/3013/3013 3016/3016/3016 3017/3017/3017
f 3016/3016/3016 3018/3018/3018 3017/3017/3017
f 3019/3019/3019 3017/3017/3017 3018/3018/3018
f 3020/3020/3020 3019/3019/3019 3018/3018/3018
f 3019/3019/3019 3020/3020/3020 3021/3021/3021
f 3022/3022/3022 3019/3019/3019 3021/3021/3021
f 3022/3022/3022 3021/3021/3021 3023/3023/3023
f 3021/3021/3021 3024/3024/3024 3023/3023/3023
f 3023/3023/3023 3024/3024/3024 3025/3025/3025
f 3026/3026/3026 3023/3023/3023 3025/3025/3025
f 3026/3026/3026 3025/3025/3025 3027/3027/3027
f 3025/3025/3025 3028/3028/3028 3027/3027/3027
f 3027/3027/3027 3028/3028/3028 3029/3029/3029
f 3028/3028/3028 3030/3030/3030 3029/3029/3029
f 3029/3029/3029 3030/3030/3030 3031/3031/3031
f 3032/3032/3032 3029/3029/3029 3031/3031/3031
f 3032/3032/3032 3031/3031/3031 3033/3033/3033
f 3031/3031/3031 3034/3034/3034 3033/3033/3033
f 3035/3035/3035 3033/3033/3033 3034/3034/3034
f 3036/3036/3036 3035/3035/3035 3034/3034/3034
f 3037/3037/3037 3035/3035/3035 3036/3036/3036
f 3038/3038/3038 3037/3037/3037 3036/3036/3036
f 3039/3039/3039 3037/3037/3037 3038/3038/3038
f 3040/3040/3040 3039/3039/3039 3038/3038/3038
f 3041/3041/3041 3039/3039/3039 3040/3040/3040
f 3042/3042/3042 3041/3041/3041 3040/3040/3040
f 3041/3041/3041 3042/3042/3042 3043/3043/3043
f 3044/3044/3044 3041/3041/3041 3043/3043/3043
f 3044/3044/3044 3043/3043/3043 3045/3045/3045
f 3046/3046/3046 3044/3044/3044 3045/3045/3045
f 3046/3046/3046 3045/3045/3045 3047/3047/3047
f 3048/3048/3048 3046/3046/3046 3047/3047/3047
f 3047/3047/3047 3049/3049/3049 3048/3048/3048
f 3049/3049/3049 3050/3050/3050 3048/3048/3048
f 3049/3049/3049 3051/3051/3051 3050/3050/3050
f 3051/3051/3051 3052/3052/3052 3050/3050/3050
f 3053/3053/3053 3052/3052/3052 3051/3051/3051
f 3054/3054/3054 3053/3053/3053 3051/3051/3051
f 3054/3054/3054 3055/3055/3055 3053/3053/3053
f 3055/3055/3055 3056/3056/3056 3053/3053/3053
f 3055/3055/3055 3057/3057/3057 3056/3056/3056
f 3057/3057/3057 3058/3058/3058 3056/3056/3056
f 3059/3059/3059 3058/3058/3058 3057/3057/3057
f 3060/3060/3060 3059/3059/3059 3057/3057/3057
f 3060/3060/3060 3061/3061/3061 3059/3059/3059
f 3061/3061/3061 3062/3062/3062 3059/3059/3059
f 3063/3063/3063 3062/3062/3062 3061/3061/3061
f 3064/3064/3064 3063/3063/3063 3061/3061/3061
f 3063/3063/3063 3064/3064/3064 3065/3065/3065
f 3066/3066/3066 3063/3063/3063 3065/3065/3065
f 3065/3065/3065 3067/3067/3067 3066/3066/3066
f 3067/3067/3067 3068/3068/3068 3066/3066/3066
f 3067/3067/3067 3069/3069/3069 3068/3068/3068
f 3069/3069/3069 3070/3070/3070 3068/3068/3068
f 3073/3073/3073 3072/3072/3072 3071/3071/3071
f 3074/3074/3074 3072/3072/3072 3073/3073/3073
f 3075/3075/3075 3072/3072/3072 3074/3074/3074
f 3076/3076/3076 3072/3072/3072 3075/3075/3075
f 3077/3077/3077 3072/3072/3072 3076/3076/3076
f 3078/3078/3078 3072/3072/3072 3077/3077/3077
f 3072/3072/3072 3078/3078/3078 3079/3079/3079
f 3072/3072/3072 3079/3079/3079 3080/3080/3080
f 3072/3072/3072 3080/3080/3080 3081/3081/3081
f 3072/3072/3072 3081/3081/3081 3082/3082/3082
f 3072/3072/3072 3082/3082/3082 3083/3083/3083
f 3072/3072/3072 3083/3083/3083 3084/3084/3084
f 3087/3087/3087 3086/3086/3086 3085/3085/3085
f 3086/3086/3086 3088/3088/3088 3085/3085/3085
f 3085/3085/3085 3088/3088/3088 3089/3089/3089
f 3088/3088/3088 3090/3090/3090 3089/3089/3089
f 3089/3089/3089 3090/3090/3090 3091/3091/3091
f 3090/3090/3090 3092/3092/3092 3091/3091/3091
f 3091/3091/3091 3092/3092/3092 3093/3093/3093
f 3092/3092/3092 3094/3094/3094 3093/3093/3093
f 3093/3093/3093 3094/3094/3094 3095/3095/3095
f 3096/3096/3096 3093/3093/3093 3095/3095/3095
f 3096/3096/3096 3095/3095/3095 3097/3097/3097
f 3098/3098/3098 3096/3096/3096 3097/3097/3097
f 3098/3098/3098 3097/3097/3097 3099/3099/3099
f 3100/3100/3100 3098/3098/3098 3099/3099/3099
f 3100/3100/3100 3099/3099/3099 3101/3101/3101
f 3099/3099/3099 3102/3102/3102 3101/3101/3101
f 3103/3103/3103 3101/3101/3101 3102/3102/3102
f 3104/3104/3104 3103/3103/3103 3102/3102/3102
f 3103/3103/3103 3104/3104/3104 3105/3105/3105
f 3104/3104/3104 3106/3106/3106 3105/3105/3105
f 3105/3105/3105 3106/3106/3106 3107/3107/3107
f 3108/3108/3108 3105/3105/3105 3107/3107/3107
f 3108/3108/3108 3107/3107/3107 3109/3109/3109
f 3110/3110/3110 3108/3108/3108 3109/3109/3109
f 3110/3110/3110 3109/3109/3109 3111/3111/3111
f 3112/3112/3112 3110/3110/3110 3111/3111/3111
f 3112/3112/3112 3111/3111/3111 3113/3113/3113
f 3111/3111/3111 3114/3114/3114 3113/3113/3113
f 3117/3117/3117 3116/3116/3116 3115/3115/3115
f 3117/3117/3117 3115/3115/3115 3118/3118/3118
f 3115/3115/3115 3119/3119/3119 3118/3118/3118
f 3118/3118/3118 3119/3119/3119 3120/3120/3120
f 3119/3119/3119 3121/3121/3121 3120/3120/3120
f 3122/3122/3122 3120/3120/3120 3121/3121/3121
f 3123/3123/3123 3122/3122/3122 3121/3121/3121
f 3124/3124/3124 3122/3122/3122 3123/3123/3123
f 3124/3124/3124 3125/3125/3125 3122/3122/3122
f 3125/3125/3125 3126/3126/3126 3122/3122/3122
f 3127/3127/3127 3124/3124/3124 3123/3123/3123
f 3128/3128/3128 3127/3127/3127 3123/3123/3123
f 3129/3129/3129 3128/3128/3128 3123/3123/3123
f 3126/3126/3126 3130/3130/3130 3122/3122/3122
f 3129/3129/3129 3123/3123/3123 3131/3131/3131
f 3130/3130/3130 3126/3126/3126 3132/3132/3132
f 3130/3130/3130 3132/3132/3132 3133/3133/3133
f 3134/3134/3134 3129/3129/3129 3131/3131/3131
f 3135/3135/3135 3134/3134/3134 3131/3131/3131
f 3130/3130/3130 3133/3133/3133 3136/3136/3136
f 3137/3137/3137 3130/3130/3130 3136/3136/3136
f 3138/3138/3138 3137/3137/3137 3136/3136/3136
f 3138/3138/3138 3136/3136/3136 3139/3139/3139
f 3140/3140/3140 3138/3138/3138 3139/3139/3139
f 3140/3140/3140 3139/3139/3139 3141/3141/3141
f 3142/3142/3142 3140/3140/3140 3141/3141/3141
f 3142/3142/3142 3141/3141/3141 3143/3143/3143
f 3144/3144/3144 3142/3142/3142 3143/3143/3143
f 3145/3145/3145 3135/3135/3135 3131/3131/3131
f 3143/3143/3143 3145/3145/3145 3144/3144/3144
f 3131/3131/3131 3146/3146/3146 3145/3145/3145
f 3145/3145/3145 3147/3147/3147 3144/3144/3144
f 3145/3145/3145 3146/3146/3146 3147/3147/3147
f 3150/3150/3150 3149/3149/3149 3148/3148/3148
f 3151/3151/3151 3150/3150/3150 3148/3148/3148
f 3152/3152/3152 3150/3150/3150 3151/3151/3151
f 3153/3153/3153 3152/3152/3152 3151/3151/3151
f 3154/3154/3154 3152/3152/3152 3153/3153/3153
f 3155/3155/3155 3154/3154/3154 3153/3153/3153
f 3156/3156/3156 3154/3154/3154 3155/3155/3155
f 3157/3157/3157 3156/3156/3156 3155/3155/3155
f 3158/3158/3158 3156/3156/3156 3157/3157/3157
f 3159/3159/3159 3158/3158/3158 3157/3157/3157
f 3160/3160/3160 3158/3158/3158 3159/3159/3159
f 3161/3161/3161 3160/3160/3160 3159/3159/3159
f 3162/3162/3162 3160/3160/3160 3161/3161/3161
f 3163/3163/3163 3162/3162/3162 3161/3161/3161
f 3164/3164/3164 3162/3162/3162 3163/3163/3163
f 3165/3165/3165 3164/3164/3164 3163/3163/3163
f 3166/3166/3166 3164/3164/3164 3165/3165/3165
f 3167/3167/3167 3166/3166/3166 3165/3165/3165
f 3168/3168/3168 3166/3166/3166 3167/3167/3167
f 3169/3169/3169 3168/3168/3168 3167/3167/3167
f 3170/3170/3170 3168/3168/3168 3169/3169/3169
f 3171/3171/3171 3170/3170/3170 3169/3169/3169
f 3172/3172/3172 3170/3170/3170 3171/3171/3171
f 3173/3173/3173 3172/3172/3172 3171/3171/3171
f 3174/3174/3174 3172/3172/3172 3173/3173/3173
f 3175/3175/3175 3174/3174/3174 3173/3173/3173
f 3176/3176/3176 3174/3174/3174 3175/3175/3175
f 3177/3177/3177 3176/3176/3176 3175/3175/3175
f 3178/3178/3178 3176/3176/3176 3177/3177/3177
f 3179/3179/3179 3178/3178/3178 3177/3177/3177
f 3180/3180/3180 3178/3178/3178 3179/3179/3179
f 3181/3181/3181 3180/3180/3180 3179/3179/3179
f 3182/3182/3182 3180/3180/3180 3181/3181/3181
f 3183/3183/3183 3182/3182/3182 3181/3181/3181
f 3184/3184/3184 3182/3182/3182 3183/3183/3183
f 3185/3185/3185 3184/3184/3184 3183/3183/3183
f 3186/3186/3186 3184/3184/3184 3185/3185/3185
f 3187/3187/3187 3186/3186/3186 3185/3185/3185
f 3188/3188/3188 3186/3186/3186 3187/3187/3187
f 3189/3189/3189 3188/3188/3188 3187/3187/3187
f 3190/3190/3190 3188/3188/3188 3189/3189/3189
f 3191/3191/3191 3190/3190/3190 3189/3189/3189
f 3192/3192/3192 3190/3190/3190 3191/3191/3191
f 3193/3193/3193 3192/3192/3192 3191/3191/3191
f 3194/3194/3194 3192/3192/3192 3193/3193/3193
f 3195/3195/3195 3194/3194/3194 3193/3193/3193
f 3196/3196/3196 3194/3194/3194 3195/3195/3195
f 3197/3197/3197 3196/3196/3196 3195/3195/3195
f 3198/3198/3198 3196/3196/3196 3197/3197/3197
f 3199/3199/3199 3198/3198/3198 3197/3197/3197
f 3200/3200/3200 3198/3198/3198 3199/3199/3199
f 3201/3201/3201 3200/3200/3200 3199/3199/3199
f 3202/3202/3202 3200/3200/3200 3201/3201/3201
f 3203/3203/3203 3202/3202/3202 3201/3201/3201
f 3204/3204/3204 3202/3202/3202 3203/3203/3203
f 3205/3205/3205 3204/3204/3204 3203/3203/3203
f 3208/3208/3208 3207/3207/3207 3206/3206/3206
f 3209/3209/3209 3208/3208/3208 3206/3206/3206
f 3210/3210/3210 3208/3208/3208 3209/3209/3209
f 3211/3211/3211 3210/3210/3210 3209/3209/3209
f 3212/3212/3212 3210/3210/3210 3211/3211/3211
f 3213/3213/3213 3212/3212/3212 3211/3211/3211
f 3214/3214/3214 3212/3212/3212 3213/3213/3213
f 3215/3215/3215 3214/3214/3214 3213/3213/3213
f 3216/3216/3216 3214/3214/3214 3215/3215/3215
f 3217/3217/3217 3216/3216/3216 3215/3215/3215
f 3218/3218/3218 3216/3216/3216 3217/3217/3217
f 3219/3219/3219 3218/3218/3218 3217/3217/3217
f 3220/3220/3220 3218/3218/3218 3219/3219/3219
f 3221/3221/3221 3220/3220/3220 3219/3219/3219
f 3222/3222/3222 3220/3220/3220 3221/3221/3221
f 3223/3223/3223 3222/3222/3222 3221/3221/3221
f 3224/3224/3224 3222/3222/3222 3223/3223/3223
f 3225/3225/3225 3224/3224/3224 3223/3223/3223
f 3226/3226/3226 3224/3224/3224 3225/3225/3225
f 3227/3227/3227 3226/3226/3226 3225/3225/3225
f 3228/3228/3228 3226/3226/3226 3227/3227/3227
f 3229/3229/3229 3228/3228/3228 3227/3227/3227
f 3230/3230/3230 3228/3228/3228 3229/3229/3229
f 3231/3231/3231 3230/3230/3230 3229/3229/3229
f 3232/3232/3232 3230/3230/3230 3231/3231/3231
f 3233/3233/3233 3232/3232/3232 3231/3231/3231
f 3234/3234/3234 3232/3232/3232 3233/3233/3233
f 3235/3235/3235 3234/3234/3234 3233/3233/3233
f 3236/3236/3236 3234/3234/3234 3235/3235/3235
f 3237/3237/3237 3236/3236/3236 3235/3235/3235
f 3238/3238/3238 3236/3236/3236 3237/3237/3237
f 3239/3239/3239 3238/3238/3238 3237/3237/3237
f 3240/3240/3240 3238/3238/3238 3239/3239/3239
f 3241/3241/3241 3240/3240/3240 3239/3239/3239
f 3242/3242/3242 3240/3240/3240 3241/3241/3241
f 3243/3243/3243 3242/3242/3242 3241/3241/3241
f 3244/3244/3244 3242/3242/3242 3243/3243/3243
f 3245/3245/3245 3244/3244/3244 3243/3243/3243
f 3246/3246/3246 3244/3244/3244 3245/3245/3245
f 3247/3247/3247 3246/3246/3246 3245/3245/3245
f 3248/3248/3248 3246/3246/3246 3247/3247/3247
f 3249/3249/3249 3248/3248/3248 3247/3247/3247
f 3250/3250/3250 3248/3248/3248 3249/3249/3249
f 3251/3251/3251 3250/3250/3250 3249/3249/3249
f 3252/3252/3252 3250/3250/3250 3251/3251/3251
f 3253/3253/3253 3252/3252/3252 3251/3251/3251
f 3254/3254/3254 3252/3252/3252 3253/3253/3253
f 3255/3255/3255 3254/3254/3254 3253/3253/3253
f 3256/3256/3256 3254/3254/3254 3255/3255/3255
f 3257/3257/3257 3256/3256/3256 3255/3255/3255
f 3258/3258/3258 3256/3256/3256 3257/3257/3257
f 3259/3259/3259 3258/3258/3258 3257/3257/3257
f 3260/3260/3260 3258/3258/3258 3259/3259/3259
f 3261/3261/3261 3260/3260/3260 3259/3259/3259
f 3262/3262/3262 3260/3260/3260 3261/3261/3261
f 3263/3263/3263 3262/3262/3262 3261/3261/3261
f 3266/3266/3266 3265/3265/3265 3264/3264/3264
f 3265/3265/3265 3267/3267/3267 3264/3264/3264
f 3264/3264/3264 3267/3267/3267 3268/3268/3268
f 3267/3267/3267 3269/3269/3269 3268/3268/3268
f 3268/3268/3268 3269/3269/3269 3270/3270/3270
f 3269/3269/3269 3271/3271/3271 3270/3270/3270
f 3270/3270/3270 3271/3271/3271 3272/3272/3272
f 3271/3271/3271 3273/3273/3273 3272/3272/3272
f 3272/3272/3272 3273/3273/3273 3274/3274/3274
f 3273/3273/3273 3275/3275/3275 3274/3274/3274
f 3274/3274/3274 3275/3275/3275 3276/3276/3276
f 3275/3275/3275 3277/3277/3277 3276/3276/3276
f 3276/3276/3276 3277/3277/3277 3278/3278/3278
f 3281/3281/3281 3280/3280/3280 3279/3279/3279
f 3282/3282/3282 3281/3281/3281 3279/3279/3279
f 3283/3283/3283 3281/3281/3281 3282/3282/3282
f 3284/3284/3284 3283/3283/3283 3282/3282/3282
f 3285/3285/3285 3283/3283/3283 3284/3284/3284
f 3286/3286/3286 3285/3285/3285 3284/3284/3284
f 3287/3287/3287 3285/3285/3285 3286/3286/3286
f 3288/3288/3288 3287/3287/3287 3286/3286/3286
f 3289/3289/3289 3287/3287/3287 3288/3288/3288
f 3290/3290/3290 3289/3289/3289 3288/3288/3288
f 3291/3291/3291 3289/3289/3289 3290/3290/3290
f 3292/3292/3292 3291/3291/3291 3290/3290/3290
f 3293/3293/3293 3291/3291/3291 3292/3292/3292
f 3296/3296/3296 3295/3295/3295 3294/3294/3294
f 3297/3297/3297 3296/3296/3296 3294/3294/3294
f 3298/3298/3298 3297/3297/3297 3294/3294/3294
f 3297/3297/3297 3298/3298/3298 3299/3299/3299
f 3300/3300/3300 3297/3297/3297 3299/3299/3299
f 3300/3300/3300 3299/3299/3299 3301/3301/3301
f 3302/3302/3302 3300/3300/3300 3301/3301/3301
f 3302/3302/3302 3301/3301/3301 3303/3303/3303
f 3304/3304/3304 3302/3302/3302 3303/3303/3303
f 3304/3304/3304 3303/3303/3303 3305/3305/3305
f 3306/3306/3306 3304/3304/3304 3305/3305/3305
f 3307/3307/3307 3306/3306/3306 3305/3305/3305
f 3308/3308/3308 3307/3307/3307 3305/3305/3305
f 3309/3309/3309 3307/3307/3307 3308/3308/3308
f 3312/3312/3312 3311/3311/3311 3310/3310/3310
f 3311/3311/3311 3313/3313/3313 3310/3310/3310
f 3310/3310/3310 3313/3313/3313 3314/3314/3314
f 3313/3313/3313 3315/3315/3315 3314/3314/3314
f 3314/3314/3314 3315/3315/3315 3316/3316/3316
f 3315/3315/3315 3317/3317/3317 3316/3316/3316
f 3316/3316/3316 3317/3317/3317 3318/3318/3318
f 3317/3317/3317 3319/3319/3319 3318/3318/3318
f 3318/3318/3318 3319/3319/3319 3320/3320/3320
f 3319/3319/3319 3321/3321/3321 3320/3320/3320
f 3320/3320/3320 3321/3321/3321 3322/3322/3322
f 3321/3321/3321 3323/3323/3323 3322/3322/3322
f 3322/3322/3322 3323/3323/3323 3324/3324/3324
f 3323/3323/3323 3325/3325/3325 3324/3324/3324
f 3324/3324/3324 3325/3325/3325 3326/3326/3326
f 3325/3325/3325 3327/3327/3327 3326/3326/3326
f 3326/3326/3326 3327/3327/3327 3328/3328/3328
f 3327/3327/3327 3329/3329/3329 3328/3328/3328
f 3328/3328/3328 3329/3329/3329 3330/3330/3330
f 3329/3329/3329 3331/3331/3331 3330/3330/3330
f 3330/3330/3330 3331/3331/3331 3332/3332/3332
f 3331/3331/3331 3333/3333/3333 3332/3332/3332
f 3332/3332/3332 3333/3333/3333 3334/3334/3334
f 3333/3333/3333 3335/3335/3335 3334/3334/3334
f 3334/3334/3334 3335/3335/3335 3336/3336/3336
f 3335/3335/3335 3337/3337/3337 3336/3336/3336
f 3336/3336/3336 3337/3337/3337 3338/3338/3338
f 3337/3337/3337 3339/3339/3339 3338/3338/3338
f 3338/3338/3338 3339/3339/3339 3340/3340/3340
f 3339/3339/3339 3341/3341/3341 3340/3340/3340
f 3340/3340/3340 3341/3341/3341 3342/3342/3342
f 3341/3341/3341 3343/3343/3343 3342/3342/3342
f 3346/3346/3346 3345/3345/3345 3344/3344/3344
f 3345/3345/3345 3347/3347/3347 3344/3344/3344
f 3344/3344/3344 3347/3347/3347 3348/3348/3348
f 3347/3347/3347 3349/3349/3349 3348/3348/3348
f 3348/3348/3348 3349/3349/3349 3350/3350/3350
f 3349/3349/3349 3351/3351/3351 3350/3350/3350
f 3350/3350/3350 3351/3351/3351 3352/3352/3352
f 3351/3351/3351 3353/3353/3353 3352/3352/3352
f 3352/3352/3352 3353/3353/3353 3354/3354/3354
f 3353/3353/3353 3355/3355/3355 3354/3354/3354
f 3354/3354/3354 3355/3355/3355 3356/3356/3356
f 3355/3355/3355 3357/3357/3357 3356/3356/3356
f 3360/3360/3360 3359/3359/3359 3358/3358/3358
f 3361/3361/3361 3360/3360/3360 3358/3358/3358
f 3362/3362/3362 3360/3360/3360 3361/3361/3361
f 3363/3363/3363 3362/3362/3362 3361/3361/3361
f 3366/3366/3366 3365/3365/3365 3364/3364/3364
f 3367/3367/3367 3366/3366/3366 3364/3364/3364
f 3368/3368/3368 3366/3366/3366 3367/3367/3367
f 3369/3369/3369 3368/3368/3368 3367/3367/3367
f 3370/3370/3370 3368/3368/3368 3369/3369/3369
f 3371/3371/3371 3370/3370/3370 3369/3369/3369
f 3372/3372/3372 3370/3370/3370 3371/3371/3371
f 3373/3373/3373 3372/3372/3372 3371/3371/3371
f 3374/3374/3374 3372/3372/3372 3373/3373/3373
f 3375/3375/3375 3374/3374/3374 3373/3373/3373
f 3376/3376/3376 3374/3374/3374 3375/3375/3375
f 3377/3377/3377 3376/3376/3376 3375/3375/3375
f 3380/3380/3380 3379/3379/3379 3378/3378/3378
f 3381/3381/3381 3380/3380/3380 3378/3378/3378
f 3382/3382/3382 3380/3380/3380 3381/3381/3381
f 3383/3383/3383 3382/3382/3382 3381/3381/3381
f 3386/3386/3386 3385/3385/3385 3384/3384/3384
f 3385/3385/3385 3387/3387/3387 3384/3384/3384
f 3384/3384/3384 3387/3387/3387 3388/3388/3388
f 3387/3387/3387 3389/3389/3389 3388/3388/3388
f 3388/3388/3388 3389/3389/3389 3390/3390/3390
f 3389/3389/3389 3391/3391/3391 3390/3390/3390
f 3390/3390/3390 3391/3391/3391 3392/3392/3392
f 3391/3391/3391 3393/3393/3393 3392/3392/3392
f 3394/3394/3394 3390/3390/3390 3392/3392/3392
f 3392/3392/3392 3393/3393/3393 3395/3395/3395
f 3396/3396/3396 3390/3390/3390 3394/3394/3394
f 3393/3393/3393 3397/3397/3397 3395/3395/3395
f 3396/3396/3396 3394/3394/3394 3398/3398/3398
f 3395/3395/3395 3397/3397/3397 3399/3399/3399
f 3400/3400/3400 3396/3396/3396 3398/3398/3398
f 3397/3397/3397 3401/3401/3401 3399/3399/3399
f 3400/3400/3400 3398/3398/3398 3402/3402/3402
f 3403/3403/3403 3400/3400/3400 3402/3402/3402
f 3399/3399/3399 3401/3401/3401 3404/3404/3404
f 3401/3401/3401 3405/3405/3405 3404/3404/3404
f 3405/3405/3405 3406/3406/3406 3404/3404/3404
f 3406/3406/3406 3407/3407/3407 3404/3404/3404
f 3406/3406/3406 3408/3408/3408 3407/3407/3407
f 3408/3408/3408 3409/3409/3409 3407/3407/3407
f 3408/3408/3408 3410/3410/3410 3409/3409/3409
f 3410/3410/3410 3411/3411/3411 3409/3409/3409
f 3403/3403/3403 3402/3402/3402 3412/3412/3412
f 3413/3413/3413 3403/3403/3403 3412/3412/3412
f 3414/3414/3414 3413/3413/3413 3412/3412/3412
f 3415/3415/3415 3414/3414/3414 3412/3412/3412
f 3416/3416/3416 3414/3414/3414 3415/3415/3415
f 3417/3417/3417 3416/3416/3416 3415/3415/3415
f 3418/3418/3418 3416/3416/3416 3417/3417/3417
f 3410/3410/3410 3419/3419/3419 3411/3411/3411
f 3420/3420/3420 3418/3418/3418 3417/3417/3417
f 3420/3420/3420 3411/3411/3411 3419/3419/3419
f 3421/3421/3421 3418/3418/3418 3420/3420/3420
f 3421/3421/3421 3420/3420/3420 3419/3419/3419
f 3421/3421/3421 3419/3419/3419 3422/3422/3422
f 3423/3423/3423 3421/3421/3421 3422/3422/3422
f 3423/3423/3423 3422/3422/3422 3424/3424/3424
f 3425/3425/3425 3423/3423/3423 3424/3424/3424
f 3428/3428/3428 3427/3427/3427 3426/3426/3426
f 3428/3428/3428 3426/3426/3426 3429/3429/3429
f 3426/3426/3426 3430/3430/3430 3429/3429/3429
f 3429/3429/3429 3430/3430/3430 3431/3431/3431
f 3430/3430/3430 3432/3432/3432 3431/3431/3431
f 3431/3431/3431 3432/3432/3432 3433/3433/3433
f 3434/3434/3434 3431/3431/3431 3433/3433/3433
f 3435/3435/3435 3434/3434/3434 3433/3433/3433
f 3436/3436/3436 3435/3435/3435 3433/3433/3433
f 3437/3437/3437 3435/3435/3435 3436/3436/3436
f 3438/3438/3438 3437/3437/3437 3436/3436/3436
f 3438/3438/3438 3439/3439/3439 3437/3437/3437
f 3442/3442/3442 3441/3441/3441 3440/3440/3440
f 3441/3441/3441 3443/3443/3443 3440/3440/3440
f 3441/3441/3441 3444/3444/3444 3443/3443/3443
f 3444/3444/3444 3445/3445/3445 3443/3443/3443
f 3444/3444/3444 3446/3446/3446 3445/3445/3445
f 3446/3446/3446 3447/3447/3447 3445/3445/3445
f 3447/3447/3447 3446/3446/3446 3448/3448/3448
f 3449/3449/3449 3448/3448/3448 3446/3446/3446
f 3450/3450/3450 3447/3447/3447 3448/3448/3448
f 3451/3451/3451 3448/3448/3448 3449/3449/3449
f 3447/3447/3447 3450/3450/3450 3452/3452/3452
f 3453/3453/3453 3451/3451/3451 3449/3449/3449
f 3452/3452/3452 3450/3450/3450 3454/3454/3454
f 3455/3455/3455 3451/3451/3451 3453/3453/3453
f 3456/3456/3456 3452/3452/3452 3454/3454/3454
f 3457/3457/3457 3455/3455/3455 3453/3453/3453
f 3456/3456/3456 3454/3454/3454 3458/3458/3458
f 3459/3459/3459 3456/3456/3456 3458/3458/3458
f 3460/3460/3460 3455/3455/3455 3457/3457/3457
f 3461/3461/3461 3460/3460/3460 3457/3457/3457
f 3461/3461/3461 3462/3462/3462 3460/3460/3460
f 3462/3462/3462 3463/3463/3463 3460/3460/3460
f 3462/3462/3462 3464/3464/3464 3463/3463/3463
f 3464/3464/3464 3465/3465/3465 3463/3463/3463
f 3464/3464/3464 3466/3466/3466 3465/3465/3465
f 3466/3466/3466 3467/3467/3467 3465/3465/3465
f 3459/3459/3459 3458/3458/3458 3468/3468/3468
f 3469/3469/3469 3459/3459/3459 3468/3468/3468
f 3469/3469/3469 3468/3468/3468 3470/3470/3470
f 3468/3468/3468 3471/3471/3471 3470/3470/3470
f 3470/3470/3470 3471/3471/3471 3472/3472/3472
f 3471/3471/3471 3473/3473/3473 3472/3472/3472
f 3472/3472/3472 3473/3473/3473 3474/3474/3474
f 3475/3475/3475 3467/3467/3467 3466/3466/3466
f 3473/3473/3473 3476/3476/3476 3474/3474/3474
f 3476/3476/3476 3467/3467/3467 3475/3475/3475
f 3474/3474/3474 3476/3476/3476 3477/3477/3477
f 3477/3477/3477 3476/3476/3476 3475/3475/3475
f 3478/3478/3478 3477/3477/3477 3475/3475/3475
f 3479/3479/3479 3478/3478/3478 3475/3475/3475
f 3480/3480/3480 3478/3478/3478 3479/3479/3479
f 3481/3481/3481 3480/3480/3480 3479/3479/3479
f 3484/3484/3484 3483/3483/3483 3482/3482/3482
f 3483/3483/3483 3485/3485/3485 3482/3482/3482
f 3485/3485/3485 3486/3486/3486 3482/3482/3482
f 3485/3485/3485 3487/3487/3487 3486/3486/3486
f 3487/3487/3487 3488/3488/3488 3486/3486/3486
f 3489/3489/3489 3488/3488/3488 3487/3487/3487
f 3490/3490/3490 3489/3489/3489 3487/3487/3487
f 3489/3489/3489 3490/3490/3490 3491/3491/3491
f 3492/3492/3492 3489/3489/3489 3491/3491/3491
f 3492/3492/3492 3491/3491/3491 3493/3493/3493
f 3494/3494/3494 3492/3492/3492 3493/3493/3493
f 3495/3495/3495 3494/3494/3494 3493/3493/3493
f 3498/3498/3498 3497/3497/3497 3496/3496/3496
f 3497/3497/3497 3499/3499/3499 3496/3496/3496
f 3499/3499/3499 3497/3497/3497 3500/3500/3500
f 3497/3497/3497 3501/3501/3501 3500/3500/3500
f 3501/3501/3501 3502/3502/3502 3500/3500/3500
f 3502/3502/3502 3503/3503/3503 3500/3500/3500
f 3503/3503/3503 3502/3502/3502 3504/3504/3504
f 3505/3505/3505 3503/3503/3503 3504/3504/3504
f 3504/3504/3504 3506/3506/3506 3505/3505/3505
f 3506/3506/3506 3507/3507/3507 3505/3505/3505
f 3508/3508/3508 3507/3507/3507 3506/3506/3506
f 3509/3509/3509 3508/3508/3508 3506/3506/3506
f 3512/3512/3512 3511/3511/3511 3510/3510/3510
f 3513/3513/3513 3510/3510/3510 3511/3511/3511
f 3513/3513/3513 3514/3514/3514 3510/3510/3510
f 3514/3514/3514 3515/3515/3515 3510/3510/3510
f 3516/3516/3516 3515/3515/3515 3514/3514/3514
f 3517/3517/3517 3516/3516/3516 3514/3514/3514
f 3520/3520/3520 3519/3519/3519 3518/3518/3518
f 3519/3519/3519 3521/3521/3521 3518/3518/3518
f 3519/3519/3519 3522/3522/3522 3521/3521/3521
f 3522/3522/3522 3523/3523/3523 3521/3521/3521
f 3522/3522/3522 3524/3524/3524 3523/3523/3523
f 3524/3524/3524 3525/3525/3525 3523/3523/3523
f 3528/3528/3528 3527/3527/3527 3526/3526/3526
f 3529/3529/3529 3528/3528/3528 3526/3526/3526
f 3528/3528/3528 3529/3529/3529 3530/3530/3530
f 3531/3531/3531 3528/3528/3528 3530/3530/3530
f 3532/3532/3532 3531/3531/3531 3530/3530/3530
f 3533/3533/3533 3532/3532/3532 3530/3530/3530
f 3534/3534/3534 3532/3532/3532 3533/3533/3533
f 3535/3535/3535 3534/3534/3534 3533/3533/3533
f 3536/3536/3536 3534/3534/3534 3535/3535/3535
f 3537/3537/3537 3536/3536/3536 3535/3535/3535
f 3537/3537/3537 3538/3538/3538 3536/3536/3536
f 3538/3538/3538 3539/3539/3539 3536/3536/3536
f 3542/3542/3542 3541/3541/3541 3540/3540/3540
f 3540/3540/3540 3543/3543/3543 3542/3542/3542
f 3544/3544/3544 3543/3543/3543 3540/3540/3540
f 3545/3545/3545 3544/3544/3544 3540/3540/3540
f 3544/3544/3544 3545/3545/3545 3546/3546/3546
f 3547/3547/3547 3544/3544/3544 3546/3546/3546
f 3550/3550/3550 3549/3549/3549 3548/3548/3548
f 3551/3551/3551 3550/3550/3550 3548/3548/3548
f 3552/3552/3552 3550/3550/3550 3551/3551/3551
f 3553/3553/3553 3552/3552/3552 3551/3551/3551
f 3554/3554/3554 3552/3552/3552 3553/3553/3553
f 3555/3555/3555 3554/3554/3554 3553/3553/3553
f 3558/3558/3558 3557/3557/3557 3556/3556/3556
f 3559/3559/3559 3558/3558/3558 3556/3556/3556
f 3560/3560/3560 3558/3558/3558 3559/3559/3559
f 3561/3561/3561 3560/3560/3560 3559/3559/3559
f 3561/3561/3561 3562/3562/3562 3560/3560/3560
f 3562/3562/3562 3563/3563/3563 3560/3560/3560
f 3563/3563/3563 3562/3562/3562 3564/3564/3564
f 3565/3565/3565 3563/3563/3563 3564/3564/3564
f 3565/3565/3565 3564/3564/3564 3566/3566/3566
f 3564/3564/3564 3567/3567/3567 3566/3566/3566
f 3566/3566/3566 3567/3567/3567 3568/3568/3568
f 3567/3567/3567 3569/3569/3569 3568/3568/3568
f 3572/3572/3572 3571/3571/3571 3570/3570/3570
f 3571/3571/3571 3573/3573/3573 3570/3570/3570
f 3570/3570/3570 3573/3573/3573 3574/3574/3574
f 3575/3575/3575 3570/3570/3570 3574/3574/3574
f 3578/3578/3578 3577/3577/3577 3576/3576/3576
f 3577/3577/3577 3579/3579/3579 3576/3576/3576
f 3580/3580/3580 3576/3576/3576 3579/3579/3579
f 3577/3577/3577 3581/3581/3581 3579/3579/3579
f 3582/3582/3582 3580/3580/3580 3579/3579/3579
f 3581/3581/3581 3583/3583/3583 3579/3579/3579
f 3582/3582/3582 3579/3579/3579 3583/3583/3583
f 3581/3581/3581 3584/3584/3584 3583/3583/3583
f 3585/3585/3585 3582/3582/3582 3583/3583/3583
f 3584/3584/3584 3586/3586/3586 3583/3583/3583
f 3585/3585/3585 3583/3583/3583 3586/3586/3586
f 3584/3584/3584 3587/3587/3587 3586/3586/3586
f 3588/3588/3588 3585/3585/3585 3586/3586/3586
f 3587/3587/3587 3589/3589/3589 3586/3586/3586
f 3588/3588/3588 3586/3586/3586 3589/3589/3589
f 3587/3587/3587 3590/3590/3590 3589/3589/3589
f 3591/3591/3591 3588/3588/3588 3589/3589/3589
f 3590/3590/3590 3592/3592/3592 3589/3589/3589
f 3591/3591/3591 3589/3589/3589 3592/3592/3592
f 3590/3590/3590 3593/3593/3593 3592/3592/3592
f 3594/3594/3594 3591/3591/3591 3592/3592/3592
f 3593/3593/3593 3595/3595/3595 3592/3592/3592
f 3594/3594/3594 3592/3592/3592 3595/3595/3595
f 3596/3596/3596 3594/3594/3594 3595/3595/3595
f 3599/3599/3599 3598/3598/3598 3597/3597/3597
f 3600/3600/3600 3599/3599/3599 3597/3597/3597
f 3603/3603/3603 3602/3602/3602 3601/3601/3601
f 3603/3603/3603 3604/3604/3604 3602/3602/3602
f 3603/3603/3603 3605/3605/3605 3604/3604/3604
f 3605/3605/3605 3606/3606/3606 3604/3604/3604
f 3609/3609/3609 3608/3608/3608 3607/3607/3607
f 3610/3610/3610 3609/3609/3609 3607/3607/3607
f 3613/3613/3613 3612/3612/3612 3611/3611/3611
f 3612/3612/3612 3614/3614/3614 3611/3611/3611
f 3612/3612/3612 3615/3615/3615 3614/3614/3614
f 3615/3615/3615 3616/3616/3616 3614/3614/3614
f 3617/3617/3617 3616/3616/3616 3615/3615/3615
f 3618/3618/3618 3617/3617/3617 3615/3615/3615
f 3617/3617/3617 3618/3618/3618 3619/3619/3619
f 3618/3618/3618 3620/3620/3620 3619/3619/3619
f 3619/3619/3619 3620/3620/3620 3621/3621/3621
f 3622/3622/3622 3619/3619/3619 3621/3621/3621
f 3622/3622/3622 3621/3621/3621 3623/3623/3623
f 3624/3624/3624 3622/3622/3622 3623/3623/3623
f 3627/3627/3627 3626/3626/3626 3625/3625/3625
f 3628/3628/3628 3627/3627/3627 3625/3625/3625
f 3628/3628/3628 3625/3625/3625 3629/3629/3629
f 3625/3625/3625 3630/3630/3630 3629/3629/3629
f 3633/3633/3633 3632/3632/3632 3631/3631/3631
f 3634/3634/3634 3633/3633/3633 3631/3631/3631
f 3631/3631/3631 3635/3635/3635 3634/3634/3634
f 3636/3636/3636 3633/3633/3633 3634/3634/3634
f 3635/3635/3635 3637/3637/3637 3634/3634/3634
f 3638/3638/3638 3636/3636/3636 3634/3634/3634
f 3634/3634/3634 3637/3637/3637 3638/3638/3638
f 3639/3639/3639 3636/3636/3636 3638/3638/3638
f 3637/3637/3637 3640/3640/3640 3638/3638/3638
f 3641/3641/3641 3639/3639/3639 3638/3638/3638
f 3638/3638/3638 3640/3640/3640 3641/3641/3641
f 3642/3642/3642 3639/3639/3639 3641/3641/3641
f 3640/3640/3640 3643/3643/3643 3641/3641/3641
f 3644/3644/3644 3642/3642/3642 3641/3641/3641
f 3641/3641/3641 3643/3643/3643 3644/3644/3644
f 3645/3645/3645 3642/3642/3642 3644/3644/3644
f 3643/3643/3643 3646/3646/3646 3644/3644/3644
f 3647/3647/3647 3645/3645/3645 3644/3644/3644
f 3644/3644/3644 3646/3646/3646 3647/3647/3647
f 3648/3648/3648 3645/3645/3645 3647/3647/3647
f 3646/3646/3646 3649/3649/3649 3647/3647/3647
f 3650/3650/3650 3648/3648/3648 3647/3647/3647
f 3647/3647/3647 3649/3649/3649 3650/3650/3650
f 3649/3649/3649 3651/3651/3651 3650/3650/3650
f 3654/3654/3654 3653/3653/3653 3652/3652/3652
f 3655/3655/3655 3654/3654/3654 3652/3652/3652
f 3658/3658/3658 3657/3657/3657 3656/3656/3656
f 3659/3659/3659 3657/3657/3657 3658/3658/3658
f 3660/3660/3660 3657/3657/3657 3659/3659/3659
f 3661/3661/3661 3660/3660/3660 3659/3659/3659
f 3664/3664/3664 3663/3663/3663 3662/3662/3662
f 3665/3665/3665 3664/3664/3664 3662/3662/3662
f 3666/3666/3666 3665/3665/3665 3662/3662/3662
f 3667/3667/3667 3665/3665/3665 3666/3666/3666
f 3668/3668/3668 3665/3665/3665 3667/3667/3667
f 3669/3669/3669 3665/3665/3665 3668/3668/3668
f 3670/3670/3670 3669/3669/3669 3668/3668/3668
f 3671/3671/3671 3669/3669/3669 3670/3670/3670
f 3674/3674/3674 3673/3673/3673 3672/3672/3672
f 3675/3675/3675 3674/3674/3674 3672/3672/3672
f 3678/3678/3678 3677/3677/3677 3676/3676/3676
f 3677/3677/3677 3679/3679/3679 3676/3676/3676
f 3677/3677/3677 3680/3680/3680 3679/3679/3679
f 3680/3680/3680 3681/3681/3681 3679/3679/3679
f 3680/3680/3680 3682/3682/3682 3681/3681/3681
f 3682/3682/3682 3683/3683/3683 3681/3681/3681
f 3682/3682/3682 3684/3684/3684 3683/3683/3683
f 3684/3684/3684 3685/3685/3685 3683/3683/3683
f 3684/3684/3684 3686/3686/3686 3685/3685/3685
f 3686/3686/3686 3687/3687/3687 3685/3685/3685
f 3686/3686/3686 3688/3688/3688 3687/3687/3687
f 3688/3688/3688 3689/3689/3689 3687/3687/3687
f 3688/3688/3688 3690/3690/3690 3689/3689/3689
f 3690/3690/3690 3691/3691/3691 3689/3689/3689
f 3690/3690/3690 3692/3692/3692 3691/3691/3691
f 3692/3692/3692 3693/3693/3693 3691/3691/3691
f 3692/3692/3692 3694/3694/3694 3693/3693/3693
f 3694/3694/3694 3695/3695/3695 3693/3693/3693
f 3694/3694/3694 3696/3696/3696 3695/3695/3695
f 3696/3696/3696 3697/3697/3697 3695/3695/3695
f 3696/3696/3696 3698/3698/3698 3697/3697/3697
f 3698/3698/3698 3699/3699/3699 3697/3697/3697
f 3698/3698/3698 3700/3700/3700 3699/3699/3699
f 3700/3700/3700 3701/3701/3701 3699/3699/3699
f 3700/3700/3700 3702/3702/3702 3701/3701/3701
f 3702/3702/3702 3703/3703/3703 3701/3701/3701
f 3702/3702/3702 3704/3704/3704 3703/3703/3703
f 3704/3704/3704 3705/3705/3705 3703/3703/3703
f 3704/3704/3704 3706/3706/3706 3705/3705/3705
f 3706/3706/3706 3707/3707/3707 3705/3705/3705
f 3706/3706/3706 3708/3708/3708 3707/3707/3707
f 3708/3708/3708 3709/3709/3709 3707/3707/3707
f 3712/3712/3712 3711/3711/3711 3710/3710/3710
f 3711/3711/3711 3713/3713/3713 3710/3710/3710
f 3710/3710/3710 3713/3713/3713 3714/3714/3714
f 3713/3713/3713 3715/3715/3715 3714/3714/3714
f 3714/3714/3714 3715/3715/3715 3716/3716/3716
f 3715/3715/3715 3717/3717/3717 3716/3716/3716
f 3716/3716/3716 3717/3717/3717 3718/3718/3718
f 3717/3717/3717 3719/3719/3719 3718/3718/3718
f 3718/3718/3718 3719/3719/3719 3720/3720/3720
f 3719/3719/3719 3721/3721/3721 3720/3720/3720
f 3720/3720/3720 3721/3721/3721 3722/3722/3722
f 3721/3721/3721 3723/3723/3723 3722/3722/3722
f 3722/3722/3722 3723/3723/3723 3724/3724/3724
f 3723/3723/3723 3725/3725/3725 3724/3724/3724
f 3724/3724/3724 3725/3725/3725 3726/3726/3726
f 3725/3725/3725 3727/3727/3727 3726/3726/3726
f 3726/3726/3726 3727/3727/3727 3728/3728/3728
f 3727/3727/3727 3729/3729/3729 3728/3728/3728
f 3728/3728/3728 3729/3729/3729 3730/3730/3730
f 3729/3729/3729 3731/3731/3731 3730/3730/3730
f 3730/3730/3730 3731/3731/3731 3732/3732/3732
f 3731/3731/3731 3733/3733/3733 3732/3732/3732
f 3732/3732/3732 3733/3733/3733 3734/3734/3734
f 3733/3733/3733 3735/3735/3735 3734/3734/3734
f 3734/3734/3734 3735/3735/3735 3736/3736/3736
f 3735/3735/3735 3737/3737/3737 3736/3736/3736
f 3736/3736/3736 3737/3737/3737 3738/3738/3738
f 3737/3737/3737 3739/3739/3739 3738/3738/3738
f 3738/3738/3738 3739/3739/3739 3740/3740/3740
f 3739/3739/3739 3741/3741/3741 3740/3740/3740
f 3740/3740/3740 3741/3741/3741 3742/3742/3742
f 3741/3741/3741 3743/3743/3743 3742/3742/3742
f 3746/3746/3746 3745/3745/3745 3744/3744/3744
f 3745/3745/3745 3747/3747/3747 3744/3744/3744
f 3744/3744/3744 3747/3747/3747 3748/3748/3748
f 3747/3747/3747 3749/3749/3749 3748/3748/3748
f 3748/3748/3748 3749/3749/3749 3750/3750/3750
f 3749/3749/3749 3751/3751/3751 3750/3750/3750
f 3750/3750/3750 3751/3751/3751 3752/3752/3752
f 3751/3751/3751 3753/3753/3753 3752/3752/3752
f 3752/3752/3752 3753/3753/3753 3754/3754/3754
f 3753/3753/3753 3755/3755/3755 3754/3754/3754
f 3754/3754/3754 3755/3755/3755 3756/3756/3756
f 3755/3755/3755 3757/3757/3757 3756/3756/3756
f 3756/3756/3756 3757/3757/3757 3758/3758/3758
f 3757/3757/3757 3759/3759/3759 3758/3758/3758
f 3758/3758/3758 3759/3759/3759 3760/3760/3760
f 3759/3759/3759 3761/3761/3761 3760/3760/3760
f 3760/3760/3760 3761/3761/3761 3762/3762/3762
f 3761/3761/3761 3763/3763/3763 3762/3762/3762
f 3762/3762/3762 3763/3763/3763 3764/3764/3764
f 3763/3763/3763 3765/3765/3765 3764/3764/3764
f 3764/3764/3764 3765/3765/3765 3766/3766/3766
f 3765/3765/3765 3767/3767/3767 3766/3766/3766
f 3766/3766/3766 3767/3767/3767 3768/3768/3768
f 3767/3767/3767 3769/3769/3769 3768/3768/3768
f 3768/3768/3768 3769/3769/3769 3770/3770/3770
f 3769/3769/3769 3771/3771/3771 3770/3770/3770
f 3770/3770/3770 3771/3771/3771 3772/3772/3772
f 3771/3771/3771 3773/3773/3773 3772/3772/3772
f 3772/3772/3772 3773/3773/3773 3774/3774/3774
f 3773/3773/3773 3775/3775/3775 3774/3774/3774
f 3774/3774/3774 3775/3775/3775 3776/3776/3776
f 3775/3775/3775 3777/3777/3777 3776/3776/3776
f 3780/3780/3780 3779/3779/3779 3778/3778/3778
f 3779/3779/3779 3781/3781/3781 3778/3778/3778
f 3781/3781/3781 3782/3782/3782 3778/3778/3778
f 3781/3781/3781 3783/3783/3783 3782/3782/3782
f 3783/3783/3783 3784/3784/3784 3782/3782/3782
f 3783/3783/3783 3785/3785/3785 3784/3784/3784
f 3785/3785/3785 3786/3786/3786 3784/3784/3784
f 3785/3785/3785 3787/3787/3787 3786/3786/3786
f 3787/3787/3787 3788/3788/3788 3786/3786/3786
f 3788/3788/3788 3787/3787/3787 3789/3789/3789
f 3787/3787/3787 3790/3790/3790 3789/3789/3789
f 3789/3789/3789 3790/3790/3790 3791/3791/3791
f 3792/3792/3792 3789/3789/3789 3791/3791/3791
f 3793/3793/3793 3792/3792/3792 3791/3791/3791
f 3796/3796/3796 3795/3795/3795 3794/3794/3794
f 3794/3794/3794 3795/3795/3795 3797/3797/3797
f 3795/3795/3795 3798/3798/3798 3797/3797/3797
f 3797/3797/3797 3798/3798/3798 3799/3799/3799
f 3800/3800/3800 3797/3797/3797 3799/3799/3799
f 3801/3801/3801 3800/3800/3800 3799/3799/3799
f 3802/3802/3802 3801/3801/3801 3799/3799/3799
f 3803/3803/3803 3801/3801/3801 3802/3802/3802
f 3804/3804/3804 3803/3803/3803 3802/3802/3802
f 3805/3805/3805 3803/3803/3803 3804/3804/3804
f 3806/3806/3806 3805/3805/3805 3804/3804/3804
f 3807/3807/3807 3805/3805/3805 3806/3806/3806
f 3808/3808/3808 3807/3807/3807 3806/3806/3806
f 3809/3809/3809 3807/3807/3807 3808/3808/3808
f 3812/3812/3812 3811/3811/3811 3810/3810/3810
f 3813/3813/3813 3812/3812/3812 3810/3810/3810
f 3812/3812/3812 3813/3813/3813 3814/3814/3814
f 3813/3813/3813 3815/3815/3815 3814/3814/3814
f 3814/3814/3814 3815/3815/3815 3816/3816/3816
f 3815/3815/3815 3817/3817/3817 3816/3816/3816
f 3816/3816/3816 3817/3817/3817 3818/3818/3818
f 3817/3817/3817 3819/3819/3819 3818/3818/3818
f 3818/3818/3818 3819/3819/3819 3820/3820/3820
f 3819/3819/3819 3821/3821/3821 3820/3820/3820
f 3820/3820/3820 3821/3821/3821 3822/3822/3822
f 3821/3821/3821 3823/3823/3823 3822/3822/3822
f 3822/3822/3822 3823/3823/3823 3824/3824/3824
f 3823/3823/3823 3825/3825/3825 3824/3824/3824
f 3826/3826/3826 3824/3824/3824 3825/3825/3825
f 3827/3827/3827 3826/3826/3826 3825/3825/3825
f 3826/3826/3826 3827/3827/3827 3828/3828/3828
f 3827/3827/3827 3829/3829/3829 3828/3828/3828
f 3828/3828/3828 3829/3829/3829 3830/3830/3830
f 3829/3829/3829 3831/3831/3831 3830/3830/3830
f 3832/3832/3832 3830/3830/3830 3831/3831/3831
f 3833/3833/3833 3832/3832/3832 3831/3831/3831
f 3832/3832/3832 3833/3833/3833 3834/3834/3834
f 3833/3833/3833 3835/3835/3835 3834/3834/3834
f 3834/3834/3834 3835/3835/3835 3836/3836/3836
f 3835/3835/3835 3837/3837/3837 3836/3836/3836
f 3836/3836/3836 3837/3837/3837 3838/3838/3838
f 3837/3837/3837 3839/3839/3839 3838/3838/3838
f 3840/3840/3840 3838/3838/3838 3839/3839/3839
f 3841/3841/3841 3840/3840/3840 3839/3839/3839
f 3840/3840/3840 3841/3841/3841 3842/3842/3842
f 3841/3841/3841 3843/3843/3843 3842/3842/3842
f 3846/3846/3846 3845/3845/3845 3844/3844/3844
f 3845/3845/3845 3847/3847/3847 3844/3844/3844
f 3844/3844/3844 3847/3847/3847 3848/3848/3848
f 3847/3847/3847 3849/3849/3849 3848/3848/3848
f 3848/3848/3848 3849/3849/3849 3850/3850/3850
f 3849/3849/3849 3851/3851/3851 3850/3850/3850
f 3850/3850/3850 3851/3851/3851 3852/3852/3852
f 3851/3851/3851 3853/3853/3853 3852/3852/3852
f 3852/3852/3852 3853/3853/3853 3854/3854/3854
f 3853/3853/3853 3855/3855/3855 3854/3854/3854
f 3854/3854/3854 3855/3855/3855 3856/3856/3856
f 3855/3855/3855 3857/3857/3857 3856/3856/3856
f 3856/3856/3856 3857/3857/3857 3858/3858/3858
f 3857/3857/3857 3859/3859/3859 3858/3858/3858
f 3858/3858/3858 3859/3859/3859 3860/3860/3860
f 3859/3859/3859 3861/3861/3861 3860/3860/3860
f 3860/3860/3860 3861/3861/3861 3862/3862/3862
f 3861/3861/3861 3863/3863/3863 3862/3862/3862
f 3862/3862/3862 3863/3863/3863 3864/3864/3864
f 3863/3863/3863 3865/3865/3865 3864/3864/3864
f 3864/3864/3864 3865/3865/3865 3866/3866/3866
f 3865/3865/3865 3867/3867/3867 3866/3866/3866
f 3866/3866/3866 3867/3867/3867 3868/3868/3868
f 3867/3867/3867 3869/3869/3869 3868/3868/3868
f 3868/3868/3868 3869/3869/3869 3870/3870/3870
f 3869/3869/3869 3871/3871/3871 3870/3870/3870
f 3870/3870/3870 3871/3871/3871 3872/3872/3872
f 3871/3871/3871 3873/3873/3873 3872/3872/3872
f 3872/3872/3872 3873/3873/3873 3874/3874/3874
f 3873/3873/3873 3875/3875/3875 3874/3874/3874
f 3874/3874/3874 3875/3875/3875 3876/3876/3876
f 3875/3875/3875 3877/3877/3877 3876/3876/3876
f 3880/3880/3880 3879/3879/3879 3878/3878/3878
f 3879/3879/3879 3881/3881/3881 3878/3878/3878
f 3878/3878/3878 3881/3881/3881 3882/3882/3882
f 3881/3881/3881 3883/3883/3883 3882/3882/3882
f 3882/3882/3882 3883/3883/3883 3884/3884/3884
f 3883/3883/3883 3885/3885/3885 3884/3884/3884
f 3884/3884/3884 3885/3885/3885 3886/3886/3886
f 3885/3885/3885 3887/3887/3887 3886/3886/3886
f 3886/3886/3886 3887/3887/3887 3888/3888/3888
f 3887/3887/3887 3889/3889/3889 3888/3888/3888
f 3888/3888/3888 3889/3889/3889 3890/3890/3890
f 3889/3889/3889 3891/3891/3891 3890/3890/3890
f 3890/3890/3890 3891/3891/3891 3892/3892/3892
f 3891/3891/3891 3893/3893/3893 3892/3892/3892
f 3892/3892/3892 3893/3893/3893 3894/3894/3894
f 3893/3893/3893 3895/3895/3895 3894/3894/3894
f 3894/3894/3894 3895/3895/3895 3896/3896/3896
f 3895/3895/3895 3897/3897/3897 3896/3896/3896
f 3896/3896/3896 3897/3897/3897 3898/3898/3898
f 3897/3897/3897 3899/3899/3899 3898/3898/3898
f 3898/3898/3898 3899/3899/3899 3900/3900/3900
f 3899/3899/3899 3901/3901/3901 3900/3900/3900
f 3900/3900/3900 3901/3901/3901 3902/3902/3902
f 3901/3901/3901 3903/3903/3903 3902/3902/3902
f 3902/3902/3902 3903/3903/3903 3904/3904/3904
f 3903/3903/3903 3905/3905/3905 3904/3904/3904
f 3904/3904/3904 3905/3905/3905 3906/3906/3906
f 3905/3905/3905 3907/3907/3907 3906/3906/3906
f 3906/3906/3906 3907/3907/3907 3908/3908/3908
f 3907/3907/3907 3909/3909/3909 3908/3908/3908
f 3908/3908/3908 3909/3909/3909 3910/3910/3910
f 3909/3909/3909 3911/3911/3911 3910/3910/3910
f 3914/3914/3914 3913/3913/3913 3912/3912/3912
f 3913/3913/3913 3915/3915/3915 3912/3912/3912
f 3915/3915/3915 3916/3916/3916 3912/3912/3912
f 3915/3915/3915 3917/3917/3917 3916/3916/3916
f 3917/3917/3917 3918/3918/3918 3916/3916/3916
f 3917/3917/3917 3919/3919/3919 3918/3918/3918
f 3919/3919/3919 3920/3920/3920 3918/3918/3918
f 3919/3919/3919 3921/3921/3921 3920/3920/3920
f 3921/3921/3921 3922/3922/3922 3920/3920/3920
f 3923/3923/3923 3922/3922/3922 3921/3921/3921
f 3924/3924/3924 3923/3923/3923 3921/3921/3921
f 3923/3923/3923 3924/3924/3924 3925/3925/3925
f 3926/3926/3926 3923/3923/3923 3925/3925/3925
f 3927/3927/3927 3926/3926/3926 3925/3925/3925
f 3930/3930/3930 3929/3929/3929 3928/3928/3928
f 3928/3928/3928 3929/3929/3929 3931/3931/3931
f 3929/3929/3929 3932/3932/3932 3931/3931/3931
f 3931/3931/3931 3932/3932/3932 3933/3933/3933
f 3932/3932/3932 3934/3934/3934 3933/3933/3933
f 3933/3933/3933 3934/3934/3934 3935/3935/3935
f 3934/3934/3934 3936/3936/3936 3935/3935/3935
f 3935/3935/3935 3936/3936/3936 3937/3937/3937
f 3936/3936/3936 3938/3938/3938 3937/3937/3937
f 3937/3937/3937 3938/3938/3938 3939/3939/3939
f 3940/3940/3940 3937/3937/3937 3939/3939/3939
f 3941/3941/3941 3940/3940/3940 3939/3939/3939
f 3942/3942/3942 3941/3941/3941 3939/3939/3939
f 3943/3943/3943 3941/3941/3941 3942/3942/3942
f 3946/3946/3946 3945/3945/3945 3944/3944/3944
f 3945/3945/3945 3947/3947/3947 3944/3944/3944
f 3944/3944/3944 3947/3947/3947 3948/3948/3948
f 3947/3947/3947 3949/3949/3949 3948/3948/3948
f 3952/3952/3952 3951/3951/3951 3950/3950/3950
f 3951/3951/3951 3953/3953/3953 3950/3950/3950
f 3954/3954/3954 3950/3950/3950 3953/3953/3953
f 3954/3954/3954 3955/3955/3955 3950/3950/3950
f 3958/3958/3958 3957/3957/3957 3956/3956/3956
f 3959/3959/3959 3958/3958/3958 3956/3956/3956
f 3962/3962/3962 3961/3961/3961 3960/3960/3960
f 3961/3961/3961 3963/3963/3963 3960/3960/3960
f 3964/3964/3964 3963/3963/3963 3961/3961/3961
f 3967/3967/3967 3966/3966/3966 3965/3965/3965
f 3968/3968/3968 3967/3967/3967 3965/3965/3965
f 3969/3969/3969 3968/3968/3968 3965/3965/3965
f 3970/3970/3970 3968/3968/3968 3969/3969/3969
f 3971/3971/3971 3970/3970/3970 3969/3969/3969
f 3974/3974/3974 3973/3973/3973 3972/3972/3972
f 3973/3973/3973 3975/3975/3975 3972/3972/3972
f 3972/3972/3972 3975/3975/3975 3976/3976/3976
f 3975/3975/3975 3977/3977/3977 3976/3976/3976
f 3976/3976/3976 3977/3977/3977 3978/3978/3978
f 3977/3977/3977 3979/3979/3979 3978/3978/3978
f 3980/3980/3980 3978/3978/3978 3979/3979/3979
f 3981/3981/3981 3980/3980/3980 3979/3979/3979
f 3984/3984/3984 3983/3983/3983 3982/3982/3982
f 3984/3984/3984 3982/3982/3982 3985/3985/3985
f 3982/3982/3982 3986/3986/3986 3985/3985/3985
f 3985/3985/3985 3986/3986/3986 3987/3987/3987
f 3988/3988/3988 3985/3985/3985 3987/3987/3987
f 3987/3987/3987 3989/3989/3989 3988/3988/3988
f 3989/3989/3989 3990/3990/3990 3988/3988/3988
f 3989/3989/3989 3991/3991/3991 3990/3990/3990
f 3991/3991/3991 3992/3992/3992 3990/3990/3990
f 3992/3992/3992 3991/3991/3991 3993/3993/3993
f 3991/3991/3991 3994/3994/3994 3993/3993/3993
f 3995/3995/3995 3993/3993/3993 3994/3994/3994
f 3996/3996/3996 3995/3995/3995 3994/3994/3994
f 3995/3995/3995 3996/3996/3996 3997/3997/3997
f 3998/3998/3998 3995/3995/3995 3997/3997/3997
f 3999/3999/3999 3998/3998/3998 3997/3997/3997
f 4002/4002/4002 4001/4001/4001 4000/4000/4000
f 4003/4003/4003 4002/4002/4002 4000/4000/4000
f 4002/4002/4002 4003/4003/4003 4004/4004/4004
f 4003/4003/4003 4005/4005/4005 4004/4004/4004
f 4005/4005/4005 4006/4006/4006 4004/4004/4004
f 4006/4006/4006 4007/4007/4007 4004/4004/4004
f 4008/4008/4008 4007/4007/4007 4006/4006/4006
f 4009/4009/4009 4008/4008/4008 4006/4006/4006
f 4008/4008/4008 4009/4009/4009 4010/4010/4010
f 4009/4009/4009 4011/4011/4011 4010/4010/4010
f 4011/4011/4011 4012/4012/4012 4010/4010/4010
f 4012/4012/4012 4013/4013/4013 4010/4010/4010
f 4014/4014/4014 4013/4013/4013 4012/4012/4012
f 4015/4015/4015 4014/4014/4014 4012/4012/4012
f 4014/4014/4014 4015/4015/4015 4016/4016/4016
f 4017/4017/4017 4014/4014/4014 4016/4016/4016
f 4016/4016/4016 4018/4018/4018 4017/4017/4017
f 4018/4018/4018 4019/4019/4019 4017/4017/4017
f 4019/4019/4019 4018/4018/4018 4020/4020/4020
f 4018/4018/4018 4021/4021/4021 4020/4020/4020
f 4021/4021/4021 4022/4022/4022 4020/4020/4020
f 4022/4022/4022 4023/4023/4023 4020/4020/4020
f 4024/4024/4024 4023/4023/4023 4022/4022/4022
f 4025/4025/4025 4024/4024/4024 4022/4022/4022
f 4025/4025/4025 4026/4026/4026 4024/4024/4024
f 4026/4026/4026 4027/4027/4027 4024/4024/4024
f 4026/4026/4026 4028/4028/4028 4027/4027/4027
f 4028/4028/4028 4029/4029/4029 4027/4027/4027
f 4030/4030/4030 4029/4029/4029 4028/4028/4028
f 4031/4031/4031 4030/4030/4030 4028/4028/4028
f 4031/4031/4031 4032/4032/4032 4030/4030/4030
f 4032/4032/4032 4033/4033/4033 4030/4030/4030
f 4033/4033/4033 4032/4032/4032 4034/4034/4034
f 4035/4035/4035 4033/4033/4033 4034/4034/4034
f 4038/4038/4038 4037/4037/4037 4036/4036/4036
f 4036/4036/4036 4037/4037/4037 4039/4039/4039
f 4037/4037/4037 4040/4040/4040 4039/4039/4039
f 4040/4040/4040 4041/4041/4041 4039/4039/4039
f 4041/4041/4041 4042/4042/4042 4039/4039/4039
f 4043/4043/4043 4042/4042/4042 4041/4041/4041
f 4044/4044/4044 4043/4043/4043 4041/4041/4041
f 4044/4044/4044 4045/4045/4045 4043/4043/4043
f 4045/4045/4045 4046/4046/4046 4043/4043/4043
f 4046/4046/4046 4045/4045/4045 4047/4047/4047
f 4048/4048/4048 4046/4046/4046 4047/4047/4047
f 4048/4048/4048 4047/4047/4047 4049/4049/4049
f 4047/4047/4047 4050/4050/4050 4049/4049/4049
f 4050/4050/4050 4051/4051/4051 4049/4049/4049
f 4051/4051/4051 4052/4052/4052 4049/4049/4049
f 4051/4051/4051 4053/4053/4053 4052/4052/4052
f 4056/4056/4056 4055/4055/4055 4054/4054/4054
f 4055/4055/4055 4057/4057/4057 4054/4054/4054
f 4057/4057/4057 4058/4058/4058 4054/4054/4054
f 4059/4059/4059 4058/4058/4058 4057/4057/4057
f 4060/4060/4060 4059/4059/4059 4057/4057/4057
f 4060/4060/4060 4057/4057/4057 4061/4061/4061
f 4062/4062/4062 4060/4060/4060 4061/4061/4061
f 4063/4063/4063 4062/4062/4062 4061/4061/4061
f 4066/4066/4066 4065/4065/4065 4064/4064/4064
f 4067/4067/4067 4066/4066/4066 4064/4064/4064
f 4068/4068/4068 4067/4067/4067 4064/4064/4064
f 4069/4069/4069 4067/4067/4067 4068/4068/4068
f 4070/4070/4070 4069/4069/4069 4068/4068/4068
f 4073/4073/4073 4072/4072/4072 4071/4071/4071
f 4072/4072/4072 4074/4074/4074 4071/4071/4071
f 4075/4075/4075 4074/4074/4074 4072/4072/4072
f 4076/4076/4076 4075/4075/4075 4072/4072/4072
f 4077/4077/4077 4075/4075/4075 4076/4076/4076
f 4080/4080/4080 4079/4079/4079 4078/4078/4078
f 4081/4081/4081 4080/4080/4080 4078/4078/4078
f 4081/4081/4081 4078/4078/4078 4082/4082/4082
f 4083/4083/4083 4081/4081/4081 4082/4082/4082
f 4082/4082/4082 4084/4084/4084 4083/4083/4083
f 4084/4084/4084 4085/4085/4085 4083/4083/4083
f 4085/4085/4085 4084/4084/4084 4086/4086/4086
f 4087/4087/4087 4085/4085/4085 4086/4086/4086
f 4090/4090/4090 4089/4089/4089 4088/4088/4088
f 4089/4089/4089 4091/4091/4091 4088/4088/4088
f 4088/4088/4088 4091/4091/4091 4092/4092/4092
f 4091/4091/4091 4093/4093/4093 4092/4092/4092
f 4092/4092/4092 4093/4093/4093 4094/4094/4094
f 4093/4093/4093 4095/4095/4095 4094/4094/4094
f 4094/4094/4094 4095/4095/4095 4096/4096/4096
f 4095/4095/4095 4097/4097/4097 4096/4096/4096
f 4096/4096/4096 4097/4097/4097 4098/4098/4098
f 4097/4097/4097 4099/4099/4099 4098/4098/4098
f 4098/4098/4098 4099/4099/4099 4100/4100/4100
f 4099/4099/4099 4101/4101/4101 4100/4100/4100
f 4100/4100/4100 4101/4101/4101 4102/4102/4102
f 4101/4101/4101 4103/4103/4103 4102/4102/4102
f 4102/4102/4102 4103/4103/4103 4104/4104/4104
f 4103/4103/4103 4105/4105/4105 4104/4104/4104
f 4104/4104/4104 4105/4105/4105 4106/4106/4106
f 4105/4105/4105 4107/4107/4107 4106/4106/4106
f 4106/4106/4106 4107/4107/4107 4108/4108/4108
f 4107/4107/4107 4109/4109/4109 4108/4108/4108
f 4108/4108/4108 4109/4109/4109 4110/4110/4110
f 4109/4109/4109 4111/4111/4111 4110/4110/4110
f 4110/4110/4110 4111/4111/4111 4112/4112/4112
f 4111/4111/4111 4113/4113/4113 4112/4112/4112
f 4112/4112/4112 4113/4113/4113 4114/4114/4114
f 4113/4113/4113 4115/4115/4115 4114/4114/4114
f 4114/4114/4114 4115/4115/4115 4116/4116/4116
f 4115/4115/4115 4117/4117/4117 4116/4116/4116
f 4116/4116/4116 4117/4117/4117 4118/4118/4118
f 4117/4117/4117 4119/4119/4119 4118/4118/4118
f 4118/4118/4118 4119/4119/4119 4120/4120/4120
f 4119/4119/4119 4121/4121/4121 4120/4120/4120
f 4124/4124/4124 4123/4123/4123 4122/4122/4122
f 4122/4122/4122 4123/4123/4123 4125/4125/4125
f 4123/4123/4123 4126/4126/4126 4125/4125/4125
f 4125/4125/4125 4126/4126/4126 4127/4127/4127
f 4126/4126/4126 4128/4128/4128 4127/4127/4127
f 4127/4127/4127 4128/4128/4128 4129/4129/4129
f 4128/4128/4128 4130/4130/4130 4129/4129/4129
f 4129/4129/4129 4130/4130/4130 4131/4131/4131
f 4132/4132/4132 4129/4129/4129 4131/4131/4131
f 4133/4133/4133 4132/4132/4132 4131/4131/4131
f 4134/4134/4134 4133/4133/4133 4131/4131/4131
f 4135/4135/4135 4133/4133/4133 4134/4134/4134
f 4136/4136/4136 4135/4135/4135 4134/4134/4134
f 4137/4137/4137 4135/4135/4135 4136/4136/4136
f 4140/4140/4140 4139/4139/4139 4138/4138/4138
f 4141/4141/4141 4140/4140/4140 4138/4138/4138
f 4138/4138/4138 4142/4142/4142 4141/4141/4141
f 4142/4142/4142 4143/4143/4143 4141/4141/4141
f 4144/4144/4144 4143/4143/4143 4142/4142/4142
f 4145/4145/4145 4144/4144/4144 4142/4142/4142
f 4146/4146/4146 4144/4144/4144 4145/4145/4145
f 4147/4147/4147 4146/4146/4146 4145/4145/4145
f 4148/4148/4148 4146/4146/4146 4147/4147/4147
f 4149/4149/4149 4148/4148/4148 4147/4147/4147
f 4150/4150/4150 4148/4148/4148 4149/4149/4149
f 4151/4151/4151 4150/4150/4150 4149/4149/4149
f 4152/4152/4152 4150/4150/4150 4151/4151/4151
f 4153/4153/4153 4152/4152/4152 4151/4151/4151
f 4152/4152/4152 4153/4153/4153 4154/4154/4154
f 4155/4155/4155 4152/4152/4152 4154/4154/4154
f 4155/4155/4155 4154/4154/4154 4156/4156/4156
f 4157/4157/4157 4155/4155/4155 4156/4156/4156
f 4160/4160/4160 4159/4159/4159 4158/4158/4158
f 4161/4161/4161 4160/4160/4160 4158/4158/4158
f 4161/4161/4161 4158/4158/4158 4162/4162/4162
f 4163/4163/4163 4161/4161/4161 4162/4162/4162
f 4163/4163/4163 4162/4162/4162 4164/4164/4164
f 4165/4165/4165 4163/4163/4163 4164/4164/4164
f 4166/4166/4166 4165/4165/4165 4164/4164/4164
f 4167/4167/4167 4166/4166/4166 4164/4164/4164
f 4168/4168/4168 4166/4166/4166 4167/4167/4167
f 4169/4169/4169 4168/4168/4168 4167/4167/4167
f 4172/4172/4172 4171/4171/4171 4170/4170/4170
f 4173/4173/4173 4172/4172/4172 4170/4170/4170
f 4176/4176/4176 4175/4175/4175 4174/4174/4174
f 4175/4175/4175 4177/4177/4177 4174/4174/4174
f 4177/4177/4177 4175/4175/4175 4178/4178/4178
f 4175/4175/4175 4179/4179/4179 4178/4178/4178
f 4179/4179/4179 4180/4180/4180 4178/4178/4178
f 4180/4180/4180 4181/4181/4181 4178/4178/4178
f 4180/4180/4180 4182/4182/4182 4181/4181/4181
f 4182/4182/4182 4183/4183/4183 4181/4181/4181
f 4183/4183/4183 4182/4182/4182 4184/4184/4184
f 4182/4182/4182 4185/4185/4185 4184/4184/4184
f 4184/4184/4184 4185/4185/4185 4186/4186/4186
f 4187/4187/4187 4184/4184/4184 4186/4186/4186
f 4190/4190/4190 4189/4189/4189 4188/4188/4188
f 4191/4191/4191 4190/4190/4190 4188/4188/4188
f 4188/4188/4188 4192/4192/4192 4191/4191/4191
f 4192/4192/4192 4193/4193/4193 4191/4191/4191
f 4194/4194/4194 4193/4193/4193 4192/4192/4192
f 4195/4195/4195 4194/4194/4194 4192/4192/4192
f 4194/4194/4194 4195/4195/4195 4196/4196/4196
f 4197/4197/4197 4194/4194/4194 4196/4196/4196
f 4200/4200/4200 4199/4199/4199 4198/4198/4198
f 4201/4201/4201 4200/4200/4200 4198/4198/4198
f 4204/4204/4204 4203/4203/4203 4202/4202/4202
f 4205/4205/4205 4204/4204/4204 4202/4202/4202
f 4208/4208/4208 4207/4207/4207 4206/4206/4206
f 4209/4209/4209 4208/4208/4208 4206/4206/4206
f 4210/4210/4210 4209/4209/4209 4206/4206/4206
f 4211/4211/4211 4209/4209/4209 4210/4210/4210
f 4212/4212/4212 4210/4210/4210 4206/4206/4206
f 4213/4213/4213 4211/4211/4211 4210/4210/4210
f 4212/4212/4212 4206/4206/4206 4214/4214/4214
f 4215/4215/4215 4212/4212/4212 4214/4214/4214
f 4216/4216/4216 4215/4215/4215 4214/4214/4214
f 4217/4217/4217 4211/4211/4211 4213/4213/4213
f 4218/4218/4218 4217/4217/4217 4213/4213/4213
f 4219/4219/4219 4217/4217/4217 4218/4218/4218
f 4220/4220/4220 4219/4219/4219 4218/4218/4218
f 4221/4221/4221 4219/4219/4219 4220/4220/4220
f 4222/4222/4222 4221/4221/4221 4220/4220/4220
f 4223/4223/4223 4220/4220/4220 4218/4218/4218
f 4224/4224/4224 4223/4223/4223 4218/4218/4218
f 4225/4225/4225 4223/4223/4223 4224/4224/4224
f 4225/4225/4225 4224/4224/4224 4226/4226/4226
f 4227/4227/4227 4223/4223/4223 4225/4225/4225
f 4228/4228/4228 4225/4225/4225 4226/4226/4226
f 4228/4228/4228 4226/4226/4226 4229/4229/4229
f 4230/4230/4230 4227/4227/4227 4225/4225/4225
f 4231/4231/4231 4230/4230/4230 4225/4225/4225
f 4232/4232/4232 4227/4227/4227 4230/4230/4230
f 4233/4233/4233 4232/4232/4232 4230/4230/4230
f 4236/4236/4236 4235/4235/4235 4234/4234/4234
f 4235/4235/4235 4237/4237/4237 4234/4234/4234
f 4237/4237/4237 4238/4238/4238 4234/4234/4234
f 4237/4237/4237 4239/4239/4239 4238/4238/4238
f 4238/4238/4238 4240/4240/4240 4234/4234/4234
f 4239/4239/4239 4241/4241/4241 4238/4238/4238
f 4242/4242/4242 4234/4234/4234 4240/4240/4240
f 4243/4243/4243 4242/4242/4242 4240/4240/4240
f 4243/4243/4243 4244/4244/4244 4242/4242/4242
f 4239/4239/4239 4245/4245/4245 4241/4241/4241
f 4245/4245/4245 4246/4246/4246 4241/4241/4241
f 4245/4245/4245 4247/4247/4247 4246/4246/4246
f 4247/4247/4247 4248/4248/4248 4246/4246/4246
f 4247/4247/4247 4249/4249/4249 4248/4248/4248
f 4249/4249/4249 4250/4250/4250 4248/4248/4248
f 4248/4248/4248 4251/4251/4251 4246/4246/4246
f 4251/4251/4251 4252/4252/4252 4246/4246/4246
f 4251/4251/4251 4253/4253/4253 4252/4252/4252
f 4251/4251/4251 4254/4254/4254 4253/4253/4253
f 4253/4253/4253 4255/4255/4255 4252/4252/4252
f 4255/4255/4255 4256/4256/4256 4252/4252/4252
f 4255/4255/4255 4257/4257/4257 4256/4256/4256
f 4254/4254/4254 4258/4258/4258 4253/4253/4253
f 4258/4258/4258 4259/4259/4259 4253/4253/4253
f 4254/4254/4254 4260/4260/4260 4258/4258/4258
f 4260/4260/4260 4261/4261/4261 4258/4258/4258
f 4264/4264/4264 4263/4263/4263 4262/4262/4262
f 4265/4265/4265 4264/4264/4264 4262/4262/4262
f 4268/4268/4268 4267/4267/4267 4266/4266/4266
f 4269/4269/4269 4268/4268/4268 4266/4266/4266
f 4272/4272/4272 4271/4271/4271 4270/4270/4270
f 4273/4273/4273 4272/4272/4272 4270/4270/4270
f 4276/4276/4276 4275/4275/4275 4274/4274/4274
f 4277/4277/4277 4276/4276/4276 4274/4274/4274
f 4280/4280/4280 4279/4279/4279 4278/4278/4278
f 4281/4281/4281 4280/4280/4280 4278/4278/4278
f 4284/4284/4284 4283/4283/4283 4282/4282/4282
f 4285/4285/4285 4284/4284/4284 4282/4282/4282
f 4288/4288/4288 4287/4287/4287 4286/4286/4286
f 4289/4289/4289 4288/4288/4288 4286/4286/4286
f 4292/4292/4292 4291/4291/4291 4290/4290/4290
f 4293/4293/4293 4292/4292/4292 4290/4290/4290
f 4296/4296/4296 4295/4295/4295 4294/4294/4294
f 4297/4297/4297 4296/4296/4296 4294/4294/4294
f 4300/4300/4300 4299/4299/4299 4298/4298/4298
f 4301/4301/4301 4300/4300/4300 4298/4298/4298
f 4304/4304/4304 4303/4303/4303 4302/4302/4302
f 4305/4305/4305 4304/4304/4304 4302/4302/4302
f 4302/4302/4302 4306/4306/4306 4305/4305/4305
f 4306/4306/4306 4307/4307/4307 4305/4305/4305
f 4308/4308/4308 4307/4307/4307 4306/4306/4306
f 4309/4309/4309 4308/4308/4308 4306/4306/4306
f 4310/4310/4310 4308/4308/4308 4309/4309/4309
f 4311/4311/4311 4310/4310/4310 4309/4309/4309
f 4311/4311/4311 4312/4312/4312 4310/4310/4310
f 4312/4312/4312 4313/4313/4313 4310/4310/4310
f 4313/4313/4313 4312/4312/4312 4314/4314/4314
f 4315/4315/4315 4313/4313/4313 4314/4314/4314
f 4315/4315/4315 4314/4314/4314 4316/4316/4316
f 4317/4317/4317 4315/4315/4315 4316/4316/4316
f 4317/4317/4317 4316/4316/4316 4318/4318/4318
f 4319/4319/4319 4317/4317/4317 4318/4318/4318
f 4318/4318/4318 4320/4320/4320 4319/4319/4319
f 4320/4320/4320 4321/4321/4321 4319/4319/4319
f 4324/4324/4324 4323/4323/4323 4322/4322/4322
f 4325/4325/4325 4324/4324/4324 4322/4322/4322
f 4326/4326/4326 4325/4325/4325 4322/4322/4322
f 4327/4327/4327 4326/4326/4326 4322/4322/4322
f 4328/4328/4328 4327/4327/4327 4322/4322/4322
f 4329/4329/4329 4328/4328/4328 4322/4322/4322
f 4322/4322/4322 4330/4330/4330 4329/4329/4329
f 4331/4331/4331 4329/4329/4329 4330/4330/4330
f 4332/4332/4332 4331/4331/4331 4330/4330/4330
f 4331/4331/4331 4333/4333/4333 4329/4329/4329
f 4334/4334/4334 4332/4332/4332 4330/4330/4330
f 4335/4335/4335 4334/4334/4334 4330/4330/4330
f 4336/4336/4336 4334/4334/4334 4335/4335/4335
f 4337/4337/4337 4336/4336/4336 4335/4335/4335
f 4338/4338/4338 4336/4336/4336 4337/4337/4337
f 4339/4339/4339 4338/4338/4338 4337/4337/4337
f 4333/4333/4333 4340/4340/4340 4329/4329/4329
f 4341/4341/4341 4338/4338/4338 4339/4339/4339
f 4342/4342/4342 4341/4341/4341 4339/4339/4339
f 4342/4342/4342 4343/4343/4343 4341/4341/4341
f 4343/4343/4343 4344/4344/4344 4341/4341/4341
f 4344/4344/4344 4343/4343/4343 4345/4345/4345
f 4346/4346/4346 4344/4344/4344 4345/4345/4345
f 4333/4333/4333 4347/4347/4347 4340/4340/4340
f 4347/4347/4347 4348/4348/4348 4340/4340/4340
f 4348/4348/4348 4349/4349/4349 4340/4340/4340
f 4349/4349/4349 4350/4350/4350 4340/4340/4340
f 4351/4351/4351 4340/4340/4340 4350/4350/4350
f 4351/4351/4351 4352/4352/4352 4340/4340/4340
f 4352/4352/4352 4351/4351/4351 4353/4353/4353
f 4354/4354/4354 4352/4352/4352 4353/4353/4353
f 4357/4357/4357 4356/4356/4356 4355/4355/4355
f 4358/4358/4358 4357/4357/4357 4355/4355/4355
f 4359/4359/4359 4358/4358/4358 4355/4355/4355
f 4355/4355/4355 4360/4360/4360 4359/4359/4359
f 4361/4361/4361 4359/4359/4359 4360/4360/4360
f 4362/4362/4362 4359/4359/4359 4361/4361/4361
f 4363/4363/4363 4359/4359/4359 4362/4362/4362
f 4364/4364/4364 4359/4359/4359 4363/4363/4363
f 4365/4365/4365 4359/4359/4359 4364/4364/4364
f 4366/4366/4366 4365/4365/4365 4364/4364/4364
f 4367/4367/4367 4365/4365/4365 4366/4366/4366
f 4368/4368/4368 4367/4367/4367 4366/4366/4366
f 4369/4369/4369 4367/4367/4367 4368/4368/4368
f 4370/4370/4370 4369/4369/4369 4368/4368/4368
f 4371/4371/4371 4369/4369/4369 4370/4370/4370
f 4372/4372/4372 4371/4371/4371 4370/4370/4370
f 4373/4373/4373 4371/4371/4371 4372/4372/4372
f 4374/4374/4374 4373/4373/4373 4372/4372/4372
f 4375/4375/4375 4365/4365/4365 4367/4367/4367
f 4376/4376/4376 4373/4373/4373 4374/4374/4374
f 4377/4377/4377 4376/4376/4376 4374/4374/4374
f 4377/4377/4377 4378/4378/4378 4376/4376/4376
f 4378/4378/4378 4379/4379/4379 4376/4376/4376
f 4379/4379/4379 4378/4378/4378 4380/4380/4380
f 4381/4381/4381 4379/4379/4379 4380/4380/4380
f 4375/4375/4375 4382/4382/4382 4365/4365/4365
f 4383/4383/4383 4382/4382/4382 4375/4375/4375
f 4384/4384/4384 4383/4383/4383 4375/4375/4375
f 4385/4385/4385 4384/4384/4384 4375/4375/4375
f 4386/4386/4386 4385/4385/4385 4375/4375/4375
f 4387/4387/4387 4386/4386/4386 4375/4375/4375
f 4390/4390/4390 4389/4389/4389 4388/4388/4388
f 4391/4391/4391 4390/4390/4390 4388/4388/4388
f 4394/4394/4394 4393/4393/4393 4392/4392/4392
f 4393/4393/4393 4395/4395/4395 4392/4392/4392
f 4393/4393/4393 4396/4396/4396 4395/4395/4395
f 4396/4396/4396 4397/4397/4397 4395/4395/4395
f 4397/4397/4397 4396/4396/4396 4398/4398/4398
f 4396/4396/4396 4399/4399/4399 4398/4398/4398
f 4398/4398/4398 4399/4399/4399 4400/4400/4400
f 4401/4401/4401 4398/4398/4398 4400/4400/4400
f 4401/4401/4401 4400/4400/4400 4402/4402/4402
f 4403/4403/4403 4401/4401/4401 4402/4402/4402
f 4406/4406/4406 4405/4405/4405 4404/4404/4404
f 4407/4407/4407 4406/4406/4406 4404/4404/4404
f 4410/4410/4410 4409/4409/4409 4408/4408/4408
f 4411/4411/4411 4410/4410/4410 4408/4408/4408
f 4414/4414/4414 4413/4413/4413 4412/4412/4412
f 4415/4415/4415 4414/4414/4414 4412/4412/4412
f 4415/4415/4415 4416/4416/4416 4414/4414/4414
f 4416/4416/4416 4417/4417/4417 4414/4414/4414
f 4417/4417/4417 4416/4416/4416 4418/4418/4418
f 4419/4419/4419 4417/4417/4417 4418/4418/4418
f 4419/4419/4419 4418/4418/4418 4420/4420/4420
f 4421/4421/4421 4419/4419/4419 4420/4420/4420
f 4421/4421/4421 4420/4420/4420 4422/4422/4422
f 4420/4420/4420 4423/4423/4423 4422/4422/4422
f 4422/4422/4422 4423/4423/4423 4424/4424/4424
f 4425/4425/4425 4422/4422/4422 4424/4424/4424
f 4424/4424/4424 4426/4426/4426 4425/4425/4425
f 4426/4426/4426 4427/4427/4427 4425/4425/4425
f 4427/4427/4427 4426/4426/4426 4428/4428/4428
f 4429/4429/4429 4427/4427/4427 4428/4428/4428
f 4428/4428/4428 4430/4430/4430 4429/4429/4429
f 4430/4430/4430 4431/4431/4431 4429/4429/4429
f 4431/4431/4431 4430/4430/4430 4432/4432/4432
f 4433/4433/4433 4431/4431/4431 4432/4432/4432
f 4433/4433/4433 4432/4432/4432 4434/4434/4434
f 4435/4435/4435 4433/4433/4433 4434/4434/4434
f 4435/4435/4435 4434/4434/4434 4436/4436/4436
f 4437/4437/4437 4435/4435/4435 4436/4436/4436
f 4438/4438/4438 4437/4437/4437 4436/4436/4436
f 4439/4439/4439 4438/4438/4438 4436/4436/4436
f 4442/4442/4442 4441/4441/4441 4440/4440/4440
f 4443/4443/4443 4442/4442/4442 4440/4440/4440
f 4444/4444/4444 4442/4442/4442 4443/4443/4443
f 4440/4440/4440 4445/4445/4445 4443/4443/4443
f 4445/4445/4445 4446/4446/4446 4443/4443/4443
f 4445/4445/4445 4447/4447/4447 4446/4446/4446
f 4447/4447/4447 4448/4448/4448 4446/4446/4446
f 4447/4447/4447 4449/4449/4449 4448/4448/4448
f 4449/4449/4449 4450/4450/4450 4448/4448/4448
f 4450/4450/4450 4449/4449/4449 4451/4451/4451
f 4452/4452/4452 4450/4450/4450 4451/4451/4451
f 4452/4452/4452 4451/4451/4451 4453/4453/4453
f 4454/4454/4454 4452/4452/4452 4453/4453/4453
f 4454/4454/4454 4453/4453/4453 4455/4455/4455
f 4453/4453/4453 4456/4456/4456 4455/4455/4455
f 4457/4457/4457 4456/4456/4456 4453/4453/4453
f 4457/4457/4457 4458/4458/4458 4456/4456/4456
f 4461/4461/4461 4460/4460/4460 4459/4459/4459
f 4460/4460/4460 4462/4462/4462 4459/4459/4459
f 4462/4462/4462 4460/4460/4460 4463/4463/4463
f 4464/4464/4464 4462/4462/4462 4463/4463/4463
f 4463/4463/4463 4465/4465/4465 4464/4464/4464
f 4465/4465/4465 4466/4466/4466 4464/4464/4464
f 4467/4467/4467 4465/4465/4465 4463/4463/4463
f 4468/4468/4468 4466/4466/4466 4465/4465/4465
f 4469/4469/4469 4465/4465/4465 4467/4467/4467
f 4470/4470/4470 4468/4468/4468 4465/4465/4465
f 4471/4471/4471 4465/4465/4465 4469/4469/4469
f 4472/4472/4472 4470/4470/4470 4465/4465/4465
f 4473/4473/4473 4470/4470/4470 4472/4472/4472
f 4474/4474/4474 4473/4473/4473 4472/4472/4472
f 4475/4475/4475 4471/4471/4471 4469/4469/4469
f 4476/4476/4476 4471/4471/4471 4475/4475/4475
f 4477/4477/4477 4476/4476/4476 4475/4475/4475
f 4480/4480/4480 4479/4479/4479 4478/4478/4478
f 4481/4481/4481 4480/4480/4480 4478/4478/4478
f 4482/4482/4482 4481/4481/4481 4478/4478/4478
f 4478/4478/4478 4483/4483/4483 4482/4482/4482
f 4483/4483/4483 4484/4484/4484 4482/4482/4482
f 4483/4483/4483 4485/4485/4485 4484/4484/4484
f 4485/4485/4485 4486/4486/4486 4484/4484/4484
f 4485/4485/4485 4487/4487/4487 4486/4486/4486
f 4487/4487/4487 4488/4488/4488 4486/4486/4486
f 4488/4488/4488 4487/4487/4487 4489/4489/4489
f 4490/4490/4490 4488/4488/4488 4489/4489/4489
f 4490/4490/4490 4489/4489/4489 4491/4491/4491
f 4492/4492/4492 4490/4490/4490 4491/4491/4491
f 4491/4491/4491 4493/4493/4493 4492/4492/4492
f 4493/4493/4493 4494/4494/4494 4492/4492/4492
f 4492/4492/4492 4494/4494/4494 4495/4495/4495
f 4494/4494/4494 4496/4496/4496 4495/4495/4495
f 4499/4499/4499 4498/4498/4498 4497/4497/4497
f 4500/4500/4500 4499/4499/4499 4497/4497/4497
f 4501/4501/4501 4500/4500/4500 4497/4497/4497
f 4502/4502/4502 4501/4501/4501 4497/4497/4497
f 4503/4503/4503 4502/4502/4502 4497/4497/4497
f 4504/4504/4504 4502/4502/4502 4503/4503/4503
f 4505/4505/4505 4504/4504/4504 4503/4503/4503
f 4506/4506/4506 4504/4504/4504 4505/4505/4505
f 4507/4507/4507 4506/4506/4506 4505/4505/4505
f 4508/4508/4508 4506/4506/4506 4507/4507/4507
f 4509/4509/4509 4508/4508/4508 4507/4507/4507
f 4510/4510/4510 4500/4500/4500 4501/4501/4501
f 4511/4511/4511 4500/4500/4500 4510/4510/4510
f 4512/4512/4512 4511/4511/4511 4510/4510/4510
f 4513/4513/4513 4512/4512/4512 4510/4510/4510
f 4514/4514/4514 4512/4512/4512 4513/4513/4513
f 4515/4515/4515 4514/4514/4514 4513/4513/4513
f 4516/4516/4516 4514/4514/4514 4515/4515/4515
f 4517/4517/4517 4516/4516/4516 4515/4515/4515
f 4520/4520/4520 4519/4519/4519 4518/4518/4518
f 4519/4519/4519 4521/4521/4521 4518/4518/4518
f 4518/4518/4518 4521/4521/4521 4522/4522/4522
f 4521/4521/4521 4523/4523/4523 4522/4522/4522
f 4522/4522/4522 4523/4523/4523 4524/4524/4524
f 4525/4525/4525 4522/4522/4522 4524/4524/4524
f 4525/4525/4525 4524/4524/4524 4526/4526/4526
f 4527/4527/4527 4525/4525/4525 4526/4526/4526
f 4527/4527/4527 4526/4526/4526 4528/4528/4528
f 4529/4529/4529 4527/4527/4527 4528/4528/4528
f 4529/4529/4529 4528/4528/4528 4530/4530/4530
f 4531/4531/4531 4529/4529/4529 4530/4530/4530
f 4534/4534/4534 4533/4533/4533 4532/4532/4532
f 4535/4535/4535 4534/4534/4534 4532/4532/4532
f 4536/4536/4536 4534/4534/4534 4535/4535/4535
f 4539/4539/4539 4538/4538/4538 4537/4537/4537
f 4538/4538/4538 4539/4539/4539 4540/4540/4540
f 4541/4541/4541 4538/4538/4538 4540/4540/4540
f 4544/4544/4544 4543/4543/4543 4542/4542/4542
f 4545/4545/4545 4544/4544/4544 4542/4542/4542
f 4548/4548/4548 4547/4547/4547 4546/4546/4546
f 4549/4549/4549 4548/4548/4548 4546/4546/4546
f 4552/4552/4552 4551/4551/4551 4550/4550/4550
f 4553/4553/4553 4552/4552/4552 4550/4550/4550
f 4554/4554/4554 4552/4552/4552 4553/4553/4553
f 4555/4555/4555 4554/4554/4554 4553/4553/4553
f 4556/4556/4556 4554/4554/4554 4555/4555/4555
f 4557/4557/4557 4556/4556/4556 4555/4555/4555
f 4558/4558/4558 4556/4556/4556 4557/4557/4557
f 4559/4559/4559 4558/4558/4558 4557/4557/4557
f 4560/4560/4560 4558/4558/4558 4559/4559/4559
f 4561/4561/4561 4560/4560/4560 4559/4559/4559
f 4562/4562/4562 4560/4560/4560 4561/4561/4561
f 4563/4563/4563 4562/4562/4562 4561/4561/4561
f 4564/4564/4564 4562/4562/4562 4563/4563/4563
f 4565/4565/4565 4564/4564/4564 4563/4563/4563
f 4566/4566/4566 4564/4564/4564 4565/4565/4565
f 4567/4567/4567 4566/4566/4566 4565/4565/4565
f 4568/4568/4568 4566/4566/4566 4567/4567/4567
f 4569/4569/4569 4568/4568/4568 4567/4567/4567
f 4570/4570/4570 4568/4568/4568 4569/4569/4569
f 4571/4571/4571 4570/4570/4570 4569/4569/4569
f 4572/4572/4572 4570/4570/4570 4571/4571/4571
f 4573/4573/4573 4572/4572/4572 4571/4571/4571
f 4574/4574/4574 4572/4572/4572 4573/4573/4573
f 4575/4575/4575 4574/4574/4574 4573/4573/4573
f 4576/4576/4576 4574/4574/4574 4575/4575/4575
f 4577/4577/4577 4576/4576/4576 4575/4575/4575
f 4578/4578/4578 4576/4576/4576 4577/4577/4577
f 4579/4579/4579 4578/4578/4578 4577/4577/4577
f 4580/4580/4580 4578/4578/4578 4579/4579/4579
f 4581/4581/4581 4580/4580/4580 4579/4579/4579
f 4582/4582/4582 4580/4580/4580 4581/4581/4581
f 4583/4583/4583 4582/4582/4582 4581/4581/4581
f 4584/4584/4584 4582/4582/4582 4583/4583/4583
f 4585/4585/4585 4584/4584/4584 4583/4583/4583
f 4586/4586/4586 4584/4584/4584 4585/4585/4585
f 4587/4587/4587 4586/4586/4586 4585/4585/4585
f 4588/4588/4588 4586/4586/4586 4587/4587/4587
f 4589/4589/4589 4588/4588/4588 4587/4587/4587
f 4590/4590/4590 4588/4588/4588 4589/4589/4589
f 4591/4591/4591 4590/4590/4590 4589/4589/4589
f 4594/4594/4594 4593/4593/4593 4592/4592/4592
f 4595/4595/4595 4594/4594/4594 4592/4592/4592
f 4596/4596/4596 4594/4594/4594 4595/4595/4595
f 4597/4597/4597 4596/4596/4596 4595/4595/4595
f 4598/4598/4598 4596/4596/4596 4597/4597/4597
f 4599/4599/4599 4598/4598/4598 4597/4597/4597
f 4600/4600/4600 4598/4598/4598 4599/4599/4599
f 4601/4601/4601 4600/4600/4600 4599/4599/4599
f 4602/4602/4602 4600/4600/4600 4601/4601/4601
f 4603/4603/4603 4602/4602/4602 4601/4601/4601
f 4604/4604/4604 4602/4602/4602 4603/4603/4603
f 4605/4605/4605 4604/4604/4604 4603/4603/4603
f 4606/4606/4606 4604/4604/4604 4605/4605/4605
f 4607/4607/4607 4606/4606/4606 4605/4605/4605
f 4608/4608/4608 4606/4606/4606 4607/4607/4607
f 4609/4609/4609 4608/4608/4608 4607/4607/4607
f 4610/4610/4610 4608/4608/4608 4609/4609/4609
f 4611/4611/4611 4610/4610/4610 4609/4609/4609
f 4612/4612/4612 4610/4610/4610 4611/4611/4611
f 4613/4613/4613 4612/4612/4612 4611/4611/4611
f 4614/4614/4614 4612/4612/4612 4613/4613/4613
f 4615/4615/4615 4614/4614/4614 4613/4613/4613
f 4616/4616/4616 4614/4614/4614 4615/4615/4615
f 4617/4617/4617 4616/4616/4616 4615/4615/4615
f 4618/4618/4618 4616/4616/4616 4617/4617/4617
f 4619/4619/4619 4618/4618/4618 4617/4617/4617
f 4620/4620/4620 4618/4618/4618 4619/4619/4619
f 4621/4621/4621 4620/4620/4620 4619/4619/4619
f 4624/4624/4624 4623/4623/4623 4622/4622/4622
f 4625/4625/4625 4624/4624/4624 4622/4622/4622
f 4626/4626/4626 4624/4624/4624 4625/4625/4625
f 4627/4627/4627 4626/4626/4626 4625/4625/4625
f 4628/4628/4628 4626/4626/4626 4627/4627/4627
f 4629/4629/4629 4628/4628/4628 4627/4627/4627
f 4630/4630/4630 4628/4628/4628 4629/4629/4629
f 4631/4631/4631 4630/4630/4630 4629/4629/4629
f 4632/4632/4632 4630/4630/4630 4631/4631/4631
f 4633/4633/4633 4632/4632/4632 4631/4631/4631
f 4634/4634/4634 4632/4632/4632 4633/4633/4633
f 4635/4635/4635 4634/4634/4634 4633/4633/4633
f 4636/4636/4636 4634/4634/4634 4635/4635/4635
f 4637/4637/4637 4636/4636/4636 4635/4635/4635
f 4638/4638/4638 4636/4636/4636 4637/4637/4637
f 4639/4639/4639 4638/4638/4638 4637/4637/4637
f 4640/4640/4640 4638/4638/4638 4639/4639/4639
f 4641/4641/4641 4640/4640/4640 4639/4639/4639
f 4642/4642/4642 4640/4640/4640 4641/4641/4641
f 4643/4643/4643 4642/4642/4642 4641/4641/4641
f 4644/4644/4644 4642/4642/4642 4643/4643/4643
f 4645/4645/4645 4644/4644/4644 4643/4643/4643
f 4646/4646/4646 4644/4644/4644 4645/4645/4645
f 4647/4647/4647 4646/4646/4646 4645/4645/4645
f 4648/4648/4648 4646/4646/4646 4647/4647/4647
f 4649/4649/4649 4648/4648/4648 4647/4647/4647
f 4650/4650/4650 4648/4648/4648 4649/4649/4649
f 4651/4651/4651 4650/4650/4650 4649/4649/4649
f 4654/4654/4654 4653/4653/4653 4652/4652/4652
f 4652/4652/4652 4653/4653/4653 4655/4655/4655
f 4655/4655/4655 4653/4653/4653 4656/4656/4656
f 4656/4656/4656 4653/4653/4653 4657/4657/4657
f 4657/4657/4657 4653/4653/4653 4658/4658/4658
f 4661/4661/4661 4660/4660/4660 4659/4659/4659
f 4662/4662/4662 4661/4661/4661 4659/4659/4659
f 4662/4662/4662 4659/4659/4659 4663/4663/4663
f 4664/4664/4664 4662/4662/4662 4663/4663/4663
f 4664/4664/4664 4663/4663/4663 4665/4665/4665
f 4666/4666/4666 4664/4664/4664 4665/4665/4665
f 4666/4666/4666 4665/4665/4665 4667/4667/4667
f 4668/4668/4668 4666/4666/4666 4667/4667/4667
f 4668/4668/4668 4667/4667/4667 4669/4669/4669
f 4670/4670/4670 4668/4668/4668 4669/4669/4669
f 4670/4670/4670 4669/4669/4669 4671/4671/4671
f 4672/4672/4672 4670/4670/4670 4671/4671/4671
f 4672/4672/4672 4671/4671/4671 4673/4673/4673
f 4674/4674/4674 4672/4672/4672 4673/4673/4673
f 4674/4674/4674 4673/4673/4673 4675/4675/4675
f 4676/4676/4676 4674/4674/4674 4675/4675/4675
f 4676/4676/4676 4675/4675/4675 4677/4677/4677
f 4678/4678/4678 4676/4676/4676 4677/4677/4677
f 4678/4678/4678 4677/4677/4677 4679/4679/4679
f 4680/4680/4680 4678/4678/4678 4679/4679/4679
f 4680/4680/4680 4679/4679/4679 4681/4681/4681
f 4682/4682/4682 4680/4680/4680 4681/4681/4681
f 4682/4682/4682 4681/4681/4681 4683/4683/4683
f 4684/4684/4684 4682/4682/4682 4683/4683/4683
f 4684/4684/4684 4683/4683/4683 4685/4685/4685
f 4686/4686/4686 4684/4684/4684 4685/4685/4685
f 4686/4686/4686 4685/4685/4685 4687/4687/4687
f 4688/4688/4688 4686/4686/4686 4687/4687/4687
f 4688/4688/4688 4687/4687/4687 4689/4689/4689
f 4690/4690/4690 4688/4688/4688 4689/4689/4689
f 4690/4690/4690 4689/4689/4689 4691/4691/4691
f 4692/4692/4692 4690/4690/4690 4691/4691/4691
f 4692/4692/4692 4691/4691/4691 4693/4693/4693
f 4694/4694/4694 4692/4692/4692 4693/4693/4693
f 4694/4694/4694 4693/4693/4693 4695/4695/4695
f 4696/4696/4696 4694/4694/4694 4695/4695/4695
f 4696/4696/4696 4695/4695/4695 4697/4697/4697
f 4698/4698/4698 4696/4696/4696 4697/4697/4697
f 4698/4698/4698 4697/4697/4697 4699/4699/4699
f 4700/4700/4700 4698/4698/4698 4699/4699/4699
f 4703/4703/4703 4702/4702/4702 4701/4701/4701
f 4704/4704/4704 4703/4703/4703 4701/4701/4701
f 4704/4704/4704 4701/4701/4701 4705/4705/4705
f 4706/4706/4706 4704/4704/4704 4705/4705/4705
f 4706/4706/4706 4705/4705/4705 4707/4707/4707
f 4708/4708/4708 4706/4706/4706 4707/4707/4707
f 4708/4708/4708 4707/4707/4707 4709/4709/4709
f 4710/4710/4710 4708/4708/4708 4709/4709/4709
f 4710/4710/4710 4709/4709/4709 4711/4711/4711
f 4712/4712/4712 4710/4710/4710 4711/4711/4711
f 4712/4712/4712 4711/4711/4711 4713/4713/4713
f 4714/4714/4714 4712/4712/4712 4713/4713/4713
f 4714/4714/4714 4713/4713/4713 4715/4715/4715
f 4716/4716/4716 4714/4714/4714 4715/4715/4715
f 4716/4716/4716 4715/4715/4715 4717/4717/4717
f 4718/4718/4718 4716/4716/4716 4717/4717/4717
f 4718/4718/4718 4717/4717/4717 4719/4719/4719
f 4720/4720/4720 4718/4718/4718 4719/4719/4719
f 4720/4720/4720 4719/4719/4719 4721/4721/4721
f 4722/4722/4722 4720/4720/4720 4721/4721/4721
f 4722/4722/4722 4721/4721/4721 4723/4723/4723
f 4724/4724/4724 4722/4722/4722 4723/4723/4723
f 4724/4724/4724 4723/4723/4723 4725/4725/4725
f 4726/4726/4726 4724/4724/4724 4725/4725/4725
f 4726/4726/4726 4725/4725/4725 4727/4727/4727
f 4728/4728/4728 4726/4726/4726 4727/4727/4727
f 4728/4728/4728 4727/4727/4727 4729/4729/4729
f 4730/4730/4730 4728/4728/4728 4729/4729/4729
f 4733/4733/4733 4732/4732/4732 4731/4731/4731
f 4734/4734/4734 4733/4733/4733 4731/4731/4731
f 4734/4734/4734 4731/4731/4731 4735/4735/4735
f 4736/4736/4736 4734/4734/4734 4735/4735/4735
f 4736/4736/4736 4735/4735/4735 4737/4737/4737
f 4738/4738/4738 4736/4736/4736 4737/4737/4737
f 4738/4738/4738 4737/4737/4737 4739/4739/4739
f 4740/4740/4740 4738/4738/4738 4739/4739/4739
f 4740/4740/4740 4739/4739/4739 4741/4741/4741
f 4742/4742/4742 4740/4740/4740 4741/4741/4741
f 4742/4742/4742 4741/4741/4741 4743/4743/4743
f 4744/4744/4744 4742/4742/4742 4743/4743/4743
f 4744/4744/4744 4743/4743/4743 4745/4745/4745
f 4746/4746/4746 4744/4744/4744 4745/4745/4745
f 4746/4746/4746 4745/4745/4745 4747/4747/4747
f 4748/4748/4748 4746/4746/4746 4747/4747/4747
f 4748/4748/4748 4747/4747/4747 4749/4749/4749
f 4750/4750/4750 4748/4748/4748 4749/4749/4749
f 4750/4750/4750 4749/4749/4749 4751/4751/4751
f 4752/4752/4752 4750/4750/4750 4751/4751/4751
f 4752/4752/4752 4751/4751/4751 4753/4753/4753
f 4754/4754/4754 4752/4752/4752 4753/4753/4753
f 4754/4754/4754 4753/4753/4753 4755/4755/4755
f 4756/4756/4756 4754/4754/4754 4755/4755/4755
f 4756/4756/4756 4755/4755/4755 4757/4757/4757
f 4758/4758/4758 4756/4756/4756 4757/4757/4757
f 4758/4758/4758 4757/4757/4757 4759/4759/4759
f 4760/4760/4760 4758/4758/4758 4759/4759/4759
f 4763/4763/4763 4762/4762/4762 4761/4761/4761
f 4764/4764/4764 4762/4762/4762 4763/4763/4763
f 4765/4765/4765 4762/4762/4762 4764/4764/4764
f 4766/4766/4766 4762/4762/4762 4765/4765/4765
f 4767/4767/4767 4762/4762/4762 4766/4766/4766
f 4770/4770/4770 4769/4769/4769 4768/4768/4768
f 4771/4771/4771 4770/4770/4770 4768/4768/4768
f 4772/4772/4772 4770/4770/4770 4771/4771/4771
f 4773/4773/4773 4772/4772/4772 4771/4771/4771
f 4774/4774/4774 4772/4772/4772 4773/4773/4773
f 4775/4775/4775 4774/4774/4774 4773/4773/4773
f 4776/4776/4776 4774/4774/4774 4775/4775/4775
f 4777/4777/4777 4776/4776/4776 4775/4775/4775
f 4778/4778/4778 4776/4776/4776 4777/4777/4777
f 4779/4779/4779 4778/4778/4778 4777/4777/4777
f 4782/4782/4782 4781/4781/4781 4780/4780/4780
f 4783/4783/4783 4781/4781/4781 4782/4782/4782
f 4783/4783/4783 4782/4782/4782 4784/4784/4784
f 4784/4784/4784 4782/4782/4782 4785/4785/4785
f 4783/4783/4783 4786/4786/4786 4781/4781/4781
f 4781/4781/4781 4786/4786/4786 4787/4787/4787
f 4783/4783/4783 4788/4788/4788 4786/4786/4786
f 4784/4784/4784 4788/4788/4788 4783/4783/4783
f 4789/4789/4789 4787/4787/4787 4786/4786/4786
f 4789/4789/4789 4786/4786/4786 4788/4788/4788
f 4790/4790/4790 4787/4787/4787 4789/4789/4789
f 4791/4791/4791 4789/4789/4789 4788/4788/4788
f 4791/4791/4791 4788/4788/4788 4792/4792/4792
f 4784/4784/4784 4792/4792/4792 4788/4788/4788
f 4793/4793/4793 4791/4791/4791 4792/4792/4792
f 4784/4784/4784 4785/4785/4785 4794/4794/4794
f 4794/4794/4794 4792/4792/4792 4784/4784/4784
f 4794/4794/4794 4785/4785/4785 4795/4795/4795
f 4792/4792/4792 4796/4796/4796 4793/4793/4793
f 4792/4792/4792 4794/4794/4794 4796/4796/4796
f 4797/4797/4797 4793/4793/4793 4796/4796/4796
f 4794/4794/4794 4795/4795/4795 4798/4798/4798
f 4796/4796/4796 4794/4794/4794 4798/4798/4798
f 4795/4795/4795 4799/4799/4799 4798/4798/4798
f 4800/4800/4800 4797/4797/4797 4796/4796/4796
f 4796/4796/4796 4798/4798/4798 4800/4800/4800
f 4801/4801/4801 4797/4797/4797 4800/4800/4800
f 4802/4802/4802 4801/4801/4801 4800/4800/4800
f 4799/4799/4799 4803/4803/4803 4798/4798/4798
f 4800/4800/4800 4798/4798/4798 4803/4803/4803
f 4800/4800/4800 4803/4803/4803 4802/4802/4802
f 4799/4799/4799 4804/4804/4804 4803/4803/4803
f 4802/4802/4802 4803/4803/4803 4805/4805/4805
f 4804/4804/4804 4805/4805/4805 4803/4803/4803
f 4808/4808/4808 4807/4807/4807 4806/4806/4806
f 4809/4809/4809 4808/4808/4808 4806/4806/4806
f 4812/4812/4812 4811/4811/4811 4810/4810/4810
f 4813/4813/4813 4811/4811/4811 4812/4812/4812
f 4814/4814/4814 4813/4813/4813 4812/4812/4812
f 4813/4813/4813 4815/4815/4815 4811/4811/4811
f 4815/4815/4815 4816/4816/4816 4811/4811/4811
f 4817/4817/4817 4813/4813/4813 4814/4814/4814
f 4818/4818/4818 4817/4817/4817 4814/4814/4814
f 4815/4815/4815 4819/4819/4819 4816/4816/4816
f 4819/4819/4819 4820/4820/4820 4816/4816/4816
f 4821/4821/4821 4815/4815/4815 4813/4813/4813
f 4817/4817/4817 4821/4821/4821 4813/4813/4813
f 4822/4822/4822 4817/4817/4817 4818/4818/4818
f 4823/4823/4823 4822/4822/4822 4818/4818/4818
f 4819/4819/4819 4824/4824/4824 4820/4820/4820
f 4824/4824/4824 4825/4825/4825 4820/4820/4820
f 4826/4826/4826 4819/4819/4819 4815/4815/4815
f 4821/4821/4821 4826/4826/4826 4815/4815/4815
f 4827/4827/4827 4821/4821/4821 4817/4817/4817
f 4822/4822/4822 4827/4827/4827 4817/4817/4817
f 4828/4828/4828 4822/4822/4822 4823/4823/4823
f 4829/4829/4829 4828/4828/4828 4823/4823/4823
f 4824/4824/4824 4830/4830/4830 4825/4825/4825
f 4830/4830/4830 4831/4831/4831 4825/4825/4825
f 4832/4832/4832 4830/4830/4830 4824/4824/4824
f 4833/4833/4833 4824/4824/4824 4819/4819/4819
f 4833/4833/4833 4832/4832/4832 4824/4824/4824
f 4826/4826/4826 4833/4833/4833 4819/4819/4819
f 4834/4834/4834 4832/4832/4832 4833/4833/4833
f 4835/4835/4835 4834/4834/4834 4833/4833/4833
f 4835/4835/4835 4833/4833/4833 4826/4826/4826
f 4836/4836/4836 4834/4834/4834 4835/4835/4835
f 4837/4837/4837 4835/4835/4835 4826/4826/4826
f 4837/4837/4837 4826/4826/4826 4821/4821/4821
f 4827/4827/4827 4837/4837/4837 4821/4821/4821
f 4838/4838/4838 4836/4836/4836 4835/4835/4835
f 4838/4838/4838 4835/4835/4835 4837/4837/4837
f 4839/4839/4839 4836/4836/4836 4838/4838/4838
f 4840/4840/4840 4837/4837/4837 4827/4827/4827
f 4840/4840/4840 4838/4838/4838 4837/4837/4837
f 4841/4841/4841 4839/4839/4839 4838/4838/4838
f 4841/4841/4841 4838/4838/4838 4840/4840/4840
f 4842/4842/4842 4839/4839/4839 4841/4841/4841
f 4843/4843/4843 4840/4840/4840 4827/4827/4827
f 4843/4843/4843 4827/4827/4827 4822/4822/4822
f 4828/4828/4828 4843/4843/4843 4822/4822/4822
f 4844/4844/4844 4842/4842/4842 4841/4841/4841
f 4845/4845/4845 4842/4842/4842 4844/4844/4844
f 4846/4846/4846 4841/4841/4841 4840/4840/4840
f 4846/4846/4846 4840/4840/4840 4843/4843/4843
f 4844/4844/4844 4841/4841/4841 4846/4846/4846
f 4847/4847/4847 4843/4843/4843 4828/4828/4828
f 4847/4847/4847 4846/4846/4846 4843/4843/4843
f 4848/4848/4848 4844/4844/4844 4846/4846/4846
f 4848/4848/4848 4846/4846/4846 4847/4847/4847
f 4849/4849/4849 4845/4845/4845 4844/4844/4844
f 4849/4849/4849 4844/4844/4844 4848/4848/4848
f 4850/4850/4850 4847/4847/4847 4828/4828/4828
f 4850/4850/4850 4828/4828/4828 4829/4829/4829
f 4851/4851/4851 4850/4850/4850 4829/4829/4829
f 4852/4852/4852 4845/4845/4845 4849/4849/4849
f 4853/4853/4853 4845/4845/4845 4852/4852/4852
f 4852/4852/4852 4849/4849/4849 4854/4854/4854
f 4854/4854/4854 4849/4849/4849 4848/4848/4848
f 4855/4855/4855 4852/4852/4852 4854/4854/4854
f 4856/4856/4856 4848/4848/4848 4847/4847/4847
f 4856/4856/4856 4847/4847/4847 4850/4850/4850
f 4854/4854/4854 4848/4848/4848 4856/4856/4856
f 4857/4857/4857 4850/4850/4850 4851/4851/4851
f 4857/4857/4857 4856/4856/4856 4850/4850/4850
f 4858/4858/4858 4857/4857/4857 4851/4851/4851
f 4859/4859/4859 4855/4855/4855 4854/4854/4854
f 4859/4859/4859 4854/4854/4854 4856/4856/4856
f 4859/4859/4859 4856/4856/4856 4857/4857/4857
f 4860/4860/4860 4855/4855/4855 4859/4859/4859
f 4861/4861/4861 4859/4859/4859 4857/4857/4857
f 4861/4861/4861 4860/4860/4860 4859/4859/4859
f 4861/4861/4861 4857/4857/4857 4858/4858/4858
f 4862/4862/4862 4860/4860/4860 4861/4861/4861
f 4861/4861/4861 4858/4858/4858 4862/4862/4862
f 4862/4862/4862 4858/4858/4858 4863/4863/4863
f 4866/4866/4866 4865/4865/4865 4864/4864/4864
f 4865/4865/4865 4867/4867/4867 4864/4864/4864
f 4865/4865/4865 4868/4868/4868 4867/4867/4867
f 4868/4868/4868 4869/4869/4869 4867/4867/4867
f 4868/4868/4868 4870/4870/4870 4869/4869/4869
f 4870/4870/4870 4871/4871/4871 4869/4869/4869
f 4870/4870/4870 4872/4872/4872 4871/4871/4871
f 4872/4872/4872 4873/4873/4873 4871/4871/4871
f 4872/4872/4872 4874/4874/4874 4873/4873/4873
f 4874/4874/4874 4875/4875/4875 4873/4873/4873
f 4874/4874/4874 4876/4876/4876 4875/4875/4875
f 4876/4876/4876 4877/4877/4877 4875/4875/4875
f 4876/4876/4876 4878/4878/4878 4877/4877/4877
f 4878/4878/4878 4879/4879/4879 4877/4877/4877
f 4878/4878/4878 4880/4880/4880 4879/4879/4879
f 4880/4880/4880 4881/4881/4881 4879/4879/4879
f 4880/4880/4880 4882/4882/4882 4881/4881/4881
f 4882/4882/4882 4883/4883/4883 4881/4881/4881
f 4882/4882/4882 4884/4884/4884 4883/4883/4883
f 4884/4884/4884 4885/4885/4885 4883/4883/4883
f 4884/4884/4884 4886/4886/4886 4885/4885/4885
f 4886/4886/4886 4887/4887/4887 4885/4885/4885
f 4886/4886/4886 4888/4888/4888 4887/4887/4887
f 4888/4888/4888 4889/4889/4889 4887/4887/4887
f 4888/4888/4888 4890/4890/4890 4889/4889/4889
f 4890/4890/4890 4891/4891/4891 4889/4889/4889
f 4890/4890/4890 4892/4892/4892 4891/4891/4891
f 4892/4892/4892 4893/4893/4893 4891/4891/4891
f 4896/4896/4896 4895/4895/4895 4894/4894/4894
f 4894/4894/4894 4895/4895/4895 4897/4897/4897
f 4898/4898/4898 4894/4894/4894 4897/4897/4897
f 4899/4899/4899 4898/4898/4898 4897/4897/4897
f 4897/4897/4897 4900/4900/4900 4899/4899/4899
f 4900/4900/4900 4901/4901/4901 4899/4899/4899
f 4901/4901/4901 4900/4900/4900 4902/4902/4902
f 4903/4903/4903 4901/4901/4901 4902/4902/4902
f 4904/4904/4904 4903/4903/4903 4902/4902/4902
f 4902/4902/4902 4905/4905/4905 4904/4904/4904
f 4905/4905/4905 4906/4906/4906 4904/4904/4904
f 4905/4905/4905 4907/4907/4907 4906/4906/4906
f 4907/4907/4907 4908/4908/4908 4906/4906/4906
f 4907/4907/4907 4909/4909/4909 4908/4908/4908
f 4909/4909/4909 4907/4907/4907 4910/4910/4910
f 4911/4911/4911 4909/4909/4909 4910/4910/4910
f 4910/4910/4910 4912/4912/4912 4911/4911/4911
f 4912/4912/4912 4913/4913/4913 4911/4911/4911
f 4912/4912/4912 4914/4914/4914 4913/4913/4913
f 4914/4914/4914 4912/4912/4912 4915/4915/4915
f 4916/4916/4916 4914/4914/4914 4915/4915/4915
f 4915/4915/4915 4917/4917/4917 4916/4916/4916
f 4920/4920/4920 4919/4919/4919 4918/4918/4918
f 4919/4919/4919 4921/4921/4921 4918/4918/4918
f 4919/4919/4919 4922/4922/4922 4921/4921/4921
f 4922/4922/4922 4923/4923/4923 4921/4921/4921
f 4922/4922/4922 4924/4924/4924 4923/4923/4923
f 4924/4924/4924 4925/4925/4925 4923/4923/4923
f 4924/4924/4924 4926/4926/4926 4925/4925/4925
f 4926/4926/4926 4927/4927/4927 4925/4925/4925
f 4926/4926/4926 4928/4928/4928 4927/4927/4927
f 4928/4928/4928 4929/4929/4929 4927/4927/4927
f 4928/4928/4928 4930/4930/4930 4929/4929/4929
f 4930/4930/4930 4931/4931/4931 4929/4929/4929
f 4930/4930/4930 4932/4932/4932 4931/4931/4931
f 4932/4932/4932 4933/4933/4933 4931/4931/4931
f 4932/4932/4932 4934/4934/4934 4933/4933/4933
f 4934/4934/4934 4935/4935/4935 4933/4933/4933
f 4934/4934/4934 4936/4936/4936 4935/4935/4935
f 4936/4936/4936 4937/4937/4937 4935/4935/4935
f 4936/4936/4936 4938/4938/4938 4937/4937/4937
f 4938/4938/4938 4939/4939/4939 4937/4937/4937
f 4942/4942/4942 4941/4941/4941 4940/4940/4940
f 4943/4943/4943 4942/4942/4942 4940/4940/4940
f 4944/4944/4944 4942/4942/4942 4943/4943/4943
f 4945/4945/4945 4944/4944/4944 4943/4943/4943
f 4946/4946/4946 4944/4944/4944 4945/4945/4945
f 4947/4947/4947 4946/4946/4946 4945/4945/4945
f 4948/4948/4948 4946/4946/4946 4947/4947/4947
f 4949/4949/4949 4948/4948/4948 4947/4947/4947
f 4950/4950/4950 4948/4948/4948 4949/4949/4949
f 4951/4951/4951 4950/4950/4950 4949/4949/4949
f 4952/4952/4952 4950/4950/4950 4951/4951/4951
f 4953/4953/4953 4952/4952/4952 4951/4951/4951
f 4954/4954/4954 4952/4952/4952 4953/4953/4953
f 4955/4955/4955 4954/4954/4954 4953/4953/4953
f 4956/4956/4956 4954/4954/4954 4955/4955/4955
f 4957/4957/4957 4956/4956/4956 4955/4955/4955
f 4958/4958/4958 4956/4956/4956 4957/4957/4957
f 4959/4959/4959 4958/4958/4958 4957/4957/4957
f 4960/4960/4960 4958/4958/4958 4959/4959/4959
f 4961/4961/4961 4960/4960/4960 4959/4959/4959
f 4962/4962/4962 4960/4960/4960 4961/4961/4961
f 4963/4963/4963 4962/4962/4962 4961/4961/4961
f 4964/4964/4964 4962/4962/4962 4963/4963/4963
f 4965/4965/4965 4964/4964/4964 4963/4963/4963
f 4966/4966/4966 4964/4964/4964 4965/4965/4965
f 4967/4967/4967 4966/4966/4966 4965/4965/4965
f 4968/4968/4968 4966/4966/4966 4967/4967/4967
f 4969/4969/4969 4968/4968/4968 4967/4967/4967
f 4972/4972/4972 4971/4971/4971 4970/4970/4970
f 4972/4972/4972 4970/4970/4970 4973/4973/4973
f 4970/4970/4970 4974/4974/4974 4973/4973/4973
f 4974/4974/4974 4975/4975/4975 4973/4973/4973
f 4976/4976/4976 4973/4973/4973 4975/4975/4975
f 4977/4977/4977 4976/4976/4976 4975/4975/4975
f 4976/4976/4976 4977/4977/4977 4978/4978/4978
f 4977/4977/4977 4979/4979/4979 4978/4978/4978
f 4979/4979/4979 4980/4980/4980 4978/4978/4978
f 4981/4981/4981 4978/4978/4978 4980/4980/4980
f 4982/4982/4982 4981/4981/4981 4980/4980/4980
f 4981/4981/4981 4982/4982/4982 4983/4983/4983
f 4982/4982/4982 4984/4984/4984 4983/4983/4983
f 4984/4984/4984 4985/4985/4985 4983/4983/4983
f 4986/4986/4986 4983/4983/4983 4985/4985/4985
f 4987/4987/4987 4986/4986/4986 4985/4985/4985
f 4986/4986/4986 4987/4987/4987 4988/4988/4988
f 4987/4987/4987 4989/4989/4989 4988/4988/4988
f 4989/4989/4989 4990/4990/4990 4988/4988/4988
f 4991/4991/4991 4988/4988/4988 4990/4990/4990
f 4992/4992/4992 4991/4991/4991 4990/4990/4990
f 4993/4993/4993 4991/4991/4991 4992/4992/4992
f 4996/4996/4996 4995/4995/4995 4994/4994/4994
f 4997/4997/4997 4996/4996/4996 4994/4994/4994
f 4998/4998/4998 4996/4996/4996 4997/4997/4997
f 4999/4999/4999 4998/4998/4998 4997/4997/4997
f 5000/5000/5000 4998/4998/4998 4999/4999/4999
f 5001/5001/5001 5000/5000/5000 4999/4999/4999
f 5002/5002/5002 5000/5000/5000 5001/5001/5001
f 5003/5003/5003 5002/5002/5002 5001/5001/5001
f 5004/5004/5004 5002/5002/5002 5003/5003/5003
f 5005/5005/5005 5004/5004/5004 5003/5003/5003
f 5006/5006/5006 5004/5004/5004 5005/5005/5005
f 5007/5007/5007 5006/5006/5006 5005/5005/5005
f 5008/5008/5008 5006/5006/5006 5007/5007/5007
f 5009/5009/5009 5008/5008/5008 5007/5007/5007
f 5010/5010/5010 5008/5008/5008 5009/5009/5009
f 5011/5011/5011 5010/5010/5010 5009/5009/5009
f 5012/5012/5012 5010/5010/5010 5011/5011/5011
f 5013/5013/5013 5012/5012/5012 5011/5011/5011
f 5014/5014/5014 5012/5012/5012 5013/5013/5013
f 5015/5015/5015 5014/5014/5014 5013/5013/5013
f 5018/5018/5018 5017/5017/5017 5016/5016/5016
f 5019/5019/5019 5018/5018/5018 5016/5016/5016
f 5020/5020/5020 5019/5019/5019 5016/5016/5016
f 5021/5021/5021 5019/5019/5019 5020/5020/5020
f 5022/5022/5022 5021/5021/5021 5020/5020/5020
f 5023/5023/5023 5021/5021/5021 5022/5022/5022
f 5024/5024/5024 5023/5023/5023 5022/5022/5022
f 5025/5025/5025 5023/5023/5023 5024/5024/5024
f 5026/5026/5026 5025/5025/5025 5024/5024/5024
f 5027/5027/5027 5025/5025/5025 5026/5026/5026
f 5028/5028/5028 5027/5027/5027 5026/5026/5026
f 5029/5029/5029 5027/5027/5027 5028/5028/5028
f 5030/5030/5030 5029/5029/5029 5028/5028/5028
f 5031/5031/5031 5029/5029/5029 5030/5030/5030
f 5032/5032/5032 5031/5031/5031 5030/5030/5030
f 5033/5033/5033 5031/5031/5031 5032/5032/5032
f 5034/5034/5034 5033/5033/5033 5032/5032/5032
f 5035/5035/5035 5033/5033/5033 5034/5034/5034
f 5036/5036/5036 5035/5035/5035 5034/5034/5034
f 5037/5037/5037 5035/5035/5035 5036/5036/5036
f 5038/5038/5038 5037/5037/5037 5036/5036/5036
f 5038/5038/5038 5039/5039/5039 5037/5037/5037
f 5042/5042/5042 5041/5041/5041 5040/5040/5040
f 5043/5043/5043 5042/5042/5042 5040/5040/5040
f 5046/5046/5046 5045/5045/5045 5044/5044/5044
f 5047/5047/5047 5046/5046/5046 5044/5044/5044
f 5050/5050/5050 5049/5049/5049 5048/5048/5048
f 5051/5051/5051 5050/5050/5050 5048/5048/5048
f 5054/5054/5054 5053/5053/5053 5052/5052/5052
f 5054/5054/5054 5052/5052/5052 5055/5055/5055
f 5052/5052/5052 5056/5056/5056 5055/5055/5055
f 5052/5052/5052 5057/5057/5057 5056/5056/5056
f 5057/5057/5057 5058/5058/5058 5056/5056/5056
f 5057/5057/5057 5059/5059/5059 5058/5058/5058
f 5060/5060/5060 5059/5059/5059 5057/5057/5057
f 5061/5061/5061 5060/5060/5060 5057/5057/5057
f 5060/5060/5060 5062/5062/5062 5059/5059/5059
f 5059/5059/5059 5062/5062/5062 5063/5063/5063
f 5064/5064/5064 5059/5059/5059 5063/5063/5063
f 5064/5064/5064 5063/5063/5063 5065/5065/5065
f 5066/5066/5066 5064/5064/5064 5065/5065/5065
f 5066/5066/5066 5065/5065/5065 5067/5067/5067
f 5068/5068/5068 5066/5066/5066 5067/5067/5067
f 5068/5068/5068 5067/5067/5067 5069/5069/5069
f 5067/5067/5067 5070/5070/5070 5069/5069/5069
f 5069/5069/5069 5070/5070/5070 5071/5071/5071
f 5072/5072/5072 5069/5069/5069 5071/5071/5071
f 5073/5073/5073 5072/5072/5072 5071/5071/5071
f 5074/5074/5074 5069/5069/5069 5072/5072/5072
f 5072/5072/5072 5075/5075/5075 5074/5074/5074
f 5075/5075/5075 5076/5076/5076 5074/5074/5074
f 5076/5076/5076 5075/5075/5075 5077/5077/5077
f 5075/5075/5075 5078/5078/5078 5077/5077/5077
f 5079/5079/5079 5076/5076/5076 5077/5077/5077
f 5082/5082/5082 5081/5081/5081 5080/5080/5080
f 5080/5080/5080 5083/5083/5083 5082/5082/5082
f 5082/5082/5082 5083/5083/5083 5084/5084/5084
f 5085/5085/5085 5082/5082/5082 5084/5084/5084
f 5086/5086/5086 5085/5085/5085 5084/5084/5084
f 5083/5083/5083 5087/5087/5087 5084/5084/5084
f 5087/5087/5087 5083/5083/5083 5088/5088/5088
f 5083/5083/5083 5089/5089/5089 5088/5088/5088
f 5088/5088/5088 5089/5089/5089 5090/5090/5090
f 5090/5090/5090 5089/5089/5089 5091/5091/5091
f 5089/5089/5089 5092/5092/5092 5091/5091/5091
f 5092/5092/5092 5089/5089/5089 5093/5093/5093
f 5093/5093/5093 5094/5094/5094 5092/5092/5092
f 5092/5092/5092 5095/5095/5095 5091/5091/5091
f 5095/5095/5095 5096/5096/5096 5091/5091/5091
f 5099/5099/5099 5098/5098/5098 5097/5097/5097
f 5100/5100/5100 5099/5099/5099 5097/5097/5097
f 5103/5103/5103 5102/5102/5102 5101/5101/5101
f 5102/5102/5102 5104/5104/5104 5101/5101/5101
f 5102/5102/5102 5105/5105/5105 5104/5104/5104
f 5104/5104/5104 5105/5105/5105 5106/5106/5106
f 5105/5105/5105 5107/5107/5107 5106/5106/5106
f 5108/5108/5108 5106/5106/5106 5107/5107/5107
f 5109/5109/5109 5106/5106/5106 5108/5108/5108
f 5110/5110/5110 5109/5109/5109 5108/5108/5108
f 5113/5113/5113 5112/5112/5112 5111/5111/5111
f 5112/5112/5112 5114/5114/5114 5111/5111/5111
f 5111/5111/5111 5114/5114/5114 5115/5115/5115
f 5114/5114/5114 5116/5116/5116 5115/5115/5115
f 5115/5115/5115 5116/5116/5116 5117/5117/5117
f 5116/5116/5116 5118/5118/5118 5117/5117/5117
f 5117/5117/5117 5118/5118/5118 5119/5119/5119
f 5120/5120/5120 5117/5117/5117 5119/5119/5119
f 5123/5123/5123 5122/5122/5122 5121/5121/5121
f 5124/5124/5124 5123/5123/5123 5121/5121/5121
f 5125/5125/5125 5123/5123/5123 5124/5124/5124
f 5125/5125/5125 5126/5126/5126 5123/5123/5123
f 5123/5123/5123 5126/5126/5126 5127/5127/5127
f 5127/5127/5127 5126/5126/5126 5128/5128/5128
f 5131/5131/5131 5130/5130/5130 5129/5129/5129
f 5132/5132/5132 5131/5131/5131 5129/5129/5129
f 5132/5132/5132 5129/5129/5129 5133/5133/5133
f 5133/5133/5133 5129/5129/5129 5134/5134/5134
f 5134/5134/5134 5129/5129/5129 5135/5135/5135
f 5136/5136/5136 5134/5134/5134 5135/5135/5135
f 5139/5139/5139 5138/5138/5138 5137/5137/5137
f 5138/5138/5138 5140/5140/5140 5137/5137/5137
f 5141/5141/5141 5137/5137/5137 5140/5140/5140
f 5142/5142/5142 5141/5141/5141 5140/5140/5140
f 5145/5145/5145 5144/5144/5144 5143/5143/5143
f 5146/5146/5146 5144/5144/5144 5145/5145/5145
f 5147/5147/5147 5144/5144/5144 5146/5146/5146
f 5150/5150/5150 5149/5149/5149 5148/5148/5148
f 5148/5148/5148 5149/5149/5149 5151/5151/5151
f 5149/5149/5149 5152/5152/5152 5151/5151/5151
f 5153/5153/5153 5151/5151/5151 5152/5152/5152
f 5154/5154/5154 5153/5153/5153 5152/5152/5152
f 5153/5153/5153 5154/5154/5154 5155/5155/5155
f 5158/5158/5158 5157/5157/5157 5156/5156/5156
f 5159/5159/5159 5158/5158/5158 5156/5156/5156
f 5158/5158/5158 5159/5159/5159 5160/5160/5160
f 5161/5161/5161 5158/5158/5158 5160/5160/5160
f 5164/5164/5164 5163/5163/5163 5162/5162/5162
f 5165/5165/5165 5164/5164/5164 5162/5162/5162
f 5165/5165/5165 5162/5162/5162 5166/5166/5166
f 5167/5167/5167 5165/5165/5165 5166/5166/5166
f 5167/5167/5167 5166/5166/5166 5168/5168/5168
f 5169/5169/5169 5167/5167/5167 5168/5168/5168
f 5168/5168/5168 5170/5170/5170 5169/5169/5169
f 5170/5170/5170 5171/5171/5171 5169/5169/5169
f 5172/5172/5172 5171/5171/5171 5170/5170/5170
f 5173/5173/5173 5172/5172/5172 5170/5170/5170
f 5174/5174/5174 5172/5172/5172 5173/5173/5173
f 5175/5175/5175 5174/5174/5174 5173/5173/5173
f 5178/5178/5178 5177/5177/5177 5176/5176/5176
f 5179/5179/5179 5178/5178/5178 5176/5176/5176
f 5180/5180/5180 5178/5178/5178 5179/5179/5179
f 5181/5181/5181 5180/5180/5180 5179/5179/5179
f 5180/5180/5180 5181/5181/5181 5182/5182/5182
f 5183/5183/5183 5182/5182/5182 5181/5181/5181
f 5184/5184/5184 5180/5180/5180 5182/5182/5182
f 5187/5187/5187 5186/5186/5186 5185/5185/5185
f 5188/5188/5188 5187/5187/5187 5185/5185/5185
f 5191/5191/5191 5190/5190/5190 5189/5189/5189
f 5190/5190/5190 5192/5192/5192 5189/5189/5189
f 5190/5190/5190 5193/5193/5193 5192/5192/5192
f 5193/5193/5193 5194/5194/5194 5192/5192/5192
f 5194/5194/5194 5193/5193/5193 5195/5195/5195
f 5196/5196/5196 5194/5194/5194 5195/5195/5195
f 5197/5197/5197 5194/5194/5194 5196/5196/5196
f 5200/5200/5200 5199/5199/5199 5198/5198/5198
f 5201/5201/5201 5200/5200/5200 5198/5198/5198
f 5204/5204/5204 5203/5203/5203 5202/5202/5202
f 5205/5205/5205 5204/5204/5204 5202/5202/5202
f 5208/5208/5208 5207/5207/5207 5206/5206/5206
f 5209/5209/5209 5208/5208/5208 5206/5206/5206
f 5212/5212/5212 5211/5211/5211 5210/5210/5210
f 5213/5213/5213 5212/5212/5212 5210/5210/5210
f 5216/5216/5216 5215/5215/5215 5214/5214/5214
f 5217/5217/5217 5216/5216/5216 5214/5214/5214
f 5220/5220/5220 5219/5219/5219 5218/5218/5218
f 5219/5219/5219 5221/5221/5221 5218/5218/5218
f 5218/5218/5218 5221/5221/5221 5222/5222/5222
f 5221/5221/5221 5223/5223/5223 5222/5222/5222
f 5226/5226/5226 5225/5225/5225 5224/5224/5224
f 5225/5225/5225 5227/5227/5227 5224/5224/5224
f 5224/5224/5224 5227/5227/5227 5228/5228/5228
f 5227/5227/5227 5229/5229/5229 5228/5228/5228
f 5232/5232/5232 5231/5231/5231 5230/5230/5230
f 5231/5231/5231 5233/5233/5233 5230/5230/5230
f 5230/5230/5230 5233/5233/5233 5234/5234/5234
f 5233/5233/5233 5235/5235/5235 5234/5234/5234
f 5238/5238/5238 5237/5237/5237 5236/5236/5236
f 5239/5239/5239 5238/5238/5238 5236/5236/5236
f 5240/5240/5240 5239/5239/5239 5236/5236/5236
f 5241/5241/5241 5240/5240/5240 5236/5236/5236
f 5240/5240/5240 5241/5241/5241 5242/5242/5242
f 5243/5243/5243 5240/5240/5240 5242/5242/5242
f 5244/5244/5244 5243/5243/5243 5242/5242/5242
f 5245/5245/5245 5244/5244/5244 5242/5242/5242
f 5248/5248/5248 5247/5247/5247 5246/5246/5246
f 5249/5249/5249 5248/5248/5248 5246/5246/5246
f 5249/5249/5249 5250/5250/5250 5248/5248/5248
f 5250/5250/5250 5251/5251/5251 5248/5248/5248
f 5252/5252/5252 5251/5251/5251 5250/5250/5250
f 5253/5253/5253 5252/5252/5252 5250/5250/5250
f 5252/5252/5252 5253/5253/5253 5254/5254/5254
f 5255/5255/5255 5252/5252/5252 5254/5254/5254
f 5254/5254/5254 5256/5256/5256 5255/5255/5255
f 5256/5256/5256 5257/5257/5257 5255/5255/5255
f 5252/5252/5252 5255/5255/5255 5258/5258/5258
f 5255/5255/5255 5257/5257/5257 5259/5259/5259
f 5255/5255/5255 5259/5259/5259 5258/5258/5258
f 5257/5257/5257 5260/5260/5260 5259/5259/5259
f 5260/5260/5260 5261/5261/5261 5259/5259/5259
f 5261/5261/5261 5262/5262/5262 5259/5259/5259
f 5258/5258/5258 5259/5259/5259 5262/5262/5262
f 5263/5263/5263 5258/5258/5258 5262/5262/5262
f 5263/5263/5263 5264/5264/5264 5258/5258/5258
f 5264/5264/5264 5265/5265/5265 5258/5258/5258
f 5265/5265/5265 5264/5264/5264 5266/5266/5266
f 5264/5264/5264 5267/5267/5267 5266/5266/5266
f 5267/5267/5267 5268/5268/5268 5266/5266/5266
f 5268/5268/5268 5269/5269/5269 5266/5266/5266
f 5272/5272/5272 5271/5271/5271 5270/5270/5270
f 5273/5273/5273 5272/5272/5272 5270/5270/5270
f 5276/5276/5276 5275/5275/5275 5274/5274/5274
f 5277/5277/5277 5276/5276/5276 5274/5274/5274
f 5278/5278/5278 5276/5276/5276 5277/5277/5277
f 5279/5279/5279 5278/5278/5278 5277/5277/5277
f 5282/5282/5282 5281/5281/5281 5280/5280/5280
f 5283/5283/5283 5282/5282/5282 5280/5280/5280
f 5286/5286/5286 5285/5285/5285 5284/5284/5284
f 5285/5285/5285 5287/5287/5287 5284/5284/5284
f 5287/5287/5287 5288/5288/5288 5284/5284/5284
f 5288/5288/5288 5289/5289/5289 5284/5284/5284
f 5288/5288/5288 5290/5290/5290 5289/5289/5289
f 5290/5290/5290 5291/5291/5291 5289/5289/5289
f 5290/5290/5290 5292/5292/5292 5291/5291/5291
f 5292/5292/5292 5293/5293/5293 5291/5291/5291
f 5296/5296/5296 5295/5295/5295 5294/5294/5294
f 5295/5295/5295 5297/5297/5297 5294/5294/5294
f 5295/5295/5295 5298/5298/5298 5297/5297/5297
f 5298/5298/5298 5299/5299/5299 5297/5297/5297
f 5302/5302/5302 5301/5301/5301 5300/5300/5300
f 5302/5302/5302 5303/5303/5303 5301/5301/5301
f 5303/5303/5303 5304/5304/5304 5301/5301/5301
f 5305/5305/5305 5303/5303/5303 5302/5302/5302
f 5303/5303/5303 5306/5306/5306 5304/5304/5304
f 5306/5306/5306 5307/5307/5307 5304/5304/5304
f 5306/5306/5306 5308/5308/5308 5307/5307/5307
f 5305/5305/5305 5309/5309/5309 5303/5303/5303
f 5309/5309/5309 5306/5306/5306 5303/5303/5303
f 5310/5310/5310 5309/5309/5309 5305/5305/5305
f 5311/5311/5311 5308/5308/5308 5306/5306/5306
f 5309/5309/5309 5311/5311/5311 5306/5306/5306
f 5311/5311/5311 5312/5312/5312 5308/5308/5308
f 5310/5310/5310 5313/5313/5313 5309/5309/5309
f 5313/5313/5313 5311/5311/5311 5309/5309/5309
f 5314/5314/5314 5313/5313/5313 5310/5310/5310
f 5315/5315/5315 5312/5312/5312 5311/5311/5311
f 5313/5313/5313 5315/5315/5315 5311/5311/5311
f 5315/5315/5315 5316/5316/5316 5312/5312/5312
f 5314/5314/5314 5317/5317/5317 5313/5313/5313
f 5317/5317/5317 5315/5315/5315 5313/5313/5313
f 5318/5318/5318 5317/5317/5317 5314/5314/5314
f 5318/5318/5318 5319/5319/5319 5317/5317/5317
f 5320/5320/5320 5316/5316/5316 5315/5315/5315
f 5317/5317/5317 5320/5320/5320 5315/5315/5315
f 5319/5319/5319 5320/5320/5320 5317/5317/5317
f 5320/5320/5320 5321/5321/5321 5316/5316/5316
f 5319/5319/5319 5322/5322/5322 5320/5320/5320
f 5322/5322/5322 5321/5321/5321 5320/5320/5320
f 5322/5322/5322 5323/5323/5323 5321/5321/5321
f 5326/5326/5326 5325/5325/5325 5324/5324/5324
f 5325/5325/5325 5327/5327/5327 5324/5324/5324
f 5327/5327/5327 5328/5328/5328 5324/5324/5324
f 5328/5328/5328 5329/5329/5329 5324/5324/5324
f 5324/5324/5324 5329/5329/5329 5330/5330/5330
f 5330/5330/5330 5329/5329/5329 5331/5331/5331
f 5329/5329/5329 5332/5332/5332 5331/5331/5331
f 5332/5332/5332 5333/5333/5333 5331/5331/5331
f 5333/5333/5333 5332/5332/5332 5334/5334/5334
f 5335/5335/5335 5333/5333/5333 5334/5334/5334
f 5334/5334/5334 5332/5332/5332 5336/5336/5336
f 5337/5337/5337 5334/5334/5334 5336/5336/5336
f 5336/5336/5336 5332/5332/5332 5338/5338/5338
f 5341/5341/5341 5340/5340/5340 5339/5339/5339
f 5342/5342/5342 5341/5341/5341 5339/5339/5339
f 5339/5339/5339 5343/5343/5343 5342/5342/5342
f 5343/5343/5343 5344/5344/5344 5342/5342/5342
f 5344/5344/5344 5345/5345/5345 5342/5342/5342
f 5346/5346/5346 5345/5345/5345 5344/5344/5344
f 5343/5343/5343 5347/5347/5347 5344/5344/5344
f 5348/5348/5348 5346/5346/5346 5344/5344/5344
f 5346/5346/5346 5348/5348/5348 5349/5349/5349
f 5348/5348/5348 5350/5350/5350 5349/5349/5349
f 5349/5349/5349 5350/5350/5350 5351/5351/5351
f 5350/5350/5350 5352/5352/5352 5351/5351/5351
f 5351/5351/5351 5352/5352/5352 5353/5353/5353
f 5352/5352/5352 5354/5354/5354 5353/5353/5353
f 5353/5353/5353 5354/5354/5354 5355/5355/5355
f 5354/5354/5354 5356/5356/5356 5355/5355/5355
f 5355/5355/5355 5356/5356/5356 5357/5357/5357
f 5356/5356/5356 5358/5358/5358 5357/5357/5357
f 5357/5357/5357 5358/5358/5358 5359/5359/5359
f 5358/5358/5358 5360/5360/5360 5359/5359/5359
f 5360/5360/5360 5361/5361/5361 5359/5359/5359
f 5361/5361/5361 5362/5362/5362 5359/5359/5359
f 5365/5365/5365 5364/5364/5364 5363/5363/5363
f 5366/5366/5366 5365/5365/5365 5363/5363/5363
f 5366/5366/5366 5363/5363/5363 5367/5367/5367
f 5368/5368/5368 5366/5366/5366 5367/5367/5367
f 5367/5367/5367 5363/5363/5363 5369/5369/5369
f 5367/5367/5367 5369/5369/5369 5370/5370/5370
f 5371/5371/5371 5367/5367/5367 5370/5370/5370
f 5372/5372/5372 5371/5371/5371 5370/5370/5370
f 5373/5373/5373 5371/5371/5371 5372/5372/5372
f 5374/5374/5374 5373/5373/5373 5372/5372/5372
f 5371/5371/5371 5373/5373/5373 5375/5375/5375
f 5376/5376/5376 5375/5375/5375 5373/5373/5373
f 5371/5371/5371 5375/5375/5375 5377/5377/5377
f 5380/5380/5380 5379/5379/5379 5378/5378/5378
f 5379/5379/5379 5381/5381/5381 5378/5378/5378
f 5378/5378/5378 5381/5381/5381 5347/5347/5347
f 5382/5382/5382 5347/5347/5347 5381/5381/5381
f 5347/5347/5347 5382/5382/5382 5344/5344/5344
f 5383/5383/5383 5382/5382/5382 5381/5381/5381
f 5383/5383/5383 5384/5384/5384 5382/5382/5382
f 5384/5384/5384 5385/5385/5385 5382/5382/5382
f 5384/5384/5384 5386/5386/5386 5385/5385/5385
f 5386/5386/5386 5387/5387/5387 5385/5385/5385
f 5386/5386/5386 5388/5388/5388 5387/5387/5387
f 5388/5388/5388 5389/5389/5389 5387/5387/5387
f 5388/5388/5388 5390/5390/5390 5389/5389/5389
f 5390/5390/5390 5391/5391/5391 5389/5389/5389
f 5390/5390/5390 5392/5392/5392 5391/5391/5391
f 5392/5392/5392 5393/5393/5393 5391/5391/5391
f 5392/5392/5392 5394/5394/5394 5393/5393/5393
f 5394/5394/5394 5395/5395/5395 5393/5393/5393
f 5394/5394/5394 5396/5396/5396 5395/5395/5395
f 5396/5396/5396 5397/5397/5397 5395/5395/5395
f 5398/5398/5398 5397/5397/5397 5396/5396/5396
f 5399/5399/5399 5398/5398/5398 5396/5396/5396
f 5402/5402/5402 5401/5401/5401 5400/5400/5400
f 5403/5403/5403 5402/5402/5402 5400/5400/5400
f 5406/5406/5406 5405/5405/5405 5404/5404/5404
f 5407/5407/5407 5406/5406/5406 5404/5404/5404
f 5410/5410/5410 5409/5409/5409 5408/5408/5408
f 5409/5409/5409 5411/5411/5411 5408/5408/5408
f 5409/5409/5409 5412/5412/5412 5411/5411/5411
f 5412/5412/5412 5413/5413/5413 5411/5411/5411
f 5412/5412/5412 5414/5414/5414 5413/5413/5413
f 5414/5414/5414 5415/5415/5415 5413/5413/5413
f 5414/5414/5414 5416/5416/5416 5415/5415/5415
f 5416/5416/5416 5417/5417/5417 5415/5415/5415
f 5416/5416/5416 5418/5418/5418 5417/5417/5417
f 5418/5418/5418 5419/5419/5419 5417/5417/5417
f 5418/5418/5418 5420/5420/5420 5419/5419/5419
f 5420/5420/5420 5421/5421/5421 5419/5419/5419
f 5420/5420/5420 5422/5422/5422 5421/5421/5421
f 5422/5422/5422 5423/5423/5423 5421/5421/5421
f 5422/5422/5422 5424/5424/5424 5423/5423/5423
f 5424/5424/5424 5425/5425/5425 5423/5423/5423
f 5424/5424/5424 5426/5426/5426 5425/5425/5425
f 5426/5426/5426 5427/5427/5427 5425/5425/5425
f 5426/5426/5426 5428/5428/5428 5427/5427/5427
f 5428/5428/5428 5429/5429/5429 5427/5427/5427
f 5428/5428/5428 5430/5430/5430 5429/5429/5429
f 5430/5430/5430 5431/5431/5431 5429/5429/5429
f 5430/5430/5430 5432/5432/5432 5431/5431/5431
f 5432/5432/5432 5433/5433/5433 5431/5431/5431
f 5432/5432/5432 5434/5434/5434 5433/5433/5433
f 5434/5434/5434 5435/5435/5435 5433/5433/5433
f 5434/5434/5434 5436/5436/5436 5435/5435/5435
f 5436/5436/5436 5437/5437/5437 5435/5435/5435
f 5436/5436/5436 5438/5438/5438 5437/5437/5437
f 5438/5438/5438 5439/5439/5439 5437/5437/5437
f 5438/5438/5438 5440/5440/5440 5439/5439/5439
f 5440/5440/5440 5441/5441/5441 5439/5439/5439
f 5444/5444/5444 5443/5443/5443 5442/5442/5442
f 5443/5443/5443 5445/5445/5445 5442/5442/5442
f 5445/5445/5445 5443/5443/5443 5446/5446/5446
f 5443/5443/5443 5447/5447/5447 5446/5446/5446
f 5446/5446/5446 5447/5447/5447 5448/5448/5448
f 5447/5447/5447 5449/5449/5449 5448/5448/5448
f 5448/5448/5448 5449/5449/5449 5450/5450/5450
f 5449/5449/5449 5451/5451/5451 5450/5450/5450
f 5450/5450/5450 5451/5451/5451 5452/5452/5452
f 5451/5451/5451 5453/5453/5453 5452/5452/5452
f 5452/5452/5452 5453/5453/5453 5454/5454/5454
f 5453/5453/5453 5455/5455/5455 5454/5454/5454
f 5454/5454/5454 5455/5455/5455 5456/5456/5456
f 5455/5455/5455 5457/5457/5457 5456/5456/5456
f 5456/5456/5456 5457/5457/5457 5458/5458/5458
f 5457/5457/5457 5459/5459/5459 5458/5458/5458
f 5458/5458/5458 5459/5459/5459 5460/5460/5460
f 5459/5459/5459 5461/5461/5461 5460/5460/5460
f 5460/5460/5460 5461/5461/5461 5462/5462/5462
f 5461/5461/5461 5463/5463/5463 5462/5462/5462
f 5462/5462/5462 5463/5463/5463 5464/5464/5464
f 5463/5463/5463 5465/5465/5465 5464/5464/5464
f 5464/5464/5464 5465/5465/5465 5466/5466/5466
f 5465/5465/5465 5467/5467/5467 5466/5466/5466
f 5470/5470/5470 5469/5469/5469 5468/5468/5468
f 5468/5468/5468 5469/5469/5469 5471/5471/5471
f 5469/5469/5469 5472/5472/5472 5471/5471/5471
f 5471/5471/5471 5472/5472/5472 5473/5473/5473
f 5472/5472/5472 5474/5474/5474 5473/5473/5473
f 5473/5473/5473 5474/5474/5474 5475/5475/5475
f 5474/5474/5474 5476/5476/5476 5475/5475/5475
f 5476/5476/5476 5477/5477/5477 5475/5475/5475
f 5477/5477/5477 5478/5478/5478 5475/5475/5475
f 5479/5479/5479 5478/5478/5478 5477/5477/5477
f 5480/5480/5480 5479/5479/5479 5477/5477/5477
f 5481/5481/5481 5479/5479/5479 5480/5480/5480
f 5482/5482/5482 5481/5481/5481 5480/5480/5480
f 5483/5483/5483 5481/5481/5481 5482/5482/5482
f 5486/5486/5486 5485/5485/5485 5484/5484/5484
f 5487/5487/5487 5486/5486/5486 5484/5484/5484
f 5488/5488/5488 5487/5487/5487 5484/5484/5484
f 5489/5489/5489 5488/5488/5488 5484/5484/5484
f 5488/5488/5488 5489/5489/5489 5490/5490/5490
f 5491/5491/5491 5488/5488/5488 5490/5490/5490
f 5492/5492/5492 5491/5491/5491 5490/5490/5490
f 5493/5493/5493 5492/5492/5492 5490/5490/5490
f 5494/5494/5494 5492/5492/5492 5493/5493/5493
f 5495/5495/5495 5494/5494/5494 5493/5493/5493
f 5496/5496/5496 5494/5494/5494 5495/5495/5495
f 5497/5497/5497 5496/5496/5496 5495/5495/5495
f 5496/5496/5496 5497/5497/5497 5498/5498/5498
f 5499/5499/5499 5496/5496/5496 5498/5498/5498
f 5499/5499/5499 5498/5498/5498 5500/5500/5500
f 5501/5501/5501 5499/5499/5499 5500/5500/5500
f 5501/5501/5501 5500/5500/5500 5502/5502/5502
f 5503/5503/5503 5501/5501/5501 5502/5502/5502
f 5504/5504/5504 5503/5503/5503 5502/5502/5502
f 5505/5505/5505 5504/5504/5504 5502/5502/5502
f 5504/5504/5504 5505/5505/5505 5506/5506/5506
f 5507/5507/5507 5504/5504/5504 5506/5506/5506
f 5507/5507/5507 5506/5506/5506 5508/5508/5508
f 5509/5509/5509 5507/5507/5507 5508/5508/5508
f 5512/5512/5512 5511/5511/5511 5510/5510/5510
f 5513/5513/5513 5512/5512/5512 5510/5510/5510
f 5514/5514/5514 5512/5512/5512 5513/5513/5513
f 5515/5515/5515 5514/5514/5514 5513/5513/5513
f 5516/5516/5516 5514/5514/5514 5515/5515/5515
f 5517/5517/5517 5516/5516/5516 5515/5515/5515
f 5518/5518/5518 5516/5516/5516 5517/5517/5517
f 5519/5519/5519 5518/5518/5518 5517/5517/5517
f 5520/5520/5520 5518/5518/5518 5519/5519/5519
f 5521/5521/5521 5520/5520/5520 5519/5519/5519
f 5522/5522/5522 5520/5520/5520 5521/5521/5521
f 5523/5523/5523 5522/5522/5522 5521/5521/5521
f 5524/5524/5524 5522/5522/5522 5523/5523/5523
f 5525/5525/5525 5524/5524/5524 5523/5523/5523
f 5526/5526/5526 5524/5524/5524 5525/5525/5525
f 5527/5527/5527 5526/5526/5526 5525/5525/5525
f 5528/5528/5528 5526/5526/5526 5527/5527/5527
f 5529/5529/5529 5528/5528/5528 5527/5527/5527
f 5530/5530/5530 5528/5528/5528 5529/5529/5529
f 5531/5531/5531 5530/5530/5530 5529/5529/5529
f 5532/5532/5532 5530/5530/5530 5531/5531/5531
f 5533/5533/5533 5532/5532/5532 5531/5531/5531
f 5534/5534/5534 5532/5532/5532 5533/5533/5533
f 5535/5535/5535 5534/5534/5534 5533/5533/5533
f 5536/5536/5536 5534/5534/5534 5535/5535/5535
f 5537/5537/5537 5536/5536/5536 5535/5535/5535
f 5538/5538/5538 5536/5536/5536 5537/5537/5537
f 5539/5539/5539 5538/5538/5538 5537/5537/5537
f 5540/5540/5540 5538/5538/5538 5539/5539/5539
f 5541/5541/5541 5540/5540/5540 5539/5539/5539
f 5542/5542/5542 5540/5540/5540 5541/5541/5541
f 5543/5543/5543 5542/5542/5542 5541/5541/5541
f 5546/5546/5546 5545/5545/5545 5544/5544/5544
f 5545/5545/5545 5547/5547/5547 5544/5544/5544
f 5544/5544/5544 5547/5547/5547 5548/5548/5548
f 5549/5549/5549 5544/5544/5544 5548/5548/5548
f 5549/5549/5549 5548/5548/5548 5550/5550/5550
f 5551/5551/5551 5549/5549/5549 5550/5550/5550
f 5551/5551/5551 5550/5550/5550 5552/5552/5552
f 5553/5553/5553 5551/5551/5551 5552/5552/5552
f 5553/5553/5553 5552/5552/5552 5554/5554/5554
f 5555/5555/5555 5553/5553/5553 5554/5554/5554
f 5555/5555/5555 5554/5554/5554 5556/5556/5556
f 5557/5557/5557 5555/5555/5555 5556/5556/5556
f 5557/5557/5557 5556/5556/5556 5558/5558/5558
f 5559/5559/5559 5557/5557/5557 5558/5558/5558
f 5559/5559/5559 5558/5558/5558 5560/5560/5560
f 5561/5561/5561 5559/5559/5559 5560/5560/5560
f 5561/5561/5561 5560/5560/5560 5562/5562/5562
f 5563/5563/5563 5561/5561/5561 5562/5562/5562
f 5563/5563/5563 5562/5562/5562 5564/5564/5564
f 5565/5565/5565 5563/5563/5563 5564/5564/5564
f 5565/5565/5565 5564/5564/5564 5566/5566/5566
f 5567/5567/5567 5565/5565/5565 5566/5566/5566
f 5567/5567/5567 5566/5566/5566 5568/5568/5568
f 5569/5569/5569 5567/5567/5567 5568/5568/5568
f 5572/5572/5572 5571/5571/5571 5570/5570/5570
f 5572/5572/5572 5570/5570/5570 5573/5573/5573
f 5574/5574/5574 5572/5572/5572 5573/5573/5573
f 5574/5574/5574 5573/5573/5573 5575/5575/5575
f 5576/5576/5576 5574/5574/5574 5575/5575/5575
f 5576/5576/5576 5575/5575/5575 5577/5577/5577
f 5578/5578/5578 5576/5576/5576 5577/5577/5577
f 5579/5579/5579 5578/5578/5578 5577/5577/5577
f 5580/5580/5580 5579/5579/5579 5577/5577/5577
f 5580/5580/5580 5581/5581/5581 5579/5579/5579
f 5581/5581/5581 5582/5582/5582 5579/5579/5579
f 5581/5581/5581 5583/5583/5583 5582/5582/5582
f 5583/5583/5583 5584/5584/5584 5582/5582/5582
f 5583/5583/5583 5585/5585/5585 5584/5584/5584
f 5588/5588/5588 5587/5587/5587 5586/5586/5586
f 5587/5587/5587 5589/5589/5589 5586/5586/5586
f 5589/5589/5589 5590/5590/5590 5586/5586/5586
f 5589/5589/5589 5591/5591/5591 5590/5590/5590
f 5591/5591/5591 5592/5592/5592 5590/5590/5590
f 5591/5591/5591 5593/5593/5593 5592/5592/5592
f 5593/5593/5593 5594/5594/5594 5592/5592/5592
f 5594/5594/5594 5593/5593/5593 5595/5595/5595
f 5596/5596/5596 5594/5594/5594 5595/5595/5595
f 5599/5599/5599 5598/5598/5598 5597/5597/5597
f 5598/5598/5598 5600/5600/5600 5597/5597/5597
f 5597/5597/5597 5600/5600/5600 5601/5601/5601
f 5600/5600/5600 5602/5602/5602 5601/5601/5601
f 5601/5601/5601 5602/5602/5602 5603/5603/5603
f 5602/5602/5602 5604/5604/5604 5603/5603/5603
f 5603/5603/5603 5604/5604/5604 5605/5605/5605
f 5604/5604/5604 5606/5606/5606 5605/5605/5605
f 5605/5605/5605 5606/5606/5606 5607/5607/5607
f 5606/5606/5606 5608/5608/5608 5607/5607/5607
f 5607/5607/5607 5608/5608/5608 5609/5609/5609
f 5608/5608/5608 5610/5610/5610 5609/5609/5609
f 5609/5609/5609 5610/5610/5610 5611/5611/5611
f 5610/5610/5610 5612/5612/5612 5611/5611/5611
f 5611/5611/5611 5612/5612/5612 5613/5613/5613
f 5612/5612/5612 5614/5614/5614 5613/5613/5613
f 5613/5613/5613 5614/5614/5614 5615/5615/5615
f 5614/5614/5614 5616/5616/5616 5615/5615/5615
f 5615/5615/5615 5616/5616/5616 5617/5617/5617
f 5616/5616/5616 5618/5618/5618 5617/5617/5617
f 5621/5621/5621 5620/5620/5620 5619/5619/5619
f 5620/5620/5620 5622/5622/5622 5619/5619/5619
f 5619/5619/5619 5622/5622/5622 5623/5623/5623
f 5622/5622/5622 5624/5624/5624 5623/5623/5623
f 5623/5623/5623 5624/5624/5624 5625/5625/5625
f 5624/5624/5624 5626/5626/5626 5625/5625/5625
f 5625/5625/5625 5626/5626/5626 5627/5627/5627
f 5626/5626/5626 5628/5628/5628 5627/5627/5627
f 5627/5627/5627 5628/5628/5628 5629/5629/5629
f 5628/5628/5628 5630/5630/5630 5629/5629/5629
f 5629/5629/5629 5630/5630/5630 5631/5631/5631
f 5630/5630/5630 5632/5632/5632 5631/5631/5631
f 5631/5631/5631 5632/5632/5632 5633/5633/5633
f 5632/5632/5632 5634/5634/5634 5633/5633/5633
f 5633/5633/5633 5634/5634/5634 5635/5635/5635
f 5634/5634/5634 5636/5636/5636 5635/5635/5635
f 5635/5635/5635 5636/5636/5636 5637/5637/5637
f 5638/5638/5638 5635/5635/5635 5637/5637/5637
f 5637/5637/5637 5639/5639/5639 5638/5638/5638
f 5639/5639/5639 5640/5640/5640 5638/5638/5638
f 5643/5643/5643 5642/5642/5642 5641/5641/5641
f 5642/5642/5642 5644/5644/5644 5641/5641/5641
f 5642/5642/5642 5645/5645/5645 5644/5644/5644
f 5645/5645/5645 5646/5646/5646 5644/5644/5644
f 5645/5645/5645 5647/5647/5647 5646/5646/5646
f 5647/5647/5647 5648/5648/5648 5646/5646/5646
f 5647/5647/5647 5649/5649/5649 5648/5648/5648
f 5649/5649/5649 5650/5650/5650 5648/5648/5648
f 5649/5649/5649 5651/5651/5651 5650/5650/5650
f 5651/5651/5651 5652/5652/5652 5650/5650/5650
f 5653/5653/5653 5652/5652/5652 5651/5651/5651
f 5654/5654/5654 5653/5653/5653 5651/5651/5651
f 5655/5655/5655 5653/5653/5653 5654/5654/5654
f 5656/5656/5656 5655/5655/5655 5654/5654/5654
f 5657/5657/5657 5655/5655/5655 5656/5656/5656
f 5658/5658/5658 5657/5657/5657 5656/5656/5656
f 5659/5659/5659 5657/5657/5657 5658/5658/5658
f 5660/5660/5660 5659/5659/5659 5658/5658/5658
f 5661/5661/5661 5659/5659/5659 5660/5660/5660
f 5662/5662/5662 5661/5661/5661 5660/5660/5660
f 5665/5665/5665 5664/5664/5664 5663/5663/5663
f 5664/5664/5664 5666/5666/5666 5663/5663/5663
f 5664/5664/5664 5667/5667/5667 5666/5666/5666
f 5667/5667/5667 5668/5668/5668 5666/5666/5666
f 5667/5667/5667 5669/5669/5669 5668/5668/5668
f 5669/5669/5669 5670/5670/5670 5668/5668/5668
f 5669/5669/5669 5671/5671/5671 5670/5670/5670
f 5671/5671/5671 5672/5672/5672 5670/5670/5670
f 5671/5671/5671 5673/5673/5673 5672/5672/5672
f 5673/5673/5673 5674/5674/5674 5672/5672/5672
f 5673/5673/5673 5675/5675/5675 5674/5674/5674
f 5675/5675/5675 5676/5676/5676 5674/5674/5674
f 5675/5675/5675 5677/5677/5677 5676/5676/5676
f 5677/5677/5677 5678/5678/5678 5676/5676/5676
f 5677/5677/5677 5679/5679/5679 5678/5678/5678
f 5679/5679/5679 5680/5680/5680 5678/5678/5678
f 5679/5679/5679 5681/5681/5681 5680/5680/5680
f 5681/5681/5681 5682/5682/5682 5680/5680/5680
f 5681/5681/5681 5683/5683/5683 5682/5682/5682
f 5683/5683/5683 5684/5684/5684 5682/5682/5682
f 5683/5683/5683 5685/5685/5685 5684/5684/5684
f 5685/5685/5685 5686/5686/5686 5684/5684/5684
f 5685/5685/5685 5687/5687/5687 5686/5686/5686
f 5687/5687/5687 5688/5688/5688 5686/5686/5686
f 5687/5687/5687 5689/5689/5689 5688/5688/5688
f 5689/5689/5689 5690/5690/5690 5688/5688/5688
f 5689/5689/5689 5691/5691/5691 5690/5690/5690
f 5691/5691/5691 5692/5692/5692 5690/5690/5690
f 5691/5691/5691 5693/5693/5693 5692/5692/5692
f 5693/5693/5693 5694/5694/5694 5692/5692/5692
f 5693/5693/5693 5695/5695/5695 5694/5694/5694
f 5695/5695/5695 5696/5696/5696 5694/5694/5694
f 5699/5699/5699 5698/5698/5698 5697/5697/5697
f 5699/5699/5699 5700/5700/5700 5698/5698/5698
f 5700/5700/5700 5701/5701/5701 5698/5698/5698
f 5700/5700/5700 5702/5702/5702 5701/5701/5701
f 5702/5702/5702 5703/5703/5703 5701/5701/5701
f 5702/5702/5702 5704/5704/5704 5703/5703/5703
f 5704/5704/5704 5705/5705/5705 5703/5703/5703
f 5704/5704/5704 5706/5706/5706 5705/5705/5705
f 5706/5706/5706 5707/5707/5707 5705/5705/5705
f 5706/5706/5706 5708/5708/5708 5707/5707/5707
f 5708/5708/5708 5709/5709/5709 5707/5707/5707
f 5708/5708/5708 5710/5710/5710 5709/5709/5709
f 5710/5710/5710 5711/5711/5711 5709/5709/5709
f 5710/5710/5710 5712/5712/5712 5711/5711/5711
f 5715/5715/5715 5714/5714/5714 5713/5713/5713
f 5716/5716/5716 5715/5715/5715 5713/5713/5713
f 5717/5717/5717 5716/5716/5716 5713/5713/5713
f 5718/5718/5718 5716/5716/5716 5717/5717/5717
f 5719/5719/5719 5718/5718/5718 5717/5717/5717
f 5720/5720/5720 5718/5718/5718 5719/5719/5719
f 5721/5721/5721 5720/5720/5720 5719/5719/5719
f 5722/5722/5722 5720/5720/5720 5721/5721/5721
f 5723/5723/5723 5722/5722/5722 5721/5721/5721
f 5726/5726/5726 5725/5725/5725 5724/5724/5724
f 5725/5725/5725 5727/5727/5727 5724/5724/5724
f 5725/5725/5725 5728/5728/5728 5727/5727/5727
f 5728/5728/5728 5729/5729/5729 5727/5727/5727
f 5728/5728/5728 5730/5730/5730 5729/5729/5729
f 5730/5730/5730 5731/5731/5731 5729/5729/5729
f 5730/5730/5730 5732/5732/5732 5731/5731/5731
f 5732/5732/5732 5733/5733/5733 5731/5731/5731
f 5732/5732/5732 5734/5734/5734 5733/5733/5733
f 5734/5734/5734 5735/5735/5735 5733/5733/5733
f 5734/5734/5734 5736/5736/5736 5735/5735/5735
f 5736/5736/5736 5737/5737/5737 5735/5735/5735
f 5736/5736/5736 5738/5738/5738 5737/5737/5737
f 5738/5738/5738 5739/5739/5739 5737/5737/5737
f 5738/5738/5738 5740/5740/5740 5739/5739/5739
f 5740/5740/5740 5741/5741/5741 5739/5739/5739
f 5740/5740/5740 5742/5742/5742 5741/5741/5741
f 5742/5742/5742 5743/5743/5743 5741/5741/5741
f 5742/5742/5742 5744/5744/5744 5743/5743/5743
f 5744/5744/5744 5745/5745/5745 5743/5743/5743
f 5748/5748/5748 5747/5747/5747 5746/5746/5746
f 5747/5747/5747 5749/5749/5749 5746/5746/5746
f 5747/5747/5747 5750/5750/5750 5749/5749/5749
f 5750/5750/5750 5751/5751/5751 5749/5749/5749
f 5750/5750/5750 5752/5752/5752 5751/5751/5751
f 5752/5752/5752 5753/5753/5753 5751/5751/5751
f 5752/5752/5752 5754/5754/5754 5753/5753/5753
f 5754/5754/5754 5755/5755/5755 5753/5753/5753
f 5754/5754/5754 5756/5756/5756 5755/5755/5755
f 5756/5756/5756 5757/5757/5757 5755/5755/5755
f 5756/5756/5756 5758/5758/5758 5757/5757/5757
f 5758/5758/5758 5759/5759/5759 5757/5757/5757
f 5758/5758/5758 5760/5760/5760 5759/5759/5759
f 5760/5760/5760 5761/5761/5761 5759/5759/5759
f 5760/5760/5760 5762/5762/5762 5761/5761/5761
f 5762/5762/5762 5763/5763/5763 5761/5761/5761
f 5763/5763/5763 5762/5762/5762 5764/5764/5764
f 5762/5762/5762 5765/5765/5765 5764/5764/5764
f 5764/5764/5764 5765/5765/5765 5766/5766/5766
f 5765/5765/5765 5767/5767/5767 5766/5766/5766
f 5770/5770/5770 5769/5769/5769 5768/5768/5768
f 5769/5769/5769 5771/5771/5771 5768/5768/5768
f 5772/5772/5772 5768/5768/5768 5771/5771/5771
f 5773/5773/5773 5772/5772/5772 5771/5771/5771
f 5774/5774/5774 5772/5772/5772 5773/5773/5773
f 5775/5775/5775 5774/5774/5774 5773/5773/5773
f 5776/5776/5776 5774/5774/5774 5775/5775/5775
f 5777/5777/5777 5776/5776/5776 5775/5775/5775
f 5778/5778/5778 5776/5776/5776 5777/5777/5777
f 5779/5779/5779 5778/5778/5778 5777/5777/5777
f 5778/5778/5778 5779/5779/5779 5780/5780/5780
f 5781/5781/5781 5778/5778/5778 5780/5780/5780
f 5781/5781/5781 5780/5780/5780 5782/5782/5782
f 5783/5783/5783 5781/5781/5781 5782/5782/5782
f 5783/5783/5783 5782/5782/5782 5784/5784/5784
f 5785/5785/5785 5783/5783/5783 5784/5784/5784
f 5785/5785/5785 5784/5784/5784 5786/5786/5786
f 5787/5787/5787 5785/5785/5785 5786/5786/5786
f 5786/5786/5786 5788/5788/5788 5787/5787/5787
f 5788/5788/5788 5789/5789/5789 5787/5787/5787
f 5792/5792/5792 5791/5791/5791 5790/5790/5790
f 5793/5793/5793 5792/5792/5792 5790/5790/5790
f 5794/5794/5794 5792/5792/5792 5793/5793/5793
f 5795/5795/5795 5794/5794/5794 5793/5793/5793
f 5796/5796/5796 5794/5794/5794 5795/5795/5795
f 5797/5797/5797 5796/5796/5796 5795/5795/5795
f 5798/5798/5798 5796/5796/5796 5797/5797/5797
f 5799/5799/5799 5798/5798/5798 5797/5797/5797
f 5800/5800/5800 5798/5798/5798 5799/5799/5799
f 5801/5801/5801 5800/5800/5800 5799/5799/5799
f 5802/5802/5802 5800/5800/5800 5801/5801/5801
f 5803/5803/5803 5802/5802/5802 5801/5801/5801
f 5804/5804/5804 5802/5802/5802 5803/5803/5803
f 5805/5805/5805 5804/5804/5804 5803/5803/5803
f 5806/5806/5806 5804/5804/5804 5805/5805/5805
f 5807/5807/5807 5806/5806/5806 5805/5805/5805
f 5808/5808/5808 5806/5806/5806 5807/5807/5807
f 5809/5809/5809 5808/5808/5808 5807/5807/5807
f 5810/5810/5810 5808/5808/5808 5809/5809/5809
f 5811/5811/5811 5810/5810/5810 5809/5809/5809
f 5812/5812/5812 5810/5810/5810 5811/5811/5811
f 5813/5813/5813 5812/5812/5812 5811/5811/5811
f 5814/5814/5814 5812/5812/5812 5813/5813/5813
f 5815/5815/5815 5814/5814/5814 5813/5813/5813
f 5816/5816/5816 5814/5814/5814 5815/5815/5815
f 5817/5817/5817 5816/5816/5816 5815/5815/5815
f 5818/5818/5818 5816/5816/5816 5817/5817/5817
f 5819/5819/5819 5818/5818/5818 5817/5817/5817
f 5820/5820/5820 5818/5818/5818 5819/5819/5819
f 5821/5821/5821 5820/5820/5820 5819/5819/5819
f 5822/5822/5822 5820/5820/5820 5821/5821/5821
f 5823/5823/5823 5822/5822/5822 5821/5821/5821
f 5826/5826/5826 5825/5825/5825 5824/5824/5824
f 5827/5827/5827 5825/5825/5825 5826/5826/5826
f 5828/5828/5828 5827/5827/5827 5826/5826/5826
f 5829/5829/5829 5827/5827/5827 5828/5828/5828
f 5830/5830/5830 5829/5829/5829 5828/5828/5828
f 5831/5831/5831 5829/5829/5829 5830/5830/5830
f 5832/5832/5832 5831/5831/5831 5830/5830/5830
f 5833/5833/5833 5831/5831/5831 5832/5832/5832
f 5834/5834/5834 5833/5833/5833 5832/5832/5832
f 5835/5835/5835 5833/5833/5833 5834/5834/5834
f 5836/5836/5836 5835/5835/5835 5834/5834/5834
f 5837/5837/5837 5835/5835/5835 5836/5836/5836
f 5838/5838/5838 5837/5837/5837 5836/5836/5836
f 5839/5839/5839 5837/5837/5837 5838/5838/5838
f 5842/5842/5842 5841/5841/5841 5840/5840/5840
f 5843/5843/5843 5842/5842/5842 5840/5840/5840
f 5844/5844/5844 5843/5843/5843 5840/5840/5840
f 5845/5845/5845 5843/5843/5843 5844/5844/5844
f 5846/5846/5846 5845/5845/5845 5844/5844/5844
f 5847/5847/5847 5845/5845/5845 5846/5846/5846
f 5848/5848/5848 5847/5847/5847 5846/5846/5846
f 5849/5849/5849 5847/5847/5847 5848/5848/5848
f 5850/5850/5850 5849/5849/5849 5848/5848/5848
f 5849/5849/5849 5850/5850/5850 5851/5851/5851
f 5852/5852/5852 5849/5849/5849 5851/5851/5851
f 5852/5852/5852 5851/5851/5851 5853/5853/5853
f 5854/5854/5854 5852/5852/5852 5853/5853/5853
f 5857/5857/5857 5856/5856/5856 5855/5855/5855
f 5856/5856/5856 5858/5858/5858 5855/5855/5855
f 5855/5855/5855 5858/5858/5858 5859/5859/5859
f 5858/5858/5858 5860/5860/5860 5859/5859/5859
f 5859/5859/5859 5860/5860/5860 5861/5861/5861
f 5860/5860/5860 5862/5862/5862 5861/5861/5861
f 5861/5861/5861 5862/5862/5862 5863/5863/5863
f 5864/5864/5864 5861/5861/5861 5863/5863/5863
f 5865/5865/5865 5864/5864/5864 5863/5863/5863
f 5868/5868/5868 5867/5867/5867 5866/5866/5866
f 5867/5867/5867 5869/5869/5869 5866/5866/5866
f 5867/5867/5867 5870/5870/5870 5869/5869/5869
f 5870/5870/5870 5871/5871/5871 5869/5869/5869
f 5870/5870/5870 5872/5872/5872 5871/5871/5871
f 5872/5872/5872 5873/5873/5873 5871/5871/5871
f 5872/5872/5872 5874/5874/5874 5873/5873/5873
f 5874/5874/5874 5875/5875/5875 5873/5873/5873
f 5874/5874/5874 5876/5876/5876 5875/5875/5875
f 5876/5876/5876 5877/5877/5877 5875/5875/5875
f 5876/5876/5876 5878/5878/5878 5877/5877/5877
f 5878/5878/5878 5879/5879/5879 5877/5877/5877
f 5878/5878/5878 5880/5880/5880 5879/5879/5879
f 5880/5880/5880 5881/5881/5881 5879/5879/5879
f 5880/5880/5880 5882/5882/5882 5881/5881/5881
f 5882/5882/5882 5883/5883/5883 5881/5881/5881
f 5883/5883/5883 5882/5882/5882 5884/5884/5884
f 5882/5882/5882 5885/5885/5885 5884/5884/5884
f 5884/5884/5884 5885/5885/5885 5886/5886/5886
f 5885/5885/5885 5887/5887/5887 5886/5886/5886
f 5890/5890/5890 5889/5889/5889 5888/5888/5888
f 5891/5891/5891 5890/5890/5890 5888/5888/5888
f 5891/5891/5891 5888/5888/5888 5892/5892/5892
f 5888/5888/5888 5893/5893/5893 5892/5892/5892
f 5892/5892/5892 5893/5893/5893 5894/5894/5894
f 5893/5893/5893 5895/5895/5895 5894/5894/5894
f 5895/5895/5895 5896/5896/5896 5894/5894/5894
f 5896/5896/5896 5897/5897/5897 5894/5894/5894
f 5896/5896/5896 5898/5898/5898 5897/5897/5897
f 5898/5898/5898 5899/5899/5899 5897/5897/5897
f 5898/5898/5898 5900/5900/5900 5899/5899/5899
f 5900/5900/5900 5901/5901/5901 5899/5899/5899
f 5900/5900/5900 5902/5902/5902 5901/5901/5901
f 5902/5902/5902 5903/5903/5903 5901/5901/5901
f 5902/5902/5902 5904/5904/5904 5903/5903/5903
f 5904/5904/5904 5905/5905/5905 5903/5903/5903
f 5904/5904/5904 5906/5906/5906 5905/5905/5905
f 5906/5906/5906 5907/5907/5907 5905/5905/5905
f 5906/5906/5906 5908/5908/5908 5907/5907/5907
f 5908/5908/5908 5909/5909/5909 5907/5907/5907
f 5908/5908/5908 5910/5910/5910 5909/5909/5909
f 5910/5910/5910 5911/5911/5911 5909/5909/5909
f 5911/5911/5911 5910/5910/5910 5912/5912/5912
f 5910/5910/5910 5913/5913/5913 5912/5912/5912
f 5916/5916/5916 5915/5915/5915 5914/5914/5914
f 5915/5915/5915 5917/5917/5917 5914/5914/5914
f 5915/5915/5915 5918/5918/5918 5917/5917/5917
f 5918/5918/5918 5919/5919/5919 5917/5917/5917
f 5918/5918/5918 5920/5920/5920 5919/5919/5919
f 5920/5920/5920 5921/5921/5921 5919/5919/5919
f 5920/5920/5920 5922/5922/5922 5921/5921/5921
f 5922/5922/5922 5923/5923/5923 5921/5921/5921
f 5922/5922/5922 5924/5924/5924 5923/5923/5923
f 5924/5924/5924 5925/5925/5925 5923/5923/5923
f 5924/5924/5924 5926/5926/5926 5925/5925/5925
f 5926/5926/5926 5927/5927/5927 5925/5925/5925
f 5926/5926/5926 5928/5928/5928 5927/5927/5927
f 5928/5928/5928 5929/5929/5929 5927/5927/5927
f 5928/5928/5928 5930/5930/5930 5929/5929/5929
f 5930/5930/5930 5931/5931/5931 5929/5929/5929
f 5930/5930/5930 5932/5932/5932 5931/5931/5931
f 5932/5932/5932 5933/5933/5933 5931/5931/5931
f 5932/5932/5932 5934/5934/5934 5933/5933/5933
f 5934/5934/5934 5935/5935/5935 5933/5933/5933
f 5938/5938/5938 5937/5937/5937 5936/5936/5936
f 5937/5937/5937 5939/5939/5939 5936/5936/5936
f 5939/5939/5939 5940/5940/5940 5936/5936/5936
f 5939/5939/5939 5941/5941/5941 5940/5940/5940
f 5941/5941/5941 5942/5942/5942 5940/5940/5940
f 5941/5941/5941 5943/5943/5943 5942/5942/5942
f 5943/5943/5943 5944/5944/5944 5942/5942/5942
f 5944/5944/5944 5943/5943/5943 5945/5945/5945
f 5946/5946/5946 5944/5944/5944 5945/5945/5945
f 5947/5947/5947 5946/5946/5946 5945/5945/5945
f 5948/5948/5948 5947/5947/5947 5945/5945/5945
f 5949/5949/5949 5947/5947/5947 5948/5948/5948
f 5950/5950/5950 5949/5949/5949 5948/5948/5948
f 5953/5953/5953 5952/5952/5952 5951/5951/5951
f 5954/5954/5954 5953/5953/5953 5951/5951/5951
f 5954/5954/5954 5955/5955/5955 5953/5953/5953
f 5955/5955/5955 5956/5956/5956 5953/5953/5953
f 5956/5956/5956 5955/5955/5955 5957/5957/5957
f 5958/5958/5958 5956/5956/5956 5957/5957/5957
f 5958/5958/5958 5957/5957/5957 5959/5959/5959
f 5957/5957/5957 5960/5960/5960 5959/5959/5959
f 5959/5959/5959 5960/5960/5960 5961/5961/5961
f 5960/5960/5960 5962/5962/5962 5961/5961/5961
f 5961/5961/5961 5962/5962/5962 5963/5963/5963
f 5962/5962/5962 5964/5964/5964 5963/5963/5963
f 5963/5963/5963 5964/5964/5964 5965/5965/5965
f 5964/5964/5964 5966/5966/5966 5965/5965/5965
f 5965/5965/5965 5966/5966/5966 5967/5967/5967
f 5966/5966/5966 5968/5968/5968 5967/5967/5967
f 5967/5967/5967 5968/5968/5968 5969/5969/5969
f 5968/5968/5968 5970/5970/5970 5969/5969/5969
f 5969/5969/5969 5970/5970/5970 5971/5971/5971
f 5970/5970/5970 5972/5972/5972 5971/5971/5971
f 5972/5972/5972 5973/5973/5973 5971/5971/5971
f 5973/5973/5973 5974/5974/5974 5971/5971/5971
f 5973/5973/5973 5975/5975/5975 5974/5974/5974
f 5975/5975/5975 5976/5976/5976 5974/5974/5974
f 5979/5979/5979 5978/5978/5978 5977/5977/5977
f 5980/5980/5980 5979/5979/5979 5977/5977/5977
f 5980/5980/5980 5977/5977/5977 5981/5981/5981
f 5982/5982/5982 5980/5980/5980 5981/5981/5981
f 5982/5982/5982 5981/5981/5981 5983/5983/5983
f 5984/5984/5984 5982/5982/5982 5983/5983/5983
f 5984/5984/5984 5983/5983/5983 5985/5985/5985
f 5983/5983/5983 5986/5986/5986 5985/5985/5985
f 5986/5986/5986 5987/5987/5987 5985/5985/5985
f 5990/5990/5990 5989/5989/5989 5988/5988/5988
f 5991/5991/5991 5990/5990/5990 5988/5988/5988
f 5991/5991/5991 5988/5988/5988 5992/5992/5992
f 5988/5988/5988 5993/5993/5993 5992/5992/5992
f 5992/5992/5992 5993/5993/5993 5994/5994/5994
f 5993/5993/5993 5995/5995/5995 5994/5994/5994
f 5994/5994/5994 5995/5995/5995 5996/5996/5996
f 5995/5995/5995 5997/5997/5997 5996/5996/5996
f 5996/5996/5996 5997/5997/5997 5998/5998/5998
f 5997/5997/5997 5999/5999/5999 5998/5998/5998
f 5998/5998/5998 5999/5999/5999 6000/6000/6000
f 5999/5999/5999 6001/6001/6001 6000/6000/6000
f 6000/6000/6000 6001/6001/6001 6002/6002/6002
f 6001/6001/6001 6003/6003/6003 6002/6002/6002
f 6002/6002/6002 6003/6003/6003 6004/6004/6004
f 6003/6003/6003 6005/6005/6005 6004/6004/6004
f 6004/6004/6004 6005/6005/6005 6006/6006/6006
f 6007/6007/6007 6004/6004/6004 6006/6006/6006
f 6006/6006/6006 6008/6008/6008 6007/6007/6007
f 6008/6008/6008 6009/6009/6009 6007/6007/6007
f 6012/6012/6012 6011/6011/6011 6010/6010/6010
f 6013/6013/6013 6012/6012/6012 6010/6010/6010
f 6013/6013/6013 6010/6010/6010 6014/6014/6014
f 6010/6010/6010 6015/6015/6015 6014/6014/6014
f 6014/6014/6014 6015/6015/6015 6016/6016/6016
f 6015/6015/6015 6017/6017/6017 6016/6016/6016
f 6016/6016/6016 6017/6017/6017 6018/6018/6018
f 6017/6017/6017 6019/6019/6019 6018/6018/6018
f 6018/6018/6018 6019/6019/6019 6020/6020/6020
f 6019/6019/6019 6021/6021/6021 6020/6020/6020
f 6020/6020/6020 6021/6021/6021 6022/6022/6022
f 6021/6021/6021 6023/6023/6023 6022/6022/6022
f 6022/6022/6022 6023/6023/6023 6024/6024/6024
f 6023/6023/6023 6025/6025/6025 6024/6024/6024
f 6024/6024/6024 6025/6025/6025 6026/6026/6026
f 6025/6025/6025 6027/6027/6027 6026/6026/6026
f 6026/6026/6026 6027/6027/6027 6028/6028/6028
f 6027/6027/6027 6029/6029/6029 6028/6028/6028
f 6029/6029/6029 6030/6030/6030 6028/6028/6028
f 6030/6030/6030 6031/6031/6031 6028/6028/6028
f 6034/6034/6034 6033/6033/6033 6032/6032/6032
f 6035/6035/6035 6032/6032/6032 6033/6033/6033
f 6033/6033/6033 6036/6036/6036 6035/6035/6035
f 6032/6032/6032 6035/6035/6035 6037/6037/6037
f 6038/6038/6038 6035/6035/6035 6036/6036/6036
f 6036/6036/6036 6039/6039/6039 6038/6038/6038
f 6040/6040/6040 6037/6037/6037 6035/6035/6035
f 6035/6035/6035 6038/6038/6038 6040/6040/6040
f 6037/6037/6037 6040/6040/6040 6041/6041/6041
f 6042/6042/6042 6038/6038/6038 6039/6039/6039
f 6039/6039/6039 6043/6043/6043 6042/6042/6042
f 6044/6044/6044 6041/6041/6041 6040/6040/6040
f 6041/6041/6041 6044/6044/6044 6045/6045/6045
f 6046/6046/6046 6040/6040/6040 6038/6038/6038
f 6038/6038/6038 6042/6042/6042 6046/6046/6046
f 6040/6040/6040 6046/6046/6046 6044/6044/6044
f 6047/6047/6047 6042/6042/6042 6043/6043/6043
f 6043/6043/6043 6048/6048/6048 6047/6047/6047
f 6049/6049/6049 6045/6045/6045 6044/6044/6044
f 6045/6045/6045 6049/6049/6049 6050/6050/6050
f 6051/6051/6051 6046/6046/6046 6042/6042/6042
f 6042/6042/6042 6047/6047/6047 6051/6051/6051
f 6052/6052/6052 6044/6044/6044 6046/6046/6046
f 6044/6044/6044 6052/6052/6052 6049/6049/6049
f 6046/6046/6046 6051/6051/6051 6052/6052/6052
f 6053/6053/6053 6047/6047/6047 6048/6048/6048
f 6048/6048/6048 6054/6054/6054 6053/6053/6053
f 6055/6055/6055 6050/6050/6050 6049/6049/6049
f 6050/6050/6050 6055/6055/6055 6056/6056/6056
f 6057/6057/6057 6056/6056/6056 6055/6055/6055
f 6058/6058/6058 6049/6049/6049 6052/6052/6052
f 6049/6049/6049 6058/6058/6058 6055/6055/6055
f 6055/6055/6055 6059/6059/6059 6057/6057/6057
f 6059/6059/6059 6055/6055/6055 6058/6058/6058
f 6060/6060/6060 6057/6057/6057 6059/6059/6059
f 6061/6061/6061 6051/6051/6051 6047/6047/6047
f 6047/6047/6047 6053/6053/6053 6061/6061/6061
f 6062/6062/6062 6052/6052/6052 6051/6051/6051
f 6052/6052/6052 6062/6062/6062 6058/6058/6058
f 6051/6051/6051 6061/6061/6061 6062/6062/6062
f 6063/6063/6063 6053/6053/6053 6054/6054/6054
f 6054/6054/6054 6064/6064/6064 6063/6063/6063
f 6059/6059/6059 6065/6065/6065 6060/6060/6060
f 6066/6066/6066 6060/6060/6060 6065/6065/6065
f 6066/6066/6066 6065/6065/6065 6067/6067/6067
f 6058/6058/6058 6068/6068/6068 6059/6059/6059
f 6068/6068/6068 6058/6058/6058 6062/6062/6062
f 6065/6065/6065 6059/6059/6059 6068/6068/6068
f 6069/6069/6069 6061/6061/6061 6053/6053/6053
f 6053/6053/6053 6063/6063/6063 6069/6069/6069
f 6070/6070/6070 6062/6062/6062 6061/6061/6061
f 6062/6062/6062 6070/6070/6070 6068/6068/6068
f 6061/6061/6061 6069/6069/6069 6070/6070/6070
f 6071/6071/6071 6063/6063/6063 6064/6064/6064
f 6064/6064/6064 6072/6072/6072 6071/6071/6071
f 6068/6068/6068 6073/6073/6073 6065/6065/6065
f 6073/6073/6073 6068/6068/6068 6070/6070/6070
f 6074/6074/6074 6069/6069/6069 6063/6063/6063
f 6063/6063/6063 6071/6071/6071 6074/6074/6074
f 6075/6075/6075 6070/6070/6070 6069/6069/6069
f 6070/6070/6070 6075/6075/6075 6073/6073/6073
f 6069/6069/6069 6074/6074/6074 6075/6075/6075
f 6076/6076/6076 6071/6071/6071 6072/6072/6072
f 6072/6072/6072 6077/6077/6077 6076/6076/6076
f 6078/6078/6078 6065/6065/6065 6073/6073/6073
f 6078/6078/6078 6067/6067/6067 6065/6065/6065
f 6073/6073/6073 6079/6079/6079 6078/6078/6078
f 6079/6079/6079 6073/6073/6073 6075/6075/6075
f 6067/6067/6067 6078/6078/6078 6079/6079/6079
f 6080/6080/6080 6075/6075/6075 6074/6074/6074
f 6075/6075/6075 6080/6080/6080 6079/6079/6079
f 6081/6081/6081 6074/6074/6074 6071/6071/6071
f 6071/6071/6071 6076/6076/6076 6081/6081/6081
f 6074/6074/6074 6081/6081/6081 6080/6080/6080
f 6079/6079/6079 6082/6082/6082 6067/6067/6067
f 6082/6082/6082 6079/6079/6079 6080/6080/6080
f 6083/6083/6083 6067/6067/6067 6082/6082/6082
f 6084/6084/6084 6076/6076/6076 6077/6077/6077
f 6077/6077/6077 6085/6085/6085 6084/6084/6084
f 6086/6086/6086 6081/6081/6081 6076/6076/6076
f 6076/6076/6076 6084/6084/6084 6086/6086/6086
f 6087/6087/6087 6080/6080/6080 6081/6081/6081
f 6080/6080/6080 6087/6087/6087 6082/6082/6082
f 6081/6081/6081 6086/6086/6086 6087/6087/6087
f 6082/6082/6082 6088/6088/6088 6083/6083/6083
f 6088/6088/6088 6082/6082/6082 6087/6087/6087
f 6089/6089/6089 6083/6083/6083 6088/6088/6088
f 6090/6090/6090 6084/6084/6084 6085/6085/6085
f 6085/6085/6085 6091/6091/6091 6090/6090/6090
f 6092/6092/6092 6086/6086/6086 6084/6084/6084
f 6084/6084/6084 6090/6090/6090 6092/6092/6092
f 6093/6093/6093 6087/6087/6087 6086/6086/6086
f 6087/6087/6087 6093/6093/6093 6088/6088/6088
f 6086/6086/6086 6092/6092/6092 6093/6093/6093
f 6088/6088/6088 6094/6094/6094 6089/6089/6089
f 6094/6094/6094 6088/6088/6088 6093/6093/6093
f 6095/6095/6095 6089/6089/6089 6094/6094/6094
f 6096/6096/6096 6090/6090/6090 6091/6091/6091
f 6091/6091/6091 6097/6097/6097 6096/6096/6096
f 6098/6098/6098 6092/6092/6092 6090/6090/6090
f 6090/6090/6090 6096/6096/6096 6098/6098/6098
f 6099/6099/6099 6093/6093/6093 6092/6092/6092
f 6093/6093/6093 6099/6099/6099 6094/6094/6094
f 6092/6092/6092 6098/6098/6098 6099/6099/6099
f 6094/6094/6094 6100/6100/6100 6095/6095/6095
f 6100/6100/6100 6094/6094/6094 6099/6099/6099
f 6101/6101/6101 6095/6095/6095 6100/6100/6100
f 6102/6102/6102 6096/6096/6096 6097/6097/6097
f 6097/6097/6097 6103/6103/6103 6102/6102/6102
f 6104/6104/6104 6098/6098/6098 6096/6096/6096
f 6096/6096/6096 6102/6102/6102 6104/6104/6104
f 6105/6105/6105 6099/6099/6099 6098/6098/6098
f 6099/6099/6099 6105/6105/6105 6100/6100/6100
f 6098/6098/6098 6104/6104/6104 6105/6105/6105
f 6100/6100/6100 6106/6106/6106 6101/6101/6101
f 6106/6106/6106 6100/6100/6100 6105/6105/6105
f 6107/6107/6107 6101/6101/6101 6106/6106/6106
f 6108/6108/6108 6105/6105/6105 6104/6104/6104
f 6105/6105/6105 6108/6108/6108 6106/6106/6106
f 6106/6106/6106 6109/6109/6109 6107/6107/6107
f 6109/6109/6109 6106/6106/6106 6108/6108/6108
f 6110/6110/6110 6107/6107/6107 6109/6109/6109
f 6111/6111/6111 6104/6104/6104 6102/6102/6102
f 6104/6104/6104 6111/6111/6111 6108/6108/6108
f 6112/6112/6112 6102/6102/6102 6103/6103/6103
f 6102/6102/6102 6112/6112/6112 6111/6111/6111
f 6108/6108/6108 6113/6113/6113 6109/6109/6109
f 6113/6113/6113 6108/6108/6108 6111/6111/6111
f 6109/6109/6109 6114/6114/6114 6110/6110/6110
f 6114/6114/6114 6109/6109/6109 6113/6113/6113
f 6115/6115/6115 6110/6110/6110 6114/6114/6114
f 6112/6112/6112 6103/6103/6103 6116/6116/6116
f 6117/6117/6117 6116/6116/6116 6103/6103/6103
f 6117/6117/6117 6118/6118/6118 6116/6116/6116
f 6119/6119/6119 6111/6111/6111 6112/6112/6112
f 6111/6111/6111 6119/6119/6119 6113/6113/6113
f 6112/6112/6112 6116/6116/6116 6119/6119/6119
f 6113/6113/6113 6120/6120/6120 6114/6114/6114
f 6120/6120/6120 6113/6113/6113 6119/6119/6119
f 6114/6114/6114 6121/6121/6121 6115/6115/6115
f 6121/6121/6121 6114/6114/6114 6120/6120/6120
f 6122/6122/6122 6115/6115/6115 6121/6121/6121
f 6123/6123/6123 6116/6116/6116 6118/6118/6118
f 6118/6118/6118 6124/6124/6124 6123/6123/6123
f 6125/6125/6125 6119/6119/6119 6116/6116/6116
f 6119/6119/6119 6125/6125/6125 6120/6120/6120
f 6116/6116/6116 6123/6123/6123 6125/6125/6125
f 6120/6120/6120 6126/6126/6126 6121/6121/6121
f 6126/6126/6126 6120/6120/6120 6125/6125/6125
f 6121/6121/6121 6127/6127/6127 6122/6122/6122
f 6127/6127/6127 6121/6121/6121 6126/6126/6126
f 6128/6128/6128 6122/6122/6122 6127/6127/6127
f 6129/6129/6129 6125/6125/6125 6123/6123/6123
f 6125/6125/6125 6129/6129/6129 6126/6126/6126
f 6126/6126/6126 6130/6130/6130 6127/6127/6127
f 6130/6130/6130 6126/6126/6126 6129/6129/6129
f 6127/6127/6127 6131/6131/6131 6128/6128/6128
f 6131/6131/6131 6127/6127/6127 6130/6130/6130
f 6132/6132/6132 6128/6128/6128 6131/6131/6131
f 6123/6123/6123 6133/6133/6133 6129/6129/6129
f 6133/6133/6133 6123/6123/6123 6124/6124/6124
f 6129/6129/6129 6134/6134/6134 6130/6130/6130
f 6134/6134/6134 6129/6129/6129 6133/6133/6133
f 6130/6130/6130 6135/6135/6135 6131/6131/6131
f 6135/6135/6135 6130/6130/6130 6134/6134/6134
f 6131/6131/6131 6136/6136/6136 6132/6132/6132
f 6136/6136/6136 6131/6131/6131 6135/6135/6135
f 6137/6137/6137 6132/6132/6132 6136/6136/6136
f 6136/6136/6136 6138/6138/6138 6137/6137/6137
f 6139/6139/6139 6137/6137/6137 6138/6138/6138
f 6138/6138/6138 6136/6136/6136 6140/6140/6140
f 6135/6135/6135 6140/6140/6140 6136/6136/6136
f 6140/6140/6140 6135/6135/6135 6141/6141/6141
f 6134/6134/6134 6141/6141/6141 6135/6135/6135
f 6141/6141/6141 6134/6134/6134 6142/6142/6142
f 6133/6133/6133 6142/6142/6142 6134/6134/6134
f 6142/6142/6142 6133/6133/6133 6143/6143/6143
f 6124/6124/6124 6143/6143/6143 6133/6133/6133
f 6143/6143/6143 6124/6124/6124 6144/6144/6144
f 6145/6145/6145 6144/6144/6144 6124/6124/6124
f 6148/6148/6148 6147/6147/6147 6146/6146/6146
f 6149/6149/6149 6146/6146/6146 6147/6147/6147
f 6146/6146/6146 6149/6149/6149 6150/6150/6150
f 6147/6147/6147 6151/6151/6151 6149/6149/6149
f 6152/6152/6152 6150/6150/6150 6149/6149/6149
f 6150/6150/6150 6152/6152/6152 6153/6153/6153
f 6154/6154/6154 6149/6149/6149 6151/6151/6151
f 6149/6149/6149 6154/6154/6154 6152/6152/6152
f 6155/6155/6155 6153/6153/6153 6152/6152/6152
f 6153/6153/6153 6155/6155/6155 6156/6156/6156
f 6154/6154/6154 6151/6151/6151 6157/6157/6157
f 6158/6158/6158 6157/6157/6157 6151/6151/6151
f 6158/6158/6158 6159/6159/6159 6157/6157/6157
f 6160/6160/6160 6152/6152/6152 6154/6154/6154
f 6152/6152/6152 6160/6160/6160 6155/6155/6155
f 6154/6154/6154 6157/6157/6157 6160/6160/6160
f 6161/6161/6161 6156/6156/6156 6155/6155/6155
f 6156/6156/6156 6161/6161/6161 6162/6162/6162
f 6163/6163/6163 6157/6157/6157 6159/6159/6159
f 6159/6159/6159 6164/6164/6164 6163/6163/6163
f 6165/6165/6165 6160/6160/6160 6157/6157/6157
f 6157/6157/6157 6163/6163/6163 6165/6165/6165
f 6166/6166/6166 6155/6155/6155 6160/6160/6160
f 6155/6155/6155 6166/6166/6166 6161/6161/6161
f 6160/6160/6160 6165/6165/6165 6166/6166/6166
f 6167/6167/6167 6162/6162/6162 6161/6161/6161
f 6162/6162/6162 6167/6167/6167 6168/6168/6168
f 6169/6169/6169 6168/6168/6168 6167/6167/6167
f 6170/6170/6170 6163/6163/6163 6164/6164/6164
f 6164/6164/6164 6171/6171/6171 6170/6170/6170
f 6172/6172/6172 6161/6161/6161 6166/6166/6166
f 6161/6161/6161 6172/6172/6172 6167/6167/6167
f 6167/6167/6167 6173/6173/6173 6169/6169/6169
f 6173/6173/6173 6167/6167/6167 6172/6172/6172
f 6174/6174/6174 6169/6169/6169 6173/6173/6173
f 6175/6175/6175 6165/6165/6165 6163/6163/6163
f 6163/6163/6163 6170/6170/6170 6175/6175/6175
f 6176/6176/6176 6166/6166/6166 6165/6165/6165
f 6166/6166/6166 6176/6176/6176 6172/6172/6172
f 6165/6165/6165 6175/6175/6175 6176/6176/6176
f 6177/6177/6177 6170/6170/6170 6171/6171/6171
f 6171/6171/6171 6178/6178/6178 6177/6177/6177
f 6179/6179/6179 6177/6177/6177 6178/6178/6178
f 6172/6172/6172 6180/6180/6180 6173/6173/6173
f 6180/6180/6180 6172/6172/6172 6176/6176/6176
f 6173/6173/6173 6181/6181/6181 6174/6174/6174
f 6181/6181/6181 6173/6173/6173 6180/6180/6180
f 6182/6182/6182 6174/6174/6174 6181/6181/6181
f 6183/6183/6183 6175/6175/6175 6170/6170/6170
f 6170/6170/6170 6177/6177/6177 6183/6183/6183
f 6184/6184/6184 6176/6176/6176 6175/6175/6175
f 6176/6176/6176 6184/6184/6184 6180/6180/6180
f 6175/6175/6175 6183/6183/6183 6184/6184/6184
f 6177/6177/6177 6179/6179/6179 6185/6185/6185
f 6185/6185/6185 6183/6183/6183 6177/6177/6177
f 6180/6180/6180 6186/6186/6186 6181/6181/6181
f 6186/6186/6186 6180/6180/6180 6184/6184/6184
f 6181/6181/6181 6187/6187/6187 6182/6182/6182
f 6187/6187/6187 6181/6181/6181 6186/6186/6186
f 6188/6188/6188 6182/6182/6182 6187/6187/6187
f 6189/6189/6189 6184/6184/6184 6183/6183/6183
f 6184/6184/6184 6189/6189/6189 6186/6186/6186
f 6183/6183/6183 6185/6185/6185 6189/6189/6189
f 6190/6190/6190 6185/6185/6185 6179/6179/6179
f 6179/6179/6179 6191/6191/6191 6190/6190/6190
f 6186/6186/6186 6192/6192/6192 6187/6187/6187
f 6192/6192/6192 6186/6186/6186 6189/6189/6189
f 6187/6187/6187 6193/6193/6193 6188/6188/6188
f 6193/6193/6193 6187/6187/6187 6192/6192/6192
f 6194/6194/6194 6188/6188/6188 6193/6193/6193
f 6195/6195/6195 6189/6189/6189 6185/6185/6185
f 6189/6189/6189 6195/6195/6195 6192/6192/6192
f 6185/6185/6185 6190/6190/6190 6195/6195/6195
f 6196/6196/6196 6190/6190/6190 6191/6191/6191
f 6191/6191/6191 6197/6197/6197 6196/6196/6196
f 6192/6192/6192 6198/6198/6198 6193/6193/6193
f 6198/6198/6198 6192/6192/6192 6195/6195/6195
f 6193/6193/6193 6199/6199/6199 6194/6194/6194
f 6199/6199/6199 6193/6193/6193 6198/6198/6198
f 6200/6200/6200 6194/6194/6194 6199/6199/6199
f 6201/6201/6201 6195/6195/6195 6190/6190/6190
f 6195/6195/6195 6201/6201/6201 6198/6198/6198
f 6190/6190/6190 6196/6196/6196 6201/6201/6201
f 6198/6198/6198 6202/6202/6202 6199/6199/6199
f 6202/6202/6202 6198/6198/6198 6201/6201/6201
f 6199/6199/6199 6203/6203/6203 6200/6200/6200
f 6203/6203/6203 6199/6199/6199 6202/6202/6202
f 6204/6204/6204 6200/6200/6200 6203/6203/6203
f 6205/6205/6205 6201/6201/6201 6196/6196/6196
f 6201/6201/6201 6205/6205/6205 6202/6202/6202
f 6206/6206/6206 6196/6196/6196 6197/6197/6197
f 6196/6196/6196 6206/6206/6206 6205/6205/6205
f 6202/6202/6202 6207/6207/6207 6203/6203/6203
f 6207/6207/6207 6202/6202/6202 6205/6205/6205
f 6203/6203/6203 6208/6208/6208 6204/6204/6204
f 6208/6208/6208 6203/6203/6203 6207/6207/6207
f 6209/6209/6209 6204/6204/6204 6208/6208/6208
f 6206/6206/6206 6197/6197/6197 6210/6210/6210
f 6211/6211/6211 6210/6210/6210 6197/6197/6197
f 6211/6211/6211 6212/6212/6212 6210/6210/6210
f 6213/6213/6213 6205/6205/6205 6206/6206/6206
f 6205/6205/6205 6213/6213/6213 6207/6207/6207
f 6206/6206/6206 6210/6210/6210 6213/6213/6213
f 6207/6207/6207 6214/6214/6214 6208/6208/6208
f 6214/6214/6214 6207/6207/6207 6213/6213/6213
f 6208/6208/6208 6215/6215/6215 6209/6209/6209
f 6215/6215/6215 6208/6208/6208 6214/6214/6214
f 6216/6216/6216 6209/6209/6209 6215/6215/6215
f 6217/6217/6217 6210/6210/6210 6212/6212/6212
f 6212/6212/6212 6218/6218/6218 6217/6217/6217
f 6219/6219/6219 6213/6213/6213 6210/6210/6210
f 6213/6213/6213 6219/6219/6219 6214/6214/6214
f 6210/6210/6210 6217/6217/6217 6219/6219/6219
f 6214/6214/6214 6220/6220/6220 6215/6215/6215
f 6220/6220/6220 6214/6214/6214 6219/6219/6219
f 6215/6215/6215 6221/6221/6221 6216/6216/6216
f 6221/6221/6221 6215/6215/6215 6220/6220/6220
f 6222/6222/6222 6216/6216/6216 6221/6221/6221
f 6223/6223/6223 6217/6217/6217 6218/6218/6218
f 6218/6218/6218 6224/6224/6224 6223/6223/6223
f 6225/6225/6225 6219/6219/6219 6217/6217/6217
f 6219/6219/6219 6225/6225/6225 6220/6220/6220
f 6217/6217/6217 6223/6223/6223 6225/6225/6225
f 6220/6220/6220 6226/6226/6226 6221/6221/6221
f 6226/6226/6226 6220/6220/6220 6225/6225/6225
f 6221/6221/6221 6227/6227/6227 6222/6222/6222
f 6227/6227/6227 6221/6221/6221 6226/6226/6226
f 6228/6228/6228 6222/6222/6222 6227/6227/6227
f 6229/6229/6229 6225/6225/6225 6223/6223/6223
f 6225/6225/6225 6229/6229/6229 6226/6226/6226
f 6230/6230/6230 6223/6223/6223 6224/6224/6224
f 6223/6223/6223 6230/6230/6230 6229/6229/6229
f 6226/6226/6226 6231/6231/6231 6227/6227/6227
f 6231/6231/6231 6226/6226/6226 6229/6229/6229
f 6227/6227/6227 6232/6232/6232 6228/6228/6228
f 6232/6232/6232 6227/6227/6227 6231/6231/6231
f 6233/6233/6233 6228/6228/6228 6232/6232/6232
f 6229/6229/6229 6234/6234/6234 6231/6231/6231
f 6234/6234/6234 6229/6229/6229 6230/6230/6230
f 6230/6230/6230 6224/6224/6224 6235/6235/6235
f 6236/6236/6236 6235/6235/6235 6224/6224/6224
f 6231/6231/6231 6237/6237/6237 6232/6232/6232
f 6237/6237/6237 6231/6231/6231 6234/6234/6234
f 6232/6232/6232 6238/6238/6238 6233/6233/6233
f 6238/6238/6238 6232/6232/6232 6237/6237/6237
f 6239/6239/6239 6233/6233/6233 6238/6238/6238
f 6239/6239/6239 6238/6238/6238 6240/6240/6240
f 6234/6234/6234 6230/6230/6230 6241/6241/6241
f 6235/6235/6235 6241/6241/6241 6230/6230/6230
f 6235/6235/6235 6236/6236/6236 6242/6242/6242
f 6235/6235/6235 6242/6242/6242 6241/6241/6241
f 6243/6243/6243 6242/6242/6242 6236/6236/6236
f 6243/6243/6243 6244/6244/6244 6242/6242/6242
f 6238/6238/6238 6237/6237/6237 6245/6245/6245
f 6245/6245/6245 6240/6240/6240 6238/6238/6238
f 6237/6237/6237 6234/6234/6234 6246/6246/6246
f 6241/6241/6241 6246/6246/6246 6234/6234/6234
f 6246/6246/6246 6245/6245/6245 6237/6237/6237
f 6247/6247/6247 6242/6242/6242 6244/6244/6244
f 6244/6244/6244 6248/6248/6248 6247/6247/6247
f 6249/6249/6249 6241/6241/6241 6242/6242/6242
f 6241/6241/6241 6249/6249/6249 6246/6246/6246
f 6242/6242/6242 6247/6247/6247 6249/6249/6249
f 6245/6245/6245 6250/6250/6250 6240/6240/6240
f 6251/6251/6251 6240/6240/6240 6250/6250/6250
f 6246/6246/6246 6252/6252/6252 6245/6245/6245
f 6252/6252/6252 6246/6246/6246 6249/6249/6249
f 6250/6250/6250 6245/6245/6245 6252/6252/6252
f 6253/6253/6253 6247/6247/6247 6248/6248/6248
f 6248/6248/6248 6254/6254/6254 6253/6253/6253
f 6255/6255/6255 6249/6249/6249 6247/6247/6247
f 6249/6249/6249 6255/6255/6255 6252/6252/6252
f 6247/6247/6247 6253/6253/6253 6255/6255/6255
f 6250/6250/6250 6256/6256/6256 6251/6251/6251
f 6257/6257/6257 6251/6251/6251 6256/6256/6256
f 6252/6252/6252 6258/6258/6258 6250/6250/6250
f 6258/6258/6258 6252/6252/6252 6255/6255/6255
f 6256/6256/6256 6250/6250/6250 6258/6258/6258
f 6259/6259/6259 6253/6253/6253 6254/6254/6254
f 6254/6254/6254 6260/6260/6260 6259/6259/6259
f 6261/6261/6261 6255/6255/6255 6253/6253/6253
f 6255/6255/6255 6261/6261/6261 6258/6258/6258
f 6253/6253/6253 6259/6259/6259 6261/6261/6261
f 6256/6256/6256 6262/6262/6262 6257/6257/6257
f 6263/6263/6263 6257/6257/6257 6262/6262/6262
f 6258/6258/6258 6264/6264/6264 6256/6256/6256
f 6264/6264/6264 6258/6258/6258 6261/6261/6261
f 6262/6262/6262 6256/6256/6256 6264/6264/6264
f 6265/6265/6265 6259/6259/6259 6260/6260/6260
f 6260/6260/6260 6266/6266/6266 6265/6265/6265
f 6267/6267/6267 6261/6261/6261 6259/6259/6259
f 6261/6261/6261 6267/6267/6267 6264/6264/6264
f 6259/6259/6259 6265/6265/6265 6267/6267/6267
f 6262/6262/6262 6268/6268/6268 6263/6263/6263
f 6269/6269/6269 6263/6263/6263 6268/6268/6268
f 6264/6264/6264 6270/6270/6270 6262/6262/6262
f 6270/6270/6270 6264/6264/6264 6267/6267/6267
f 6268/6268/6268 6262/6262/6262 6270/6270/6270
f 6271/6271/6271 6265/6265/6265 6266/6266/6266
f 6266/6266/6266 6272/6272/6272 6271/6271/6271
f 6273/6273/6273 6267/6267/6267 6265/6265/6265
f 6267/6267/6267 6273/6273/6273 6270/6270/6270
f 6265/6265/6265 6271/6271/6271 6273/6273/6273
f 6268/6268/6268 6274/6274/6274 6269/6269/6269
f 6275/6275/6275 6269/6269/6269 6274/6274/6274
f 6270/6270/6270 6276/6276/6276 6268/6268/6268
f 6276/6276/6276 6270/6270/6270 6273/6273/6273
f 6274/6274/6274 6268/6268/6268 6276/6276/6276
f 6277/6277/6277 6271/6271/6271 6272/6272/6272
f 6272/6272/6272 6278/6278/6278 6277/6277/6277
f 6279/6279/6279 6277/6277/6277 6278/6278/6278
f 6280/6280/6280 6273/6273/6273 6271/6271/6271
f 6273/6273/6273 6280/6280/6280 6276/6276/6276
f 6271/6271/6271 6277/6277/6277 6280/6280/6280
f 6277/6277/6277 6279/6279/6279 6281/6281/6281
f 6281/6281/6281 6280/6280/6280 6277/6277/6277
f 6282/6282/6282 6281/6281/6281 6279/6279/6279
f 6283/6283/6283 6276/6276/6276 6280/6280/6280
f 6276/6276/6276 6283/6283/6283 6274/6274/6274
f 6280/6280/6280 6281/6281/6281 6283/6283/6283
f 6274/6274/6274 6284/6284/6284 6275/6275/6275
f 6284/6284/6284 6274/6274/6274 6283/6283/6283
f 6285/6285/6285 6275/6275/6275 6284/6284/6284
f 6281/6281/6281 6282/6282/6282 6286/6286/6286
f 6286/6286/6286 6283/6283/6283 6281/6281/6281
f 6283/6283/6283 6286/6286/6286 6284/6284/6284
f 6287/6287/6287 6286/6286/6286 6282/6282/6282
f 6284/6284/6284 6288/6288/6288 6285/6285/6285
f 6288/6288/6288 6284/6284/6284 6286/6286/6286
f 6286/6286/6286 6287/6287/6287 6288/6288/6288
f 6289/6289/6289 6285/6285/6285 6288/6288/6288
f 6290/6290/6290 6288/6288/6288 6287/6287/6287
f 6288/6288/6288 6290/6290/6290 6289/6289/6289
f 6291/6291/6291 6289/6289/6289 6290/6290/6290
f 6294/6294/6294 6293/6293/6293 6292/6292/6292
f 6295/6295/6295 6292/6292/6292 6293/6293/6293
f 6293/6293/6293 6296/6296/6296 6295/6295/6295
f 6292/6292/6292 6295/6295/6295 6297/6297/6297
f 6298/6298/6298 6295/6295/6295 6296/6296/6296
f 6296/6296/6296 6299/6299/6299 6298/6298/6298
f 6300/6300/6300 6297/6297/6297 6295/6295/6295
f 6295/6295/6295 6298/6298/6298 6300/6300/6300
f 6297/6297/6297 6300/6300/6300 6301/6301/6301
f 6302/6302/6302 6298/6298/6298 6299/6299/6299
f 6299/6299/6299 6303/6303/6303 6302/6302/6302
f 6304/6304/6304 6302/6302/6302 6303/6303/6303
f 6305/6305/6305 6301/6301/6301 6300/6300/6300
f 6301/6301/6301 6305/6305/6305 6306/6306/6306
f 6307/6307/6307 6300/6300/6300 6298/6298/6298
f 6298/6298/6298 6302/6302/6302 6307/6307/6307
f 6300/6300/6300 6307/6307/6307 6305/6305/6305
f 6302/6302/6302 6304/6304/6304 6308/6308/6308
f 6308/6308/6308 6307/6307/6307 6302/6302/6302
f 6309/6309/6309 6308/6308/6308 6304/6304/6304
f 6310/6310/6310 6306/6306/6306 6305/6305/6305
f 6306/6306/6306 6310/6310/6310 6311/6311/6311
f 6312/6312/6312 6311/6311/6311 6310/6310/6310
f 6313/6313/6313 6305/6305/6305 6307/6307/6307
f 6307/6307/6307 6308/6308/6308 6313/6313/6313
f 6305/6305/6305 6313/6313/6313 6310/6310/6310
f 6308/6308/6308 6309/6309/6309 6314/6314/6314
f 6314/6314/6314 6313/6313/6313 6308/6308/6308
f 6315/6315/6315 6314/6314/6314 6309/6309/6309
f 6310/6310/6310 6316/6316/6316 6312/6312/6312
f 6316/6316/6316 6310/6310/6310 6313/6313/6313
f 6313/6313/6313 6314/6314/6314 6316/6316/6316
f 6317/6317/6317 6312/6312/6312 6316/6316/6316
f 6314/6314/6314 6315/6315/6315 6318/6318/6318
f 6318/6318/6318 6316/6316/6316 6314/6314/6314
f 6316/6316/6316 6318/6318/6318 6317/6317/6317
f 6319/6319/6319 6318/6318/6318 6315/6315/6315
f 6320/6320/6320 6317/6317/6317 6318/6318/6318
f 6318/6318/6318 6319/6319/6319 6320/6320/6320
f 6321/6321/6321 6320/6320/6320 6319/6319/6319
f 6324/6324/6324 6323/6323/6323 6322/6322/6322
f 6325/6325/6325 6322/6322/6322 6323/6323/6323
f 6323/6323/6323 6326/6326/6326 6325/6325/6325
f 6322/6322/6322 6325/6325/6325 6327/6327/6327
f 6328/6328/6328 6325/6325/6325 6326/6326/6326
f 6326/6326/6326 6329/6329/6329 6328/6328/6328
f 6330/6330/6330 6327/6327/6327 6325/6325/6325
f 6325/6325/6325 6328/6328/6328 6330/6330/6330
f 6327/6327/6327 6330/6330/6330 6331/6331/6331
f 6332/6332/6332 6328/6328/6328 6329/6329/6329
f 6329/6329/6329 6333/6333/6333 6332/6332/6332
f 6334/6334/6334 6331/6331/6331 6330/6330/6330
f 6331/6331/6331 6334/6334/6334 6335/6335/6335
f 6336/6336/6336 6330/6330/6330 6328/6328/6328
f 6328/6328/6328 6332/6332/6332 6336/6336/6336
f 6330/6330/6330 6336/6336/6336 6334/6334/6334
f 6337/6337/6337 6332/6332/6332 6333/6333/6333
f 6338/6338/6338 6337/6337/6337 6333/6333/6333
f 6339/6339/6339 6335/6335/6335 6334/6334/6334
f 6335/6335/6335 6339/6339/6339 6340/6340/6340
f 6341/6341/6341 6340/6340/6340 6339/6339/6339
f 6342/6342/6342 6336/6336/6336 6332/6332/6332
f 6332/6332/6332 6337/6337/6337 6342/6342/6342
f 6337/6337/6337 6338/6338/6338 6343/6343/6343
f 6343/6343/6343 6342/6342/6342 6337/6337/6337
f 6344/6344/6344 6343/6343/6343 6338/6338/6338
f 6344/6344/6344 6345/6345/6345 6343/6343/6343
f 6346/6346/6346 6334/6334/6334 6336/6336/6336
f 6334/6334/6334 6346/6346/6346 6339/6339/6339
f 6336/6336/6336 6342/6342/6342 6346/6346/6346
f 6339/6339/6339 6347/6347/6347 6341/6341/6341
f 6347/6347/6347 6339/6339/6339 6346/6346/6346
f 6348/6348/6348 6341/6341/6341 6347/6347/6347
f 6349/6349/6349 6346/6346/6346 6342/6342/6342
f 6342/6342/6342 6343/6343/6343 6349/6349/6349
f 6346/6346/6346 6349/6349/6349 6347/6347/6347
f 6347/6347/6347 6350/6350/6350 6348/6348/6348
f 6350/6350/6350 6347/6347/6347 6349/6349/6349
f 6351/6351/6351 6348/6348/6348 6350/6350/6350
f 6352/6352/6352 6349/6349/6349 6343/6343/6343
f 6352/6352/6352 6343/6343/6343 6345/6345/6345
f 6349/6349/6349 6352/6352/6352 6350/6350/6350
f 6350/6350/6350 6353/6353/6353 6351/6351/6351
f 6353/6353/6353 6350/6350/6350 6352/6352/6352
f 6352/6352/6352 6345/6345/6345 6353/6353/6353
f 6354/6354/6354 6351/6351/6351 6353/6353/6353
f 6355/6355/6355 6353/6353/6353 6345/6345/6345
f 6354/6354/6354 6353/6353/6353 6355/6355/6355
f 6358/6358/6358 6357/6357/6357 6356/6356/6356
f 6359/6359/6359 6356/6356/6356 6357/6357/6357
f 6357/6357/6357 6360/6360/6360 6359/6359/6359
f 6356/6356/6356 6359/6359/6359 6361/6361/6361
f 6362/6362/6362 6359/6359/6359 6360/6360/6360
f 6360/6360/6360 6363/6363/6363 6362/6362/6362
f 6364/6364/6364 6362/6362/6362 6363/6363/6363
f 6365/6365/6365 6361/6361/6361 6359/6359/6359
f 6359/6359/6359 6362/6362/6362 6365/6365/6365
f 6361/6361/6361 6365/6365/6365 6366/6366/6366
f 6362/6362/6362 6364/6364/6364 6367/6367/6367
f 6367/6367/6367 6365/6365/6365 6362/6362/6362
f 6368/6368/6368 6367/6367/6367 6364/6364/6364
f 6369/6369/6369 6366/6366/6366 6365/6365/6365
f 6365/6365/6365 6367/6367/6367 6369/6369/6369
f 6366/6366/6366 6369/6369/6369 6370/6370/6370
f 6367/6367/6367 6368/6368/6368 6371/6371/6371
f 6371/6371/6371 6369/6369/6369 6367/6367/6367
f 6372/6372/6372 6371/6371/6371 6368/6368/6368
f 6373/6373/6373 6370/6370/6370 6369/6369/6369
f 6369/6369/6369 6371/6371/6371 6373/6373/6373
f 6370/6370/6370 6373/6373/6373 6374/6374/6374
f 6375/6375/6375 6374/6374/6374 6373/6373/6373
f 6375/6375/6375 6373/6373/6373 6376/6376/6376
f 6371/6371/6371 6372/6372/6372 6377/6377/6377
f 6377/6377/6377 6373/6373/6373 6371/6371/6371
f 6377/6377/6377 6376/6376/6376 6373/6373/6373
f 6378/6378/6378 6377/6377/6377 6372/6372/6372
f 6377/6377/6377 6378/6378/6378 6376/6376/6376
f 6379/6379/6379 6376/6376/6376 6378/6378/6378
f 6382/6382/6382 6381/6381/6381 6380/6380/6380
f 6383/6383/6383 6380/6380/6380 6381/6381/6381
f 6383/6383/6383 6384/6384/6384 6380/6380/6380
f 6385/6385/6385 6380/6380/6380 6384/6384/6384
f 6388/6388/6388 6387/6387/6387 6386/6386/6386
f 6389/6389/6389 6386/6386/6386 6387/6387/6387
f 6386/6386/6386 6389/6389/6389 6390/6390/6390
f 6389/6389/6389 6391/6391/6391 6390/6390/6390
f 6392/6392/6392 6390/6390/6390 6391/6391/6391
f 6391/6391/6391 6393/6393/6393 6392/6392/6392
f 6390/6390/6390 6392/6392/6392 6394/6394/6394
f 6395/6395/6395 6392/6392/6392 6393/6393/6393
f 6393/6393/6393 6396/6396/6396 6395/6395/6395
f 6397/6397/6397 6394/6394/6394 6392/6392/6392
f 6392/6392/6392 6395/6395/6395 6397/6397/6397
f 6394/6394/6394 6397/6397/6397 6398/6398/6398
f 6399/6399/6399 6398/6398/6398 6397/6397/6397
f 6398/6398/6398 6399/6399/6399 6400/6400/6400
f 6401/6401/6401 6400/6400/6400 6399/6399/6399
f 6402/6402/6402 6397/6397/6397 6395/6395/6395
f 6397/6397/6397 6402/6402/6402 6399/6399/6399
f 6399/6399/6399 6403/6403/6403 6401/6401/6401
f 6403/6403/6403 6399/6399/6399 6402/6402/6402
f 6404/6404/6404 6401/6401/6401 6403/6403/6403
f 6395/6395/6395 6405/6405/6405 6402/6402/6402
f 6405/6405/6405 6395/6395/6395 6396/6396/6396
f 6403/6403/6403 6406/6406/6406 6404/6404/6404
f 6407/6407/6407 6404/6404/6404 6406/6406/6406
f 6402/6402/6402 6408/6408/6408 6403/6403/6403
f 6408/6408/6408 6402/6402/6402 6405/6405/6405
f 6406/6406/6406 6403/6403/6403 6408/6408/6408
f 6406/6406/6406 6409/6409/6409 6407/6407/6407
f 6410/6410/6410 6407/6407/6407 6409/6409/6409
f 6408/6408/6408 6411/6411/6411 6406/6406/6406
f 6409/6409/6409 6406/6406/6406 6411/6411/6411
f 6405/6405/6405 6412/6412/6412 6408/6408/6408
f 6411/6411/6411 6408/6408/6408 6412/6412/6412
f 6396/6396/6396 6413/6413/6413 6405/6405/6405
f 6412/6412/6412 6405/6405/6405 6413/6413/6413
f 6409/6409/6409 6414/6414/6414 6410/6410/6410
f 6415/6415/6415 6410/6410/6410 6414/6414/6414
f 6411/6411/6411 6416/6416/6416 6409/6409/6409
f 6414/6414/6414 6409/6409/6409 6416/6416/6416
f 6413/6413/6413 6396/6396/6396 6417/6417/6417
f 6418/6418/6418 6417/6417/6417 6396/6396/6396
f 6417/6417/6417 6419/6419/6419 6413/6413/6413
f 6420/6420/6420 6413/6413/6413 6419/6419/6419
f 6413/6413/6413 6420/6420/6420 6412/6412/6412
f 6419/6419/6419 6421/6421/6421 6420/6420/6420
f 6412/6412/6412 6422/6422/6422 6411/6411/6411
f 6422/6422/6422 6412/6412/6412 6420/6420/6420
f 6416/6416/6416 6411/6411/6411 6422/6422/6422
f 6423/6423/6423 6420/6420/6420 6421/6421/6421
f 6420/6420/6420 6423/6423/6423 6422/6422/6422
f 6421/6421/6421 6424/6424/6424 6423/6423/6423
f 6414/6414/6414 6425/6425/6425 6415/6415/6415
f 6426/6426/6426 6415/6415/6415 6425/6425/6425
f 6416/6416/6416 6427/6427/6427 6414/6414/6414
f 6425/6425/6425 6414/6414/6414 6427/6427/6427
f 6422/6422/6422 6428/6428/6428 6416/6416/6416
f 6428/6428/6428 6422/6422/6422 6423/6423/6423
f 6427/6427/6427 6416/6416/6416 6428/6428/6428
f 6429/6429/6429 6423/6423/6423 6424/6424/6424
f 6423/6423/6423 6429/6429/6429 6428/6428/6428
f 6424/6424/6424 6430/6430/6430 6429/6429/6429
f 6425/6425/6425 6431/6431/6431 6426/6426/6426
f 6432/6432/6432 6426/6426/6426 6431/6431/6431
f 6427/6427/6427 6433/6433/6433 6425/6425/6425
f 6431/6431/6431 6425/6425/6425 6433/6433/6433
f 6428/6428/6428 6434/6434/6434 6427/6427/6427
f 6434/6434/6434 6428/6428/6428 6429/6429/6429
f 6433/6433/6433 6427/6427/6427 6434/6434/6434
f 6435/6435/6435 6429/6429/6429 6430/6430/6430
f 6429/6429/6429 6435/6435/6435 6434/6434/6434
f 6430/6430/6430 6436/6436/6436 6435/6435/6435
f 6431/6431/6431 6437/6437/6437 6432/6432/6432
f 6438/6438/6438 6432/6432/6432 6437/6437/6437
f 6433/6433/6433 6439/6439/6439 6431/6431/6431
f 6437/6437/6437 6431/6431/6431 6439/6439/6439
f 6434/6434/6434 6440/6440/6440 6433/6433/6433
f 6440/6440/6440 6434/6434/6434 6435/6435/6435
f 6439/6439/6439 6433/6433/6433 6440/6440/6440
f 6441/6441/6441 6435/6435/6435 6436/6436/6436
f 6435/6435/6435 6441/6441/6441 6440/6440/6440
f 6436/6436/6436 6442/6442/6442 6441/6441/6441
f 6437/6437/6437 6443/6443/6443 6438/6438/6438
f 6444/6444/6444 6438/6438/6438 6443/6443/6443
f 6439/6439/6439 6445/6445/6445 6437/6437/6437
f 6443/6443/6443 6437/6437/6437 6445/6445/6445
f 6440/6440/6440 6446/6446/6446 6439/6439/6439
f 6446/6446/6446 6440/6440/6440 6441/6441/6441
f 6445/6445/6445 6439/6439/6439 6446/6446/6446
f 6447/6447/6447 6441/6441/6441 6442/6442/6442
f 6441/6441/6441 6447/6447/6447 6446/6446/6446
f 6442/6442/6442 6448/6448/6448 6447/6447/6447
f 6443/6443/6443 6449/6449/6449 6444/6444/6444
f 6450/6450/6450 6444/6444/6444 6449/6449/6449
f 6445/6445/6445 6451/6451/6451 6443/6443/6443
f 6449/6449/6449 6443/6443/6443 6451/6451/6451
f 6446/6446/6446 6452/6452/6452 6445/6445/6445
f 6452/6452/6452 6446/6446/6446 6447/6447/6447
f 6451/6451/6451 6445/6445/6445 6452/6452/6452
f 6453/6453/6453 6447/6447/6447 6448/6448/6448
f 6447/6447/6447 6453/6453/6453 6452/6452/6452
f 6448/6448/6448 6454/6454/6454 6453/6453/6453
f 6449/6449/6449 6455/6455/6455 6450/6450/6450
f 6456/6456/6456 6450/6450/6450 6455/6455/6455
f 6451/6451/6451 6457/6457/6457 6449/6449/6449
f 6455/6455/6455 6449/6449/6449 6457/6457/6457
f 6452/6452/6452 6458/6458/6458 6451/6451/6451
f 6458/6458/6458 6452/6452/6452 6453/6453/6453
f 6457/6457/6457 6451/6451/6451 6458/6458/6458
f 6459/6459/6459 6453/6453/6453 6454/6454/6454
f 6453/6453/6453 6459/6459/6459 6458/6458/6458
f 6454/6454/6454 6460/6460/6460 6459/6459/6459
f 6461/6461/6461 6459/6459/6459 6460/6460/6460
f 6462/6462/6462 6458/6458/6458 6459/6459/6459
f 6458/6458/6458 6462/6462/6462 6457/6457/6457
f 6459/6459/6459 6461/6461/6461 6462/6462/6462
f 6455/6455/6455 6463/6463/6463 6456/6456/6456
f 6464/6464/6464 6456/6456/6456 6463/6463/6463
f 6457/6457/6457 6465/6465/6465 6455/6455/6455
f 6465/6465/6465 6457/6457/6457 6462/6462/6462
f 6463/6463/6463 6455/6455/6455 6465/6465/6465
f 6466/6466/6466 6462/6462/6462 6461/6461/6461
f 6462/6462/6462 6466/6466/6466 6465/6465/6465
f 6461/6461/6461 6467/6467/6467 6466/6466/6466
f 6463/6463/6463 6468/6468/6468 6464/6464/6464
f 6469/6469/6469 6464/6464/6464 6468/6468/6468
f 6465/6465/6465 6470/6470/6470 6463/6463/6463
f 6470/6470/6470 6465/6465/6465 6466/6466/6466
f 6468/6468/6468 6463/6463/6463 6470/6470/6470
f 6471/6471/6471 6466/6466/6466 6467/6467/6467
f 6466/6466/6466 6471/6471/6471 6470/6470/6470
f 6467/6467/6467 6472/6472/6472 6471/6471/6471
f 6468/6468/6468 6473/6473/6473 6469/6469/6469
f 6474/6474/6474 6469/6469/6469 6473/6473/6473
f 6470/6470/6470 6475/6475/6475 6468/6468/6468
f 6475/6475/6475 6470/6470/6470 6471/6471/6471
f 6473/6473/6473 6468/6468/6468 6475/6475/6475
f 6476/6476/6476 6471/6471/6471 6472/6472/6472
f 6471/6471/6471 6476/6476/6476 6475/6475/6475
f 6472/6472/6472 6477/6477/6477 6476/6476/6476
f 6478/6478/6478 6476/6476/6476 6477/6477/6477
f 6479/6479/6479 6475/6475/6475 6476/6476/6476
f 6476/6476/6476 6478/6478/6478 6479/6479/6479
f 6475/6475/6475 6479/6479/6479 6473/6473/6473
f 6480/6480/6480 6479/6479/6479 6478/6478/6478
f 6473/6473/6473 6481/6481/6481 6474/6474/6474
f 6481/6481/6481 6473/6473/6473 6479/6479/6479
f 6479/6479/6479 6480/6480/6480 6481/6481/6481
f 6482/6482/6482 6481/6481/6481 6480/6480/6480
f 6483/6483/6483 6474/6474/6474 6481/6481/6481
f 6481/6481/6481 6482/6482/6482 6483/6483/6483
f 6484/6484/6484 6483/6483/6483 6482/6482/6482
f 6484/6484/6484 6485/6485/6485 6483/6483/6483
f 6486/6486/6486 6483/6483/6483 6485/6485/6485
f 6489/6489/6489 6488/6488/6488 6487/6487/6487
f 6490/6490/6490 6487/6487/6487 6488/6488/6488
f 6490/6490/6490 6488/6488/6488 6491/6491/6491
f 6492/6492/6492 6491/6491/6491 6488/6488/6488
f 6495/6495/6495 6494/6494/6494 6493/6493/6493
f 6496/6496/6496 6493/6493/6493 6494/6494/6494
f 6494/6494/6494 6497/6497/6497 6496/6496/6496
f 6493/6493/6493 6496/6496/6496 6498/6498/6498
f 6499/6499/6499 6496/6496/6496 6497/6497/6497
f 6497/6497/6497 6500/6500/6500 6499/6499/6499
f 6501/6501/6501 6498/6498/6498 6496/6496/6496
f 6496/6496/6496 6499/6499/6499 6501/6501/6501
f 6498/6498/6498 6501/6501/6501 6502/6502/6502
f 6503/6503/6503 6499/6499/6499 6500/6500/6500
f 6500/6500/6500 6504/6504/6504 6503/6503/6503
f 6505/6505/6505 6502/6502/6502 6501/6501/6501
f 6502/6502/6502 6505/6505/6505 6506/6506/6506
f 6507/6507/6507 6501/6501/6501 6499/6499/6499
f 6499/6499/6499 6503/6503/6503 6507/6507/6507
f 6501/6501/6501 6507/6507/6507 6505/6505/6505
f 6508/6508/6508 6503/6503/6503 6504/6504/6504
f 6504/6504/6504 6509/6509/6509 6508/6508/6508
f 6510/6510/6510 6508/6508/6508 6509/6509/6509
f 6511/6511/6511 6506/6506/6506 6505/6505/6505
f 6506/6506/6506 6511/6511/6511 6512/6512/6512
f 6513/6513/6513 6507/6507/6507 6503/6503/6503
f 6503/6503/6503 6508/6508/6508 6513/6513/6513
f 6508/6508/6508 6510/6510/6510 6514/6514/6514
f 6514/6514/6514 6513/6513/6513 6508/6508/6508
f 6515/6515/6515 6514/6514/6514 6510/6510/6510
f 6516/6516/6516 6505/6505/6505 6507/6507/6507
f 6507/6507/6507 6513/6513/6513 6516/6516/6516
f 6505/6505/6505 6516/6516/6516 6511/6511/6511
f 6517/6517/6517 6512/6512/6512 6511/6511/6511
f 6512/6512/6512 6517/6517/6517 6518/6518/6518
f 6513/6513/6513 6514/6514/6514 6519/6519/6519
f 6519/6519/6519 6516/6516/6516 6513/6513/6513
f 6514/6514/6514 6515/6515/6515 6520/6520/6520
f 6520/6520/6520 6519/6519/6519 6514/6514/6514
f 6521/6521/6521 6520/6520/6520 6515/6515/6515
f 6522/6522/6522 6511/6511/6511 6516/6516/6516
f 6516/6516/6516 6519/6519/6519 6522/6522/6522
f 6511/6511/6511 6522/6522/6522 6517/6517/6517
f 6523/6523/6523 6518/6518/6518 6517/6517/6517
f 6518/6518/6518 6523/6523/6523 6524/6524/6524
f 6519/6519/6519 6520/6520/6520 6525/6525/6525
f 6525/6525/6525 6522/6522/6522 6519/6519/6519
f 6520/6520/6520 6521/6521/6521 6526/6526/6526
f 6526/6526/6526 6525/6525/6525 6520/6520/6520
f 6527/6527/6527 6526/6526/6526 6521/6521/6521
f 6528/6528/6528 6517/6517/6517 6522/6522/6522
f 6522/6522/6522 6525/6525/6525 6528/6528/6528
f 6517/6517/6517 6528/6528/6528 6523/6523/6523
f 6529/6529/6529 6524/6524/6524 6523/6523/6523
f 6524/6524/6524 6529/6529/6529 6530/6530/6530
f 6525/6525/6525 6526/6526/6526 6531/6531/6531
f 6531/6531/6531 6528/6528/6528 6525/6525/6525
f 6526/6526/6526 6527/6527/6527 6532/6532/6532
f 6532/6532/6532 6531/6531/6531 6526/6526/6526
f 6533/6533/6533 6532/6532/6532 6527/6527/6527
f 6534/6534/6534 6523/6523/6523 6528/6528/6528
f 6528/6528/6528 6531/6531/6531 6534/6534/6534
f 6523/6523/6523 6534/6534/6534 6529/6529/6529
f 6535/6535/6535 6530/6530/6530 6529/6529/6529
f 6530/6530/6530 6535/6535/6535 6536/6536/6536
f 6531/6531/6531 6532/6532/6532 6537/6537/6537
f 6537/6537/6537 6534/6534/6534 6531/6531/6531
f 6532/6532/6532 6533/6533/6533 6538/6538/6538
f 6538/6538/6538 6537/6537/6537 6532/6532/6532
f 6539/6539/6539 6538/6538/6538 6533/6533/6533
f 6540/6540/6540 6529/6529/6529 6534/6534/6534
f 6534/6534/6534 6537/6537/6537 6540/6540/6540
f 6529/6529/6529 6540/6540/6540 6535/6535/6535
f 6541/6541/6541 6536/6536/6536 6535/6535/6535
f 6536/6536/6536 6541/6541/6541 6542/6542/6542
f 6537/6537/6537 6538/6538/6538 6543/6543/6543
f 6543/6543/6543 6540/6540/6540 6537/6537/6537
f 6538/6538/6538 6539/6539/6539 6544/6544/6544
f 6544/6544/6544 6543/6543/6543 6538/6538/6538
f 6545/6545/6545 6544/6544/6544 6539/6539/6539
f 6546/6546/6546 6535/6535/6535 6540/6540/6540
f 6540/6540/6540 6543/6543/6543 6546/6546/6546
f 6535/6535/6535 6546/6546/6546 6541/6541/6541
f 6547/6547/6547 6542/6542/6542 6541/6541/6541
f 6542/6542/6542 6547/6547/6547 6548/6548/6548
f 6543/6543/6543 6544/6544/6544 6549/6549/6549
f 6549/6549/6549 6546/6546/6546 6543/6543/6543
f 6544/6544/6544 6545/6545/6545 6550/6550/6550
f 6550/6550/6550 6549/6549/6549 6544/6544/6544
f 6551/6551/6551 6550/6550/6550 6545/6545/6545
f 6552/6552/6552 6541/6541/6541 6546/6546/6546
f 6546/6546/6546 6549/6549/6549 6552/6552/6552
f 6541/6541/6541 6552/6552/6552 6547/6547/6547
f 6553/6553/6553 6548/6548/6548 6547/6547/6547
f 6548/6548/6548 6553/6553/6553 6554/6554/6554
f 6549/6549/6549 6550/6550/6550 6555/6555/6555
f 6555/6555/6555 6552/6552/6552 6549/6549/6549
f 6550/6550/6550 6551/6551/6551 6556/6556/6556
f 6556/6556/6556 6555/6555/6555 6550/6550/6550
f 6557/6557/6557 6556/6556/6556 6551/6551/6551
f 6558/6558/6558 6547/6547/6547 6552/6552/6552
f 6552/6552/6552 6555/6555/6555 6558/6558/6558
f 6547/6547/6547 6558/6558/6558 6553/6553/6553
f 6559/6559/6559 6554/6554/6554 6553/6553/6553
f 6554/6554/6554 6559/6559/6559 6560/6560/6560
f 6555/6555/6555 6556/6556/6556 6561/6561/6561
f 6561/6561/6561 6558/6558/6558 6555/6555/6555
f 6556/6556/6556 6557/6557/6557 6562/6562/6562
f 6562/6562/6562 6561/6561/6561 6556/6556/6556
f 6563/6563/6563 6562/6562/6562 6557/6557/6557
f 6564/6564/6564 6553/6553/6553 6558/6558/6558
f 6558/6558/6558 6561/6561/6561 6564/6564/6564
f 6553/6553/6553 6564/6564/6564 6559/6559/6559
f 6565/6565/6565 6560/6560/6560 6559/6559/6559
f 6560/6560/6560 6565/6565/6565 6566/6566/6566
f 6561/6561/6561 6562/6562/6562 6567/6567/6567
f 6567/6567/6567 6564/6564/6564 6561/6561/6561
f 6562/6562/6562 6563/6563/6563 6568/6568/6568
f 6568/6568/6568 6567/6567/6567 6562/6562/6562
f 6569/6569/6569 6568/6568/6568 6563/6563/6563
f 6570/6570/6570 6559/6559/6559 6564/6564/6564
f 6564/6564/6564 6567/6567/6567 6570/6570/6570
f 6559/6559/6559 6570/6570/6570 6565/6565/6565
f 6571/6571/6571 6566/6566/6566 6565/6565/6565
f 6566/6566/6566 6571/6571/6571 6572/6572/6572
f 6567/6567/6567 6568/6568/6568 6573/6573/6573
f 6573/6573/6573 6570/6570/6570 6567/6567/6567
f 6568/6568/6568 6569/6569/6569 6574/6574/6574
f 6574/6574/6574 6573/6573/6573 6568/6568/6568
f 6575/6575/6575 6574/6574/6574 6569/6569/6569
f 6576/6576/6576 6565/6565/6565 6570/6570/6570
f 6570/6570/6570 6573/6573/6573 6576/6576/6576
f 6565/6565/6565 6576/6576/6576 6571/6571/6571
f 6577/6577/6577 6572/6572/6572 6571/6571/6571
f 6572/6572/6572 6577/6577/6577 6578/6578/6578
f 6573/6573/6573 6574/6574/6574 6579/6579/6579
f 6579/6579/6579 6576/6576/6576 6573/6573/6573
f 6574/6574/6574 6575/6575/6575 6580/6580/6580
f 6580/6580/6580 6579/6579/6579 6574/6574/6574
f 6581/6581/6581 6580/6580/6580 6575/6575/6575
f 6582/6582/6582 6571/6571/6571 6576/6576/6576
f 6576/6576/6576 6579/6579/6579 6582/6582/6582
f 6571/6571/6571 6582/6582/6582 6577/6577/6577
f 6583/6583/6583 6578/6578/6578 6577/6577/6577
f 6578/6578/6578 6583/6583/6583 6584/6584/6584
f 6579/6579/6579 6580/6580/6580 6585/6585/6585
f 6585/6585/6585 6582/6582/6582 6579/6579/6579
f 6580/6580/6580 6581/6581/6581 6586/6586/6586
f 6586/6586/6586 6585/6585/6585 6580/6580/6580
f 6587/6587/6587 6586/6586/6586 6581/6581/6581
f 6588/6588/6588 6577/6577/6577 6582/6582/6582
f 6582/6582/6582 6585/6585/6585 6588/6588/6588
f 6577/6577/6577 6588/6588/6588 6583/6583/6583
f 6589/6589/6589 6584/6584/6584 6583/6583/6583
f 6584/6584/6584 6589/6589/6589 6590/6590/6590
f 6585/6585/6585 6586/6586/6586 6591/6591/6591
f 6591/6591/6591 6588/6588/6588 6585/6585/6585
f 6586/6586/6586 6587/6587/6587 6592/6592/6592
f 6592/6592/6592 6591/6591/6591 6586/6586/6586
f 6593/6593/6593 6592/6592/6592 6587/6587/6587
f 6594/6594/6594 6583/6583/6583 6588/6588/6588
f 6588/6588/6588 6591/6591/6591 6594/6594/6594
f 6583/6583/6583 6594/6594/6594 6589/6589/6589
f 6595/6595/6595 6590/6590/6590 6589/6589/6589
f 6590/6590/6590 6595/6595/6595 6596/6596/6596
f 6591/6591/6591 6592/6592/6592 6597/6597/6597
f 6597/6597/6597 6594/6594/6594 6591/6591/6591
f 6592/6592/6592 6593/6593/6593 6598/6598/6598
f 6598/6598/6598 6597/6597/6597 6592/6592/6592
f 6599/6599/6599 6598/6598/6598 6593/6593/6593
f 6600/6600/6600 6589/6589/6589 6594/6594/6594
f 6594/6594/6594 6597/6597/6597 6600/6600/6600
f 6589/6589/6589 6600/6600/6600 6595/6595/6595
f 6601/6601/6601 6596/6596/6596 6595/6595/6595
f 6596/6596/6596 6601/6601/6601 6602/6602/6602
f 6597/6597/6597 6598/6598/6598 6603/6603/6603
f 6603/6603/6603 6600/6600/6600 6597/6597/6597
f 6598/6598/6598 6599/6599/6599 6604/6604/6604
f 6604/6604/6604 6603/6603/6603 6598/6598/6598
f 6605/6605/6605 6604/6604/6604 6599/6599/6599
f 6606/6606/6606 6595/6595/6595 6600/6600/6600
f 6600/6600/6600 6603/6603/6603 6606/6606/6606
f 6595/6595/6595 6606/6606/6606 6601/6601/6601
f 6607/6607/6607 6602/6602/6602 6601/6601/6601
f 6602/6602/6602 6607/6607/6607 6608/6608/6608
f 6603/6603/6603 6604/6604/6604 6609/6609/6609
f 6609/6609/6609 6606/6606/6606 6603/6603/6603
f 6604/6604/6604 6605/6605/6605 6610/6610/6610
f 6610/6610/6610 6609/6609/6609 6604/6604/6604
f 6611/6611/6611 6610/6610/6610 6605/6605/6605
f 6612/6612/6612 6601/6601/6601 6606/6606/6606
f 6606/6606/6606 6609/6609/6609 6612/6612/6612
f 6601/6601/6601 6612/6612/6612 6607/6607/6607
f 6613/6613/6613 6608/6608/6608 6607/6607/6607
f 6608/6608/6608 6613/6613/6613 6614/6614/6614
f 6609/6609/6609 6610/6610/6610 6615/6615/6615
f 6615/6615/6615 6612/6612/6612 6609/6609/6609
f 6610/6610/6610 6611/6611/6611 6616/6616/6616
f 6616/6616/6616 6615/6615/6615 6610/6610/6610
f 6617/6617/6617 6616/6616/6616 6611/6611/6611
f 6618/6618/6618 6607/6607/6607 6612/6612/6612
f 6612/6612/6612 6615/6615/6615 6618/6618/6618
f 6607/6607/6607 6618/6618/6618 6613/6613/6613
f 6619/6619/6619 6614/6614/6614 6613/6613/6613
f 6614/6614/6614 6619/6619/6619 6620/6620/6620
f 6615/6615/6615 6616/6616/6616 6621/6621/6621
f 6621/6621/6621 6618/6618/6618 6615/6615/6615
f 6616/6616/6616 6617/6617/6617 6622/6622/6622
f 6622/6622/6622 6621/6621/6621 6616/6616/6616
f 6623/6623/6623 6622/6622/6622 6617/6617/6617
f 6624/6624/6624 6613/6613/6613 6618/6618/6618
f 6618/6618/6618 6621/6621/6621 6624/6624/6624
f 6613/6613/6613 6624/6624/6624 6619/6619/6619
f 6625/6625/6625 6620/6620/6620 6619/6619/6619
f 6620/6620/6620 6625/6625/6625 6626/6626/6626
f 6621/6621/6621 6622/6622/6622 6627/6627/6627
f 6627/6627/6627 6624/6624/6624 6621/6621/6621
f 6622/6622/6622 6623/6623/6623 6628/6628/6628
f 6628/6628/6628 6627/6627/6627 6622/6622/6622
f 6629/6629/6629 6628/6628/6628 6623/6623/6623
f 6630/6630/6630 6619/6619/6619 6624/6624/6624
f 6624/6624/6624 6627/6627/6627 6630/6630/6630
f 6619/6619/6619 6630/6630/6630 6625/6625/6625
f 6631/6631/6631 6626/6626/6626 6625/6625/6625
f 6626/6626/6626 6631/6631/6631 6632/6632/6632
f 6627/6627/6627 6628/6628/6628 6633/6633/6633
f 6633/6633/6633 6630/6630/6630 6627/6627/6627
f 6628/6628/6628 6629/6629/6629 6634/6634/6634
f 6634/6634/6634 6633/6633/6633 6628/6628/6628
f 6635/6635/6635 6634/6634/6634 6629/6629/6629
f 6636/6636/6636 6625/6625/6625 6630/6630/6630
f 6630/6630/6630 6633/6633/6633 6636/6636/6636
f 6625/6625/6625 6636/6636/6636 6631/6631/6631
f 6637/6637/6637 6632/6632/6632 6631/6631/6631
f 6632/6632/6632 6637/6637/6637 6638/6638/6638
f 6633/6633/6633 6634/6634/6634 6639/6639/6639
f 6639/6639/6639 6636/6636/6636 6633/6633/6633
f 6634/6634/6634 6635/6635/6635 6640/6640/6640
f 6640/6640/6640 6639/6639/6639 6634/6634/6634
f 6641/6641/6641 6640/6640/6640 6635/6635/6635
f 6642/6642/6642 6631/6631/6631 6636/6636/6636
f 6636/6636/6636 6639/6639/6639 6642/6642/6642
f 6631/6631/6631 6642/6642/6642 6637/6637/6637
f 6643/6643/6643 6638/6638/6638 6637/6637/6637
f 6638/6638/6638 6643/6643/6643 6644/6644/6644
f 6639/6639/6639 6640/6640/6640 6645/6645/6645
f 6645/6645/6645 6642/6642/6642 6639/6639/6639
f 6640/6640/6640 6641/6641/6641 6646/6646/6646
f 6646/6646/6646 6645/6645/6645 6640/6640/6640
f 6647/6647/6647 6646/6646/6646 6641/6641/6641
f 6648/6648/6648 6637/6637/6637 6642/6642/6642
f 6642/6642/6642 6645/6645/6645 6648/6648/6648
f 6637/6637/6637 6648/6648/6648 6643/6643/6643
f 6649/6649/6649 6644/6644/6644 6643/6643/6643
f 6644/6644/6644 6649/6649/6649 6650/6650/6650
f 6645/6645/6645 6646/6646/6646 6651/6651/6651
f 6651/6651/6651 6648/6648/6648 6645/6645/6645
f 6646/6646/6646 6647/6647/6647 6652/6652/6652
f 6652/6652/6652 6651/6651/6651 6646/6646/6646
f 6653/6653/6653 6652/6652/6652 6647/6647/6647
f 6654/6654/6654 6643/6643/6643 6648/6648/6648
f 6648/6648/6648 6651/6651/6651 6654/6654/6654
f 6643/6643/6643 6654/6654/6654 6649/6649/6649
f 6655/6655/6655 6650/6650/6650 6649/6649/6649
f 6650/6650/6650 6655/6655/6655 6656/6656/6656
f 6657/6657/6657 6656/6656/6656 6655/6655/6655
f 6651/6651/6651 6652/6652/6652 6658/6658/6658
f 6658/6658/6658 6654/6654/6654 6651/6651/6651
f 6652/6652/6652 6653/6653/6653 6659/6659/6659
f 6659/6659/6659 6658/6658/6658 6652/6652/6652
f 6660/6660/6660 6659/6659/6659 6653/6653/6653
f 6661/6661/6661 6649/6649/6649 6654/6654/6654
f 6649/6649/6649 6661/6661/6661 6655/6655/6655
f 6654/6654/6654 6658/6658/6658 6661/6661/6661
f 6655/6655/6655 6662/6662/6662 6657/6657/6657
f 6662/6662/6662 6655/6655/6655 6661/6661/6661
f 6663/6663/6663 6657/6657/6657 6662/6662/6662
f 6664/6664/6664 6661/6661/6661 6658/6658/6658
f 6658/6658/6658 6659/6659/6659 6664/6664/6664
f 6661/6661/6661 6664/6664/6664 6662/6662/6662
f 6659/6659/6659 6660/6660/6660 6665/6665/6665
f 6665/6665/6665 6664/6664/6664 6659/6659/6659
f 6666/6666/6666 6665/6665/6665 6660/6660/6660
f 6662/6662/6662 6667/6667/6667 6663/6663/6663
f 6667/6667/6667 6662/6662/6662 6664/6664/6664
f 6664/6664/6664 6665/6665/6665 6667/6667/6667
f 6668/6668/6668 6663/6663/6663 6667/6667/6667
f 6665/6665/6665 6666/6666/6666 6669/6669/6669
f 6669/6669/6669 6667/6667/6667 6665/6665/6665
f 6667/6667/6667 6669/6669/6669 6668/6668/6668
f 6670/6670/6670 6669/6669/6669 6666/6666/6666
f 6671/6671/6671 6668/6668/6668 6669/6669/6669
f 6669/6669/6669 6670/6670/6670 6671/6671/6671
f 6672/6672/6672 6671/6671/6671 6670/6670/6670
f 6675/6675/6675 6674/6674/6674 6673/6673/6673
f 6676/6676/6676 6673/6673/6673 6674/6674/6674
f 6674/6674/6674 6677/6677/6677 6676/6676/6676
f 6673/6673/6673 6676/6676/6676 6678/6678/6678
f 6679/6679/6679 6676/6676/6676 6677/6677/6677
f 6677/6677/6677 6680/6680/6680 6679/6679/6679
f 6681/6681/6681 6678/6678/6678 6676/6676/6676
f 6676/6676/6676 6679/6679/6679 6681/6681/6681
f 6678/6678/6678 6681/6681/6681 6682/6682/6682
f 6683/6683/6683 6679/6679/6679 6680/6680/6680
f 6680/6680/6680 6684/6684/6684 6683/6683/6683
f 6685/6685/6685 6682/6682/6682 6681/6681/6681
f 6682/6682/6682 6685/6685/6685 6686/6686/6686
f 6687/6687/6687 6681/6681/6681 6679/6679/6679
f 6679/6679/6679 6683/6683/6683 6687/6687/6687
f 6681/6681/6681 6687/6687/6687 6685/6685/6685
f 6688/6688/6688 6683/6683/6683 6684/6684/6684
f 6684/6684/6684 6689/6689/6689 6688/6688/6688
f 6690/6690/6690 6688/6688/6688 6689/6689/6689
f 6691/6691/6691 6686/6686/6686 6685/6685/6685
f 6686/6686/6686 6691/6691/6691 6692/6692/6692
f 6693/6693/6693 6687/6687/6687 6683/6683/6683
f 6683/6683/6683 6688/6688/6688 6693/6693/6693
f 6688/6688/6688 6690/6690/6690 6694/6694/6694
f 6694/6694/6694 6693/6693/6693 6688/6688/6688
f 6695/6695/6695 6694/6694/6694 6690/6690/6690
f 6696/6696/6696 6685/6685/6685 6687/6687/6687
f 6687/6687/6687 6693/6693/6693 6696/6696/6696
f 6685/6685/6685 6696/6696/6696 6691/6691/6691
f 6697/6697/6697 6692/6692/6692 6691/6691/6691
f 6692/6692/6692 6697/6697/6697 6698/6698/6698
f 6693/6693/6693 6694/6694/6694 6699/6699/6699
f 6699/6699/6699 6696/6696/6696 6693/6693/6693
f 6694/6694/6694 6695/6695/6695 6700/6700/6700
f 6700/6700/6700 6699/6699/6699 6694/6694/6694
f 6701/6701/6701 6700/6700/6700 6695/6695/6695
f 6702/6702/6702 6691/6691/6691 6696/6696/6696
f 6696/6696/6696 6699/6699/6699 6702/6702/6702
f 6691/6691/6691 6702/6702/6702 6697/6697/6697
f 6703/6703/6703 6698/6698/6698 6697/6697/6697
f 6698/6698/6698 6703/6703/6703 6704/6704/6704
f 6699/6699/6699 6700/6700/6700 6705/6705/6705
f 6705/6705/6705 6702/6702/6702 6699/6699/6699
f 6700/6700/6700 6701/6701/6701 6706/6706/6706
f 6706/6706/6706 6705/6705/6705 6700/6700/6700
f 6707/6707/6707 6706/6706/6706 6701/6701/6701
f 6708/6708/6708 6697/6697/6697 6702/6702/6702
f 6702/6702/6702 6705/6705/6705 6708/6708/6708
f 6697/6697/6697 6708/6708/6708 6703/6703/6703
f 6709/6709/6709 6704/6704/6704 6703/6703/6703
f 6704/6704/6704 6709/6709/6709 6710/6710/6710
f 6705/6705/6705 6706/6706/6706 6711/6711/6711
f 6711/6711/6711 6708/6708/6708 6705/6705/6705
f 6706/6706/6706 6707/6707/6707 6712/6712/6712
f 6712/6712/6712 6711/6711/6711 6706/6706/6706
f 6713/6713/6713 6712/6712/6712 6707/6707/6707
f 6714/6714/6714 6703/6703/6703 6708/6708/6708
f 6708/6708/6708 6711/6711/6711 6714/6714/6714
f 6703/6703/6703 6714/6714/6714 6709/6709/6709
f 6715/6715/6715 6710/6710/6710 6709/6709/6709
f 6710/6710/6710 6715/6715/6715 6716/6716/6716
f 6711/6711/6711 6712/6712/6712 6717/6717/6717
f 6717/6717/6717 6714/6714/6714 6711/6711/6711
f 6712/6712/6712 6713/6713/6713 6718/6718/6718
f 6718/6718/6718 6717/6717/6717 6712/6712/6712
f 6719/6719/6719 6718/6718/6718 6713/6713/6713
f 6720/6720/6720 6709/6709/6709 6714/6714/6714
f 6714/6714/6714 6717/6717/6717 6720/6720/6720
f 6709/6709/6709 6720/6720/6720 6715/6715/6715
f 6721/6721/6721 6716/6716/6716 6715/6715/6715
f 6716/6716/6716 6721/6721/6721 6722/6722/6722
f 6717/6717/6717 6718/6718/6718 6723/6723/6723
f 6723/6723/6723 6720/6720/6720 6717/6717/6717
f 6718/6718/6718 6719/6719/6719 6724/6724/6724
f 6724/6724/6724 6723/6723/6723 6718/6718/6718
f 6725/6725/6725 6724/6724/6724 6719/6719/6719
f 6726/6726/6726 6715/6715/6715 6720/6720/6720
f 6720/6720/6720 6723/6723/6723 6726/6726/6726
f 6715/6715/6715 6726/6726/6726 6721/6721/6721
f 6727/6727/6727 6722/6722/6722 6721/6721/6721
f 6722/6722/6722 6727/6727/6727 6728/6728/6728
f 6723/6723/6723 6724/6724/6724 6729/6729/6729
f 6729/6729/6729 6726/6726/6726 6723/6723/6723
f 6724/6724/6724 6725/6725/6725 6730/6730/6730
f 6730/6730/6730 6729/6729/6729 6724/6724/6724
f 6731/6731/6731 6730/6730/6730 6725/6725/6725
f 6732/6732/6732 6721/6721/6721 6726/6726/6726
f 6726/6726/6726 6729/6729/6729 6732/6732/6732
f 6721/6721/6721 6732/6732/6732 6727/6727/6727
f 6733/6733/6733 6728/6728/6728 6727/6727/6727
f 6728/6728/6728 6733/6733/6733 6734/6734/6734
f 6729/6729/6729 6730/6730/6730 6735/6735/6735
f 6735/6735/6735 6732/6732/6732 6729/6729/6729
f 6730/6730/6730 6731/6731/6731 6736/6736/6736
f 6736/6736/6736 6735/6735/6735 6730/6730/6730
f 6737/6737/6737 6736/6736/6736 6731/6731/6731
f 6738/6738/6738 6727/6727/6727 6732/6732/6732
f 6732/6732/6732 6735/6735/6735 6738/6738/6738
f 6727/6727/6727 6738/6738/6738 6733/6733/6733
f 6739/6739/6739 6734/6734/6734 6733/6733/6733
f 6734/6734/6734 6739/6739/6739 6740/6740/6740
f 6735/6735/6735 6736/6736/6736 6741/6741/6741
f 6741/6741/6741 6738/6738/6738 6735/6735/6735
f 6736/6736/6736 6737/6737/6737 6742/6742/6742
f 6742/6742/6742 6741/6741/6741 6736/6736/6736
f 6743/6743/6743 6742/6742/6742 6737/6737/6737
f 6744/6744/6744 6733/6733/6733 6738/6738/6738
f 6738/6738/6738 6741/6741/6741 6744/6744/6744
f 6733/6733/6733 6744/6744/6744 6739/6739/6739
f 6745/6745/6745 6740/6740/6740 6739/6739/6739
f 6740/6740/6740 6745/6745/6745 6746/6746/6746
f 6741/6741/6741 6742/6742/6742 6747/6747/6747
f 6747/6747/6747 6744/6744/6744 6741/6741/6741
f 6742/6742/6742 6743/6743/6743 6748/6748/6748
f 6748/6748/6748 6747/6747/6747 6742/6742/6742
f 6749/6749/6749 6748/6748/6748 6743/6743/6743
f 6750/6750/6750 6739/6739/6739 6744/6744/6744
f 6744/6744/6744 6747/6747/6747 6750/6750/6750
f 6739/6739/6739 6750/6750/6750 6745/6745/6745
f 6751/6751/6751 6746/6746/6746 6745/6745/6745
f 6746/6746/6746 6751/6751/6751 6752/6752/6752
f 6747/6747/6747 6748/6748/6748 6753/6753/6753
f 6753/6753/6753 6750/6750/6750 6747/6747/6747
f 6748/6748/6748 6749/6749/6749 6754/6754/6754
f 6754/6754/6754 6753/6753/6753 6748/6748/6748
f 6755/6755/6755 6754/6754/6754 6749/6749/6749
f 6756/6756/6756 6745/6745/6745 6750/6750/6750
f 6750/6750/6750 6753/6753/6753 6756/6756/6756
f 6745/6745/6745 6756/6756/6756 6751/6751/6751
f 6757/6757/6757 6752/6752/6752 6751/6751/6751
f 6752/6752/6752 6757/6757/6757 6758/6758/6758
f 6759/6759/6759 6758/6758/6758 6757/6757/6757
f 6753/6753/6753 6754/6754/6754 6760/6760/6760
f 6760/6760/6760 6756/6756/6756 6753/6753/6753
f 6754/6754/6754 6755/6755/6755 6761/6761/6761
f 6761/6761/6761 6760/6760/6760 6754/6754/6754
f 6762/6762/6762 6761/6761/6761 6755/6755/6755
f 6763/6763/6763 6751/6751/6751 6756/6756/6756
f 6751/6751/6751 6763/6763/6763 6757/6757/6757
f 6756/6756/6756 6760/6760/6760 6763/6763/6763
f 6757/6757/6757 6764/6764/6764 6759/6759/6759
f 6764/6764/6764 6757/6757/6757 6763/6763/6763
f 6765/6765/6765 6759/6759/6759 6764/6764/6764
f 6766/6766/6766 6763/6763/6763 6760/6760/6760
f 6760/6760/6760 6761/6761/6761 6766/6766/6766
f 6763/6763/6763 6766/6766/6766 6764/6764/6764
f 6761/6761/6761 6762/6762/6762 6767/6767/6767
f 6767/6767/6767 6766/6766/6766 6761/6761/6761
f 6768/6768/6768 6767/6767/6767 6762/6762/6762
f 6764/6764/6764 6769/6769/6769 6765/6765/6765
f 6769/6769/6769 6764/6764/6764 6766/6766/6766
f 6766/6766/6766 6767/6767/6767 6769/6769/6769
f 6770/6770/6770 6765/6765/6765 6769/6769/6769
f 6767/6767/6767 6768/6768/6768 6771/6771/6771
f 6771/6771/6771 6769/6769/6769 6767/6767/6767
f 6769/6769/6769 6771/6771/6771 6770/6770/6770
f 6772/6772/6772 6771/6771/6771 6768/6768/6768
f 6773/6773/6773 6770/6770/6770 6771/6771/6771
f 6771/6771/6771 6772/6772/6772 6773/6773/6773
f 6774/6774/6774 6773/6773/6773 6772/6772/6772
f 6777/6777/6777 6776/6776/6776 6775/6775/6775
f 6778/6778/6778 6775/6775/6775 6776/6776/6776
f 6776/6776/6776 6779/6779/6779 6778/6778/6778
f 6775/6775/6775 6778/6778/6778 6780/6780/6780
f 6781/6781/6781 6778/6778/6778 6779/6779/6779
f 6779/6779/6779 6782/6782/6782 6781/6781/6781
f 6783/6783/6783 6780/6780/6780 6778/6778/6778
f 6778/6778/6778 6781/6781/6781 6783/6783/6783
f 6780/6780/6780 6783/6783/6783 6784/6784/6784
f 6785/6785/6785 6781/6781/6781 6782/6782/6782
f 6782/6782/6782 6786/6786/6786 6785/6785/6785
f 6787/6787/6787 6784/6784/6784 6783/6783/6783
f 6784/6784/6784 6787/6787/6787 6788/6788/6788
f 6789/6789/6789 6783/6783/6783 6781/6781/6781
f 6781/6781/6781 6785/6785/6785 6789/6789/6789
f 6783/6783/6783 6789/6789/6789 6787/6787/6787
f 6790/6790/6790 6785/6785/6785 6786/6786/6786
f 6786/6786/6786 6791/6791/6791 6790/6790/6790
f 6792/6792/6792 6790/6790/6790 6791/6791/6791
f 6793/6793/6793 6788/6788/6788 6787/6787/6787
f 6788/6788/6788 6793/6793/6793 6794/6794/6794
f 6795/6795/6795 6789/6789/6789 6785/6785/6785
f 6785/6785/6785 6790/6790/6790 6795/6795/6795
f 6790/6790/6790 6792/6792/6792 6796/6796/6796
f 6796/6796/6796 6795/6795/6795 6790/6790/6790
f 6797/6797/6797 6796/6796/6796 6792/6792/6792
f 6798/6798/6798 6787/6787/6787 6789/6789/6789
f 6789/6789/6789 6795/6795/6795 6798/6798/6798
f 6787/6787/6787 6798/6798/6798 6793/6793/6793
f 6799/6799/6799 6794/6794/6794 6793/6793/6793
f 6794/6794/6794 6799/6799/6799 6800/6800/6800
f 6795/6795/6795 6796/6796/6796 6801/6801/6801
f 6801/6801/6801 6798/6798/6798 6795/6795/6795
f 6796/6796/6796 6797/6797/6797 6802/6802/6802
f 6802/6802/6802 6801/6801/6801 6796/6796/6796
f 6803/6803/6803 6802/6802/6802 6797/6797/6797
f 6804/6804/6804 6793/6793/6793 6798/6798/6798
f 6798/6798/6798 6801/6801/6801 6804/6804/6804
f 6793/6793/6793 6804/6804/6804 6799/6799/6799
f 6805/6805/6805 6800/6800/6800 6799/6799/6799
f 6800/6800/6800 6805/6805/6805 6806/6806/6806
f 6801/6801/6801 6802/6802/6802 6807/6807/6807
f 6807/6807/6807 6804/6804/6804 6801/6801/6801
f 6802/6802/6802 6803/6803/6803 6808/6808/6808
f 6808/6808/6808 6807/6807/6807 6802/6802/6802
f 6809/6809/6809 6808/6808/6808 6803/6803/6803
f 6810/6810/6810 6799/6799/6799 6804/6804/6804
f 6804/6804/6804 6807/6807/6807 6810/6810/6810
f 6799/6799/6799 6810/6810/6810 6805/6805/6805
f 6811/6811/6811 6806/6806/6806 6805/6805/6805
f 6806/6806/6806 6811/6811/6811 6812/6812/6812
f 6807/6807/6807 6808/6808/6808 6813/6813/6813
f 6813/6813/6813 6810/6810/6810 6807/6807/6807
f 6808/6808/6808 6809/6809/6809 6814/6814/6814
f 6814/6814/6814 6813/6813/6813 6808/6808/6808
f 6815/6815/6815 6814/6814/6814 6809/6809/6809
f 6816/6816/6816 6805/6805/6805 6810/6810/6810
f 6810/6810/6810 6813/6813/6813 6816/6816/6816
f 6805/6805/6805 6816/6816/6816 6811/6811/6811
f 6817/6817/6817 6812/6812/6812 6811/6811/6811
f 6812/6812/6812 6817/6817/6817 6818/6818/6818
f 6813/6813/6813 6814/6814/6814 6819/6819/6819
f 6819/6819/6819 6816/6816/6816 6813/6813/6813
f 6814/6814/6814 6815/6815/6815 6820/6820/6820
f 6820/6820/6820 6819/6819/6819 6814/6814/6814
f 6821/6821/6821 6820/6820/6820 6815/6815/6815
f 6822/6822/6822 6811/6811/6811 6816/6816/6816
f 6816/6816/6816 6819/6819/6819 6822/6822/6822
f 6811/6811/6811 6822/6822/6822 6817/6817/6817
f 6823/6823/6823 6818/6818/6818 6817/6817/6817
f 6818/6818/6818 6823/6823/6823 6824/6824/6824
f 6819/6819/6819 6820/6820/6820 6825/6825/6825
f 6825/6825/6825 6822/6822/6822 6819/6819/6819
f 6820/6820/6820 6821/6821/6821 6826/6826/6826
f 6826/6826/6826 6825/6825/6825 6820/6820/6820
f 6827/6827/6827 6826/6826/6826 6821/6821/6821
f 6828/6828/6828 6817/6817/6817 6822/6822/6822
f 6822/6822/6822 6825/6825/6825 6828/6828/6828
f 6817/6817/6817 6828/6828/6828 6823/6823/6823
f 6829/6829/6829 6824/6824/6824 6823/6823/6823
f 6824/6824/6824 6829/6829/6829 6830/6830/6830
f 6831/6831/6831 6830/6830/6830 6829/6829/6829
f 6825/6825/6825 6826/6826/6826 6832/6832/6832
f 6832/6832/6832 6828/6828/6828 6825/6825/6825
f 6826/6826/6826 6827/6827/6827 6833/6833/6833
f 6833/6833/6833 6832/6832/6832 6826/6826/6826
f 6834/6834/6834 6833/6833/6833 6827/6827/6827
f 6835/6835/6835 6823/6823/6823 6828/6828/6828
f 6823/6823/6823 6835/6835/6835 6829/6829/6829
f 6828/6828/6828 6832/6832/6832 6835/6835/6835
f 6829/6829/6829 6836/6836/6836 6831/6831/6831
f 6836/6836/6836 6829/6829/6829 6835/6835/6835
f 6837/6837/6837 6831/6831/6831 6836/6836/6836
f 6838/6838/6838 6835/6835/6835 6832/6832/6832
f 6832/6832/6832 6833/6833/6833 6838/6838/6838
f 6835/6835/6835 6838/6838/6838 6836/6836/6836
f 6833/6833/6833 6834/6834/6834 6839/6839/6839
f 6839/6839/6839 6838/6838/6838 6833/6833/6833
f 6840/6840/6840 6839/6839/6839 6834/6834/6834
f 6836/6836/6836 6841/6841/6841 6837/6837/6837
f 6841/6841/6841 6836/6836/6836 6838/6838/6838
f 6838/6838/6838 6839/6839/6839 6841/6841/6841
f 6842/6842/6842 6837/6837/6837 6841/6841/6841
f 6839/6839/6839 6840/6840/6840 6843/6843/6843
f 6843/6843/6843 6841/6841/6841 6839/6839/6839
f 6841/6841/6841 6843/6843/6843 6842/6842/6842
f 6844/6844/6844 6843/6843/6843 6840/6840/6840
f 6845/6845/6845 6842/6842/6842 6843/6843/6843
f 6843/6843/6843 6844/6844/6844 6845/6845/6845
f 6846/6846/6846 6845/6845/6845 6844/6844/6844
f 6849/6849/6849 6848/6848/6848 6847/6847/6847
f 6850/6850/6850 6847/6847/6847 6848/6848/6848
f 6848/6848/6848 6851/6851/6851 6850/6850/6850
f 6847/6847/6847 6850/6850/6850 6852/6852/6852
f 6853/6853/6853 6850/6850/6850 6851/6851/6851
f 6851/6851/6851 6854/6854/6854 6853/6853/6853
f 6855/6855/6855 6852/6852/6852 6850/6850/6850
f 6850/6850/6850 6853/6853/6853 6855/6855/6855
f 6852/6852/6852 6855/6855/6855 6856/6856/6856
f 6857/6857/6857 6853/6853/6853 6854/6854/6854
f 6854/6854/6854 6858/6858/6858 6857/6857/6857
f 6859/6859/6859 6856/6856/6856 6855/6855/6855
f 6856/6856/6856 6859/6859/6859 6860/6860/6860
f 6861/6861/6861 6855/6855/6855 6853/6853/6853
f 6853/6853/6853 6857/6857/6857 6861/6861/6861
f 6855/6855/6855 6861/6861/6861 6859/6859/6859
f 6862/6862/6862 6857/6857/6857 6858/6858/6858
f 6858/6858/6858 6863/6863/6863 6862/6862/6862
f 6864/6864/6864 6862/6862/6862 6863/6863/6863
f 6865/6865/6865 6860/6860/6860 6859/6859/6859
f 6860/6860/6860 6865/6865/6865 6866/6866/6866
f 6867/6867/6867 6861/6861/6861 6857/6857/6857
f 6857/6857/6857 6862/6862/6862 6867/6867/6867
f 6862/6862/6862 6864/6864/6864 6868/6868/6868
f 6868/6868/6868 6867/6867/6867 6862/6862/6862
f 6869/6869/6869 6868/6868/6868 6864/6864/6864
f 6870/6870/6870 6859/6859/6859 6861/6861/6861
f 6861/6861/6861 6867/6867/6867 6870/6870/6870
f 6859/6859/6859 6870/6870/6870 6865/6865/6865
f 6871/6871/6871 6866/6866/6866 6865/6865/6865
f 6866/6866/6866 6871/6871/6871 6872/6872/6872
f 6867/6867/6867 6868/6868/6868 6873/6873/6873
f 6873/6873/6873 6870/6870/6870 6867/6867/6867
f 6868/6868/6868 6869/6869/6869 6874/6874/6874
f 6874/6874/6874 6873/6873/6873 6868/6868/6868
f 6875/6875/6875 6874/6874/6874 6869/6869/6869
f 6876/6876/6876 6865/6865/6865 6870/6870/6870
f 6870/6870/6870 6873/6873/6873 6876/6876/6876
f 6865/6865/6865 6876/6876/6876 6871/6871/6871
f 6877/6877/6877 6872/6872/6872 6871/6871/6871
f 6872/6872/6872 6877/6877/6877 6878/6878/6878
f 6873/6873/6873 6874/6874/6874 6879/6879/6879
f 6879/6879/6879 6876/6876/6876 6873/6873/6873
f 6874/6874/6874 6875/6875/6875 6880/6880/6880
f 6880/6880/6880 6879/6879/6879 6874/6874/6874
f 6881/6881/6881 6880/6880/6880 6875/6875/6875
f 6882/6882/6882 6871/6871/6871 6876/6876/6876
f 6876/6876/6876 6879/6879/6879 6882/6882/6882
f 6871/6871/6871 6882/6882/6882 6877/6877/6877
f 6883/6883/6883 6878/6878/6878 6877/6877/6877
f 6878/6878/6878 6883/6883/6883 6884/6884/6884
f 6879/6879/6879 6880/6880/6880 6885/6885/6885
f 6885/6885/6885 6882/6882/6882 6879/6879/6879
f 6880/6880/6880 6881/6881/6881 6886/6886/6886
f 6886/6886/6886 6885/6885/6885 6880/6880/6880
f 6887/6887/6887 6886/6886/6886 6881/6881/6881
f 6888/6888/6888 6877/6877/6877 6882/6882/6882
f 6882/6882/6882 6885/6885/6885 6888/6888/6888
f 6877/6877/6877 6888/6888/6888 6883/6883/6883
f 6889/6889/6889 6884/6884/6884 6883/6883/6883
f 6884/6884/6884 6889/6889/6889 6890/6890/6890
f 6885/6885/6885 6886/6886/6886 6891/6891/6891
f 6891/6891/6891 6888/6888/6888 6885/6885/6885
f 6886/6886/6886 6887/6887/6887 6892/6892/6892
f 6892/6892/6892 6891/6891/6891 6886/6886/6886
f 6893/6893/6893 6892/6892/6892 6887/6887/6887
f 6894/6894/6894 6883/6883/6883 6888/6888/6888
f 6888/6888/6888 6891/6891/6891 6894/6894/6894
f 6883/6883/6883 6894/6894/6894 6889/6889/6889
f 6895/6895/6895 6890/6890/6890 6889/6889/6889
f 6890/6890/6890 6895/6895/6895 6896/6896/6896
f 6891/6891/6891 6892/6892/6892 6897/6897/6897
f 6897/6897/6897 6894/6894/6894 6891/6891/6891
f 6892/6892/6892 6893/6893/6893 6898/6898/6898
f 6898/6898/6898 6897/6897/6897 6892/6892/6892
f 6899/6899/6899 6898/6898/6898 6893/6893/6893
f 6900/6900/6900 6889/6889/6889 6894/6894/6894
f 6894/6894/6894 6897/6897/6897 6900/6900/6900
f 6889/6889/6889 6900/6900/6900 6895/6895/6895
f 6901/6901/6901 6896/6896/6896 6895/6895/6895
f 6896/6896/6896 6901/6901/6901 6902/6902/6902
f 6897/6897/6897 6898/6898/6898 6903/6903/6903
f 6903/6903/6903 6900/6900/6900 6897/6897/6897
f 6898/6898/6898 6899/6899/6899 6904/6904/6904
f 6904/6904/6904 6903/6903/6903 6898/6898/6898
f 6905/6905/6905 6904/6904/6904 6899/6899/6899
f 6906/6906/6906 6895/6895/6895 6900/6900/6900
f 6900/6900/6900 6903/6903/6903 6906/6906/6906
f 6895/6895/6895 6906/6906/6906 6901/6901/6901
f 6907/6907/6907 6902/6902/6902 6901/6901/6901
f 6902/6902/6902 6907/6907/6907 6908/6908/6908
f 6903/6903/6903 6904/6904/6904 6909/6909/6909
f 6909/6909/6909 6906/6906/6906 6903/6903/6903
f 6904/6904/6904 6905/6905/6905 6910/6910/6910
f 6910/6910/6910 6909/6909/6909 6904/6904/6904
f 6911/6911/6911 6910/6910/6910 6905/6905/6905
f 6912/6912/6912 6901/6901/6901 6906/6906/6906
f 6906/6906/6906 6909/6909/6909 6912/6912/6912
f 6901/6901/6901 6912/6912/6912 6907/6907/6907
f 6913/6913/6913 6908/6908/6908 6907/6907/6907
f 6908/6908/6908 6913/6913/6913 6914/6914/6914
f 6909/6909/6909 6910/6910/6910 6915/6915/6915
f 6915/6915/6915 6912/6912/6912 6909/6909/6909
f 6910/6910/6910 6911/6911/6911 6916/6916/6916
f 6916/6916/6916 6915/6915/6915 6910/6910/6910
f 6917/6917/6917 6916/6916/6916 6911/6911/6911
f 6918/6918/6918 6907/6907/6907 6912/6912/6912
f 6912/6912/6912 6915/6915/6915 6918/6918/6918
f 6907/6907/6907 6918/6918/6918 6913/6913/6913
f 6919/6919/6919 6914/6914/6914 6913/6913/6913
f 6914/6914/6914 6919/6919/6919 6920/6920/6920
f 6921/6921/6921 6920/6920/6920 6919/6919/6919
f 6915/6915/6915 6916/6916/6916 6922/6922/6922
f 6922/6922/6922 6918/6918/6918 6915/6915/6915
f 6916/6916/6916 6917/6917/6917 6923/6923/6923
f 6923/6923/6923 6922/6922/6922 6916/6916/6916
f 6924/6924/6924 6923/6923/6923 6917/6917/6917
f 6925/6925/6925 6913/6913/6913 6918/6918/6918
f 6913/6913/6913 6925/6925/6925 6919/6919/6919
f 6918/6918/6918 6922/6922/6922 6925/6925/6925
f 6919/6919/6919 6926/6926/6926 6921/6921/6921
f 6926/6926/6926 6919/6919/6919 6925/6925/6925
f 6927/6927/6927 6921/6921/6921 6926/6926/6926
f 6928/6928/6928 6925/6925/6925 6922/6922/6922
f 6922/6922/6922 6923/6923/6923 6928/6928/6928
f 6925/6925/6925 6928/6928/6928 6926/6926/6926
f 6923/6923/6923 6924/6924/6924 6929/6929/6929
f 6929/6929/6929 6928/6928/6928 6923/6923/6923
f 6930/6930/6930 6929/6929/6929 6924/6924/6924
f 6926/6926/6926 6931/6931/6931 6927/6927/6927
f 6931/6931/6931 6926/6926/6926 6928/6928/6928
f 6928/6928/6928 6929/6929/6929 6931/6931/6931
f 6932/6932/6932 6927/6927/6927 6931/6931/6931
f 6929/6929/6929 6930/6930/6930 6933/6933/6933
f 6933/6933/6933 6931/6931/6931 6929/6929/6929
f 6931/6931/6931 6933/6933/6933 6932/6932/6932
f 6934/6934/6934 6933/6933/6933 6930/6930/6930
f 6935/6935/6935 6932/6932/6932 6933/6933/6933
f 6933/6933/6933 6934/6934/6934 6935/6935/6935
f 6936/6936/6936 6935/6935/6935 6934/6934/6934
f 6939/6939/6939 6938/6938/6938 6937/6937/6937
f 6940/6940/6940 6937/6937/6937 6938/6938/6938
f 6938/6938/6938 6941/6941/6941 6940/6940/6940
f 6937/6937/6937 6940/6940/6940 6942/6942/6942
f 6943/6943/6943 6940/6940/6940 6941/6941/6941
f 6941/6941/6941 6944/6944/6944 6943/6943/6943
f 6945/6945/6945 6942/6942/6942 6940/6940/6940
f 6940/6940/6940 6943/6943/6943 6945/6945/6945
f 6942/6942/6942 6945/6945/6945 6946/6946/6946
f 6947/6947/6947 6943/6943/6943 6944/6944/6944
f 6944/6944/6944 6948/6948/6948 6947/6947/6947
f 6949/6949/6949 6946/6946/6946 6945/6945/6945
f 6946/6946/6946 6949/6949/6949 6950/6950/6950
f 6951/6951/6951 6945/6945/6945 6943/6943/6943
f 6943/6943/6943 6947/6947/6947 6951/6951/6951
f 6945/6945/6945 6951/6951/6951 6949/6949/6949
f 6952/6952/6952 6947/6947/6947 6948/6948/6948
f 6948/6948/6948 6953/6953/6953 6952/6952/6952
f 6954/6954/6954 6952/6952/6952 6953/6953/6953
f 6955/6955/6955 6950/6950/6950 6949/6949/6949
f 6950/6950/6950 6955/6955/6955 6956/6956/6956
f 6957/6957/6957 6951/6951/6951 6947/6947/6947
f 6947/6947/6947 6952/6952/6952 6957/6957/6957
f 6952/6952/6952 6954/6954/6954 6958/6958/6958
f 6958/6958/6958 6957/6957/6957 6952/6952/6952
f 6959/6959/6959 6958/6958/6958 6954/6954/6954
f 6960/6960/6960 6949/6949/6949 6951/6951/6951
f 6951/6951/6951 6957/6957/6957 6960/6960/6960
f 6949/6949/6949 6960/6960/6960 6955/6955/6955
f 6961/6961/6961 6956/6956/6956 6955/6955/6955
f 6956/6956/6956 6961/6961/6961 6962/6962/6962
f 6957/6957/6957 6958/6958/6958 6963/6963/6963
f 6963/6963/6963 6960/6960/6960 6957/6957/6957
f 6958/6958/6958 6959/6959/6959 6964/6964/6964
f 6964/6964/6964 6963/6963/6963 6958/6958/6958
f 6965/6965/6965 6964/6964/6964 6959/6959/6959
f 6966/6966/6966 6955/6955/6955 6960/6960/6960
f 6960/6960/6960 6963/6963/6963 6966/6966/6966
f 6955/6955/6955 6966/6966/6966 6961/6961/6961
f 6967/6967/6967 6962/6962/6962 6961/6961/6961
f 6962/6962/6962 6967/6967/6967 6968/6968/6968
f 6963/6963/6963 6964/6964/6964 6969/6969/6969
f 6969/6969/6969 6966/6966/6966 6963/6963/6963
f 6964/6964/6964 6965/6965/6965 6970/6970/6970
f 6970/6970/6970 6969/6969/6969 6964/6964/6964
f 6971/6971/6971 6970/6970/6970 6965/6965/6965
f 6972/6972/6972 6961/6961/6961 6966/6966/6966
f 6966/6966/6966 6969/6969/6969 6972/6972/6972
f 6961/6961/6961 6972/6972/6972 6967/6967/6967
f 6973/6973/6973 6968/6968/6968 6967/6967/6967
f 6968/6968/6968 6973/6973/6973 6974/6974/6974
f 6969/6969/6969 6970/6970/6970 6975/6975/6975
f 6975/6975/6975 6972/6972/6972 6969/6969/6969
f 6970/6970/6970 6971/6971/6971 6976/6976/6976
f 6976/6976/6976 6975/6975/6975 6970/6970/6970
f 6977/6977/6977 6976/6976/6976 6971/6971/6971
f 6978/6978/6978 6967/6967/6967 6972/6972/6972
f 6972/6972/6972 6975/6975/6975 6978/6978/6978
f 6967/6967/6967 6978/6978/6978 6973/6973/6973
f 6979/6979/6979 6974/6974/6974 6973/6973/6973
f 6974/6974/6974 6979/6979/6979 6980/6980/6980
f 6975/6975/6975 6976/6976/6976 6981/6981/6981
f 6981/6981/6981 6978/6978/6978 6975/6975/6975
f 6976/6976/6976 6977/6977/6977 6982/6982/6982
f 6982/6982/6982 6981/6981/6981 6976/6976/6976
f 6983/6983/6983 6982/6982/6982 6977/6977/6977
f 6984/6984/6984 6973/6973/6973 6978/6978/6978
f 6978/6978/6978 6981/6981/6981 6984/6984/6984
f 6973/6973/6973 6984/6984/6984 6979/6979/6979
f 6985/6985/6985 6980/6980/6980 6979/6979/6979
f 6980/6980/6980 6985/6985/6985 6986/6986/6986
f 6981/6981/6981 6982/6982/6982 6987/6987/6987
f 6987/6987/6987 6984/6984/6984 6981/6981/6981
f 6982/6982/6982 6983/6983/6983 6988/6988/6988
f 6988/6988/6988 6987/6987/6987 6982/6982/6982
f 6989/6989/6989 6988/6988/6988 6983/6983/6983
f 6990/6990/6990 6979/6979/6979 6984/6984/6984
f 6984/6984/6984 6987/6987/6987 6990/6990/6990
f 6979/6979/6979 6990/6990/6990 6985/6985/6985
f 6991/6991/6991 6986/6986/6986 6985/6985/6985
f 6986/6986/6986 6991/6991/6991 6992/6992/6992
f 6987/6987/6987 6988/6988/6988 6993/6993/6993
f 6993/6993/6993 6990/6990/6990 6987/6987/6987
f 6988/6988/6988 6989/6989/6989 6994/6994/6994
f 6994/6994/6994 6993/6993/6993 6988/6988/6988
f 6995/6995/6995 6994/6994/6994 6989/6989/6989
f 6996/6996/6996 6985/6985/6985 6990/6990/6990
f 6990/6990/6990 6993/6993/6993 6996/6996/6996
f 6985/6985/6985 6996/6996/6996 6991/6991/6991
f 6997/6997/6997 6992/6992/6992 6991/6991/6991
f 6992/6992/6992 6997/6997/6997 6998/6998/6998
f 6993/6993/6993 6994/6994/6994 6999/6999/6999
f 6999/6999/6999 6996/6996/6996 6993/6993/6993
f 6994/6994/6994 6995/6995/6995 7000/7000/7000
f 7000/7000/7000 6999/6999/6999 6994/6994/6994
f 7001/7001/7001 7000/7000/7000 6995/6995/6995
f 7002/7002/7002 6991/6991/6991 6996/6996/6996
f 6996/6996/6996 6999/6999/6999 7002/7002/7002
f 6991/6991/6991 7002/7002/7002 6997/6997/6997
f 7003/7003/7003 6998/6998/6998 6997/6997/6997
f 6998/6998/6998 7003/7003/7003 7004/7004/7004
f 7005/7005/7005 7004/7004/7004 7003/7003/7003
f 6999/6999/6999 7000/7000/7000 7006/7006/7006
f 7006/7006/7006 7002/7002/7002 6999/6999/6999
f 7000/7000/7000 7001/7001/7001 7007/7007/7007
f 7007/7007/7007 7006/7006/7006 7000/7000/7000
f 7008/7008/7008 7007/7007/7007 7001/7001/7001
f 7009/7009/7009 6997/6997/6997 7002/7002/7002
f 6997/6997/6997 7009/7009/7009 7003/7003/7003
f 7002/7002/7002 7006/7006/7006 7009/7009/7009
f 7003/7003/7003 7010/7010/7010 7005/7005/7005
f 7010/7010/7010 7003/7003/7003 7009/7009/7009
f 7011/7011/7011 7005/7005/7005 7010/7010/7010
f 7012/7012/7012 7009/7009/7009 7006/7006/7006
f 7006/7006/7006 7007/7007/7007 7012/7012/7012
f 7009/7009/7009 7012/7012/7012 7010/7010/7010
f 7007/7007/7007 7008/7008/7008 7013/7013/7013
f 7013/7013/7013 7012/7012/7012 7007/7007/7007
f 7014/7014/7014 7013/7013/7013 7008/7008/7008
f 7010/7010/7010 7015/7015/7015 7011/7011/7011
f 7015/7015/7015 7010/7010/7010 7012/7012/7012
f 7012/7012/7012 7013/7013/7013 7015/7015/7015
f 7016/7016/7016 7011/7011/7011 7015/7015/7015
f 7013/7013/7013 7014/7014/7014 7017/7017/7017
f 7017/7017/7017 7015/7015/7015 7013/7013/7013
f 7015/7015/7015 7017/7017/7017 7016/7016/7016
f 7018/7018/7018 7017/7017/7017 7014/7014/7014
f 7019/7019/7019 7016/7016/7016 7017/7017/7017
f 7017/7017/7017 7018/7018/7018 7019/7019/7019
f 7020/7020/7020 7019/7019/7019 7018/7018/7018
f 7023/7023/7023 7022/7022/7022 7021/7021/7021
f 7024/7024/7024 7021/7021/7021 7022/7022/7022
f 7022/7022/7022 7025/7025/7025 7024/7024/7024
f 7021/7021/7021 7024/7024/7024 7026/7026/7026
f 7027/7027/7027 7024/7024/7024 7025/7025/7025
f 7025/7025/7025 7028/7028/7028 7027/7027/7027
f 7029/7029/7029 7026/7026/7026 7024/7024/7024
f 7024/7024/7024 7027/7027/7027 7029/7029/7029
f 7026/7026/7026 7029/7029/7029 7030/7030/7030
f 7031/7031/7031 7027/7027/7027 7028/7028/7028
f 7028/7028/7028 7032/7032/7032 7031/7031/7031
f 7033/7033/7033 7030/7030/7030 7029/7029/7029
f 7030/7030/7030 7033/7033/7033 7034/7034/7034
f 7035/7035/7035 7029/7029/7029 7027/7027/7027
f 7027/7027/7027 7031/7031/7031 7035/7035/7035
f 7029/7029/7029 7035/7035/7035 7033/7033/7033
f 7036/7036/7036 7031/7031/7031 7032/7032/7032
f 7032/7032/7032 7037/7037/7037 7036/7036/7036
f 7038/7038/7038 7036/7036/7036 7037/7037/7037
f 7039/7039/7039 7034/7034/7034 7033/7033/7033
f 7034/7034/7034 7039/7039/7039 7040/7040/7040
f 7041/7041/7041 7035/7035/7035 7031/7031/7031
f 7031/7031/7031 7036/7036/7036 7041/7041/7041
f 7036/7036/7036 7038/7038/7038 7042/7042/7042
f 7042/7042/7042 7041/7041/7041 7036/7036/7036
f 7043/7043/7043 7042/7042/7042 7038/7038/7038
f 7044/7044/7044 7033/7033/7033 7035/7035/7035
f 7035/7035/7035 7041/7041/7041 7044/7044/7044
f 7033/7033/7033 7044/7044/7044 7039/7039/7039
f 7045/7045/7045 7040/7040/7040 7039/7039/7039
f 7040/7040/7040 7045/7045/7045 7046/7046/7046
f 7041/7041/7041 7042/7042/7042 7047/7047/7047
f 7047/7047/7047 7044/7044/7044 7041/7041/7041
f 7042/7042/7042 7043/7043/7043 7048/7048/7048
f 7048/7048/7048 7047/7047/7047 7042/7042/7042
f 7049/7049/7049 7048/7048/7048 7043/7043/7043
f 7050/7050/7050 7039/7039/7039 7044/7044/7044
f 7044/7044/7044 7047/7047/7047 7050/7050/7050
f 7039/7039/7039 7050/7050/7050 7045/7045/7045
f 7051/7051/7051 7046/7046/7046 7045/7045/7045
f 7046/7046/7046 7051/7051/7051 7052/7052/7052
f 7047/7047/7047 7048/7048/7048 7053/7053/7053
f 7053/7053/7053 7050/7050/7050 7047/7047/7047
f 7048/7048/7048 7049/7049/7049 7054/7054/7054
f 7054/7054/7054 7053/7053/7053 7048/7048/7048
f 7055/7055/7055 7054/7054/7054 7049/7049/7049
f 7056/7056/7056 7045/7045/7045 7050/7050/7050
f 7050/7050/7050 7053/7053/7053 7056/7056/7056
f 7045/7045/7045 7056/7056/7056 7051/7051/7051
f 7057/7057/7057 7052/7052/7052 7051/7051/7051
f 7052/7052/7052 7057/7057/7057 7058/7058/7058
f 7053/7053/7053 7054/7054/7054 7059/7059/7059
f 7059/7059/7059 7056/7056/7056 7053/7053/7053
f 7054/7054/7054 7055/7055/7055 7060/7060/7060
f 7060/7060/7060 7059/7059/7059 7054/7054/7054
f 7061/7061/7061 7060/7060/7060 7055/7055/7055
f 7062/7062/7062 7051/7051/7051 7056/7056/7056
f 7056/7056/7056 7059/7059/7059 7062/7062/7062
f 7051/7051/7051 7062/7062/7062 7057/7057/7057
f 7063/7063/7063 7058/7058/7058 7057/7057/7057
f 7058/7058/7058 7063/7063/7063 7064/7064/7064
f 7059/7059/7059 7060/7060/7060 7065/7065/7065
f 7065/7065/7065 7062/7062/7062 7059/7059/7059
f 7060/7060/7060 7061/7061/7061 7066/7066/7066
f 7066/7066/7066 7065/7065/7065 7060/7060/7060
f 7067/7067/7067 7066/7066/7066 7061/7061/7061
f 7068/7068/7068 7057/7057/7057 7062/7062/7062
f 7062/7062/7062 7065/7065/7065 7068/7068/7068
f 7057/7057/7057 7068/7068/7068 7063/7063/7063
f 7069/7069/7069 7064/7064/7064 7063/7063/7063
f 7064/7064/7064 7069/7069/7069 7070/7070/7070
f 7065/7065/7065 7066/7066/7066 7071/7071/7071
f 7071/7071/7071 7068/7068/7068 7065/7065/7065
f 7066/7066/7066 7067/7067/7067 7072/7072/7072
f 7072/7072/7072 7071/7071/7071 7066/7066/7066
f 7073/7073/7073 7072/7072/7072 7067/7067/7067
f 7074/7074/7074 7063/7063/7063 7068/7068/7068
f 7068/7068/7068 7071/7071/7071 7074/7074/7074
f 7063/7063/7063 7074/7074/7074 7069/7069/7069
f 7075/7075/7075 7070/7070/7070 7069/7069/7069
f 7070/7070/7070 7075/7075/7075 7076/7076/7076
f 7071/7071/7071 7072/7072/7072 7077/7077/7077
f 7077/7077/7077 7074/7074/7074 7071/7071/7071
f 7072/7072/7072 7073/7073/7073 7078/7078/7078
f 7078/7078/7078 7077/7077/7077 7072/7072/7072
f 7079/7079/7079 7078/7078/7078 7073/7073/7073
f 7080/7080/7080 7069/7069/7069 7074/7074/7074
f 7074/7074/7074 7077/7077/7077 7080/7080/7080
f 7069/7069/7069 7080/7080/7080 7075/7075/7075
f 7081/7081/7081 7076/7076/7076 7075/7075/7075
f 7076/7076/7076 7081/7081/7081 7082/7082/7082
f 7077/7077/7077 7078/7078/7078 7083/7083/7083
f 7083/7083/7083 7080/7080/7080 7077/7077/7077
f 7078/7078/7078 7079/7079/7079 7084/7084/7084
f 7084/7084/7084 7083/7083/7083 7078/7078/7078
f 7085/7085/7085 7084/7084/7084 7079/7079/7079
f 7086/7086/7086 7075/7075/7075 7080/7080/7080
f 7080/7080/7080 7083/7083/7083 7086/7086/7086
f 7075/7075/7075 7086/7086/7086 7081/7081/7081
f 7087/7087/7087 7082/7082/7082 7081/7081/7081
f 7082/7082/7082 7087/7087/7087 7088/7088/7088
f 7083/7083/7083 7084/7084/7084 7089/7089/7089
f 7089/7089/7089 7086/7086/7086 7083/7083/7083
f 7084/7084/7084 7085/7085/7085 7090/7090/7090
f 7090/7090/7090 7089/7089/7089 7084/7084/7084
f 7091/7091/7091 7090/7090/7090 7085/7085/7085
f 7092/7092/7092 7081/7081/7081 7086/7086/7086
f 7086/7086/7086 7089/7089/7089 7092/7092/7092
f 7081/7081/7081 7092/7092/7092 7087/7087/7087
f 7093/7093/7093 7088/7088/7088 7087/7087/7087
f 7088/7088/7088 7093/7093/7093 7094/7094/7094
f 7095/7095/7095 7094/7094/7094 7093/7093/7093
f 7089/7089/7089 7090/7090/7090 7096/7096/7096
f 7096/7096/7096 7092/7092/7092 7089/7089/7089
f 7090/7090/7090 7091/7091/7091 7097/7097/7097
f 7097/7097/7097 7096/7096/7096 7090/7090/7090
f 7098/7098/7098 7097/7097/7097 7091/7091/7091
f 7099/7099/7099 7087/7087/7087 7092/7092/7092
f 7087/7087/7087 7099/7099/7099 7093/7093/7093
f 7092/7092/7092 7096/7096/7096 7099/7099/7099
f 7093/7093/7093 7100/7100/7100 7095/7095/7095
f 7100/7100/7100 7093/7093/7093 7099/7099/7099
f 7101/7101/7101 7095/7095/7095 7100/7100/7100
f 7102/7102/7102 7099/7099/7099 7096/7096/7096
f 7096/7096/7096 7097/7097/7097 7102/7102/7102
f 7099/7099/7099 7102/7102/7102 7100/7100/7100
f 7097/7097/7097 7098/7098/7098 7103/7103/7103
f 7103/7103/7103 7102/7102/7102 7097/7097/7097
f 7104/7104/7104 7103/7103/7103 7098/7098/7098
f 7100/7100/7100 7105/7105/7105 7101/7101/7101
f 7105/7105/7105 7100/7100/7100 7102/7102/7102
f 7102/7102/7102 7103/7103/7103 7105/7105/7105
f 7106/7106/7106 7101/7101/7101 7105/7105/7105
f 7103/7103/7103 7104/7104/7104 7107/7107/7107
f 7107/7107/7107 7105/7105/7105 7103/7103/7103
f 7105/7105/7105 7107/7107/7107 7106/7106/7106
f 7108/7108/7108 7107/7107/7107 7104/7104/7104
f 7109/7109/7109 7106/7106/7106 7107/7107/7107
f 7107/7107/7107 7108/7108/7108 7109/7109/7109
f 7110/7110/7110 7109/7109/7109 7108/7108/7108
f 7113/7113/7113 7112/7112/7112 7111/7111/7111
f 7112/7112/7112 7114/7114/7114 7111/7111/7111
f 7114/7114/7114 7115/7115/7115 7111/7111/7111
f 7116/7116/7116 7115/7115/7115 7114/7114/7114
f 7117/7117/7117 7116/7116/7116 7114/7114/7114
f 7118/7118/7118 7117/7117/7117 7114/7114/7114
f 7119/7119/7119 7118/7118/7118 7114/7114/7114
f 7120/7120/7120 7118/7118/7118 7119/7119/7119
f 7123/7123/7123 7122/7122/7122 7121/7121/7121
f 7122/7122/7122 7124/7124/7124 7121/7121/7121
f 7125/7125/7125 7124/7124/7124 7122/7122/7122
f 7126/7126/7126 7124/7124/7124 7125/7125/7125
f 7127/7127/7127 7124/7124/7124 7126/7126/7126
f 7128/7128/7128 7124/7124/7124 7127/7127/7127
f 7129/7129/7129 7124/7124/7124 7128/7128/7128
f 7130/7130/7130 7129/7129/7129 7128/7128/7128
f 7133/7133/7133 7132/7132/7132 7131/7131/7131
f 7134/7134/7134 7132/7132/7132 7133/7133/7133
f 7135/7135/7135 7133/7133/7133 7131/7131/7131
f 7136/7136/7136 7134/7134/7134 7133/7133/7133
f 7137/7137/7137 7135/7135/7135 7131/7131/7131
f 7138/7138/7138 7134/7134/7134 7136/7136/7136
f 7139/7139/7139 7137/7137/7137 7131/7131/7131
f 7140/7140/7140 7138/7138/7138 7136/7136/7136
f 7141/7141/7141 7137/7137/7137 7139/7139/7139
f 7142/7142/7142 7138/7138/7138 7140/7140/7140
f 7143/7143/7143 7141/7141/7141 7139/7139/7139
f 7144/7144/7144 7142/7142/7142 7140/7140/7140
f 7145/7145/7145 7141/7141/7141 7143/7143/7143
f 7146/7146/7146 7142/7142/7142 7144/7144/7144
f 7147/7147/7147 7145/7145/7145 7143/7143/7143
f 7148/7148/7148 7146/7146/7146 7144/7144/7144
f 7149/7149/7149 7145/7145/7145 7147/7147/7147
f 7146/7146/7146 7148/7148/7148 7150/7150/7150
f 7151/7151/7151 7149/7149/7149 7147/7147/7147
f 7148/7148/7148 7152/7152/7152 7150/7150/7150
f 7149/7149/7149 7151/7151/7151 7153/7153/7153
f 7154/7154/7154 7153/7153/7153 7151/7151/7151
f 7154/7154/7154 7151/7151/7151 7155/7155/7155
f 7155/7155/7155 7151/7151/7151 7150/7150/7150
f 7152/7152/7152 7156/7156/7156 7150/7150/7150
f 7150/7150/7150 7157/7157/7157 7155/7155/7155
f 7157/7157/7157 7150/7150/7150 7156/7156/7156
f 7160/7160/7160 7159/7159/7159 7158/7158/7158
f 7160/7160/7160 7161/7161/7161 7159/7159/7159
f 7159/7159/7159 7162/7162/7162 7158/7158/7158
f 7161/7161/7161 7163/7163/7163 7159/7159/7159
f 7162/7162/7162 7164/7164/7164 7158/7158/7158
f 7161/7161/7161 7165/7165/7165 7163/7163/7163
f 7164/7164/7164 7166/7166/7166 7158/7158/7158
f 7165/7165/7165 7167/7167/7167 7163/7163/7163
f 7164/7164/7164 7168/7168/7168 7166/7166/7166
f 7165/7165/7165 7169/7169/7169 7167/7167/7167
f 7168/7168/7168 7170/7170/7170 7166/7166/7166
f 7169/7169/7169 7171/7171/7171 7167/7167/7167
f 7168/7168/7168 7172/7172/7172 7170/7170/7170
f 7169/7169/7169 7173/7173/7173 7171/7171/7171
f 7172/7172/7172 7174/7174/7174 7170/7170/7170
f 7173/7173/7173 7175/7175/7175 7171/7171/7171
f 7172/7172/7172 7176/7176/7176 7174/7174/7174
f 7175/7175/7175 7173/7173/7173 7177/7177/7177
f 7176/7176/7176 7178/7178/7178 7174/7174/7174
f 7179/7179/7179 7175/7175/7175 7177/7177/7177
f 7178/7178/7178 7176/7176/7176 7180/7180/7180
f 7178/7178/7178 7180/7180/7180 7181/7181/7181
f 7178/7178/7178 7181/7181/7181 7182/7182/7182
f 7177/7177/7177 7178/7178/7178 7182/7182/7182
f 7183/7183/7183 7179/7179/7179 7177/7177/7177
f 7182/7182/7182 7184/7184/7184 7177/7177/7177
f 7177/7177/7177 7184/7184/7184 7183/7183/7183
f 7187/7187/7187 7186/7186/7186 7185/7185/7185
f 7185/7185/7185 7188/7188/7188 7187/7187/7187
f 7186/7186/7186 7187/7187/7187 7189/7189/7189
f 7187/7187/7187 7190/7190/7190 7189/7189/7189
f 7189/7189/7189 7190/7190/7190 7191/7191/7191
f 7190/7190/7190 7192/7192/7192 7191/7191/7191
f 7191/7191/7191 7192/7192/7192 7193/7193/7193
f 7192/7192/7192 7194/7194/7194 7193/7193/7193
f 7193/7193/7193 7194/7194/7194 7195/7195/7195
f 7194/7194/7194 7196/7196/7196 7195/7195/7195
f 7195/7195/7195 7196/7196/7196 7197/7197/7197
f 7196/7196/7196 7198/7198/7198 7197/7197/7197
f 7188/7188/7188 7199/7199/7199 7187/7187/7187
f 7188/7188/7188 7200/7200/7200 7199/7199/7199
f 7199/7199/7199 7200/7200/7200 7201/7201/7201
f 7202/7202/7202 7199/7199/7199 7201/7201/7201
f 7201/7201/7201 7203/7203/7203 7202/7202/7202
f 7203/7203/7203 7204/7204/7204 7202/7202/7202
f 7203/7203/7203 7205/7205/7205 7204/7204/7204
f 7205/7205/7205 7206/7206/7206 7204/7204/7204
f 7205/7205/7205 7207/7207/7207 7206/7206/7206
f 7207/7207/7207 7208/7208/7208 7206/7206/7206
f 7207/7207/7207 7209/7209/7209 7208/7208/7208
f 7209/7209/7209 7210/7210/7210 7208/7208/7208
f 7209/7209/7209 7211/7211/7211 7210/7210/7210
f 7211/7211/7211 7212/7212/7212 7210/7210/7210
f 7212/7212/7212 7211/7211/7211 7213/7213/7213
f 7211/7211/7211 7214/7214/7214 7213/7213/7213
f 7213/7213/7213 7214/7214/7214 7215/7215/7215
f 7216/7216/7216 7213/7213/7213 7215/7215/7215
f 7213/7213/7213 7216/7216/7216 7217/7217/7217
f 7218/7218/7218 7213/7213/7213 7217/7217/7217
f 7218/7218/7218 7217/7217/7217 7219/7219/7219
f 7220/7220/7220 7218/7218/7218 7219/7219/7219
f 7218/7218/7218 7220/7220/7220 7221/7221/7221
f 7222/7222/7222 7218/7218/7218 7221/7221/7221
f 7198/7198/7198 7222/7222/7222 7221/7221/7221
f 7197/7197/7197 7198/7198/7198 7221/7221/7221
f 7225/7225/7225 7224/7224/7224 7223/7223/7223
f 7226/7226/7226 7224/7224/7224 7225/7225/7225
f 7227/7227/7227 7225/7225/7225 7223/7223/7223
f 7228/7228/7228 7226/7226/7226 7225/7225/7225
f 7227/7227/7227 7223/7223/7223 7229/7229/7229
f 7230/7230/7230 7226/7226/7226 7228/7228/7228
f 7231/7231/7231 7227/7227/7227 7229/7229/7229
f 7232/7232/7232 7230/7230/7230 7228/7228/7228
f 7231/7231/7231 7229/7229/7229 7233/7233/7233
f 7234/7234/7234 7230/7230/7230 7232/7232/7232
f 7235/7235/7235 7231/7231/7231 7233/7233/7233
f 7236/7236/7236 7234/7234/7234 7232/7232/7232
f 7235/7235/7235 7233/7233/7233 7237/7237/7237
f 7238/7238/7238 7234/7234/7234 7236/7236/7236
f 7239/7239/7239 7235/7235/7235 7237/7237/7237
f 7240/7240/7240 7238/7238/7238 7236/7236/7236
f 7239/7239/7239 7237/7237/7237 7241/7241/7241
f 7242/7242/7242 7238/7238/7238 7240/7240/7240
f 7243/7243/7243 7239/7239/7239 7241/7241/7241
f 7244/7244/7244 7242/7242/7242 7240/7240/7240
f 7243/7243/7243 7241/7241/7241 7245/7245/7245
f 7246/7246/7246 7242/7242/7242 7244/7244/7244
f 7247/7247/7247 7243/7243/7243 7245/7245/7245
f 7248/7248/7248 7246/7246/7246 7244/7244/7244
f 7247/7247/7247 7245/7245/7245 7249/7249/7249
f 7250/7250/7250 7246/7246/7246 7248/7248/7248
f 7251/7251/7251 7247/7247/7247 7249/7249/7249
f 7252/7252/7252 7250/7250/7250 7248/7248/7248
f 7251/7251/7251 7249/7249/7249 7253/7253/7253
f 7250/7250/7250 7252/7252/7252 7254/7254/7254
f 7255/7255/7255 7251/7251/7251 7253/7253/7253
f 7252/7252/7252 7256/7256/7256 7254/7254/7254
f 7255/7255/7255 7253/7253/7253 7257/7257/7257
f 7254/7254/7254 7256/7256/7256 7258/7258/7258
f 7259/7259/7259 7255/7255/7255 7257/7257/7257
f 7256/7256/7256 7260/7260/7260 7258/7258/7258
f 7259/7259/7259 7257/7257/7257 7261/7261/7261
f 7258/7258/7258 7260/7260/7260 7262/7262/7262
f 7263/7263/7263 7259/7259/7259 7261/7261/7261
f 7260/7260/7260 7264/7264/7264 7262/7262/7262
f 7263/7263/7263 7261/7261/7261 7265/7265/7265
f 7262/7262/7262 7264/7264/7264 7266/7266/7266
f 7267/7267/7267 7263/7263/7263 7265/7265/7265
f 7264/7264/7264 7268/7268/7268 7266/7266/7266
f 7267/7267/7267 7265/7265/7265 7269/7269/7269
f 7266/7266/7266 7268/7268/7268 7270/7270/7270
f 7271/7271/7271 7267/7267/7267 7269/7269/7269
f 7268/7268/7268 7272/7272/7272 7270/7270/7270
f 7271/7271/7271 7269/7269/7269 7273/7273/7273
f 7270/7270/7270 7272/7272/7272 7274/7274/7274
f 7275/7275/7275 7271/7271/7271 7273/7273/7273
f 7272/7272/7272 7276/7276/7276 7274/7274/7274
f 7275/7275/7275 7273/7273/7273 7277/7277/7277
f 7274/7274/7274 7276/7276/7276 7277/7277/7277
f 7278/7278/7278 7275/7275/7275 7277/7277/7277
f 7276/7276/7276 7278/7278/7278 7277/7277/7277
f 7281/7281/7281 7280/7280/7280 7279/7279/7279
f 7282/7282/7282 7281/7281/7281 7279/7279/7279
f 7282/7282/7282 7279/7279/7279 7283/7283/7283
f 7284/7284/7284 7282/7282/7282 7283/7283/7283
f 7284/7284/7284 7281/7281/7281 7282/7282/7282
f 7284/7284/7284 7283/7283/7283 7285/7285/7285
f 7286/7286/7286 7284/7284/7284 7285/7285/7285
f 7281/7281/7281 7284/7284/7284 7286/7286/7286
f 7286/7286/7286 7285/7285/7285 7287/7287/7287
f 7281/7281/7281 7288/7288/7288 7280/7280/7280
f 7288/7288/7288 7281/7281/7281 7286/7286/7286
f 7288/7288/7288 7289/7289/7289 7280/7280/7280
f 7290/7290/7290 7286/7286/7286 7287/7287/7287
f 7288/7288/7288 7286/7286/7286 7290/7290/7290
f 7290/7290/7290 7287/7287/7287 7291/7291/7291
f 7288/7288/7288 7292/7292/7292 7289/7289/7289
f 7292/7292/7292 7288/7288/7288 7290/7290/7290
f 7292/7292/7292 7293/7293/7293 7289/7289/7289
f 7294/7294/7294 7290/7290/7290 7291/7291/7291
f 7292/7292/7292 7290/7290/7290 7294/7294/7294
f 7294/7294/7294 7291/7291/7291 7295/7295/7295
f 7292/7292/7292 7296/7296/7296 7293/7293/7293
f 7296/7296/7296 7292/7292/7292 7294/7294/7294
f 7296/7296/7296 7297/7297/7297 7293/7293/7293
f 7298/7298/7298 7294/7294/7294 7295/7295/7295
f 7296/7296/7296 7294/7294/7294 7298/7298/7298
f 7298/7298/7298 7295/7295/7295 7299/7299/7299
f 7296/7296/7296 7300/7300/7300 7297/7297/7297
f 7300/7300/7300 7296/7296/7296 7298/7298/7298
f 7300/7300/7300 7301/7301/7301 7297/7297/7297
f 7302/7302/7302 7298/7298/7298 7299/7299/7299
f 7300/7300/7300 7298/7298/7298 7302/7302/7302
f 7302/7302/7302 7299/7299/7299 7303/7303/7303
f 7300/7300/7300 7304/7304/7304 7301/7301/7301
f 7304/7304/7304 7300/7300/7300 7302/7302/7302
f 7304/7304/7304 7305/7305/7305 7301/7301/7301
f 7306/7306/7306 7302/7302/7302 7303/7303/7303
f 7304/7304/7304 7302/7302/7302 7306/7306/7306
f 7306/7306/7306 7303/7303/7303 7307/7307/7307
f 7304/7304/7304 7308/7308/7308 7305/7305/7305
f 7308/7308/7308 7304/7304/7304 7306/7306/7306
f 7308/7308/7308 7309/7309/7309 7305/7305/7305
f 7310/7310/7310 7306/7306/7306 7307/7307/7307
f 7308/7308/7308 7306/7306/7306 7310/7310/7310
f 7310/7310/7310 7307/7307/7307 7311/7311/7311
f 7308/7308/7308 7312/7312/7312 7309/7309/7309
f 7312/7312/7312 7308/7308/7308 7310/7310/7310
f 7312/7312/7312 7313/7313/7313 7309/7309/7309
f 7314/7314/7314 7310/7310/7310 7311/7311/7311
f 7312/7312/7312 7310/7310/7310 7314/7314/7314
f 7314/7314/7314 7311/7311/7311 7315/7315/7315
f 7312/7312/7312 7316/7316/7316 7313/7313/7313
f 7316/7316/7316 7312/7312/7312 7314/7314/7314
f 7316/7316/7316 7317/7317/7317 7313/7313/7313
f 7318/7318/7318 7314/7314/7314 7315/7315/7315
f 7318/7318/7318 7315/7315/7315 7317/7317/7317
f 7316/7316/7316 7318/7318/7318 7317/7317/7317
f 7316/7316/7316 7314/7314/7314 7318/7318/7318
f 7321/7321/7321 7320/7320/7320 7319/7319/7319
f 7319/7319/7319 7320/7320/7320 7322/7322/7322
f 7320/7320/7320 7323/7323/7323 7322/7322/7322
f 7324/7324/7324 7321/7321/7321 7319/7319/7319
f 7325/7325/7325 7321/7321/7321 7324/7324/7324
f 7326/7326/7326 7325/7325/7325 7324/7324/7324
f 7319/7319/7319 7326/7326/7326 7324/7324/7324
f 7327/7327/7327 7325/7325/7325 7326/7326/7326
f 7328/7328/7328 7326/7326/7326 7319/7319/7319
f 7328/7328/7328 7327/7327/7327 7326/7326/7326
f 7322/7322/7322 7328/7328/7328 7319/7319/7319
f 7329/7329/7329 7327/7327/7327 7328/7328/7328
f 7330/7330/7330 7329/7329/7329 7328/7328/7328
f 7330/7330/7330 7328/7328/7328 7322/7322/7322
f 7331/7331/7331 7329/7329/7329 7330/7330/7330
f 7322/7322/7322 7323/7323/7323 7332/7332/7332
f 7332/7332/7332 7330/7330/7330 7322/7322/7322
f 7323/7323/7323 7333/7333/7333 7332/7332/7332
f 7334/7334/7334 7331/7331/7331 7330/7330/7330
f 7334/7334/7334 7330/7330/7330 7332/7332/7332
f 7335/7335/7335 7331/7331/7331 7334/7334/7334
f 7332/7332/7332 7333/7333/7333 7336/7336/7336
f 7336/7336/7336 7334/7334/7334 7332/7332/7332
f 7333/7333/7333 7337/7337/7337 7336/7336/7336
f 7338/7338/7338 7335/7335/7335 7334/7334/7334
f 7338/7338/7338 7334/7334/7334 7336/7336/7336
f 7339/7339/7339 7335/7335/7335 7338/7338/7338
f 7336/7336/7336 7337/7337/7337 7340/7340/7340
f 7340/7340/7340 7338/7338/7338 7336/7336/7336
f 7337/7337/7337 7341/7341/7341 7340/7340/7340
f 7342/7342/7342 7339/7339/7339 7338/7338/7338
f 7342/7342/7342 7338/7338/7338 7340/7340/7340
f 7343/7343/7343 7339/7339/7339 7342/7342/7342
f 7340/7340/7340 7341/7341/7341 7344/7344/7344
f 7344/7344/7344 7342/7342/7342 7340/7340/7340
f 7341/7341/7341 7345/7345/7345 7344/7344/7344
f 7346/7346/7346 7343/7343/7343 7342/7342/7342
f 7346/7346/7346 7342/7342/7342 7344/7344/7344
f 7347/7347/7347 7343/7343/7343 7346/7346/7346
f 7344/7344/7344 7345/7345/7345 7348/7348/7348
f 7348/7348/7348 7346/7346/7346 7344/7344/7344
f 7345/7345/7345 7349/7349/7349 7348/7348/7348
f 7350/7350/7350 7347/7347/7347 7346/7346/7346
f 7350/7350/7350 7346/7346/7346 7348/7348/7348
f 7351/7351/7351 7347/7347/7347 7350/7350/7350
f 7348/7348/7348 7349/7349/7349 7352/7352/7352
f 7352/7352/7352 7350/7350/7350 7348/7348/7348
f 7349/7349/7349 7353/7353/7353 7352/7352/7352
f 7354/7354/7354 7351/7351/7351 7350/7350/7350
f 7354/7354/7354 7350/7350/7350 7352/7352/7352
f 7355/7355/7355 7351/7351/7351 7354/7354/7354
f 7352/7352/7352 7353/7353/7353 7356/7356/7356
f 7356/7356/7356 7354/7354/7354 7352/7352/7352
f 7353/7353/7353 7357/7357/7357 7356/7356/7356
f 7358/7358/7358 7355/7355/7355 7354/7354/7354
f 7354/7354/7354 7356/7356/7356 7358/7358/7358
f 7357/7357/7357 7355/7355/7355 7358/7358/7358
f 7356/7356/7356 7357/7357/7357 7358/7358/7358
f 7361/7361/7361 7360/7360/7360 7359/7359/7359
f 7360/7360/7360 7362/7362/7362 7359/7359/7359
f 7363/7363/7363 7360/7360/7360 7361/7361/7361
f 7359/7359/7359 7362/7362/7362 7364/7364/7364
f 7365/7365/7365 7363/7363/7363 7361/7361/7361
f 7362/7362/7362 7366/7366/7366 7364/7364/7364
f 7367/7367/7367 7363/7363/7363 7365/7365/7365
f 7364/7364/7364 7366/7366/7366 7368/7368/7368
f 7369/7369/7369 7367/7367/7367 7365/7365/7365
f 7366/7366/7366 7370/7370/7370 7368/7368/7368
f 7371/7371/7371 7367/7367/7367 7369/7369/7369
f 7368/7368/7368 7370/7370/7370 7372/7372/7372
f 7373/7373/7373 7371/7371/7371 7369/7369/7369
f 7370/7370/7370 7374/7374/7374 7372/7372/7372
f 7375/7375/7375 7371/7371/7371 7373/7373/7373
f 7372/7372/7372 7374/7374/7374 7376/7376/7376
f 7377/7377/7377 7375/7375/7375 7373/7373/7373
f 7374/7374/7374 7378/7378/7378 7376/7376/7376
f 7379/7379/7379 7375/7375/7375 7377/7377/7377
f 7376/7376/7376 7378/7378/7378 7380/7380/7380
f 7381/7381/7381 7379/7379/7379 7377/7377/7377
f 7378/7378/7378 7382/7382/7382 7380/7380/7380
f 7383/7383/7383 7379/7379/7379 7381/7381/7381
f 7380/7380/7380 7382/7382/7382 7384/7384/7384
f 7385/7385/7385 7383/7383/7383 7381/7381/7381
f 7382/7382/7382 7386/7386/7386 7384/7384/7384
f 7387/7387/7387 7383/7383/7383 7385/7385/7385
f 7384/7384/7384 7386/7386/7386 7388/7388/7388
f 7389/7389/7389 7387/7387/7387 7385/7385/7385
f 7386/7386/7386 7390/7390/7390 7388/7388/7388
f 7390/7390/7390 7387/7387/7387 7389/7389/7389
f 7388/7388/7388 7390/7390/7390 7389/7389/7389
