g S_wpn_funnel_0010_01_lod0
v -0.08115451 -0.05210223 0.013504405
v -0.06808969 -0.064517304 0.03382722
v -0.06663228 -0.0868546 0.014454583
v -0.08115451 -0.05210223 -0.013504405
v -0.06663228 -0.0868546 -0.014454583
v -0.06808969 -0.064517304 -0.03382722
v -0.08115449 0.05210226 0.013504405
v -0.06663225 0.086854614 0.014454583
v -0.068089664 0.06451732 0.03382722
v -0.08115449 0.05210226 -0.013504405
v -0.068089664 0.06451732 -0.03382722
v -0.06663225 0.086854614 -0.014454583
v 0.081154495 0.052102245 0.013504405
v 0.06808967 0.06451731 0.03382722
v 0.06663226 0.08685461 0.014454583
v 0.081154495 0.052102245 -0.013504405
v 0.06663226 0.08685461 -0.014454583
v 0.06808967 0.06451731 -0.03382722
v 0.081154495 -0.05210225 0.013504405
v 0.06663226 -0.0868546 0.014454583
v 0.06808968 -0.06451731 0.03382722
v 0.081154495 -0.05210225 -0.013504405
v 0.06808968 -0.06451731 -0.03382722
v 0.06663226 -0.0868546 -0.014454583
v -0.063368104 -0.048411272 0.037112005
v -0.063314445 -0.0328906 0.04551382
v -0.063373655 -0.03587508 0.050903182
v -0.063391946 -0.05135996 0.042563908
v -0.06340255 -0.04033118 0.053649243
v -0.06341501 -0.05315483 0.046955403
v -0.062714025 -0.045411006 0.055492375
v -0.062714025 -0.056860507 0.051297262
v -0.06217779 -0.053048104 0.046836954
v -0.062714025 -0.056860507 0.051297262
v -0.062714025 -0.045411006 0.055492375
v -0.062255066 -0.040200252 0.05357571
v -0.062143907 -0.05133101 0.0425503
v -0.06220923 -0.0359181 0.050927795
v -0.062190544 -0.048402313 0.03711735
v -0.062256478 -0.032874644 0.045524683
v -0.06340255 -0.04033118 0.053649243
v -0.062255066 -0.040200252 0.05357571
v -0.062714025 -0.045411006 0.055492375
v -0.063373655 -0.03587508 0.050903182
v -0.06220923 -0.0359181 0.050927795
v -0.062256478 -0.032874644 0.045524683
v -0.063314445 -0.0328906 0.04551382
v -0.062714025 -0.056860507 0.051297262
v -0.06217779 -0.053048104 0.046836954
v -0.06341501 -0.05315483 0.046955403
v -0.063391946 -0.05135996 0.042563908
v -0.062143907 -0.05133101 0.0425503
v -0.063368104 -0.048411272 0.037112005
v -0.062190544 -0.048402313 0.03711735
v -0.0633681 -0.023972958 0.04978125
v -0.06331444 -0.0063250777 0.049596947
v -0.06337365 -0.006319713 0.055757493
v -0.06339194 -0.023905952 0.055979107
v -0.06340255 -0.00888369 0.060320795
v -0.063415006 -0.02334458 0.060689908
v -0.06271401 -0.0124311615 0.064397216
v -0.06271402 -0.024478089 0.06628446
v -0.062177785 -0.023308732 0.060534555
v -0.06271402 -0.024478089 0.06628446
v -0.06271401 -0.0124311615 0.064397216
v -0.062255062 -0.008804886 0.06019297
v -0.062143903 -0.023887243 0.055953164
v -0.062209222 -0.0063453834 0.0557999
v -0.06219054 -0.023962535 0.049781576
v -0.062256474 -0.0063058534 0.04959871
v -0.06340255 -0.00888369 0.060320795
v -0.062255062 -0.008804886 0.06019297
v -0.06271401 -0.0124311615 0.064397216
v -0.06337365 -0.006319713 0.055757493
v -0.062209222 -0.0063453834 0.0557999
v -0.062256474 -0.0063058534 0.04959871
v -0.06331444 -0.0063250777 0.049596947
v -0.06271402 -0.024478089 0.06628446
v -0.062177785 -0.023308732 0.060534555
v -0.063415006 -0.02334458 0.060689908
v -0.06339194 -0.023905952 0.055979107
v -0.062143903 -0.023887243 0.055953164
v -0.0633681 -0.023972958 0.04978125
v -0.06219054 -0.023962535 0.049781576
v -0.0633681 0.0048259897 0.04978125
v -0.06331444 0.022473872 0.049596947
v -0.06337365 0.022479236 0.055757493
v -0.06339194 0.0048929974 0.055979107
v -0.06340254 0.01991526 0.060320795
v -0.063415 0.00545437 0.060689908
v -0.06271401 0.016367787 0.064397216
v -0.06271401 0.00432086 0.06628446
v -0.06217778 0.0054902164 0.060534555
v -0.06271401 0.00432086 0.06628446
v -0.06271401 0.016367787 0.064397216
v -0.06225506 0.019994063 0.06019297
v -0.062143896 0.004911706 0.055953164
v -0.06220922 0.022453565 0.0557999
v -0.062190536 0.004836415 0.049781576
v -0.062256467 0.022493094 0.04959871
v -0.06340254 0.01991526 0.060320795
v -0.06225506 0.019994063 0.06019297
v -0.06271401 0.016367787 0.064397216
v -0.06337365 0.022479236 0.055757493
v -0.06220922 0.022453565 0.0557999
v -0.062256467 0.022493094 0.04959871
v -0.06331444 0.022473872 0.049596947
v -0.06271401 0.00432086 0.06628446
v -0.06217778 0.0054902164 0.060534555
v -0.063415 0.00545437 0.060689908
v -0.06339194 0.0048929974 0.055979107
v -0.062143896 0.004911706 0.055953164
v -0.0633681 0.0048259897 0.04978125
v -0.062190536 0.004836415 0.049781576
v -0.06336809 0.03223177 0.04518056
v -0.06331443 0.04771308 0.036706436
v -0.06337364 0.05061921 0.042138442
v -0.06339193 0.03520986 0.05061645
v -0.06340253 0.05050656 0.04737151
v -0.063415 0.037923705 0.054507706
v -0.062714 0.049297 0.052638263
v -0.06271401 0.03955861 0.059976783
v -0.062177777 0.03788216 0.05435378
v -0.06271401 0.03955861 0.059976783
v -0.062714 0.049297 0.052638263
v -0.06225505 0.05051588 0.04722163
v -0.062143892 0.03521415 0.050584752
v -0.062209215 0.050616544 0.042187937
v -0.062190533 0.03224112 0.045175932
v -0.062256463 0.047730863 0.036698934
v -0.06340253 0.05050656 0.04737151
v -0.06225505 0.05051588 0.04722163
v -0.062714 0.049297 0.052638263
v -0.06337364 0.05061921 0.042138442
v -0.062209215 0.050616544 0.042187937
v -0.062256463 0.047730863 0.036698934
v -0.06331443 0.04771308 0.036706436
v -0.06271401 0.03955861 0.059976783
v -0.062177777 0.03788216 0.05435378
v -0.063415 0.037923705 0.054507706
v -0.06339193 0.03520986 0.05061645
v -0.062143892 0.03521415 0.050584752
v -0.06336809 0.03223177 0.04518056
v -0.062190533 0.03224112 0.045175932
v -0.06336808 0.057475645 0.0315351
v -0.06331443 0.07160109 0.020954287
v -0.06337363 0.07524709 0.025920076
v -0.063391924 0.06119342 0.036494542
v -0.06340253 0.075876534 0.031116368
v -0.06341499 0.0644309 0.039962325
v -0.062713996 0.07542491 0.036501326
v -0.062714 0.06682373 0.04514481
v -0.06217777 0.06436797 0.03981583
v -0.062714 0.06682373 0.04514481
v -0.062713996 0.07542491 0.036501326
v -0.062255047 0.07586453 0.03096669
v -0.06214389 0.061193176 0.03646256
v -0.062209208 0.075251445 0.02596945
v -0.062190525 0.057484243 0.0315292
v -0.062256463 0.07161763 0.020944348
v -0.06340253 0.075876534 0.031116368
v -0.062255047 0.07586453 0.03096669
v -0.062713996 0.07542491 0.036501326
v -0.06337363 0.07524709 0.025920076
v -0.062209208 0.075251445 0.02596945
v -0.062256463 0.07161763 0.020944348
v -0.06331443 0.07160109 0.020954287
v -0.062714 0.06682373 0.04514481
v -0.06217777 0.06436797 0.03981583
v -0.06341499 0.0644309 0.039962325
v -0.063391924 0.06119342 0.036494542
v -0.06214389 0.061193176 0.03646256
v -0.06336808 0.057475645 0.0315351
v -0.062190525 0.057484243 0.0315292
v -0.06336808 0.08128504 0.009371301
v -0.06331443 0.08166403 -0.010448687
v -0.06337363 0.08782163 -0.010242984
v -0.063391924 0.08748189 0.009509079
v -0.06340253 0.0923008 -0.0072075194
v -0.06341498 0.09220823 0.009040715
v -0.062713996 0.096261956 -0.0030845995
v -0.062713996 0.097763784 0.010505605
v -0.062177766 0.09205411 0.008995131
v -0.062713996 0.097763784 0.010505605
v -0.062713996 0.096261956 -0.0030845995
v -0.062255047 0.09217556 -0.0073003885
v -0.06214388 0.08745657 0.009487182
v -0.062209208 0.08786321 -0.010212705
v -0.06219052 0.08128569 0.0093596075
v -0.06225646 0.08166641 -0.01047021
v -0.06340253 0.0923008 -0.0072075194
v -0.062255047 0.09217556 -0.0073003885
v -0.062713996 0.096261956 -0.0030845995
v -0.06337363 0.08782163 -0.010242984
v -0.062209208 0.08786321 -0.010212705
v -0.06225646 0.08166641 -0.01047021
v -0.06331443 0.08166403 -0.010448687
v -0.062713996 0.097763784 0.010505605
v -0.062177766 0.09205411 0.008995131
v -0.06341498 0.09220823 0.009040715
v -0.063391924 0.08748189 0.009509079
v -0.06214388 0.08745657 0.009487182
v -0.06336808 0.08128504 0.009371301
v -0.06219052 0.08128569 0.0093596075
v -0.06336808 0.07131688 -0.0211315
v -0.06331443 0.057102937 -0.03159312
v -0.06337364 0.06080202 -0.03651949
v -0.063391924 0.07498913 -0.026124746
v -0.06340253 0.0655942 -0.038624898
v -0.06341498 0.07737238 -0.03022682
v -0.062714 0.07087963 -0.03975
v -0.062713996 0.08164134 -0.034016248
v -0.062177766 0.07725035 -0.03012421
v -0.062713996 0.08164134 -0.034016248
v -0.062714 0.07087963 -0.03975
v -0.06225505 0.06545438 -0.038570117
v -0.06214388 0.074958585 -0.026115267
v -0.062209215 0.060848035 -0.036537945
v -0.062190525 0.07130875 -0.021138025
v -0.062256463 0.057088636 -0.03160608
v -0.06340253 0.0655942 -0.038624898
v -0.06225505 0.06545438 -0.038570117
v -0.062714 0.07087963 -0.03975
v -0.06337364 0.06080202 -0.03651949
v -0.062209215 0.060848035 -0.036537945
v -0.062256463 0.057088636 -0.03160608
v -0.06331443 0.057102937 -0.03159312
v -0.062713996 0.08164134 -0.034016248
v -0.062177766 0.07725035 -0.03012421
v -0.06341498 0.07737238 -0.03022682
v -0.063391924 0.07498913 -0.026124746
v -0.06214388 0.074958585 -0.026115267
v -0.06336808 0.07131688 -0.0211315
v -0.062190525 0.07130875 -0.021138025
v -0.06336808 0.046977818 -0.037062768
v -0.06331444 0.031432617 -0.0454191
v -0.06337365 0.034401305 -0.050817173
v -0.063391924 0.04991053 -0.04252328
v -0.06340254 0.038849354 -0.053576276
v -0.06341499 0.05169254 -0.04692
v -0.062714 0.043923754 -0.05543427
v -0.062714 0.055385493 -0.05127269
v -0.06217777 0.051586166 -0.046801247
v -0.062714 0.055385493 -0.05127269
v -0.062714 0.043923754 -0.05543427
v -0.06225506 0.038718633 -0.05350236
v -0.06214389 0.04988162 -0.04250958
v -0.06220922 0.034444258 -0.050841928
v -0.062190525 0.046968844 -0.037068084
v -0.062256467 0.031416632 -0.045429926
v -0.06340254 0.038849354 -0.053576276
v -0.06225506 0.038718633 -0.05350236
v -0.062714 0.043923754 -0.05543427
v -0.06337365 0.034401305 -0.050817173
v -0.06220922 0.034444258 -0.050841928
v -0.062256467 0.031416632 -0.045429926
v -0.06331444 0.031432617 -0.0454191
v -0.062714 0.055385493 -0.05127269
v -0.06217777 0.051586166 -0.046801247
v -0.06341499 0.05169254 -0.04692
v -0.063391924 0.04991053 -0.04252328
v -0.06214389 0.04988162 -0.04250958
v -0.06336808 0.046977818 -0.037062768
v -0.062190525 0.046968844 -0.037068084
v -0.0633681 -0.03216707 -0.04604776
v -0.06331445 -0.047537155 -0.037373535
v -0.06337366 -0.050513506 -0.04276739
v -0.06339194 -0.03521542 -0.051444568
v -0.063402556 -0.05046874 -0.04800148
v -0.063415006 -0.037979506 -0.055300288
v -0.062714025 -0.0493276 -0.053283487
v -0.06271402 -0.039685223 -0.0607477
v -0.062177785 -0.037935972 -0.055146914
v -0.06271402 -0.039685223 -0.0607477
v -0.062714025 -0.0493276 -0.053283487
v -0.06225507 -0.05047611 -0.047851495
v -0.062143903 -0.035219293 -0.051412813
v -0.062209234 -0.05051148 -0.04281692
v -0.06219054 -0.032176357 -0.04604302
v -0.06225648 -0.04755484 -0.037365805
v -0.063402556 -0.05046874 -0.04800148
v -0.06225507 -0.05047611 -0.047851495
v -0.062714025 -0.0493276 -0.053283487
v -0.06337366 -0.050513506 -0.04276739
v -0.062209234 -0.05051148 -0.04281692
v -0.06225648 -0.04755484 -0.037365805
v -0.06331445 -0.047537155 -0.037373535
v -0.06271402 -0.039685223 -0.0607477
v -0.062177785 -0.037935972 -0.055146914
v -0.063415006 -0.037979506 -0.055300288
v -0.06339194 -0.03521542 -0.051444568
v -0.062143903 -0.035219293 -0.051412813
v -0.0633681 -0.03216707 -0.04604776
v -0.06219054 -0.032176357 -0.04604302
v -0.063368104 -0.0570747 -0.03162863
v -0.06331445 -0.07108603 -0.020897157
v -0.06337366 -0.074785 -0.025823612
v -0.063391946 -0.06084538 -0.036547974
v -0.06340256 -0.07547006 -0.031012876
v -0.06341501 -0.06411981 -0.03998089
v -0.062714025 -0.07507612 -0.03640236
v -0.062714025 -0.066567995 -0.045137446
v -0.06217779 -0.064055316 -0.039835077
v -0.062714025 -0.066567995 -0.045137446
v -0.062714025 -0.07507612 -0.03640236
v -0.062255077 -0.07545645 -0.03086332
v -0.062143907 -0.060844786 -0.036515992
v -0.062209237 -0.07478989 -0.025872946
v -0.062190544 -0.057083238 -0.03162263
v -0.06225648 -0.07110248 -0.020887034
v -0.06340256 -0.07547006 -0.031012876
v -0.062255077 -0.07545645 -0.03086332
v -0.062714025 -0.07507612 -0.03640236
v -0.06337366 -0.074785 -0.025823612
v -0.062209237 -0.07478989 -0.025872946
v -0.06225648 -0.07110248 -0.020887034
v -0.06331445 -0.07108603 -0.020897157
v -0.062714025 -0.066567995 -0.045137446
v -0.06217779 -0.064055316 -0.039835077
v -0.06341501 -0.06411981 -0.03998089
v -0.063391946 -0.06084538 -0.036547974
v -0.062143907 -0.060844786 -0.036515992
v -0.063368104 -0.0570747 -0.03162863
v -0.062190544 -0.057083238 -0.03162263
v -0.063368104 -0.07192404 0.02141674
v -0.06331445 -0.05745554 0.031523373
v -0.06337366 -0.061031565 0.036539786
v -0.06339195 -0.07547159 0.02649934
v -0.063402556 -0.065770164 0.038763143
v -0.06341501 -0.07775259 0.030659132
v -0.062714025 -0.07102614 0.040018715
v -0.062714025 -0.08192645 0.034553055
v -0.062177796 -0.07763312 0.030553536
v -0.062714025 -0.08192645 0.034553055
v -0.062714025 -0.07102614 0.040018715
v -0.06225507 -0.06563175 0.03870492
v -0.06214391 -0.075441286 0.026489098
v -0.062209234 -0.061077103 0.036559373
v -0.062190544 -0.071915746 0.021423066
v -0.06225648 -0.057440914 0.03153598
v -0.063402556 -0.065770164 0.038763143
v -0.06225507 -0.06563175 0.03870492
v -0.062714025 -0.07102614 0.040018715
v -0.06337366 -0.061031565 0.036539786
v -0.062209234 -0.061077103 0.036559373
v -0.06225648 -0.057440914 0.03153598
v -0.06331445 -0.05745554 0.031523373
v -0.062714025 -0.08192645 0.034553055
v -0.062177796 -0.07763312 0.030553536
v -0.06341501 -0.07775259 0.030659132
v -0.06339195 -0.07547159 0.02649934
v -0.06214391 -0.075441286 0.026489098
v -0.063368104 -0.07192404 0.02141674
v -0.062190544 -0.071915746 0.021423066
v -0.0633681 -0.00528908 -0.050076287
v -0.063314445 -0.022936579 -0.04985856
v -0.063373655 -0.022953616 -0.056019083
v -0.06339194 -0.0053678304 -0.056274008
v -0.06340255 -0.020398289 -0.060587235
v -0.063415 -0.005938126 -0.060983744
v -0.06271402 -0.016858548 -0.064670354
v -0.06271401 -0.0048152166 -0.06658042
v -0.06217778 -0.005973678 -0.06082832
v -0.06271401 -0.0048152166 -0.06658042
v -0.06271402 -0.016858548 -0.064670354
v -0.062255066 -0.020476852 -0.060459256
v -0.062143896 -0.00538649 -0.056248028
v -0.06220923 -0.022928026 -0.056061532
v -0.062190536 -0.0052995067 -0.05007659
v -0.062256478 -0.022955809 -0.049860276
v -0.06340255 -0.020398289 -0.060587235
v -0.062255066 -0.020476852 -0.060459256
v -0.06271402 -0.016858548 -0.064670354
v -0.063373655 -0.022953616 -0.056019083
v -0.06220923 -0.022928026 -0.056061532
v -0.062256478 -0.022955809 -0.049860276
v -0.063314445 -0.022936579 -0.04985856
v -0.06271401 -0.0048152166 -0.06658042
v -0.06217778 -0.005973678 -0.06082832
v -0.063415 -0.005938126 -0.060983744
v -0.06339194 -0.0053678304 -0.056274008
v -0.062143896 -0.00538649 -0.056248028
v -0.0633681 -0.00528908 -0.050076287
v -0.062190536 -0.0052995067 -0.05007659
v -0.06336809 0.023033306 -0.050495733
v -0.06331444 0.0053891586 -0.050088517
v -0.06337365 0.0053059747 -0.0562485
v -0.06339193 0.022888014 -0.056692246
v -0.06340255 0.007812104 -0.06084383
v -0.063415 0.022267176 -0.061395586
v -0.06271401 0.011307801 -0.064964734
v -0.06271401 0.023329923 -0.06700401
v -0.062177777 0.022233292 -0.061239794
v -0.06271401 0.023329923 -0.06700401
v -0.06271401 0.011307801 -0.064964734
v -0.062255062 0.0077349204 -0.060715016
v -0.062143892 0.02286963 -0.056666076
v -0.062209222 0.0053311083 -0.056291237
v -0.062190533 0.023022873 -0.05049593
v -0.062256474 0.0053699147 -0.05009004
v -0.06340255 0.007812104 -0.06084383
v -0.062255062 0.0077349204 -0.060715016
v -0.06271401 0.011307801 -0.064964734
v -0.06337365 0.0053059747 -0.0562485
v -0.062209222 0.0053311083 -0.056291237
v -0.062256474 0.0053699147 -0.05009004
v -0.06331444 0.0053891586 -0.050088517
v -0.06271401 0.023329923 -0.06700401
v -0.062177777 0.022233292 -0.061239794
v -0.063415 0.022267176 -0.061395586
v -0.06339193 0.022888014 -0.056692246
v -0.062143892 0.02286963 -0.056666076
v -0.06336809 0.023033306 -0.050495733
v -0.062190533 0.023022873 -0.05049593
v -0.071591906 -0.009413813 0.033516165
v -0.073993504 -0.011730604 0.033516165
v -0.073993504 -0.009413813 0.033516165
v -0.071591906 -0.011730604 0.033516165
v -0.071591906 -0.011875746 0.033077784
v -0.073993504 -0.011875746 0.033077784
v -0.071591906 -0.013535319 0.033068847
v -0.073993504 -0.013535319 0.033068847
v -0.07159191 -0.018393245 0.0315572
v -0.07399351 -0.018393245 0.0315572
v -0.07159191 -0.018602708 0.03188398
v -0.07399351 -0.018602708 0.03188398
v -0.07399351 -0.019436691 0.031602304
v -0.07159191 -0.019436691 0.0316023
v -0.073993504 -0.011730604 0.028713314
v -0.073993504 -0.009413813 0.028713314
v -0.073993504 -0.009413813 0.033516165
v -0.073993504 -0.011730604 0.033516165
v -0.073993504 -0.011875746 0.029135482
v -0.073993504 -0.011875746 0.033077784
v -0.073993504 -0.013535319 0.029126534
v -0.073993504 -0.013535319 0.033068847
v -0.07399351 -0.018393245 0.0315572
v -0.07399351 -0.017736351 0.027672011
v -0.07399351 -0.018602708 0.03188398
v -0.07399351 -0.017817277 0.027199106
v -0.07399351 -0.019436691 0.031602304
v -0.07399351 -0.018650029 0.02691377
v -0.071591906 -0.009413813 0.028713314
v -0.071591906 -0.011730604 0.033516165
v -0.071591906 -0.009413813 0.033516165
v -0.071591906 -0.011730604 0.028713314
v -0.071591906 -0.011875746 0.033077784
v -0.071591906 -0.011875746 0.029135482
v -0.071591906 -0.013535319 0.033068847
v -0.071591906 -0.013535319 0.029126534
v -0.07159191 -0.018393245 0.0315572
v -0.07159191 -0.017736351 0.027672011
v -0.07159191 -0.018602708 0.03188398
v -0.07159191 -0.017817277 0.027199106
v -0.07159191 -0.019436691 0.0316023
v -0.07159191 -0.018650029 0.02691377
v -0.071591906 -0.011730604 0.028713314
v -0.071591906 -0.009413813 0.028713314
v -0.073993504 -0.009413813 0.028713314
v -0.073993504 -0.011730604 0.028713314
v -0.071591906 -0.011875746 0.029135482
v -0.073993504 -0.011875746 0.029135482
v -0.071591906 -0.013535319 0.029126534
v -0.073993504 -0.013535319 0.029126534
v -0.07159191 -0.017736351 0.027672011
v -0.07399351 -0.017736351 0.027672011
v -0.07159191 -0.017817277 0.027199106
v -0.07399351 -0.017817277 0.027199106
v -0.07159191 -0.018650029 0.02691377
v -0.07399351 -0.018650029 0.02691377
v -0.071591906 -0.009413813 -0.033516165
v -0.073993504 -0.009413813 -0.033516165
v -0.073993504 -0.011730604 -0.033516165
v -0.071591906 -0.011730604 -0.033516165
v -0.071591906 -0.011875746 -0.033077784
v -0.073993504 -0.011875746 -0.033077784
v -0.071591906 -0.013535319 -0.033068847
v -0.073993504 -0.013535319 -0.033068847
v -0.07159191 -0.018393245 -0.0315572
v -0.07399351 -0.018393245 -0.0315572
v -0.07159191 -0.018602708 -0.03188398
v -0.07399351 -0.018602708 -0.03188398
v -0.07399351 -0.019436691 -0.031602304
v -0.07159191 -0.019436691 -0.0316023
v -0.073993504 -0.011730604 -0.028713314
v -0.073993504 -0.009413813 -0.033516165
v -0.073993504 -0.009413813 -0.028713314
v -0.073993504 -0.011730604 -0.033516165
v -0.073993504 -0.011875746 -0.029135482
v -0.073993504 -0.011875746 -0.033077784
v -0.073993504 -0.013535319 -0.029126534
v -0.073993504 -0.013535319 -0.033068847
v -0.07399351 -0.018393245 -0.0315572
v -0.07399351 -0.017736351 -0.027672011
v -0.07399351 -0.018602708 -0.03188398
v -0.07399351 -0.017817277 -0.027199106
v -0.07399351 -0.019436691 -0.031602304
v -0.07399351 -0.018650029 -0.02691377
v -0.071591906 -0.009413813 -0.028713314
v -0.071591906 -0.009413813 -0.033516165
v -0.071591906 -0.011730604 -0.033516165
v -0.071591906 -0.011730604 -0.028713314
v -0.071591906 -0.011875746 -0.033077784
v -0.071591906 -0.011875746 -0.029135482
v -0.071591906 -0.013535319 -0.033068847
v -0.071591906 -0.013535319 -0.029126534
v -0.07159191 -0.018393245 -0.0315572
v -0.07159191 -0.017736351 -0.027672011
v -0.07159191 -0.018602708 -0.03188398
v -0.07159191 -0.017817277 -0.027199106
v -0.07159191 -0.019436691 -0.0316023
v -0.07159191 -0.018650029 -0.02691377
v -0.071591906 -0.011730604 -0.028713314
v -0.073993504 -0.009413813 -0.028713314
v -0.071591906 -0.009413813 -0.028713314
v -0.073993504 -0.011730604 -0.028713314
v -0.071591906 -0.011875746 -0.029135482
v -0.073993504 -0.011875746 -0.029135482
v -0.071591906 -0.013535319 -0.029126534
v -0.073993504 -0.013535319 -0.029126534
v -0.07159191 -0.017736351 -0.027672011
v -0.07399351 -0.017736351 -0.027672011
v -0.07159191 -0.017817277 -0.027199106
v -0.07399351 -0.017817277 -0.027199106
v -0.07159191 -0.018650029 -0.02691377
v -0.07399351 -0.018650029 -0.02691377
v -0.071591906 0.0094138365 0.033516165
v -0.073993504 0.0094138365 0.033516165
v -0.073993504 0.011730628 0.033516165
v -0.071591906 0.011730628 0.033516165
v -0.071591906 0.01187577 0.033077784
v -0.073993504 0.01187577 0.033077784
v -0.071591906 0.013535343 0.033068847
v -0.073993504 0.013535343 0.033068847
v -0.071591906 0.018393269 0.0315572
v -0.0739935 0.018393269 0.0315572
v -0.071591906 0.018602733 0.03188398
v -0.0739935 0.018602733 0.03188398
v -0.0739935 0.019436713 0.031602304
v -0.071591906 0.019436713 0.0316023
v -0.073993504 0.011730628 0.028713314
v -0.073993504 0.0094138365 0.033516165
v -0.073993504 0.0094138365 0.028713314
v -0.073993504 0.011730628 0.033516165
v -0.073993504 0.01187577 0.029135482
v -0.073993504 0.01187577 0.033077784
v -0.073993504 0.013535343 0.029126534
v -0.073993504 0.013535343 0.033068847
v -0.0739935 0.018393269 0.0315572
v -0.0739935 0.017736375 0.027672011
v -0.0739935 0.018602733 0.03188398
v -0.0739935 0.017817302 0.027199106
v -0.0739935 0.019436713 0.031602304
v -0.0739935 0.018650053 0.02691377
v -0.071591906 0.0094138365 0.028713314
v -0.071591906 0.0094138365 0.033516165
v -0.071591906 0.011730628 0.033516165
v -0.071591906 0.011730628 0.028713314
v -0.071591906 0.01187577 0.033077784
v -0.071591906 0.01187577 0.029135482
v -0.071591906 0.013535343 0.033068847
v -0.071591906 0.013535343 0.029126534
v -0.071591906 0.018393269 0.0315572
v -0.071591906 0.017736375 0.027672011
v -0.071591906 0.018602733 0.03188398
v -0.071591906 0.017817302 0.027199106
v -0.071591906 0.019436713 0.0316023
v -0.071591906 0.018650053 0.02691377
v -0.071591906 0.011730628 0.028713314
v -0.073993504 0.0094138365 0.028713314
v -0.071591906 0.0094138365 0.028713314
v -0.073993504 0.011730628 0.028713314
v -0.071591906 0.01187577 0.029135482
v -0.073993504 0.01187577 0.029135482
v -0.071591906 0.013535343 0.029126534
v -0.073993504 0.013535343 0.029126534
v -0.071591906 0.017736375 0.027672011
v -0.0739935 0.017736375 0.027672011
v -0.071591906 0.017817302 0.027199106
v -0.0739935 0.017817302 0.027199106
v -0.071591906 0.018650053 0.02691377
v -0.0739935 0.018650053 0.02691377
v -0.071591906 0.0094138365 -0.033516165
v -0.073993504 0.011730628 -0.033516165
v -0.073993504 0.0094138365 -0.033516165
v -0.071591906 0.011730628 -0.033516165
v -0.071591906 0.01187577 -0.033077784
v -0.073993504 0.01187577 -0.033077784
v -0.071591906 0.013535343 -0.033068847
v -0.073993504 0.013535343 -0.033068847
v -0.071591906 0.018393269 -0.0315572
v -0.0739935 0.018393269 -0.0315572
v -0.071591906 0.018602733 -0.03188398
v -0.0739935 0.018602733 -0.03188398
v -0.0739935 0.019436713 -0.031602304
v -0.071591906 0.019436713 -0.0316023
v -0.073993504 0.011730628 -0.028713314
v -0.073993504 0.0094138365 -0.028713314
v -0.073993504 0.0094138365 -0.033516165
v -0.073993504 0.011730628 -0.033516165
v -0.073993504 0.01187577 -0.029135482
v -0.073993504 0.01187577 -0.033077784
v -0.073993504 0.013535343 -0.029126534
v -0.073993504 0.013535343 -0.033068847
v -0.0739935 0.018393269 -0.0315572
v -0.0739935 0.017736375 -0.027672011
v -0.0739935 0.018602733 -0.03188398
v -0.0739935 0.017817302 -0.027199106
v -0.0739935 0.019436713 -0.031602304
v -0.0739935 0.018650053 -0.02691377
v -0.071591906 0.0094138365 -0.028713314
v -0.071591906 0.011730628 -0.033516165
v -0.071591906 0.0094138365 -0.033516165
v -0.071591906 0.011730628 -0.028713314
v -0.071591906 0.01187577 -0.033077784
v -0.071591906 0.01187577 -0.029135482
v -0.071591906 0.013535343 -0.033068847
v -0.071591906 0.013535343 -0.029126534
v -0.071591906 0.018393269 -0.0315572
v -0.071591906 0.017736375 -0.027672011
v -0.071591906 0.018602733 -0.03188398
v -0.071591906 0.017817302 -0.027199106
v -0.071591906 0.019436713 -0.0316023
v -0.071591906 0.018650053 -0.02691377
v -0.071591906 0.011730628 -0.028713314
v -0.071591906 0.0094138365 -0.028713314
v -0.073993504 0.0094138365 -0.028713314
v -0.073993504 0.011730628 -0.028713314
v -0.071591906 0.01187577 -0.029135482
v -0.073993504 0.01187577 -0.029135482
v -0.071591906 0.013535343 -0.029126534
v -0.073993504 0.013535343 -0.029126534
v -0.071591906 0.017736375 -0.027672011
v -0.0739935 0.017736375 -0.027672011
v -0.071591906 0.017817302 -0.027199106
v -0.0739935 0.017817302 -0.027199106
v -0.071591906 0.018650053 -0.02691377
v -0.0739935 0.018650053 -0.02691377
v -0.081154495 0.017527796 0.02577708
v -0.08115449 0.05210226 0.013504405
v -0.081154495 0.018188009 0.028409515
v -0.08115449 0.05210226 -0.013504405
v -0.081154495 0.017527796 -0.02577708
v -0.081154495 0.018188009 -0.028409515
v -0.081154495 0.013401629 0.027479185
v -0.081154495 0.013401629 -0.027479185
v -0.081154495 0.011269684 0.027479185
v -0.081154495 0.011269684 -0.027479185
v -0.081154495 -0.011269657 -0.027479185
v -0.081154495 -0.011269657 0.027479185
v -0.081154495 -0.013401603 -0.027479185
v -0.081154495 -0.013401603 0.027479185
v -0.081154495 -0.01752777 -0.02577708
v -0.081154495 -0.01752777 0.02577708
v -0.08115451 -0.05210223 0.013504405
v -0.081154495 -0.018187983 0.028409515
v -0.08115451 -0.05210223 -0.013504405
v -0.081154495 -0.018187983 -0.028409515
v -0.06502249 0.0067340326 0.05833504
v -0.06502249 -0.006734011 0.058335036
v -0.06727494 -0.006734011 0.05786167
v -0.06727494 0.0067340326 0.05786167
v -0.06797531 -0.0067340103 0.056501083
v -0.06797531 0.006734033 0.056501083
v -0.06806622 -0.0067340103 0.041299976
v -0.06806622 0.006734033 0.041299976
v -0.068458706 -0.0067340103 0.04031536
v -0.068458706 0.006734033 0.04031536
v -0.080556035 0.011269684 0.02935837
v -0.081154495 -0.011269657 0.027479185
v -0.081154495 0.011269684 0.027479185
v -0.080556035 -0.011269657 0.02935837
v -0.068458706 0.006734033 0.04031536
v -0.06549458 0.01126979 0.04299784
v -0.068458706 -0.0067340103 0.04031536
v -0.06681163 0.0067340326 0.04180679
v -0.06549458 -0.011269768 0.04299784
v -0.06681163 -0.006734011 0.04180679
v -0.06727494 -0.006734011 -0.05786167
v -0.06502249 -0.006734011 -0.058335036
v -0.06502249 0.0067340326 -0.05833504
v -0.06727494 0.0067340326 -0.05786167
v -0.06797531 -0.0067340103 -0.056501083
v -0.06797531 0.006734033 -0.056501083
v -0.06806622 -0.0067340103 -0.041299976
v -0.06806622 0.006734033 -0.041299976
v -0.068458706 -0.0067340103 -0.04031536
v -0.068458706 0.006734033 -0.04031536
v -0.081154495 -0.011269657 -0.027479185
v -0.080556035 0.011269684 -0.02935837
v -0.081154495 0.011269684 -0.027479185
v -0.080556035 -0.011269657 -0.02935837
v -0.068458706 0.006734033 -0.04031536
v -0.06549458 0.01126979 -0.04299784
v -0.068458706 -0.0067340103 -0.04031536
v -0.06681163 0.0067340326 -0.04180679
v -0.06549458 -0.011269768 -0.04299784
v -0.06681163 -0.006734011 -0.04180679
v -0.06663641 -0.086854376 0
v -0.06663228 -0.0868546 -0.014454583
v -0.08115451 -0.05210223 -0.013504405
v -0.08115451 -0.05210223 0.013504405
v -0.06663228 -0.0868546 0.014454583
v -0.06808969 -0.064517304 0.03382722
v -0.08115451 -0.05210223 0.013504405
v -0.081154495 -0.018187983 0.028409515
v -0.06685543 -0.024956472 0.055345535
v -0.06808969 -0.064517304 -0.03382722
v -0.06685543 -0.024956472 -0.055345535
v -0.081154495 -0.018187983 -0.028409515
v -0.08115451 -0.05210223 -0.013504405
v -0.06663638 0.0868544 0
v -0.06663225 0.086854614 0.014454583
v -0.08115449 0.05210226 0.013504405
v -0.08115449 0.05210226 -0.013504405
v -0.06663225 0.086854614 -0.014454583
v -0.068089664 0.06451732 0.03382722
v -0.06685542 0.024956495 0.055345535
v -0.081154495 0.018188009 0.028409515
v -0.08115449 0.05210226 0.013504405
v -0.068089664 0.06451732 -0.03382722
v -0.08115449 0.05210226 -0.013504405
v -0.081154495 0.018188009 -0.028409515
v -0.06685542 0.024956495 -0.055345535
v -0.06808969 -0.064517304 0.03382722
v -0.06685543 -0.024956472 0.055345535
v -0.06520297 -0.024957988 0.055345163
v -0.060307845 -0.024961883 0.05534418
v -0.05875738 -0.06452416 0.03382549
v -0.06663228 -0.0868546 0.014454583
v -0.058757383 -0.08688295 0.014504343
v -0.058757376 -0.041439857 0.046381738
v -0.05875738 -0.024963327 0.055343814
v -0.058757383 -0.08688295 0.014504343
v -0.058757383 -0.08688298 0
v -0.06663641 -0.086854376 0
v -0.06663228 -0.0868546 0.014454583
v -0.055027194 -0.011269661 0.053545672
v -0.05573278 -0.011269661 0.054898728
v -0.05188748 -0.0112696625 0.054898728
v -0.05841116 -0.011269661 0.054631986
v -0.05733051 -0.011269661 0.051348977
v -0.06044768 -0.011269661 0.0522392
v -0.058968313 -0.011269661 0.04798429
v -0.06068967 -0.011269661 0.04798429
v -0.06068967 -0.011269661 0.04438627
v -0.05926165 -0.011269661 0.027479185
v -0.061555132 -0.011269661 0.043654483
v -0.06549458 -0.011269768 0.04299784
v -0.080556035 -0.011269657 0.02935837
v -0.081154495 -0.011269657 0.027479185
v -0.059036743 -0.013407227 0.027479185
v -0.05875738 -0.017529098 0.025750196
v -0.081154495 -0.01752777 0.02577708
v -0.081154495 -0.013401603 0.027479185
v -0.05926165 -0.011269661 0.027479185
v -0.081154495 -0.011269657 0.027479185
v -0.058757376 -0.041439857 0.046381738
v -0.05875738 -0.024963327 0.055343814
v -0.058757376 -0.026072888 0.053083386
v -0.05875738 -0.017529098 0.025750196
v -0.060307845 -0.022300111 0.04899248
v -0.060307845 -0.023305777 0.04850922
v -0.060307845 -0.024961883 0.05534418
v -0.060307845 -0.022936255 0.055996392
v -0.06030784 9.825394E-09 0.055996392
v -0.06030784 9.825394E-09 0.04899248
v -0.060307845 -0.022300111 0.04899248
v -0.06520297 -0.023267776 0.048373017
v -0.060307845 -0.023305777 0.04850922
v -0.06520297 -0.0222825 0.048852187
v -0.06030784 9.825394E-09 0.04899248
v -0.06520296 1.06229106E-08 0.048852187
v -0.06520297 -0.0222825 0.048852187
v -0.06520297 -0.024957988 0.055345163
v -0.06520297 -0.023267776 0.048373017
v -0.06520297 -0.022932261 0.055996783
v -0.06520296 1.06229106E-08 0.055996783
v -0.06520296 1.06229106E-08 0.048852187
v -0.06520297 -0.022932261 0.055996783
v -0.060307845 -0.024961883 0.05534418
v -0.06520297 -0.024957988 0.055345163
v -0.060307845 -0.022936255 0.055996392
v -0.06520296 1.06229106E-08 0.055996783
v -0.06030784 9.825394E-09 0.055996392
v -0.081154495 -0.018187983 0.028409515
v -0.081154495 -0.01752777 0.02577708
v -0.05875738 -0.017529098 0.025750196
v -0.06520297 -0.023267776 0.048373017
v -0.06685543 -0.024956472 0.055345535
v -0.06520297 -0.024957988 0.055345163
v -0.060307845 -0.023305777 0.04850922
v -0.05875738 -0.024963327 0.055343814
v -0.060307845 -0.024961883 0.05534418
v -0.05357734 -0.011224097 0.010924294
v -0.05357734 -0.011224097 0
v -0.053577345 -0.04088703 0.010924294
v -0.05357735 -0.049832147 0
v -0.05357735 -0.04989791 0.012988465
v -0.05357735 -0.04524966 0.014834377
v -0.058757383 -0.08688298 0
v -0.05875738 -0.04989791 0.012988465
v -0.05875738 -0.049832147 0
v -0.058757383 -0.08688295 0.014504343
v -0.05875738 -0.06452416 0.03382549
v -0.058757376 -0.04126919 0.016390426
v -0.058757376 -0.041439857 0.046381738
v -0.05875738 -0.04989791 0.012988465
v -0.05357735 -0.04989791 0.012988465
v -0.05357735 -0.049832147 0
v -0.05875738 -0.049832147 0
v -0.05875738 -0.04989791 0.012988465
v -0.058757376 -0.04126919 0.016390426
v -0.05357735 -0.04524966 0.014834377
v -0.05357735 -0.04989791 0.012988465
v -0.06808969 -0.064517304 -0.03382722
v -0.06520297 -0.024957988 -0.055345163
v -0.06685543 -0.024956472 -0.055345535
v -0.060307845 -0.024961883 -0.05534418
v -0.05875738 -0.06452416 -0.03382549
v -0.06663228 -0.0868546 -0.014454583
v -0.058757383 -0.08688295 -0.014504343
v -0.058757376 -0.041439857 -0.046381738
v -0.05875738 -0.024963327 -0.055343814
v -0.058757383 -0.08688295 -0.014504343
v -0.06663228 -0.0868546 -0.014454583
v -0.06663641 -0.086854376 0
v -0.058757383 -0.08688298 0
v -0.055027194 -0.011269661 -0.053545672
v -0.05188748 -0.0112696625 -0.054898728
v -0.05573278 -0.011269661 -0.054898728
v -0.05841116 -0.011269661 -0.054631986
v -0.05733051 -0.011269661 -0.051348977
v -0.06044768 -0.011269661 -0.0522392
v -0.058968313 -0.011269661 -0.04798429
v -0.06068967 -0.011269661 -0.04798429
v -0.06068967 -0.011269661 -0.04438627
v -0.05926165 -0.011269661 -0.027479185
v -0.061555132 -0.011269661 -0.043654483
v -0.06549458 -0.011269768 -0.04299784
v -0.080556035 -0.011269657 -0.02935837
v -0.081154495 -0.011269657 -0.027479185
v -0.059036743 -0.013407227 -0.027479185
v -0.081154495 -0.01752777 -0.02577708
v -0.05875738 -0.017529098 -0.025750196
v -0.081154495 -0.013401603 -0.027479185
v -0.05926165 -0.011269661 -0.027479185
v -0.081154495 -0.011269657 -0.027479185
v -0.058757376 -0.041439857 -0.046381738
v -0.058757376 -0.026072888 -0.053083386
v -0.05875738 -0.024963327 -0.055343814
v -0.05875738 -0.017529098 -0.025750196
v -0.060307845 -0.022300111 -0.04899248
v -0.060307845 -0.024961883 -0.05534418
v -0.060307845 -0.023305777 -0.04850922
v -0.060307845 -0.022936255 -0.055996392
v -0.06030784 9.825394E-09 -0.055996392
v -0.06030784 9.825394E-09 -0.04899248
v -0.060307845 -0.022300111 -0.04899248
v -0.060307845 -0.023305777 -0.04850922
v -0.06520297 -0.023267776 -0.048373017
v -0.06520297 -0.0222825 -0.048852187
v -0.06030784 9.825394E-09 -0.04899248
v -0.06520296 1.06229106E-08 -0.048852187
v -0.06520297 -0.0222825 -0.048852187
v -0.06520297 -0.023267776 -0.048373017
v -0.06520297 -0.024957988 -0.055345163
v -0.06520297 -0.022932261 -0.055996783
v -0.06520296 1.06229106E-08 -0.055996783
v -0.06520296 1.06229106E-08 -0.048852187
v -0.06520297 -0.022932261 -0.055996783
v -0.06520297 -0.024957988 -0.055345163
v -0.060307845 -0.024961883 -0.05534418
v -0.060307845 -0.022936255 -0.055996392
v -0.06520296 1.06229106E-08 -0.055996783
v -0.06030784 9.825394E-09 -0.055996392
v -0.081154495 -0.018187983 -0.028409515
v -0.05875738 -0.017529098 -0.025750196
v -0.081154495 -0.01752777 -0.02577708
v -0.06520297 -0.023267776 -0.048373017
v -0.06685543 -0.024956472 -0.055345535
v -0.06520297 -0.024957988 -0.055345163
v -0.060307845 -0.023305777 -0.04850922
v -0.05875738 -0.024963327 -0.055343814
v -0.060307845 -0.024961883 -0.05534418
v -0.05357734 -0.011224097 -0.010924294
v -0.053577345 -0.04088703 -0.010924294
v -0.05357734 -0.011224097 0
v -0.05357735 -0.049832147 0
v -0.05357735 -0.04989791 -0.012988465
v -0.05357735 -0.04524966 -0.014834377
v -0.058757383 -0.08688298 0
v -0.05875738 -0.049832147 0
v -0.05875738 -0.04989791 -0.012988465
v -0.058757383 -0.08688295 -0.014504343
v -0.05875738 -0.06452416 -0.03382549
v -0.058757376 -0.04126919 -0.016390426
v -0.058757376 -0.041439857 -0.046381738
v -0.05875738 -0.04989791 -0.012988465
v -0.05875738 -0.049832147 0
v -0.05357735 -0.049832147 0
v -0.05357735 -0.04989791 -0.012988465
v -0.05875738 -0.04989791 -0.012988465
v -0.05357735 -0.04989791 -0.012988465
v -0.05357735 -0.04524966 -0.014834377
v -0.058757376 -0.04126919 -0.016390426
v -0.068089664 0.06451732 0.03382722
v -0.06520295 0.024958007 0.055345163
v -0.06685542 0.024956495 0.055345535
v -0.060307834 0.024961902 0.05534418
v -0.05875736 0.064524174 0.03382549
v -0.06663225 0.086854614 0.014454583
v -0.058757357 0.08688297 0.014504343
v -0.058757365 0.041439876 0.046381738
v -0.058757372 0.024963345 0.055343814
v -0.058757357 0.08688297 0.014504343
v -0.06663225 0.086854614 0.014454583
v -0.06663638 0.0868544 0
v -0.058757357 0.086883 0
v -0.055027194 0.01126968 0.053545672
v -0.05188748 0.011269678 0.054898728
v -0.05573278 0.01126968 0.054898728
v -0.05841116 0.01126968 0.054631986
v -0.05733051 0.01126968 0.051348977
v -0.06044768 0.01126968 0.0522392
v -0.058968313 0.01126968 0.04798429
v -0.06068967 0.01126968 0.04798429
v -0.06068967 0.01126968 0.04438627
v -0.05926165 0.01126968 0.027479185
v -0.061555132 0.01126968 0.043654483
v -0.06549458 0.01126979 0.04299784
v -0.080556035 0.011269684 0.02935837
v -0.081154495 0.011269684 0.027479185
v -0.059036743 0.013407245 0.027479185
v -0.081154495 0.017527796 0.02577708
v -0.058757372 0.017529117 0.025750196
v -0.081154495 0.013401629 0.027479185
v -0.05926165 0.01126968 0.027479185
v -0.081154495 0.011269684 0.027479185
v -0.058757365 0.041439876 0.046381738
v -0.058757365 0.026072906 0.053083386
v -0.058757372 0.024963345 0.055343814
v -0.058757372 0.017529117 0.025750196
v -0.060307834 0.022300132 0.04899248
v -0.060307834 0.024961902 0.05534418
v -0.060307834 0.023305798 0.04850922
v -0.060307834 0.022936275 0.055996392
v -0.06030784 9.825394E-09 0.055996392
v -0.06030784 9.825394E-09 0.04899248
v -0.060307834 0.022300132 0.04899248
v -0.060307834 0.023305798 0.04850922
v -0.06520295 0.023267796 0.048373017
v -0.06520295 0.022282518 0.048852187
v -0.06030784 9.825394E-09 0.04899248
v -0.06520296 1.06229106E-08 0.048852187
v -0.06520295 0.022282518 0.048852187
v -0.06520295 0.023267796 0.048373017
v -0.06520295 0.024958007 0.055345163
v -0.06520295 0.022932282 0.055996783
v -0.06520296 1.06229106E-08 0.055996783
v -0.06520296 1.06229106E-08 0.048852187
v -0.06520295 0.022932282 0.055996783
v -0.06520295 0.024958007 0.055345163
v -0.060307834 0.024961902 0.05534418
v -0.060307834 0.022936275 0.055996392
v -0.06520296 1.06229106E-08 0.055996783
v -0.06030784 9.825394E-09 0.055996392
v -0.081154495 0.018188009 0.028409515
v -0.058757372 0.017529117 0.025750196
v -0.081154495 0.017527796 0.02577708
v -0.06520295 0.023267796 0.048373017
v -0.06685542 0.024956495 0.055345535
v -0.06520295 0.024958007 0.055345163
v -0.060307834 0.023305798 0.04850922
v -0.058757372 0.024963345 0.055343814
v -0.060307834 0.024961902 0.05534418
v -0.05357734 0.011224113 0.010924294
v -0.053577337 0.04088705 0.010924294
v -0.05357734 0.011224113 0
v -0.05357733 0.049832165 0
v -0.05357733 0.049897928 0.012988465
v -0.05357733 0.045249682 0.014834377
v -0.058757357 0.086883 0
v -0.05875736 0.049832165 0
v -0.05875736 0.049897928 0.012988465
v -0.058757357 0.08688297 0.014504343
v -0.05875736 0.064524174 0.03382549
v -0.058757365 0.04126921 0.016390426
v -0.058757365 0.041439876 0.046381738
v -0.05875736 0.049897928 0.012988465
v -0.05875736 0.049832165 0
v -0.05357733 0.049832165 0
v -0.05357733 0.049897928 0.012988465
v -0.05875736 0.049897928 0.012988465
v -0.05357733 0.049897928 0.012988465
v -0.05357733 0.045249682 0.014834377
v -0.058757365 0.04126921 0.016390426
v -0.068089664 0.06451732 -0.03382722
v -0.06685542 0.024956495 -0.055345535
v -0.06520295 0.024958007 -0.055345163
v -0.060307834 0.024961902 -0.05534418
v -0.05875736 0.064524174 -0.03382549
v -0.06663225 0.086854614 -0.014454583
v -0.058757357 0.08688297 -0.014504343
v -0.058757365 0.041439876 -0.046381738
v -0.058757372 0.024963345 -0.055343814
v -0.058757357 0.08688297 -0.014504343
v -0.058757357 0.086883 0
v -0.06663638 0.0868544 0
v -0.06663225 0.086854614 -0.014454583
v -0.055027194 0.01126968 -0.053545672
v -0.05573278 0.01126968 -0.054898728
v -0.05188748 0.011269678 -0.054898728
v -0.05841116 0.01126968 -0.054631986
v -0.05733051 0.01126968 -0.051348977
v -0.06044768 0.01126968 -0.0522392
v -0.058968313 0.01126968 -0.04798429
v -0.06068967 0.01126968 -0.04798429
v -0.06068967 0.01126968 -0.04438627
v -0.05926165 0.01126968 -0.027479185
v -0.061555132 0.01126968 -0.043654483
v -0.06549458 0.01126979 -0.04299784
v -0.080556035 0.011269684 -0.02935837
v -0.081154495 0.011269684 -0.027479185
v -0.059036743 0.013407245 -0.027479185
v -0.058757372 0.017529117 -0.025750196
v -0.081154495 0.017527796 -0.02577708
v -0.081154495 0.013401629 -0.027479185
v -0.05926165 0.01126968 -0.027479185
v -0.081154495 0.011269684 -0.027479185
v -0.058757365 0.041439876 -0.046381738
v -0.058757372 0.024963345 -0.055343814
v -0.058757365 0.026072906 -0.053083386
v -0.058757372 0.017529117 -0.025750196
v -0.060307834 0.022300132 -0.04899248
v -0.060307834 0.023305798 -0.04850922
v -0.060307834 0.024961902 -0.05534418
v -0.060307834 0.022936275 -0.055996392
v -0.06030784 9.825394E-09 -0.055996392
v -0.06030784 9.825394E-09 -0.04899248
v -0.060307834 0.022300132 -0.04899248
v -0.06520295 0.023267796 -0.048373017
v -0.060307834 0.023305798 -0.04850922
v -0.06520295 0.022282518 -0.048852187
v -0.06030784 9.825394E-09 -0.04899248
v -0.06520296 1.06229106E-08 -0.048852187
v -0.06520295 0.022282518 -0.048852187
v -0.06520295 0.024958007 -0.055345163
v -0.06520295 0.023267796 -0.048373017
v -0.06520295 0.022932282 -0.055996783
v -0.06520296 1.06229106E-08 -0.055996783
v -0.06520296 1.06229106E-08 -0.048852187
v -0.06520295 0.022932282 -0.055996783
v -0.060307834 0.024961902 -0.05534418
v -0.06520295 0.024958007 -0.055345163
v -0.060307834 0.022936275 -0.055996392
v -0.06520296 1.06229106E-08 -0.055996783
v -0.06030784 9.825394E-09 -0.055996392
v -0.081154495 0.018188009 -0.028409515
v -0.081154495 0.017527796 -0.02577708
v -0.058757372 0.017529117 -0.025750196
v -0.06520295 0.023267796 -0.048373017
v -0.06685542 0.024956495 -0.055345535
v -0.06520295 0.024958007 -0.055345163
v -0.060307834 0.023305798 -0.04850922
v -0.058757372 0.024963345 -0.055343814
v -0.060307834 0.024961902 -0.05534418
v -0.05357734 0.011224113 -0.010924294
v -0.05357734 0.011224113 0
v -0.053577337 0.04088705 -0.010924294
v -0.05357733 0.049832165 0
v -0.05357733 0.049897928 -0.012988465
v -0.05357733 0.045249682 -0.014834377
v -0.058757357 0.086883 0
v -0.05875736 0.049897928 -0.012988465
v -0.05875736 0.049832165 0
v -0.058757357 0.08688297 -0.014504343
v -0.05875736 0.064524174 -0.03382549
v -0.058757365 0.04126921 -0.016390426
v -0.058757365 0.041439876 -0.046381738
v -0.05875736 0.049897928 -0.012988465
v -0.05357733 0.049897928 -0.012988465
v -0.05357733 0.049832165 0
v -0.05875736 0.049832165 0
v -0.05875736 0.049897928 -0.012988465
v -0.058757365 0.04126921 -0.016390426
v -0.05357733 0.045249682 -0.014834377
v -0.05357733 0.049897928 -0.012988465
v -0.031844784 -0.02468249 0.070880204
v -0.021664312 -0.024564082 0.054898728
v -0.021664312 -0.024577202 0.070880204
v -0.051887482 -0.02452452 0.054898728
v -0.058161248 -0.024808338 0.055935763
v -0.05872654 -0.02471969 0.054184172
v -0.055027198 -0.024524441 0.053644855
v -0.05757368 -0.024524394 0.051726386
v -0.058968317 -0.024485672 0.048418224
v -0.03169048 -0.026275512 0.070880204
v -0.058161248 -0.024808338 0.055935763
v -0.031844784 -0.02468249 0.070880204
v -0.058161248 -0.04141938 0.055935763
v -0.05872654 -0.02471969 0.054184172
v -0.058757376 -0.0417764 0.054184172
v -0.054800883 -0.0453651 0.054184172
v -0.053975563 -0.044788692 0.055935763
v -0.021664314 -0.045365103 0.054184172
v -0.03004785 -0.027427498 0.070880204
v -0.021664314 -0.0447887 0.055935763
v -0.021664312 -0.02716841 0.070880204
v -0.021664312 -0.024577202 0.070880204
v -0.021664312 -0.02716841 0.070880204
v -0.03004785 -0.027427498 0.070880204
v -0.031844784 -0.02468249 0.070880204
v -0.03169048 -0.026275512 0.070880204
v -0.05490099 -0.0453651 0.0133098895
v -0.047160957 -0.0453651 0.02016216
v -0.048594475 -0.0453651 0.0133098895
v -0.054800883 -0.0453651 0.054184172
v -0.041872695 -0.045365103 0.029226528
v -0.037199285 -0.045365103 0.03432504
v -0.03022272 -0.045365103 0.03997024
v -0.021664314 -0.045365103 0.054184172
v -0.021664314 -0.045365103 0.042963494
v -0.058723476 -0.041910533 0.044207837
v -0.058623374 -0.042306345 0.014767958
v -0.058757376 -0.0417764 0.054184172
v -0.05872654 -0.02471969 0.054184172
v -0.021664314 -0.042353548 0.042970575
v -0.03022272 -0.045365103 0.03997024
v -0.021664314 -0.045365103 0.042963494
v -0.03022272 -0.042353548 0.03997024
v -0.037199285 -0.045365103 0.03432504
v -0.037199285 -0.042353548 0.03432504
v -0.041872695 -0.045365103 0.029226528
v -0.04187269 -0.042353548 0.029226528
v -0.047160957 -0.0453651 0.02016216
v -0.047160953 -0.042353544 0.02016216
v -0.048594467 -0.042353544 0.0133098895
v -0.048594475 -0.0453651 0.0133098895
v -0.048594475 -0.04516508 0.010096922
v -0.048594467 -0.042353544 0.010096922
v -0.04923053 -0.04692482 0.010096922
v -0.04923053 -0.04692482 0.0133098895
v -0.021664314 -0.03880358 0.038508117
v -0.03022272 -0.042353548 0.03997024
v -0.021664314 -0.042353548 0.042970575
v -0.027980935 -0.038803577 0.0355237
v -0.037199285 -0.042353548 0.03432504
v -0.03400586 -0.038803577 0.031024221
v -0.04187269 -0.042353548 0.029226528
v -0.03846945 -0.038803577 0.02612858
v -0.04224668 -0.038803577 0.018802289
v -0.047160953 -0.042353544 0.02016216
v -0.048594467 -0.042353544 0.0133098895
v -0.043614138 -0.038803577 0.010096922
v -0.048594467 -0.042353544 0.010096922
v -0.029556446 -0.014313619 0.043919913
v -0.021664308 -0.01431362 0.043919913
v -0.021664308 -0.01431362 0.054898728
v -0.029556446 -0.014313619 0.054898728
v -0.04923053 -0.04692482 0.0133098895
v -0.05490099 -0.04707457 0.0133098895
v -0.05490099 -0.0453651 0.0133098895
v -0.048594475 -0.0453651 0.0133098895
v -0.04923053 -0.04692482 0.010096922
v -0.05490099 -0.04707457 0.010096922
v -0.05490099 -0.04707457 0.0133098895
v -0.04923053 -0.04692482 0.0133098895
v -0.0550294 -0.011269661 0.010096922
v -0.047382325 -0.011269663 0.010096922
v -0.047382336 -0.011269663 0
v -0.055054195 -0.011269661 0
v -0.055782054 -0.004080646 0.054898728
v -0.05700601 -0.0040806457 0.052433506
v -0.05550774 -0.004080646 0.053729247
v -0.05835087 -0.0040806457 0.054631986
v -0.060399283 -0.0040806453 0.052275103
v -0.058321208 -0.0040806457 0.050360408
v -0.060641263 -0.0040806453 0.04798429
v -0.058965642 -0.0040806457 0.048317924
v -0.021664312 -0.02716841 0.070880204
v -0.021664312 -0.024577202 0.070880204
v -0.021664312 -0.024564082 0.054898728
v -0.021664314 -0.0447887 0.055935763
v -0.021664314 -0.045365103 0.054184172
v -0.021664314 -0.042353548 0.042970575
v -0.021664314 -0.045365103 0.042963494
v -0.021664308 -0.01431362 0.043919913
v -0.021664308 -0.01431362 0.054898728
v -0.021664314 -0.03880358 0.038508117
v -0.0216643 0.038803585 0.038508117
v -0.021664305 0.014313627 0.043919913
v -0.0216643 0.04235356 0.042970575
v -0.021664303 0.024564087 0.054898728
v -0.021664305 0.014313627 0.054898728
v -0.0216643 0.045365114 0.054184172
v -0.0216643 0.045365114 0.042963494
v -0.0216643 0.044788707 0.055935763
v -0.021664303 0.027168414 0.070880204
v -0.021664303 0.024577208 0.070880204
v -0.029556446 -0.014313619 0.054898728
v -0.021664308 -0.01431362 0.054898728
v -0.021664312 -0.024564082 0.054898728
v -0.051887482 -0.02452452 0.054898728
v -0.05188748 -0.0112696625 0.054898728
v -0.055027198 -0.024524441 0.053644855
v -0.02955644 0.014313628 0.054898728
v -0.055027194 -0.011269661 0.053545672
v -0.05757368 -0.024524394 0.051726386
v -0.05733051 -0.011269661 0.051348977
v -0.058968317 -0.024485672 0.048418224
v -0.058968313 -0.011269661 0.04798429
v -0.059036743 -0.013407227 0.027479185
v -0.05926165 -0.011269661 0.027479185
v -0.05875738 -0.017529098 0.025750196
v -0.05188748 0.011269678 0.054898728
v -0.055782054 -0.004080646 0.054898728
v -0.05573278 -0.011269661 0.054898728
v -0.05841116 -0.011269661 0.054631986
v -0.05835087 -0.0040806457 0.054631986
v -0.06044768 -0.011269661 0.0522392
v -0.060399283 -0.0040806453 0.052275103
v -0.06068967 -0.011269661 0.04798429
v -0.060641263 -0.0040806453 0.04798429
v -0.06068967 -0.011269661 0.04438627
v -0.060641263 0.004080665 0.04798429
v -0.055782054 0.004080664 0.054898728
v -0.06068967 0.01126968 0.04438627
v -0.061555132 -0.011269661 0.043654483
v -0.06068967 0.01126968 0.04798429
v -0.061555132 0.01126968 0.043654483
v -0.06549458 -0.011269768 0.04299784
v -0.06549458 0.01126979 0.04299784
v -0.060399283 0.004080665 0.052275103
v -0.06044768 0.01126968 0.0522392
v -0.05835087 0.004080665 0.054631986
v -0.05841116 0.01126968 0.054631986
v -0.05573278 0.01126968 0.054898728
v -0.055027194 0.01126968 0.053545672
v -0.055027187 0.02452446 0.053644855
v -0.05188747 0.024524538 0.054898728
v -0.05757367 0.024524415 0.051726386
v -0.021664303 0.024564087 0.054898728
v -0.021664305 0.014313627 0.054898728
v -0.05733051 0.01126968 0.051348977
v -0.05896831 0.02448569 0.048418224
v -0.058968313 0.01126968 0.04798429
v -0.059036743 0.013407245 0.027479185
v -0.05926165 0.01126968 0.027479185
v -0.058757372 0.017529117 0.025750196
v -0.05490099 -0.04707457 0.010096922
v -0.04923053 -0.04692482 0.010096922
v -0.048594475 -0.04516508 0.010096922
v -0.048594467 -0.042353544 0.010096922
v -0.0550294 -0.011269661 0.010096922
v -0.043614138 -0.038803577 0.010096922
v -0.047382325 -0.011269663 0.010096922
v -0.047382325 0.011269677 0.010096922
v -0.04361413 0.038803592 0.010096922
v -0.0550294 0.01126968 0.010096922
v -0.04859446 0.042353563 0.010096922
v -0.05490097 0.04707459 0.010096922
v -0.048594456 0.0451651 0.010096922
v -0.049230512 0.046924837 0.010096922
v -0.029556446 -0.014313619 0.043919913
v -0.02955644 0.014313628 0.043919913
v -0.021664305 0.014313627 0.043919913
v -0.021664308 -0.01431362 0.043919913
v -0.029556446 -0.014313619 0.054898728
v -0.02955644 0.014313628 0.054898728
v -0.02955644 0.014313628 0.043919913
v -0.029556446 -0.014313619 0.043919913
v -0.047382336 -0.011269663 0
v -0.047382325 -0.011269663 0.010096922
v -0.047382325 0.011269677 0.010096922
v -0.047382336 0.011269677 0
v -0.021664314 -0.03880358 0.038508117
v -0.0216643 0.038803585 0.038508117
v -0.02798092 0.03880359 0.0355237
v -0.027980935 -0.038803577 0.0355237
v -0.034005847 0.03880359 0.031024221
v -0.03400586 -0.038803577 0.031024221
v -0.038469434 0.038803592 0.02612858
v -0.03846945 -0.038803577 0.02612858
v -0.04224667 0.038803592 0.018802289
v -0.04224668 -0.038803577 0.018802289
v -0.04361413 0.038803592 0.010096922
v -0.043614138 -0.038803577 0.010096922
v -0.055782054 0.004080664 0.054898728
v -0.055782054 -0.004080646 0.054898728
v -0.05550774 -0.004080646 0.053729247
v -0.05550774 0.004080664 0.053729247
v -0.05550774 0.004080664 0.053729247
v -0.05550774 -0.004080646 0.053729247
v -0.05700601 -0.0040806457 0.052433506
v -0.05700601 0.0040806644 0.052433506
v -0.058321208 -0.0040806457 0.050360408
v -0.058321208 0.004080665 0.050360408
v -0.058965642 -0.0040806457 0.048317924
v -0.058965642 0.004080665 0.048317924
v -0.058965642 0.004080665 0.048317924
v -0.058965642 -0.0040806457 0.048317924
v -0.060641263 -0.0040806453 0.04798429
v -0.060641263 0.004080665 0.04798429
v -0.031844776 0.0246825 0.070880204
v -0.021664303 0.024577208 0.070880204
v -0.021664303 0.024564087 0.054898728
v -0.05188747 0.024524538 0.054898728
v -0.05816124 0.024808357 0.055935763
v -0.058726534 0.02471971 0.054184172
v -0.055027187 0.02452446 0.053644855
v -0.05757367 0.024524415 0.051726386
v -0.05896831 0.02448569 0.048418224
v -0.031690467 0.026275523 0.070880204
v -0.031844776 0.0246825 0.070880204
v -0.05816124 0.024808357 0.055935763
v -0.05816124 0.0414194 0.055935763
v -0.058726534 0.02471971 0.054184172
v -0.058757365 0.04177642 0.054184172
v -0.05480086 0.045365117 0.054184172
v -0.05397554 0.04478871 0.055935763
v -0.0216643 0.045365114 0.054184172
v -0.03004784 0.027427508 0.070880204
v -0.0216643 0.044788707 0.055935763
v -0.021664303 0.027168414 0.070880204
v -0.021664303 0.024577208 0.070880204
v -0.03004784 0.027427508 0.070880204
v -0.021664303 0.027168414 0.070880204
v -0.031844776 0.0246825 0.070880204
v -0.031690467 0.026275523 0.070880204
v -0.05490097 0.045365117 0.0133098895
v -0.048594456 0.045365117 0.0133098895
v -0.04716094 0.045365117 0.02016216
v -0.05480086 0.045365117 0.054184172
v -0.041872676 0.045365114 0.029226528
v -0.03719927 0.045365114 0.03432504
v -0.030222706 0.045365114 0.03997024
v -0.0216643 0.045365114 0.054184172
v -0.0216643 0.045365114 0.042963494
v -0.05872347 0.04191055 0.044207837
v -0.058623366 0.042306364 0.014767958
v -0.058757365 0.04177642 0.054184172
v -0.058726534 0.02471971 0.054184172
v -0.0216643 0.04235356 0.042970575
v -0.0216643 0.045365114 0.042963494
v -0.030222706 0.045365114 0.03997024
v -0.030222706 0.04235356 0.03997024
v -0.03719927 0.045365114 0.03432504
v -0.03719927 0.04235356 0.03432504
v -0.041872676 0.045365114 0.029226528
v -0.04187268 0.04235356 0.029226528
v -0.04716094 0.045365117 0.02016216
v -0.047160942 0.042353563 0.02016216
v -0.04859446 0.042353563 0.0133098895
v -0.048594456 0.045365117 0.0133098895
v -0.048594456 0.0451651 0.010096922
v -0.04859446 0.042353563 0.010096922
v -0.049230512 0.046924837 0.010096922
v -0.049230512 0.046924837 0.0133098895
v -0.0216643 0.038803585 0.038508117
v -0.0216643 0.04235356 0.042970575
v -0.030222706 0.04235356 0.03997024
v -0.02798092 0.03880359 0.0355237
v -0.03719927 0.04235356 0.03432504
v -0.034005847 0.03880359 0.031024221
v -0.04187268 0.04235356 0.029226528
v -0.038469434 0.038803592 0.02612858
v -0.04224667 0.038803592 0.018802289
v -0.047160942 0.042353563 0.02016216
v -0.04859446 0.042353563 0.0133098895
v -0.04361413 0.038803592 0.010096922
v -0.04859446 0.042353563 0.010096922
v -0.02955644 0.014313628 0.043919913
v -0.02955644 0.014313628 0.054898728
v -0.021664305 0.014313627 0.054898728
v -0.021664305 0.014313627 0.043919913
v -0.049230512 0.046924837 0.0133098895
v -0.048594456 0.045365117 0.0133098895
v -0.05490097 0.045365117 0.0133098895
v -0.05490097 0.04707459 0.0133098895
v -0.049230512 0.046924837 0.010096922
v -0.049230512 0.046924837 0.0133098895
v -0.05490097 0.04707459 0.0133098895
v -0.05490097 0.04707459 0.010096922
v -0.0550294 0.01126968 0.010096922
v -0.047382336 0.011269677 0
v -0.047382325 0.011269677 0.010096922
v -0.055054195 0.01126968 0
v -0.055782054 0.004080664 0.054898728
v -0.05550774 0.004080664 0.053729247
v -0.05700601 0.0040806644 0.052433506
v -0.05835087 0.004080665 0.054631986
v -0.060399283 0.004080665 0.052275103
v -0.058321208 0.004080665 0.050360408
v -0.060641263 0.004080665 0.04798429
v -0.058965642 0.004080665 0.048317924
v -0.031844784 -0.02468249 -0.070880204
v -0.021664312 -0.024577202 -0.070880204
v -0.021664312 -0.024564082 -0.054898728
v -0.051887482 -0.02452452 -0.054898728
v -0.058161248 -0.024808338 -0.055935763
v -0.05872654 -0.02471969 -0.054184172
v -0.055027198 -0.024524441 -0.053644855
v -0.05757368 -0.024524394 -0.051726386
v -0.058968317 -0.024485672 -0.048418224
v -0.03169048 -0.026275512 -0.070880204
v -0.031844784 -0.02468249 -0.070880204
v -0.058161248 -0.024808338 -0.055935763
v -0.058161248 -0.04141938 -0.055935763
v -0.05872654 -0.02471969 -0.054184172
v -0.058757376 -0.0417764 -0.054184172
v -0.054800883 -0.0453651 -0.054184172
v -0.053975563 -0.044788692 -0.055935763
v -0.021664314 -0.045365103 -0.054184172
v -0.03004785 -0.027427498 -0.070880204
v -0.021664314 -0.0447887 -0.055935763
v -0.021664312 -0.02716841 -0.070880204
v -0.021664312 -0.024577202 -0.070880204
v -0.03004785 -0.027427498 -0.070880204
v -0.021664312 -0.02716841 -0.070880204
v -0.031844784 -0.02468249 -0.070880204
v -0.03169048 -0.026275512 -0.070880204
v -0.05490099 -0.0453651 -0.0133098895
v -0.048594475 -0.0453651 -0.0133098895
v -0.047160957 -0.0453651 -0.02016216
v -0.054800883 -0.0453651 -0.054184172
v -0.041872695 -0.045365103 -0.029226528
v -0.037199285 -0.045365103 -0.03432504
v -0.03022272 -0.045365103 -0.03997024
v -0.021664314 -0.045365103 -0.054184172
v -0.021664314 -0.045365103 -0.042963494
v -0.058723476 -0.041910533 -0.044207837
v -0.058623374 -0.042306345 -0.014767958
v -0.058757376 -0.0417764 -0.054184172
v -0.05872654 -0.02471969 -0.054184172
v -0.021664314 -0.042353548 -0.042970575
v -0.021664314 -0.045365103 -0.042963494
v -0.03022272 -0.045365103 -0.03997024
v -0.03022272 -0.042353548 -0.03997024
v -0.037199285 -0.045365103 -0.03432504
v -0.037199285 -0.042353548 -0.03432504
v -0.041872695 -0.045365103 -0.029226528
v -0.04187269 -0.042353548 -0.029226528
v -0.047160957 -0.0453651 -0.02016216
v -0.047160953 -0.042353544 -0.02016216
v -0.048594467 -0.042353544 -0.0133098895
v -0.048594475 -0.0453651 -0.0133098895
v -0.048594475 -0.04516508 -0.010096922
v -0.048594467 -0.042353544 -0.010096922
v -0.04923053 -0.04692482 -0.010096922
v -0.04923053 -0.04692482 -0.0133098895
v -0.021664314 -0.03880358 -0.038508117
v -0.021664314 -0.042353548 -0.042970575
v -0.03022272 -0.042353548 -0.03997024
v -0.027980935 -0.038803577 -0.0355237
v -0.037199285 -0.042353548 -0.03432504
v -0.03400586 -0.038803577 -0.031024221
v -0.04187269 -0.042353548 -0.029226528
v -0.03846945 -0.038803577 -0.02612858
v -0.04224668 -0.038803577 -0.018802289
v -0.047160953 -0.042353544 -0.02016216
v -0.048594467 -0.042353544 -0.0133098895
v -0.043614138 -0.038803577 -0.010096922
v -0.048594467 -0.042353544 -0.010096922
v -0.029556446 -0.014313619 -0.043919913
v -0.029556446 -0.014313619 -0.054898728
v -0.021664308 -0.01431362 -0.054898728
v -0.021664308 -0.01431362 -0.043919913
v -0.04923053 -0.04692482 -0.0133098895
v -0.048594475 -0.0453651 -0.0133098895
v -0.05490099 -0.0453651 -0.0133098895
v -0.05490099 -0.04707457 -0.0133098895
v -0.04923053 -0.04692482 -0.010096922
v -0.04923053 -0.04692482 -0.0133098895
v -0.05490099 -0.04707457 -0.0133098895
v -0.05490099 -0.04707457 -0.010096922
v -0.0550294 -0.011269661 -0.010096922
v -0.047382336 -0.011269663 0
v -0.047382325 -0.011269663 -0.010096922
v -0.055054195 -0.011269661 0
v -0.055782054 -0.004080646 -0.054898728
v -0.05550774 -0.004080646 -0.053729247
v -0.05700601 -0.0040806457 -0.052433506
v -0.05835087 -0.0040806457 -0.054631986
v -0.060399283 -0.0040806453 -0.052275103
v -0.058321208 -0.0040806457 -0.050360408
v -0.060641263 -0.0040806453 -0.04798429
v -0.058965642 -0.0040806457 -0.048317924
v -0.021664312 -0.02716841 -0.070880204
v -0.021664312 -0.024564082 -0.054898728
v -0.021664312 -0.024577202 -0.070880204
v -0.021664314 -0.0447887 -0.055935763
v -0.021664314 -0.045365103 -0.054184172
v -0.021664314 -0.042353548 -0.042970575
v -0.021664314 -0.045365103 -0.042963494
v -0.021664308 -0.01431362 -0.043919913
v -0.021664308 -0.01431362 -0.054898728
v -0.021664314 -0.03880358 -0.038508117
v -0.0216643 0.038803585 -0.038508117
v -0.021664305 0.014313627 -0.043919913
v -0.0216643 0.04235356 -0.042970575
v -0.021664303 0.024564087 -0.054898728
v -0.021664305 0.014313627 -0.054898728
v -0.0216643 0.045365114 -0.054184172
v -0.0216643 0.045365114 -0.042963494
v -0.0216643 0.044788707 -0.055935763
v -0.021664303 0.027168414 -0.070880204
v -0.021664303 0.024577208 -0.070880204
v -0.029556446 -0.014313619 -0.054898728
v -0.021664312 -0.024564082 -0.054898728
v -0.021664308 -0.01431362 -0.054898728
v -0.051887482 -0.02452452 -0.054898728
v -0.05188748 -0.0112696625 -0.054898728
v -0.055027198 -0.024524441 -0.053644855
v -0.02955644 0.014313628 -0.054898728
v -0.055027194 -0.011269661 -0.053545672
v -0.05757368 -0.024524394 -0.051726386
v -0.05733051 -0.011269661 -0.051348977
v -0.058968317 -0.024485672 -0.048418224
v -0.058968313 -0.011269661 -0.04798429
v -0.059036743 -0.013407227 -0.027479185
v -0.05926165 -0.011269661 -0.027479185
v -0.05875738 -0.017529098 -0.025750196
v -0.05188748 0.011269678 -0.054898728
v -0.055782054 -0.004080646 -0.054898728
v -0.05573278 -0.011269661 -0.054898728
v -0.05841116 -0.011269661 -0.054631986
v -0.05835087 -0.0040806457 -0.054631986
v -0.06044768 -0.011269661 -0.0522392
v -0.060399283 -0.0040806453 -0.052275103
v -0.06068967 -0.011269661 -0.04798429
v -0.060641263 -0.0040806453 -0.04798429
v -0.06068967 -0.011269661 -0.04438627
v -0.060641263 0.004080665 -0.04798429
v -0.055782054 0.004080664 -0.054898728
v -0.06068967 0.01126968 -0.04438627
v -0.061555132 -0.011269661 -0.043654483
v -0.06068967 0.01126968 -0.04798429
v -0.061555132 0.01126968 -0.043654483
v -0.06549458 -0.011269768 -0.04299784
v -0.06549458 0.01126979 -0.04299784
v -0.060399283 0.004080665 -0.052275103
v -0.06044768 0.01126968 -0.0522392
v -0.05835087 0.004080665 -0.054631986
v -0.05841116 0.01126968 -0.054631986
v -0.05573278 0.01126968 -0.054898728
v -0.05188747 0.024524538 -0.054898728
v -0.055027187 0.02452446 -0.053644855
v -0.055027194 0.01126968 -0.053545672
v -0.021664303 0.024564087 -0.054898728
v -0.021664305 0.014313627 -0.054898728
v -0.05757367 0.024524415 -0.051726386
v -0.05733051 0.01126968 -0.051348977
v -0.05896831 0.02448569 -0.048418224
v -0.058968313 0.01126968 -0.04798429
v -0.059036743 0.013407245 -0.027479185
v -0.05926165 0.01126968 -0.027479185
v -0.058757372 0.017529117 -0.025750196
v -0.05490099 -0.04707457 -0.010096922
v -0.048594475 -0.04516508 -0.010096922
v -0.04923053 -0.04692482 -0.010096922
v -0.048594467 -0.042353544 -0.010096922
v -0.0550294 -0.011269661 -0.010096922
v -0.043614138 -0.038803577 -0.010096922
v -0.047382325 -0.011269663 -0.010096922
v -0.047382325 0.011269677 -0.010096922
v -0.04361413 0.038803592 -0.010096922
v -0.0550294 0.01126968 -0.010096922
v -0.04859446 0.042353563 -0.010096922
v -0.05490097 0.04707459 -0.010096922
v -0.048594456 0.0451651 -0.010096922
v -0.049230512 0.046924837 -0.010096922
v -0.029556446 -0.014313619 -0.043919913
v -0.021664308 -0.01431362 -0.043919913
v -0.021664305 0.014313627 -0.043919913
v -0.02955644 0.014313628 -0.043919913
v -0.029556446 -0.014313619 -0.054898728
v -0.029556446 -0.014313619 -0.043919913
v -0.02955644 0.014313628 -0.043919913
v -0.02955644 0.014313628 -0.054898728
v -0.047382336 -0.011269663 0
v -0.047382336 0.011269677 0
v -0.047382325 0.011269677 -0.010096922
v -0.047382325 -0.011269663 -0.010096922
v -0.021664314 -0.03880358 -0.038508117
v -0.02798092 0.03880359 -0.0355237
v -0.0216643 0.038803585 -0.038508117
v -0.027980935 -0.038803577 -0.0355237
v -0.034005847 0.03880359 -0.031024221
v -0.03400586 -0.038803577 -0.031024221
v -0.038469434 0.038803592 -0.02612858
v -0.03846945 -0.038803577 -0.02612858
v -0.04224667 0.038803592 -0.018802289
v -0.04224668 -0.038803577 -0.018802289
v -0.04361413 0.038803592 -0.010096922
v -0.043614138 -0.038803577 -0.010096922
v -0.055782054 0.004080664 -0.054898728
v -0.05550774 0.004080664 -0.053729247
v -0.05550774 -0.004080646 -0.053729247
v -0.055782054 -0.004080646 -0.054898728
v -0.05550774 0.004080664 -0.053729247
v -0.05700601 -0.0040806457 -0.052433506
v -0.05550774 -0.004080646 -0.053729247
v -0.05700601 0.0040806644 -0.052433506
v -0.058321208 -0.0040806457 -0.050360408
v -0.058321208 0.004080665 -0.050360408
v -0.058965642 -0.0040806457 -0.048317924
v -0.058965642 0.004080665 -0.048317924
v -0.058965642 0.004080665 -0.048317924
v -0.060641263 0.004080665 -0.04798429
v -0.060641263 -0.0040806453 -0.04798429
v -0.058965642 -0.0040806457 -0.048317924
v -0.031844776 0.0246825 -0.070880204
v -0.021664303 0.024564087 -0.054898728
v -0.021664303 0.024577208 -0.070880204
v -0.05188747 0.024524538 -0.054898728
v -0.05816124 0.024808357 -0.055935763
v -0.058726534 0.02471971 -0.054184172
v -0.055027187 0.02452446 -0.053644855
v -0.05757367 0.024524415 -0.051726386
v -0.05896831 0.02448569 -0.048418224
v -0.031690467 0.026275523 -0.070880204
v -0.05816124 0.024808357 -0.055935763
v -0.031844776 0.0246825 -0.070880204
v -0.05816124 0.0414194 -0.055935763
v -0.058726534 0.02471971 -0.054184172
v -0.058757365 0.04177642 -0.054184172
v -0.05480086 0.045365117 -0.054184172
v -0.05397554 0.04478871 -0.055935763
v -0.0216643 0.045365114 -0.054184172
v -0.03004784 0.027427508 -0.070880204
v -0.0216643 0.044788707 -0.055935763
v -0.021664303 0.027168414 -0.070880204
v -0.021664303 0.024577208 -0.070880204
v -0.021664303 0.027168414 -0.070880204
v -0.03004784 0.027427508 -0.070880204
v -0.031844776 0.0246825 -0.070880204
v -0.031690467 0.026275523 -0.070880204
v -0.05490097 0.045365117 -0.0133098895
v -0.04716094 0.045365117 -0.02016216
v -0.048594456 0.045365117 -0.0133098895
v -0.05480086 0.045365117 -0.054184172
v -0.041872676 0.045365114 -0.029226528
v -0.03719927 0.045365114 -0.03432504
v -0.030222706 0.045365114 -0.03997024
v -0.0216643 0.045365114 -0.054184172
v -0.0216643 0.045365114 -0.042963494
v -0.05872347 0.04191055 -0.044207837
v -0.058623366 0.042306364 -0.014767958
v -0.058757365 0.04177642 -0.054184172
v -0.058726534 0.02471971 -0.054184172
v -0.0216643 0.04235356 -0.042970575
v -0.030222706 0.045365114 -0.03997024
v -0.0216643 0.045365114 -0.042963494
v -0.030222706 0.04235356 -0.03997024
v -0.03719927 0.045365114 -0.03432504
v -0.03719927 0.04235356 -0.03432504
v -0.041872676 0.045365114 -0.029226528
v -0.04187268 0.04235356 -0.029226528
v -0.04716094 0.045365117 -0.02016216
v -0.047160942 0.042353563 -0.02016216
v -0.04859446 0.042353563 -0.0133098895
v -0.048594456 0.045365117 -0.0133098895
v -0.048594456 0.0451651 -0.010096922
v -0.04859446 0.042353563 -0.010096922
v -0.049230512 0.046924837 -0.010096922
v -0.049230512 0.046924837 -0.0133098895
v -0.0216643 0.038803585 -0.038508117
v -0.030222706 0.04235356 -0.03997024
v -0.0216643 0.04235356 -0.042970575
v -0.02798092 0.03880359 -0.0355237
v -0.03719927 0.04235356 -0.03432504
v -0.034005847 0.03880359 -0.031024221
v -0.04187268 0.04235356 -0.029226528
v -0.038469434 0.038803592 -0.02612858
v -0.04224667 0.038803592 -0.018802289
v -0.047160942 0.042353563 -0.02016216
v -0.04859446 0.042353563 -0.0133098895
v -0.04361413 0.038803592 -0.010096922
v -0.04859446 0.042353563 -0.010096922
v -0.02955644 0.014313628 -0.043919913
v -0.021664305 0.014313627 -0.043919913
v -0.021664305 0.014313627 -0.054898728
v -0.02955644 0.014313628 -0.054898728
v -0.049230512 0.046924837 -0.0133098895
v -0.05490097 0.04707459 -0.0133098895
v -0.05490097 0.045365117 -0.0133098895
v -0.048594456 0.045365117 -0.0133098895
v -0.049230512 0.046924837 -0.010096922
v -0.05490097 0.04707459 -0.010096922
v -0.05490097 0.04707459 -0.0133098895
v -0.049230512 0.046924837 -0.0133098895
v -0.0550294 0.01126968 -0.010096922
v -0.047382325 0.011269677 -0.010096922
v -0.047382336 0.011269677 0
v -0.055054195 0.01126968 0
v -0.055782054 0.004080664 -0.054898728
v -0.05700601 0.0040806644 -0.052433506
v -0.05550774 0.004080664 -0.053729247
v -0.05835087 0.004080665 -0.054631986
v -0.060399283 0.004080665 -0.052275103
v -0.058321208 0.004080665 -0.050360408
v -0.060641263 0.004080665 -0.04798429
v -0.058965642 0.004080665 -0.048317924
v -0.0661034 -0.006734011 -0.05660805
v -0.065025866 -0.006734011 -0.057063956
v -0.06502249 -0.006734011 -0.058335036
v -0.06727494 -0.006734011 -0.05786167
v -0.06797531 -0.0067340103 -0.056501083
v -0.066698216 -0.006734011 -0.055625364
v -0.06806622 -0.0067340103 -0.041299976
v -0.06681163 -0.006734011 -0.04180679
v -0.068458706 -0.0067340103 -0.04031536
v -0.066103406 0.0067340326 -0.05660805
v -0.06502249 0.0067340326 -0.05833504
v -0.065025866 0.0067340326 -0.057063956
v -0.06727494 0.0067340326 -0.05786167
v -0.06797531 0.006734033 -0.056501083
v -0.066698216 0.0067340326 -0.055625364
v -0.06806622 0.006734033 -0.041299976
v -0.06681163 0.0067340326 -0.04180679
v -0.068458706 0.006734033 -0.04031536
v -0.0661034 -0.006734011 0.05660805
v -0.06502249 -0.006734011 0.058335036
v -0.065025866 -0.006734011 0.057063956
v -0.06727494 -0.006734011 0.05786167
v -0.06797531 -0.0067340103 0.056501083
v -0.066698216 -0.006734011 0.055625364
v -0.06806622 -0.0067340103 0.041299976
v -0.06681163 -0.006734011 0.04180679
v -0.068458706 -0.0067340103 0.04031536
v -0.06681163 0.0067340326 0.04180679
v -0.06681163 -0.006734011 0.04180679
v -0.066698216 -0.006734011 0.055625364
v -0.066698216 0.0067340326 0.055625364
v -0.0661034 -0.006734011 0.05660805
v -0.066103406 0.0067340326 0.05660805
v -0.065025866 -0.006734011 0.057063956
v -0.065025866 0.0067340326 0.057063956
v -0.065025866 0.0067340326 0.057063956
v -0.065025866 -0.006734011 0.057063956
v -0.06502249 -0.006734011 0.058335036
v -0.06502249 0.0067340326 0.05833504
v -0.06681163 0.0067340326 -0.04180679
v -0.066698216 -0.006734011 -0.055625364
v -0.06681163 -0.006734011 -0.04180679
v -0.066698216 0.0067340326 -0.055625364
v -0.0661034 -0.006734011 -0.05660805
v -0.066103406 0.0067340326 -0.05660805
v -0.065025866 -0.006734011 -0.057063956
v -0.065025866 0.0067340326 -0.057063956
v -0.065025866 0.0067340326 -0.057063956
v -0.06502249 0.0067340326 -0.05833504
v -0.06502249 -0.006734011 -0.058335036
v -0.065025866 -0.006734011 -0.057063956
v -0.051957358 -0.06483795 -0.006465547
v -0.052081313 -0.06692615 -0.0028796517
v -0.05195814 -0.06478302 -0.0028796517
v -0.052081313 -0.06692615 -0.006465547
v -0.053490963 -0.06809309 -0.0028796517
v -0.05702395 -0.07061879 -0.006465547
v -0.053490963 -0.06809309 0.0028796517
v -0.05702395 -0.07061879 0.006465547
v -0.05726789 -0.071962446 -0.00659783
v -0.052081313 -0.06692615 0.006465547
v -0.05726789 -0.071962446 0.00659783
v -0.052081313 -0.06692615 0.0028796517
v -0.051957358 -0.06483795 0.006465547
v -0.05195814 -0.06478302 0.0028796517
v -0.05726789 -0.07246089 -0.0074743656
v -0.05726789 -0.07246089 0.0074743656
v -0.057267893 -0.08834571 -0.0078474255
v -0.057267893 -0.08743755 -0.009498057
v -0.057267893 -0.08834571 0.0078474255
v -0.05726789 -0.07267175 -0.009431274
v -0.057267893 -0.08511332 -0.010393754
v -0.057267893 -0.07357997 -0.010393754
v -0.057267893 -0.08743755 0.009498057
v -0.05726789 -0.07267175 0.009431274
v -0.057267893 -0.08511332 0.010393754
v -0.057267893 -0.07357997 0.010393754
v -0.052081313 -0.06692615 -0.0028796517
v -0.053490963 -0.06809309 -0.0028796517
v -0.054122694 -0.06671288 -0.0028796517
v -0.05195814 -0.06478302 -0.0028796517
v -0.059110384 -0.071962446 -0.0065978216
v -0.05726789 -0.07246089 -0.0074743656
v -0.05726789 -0.071962446 -0.00659783
v -0.059110384 -0.07246089 -0.0074743656
v -0.05726789 -0.07267175 -0.009431274
v -0.059110384 -0.07267175 -0.009431274
v -0.057267893 -0.07357997 -0.010393754
v -0.05911039 -0.07357997 -0.010393754
v -0.057267893 -0.08511332 -0.010393754
v -0.05911039 -0.08511332 -0.010393754
v -0.057267893 -0.08743755 -0.009498057
v -0.05911039 -0.08743755 -0.009498057
v -0.057267893 -0.08834571 -0.0078474255
v -0.05911039 -0.08834571 -0.007828963
v -0.057267893 -0.08834571 0.0078474255
v -0.05911039 -0.08834571 0.007828963
v -0.05911039 -0.08743755 0.009498057
v -0.057267893 -0.08743755 0.009498057
v -0.05911039 -0.08511332 0.010393754
v -0.057267893 -0.08511332 0.010393754
v -0.05911039 -0.07357997 0.010393754
v -0.057267893 -0.07357997 0.010393754
v -0.059110384 -0.07267175 0.009431274
v -0.05726789 -0.07267175 0.009431274
v -0.059110384 -0.07246089 0.0074743656
v -0.05726789 -0.07246089 0.0074743656
v -0.059110384 -0.071962446 0.0065978216
v -0.05726789 -0.071962446 0.00659783
v -0.05911039 -0.07357997 -0.010393754
v -0.05911039 -0.07357997 0.010393754
v -0.05911039 -0.08511332 0.010393754
v -0.05911039 -0.08511332 -0.010393754
v -0.05911039 -0.08743755 0.009498057
v -0.05911039 -0.08743755 -0.009498057
v -0.05911039 -0.08834571 0.007828963
v -0.05911039 -0.08834571 -0.007828963
v -0.054122694 -0.06671288 -0.0028796517
v -0.053490963 -0.06809309 -0.0028796517
v -0.053490963 -0.06809309 0.0028796517
v -0.054122694 -0.06671288 0.0028796517
v -0.052081313 -0.06692615 0.0028796517
v -0.05195814 -0.06478302 0.0028796517
v -0.054122694 -0.06671288 0.0028796517
v -0.053490963 -0.06809309 0.0028796517
v -0.0558507 -0.07185593 0.00990805
v -0.059946112 -0.07185593 0.006694905
v -0.059955362 -0.07185593 0.00990805
v -0.055841435 -0.07185593 0.006694905
v -0.032909513 -0.056220364 0.00990805
v -0.032904886 -0.0562157 0.006694905
v -0.03216685 -0.054935336 0.00990805
v -0.03216685 -0.054935336 0.006694905
v -0.032007005 -0.04481007 0.006694905
v -0.03200036 -0.043505967 0.00990805
v -0.032007005 -0.04481007 -0.006694905
v -0.03200036 -0.043505967 -0.00990805
v -0.03279535 -0.040900525 0.00990805
v -0.03279535 -0.040900525 -0.00990805
v -0.03216685 -0.054935336 -0.00990805
v -0.03216685 -0.054935336 -0.006694905
v -0.032904886 -0.0562157 -0.006694905
v -0.032909513 -0.056220364 -0.00990805
v -0.055841435 -0.07185593 -0.006694905
v -0.0558507 -0.07185593 -0.00990805
v -0.059946112 -0.07185593 -0.006694905
v -0.059955362 -0.07185593 -0.00990805
v -0.035319403 -0.039186597 0.00990805
v -0.035319403 -0.039186597 -0.00990805
v -0.05995536 -0.03734299 -0.00990805
v -0.05995536 -0.03734299 0.00990805
v -0.055934977 -0.059687734 -0.006694905
v -0.055934977 -0.059687734 0.006694905
v -0.032007005 -0.04481007 0.006694905
v -0.032007005 -0.04481007 -0.006694905
v -0.032909513 -0.056220364 0.00990805
v -0.0558507 -0.07185593 0.00990805
v -0.059955362 -0.07185593 0.00990805
v -0.05995536 -0.03734299 0.00990805
v -0.03216685 -0.054935336 0.00990805
v -0.03200036 -0.043505967 0.00990805
v -0.03279535 -0.040900525 0.00990805
v -0.035319403 -0.039186597 0.00990805
v -0.032007005 -0.04481007 0.006694905
v -0.055934977 -0.059687734 0.006694905
v -0.03216685 -0.054935336 0.006694905
v -0.032904886 -0.0562157 0.006694905
v -0.055841435 -0.07185593 0.006694905
v -0.05973137 -0.059676807 0.006694905
v -0.059946112 -0.07185593 0.006694905
v -0.032909513 -0.056220364 -0.00990805
v -0.059955362 -0.07185593 -0.00990805
v -0.0558507 -0.07185593 -0.00990805
v -0.05995536 -0.03734299 -0.00990805
v -0.03216685 -0.054935336 -0.00990805
v -0.03200036 -0.043505967 -0.00990805
v -0.03279535 -0.040900525 -0.00990805
v -0.035319403 -0.039186597 -0.00990805
v -0.032007005 -0.04481007 -0.006694905
v -0.03216685 -0.054935336 -0.006694905
v -0.055934977 -0.059687734 -0.006694905
v -0.032904886 -0.0562157 -0.006694905
v -0.055841435 -0.07185593 -0.006694905
v -0.05973137 -0.059676807 -0.006694905
v -0.059946112 -0.07185593 -0.006694905
v -0.05195734 0.06483796 -0.006465547
v -0.05195812 0.064783044 -0.0028796517
v -0.052081294 0.06692617 -0.0028796517
v -0.052081294 0.06692617 -0.006465547
v -0.053490944 0.068093106 -0.0028796517
v -0.057023928 0.07061881 -0.006465547
v -0.053490944 0.068093106 0.0028796517
v -0.057023928 0.07061881 0.006465547
v -0.05726787 0.07196247 -0.00659783
v -0.052081294 0.06692617 0.006465547
v -0.05726787 0.07196247 0.00659783
v -0.052081294 0.06692617 0.0028796517
v -0.05195734 0.06483796 0.006465547
v -0.05195812 0.064783044 0.0028796517
v -0.05726787 0.072460905 -0.0074743656
v -0.05726787 0.072460905 0.0074743656
v -0.057267863 0.08834573 -0.0078474255
v -0.057267863 0.08743757 -0.009498057
v -0.057267863 0.08834573 0.0078474255
v -0.05726787 0.07267176 -0.009431274
v -0.057267863 0.08511333 -0.010393754
v -0.057267863 0.07357999 -0.010393754
v -0.057267863 0.08743757 0.009498057
v -0.05726787 0.07267176 0.009431274
v -0.057267863 0.08511333 0.010393754
v -0.057267863 0.07357999 0.010393754
v -0.052081294 0.06692617 -0.0028796517
v -0.05195812 0.064783044 -0.0028796517
v -0.054122675 0.0667129 -0.0028796517
v -0.053490944 0.068093106 -0.0028796517
v -0.059110362 0.07196247 -0.0065978216
v -0.05726787 0.07196247 -0.00659783
v -0.05726787 0.072460905 -0.0074743656
v -0.059110362 0.072460905 -0.0074743656
v -0.05726787 0.07267176 -0.009431274
v -0.059110362 0.07267176 -0.009431274
v -0.057267863 0.07357999 -0.010393754
v -0.05911036 0.07357999 -0.010393754
v -0.057267863 0.08511333 -0.010393754
v -0.05911036 0.08511333 -0.010393754
v -0.057267863 0.08743757 -0.009498057
v -0.05911036 0.08743757 -0.009498057
v -0.057267863 0.08834573 -0.0078474255
v -0.05911036 0.08834573 -0.007828963
v -0.057267863 0.08834573 0.0078474255
v -0.05911036 0.08834573 0.007828963
v -0.05911036 0.08743757 0.009498057
v -0.057267863 0.08743757 0.009498057
v -0.05911036 0.08511333 0.010393754
v -0.057267863 0.08511333 0.010393754
v -0.05911036 0.07357999 0.010393754
v -0.057267863 0.07357999 0.010393754
v -0.059110362 0.07267176 0.009431274
v -0.05726787 0.07267176 0.009431274
v -0.059110362 0.072460905 0.0074743656
v -0.05726787 0.072460905 0.0074743656
v -0.059110362 0.07196247 0.0065978216
v -0.05726787 0.07196247 0.00659783
v -0.05911036 0.07357999 -0.010393754
v -0.05911036 0.08511333 0.010393754
v -0.05911036 0.07357999 0.010393754
v -0.05911036 0.08511333 -0.010393754
v -0.05911036 0.08743757 0.009498057
v -0.05911036 0.08743757 -0.009498057
v -0.05911036 0.08834573 0.007828963
v -0.05911036 0.08834573 -0.007828963
v -0.054122675 0.0667129 -0.0028796517
v -0.054122675 0.0667129 0.0028796517
v -0.053490944 0.068093106 0.0028796517
v -0.053490944 0.068093106 -0.0028796517
v -0.052081294 0.06692617 0.0028796517
v -0.053490944 0.068093106 0.0028796517
v -0.054122675 0.0667129 0.0028796517
v -0.05195812 0.064783044 0.0028796517
v -0.05585068 0.07185595 0.00990805
v -0.059955344 0.07185595 0.00990805
v -0.059946094 0.07185595 0.006694905
v -0.055841416 0.07185595 0.006694905
v -0.032909494 0.05622037 0.00990805
v -0.032904867 0.05621571 0.006694905
v -0.03216683 0.054935344 0.00990805
v -0.03216683 0.054935344 0.006694905
v -0.03200699 0.04481008 0.006694905
v -0.032000344 0.043505978 0.00990805
v -0.03200699 0.04481008 -0.006694905
v -0.032000344 0.043505978 -0.00990805
v -0.032795336 0.040900536 0.00990805
v -0.032795336 0.040900536 -0.00990805
v -0.03216683 0.054935344 -0.00990805
v -0.03216683 0.054935344 -0.006694905
v -0.032904867 0.05621571 -0.006694905
v -0.032909494 0.05622037 -0.00990805
v -0.055841416 0.07185595 -0.006694905
v -0.05585068 0.07185595 -0.00990805
v -0.059946094 0.07185595 -0.006694905
v -0.059955344 0.07185595 -0.00990805
v -0.035319388 0.039186604 0.00990805
v -0.035319388 0.039186604 -0.00990805
v -0.059955347 0.03734301 -0.00990805
v -0.059955347 0.03734301 0.00990805
v -0.05593496 0.059687752 -0.006694905
v -0.03200699 0.04481008 -0.006694905
v -0.03200699 0.04481008 0.006694905
v -0.05593496 0.059687752 0.006694905
v -0.032909494 0.05622037 0.00990805
v -0.059955344 0.07185595 0.00990805
v -0.05585068 0.07185595 0.00990805
v -0.059955347 0.03734301 0.00990805
v -0.03216683 0.054935344 0.00990805
v -0.032000344 0.043505978 0.00990805
v -0.032795336 0.040900536 0.00990805
v -0.035319388 0.039186604 0.00990805
v -0.03200699 0.04481008 0.006694905
v -0.03216683 0.054935344 0.006694905
v -0.05593496 0.059687752 0.006694905
v -0.032904867 0.05621571 0.006694905
v -0.055841416 0.07185595 0.006694905
v -0.059731353 0.059676826 0.006694905
v -0.059946094 0.07185595 0.006694905
v -0.032909494 0.05622037 -0.00990805
v -0.05585068 0.07185595 -0.00990805
v -0.059955344 0.07185595 -0.00990805
v -0.059955347 0.03734301 -0.00990805
v -0.03216683 0.054935344 -0.00990805
v -0.032000344 0.043505978 -0.00990805
v -0.032795336 0.040900536 -0.00990805
v -0.035319388 0.039186604 -0.00990805
v -0.03200699 0.04481008 -0.006694905
v -0.05593496 0.059687752 -0.006694905
v -0.03216683 0.054935344 -0.006694905
v -0.032904867 0.05621571 -0.006694905
v -0.055841416 0.07185595 -0.006694905
v -0.059731353 0.059676826 -0.006694905
v -0.059946094 0.07185595 -0.006694905
v 0.05195734 -0.06483796 -0.006465547
v 0.05195812 -0.064783044 -0.0028796517
v 0.052081294 -0.06692617 -0.0028796517
v 0.052081294 -0.06692617 -0.006465547
v 0.053490944 -0.068093106 -0.0028796517
v 0.057023928 -0.07061881 -0.006465547
v 0.053490944 -0.068093106 0.0028796517
v 0.057023928 -0.07061881 0.006465547
v 0.05726787 -0.07196247 -0.00659783
v 0.052081294 -0.06692617 0.006465547
v 0.05726787 -0.07196247 0.00659783
v 0.052081294 -0.06692617 0.0028796517
v 0.05195734 -0.06483796 0.006465547
v 0.05195812 -0.064783044 0.0028796517
v 0.05726787 -0.072460905 -0.0074743656
v 0.05726787 -0.072460905 0.0074743656
v 0.057267863 -0.08834573 -0.0078474255
v 0.057267863 -0.08743757 -0.009498057
v 0.057267863 -0.08834573 0.0078474255
v 0.05726787 -0.07267176 -0.009431274
v 0.057267863 -0.08511333 -0.010393754
v 0.057267863 -0.07357999 -0.010393754
v 0.057267863 -0.08743757 0.009498057
v 0.05726787 -0.07267176 0.009431274
v 0.057267863 -0.08511333 0.010393754
v 0.057267863 -0.07357999 0.010393754
v 0.052081294 -0.06692617 -0.0028796517
v 0.05195812 -0.064783044 -0.0028796517
v 0.054122675 -0.0667129 -0.0028796517
v 0.053490944 -0.068093106 -0.0028796517
v 0.059110362 -0.07196247 -0.0065978216
v 0.05726787 -0.07196247 -0.00659783
v 0.05726787 -0.072460905 -0.0074743656
v 0.059110362 -0.072460905 -0.0074743656
v 0.05726787 -0.07267176 -0.009431274
v 0.059110362 -0.07267176 -0.009431274
v 0.057267863 -0.07357999 -0.010393754
v 0.05911036 -0.07357999 -0.010393754
v 0.057267863 -0.08511333 -0.010393754
v 0.05911036 -0.08511333 -0.010393754
v 0.057267863 -0.08743757 -0.009498057
v 0.05911036 -0.08743757 -0.009498057
v 0.057267863 -0.08834573 -0.0078474255
v 0.05911036 -0.08834573 -0.007828963
v 0.057267863 -0.08834573 0.0078474255
v 0.05911036 -0.08834573 0.007828963
v 0.05911036 -0.08743757 0.009498057
v 0.057267863 -0.08743757 0.009498057
v 0.05911036 -0.08511333 0.010393754
v 0.057267863 -0.08511333 0.010393754
v 0.05911036 -0.07357999 0.010393754
v 0.057267863 -0.07357999 0.010393754
v 0.059110362 -0.07267176 0.009431274
v 0.05726787 -0.07267176 0.009431274
v 0.059110362 -0.072460905 0.0074743656
v 0.05726787 -0.072460905 0.0074743656
v 0.059110362 -0.07196247 0.0065978216
v 0.05726787 -0.07196247 0.00659783
v 0.05911036 -0.07357999 -0.010393754
v 0.05911036 -0.08511333 0.010393754
v 0.05911036 -0.07357999 0.010393754
v 0.05911036 -0.08511333 -0.010393754
v 0.05911036 -0.08743757 0.009498057
v 0.05911036 -0.08743757 -0.009498057
v 0.05911036 -0.08834573 0.007828963
v 0.05911036 -0.08834573 -0.007828963
v 0.054122675 -0.0667129 -0.0028796517
v 0.054122675 -0.0667129 0.0028796517
v 0.053490944 -0.068093106 0.0028796517
v 0.053490944 -0.068093106 -0.0028796517
v 0.052081294 -0.06692617 0.0028796517
v 0.053490944 -0.068093106 0.0028796517
v 0.054122675 -0.0667129 0.0028796517
v 0.05195812 -0.064783044 0.0028796517
v 0.05585068 -0.07185595 0.00990805
v 0.059955344 -0.07185595 0.00990805
v 0.059946094 -0.07185595 0.006694905
v 0.055841416 -0.07185595 0.006694905
v 0.032909494 -0.05622037 0.00990805
v 0.032904867 -0.05621571 0.006694905
v 0.03216683 -0.054935344 0.00990805
v 0.03216683 -0.054935344 0.006694905
v 0.03200699 -0.04481008 0.006694905
v 0.032000344 -0.043505978 0.00990805
v 0.03200699 -0.04481008 -0.006694905
v 0.032000344 -0.043505978 -0.00990805
v 0.032795336 -0.040900536 0.00990805
v 0.032795336 -0.040900536 -0.00990805
v 0.03216683 -0.054935344 -0.00990805
v 0.03216683 -0.054935344 -0.006694905
v 0.032904867 -0.05621571 -0.006694905
v 0.032909494 -0.05622037 -0.00990805
v 0.055841416 -0.07185595 -0.006694905
v 0.05585068 -0.07185595 -0.00990805
v 0.059946094 -0.07185595 -0.006694905
v 0.059955344 -0.07185595 -0.00990805
v 0.035319388 -0.039186604 0.00990805
v 0.035319388 -0.039186604 -0.00990805
v 0.059955347 -0.03734301 -0.00990805
v 0.059955347 -0.03734301 0.00990805
v 0.05593496 -0.059687752 -0.006694905
v 0.03200699 -0.04481008 -0.006694905
v 0.03200699 -0.04481008 0.006694905
v 0.05593496 -0.059687752 0.006694905
v 0.032909494 -0.05622037 0.00990805
v 0.059955344 -0.07185595 0.00990805
v 0.05585068 -0.07185595 0.00990805
v 0.059955347 -0.03734301 0.00990805
v 0.03216683 -0.054935344 0.00990805
v 0.032000344 -0.043505978 0.00990805
v 0.032795336 -0.040900536 0.00990805
v 0.035319388 -0.039186604 0.00990805
v 0.03200699 -0.04481008 0.006694905
v 0.03216683 -0.054935344 0.006694905
v 0.05593496 -0.059687752 0.006694905
v 0.032904867 -0.05621571 0.006694905
v 0.055841416 -0.07185595 0.006694905
v 0.059731353 -0.059676826 0.006694905
v 0.059946094 -0.07185595 0.006694905
v 0.032909494 -0.05622037 -0.00990805
v 0.05585068 -0.07185595 -0.00990805
v 0.059955344 -0.07185595 -0.00990805
v 0.059955347 -0.03734301 -0.00990805
v 0.03216683 -0.054935344 -0.00990805
v 0.032000344 -0.043505978 -0.00990805
v 0.032795336 -0.040900536 -0.00990805
v 0.035319388 -0.039186604 -0.00990805
v 0.03200699 -0.04481008 -0.006694905
v 0.05593496 -0.059687752 -0.006694905
v 0.03216683 -0.054935344 -0.006694905
v 0.032904867 -0.05621571 -0.006694905
v 0.055841416 -0.07185595 -0.006694905
v 0.059731353 -0.059676826 -0.006694905
v 0.059946094 -0.07185595 -0.006694905
v 0.051957358 0.06483795 -0.006465547
v 0.052081313 0.06692615 -0.0028796517
v 0.05195814 0.06478302 -0.0028796517
v 0.052081313 0.06692615 -0.006465547
v 0.053490963 0.06809309 -0.0028796517
v 0.05702395 0.07061879 -0.006465547
v 0.053490963 0.06809309 0.0028796517
v 0.05702395 0.07061879 0.006465547
v 0.05726789 0.071962446 -0.00659783
v 0.052081313 0.06692615 0.006465547
v 0.05726789 0.071962446 0.00659783
v 0.052081313 0.06692615 0.0028796517
v 0.051957358 0.06483795 0.006465547
v 0.05195814 0.06478302 0.0028796517
v 0.05726789 0.07246089 -0.0074743656
v 0.05726789 0.07246089 0.0074743656
v 0.057267893 0.08834571 -0.0078474255
v 0.057267893 0.08743755 -0.009498057
v 0.057267893 0.08834571 0.0078474255
v 0.05726789 0.07267175 -0.009431274
v 0.057267893 0.08511332 -0.010393754
v 0.057267893 0.07357997 -0.010393754
v 0.057267893 0.08743755 0.009498057
v 0.05726789 0.07267175 0.009431274
v 0.057267893 0.08511332 0.010393754
v 0.057267893 0.07357997 0.010393754
v 0.052081313 0.06692615 -0.0028796517
v 0.053490963 0.06809309 -0.0028796517
v 0.054122694 0.06671288 -0.0028796517
v 0.05195814 0.06478302 -0.0028796517
v 0.059110384 0.071962446 -0.0065978216
v 0.05726789 0.07246089 -0.0074743656
v 0.05726789 0.071962446 -0.00659783
v 0.059110384 0.07246089 -0.0074743656
v 0.05726789 0.07267175 -0.009431274
v 0.059110384 0.07267175 -0.009431274
v 0.057267893 0.07357997 -0.010393754
v 0.05911039 0.07357997 -0.010393754
v 0.057267893 0.08511332 -0.010393754
v 0.05911039 0.08511332 -0.010393754
v 0.057267893 0.08743755 -0.009498057
v 0.05911039 0.08743755 -0.009498057
v 0.057267893 0.08834571 -0.0078474255
v 0.05911039 0.08834571 -0.007828963
v 0.057267893 0.08834571 0.0078474255
v 0.05911039 0.08834571 0.007828963
v 0.05911039 0.08743755 0.009498057
v 0.057267893 0.08743755 0.009498057
v 0.05911039 0.08511332 0.010393754
v 0.057267893 0.08511332 0.010393754
v 0.05911039 0.07357997 0.010393754
v 0.057267893 0.07357997 0.010393754
v 0.059110384 0.07267175 0.009431274
v 0.05726789 0.07267175 0.009431274
v 0.059110384 0.07246089 0.0074743656
v 0.05726789 0.07246089 0.0074743656
v 0.059110384 0.071962446 0.0065978216
v 0.05726789 0.071962446 0.00659783
v 0.05911039 0.07357997 -0.010393754
v 0.05911039 0.07357997 0.010393754
v 0.05911039 0.08511332 0.010393754
v 0.05911039 0.08511332 -0.010393754
v 0.05911039 0.08743755 0.009498057
v 0.05911039 0.08743755 -0.009498057
v 0.05911039 0.08834571 0.007828963
v 0.05911039 0.08834571 -0.007828963
v 0.054122694 0.06671288 -0.0028796517
v 0.053490963 0.06809309 -0.0028796517
v 0.053490963 0.06809309 0.0028796517
v 0.054122694 0.06671288 0.0028796517
v 0.052081313 0.06692615 0.0028796517
v 0.05195814 0.06478302 0.0028796517
v 0.054122694 0.06671288 0.0028796517
v 0.053490963 0.06809309 0.0028796517
v 0.0558507 0.07185593 0.00990805
v 0.059946112 0.07185593 0.006694905
v 0.059955362 0.07185593 0.00990805
v 0.055841435 0.07185593 0.006694905
v 0.032909513 0.056220364 0.00990805
v 0.032904886 0.0562157 0.006694905
v 0.03216685 0.054935336 0.00990805
v 0.03216685 0.054935336 0.006694905
v 0.032007005 0.04481007 0.006694905
v 0.03200036 0.043505967 0.00990805
v 0.032007005 0.04481007 -0.006694905
v 0.03200036 0.043505967 -0.00990805
v 0.03279535 0.040900525 0.00990805
v 0.03279535 0.040900525 -0.00990805
v 0.03216685 0.054935336 -0.00990805
v 0.03216685 0.054935336 -0.006694905
v 0.032904886 0.0562157 -0.006694905
v 0.032909513 0.056220364 -0.00990805
v 0.055841435 0.07185593 -0.006694905
v 0.0558507 0.07185593 -0.00990805
v 0.059946112 0.07185593 -0.006694905
v 0.059955362 0.07185593 -0.00990805
v 0.035319403 0.039186597 0.00990805
v 0.035319403 0.039186597 -0.00990805
v 0.05995536 0.03734299 -0.00990805
v 0.05995536 0.03734299 0.00990805
v 0.055934977 0.059687734 -0.006694905
v 0.055934977 0.059687734 0.006694905
v 0.032007005 0.04481007 0.006694905
v 0.032007005 0.04481007 -0.006694905
v 0.032909513 0.056220364 0.00990805
v 0.0558507 0.07185593 0.00990805
v 0.059955362 0.07185593 0.00990805
v 0.05995536 0.03734299 0.00990805
v 0.03216685 0.054935336 0.00990805
v 0.03200036 0.043505967 0.00990805
v 0.03279535 0.040900525 0.00990805
v 0.035319403 0.039186597 0.00990805
v 0.032007005 0.04481007 0.006694905
v 0.055934977 0.059687734 0.006694905
v 0.03216685 0.054935336 0.006694905
v 0.032904886 0.0562157 0.006694905
v 0.055841435 0.07185593 0.006694905
v 0.05973137 0.059676807 0.006694905
v 0.059946112 0.07185593 0.006694905
v 0.032909513 0.056220364 -0.00990805
v 0.059955362 0.07185593 -0.00990805
v 0.0558507 0.07185593 -0.00990805
v 0.05995536 0.03734299 -0.00990805
v 0.03216685 0.054935336 -0.00990805
v 0.03200036 0.043505967 -0.00990805
v 0.03279535 0.040900525 -0.00990805
v 0.035319403 0.039186597 -0.00990805
v 0.032007005 0.04481007 -0.006694905
v 0.03216685 0.054935336 -0.006694905
v 0.055934977 0.059687734 -0.006694905
v 0.032904886 0.0562157 -0.006694905
v 0.055841435 0.07185593 -0.006694905
v 0.05973137 0.059676807 -0.006694905
v 0.059946112 0.07185593 -0.006694905
v 0.002171045 -0.039814968 0.04404216
v 0.0041331267 -0.039814968 0.04404216
v 0.0041331276 -0.03839624 0.047011044
v -1.1661797E-09 -0.03839624 0.047011044
v -1.6179408E-09 -0.038977034 0.044636134
v -0.0021710487 -0.039814968 0.04404216
v 0.004133127 -0.04025802 0.049724143
v -0.00413313 -0.03839624 0.047011044
v -0.004133131 -0.039814968 0.04404216
v -1.3178902E-09 -0.04025802 0.049724143
v -0.0041331304 -0.04025802 0.049724143
v -2.2175197E-09 -0.043538522 0.049468346
v -0.0041331314 -0.043538522 0.049468346
v 0.004133126 -0.043538522 0.049468346
v -0.004133132 -0.044957247 0.046499472
v -2.9654414E-09 -0.044957254 0.04649946
v 0.0041331258 -0.044957254 0.04649946
v -0.0021710496 -0.04309547 0.043786366
v -0.004133132 -0.04309547 0.043786366
v -0.004133131 -0.039814968 0.04404216
v -0.0021710487 -0.039814968 0.04404216
v -2.9996257E-09 -0.04401536 0.044243272
v 0.002171044 -0.04309547 0.043786366
v 0.0041331258 -0.04309547 0.043786366
v 0.0041331267 -0.039814968 0.04404216
v 0.002171045 -0.039814968 0.04404216
v -0.0021710487 -0.039814968 0.04404216
v -4.8007323E-09 -0.036799885 0.016718019
v -1.6179408E-09 -0.038977034 0.044636134
v -0.0021872912 -0.037822593 0.01663759
v -0.0021872912 -0.04081549 0.016405594
v -0.0021710496 -0.04309547 0.043786366
v -6.1824172E-09 -0.041838203 0.016325159
v -2.9996257E-09 -0.04401536 0.044243272
v 0.002171044 -0.04309547 0.043786366
v 0.0021872795 -0.040815495 0.016405594
v 0.0021872811 -0.037822593 0.01663759
v 0.002171045 -0.039814968 0.04404216
v -4.8007323E-09 -0.036799885 0.016718019
v -1.6179408E-09 -0.038977034 0.044636134
v 0.0021872811 -0.037822593 0.01663759
v -6.1824172E-09 -0.041838203 0.016325159
v 0.0021872795 -0.040815495 0.016405594
v -4.8007323E-09 -0.036799885 0.016718019
v -0.0021872912 -0.037822593 0.01663759
v -0.0021872912 -0.04081549 0.016405594
v 0.023026869 -0.005108893 0.054376416
v 0.0077641127 -0.0051088906 0.047376003
v 0.0077641127 -0.0051088906 0.054376416
v 0.02623876 -0.0051088934 0.047376003
v 0.024951188 -0.0051088934 0.053920835
v 0.02623876 -0.0051088934 0.052603737
v 0.0077641127 -0.002548783 0.03786923
v 0.0037553918 -0.03894816 0.038852897
v 0.0077641066 -0.038948163 0.037859328
v 0.0037553976 -0.0025487824 0.039330814
v -6.345461E-09 -0.03894816 0.039241247
v -4.152493E-10 -0.002548782 0.03961712
v 0.0077641066 -0.038948163 0.039519124
v 0.0077641127 -0.002548783 0.03786923
v 0.0077641066 -0.038948163 0.037859328
v 0.007764106 -0.043238297 0.054376416
v 0.007764106 -0.044746518 0.04420186
v 0.0077641127 -0.0051088906 0.047376003
v 0.0077641127 -0.002548783 0.047376003
v 0.0077641127 -0.0051088906 0.054376416
v 0.007764106 -0.044434216 0.053998277
v 0.007764106 -0.04516812 0.053075388
v 0.007764106 -0.04516812 0.04503588
v 0.0037553918 -0.03894816 0.038852897
v 0.0077641066 -0.038948163 0.039519124
v 0.0077641066 -0.038948163 0.037859328
v 0.004110755 -0.03894816 0.039786726
v -6.345461E-09 -0.03894816 0.039241247
v -6.345461E-09 -0.03894816 0.047932338
v 0.004110755 -0.03894816 0.047932338
v 0.007764106 -0.044746518 0.04420186
v 0.0077641066 -0.038948163 0.039519124
v 0.004110755 -0.03894816 0.039786726
v 0.004110754 -0.044746518 0.04420186
v 0.0041107535 -0.04516812 0.04503588
v 0.007764106 -0.04516812 0.04503588
v 0.0041107535 -0.04516812 0.053108815
v 0.007764106 -0.04516812 0.053075388
v 0.004110754 -0.044434216 0.053998277
v 0.007764106 -0.044434216 0.053998277
v 0.004110754 -0.043238297 0.054376416
v 0.007764106 -0.043238297 0.054376416
v 0.0041107545 -0.04013759 0.054376416
v 0.0077641127 -0.0051088906 0.054376416
v -6.539244E-09 -0.04013759 0.054376416
v -4.152493E-10 -0.002548782 0.054376416
v -6.8483104E-09 -0.04203463 0.05314659
v 0.0041107545 -0.042044457 0.0531551
v -7.125559E-09 -0.043736365 0.05012603
v 0.004110754 -0.04380525 0.05012603
v 0.023026869 -0.0025487856 0.054376416
v 0.023026869 -0.005108893 0.054376416
v 0.024951188 -0.0051088934 0.053920835
v 0.024951188 -0.002548786 0.05392264
v 0.02623876 -0.0051088934 0.052603737
v 0.02623876 -0.002548786 0.052605525
v 0.02623876 -0.002548786 0.047376003
v 0.02623876 -0.0051088934 0.047376003
v 0.0077641127 -0.002548783 0.047376003
v 0.0077641127 -0.0051088906 0.047376003
v -4.152493E-10 -0.002548782 0.03961712
v 0.0037553976 -0.0025487824 0.039330814
v -4.152493E-10 -0.002548782 0.054376416
v 0.0077641127 -0.002548783 0.047376003
v 0.0077641127 -0.002548783 0.03786923
v 0.023026869 -0.0025487856 0.054376416
v 0.02623876 -0.002548786 0.047376003
v 0.024951188 -0.002548786 0.05392264
v 0.02623876 -0.002548786 0.052605525
v 0.0041107545 -0.04013759 0.054376416
v 0.004110754 -0.043238297 0.054376416
v 0.0041107545 -0.042044457 0.0531551
v 0.004110754 -0.04380525 0.05012603
v 0.004110754 -0.044434216 0.053998277
v 0.0041107535 -0.04516812 0.053108815
v 0.0041107535 -0.04516812 0.04503588
v 0.004110754 -0.044746518 0.04420186
v 0.004110754 -0.044746518 0.04420186
v 0.004110755 -0.03894816 0.039786726
v 0.004110755 -0.03894816 0.047932338
v 0.004110754 -0.04380525 0.05012603
v 0.004110755 -0.03894816 0.047932338
v -6.345461E-09 -0.03894816 0.047932338
v -7.125559E-09 -0.043736365 0.05012603
v 0.004110754 -0.04380525 0.05012603
v -0.023026869 -0.0051088855 0.054376416
v -0.007764114 -0.0051088883 0.054376416
v -0.007764114 -0.0051088883 0.047376003
v -0.02623876 -0.005108885 0.047376003
v -0.024951188 -0.005108885 0.053920835
v -0.02623876 -0.005108885 0.052603737
v -0.007764114 -0.0025487808 0.03786923
v -0.00776412 -0.03894816 0.037859328
v -0.0037554044 -0.03894816 0.038852897
v -0.0037553983 -0.0025487812 0.039330814
v -6.345461E-09 -0.03894816 0.039241247
v -4.152493E-10 -0.002548782 0.03961712
v -0.00776412 -0.03894816 0.039519124
v -0.00776412 -0.03894816 0.037859328
v -0.007764114 -0.0025487808 0.03786923
v -0.0077641206 -0.043238297 0.054376416
v -0.0077641206 -0.044746518 0.04420186
v -0.007764114 -0.0051088883 0.047376003
v -0.007764114 -0.0025487808 0.047376003
v -0.007764114 -0.0051088883 0.054376416
v -0.0077641206 -0.044434216 0.053998277
v -0.0077641206 -0.04516812 0.053075388
v -0.0077641206 -0.04516812 0.04503588
v -0.0037554044 -0.03894816 0.038852897
v -0.00776412 -0.03894816 0.037859328
v -0.00776412 -0.03894816 0.039519124
v -0.0041107675 -0.03894816 0.039786726
v -6.345461E-09 -0.03894816 0.039241247
v -6.345461E-09 -0.03894816 0.047932338
v -0.0041107675 -0.03894816 0.047932338
v -0.0077641206 -0.044746518 0.04420186
v -0.0041107675 -0.03894816 0.039786726
v -0.00776412 -0.03894816 0.039519124
v -0.0041107684 -0.044746518 0.04420186
v -0.0041107684 -0.04516812 0.04503588
v -0.0077641206 -0.04516812 0.04503588
v -0.0041107684 -0.04516812 0.053108815
v -0.0077641206 -0.04516812 0.053075388
v -0.0041107684 -0.044434216 0.053998277
v -0.0077641206 -0.044434216 0.053998277
v -0.0041107684 -0.043238297 0.054376416
v -0.0077641206 -0.043238297 0.054376416
v -0.004110768 -0.04013759 0.054376416
v -0.007764114 -0.0051088883 0.054376416
v -6.539244E-09 -0.04013759 0.054376416
v -4.152493E-10 -0.002548782 0.054376416
v -6.8483104E-09 -0.04203463 0.05314659
v -0.004110768 -0.042044457 0.0531551
v -7.125559E-09 -0.043736365 0.05012603
v -0.0041107684 -0.04380525 0.05012603
v -0.023026869 -0.002548778 0.054376416
v -0.023026869 -0.0051088855 0.054376416
v -0.024951188 -0.005108885 0.053920835
v -0.024951188 -0.0025487777 0.05392264
v -0.02623876 -0.005108885 0.052603737
v -0.02623876 -0.0025487777 0.052605525
v -0.02623876 -0.0025487777 0.047376003
v -0.02623876 -0.005108885 0.047376003
v -0.007764114 -0.0025487808 0.047376003
v -0.007764114 -0.0051088883 0.047376003
v -4.152493E-10 -0.002548782 0.03961712
v -4.152493E-10 -0.002548782 0.054376416
v -0.0037553983 -0.0025487812 0.039330814
v -0.007764114 -0.0025487808 0.047376003
v -0.007764114 -0.0025487808 0.03786923
v -0.023026869 -0.002548778 0.054376416
v -0.02623876 -0.0025487777 0.047376003
v -0.024951188 -0.0025487777 0.05392264
v -0.02623876 -0.0025487777 0.052605525
v -0.004110768 -0.04013759 0.054376416
v -0.004110768 -0.042044457 0.0531551
v -0.0041107684 -0.043238297 0.054376416
v -0.0041107684 -0.04380525 0.05012603
v -0.0041107684 -0.044434216 0.053998277
v -0.0041107684 -0.04516812 0.053108815
v -0.0041107684 -0.04516812 0.04503588
v -0.0041107684 -0.044746518 0.04420186
v -0.0041107684 -0.044746518 0.04420186
v -0.0041107684 -0.04380525 0.05012603
v -0.0041107675 -0.03894816 0.047932338
v -0.0041107675 -0.03894816 0.039786726
v -0.0041107675 -0.03894816 0.047932338
v -0.0041107684 -0.04380525 0.05012603
v -7.125559E-09 -0.043736365 0.05012603
v -6.345461E-09 -0.03894816 0.047932338
v 0.023026869 -0.005108893 -0.054376416
v 0.0077641127 -0.0051088906 -0.054376416
v 0.0077641127 -0.0051088906 -0.047376003
v 0.02623876 -0.0051088934 -0.047376003
v 0.024951188 -0.0051088934 -0.053920835
v 0.02623876 -0.0051088934 -0.052603737
v 0.0077641127 -0.002548783 -0.03786923
v 0.0077641066 -0.038948163 -0.037859328
v 0.0037553918 -0.03894816 -0.038852897
v 0.0037553976 -0.0025487824 -0.039330814
v -6.345461E-09 -0.03894816 -0.039241247
v -4.152493E-10 -0.002548782 -0.03961712
v 0.0077641066 -0.038948163 -0.039519124
v 0.0077641066 -0.038948163 -0.037859328
v 0.0077641127 -0.002548783 -0.03786923
v 0.007764106 -0.043238297 -0.054376416
v 0.007764106 -0.044746518 -0.04420186
v 0.0077641127 -0.0051088906 -0.047376003
v 0.0077641127 -0.002548783 -0.047376003
v 0.0077641127 -0.0051088906 -0.054376416
v 0.007764106 -0.044434216 -0.053998277
v 0.007764106 -0.04516812 -0.053075388
v 0.007764106 -0.04516812 -0.04503588
v 0.0037553918 -0.03894816 -0.038852897
v 0.0077641066 -0.038948163 -0.037859328
v 0.0077641066 -0.038948163 -0.039519124
v 0.004110755 -0.03894816 -0.039786726
v -6.345461E-09 -0.03894816 -0.039241247
v -6.345461E-09 -0.03894816 -0.047932338
v 0.004110755 -0.03894816 -0.047932338
v 0.007764106 -0.044746518 -0.04420186
v 0.004110755 -0.03894816 -0.039786726
v 0.0077641066 -0.038948163 -0.039519124
v 0.004110754 -0.044746518 -0.04420186
v 0.0041107535 -0.04516812 -0.04503588
v 0.007764106 -0.04516812 -0.04503588
v 0.0041107535 -0.04516812 -0.053108815
v 0.007764106 -0.04516812 -0.053075388
v 0.004110754 -0.044434216 -0.053998277
v 0.007764106 -0.044434216 -0.053998277
v 0.004110754 -0.043238297 -0.054376416
v 0.007764106 -0.043238297 -0.054376416
v 0.0041107545 -0.04013759 -0.054376416
v 0.0077641127 -0.0051088906 -0.054376416
v -6.539244E-09 -0.04013759 -0.054376416
v -4.152493E-10 -0.002548782 -0.054376416
v -6.8483104E-09 -0.04203463 -0.05314659
v 0.0041107545 -0.042044457 -0.0531551
v -7.125559E-09 -0.043736365 -0.05012603
v 0.004110754 -0.04380525 -0.05012603
v 0.023026869 -0.0025487856 -0.054376416
v 0.023026869 -0.005108893 -0.054376416
v 0.024951188 -0.0051088934 -0.053920835
v 0.024951188 -0.002548786 -0.05392264
v 0.02623876 -0.0051088934 -0.052603737
v 0.02623876 -0.002548786 -0.052605525
v 0.02623876 -0.002548786 -0.047376003
v 0.02623876 -0.0051088934 -0.047376003
v 0.0077641127 -0.002548783 -0.047376003
v 0.0077641127 -0.0051088906 -0.047376003
v -4.152493E-10 -0.002548782 -0.03961712
v -4.152493E-10 -0.002548782 -0.054376416
v 0.0037553976 -0.0025487824 -0.039330814
v 0.0077641127 -0.002548783 -0.047376003
v 0.0077641127 -0.002548783 -0.03786923
v 0.023026869 -0.0025487856 -0.054376416
v 0.02623876 -0.002548786 -0.047376003
v 0.024951188 -0.002548786 -0.05392264
v 0.02623876 -0.002548786 -0.052605525
v 0.0041107545 -0.04013759 -0.054376416
v 0.0041107545 -0.042044457 -0.0531551
v 0.004110754 -0.043238297 -0.054376416
v 0.004110754 -0.04380525 -0.05012603
v 0.004110754 -0.044434216 -0.053998277
v 0.0041107535 -0.04516812 -0.053108815
v 0.0041107535 -0.04516812 -0.04503588
v 0.004110754 -0.044746518 -0.04420186
v 0.004110754 -0.044746518 -0.04420186
v 0.004110754 -0.04380525 -0.05012603
v 0.004110755 -0.03894816 -0.047932338
v 0.004110755 -0.03894816 -0.039786726
v 0.004110755 -0.03894816 -0.047932338
v 0.004110754 -0.04380525 -0.05012603
v -7.125559E-09 -0.043736365 -0.05012603
v -6.345461E-09 -0.03894816 -0.047932338
v -0.023026869 -0.0051088855 -0.054376416
v -0.007764114 -0.0051088883 -0.047376003
v -0.007764114 -0.0051088883 -0.054376416
v -0.02623876 -0.005108885 -0.047376003
v -0.024951188 -0.005108885 -0.053920835
v -0.02623876 -0.005108885 -0.052603737
v -0.007764114 -0.0025487808 -0.03786923
v -0.0037554044 -0.03894816 -0.038852897
v -0.00776412 -0.03894816 -0.037859328
v -0.0037553983 -0.0025487812 -0.039330814
v -6.345461E-09 -0.03894816 -0.039241247
v -4.152493E-10 -0.002548782 -0.03961712
v -0.00776412 -0.03894816 -0.039519124
v -0.007764114 -0.0025487808 -0.03786923
v -0.00776412 -0.03894816 -0.037859328
v -0.0077641206 -0.043238297 -0.054376416
v -0.0077641206 -0.044746518 -0.04420186
v -0.007764114 -0.0051088883 -0.047376003
v -0.007764114 -0.0025487808 -0.047376003
v -0.007764114 -0.0051088883 -0.054376416
v -0.0077641206 -0.044434216 -0.053998277
v -0.0077641206 -0.04516812 -0.053075388
v -0.0077641206 -0.04516812 -0.04503588
v -0.0037554044 -0.03894816 -0.038852897
v -0.00776412 -0.03894816 -0.039519124
v -0.00776412 -0.03894816 -0.037859328
v -0.0041107675 -0.03894816 -0.039786726
v -6.345461E-09 -0.03894816 -0.039241247
v -6.345461E-09 -0.03894816 -0.047932338
v -0.0041107675 -0.03894816 -0.047932338
v -0.0077641206 -0.044746518 -0.04420186
v -0.00776412 -0.03894816 -0.039519124
v -0.0041107675 -0.03894816 -0.039786726
v -0.0041107684 -0.044746518 -0.04420186
v -0.0041107684 -0.04516812 -0.04503588
v -0.0077641206 -0.04516812 -0.04503588
v -0.0041107684 -0.04516812 -0.053108815
v -0.0077641206 -0.04516812 -0.053075388
v -0.0041107684 -0.044434216 -0.053998277
v -0.0077641206 -0.044434216 -0.053998277
v -0.0041107684 -0.043238297 -0.054376416
v -0.0077641206 -0.043238297 -0.054376416
v -0.004110768 -0.04013759 -0.054376416
v -0.007764114 -0.0051088883 -0.054376416
v -6.539244E-09 -0.04013759 -0.054376416
v -4.152493E-10 -0.002548782 -0.054376416
v -6.8483104E-09 -0.04203463 -0.05314659
v -0.004110768 -0.042044457 -0.0531551
v -7.125559E-09 -0.043736365 -0.05012603
v -0.0041107684 -0.04380525 -0.05012603
v -0.023026869 -0.002548778 -0.054376416
v -0.023026869 -0.0051088855 -0.054376416
v -0.024951188 -0.005108885 -0.053920835
v -0.024951188 -0.0025487777 -0.05392264
v -0.02623876 -0.005108885 -0.052603737
v -0.02623876 -0.0025487777 -0.052605525
v -0.02623876 -0.0025487777 -0.047376003
v -0.02623876 -0.005108885 -0.047376003
v -0.007764114 -0.0025487808 -0.047376003
v -0.007764114 -0.0051088883 -0.047376003
v -4.152493E-10 -0.002548782 -0.03961712
v -0.0037553983 -0.0025487812 -0.039330814
v -4.152493E-10 -0.002548782 -0.054376416
v -0.007764114 -0.0025487808 -0.047376003
v -0.007764114 -0.0025487808 -0.03786923
v -0.023026869 -0.002548778 -0.054376416
v -0.02623876 -0.0025487777 -0.047376003
v -0.024951188 -0.0025487777 -0.05392264
v -0.02623876 -0.0025487777 -0.052605525
v -0.004110768 -0.04013759 -0.054376416
v -0.0041107684 -0.043238297 -0.054376416
v -0.004110768 -0.042044457 -0.0531551
v -0.0041107684 -0.04380525 -0.05012603
v -0.0041107684 -0.044434216 -0.053998277
v -0.0041107684 -0.04516812 -0.053108815
v -0.0041107684 -0.04516812 -0.04503588
v -0.0041107684 -0.044746518 -0.04420186
v -0.0041107684 -0.044746518 -0.04420186
v -0.0041107675 -0.03894816 -0.039786726
v -0.0041107675 -0.03894816 -0.047932338
v -0.0041107684 -0.04380525 -0.05012603
v -0.0041107675 -0.03894816 -0.047932338
v -6.345461E-09 -0.03894816 -0.047932338
v -7.125559E-09 -0.043736365 -0.05012603
v -0.0041107684 -0.04380525 -0.05012603
v 0.023026869 0.0051088855 0.054376416
v 0.007764114 0.0051088883 0.054376416
v 0.007764114 0.0051088883 0.047376003
v 0.02623876 0.005108885 0.047376003
v 0.024951188 0.005108885 0.053920835
v 0.02623876 0.005108885 0.052603737
v 0.007764114 0.0025487808 0.03786923
v 0.00776412 0.03894816 0.037859328
v 0.0037554044 0.03894816 0.038852897
v 0.0037553983 0.0025487812 0.039330814
v 6.345461E-09 0.03894816 0.039241247
v 4.152493E-10 0.002548782 0.03961712
v 0.00776412 0.03894816 0.039519124
v 0.00776412 0.03894816 0.037859328
v 0.007764114 0.0025487808 0.03786923
v 0.0077641206 0.043238297 0.054376416
v 0.0077641206 0.044746518 0.04420186
v 0.007764114 0.0051088883 0.047376003
v 0.007764114 0.0025487808 0.047376003
v 0.007764114 0.0051088883 0.054376416
v 0.0077641206 0.044434216 0.053998277
v 0.0077641206 0.04516812 0.053075388
v 0.0077641206 0.04516812 0.04503588
v 0.0037554044 0.03894816 0.038852897
v 0.00776412 0.03894816 0.037859328
v 0.00776412 0.03894816 0.039519124
v 0.0041107675 0.03894816 0.039786726
v 6.345461E-09 0.03894816 0.039241247
v 6.345461E-09 0.03894816 0.047932338
v 0.0041107675 0.03894816 0.047932338
v 0.0077641206 0.044746518 0.04420186
v 0.0041107675 0.03894816 0.039786726
v 0.00776412 0.03894816 0.039519124
v 0.0041107684 0.044746518 0.04420186
v 0.0041107684 0.04516812 0.04503588
v 0.0077641206 0.04516812 0.04503588
v 0.0041107684 0.04516812 0.053108815
v 0.0077641206 0.04516812 0.053075388
v 0.0041107684 0.044434216 0.053998277
v 0.0077641206 0.044434216 0.053998277
v 0.0041107684 0.043238297 0.054376416
v 0.0077641206 0.043238297 0.054376416
v 0.004110768 0.04013759 0.054376416
v 0.007764114 0.0051088883 0.054376416
v 6.539244E-09 0.04013759 0.054376416
v 4.152493E-10 0.002548782 0.054376416
v 6.8483104E-09 0.04203463 0.05314659
v 0.004110768 0.042044457 0.0531551
v 7.125559E-09 0.043736365 0.05012603
v 0.0041107684 0.04380525 0.05012603
v 0.023026869 0.002548778 0.054376416
v 0.023026869 0.0051088855 0.054376416
v 0.024951188 0.005108885 0.053920835
v 0.024951188 0.0025487777 0.05392264
v 0.02623876 0.005108885 0.052603737
v 0.02623876 0.0025487777 0.052605525
v 0.02623876 0.0025487777 0.047376003
v 0.02623876 0.005108885 0.047376003
v 0.007764114 0.0025487808 0.047376003
v 0.007764114 0.0051088883 0.047376003
v 4.152493E-10 0.002548782 0.03961712
v 4.152493E-10 0.002548782 0.054376416
v 0.0037553983 0.0025487812 0.039330814
v 0.007764114 0.0025487808 0.047376003
v 0.007764114 0.0025487808 0.03786923
v 0.023026869 0.002548778 0.054376416
v 0.02623876 0.0025487777 0.047376003
v 0.024951188 0.0025487777 0.05392264
v 0.02623876 0.0025487777 0.052605525
v 0.004110768 0.04013759 0.054376416
v 0.004110768 0.042044457 0.0531551
v 0.0041107684 0.043238297 0.054376416
v 0.0041107684 0.04380525 0.05012603
v 0.0041107684 0.044434216 0.053998277
v 0.0041107684 0.04516812 0.053108815
v 0.0041107684 0.04516812 0.04503588
v 0.0041107684 0.044746518 0.04420186
v 0.0041107684 0.044746518 0.04420186
v 0.0041107684 0.04380525 0.05012603
v 0.0041107675 0.03894816 0.047932338
v 0.0041107675 0.03894816 0.039786726
v 0.0041107675 0.03894816 0.047932338
v 0.0041107684 0.04380525 0.05012603
v 7.125559E-09 0.043736365 0.05012603
v 6.345461E-09 0.03894816 0.047932338
v -0.023026869 0.005108893 0.054376416
v -0.0077641127 0.0051088906 0.047376003
v -0.0077641127 0.0051088906 0.054376416
v -0.02623876 0.0051088934 0.047376003
v -0.024951188 0.0051088934 0.053920835
v -0.02623876 0.0051088934 0.052603737
v -0.0077641127 0.002548783 0.03786923
v -0.0037553918 0.03894816 0.038852897
v -0.0077641066 0.038948163 0.037859328
v -0.0037553976 0.0025487824 0.039330814
v 6.345461E-09 0.03894816 0.039241247
v 4.152493E-10 0.002548782 0.03961712
v -0.0077641066 0.038948163 0.039519124
v -0.0077641127 0.002548783 0.03786923
v -0.0077641066 0.038948163 0.037859328
v -0.007764106 0.043238297 0.054376416
v -0.007764106 0.044746518 0.04420186
v -0.0077641127 0.0051088906 0.047376003
v -0.0077641127 0.002548783 0.047376003
v -0.0077641127 0.0051088906 0.054376416
v -0.007764106 0.044434216 0.053998277
v -0.007764106 0.04516812 0.053075388
v -0.007764106 0.04516812 0.04503588
v -0.0037553918 0.03894816 0.038852897
v -0.0077641066 0.038948163 0.039519124
v -0.0077641066 0.038948163 0.037859328
v -0.004110755 0.03894816 0.039786726
v 6.345461E-09 0.03894816 0.039241247
v 6.345461E-09 0.03894816 0.047932338
v -0.004110755 0.03894816 0.047932338
v -0.007764106 0.044746518 0.04420186
v -0.0077641066 0.038948163 0.039519124
v -0.004110755 0.03894816 0.039786726
v -0.004110754 0.044746518 0.04420186
v -0.0041107535 0.04516812 0.04503588
v -0.007764106 0.04516812 0.04503588
v -0.0041107535 0.04516812 0.053108815
v -0.007764106 0.04516812 0.053075388
v -0.004110754 0.044434216 0.053998277
v -0.007764106 0.044434216 0.053998277
v -0.004110754 0.043238297 0.054376416
v -0.007764106 0.043238297 0.054376416
v -0.0041107545 0.04013759 0.054376416
v -0.0077641127 0.0051088906 0.054376416
v 6.539244E-09 0.04013759 0.054376416
v 4.152493E-10 0.002548782 0.054376416
v 6.8483104E-09 0.04203463 0.05314659
v -0.0041107545 0.042044457 0.0531551
v 7.125559E-09 0.043736365 0.05012603
v -0.004110754 0.04380525 0.05012603
v -0.023026869 0.0025487856 0.054376416
v -0.023026869 0.005108893 0.054376416
v -0.024951188 0.0051088934 0.053920835
v -0.024951188 0.002548786 0.05392264
v -0.02623876 0.0051088934 0.052603737
v -0.02623876 0.002548786 0.052605525
v -0.02623876 0.002548786 0.047376003
v -0.02623876 0.0051088934 0.047376003
v -0.0077641127 0.002548783 0.047376003
v -0.0077641127 0.0051088906 0.047376003
v 4.152493E-10 0.002548782 0.03961712
v -0.0037553976 0.0025487824 0.039330814
v 4.152493E-10 0.002548782 0.054376416
v -0.0077641127 0.002548783 0.047376003
v -0.0077641127 0.002548783 0.03786923
v -0.023026869 0.0025487856 0.054376416
v -0.02623876 0.002548786 0.047376003
v -0.024951188 0.002548786 0.05392264
v -0.02623876 0.002548786 0.052605525
v -0.0041107545 0.04013759 0.054376416
v -0.004110754 0.043238297 0.054376416
v -0.0041107545 0.042044457 0.0531551
v -0.004110754 0.04380525 0.05012603
v -0.004110754 0.044434216 0.053998277
v -0.0041107535 0.04516812 0.053108815
v -0.0041107535 0.04516812 0.04503588
v -0.004110754 0.044746518 0.04420186
v -0.004110754 0.044746518 0.04420186
v -0.004110755 0.03894816 0.039786726
v -0.004110755 0.03894816 0.047932338
v -0.004110754 0.04380525 0.05012603
v -0.004110755 0.03894816 0.047932338
v 6.345461E-09 0.03894816 0.047932338
v 7.125559E-09 0.043736365 0.05012603
v -0.004110754 0.04380525 0.05012603
v 0.023026869 0.0051088855 -0.054376416
v 0.007764114 0.0051088883 -0.047376003
v 0.007764114 0.0051088883 -0.054376416
v 0.02623876 0.005108885 -0.047376003
v 0.024951188 0.005108885 -0.053920835
v 0.02623876 0.005108885 -0.052603737
v 0.007764114 0.0025487808 -0.03786923
v 0.0037554044 0.03894816 -0.038852897
v 0.00776412 0.03894816 -0.037859328
v 0.0037553983 0.0025487812 -0.039330814
v 6.345461E-09 0.03894816 -0.039241247
v 4.152493E-10 0.002548782 -0.03961712
v 0.00776412 0.03894816 -0.039519124
v 0.007764114 0.0025487808 -0.03786923
v 0.00776412 0.03894816 -0.037859328
v 0.0077641206 0.043238297 -0.054376416
v 0.0077641206 0.044746518 -0.04420186
v 0.007764114 0.0051088883 -0.047376003
v 0.007764114 0.0025487808 -0.047376003
v 0.007764114 0.0051088883 -0.054376416
v 0.0077641206 0.044434216 -0.053998277
v 0.0077641206 0.04516812 -0.053075388
v 0.0077641206 0.04516812 -0.04503588
v 0.0037554044 0.03894816 -0.038852897
v 0.00776412 0.03894816 -0.039519124
v 0.00776412 0.03894816 -0.037859328
v 0.0041107675 0.03894816 -0.039786726
v 6.345461E-09 0.03894816 -0.039241247
v 6.345461E-09 0.03894816 -0.047932338
v 0.0041107675 0.03894816 -0.047932338
v 0.0077641206 0.044746518 -0.04420186
v 0.00776412 0.03894816 -0.039519124
v 0.0041107675 0.03894816 -0.039786726
v 0.0041107684 0.044746518 -0.04420186
v 0.0041107684 0.04516812 -0.04503588
v 0.0077641206 0.04516812 -0.04503588
v 0.0041107684 0.04516812 -0.053108815
v 0.0077641206 0.04516812 -0.053075388
v 0.0041107684 0.044434216 -0.053998277
v 0.0077641206 0.044434216 -0.053998277
v 0.0041107684 0.043238297 -0.054376416
v 0.0077641206 0.043238297 -0.054376416
v 0.004110768 0.04013759 -0.054376416
v 0.007764114 0.0051088883 -0.054376416
v 6.539244E-09 0.04013759 -0.054376416
v 4.152493E-10 0.002548782 -0.054376416
v 6.8483104E-09 0.04203463 -0.05314659
v 0.004110768 0.042044457 -0.0531551
v 7.125559E-09 0.043736365 -0.05012603
v 0.0041107684 0.04380525 -0.05012603
v 0.023026869 0.002548778 -0.054376416
v 0.023026869 0.0051088855 -0.054376416
v 0.024951188 0.005108885 -0.053920835
v 0.024951188 0.0025487777 -0.05392264
v 0.02623876 0.005108885 -0.052603737
v 0.02623876 0.0025487777 -0.052605525
v 0.02623876 0.0025487777 -0.047376003
v 0.02623876 0.005108885 -0.047376003
v 0.007764114 0.0025487808 -0.047376003
v 0.007764114 0.0051088883 -0.047376003
v 4.152493E-10 0.002548782 -0.03961712
v 0.0037553983 0.0025487812 -0.039330814
v 4.152493E-10 0.002548782 -0.054376416
v 0.007764114 0.0025487808 -0.047376003
v 0.007764114 0.0025487808 -0.03786923
v 0.023026869 0.002548778 -0.054376416
v 0.02623876 0.0025487777 -0.047376003
v 0.024951188 0.0025487777 -0.05392264
v 0.02623876 0.0025487777 -0.052605525
v 0.004110768 0.04013759 -0.054376416
v 0.0041107684 0.043238297 -0.054376416
v 0.004110768 0.042044457 -0.0531551
v 0.0041107684 0.04380525 -0.05012603
v 0.0041107684 0.044434216 -0.053998277
v 0.0041107684 0.04516812 -0.053108815
v 0.0041107684 0.04516812 -0.04503588
v 0.0041107684 0.044746518 -0.04420186
v 0.0041107684 0.044746518 -0.04420186
v 0.0041107675 0.03894816 -0.039786726
v 0.0041107675 0.03894816 -0.047932338
v 0.0041107684 0.04380525 -0.05012603
v 0.0041107675 0.03894816 -0.047932338
v 6.345461E-09 0.03894816 -0.047932338
v 7.125559E-09 0.043736365 -0.05012603
v 0.0041107684 0.04380525 -0.05012603
v -0.023026869 0.005108893 -0.054376416
v -0.0077641127 0.0051088906 -0.054376416
v -0.0077641127 0.0051088906 -0.047376003
v -0.02623876 0.0051088934 -0.047376003
v -0.024951188 0.0051088934 -0.053920835
v -0.02623876 0.0051088934 -0.052603737
v -0.0077641127 0.002548783 -0.03786923
v -0.0077641066 0.038948163 -0.037859328
v -0.0037553918 0.03894816 -0.038852897
v -0.0037553976 0.0025487824 -0.039330814
v 6.345461E-09 0.03894816 -0.039241247
v 4.152493E-10 0.002548782 -0.03961712
v -0.0077641066 0.038948163 -0.039519124
v -0.0077641066 0.038948163 -0.037859328
v -0.0077641127 0.002548783 -0.03786923
v -0.007764106 0.043238297 -0.054376416
v -0.007764106 0.044746518 -0.04420186
v -0.0077641127 0.0051088906 -0.047376003
v -0.0077641127 0.002548783 -0.047376003
v -0.0077641127 0.0051088906 -0.054376416
v -0.007764106 0.044434216 -0.053998277
v -0.007764106 0.04516812 -0.053075388
v -0.007764106 0.04516812 -0.04503588
v -0.0037553918 0.03894816 -0.038852897
v -0.0077641066 0.038948163 -0.037859328
v -0.0077641066 0.038948163 -0.039519124
v -0.004110755 0.03894816 -0.039786726
v 6.345461E-09 0.03894816 -0.039241247
v 6.345461E-09 0.03894816 -0.047932338
v -0.004110755 0.03894816 -0.047932338
v -0.007764106 0.044746518 -0.04420186
v -0.004110755 0.03894816 -0.039786726
v -0.0077641066 0.038948163 -0.039519124
v -0.004110754 0.044746518 -0.04420186
v -0.0041107535 0.04516812 -0.04503588
v -0.007764106 0.04516812 -0.04503588
v -0.0041107535 0.04516812 -0.053108815
v -0.007764106 0.04516812 -0.053075388
v -0.004110754 0.044434216 -0.053998277
v -0.007764106 0.044434216 -0.053998277
v -0.004110754 0.043238297 -0.054376416
v -0.007764106 0.043238297 -0.054376416
v -0.0041107545 0.04013759 -0.054376416
v -0.0077641127 0.0051088906 -0.054376416
v 6.539244E-09 0.04013759 -0.054376416
v 4.152493E-10 0.002548782 -0.054376416
v 6.8483104E-09 0.04203463 -0.05314659
v -0.0041107545 0.042044457 -0.0531551
v 7.125559E-09 0.043736365 -0.05012603
v -0.004110754 0.04380525 -0.05012603
v -0.023026869 0.0025487856 -0.054376416
v -0.023026869 0.005108893 -0.054376416
v -0.024951188 0.0051088934 -0.053920835
v -0.024951188 0.002548786 -0.05392264
v -0.02623876 0.0051088934 -0.052603737
v -0.02623876 0.002548786 -0.052605525
v -0.02623876 0.002548786 -0.047376003
v -0.02623876 0.0051088934 -0.047376003
v -0.0077641127 0.002548783 -0.047376003
v -0.0077641127 0.0051088906 -0.047376003
v 4.152493E-10 0.002548782 -0.03961712
v 4.152493E-10 0.002548782 -0.054376416
v -0.0037553976 0.0025487824 -0.039330814
v -0.0077641127 0.002548783 -0.047376003
v -0.0077641127 0.002548783 -0.03786923
v -0.023026869 0.0025487856 -0.054376416
v -0.02623876 0.002548786 -0.047376003
v -0.024951188 0.002548786 -0.05392264
v -0.02623876 0.002548786 -0.052605525
v -0.0041107545 0.04013759 -0.054376416
v -0.0041107545 0.042044457 -0.0531551
v -0.004110754 0.043238297 -0.054376416
v -0.004110754 0.04380525 -0.05012603
v -0.004110754 0.044434216 -0.053998277
v -0.0041107535 0.04516812 -0.053108815
v -0.0041107535 0.04516812 -0.04503588
v -0.004110754 0.044746518 -0.04420186
v -0.004110754 0.044746518 -0.04420186
v -0.004110754 0.04380525 -0.05012603
v -0.004110755 0.03894816 -0.047932338
v -0.004110755 0.03894816 -0.039786726
v -0.004110755 0.03894816 -0.047932338
v -0.004110754 0.04380525 -0.05012603
v 7.125559E-09 0.043736365 -0.05012603
v 6.345461E-09 0.03894816 -0.047932338
v 0.002171045 -0.039814968 -0.04404216
v 0.0041331276 -0.03839624 -0.047011044
v 0.0041331267 -0.039814968 -0.04404216
v -1.1661797E-09 -0.03839624 -0.047011044
v -1.6179408E-09 -0.038977034 -0.044636134
v -0.0021710487 -0.039814968 -0.04404216
v 0.004133127 -0.04025802 -0.049724143
v -0.00413313 -0.03839624 -0.047011044
v -0.004133131 -0.039814968 -0.04404216
v -1.3178902E-09 -0.04025802 -0.049724143
v -0.0041331304 -0.04025802 -0.049724143
v -2.2175197E-09 -0.043538522 -0.049468346
v -0.0041331314 -0.043538522 -0.049468346
v 0.004133126 -0.043538522 -0.049468346
v -0.004133132 -0.044957247 -0.046499472
v -2.9654414E-09 -0.044957254 -0.04649946
v 0.0041331258 -0.044957254 -0.04649946
v -0.0021710496 -0.04309547 -0.043786366
v -0.004133132 -0.04309547 -0.043786366
v -0.004133131 -0.039814968 -0.04404216
v -0.0021710487 -0.039814968 -0.04404216
v -2.9996257E-09 -0.04401536 -0.044243272
v 0.002171044 -0.04309547 -0.043786366
v 0.0041331258 -0.04309547 -0.043786366
v 0.0041331267 -0.039814968 -0.04404216
v 0.002171045 -0.039814968 -0.04404216
v -0.0021710487 -0.039814968 -0.04404216
v -1.6179408E-09 -0.038977034 -0.044636134
v -4.8793014E-09 -0.03679914 -0.016708447
v -0.0021872912 -0.037821844 -0.016628018
v -0.0021872912 -0.040814746 -0.016396021
v -0.0021710496 -0.04309547 -0.043786366
v -6.2609864E-09 -0.041837458 -0.016315587
v -2.9996257E-09 -0.04401536 -0.044243272
v 0.002171044 -0.04309547 -0.043786366
v 0.0021872793 -0.04081475 -0.016396021
v 0.002187281 -0.037821844 -0.016628018
v 0.002171045 -0.039814968 -0.04404216
v -4.8793014E-09 -0.03679914 -0.016708447
v -1.6179408E-09 -0.038977034 -0.044636134
v 0.002187281 -0.037821844 -0.016628018
v 0.0021872793 -0.04081475 -0.016396021
v -6.2609864E-09 -0.041837458 -0.016315587
v -4.8793014E-09 -0.03679914 -0.016708447
v -0.0021872912 -0.037821844 -0.016628018
v -0.0021872912 -0.040814746 -0.016396021
v 0.081154495 -0.017527785 0.02577708
v 0.081154495 -0.05210225 0.013504405
v 0.081154495 -0.018187998 0.028409515
v 0.081154495 -0.05210225 -0.013504405
v 0.081154495 -0.017527785 -0.02577708
v 0.081154495 -0.018187998 -0.028409515
v 0.081154495 -0.013401617 0.027479185
v 0.081154495 -0.013401617 -0.027479185
v 0.081154495 -0.011269671 0.027479185
v 0.081154495 -0.011269671 -0.027479185
v 0.081154495 0.011269669 -0.027479185
v 0.081154495 0.011269669 0.027479185
v 0.081154495 0.013401615 -0.027479185
v 0.081154495 0.013401615 0.027479185
v 0.081154495 0.017527783 -0.02577708
v 0.081154495 0.017527783 0.02577708
v 0.081154495 0.052102245 0.013504405
v 0.081154495 0.018187994 0.028409515
v 0.081154495 0.052102245 -0.013504405
v 0.081154495 0.018187994 -0.028409515
v 0.06502249 -0.006734023 0.05833504
v 0.06502249 0.0067340205 0.058335036
v 0.06727494 0.006734022 0.05786167
v 0.06727494 -0.0067340224 0.05786167
v 0.06797531 0.006734021 0.056501083
v 0.06797531 -0.006734023 0.056501083
v 0.06806622 0.006734021 0.041299976
v 0.06806622 -0.006734023 0.041299976
v 0.068458706 0.006734021 0.04031536
v 0.068458706 -0.006734023 0.04031536
v 0.080556035 -0.011269672 0.02935837
v 0.081154495 0.011269669 0.027479185
v 0.081154495 -0.011269671 0.027479185
v 0.080556035 0.011269669 0.02935837
v 0.068458706 -0.006734023 0.04031536
v 0.06549458 -0.01126978 0.04299784
v 0.068458706 0.006734021 0.04031536
v 0.06681163 -0.0067340224 0.04180679
v 0.06549458 0.011269778 0.04299784
v 0.06681163 0.006734022 0.04180679
v 0.06727494 0.006734022 -0.05786167
v 0.06502249 0.0067340205 -0.058335036
v 0.06502249 -0.006734023 -0.05833504
v 0.06727494 -0.0067340224 -0.05786167
v 0.06797531 0.006734021 -0.056501083
v 0.06797531 -0.006734023 -0.056501083
v 0.06806622 0.006734021 -0.041299976
v 0.06806622 -0.006734023 -0.041299976
v 0.068458706 0.006734021 -0.04031536
v 0.068458706 -0.006734023 -0.04031536
v 0.081154495 0.011269669 -0.027479185
v 0.080556035 -0.011269672 -0.02935837
v 0.081154495 -0.011269671 -0.027479185
v 0.080556035 0.011269669 -0.02935837
v 0.068458706 -0.006734023 -0.04031536
v 0.06549458 -0.01126978 -0.04299784
v 0.068458706 0.006734021 -0.04031536
v 0.06681163 -0.0067340224 -0.04180679
v 0.06549458 0.011269778 -0.04299784
v 0.06681163 0.006734022 -0.04180679
v 0.066636406 0.08685439 0
v 0.06663226 0.08685461 -0.014454583
v 0.081154495 0.052102245 -0.013504405
v 0.081154495 0.052102245 0.013504405
v 0.06663226 0.08685461 0.014454583
v 0.06808967 0.06451731 0.03382722
v 0.081154495 0.052102245 0.013504405
v 0.081154495 0.018187994 0.028409515
v 0.06685542 0.024956482 0.055345535
v 0.06808967 0.06451731 -0.03382722
v 0.06685542 0.024956482 -0.055345535
v 0.081154495 0.018187994 -0.028409515
v 0.081154495 0.052102245 -0.013504405
v 0.06663639 -0.08685439 0
v 0.06663226 -0.0868546 0.014454583
v 0.081154495 -0.05210225 0.013504405
v 0.081154495 -0.05210225 -0.013504405
v 0.06663226 -0.0868546 -0.014454583
v 0.06808968 -0.06451731 0.03382722
v 0.06685543 -0.024956485 0.055345535
v 0.081154495 -0.018187998 0.028409515
v 0.081154495 -0.05210225 0.013504405
v 0.06808968 -0.06451731 -0.03382722
v 0.081154495 -0.05210225 -0.013504405
v 0.081154495 -0.018187998 -0.028409515
v 0.06685543 -0.024956485 -0.055345535
v 0.06808967 0.06451731 0.03382722
v 0.06685542 0.024956482 0.055345535
v 0.06520296 0.024957998 0.055345163
v 0.060307834 0.024961893 0.05534418
v 0.058757365 0.064524174 0.03382549
v 0.06663226 0.08685461 0.014454583
v 0.058757372 0.086882964 0.014504343
v 0.058757365 0.041439865 0.046381738
v 0.058757376 0.024963332 0.055343814
v 0.058757372 0.086882964 0.014504343
v 0.058757372 0.086882986 0
v 0.066636406 0.08685439 0
v 0.06663226 0.08685461 0.014454583
v 0.055027194 0.011269669 0.053545672
v 0.05573278 0.011269669 0.054898728
v 0.05188748 0.011269671 0.054898728
v 0.05841116 0.011269669 0.054631986
v 0.05733051 0.011269669 0.051348977
v 0.06044768 0.011269669 0.0522392
v 0.058968313 0.011269669 0.04798429
v 0.06068967 0.011269669 0.04798429
v 0.06068967 0.011269669 0.04438627
v 0.05926165 0.011269669 0.027479185
v 0.061555132 0.011269671 0.043654483
v 0.06549458 0.011269778 0.04299784
v 0.080556035 0.011269669 0.02935837
v 0.081154495 0.011269669 0.027479185
v 0.059036743 0.013407235 0.027479185
v 0.05875738 0.017529106 0.025750196
v 0.081154495 0.017527783 0.02577708
v 0.081154495 0.013401615 0.027479185
v 0.05926165 0.011269669 0.027479185
v 0.081154495 0.011269669 0.027479185
v 0.058757365 0.041439865 0.046381738
v 0.058757376 0.024963332 0.055343814
v 0.058757365 0.026072895 0.053083386
v 0.05875738 0.017529106 0.025750196
v 0.060307834 0.022300119 0.04899248
v 0.060307834 0.023305787 0.04850922
v 0.060307834 0.024961893 0.05534418
v 0.060307834 0.022936264 0.055996392
v 0.06030784 -7.191636E-10 0.055996392
v 0.06030784 -7.191636E-10 0.04899248
v 0.060307834 0.022300119 0.04899248
v 0.06520296 0.023267785 0.048373017
v 0.060307834 0.023305787 0.04850922
v 0.06520296 0.02228251 0.048852187
v 0.06030784 -7.191636E-10 0.04899248
v 0.06520296 -7.7753726E-10 0.048852187
v 0.06520296 0.02228251 0.048852187
v 0.06520296 0.024957998 0.055345163
v 0.06520296 0.023267785 0.048373017
v 0.06520296 0.02293227 0.055996783
v 0.06520296 -7.7753726E-10 0.055996783
v 0.06520296 -7.7753726E-10 0.048852187
v 0.06520296 0.02293227 0.055996783
v 0.060307834 0.024961893 0.05534418
v 0.06520296 0.024957998 0.055345163
v 0.060307834 0.022936264 0.055996392
v 0.06520296 -7.7753726E-10 0.055996783
v 0.06030784 -7.191636E-10 0.055996392
v 0.081154495 0.018187994 0.028409515
v 0.081154495 0.017527783 0.02577708
v 0.05875738 0.017529106 0.025750196
v 0.06520296 0.023267785 0.048373017
v 0.06685542 0.024956482 0.055345535
v 0.06520296 0.024957998 0.055345163
v 0.060307834 0.023305787 0.04850922
v 0.058757376 0.024963332 0.055343814
v 0.060307834 0.024961893 0.05534418
v 0.05357734 0.011224105 0.010924294
v 0.05357734 0.011224105 0
v 0.05357734 0.04088704 0.010924294
v 0.053577345 0.049832158 0
v 0.053577345 0.049897913 0.012988465
v 0.053577345 0.045249667 0.014834377
v 0.058757372 0.086882986 0
v 0.058757372 0.049897924 0.012988465
v 0.058757372 0.04983216 0
v 0.058757372 0.086882964 0.014504343
v 0.058757365 0.064524174 0.03382549
v 0.058757365 0.0412692 0.016390426
v 0.058757365 0.041439865 0.046381738
v 0.058757372 0.049897924 0.012988465
v 0.053577345 0.049897913 0.012988465
v 0.053577345 0.049832158 0
v 0.058757372 0.04983216 0
v 0.058757372 0.049897924 0.012988465
v 0.058757365 0.0412692 0.016390426
v 0.053577345 0.045249667 0.014834377
v 0.053577345 0.049897913 0.012988465
v 0.06808967 0.06451731 -0.03382722
v 0.06520296 0.024957998 -0.055345163
v 0.06685542 0.024956482 -0.055345535
v 0.060307834 0.024961893 -0.05534418
v 0.058757365 0.064524174 -0.03382549
v 0.06663226 0.08685461 -0.014454583
v 0.058757372 0.086882964 -0.014504343
v 0.058757365 0.041439865 -0.046381738
v 0.058757376 0.024963332 -0.055343814
v 0.058757372 0.086882964 -0.014504343
v 0.06663226 0.08685461 -0.014454583
v 0.066636406 0.08685439 0
v 0.058757372 0.086882986 0
v 0.055027194 0.011269669 -0.053545672
v 0.05188748 0.011269671 -0.054898728
v 0.05573278 0.011269669 -0.054898728
v 0.05841116 0.011269669 -0.054631986
v 0.05733051 0.011269669 -0.051348977
v 0.06044768 0.011269669 -0.0522392
v 0.058968313 0.011269669 -0.04798429
v 0.06068967 0.011269669 -0.04798429
v 0.06068967 0.011269669 -0.04438627
v 0.05926165 0.011269669 -0.027479185
v 0.061555132 0.011269671 -0.043654483
v 0.06549458 0.011269778 -0.04299784
v 0.080556035 0.011269669 -0.02935837
v 0.081154495 0.011269669 -0.027479185
v 0.059036743 0.013407235 -0.027479185
v 0.081154495 0.017527783 -0.02577708
v 0.05875738 0.017529106 -0.025750196
v 0.081154495 0.013401615 -0.027479185
v 0.05926165 0.011269669 -0.027479185
v 0.081154495 0.011269669 -0.027479185
v 0.058757365 0.041439865 -0.046381738
v 0.058757365 0.026072895 -0.053083386
v 0.058757376 0.024963332 -0.055343814
v 0.05875738 0.017529106 -0.025750196
v 0.060307834 0.022300119 -0.04899248
v 0.060307834 0.024961893 -0.05534418
v 0.060307834 0.023305787 -0.04850922
v 0.060307834 0.022936264 -0.055996392
v 0.06030784 -7.191636E-10 -0.055996392
v 0.06030784 -7.191636E-10 -0.04899248
v 0.060307834 0.022300119 -0.04899248
v 0.060307834 0.023305787 -0.04850922
v 0.06520296 0.023267785 -0.048373017
v 0.06520296 0.02228251 -0.048852187
v 0.06030784 -7.191636E-10 -0.04899248
v 0.06520296 -7.7753726E-10 -0.048852187
v 0.06520296 0.02228251 -0.048852187
v 0.06520296 0.023267785 -0.048373017
v 0.06520296 0.024957998 -0.055345163
v 0.06520296 0.02293227 -0.055996783
v 0.06520296 -7.7753726E-10 -0.055996783
v 0.06520296 -7.7753726E-10 -0.048852187
v 0.06520296 0.02293227 -0.055996783
v 0.06520296 0.024957998 -0.055345163
v 0.060307834 0.024961893 -0.05534418
v 0.060307834 0.022936264 -0.055996392
v 0.06520296 -7.7753726E-10 -0.055996783
v 0.06030784 -7.191636E-10 -0.055996392
v 0.081154495 0.018187994 -0.028409515
v 0.05875738 0.017529106 -0.025750196
v 0.081154495 0.017527783 -0.02577708
v 0.06520296 0.023267785 -0.048373017
v 0.06685542 0.024956482 -0.055345535
v 0.06520296 0.024957998 -0.055345163
v 0.060307834 0.023305787 -0.04850922
v 0.058757376 0.024963332 -0.055343814
v 0.060307834 0.024961893 -0.05534418
v 0.05357734 0.011224105 -0.010924294
v 0.05357734 0.04088704 -0.010924294
v 0.05357734 0.011224105 0
v 0.053577345 0.049832158 0
v 0.053577345 0.049897913 -0.012988465
v 0.053577345 0.045249667 -0.014834377
v 0.058757372 0.086882986 0
v 0.058757372 0.04983216 0
v 0.058757372 0.049897924 -0.012988465
v 0.058757372 0.086882964 -0.014504343
v 0.058757365 0.064524174 -0.03382549
v 0.058757365 0.0412692 -0.016390426
v 0.058757365 0.041439865 -0.046381738
v 0.058757372 0.049897924 -0.012988465
v 0.058757372 0.04983216 0
v 0.053577345 0.049832158 0
v 0.053577345 0.049897913 -0.012988465
v 0.058757372 0.049897924 -0.012988465
v 0.053577345 0.049897913 -0.012988465
v 0.053577345 0.045249667 -0.014834377
v 0.058757365 0.0412692 -0.016390426
v 0.06808968 -0.06451731 0.03382722
v 0.06520296 -0.024958 0.055345163
v 0.06685543 -0.024956485 0.055345535
v 0.06030784 -0.024961893 0.05534418
v 0.058757372 -0.06452417 0.03382549
v 0.06663226 -0.0868546 0.014454583
v 0.058757365 -0.086882964 0.014504343
v 0.058757372 -0.041439865 0.046381738
v 0.058757376 -0.024963336 0.055343814
v 0.058757365 -0.086882964 0.014504343
v 0.06663226 -0.0868546 0.014454583
v 0.06663639 -0.08685439 0
v 0.058757365 -0.086882986 0
v 0.055027194 -0.011269672 0.053545672
v 0.05188748 -0.011269671 0.054898728
v 0.05573278 -0.011269672 0.054898728
v 0.05841116 -0.011269671 0.054631986
v 0.05733051 -0.011269671 0.051348977
v 0.06044768 -0.011269671 0.0522392
v 0.058968313 -0.011269671 0.04798429
v 0.06068967 -0.011269671 0.04798429
v 0.06068967 -0.011269671 0.04438627
v 0.05926165 -0.011269671 0.027479185
v 0.061555132 -0.011269671 0.043654483
v 0.06549458 -0.01126978 0.04299784
v 0.080556035 -0.011269672 0.02935837
v 0.081154495 -0.011269671 0.027479185
v 0.059036743 -0.013407236 0.027479185
v 0.081154495 -0.017527785 0.02577708
v 0.058757372 -0.017529108 0.025750196
v 0.081154495 -0.013401617 0.027479185
v 0.05926165 -0.011269671 0.027479185
v 0.081154495 -0.011269671 0.027479185
v 0.058757372 -0.041439865 0.046381738
v 0.058757372 -0.026072897 0.053083386
v 0.058757376 -0.024963336 0.055343814
v 0.058757372 -0.017529108 0.025750196
v 0.06030784 -0.02230012 0.04899248
v 0.06030784 -0.024961893 0.05534418
v 0.06030784 -0.023305787 0.04850922
v 0.06030784 -0.022936268 0.055996392
v 0.06030784 -7.191636E-10 0.055996392
v 0.06030784 -7.191636E-10 0.04899248
v 0.06030784 -0.02230012 0.04899248
v 0.06030784 -0.023305787 0.04850922
v 0.06520296 -0.023267785 0.048373017
v 0.06520296 -0.022282507 0.048852187
v 0.06030784 -7.191636E-10 0.04899248
v 0.06520296 -7.7753726E-10 0.048852187
v 0.06520296 -0.022282507 0.048852187
v 0.06520296 -0.023267785 0.048373017
v 0.06520296 -0.024958 0.055345163
v 0.06520296 -0.02293227 0.055996783
v 0.06520296 -7.7753726E-10 0.055996783
v 0.06520296 -7.7753726E-10 0.048852187
v 0.06520296 -0.02293227 0.055996783
v 0.06520296 -0.024958 0.055345163
v 0.06030784 -0.024961893 0.05534418
v 0.06030784 -0.022936268 0.055996392
v 0.06520296 -7.7753726E-10 0.055996783
v 0.06030784 -7.191636E-10 0.055996392
v 0.081154495 -0.018187998 0.028409515
v 0.058757372 -0.017529108 0.025750196
v 0.081154495 -0.017527785 0.02577708
v 0.06520296 -0.023267785 0.048373017
v 0.06685543 -0.024956485 0.055345535
v 0.06520296 -0.024958 0.055345163
v 0.06030784 -0.023305787 0.04850922
v 0.058757376 -0.024963336 0.055343814
v 0.06030784 -0.024961893 0.05534418
v 0.05357734 -0.011224105 0.010924294
v 0.05357734 -0.04088704 0.010924294
v 0.05357734 -0.011224105 0
v 0.053577337 -0.04983216 0
v 0.053577337 -0.049897924 0.012988465
v 0.053577337 -0.04524967 0.014834377
v 0.058757365 -0.086882986 0
v 0.058757365 -0.049832158 0
v 0.058757365 -0.049897917 0.012988465
v 0.058757365 -0.086882964 0.014504343
v 0.058757372 -0.06452417 0.03382549
v 0.058757372 -0.0412692 0.016390426
v 0.058757372 -0.041439865 0.046381738
v 0.058757365 -0.049897917 0.012988465
v 0.058757365 -0.049832158 0
v 0.053577337 -0.04983216 0
v 0.053577337 -0.049897924 0.012988465
v 0.058757365 -0.049897917 0.012988465
v 0.053577337 -0.049897924 0.012988465
v 0.053577337 -0.04524967 0.014834377
v 0.058757372 -0.0412692 0.016390426
v 0.06808968 -0.06451731 -0.03382722
v 0.06685543 -0.024956485 -0.055345535
v 0.06520296 -0.024958 -0.055345163
v 0.06030784 -0.024961893 -0.05534418
v 0.058757372 -0.06452417 -0.03382549
v 0.06663226 -0.0868546 -0.014454583
v 0.058757365 -0.086882964 -0.014504343
v 0.058757372 -0.041439865 -0.046381738
v 0.058757376 -0.024963336 -0.055343814
v 0.058757365 -0.086882964 -0.014504343
v 0.058757365 -0.086882986 0
v 0.06663639 -0.08685439 0
v 0.06663226 -0.0868546 -0.014454583
v 0.055027194 -0.011269672 -0.053545672
v 0.05573278 -0.011269672 -0.054898728
v 0.05188748 -0.011269671 -0.054898728
v 0.05841116 -0.011269671 -0.054631986
v 0.05733051 -0.011269671 -0.051348977
v 0.06044768 -0.011269671 -0.0522392
v 0.058968313 -0.011269671 -0.04798429
v 0.06068967 -0.011269671 -0.04798429
v 0.06068967 -0.011269671 -0.04438627
v 0.05926165 -0.011269671 -0.027479185
v 0.061555132 -0.011269671 -0.043654483
v 0.06549458 -0.01126978 -0.04299784
v 0.080556035 -0.011269672 -0.02935837
v 0.081154495 -0.011269671 -0.027479185
v 0.059036743 -0.013407236 -0.027479185
v 0.058757372 -0.017529108 -0.025750196
v 0.081154495 -0.017527785 -0.02577708
v 0.081154495 -0.013401617 -0.027479185
v 0.05926165 -0.011269671 -0.027479185
v 0.081154495 -0.011269671 -0.027479185
v 0.058757372 -0.041439865 -0.046381738
v 0.058757376 -0.024963336 -0.055343814
v 0.058757372 -0.026072897 -0.053083386
v 0.058757372 -0.017529108 -0.025750196
v 0.06030784 -0.02230012 -0.04899248
v 0.06030784 -0.023305787 -0.04850922
v 0.06030784 -0.024961893 -0.05534418
v 0.06030784 -0.022936268 -0.055996392
v 0.06030784 -7.191636E-10 -0.055996392
v 0.06030784 -7.191636E-10 -0.04899248
v 0.06030784 -0.02230012 -0.04899248
v 0.06520296 -0.023267785 -0.048373017
v 0.06030784 -0.023305787 -0.04850922
v 0.06520296 -0.022282507 -0.048852187
v 0.06030784 -7.191636E-10 -0.04899248
v 0.06520296 -7.7753726E-10 -0.048852187
v 0.06520296 -0.022282507 -0.048852187
v 0.06520296 -0.024958 -0.055345163
v 0.06520296 -0.023267785 -0.048373017
v 0.06520296 -0.02293227 -0.055996783
v 0.06520296 -7.7753726E-10 -0.055996783
v 0.06520296 -7.7753726E-10 -0.048852187
v 0.06520296 -0.02293227 -0.055996783
v 0.06030784 -0.024961893 -0.05534418
v 0.06520296 -0.024958 -0.055345163
v 0.06030784 -0.022936268 -0.055996392
v 0.06520296 -7.7753726E-10 -0.055996783
v 0.06030784 -7.191636E-10 -0.055996392
v 0.081154495 -0.018187998 -0.028409515
v 0.081154495 -0.017527785 -0.02577708
v 0.058757372 -0.017529108 -0.025750196
v 0.06520296 -0.023267785 -0.048373017
v 0.06685543 -0.024956485 -0.055345535
v 0.06520296 -0.024958 -0.055345163
v 0.06030784 -0.023305787 -0.04850922
v 0.058757376 -0.024963336 -0.055343814
v 0.06030784 -0.024961893 -0.05534418
v 0.05357734 -0.011224105 -0.010924294
v 0.05357734 -0.011224105 0
v 0.05357734 -0.04088704 -0.010924294
v 0.053577337 -0.04983216 0
v 0.053577337 -0.049897924 -0.012988465
v 0.053577337 -0.04524967 -0.014834377
v 0.058757365 -0.086882986 0
v 0.058757365 -0.049897917 -0.012988465
v 0.058757365 -0.049832158 0
v 0.058757365 -0.086882964 -0.014504343
v 0.058757372 -0.06452417 -0.03382549
v 0.058757372 -0.0412692 -0.016390426
v 0.058757372 -0.041439865 -0.046381738
v 0.058757365 -0.049897917 -0.012988465
v 0.053577337 -0.049897924 -0.012988465
v 0.053577337 -0.04983216 0
v 0.058757365 -0.049832158 0
v 0.058757365 -0.049897917 -0.012988465
v 0.058757372 -0.0412692 -0.016390426
v 0.053577337 -0.04524967 -0.014834377
v 0.053577337 -0.049897924 -0.012988465
v 0.03184478 0.024682496 0.070880204
v 0.021664307 0.024564087 0.054898728
v 0.021664307 0.024577208 0.070880204
v 0.05188748 0.024524527 0.054898728
v 0.05816124 0.024808343 0.055935763
v 0.058726538 0.024719698 0.054184172
v 0.055027194 0.024524447 0.053644855
v 0.057573676 0.024524402 0.051726386
v 0.05896831 0.024485681 0.048418224
v 0.031690475 0.02627552 0.070880204
v 0.05816124 0.024808343 0.055935763
v 0.03184478 0.024682496 0.070880204
v 0.05816124 0.04141939 0.055935763
v 0.058726538 0.024719698 0.054184172
v 0.058757365 0.041776408 0.054184172
v 0.054800875 0.045365103 0.054184172
v 0.053975552 0.044788703 0.055935763
v 0.021664307 0.045365103 0.054184172
v 0.030047847 0.027427504 0.070880204
v 0.021664307 0.0447887 0.055935763
v 0.021664307 0.027168412 0.070880204
v 0.021664307 0.024577208 0.070880204
v 0.021664307 0.027168412 0.070880204
v 0.030047847 0.027427504 0.070880204
v 0.03184478 0.024682496 0.070880204
v 0.031690475 0.02627552 0.070880204
v 0.054900985 0.045365103 0.0133098895
v 0.047160953 0.045365103 0.02016216
v 0.048594467 0.045365103 0.0133098895
v 0.054800875 0.045365103 0.054184172
v 0.04187269 0.04536511 0.029226528
v 0.037199277 0.04536511 0.03432504
v 0.030222716 0.04536511 0.03997024
v 0.021664307 0.045365103 0.054184172
v 0.021664307 0.045365103 0.042963494
v 0.058723472 0.041910544 0.044207837
v 0.05862337 0.042306356 0.014767958
v 0.058757365 0.041776408 0.054184172
v 0.058726538 0.024719698 0.054184172
v 0.021664307 0.04235355 0.042970575
v 0.030222716 0.04536511 0.03997024
v 0.021664307 0.045365103 0.042963494
v 0.030222716 0.04235355 0.03997024
v 0.037199277 0.04536511 0.03432504
v 0.037199277 0.04235355 0.03432504
v 0.04187269 0.04536511 0.029226528
v 0.041872688 0.04235355 0.029226528
v 0.047160953 0.045365103 0.02016216
v 0.04716095 0.042353548 0.02016216
v 0.048594464 0.042353548 0.0133098895
v 0.048594467 0.045365103 0.0133098895
v 0.048594467 0.045165084 0.010096922
v 0.048594464 0.042353548 0.010096922
v 0.049230527 0.04692483 0.010096922
v 0.049230527 0.04692483 0.0133098895
v 0.021664307 0.038803585 0.038508117
v 0.030222716 0.04235355 0.03997024
v 0.021664307 0.04235355 0.042970575
v 0.027980927 0.038803585 0.0355237
v 0.037199277 0.04235355 0.03432504
v 0.034005854 0.038803585 0.031024221
v 0.041872688 0.04235355 0.029226528
v 0.03846944 0.038803585 0.02612858
v 0.042246673 0.038803585 0.018802289
v 0.04716095 0.042353548 0.02016216
v 0.048594464 0.042353548 0.0133098895
v 0.043614134 0.038803585 0.010096922
v 0.048594464 0.042353548 0.010096922
v 0.029556444 0.014313622 0.043919913
v 0.021664307 0.014313622 0.043919913
v 0.021664307 0.014313622 0.054898728
v 0.029556444 0.014313622 0.054898728
v 0.049230527 0.04692483 0.0133098895
v 0.054900985 0.04707458 0.0133098895
v 0.054900985 0.045365103 0.0133098895
v 0.048594467 0.045365103 0.0133098895
v 0.049230527 0.04692483 0.010096922
v 0.054900985 0.04707458 0.010096922
v 0.054900985 0.04707458 0.0133098895
v 0.049230527 0.04692483 0.0133098895
v 0.0550294 0.011269669 0.010096922
v 0.047382325 0.011269671 0.010096922
v 0.047382336 0.011269671 0
v 0.055054195 0.011269669 0
v 0.055782054 0.0040806546 0.054898728
v 0.05700601 0.004080654 0.052433506
v 0.05550774 0.0040806546 0.053729247
v 0.05835087 0.0040806546 0.054631986
v 0.060399283 0.0040806546 0.052275103
v 0.058321208 0.0040806546 0.050360408
v 0.060641263 0.0040806546 0.04798429
v 0.058965642 0.0040806546 0.048317924
v 0.021664307 0.027168412 0.070880204
v 0.021664307 0.024577208 0.070880204
v 0.021664307 0.024564087 0.054898728
v 0.021664307 0.0447887 0.055935763
v 0.021664307 0.045365103 0.054184172
v 0.021664307 0.04235355 0.042970575
v 0.021664307 0.045365103 0.042963494
v 0.021664307 0.014313622 0.043919913
v 0.021664307 0.014313622 0.054898728
v 0.021664307 0.038803585 0.038508117
v 0.021664305 -0.038803585 0.038508117
v 0.021664305 -0.014313623 0.043919913
v 0.021664305 -0.04235355 0.042970575
v 0.021664307 -0.024564084 0.054898728
v 0.021664305 -0.014313623 0.054898728
v 0.021664307 -0.04536511 0.054184172
v 0.021664307 -0.04536511 0.042963494
v 0.021664307 -0.044788703 0.055935763
v 0.021664307 -0.02716841 0.070880204
v 0.021664307 -0.024577204 0.070880204
v 0.029556444 0.014313622 0.054898728
v 0.021664307 0.014313622 0.054898728
v 0.021664307 0.024564087 0.054898728
v 0.05188748 0.024524527 0.054898728
v 0.05188748 0.011269671 0.054898728
v 0.055027194 0.024524447 0.053644855
v 0.029556446 -0.014313623 0.054898728
v 0.055027194 0.011269669 0.053545672
v 0.057573676 0.024524402 0.051726386
v 0.05733051 0.011269669 0.051348977
v 0.05896831 0.024485681 0.048418224
v 0.058968313 0.011269669 0.04798429
v 0.059036743 0.013407235 0.027479185
v 0.05926165 0.011269669 0.027479185
v 0.05875738 0.017529106 0.025750196
v 0.05188748 -0.011269671 0.054898728
v 0.055782054 0.0040806546 0.054898728
v 0.05573278 0.011269669 0.054898728
v 0.05841116 0.011269669 0.054631986
v 0.05835087 0.0040806546 0.054631986
v 0.06044768 0.011269669 0.0522392
v 0.060399283 0.0040806546 0.052275103
v 0.06068967 0.011269669 0.04798429
v 0.060641263 0.0040806546 0.04798429
v 0.06068967 0.011269669 0.04438627
v 0.060641263 -0.004080656 0.04798429
v 0.055782054 -0.0040806555 0.054898728
v 0.06068967 -0.011269671 0.04438627
v 0.061555132 0.011269671 0.043654483
v 0.06068967 -0.011269671 0.04798429
v 0.061555132 -0.011269671 0.043654483
v 0.06549458 0.011269778 0.04299784
v 0.06549458 -0.01126978 0.04299784
v 0.060399283 -0.004080656 0.052275103
v 0.06044768 -0.011269671 0.0522392
v 0.05835087 -0.004080656 0.054631986
v 0.05841116 -0.011269671 0.054631986
v 0.05573278 -0.011269672 0.054898728
v 0.055027194 -0.011269672 0.053545672
v 0.055027194 -0.02452445 0.053644855
v 0.05188748 -0.024524529 0.054898728
v 0.05757368 -0.024524404 0.051726386
v 0.021664307 -0.024564084 0.054898728
v 0.021664305 -0.014313623 0.054898728
v 0.05733051 -0.011269671 0.051348977
v 0.058968313 -0.024485683 0.048418224
v 0.058968313 -0.011269671 0.04798429
v 0.059036743 -0.013407236 0.027479185
v 0.05926165 -0.011269671 0.027479185
v 0.058757372 -0.017529108 0.025750196
v 0.054900985 0.04707458 0.010096922
v 0.049230527 0.04692483 0.010096922
v 0.048594467 0.045165084 0.010096922
v 0.048594464 0.042353548 0.010096922
v 0.0550294 0.011269669 0.010096922
v 0.043614134 0.038803585 0.010096922
v 0.047382325 0.011269671 0.010096922
v 0.04738233 -0.011269671 0.010096922
v 0.043614134 -0.038803585 0.010096922
v 0.0550294 -0.011269672 0.010096922
v 0.048594464 -0.04235356 0.010096922
v 0.054900978 -0.04707458 0.010096922
v 0.04859446 -0.045165095 0.010096922
v 0.049230523 -0.04692483 0.010096922
v 0.029556444 0.014313622 0.043919913
v 0.029556446 -0.014313623 0.043919913
v 0.021664305 -0.014313623 0.043919913
v 0.021664307 0.014313622 0.043919913
v 0.029556444 0.014313622 0.054898728
v 0.029556446 -0.014313623 0.054898728
v 0.029556446 -0.014313623 0.043919913
v 0.029556444 0.014313622 0.043919913
v 0.047382336 0.011269671 0
v 0.047382325 0.011269671 0.010096922
v 0.04738233 -0.011269671 0.010096922
v 0.04738234 -0.011269671 0
v 0.021664307 0.038803585 0.038508117
v 0.021664305 -0.038803585 0.038508117
v 0.027980926 -0.038803585 0.0355237
v 0.027980927 0.038803585 0.0355237
v 0.034005854 -0.038803585 0.031024221
v 0.034005854 0.038803585 0.031024221
v 0.03846944 -0.038803585 0.02612858
v 0.03846944 0.038803585 0.02612858
v 0.042246673 -0.038803585 0.018802289
v 0.042246673 0.038803585 0.018802289
v 0.043614134 -0.038803585 0.010096922
v 0.043614134 0.038803585 0.010096922
v 0.055782054 -0.0040806555 0.054898728
v 0.055782054 0.0040806546 0.054898728
v 0.05550774 0.0040806546 0.053729247
v 0.05550774 -0.0040806555 0.053729247
v 0.05550774 -0.0040806555 0.053729247
v 0.05550774 0.0040806546 0.053729247
v 0.05700601 0.004080654 0.052433506
v 0.05700601 -0.004080656 0.052433506
v 0.058321208 0.0040806546 0.050360408
v 0.058321208 -0.004080656 0.050360408
v 0.058965642 0.0040806546 0.048317924
v 0.058965642 -0.004080656 0.048317924
v 0.058965642 -0.004080656 0.048317924
v 0.058965642 0.0040806546 0.048317924
v 0.060641263 0.0040806546 0.04798429
v 0.060641263 -0.004080656 0.04798429
v 0.031844776 -0.024682496 0.070880204
v 0.021664307 -0.024577204 0.070880204
v 0.021664307 -0.024564084 0.054898728
v 0.05188748 -0.024524529 0.054898728
v 0.058161244 -0.024808347 0.055935763
v 0.058726538 -0.0247197 0.054184172
v 0.055027194 -0.02452445 0.053644855
v 0.05757368 -0.024524404 0.051726386
v 0.058968313 -0.024485683 0.048418224
v 0.03169047 -0.026275517 0.070880204
v 0.031844776 -0.024682496 0.070880204
v 0.058161244 -0.024808347 0.055935763
v 0.058161244 -0.04141939 0.055935763
v 0.058726538 -0.0247197 0.054184172
v 0.058757372 -0.041776408 0.054184172
v 0.054800868 -0.04536511 0.054184172
v 0.05397555 -0.044788703 0.055935763
v 0.021664307 -0.04536511 0.054184172
v 0.030047843 -0.027427504 0.070880204
v 0.021664307 -0.044788703 0.055935763
v 0.021664307 -0.02716841 0.070880204
v 0.021664307 -0.024577204 0.070880204
v 0.030047843 -0.027427504 0.070880204
v 0.021664307 -0.02716841 0.070880204
v 0.031844776 -0.024682496 0.070880204
v 0.03169047 -0.026275517 0.070880204
v 0.054900978 -0.04536511 0.0133098895
v 0.04859446 -0.04536511 0.0133098895
v 0.04716095 -0.04536511 0.02016216
v 0.054800868 -0.04536511 0.054184172
v 0.041872688 -0.045365103 0.029226528
v 0.037199274 -0.045365103 0.03432504
v 0.030222714 -0.045365103 0.03997024
v 0.021664307 -0.04536511 0.054184172
v 0.021664307 -0.04536511 0.042963494
v 0.058723476 -0.041910544 0.044207837
v 0.058623374 -0.042306356 0.014767958
v 0.058757372 -0.041776408 0.054184172
v 0.058726538 -0.0247197 0.054184172
v 0.021664305 -0.04235355 0.042970575
v 0.021664307 -0.04536511 0.042963494
v 0.030222714 -0.045365103 0.03997024
v 0.030222714 -0.04235355 0.03997024
v 0.037199274 -0.045365103 0.03432504
v 0.037199274 -0.04235355 0.03432504
v 0.041872688 -0.045365103 0.029226528
v 0.04187269 -0.04235355 0.029226528
v 0.04716095 -0.04536511 0.02016216
v 0.047160953 -0.04235356 0.02016216
v 0.048594464 -0.04235356 0.0133098895
v 0.04859446 -0.04536511 0.0133098895
v 0.04859446 -0.045165095 0.010096922
v 0.048594464 -0.04235356 0.010096922
v 0.049230523 -0.04692483 0.010096922
v 0.049230523 -0.04692483 0.0133098895
v 0.021664305 -0.038803585 0.038508117
v 0.021664305 -0.04235355 0.042970575
v 0.030222714 -0.04235355 0.03997024
v 0.027980926 -0.038803585 0.0355237
v 0.037199274 -0.04235355 0.03432504
v 0.034005854 -0.038803585 0.031024221
v 0.04187269 -0.04235355 0.029226528
v 0.03846944 -0.038803585 0.02612858
v 0.042246673 -0.038803585 0.018802289
v 0.047160953 -0.04235356 0.02016216
v 0.048594464 -0.04235356 0.0133098895
v 0.043614134 -0.038803585 0.010096922
v 0.048594464 -0.04235356 0.010096922
v 0.029556446 -0.014313623 0.043919913
v 0.029556446 -0.014313623 0.054898728
v 0.021664305 -0.014313623 0.054898728
v 0.021664305 -0.014313623 0.043919913
v 0.049230523 -0.04692483 0.0133098895
v 0.04859446 -0.04536511 0.0133098895
v 0.054900978 -0.04536511 0.0133098895
v 0.054900978 -0.04707458 0.0133098895
v 0.049230523 -0.04692483 0.010096922
v 0.049230523 -0.04692483 0.0133098895
v 0.054900978 -0.04707458 0.0133098895
v 0.054900978 -0.04707458 0.010096922
v 0.0550294 -0.011269672 0.010096922
v 0.04738234 -0.011269671 0
v 0.04738233 -0.011269671 0.010096922
v 0.055054195 -0.011269672 0
v 0.055782054 -0.0040806555 0.054898728
v 0.05550774 -0.0040806555 0.053729247
v 0.05700601 -0.004080656 0.052433506
v 0.05835087 -0.004080656 0.054631986
v 0.060399283 -0.004080656 0.052275103
v 0.058321208 -0.004080656 0.050360408
v 0.060641263 -0.004080656 0.04798429
v 0.058965642 -0.004080656 0.048317924
v 0.03184478 0.024682496 -0.070880204
v 0.021664307 0.024577208 -0.070880204
v 0.021664307 0.024564087 -0.054898728
v 0.05188748 0.024524527 -0.054898728
v 0.05816124 0.024808343 -0.055935763
v 0.058726538 0.024719698 -0.054184172
v 0.055027194 0.024524447 -0.053644855
v 0.057573676 0.024524402 -0.051726386
v 0.05896831 0.024485681 -0.048418224
v 0.031690475 0.02627552 -0.070880204
v 0.03184478 0.024682496 -0.070880204
v 0.05816124 0.024808343 -0.055935763
v 0.05816124 0.04141939 -0.055935763
v 0.058726538 0.024719698 -0.054184172
v 0.058757365 0.041776408 -0.054184172
v 0.054800875 0.045365103 -0.054184172
v 0.053975552 0.044788703 -0.055935763
v 0.021664307 0.045365103 -0.054184172
v 0.030047847 0.027427504 -0.070880204
v 0.021664307 0.0447887 -0.055935763
v 0.021664307 0.027168412 -0.070880204
v 0.021664307 0.024577208 -0.070880204
v 0.030047847 0.027427504 -0.070880204
v 0.021664307 0.027168412 -0.070880204
v 0.03184478 0.024682496 -0.070880204
v 0.031690475 0.02627552 -0.070880204
v 0.054900985 0.045365103 -0.0133098895
v 0.048594467 0.045365103 -0.0133098895
v 0.047160953 0.045365103 -0.02016216
v 0.054800875 0.045365103 -0.054184172
v 0.04187269 0.04536511 -0.029226528
v 0.037199277 0.04536511 -0.03432504
v 0.030222716 0.04536511 -0.03997024
v 0.021664307 0.045365103 -0.054184172
v 0.021664307 0.045365103 -0.042963494
v 0.058723472 0.041910544 -0.044207837
v 0.05862337 0.042306356 -0.014767958
v 0.058757365 0.041776408 -0.054184172
v 0.058726538 0.024719698 -0.054184172
v 0.021664307 0.04235355 -0.042970575
v 0.021664307 0.045365103 -0.042963494
v 0.030222716 0.04536511 -0.03997024
v 0.030222716 0.04235355 -0.03997024
v 0.037199277 0.04536511 -0.03432504
v 0.037199277 0.04235355 -0.03432504
v 0.04187269 0.04536511 -0.029226528
v 0.041872688 0.04235355 -0.029226528
v 0.047160953 0.045365103 -0.02016216
v 0.04716095 0.042353548 -0.02016216
v 0.048594464 0.042353548 -0.0133098895
v 0.048594467 0.045365103 -0.0133098895
v 0.048594467 0.045165084 -0.010096922
v 0.048594464 0.042353548 -0.010096922
v 0.049230527 0.04692483 -0.010096922
v 0.049230527 0.04692483 -0.0133098895
v 0.021664307 0.038803585 -0.038508117
v 0.021664307 0.04235355 -0.042970575
v 0.030222716 0.04235355 -0.03997024
v 0.027980927 0.038803585 -0.0355237
v 0.037199277 0.04235355 -0.03432504
v 0.034005854 0.038803585 -0.031024221
v 0.041872688 0.04235355 -0.029226528
v 0.03846944 0.038803585 -0.02612858
v 0.042246673 0.038803585 -0.018802289
v 0.04716095 0.042353548 -0.02016216
v 0.048594464 0.042353548 -0.0133098895
v 0.043614134 0.038803585 -0.010096922
v 0.048594464 0.042353548 -0.010096922
v 0.029556444 0.014313622 -0.043919913
v 0.029556444 0.014313622 -0.054898728
v 0.021664307 0.014313622 -0.054898728
v 0.021664307 0.014313622 -0.043919913
v 0.049230527 0.04692483 -0.0133098895
v 0.048594467 0.045365103 -0.0133098895
v 0.054900985 0.045365103 -0.0133098895
v 0.054900985 0.04707458 -0.0133098895
v 0.049230527 0.04692483 -0.010096922
v 0.049230527 0.04692483 -0.0133098895
v 0.054900985 0.04707458 -0.0133098895
v 0.054900985 0.04707458 -0.010096922
v 0.0550294 0.011269669 -0.010096922
v 0.047382336 0.011269671 0
v 0.047382325 0.011269671 -0.010096922
v 0.055054195 0.011269669 0
v 0.055782054 0.0040806546 -0.054898728
v 0.05550774 0.0040806546 -0.053729247
v 0.05700601 0.004080654 -0.052433506
v 0.05835087 0.0040806546 -0.054631986
v 0.060399283 0.0040806546 -0.052275103
v 0.058321208 0.0040806546 -0.050360408
v 0.060641263 0.0040806546 -0.04798429
v 0.058965642 0.0040806546 -0.048317924
v 0.021664307 0.027168412 -0.070880204
v 0.021664307 0.024564087 -0.054898728
v 0.021664307 0.024577208 -0.070880204
v 0.021664307 0.0447887 -0.055935763
v 0.021664307 0.045365103 -0.054184172
v 0.021664307 0.04235355 -0.042970575
v 0.021664307 0.045365103 -0.042963494
v 0.021664307 0.014313622 -0.043919913
v 0.021664307 0.014313622 -0.054898728
v 0.021664307 0.038803585 -0.038508117
v 0.021664305 -0.038803585 -0.038508117
v 0.021664305 -0.014313623 -0.043919913
v 0.021664305 -0.04235355 -0.042970575
v 0.021664307 -0.024564084 -0.054898728
v 0.021664305 -0.014313623 -0.054898728
v 0.021664307 -0.04536511 -0.054184172
v 0.021664307 -0.04536511 -0.042963494
v 0.021664307 -0.044788703 -0.055935763
v 0.021664307 -0.02716841 -0.070880204
v 0.021664307 -0.024577204 -0.070880204
v 0.029556444 0.014313622 -0.054898728
v 0.021664307 0.024564087 -0.054898728
v 0.021664307 0.014313622 -0.054898728
v 0.05188748 0.024524527 -0.054898728
v 0.05188748 0.011269671 -0.054898728
v 0.055027194 0.024524447 -0.053644855
v 0.029556446 -0.014313623 -0.054898728
v 0.055027194 0.011269669 -0.053545672
v 0.057573676 0.024524402 -0.051726386
v 0.05733051 0.011269669 -0.051348977
v 0.05896831 0.024485681 -0.048418224
v 0.058968313 0.011269669 -0.04798429
v 0.059036743 0.013407235 -0.027479185
v 0.05926165 0.011269669 -0.027479185
v 0.05875738 0.017529106 -0.025750196
v 0.05188748 -0.011269671 -0.054898728
v 0.055782054 0.0040806546 -0.054898728
v 0.05573278 0.011269669 -0.054898728
v 0.05841116 0.011269669 -0.054631986
v 0.05835087 0.0040806546 -0.054631986
v 0.06044768 0.011269669 -0.0522392
v 0.060399283 0.0040806546 -0.052275103
v 0.06068967 0.011269669 -0.04798429
v 0.060641263 0.0040806546 -0.04798429
v 0.06068967 0.011269669 -0.04438627
v 0.060641263 -0.004080656 -0.04798429
v 0.055782054 -0.0040806555 -0.054898728
v 0.06068967 -0.011269671 -0.04438627
v 0.061555132 0.011269671 -0.043654483
v 0.06068967 -0.011269671 -0.04798429
v 0.061555132 -0.011269671 -0.043654483
v 0.06549458 0.011269778 -0.04299784
v 0.06549458 -0.01126978 -0.04299784
v 0.060399283 -0.004080656 -0.052275103
v 0.06044768 -0.011269671 -0.0522392
v 0.05835087 -0.004080656 -0.054631986
v 0.05841116 -0.011269671 -0.054631986
v 0.05573278 -0.011269672 -0.054898728
v 0.05188748 -0.024524529 -0.054898728
v 0.055027194 -0.02452445 -0.053644855
v 0.055027194 -0.011269672 -0.053545672
v 0.021664307 -0.024564084 -0.054898728
v 0.021664305 -0.014313623 -0.054898728
v 0.05757368 -0.024524404 -0.051726386
v 0.05733051 -0.011269671 -0.051348977
v 0.058968313 -0.024485683 -0.048418224
v 0.058968313 -0.011269671 -0.04798429
v 0.059036743 -0.013407236 -0.027479185
v 0.05926165 -0.011269671 -0.027479185
v 0.058757372 -0.017529108 -0.025750196
v 0.054900985 0.04707458 -0.010096922
v 0.048594467 0.045165084 -0.010096922
v 0.049230527 0.04692483 -0.010096922
v 0.048594464 0.042353548 -0.010096922
v 0.0550294 0.011269669 -0.010096922
v 0.043614134 0.038803585 -0.010096922
v 0.047382325 0.011269671 -0.010096922
v 0.04738233 -0.011269671 -0.010096922
v 0.043614134 -0.038803585 -0.010096922
v 0.0550294 -0.011269672 -0.010096922
v 0.048594464 -0.04235356 -0.010096922
v 0.054900978 -0.04707458 -0.010096922
v 0.04859446 -0.045165095 -0.010096922
v 0.049230523 -0.04692483 -0.010096922
v 0.029556444 0.014313622 -0.043919913
v 0.021664307 0.014313622 -0.043919913
v 0.021664305 -0.014313623 -0.043919913
v 0.029556446 -0.014313623 -0.043919913
v 0.029556444 0.014313622 -0.054898728
v 0.029556444 0.014313622 -0.043919913
v 0.029556446 -0.014313623 -0.043919913
v 0.029556446 -0.014313623 -0.054898728
v 0.047382336 0.011269671 0
v 0.04738234 -0.011269671 0
v 0.04738233 -0.011269671 -0.010096922
v 0.047382325 0.011269671 -0.010096922
v 0.021664307 0.038803585 -0.038508117
v 0.027980926 -0.038803585 -0.0355237
v 0.021664305 -0.038803585 -0.038508117
v 0.027980927 0.038803585 -0.0355237
v 0.034005854 -0.038803585 -0.031024221
v 0.034005854 0.038803585 -0.031024221
v 0.03846944 -0.038803585 -0.02612858
v 0.03846944 0.038803585 -0.02612858
v 0.042246673 -0.038803585 -0.018802289
v 0.042246673 0.038803585 -0.018802289
v 0.043614134 -0.038803585 -0.010096922
v 0.043614134 0.038803585 -0.010096922
v 0.055782054 -0.0040806555 -0.054898728
v 0.05550774 -0.0040806555 -0.053729247
v 0.05550774 0.0040806546 -0.053729247
v 0.055782054 0.0040806546 -0.054898728
v 0.05550774 -0.0040806555 -0.053729247
v 0.05700601 0.004080654 -0.052433506
v 0.05550774 0.0040806546 -0.053729247
v 0.05700601 -0.004080656 -0.052433506
v 0.058321208 0.0040806546 -0.050360408
v 0.058321208 -0.004080656 -0.050360408
v 0.058965642 0.0040806546 -0.048317924
v 0.058965642 -0.004080656 -0.048317924
v 0.058965642 -0.004080656 -0.048317924
v 0.060641263 -0.004080656 -0.04798429
v 0.060641263 0.0040806546 -0.04798429
v 0.058965642 0.0040806546 -0.048317924
v 0.031844776 -0.024682496 -0.070880204
v 0.021664307 -0.024564084 -0.054898728
v 0.021664307 -0.024577204 -0.070880204
v 0.05188748 -0.024524529 -0.054898728
v 0.058161244 -0.024808347 -0.055935763
v 0.058726538 -0.0247197 -0.054184172
v 0.055027194 -0.02452445 -0.053644855
v 0.05757368 -0.024524404 -0.051726386
v 0.058968313 -0.024485683 -0.048418224
v 0.03169047 -0.026275517 -0.070880204
v 0.058161244 -0.024808347 -0.055935763
v 0.031844776 -0.024682496 -0.070880204
v 0.058161244 -0.04141939 -0.055935763
v 0.058726538 -0.0247197 -0.054184172
v 0.058757372 -0.041776408 -0.054184172
v 0.054800868 -0.04536511 -0.054184172
v 0.05397555 -0.044788703 -0.055935763
v 0.021664307 -0.04536511 -0.054184172
v 0.030047843 -0.027427504 -0.070880204
v 0.021664307 -0.044788703 -0.055935763
v 0.021664307 -0.02716841 -0.070880204
v 0.021664307 -0.024577204 -0.070880204
v 0.021664307 -0.02716841 -0.070880204
v 0.030047843 -0.027427504 -0.070880204
v 0.031844776 -0.024682496 -0.070880204
v 0.03169047 -0.026275517 -0.070880204
v 0.054900978 -0.04536511 -0.0133098895
v 0.04716095 -0.04536511 -0.02016216
v 0.04859446 -0.04536511 -0.0133098895
v 0.054800868 -0.04536511 -0.054184172
v 0.041872688 -0.045365103 -0.029226528
v 0.037199274 -0.045365103 -0.03432504
v 0.030222714 -0.045365103 -0.03997024
v 0.021664307 -0.04536511 -0.054184172
v 0.021664307 -0.04536511 -0.042963494
v 0.058723476 -0.041910544 -0.044207837
v 0.058623374 -0.042306356 -0.014767958
v 0.058757372 -0.041776408 -0.054184172
v 0.058726538 -0.0247197 -0.054184172
v 0.021664305 -0.04235355 -0.042970575
v 0.030222714 -0.045365103 -0.03997024
v 0.021664307 -0.04536511 -0.042963494
v 0.030222714 -0.04235355 -0.03997024
v 0.037199274 -0.045365103 -0.03432504
v 0.037199274 -0.04235355 -0.03432504
v 0.041872688 -0.045365103 -0.029226528
v 0.04187269 -0.04235355 -0.029226528
v 0.04716095 -0.04536511 -0.02016216
v 0.047160953 -0.04235356 -0.02016216
v 0.048594464 -0.04235356 -0.0133098895
v 0.04859446 -0.04536511 -0.0133098895
v 0.04859446 -0.045165095 -0.010096922
v 0.048594464 -0.04235356 -0.010096922
v 0.049230523 -0.04692483 -0.010096922
v 0.049230523 -0.04692483 -0.0133098895
v 0.021664305 -0.038803585 -0.038508117
v 0.030222714 -0.04235355 -0.03997024
v 0.021664305 -0.04235355 -0.042970575
v 0.027980926 -0.038803585 -0.0355237
v 0.037199274 -0.04235355 -0.03432504
v 0.034005854 -0.038803585 -0.031024221
v 0.04187269 -0.04235355 -0.029226528
v 0.03846944 -0.038803585 -0.02612858
v 0.042246673 -0.038803585 -0.018802289
v 0.047160953 -0.04235356 -0.02016216
v 0.048594464 -0.04235356 -0.0133098895
v 0.043614134 -0.038803585 -0.010096922
v 0.048594464 -0.04235356 -0.010096922
v 0.029556446 -0.014313623 -0.043919913
v 0.021664305 -0.014313623 -0.043919913
v 0.021664305 -0.014313623 -0.054898728
v 0.029556446 -0.014313623 -0.054898728
v 0.049230523 -0.04692483 -0.0133098895
v 0.054900978 -0.04707458 -0.0133098895
v 0.054900978 -0.04536511 -0.0133098895
v 0.04859446 -0.04536511 -0.0133098895
v 0.049230523 -0.04692483 -0.010096922
v 0.054900978 -0.04707458 -0.010096922
v 0.054900978 -0.04707458 -0.0133098895
v 0.049230523 -0.04692483 -0.0133098895
v 0.0550294 -0.011269672 -0.010096922
v 0.04738233 -0.011269671 -0.010096922
v 0.04738234 -0.011269671 0
v 0.055054195 -0.011269672 0
v 0.055782054 -0.0040806555 -0.054898728
v 0.05700601 -0.004080656 -0.052433506
v 0.05550774 -0.0040806555 -0.053729247
v 0.05835087 -0.004080656 -0.054631986
v 0.060399283 -0.004080656 -0.052275103
v 0.058321208 -0.004080656 -0.050360408
v 0.060641263 -0.004080656 -0.04798429
v 0.058965642 -0.004080656 -0.048317924
v 0.0661034 0.006734022 -0.05660805
v 0.065025866 0.0067340205 -0.057063956
v 0.06502249 0.0067340205 -0.058335036
v 0.06727494 0.006734022 -0.05786167
v 0.06797531 0.006734021 -0.056501083
v 0.066698216 0.006734022 -0.055625364
v 0.06806622 0.006734021 -0.041299976
v 0.06681163 0.006734022 -0.04180679
v 0.068458706 0.006734021 -0.04031536
v 0.066103406 -0.0067340224 -0.05660805
v 0.06502249 -0.006734023 -0.05833504
v 0.065025866 -0.006734023 -0.057063956
v 0.06727494 -0.0067340224 -0.05786167
v 0.06797531 -0.006734023 -0.056501083
v 0.066698216 -0.0067340224 -0.055625364
v 0.06806622 -0.006734023 -0.041299976
v 0.06681163 -0.0067340224 -0.04180679
v 0.068458706 -0.006734023 -0.04031536
v 0.0661034 0.006734022 0.05660805
v 0.06502249 0.0067340205 0.058335036
v 0.065025866 0.0067340205 0.057063956
v 0.06727494 0.006734022 0.05786167
v 0.06797531 0.006734021 0.056501083
v 0.066698216 0.006734022 0.055625364
v 0.06806622 0.006734021 0.041299976
v 0.06681163 0.006734022 0.04180679
v 0.068458706 0.006734021 0.04031536
v 0.06681163 -0.0067340224 0.04180679
v 0.06681163 0.006734022 0.04180679
v 0.066698216 0.006734022 0.055625364
v 0.066698216 -0.0067340224 0.055625364
v 0.0661034 0.006734022 0.05660805
v 0.066103406 -0.0067340224 0.05660805
v 0.065025866 0.0067340205 0.057063956
v 0.065025866 -0.006734023 0.057063956
v 0.065025866 -0.006734023 0.057063956
v 0.065025866 0.0067340205 0.057063956
v 0.06502249 0.0067340205 0.058335036
v 0.06502249 -0.006734023 0.05833504
v 0.06681163 -0.0067340224 -0.04180679
v 0.066698216 0.006734022 -0.055625364
v 0.06681163 0.006734022 -0.04180679
v 0.066698216 -0.0067340224 -0.055625364
v 0.0661034 0.006734022 -0.05660805
v 0.066103406 -0.0067340224 -0.05660805
v 0.065025866 0.0067340205 -0.057063956
v 0.065025866 -0.006734023 -0.057063956
v 0.065025866 -0.006734023 -0.057063956
v 0.06502249 -0.006734023 -0.05833504
v 0.06502249 0.0067340205 -0.058335036
v 0.065025866 0.0067340205 -0.057063956
v -0.05372507 -0.060234603 -0.0021710515
v -0.057010956 -0.060407937 -0.007157908
v -0.05372507 -0.060234603 -0.0071579074
v -0.057010956 -0.060407937 -4.852847E-09
v -0.05464737 -0.059782624 -4.6498005E-09
v -0.05372507 -0.060234603 0.0021710421
v -0.058503773 -0.06334027 -0.007157908
v -0.057010956 -0.060407937 0.007157897
v -0.05372507 -0.060234603 0.0071578985
v -0.058503773 -0.06334027 -5.1019686E-09
v -0.058503773 -0.06334027 0.007157897
v -0.05671072 -0.06609927 -5.1019686E-09
v -0.05671072 -0.06609927 0.007157897
v -0.05671072 -0.06609927 -0.007157908
v -0.05342484 -0.06592593 0.007157897
v -0.053424835 -0.06592593 -4.852847E-09
v -0.053424835 -0.06592593 -0.007157908
v -0.051932015 -0.0629936 0.0021710421
v -0.051932015 -0.0629936 0.0071578985
v -0.05372507 -0.060234603 0.0071578985
v -0.05372507 -0.060234603 0.0021710421
v -0.051893525 -0.064019985 -4.6498005E-09
v -0.051932015 -0.0629936 -0.0021710515
v -0.051932003 -0.0629936 -0.0071579074
v -0.05372507 -0.060234603 -0.0071579074
v -0.05372507 -0.060234603 -0.0021710515
v -0.05372507 -0.060234603 0.0021710421
v -0.05464737 -0.059782624 -4.6498005E-09
v -0.02887505 -0.043033298 -1.731519E-09
v -0.028311232 -0.043900847 0.0021882774
v -0.02668502 -0.04640311 0.0021882774
v -0.051932015 -0.0629936 0.0021710421
v -0.0261212 -0.047270663 -1.731519E-09
v -0.051893525 -0.064019985 -4.6498005E-09
v -0.051932015 -0.0629936 -0.0021710515
v -0.02668502 -0.04640311 -0.0021882807
v -0.028311232 -0.043900847 -0.0021882807
v -0.05372507 -0.060234603 -0.0021710515
v -0.02887505 -0.043033298 -1.731519E-09
v -0.05464737 -0.059782624 -4.6498005E-09
v -0.028311232 -0.043900847 -0.0021882807
v -0.02668502 -0.04640311 -0.0021882807
v -0.0261212 -0.047270663 -1.731519E-09
v -0.02887505 -0.043033298 -1.731519E-09
v -0.028311232 -0.043900847 0.0021882774
v -0.02668502 -0.04640311 0.0021882774
v 0.05372505 -0.06023462 -0.0021710515
v 0.05372505 -0.06023462 -0.0071579074
v 0.057010934 -0.060407955 -0.007157908
v 0.057010934 -0.060407955 -4.852847E-09
v 0.054647353 -0.059782643 -4.6498005E-09
v 0.05372505 -0.06023462 0.0021710421
v 0.058503754 -0.06334029 -0.007157908
v 0.057010934 -0.060407955 0.007157897
v 0.05372505 -0.06023462 0.0071578985
v 0.058503754 -0.06334029 -5.1019686E-09
v 0.058503754 -0.06334029 0.007157897
v 0.0567107 -0.066099286 -5.1019686E-09
v 0.0567107 -0.066099286 0.007157897
v 0.0567107 -0.066099286 -0.007157908
v 0.05342482 -0.065925956 0.007157897
v 0.053424817 -0.065925956 -4.852847E-09
v 0.053424817 -0.065925956 -0.007157908
v 0.051931996 -0.06299362 0.0021710421
v 0.051931996 -0.06299362 0.0071578985
v 0.05372505 -0.06023462 0.0071578985
v 0.05372505 -0.06023462 0.0021710421
v 0.051893506 -0.06402001 -4.6498005E-09
v 0.051931996 -0.06299362 -0.0021710515
v 0.051931985 -0.06299362 -0.0071579074
v 0.05372505 -0.06023462 -0.0071579074
v 0.05372505 -0.06023462 -0.0021710515
v 0.05372505 -0.06023462 0.0021710421
v 0.028875036 -0.04303331 -1.9612354E-09
v 0.054647353 -0.059782643 -4.6498005E-09
v 0.028311219 -0.043900855 0.0021882774
v 0.026685007 -0.04640312 0.0021882774
v 0.051931996 -0.06299362 0.0021710421
v 0.026121184 -0.047270674 -1.9612354E-09
v 0.051893506 -0.06402001 -4.6498005E-09
v 0.051931996 -0.06299362 -0.0021710515
v 0.026685007 -0.04640312 -0.0021882812
v 0.028311219 -0.043900855 -0.0021882812
v 0.05372505 -0.06023462 -0.0021710515
v 0.028875036 -0.04303331 -1.9612354E-09
v 0.054647353 -0.059782643 -4.6498005E-09
v 0.028311219 -0.043900855 -0.0021882812
v 0.026121184 -0.047270674 -1.9612354E-09
v 0.026685007 -0.04640312 -0.0021882812
v 0.028875036 -0.04303331 -1.9612354E-09
v 0.028311219 -0.043900855 0.0021882774
v 0.026685007 -0.04640312 0.0021882774
v 0.002171006 0.03995212 0.042676713
v 0.0037325413 0.037758175 0.045129
v 0.0037325418 0.03995212 0.042676713
v -4.107015E-08 0.037758175 0.045129
v -4.087088E-08 0.038981292 0.04301204
v -0.0021710873 0.03995212 0.042676713
v 0.0037325413 0.038784966 0.048255153
v -0.0037326233 0.037758175 0.045129
v -0.003732623 0.03995212 0.042676713
v -4.090287E-08 0.038784966 0.048255153
v -0.0037326233 0.038784966 0.048255153
v -4.0378143E-08 0.042005684 0.04892901
v -0.0037326228 0.042005684 0.04892901
v 0.003732542 0.042005684 0.04892901
v -0.0037326224 0.04419962 0.046476714
v -4.002071E-08 0.04419962 0.046476714
v 0.0037325423 0.04419962 0.046476714
v -0.0021710868 0.04317284 0.04335057
v -0.0037326224 0.04317284 0.04335057
v -0.003732623 0.03995212 0.042676713
v -0.0021710873 0.03995212 0.042676713
v -4.0064997E-08 0.043927804 0.04404698
v 0.0021710065 0.04317284 0.04335057
v 0.0037325423 0.04317284 0.04335057
v 0.0037325418 0.03995212 0.042676713
v 0.002171006 0.03995212 0.042676713
v -0.0021710873 0.03995212 0.042676713
v -4.087088E-08 0.038981292 0.04301204
v -4.0329322E-08 0.04230537 0.027124586
v -0.002188319 0.043318104 0.027336473
v -0.0021883184 0.046239126 0.027947625
v -0.0021710868 0.04317284 0.04335057
v -3.952343E-08 0.047251873 0.02815952
v -4.0064997E-08 0.043927804 0.04404698
v 0.0021710065 0.04317284 0.04335057
v 0.0021882392 0.046239126 0.027947625
v 0.0021882385 0.043318104 0.027336473
v 0.002171006 0.03995212 0.042676713
v -4.0329322E-08 0.04230537 0.027124586
v -4.087088E-08 0.038981292 0.04301204
v 0.0021882385 0.043318104 0.027336473
v 0.0021882392 0.046239126 0.027947625
v -3.952343E-08 0.047251873 0.02815952
v -4.0329322E-08 0.04230537 0.027124586
v -0.002188319 0.043318104 0.027336473
v -0.0021883184 0.046239126 0.027947625
v 0.01204372 0.047615726 -0.029075311
v 3.251496E-07 0.047615726 -0.031470902
v 3.238873E-07 0.03986759 -0.031470902
v 0.012043718 0.039867587 -0.029075311
v 0.022253608 0.04761572 -0.02225327
v 0.022253608 0.039867587 -0.02225327
v 0.029075634 0.04761572 -0.012043371
v 0.029075634 0.039867587 -0.012043371
v 0.0314712 0.04761572 7.741269E-09
v 0.0314712 0.039867587 7.741269E-09
v 0.029075624 0.04761572 0.012043402
v 0.029075624 0.039867587 0.012043402
v 0.022253593 0.04761572 0.022253292
v 0.022253593 0.039867587 0.022253292
v 0.012043689 0.047615726 0.029075326
v 0.012043687 0.039867587 0.029075326
v 3.1740836E-07 0.047615726 0.031470884
v 3.1614601E-07 0.03986759 0.031470884
v -0.012043069 0.047615726 0.029075311
v -0.012043072 0.039867595 0.029075311
v -0.02225296 0.047615733 0.022253277
v -0.02225296 0.039867595 0.022253277
v -0.029074993 0.047615733 0.012043379
v -0.029074993 0.039867595 0.012043379
v -0.031470574 0.047615733 0
v -0.031470574 0.039867595 0
v -0.029074993 0.047615733 -0.012043395
v -0.029074993 0.039867595 -0.012043395
v -0.022252953 0.047615733 -0.022253284
v -0.022252953 0.039867595 -0.022253284
v -0.012043054 0.047615726 -0.029075317
v -0.012043056 0.039867595 -0.029075317
v 3.251496E-07 0.047615726 -0.031470902
v 3.238873E-07 0.03986759 -0.031470902
v -0.029074993 0.039867595 -0.012043395
v -0.031470574 0.039867595 0
v -0.029074993 0.039867595 0.012043379
v -0.02225296 0.039867595 0.022253277
v -0.022252953 0.039867595 -0.022253284
v -0.012043056 0.039867595 -0.029075317
v -0.012043072 0.039867595 0.029075311
v 3.1614601E-07 0.03986759 0.031470884
v 3.238873E-07 0.03986759 -0.031470902
v 0.012043687 0.039867587 0.029075326
v 0.012043718 0.039867587 -0.029075311
v 0.022253593 0.039867587 0.022253292
v 0.022253608 0.039867587 -0.02225327
v 0.029075624 0.039867587 0.012043402
v 0.029075634 0.039867587 -0.012043371
v 0.0314712 0.039867587 7.741269E-09
v 0.029075634 0.04761572 -0.012043371
v 0.0314712 0.04761572 7.741269E-09
v 0.029075624 0.04761572 0.012043402
v 0.022253593 0.04761572 0.022253292
v 0.022253608 0.04761572 -0.02225327
v 0.012043689 0.047615726 0.029075326
v 0.01204372 0.047615726 -0.029075311
v 3.251496E-07 0.047615726 -0.031470902
v 3.1740836E-07 0.047615726 0.031470884
v -0.012043069 0.047615726 0.029075311
v -0.012043054 0.047615726 -0.029075317
v -0.02225296 0.047615733 0.022253277
v -0.022252953 0.047615733 -0.022253284
v -0.029074993 0.047615733 0.012043379
v -0.029074993 0.047615733 -0.012043395
v -0.031470574 0.047615733 0
v -0.05372505 0.06023462 -0.0021710515
v -0.05372505 0.06023462 -0.0071579074
v -0.057010934 0.060407955 -0.007157908
v -0.057010934 0.060407955 -4.852847E-09
v -0.054647353 0.059782643 -4.6498005E-09
v -0.05372505 0.06023462 0.0021710421
v -0.058503754 0.06334029 -0.007157908
v -0.057010934 0.060407955 0.007157897
v -0.05372505 0.06023462 0.0071578985
v -0.058503754 0.06334029 -5.1019686E-09
v -0.058503754 0.06334029 0.007157897
v -0.0567107 0.066099286 -5.1019686E-09
v -0.0567107 0.066099286 0.007157897
v -0.0567107 0.066099286 -0.007157908
v -0.05342482 0.065925956 0.007157897
v -0.053424817 0.065925956 -4.852847E-09
v -0.053424817 0.065925956 -0.007157908
v -0.051931996 0.06299362 0.0021710421
v -0.051931996 0.06299362 0.0071578985
v -0.05372505 0.06023462 0.0071578985
v -0.05372505 0.06023462 0.0021710421
v -0.051893506 0.06402001 -4.6498005E-09
v -0.051931996 0.06299362 -0.0021710515
v -0.051931985 0.06299362 -0.0071579074
v -0.05372505 0.06023462 -0.0071579074
v -0.05372505 0.06023462 -0.0021710515
v -0.05372505 0.06023462 0.0021710421
v -0.02842032 0.04273779 -1.9152921E-09
v -0.054647353 0.059782643 -4.6498005E-09
v -0.027856503 0.043605335 0.002188277
v -0.026230289 0.0461076 0.002188277
v -0.051931996 0.06299362 0.0021710421
v -0.025666468 0.046975154 -1.9152921E-09
v -0.051893506 0.06402001 -4.6498005E-09
v -0.051931996 0.06299362 -0.0021710515
v -0.026230289 0.0461076 -0.0021882807
v -0.027856503 0.043605335 -0.0021882807
v -0.05372505 0.06023462 -0.0021710515
v -0.02842032 0.04273779 -1.9152921E-09
v -0.054647353 0.059782643 -4.6498005E-09
v -0.027856503 0.043605335 -0.0021882807
v -0.025666468 0.046975154 -1.9152921E-09
v -0.026230289 0.0461076 -0.0021882807
v -0.02842032 0.04273779 -1.9152921E-09
v -0.027856503 0.043605335 0.002188277
v -0.026230289 0.0461076 0.002188277
v 0.05372507 0.060234603 -0.0021710515
v 0.057010956 0.060407937 -0.007157908
v 0.05372507 0.060234603 -0.0071579074
v 0.057010956 0.060407937 -4.852847E-09
v 0.05464737 0.059782624 -4.6498005E-09
v 0.05372507 0.060234603 0.0021710421
v 0.058503773 0.06334027 -0.007157908
v 0.057010956 0.060407937 0.007157897
v 0.05372507 0.060234603 0.0071578985
v 0.058503773 0.06334027 -5.1019686E-09
v 0.058503773 0.06334027 0.007157897
v 0.05671072 0.06609927 -5.1019686E-09
v 0.05671072 0.06609927 0.007157897
v 0.05671072 0.06609927 -0.007157908
v 0.05342484 0.06592593 0.007157897
v 0.053424835 0.06592593 -4.852847E-09
v 0.053424835 0.06592593 -0.007157908
v 0.051932015 0.0629936 0.0021710421
v 0.051932015 0.0629936 0.0071578985
v 0.05372507 0.060234603 0.0071578985
v 0.05372507 0.060234603 0.0021710421
v 0.051893525 0.064019985 -4.6498005E-09
v 0.051932015 0.0629936 -0.0021710515
v 0.051932003 0.0629936 -0.0071579074
v 0.05372507 0.060234603 -0.0071579074
v 0.05372507 0.060234603 -0.0021710515
v 0.05372507 0.060234603 0.0021710421
v 0.05464737 0.059782624 -4.6498005E-09
v 0.028420333 0.04273778 -1.9152921E-09
v 0.027856516 0.043605328 0.002188277
v 0.026230304 0.04610759 0.002188277
v 0.051932015 0.0629936 0.0021710421
v 0.025666483 0.046975143 -1.9152921E-09
v 0.051893525 0.064019985 -4.6498005E-09
v 0.051932015 0.0629936 -0.0021710515
v 0.026230304 0.04610759 -0.0021882807
v 0.027856516 0.043605328 -0.0021882807
v 0.05372507 0.060234603 -0.0021710515
v 0.028420333 0.04273778 -1.9152921E-09
v 0.05464737 0.059782624 -4.6498005E-09
v 0.027856516 0.043605328 -0.0021882807
v 0.026230304 0.04610759 -0.0021882807
v 0.025666483 0.046975143 -1.9152921E-09
v 0.028420333 0.04273778 -1.9152921E-09
v 0.027856516 0.043605328 0.002188277
v 0.026230304 0.04610759 0.002188277
v 0.002171006 0.03995212 -0.042676713
v 0.0037325418 0.03995212 -0.042676713
v 0.0037325413 0.037758175 -0.045129
v -4.107015E-08 0.037758175 -0.045129
v -4.087088E-08 0.038981292 -0.04301204
v -0.0021710873 0.03995212 -0.042676713
v 0.0037325413 0.038784966 -0.048255153
v -0.0037326233 0.037758175 -0.045129
v -0.003732623 0.03995212 -0.042676713
v -4.090287E-08 0.038784966 -0.048255153
v -0.0037326233 0.038784966 -0.048255153
v -4.0378143E-08 0.042005684 -0.04892901
v -0.0037326228 0.042005684 -0.04892901
v 0.003732542 0.042005684 -0.04892901
v -0.0037326224 0.04419962 -0.046476714
v -4.002071E-08 0.04419962 -0.046476714
v 0.0037325423 0.04419962 -0.046476714
v -0.0021710868 0.04317284 -0.04335057
v -0.0037326224 0.04317284 -0.04335057
v -0.003732623 0.03995212 -0.042676713
v -0.0021710873 0.03995212 -0.042676713
v -4.0064997E-08 0.043927804 -0.04404698
v 0.0021710065 0.04317284 -0.04335057
v 0.0037325423 0.04317284 -0.04335057
v 0.0037325418 0.03995212 -0.042676713
v 0.002171006 0.03995212 -0.042676713
v -0.0021710873 0.03995212 -0.042676713
v -4.0329322E-08 0.04230537 -0.027124586
v -4.087088E-08 0.038981292 -0.04301204
v -0.002188319 0.043318104 -0.027336473
v -0.0021883184 0.046239126 -0.027947625
v -0.0021710868 0.04317284 -0.04335057
v -3.952343E-08 0.047251873 -0.02815952
v -4.0064997E-08 0.043927804 -0.04404698
v 0.0021710065 0.04317284 -0.04335057
v 0.0021882392 0.046239126 -0.027947625
v 0.0021882385 0.043318104 -0.027336473
v 0.002171006 0.03995212 -0.042676713
v -4.0329322E-08 0.04230537 -0.027124586
v -4.087088E-08 0.038981292 -0.04301204
v 0.0021882385 0.043318104 -0.027336473
v -3.952343E-08 0.047251873 -0.02815952
v 0.0021882392 0.046239126 -0.027947625
v -4.0329322E-08 0.04230537 -0.027124586
v -0.002188319 0.043318104 -0.027336473
v -0.0021883184 0.046239126 -0.027947625
v -0.027851485 -0.016519291 0.05958994
v -0.03090054 -0.027833955 0.05958994
v -0.027851492 -0.027833955 0.05958994
v -0.030900614 -0.016519291 0.05958994
v -0.03090059 -0.015228791 0.06050138
v -0.027851488 -0.015228791 0.06050138
v -0.030900633 -0.0151151335 0.06612622
v -0.027851485 -0.0151151335 0.06612622
v -0.030900609 -0.014279517 0.06678231
v -0.027851485 -0.014279517 0.06678231
v -0.030900603 0.014279528 0.06678231
v -0.027851481 0.014279528 0.06678231
v -0.027851481 0.015115143 0.06612622
v -0.030900627 0.015115143 0.06612622
v -0.027851483 0.0152288005 0.06050138
v -0.030900585 0.0152288005 0.06050138
v -0.027851481 0.0165193 0.05958994
v -0.030900609 0.0165193 0.05958994
v -0.03090053 0.027833965 0.05958994
v -0.027851483 0.027833965 0.05958994
v -0.030900626 -0.019184664 0.062733375
v -0.027851492 -0.027833955 0.062733375
v -0.030900564 -0.027833955 0.062733375
v -0.027851485 -0.019184664 0.062733375
v -0.030900633 -0.018220799 0.063495226
v -0.027851485 -0.018220799 0.063495226
v -0.030900564 -0.018220799 0.06895782
v -0.02785149 -0.018220799 0.06895782
v -0.030900564 -0.016981026 0.06983976
v -0.02785149 -0.016981026 0.06983976
v -0.027851485 0.016981035 0.06983976
v -0.030900558 0.016981035 0.06983976
v -0.027851485 0.018220808 0.06895782
v -0.030900558 0.018220808 0.06895782
v -0.027851481 0.018220808 0.063495226
v -0.030900627 0.018220808 0.063495226
v -0.027851481 0.019184673 0.062733375
v -0.03090062 0.019184673 0.062733375
v -0.027851483 0.027833965 0.062733375
v -0.030900555 0.027833965 0.062733375
v -0.03090054 -0.027833955 0.05958994
v -0.030900626 -0.019184664 0.062733375
v -0.030900564 -0.027833955 0.062733375
v -0.030900614 -0.016519291 0.05958994
v -0.030900633 -0.018220799 0.063495226
v -0.03090059 -0.015228791 0.06050138
v -0.030900633 -0.0151151335 0.06612622
v -0.030900564 -0.018220799 0.06895782
v -0.030900564 -0.016981026 0.06983976
v -0.030900609 -0.014279517 0.06678231
v -0.030900603 0.014279528 0.06678231
v -0.030900558 0.016981035 0.06983976
v -0.030900627 0.015115143 0.06612622
v -0.030900558 0.018220808 0.06895782
v -0.030900627 0.018220808 0.063495226
v -0.030900585 0.0152288005 0.06050138
v -0.030900609 0.0165193 0.05958994
v -0.03090062 0.019184673 0.062733375
v -0.03090053 0.027833965 0.05958994
v -0.030900555 0.027833965 0.062733375
v -0.027851492 -0.027833955 0.05958994
v -0.027851492 -0.027833955 0.062733375
v -0.027851485 -0.019184664 0.062733375
v -0.027851485 -0.016519291 0.05958994
v -0.027851485 -0.018220799 0.063495226
v -0.027851488 -0.015228791 0.06050138
v -0.027851485 -0.0151151335 0.06612622
v -0.02785149 -0.018220799 0.06895782
v -0.02785149 -0.016981026 0.06983976
v -0.027851485 -0.014279517 0.06678231
v -0.027851481 0.014279528 0.06678231
v -0.027851485 0.016981035 0.06983976
v -0.027851481 0.015115143 0.06612622
v -0.027851485 0.018220808 0.06895782
v -0.027851481 0.018220808 0.063495226
v -0.027851483 0.0152288005 0.06050138
v -0.027851481 0.0165193 0.05958994
v -0.027851481 0.019184673 0.062733375
v -0.027851483 0.027833965 0.05958994
v -0.027851483 0.027833965 0.062733375
v 0.027851481 -0.0165193 0.05958994
v 0.027851483 -0.027833965 0.05958994
v 0.03090053 -0.027833965 0.05958994
v 0.030900609 -0.0165193 0.05958994
v 0.030900585 -0.0152288005 0.06050138
v 0.027851483 -0.0152288005 0.06050138
v 0.030900627 -0.015115143 0.06612622
v 0.027851481 -0.015115143 0.06612622
v 0.030900603 -0.014279528 0.06678231
v 0.027851481 -0.014279528 0.06678231
v 0.030900609 0.014279517 0.06678231
v 0.027851485 0.014279517 0.06678231
v 0.027851485 0.0151151335 0.06612622
v 0.030900633 0.0151151335 0.06612622
v 0.027851488 0.015228791 0.06050138
v 0.03090059 0.015228791 0.06050138
v 0.027851485 0.016519291 0.05958994
v 0.030900614 0.016519291 0.05958994
v 0.03090054 0.027833955 0.05958994
v 0.027851492 0.027833955 0.05958994
v 0.03090062 -0.019184673 0.062733375
v 0.030900555 -0.027833965 0.062733375
v 0.027851483 -0.027833965 0.062733375
v 0.027851481 -0.019184673 0.062733375
v 0.030900627 -0.018220808 0.063495226
v 0.027851481 -0.018220808 0.063495226
v 0.030900558 -0.018220808 0.06895782
v 0.027851485 -0.018220808 0.06895782
v 0.030900558 -0.016981035 0.06983976
v 0.027851485 -0.016981035 0.06983976
v 0.02785149 0.016981026 0.06983976
v 0.030900564 0.016981026 0.06983976
v 0.02785149 0.018220799 0.06895782
v 0.030900564 0.018220799 0.06895782
v 0.027851485 0.018220799 0.063495226
v 0.030900633 0.018220799 0.063495226
v 0.027851485 0.019184664 0.062733375
v 0.030900626 0.019184664 0.062733375
v 0.027851492 0.027833955 0.062733375
v 0.030900564 0.027833955 0.062733375
v 0.03090053 -0.027833965 0.05958994
v 0.030900555 -0.027833965 0.062733375
v 0.03090062 -0.019184673 0.062733375
v 0.030900609 -0.0165193 0.05958994
v 0.030900627 -0.018220808 0.063495226
v 0.030900585 -0.0152288005 0.06050138
v 0.030900627 -0.015115143 0.06612622
v 0.030900558 -0.018220808 0.06895782
v 0.030900558 -0.016981035 0.06983976
v 0.030900603 -0.014279528 0.06678231
v 0.030900609 0.014279517 0.06678231
v 0.030900564 0.016981026 0.06983976
v 0.030900633 0.0151151335 0.06612622
v 0.030900564 0.018220799 0.06895782
v 0.030900633 0.018220799 0.063495226
v 0.03090059 0.015228791 0.06050138
v 0.030900614 0.016519291 0.05958994
v 0.030900626 0.019184664 0.062733375
v 0.03090054 0.027833955 0.05958994
v 0.030900564 0.027833955 0.062733375
v 0.027851483 -0.027833965 0.05958994
v 0.027851481 -0.019184673 0.062733375
v 0.027851483 -0.027833965 0.062733375
v 0.027851481 -0.0165193 0.05958994
v 0.027851481 -0.018220808 0.063495226
v 0.027851483 -0.0152288005 0.06050138
v 0.027851481 -0.015115143 0.06612622
v 0.027851485 -0.018220808 0.06895782
v 0.027851485 -0.016981035 0.06983976
v 0.027851481 -0.014279528 0.06678231
v 0.027851485 0.014279517 0.06678231
v 0.02785149 0.016981026 0.06983976
v 0.027851485 0.0151151335 0.06612622
v 0.02785149 0.018220799 0.06895782
v 0.027851485 0.018220799 0.063495226
v 0.027851488 0.015228791 0.06050138
v 0.027851485 0.016519291 0.05958994
v 0.027851485 0.019184664 0.062733375
v 0.027851492 0.027833955 0.05958994
v 0.027851492 0.027833955 0.062733375
v -0.027851485 -0.016519291 -0.05958994
v -0.027851492 -0.027833955 -0.05958994
v -0.03090054 -0.027833955 -0.05958994
v -0.030900614 -0.016519291 -0.05958994
v -0.03090059 -0.015228791 -0.06050138
v -0.027851488 -0.015228791 -0.06050138
v -0.030900633 -0.0151151335 -0.06612622
v -0.027851485 -0.0151151335 -0.06612622
v -0.030900609 -0.014279517 -0.06678231
v -0.027851485 -0.014279517 -0.06678231
v -0.030900603 0.014279528 -0.06678231
v -0.027851481 0.014279528 -0.06678231
v -0.027851481 0.015115143 -0.06612622
v -0.030900627 0.015115143 -0.06612622
v -0.027851483 0.0152288005 -0.06050138
v -0.030900585 0.0152288005 -0.06050138
v -0.027851481 0.0165193 -0.05958994
v -0.030900609 0.0165193 -0.05958994
v -0.03090053 0.027833965 -0.05958994
v -0.027851483 0.027833965 -0.05958994
v -0.030900626 -0.019184664 -0.062733375
v -0.030900564 -0.027833955 -0.062733375
v -0.027851492 -0.027833955 -0.062733375
v -0.027851485 -0.019184664 -0.062733375
v -0.030900633 -0.018220799 -0.063495226
v -0.027851485 -0.018220799 -0.063495226
v -0.030900564 -0.018220799 -0.06895782
v -0.02785149 -0.018220799 -0.06895782
v -0.030900564 -0.016981026 -0.06983976
v -0.02785149 -0.016981026 -0.06983976
v -0.027851485 0.016981035 -0.06983976
v -0.030900558 0.016981035 -0.06983976
v -0.027851485 0.018220808 -0.06895782
v -0.030900558 0.018220808 -0.06895782
v -0.027851481 0.018220808 -0.063495226
v -0.030900627 0.018220808 -0.063495226
v -0.027851481 0.019184673 -0.062733375
v -0.03090062 0.019184673 -0.062733375
v -0.027851483 0.027833965 -0.062733375
v -0.030900555 0.027833965 -0.062733375
v -0.03090054 -0.027833955 -0.05958994
v -0.030900564 -0.027833955 -0.062733375
v -0.030900626 -0.019184664 -0.062733375
v -0.030900614 -0.016519291 -0.05958994
v -0.030900633 -0.018220799 -0.063495226
v -0.03090059 -0.015228791 -0.06050138
v -0.030900633 -0.0151151335 -0.06612622
v -0.030900564 -0.018220799 -0.06895782
v -0.030900564 -0.016981026 -0.06983976
v -0.030900609 -0.014279517 -0.06678231
v -0.030900603 0.014279528 -0.06678231
v -0.030900558 0.016981035 -0.06983976
v -0.030900627 0.015115143 -0.06612622
v -0.030900558 0.018220808 -0.06895782
v -0.030900627 0.018220808 -0.063495226
v -0.030900585 0.0152288005 -0.06050138
v -0.030900609 0.0165193 -0.05958994
v -0.03090062 0.019184673 -0.062733375
v -0.03090053 0.027833965 -0.05958994
v -0.030900555 0.027833965 -0.062733375
v -0.027851492 -0.027833955 -0.05958994
v -0.027851485 -0.019184664 -0.062733375
v -0.027851492 -0.027833955 -0.062733375
v -0.027851485 -0.016519291 -0.05958994
v -0.027851485 -0.018220799 -0.063495226
v -0.027851488 -0.015228791 -0.06050138
v -0.027851485 -0.0151151335 -0.06612622
v -0.02785149 -0.018220799 -0.06895782
v -0.02785149 -0.016981026 -0.06983976
v -0.027851485 -0.014279517 -0.06678231
v -0.027851481 0.014279528 -0.06678231
v -0.027851485 0.016981035 -0.06983976
v -0.027851481 0.015115143 -0.06612622
v -0.027851485 0.018220808 -0.06895782
v -0.027851481 0.018220808 -0.063495226
v -0.027851483 0.0152288005 -0.06050138
v -0.027851481 0.0165193 -0.05958994
v -0.027851481 0.019184673 -0.062733375
v -0.027851483 0.027833965 -0.05958994
v -0.027851483 0.027833965 -0.062733375
v 0.027851481 -0.0165193 -0.05958994
v 0.03090053 -0.027833965 -0.05958994
v 0.027851483 -0.027833965 -0.05958994
v 0.030900609 -0.0165193 -0.05958994
v 0.030900585 -0.0152288005 -0.06050138
v 0.027851483 -0.0152288005 -0.06050138
v 0.030900627 -0.015115143 -0.06612622
v 0.027851481 -0.015115143 -0.06612622
v 0.030900603 -0.014279528 -0.06678231
v 0.027851481 -0.014279528 -0.06678231
v 0.030900609 0.014279517 -0.06678231
v 0.027851485 0.014279517 -0.06678231
v 0.027851485 0.0151151335 -0.06612622
v 0.030900633 0.0151151335 -0.06612622
v 0.027851488 0.015228791 -0.06050138
v 0.03090059 0.015228791 -0.06050138
v 0.027851485 0.016519291 -0.05958994
v 0.030900614 0.016519291 -0.05958994
v 0.03090054 0.027833955 -0.05958994
v 0.027851492 0.027833955 -0.05958994
v 0.03090062 -0.019184673 -0.062733375
v 0.027851483 -0.027833965 -0.062733375
v 0.030900555 -0.027833965 -0.062733375
v 0.027851481 -0.019184673 -0.062733375
v 0.030900627 -0.018220808 -0.063495226
v 0.027851481 -0.018220808 -0.063495226
v 0.030900558 -0.018220808 -0.06895782
v 0.027851485 -0.018220808 -0.06895782
v 0.030900558 -0.016981035 -0.06983976
v 0.027851485 -0.016981035 -0.06983976
v 0.02785149 0.016981026 -0.06983976
v 0.030900564 0.016981026 -0.06983976
v 0.02785149 0.018220799 -0.06895782
v 0.030900564 0.018220799 -0.06895782
v 0.027851485 0.018220799 -0.063495226
v 0.030900633 0.018220799 -0.063495226
v 0.027851485 0.019184664 -0.062733375
v 0.030900626 0.019184664 -0.062733375
v 0.027851492 0.027833955 -0.062733375
v 0.030900564 0.027833955 -0.062733375
v 0.03090053 -0.027833965 -0.05958994
v 0.03090062 -0.019184673 -0.062733375
v 0.030900555 -0.027833965 -0.062733375
v 0.030900609 -0.0165193 -0.05958994
v 0.030900627 -0.018220808 -0.063495226
v 0.030900585 -0.0152288005 -0.06050138
v 0.030900627 -0.015115143 -0.06612622
v 0.030900558 -0.018220808 -0.06895782
v 0.030900558 -0.016981035 -0.06983976
v 0.030900603 -0.014279528 -0.06678231
v 0.030900609 0.014279517 -0.06678231
v 0.030900564 0.016981026 -0.06983976
v 0.030900633 0.0151151335 -0.06612622
v 0.030900564 0.018220799 -0.06895782
v 0.030900633 0.018220799 -0.063495226
v 0.03090059 0.015228791 -0.06050138
v 0.030900614 0.016519291 -0.05958994
v 0.030900626 0.019184664 -0.062733375
v 0.03090054 0.027833955 -0.05958994
v 0.030900564 0.027833955 -0.062733375
v 0.027851483 -0.027833965 -0.05958994
v 0.027851483 -0.027833965 -0.062733375
v 0.027851481 -0.019184673 -0.062733375
v 0.027851481 -0.0165193 -0.05958994
v 0.027851481 -0.018220808 -0.063495226
v 0.027851483 -0.0152288005 -0.06050138
v 0.027851481 -0.015115143 -0.06612622
v 0.027851485 -0.018220808 -0.06895782
v 0.027851485 -0.016981035 -0.06983976
v 0.027851481 -0.014279528 -0.06678231
v 0.027851485 0.014279517 -0.06678231
v 0.02785149 0.016981026 -0.06983976
v 0.027851485 0.0151151335 -0.06612622
v 0.02785149 0.018220799 -0.06895782
v 0.027851485 0.018220799 -0.063495226
v 0.027851488 0.015228791 -0.06050138
v 0.027851485 0.016519291 -0.05958994
v 0.027851485 0.019184664 -0.062733375
v 0.027851492 0.027833955 -0.05958994
v 0.027851492 0.027833955 -0.062733375
v -0.06652429 -0.007080162 0.082690515
v -0.052207626 0.0072136098 0.05180657
v -0.052207626 -0.007213593 0.05180657
v -0.06652429 0.0070801834 0.082690515
v -0.06721017 -0.006479881 0.084128395
v -0.06721017 0.006479902 0.084128395
v -0.0674989 -0.0051620305 0.08474432
v -0.0674989 0.005162052 0.08474432
v -0.05669799 0.007238661 0.053887445
v -0.054963563 0.0072276527 0.054300822
v -0.06933343 0.007229529 0.08137963
v -0.06652429 0.0070801834 0.082690515
v -0.06998784 0.0065904944 0.08284414
v -0.052207626 0.0072136098 0.05180657
v -0.053549312 0.0072603514 0.05123506
v -0.06721017 0.006479902 0.084128395
v -0.07032791 0.0052077565 0.083489455
v -0.0674989 0.005162052 0.08474432
v -0.0674989 -0.0051620305 0.08474432
v -0.07032791 -0.005207734 0.083489455
v -0.06721017 -0.006479881 0.084128395
v -0.06998784 -0.0065904716 0.08284414
v -0.06652429 -0.007080162 0.082690515
v -0.06933343 -0.007229506 0.08137963
v -0.054963563 -0.0072276345 0.054300822
v -0.05669799 -0.007238643 0.053887445
v -0.052207626 -0.007213593 0.05180657
v -0.053549312 -0.0072603337 0.05123506
v -0.054963563 0.0039679823 0.054300822
v -0.053549312 0.0038501443 0.05123506
v -0.053549312 0.0072603514 0.05123506
v -0.054963563 0.0072276527 0.054300822
v -0.05669799 0.007238661 0.053887445
v -0.05660818 0.0037720203 0.05370033
v -0.054963563 0.0039679823 0.054300822
v -0.054963563 0.0072276527 0.054300822
v -0.055146676 0.0036562027 0.050513003
v -0.053549312 0.0038501443 0.05123506
v -0.054963563 0.0039679823 0.054300822
v -0.05660818 0.0037720203 0.05370033
v -0.053549312 -0.0072603337 0.05123506
v -0.053549312 -0.003850127 0.05123506
v -0.054963563 -0.0039679646 0.054300822
v -0.054963563 -0.0072276345 0.054300822
v -0.054963563 -0.0039679646 0.054300822
v -0.05660818 -0.0037720017 0.05370033
v -0.05669799 -0.007238643 0.053887445
v -0.054963563 -0.0072276345 0.054300822
v -0.054963563 -0.0039679646 0.054300822
v -0.053549312 -0.003850127 0.05123506
v -0.055146676 -0.003656185 0.050513003
v -0.05660818 -0.0037720017 0.05370033
v -0.05660818 0.0037720203 0.05370033
v -0.055146676 -0.003656185 0.050513003
v -0.055146676 0.0036562027 0.050513003
v -0.05660818 -0.0037720017 0.05370033
v -0.06933343 0.007229529 0.08137963
v -0.05669799 0.007238661 0.053887445
v -0.06933343 -0.007229506 0.08137963
v -0.05669799 -0.007238643 0.053887445
v -0.06998784 0.0065904944 0.08284414
v -0.06998784 -0.0065904716 0.08284414
v -0.07032791 0.0052077565 0.083489455
v -0.07032791 -0.005207734 0.083489455
v 0.06652429 -0.0070801834 0.082690515
v 0.052207626 -0.0072136098 0.05180657
v 0.052207626 0.007213593 0.05180657
v 0.06652429 0.007080162 0.082690515
v 0.06721017 -0.006479902 0.084128395
v 0.06721017 0.006479881 0.084128395
v 0.0674989 -0.005162052 0.08474432
v 0.0674989 0.0051620305 0.08474432
v 0.05669799 0.007238643 0.053887445
v 0.06933343 0.007229506 0.08137963
v 0.054963563 0.0072276345 0.054300822
v 0.06652429 0.007080162 0.082690515
v 0.06998784 0.0065904716 0.08284414
v 0.052207626 0.007213593 0.05180657
v 0.053549312 0.0072603337 0.05123506
v 0.06721017 0.006479881 0.084128395
v 0.07032791 0.005207734 0.083489455
v 0.0674989 0.0051620305 0.08474432
v 0.0674989 -0.005162052 0.08474432
v 0.07032791 -0.0052077565 0.083489455
v 0.06721017 -0.006479902 0.084128395
v 0.06998784 -0.0065904944 0.08284414
v 0.06652429 -0.0070801834 0.082690515
v 0.06933343 -0.007229529 0.08137963
v 0.054963563 -0.0072276527 0.054300822
v 0.05669799 -0.007238661 0.053887445
v 0.052207626 -0.0072136098 0.05180657
v 0.053549312 -0.0072603514 0.05123506
v 0.054963563 0.0039679646 0.054300822
v 0.054963563 0.0072276345 0.054300822
v 0.053549312 0.0072603337 0.05123506
v 0.053549312 0.003850127 0.05123506
v 0.05669799 0.007238643 0.053887445
v 0.054963563 0.0072276345 0.054300822
v 0.054963563 0.0039679646 0.054300822
v 0.05660818 0.0037720017 0.05370033
v 0.055146676 0.003656185 0.050513003
v 0.05660818 0.0037720017 0.05370033
v 0.054963563 0.0039679646 0.054300822
v 0.053549312 0.003850127 0.05123506
v 0.053549312 -0.0072603514 0.05123506
v 0.054963563 -0.0072276527 0.054300822
v 0.054963563 -0.0039679823 0.054300822
v 0.053549312 -0.0038501443 0.05123506
v 0.054963563 -0.0039679823 0.054300822
v 0.054963563 -0.0072276527 0.054300822
v 0.05669799 -0.007238661 0.053887445
v 0.05660818 -0.0037720203 0.05370033
v 0.054963563 -0.0039679823 0.054300822
v 0.05660818 -0.0037720203 0.05370033
v 0.055146676 -0.0036562027 0.050513003
v 0.053549312 -0.0038501443 0.05123506
v 0.05660818 0.0037720017 0.05370033
v 0.055146676 0.003656185 0.050513003
v 0.055146676 -0.0036562027 0.050513003
v 0.05660818 -0.0037720203 0.05370033
v 0.06933343 0.007229506 0.08137963
v 0.05669799 0.007238643 0.053887445
v 0.06933343 -0.007229529 0.08137963
v 0.05669799 -0.007238661 0.053887445
v 0.06998784 0.0065904716 0.08284414
v 0.06998784 -0.0065904944 0.08284414
v 0.07032791 0.005207734 0.083489455
v 0.07032791 -0.0052077565 0.083489455
v 0.007080165 -0.05920477 0.08121548
v -0.0072136074 -0.04237184 0.05162768
v 0.007213595 -0.04237184 0.05162768
v -0.007080181 -0.05920477 0.08121548
v 0.006479883 -0.06000773 0.082591414
v -0.006479899 -0.06000773 0.082591414
v 0.0051620333 -0.060346637 0.08318122
v -0.0051620486 -0.060346637 0.08318122
v -0.007238659 -0.047019552 0.05332832
v -0.00722765 -0.045325458 0.05388437
v -0.007229526 -0.061895292 0.07967575
v -0.007080181 -0.05920477 0.08121548
v -0.006590492 -0.062669106 0.08108084
v -0.0072136074 -0.04237184 0.05162768
v -0.007260349 -0.043661404 0.050946694
v -0.006479899 -0.06000773 0.082591414
v -0.0052077537 -0.06306162 0.08169566
v -0.0051620486 -0.060346637 0.08318122
v 0.0051620333 -0.060346637 0.08318122
v 0.005207737 -0.06306162 0.08169566
v 0.006479883 -0.06000773 0.082591414
v 0.006590475 -0.062669106 0.08108084
v 0.007080165 -0.05920477 0.08121548
v 0.0072295084 -0.061895292 0.07967575
v 0.007227637 -0.045325458 0.05388437
v 0.0072386446 -0.047019552 0.05332832
v 0.007213595 -0.04237184 0.05162768
v 0.007260336 -0.043661404 0.050946694
v -0.00396798 -0.045325458 0.05388437
v -0.0038501418 -0.043661404 0.050946694
v -0.007260349 -0.043661404 0.050946694
v -0.00722765 -0.045325458 0.05388437
v -0.007238659 -0.047019552 0.05332832
v -0.0037720173 -0.046914507 0.053149316
v -0.00396798 -0.045325458 0.05388437
v -0.00722765 -0.045325458 0.05388437
v -0.0036562001 -0.045193255 0.050094426
v -0.0038501418 -0.043661404 0.050946694
v -0.00396798 -0.045325458 0.05388437
v -0.0037720173 -0.046914507 0.053149316
v 0.007260336 -0.043661404 0.050946694
v 0.0038501294 -0.043661404 0.050946694
v 0.003967967 -0.045325458 0.05388437
v 0.007227637 -0.045325458 0.05388437
v 0.003967967 -0.045325458 0.05388437
v 0.0037720047 -0.046914507 0.053149316
v 0.0072386446 -0.047019552 0.05332832
v 0.007227637 -0.045325458 0.05388437
v 0.003967967 -0.045325458 0.05388437
v 0.0038501294 -0.043661404 0.050946694
v 0.0036561876 -0.045193255 0.050094426
v 0.0037720047 -0.046914507 0.053149316
v -0.0037720173 -0.046914507 0.053149316
v 0.0036561876 -0.045193255 0.050094426
v -0.0036562001 -0.045193255 0.050094426
v 0.0037720047 -0.046914507 0.053149316
v -0.007229526 -0.061895292 0.07967575
v -0.007238659 -0.047019552 0.05332832
v 0.0072295084 -0.061895292 0.07967575
v 0.0072386446 -0.047019552 0.05332832
v -0.006590492 -0.062669106 0.08108084
v 0.006590475 -0.062669106 0.08108084
v -0.0052077537 -0.06306162 0.08169566
v 0.005207737 -0.06306162 0.08169566
v 0.0070801843 0.05920477 0.08121548
v 0.007213609 0.04237184 0.05162768
v -0.007213593 0.04237184 0.05162768
v -0.007080162 0.05920477 0.08121548
v 0.006479902 0.06000773 0.082591414
v -0.00647988 0.06000773 0.082591414
v 0.0051620523 0.060346637 0.08318122
v -0.0051620295 0.060346637 0.08318122
v -0.0072386437 0.047019552 0.05332832
v -0.0072295056 0.061895292 0.07967575
v -0.007227636 0.045325458 0.05388437
v -0.007080162 0.05920477 0.08121548
v -0.0065904716 0.062669106 0.08108084
v -0.007213593 0.04237184 0.05162768
v -0.007260335 0.043661404 0.050946694
v -0.00647988 0.06000773 0.082591414
v -0.0052077333 0.06306162 0.08169566
v -0.0051620295 0.060346637 0.08318122
v 0.0051620523 0.060346637 0.08318122
v 0.0052077575 0.06306162 0.08169566
v 0.006479902 0.06000773 0.082591414
v 0.006590495 0.062669106 0.08108084
v 0.0070801843 0.05920477 0.08121548
v 0.007229529 0.061895292 0.07967575
v 0.0072276513 0.045325458 0.05388437
v 0.0072386605 0.047019552 0.05332832
v 0.007213609 0.04237184 0.05162768
v 0.0072603505 0.043661404 0.050946694
v -0.003967965 0.045325458 0.05388437
v -0.007227636 0.045325458 0.05388437
v -0.007260335 0.043661404 0.050946694
v -0.0038501273 0.043661404 0.050946694
v -0.0072386437 0.047019552 0.05332832
v -0.007227636 0.045325458 0.05388437
v -0.003967965 0.045325458 0.05388437
v -0.0037720017 0.046914507 0.053149316
v -0.0036561852 0.045193255 0.050094426
v -0.0037720017 0.046914507 0.053149316
v -0.003967965 0.045325458 0.05388437
v -0.0038501273 0.043661404 0.050946694
v 0.0072603505 0.043661404 0.050946694
v 0.0072276513 0.045325458 0.05388437
v 0.003967982 0.045325458 0.05388437
v 0.0038501439 0.043661404 0.050946694
v 0.003967982 0.045325458 0.05388437
v 0.0072276513 0.045325458 0.05388437
v 0.0072386605 0.047019552 0.05332832
v 0.0037720203 0.046914507 0.053149316
v 0.003967982 0.045325458 0.05388437
v 0.0037720203 0.046914507 0.053149316
v 0.0036562025 0.045193255 0.050094426
v 0.0038501439 0.043661404 0.050946694
v -0.0037720017 0.046914507 0.053149316
v -0.0036561852 0.045193255 0.050094426
v 0.0036562025 0.045193255 0.050094426
v 0.0037720203 0.046914507 0.053149316
v -0.0072295056 0.061895292 0.07967575
v -0.0072386437 0.047019552 0.05332832
v 0.007229529 0.061895292 0.07967575
v 0.0072386605 0.047019552 0.05332832
v -0.0065904716 0.062669106 0.08108084
v 0.006590495 0.062669106 0.08108084
v -0.0052077333 0.06306162 0.08169566
v 0.0052077575 0.06306162 0.08169566
v 0.007080165 -0.05920477 -0.08121548
v 0.007213595 -0.04237184 -0.05162768
v -0.0072136074 -0.04237184 -0.05162768
v -0.007080181 -0.05920477 -0.08121548
v 0.006479883 -0.06000773 -0.082591414
v -0.006479899 -0.06000773 -0.082591414
v 0.0051620333 -0.060346637 -0.08318122
v -0.0051620486 -0.060346637 -0.08318122
v -0.007238659 -0.047019552 -0.05332832
v -0.007229526 -0.061895292 -0.07967575
v -0.00722765 -0.045325458 -0.05388437
v -0.007080181 -0.05920477 -0.08121548
v -0.006590492 -0.062669106 -0.08108084
v -0.0072136074 -0.04237184 -0.05162768
v -0.007260349 -0.043661404 -0.050946694
v -0.006479899 -0.06000773 -0.082591414
v -0.0052077537 -0.06306162 -0.08169566
v -0.0051620486 -0.060346637 -0.08318122
v 0.0051620333 -0.060346637 -0.08318122
v 0.005207737 -0.06306162 -0.08169566
v 0.006479883 -0.06000773 -0.082591414
v 0.006590475 -0.062669106 -0.08108084
v 0.007080165 -0.05920477 -0.08121548
v 0.0072295084 -0.061895292 -0.07967575
v 0.007227637 -0.045325458 -0.05388437
v 0.0072386446 -0.047019552 -0.05332832
v 0.007213595 -0.04237184 -0.05162768
v 0.007260336 -0.043661404 -0.050946694
v -0.00396798 -0.045325458 -0.05388437
v -0.00722765 -0.045325458 -0.05388437
v -0.007260349 -0.043661404 -0.050946694
v -0.0038501418 -0.043661404 -0.050946694
v -0.007238659 -0.047019552 -0.05332832
v -0.00722765 -0.045325458 -0.05388437
v -0.00396798 -0.045325458 -0.05388437
v -0.0037720173 -0.046914507 -0.053149316
v -0.0036562001 -0.045193255 -0.050094426
v -0.0037720173 -0.046914507 -0.053149316
v -0.00396798 -0.045325458 -0.05388437
v -0.0038501418 -0.043661404 -0.050946694
v 0.007260336 -0.043661404 -0.050946694
v 0.007227637 -0.045325458 -0.05388437
v 0.003967967 -0.045325458 -0.05388437
v 0.0038501294 -0.043661404 -0.050946694
v 0.003967967 -0.045325458 -0.05388437
v 0.007227637 -0.045325458 -0.05388437
v 0.0072386446 -0.047019552 -0.05332832
v 0.0037720047 -0.046914507 -0.053149316
v 0.003967967 -0.045325458 -0.05388437
v 0.0037720047 -0.046914507 -0.053149316
v 0.0036561876 -0.045193255 -0.050094426
v 0.0038501294 -0.043661404 -0.050946694
v -0.0037720173 -0.046914507 -0.053149316
v -0.0036562001 -0.045193255 -0.050094426
v 0.0036561876 -0.045193255 -0.050094426
v 0.0037720047 -0.046914507 -0.053149316
v -0.007229526 -0.061895292 -0.07967575
v -0.007238659 -0.047019552 -0.05332832
v 0.0072295084 -0.061895292 -0.07967575
v 0.0072386446 -0.047019552 -0.05332832
v -0.006590492 -0.062669106 -0.08108084
v 0.006590475 -0.062669106 -0.08108084
v -0.0052077537 -0.06306162 -0.08169566
v 0.005207737 -0.06306162 -0.08169566
v 0.0070801843 0.05920477 -0.08121548
v -0.007213593 0.04237184 -0.05162768
v 0.007213609 0.04237184 -0.05162768
v -0.007080162 0.05920477 -0.08121548
v 0.006479902 0.06000773 -0.082591414
v -0.00647988 0.06000773 -0.082591414
v 0.0051620523 0.060346637 -0.08318122
v -0.0051620295 0.060346637 -0.08318122
v -0.0072386437 0.047019552 -0.05332832
v -0.007227636 0.045325458 -0.05388437
v -0.0072295056 0.061895292 -0.07967575
v -0.007080162 0.05920477 -0.08121548
v -0.0065904716 0.062669106 -0.08108084
v -0.007213593 0.04237184 -0.05162768
v -0.007260335 0.043661404 -0.050946694
v -0.00647988 0.06000773 -0.082591414
v -0.0052077333 0.06306162 -0.08169566
v -0.0051620295 0.060346637 -0.08318122
v 0.0051620523 0.060346637 -0.08318122
v 0.0052077575 0.06306162 -0.08169566
v 0.006479902 0.06000773 -0.082591414
v 0.006590495 0.062669106 -0.08108084
v 0.0070801843 0.05920477 -0.08121548
v 0.007229529 0.061895292 -0.07967575
v 0.0072276513 0.045325458 -0.05388437
v 0.0072386605 0.047019552 -0.05332832
v 0.007213609 0.04237184 -0.05162768
v 0.0072603505 0.043661404 -0.050946694
v -0.003967965 0.045325458 -0.05388437
v -0.0038501273 0.043661404 -0.050946694
v -0.007260335 0.043661404 -0.050946694
v -0.007227636 0.045325458 -0.05388437
v -0.0072386437 0.047019552 -0.05332832
v -0.0037720017 0.046914507 -0.053149316
v -0.003967965 0.045325458 -0.05388437
v -0.007227636 0.045325458 -0.05388437
v -0.0036561852 0.045193255 -0.050094426
v -0.0038501273 0.043661404 -0.050946694
v -0.003967965 0.045325458 -0.05388437
v -0.0037720017 0.046914507 -0.053149316
v 0.0072603505 0.043661404 -0.050946694
v 0.0038501439 0.043661404 -0.050946694
v 0.003967982 0.045325458 -0.05388437
v 0.0072276513 0.045325458 -0.05388437
v 0.003967982 0.045325458 -0.05388437
v 0.0037720203 0.046914507 -0.053149316
v 0.0072386605 0.047019552 -0.05332832
v 0.0072276513 0.045325458 -0.05388437
v 0.003967982 0.045325458 -0.05388437
v 0.0038501439 0.043661404 -0.050946694
v 0.0036562025 0.045193255 -0.050094426
v 0.0037720203 0.046914507 -0.053149316
v -0.0037720017 0.046914507 -0.053149316
v 0.0036562025 0.045193255 -0.050094426
v -0.0036561852 0.045193255 -0.050094426
v 0.0037720203 0.046914507 -0.053149316
v -0.0072295056 0.061895292 -0.07967575
v -0.0072386437 0.047019552 -0.05332832
v 0.007229529 0.061895292 -0.07967575
v 0.0072386605 0.047019552 -0.05332832
v -0.0065904716 0.062669106 -0.08108084
v 0.006590495 0.062669106 -0.08108084
v -0.0052077333 0.06306162 -0.08169566
v 0.0052077575 0.06306162 -0.08169566
v -0.06652429 -0.007080162 -0.082690515
v -0.052207626 -0.007213593 -0.05180657
v -0.052207626 0.0072136098 -0.05180657
v -0.06652429 0.0070801834 -0.082690515
v -0.06721017 -0.006479881 -0.084128395
v -0.06721017 0.006479902 -0.084128395
v -0.0674989 -0.0051620305 -0.08474432
v -0.0674989 0.005162052 -0.08474432
v -0.05669799 0.007238661 -0.053887445
v -0.06933343 0.007229529 -0.08137963
v -0.054963563 0.0072276527 -0.054300822
v -0.06652429 0.0070801834 -0.082690515
v -0.06998784 0.0065904944 -0.08284414
v -0.052207626 0.0072136098 -0.05180657
v -0.053549312 0.0072603514 -0.05123506
v -0.06721017 0.006479902 -0.084128395
v -0.07032791 0.0052077565 -0.083489455
v -0.0674989 0.005162052 -0.08474432
v -0.0674989 -0.0051620305 -0.08474432
v -0.07032791 -0.005207734 -0.083489455
v -0.06721017 -0.006479881 -0.084128395
v -0.06998784 -0.0065904716 -0.08284414
v -0.06652429 -0.007080162 -0.082690515
v -0.06933343 -0.007229506 -0.08137963
v -0.054963563 -0.0072276345 -0.054300822
v -0.05669799 -0.007238643 -0.053887445
v -0.052207626 -0.007213593 -0.05180657
v -0.053549312 -0.0072603337 -0.05123506
v -0.054963563 0.0039679823 -0.054300822
v -0.054963563 0.0072276527 -0.054300822
v -0.053549312 0.0072603514 -0.05123506
v -0.053549312 0.0038501443 -0.05123506
v -0.05669799 0.007238661 -0.053887445
v -0.054963563 0.0072276527 -0.054300822
v -0.054963563 0.0039679823 -0.054300822
v -0.05660818 0.0037720203 -0.05370033
v -0.055146676 0.0036562027 -0.050513003
v -0.05660818 0.0037720203 -0.05370033
v -0.054963563 0.0039679823 -0.054300822
v -0.053549312 0.0038501443 -0.05123506
v -0.053549312 -0.0072603337 -0.05123506
v -0.054963563 -0.0072276345 -0.054300822
v -0.054963563 -0.0039679646 -0.054300822
v -0.053549312 -0.003850127 -0.05123506
v -0.054963563 -0.0039679646 -0.054300822
v -0.054963563 -0.0072276345 -0.054300822
v -0.05669799 -0.007238643 -0.053887445
v -0.05660818 -0.0037720017 -0.05370033
v -0.054963563 -0.0039679646 -0.054300822
v -0.05660818 -0.0037720017 -0.05370033
v -0.055146676 -0.003656185 -0.050513003
v -0.053549312 -0.003850127 -0.05123506
v -0.05660818 0.0037720203 -0.05370033
v -0.055146676 0.0036562027 -0.050513003
v -0.055146676 -0.003656185 -0.050513003
v -0.05660818 -0.0037720017 -0.05370033
v -0.06933343 0.007229529 -0.08137963
v -0.05669799 0.007238661 -0.053887445
v -0.06933343 -0.007229506 -0.08137963
v -0.05669799 -0.007238643 -0.053887445
v -0.06998784 0.0065904944 -0.08284414
v -0.06998784 -0.0065904716 -0.08284414
v -0.07032791 0.0052077565 -0.083489455
v -0.07032791 -0.005207734 -0.083489455
v 0.06652429 -0.0070801834 -0.082690515
v 0.052207626 0.007213593 -0.05180657
v 0.052207626 -0.0072136098 -0.05180657
v 0.06652429 0.007080162 -0.082690515
v 0.06721017 -0.006479902 -0.084128395
v 0.06721017 0.006479881 -0.084128395
v 0.0674989 -0.005162052 -0.08474432
v 0.0674989 0.0051620305 -0.08474432
v 0.05669799 0.007238643 -0.053887445
v 0.054963563 0.0072276345 -0.054300822
v 0.06933343 0.007229506 -0.08137963
v 0.06652429 0.007080162 -0.082690515
v 0.06998784 0.0065904716 -0.08284414
v 0.052207626 0.007213593 -0.05180657
v 0.053549312 0.0072603337 -0.05123506
v 0.06721017 0.006479881 -0.084128395
v 0.07032791 0.005207734 -0.083489455
v 0.0674989 0.0051620305 -0.08474432
v 0.0674989 -0.005162052 -0.08474432
v 0.07032791 -0.0052077565 -0.083489455
v 0.06721017 -0.006479902 -0.084128395
v 0.06998784 -0.0065904944 -0.08284414
v 0.06652429 -0.0070801834 -0.082690515
v 0.06933343 -0.007229529 -0.08137963
v 0.054963563 -0.0072276527 -0.054300822
v 0.05669799 -0.007238661 -0.053887445
v 0.052207626 -0.0072136098 -0.05180657
v 0.053549312 -0.0072603514 -0.05123506
v 0.054963563 0.0039679646 -0.054300822
v 0.053549312 0.003850127 -0.05123506
v 0.053549312 0.0072603337 -0.05123506
v 0.054963563 0.0072276345 -0.054300822
v 0.05669799 0.007238643 -0.053887445
v 0.05660818 0.0037720017 -0.05370033
v 0.054963563 0.0039679646 -0.054300822
v 0.054963563 0.0072276345 -0.054300822
v 0.055146676 0.003656185 -0.050513003
v 0.053549312 0.003850127 -0.05123506
v 0.054963563 0.0039679646 -0.054300822
v 0.05660818 0.0037720017 -0.05370033
v 0.053549312 -0.0072603514 -0.05123506
v 0.053549312 -0.0038501443 -0.05123506
v 0.054963563 -0.0039679823 -0.054300822
v 0.054963563 -0.0072276527 -0.054300822
v 0.054963563 -0.0039679823 -0.054300822
v 0.05660818 -0.0037720203 -0.05370033
v 0.05669799 -0.007238661 -0.053887445
v 0.054963563 -0.0072276527 -0.054300822
v 0.054963563 -0.0039679823 -0.054300822
v 0.053549312 -0.0038501443 -0.05123506
v 0.055146676 -0.0036562027 -0.050513003
v 0.05660818 -0.0037720203 -0.05370033
v 0.05660818 0.0037720017 -0.05370033
v 0.055146676 -0.0036562027 -0.050513003
v 0.055146676 0.003656185 -0.050513003
v 0.05660818 -0.0037720203 -0.05370033
v 0.06933343 0.007229506 -0.08137963
v 0.05669799 0.007238643 -0.053887445
v 0.06933343 -0.007229529 -0.08137963
v 0.05669799 -0.007238661 -0.053887445
v 0.06998784 0.0065904716 -0.08284414
v 0.06998784 -0.0065904944 -0.08284414
v 0.07032791 0.005207734 -0.083489455
v 0.07032791 -0.0052077565 -0.083489455
v -0.025279151 -0.006573379 0.043323927
v -0.022211228 0.0065733865 0.045095198
v -0.025279151 0.0065733874 0.043323927
v -0.022211228 -0.0065733795 0.045095198
v -0.022211228 0.0065733865 0.048637737
v -0.022211228 -0.0065733795 0.048637737
v -0.025279151 0.0065733874 0.050409004
v -0.025279151 -0.006573379 0.050409004
v -0.02834708 0.006573388 0.048637737
v -0.02834708 -0.006573378 0.048637737
v -0.02834708 0.006573388 0.045095198
v -0.02834708 -0.006573378 0.045095198
v -0.022211228 0.0065733865 0.045095198
v -0.025279151 0.007165129 0.044553902
v -0.025279151 0.0065733874 0.043323927
v -0.02327641 0.0071651284 0.045710187
v -0.022211228 0.0065733865 0.048637737
v -0.02327641 0.0071651284 0.048022754
v -0.025279151 0.0065733874 0.050409004
v -0.025279151 0.007165129 0.049179032
v -0.02834708 0.006573388 0.048637737
v -0.027281897 0.007165129 0.048022754
v -0.02834708 0.006573388 0.045095198
v -0.027281897 0.007165129 0.045710187
v -0.025279151 -0.0071651204 0.044553902
v -0.022211228 -0.0065733795 0.045095198
v -0.025279151 -0.006573379 0.043323927
v -0.02327641 -0.0071651214 0.045710187
v -0.022211228 -0.0065733795 0.048637737
v -0.02327641 -0.0071651214 0.048022754
v -0.025279151 -0.006573379 0.050409004
v -0.025279151 -0.0071651204 0.049179032
v -0.02834708 -0.006573378 0.048637737
v -0.027281897 -0.0071651204 0.048022754
v -0.02834708 -0.006573378 0.045095198
v -0.027281897 -0.0071651204 0.045710187
v -0.025279155 -0.012090395 0.044553902
v -0.02327641 -0.0071651214 0.045710187
v -0.025279151 -0.0071651204 0.044553902
v -0.023276413 -0.012090395 0.045710187
v -0.02327641 -0.0071651214 0.048022754
v -0.023276413 -0.012090395 0.048022754
v -0.025279151 -0.0071651204 0.049179032
v -0.025279155 -0.012090395 0.049179032
v -0.027281897 -0.0071651204 0.048022754
v -0.027281899 -0.012090394 0.048022754
v -0.027281897 -0.0071651204 0.045710187
v -0.027281899 -0.012090394 0.045710187
v -0.025279155 -0.012596118 0.043390412
v -0.023276413 -0.012090395 0.045710187
v -0.025279155 -0.012090395 0.044553902
v -0.0222688 -0.012596118 0.045128446
v -0.023276413 -0.012090395 0.048022754
v -0.0222688 -0.012596118 0.04860449
v -0.025279155 -0.012090395 0.049179032
v -0.025279155 -0.012596118 0.05034252
v -0.027281899 -0.012090394 0.048022754
v -0.02828951 -0.012596117 0.04860449
v -0.027281899 -0.012090394 0.045710187
v -0.02828951 -0.012596117 0.045128435
v -0.025279155 -0.013761472 0.043390412
v -0.0222688 -0.012596118 0.045128446
v -0.025279155 -0.012596118 0.043390412
v -0.0222688 -0.013761472 0.045128446
v -0.0222688 -0.012596118 0.04860449
v -0.0222688 -0.013761472 0.04860449
v -0.025279155 -0.012596118 0.05034252
v -0.025279155 -0.013761472 0.05034252
v -0.02828951 -0.012596117 0.04860449
v -0.02828951 -0.013761471 0.04860449
v -0.02828951 -0.012596117 0.045128435
v -0.02828951 -0.013761471 0.045128435
v -0.02527915 0.012090403 0.044553902
v -0.025279151 0.007165129 0.044553902
v -0.02327641 0.0071651284 0.045710187
v -0.023276407 0.012090403 0.045710187
v -0.02327641 0.0071651284 0.048022754
v -0.023276407 0.012090403 0.048022754
v -0.025279151 0.007165129 0.049179032
v -0.02527915 0.012090403 0.049179032
v -0.027281897 0.007165129 0.048022754
v -0.027281893 0.012090404 0.048022754
v -0.027281897 0.007165129 0.045710187
v -0.027281893 0.012090404 0.045710187
v -0.02527915 0.012596126 0.043390412
v -0.02527915 0.012090403 0.044553902
v -0.023276407 0.012090403 0.045710187
v -0.022268796 0.012596126 0.045128446
v -0.023276407 0.012090403 0.048022754
v -0.022268796 0.012596126 0.04860449
v -0.02527915 0.012090403 0.049179032
v -0.02527915 0.012596126 0.05034252
v -0.027281893 0.012090404 0.048022754
v -0.028289506 0.012596127 0.04860449
v -0.027281893 0.012090404 0.045710187
v -0.028289506 0.012596127 0.045128435
v -0.02527915 0.013761479 0.043390412
v -0.02527915 0.012596126 0.043390412
v -0.022268796 0.012596126 0.045128446
v -0.022268796 0.013761479 0.045128446
v -0.022268796 0.012596126 0.04860449
v -0.022268796 0.013761479 0.04860449
v -0.02527915 0.012596126 0.05034252
v -0.02527915 0.013761479 0.05034252
v -0.028289506 0.012596127 0.04860449
v -0.028289506 0.01376148 0.04860449
v -0.028289506 0.012596127 0.045128435
v -0.028289506 0.01376148 0.045128435
v 0.025279151 -0.0065733874 0.043323927
v 0.025279151 0.006573379 0.043323927
v 0.022211228 0.0065733795 0.045095198
v 0.022211228 -0.0065733865 0.045095198
v 0.022211228 0.0065733795 0.048637737
v 0.022211228 -0.0065733865 0.048637737
v 0.025279151 0.006573379 0.050409004
v 0.025279151 -0.0065733874 0.050409004
v 0.02834708 0.006573378 0.048637737
v 0.02834708 -0.006573388 0.048637737
v 0.02834708 0.006573378 0.045095198
v 0.02834708 -0.006573388 0.045095198
v 0.022211228 0.0065733795 0.045095198
v 0.025279151 0.006573379 0.043323927
v 0.025279151 0.0071651204 0.044553902
v 0.02327641 0.0071651214 0.045710187
v 0.022211228 0.0065733795 0.048637737
v 0.02327641 0.0071651214 0.048022754
v 0.025279151 0.006573379 0.050409004
v 0.025279151 0.0071651204 0.049179032
v 0.02834708 0.006573378 0.048637737
v 0.027281897 0.0071651204 0.048022754
v 0.02834708 0.006573378 0.045095198
v 0.027281897 0.0071651204 0.045710187
v 0.025279151 -0.007165129 0.044553902
v 0.025279151 -0.0065733874 0.043323927
v 0.022211228 -0.0065733865 0.045095198
v 0.02327641 -0.0071651284 0.045710187
v 0.022211228 -0.0065733865 0.048637737
v 0.02327641 -0.0071651284 0.048022754
v 0.025279151 -0.0065733874 0.050409004
v 0.025279151 -0.007165129 0.049179032
v 0.02834708 -0.006573388 0.048637737
v 0.027281897 -0.007165129 0.048022754
v 0.02834708 -0.006573388 0.045095198
v 0.027281897 -0.007165129 0.045710187
v 0.02527915 -0.012090403 0.044553902
v 0.025279151 -0.007165129 0.044553902
v 0.02327641 -0.0071651284 0.045710187
v 0.023276407 -0.012090403 0.045710187
v 0.02327641 -0.0071651284 0.048022754
v 0.023276407 -0.012090403 0.048022754
v 0.025279151 -0.007165129 0.049179032
v 0.02527915 -0.012090403 0.049179032
v 0.027281897 -0.007165129 0.048022754
v 0.027281893 -0.012090404 0.048022754
v 0.027281897 -0.007165129 0.045710187
v 0.027281893 -0.012090404 0.045710187
v 0.02527915 -0.012596126 0.043390412
v 0.02527915 -0.012090403 0.044553902
v 0.023276407 -0.012090403 0.045710187
v 0.022268796 -0.012596126 0.045128446
v 0.023276407 -0.012090403 0.048022754
v 0.022268796 -0.012596126 0.04860449
v 0.02527915 -0.012090403 0.049179032
v 0.02527915 -0.012596126 0.05034252
v 0.027281893 -0.012090404 0.048022754
v 0.028289506 -0.012596127 0.04860449
v 0.027281893 -0.012090404 0.045710187
v 0.028289506 -0.012596127 0.045128435
v 0.02527915 -0.013761479 0.043390412
v 0.02527915 -0.012596126 0.043390412
v 0.022268796 -0.012596126 0.045128446
v 0.022268796 -0.013761479 0.045128446
v 0.022268796 -0.012596126 0.04860449
v 0.022268796 -0.013761479 0.04860449
v 0.02527915 -0.012596126 0.05034252
v 0.02527915 -0.013761479 0.05034252
v 0.028289506 -0.012596127 0.04860449
v 0.028289506 -0.01376148 0.04860449
v 0.028289506 -0.012596127 0.045128435
v 0.028289506 -0.01376148 0.045128435
v 0.025279155 0.012090395 0.044553902
v 0.02327641 0.0071651214 0.045710187
v 0.025279151 0.0071651204 0.044553902
v 0.023276413 0.012090395 0.045710187
v 0.02327641 0.0071651214 0.048022754
v 0.023276413 0.012090395 0.048022754
v 0.025279151 0.0071651204 0.049179032
v 0.025279155 0.012090395 0.049179032
v 0.027281897 0.0071651204 0.048022754
v 0.027281899 0.012090394 0.048022754
v 0.027281897 0.0071651204 0.045710187
v 0.027281899 0.012090394 0.045710187
v 0.025279155 0.012596118 0.043390412
v 0.023276413 0.012090395 0.045710187
v 0.025279155 0.012090395 0.044553902
v 0.0222688 0.012596118 0.045128446
v 0.023276413 0.012090395 0.048022754
v 0.0222688 0.012596118 0.04860449
v 0.025279155 0.012090395 0.049179032
v 0.025279155 0.012596118 0.05034252
v 0.027281899 0.012090394 0.048022754
v 0.02828951 0.012596117 0.04860449
v 0.027281899 0.012090394 0.045710187
v 0.02828951 0.012596117 0.045128435
v 0.025279155 0.013761472 0.043390412
v 0.0222688 0.012596118 0.045128446
v 0.025279155 0.012596118 0.043390412
v 0.0222688 0.013761472 0.045128446
v 0.0222688 0.012596118 0.04860449
v 0.0222688 0.013761472 0.04860449
v 0.025279155 0.012596118 0.05034252
v 0.025279155 0.013761472 0.05034252
v 0.02828951 0.012596117 0.04860449
v 0.02828951 0.013761471 0.04860449
v 0.02828951 0.012596117 0.045128435
v 0.02828951 0.013761471 0.045128435
v -0.025279151 -0.006573379 -0.043323927
v -0.025279151 0.0065733874 -0.043323927
v -0.022211228 0.0065733865 -0.045095198
v -0.022211228 -0.0065733795 -0.045095198
v -0.022211228 0.0065733865 -0.048637737
v -0.022211228 -0.0065733795 -0.048637737
v -0.025279151 0.0065733874 -0.050409004
v -0.025279151 -0.006573379 -0.050409004
v -0.02834708 0.006573388 -0.048637737
v -0.02834708 -0.006573378 -0.048637737
v -0.02834708 0.006573388 -0.045095198
v -0.02834708 -0.006573378 -0.045095198
v -0.022211228 0.0065733865 -0.045095198
v -0.025279151 0.0065733874 -0.043323927
v -0.025279151 0.007165129 -0.044553902
v -0.02327641 0.0071651284 -0.045710187
v -0.022211228 0.0065733865 -0.048637737
v -0.02327641 0.0071651284 -0.048022754
v -0.025279151 0.0065733874 -0.050409004
v -0.025279151 0.007165129 -0.049179032
v -0.02834708 0.006573388 -0.048637737
v -0.027281897 0.007165129 -0.048022754
v -0.02834708 0.006573388 -0.045095198
v -0.027281897 0.007165129 -0.045710187
v -0.025279151 -0.0071651204 -0.044553902
v -0.025279151 -0.006573379 -0.043323927
v -0.022211228 -0.0065733795 -0.045095198
v -0.02327641 -0.0071651214 -0.045710187
v -0.022211228 -0.0065733795 -0.048637737
v -0.02327641 -0.0071651214 -0.048022754
v -0.025279151 -0.006573379 -0.050409004
v -0.025279151 -0.0071651204 -0.049179032
v -0.02834708 -0.006573378 -0.048637737
v -0.027281897 -0.0071651204 -0.048022754
v -0.02834708 -0.006573378 -0.045095198
v -0.027281897 -0.0071651204 -0.045710187
v -0.025279155 -0.012090395 -0.044553902
v -0.025279151 -0.0071651204 -0.044553902
v -0.02327641 -0.0071651214 -0.045710187
v -0.023276413 -0.012090395 -0.045710187
v -0.02327641 -0.0071651214 -0.048022754
v -0.023276413 -0.012090395 -0.048022754
v -0.025279151 -0.0071651204 -0.049179032
v -0.025279155 -0.012090395 -0.049179032
v -0.027281897 -0.0071651204 -0.048022754
v -0.027281899 -0.012090394 -0.048022754
v -0.027281897 -0.0071651204 -0.045710187
v -0.027281899 -0.012090394 -0.045710187
v -0.025279155 -0.012596118 -0.043390412
v -0.025279155 -0.012090395 -0.044553902
v -0.023276413 -0.012090395 -0.045710187
v -0.0222688 -0.012596118 -0.045128446
v -0.023276413 -0.012090395 -0.048022754
v -0.0222688 -0.012596118 -0.04860449
v -0.025279155 -0.012090395 -0.049179032
v -0.025279155 -0.012596118 -0.05034252
v -0.027281899 -0.012090394 -0.048022754
v -0.02828951 -0.012596117 -0.04860449
v -0.027281899 -0.012090394 -0.045710187
v -0.02828951 -0.012596117 -0.045128435
v -0.025279155 -0.013761472 -0.043390412
v -0.025279155 -0.012596118 -0.043390412
v -0.0222688 -0.012596118 -0.045128446
v -0.0222688 -0.013761472 -0.045128446
v -0.0222688 -0.012596118 -0.04860449
v -0.0222688 -0.013761472 -0.04860449
v -0.025279155 -0.012596118 -0.05034252
v -0.025279155 -0.013761472 -0.05034252
v -0.02828951 -0.012596117 -0.04860449
v -0.02828951 -0.013761471 -0.04860449
v -0.02828951 -0.012596117 -0.045128435
v -0.02828951 -0.013761471 -0.045128435
v -0.02527915 0.012090403 -0.044553902
v -0.02327641 0.0071651284 -0.045710187
v -0.025279151 0.007165129 -0.044553902
v -0.023276407 0.012090403 -0.045710187
v -0.02327641 0.0071651284 -0.048022754
v -0.023276407 0.012090403 -0.048022754
v -0.025279151 0.007165129 -0.049179032
v -0.02527915 0.012090403 -0.049179032
v -0.027281897 0.007165129 -0.048022754
v -0.027281893 0.012090404 -0.048022754
v -0.027281897 0.007165129 -0.045710187
v -0.027281893 0.012090404 -0.045710187
v -0.02527915 0.012596126 -0.043390412
v -0.023276407 0.012090403 -0.045710187
v -0.02527915 0.012090403 -0.044553902
v -0.022268796 0.012596126 -0.045128446
v -0.023276407 0.012090403 -0.048022754
v -0.022268796 0.012596126 -0.04860449
v -0.02527915 0.012090403 -0.049179032
v -0.02527915 0.012596126 -0.05034252
v -0.027281893 0.012090404 -0.048022754
v -0.028289506 0.012596127 -0.04860449
v -0.027281893 0.012090404 -0.045710187
v -0.028289506 0.012596127 -0.045128435
v -0.02527915 0.013761479 -0.043390412
v -0.022268796 0.012596126 -0.045128446
v -0.02527915 0.012596126 -0.043390412
v -0.022268796 0.013761479 -0.045128446
v -0.022268796 0.012596126 -0.04860449
v -0.022268796 0.013761479 -0.04860449
v -0.02527915 0.012596126 -0.05034252
v -0.02527915 0.013761479 -0.05034252
v -0.028289506 0.012596127 -0.04860449
v -0.028289506 0.01376148 -0.04860449
v -0.028289506 0.012596127 -0.045128435
v -0.028289506 0.01376148 -0.045128435
v 0.025279151 -0.0065733874 -0.043323927
v 0.022211228 0.0065733795 -0.045095198
v 0.025279151 0.006573379 -0.043323927
v 0.022211228 -0.0065733865 -0.045095198
v 0.022211228 0.0065733795 -0.048637737
v 0.022211228 -0.0065733865 -0.048637737
v 0.025279151 0.006573379 -0.050409004
v 0.025279151 -0.0065733874 -0.050409004
v 0.02834708 0.006573378 -0.048637737
v 0.02834708 -0.006573388 -0.048637737
v 0.02834708 0.006573378 -0.045095198
v 0.02834708 -0.006573388 -0.045095198
v 0.022211228 0.0065733795 -0.045095198
v 0.025279151 0.0071651204 -0.044553902
v 0.025279151 0.006573379 -0.043323927
v 0.02327641 0.0071651214 -0.045710187
v 0.022211228 0.0065733795 -0.048637737
v 0.02327641 0.0071651214 -0.048022754
v 0.025279151 0.006573379 -0.050409004
v 0.025279151 0.0071651204 -0.049179032
v 0.02834708 0.006573378 -0.048637737
v 0.027281897 0.0071651204 -0.048022754
v 0.02834708 0.006573378 -0.045095198
v 0.027281897 0.0071651204 -0.045710187
v 0.025279151 -0.007165129 -0.044553902
v 0.022211228 -0.0065733865 -0.045095198
v 0.025279151 -0.0065733874 -0.043323927
v 0.02327641 -0.0071651284 -0.045710187
v 0.022211228 -0.0065733865 -0.048637737
v 0.02327641 -0.0071651284 -0.048022754
v 0.025279151 -0.0065733874 -0.050409004
v 0.025279151 -0.007165129 -0.049179032
v 0.02834708 -0.006573388 -0.048637737
v 0.027281897 -0.007165129 -0.048022754
v 0.02834708 -0.006573388 -0.045095198
v 0.027281897 -0.007165129 -0.045710187
v 0.02527915 -0.012090403 -0.044553902
v 0.02327641 -0.0071651284 -0.045710187
v 0.025279151 -0.007165129 -0.044553902
v 0.023276407 -0.012090403 -0.045710187
v 0.02327641 -0.0071651284 -0.048022754
v 0.023276407 -0.012090403 -0.048022754
v 0.025279151 -0.007165129 -0.049179032
v 0.02527915 -0.012090403 -0.049179032
v 0.027281897 -0.007165129 -0.048022754
v 0.027281893 -0.012090404 -0.048022754
v 0.027281897 -0.007165129 -0.045710187
v 0.027281893 -0.012090404 -0.045710187
v 0.02527915 -0.012596126 -0.043390412
v 0.023276407 -0.012090403 -0.045710187
v 0.02527915 -0.012090403 -0.044553902
v 0.022268796 -0.012596126 -0.045128446
v 0.023276407 -0.012090403 -0.048022754
v 0.022268796 -0.012596126 -0.04860449
v 0.02527915 -0.012090403 -0.049179032
v 0.02527915 -0.012596126 -0.05034252
v 0.027281893 -0.012090404 -0.048022754
v 0.028289506 -0.012596127 -0.04860449
v 0.027281893 -0.012090404 -0.045710187
v 0.028289506 -0.012596127 -0.045128435
v 0.02527915 -0.013761479 -0.043390412
v 0.022268796 -0.012596126 -0.045128446
v 0.02527915 -0.012596126 -0.043390412
v 0.022268796 -0.013761479 -0.045128446
v 0.022268796 -0.012596126 -0.04860449
v 0.022268796 -0.013761479 -0.04860449
v 0.02527915 -0.012596126 -0.05034252
v 0.02527915 -0.013761479 -0.05034252
v 0.028289506 -0.012596127 -0.04860449
v 0.028289506 -0.01376148 -0.04860449
v 0.028289506 -0.012596127 -0.045128435
v 0.028289506 -0.01376148 -0.045128435
v 0.025279155 0.012090395 -0.044553902
v 0.025279151 0.0071651204 -0.044553902
v 0.02327641 0.0071651214 -0.045710187
v 0.023276413 0.012090395 -0.045710187
v 0.02327641 0.0071651214 -0.048022754
v 0.023276413 0.012090395 -0.048022754
v 0.025279151 0.0071651204 -0.049179032
v 0.025279155 0.012090395 -0.049179032
v 0.027281897 0.0071651204 -0.048022754
v 0.027281899 0.012090394 -0.048022754
v 0.027281897 0.0071651204 -0.045710187
v 0.027281899 0.012090394 -0.045710187
v 0.025279155 0.012596118 -0.043390412
v 0.025279155 0.012090395 -0.044553902
v 0.023276413 0.012090395 -0.045710187
v 0.0222688 0.012596118 -0.045128446
v 0.023276413 0.012090395 -0.048022754
v 0.0222688 0.012596118 -0.04860449
v 0.025279155 0.012090395 -0.049179032
v 0.025279155 0.012596118 -0.05034252
v 0.027281899 0.012090394 -0.048022754
v 0.02828951 0.012596117 -0.04860449
v 0.027281899 0.012090394 -0.045710187
v 0.02828951 0.012596117 -0.045128435
v 0.025279155 0.013761472 -0.043390412
v 0.025279155 0.012596118 -0.043390412
v 0.0222688 0.012596118 -0.045128446
v 0.0222688 0.013761472 -0.045128446
v 0.0222688 0.012596118 -0.04860449
v 0.0222688 0.013761472 -0.04860449
v 0.025279155 0.012596118 -0.05034252
v 0.025279155 0.013761472 -0.05034252
v 0.02828951 0.012596117 -0.04860449
v 0.02828951 0.013761471 -0.04860449
v 0.02828951 0.012596117 -0.045128435
v 0.02828951 0.013761471 -0.045128435
v 0.06336808 -0.04841129 0.037112005
v 0.06337365 -0.035875097 0.050903182
v 0.06331444 -0.032890618 0.04551382
v 0.063391924 -0.051359978 0.042563908
v 0.06340254 -0.0403312 0.053649243
v 0.06341499 -0.05315485 0.046955403
v 0.062714 -0.045411024 0.055492375
v 0.062714 -0.056860525 0.051297262
v 0.06217777 -0.053048123 0.046836954
v 0.062714 -0.045411024 0.055492375
v 0.062714 -0.056860525 0.051297262
v 0.06225506 -0.04020027 0.05357571
v 0.06214389 -0.05133103 0.0425503
v 0.06220922 -0.03591812 0.050927795
v 0.062190525 -0.04840233 0.03711735
v 0.062256467 -0.032874666 0.045524683
v 0.06340254 -0.0403312 0.053649243
v 0.062714 -0.045411024 0.055492375
v 0.06225506 -0.04020027 0.05357571
v 0.06337365 -0.035875097 0.050903182
v 0.06220922 -0.03591812 0.050927795
v 0.062256467 -0.032874666 0.045524683
v 0.06331444 -0.032890618 0.04551382
v 0.062714 -0.056860525 0.051297262
v 0.06341499 -0.05315485 0.046955403
v 0.06217777 -0.053048123 0.046836954
v 0.063391924 -0.051359978 0.042563908
v 0.06214389 -0.05133103 0.0425503
v 0.06336808 -0.04841129 0.037112005
v 0.062190525 -0.04840233 0.03711735
v 0.06336809 -0.023972979 0.04978125
v 0.06337365 -0.0063197333 0.055757493
v 0.06331444 -0.006325098 0.049596947
v 0.06339193 -0.02390597 0.055979107
v 0.06340255 -0.00888371 0.060320795
v 0.063415 -0.0233446 0.060689908
v 0.06271401 -0.012431183 0.064397216
v 0.06271401 -0.024478108 0.06628446
v 0.062177777 -0.02330875 0.060534555
v 0.06271401 -0.012431183 0.064397216
v 0.06271401 -0.024478108 0.06628446
v 0.062255062 -0.008804906 0.06019297
v 0.062143892 -0.023887262 0.055953164
v 0.062209222 -0.006345404 0.0557999
v 0.062190533 -0.023962554 0.049781576
v 0.062256474 -0.006305874 0.04959871
v 0.06340255 -0.00888371 0.060320795
v 0.06271401 -0.012431183 0.064397216
v 0.062255062 -0.008804906 0.06019297
v 0.06337365 -0.0063197333 0.055757493
v 0.062209222 -0.006345404 0.0557999
v 0.062256474 -0.006305874 0.04959871
v 0.06331444 -0.006325098 0.049596947
v 0.06271401 -0.024478108 0.06628446
v 0.063415 -0.0233446 0.060689908
v 0.062177777 -0.02330875 0.060534555
v 0.06339193 -0.02390597 0.055979107
v 0.062143892 -0.023887262 0.055953164
v 0.06336809 -0.023972979 0.04978125
v 0.062190533 -0.023962554 0.049781576
v 0.0633681 0.0048259688 0.04978125
v 0.063373655 0.022479216 0.055757493
v 0.063314445 0.022473851 0.049596947
v 0.06339194 0.0048929765 0.055979107
v 0.06340255 0.019915238 0.060320795
v 0.063415 0.0054543493 0.060689908
v 0.06271402 0.016367767 0.064397216
v 0.06271401 0.00432084 0.06628446
v 0.06217778 0.0054901964 0.060534555
v 0.06271402 0.016367767 0.064397216
v 0.06271401 0.00432084 0.06628446
v 0.062255066 0.019994041 0.06019297
v 0.062143896 0.004911686 0.055953164
v 0.06220923 0.022453547 0.0557999
v 0.062190536 0.0048363945 0.049781576
v 0.062256478 0.022493076 0.04959871
v 0.06340255 0.019915238 0.060320795
v 0.06271402 0.016367767 0.064397216
v 0.062255066 0.019994041 0.06019297
v 0.063373655 0.022479216 0.055757493
v 0.06220923 0.022453547 0.0557999
v 0.062256478 0.022493076 0.04959871
v 0.063314445 0.022473851 0.049596947
v 0.06271401 0.00432084 0.06628446
v 0.063415 0.0054543493 0.060689908
v 0.06217778 0.0054901964 0.060534555
v 0.06339194 0.0048929765 0.055979107
v 0.062143896 0.004911686 0.055953164
v 0.0633681 0.0048259688 0.04978125
v 0.062190536 0.0048363945 0.049781576
v 0.0633681 0.032231748 0.04518056
v 0.06337366 0.050619192 0.042138442
v 0.06331445 0.04771306 0.036706436
v 0.06339194 0.035209842 0.05061645
v 0.063402556 0.05050654 0.04737151
v 0.063415006 0.037923686 0.054507706
v 0.062714025 0.049296983 0.052638263
v 0.06271402 0.039558593 0.059976783
v 0.062177785 0.03788214 0.05435378
v 0.062714025 0.049296983 0.052638263
v 0.06271402 0.039558593 0.059976783
v 0.06225507 0.05051586 0.04722163
v 0.062143903 0.035214126 0.050584752
v 0.062209234 0.050616525 0.042187937
v 0.06219054 0.032241102 0.045175932
v 0.06225648 0.047730844 0.036698934
v 0.063402556 0.05050654 0.04737151
v 0.062714025 0.049296983 0.052638263
v 0.06225507 0.05051586 0.04722163
v 0.06337366 0.050619192 0.042138442
v 0.062209234 0.050616525 0.042187937
v 0.06225648 0.047730844 0.036698934
v 0.06331445 0.04771306 0.036706436
v 0.06271402 0.039558593 0.059976783
v 0.063415006 0.037923686 0.054507706
v 0.062177785 0.03788214 0.05435378
v 0.06339194 0.035209842 0.05061645
v 0.062143903 0.035214126 0.050584752
v 0.0633681 0.032231748 0.04518056
v 0.06219054 0.032241102 0.045175932
v 0.063368104 0.057475626 0.0315351
v 0.06337366 0.075247064 0.025920076
v 0.06331445 0.07160108 0.020954287
v 0.063391946 0.061193403 0.036494542
v 0.06340256 0.07587652 0.031116368
v 0.06341501 0.06443088 0.039962325
v 0.062714025 0.07542489 0.036501326
v 0.062714025 0.06682371 0.04514481
v 0.06217779 0.06436796 0.03981583
v 0.062714025 0.07542489 0.036501326
v 0.062714025 0.06682371 0.04514481
v 0.062255077 0.075864516 0.03096669
v 0.062143907 0.061193153 0.03646256
v 0.062209237 0.07525143 0.02596945
v 0.062190544 0.057484224 0.0315292
v 0.06225648 0.07161762 0.020944348
v 0.06340256 0.07587652 0.031116368
v 0.062714025 0.07542489 0.036501326
v 0.062255077 0.075864516 0.03096669
v 0.06337366 0.075247064 0.025920076
v 0.062209237 0.07525143 0.02596945
v 0.06225648 0.07161762 0.020944348
v 0.06331445 0.07160108 0.020954287
v 0.062714025 0.06682371 0.04514481
v 0.06341501 0.06443088 0.039962325
v 0.06217779 0.06436796 0.03981583
v 0.063391946 0.061193403 0.036494542
v 0.062143907 0.061193153 0.03646256
v 0.063368104 0.057475626 0.0315351
v 0.062190544 0.057484224 0.0315292
v 0.06336811 0.081285015 0.009371301
v 0.06337366 0.08782162 -0.010242984
v 0.06331445 0.08166402 -0.010448687
v 0.06339195 0.08748188 0.009509079
v 0.06340256 0.09230079 -0.0072075194
v 0.06341501 0.092208214 0.009040715
v 0.062714025 0.09626194 -0.0030845995
v 0.062714025 0.09776376 0.010505605
v 0.062177796 0.09205409 0.008995131
v 0.062714025 0.09626194 -0.0030845995
v 0.062714025 0.09776376 0.010505605
v 0.062255077 0.092175536 -0.0073003885
v 0.06214391 0.08745655 0.009487182
v 0.062209237 0.087863185 -0.010212705
v 0.06219055 0.08128568 0.0093596075
v 0.06225649 0.081666395 -0.01047021
v 0.06340256 0.09230079 -0.0072075194
v 0.062714025 0.09626194 -0.0030845995
v 0.062255077 0.092175536 -0.0073003885
v 0.06337366 0.08782162 -0.010242984
v 0.062209237 0.087863185 -0.010212705
v 0.06225649 0.081666395 -0.01047021
v 0.06331445 0.08166402 -0.010448687
v 0.062714025 0.09776376 0.010505605
v 0.06341501 0.092208214 0.009040715
v 0.062177796 0.09205409 0.008995131
v 0.06339195 0.08748188 0.009509079
v 0.06214391 0.08745655 0.009487182
v 0.06336811 0.081285015 0.009371301
v 0.06219055 0.08128568 0.0093596075
v 0.063368104 0.07131687 -0.0211315
v 0.06337366 0.060802 -0.03651949
v 0.06331445 0.05710292 -0.03159312
v 0.06339195 0.07498911 -0.026124746
v 0.063402556 0.065594174 -0.038624898
v 0.06341501 0.077372365 -0.03022682
v 0.062714025 0.070879616 -0.03975
v 0.062714025 0.08164132 -0.034016248
v 0.062177796 0.077250324 -0.03012421
v 0.062714025 0.070879616 -0.03975
v 0.062714025 0.08164132 -0.034016248
v 0.06225507 0.065454364 -0.038570117
v 0.06214391 0.07495856 -0.026115267
v 0.062209234 0.060848016 -0.036537945
v 0.062190544 0.07130873 -0.021138025
v 0.06225648 0.057088617 -0.03160608
v 0.063402556 0.065594174 -0.038624898
v 0.062714025 0.070879616 -0.03975
v 0.06225507 0.065454364 -0.038570117
v 0.06337366 0.060802 -0.03651949
v 0.062209234 0.060848016 -0.036537945
v 0.06225648 0.057088617 -0.03160608
v 0.06331445 0.05710292 -0.03159312
v 0.062714025 0.08164132 -0.034016248
v 0.06341501 0.077372365 -0.03022682
v 0.062177796 0.077250324 -0.03012421
v 0.06339195 0.07498911 -0.026124746
v 0.06214391 0.07495856 -0.026115267
v 0.063368104 0.07131687 -0.0211315
v 0.062190544 0.07130873 -0.021138025
v 0.063368104 0.0469778 -0.037062768
v 0.063373655 0.034401286 -0.050817173
v 0.063314445 0.0314326 -0.0454191
v 0.063391946 0.04991051 -0.04252328
v 0.06340255 0.038849335 -0.053576276
v 0.06341501 0.051692523 -0.04692
v 0.062714025 0.043923736 -0.05543427
v 0.062714025 0.055385474 -0.05127269
v 0.06217779 0.051586144 -0.046801247
v 0.062714025 0.043923736 -0.05543427
v 0.062714025 0.055385474 -0.05127269
v 0.062255066 0.038718615 -0.05350236
v 0.062143907 0.0498816 -0.04250958
v 0.06220923 0.03444424 -0.050841928
v 0.062190544 0.046968825 -0.037068084
v 0.062256478 0.031416614 -0.045429926
v 0.06340255 0.038849335 -0.053576276
v 0.062714025 0.043923736 -0.05543427
v 0.062255066 0.038718615 -0.05350236
v 0.063373655 0.034401286 -0.050817173
v 0.06220923 0.03444424 -0.050841928
v 0.062256478 0.031416614 -0.045429926
v 0.063314445 0.0314326 -0.0454191
v 0.062714025 0.055385474 -0.05127269
v 0.06341501 0.051692523 -0.04692
v 0.06217779 0.051586144 -0.046801247
v 0.063391946 0.04991051 -0.04252328
v 0.062143907 0.0498816 -0.04250958
v 0.063368104 0.0469778 -0.037062768
v 0.062190544 0.046968825 -0.037068084
v 0.06336809 -0.03216709 -0.04604776
v 0.06337364 -0.050513525 -0.04276739
v 0.06331443 -0.047537174 -0.037373535
v 0.06339193 -0.035215437 -0.051444568
v 0.06340253 -0.050468758 -0.04800148
v 0.063415 -0.037979525 -0.055300288
v 0.062714 -0.04932762 -0.053283487
v 0.06271401 -0.039685242 -0.0607477
v 0.062177777 -0.03793599 -0.055146914
v 0.062714 -0.04932762 -0.053283487
v 0.06271401 -0.039685242 -0.0607477
v 0.06225505 -0.05047613 -0.047851495
v 0.062143892 -0.03521931 -0.051412813
v 0.062209215 -0.050511498 -0.04281692
v 0.062190533 -0.032176375 -0.04604302
v 0.062256463 -0.047554858 -0.037365805
v 0.06340253 -0.050468758 -0.04800148
v 0.062714 -0.04932762 -0.053283487
v 0.06225505 -0.05047613 -0.047851495
v 0.06337364 -0.050513525 -0.04276739
v 0.062209215 -0.050511498 -0.04281692
v 0.062256463 -0.047554858 -0.037365805
v 0.06331443 -0.047537174 -0.037373535
v 0.06271401 -0.039685242 -0.0607477
v 0.063415 -0.037979525 -0.055300288
v 0.062177777 -0.03793599 -0.055146914
v 0.06339193 -0.035215437 -0.051444568
v 0.062143892 -0.03521931 -0.051412813
v 0.06336809 -0.03216709 -0.04604776
v 0.062190533 -0.032176375 -0.04604302
v 0.06336808 -0.05707472 -0.03162863
v 0.06337363 -0.074785024 -0.025823612
v 0.06331443 -0.07108605 -0.020897157
v 0.063391924 -0.060845397 -0.036547974
v 0.06340253 -0.075470075 -0.031012876
v 0.06341499 -0.06411982 -0.03998089
v 0.062713996 -0.07507614 -0.03640236
v 0.062714 -0.06656802 -0.045137446
v 0.06217777 -0.06405533 -0.039835077
v 0.062713996 -0.07507614 -0.03640236
v 0.062714 -0.06656802 -0.045137446
v 0.062255047 -0.07545647 -0.03086332
v 0.06214389 -0.060844805 -0.036515992
v 0.062209208 -0.07478991 -0.025872946
v 0.062190525 -0.057083257 -0.03162263
v 0.062256463 -0.07110249 -0.020887034
v 0.06340253 -0.075470075 -0.031012876
v 0.062713996 -0.07507614 -0.03640236
v 0.062255047 -0.07545647 -0.03086332
v 0.06337363 -0.074785024 -0.025823612
v 0.062209208 -0.07478991 -0.025872946
v 0.062256463 -0.07110249 -0.020887034
v 0.06331443 -0.07108605 -0.020897157
v 0.062714 -0.06656802 -0.045137446
v 0.06341499 -0.06411982 -0.03998089
v 0.06217777 -0.06405533 -0.039835077
v 0.063391924 -0.060845397 -0.036547974
v 0.06214389 -0.060844805 -0.036515992
v 0.06336808 -0.05707472 -0.03162863
v 0.062190525 -0.057083257 -0.03162263
v 0.06336808 -0.07192405 0.02141674
v 0.06337364 -0.061031584 0.036539786
v 0.06331443 -0.05745556 0.031523373
v 0.063391924 -0.07547161 0.02649934
v 0.06340253 -0.06577019 0.038763143
v 0.06341498 -0.077752605 0.030659132
v 0.062714 -0.07102616 0.040018715
v 0.062713996 -0.081926465 0.034553055
v 0.062177766 -0.07763314 0.030553536
v 0.062714 -0.07102616 0.040018715
v 0.062713996 -0.081926465 0.034553055
v 0.06225505 -0.06563176 0.03870492
v 0.06214388 -0.07544131 0.026489098
v 0.062209215 -0.06107712 0.036559373
v 0.062190525 -0.07191576 0.021423066
v 0.062256463 -0.057440933 0.03153598
v 0.06340253 -0.06577019 0.038763143
v 0.062714 -0.07102616 0.040018715
v 0.06225505 -0.06563176 0.03870492
v 0.06337364 -0.061031584 0.036539786
v 0.062209215 -0.06107712 0.036559373
v 0.062256463 -0.057440933 0.03153598
v 0.06331443 -0.05745556 0.031523373
v 0.062713996 -0.081926465 0.034553055
v 0.06341498 -0.077752605 0.030659132
v 0.062177766 -0.07763314 0.030553536
v 0.063391924 -0.07547161 0.02649934
v 0.06214388 -0.07544131 0.026489098
v 0.06336808 -0.07192405 0.02141674
v 0.062190525 -0.07191576 0.021423066
v 0.0633681 -0.0052891 -0.050076287
v 0.06337365 -0.022953637 -0.056019083
v 0.06331444 -0.0229366 -0.04985856
v 0.06339194 -0.0053678504 -0.056274008
v 0.06340254 -0.02039831 -0.060587235
v 0.063415 -0.005938146 -0.060983744
v 0.06271401 -0.016858568 -0.064670354
v 0.06271401 -0.004815237 -0.06658042
v 0.06217778 -0.0059736986 -0.06082832
v 0.06271401 -0.016858568 -0.064670354
v 0.06271401 -0.004815237 -0.06658042
v 0.06225506 -0.02047687 -0.060459256
v 0.062143896 -0.0053865104 -0.056248028
v 0.06220922 -0.022928044 -0.056061532
v 0.062190536 -0.0052995267 -0.05007659
v 0.062256467 -0.022955827 -0.049860276
v 0.06340254 -0.02039831 -0.060587235
v 0.06271401 -0.016858568 -0.064670354
v 0.06225506 -0.02047687 -0.060459256
v 0.06337365 -0.022953637 -0.056019083
v 0.06220922 -0.022928044 -0.056061532
v 0.062256467 -0.022955827 -0.049860276
v 0.06331444 -0.0229366 -0.04985856
v 0.06271401 -0.004815237 -0.06658042
v 0.063415 -0.005938146 -0.060983744
v 0.06217778 -0.0059736986 -0.06082832
v 0.06339194 -0.0053678504 -0.056274008
v 0.062143896 -0.0053865104 -0.056248028
v 0.0633681 -0.0052891 -0.050076287
v 0.062190536 -0.0052995267 -0.05007659
v 0.0633681 0.023033287 -0.050495733
v 0.06337365 0.0053059547 -0.0562485
v 0.06331444 0.005389138 -0.050088517
v 0.06339194 0.022887995 -0.056692246
v 0.06340255 0.0078120837 -0.06084383
v 0.063415006 0.022267157 -0.061395586
v 0.06271401 0.01130778 -0.064964734
v 0.06271402 0.023329904 -0.06700401
v 0.062177785 0.022233274 -0.061239794
v 0.06271401 0.01130778 -0.064964734
v 0.06271402 0.023329904 -0.06700401
v 0.062255062 0.0077349 -0.060715016
v 0.062143903 0.022869611 -0.056666076
v 0.062209222 0.0053310883 -0.056291237
v 0.06219054 0.023022855 -0.05049593
v 0.062256474 0.005369894 -0.05009004
v 0.06340255 0.0078120837 -0.06084383
v 0.06271401 0.01130778 -0.064964734
v 0.062255062 0.0077349 -0.060715016
v 0.06337365 0.0053059547 -0.0562485
v 0.062209222 0.0053310883 -0.056291237
v 0.062256474 0.005369894 -0.05009004
v 0.06331444 0.005389138 -0.050088517
v 0.06271402 0.023329904 -0.06700401
v 0.063415006 0.022267157 -0.061395586
v 0.062177785 0.022233274 -0.061239794
v 0.06339194 0.022887995 -0.056692246
v 0.062143903 0.022869611 -0.056666076
v 0.0633681 0.023033287 -0.050495733
v 0.06219054 0.023022855 -0.05049593
v 0.071591906 -0.0094138365 0.033516165
v 0.073993504 -0.0094138365 0.033516165
v 0.073993504 -0.011730628 0.033516165
v 0.071591906 -0.011730628 0.033516165
v 0.071591906 -0.01187577 0.033077784
v 0.073993504 -0.01187577 0.033077784
v 0.071591906 -0.013535343 0.033068847
v 0.073993504 -0.013535343 0.033068847
v 0.071591906 -0.018393269 0.0315572
v 0.0739935 -0.018393269 0.0315572
v 0.071591906 -0.018602733 0.03188398
v 0.0739935 -0.018602733 0.03188398
v 0.0739935 -0.019436713 0.031602304
v 0.071591906 -0.019436713 0.0316023
v 0.073993504 -0.011730628 0.028713314
v 0.073993504 -0.0094138365 0.033516165
v 0.073993504 -0.0094138365 0.028713314
v 0.073993504 -0.011730628 0.033516165
v 0.073993504 -0.01187577 0.029135482
v 0.073993504 -0.01187577 0.033077784
v 0.073993504 -0.013535343 0.029126534
v 0.073993504 -0.013535343 0.033068847
v 0.0739935 -0.018393269 0.0315572
v 0.0739935 -0.017736375 0.027672011
v 0.0739935 -0.018602733 0.03188398
v 0.0739935 -0.017817302 0.027199106
v 0.0739935 -0.019436713 0.031602304
v 0.0739935 -0.018650053 0.02691377
v 0.071591906 -0.0094138365 0.028713314
v 0.071591906 -0.0094138365 0.033516165
v 0.071591906 -0.011730628 0.033516165
v 0.071591906 -0.011730628 0.028713314
v 0.071591906 -0.01187577 0.033077784
v 0.071591906 -0.01187577 0.029135482
v 0.071591906 -0.013535343 0.033068847
v 0.071591906 -0.013535343 0.029126534
v 0.071591906 -0.018393269 0.0315572
v 0.071591906 -0.017736375 0.027672011
v 0.071591906 -0.018602733 0.03188398
v 0.071591906 -0.017817302 0.027199106
v 0.071591906 -0.019436713 0.0316023
v 0.071591906 -0.018650053 0.02691377
v 0.071591906 -0.011730628 0.028713314
v 0.073993504 -0.0094138365 0.028713314
v 0.071591906 -0.0094138365 0.028713314
v 0.073993504 -0.011730628 0.028713314
v 0.071591906 -0.01187577 0.029135482
v 0.073993504 -0.01187577 0.029135482
v 0.071591906 -0.013535343 0.029126534
v 0.073993504 -0.013535343 0.029126534
v 0.071591906 -0.017736375 0.027672011
v 0.0739935 -0.017736375 0.027672011
v 0.071591906 -0.017817302 0.027199106
v 0.0739935 -0.017817302 0.027199106
v 0.071591906 -0.018650053 0.02691377
v 0.0739935 -0.018650053 0.02691377
v 0.071591906 -0.0094138365 -0.033516165
v 0.073993504 -0.011730628 -0.033516165
v 0.073993504 -0.0094138365 -0.033516165
v 0.071591906 -0.011730628 -0.033516165
v 0.071591906 -0.01187577 -0.033077784
v 0.073993504 -0.01187577 -0.033077784
v 0.071591906 -0.013535343 -0.033068847
v 0.073993504 -0.013535343 -0.033068847
v 0.071591906 -0.018393269 -0.0315572
v 0.0739935 -0.018393269 -0.0315572
v 0.071591906 -0.018602733 -0.03188398
v 0.0739935 -0.018602733 -0.03188398
v 0.0739935 -0.019436713 -0.031602304
v 0.071591906 -0.019436713 -0.0316023
v 0.073993504 -0.011730628 -0.028713314
v 0.073993504 -0.0094138365 -0.028713314
v 0.073993504 -0.0094138365 -0.033516165
v 0.073993504 -0.011730628 -0.033516165
v 0.073993504 -0.01187577 -0.029135482
v 0.073993504 -0.01187577 -0.033077784
v 0.073993504 -0.013535343 -0.029126534
v 0.073993504 -0.013535343 -0.033068847
v 0.0739935 -0.018393269 -0.0315572
v 0.0739935 -0.017736375 -0.027672011
v 0.0739935 -0.018602733 -0.03188398
v 0.0739935 -0.017817302 -0.027199106
v 0.0739935 -0.019436713 -0.031602304
v 0.0739935 -0.018650053 -0.02691377
v 0.071591906 -0.0094138365 -0.028713314
v 0.071591906 -0.011730628 -0.033516165
v 0.071591906 -0.0094138365 -0.033516165
v 0.071591906 -0.011730628 -0.028713314
v 0.071591906 -0.01187577 -0.033077784
v 0.071591906 -0.01187577 -0.029135482
v 0.071591906 -0.013535343 -0.033068847
v 0.071591906 -0.013535343 -0.029126534
v 0.071591906 -0.018393269 -0.0315572
v 0.071591906 -0.017736375 -0.027672011
v 0.071591906 -0.018602733 -0.03188398
v 0.071591906 -0.017817302 -0.027199106
v 0.071591906 -0.019436713 -0.0316023
v 0.071591906 -0.018650053 -0.02691377
v 0.071591906 -0.011730628 -0.028713314
v 0.071591906 -0.0094138365 -0.028713314
v 0.073993504 -0.0094138365 -0.028713314
v 0.073993504 -0.011730628 -0.028713314
v 0.071591906 -0.01187577 -0.029135482
v 0.073993504 -0.01187577 -0.029135482
v 0.071591906 -0.013535343 -0.029126534
v 0.073993504 -0.013535343 -0.029126534
v 0.071591906 -0.017736375 -0.027672011
v 0.0739935 -0.017736375 -0.027672011
v 0.071591906 -0.017817302 -0.027199106
v 0.0739935 -0.017817302 -0.027199106
v 0.071591906 -0.018650053 -0.02691377
v 0.0739935 -0.018650053 -0.02691377
v 0.071591906 0.009413813 0.033516165
v 0.073993504 0.011730604 0.033516165
v 0.073993504 0.009413813 0.033516165
v 0.071591906 0.011730604 0.033516165
v 0.071591906 0.011875746 0.033077784
v 0.073993504 0.011875746 0.033077784
v 0.071591906 0.013535319 0.033068847
v 0.073993504 0.013535319 0.033068847
v 0.07159191 0.018393245 0.0315572
v 0.07399351 0.018393245 0.0315572
v 0.07159191 0.018602708 0.03188398
v 0.07399351 0.018602708 0.03188398
v 0.07399351 0.019436691 0.031602304
v 0.07159191 0.019436691 0.0316023
v 0.073993504 0.011730604 0.028713314
v 0.073993504 0.009413813 0.028713314
v 0.073993504 0.009413813 0.033516165
v 0.073993504 0.011730604 0.033516165
v 0.073993504 0.011875746 0.029135482
v 0.073993504 0.011875746 0.033077784
v 0.073993504 0.013535319 0.029126534
v 0.073993504 0.013535319 0.033068847
v 0.07399351 0.018393245 0.0315572
v 0.07399351 0.017736351 0.027672011
v 0.07399351 0.018602708 0.03188398
v 0.07399351 0.017817277 0.027199106
v 0.07399351 0.019436691 0.031602304
v 0.07399351 0.018650029 0.02691377
v 0.071591906 0.009413813 0.028713314
v 0.071591906 0.011730604 0.033516165
v 0.071591906 0.009413813 0.033516165
v 0.071591906 0.011730604 0.028713314
v 0.071591906 0.011875746 0.033077784
v 0.071591906 0.011875746 0.029135482
v 0.071591906 0.013535319 0.033068847
v 0.071591906 0.013535319 0.029126534
v 0.07159191 0.018393245 0.0315572
v 0.07159191 0.017736351 0.027672011
v 0.07159191 0.018602708 0.03188398
v 0.07159191 0.017817277 0.027199106
v 0.07159191 0.019436691 0.0316023
v 0.07159191 0.018650029 0.02691377
v 0.071591906 0.011730604 0.028713314
v 0.071591906 0.009413813 0.028713314
v 0.073993504 0.009413813 0.028713314
v 0.073993504 0.011730604 0.028713314
v 0.071591906 0.011875746 0.029135482
v 0.073993504 0.011875746 0.029135482
v 0.071591906 0.013535319 0.029126534
v 0.073993504 0.013535319 0.029126534
v 0.07159191 0.017736351 0.027672011
v 0.07399351 0.017736351 0.027672011
v 0.07159191 0.017817277 0.027199106
v 0.07399351 0.017817277 0.027199106
v 0.07159191 0.018650029 0.02691377
v 0.07399351 0.018650029 0.02691377
v 0.071591906 0.009413813 -0.033516165
v 0.073993504 0.009413813 -0.033516165
v 0.073993504 0.011730604 -0.033516165
v 0.071591906 0.011730604 -0.033516165
v 0.071591906 0.011875746 -0.033077784
v 0.073993504 0.011875746 -0.033077784
v 0.071591906 0.013535319 -0.033068847
v 0.073993504 0.013535319 -0.033068847
v 0.07159191 0.018393245 -0.0315572
v 0.07399351 0.018393245 -0.0315572
v 0.07159191 0.018602708 -0.03188398
v 0.07399351 0.018602708 -0.03188398
v 0.07399351 0.019436691 -0.031602304
v 0.07159191 0.019436691 -0.0316023
v 0.073993504 0.011730604 -0.028713314
v 0.073993504 0.009413813 -0.033516165
v 0.073993504 0.009413813 -0.028713314
v 0.073993504 0.011730604 -0.033516165
v 0.073993504 0.011875746 -0.029135482
v 0.073993504 0.011875746 -0.033077784
v 0.073993504 0.013535319 -0.029126534
v 0.073993504 0.013535319 -0.033068847
v 0.07399351 0.018393245 -0.0315572
v 0.07399351 0.017736351 -0.027672011
v 0.07399351 0.018602708 -0.03188398
v 0.07399351 0.017817277 -0.027199106
v 0.07399351 0.019436691 -0.031602304
v 0.07399351 0.018650029 -0.02691377
v 0.071591906 0.009413813 -0.028713314
v 0.071591906 0.009413813 -0.033516165
v 0.071591906 0.011730604 -0.033516165
v 0.071591906 0.011730604 -0.028713314
v 0.071591906 0.011875746 -0.033077784
v 0.071591906 0.011875746 -0.029135482
v 0.071591906 0.013535319 -0.033068847
v 0.071591906 0.013535319 -0.029126534
v 0.07159191 0.018393245 -0.0315572
v 0.07159191 0.017736351 -0.027672011
v 0.07159191 0.018602708 -0.03188398
v 0.07159191 0.017817277 -0.027199106
v 0.07159191 0.019436691 -0.0316023
v 0.07159191 0.018650029 -0.02691377
v 0.071591906 0.011730604 -0.028713314
v 0.073993504 0.009413813 -0.028713314
v 0.071591906 0.009413813 -0.028713314
v 0.073993504 0.011730604 -0.028713314
v 0.071591906 0.011875746 -0.029135482
v 0.073993504 0.011875746 -0.029135482
v 0.071591906 0.013535319 -0.029126534
v 0.073993504 0.013535319 -0.029126534
v 0.07159191 0.017736351 -0.027672011
v 0.07399351 0.017736351 -0.027672011
v 0.07159191 0.017817277 -0.027199106
v 0.07399351 0.017817277 -0.027199106
v 0.07159191 0.018650029 -0.02691377
v 0.07399351 0.018650029 -0.02691377
v -0.00082457525 -0.037750006 0.016585413
v -0.0008128162 -0.038067367 0.020958094
v -0.0024030353 -0.03782121 0.016604
v -0.005601511 -0.038236354 0.021020696
v -0.005597517 -0.03796532 0.016641624
v -0.028260233 -0.04469836 0.009471807
v -0.0041844873 -0.038486503 0.015038205
v -0.00247064 -0.03841285 0.015156314
v -0.028168218 -0.044250187 0.0035803062
v -0.03120785 -0.046307705 0.008424482
v -0.03130882 -0.04571511 0
v -0.028227277 -0.044132616 0
v -0.0008128162 -0.038067367 0.020958094
v -0.00082457525 -0.037750006 0.016585413
v -0.00077987096 -0.040838785 0.016401533
v -0.0007320753 -0.041101523 0.020754024
v -0.0008128162 -0.038067367 0.020958094
v -0.0007320753 -0.041101523 0.020754024
v -0.005096951 -0.041198082 0.020813245
v -0.005601511 -0.038236354 0.021020696
v -0.028260233 -0.04469836 0.009471807
v -0.02702817 -0.047452267 0.0092674615
v -0.03120785 -0.046307705 0.008424482
v -0.029643277 -0.0489122 0.008290753
v -0.03120785 -0.046307705 0.008424482
v -0.029643277 -0.0489122 0.008290753
v -0.029780546 -0.048688862 0
v -0.03130882 -0.04571511 0
v -0.026888493 -0.047028005 0.003442922
v -0.028168218 -0.044250187 0.0035803062
v -0.028227277 -0.044132616 0
v -0.02690159 -0.047003 0
v -0.0024063028 -0.040838785 0.016401533
v -0.0007320753 -0.041101523 0.020754024
v -0.00077987096 -0.040838785 0.016401533
v -0.005096951 -0.041198082 0.020813245
v -0.005092957 -0.040927052 0.016434172
v -0.02702817 -0.047452267 0.0092674615
v -0.026888493 -0.047028005 0.003442922
v -0.029643277 -0.0489122 0.008290753
v -0.029780546 -0.048688862 0
v -0.02690159 -0.047003 0
v -0.00405215 -0.040450096 0.014900673
v -0.002417504 -0.040417466 0.015020981
v 0.002417491 -0.040417466 0.015020981
v 0.0024062896 -0.040838785 0.016401533
v -0.0024030353 -0.03782121 0.016604
v -0.0024063028 -0.040838785 0.016401533
v -0.00077987096 -0.040838785 0.016401533
v -0.00082457525 -0.037750006 0.016585413
v -0.00082457525 -0.037750006 -0.016585413
v -0.0024030353 -0.03782121 -0.016604
v -0.0008128162 -0.038067367 -0.020958094
v -0.005601511 -0.038236354 -0.021020696
v -0.005597517 -0.03796532 -0.016641624
v -0.028260233 -0.04469836 -0.009471807
v -0.0041844873 -0.038486503 -0.015038205
v -0.00247064 -0.03841285 -0.015156314
v -0.028168218 -0.044250187 -0.0035803062
v -0.03120785 -0.046307705 -0.008424482
v -0.03130882 -0.04571511 0
v -0.028227277 -0.044132616 0
v -0.0008128162 -0.038067367 -0.020958094
v -0.0007320753 -0.041101523 -0.020754024
v -0.0007798699 -0.040838785 -0.016401533
v -0.00082457525 -0.037750006 -0.016585413
v -0.0008128162 -0.038067367 -0.020958094
v -0.005096951 -0.041198082 -0.020813245
v -0.0007320753 -0.041101523 -0.020754024
v -0.005601511 -0.038236354 -0.021020696
v -0.028260233 -0.04469836 -0.009471807
v -0.02702817 -0.047452267 -0.0092674615
v -0.03120785 -0.046307705 -0.008424482
v -0.029643277 -0.0489122 -0.008290753
v -0.03120785 -0.046307705 -0.008424482
v -0.03130882 -0.04571511 0
v -0.029780546 -0.048688862 0
v -0.029643277 -0.0489122 -0.008290753
v -0.026888493 -0.047028005 -0.0034429221
v -0.02690159 -0.047003 0
v -0.028227277 -0.044132616 0
v -0.028168218 -0.044250187 -0.0035803062
v -0.0024063028 -0.040838785 -0.016401533
v -0.0007798699 -0.040838785 -0.016401533
v -0.0007320753 -0.041101523 -0.020754024
v -0.005096951 -0.041198082 -0.020813245
v -0.005092957 -0.040927052 -0.016434172
v -0.02702817 -0.047452267 -0.0092674615
v -0.00405215 -0.040450096 -0.014900673
v -0.002417504 -0.040417466 -0.015020981
v -0.026888493 -0.047028005 -0.0034429221
v -0.029643277 -0.0489122 -0.008290753
v -0.029780546 -0.048688862 0
v -0.02690159 -0.047003 0
v -0.0024030353 -0.03782121 -0.016604
v -0.00082457525 -0.037750006 -0.016585413
v -0.0007798699 -0.040838785 -0.016401533
v -0.0024063028 -0.040838785 -0.016401533
v 0.0008245629 -0.037750006 0.016585413
v 0.002403023 -0.03782121 0.016604
v 0.00081280386 -0.038067367 0.020958094
v 0.0056014988 -0.038236354 0.021020696
v 0.005597505 -0.03796532 0.016641624
v 0.028260218 -0.044698372 0.009471806
v 0.0041844747 -0.038486503 0.015038205
v 0.0024706274 -0.03841285 0.015156314
v 0.028168203 -0.044250198 0.0035803062
v 0.031207835 -0.046307717 0.008424482
v 0.031308804 -0.045715116 0
v 0.028227262 -0.044132628 0
v 0.00081280386 -0.038067367 0.020958094
v 0.0007320619 -0.041101523 0.020754024
v 0.00077985664 -0.040838785 0.016401533
v 0.0008245629 -0.037750006 0.016585413
v 0.00081280386 -0.038067367 0.020958094
v 0.005096938 -0.041198082 0.020813245
v 0.0007320619 -0.041101523 0.020754024
v 0.0056014988 -0.038236354 0.021020696
v 0.028260218 -0.044698372 0.009471806
v 0.027028155 -0.04745228 0.0092674615
v 0.031207835 -0.046307717 0.008424482
v 0.029643264 -0.04891221 0.008290753
v 0.031207835 -0.046307717 0.008424482
v 0.031308804 -0.045715116 0
v 0.029780533 -0.048688874 0
v 0.029643264 -0.04891221 0.008290753
v 0.02688848 -0.047028016 0.0034429217
v 0.026901577 -0.047003012 0
v 0.028227262 -0.044132628 0
v 0.028168203 -0.044250198 0.0035803062
v 0.0024062896 -0.040838785 0.016401533
v 0.00077985664 -0.040838785 0.016401533
v 0.0007320619 -0.041101523 0.020754024
v 0.005096938 -0.041198082 0.020813245
v 0.005092944 -0.040927052 0.016434172
v 0.027028155 -0.04745228 0.0092674615
v 0.004052137 -0.040450096 0.014900673
v 0.002417491 -0.040417466 0.015020981
v 0.02688848 -0.047028016 0.0034429217
v 0.029643264 -0.04891221 0.008290753
v 0.029780533 -0.048688874 0
v 0.026901577 -0.047003012 0
v 0.002403023 -0.03782121 0.016604
v 0.0008245629 -0.037750006 0.016585413
v 0.00077985664 -0.040838785 0.016401533
v 0.0024062896 -0.040838785 0.016401533
v 0.0008245629 -0.037750006 -0.016585413
v 0.00081280386 -0.038067367 -0.020958094
v 0.002403023 -0.03782121 -0.016604
v 0.0056014988 -0.038236354 -0.021020696
v 0.005597505 -0.03796532 -0.016641624
v 0.028260218 -0.044698372 -0.009471807
v 0.0041844747 -0.038486503 -0.015038205
v 0.0024706274 -0.03841285 -0.015156314
v 0.028168203 -0.044250198 -0.0035803062
v 0.031207835 -0.046307717 -0.008424482
v 0.031308804 -0.045715116 0
v 0.028227262 -0.044132628 0
v 0.00081280386 -0.038067367 -0.020958094
v 0.0008245629 -0.037750006 -0.016585413
v 0.00077985664 -0.040838785 -0.016401533
v 0.0007320619 -0.041101523 -0.020754024
v 0.00081280386 -0.038067367 -0.020958094
v 0.0007320619 -0.041101523 -0.020754024
v 0.005096938 -0.041198082 -0.020813245
v 0.0056014988 -0.038236354 -0.021020696
v 0.028260218 -0.044698372 -0.009471807
v 0.027028155 -0.04745228 -0.0092674615
v 0.031207835 -0.046307717 -0.008424482
v 0.029643264 -0.04891221 -0.008290753
v 0.031207835 -0.046307717 -0.008424482
v 0.029643264 -0.04891221 -0.008290753
v 0.029780533 -0.048688874 0
v 0.031308804 -0.045715116 0
v 0.02688848 -0.047028016 -0.0034429221
v 0.028168203 -0.044250198 -0.0035803062
v 0.028227262 -0.044132628 0
v 0.026901577 -0.047003012 0
v 0.0024062893 -0.040838785 -0.016401533
v 0.0007320619 -0.041101523 -0.020754024
v 0.00077985664 -0.040838785 -0.016401533
v 0.005096938 -0.041198082 -0.020813245
v 0.005092944 -0.040927052 -0.016434172
v 0.027028155 -0.04745228 -0.0092674615
v 0.004052137 -0.040450096 -0.014900673
v 0.002417491 -0.040417466 -0.015020981
v 0.02688848 -0.047028016 -0.0034429221
v 0.029643264 -0.04891221 -0.008290753
v 0.029780533 -0.048688874 0
v 0.026901577 -0.047003012 0
v 0.002403023 -0.03782121 -0.016604
v 0.0024062893 -0.040838785 -0.016401533
v 0.00077985664 -0.040838785 -0.016401533
v 0.0008245629 -0.037750006 -0.016585413
v -0.02287222 -0.035803583 0.03630361
v -0.02287222 -0.032119807 0.03630361
v -0.027222022 -0.032119807 0.034146562
v -0.027222022 -0.035803583 0.034146562
v -0.03305258 -0.032119807 0.02986261
v -0.03305258 -0.035803583 0.02986261
v -0.037134215 -0.032119807 0.025168216
v -0.037134215 -0.03580358 0.025168216
v -0.040644728 -0.032119807 0.018184202
v -0.040644728 -0.03580358 0.018184202
v -0.042129114 -0.03580358 0.008061928
v -0.042129114 -0.032119807 0.008061928
v -0.042241275 -0.03580358 0
v -0.042241275 -0.032119807 0
v -0.0284868 -0.035803583 0.036463153
v -0.023372237 -0.035803583 0.038703203
v -0.02287222 -0.035803583 0.03630361
v -0.027222022 -0.035803583 0.034146562
v -0.03476692 -0.035803583 0.031813588
v -0.03305258 -0.035803583 0.02986261
v -0.03927774 -0.03580358 0.026650522
v -0.037134215 -0.03580358 0.025168216
v -0.040644728 -0.03580358 0.018184202
v -0.043146815 -0.03580358 0.018929647
v -0.044770874 -0.03580358 0.008171505
v -0.042129114 -0.03580358 0.008061928
v -0.04488606 -0.03580358 0
v -0.042241275 -0.03580358 0
v -0.023372237 -0.035803583 0.038703203
v -0.023372237 -0.032119807 0.038703203
v -0.02287222 -0.032119807 0.03630361
v -0.02287222 -0.035803583 0.03630361
v -0.0284868 -0.032119807 0.036463153
v -0.02287222 -0.032119807 0.03630361
v -0.023372237 -0.032119807 0.038703203
v -0.027222022 -0.032119807 0.034146562
v -0.03476692 -0.032119807 0.031813588
v -0.03305258 -0.032119807 0.02986261
v -0.03927774 -0.032119807 0.026650522
v -0.037134215 -0.032119807 0.025168216
v -0.040644728 -0.032119807 0.018184202
v -0.043146815 -0.032119807 0.018929647
v -0.044770874 -0.032119807 0.008171505
v -0.042129114 -0.032119807 0.008061928
v -0.042241275 -0.032119807 0
v -0.04488606 -0.032119807 0
v -0.02287222 -0.035803583 -0.03630361
v -0.027222022 -0.032119807 -0.034146562
v -0.02287222 -0.032119807 -0.03630361
v -0.027222022 -0.035803583 -0.034146562
v -0.03305258 -0.032119807 -0.02986261
v -0.03305258 -0.035803583 -0.02986261
v -0.037134215 -0.032119807 -0.025168216
v -0.037134215 -0.03580358 -0.025168216
v -0.040644728 -0.032119807 -0.018184202
v -0.040644728 -0.03580358 -0.018184202
v -0.042129114 -0.03580358 -0.008061928
v -0.042129114 -0.032119807 -0.008061928
v -0.042241275 -0.03580358 0
v -0.042241275 -0.032119807 0
v -0.0284868 -0.035803583 -0.036463153
v -0.02287222 -0.035803583 -0.03630361
v -0.023372237 -0.035803583 -0.038703203
v -0.027222022 -0.035803583 -0.034146562
v -0.03476692 -0.035803583 -0.031813588
v -0.03305258 -0.035803583 -0.02986261
v -0.03927774 -0.03580358 -0.026650522
v -0.037134215 -0.03580358 -0.025168216
v -0.040644728 -0.03580358 -0.018184202
v -0.043146815 -0.03580358 -0.018929647
v -0.044770874 -0.03580358 -0.008171505
v -0.042129114 -0.03580358 -0.008061928
v -0.04488606 -0.03580358 0
v -0.042241275 -0.03580358 0
v -0.023372237 -0.035803583 -0.038703203
v -0.02287222 -0.035803583 -0.03630361
v -0.02287222 -0.032119807 -0.03630361
v -0.023372237 -0.032119807 -0.038703203
v -0.0284868 -0.032119807 -0.036463153
v -0.023372237 -0.032119807 -0.038703203
v -0.02287222 -0.032119807 -0.03630361
v -0.027222022 -0.032119807 -0.034146562
v -0.03476692 -0.032119807 -0.031813588
v -0.03305258 -0.032119807 -0.02986261
v -0.03927774 -0.032119807 -0.026650522
v -0.037134215 -0.032119807 -0.025168216
v -0.040644728 -0.032119807 -0.018184202
v -0.043146815 -0.032119807 -0.018929647
v -0.044770874 -0.032119807 -0.008171505
v -0.042129114 -0.032119807 -0.008061928
v -0.042241275 -0.032119807 0
v -0.04488606 -0.032119807 0
v 0.022872211 -0.03580359 0.03630361
v 0.027222013 -0.032119818 0.034146562
v 0.022872211 -0.032119818 0.03630361
v 0.027222013 -0.03580359 0.034146562
v 0.033052567 -0.032119818 0.02986261
v 0.033052567 -0.03580359 0.02986261
v 0.037134204 -0.032119818 0.025168216
v 0.037134204 -0.035803594 0.025168216
v 0.040644716 -0.032119818 0.018184202
v 0.040644716 -0.035803594 0.018184202
v 0.042129107 -0.035803594 0.008061928
v 0.042129107 -0.032119818 0.008061928
v 0.042241268 -0.035803594 0
v 0.042241268 -0.032119818 0
v 0.02848679 -0.03580359 0.036463153
v 0.022872211 -0.03580359 0.03630361
v 0.023372227 -0.03580359 0.038703203
v 0.027222013 -0.03580359 0.034146562
v 0.03476691 -0.03580359 0.031813588
v 0.033052567 -0.03580359 0.02986261
v 0.039277732 -0.035803594 0.026650522
v 0.037134204 -0.035803594 0.025168216
v 0.040644716 -0.035803594 0.018184202
v 0.043146804 -0.035803594 0.018929647
v 0.044770863 -0.035803594 0.008171505
v 0.042129107 -0.035803594 0.008061928
v 0.04488605 -0.035803594 0
v 0.042241268 -0.035803594 0
v 0.023372227 -0.03580359 0.038703203
v 0.022872211 -0.03580359 0.03630361
v 0.022872211 -0.032119818 0.03630361
v 0.023372227 -0.032119818 0.038703203
v 0.02848679 -0.032119818 0.036463153
v 0.023372227 -0.032119818 0.038703203
v 0.022872211 -0.032119818 0.03630361
v 0.027222013 -0.032119818 0.034146562
v 0.03476691 -0.032119818 0.031813588
v 0.033052567 -0.032119818 0.02986261
v 0.039277732 -0.032119818 0.026650522
v 0.037134204 -0.032119818 0.025168216
v 0.040644716 -0.032119818 0.018184202
v 0.043146804 -0.032119818 0.018929647
v 0.044770863 -0.032119818 0.008171505
v 0.042129107 -0.032119818 0.008061928
v 0.042241268 -0.032119818 0
v 0.04488605 -0.032119818 0
v 0.022872211 -0.03580359 -0.03630361
v 0.022872211 -0.032119818 -0.03630361
v 0.027222013 -0.032119818 -0.034146562
v 0.027222013 -0.03580359 -0.034146562
v 0.033052567 -0.032119818 -0.02986261
v 0.033052567 -0.03580359 -0.02986261
v 0.037134204 -0.032119818 -0.025168216
v 0.037134204 -0.035803594 -0.025168216
v 0.040644716 -0.032119818 -0.018184202
v 0.040644716 -0.035803594 -0.018184202
v 0.042129107 -0.035803594 -0.008061928
v 0.042129107 -0.032119818 -0.008061928
v 0.042241268 -0.035803594 0
v 0.042241268 -0.032119818 0
v 0.02848679 -0.03580359 -0.036463153
v 0.023372227 -0.03580359 -0.038703203
v 0.022872211 -0.03580359 -0.03630361
v 0.027222013 -0.03580359 -0.034146562
v 0.03476691 -0.03580359 -0.031813588
v 0.033052567 -0.03580359 -0.02986261
v 0.039277732 -0.035803594 -0.026650522
v 0.037134204 -0.035803594 -0.025168216
v 0.040644716 -0.035803594 -0.018184202
v 0.043146804 -0.035803594 -0.018929647
v 0.044770863 -0.035803594 -0.008171505
v 0.042129107 -0.035803594 -0.008061928
v 0.04488605 -0.035803594 0
v 0.042241268 -0.035803594 0
v 0.023372227 -0.03580359 -0.038703203
v 0.023372227 -0.032119818 -0.038703203
v 0.022872211 -0.032119818 -0.03630361
v 0.022872211 -0.03580359 -0.03630361
v 0.02848679 -0.032119818 -0.036463153
v 0.022872211 -0.032119818 -0.03630361
v 0.023372227 -0.032119818 -0.038703203
v 0.027222013 -0.032119818 -0.034146562
v 0.03476691 -0.032119818 -0.031813588
v 0.033052567 -0.032119818 -0.02986261
v 0.039277732 -0.032119818 -0.026650522
v 0.037134204 -0.032119818 -0.025168216
v 0.040644716 -0.032119818 -0.018184202
v 0.043146804 -0.032119818 -0.018929647
v 0.044770863 -0.032119818 -0.008171505
v 0.042129107 -0.032119818 -0.008061928
v 0.042241268 -0.032119818 0
v 0.04488605 -0.032119818 0
v -0.022872211 0.03580359 0.03630361
v -0.027222013 0.032119818 0.034146562
v -0.022872211 0.032119818 0.03630361
v -0.027222013 0.03580359 0.034146562
v -0.033052567 0.032119818 0.02986261
v -0.033052567 0.03580359 0.02986261
v -0.037134204 0.032119818 0.025168216
v -0.037134204 0.035803594 0.025168216
v -0.040644716 0.032119818 0.018184202
v -0.040644716 0.035803594 0.018184202
v -0.042129107 0.035803594 0.008061928
v -0.042129107 0.032119818 0.008061928
v -0.042241268 0.035803594 0
v -0.042241268 0.032119818 0
v -0.02848679 0.03580359 0.036463153
v -0.022872211 0.03580359 0.03630361
v -0.023372227 0.03580359 0.038703203
v -0.027222013 0.03580359 0.034146562
v -0.03476691 0.03580359 0.031813588
v -0.033052567 0.03580359 0.02986261
v -0.039277732 0.035803594 0.026650522
v -0.037134204 0.035803594 0.025168216
v -0.040644716 0.035803594 0.018184202
v -0.043146804 0.035803594 0.018929647
v -0.044770863 0.035803594 0.008171505
v -0.042129107 0.035803594 0.008061928
v -0.04488605 0.035803594 0
v -0.042241268 0.035803594 0
v -0.023372227 0.03580359 0.038703203
v -0.022872211 0.03580359 0.03630361
v -0.022872211 0.032119818 0.03630361
v -0.023372227 0.032119818 0.038703203
v -0.02848679 0.032119818 0.036463153
v -0.023372227 0.032119818 0.038703203
v -0.022872211 0.032119818 0.03630361
v -0.027222013 0.032119818 0.034146562
v -0.03476691 0.032119818 0.031813588
v -0.033052567 0.032119818 0.02986261
v -0.039277732 0.032119818 0.026650522
v -0.037134204 0.032119818 0.025168216
v -0.040644716 0.032119818 0.018184202
v -0.043146804 0.032119818 0.018929647
v -0.044770863 0.032119818 0.008171505
v -0.042129107 0.032119818 0.008061928
v -0.042241268 0.032119818 0
v -0.04488605 0.032119818 0
v -0.022872211 0.03580359 -0.03630361
v -0.022872211 0.032119818 -0.03630361
v -0.027222013 0.032119818 -0.034146562
v -0.027222013 0.03580359 -0.034146562
v -0.033052567 0.032119818 -0.02986261
v -0.033052567 0.03580359 -0.02986261
v -0.037134204 0.032119818 -0.025168216
v -0.037134204 0.035803594 -0.025168216
v -0.040644716 0.032119818 -0.018184202
v -0.040644716 0.035803594 -0.018184202
v -0.042129107 0.035803594 -0.008061928
v -0.042129107 0.032119818 -0.008061928
v -0.042241268 0.035803594 0
v -0.042241268 0.032119818 0
v -0.02848679 0.03580359 -0.036463153
v -0.023372227 0.03580359 -0.038703203
v -0.022872211 0.03580359 -0.03630361
v -0.027222013 0.03580359 -0.034146562
v -0.03476691 0.03580359 -0.031813588
v -0.033052567 0.03580359 -0.02986261
v -0.039277732 0.035803594 -0.026650522
v -0.037134204 0.035803594 -0.025168216
v -0.040644716 0.035803594 -0.018184202
v -0.043146804 0.035803594 -0.018929647
v -0.044770863 0.035803594 -0.008171505
v -0.042129107 0.035803594 -0.008061928
v -0.04488605 0.035803594 0
v -0.042241268 0.035803594 0
v -0.023372227 0.03580359 -0.038703203
v -0.023372227 0.032119818 -0.038703203
v -0.022872211 0.032119818 -0.03630361
v -0.022872211 0.03580359 -0.03630361
v -0.02848679 0.032119818 -0.036463153
v -0.022872211 0.032119818 -0.03630361
v -0.023372227 0.032119818 -0.038703203
v -0.027222013 0.032119818 -0.034146562
v -0.03476691 0.032119818 -0.031813588
v -0.033052567 0.032119818 -0.02986261
v -0.039277732 0.032119818 -0.026650522
v -0.037134204 0.032119818 -0.025168216
v -0.040644716 0.032119818 -0.018184202
v -0.043146804 0.032119818 -0.018929647
v -0.044770863 0.032119818 -0.008171505
v -0.042129107 0.032119818 -0.008061928
v -0.042241268 0.032119818 0
v -0.04488605 0.032119818 0
v 0.02287222 0.035803583 0.03630361
v 0.02287222 0.032119807 0.03630361
v 0.027222022 0.032119807 0.034146562
v 0.027222022 0.035803583 0.034146562
v 0.03305258 0.032119807 0.02986261
v 0.03305258 0.035803583 0.02986261
v 0.037134215 0.032119807 0.025168216
v 0.037134215 0.03580358 0.025168216
v 0.040644728 0.032119807 0.018184202
v 0.040644728 0.03580358 0.018184202
v 0.042129114 0.03580358 0.008061928
v 0.042129114 0.032119807 0.008061928
v 0.042241275 0.03580358 0
v 0.042241275 0.032119807 0
v 0.0284868 0.035803583 0.036463153
v 0.023372237 0.035803583 0.038703203
v 0.02287222 0.035803583 0.03630361
v 0.027222022 0.035803583 0.034146562
v 0.03476692 0.035803583 0.031813588
v 0.03305258 0.035803583 0.02986261
v 0.03927774 0.03580358 0.026650522
v 0.037134215 0.03580358 0.025168216
v 0.040644728 0.03580358 0.018184202
v 0.043146815 0.03580358 0.018929647
v 0.044770874 0.03580358 0.008171505
v 0.042129114 0.03580358 0.008061928
v 0.04488606 0.03580358 0
v 0.042241275 0.03580358 0
v 0.023372237 0.035803583 0.038703203
v 0.023372237 0.032119807 0.038703203
v 0.02287222 0.032119807 0.03630361
v 0.02287222 0.035803583 0.03630361
v 0.0284868 0.032119807 0.036463153
v 0.02287222 0.032119807 0.03630361
v 0.023372237 0.032119807 0.038703203
v 0.027222022 0.032119807 0.034146562
v 0.03476692 0.032119807 0.031813588
v 0.03305258 0.032119807 0.02986261
v 0.03927774 0.032119807 0.026650522
v 0.037134215 0.032119807 0.025168216
v 0.040644728 0.032119807 0.018184202
v 0.043146815 0.032119807 0.018929647
v 0.044770874 0.032119807 0.008171505
v 0.042129114 0.032119807 0.008061928
v 0.042241275 0.032119807 0
v 0.04488606 0.032119807 0
v 0.02287222 0.035803583 -0.03630361
v 0.027222022 0.032119807 -0.034146562
v 0.02287222 0.032119807 -0.03630361
v 0.027222022 0.035803583 -0.034146562
v 0.03305258 0.032119807 -0.02986261
v 0.03305258 0.035803583 -0.02986261
v 0.037134215 0.032119807 -0.025168216
v 0.037134215 0.03580358 -0.025168216
v 0.040644728 0.032119807 -0.018184202
v 0.040644728 0.03580358 -0.018184202
v 0.042129114 0.03580358 -0.008061928
v 0.042129114 0.032119807 -0.008061928
v 0.042241275 0.03580358 0
v 0.042241275 0.032119807 0
v 0.0284868 0.035803583 -0.036463153
v 0.02287222 0.035803583 -0.03630361
v 0.023372237 0.035803583 -0.038703203
v 0.027222022 0.035803583 -0.034146562
v 0.03476692 0.035803583 -0.031813588
v 0.03305258 0.035803583 -0.02986261
v 0.03927774 0.03580358 -0.026650522
v 0.037134215 0.03580358 -0.025168216
v 0.040644728 0.03580358 -0.018184202
v 0.043146815 0.03580358 -0.018929647
v 0.044770874 0.03580358 -0.008171505
v 0.042129114 0.03580358 -0.008061928
v 0.04488606 0.03580358 0
v 0.042241275 0.03580358 0
v 0.023372237 0.035803583 -0.038703203
v 0.02287222 0.035803583 -0.03630361
v 0.02287222 0.032119807 -0.03630361
v 0.023372237 0.032119807 -0.038703203
v 0.0284868 0.032119807 -0.036463153
v 0.023372237 0.032119807 -0.038703203
v 0.02287222 0.032119807 -0.03630361
v 0.027222022 0.032119807 -0.034146562
v 0.03476692 0.032119807 -0.031813588
v 0.03305258 0.032119807 -0.02986261
v 0.03927774 0.032119807 -0.026650522
v 0.037134215 0.032119807 -0.025168216
v 0.040644728 0.032119807 -0.018184202
v 0.043146815 0.032119807 -0.018929647
v 0.044770874 0.032119807 -0.008171505
v 0.042129114 0.032119807 -0.008061928
v 0.042241275 0.032119807 0
v 0.04488606 0.032119807 0
v -0.06336811 -0.081075236 -0.009789307
v -0.06331445 -0.081342205 0.010032507
v -0.06337366 -0.08750088 0.00986161
v -0.06339195 -0.087272786 -0.009892058
v -0.06340256 -0.09199713 0.006851511
v -0.06341501 -0.0919964 -0.009396987
v -0.062714025 -0.095981516 0.0027510459
v -0.062714025 -0.09756014 -0.010830454
v -0.062177796 -0.09184201 -0.009352274
v -0.062714025 -0.09756014 -0.010830454
v -0.062714025 -0.095981516 0.0027510459
v -0.062255077 -0.091871366 0.006943671
v -0.06214391 -0.087247334 -0.009870304
v -0.062209237 -0.08754261 0.009831567
v -0.06219055 -0.08107583 -0.00977761
v -0.06225649 -0.08134446 0.0100540435
v -0.06340256 -0.09199713 0.006851511
v -0.062255077 -0.091871366 0.006943671
v -0.062714025 -0.095981516 0.0027510459
v -0.06337366 -0.08750088 0.00986161
v -0.062209237 -0.08754261 0.009831567
v -0.06225649 -0.08134446 0.0100540435
v -0.06331445 -0.081342205 0.010032507
v -0.062714025 -0.09756014 -0.010830454
v -0.062177796 -0.09184201 -0.009352274
v -0.06341501 -0.0919964 -0.009396987
v -0.06339195 -0.087272786 -0.009892058
v -0.06214391 -0.087247334 -0.009870304
v -0.06336811 -0.081075236 -0.009789307
v -0.06219055 -0.08107583 -0.00977761
v 0.06336808 -0.08107526 -0.009789307
v 0.06337363 -0.08750089 0.00986161
v 0.06331443 -0.08134223 0.010032507
v 0.063391924 -0.0872728 -0.009892058
v 0.06340253 -0.091997154 0.006851511
v 0.06341498 -0.09199642 -0.009396987
v 0.062713996 -0.09598154 0.0027510459
v 0.062713996 -0.09756015 -0.010830454
v 0.062177766 -0.09184203 -0.009352274
v 0.062713996 -0.09598154 0.0027510459
v 0.062713996 -0.09756015 -0.010830454
v 0.062255047 -0.09187138 0.006943671
v 0.06214388 -0.08724735 -0.009870304
v 0.062209208 -0.08754263 0.009831567
v 0.06219052 -0.08107585 -0.00977761
v 0.06225646 -0.08134448 0.0100540435
v 0.06340253 -0.091997154 0.006851511
v 0.062713996 -0.09598154 0.0027510459
v 0.062255047 -0.09187138 0.006943671
v 0.06337363 -0.08750089 0.00986161
v 0.062209208 -0.08754263 0.009831567
v 0.06225646 -0.08134448 0.0100540435
v 0.06331443 -0.08134223 0.010032507
v 0.062713996 -0.09756015 -0.010830454
v 0.06341498 -0.09199642 -0.009396987
v 0.062177766 -0.09184203 -0.009352274
v 0.063391924 -0.0872728 -0.009892058
v 0.06214388 -0.08724735 -0.009870304
v 0.06336808 -0.08107526 -0.009789307
v 0.06219052 -0.08107585 -0.00977761
v -0.028257975 -0.04412788 0.0007825282
v -0.028168218 -0.044250187 0.0035803062
v -0.026888493 -0.047028005 0.003442922
v -0.02697825 -0.046905704 0.00064514397
v -0.0034631246 -0.03811115 0.012096163
v -0.028168218 -0.044250187 0.0035803062
v -0.0041844873 -0.038486503 0.015038205
v -0.0022579427 -0.038190685 0.012070007
v -0.00247064 -0.03841285 0.015156314
v 0.0024706274 -0.03841285 0.015156314
v -0.0033307874 -0.04007474 0.011958631
v -0.00405215 -0.040450096 0.014900673
v -0.026888493 -0.047028005 0.003442922
v -0.002417504 -0.040417466 0.015020981
v -0.0022048068 -0.040195297 0.011934674
v 0.0022579296 -0.03819069 0.012070007
v 0.002204793 -0.040195297 0.011934676
v 0.002417491 -0.040417466 0.015020981
v 0.004052137 -0.040450096 0.014900673
v 0.0033307741 -0.04007474 0.011958631
v 0.02688848 -0.047028016 0.0034429217
v 0.026978238 -0.04690571 0.0006451437
v 0.003463112 -0.03811115 0.012096163
v 0.0041844747 -0.038486503 0.015038205
v 0.02825796 -0.044127893 0.0007825279
v 0.028168203 -0.044250198 0.0035803062
v 0.028168203 -0.044250198 0.0035803062
v 0.02688848 -0.047028016 0.0034429217
v -0.028257975 -0.04412788 -0.0007825279
v -0.028168218 -0.044250187 -0.0035803062
v -0.0041844873 -0.038486503 -0.015038205
v -0.0034631246 -0.03811115 -0.012096163
v -0.00247064 -0.03841285 -0.015156314
v -0.02697825 -0.046905704 -0.0006451437
v -0.028168218 -0.044250187 -0.0035803062
v -0.026888493 -0.047028005 -0.0034429221
v -0.0033307874 -0.04007474 -0.011958631
v -0.026888493 -0.047028005 -0.0034429221
v -0.00405215 -0.040450096 -0.014900673
v -0.002257942 -0.03819069 -0.012070007
v -0.002204806 -0.040195297 -0.011934674
v -0.002417504 -0.040417466 -0.015020981
v 0.002417491 -0.040417466 -0.015020981
v 0.00225793 -0.038190685 -0.012070007
v 0.0024706274 -0.03841285 -0.015156314
v 0.0041844747 -0.038486503 -0.015038205
v 0.0022047937 -0.040195297 -0.011934674
v 0.003330774 -0.040074743 -0.011958631
v 0.004052137 -0.040450096 -0.014900673
v 0.0034631118 -0.03811115 -0.012096163
v 0.028168203 -0.044250198 -0.0035803062
v 0.02825796 -0.0441279 -0.0007825282
v 0.026978238 -0.046905722 -0.00064514397
v 0.02688848 -0.047028016 -0.0034429221
v 0.02688848 -0.047028016 -0.0034429221
v 0.028168203 -0.044250198 -0.0035803062
v 0.002403023 -0.03782121 0.016604
v -0.0024030353 -0.03782121 0.016604
v -0.00247064 -0.03841285 0.015156314
v 0.0024706274 -0.03841285 0.015156314
v 0.0024706274 -0.03841285 -0.015156314
v -0.00247064 -0.03841285 -0.015156314
v -0.0024030353 -0.03782121 -0.016604
v 0.002403023 -0.03782121 -0.016604
v 0.0024062893 -0.040838785 -0.016401533
v -0.0024063028 -0.040838785 -0.016401533
v -0.002417504 -0.040417466 -0.015020981
v 0.002417491 -0.040417466 -0.015020981
v 0.06681163 -0.0067340224 0.04180679
v 0.06806622 -0.006734023 0.041299976
v 0.068458706 -0.006734023 0.04031536
v 0.066698216 -0.0067340224 0.055625364
v 0.06797531 -0.006734023 0.056501083
v 0.066103406 -0.0067340224 0.05660805
v 0.06727494 -0.0067340224 0.05786167
v 0.06502249 -0.006734023 0.05833504
v 0.065025866 -0.006734023 0.057063956
v -0.06681163 0.0067340326 0.04180679
v -0.06806622 0.006734033 0.041299976
v -0.068458706 0.006734033 0.04031536
v -0.066698216 0.0067340326 0.055625364
v -0.06797531 0.006734033 0.056501083
v -0.066103406 0.0067340326 0.05660805
v -0.06727494 0.0067340326 0.05786167
v -0.06502249 0.0067340326 0.05833504
v -0.065025866 0.0067340326 0.057063956
vt 0.688893 0.705908
vt 0.688893 0.827289
vt 0.821272 0.827289
vt 0.688893 0.705908
vt 0.821272 0.827289
vt 0.688893 0.827289
vt 0.688893 0.705908
vt 0.821272 0.827289
vt 0.688893 0.827289
vt 0.688893 0.705908
vt 0.688893 0.827289
vt 0.821272 0.827289
vt 0.688893 0.705908
vt 0.688893 0.827289
vt 0.821272 0.827289
vt 0.688893 0.705908
vt 0.821272 0.827289
vt 0.688893 0.827289
vt 0.688893 0.705908
vt 0.821272 0.827289
vt 0.688893 0.827289
vt 0.688893 0.705908
vt 0.688893 0.827289
vt 0.821272 0.827289
vt 0.151379 0.171865
vt 0.151379 0.251502
vt 0.176171 0.251122
vt 0.176236 0.17176
vt 0.194384 0.239253
vt 0.195185 0.173984
vt 0.210828 0.222987
vt 0.217776 0.168502
vt 0.49437383 0.66177607
vt 0.49994785 0.63860303
vt 0.44549283 0.645771
vt 0.42891684 0.66263705
vt 0.49672586 0.68022203
vt 0.41757184 0.68017507
vt 0.49670383 0.70505106
vt 0.41702983 0.70505106
vt 0.136064 0.392189
vt 0.136719 0.387654
vt 0.112996 0.38933
vt 0.15791 0.392189
vt 0.15774 0.387654
vt 0.182787 0.387654
vt 0.182789 0.392189
vt 0.49262837 0.8432608
vt 0.46884036 0.84101385
vt 0.46946537 0.84593385
vt 0.4503224 0.84593385
vt 0.45021236 0.84101385
vt 0.42534438 0.84593385
vt 0.42534438 0.84101385
vt 0.151379 0.171865
vt 0.151379 0.251502
vt 0.176171 0.251122
vt 0.176236 0.17176
vt 0.194384 0.239253
vt 0.195185 0.173984
vt 0.210828 0.222987
vt 0.217776 0.168502
vt 0.49437383 0.66177607
vt 0.49994785 0.63860303
vt 0.44549283 0.645771
vt 0.42891684 0.66263705
vt 0.49672586 0.68022203
vt 0.41757184 0.68017507
vt 0.49670383 0.70505106
vt 0.41702983 0.70505106
vt 0.136064 0.392189
vt 0.136719 0.387654
vt 0.112996 0.38933
vt 0.15791 0.392189
vt 0.15774 0.387654
vt 0.182787 0.387654
vt 0.182789 0.392189
vt 0.49262837 0.8432608
vt 0.46884036 0.84101385
vt 0.46946537 0.84593385
vt 0.4503224 0.84593385
vt 0.45021236 0.84101385
vt 0.42534438 0.84593385
vt 0.42534438 0.84101385
vt 0.151379 0.171865
vt 0.151379 0.251502
vt 0.176171 0.251122
vt 0.176236 0.17176
vt 0.194384 0.239253
vt 0.195185 0.173984
vt 0.210828 0.222987
vt 0.217776 0.168502
vt 0.49437383 0.66177607
vt 0.49994785 0.63860303
vt 0.44549283 0.645771
vt 0.42891684 0.66263705
vt 0.49672586 0.68022203
vt 0.41757184 0.68017507
vt 0.49670383 0.70505106
vt 0.41702983 0.70505106
vt 0.136064 0.392189
vt 0.136719 0.387654
vt 0.112996 0.38933
vt 0.15791 0.392189
vt 0.15774 0.387654
vt 0.182787 0.387654
vt 0.182789 0.392189
vt 0.49262837 0.8432608
vt 0.46884036 0.84101385
vt 0.46946537 0.84593385
vt 0.4503224 0.84593385
vt 0.45021236 0.84101385
vt 0.42534438 0.84593385
vt 0.42534438 0.84101385
vt 0.151379 0.171865
vt 0.151379 0.251502
vt 0.176171 0.251122
vt 0.176236 0.17176
vt 0.194384 0.239253
vt 0.195185 0.173984
vt 0.210828 0.222987
vt 0.217776 0.168502
vt 0.49437383 0.66177607
vt 0.49994785 0.63860303
vt 0.44549283 0.645771
vt 0.42891684 0.66263705
vt 0.49672586 0.68022203
vt 0.41757184 0.68017507
vt 0.49670383 0.70505106
vt 0.41702983 0.70505106
vt 0.136064 0.392189
vt 0.136719 0.387654
vt 0.112996 0.38933
vt 0.15791 0.392189
vt 0.15774 0.387654
vt 0.182787 0.387654
vt 0.182789 0.392189
vt 0.49262837 0.8432608
vt 0.46884036 0.84101385
vt 0.46946537 0.84593385
vt 0.4503224 0.84593385
vt 0.45021236 0.84101385
vt 0.42534438 0.84593385
vt 0.42534438 0.84101385
vt 0.151379 0.171865
vt 0.151379 0.251502
vt 0.176171 0.251122
vt 0.176236 0.17176
vt 0.194384 0.239253
vt 0.195185 0.173984
vt 0.210828 0.222987
vt 0.217776 0.168502
vt 0.49437383 0.66177607
vt 0.49994785 0.63860303
vt 0.44549283 0.645771
vt 0.42891684 0.66263705
vt 0.49672586 0.68022203
vt 0.41757184 0.68017507
vt 0.49670383 0.70505106
vt 0.41702983 0.70505106
vt 0.136064 0.392189
vt 0.136719 0.387654
vt 0.112996 0.38933
vt 0.15791 0.392189
vt 0.15774 0.387654
vt 0.182787 0.387654
vt 0.182789 0.392189
vt 0.49262837 0.8432608
vt 0.46884036 0.84101385
vt 0.46946537 0.84593385
vt 0.4503224 0.84593385
vt 0.45021236 0.84101385
vt 0.42534438 0.84593385
vt 0.42534438 0.84101385
vt 0.151379 0.171865
vt 0.151379 0.251502
vt 0.176171 0.251122
vt 0.176236 0.17176
vt 0.194384 0.239253
vt 0.195185 0.173984
vt 0.210828 0.222987
vt 0.217776 0.168502
vt 0.49437383 0.66177607
vt 0.49994785 0.63860303
vt 0.44549283 0.645771
vt 0.42891684 0.66263705
vt 0.49672586 0.68022203
vt 0.41757184 0.68017507
vt 0.49670383 0.70505106
vt 0.41702983 0.70505106
vt 0.136064 0.392189
vt 0.136719 0.387654
vt 0.112996 0.38933
vt 0.15791 0.392189
vt 0.15774 0.387654
vt 0.182787 0.387654
vt 0.182789 0.392189
vt 0.49262837 0.8432608
vt 0.46884036 0.84101385
vt 0.46946537 0.84593385
vt 0.4503224 0.84593385
vt 0.45021236 0.84101385
vt 0.42534438 0.84593385
vt 0.42534438 0.84101385
vt 0.151379 0.171865
vt 0.151379 0.251502
vt 0.176171 0.251122
vt 0.176236 0.17176
vt 0.194384 0.239253
vt 0.195185 0.173984
vt 0.210828 0.222987
vt 0.217776 0.168502
vt 0.49437383 0.66177607
vt 0.49994785 0.63860303
vt 0.44549283 0.645771
vt 0.42891684 0.66263705
vt 0.49672586 0.68022203
vt 0.41757184 0.68017507
vt 0.49670383 0.70505106
vt 0.41702983 0.70505106
vt 0.136064 0.392189
vt 0.136719 0.387654
vt 0.112996 0.38933
vt 0.15791 0.392189
vt 0.15774 0.387654
vt 0.182787 0.387654
vt 0.182789 0.392189
vt 0.49262837 0.8432608
vt 0.46884036 0.84101385
vt 0.46946537 0.84593385
vt 0.4503224 0.84593385
vt 0.45021236 0.84101385
vt 0.42534438 0.84593385
vt 0.42534438 0.84101385
vt 0.151379 0.171865
vt 0.151379 0.251502
vt 0.176171 0.251122
vt 0.176236 0.17176
vt 0.194384 0.239253
vt 0.195185 0.173984
vt 0.210828 0.222987
vt 0.217776 0.168502
vt 0.49437383 0.66177607
vt 0.49994785 0.63860303
vt 0.44549283 0.645771
vt 0.42891684 0.66263705
vt 0.49672586 0.68022203
vt 0.41757184 0.68017507
vt 0.49670383 0.70505106
vt 0.41702983 0.70505106
vt 0.136064 0.392189
vt 0.136719 0.387654
vt 0.112996 0.38933
vt 0.15791 0.392189
vt 0.15774 0.387654
vt 0.182787 0.387654
vt 0.182789 0.392189
vt 0.49262837 0.8432608
vt 0.46884036 0.84101385
vt 0.46946537 0.84593385
vt 0.4503224 0.84593385
vt 0.45021236 0.84101385
vt 0.42534438 0.84593385
vt 0.42534438 0.84101385
vt 0.151379 0.171865
vt 0.151379 0.251502
vt 0.176171 0.251122
vt 0.176236 0.17176
vt 0.194384 0.239253
vt 0.195185 0.173984
vt 0.210828 0.222987
vt 0.217776 0.168502
vt 0.49437383 0.66177607
vt 0.49994785 0.63860303
vt 0.44549283 0.645771
vt 0.42891684 0.66263705
vt 0.49672586 0.68022203
vt 0.41757184 0.68017507
vt 0.49670383 0.70505106
vt 0.41702983 0.70505106
vt 0.136064 0.392189
vt 0.136719 0.387654
vt 0.112996 0.38933
vt 0.15791 0.392189
vt 0.15774 0.387654
vt 0.182787 0.387654
vt 0.182789 0.392189
vt 0.49262837 0.8432608
vt 0.46884036 0.84101385
vt 0.46946537 0.84593385
vt 0.4503224 0.84593385
vt 0.45021236 0.84101385
vt 0.42534438 0.84593385
vt 0.42534438 0.84101385
vt 0.151379 0.171865
vt 0.151379 0.251502
vt 0.176171 0.251122
vt 0.176236 0.17176
vt 0.194384 0.239253
vt 0.195185 0.173984
vt 0.210828 0.222987
vt 0.217776 0.168502
vt 0.49437383 0.66177607
vt 0.49994785 0.63860303
vt 0.44549283 0.645771
vt 0.42891684 0.66263705
vt 0.49672586 0.68022203
vt 0.41757184 0.68017507
vt 0.49670383 0.70505106
vt 0.41702983 0.70505106
vt 0.136064 0.392189
vt 0.136719 0.387654
vt 0.112996 0.38933
vt 0.15791 0.392189
vt 0.15774 0.387654
vt 0.182787 0.387654
vt 0.182789 0.392189
vt 0.49262837 0.8432608
vt 0.46884036 0.84101385
vt 0.46946537 0.84593385
vt 0.4503224 0.84593385
vt 0.45021236 0.84101385
vt 0.42534438 0.84593385
vt 0.42534438 0.84101385
vt 0.151379 0.171865
vt 0.151379 0.251502
vt 0.176171 0.251122
vt 0.176236 0.17176
vt 0.194384 0.239253
vt 0.195185 0.173984
vt 0.210828 0.222987
vt 0.217776 0.168502
vt 0.49437383 0.66177607
vt 0.49994785 0.63860303
vt 0.44549283 0.645771
vt 0.42891684 0.66263705
vt 0.49672586 0.68022203
vt 0.41757184 0.68017507
vt 0.49670383 0.70505106
vt 0.41702983 0.70505106
vt 0.136064 0.392189
vt 0.136719 0.387654
vt 0.112996 0.38933
vt 0.15791 0.392189
vt 0.15774 0.387654
vt 0.182787 0.387654
vt 0.182789 0.392189
vt 0.49262837 0.8432608
vt 0.46884036 0.84101385
vt 0.46946537 0.84593385
vt 0.4503224 0.84593385
vt 0.45021236 0.84101385
vt 0.42534438 0.84593385
vt 0.42534438 0.84101385
vt 0.151379 0.171865
vt 0.151379 0.251502
vt 0.176171 0.251122
vt 0.176236 0.17176
vt 0.194384 0.239253
vt 0.195185 0.173984
vt 0.210828 0.222987
vt 0.217776 0.168502
vt 0.49437383 0.66177607
vt 0.49994785 0.63860303
vt 0.44549283 0.645771
vt 0.42891684 0.66263705
vt 0.49672586 0.68022203
vt 0.41757184 0.68017507
vt 0.49670383 0.70505106
vt 0.41702983 0.70505106
vt 0.136064 0.392189
vt 0.136719 0.387654
vt 0.112996 0.38933
vt 0.15791 0.392189
vt 0.15774 0.387654
vt 0.182787 0.387654
vt 0.182789 0.392189
vt 0.49262837 0.8432608
vt 0.46884036 0.84101385
vt 0.46946537 0.84593385
vt 0.4503224 0.84593385
vt 0.45021236 0.84101385
vt 0.42534438 0.84593385
vt 0.42534438 0.84101385
vt 0.151379 0.171865
vt 0.151379 0.251502
vt 0.176171 0.251122
vt 0.176236 0.17176
vt 0.194384 0.239253
vt 0.195185 0.173984
vt 0.210828 0.222987
vt 0.217776 0.168502
vt 0.49437383 0.66177607
vt 0.49994785 0.63860303
vt 0.44549283 0.645771
vt 0.42891684 0.66263705
vt 0.49672586 0.68022203
vt 0.41757184 0.68017507
vt 0.49670383 0.70505106
vt 0.41702983 0.70505106
vt 0.136064 0.392189
vt 0.136719 0.387654
vt 0.112996 0.38933
vt 0.15791 0.392189
vt 0.15774 0.387654
vt 0.182787 0.387654
vt 0.182789 0.392189
vt 0.49262837 0.8432608
vt 0.46884036 0.84101385
vt 0.46946537 0.84593385
vt 0.4503224 0.84593385
vt 0.45021236 0.84101385
vt 0.42534438 0.84593385
vt 0.42534438 0.84101385
vt 0.670818 0.162282
vt 0.66187865 0.152975
vt 0.66187865 0.162282
vt 0.670818 0.152976
vt 0.670818 0.15112
vt 0.66187865 0.151119
vt 0.670818 0.144453
vt 0.66187865 0.144453
vt 0.670818 0.124016
vt 0.66187865 0.124016
vt 0.670818 0.122456
vt 0.66187865 0.122456
vt 0.66187865 0.11892
vt 0.670818 0.11892
vt 0.451347 0.615481
vt 0.441873 0.615367
vt 0.441873 0.634654
vt 0.451007 0.634765
vt 0.452006 0.617204
vt 0.451519 0.633028
vt 0.458776 0.617448
vt 0.458078 0.633264
vt 0.477812 0.628198
vt 0.475978 0.612481
vt 0.478567 0.629572
vt 0.476425 0.610616
vt 0.481965 0.628632
vt 0.479837 0.609659
vt 0.421282 0.600889
vt 0.430473 0.581524
vt 0.421282 0.581595
vt 0.430704 0.600817
vt 0.431044 0.583278
vt 0.431298 0.599113
vt 0.437711 0.583206
vt 0.437965 0.599041
vt 0.457322 0.588966
vt 0.454932 0.604613
vt 0.458142 0.58764
vt 0.455287 0.606507
vt 0.46151 0.588718
vt 0.458651 0.6076
vt 0.545872 0.148121
vt 0.545872 0.138813
vt 0.536225 0.138815
vt 0.536225 0.148122
vt 0.545872 0.149914
vt 0.536225 0.149916
vt 0.545872 0.156581
vt 0.536225 0.156583
vt 0.545872 0.174441
vt 0.536225 0.174442
vt 0.545872 0.176368
vt 0.536225 0.17637
vt 0.545872 0.179904
vt 0.536225 0.179906
vt 0.670818 0.162282
vt 0.66187865 0.162282
vt 0.66187865 0.152975
vt 0.670818 0.152976
vt 0.670818 0.15112
vt 0.66187865 0.151119
vt 0.670818 0.144453
vt 0.66187865 0.144453
vt 0.670818 0.124016
vt 0.66187865 0.124016
vt 0.670818 0.122456
vt 0.66187865 0.122456
vt 0.66187865 0.11892
vt 0.670818 0.11892
vt 0.451347 0.615481
vt 0.441873 0.634654
vt 0.441873 0.615367
vt 0.451007 0.634765
vt 0.452006 0.617204
vt 0.451519 0.633028
vt 0.458776 0.617448
vt 0.458078 0.633264
vt 0.477812 0.628198
vt 0.475978 0.612481
vt 0.478567 0.629572
vt 0.476425 0.610616
vt 0.481965 0.628632
vt 0.479837 0.609659
vt 0.421282 0.600889
vt 0.421282 0.581595
vt 0.430473 0.581524
vt 0.430704 0.600817
vt 0.431044 0.583278
vt 0.431298 0.599113
vt 0.437711 0.583206
vt 0.437965 0.599041
vt 0.457322 0.588966
vt 0.454932 0.604613
vt 0.458142 0.58764
vt 0.455287 0.606507
vt 0.46151 0.588718
vt 0.458651 0.6076
vt 0.545872 0.148121
vt 0.536225 0.138815
vt 0.545872 0.138813
vt 0.536225 0.148122
vt 0.545872 0.149914
vt 0.536225 0.149916
vt 0.545872 0.156581
vt 0.536225 0.156583
vt 0.545872 0.174441
vt 0.536225 0.174442
vt 0.545872 0.176368
vt 0.536225 0.17637
vt 0.545872 0.179904
vt 0.536225 0.179906
vt 0.670818 0.162282
vt 0.66187865 0.162282
vt 0.66187865 0.152975
vt 0.670818 0.152976
vt 0.670818 0.15112
vt 0.66187865 0.151119
vt 0.670818 0.144453
vt 0.66187865 0.144453
vt 0.670818 0.124016
vt 0.66187865 0.124016
vt 0.670818 0.122456
vt 0.66187865 0.122456
vt 0.66187865 0.11892
vt 0.670818 0.11892
vt 0.451347 0.615481
vt 0.441873 0.634654
vt 0.441873 0.615367
vt 0.451007 0.634765
vt 0.452006 0.617204
vt 0.451519 0.633028
vt 0.458776 0.617448
vt 0.458078 0.633264
vt 0.477812 0.628198
vt 0.475978 0.612481
vt 0.478567 0.629572
vt 0.476425 0.610616
vt 0.481965 0.628632
vt 0.479837 0.609659
vt 0.421282 0.600889
vt 0.421282 0.581595
vt 0.430473 0.581524
vt 0.430704 0.600817
vt 0.431044 0.583278
vt 0.431298 0.599113
vt 0.437711 0.583206
vt 0.437965 0.599041
vt 0.457322 0.588966
vt 0.454932 0.604613
vt 0.458142 0.58764
vt 0.455287 0.606507
vt 0.46151 0.588718
vt 0.458651 0.6076
vt 0.545872 0.148121
vt 0.536225 0.138815
vt 0.545872 0.138813
vt 0.536225 0.148122
vt 0.545872 0.149914
vt 0.536225 0.149916
vt 0.545872 0.156581
vt 0.536225 0.156583
vt 0.545872 0.174441
vt 0.536225 0.174442
vt 0.545872 0.176368
vt 0.536225 0.17637
vt 0.545872 0.179904
vt 0.536225 0.179906
vt 0.670818 0.162282
vt 0.66187865 0.152975
vt 0.66187865 0.162282
vt 0.670818 0.152976
vt 0.670818 0.15112
vt 0.66187865 0.151119
vt 0.670818 0.144453
vt 0.66187865 0.144453
vt 0.670818 0.124016
vt 0.66187865 0.124016
vt 0.670818 0.122456
vt 0.66187865 0.122456
vt 0.66187865 0.11892
vt 0.670818 0.11892
vt 0.451347 0.615481
vt 0.441873 0.615367
vt 0.441873 0.634654
vt 0.451007 0.634765
vt 0.452006 0.617204
vt 0.451519 0.633028
vt 0.458776 0.617448
vt 0.458078 0.633264
vt 0.477812 0.628198
vt 0.475978 0.612481
vt 0.478567 0.629572
vt 0.476425 0.610616
vt 0.481965 0.628632
vt 0.479837 0.609659
vt 0.421282 0.600889
vt 0.430473 0.581524
vt 0.421282 0.581595
vt 0.430704 0.600817
vt 0.431044 0.583278
vt 0.431298 0.599113
vt 0.437711 0.583206
vt 0.437965 0.599041
vt 0.457322 0.588966
vt 0.454932 0.604613
vt 0.458142 0.58764
vt 0.455287 0.606507
vt 0.46151 0.588718
vt 0.458651 0.6076
vt 0.545872 0.148121
vt 0.545872 0.138813
vt 0.536225 0.138815
vt 0.536225 0.148122
vt 0.545872 0.149914
vt 0.536225 0.149916
vt 0.545872 0.156581
vt 0.536225 0.156583
vt 0.545872 0.174441
vt 0.536225 0.174442
vt 0.545872 0.176368
vt 0.536225 0.17637
vt 0.545872 0.179904
vt 0.536225 0.179906
vt 0.911418 0.337569
vt 0.856353 0.492696
vt 0.923228 0.340531
vt 0.735171 0.492696
vt 0.680108 0.337569
vt 0.668296 0.340531
vt 0.919054 0.319057
vt 0.67247 0.319057
vt 0.919054 0.30949
vt 0.67247 0.30949
vt 0.67247 0.208363
vt 0.919054 0.208363
vt 0.67247 0.198797
vt 0.919054 0.198797
vt 0.680108 0.180284
vt 0.911418 0.180284
vt 0.856353 0.025158
vt 0.923228 0.177322
vt 0.735171 0.025158
vt 0.668296 0.177322
vt 0.107594 0.37835
vt 0.167373 0.37835
vt 0.167373 0.368134
vt 0.107594 0.368134
vt 0.167373 0.361343
vt 0.107594 0.361343
vt 0.167373 0.293869
vt 0.107594 0.293869
vt 0.167373 0.289164
vt 0.107594 0.289164
vt 0.049353 0.51529
vt 0.149397 0.506525
vt 0.049353 0.506525
vt 0.149397 0.515267
vt 0.069494 0.587733
vt 0.049353 0.60547
vt 0.129273 0.587717
vt 0.069488 0.597595
vt 0.149397 0.60547
vt 0.129268 0.597581
vt 0.346004 0.21676
vt 0.335788 0.21676
vt 0.335788 0.276539
vt 0.346004 0.276539
vt 0.352797 0.21676
vt 0.352797 0.276539
vt 0.42027 0.21676
vt 0.42027 0.276539
vt 0.424974 0.21676
vt 0.424974 0.276539
vt 0.148852 0.499111
vt 0.048855 0.490271
vt 0.048855 0.499111
vt 0.148852 0.49036
vt 0.068964 0.417878
vt 0.048855 0.400126
vt 0.128716 0.417932
vt 0.068971 0.408021
vt 0.148852 0.400126
vt 0.128721 0.408073
vt 0.3454488 0.82342136
vt 0.40861487 0.82342136
vt 0.40861392 0.6544224
vt 0.28228366 0.6544224
vt 0.2822827 0.82342136
vt 0.68168 0.825434
vt 0.677943 0.703636
vt 0.51237 0.689175
vt 0.479554 0.825434
vt 0.68168 0.825434
vt 0.479554 0.825434
vt 0.51237 0.689175
vt 0.677943 0.703636
vt 0.3454488 0.82342136
vt 0.2822827 0.82342136
vt 0.28228366 0.6544224
vt 0.40861392 0.6544224
vt 0.40861487 0.82342136
vt 0.68168 0.825434
vt 0.479554 0.825434
vt 0.51237 0.689175
vt 0.677943 0.703636
vt 0.68168 0.825434
vt 0.677943 0.703636
vt 0.51237 0.689175
vt 0.479554 0.825434
vt 0.883028 0.643458
vt 0.888028 0.824365
vt 0.894662 0.824365
vt 0.914314 0.824365
vt 0.920529 0.643431
vt 0.888885 0.524671
vt 0.920529 0.524715
vt 0.920529 0.749005
vt 0.920529 0.824365
vt 0.924396 0.087696
vt 0.924396 0.029531
vt 0.892753 0.02953
vt 0.892753 0.087696
vt 0.906061 0.491678
vt 0.911386 0.494738
vt 0.911977 0.479256
vt 0.909821 0.505491
vt 0.896798 0.500551
vt 0.899779 0.513294
vt 0.882788 0.506541
vt 0.882629 0.513294
vt 0.868152 0.513294
vt 0.799943 0.506541
vt 0.865117 0.516538
vt 0.862362 0.532155
vt 0.807289 0.592369
vt 0.799943 0.594728
vt 0.501908 0.945306
vt 0.501908 0.927449
vt 0.412981 0.927449
vt 0.412981 0.945521
vt 0.501908 0.954015
vt 0.412981 0.954015
vt 0.549597 0.181362
vt 0.620341 0.181362
vt 0.613432 0.175074
vt 0.620341 0.06604
vt 0.14819571 0.9930971
vt 0.15223673 0.9950381
vt 0.15888372 0.96757907
vt 0.15074673 0.96496207
vt 0.05860874 0.96496207
vt 0.058609813 0.9930971
vt 0.653727 0.209876
vt 0.634055 0.21424
vt 0.653727 0.214348
vt 0.634055 0.209829
vt 0.653727 0.120302
vt 0.634055 0.120304
vt 0.495007 0.287058
vt 0.46892 0.297802
vt 0.496929 0.291017
vt 0.466306 0.289665
vt 0.466306 0.197544
vt 0.495007 0.197544
vt 0.654998 0.225364
vt 0.663566 0.245028
vt 0.663545 0.225364
vt 0.655015 0.245028
vt 0.562876 0.225364
vt 0.562877 0.245028
vt 0.252169 0.053034
vt 0.252169 0.042046
vt 0.162269 0.042046
vt 0.188168 0.136034
vt 0.194827 0.164671
vt 0.188168 0.164671
vt 0.168498 0.136034
vt 0.162269 0.164465
vt 0.168498 0.164465
vt 0.479692 0.345131
vt 0.479692 0.301261
vt 0.360533 0.345131
vt 0.324448 0.301262
vt 0.324448 0.35351
vt 0.34308 0.360882
vt 0.667799 0.613336
vt 0.834234 0.671629
vt 0.834478 0.613336
vt 0.667884 0.678726
vt 0.768705 0.765537
vt 0.872944 0.686736
vt 0.872944 0.821658
vt 0.627089 0.215055
vt 0.627089 0.194246
vt 0.574912 0.194246
vt 0.574912 0.215055
vt 0.23836835 0.7820827
vt 0.27562934 0.7820827
vt 0.25845832 0.7612736
vt 0.23836835 0.7612736
vt 0.883028 0.643458
vt 0.894662 0.824365
vt 0.888028 0.824365
vt 0.914314 0.824365
vt 0.920529 0.643431
vt 0.888885 0.524671
vt 0.920529 0.524715
vt 0.920529 0.749005
vt 0.920529 0.824365
vt 0.924396 0.087696
vt 0.892753 0.087696
vt 0.892753 0.02953
vt 0.924396 0.029531
vt 0.906061 0.491678
vt 0.911977 0.479256
vt 0.911386 0.494738
vt 0.909821 0.505491
vt 0.896798 0.500551
vt 0.899779 0.513294
vt 0.882788 0.506541
vt 0.882629 0.513294
vt 0.868152 0.513294
vt 0.799943 0.506541
vt 0.865117 0.516538
vt 0.862362 0.532155
vt 0.807289 0.592369
vt 0.799943 0.594728
vt 0.501908 0.945306
vt 0.412981 0.927449
vt 0.501908 0.927449
vt 0.412981 0.945521
vt 0.501908 0.954015
vt 0.412981 0.954015
vt 0.549597 0.181362
vt 0.613432 0.175074
vt 0.620341 0.181362
vt 0.620341 0.06604
vt 0.14819571 0.9930971
vt 0.15888372 0.96757907
vt 0.15223673 0.9950381
vt 0.15074673 0.96496207
vt 0.05860874 0.96496207
vt 0.058609813 0.9930971
vt 0.653727 0.209876
vt 0.653727 0.214348
vt 0.634055 0.21424
vt 0.634055 0.209829
vt 0.653727 0.120302
vt 0.634055 0.120304
vt 0.495007 0.287058
vt 0.496929 0.291017
vt 0.46892 0.297802
vt 0.466306 0.289665
vt 0.466306 0.197544
vt 0.495007 0.197544
vt 0.654998 0.225364
vt 0.663545 0.225364
vt 0.663566 0.245028
vt 0.655015 0.245028
vt 0.562876 0.225364
vt 0.562877 0.245028
vt 0.252169 0.053034
vt 0.162269 0.042046
vt 0.252169 0.042046
vt 0.188168 0.136034
vt 0.194827 0.164671
vt 0.188168 0.164671
vt 0.168498 0.136034
vt 0.162269 0.164465
vt 0.168498 0.164465
vt 0.479692 0.345131
vt 0.360533 0.345131
vt 0.479692 0.301261
vt 0.324448 0.301262
vt 0.324448 0.35351
vt 0.34308 0.360882
vt 0.667799 0.613336
vt 0.834478 0.613336
vt 0.834234 0.671629
vt 0.667884 0.678726
vt 0.768705 0.765537
vt 0.872944 0.686736
vt 0.872944 0.821658
vt 0.627089 0.215055
vt 0.574912 0.215055
vt 0.574912 0.194246
vt 0.627089 0.194246
vt 0.23836835 0.7820827
vt 0.23836835 0.7612736
vt 0.25845832 0.7612736
vt 0.27562934 0.7820827
vt 0.883028 0.643458
vt 0.894662 0.824365
vt 0.888028 0.824365
vt 0.914314 0.824365
vt 0.920529 0.643431
vt 0.888885 0.524671
vt 0.920529 0.524715
vt 0.920529 0.749005
vt 0.920529 0.824365
vt 0.924396 0.087696
vt 0.892753 0.087696
vt 0.892753 0.02953
vt 0.924396 0.029531
vt 0.906061 0.491678
vt 0.911977 0.479256
vt 0.911386 0.494738
vt 0.909821 0.505491
vt 0.896798 0.500551
vt 0.899779 0.513294
vt 0.882788 0.506541
vt 0.882629 0.513294
vt 0.868152 0.513294
vt 0.799943 0.506541
vt 0.865117 0.516538
vt 0.862362 0.532155
vt 0.807289 0.592369
vt 0.799943 0.594728
vt 0.501908 0.945306
vt 0.412981 0.927449
vt 0.501908 0.927449
vt 0.412981 0.945521
vt 0.501908 0.954015
vt 0.412981 0.954015
vt 0.549597 0.181362
vt 0.613432 0.175074
vt 0.620341 0.181362
vt 0.620341 0.06604
vt 0.14819571 0.9930971
vt 0.15888372 0.96757907
vt 0.15223673 0.9950381
vt 0.15074673 0.96496207
vt 0.05860874 0.96496207
vt 0.058609813 0.9930971
vt 0.653727 0.209876
vt 0.653727 0.214348
vt 0.634055 0.21424
vt 0.634055 0.209829
vt 0.653727 0.120302
vt 0.634055 0.120304
vt 0.495007 0.287058
vt 0.496929 0.291017
vt 0.46892 0.297802
vt 0.466306 0.289665
vt 0.466306 0.197544
vt 0.495007 0.197544
vt 0.654998 0.225364
vt 0.663545 0.225364
vt 0.663566 0.245028
vt 0.655015 0.245028
vt 0.562876 0.225364
vt 0.562877 0.245028
vt 0.252169 0.053034
vt 0.162269 0.042046
vt 0.252169 0.042046
vt 0.188168 0.136034
vt 0.194827 0.164671
vt 0.188168 0.164671
vt 0.168498 0.136034
vt 0.162269 0.164465
vt 0.168498 0.164465
vt 0.479692 0.345131
vt 0.360533 0.345131
vt 0.479692 0.301261
vt 0.324448 0.301262
vt 0.324448 0.35351
vt 0.34308 0.360882
vt 0.667799 0.613336
vt 0.834478 0.613336
vt 0.834234 0.671629
vt 0.667884 0.678726
vt 0.768705 0.765537
vt 0.872944 0.686736
vt 0.872944 0.821658
vt 0.627089 0.215055
vt 0.574912 0.215055
vt 0.574912 0.194246
vt 0.627089 0.194246
vt 0.23836835 0.7820827
vt 0.23836835 0.7612736
vt 0.25845832 0.7612736
vt 0.27562934 0.7820827
vt 0.883028 0.643458
vt 0.888028 0.824365
vt 0.894662 0.824365
vt 0.914314 0.824365
vt 0.920529 0.643431
vt 0.888885 0.524671
vt 0.920529 0.524715
vt 0.920529 0.749005
vt 0.920529 0.824365
vt 0.924396 0.087696
vt 0.924396 0.029531
vt 0.892753 0.02953
vt 0.892753 0.087696
vt 0.906061 0.491678
vt 0.911386 0.494738
vt 0.911977 0.479256
vt 0.909821 0.505491
vt 0.896798 0.500551
vt 0.899779 0.513294
vt 0.882788 0.506541
vt 0.882629 0.513294
vt 0.868152 0.513294
vt 0.799943 0.506541
vt 0.865117 0.516538
vt 0.862362 0.532155
vt 0.807289 0.592369
vt 0.799943 0.594728
vt 0.501908 0.945306
vt 0.501908 0.927449
vt 0.412981 0.927449
vt 0.412981 0.945521
vt 0.501908 0.954015
vt 0.412981 0.954015
vt 0.549597 0.181362
vt 0.620341 0.181362
vt 0.613432 0.175074
vt 0.620341 0.06604
vt 0.14819571 0.9930971
vt 0.15223673 0.9950381
vt 0.15888372 0.96757907
vt 0.15074673 0.96496207
vt 0.05860874 0.96496207
vt 0.058609813 0.9930971
vt 0.653727 0.209876
vt 0.634055 0.21424
vt 0.653727 0.214348
vt 0.634055 0.209829
vt 0.653727 0.120302
vt 0.634055 0.120304
vt 0.495007 0.287058
vt 0.46892 0.297802
vt 0.496929 0.291017
vt 0.466306 0.289665
vt 0.466306 0.197544
vt 0.495007 0.197544
vt 0.654998 0.225364
vt 0.663566 0.245028
vt 0.663545 0.225364
vt 0.655015 0.245028
vt 0.562876 0.225364
vt 0.562877 0.245028
vt 0.252169 0.053034
vt 0.252169 0.042046
vt 0.162269 0.042046
vt 0.188168 0.136034
vt 0.194827 0.164671
vt 0.188168 0.164671
vt 0.168498 0.136034
vt 0.162269 0.164465
vt 0.168498 0.164465
vt 0.479692 0.345131
vt 0.479692 0.301261
vt 0.360533 0.345131
vt 0.324448 0.301262
vt 0.324448 0.35351
vt 0.34308 0.360882
vt 0.667799 0.613336
vt 0.834234 0.671629
vt 0.834478 0.613336
vt 0.667884 0.678726
vt 0.768705 0.765537
vt 0.872944 0.686736
vt 0.872944 0.821658
vt 0.627089 0.215055
vt 0.627089 0.194246
vt 0.574912 0.194246
vt 0.574912 0.215055
vt 0.23836835 0.7820827
vt 0.27562934 0.7820827
vt 0.25845832 0.7612736
vt 0.23836835 0.7612736
vt 0.550662 0.314153
vt 0.591565 0.37836
vt 0.591565 0.314153
vt 0.47015 0.37836
vt 0.444929 0.374178
vt 0.442666 0.381236
vt 0.457548 0.383416
vt 0.447323 0.391128
vt 0.441722 0.40442
vt 0.22548 0.211402
vt 0.246318 0.090186
vt 0.219265 0.209448
vt 0.311344 0.104675
vt 0.247869 0.082823
vt 0.315753 0.098911
vt 0.329286 0.117863
vt 0.322462 0.122302
vt 0.329286 0.252373
vt 0.229514 0.218513
vt 0.321962 0.252373
vt 0.228688 0.252373
vt 0.453622 0.414002
vt 0.442843 0.414199
vt 0.442843 0.447912
vt 0.453622 0.455004
vt 0.447353 0.454456
vt 0.587079 0.173902
vt 0.556351 0.145996
vt 0.561699 0.173602
vt 0.588537 0.009429
vt 0.535685 0.109445
vt 0.517279 0.088994
vt 0.489489 0.066431
vt 0.455111 0.009429
vt 0.455093 0.054456
vt 0.609304 0.049681
vt 0.606499 0.168216
vt 0.609959 0.009429
vt 0.67856 0.009429
vt 0.264201 0.056105
vt 0.300629 0.044008
vt 0.264201 0.044008
vt 0.300629 0.056105
vt 0.336682 0.044008
vt 0.336682 0.056105
vt 0.364469 0.044008
vt 0.364468 0.056104
vt 0.406631 0.044008
vt 0.40663 0.056104
vt 0.434758 0.056104
vt 0.434761 0.044008
vt 0.447668 0.044796
vt 0.447669 0.056104
vt 0.447668 0.037263
vt 0.434761 0.037263
vt 0.312915 0.25787
vt 0.284884 0.281749
vt 0.320533 0.281749
vt 0.283517 0.25787
vt 0.250514 0.281749
vt 0.251037 0.25787
vt 0.224517 0.281749
vt 0.222181 0.25787
vt 0.186409 0.25787
vt 0.184401 0.281749
vt 0.158031 0.281749
vt 0.150026 0.25787
vt 0.145801 0.281749
vt 0.23969412 0.8338764
vt 0.2713982 0.8338764
vt 0.2713982 0.78977233
vt 0.23969412 0.78977233
vt 0.357963 0.205714
vt 0.380705 0.205714
vt 0.380705 0.199163
vt 0.355334 0.199163
vt 0.166823 0.573418
vt 0.166823 0.596206
vt 0.17973 0.596206
vt 0.17973 0.573418
vt 0.433324 0.384484
vt 0.433324 0.353715
vt 0.392762 0.353715
vt 0.392762 0.384484
vt 0.519581 0.315851
vt 0.508647 0.317486
vt 0.51636 0.319442
vt 0.512797 0.308002
vt 0.500323 0.306673
vt 0.498794 0.317922
vt 0.485632 0.315743
vt 0.490583 0.320495
vt 0.566816 0.860387
vt 0.556407 0.860387
vt 0.556354 0.924588
vt 0.6376 0.920421
vt 0.639915 0.927458
vt 0.627817 0.972505
vt 0.639915 0.972533
vt 0.515176 0.968691
vt 0.515176 0.924588
vt 0.613556 0.990431
vt 0.301795 0.990431
vt 0.400175 0.968691
vt 0.287533 0.972505
vt 0.358997 0.924588
vt 0.400175 0.924588
vt 0.275435 0.927458
vt 0.275435 0.972533
vt 0.277751 0.920421
vt 0.348534 0.860387
vt 0.358944 0.860387
vt 0.164566 0.960801
vt 0.164566 0.9925
vt 0.205674 0.992526
vt 0.205674 0.871136
vt 0.152541 0.871062
vt 0.205674 0.857614
vt 0.049702 0.960801
vt 0.15554 0.857155
vt 0.205674 0.844913
vt 0.15554 0.844213
vt 0.205674 0.830583
vt 0.15554 0.829027
vt 0.164071 0.746566
vt 0.15554 0.746585
vt 0.18064 0.739565
vt 0.061683 0.871062
vt 0.123606 0.855314
vt 0.152653 0.855534
vt 0.152653 0.844676
vt 0.123606 0.844855
vt 0.152653 0.832003
vt 0.123606 0.832211
vt 0.152653 0.814798
vt 0.123606 0.814828
vt 0.152653 0.800265
vt 0.09062 0.814828
vt 0.09062 0.855314
vt 0.061571 0.800289
vt 0.152653 0.795681
vt 0.061571 0.814813
vt 0.061571 0.795714
vt 0.152653 0.779559
vt 0.061571 0.779559
vt 0.09062 0.832216
vt 0.061571 0.832012
vt 0.09062 0.844859
vt 0.061571 0.844682
vt 0.061571 0.855537
vt 0.058311 0.857296
vt 0.008563 0.857817
vt 0.008563 0.87125
vt 0.008563 0.845196
vt 0.008563 0.992591
vt 0.049702 0.992516
vt 0.058311 0.844451
vt 0.008563 0.83093
vt 0.058311 0.829342
vt 0.049773 0.746918
vt 0.058311 0.746929
vt 0.033203 0.739925
vt 0.262064 0.609127
vt 0.239256 0.609622
vt 0.236661 0.616686
vt 0.236578 0.628006
vt 0.262064 0.752994
vt 0.216417 0.642261
vt 0.231453 0.752932
vt 0.231453 0.843497
vt 0.216417 0.954166
vt 0.262064 0.843435
vt 0.236579 0.968423
vt 0.262064 0.9873
vt 0.236661 0.979743
vt 0.239256 0.986806
vt 0.430774 0.162143
vt 0.430774 0.277144
vt 0.462478 0.277143
vt 0.462478 0.162143
vt 0.143227 0.276977
vt 0.143227 0.161977
vt 0.099123 0.161977
vt 0.099123 0.276977
vt 0.010009 0.334239
vt 0.010009 0.3748
vt 0.100554 0.3748
vt 0.100554 0.334239
vt 0.652248 0.990543
vt 0.964008 0.990543
vt 0.964008 0.962479
vt 0.652248 0.962479
vt 0.964008 0.932271
vt 0.652248 0.932271
vt 0.964008 0.905657
vt 0.652248 0.905657
vt 0.964008 0.872545
vt 0.652248 0.872545
vt 0.964008 0.837144
vt 0.652248 0.837145
vt 0.237525 0.360982
vt 0.270314 0.360982
vt 0.270314 0.356157
vt 0.237525 0.356157
vt 0.894661 0.435513
vt 0.894611 0.468298
vt 0.902569 0.46831
vt 0.902619 0.435525
vt 0.912431 0.468325
vt 0.912481 0.43554
vt 0.921035 0.468338
vt 0.921085 0.435552
vt 0.031321 0.155873
vt 0.064107 0.155873
vt 0.064107 0.14901
vt 0.031321 0.14901
vt 0.550662 0.314153
vt 0.591565 0.314153
vt 0.591565 0.37836
vt 0.47015 0.37836
vt 0.444929 0.374178
vt 0.442666 0.381236
vt 0.457548 0.383416
vt 0.447323 0.391128
vt 0.441722 0.40442
vt 0.22548 0.211402
vt 0.219265 0.209448
vt 0.246318 0.090186
vt 0.311344 0.104675
vt 0.247869 0.082823
vt 0.315753 0.098911
vt 0.329286 0.117863
vt 0.322462 0.122302
vt 0.329286 0.252373
vt 0.229514 0.218513
vt 0.321962 0.252373
vt 0.228688 0.252373
vt 0.453622 0.414002
vt 0.442843 0.447912
vt 0.442843 0.414199
vt 0.453622 0.455004
vt 0.447353 0.454456
vt 0.587079 0.173902
vt 0.561699 0.173602
vt 0.556351 0.145996
vt 0.588537 0.009429
vt 0.535685 0.109445
vt 0.517279 0.088994
vt 0.489489 0.066431
vt 0.455111 0.009429
vt 0.455093 0.054456
vt 0.609304 0.049681
vt 0.606499 0.168216
vt 0.609959 0.009429
vt 0.67856 0.009429
vt 0.264201 0.056105
vt 0.264201 0.044008
vt 0.300629 0.044008
vt 0.300629 0.056105
vt 0.336682 0.044008
vt 0.336682 0.056105
vt 0.364469 0.044008
vt 0.364468 0.056104
vt 0.406631 0.044008
vt 0.40663 0.056104
vt 0.434758 0.056104
vt 0.434761 0.044008
vt 0.447668 0.044796
vt 0.447669 0.056104
vt 0.447668 0.037263
vt 0.434761 0.037263
vt 0.312915 0.25787
vt 0.320533 0.281749
vt 0.284884 0.281749
vt 0.283517 0.25787
vt 0.250514 0.281749
vt 0.251037 0.25787
vt 0.224517 0.281749
vt 0.222181 0.25787
vt 0.186409 0.25787
vt 0.184401 0.281749
vt 0.158031 0.281749
vt 0.150026 0.25787
vt 0.145801 0.281749
vt 0.23969412 0.8338764
vt 0.23969412 0.78977233
vt 0.2713982 0.78977233
vt 0.2713982 0.8338764
vt 0.357963 0.205714
vt 0.355334 0.199163
vt 0.380705 0.199163
vt 0.380705 0.205714
vt 0.166823 0.573418
vt 0.17973 0.573418
vt 0.17973 0.596206
vt 0.166823 0.596206
vt 0.433324 0.384484
vt 0.392762 0.353715
vt 0.433324 0.353715
vt 0.392762 0.384484
vt 0.519581 0.315851
vt 0.51636 0.319442
vt 0.508647 0.317486
vt 0.512797 0.308002
vt 0.500323 0.306673
vt 0.498794 0.317922
vt 0.485632 0.315743
vt 0.490583 0.320495
vt 0.550662 0.314153
vt 0.591565 0.314153
vt 0.591565 0.37836
vt 0.47015 0.37836
vt 0.444929 0.374178
vt 0.442666 0.381236
vt 0.457548 0.383416
vt 0.447323 0.391128
vt 0.441722 0.40442
vt 0.22548 0.211402
vt 0.219265 0.209448
vt 0.246318 0.090186
vt 0.311344 0.104675
vt 0.247869 0.082823
vt 0.315753 0.098911
vt 0.329286 0.117863
vt 0.322462 0.122302
vt 0.329286 0.252373
vt 0.229514 0.218513
vt 0.321962 0.252373
vt 0.228688 0.252373
vt 0.453622 0.414002
vt 0.442843 0.447912
vt 0.442843 0.414199
vt 0.453622 0.455004
vt 0.447353 0.454456
vt 0.587079 0.173902
vt 0.561699 0.173602
vt 0.556351 0.145996
vt 0.588537 0.009429
vt 0.535685 0.109445
vt 0.517279 0.088994
vt 0.489489 0.066431
vt 0.455111 0.009429
vt 0.455093 0.054456
vt 0.609304 0.049681
vt 0.606499 0.168216
vt 0.609959 0.009429
vt 0.67856 0.009429
vt 0.264201 0.056105
vt 0.264201 0.044008
vt 0.300629 0.044008
vt 0.300629 0.056105
vt 0.336682 0.044008
vt 0.336682 0.056105
vt 0.364469 0.044008
vt 0.364468 0.056104
vt 0.406631 0.044008
vt 0.40663 0.056104
vt 0.434758 0.056104
vt 0.434761 0.044008
vt 0.447668 0.044796
vt 0.447669 0.056104
vt 0.447668 0.037263
vt 0.434761 0.037263
vt 0.312915 0.25787
vt 0.320533 0.281749
vt 0.284884 0.281749
vt 0.283517 0.25787
vt 0.250514 0.281749
vt 0.251037 0.25787
vt 0.224517 0.281749
vt 0.222181 0.25787
vt 0.186409 0.25787
vt 0.184401 0.281749
vt 0.158031 0.281749
vt 0.150026 0.25787
vt 0.145801 0.281749
vt 0.23969412 0.8338764
vt 0.23969412 0.78977233
vt 0.2713982 0.78977233
vt 0.2713982 0.8338764
vt 0.357963 0.205714
vt 0.355334 0.199163
vt 0.380705 0.199163
vt 0.380705 0.205714
vt 0.166823 0.573418
vt 0.17973 0.573418
vt 0.17973 0.596206
vt 0.166823 0.596206
vt 0.433324 0.384484
vt 0.392762 0.353715
vt 0.433324 0.353715
vt 0.392762 0.384484
vt 0.519581 0.315851
vt 0.51636 0.319442
vt 0.508647 0.317486
vt 0.512797 0.308002
vt 0.500323 0.306673
vt 0.498794 0.317922
vt 0.485632 0.315743
vt 0.490583 0.320495
vt 0.566816 0.860387
vt 0.556354 0.924588
vt 0.556407 0.860387
vt 0.6376 0.920421
vt 0.639915 0.927458
vt 0.627817 0.972505
vt 0.639915 0.972533
vt 0.515176 0.968691
vt 0.515176 0.924588
vt 0.613556 0.990431
vt 0.301795 0.990431
vt 0.400175 0.968691
vt 0.287533 0.972505
vt 0.358997 0.924588
vt 0.400175 0.924588
vt 0.275435 0.927458
vt 0.275435 0.972533
vt 0.277751 0.920421
vt 0.348534 0.860387
vt 0.358944 0.860387
vt 0.164566 0.960801
vt 0.205674 0.992526
vt 0.164566 0.9925
vt 0.205674 0.871136
vt 0.152541 0.871062
vt 0.205674 0.857614
vt 0.049702 0.960801
vt 0.15554 0.857155
vt 0.205674 0.844913
vt 0.15554 0.844213
vt 0.205674 0.830583
vt 0.15554 0.829027
vt 0.164071 0.746566
vt 0.15554 0.746585
vt 0.18064 0.739565
vt 0.061683 0.871062
vt 0.123606 0.855314
vt 0.152653 0.855534
vt 0.152653 0.844676
vt 0.123606 0.844855
vt 0.152653 0.832003
vt 0.123606 0.832211
vt 0.152653 0.814798
vt 0.123606 0.814828
vt 0.152653 0.800265
vt 0.09062 0.814828
vt 0.09062 0.855314
vt 0.061571 0.800289
vt 0.152653 0.795681
vt 0.061571 0.814813
vt 0.061571 0.795714
vt 0.152653 0.779559
vt 0.061571 0.779559
vt 0.09062 0.832216
vt 0.061571 0.832012
vt 0.09062 0.844859
vt 0.061571 0.844682
vt 0.061571 0.855537
vt 0.008563 0.87125
vt 0.008563 0.857817
vt 0.058311 0.857296
vt 0.008563 0.992591
vt 0.049702 0.992516
vt 0.008563 0.845196
vt 0.058311 0.844451
vt 0.008563 0.83093
vt 0.058311 0.829342
vt 0.049773 0.746918
vt 0.058311 0.746929
vt 0.033203 0.739925
vt 0.262064 0.609127
vt 0.236661 0.616686
vt 0.239256 0.609622
vt 0.236578 0.628006
vt 0.262064 0.752994
vt 0.216417 0.642261
vt 0.231453 0.752932
vt 0.231453 0.843497
vt 0.216417 0.954166
vt 0.262064 0.843435
vt 0.236579 0.968423
vt 0.262064 0.9873
vt 0.236661 0.979743
vt 0.239256 0.986806
vt 0.430774 0.162143
vt 0.462478 0.162143
vt 0.462478 0.277143
vt 0.430774 0.277144
vt 0.143227 0.276977
vt 0.099123 0.276977
vt 0.099123 0.161977
vt 0.143227 0.161977
vt 0.010009 0.334239
vt 0.100554 0.334239
vt 0.100554 0.3748
vt 0.010009 0.3748
vt 0.652248 0.990543
vt 0.964008 0.962479
vt 0.964008 0.990543
vt 0.652248 0.962479
vt 0.964008 0.932271
vt 0.652248 0.932271
vt 0.964008 0.905657
vt 0.652248 0.905657
vt 0.964008 0.872545
vt 0.652248 0.872545
vt 0.964008 0.837144
vt 0.652248 0.837145
vt 0.237525 0.360982
vt 0.237525 0.356157
vt 0.270314 0.356157
vt 0.270314 0.360982
vt 0.894661 0.435513
vt 0.902569 0.46831
vt 0.894611 0.468298
vt 0.902619 0.435525
vt 0.912431 0.468325
vt 0.912481 0.43554
vt 0.921035 0.468338
vt 0.921085 0.435552
vt 0.031321 0.155873
vt 0.031321 0.14901
vt 0.064107 0.14901
vt 0.064107 0.155873
vt 0.550662 0.314153
vt 0.591565 0.37836
vt 0.591565 0.314153
vt 0.47015 0.37836
vt 0.444929 0.374178
vt 0.442666 0.381236
vt 0.457548 0.383416
vt 0.447323 0.391128
vt 0.441722 0.40442
vt 0.22548 0.211402
vt 0.246318 0.090186
vt 0.219265 0.209448
vt 0.311344 0.104675
vt 0.247869 0.082823
vt 0.315753 0.098911
vt 0.329286 0.117863
vt 0.322462 0.122302
vt 0.329286 0.252373
vt 0.229514 0.218513
vt 0.321962 0.252373
vt 0.228688 0.252373
vt 0.453622 0.414002
vt 0.442843 0.414199
vt 0.442843 0.447912
vt 0.453622 0.455004
vt 0.447353 0.454456
vt 0.587079 0.173902
vt 0.556351 0.145996
vt 0.561699 0.173602
vt 0.588537 0.009429
vt 0.535685 0.109445
vt 0.517279 0.088994
vt 0.489489 0.066431
vt 0.455111 0.009429
vt 0.455093 0.054456
vt 0.609304 0.049681
vt 0.606499 0.168216
vt 0.609959 0.009429
vt 0.67856 0.009429
vt 0.264201 0.056105
vt 0.300629 0.044008
vt 0.264201 0.044008
vt 0.300629 0.056105
vt 0.336682 0.044008
vt 0.336682 0.056105
vt 0.364469 0.044008
vt 0.364468 0.056104
vt 0.406631 0.044008
vt 0.40663 0.056104
vt 0.434758 0.056104
vt 0.434761 0.044008
vt 0.447668 0.044796
vt 0.447669 0.056104
vt 0.447668 0.037263
vt 0.434761 0.037263
vt 0.312915 0.25787
vt 0.284884 0.281749
vt 0.320533 0.281749
vt 0.283517 0.25787
vt 0.250514 0.281749
vt 0.251037 0.25787
vt 0.224517 0.281749
vt 0.222181 0.25787
vt 0.186409 0.25787
vt 0.184401 0.281749
vt 0.158031 0.281749
vt 0.150026 0.25787
vt 0.145801 0.281749
vt 0.23969412 0.8338764
vt 0.2713982 0.8338764
vt 0.2713982 0.78977233
vt 0.23969412 0.78977233
vt 0.357963 0.205714
vt 0.380705 0.205714
vt 0.380705 0.199163
vt 0.355334 0.199163
vt 0.166823 0.573418
vt 0.166823 0.596206
vt 0.17973 0.596206
vt 0.17973 0.573418
vt 0.433324 0.384484
vt 0.433324 0.353715
vt 0.392762 0.353715
vt 0.392762 0.384484
vt 0.519581 0.315851
vt 0.508647 0.317486
vt 0.51636 0.319442
vt 0.512797 0.308002
vt 0.500323 0.306673
vt 0.498794 0.317922
vt 0.485632 0.315743
vt 0.490583 0.320495
vt 0.629336 0.841377
vt 0.631161 0.837046
vt 0.63627 0.837027
vt 0.634376 0.846084
vt 0.628896 0.848876
vt 0.625396 0.84379
vt 0.567793 0.848876
vt 0.569864 0.84379
vt 0.563827 0.850399
vt 0.629336 0.841377
vt 0.63627 0.837027
vt 0.631161 0.837046
vt 0.634376 0.846084
vt 0.628896 0.848876
vt 0.625396 0.84379
vt 0.567793 0.848876
vt 0.569864 0.84379
vt 0.563827 0.850399
vt 0.629336 0.841377
vt 0.63627 0.837027
vt 0.631161 0.837046
vt 0.634376 0.846084
vt 0.628896 0.848876
vt 0.625396 0.84379
vt 0.567793 0.848876
vt 0.569864 0.84379
vt 0.563827 0.850399
vt 0.658798 0.31476
vt 0.604695 0.31476
vt 0.604695 0.37029
vt 0.658799 0.370256
vt 0.604695 0.374913
vt 0.658799 0.374862
vt 0.604695 0.379588
vt 0.658799 0.379588
vt 0.987566 0.166279
vt 0.987566 0.112175
vt 0.98246 0.112175
vt 0.98246 0.166279
vt 0.658798 0.31476
vt 0.604695 0.37029
vt 0.604695 0.31476
vt 0.658799 0.370256
vt 0.604695 0.374913
vt 0.658799 0.374862
vt 0.604695 0.379588
vt 0.658799 0.379588
vt 0.987566 0.166279
vt 0.98246 0.166279
vt 0.98246 0.112175
vt 0.987566 0.112175
vt 0.720672 0.500062
vt 0.735162 0.50858
vt 0.735162 0.500062
vt 0.720672 0.508547
vt 0.735162 0.515898
vt 0.720672 0.533315
vt 0.75853 0.515898
vt 0.773017 0.53332
vt 0.720672 0.538833
vt 0.773017 0.50855
vt 0.773017 0.538841
vt 0.75853 0.508584
vt 0.773017 0.500065
vt 0.75853 0.500065
vt 0.716837 0.540851
vt 0.776839 0.540868
vt 0.715311 0.604626
vt 0.708687 0.600972
vt 0.778303 0.604626
vt 0.708986 0.541703
vt 0.70511 0.591644
vt 0.70511 0.545348
vt 0.784919 0.600997
vt 0.784692 0.541726
vt 0.788536 0.591672
vt 0.788536 0.545377
vt 0.450598 0.148975
vt 0.450598 0.14162
vt 0.444585 0.143345
vt 0.444585 0.155
vt 0.170452 0.035097
vt 0.174504 0.027696
vt 0.170452 0.027696
vt 0.174504 0.035097
vt 0.182411 0.027696
vt 0.182411 0.035097
vt 0.187727 0.027696
vt 0.187726 0.035097
vt 0.234059 0.027696
vt 0.234059 0.035097
vt 0.244065 0.027696
vt 0.244066 0.035097
vt 0.251631 0.027696
vt 0.251701 0.035097
vt 0.314679 0.027696
vt 0.314607 0.035097
vt 0.322243 0.035097
vt 0.322245 0.027696
vt 0.33225 0.035097
vt 0.33225 0.027696
vt 0.378583 0.035097
vt 0.378583 0.027696
vt 0.383898 0.035097
vt 0.383899 0.027696
vt 0.391805 0.035097
vt 0.391806 0.027696
vt 0.395857 0.035097
vt 0.395857 0.027696
vt 0.064854 0.768243
vt 0.148361 0.768243
vt 0.148357 0.721908
vt 0.06485 0.721915
vt 0.144758 0.712573
vt 0.068447 0.712576
vt 0.138053 0.708927
vt 0.075152 0.708927
vt 0.912112 0.118693
vt 0.918209 0.118693
vt 0.918209 0.095558
vt 0.912112 0.095558
vt 0.458795 0.147094
vt 0.464893 0.153192
vt 0.464893 0.141543
vt 0.459065 0.139747
vt 0.089394 0.294752
vt 0.076488 0.311207
vt 0.089394 0.311242
vt 0.076488 0.294719
vt 0.089394 0.183224
vt 0.076488 0.183199
vt 0.089394 0.177261
vt 0.076488 0.177262
vt 0.076488 0.136594
vt 0.089394 0.131338
vt 0.022698 0.136594
vt 0.009789 0.131373
vt 0.089394 0.120391
vt 0.009789 0.120433
vt 0.009789 0.177286
vt 0.022698 0.177286
vt 0.022698 0.183224
vt 0.009789 0.183249
vt 0.022698 0.294745
vt 0.009789 0.294778
vt 0.022698 0.311233
vt 0.009789 0.311269
vt 0.089394 0.108142
vt 0.009789 0.10817
vt 0.009789 0.00892
vt 0.089394 0.008905
vt 0.417585 0.829955
vt 0.471373 0.829955
vt 0.471373 0.716766
vt 0.417585 0.716766
vt 0.406895 0.18842
vt 0.469715 0.096272
vt 0.469716 0.079776
vt 0.331095 0.079776
vt 0.401716 0.191414
vt 0.355797 0.192066
vt 0.345328 0.18887
vt 0.338447 0.178728
vt 0.50553 0.678811
vt 0.618613 0.683488
vt 0.528949 0.645558
vt 0.534293 0.642914
vt 0.645816 0.642914
vt 0.631202 0.692105
vt 0.659449 0.652128
vt 0.406895 0.18842
vt 0.469716 0.079776
vt 0.469715 0.096272
vt 0.331095 0.079776
vt 0.401716 0.191414
vt 0.355797 0.192066
vt 0.345328 0.18887
vt 0.338447 0.178728
vt 0.50553 0.678811
vt 0.528949 0.645558
vt 0.618613 0.683488
vt 0.534293 0.642914
vt 0.645816 0.642914
vt 0.631202 0.692105
vt 0.659449 0.652128
vt 0.720672 0.500062
vt 0.735162 0.500062
vt 0.735162 0.50858
vt 0.720672 0.508547
vt 0.735162 0.515898
vt 0.720672 0.533315
vt 0.75853 0.515898
vt 0.773017 0.53332
vt 0.720672 0.538833
vt 0.773017 0.50855
vt 0.773017 0.538841
vt 0.75853 0.508584
vt 0.773017 0.500065
vt 0.75853 0.500065
vt 0.716837 0.540851
vt 0.776839 0.540868
vt 0.715311 0.604626
vt 0.708687 0.600972
vt 0.778303 0.604626
vt 0.708986 0.541703
vt 0.70511 0.591644
vt 0.70511 0.545348
vt 0.784919 0.600997
vt 0.784692 0.541726
vt 0.788536 0.591672
vt 0.788536 0.545377
vt 0.450598 0.148975
vt 0.444585 0.155
vt 0.444585 0.143345
vt 0.450598 0.14162
vt 0.170452 0.035097
vt 0.170452 0.027696
vt 0.174504 0.027696
vt 0.174504 0.035097
vt 0.182411 0.027696
vt 0.182411 0.035097
vt 0.187727 0.027696
vt 0.187726 0.035097
vt 0.234059 0.027696
vt 0.234059 0.035097
vt 0.244065 0.027696
vt 0.244066 0.035097
vt 0.251631 0.027696
vt 0.251701 0.035097
vt 0.314679 0.027696
vt 0.314607 0.035097
vt 0.322243 0.035097
vt 0.322245 0.027696
vt 0.33225 0.035097
vt 0.33225 0.027696
vt 0.378583 0.035097
vt 0.378583 0.027696
vt 0.383898 0.035097
vt 0.383899 0.027696
vt 0.391805 0.035097
vt 0.391806 0.027696
vt 0.395857 0.035097
vt 0.395857 0.027696
vt 0.064854 0.768243
vt 0.148357 0.721908
vt 0.148361 0.768243
vt 0.06485 0.721915
vt 0.144758 0.712573
vt 0.068447 0.712576
vt 0.138053 0.708927
vt 0.075152 0.708927
vt 0.912112 0.118693
vt 0.912112 0.095558
vt 0.918209 0.095558
vt 0.918209 0.118693
vt 0.458795 0.147094
vt 0.459065 0.139747
vt 0.464893 0.141543
vt 0.464893 0.153192
vt 0.089394 0.294752
vt 0.089394 0.311242
vt 0.076488 0.311207
vt 0.076488 0.294719
vt 0.089394 0.183224
vt 0.076488 0.183199
vt 0.089394 0.177261
vt 0.076488 0.177262
vt 0.076488 0.136594
vt 0.089394 0.131338
vt 0.022698 0.136594
vt 0.009789 0.131373
vt 0.089394 0.120391
vt 0.009789 0.120433
vt 0.009789 0.177286
vt 0.022698 0.177286
vt 0.022698 0.183224
vt 0.009789 0.183249
vt 0.022698 0.294745
vt 0.009789 0.294778
vt 0.022698 0.311233
vt 0.009789 0.311269
vt 0.089394 0.108142
vt 0.009789 0.10817
vt 0.009789 0.00892
vt 0.089394 0.008905
vt 0.417585 0.829955
vt 0.417585 0.716766
vt 0.471373 0.716766
vt 0.471373 0.829955
vt 0.406895 0.18842
vt 0.469716 0.079776
vt 0.469715 0.096272
vt 0.331095 0.079776
vt 0.401716 0.191414
vt 0.355797 0.192066
vt 0.345328 0.18887
vt 0.338447 0.178728
vt 0.50553 0.678811
vt 0.528949 0.645558
vt 0.618613 0.683488
vt 0.534293 0.642914
vt 0.645816 0.642914
vt 0.631202 0.692105
vt 0.659449 0.652128
vt 0.406895 0.18842
vt 0.469715 0.096272
vt 0.469716 0.079776
vt 0.331095 0.079776
vt 0.401716 0.191414
vt 0.355797 0.192066
vt 0.345328 0.18887
vt 0.338447 0.178728
vt 0.50553 0.678811
vt 0.618613 0.683488
vt 0.528949 0.645558
vt 0.534293 0.642914
vt 0.645816 0.642914
vt 0.631202 0.692105
vt 0.659449 0.652128
vt 0.720672 0.500062
vt 0.735162 0.500062
vt 0.735162 0.50858
vt 0.720672 0.508547
vt 0.735162 0.515898
vt 0.720672 0.533315
vt 0.75853 0.515898
vt 0.773017 0.53332
vt 0.720672 0.538833
vt 0.773017 0.50855
vt 0.773017 0.538841
vt 0.75853 0.508584
vt 0.773017 0.500065
vt 0.75853 0.500065
vt 0.716837 0.540851
vt 0.776839 0.540868
vt 0.715311 0.604626
vt 0.708687 0.600972
vt 0.778303 0.604626
vt 0.708986 0.541703
vt 0.70511 0.591644
vt 0.70511 0.545348
vt 0.784919 0.600997
vt 0.784692 0.541726
vt 0.788536 0.591672
vt 0.788536 0.545377
vt 0.450598 0.148975
vt 0.444585 0.155
vt 0.444585 0.143345
vt 0.450598 0.14162
vt 0.170452 0.035097
vt 0.170452 0.027696
vt 0.174504 0.027696
vt 0.174504 0.035097
vt 0.182411 0.027696
vt 0.182411 0.035097
vt 0.187727 0.027696
vt 0.187726 0.035097
vt 0.234059 0.027696
vt 0.234059 0.035097
vt 0.244065 0.027696
vt 0.244066 0.035097
vt 0.251631 0.027696
vt 0.251701 0.035097
vt 0.314679 0.027696
vt 0.314607 0.035097
vt 0.322243 0.035097
vt 0.322245 0.027696
vt 0.33225 0.035097
vt 0.33225 0.027696
vt 0.378583 0.035097
vt 0.378583 0.027696
vt 0.383898 0.035097
vt 0.383899 0.027696
vt 0.391805 0.035097
vt 0.391806 0.027696
vt 0.395857 0.035097
vt 0.395857 0.027696
vt 0.064854 0.768243
vt 0.148357 0.721908
vt 0.148361 0.768243
vt 0.06485 0.721915
vt 0.144758 0.712573
vt 0.068447 0.712576
vt 0.138053 0.708927
vt 0.075152 0.708927
vt 0.912112 0.118693
vt 0.912112 0.095558
vt 0.918209 0.095558
vt 0.918209 0.118693
vt 0.458795 0.147094
vt 0.459065 0.139747
vt 0.464893 0.141543
vt 0.464893 0.153192
vt 0.089394 0.294752
vt 0.089394 0.311242
vt 0.076488 0.311207
vt 0.076488 0.294719
vt 0.089394 0.183224
vt 0.076488 0.183199
vt 0.089394 0.177261
vt 0.076488 0.177262
vt 0.076488 0.136594
vt 0.089394 0.131338
vt 0.022698 0.136594
vt 0.009789 0.131373
vt 0.089394 0.120391
vt 0.009789 0.120433
vt 0.009789 0.177286
vt 0.022698 0.177286
vt 0.022698 0.183224
vt 0.009789 0.183249
vt 0.022698 0.294745
vt 0.009789 0.294778
vt 0.022698 0.311233
vt 0.009789 0.311269
vt 0.089394 0.108142
vt 0.009789 0.10817
vt 0.009789 0.00892
vt 0.089394 0.008905
vt 0.417585 0.829955
vt 0.417585 0.716766
vt 0.471373 0.716766
vt 0.471373 0.829955
vt 0.406895 0.18842
vt 0.469716 0.079776
vt 0.469715 0.096272
vt 0.331095 0.079776
vt 0.401716 0.191414
vt 0.355797 0.192066
vt 0.345328 0.18887
vt 0.338447 0.178728
vt 0.50553 0.678811
vt 0.528949 0.645558
vt 0.618613 0.683488
vt 0.534293 0.642914
vt 0.645816 0.642914
vt 0.631202 0.692105
vt 0.659449 0.652128
vt 0.406895 0.18842
vt 0.469715 0.096272
vt 0.469716 0.079776
vt 0.331095 0.079776
vt 0.401716 0.191414
vt 0.355797 0.192066
vt 0.345328 0.18887
vt 0.338447 0.178728
vt 0.50553 0.678811
vt 0.618613 0.683488
vt 0.528949 0.645558
vt 0.534293 0.642914
vt 0.645816 0.642914
vt 0.631202 0.692105
vt 0.659449 0.652128
vt 0.720672 0.500062
vt 0.735162 0.50858
vt 0.735162 0.500062
vt 0.720672 0.508547
vt 0.735162 0.515898
vt 0.720672 0.533315
vt 0.75853 0.515898
vt 0.773017 0.53332
vt 0.720672 0.538833
vt 0.773017 0.50855
vt 0.773017 0.538841
vt 0.75853 0.508584
vt 0.773017 0.500065
vt 0.75853 0.500065
vt 0.716837 0.540851
vt 0.776839 0.540868
vt 0.715311 0.604626
vt 0.708687 0.600972
vt 0.778303 0.604626
vt 0.708986 0.541703
vt 0.70511 0.591644
vt 0.70511 0.545348
vt 0.784919 0.600997
vt 0.784692 0.541726
vt 0.788536 0.591672
vt 0.788536 0.545377
vt 0.450598 0.148975
vt 0.450598 0.14162
vt 0.444585 0.143345
vt 0.444585 0.155
vt 0.170452 0.035097
vt 0.174504 0.027696
vt 0.170452 0.027696
vt 0.174504 0.035097
vt 0.182411 0.027696
vt 0.182411 0.035097
vt 0.187727 0.027696
vt 0.187726 0.035097
vt 0.234059 0.027696
vt 0.234059 0.035097
vt 0.244065 0.027696
vt 0.244066 0.035097
vt 0.251631 0.027696
vt 0.251701 0.035097
vt 0.314679 0.027696
vt 0.314607 0.035097
vt 0.322243 0.035097
vt 0.322245 0.027696
vt 0.33225 0.035097
vt 0.33225 0.027696
vt 0.378583 0.035097
vt 0.378583 0.027696
vt 0.383898 0.035097
vt 0.383899 0.027696
vt 0.391805 0.035097
vt 0.391806 0.027696
vt 0.395857 0.035097
vt 0.395857 0.027696
vt 0.064854 0.768243
vt 0.148361 0.768243
vt 0.148357 0.721908
vt 0.06485 0.721915
vt 0.144758 0.712573
vt 0.068447 0.712576
vt 0.138053 0.708927
vt 0.075152 0.708927
vt 0.912112 0.118693
vt 0.918209 0.118693
vt 0.918209 0.095558
vt 0.912112 0.095558
vt 0.458795 0.147094
vt 0.464893 0.153192
vt 0.464893 0.141543
vt 0.459065 0.139747
vt 0.089394 0.294752
vt 0.076488 0.311207
vt 0.089394 0.311242
vt 0.076488 0.294719
vt 0.089394 0.183224
vt 0.076488 0.183199
vt 0.089394 0.177261
vt 0.076488 0.177262
vt 0.076488 0.136594
vt 0.089394 0.131338
vt 0.022698 0.136594
vt 0.009789 0.131373
vt 0.089394 0.120391
vt 0.009789 0.120433
vt 0.009789 0.177286
vt 0.022698 0.177286
vt 0.022698 0.183224
vt 0.009789 0.183249
vt 0.022698 0.294745
vt 0.009789 0.294778
vt 0.022698 0.311233
vt 0.009789 0.311269
vt 0.089394 0.108142
vt 0.009789 0.10817
vt 0.009789 0.00892
vt 0.089394 0.008905
vt 0.417585 0.829955
vt 0.471373 0.829955
vt 0.471373 0.716766
vt 0.417585 0.716766
vt 0.406895 0.18842
vt 0.469715 0.096272
vt 0.469716 0.079776
vt 0.331095 0.079776
vt 0.401716 0.191414
vt 0.355797 0.192066
vt 0.345328 0.18887
vt 0.338447 0.178728
vt 0.50553 0.678811
vt 0.618613 0.683488
vt 0.528949 0.645558
vt 0.534293 0.642914
vt 0.645816 0.642914
vt 0.631202 0.692105
vt 0.659449 0.652128
vt 0.406895 0.18842
vt 0.469716 0.079776
vt 0.469715 0.096272
vt 0.331095 0.079776
vt 0.401716 0.191414
vt 0.355797 0.192066
vt 0.345328 0.18887
vt 0.338447 0.178728
vt 0.50553 0.678811
vt 0.528949 0.645558
vt 0.618613 0.683488
vt 0.534293 0.642914
vt 0.645816 0.642914
vt 0.631202 0.692105
vt 0.659449 0.652128
vt 0.238151 0.310752
vt 0.238151 0.30291367
vt 0.25135466 0.3030142
vt 0.251275 0.319663
vt 0.241416 0.319663
vt 0.238151 0.328575
vt 0.26455945 0.3030142
vt 0.25135386 0.33631295
vt 0.238151 0.3364137
vt 0.264535 0.319663
vt 0.26455864 0.33631295
vt 0.277788 0.319663
vt 0.27777222 0.33631295
vt 0.27777222 0.3030142
vt 0.2909841 0.33631295
vt 0.291048 0.319663
vt 0.2909841 0.3030142
vt 0.304198 0.328532
vt 0.30419174 0.33638763
vt 0.317423 0.33635852
vt 0.317423 0.328484
vt 0.300906 0.319663
vt 0.304198 0.310796
vt 0.30419242 0.30294034
vt 0.317424 0.3029695
vt 0.317424 0.310844
vt 0.4911913 0.86934525
vt 0.36763534 0.8607836
vt 0.4933063 0.8607836
vt 0.3676363 0.8697268
vt 0.36763534 0.88079554
vt 0.49118832 0.88134366
vt 0.36763534 0.88978636
vt 0.49329832 0.88986045
vt 0.49118832 0.89837456
vt 0.36763534 0.898779
vt 0.36763534 0.9098413
vt 0.4911863 0.91037935
vt 0.36763534 0.91886413
vt 0.4932923 0.91886413
vt 0.491003 0.17068
vt 0.474859 0.179471
vt 0.479015 0.17068
vt 0.49516 0.179471
vt 0.491003 0.188262
vt 0.479015 0.188262
vt 0.843762 0.640166
vt 0.871884 0.578854
vt 0.843762 0.578854
vt 0.871884 0.653082
vt 0.845591 0.647887
vt 0.850877 0.653061
vt 0.063954 0.166143
vt 0.047105 0.312429
vt 0.063954 0.312429
vt 0.047105 0.166143
vt 0.031952 0.312429
vt 0.031952 0.166143
vt 0.034093 0.641398
vt 0.180318 0.634746
vt 0.034092 0.634746
vt 0.01686 0.701078
vt 0.010799 0.66021
vt 0.170034 0.672951
vt 0.180318 0.672947
vt 0.170034 0.701078
vt 0.012054 0.699565
vt 0.009105 0.695859
vt 0.009105 0.663563
vt 0.023304 0.71341
vt 0.039385 0.716292
vt 0.039472 0.709624
vt 0.024709 0.71717
vt 0.008196 0.714968
vt 0.008196 0.749889
vt 0.024705 0.749889
vt 0.040558 0.416529
vt 0.040558 0.386604
vt 0.026384 0.387266
vt 0.026384 0.416528
vt 0.026384 0.420419
vt 0.040558 0.420421
vt 0.026384 0.452997
vt 0.040558 0.452893
vt 0.026384 0.457887
vt 0.040558 0.457944
vt 0.026384 0.463212
vt 0.040558 0.46335
vt 0.025915 0.475967
vt 0.040558 0.616507
vt 0.009372 0.476109
vt 0.009372 0.627026
vt 0.009372 0.467045
vt 0.025224 0.466965
vt 0.009372 0.453141
vt 0.025185 0.452946
vt 0.101567 0.627026
vt 0.101588 0.616809
vt 0.109397 0.616813
vt 0.109388 0.627026
vt 0.116686 0.616812
vt 0.11668 0.627026
vt 0.137582 0.627026
vt 0.137582 0.61681
vt 0.211618 0.627026
vt 0.211618 0.61681
vt 0.560896 0.217691
vt 0.562046 0.202608
vt 0.501606 0.217691
vt 0.529729 0.186504
vt 0.567919 0.186504
vt 0.501606 0.125188
vt 0.529729 0.112288
vt 0.503429 0.117454
vt 0.508722 0.112282
vt 0.466891 0.127517
vt 0.479347 0.127517
vt 0.474554 0.12261
vt 0.481642 0.110449
vt 0.484157 0.126006
vt 0.487112 0.122433
vt 0.487112 0.090002
vt 0.485418 0.086652
vt 0.30531743 0.8880995
vt 0.32308838 0.8648025
vt 0.29035842 0.8648025
vt 0.28151843 0.88428545
vt 0.474468 0.161018
vt 0.490982 0.161018
vt 0.490982 0.139735
vt 0.474468 0.139735
vt 0.843762 0.640166
vt 0.843762 0.578854
vt 0.871884 0.578854
vt 0.871884 0.653082
vt 0.845591 0.647887
vt 0.850877 0.653061
vt 0.063954 0.166143
vt 0.063954 0.312429
vt 0.047105 0.312429
vt 0.047105 0.166143
vt 0.031952 0.312429
vt 0.031952 0.166143
vt 0.034093 0.641398
vt 0.034092 0.634746
vt 0.180318 0.634746
vt 0.01686 0.701078
vt 0.010799 0.66021
vt 0.170034 0.672951
vt 0.180318 0.672947
vt 0.170034 0.701078
vt 0.012054 0.699565
vt 0.009105 0.695859
vt 0.009105 0.663563
vt 0.023304 0.71341
vt 0.039472 0.709624
vt 0.039385 0.716292
vt 0.024709 0.71717
vt 0.008196 0.714968
vt 0.008196 0.749889
vt 0.024705 0.749889
vt 0.040558 0.416529
vt 0.026384 0.387266
vt 0.040558 0.386604
vt 0.026384 0.416528
vt 0.026384 0.420419
vt 0.040558 0.420421
vt 0.026384 0.452997
vt 0.040558 0.452893
vt 0.026384 0.457887
vt 0.040558 0.457944
vt 0.026384 0.463212
vt 0.040558 0.46335
vt 0.025915 0.475967
vt 0.040558 0.616507
vt 0.009372 0.476109
vt 0.009372 0.627026
vt 0.009372 0.467045
vt 0.025224 0.466965
vt 0.009372 0.453141
vt 0.025185 0.452946
vt 0.101567 0.627026
vt 0.101588 0.616809
vt 0.109397 0.616813
vt 0.109388 0.627026
vt 0.116686 0.616812
vt 0.11668 0.627026
vt 0.137582 0.627026
vt 0.137582 0.61681
vt 0.211618 0.627026
vt 0.211618 0.61681
vt 0.560896 0.217691
vt 0.501606 0.217691
vt 0.562046 0.202608
vt 0.529729 0.186504
vt 0.567919 0.186504
vt 0.501606 0.125188
vt 0.529729 0.112288
vt 0.503429 0.117454
vt 0.508722 0.112282
vt 0.466891 0.127517
vt 0.474554 0.12261
vt 0.479347 0.127517
vt 0.481642 0.110449
vt 0.484157 0.126006
vt 0.487112 0.122433
vt 0.487112 0.090002
vt 0.485418 0.086652
vt 0.30531743 0.8880995
vt 0.28151843 0.88428545
vt 0.29035842 0.8648025
vt 0.32308838 0.8648025
vt 0.474468 0.161018
vt 0.474468 0.139735
vt 0.490982 0.139735
vt 0.490982 0.161018
vt 0.843762 0.640166
vt 0.843762 0.578854
vt 0.871884 0.578854
vt 0.871884 0.653082
vt 0.845591 0.647887
vt 0.850877 0.653061
vt 0.063954 0.166143
vt 0.063954 0.312429
vt 0.047105 0.312429
vt 0.047105 0.166143
vt 0.031952 0.312429
vt 0.031952 0.166143
vt 0.034093 0.641398
vt 0.034092 0.634746
vt 0.180318 0.634746
vt 0.01686 0.701078
vt 0.010799 0.66021
vt 0.170034 0.672951
vt 0.180318 0.672947
vt 0.170034 0.701078
vt 0.012054 0.699565
vt 0.009105 0.695859
vt 0.009105 0.663563
vt 0.023304 0.71341
vt 0.039472 0.709624
vt 0.039385 0.716292
vt 0.024709 0.71717
vt 0.008196 0.714968
vt 0.008196 0.749889
vt 0.024705 0.749889
vt 0.040558 0.416529
vt 0.026384 0.387266
vt 0.040558 0.386604
vt 0.026384 0.416528
vt 0.026384 0.420419
vt 0.040558 0.420421
vt 0.026384 0.452997
vt 0.040558 0.452893
vt 0.026384 0.457887
vt 0.040558 0.457944
vt 0.026384 0.463212
vt 0.040558 0.46335
vt 0.025915 0.475967
vt 0.040558 0.616507
vt 0.009372 0.476109
vt 0.009372 0.627026
vt 0.009372 0.467045
vt 0.025224 0.466965
vt 0.009372 0.453141
vt 0.025185 0.452946
vt 0.101567 0.627026
vt 0.101588 0.616809
vt 0.109397 0.616813
vt 0.109388 0.627026
vt 0.116686 0.616812
vt 0.11668 0.627026
vt 0.137582 0.627026
vt 0.137582 0.61681
vt 0.211618 0.627026
vt 0.211618 0.61681
vt 0.560896 0.217691
vt 0.501606 0.217691
vt 0.562046 0.202608
vt 0.529729 0.186504
vt 0.567919 0.186504
vt 0.501606 0.125188
vt 0.529729 0.112288
vt 0.503429 0.117454
vt 0.508722 0.112282
vt 0.466891 0.127517
vt 0.474554 0.12261
vt 0.479347 0.127517
vt 0.481642 0.110449
vt 0.484157 0.126006
vt 0.487112 0.122433
vt 0.487112 0.090002
vt 0.485418 0.086652
vt 0.30531743 0.8880995
vt 0.28151843 0.88428545
vt 0.29035842 0.8648025
vt 0.32308838 0.8648025
vt 0.474468 0.161018
vt 0.474468 0.139735
vt 0.490982 0.139735
vt 0.490982 0.161018
vt 0.843762 0.640166
vt 0.871884 0.578854
vt 0.843762 0.578854
vt 0.871884 0.653082
vt 0.845591 0.647887
vt 0.850877 0.653061
vt 0.063954 0.166143
vt 0.047105 0.312429
vt 0.063954 0.312429
vt 0.047105 0.166143
vt 0.031952 0.312429
vt 0.031952 0.166143
vt 0.034093 0.641398
vt 0.180318 0.634746
vt 0.034092 0.634746
vt 0.01686 0.701078
vt 0.010799 0.66021
vt 0.170034 0.672951
vt 0.180318 0.672947
vt 0.170034 0.701078
vt 0.012054 0.699565
vt 0.009105 0.695859
vt 0.009105 0.663563
vt 0.023304 0.71341
vt 0.039385 0.716292
vt 0.039472 0.709624
vt 0.024709 0.71717
vt 0.008196 0.714968
vt 0.008196 0.749889
vt 0.024705 0.749889
vt 0.040558 0.416529
vt 0.040558 0.386604
vt 0.026384 0.387266
vt 0.026384 0.416528
vt 0.026384 0.420419
vt 0.040558 0.420421
vt 0.026384 0.452997
vt 0.040558 0.452893
vt 0.026384 0.457887
vt 0.040558 0.457944
vt 0.026384 0.463212
vt 0.040558 0.46335
vt 0.025915 0.475967
vt 0.040558 0.616507
vt 0.009372 0.476109
vt 0.009372 0.627026
vt 0.009372 0.467045
vt 0.025224 0.466965
vt 0.009372 0.453141
vt 0.025185 0.452946
vt 0.101567 0.627026
vt 0.101588 0.616809
vt 0.109397 0.616813
vt 0.109388 0.627026
vt 0.116686 0.616812
vt 0.11668 0.627026
vt 0.137582 0.627026
vt 0.137582 0.61681
vt 0.211618 0.627026
vt 0.211618 0.61681
vt 0.560896 0.217691
vt 0.562046 0.202608
vt 0.501606 0.217691
vt 0.529729 0.186504
vt 0.567919 0.186504
vt 0.501606 0.125188
vt 0.529729 0.112288
vt 0.503429 0.117454
vt 0.508722 0.112282
vt 0.466891 0.127517
vt 0.479347 0.127517
vt 0.474554 0.12261
vt 0.481642 0.110449
vt 0.484157 0.126006
vt 0.487112 0.122433
vt 0.487112 0.090002
vt 0.485418 0.086652
vt 0.30531743 0.8880995
vt 0.32308838 0.8648025
vt 0.29035842 0.8648025
vt 0.28151843 0.88428545
vt 0.474468 0.161018
vt 0.490982 0.161018
vt 0.490982 0.139735
vt 0.474468 0.139735
vt 0.843762 0.640166
vt 0.843762 0.578854
vt 0.871884 0.578854
vt 0.871884 0.653082
vt 0.845591 0.647887
vt 0.850877 0.653061
vt 0.063954 0.166143
vt 0.063954 0.312429
vt 0.047105 0.312429
vt 0.047105 0.166143
vt 0.031952 0.312429
vt 0.031952 0.166143
vt 0.034093 0.641398
vt 0.034092 0.634746
vt 0.180318 0.634746
vt 0.01686 0.701078
vt 0.010799 0.66021
vt 0.170034 0.672951
vt 0.180318 0.672947
vt 0.170034 0.701078
vt 0.012054 0.699565
vt 0.009105 0.695859
vt 0.009105 0.663563
vt 0.023304 0.71341
vt 0.039472 0.709624
vt 0.039385 0.716292
vt 0.024709 0.71717
vt 0.008196 0.714968
vt 0.008196 0.749889
vt 0.024705 0.749889
vt 0.040558 0.416529
vt 0.026384 0.387266
vt 0.040558 0.386604
vt 0.026384 0.416528
vt 0.026384 0.420419
vt 0.040558 0.420421
vt 0.026384 0.452997
vt 0.040558 0.452893
vt 0.026384 0.457887
vt 0.040558 0.457944
vt 0.026384 0.463212
vt 0.040558 0.46335
vt 0.025915 0.475967
vt 0.040558 0.616507
vt 0.009372 0.476109
vt 0.009372 0.627026
vt 0.009372 0.467045
vt 0.025224 0.466965
vt 0.009372 0.453141
vt 0.025185 0.452946
vt 0.101567 0.627026
vt 0.101588 0.616809
vt 0.109397 0.616813
vt 0.109388 0.627026
vt 0.116686 0.616812
vt 0.11668 0.627026
vt 0.137582 0.627026
vt 0.137582 0.61681
vt 0.211618 0.627026
vt 0.211618 0.61681
vt 0.560896 0.217691
vt 0.501606 0.217691
vt 0.562046 0.202608
vt 0.529729 0.186504
vt 0.567919 0.186504
vt 0.501606 0.125188
vt 0.529729 0.112288
vt 0.503429 0.117454
vt 0.508722 0.112282
vt 0.466891 0.127517
vt 0.474554 0.12261
vt 0.479347 0.127517
vt 0.481642 0.110449
vt 0.484157 0.126006
vt 0.487112 0.122433
vt 0.487112 0.090002
vt 0.485418 0.086652
vt 0.30531743 0.8880995
vt 0.28151843 0.88428545
vt 0.29035842 0.8648025
vt 0.32308838 0.8648025
vt 0.474468 0.161018
vt 0.474468 0.139735
vt 0.490982 0.139735
vt 0.490982 0.161018
vt 0.843762 0.640166
vt 0.871884 0.578854
vt 0.843762 0.578854
vt 0.871884 0.653082
vt 0.845591 0.647887
vt 0.850877 0.653061
vt 0.063954 0.166143
vt 0.047105 0.312429
vt 0.063954 0.312429
vt 0.047105 0.166143
vt 0.031952 0.312429
vt 0.031952 0.166143
vt 0.034093 0.641398
vt 0.180318 0.634746
vt 0.034092 0.634746
vt 0.01686 0.701078
vt 0.010799 0.66021
vt 0.170034 0.672951
vt 0.180318 0.672947
vt 0.170034 0.701078
vt 0.012054 0.699565
vt 0.009105 0.695859
vt 0.009105 0.663563
vt 0.023304 0.71341
vt 0.039385 0.716292
vt 0.039472 0.709624
vt 0.024709 0.71717
vt 0.008196 0.714968
vt 0.008196 0.749889
vt 0.024705 0.749889
vt 0.040558 0.416529
vt 0.040558 0.386604
vt 0.026384 0.387266
vt 0.026384 0.416528
vt 0.026384 0.420419
vt 0.040558 0.420421
vt 0.026384 0.452997
vt 0.040558 0.452893
vt 0.026384 0.457887
vt 0.040558 0.457944
vt 0.026384 0.463212
vt 0.040558 0.46335
vt 0.025915 0.475967
vt 0.040558 0.616507
vt 0.009372 0.476109
vt 0.009372 0.627026
vt 0.009372 0.467045
vt 0.025224 0.466965
vt 0.009372 0.453141
vt 0.025185 0.452946
vt 0.101567 0.627026
vt 0.101588 0.616809
vt 0.109397 0.616813
vt 0.109388 0.627026
vt 0.116686 0.616812
vt 0.11668 0.627026
vt 0.137582 0.627026
vt 0.137582 0.61681
vt 0.211618 0.627026
vt 0.211618 0.61681
vt 0.560896 0.217691
vt 0.562046 0.202608
vt 0.501606 0.217691
vt 0.529729 0.186504
vt 0.567919 0.186504
vt 0.501606 0.125188
vt 0.529729 0.112288
vt 0.503429 0.117454
vt 0.508722 0.112282
vt 0.466891 0.127517
vt 0.479347 0.127517
vt 0.474554 0.12261
vt 0.481642 0.110449
vt 0.484157 0.126006
vt 0.487112 0.122433
vt 0.487112 0.090002
vt 0.485418 0.086652
vt 0.30531743 0.8880995
vt 0.32308838 0.8648025
vt 0.29035842 0.8648025
vt 0.28151843 0.88428545
vt 0.474468 0.161018
vt 0.490982 0.161018
vt 0.490982 0.139735
vt 0.474468 0.139735
vt 0.843762 0.640166
vt 0.871884 0.578854
vt 0.843762 0.578854
vt 0.871884 0.653082
vt 0.845591 0.647887
vt 0.850877 0.653061
vt 0.063954 0.166143
vt 0.047105 0.312429
vt 0.063954 0.312429
vt 0.047105 0.166143
vt 0.031952 0.312429
vt 0.031952 0.166143
vt 0.034093 0.641398
vt 0.180318 0.634746
vt 0.034092 0.634746
vt 0.01686 0.701078
vt 0.010799 0.66021
vt 0.170034 0.672951
vt 0.180318 0.672947
vt 0.170034 0.701078
vt 0.012054 0.699565
vt 0.009105 0.695859
vt 0.009105 0.663563
vt 0.023304 0.71341
vt 0.039385 0.716292
vt 0.039472 0.709624
vt 0.024709 0.71717
vt 0.008196 0.714968
vt 0.008196 0.749889
vt 0.024705 0.749889
vt 0.040558 0.416529
vt 0.040558 0.386604
vt 0.026384 0.387266
vt 0.026384 0.416528
vt 0.026384 0.420419
vt 0.040558 0.420421
vt 0.026384 0.452997
vt 0.040558 0.452893
vt 0.026384 0.457887
vt 0.040558 0.457944
vt 0.026384 0.463212
vt 0.040558 0.46335
vt 0.025915 0.475967
vt 0.040558 0.616507
vt 0.009372 0.476109
vt 0.009372 0.627026
vt 0.009372 0.467045
vt 0.025224 0.466965
vt 0.009372 0.453141
vt 0.025185 0.452946
vt 0.101567 0.627026
vt 0.101588 0.616809
vt 0.109397 0.616813
vt 0.109388 0.627026
vt 0.116686 0.616812
vt 0.11668 0.627026
vt 0.137582 0.627026
vt 0.137582 0.61681
vt 0.211618 0.627026
vt 0.211618 0.61681
vt 0.560896 0.217691
vt 0.562046 0.202608
vt 0.501606 0.217691
vt 0.529729 0.186504
vt 0.567919 0.186504
vt 0.501606 0.125188
vt 0.529729 0.112288
vt 0.503429 0.117454
vt 0.508722 0.112282
vt 0.466891 0.127517
vt 0.479347 0.127517
vt 0.474554 0.12261
vt 0.481642 0.110449
vt 0.484157 0.126006
vt 0.487112 0.122433
vt 0.487112 0.090002
vt 0.485418 0.086652
vt 0.30531743 0.8880995
vt 0.32308838 0.8648025
vt 0.29035842 0.8648025
vt 0.28151843 0.88428545
vt 0.474468 0.161018
vt 0.490982 0.161018
vt 0.490982 0.139735
vt 0.474468 0.139735
vt 0.843762 0.640166
vt 0.843762 0.578854
vt 0.871884 0.578854
vt 0.871884 0.653082
vt 0.845591 0.647887
vt 0.850877 0.653061
vt 0.063954 0.166143
vt 0.063954 0.312429
vt 0.047105 0.312429
vt 0.047105 0.166143
vt 0.031952 0.312429
vt 0.031952 0.166143
vt 0.034093 0.641398
vt 0.034092 0.634746
vt 0.180318 0.634746
vt 0.01686 0.701078
vt 0.010799 0.66021
vt 0.170034 0.672951
vt 0.180318 0.672947
vt 0.170034 0.701078
vt 0.012054 0.699565
vt 0.009105 0.695859
vt 0.009105 0.663563
vt 0.023304 0.71341
vt 0.039472 0.709624
vt 0.039385 0.716292
vt 0.024709 0.71717
vt 0.008196 0.714968
vt 0.008196 0.749889
vt 0.024705 0.749889
vt 0.040558 0.416529
vt 0.026384 0.387266
vt 0.040558 0.386604
vt 0.026384 0.416528
vt 0.026384 0.420419
vt 0.040558 0.420421
vt 0.026384 0.452997
vt 0.040558 0.452893
vt 0.026384 0.457887
vt 0.040558 0.457944
vt 0.026384 0.463212
vt 0.040558 0.46335
vt 0.025915 0.475967
vt 0.040558 0.616507
vt 0.009372 0.476109
vt 0.009372 0.627026
vt 0.009372 0.467045
vt 0.025224 0.466965
vt 0.009372 0.453141
vt 0.025185 0.452946
vt 0.101567 0.627026
vt 0.101588 0.616809
vt 0.109397 0.616813
vt 0.109388 0.627026
vt 0.116686 0.616812
vt 0.11668 0.627026
vt 0.137582 0.627026
vt 0.137582 0.61681
vt 0.211618 0.627026
vt 0.211618 0.61681
vt 0.560896 0.217691
vt 0.501606 0.217691
vt 0.562046 0.202608
vt 0.529729 0.186504
vt 0.567919 0.186504
vt 0.501606 0.125188
vt 0.529729 0.112288
vt 0.503429 0.117454
vt 0.508722 0.112282
vt 0.466891 0.127517
vt 0.474554 0.12261
vt 0.479347 0.127517
vt 0.481642 0.110449
vt 0.484157 0.126006
vt 0.487112 0.122433
vt 0.487112 0.090002
vt 0.485418 0.086652
vt 0.30531743 0.8880995
vt 0.28151843 0.88428545
vt 0.29035842 0.8648025
vt 0.32308838 0.8648025
vt 0.474468 0.161018
vt 0.474468 0.139735
vt 0.490982 0.139735
vt 0.490982 0.161018
vt 0.238151 0.310752
vt 0.25135466 0.3030142
vt 0.238151 0.30291367
vt 0.251275 0.319663
vt 0.241416 0.319663
vt 0.238151 0.328575
vt 0.26455945 0.3030142
vt 0.25135386 0.33631295
vt 0.238151 0.3364137
vt 0.264535 0.319663
vt 0.26455864 0.33631295
vt 0.277788 0.319663
vt 0.27777222 0.33631295
vt 0.27777222 0.3030142
vt 0.2909841 0.33631295
vt 0.291048 0.319663
vt 0.2909841 0.3030142
vt 0.304198 0.328532
vt 0.30419174 0.33638763
vt 0.317423 0.33635852
vt 0.317423 0.328484
vt 0.300906 0.319663
vt 0.304198 0.310796
vt 0.30419242 0.30294034
vt 0.317424 0.3029695
vt 0.317424 0.310844
vt 0.4911913 0.86934525
vt 0.4933063 0.8607836
vt 0.36763534 0.8607836
vt 0.3676363 0.8697268
vt 0.36763534 0.88079554
vt 0.49118832 0.88134366
vt 0.36763534 0.88978636
vt 0.49329832 0.88986045
vt 0.49118832 0.89837456
vt 0.36763534 0.898779
vt 0.36763534 0.9098413
vt 0.4911863 0.91037935
vt 0.36763534 0.91886413
vt 0.4932923 0.91886413
vt 0.491003 0.17068
vt 0.479015 0.17068
vt 0.474859 0.179471
vt 0.49516 0.179471
vt 0.491003 0.188262
vt 0.479015 0.188262
vt 0.911418 0.337569
vt 0.856353 0.492696
vt 0.923228 0.340531
vt 0.735171 0.492696
vt 0.680108 0.337569
vt 0.668296 0.340531
vt 0.919054 0.319057
vt 0.67247 0.319057
vt 0.919054 0.30949
vt 0.67247 0.30949
vt 0.67247 0.208363
vt 0.919054 0.208363
vt 0.67247 0.198797
vt 0.919054 0.198797
vt 0.680108 0.180284
vt 0.911418 0.180284
vt 0.856353 0.025158
vt 0.923228 0.177322
vt 0.735171 0.025158
vt 0.668296 0.177322
vt 0.107594 0.37835
vt 0.167373 0.37835
vt 0.167373 0.368134
vt 0.107594 0.368134
vt 0.167373 0.361343
vt 0.107594 0.361343
vt 0.167373 0.293869
vt 0.107594 0.293869
vt 0.167373 0.289164
vt 0.107594 0.289164
vt 0.049353 0.51529
vt 0.149397 0.506525
vt 0.049353 0.506525
vt 0.149397 0.515267
vt 0.069494 0.587733
vt 0.049353 0.60547
vt 0.129273 0.587717
vt 0.069488 0.597595
vt 0.149397 0.60547
vt 0.129268 0.597581
vt 0.346004 0.21676
vt 0.335788 0.21676
vt 0.335788 0.276539
vt 0.346004 0.276539
vt 0.352797 0.21676
vt 0.352797 0.276539
vt 0.42027 0.21676
vt 0.42027 0.276539
vt 0.424974 0.21676
vt 0.424974 0.276539
vt 0.148852 0.499111
vt 0.048855 0.490271
vt 0.048855 0.499111
vt 0.148852 0.49036
vt 0.068964 0.417878
vt 0.048855 0.400126
vt 0.128716 0.417932
vt 0.068971 0.408021
vt 0.148852 0.400126
vt 0.128721 0.408073
vt 0.3454488 0.82342136
vt 0.40861487 0.82342136
vt 0.40861392 0.6544224
vt 0.28228366 0.6544224
vt 0.2822827 0.82342136
vt 0.68168 0.825434
vt 0.677943 0.703636
vt 0.51237 0.689175
vt 0.479554 0.825434
vt 0.68168 0.825434
vt 0.479554 0.825434
vt 0.51237 0.689175
vt 0.677943 0.703636
vt 0.3454488 0.82342136
vt 0.2822827 0.82342136
vt 0.28228366 0.6544224
vt 0.40861392 0.6544224
vt 0.40861487 0.82342136
vt 0.68168 0.825434
vt 0.479554 0.825434
vt 0.51237 0.689175
vt 0.677943 0.703636
vt 0.68168 0.825434
vt 0.677943 0.703636
vt 0.51237 0.689175
vt 0.479554 0.825434
vt 0.883028 0.643458
vt 0.888028 0.824365
vt 0.894662 0.824365
vt 0.914314 0.824365
vt 0.920529 0.643431
vt 0.888885 0.524671
vt 0.920529 0.524715
vt 0.920529 0.749005
vt 0.920529 0.824365
vt 0.924396 0.087696
vt 0.924396 0.029531
vt 0.892753 0.02953
vt 0.892753 0.087696
vt 0.906061 0.491678
vt 0.911386 0.494738
vt 0.911977 0.479256
vt 0.909821 0.505491
vt 0.896798 0.500551
vt 0.899779 0.513294
vt 0.882788 0.506541
vt 0.882629 0.513294
vt 0.868152 0.513294
vt 0.799943 0.506541
vt 0.865117 0.516538
vt 0.862362 0.532155
vt 0.807289 0.592369
vt 0.799943 0.594728
vt 0.501908 0.945306
vt 0.501908 0.927449
vt 0.412981 0.927449
vt 0.412981 0.945521
vt 0.501908 0.954015
vt 0.412981 0.954015
vt 0.549597 0.181362
vt 0.620341 0.181362
vt 0.613432 0.175074
vt 0.620341 0.06604
vt 0.14819571 0.9930971
vt 0.15223673 0.9950381
vt 0.15888372 0.96757907
vt 0.15074673 0.96496207
vt 0.05860874 0.96496207
vt 0.058609813 0.9930971
vt 0.653727 0.209876
vt 0.634055 0.21424
vt 0.653727 0.214348
vt 0.634055 0.209829
vt 0.653727 0.120302
vt 0.634055 0.120304
vt 0.495007 0.287058
vt 0.46892 0.297802
vt 0.496929 0.291017
vt 0.466306 0.289665
vt 0.466306 0.197544
vt 0.495007 0.197544
vt 0.654998 0.225364
vt 0.663566 0.245028
vt 0.663545 0.225364
vt 0.655015 0.245028
vt 0.562876 0.225364
vt 0.562877 0.245028
vt 0.252169 0.053034
vt 0.252169 0.042046
vt 0.162269 0.042046
vt 0.188168 0.136034
vt 0.194827 0.164671
vt 0.188168 0.164671
vt 0.168498 0.136034
vt 0.162269 0.164465
vt 0.168498 0.164465
vt 0.479692 0.345131
vt 0.479692 0.301261
vt 0.360533 0.345131
vt 0.324448 0.301262
vt 0.324448 0.35351
vt 0.34308 0.360882
vt 0.667799 0.613336
vt 0.834234 0.671629
vt 0.834478 0.613336
vt 0.667884 0.678726
vt 0.768705 0.765537
vt 0.872944 0.686736
vt 0.872944 0.821658
vt 0.627089 0.215055
vt 0.627089 0.194246
vt 0.574912 0.194246
vt 0.574912 0.215055
vt 0.23836835 0.7820827
vt 0.27562934 0.7820827
vt 0.25845832 0.7612736
vt 0.23836835 0.7612736
vt 0.883028 0.643458
vt 0.894662 0.824365
vt 0.888028 0.824365
vt 0.914314 0.824365
vt 0.920529 0.643431
vt 0.888885 0.524671
vt 0.920529 0.524715
vt 0.920529 0.749005
vt 0.920529 0.824365
vt 0.924396 0.087696
vt 0.892753 0.087696
vt 0.892753 0.02953
vt 0.924396 0.029531
vt 0.906061 0.491678
vt 0.911977 0.479256
vt 0.911386 0.494738
vt 0.909821 0.505491
vt 0.896798 0.500551
vt 0.899779 0.513294
vt 0.882788 0.506541
vt 0.882629 0.513294
vt 0.868152 0.513294
vt 0.799943 0.506541
vt 0.865117 0.516538
vt 0.862362 0.532155
vt 0.807289 0.592369
vt 0.799943 0.594728
vt 0.501908 0.945306
vt 0.412981 0.927449
vt 0.501908 0.927449
vt 0.412981 0.945521
vt 0.501908 0.954015
vt 0.412981 0.954015
vt 0.549597 0.181362
vt 0.613432 0.175074
vt 0.620341 0.181362
vt 0.620341 0.06604
vt 0.14819571 0.9930971
vt 0.15888372 0.96757907
vt 0.15223673 0.9950381
vt 0.15074673 0.96496207
vt 0.05860874 0.96496207
vt 0.058609813 0.9930971
vt 0.653727 0.209876
vt 0.653727 0.214348
vt 0.634055 0.21424
vt 0.634055 0.209829
vt 0.653727 0.120302
vt 0.634055 0.120304
vt 0.495007 0.287058
vt 0.496929 0.291017
vt 0.46892 0.297802
vt 0.466306 0.289665
vt 0.466306 0.197544
vt 0.495007 0.197544
vt 0.654998 0.225364
vt 0.663545 0.225364
vt 0.663566 0.245028
vt 0.655015 0.245028
vt 0.562876 0.225364
vt 0.562877 0.245028
vt 0.252169 0.053034
vt 0.162269 0.042046
vt 0.252169 0.042046
vt 0.188168 0.136034
vt 0.194827 0.164671
vt 0.188168 0.164671
vt 0.168498 0.136034
vt 0.162269 0.164465
vt 0.168498 0.164465
vt 0.479692 0.345131
vt 0.360533 0.345131
vt 0.479692 0.301261
vt 0.324448 0.301262
vt 0.324448 0.35351
vt 0.34308 0.360882
vt 0.667799 0.613336
vt 0.834478 0.613336
vt 0.834234 0.671629
vt 0.667884 0.678726
vt 0.768705 0.765537
vt 0.872944 0.686736
vt 0.872944 0.821658
vt 0.627089 0.215055
vt 0.574912 0.215055
vt 0.574912 0.194246
vt 0.627089 0.194246
vt 0.23836835 0.7820827
vt 0.23836835 0.7612736
vt 0.25845832 0.7612736
vt 0.27562934 0.7820827
vt 0.883028 0.643458
vt 0.894662 0.824365
vt 0.888028 0.824365
vt 0.914314 0.824365
vt 0.920529 0.643431
vt 0.888885 0.524671
vt 0.920529 0.524715
vt 0.920529 0.749005
vt 0.920529 0.824365
vt 0.924396 0.087696
vt 0.892753 0.087696
vt 0.892753 0.02953
vt 0.924396 0.029531
vt 0.906061 0.491678
vt 0.911977 0.479256
vt 0.911386 0.494738
vt 0.909821 0.505491
vt 0.896798 0.500551
vt 0.899779 0.513294
vt 0.882788 0.506541
vt 0.882629 0.513294
vt 0.868152 0.513294
vt 0.799943 0.506541
vt 0.865117 0.516538
vt 0.862362 0.532155
vt 0.807289 0.592369
vt 0.799943 0.594728
vt 0.501908 0.945306
vt 0.412981 0.927449
vt 0.501908 0.927449
vt 0.412981 0.945521
vt 0.501908 0.954015
vt 0.412981 0.954015
vt 0.549597 0.181362
vt 0.613432 0.175074
vt 0.620341 0.181362
vt 0.620341 0.06604
vt 0.14819571 0.9930971
vt 0.15888372 0.96757907
vt 0.15223673 0.9950381
vt 0.15074673 0.96496207
vt 0.05860874 0.96496207
vt 0.058609813 0.9930971
vt 0.653727 0.209876
vt 0.653727 0.214348
vt 0.634055 0.21424
vt 0.634055 0.209829
vt 0.653727 0.120302
vt 0.634055 0.120304
vt 0.495007 0.287058
vt 0.496929 0.291017
vt 0.46892 0.297802
vt 0.466306 0.289665
vt 0.466306 0.197544
vt 0.495007 0.197544
vt 0.654998 0.225364
vt 0.663545 0.225364
vt 0.663566 0.245028
vt 0.655015 0.245028
vt 0.562876 0.225364
vt 0.562877 0.245028
vt 0.252169 0.053034
vt 0.162269 0.042046
vt 0.252169 0.042046
vt 0.188168 0.136034
vt 0.194827 0.164671
vt 0.188168 0.164671
vt 0.168498 0.136034
vt 0.162269 0.164465
vt 0.168498 0.164465
vt 0.479692 0.345131
vt 0.360533 0.345131
vt 0.479692 0.301261
vt 0.324448 0.301262
vt 0.324448 0.35351
vt 0.34308 0.360882
vt 0.667799 0.613336
vt 0.834478 0.613336
vt 0.834234 0.671629
vt 0.667884 0.678726
vt 0.768705 0.765537
vt 0.872944 0.686736
vt 0.872944 0.821658
vt 0.627089 0.215055
vt 0.574912 0.215055
vt 0.574912 0.194246
vt 0.627089 0.194246
vt 0.23836835 0.7820827
vt 0.23836835 0.7612736
vt 0.25845832 0.7612736
vt 0.27562934 0.7820827
vt 0.883028 0.643458
vt 0.888028 0.824365
vt 0.894662 0.824365
vt 0.914314 0.824365
vt 0.920529 0.643431
vt 0.888885 0.524671
vt 0.920529 0.524715
vt 0.920529 0.749005
vt 0.920529 0.824365
vt 0.924396 0.087696
vt 0.924396 0.029531
vt 0.892753 0.02953
vt 0.892753 0.087696
vt 0.906061 0.491678
vt 0.911386 0.494738
vt 0.911977 0.479256
vt 0.909821 0.505491
vt 0.896798 0.500551
vt 0.899779 0.513294
vt 0.882788 0.506541
vt 0.882629 0.513294
vt 0.868152 0.513294
vt 0.799943 0.506541
vt 0.865117 0.516538
vt 0.862362 0.532155
vt 0.807289 0.592369
vt 0.799943 0.594728
vt 0.501908 0.945306
vt 0.501908 0.927449
vt 0.412981 0.927449
vt 0.412981 0.945521
vt 0.501908 0.954015
vt 0.412981 0.954015
vt 0.549597 0.181362
vt 0.620341 0.181362
vt 0.613432 0.175074
vt 0.620341 0.06604
vt 0.14819571 0.9930971
vt 0.15223673 0.9950381
vt 0.15888372 0.96757907
vt 0.15074673 0.96496207
vt 0.05860874 0.96496207
vt 0.058609813 0.9930971
vt 0.653727 0.209876
vt 0.634055 0.21424
vt 0.653727 0.214348
vt 0.634055 0.209829
vt 0.653727 0.120302
vt 0.634055 0.120304
vt 0.495007 0.287058
vt 0.46892 0.297802
vt 0.496929 0.291017
vt 0.466306 0.289665
vt 0.466306 0.197544
vt 0.495007 0.197544
vt 0.654998 0.225364
vt 0.663566 0.245028
vt 0.663545 0.225364
vt 0.655015 0.245028
vt 0.562876 0.225364
vt 0.562877 0.245028
vt 0.252169 0.053034
vt 0.252169 0.042046
vt 0.162269 0.042046
vt 0.188168 0.136034
vt 0.194827 0.164671
vt 0.188168 0.164671
vt 0.168498 0.136034
vt 0.162269 0.164465
vt 0.168498 0.164465
vt 0.479692 0.345131
vt 0.479692 0.301261
vt 0.360533 0.345131
vt 0.324448 0.301262
vt 0.324448 0.35351
vt 0.34308 0.360882
vt 0.667799 0.613336
vt 0.834234 0.671629
vt 0.834478 0.613336
vt 0.667884 0.678726
vt 0.768705 0.765537
vt 0.872944 0.686736
vt 0.872944 0.821658
vt 0.627089 0.215055
vt 0.627089 0.194246
vt 0.574912 0.194246
vt 0.574912 0.215055
vt 0.23836835 0.7820827
vt 0.27562934 0.7820827
vt 0.25845832 0.7612736
vt 0.23836835 0.7612736
vt 0.550662 0.314153
vt 0.591565 0.37836
vt 0.591565 0.314153
vt 0.47015 0.37836
vt 0.444929 0.374178
vt 0.442666 0.381236
vt 0.457548 0.383416
vt 0.447323 0.391128
vt 0.441722 0.40442
vt 0.22548 0.211402
vt 0.246318 0.090186
vt 0.219265 0.209448
vt 0.311344 0.104675
vt 0.247869 0.082823
vt 0.315753 0.098911
vt 0.329286 0.117863
vt 0.322462 0.122302
vt 0.329286 0.252373
vt 0.229514 0.218513
vt 0.321962 0.252373
vt 0.228688 0.252373
vt 0.453622 0.414002
vt 0.442843 0.414199
vt 0.442843 0.447912
vt 0.453622 0.455004
vt 0.447353 0.454456
vt 0.587079 0.173902
vt 0.556351 0.145996
vt 0.561699 0.173602
vt 0.588537 0.009429
vt 0.535685 0.109445
vt 0.517279 0.088994
vt 0.489489 0.066431
vt 0.455111 0.009429
vt 0.455093 0.054456
vt 0.609304 0.049681
vt 0.606499 0.168216
vt 0.609959 0.009429
vt 0.67856 0.009429
vt 0.264201 0.056105
vt 0.300629 0.044008
vt 0.264201 0.044008
vt 0.300629 0.056105
vt 0.336682 0.044008
vt 0.336682 0.056105
vt 0.364469 0.044008
vt 0.364468 0.056104
vt 0.406631 0.044008
vt 0.40663 0.056104
vt 0.434758 0.056104
vt 0.434761 0.044008
vt 0.447668 0.044796
vt 0.447669 0.056104
vt 0.447668 0.037263
vt 0.434761 0.037263
vt 0.312915 0.25787
vt 0.284884 0.281749
vt 0.320533 0.281749
vt 0.283517 0.25787
vt 0.250514 0.281749
vt 0.251037 0.25787
vt 0.224517 0.281749
vt 0.222181 0.25787
vt 0.186409 0.25787
vt 0.184401 0.281749
vt 0.158031 0.281749
vt 0.150026 0.25787
vt 0.145801 0.281749
vt 0.23969412 0.8338764
vt 0.2713982 0.8338764
vt 0.2713982 0.78977233
vt 0.23969412 0.78977233
vt 0.357963 0.205714
vt 0.380705 0.205714
vt 0.380705 0.199163
vt 0.355334 0.199163
vt 0.166823 0.573418
vt 0.166823 0.596206
vt 0.17973 0.596206
vt 0.17973 0.573418
vt 0.433324 0.384484
vt 0.433324 0.353715
vt 0.392762 0.353715
vt 0.392762 0.384484
vt 0.519581 0.315851
vt 0.508647 0.317486
vt 0.51636 0.319442
vt 0.512797 0.308002
vt 0.500323 0.306673
vt 0.498794 0.317922
vt 0.485632 0.315743
vt 0.490583 0.320495
vt 0.566816 0.860387
vt 0.556407 0.860387
vt 0.556354 0.924588
vt 0.6376 0.920421
vt 0.639915 0.927458
vt 0.627817 0.972505
vt 0.639915 0.972533
vt 0.515176 0.968691
vt 0.515176 0.924588
vt 0.613556 0.990431
vt 0.301795 0.990431
vt 0.400175 0.968691
vt 0.287533 0.972505
vt 0.358997 0.924588
vt 0.400175 0.924588
vt 0.275435 0.927458
vt 0.275435 0.972533
vt 0.277751 0.920421
vt 0.348534 0.860387
vt 0.358944 0.860387
vt 0.164566 0.960801
vt 0.164566 0.9925
vt 0.205674 0.992526
vt 0.205674 0.871136
vt 0.152541 0.871062
vt 0.205674 0.857614
vt 0.049702 0.960801
vt 0.15554 0.857155
vt 0.205674 0.844913
vt 0.15554 0.844213
vt 0.205674 0.830583
vt 0.15554 0.829027
vt 0.164071 0.746566
vt 0.15554 0.746585
vt 0.18064 0.739565
vt 0.061683 0.871062
vt 0.123606 0.855314
vt 0.152653 0.855534
vt 0.152653 0.844676
vt 0.123606 0.844855
vt 0.152653 0.832003
vt 0.123606 0.832211
vt 0.152653 0.814798
vt 0.123606 0.814828
vt 0.152653 0.800265
vt 0.09062 0.814828
vt 0.09062 0.855314
vt 0.061571 0.800289
vt 0.152653 0.795681
vt 0.061571 0.814813
vt 0.061571 0.795714
vt 0.152653 0.779559
vt 0.061571 0.779559
vt 0.09062 0.832216
vt 0.061571 0.832012
vt 0.09062 0.844859
vt 0.061571 0.844682
vt 0.061571 0.855537
vt 0.058311 0.857296
vt 0.008563 0.857817
vt 0.008563 0.87125
vt 0.008563 0.845196
vt 0.008563 0.992591
vt 0.049702 0.992516
vt 0.058311 0.844451
vt 0.008563 0.83093
vt 0.058311 0.829342
vt 0.049773 0.746918
vt 0.058311 0.746929
vt 0.033203 0.739925
vt 0.262064 0.609127
vt 0.239256 0.609622
vt 0.236661 0.616686
vt 0.236578 0.628006
vt 0.262064 0.752994
vt 0.216417 0.642261
vt 0.231453 0.752932
vt 0.231453 0.843497
vt 0.216417 0.954166
vt 0.262064 0.843435
vt 0.236579 0.968423
vt 0.262064 0.9873
vt 0.236661 0.979743
vt 0.239256 0.986806
vt 0.430774 0.162143
vt 0.430774 0.277144
vt 0.462478 0.277143
vt 0.462478 0.162143
vt 0.143227 0.276977
vt 0.143227 0.161977
vt 0.099123 0.161977
vt 0.099123 0.276977
vt 0.010009 0.334239
vt 0.010009 0.3748
vt 0.100554 0.3748
vt 0.100554 0.334239
vt 0.652248 0.990543
vt 0.964008 0.990543
vt 0.964008 0.962479
vt 0.652248 0.962479
vt 0.964008 0.932271
vt 0.652248 0.932271
vt 0.964008 0.905657
vt 0.652248 0.905657
vt 0.964008 0.872545
vt 0.652248 0.872545
vt 0.964008 0.837144
vt 0.652248 0.837145
vt 0.237525 0.360982
vt 0.270314 0.360982
vt 0.270314 0.356157
vt 0.237525 0.356157
vt 0.894661 0.435513
vt 0.894611 0.468298
vt 0.902569 0.46831
vt 0.902619 0.435525
vt 0.912431 0.468325
vt 0.912481 0.43554
vt 0.921035 0.468338
vt 0.921085 0.435552
vt 0.031321 0.155873
vt 0.064107 0.155873
vt 0.064107 0.14901
vt 0.031321 0.14901
vt 0.550662 0.314153
vt 0.591565 0.314153
vt 0.591565 0.37836
vt 0.47015 0.37836
vt 0.444929 0.374178
vt 0.442666 0.381236
vt 0.457548 0.383416
vt 0.447323 0.391128
vt 0.441722 0.40442
vt 0.22548 0.211402
vt 0.219265 0.209448
vt 0.246318 0.090186
vt 0.311344 0.104675
vt 0.247869 0.082823
vt 0.315753 0.098911
vt 0.329286 0.117863
vt 0.322462 0.122302
vt 0.329286 0.252373
vt 0.229514 0.218513
vt 0.321962 0.252373
vt 0.228688 0.252373
vt 0.453622 0.414002
vt 0.442843 0.447912
vt 0.442843 0.414199
vt 0.453622 0.455004
vt 0.447353 0.454456
vt 0.587079 0.173902
vt 0.561699 0.173602
vt 0.556351 0.145996
vt 0.588537 0.009429
vt 0.535685 0.109445
vt 0.517279 0.088994
vt 0.489489 0.066431
vt 0.455111 0.009429
vt 0.455093 0.054456
vt 0.609304 0.049681
vt 0.606499 0.168216
vt 0.609959 0.009429
vt 0.67856 0.009429
vt 0.264201 0.056105
vt 0.264201 0.044008
vt 0.300629 0.044008
vt 0.300629 0.056105
vt 0.336682 0.044008
vt 0.336682 0.056105
vt 0.364469 0.044008
vt 0.364468 0.056104
vt 0.406631 0.044008
vt 0.40663 0.056104
vt 0.434758 0.056104
vt 0.434761 0.044008
vt 0.447668 0.044796
vt 0.447669 0.056104
vt 0.447668 0.037263
vt 0.434761 0.037263
vt 0.312915 0.25787
vt 0.320533 0.281749
vt 0.284884 0.281749
vt 0.283517 0.25787
vt 0.250514 0.281749
vt 0.251037 0.25787
vt 0.224517 0.281749
vt 0.222181 0.25787
vt 0.186409 0.25787
vt 0.184401 0.281749
vt 0.158031 0.281749
vt 0.150026 0.25787
vt 0.145801 0.281749
vt 0.23969412 0.8338764
vt 0.23969412 0.78977233
vt 0.2713982 0.78977233
vt 0.2713982 0.8338764
vt 0.357963 0.205714
vt 0.355334 0.199163
vt 0.380705 0.199163
vt 0.380705 0.205714
vt 0.166823 0.573418
vt 0.17973 0.573418
vt 0.17973 0.596206
vt 0.166823 0.596206
vt 0.433324 0.384484
vt 0.392762 0.353715
vt 0.433324 0.353715
vt 0.392762 0.384484
vt 0.519581 0.315851
vt 0.51636 0.319442
vt 0.508647 0.317486
vt 0.512797 0.308002
vt 0.500323 0.306673
vt 0.498794 0.317922
vt 0.485632 0.315743
vt 0.490583 0.320495
vt 0.550662 0.314153
vt 0.591565 0.314153
vt 0.591565 0.37836
vt 0.47015 0.37836
vt 0.444929 0.374178
vt 0.442666 0.381236
vt 0.457548 0.383416
vt 0.447323 0.391128
vt 0.441722 0.40442
vt 0.22548 0.211402
vt 0.219265 0.209448
vt 0.246318 0.090186
vt 0.311344 0.104675
vt 0.247869 0.082823
vt 0.315753 0.098911
vt 0.329286 0.117863
vt 0.322462 0.122302
vt 0.329286 0.252373
vt 0.229514 0.218513
vt 0.321962 0.252373
vt 0.228688 0.252373
vt 0.453622 0.414002
vt 0.442843 0.447912
vt 0.442843 0.414199
vt 0.453622 0.455004
vt 0.447353 0.454456
vt 0.587079 0.173902
vt 0.561699 0.173602
vt 0.556351 0.145996
vt 0.588537 0.009429
vt 0.535685 0.109445
vt 0.517279 0.088994
vt 0.489489 0.066431
vt 0.455111 0.009429
vt 0.455093 0.054456
vt 0.609304 0.049681
vt 0.606499 0.168216
vt 0.609959 0.009429
vt 0.67856 0.009429
vt 0.264201 0.056105
vt 0.264201 0.044008
vt 0.300629 0.044008
vt 0.300629 0.056105
vt 0.336682 0.044008
vt 0.336682 0.056105
vt 0.364469 0.044008
vt 0.364468 0.056104
vt 0.406631 0.044008
vt 0.40663 0.056104
vt 0.434758 0.056104
vt 0.434761 0.044008
vt 0.447668 0.044796
vt 0.447669 0.056104
vt 0.447668 0.037263
vt 0.434761 0.037263
vt 0.312915 0.25787
vt 0.320533 0.281749
vt 0.284884 0.281749
vt 0.283517 0.25787
vt 0.250514 0.281749
vt 0.251037 0.25787
vt 0.224517 0.281749
vt 0.222181 0.25787
vt 0.186409 0.25787
vt 0.184401 0.281749
vt 0.158031 0.281749
vt 0.150026 0.25787
vt 0.145801 0.281749
vt 0.23969412 0.8338764
vt 0.23969412 0.78977233
vt 0.2713982 0.78977233
vt 0.2713982 0.8338764
vt 0.357963 0.205714
vt 0.355334 0.199163
vt 0.380705 0.199163
vt 0.380705 0.205714
vt 0.166823 0.573418
vt 0.17973 0.573418
vt 0.17973 0.596206
vt 0.166823 0.596206
vt 0.433324 0.384484
vt 0.392762 0.353715
vt 0.433324 0.353715
vt 0.392762 0.384484
vt 0.519581 0.315851
vt 0.51636 0.319442
vt 0.508647 0.317486
vt 0.512797 0.308002
vt 0.500323 0.306673
vt 0.498794 0.317922
vt 0.485632 0.315743
vt 0.490583 0.320495
vt 0.566816 0.860387
vt 0.556354 0.924588
vt 0.556407 0.860387
vt 0.6376 0.920421
vt 0.639915 0.927458
vt 0.627817 0.972505
vt 0.639915 0.972533
vt 0.515176 0.968691
vt 0.515176 0.924588
vt 0.613556 0.990431
vt 0.301795 0.990431
vt 0.400175 0.968691
vt 0.287533 0.972505
vt 0.358997 0.924588
vt 0.400175 0.924588
vt 0.275435 0.927458
vt 0.275435 0.972533
vt 0.277751 0.920421
vt 0.348534 0.860387
vt 0.358944 0.860387
vt 0.164566 0.960801
vt 0.205674 0.992526
vt 0.164566 0.9925
vt 0.205674 0.871136
vt 0.152541 0.871062
vt 0.205674 0.857614
vt 0.049702 0.960801
vt 0.15554 0.857155
vt 0.205674 0.844913
vt 0.15554 0.844213
vt 0.205674 0.830583
vt 0.15554 0.829027
vt 0.164071 0.746566
vt 0.15554 0.746585
vt 0.18064 0.739565
vt 0.061683 0.871062
vt 0.123606 0.855314
vt 0.152653 0.855534
vt 0.152653 0.844676
vt 0.123606 0.844855
vt 0.152653 0.832003
vt 0.123606 0.832211
vt 0.152653 0.814798
vt 0.123606 0.814828
vt 0.152653 0.800265
vt 0.09062 0.814828
vt 0.09062 0.855314
vt 0.061571 0.800289
vt 0.152653 0.795681
vt 0.061571 0.814813
vt 0.061571 0.795714
vt 0.152653 0.779559
vt 0.061571 0.779559
vt 0.09062 0.832216
vt 0.061571 0.832012
vt 0.09062 0.844859
vt 0.061571 0.844682
vt 0.061571 0.855537
vt 0.008563 0.87125
vt 0.008563 0.857817
vt 0.058311 0.857296
vt 0.008563 0.992591
vt 0.049702 0.992516
vt 0.008563 0.845196
vt 0.058311 0.844451
vt 0.008563 0.83093
vt 0.058311 0.829342
vt 0.049773 0.746918
vt 0.058311 0.746929
vt 0.033203 0.739925
vt 0.262064 0.609127
vt 0.236661 0.616686
vt 0.239256 0.609622
vt 0.236578 0.628006
vt 0.262064 0.752994
vt 0.216417 0.642261
vt 0.231453 0.752932
vt 0.231453 0.843497
vt 0.216417 0.954166
vt 0.262064 0.843435
vt 0.236579 0.968423
vt 0.262064 0.9873
vt 0.236661 0.979743
vt 0.239256 0.986806
vt 0.430774 0.162143
vt 0.462478 0.162143
vt 0.462478 0.277143
vt 0.430774 0.277144
vt 0.143227 0.276977
vt 0.099123 0.276977
vt 0.099123 0.161977
vt 0.143227 0.161977
vt 0.010009 0.334239
vt 0.100554 0.334239
vt 0.100554 0.3748
vt 0.010009 0.3748
vt 0.652248 0.990543
vt 0.964008 0.962479
vt 0.964008 0.990543
vt 0.652248 0.962479
vt 0.964008 0.932271
vt 0.652248 0.932271
vt 0.964008 0.905657
vt 0.652248 0.905657
vt 0.964008 0.872545
vt 0.652248 0.872545
vt 0.964008 0.837144
vt 0.652248 0.837145
vt 0.237525 0.360982
vt 0.237525 0.356157
vt 0.270314 0.356157
vt 0.270314 0.360982
vt 0.894661 0.435513
vt 0.902569 0.46831
vt 0.894611 0.468298
vt 0.902619 0.435525
vt 0.912431 0.468325
vt 0.912481 0.43554
vt 0.921035 0.468338
vt 0.921085 0.435552
vt 0.031321 0.155873
vt 0.031321 0.14901
vt 0.064107 0.14901
vt 0.064107 0.155873
vt 0.550662 0.314153
vt 0.591565 0.37836
vt 0.591565 0.314153
vt 0.47015 0.37836
vt 0.444929 0.374178
vt 0.442666 0.381236
vt 0.457548 0.383416
vt 0.447323 0.391128
vt 0.441722 0.40442
vt 0.22548 0.211402
vt 0.246318 0.090186
vt 0.219265 0.209448
vt 0.311344 0.104675
vt 0.247869 0.082823
vt 0.315753 0.098911
vt 0.329286 0.117863
vt 0.322462 0.122302
vt 0.329286 0.252373
vt 0.229514 0.218513
vt 0.321962 0.252373
vt 0.228688 0.252373
vt 0.453622 0.414002
vt 0.442843 0.414199
vt 0.442843 0.447912
vt 0.453622 0.455004
vt 0.447353 0.454456
vt 0.587079 0.173902
vt 0.556351 0.145996
vt 0.561699 0.173602
vt 0.588537 0.009429
vt 0.535685 0.109445
vt 0.517279 0.088994
vt 0.489489 0.066431
vt 0.455111 0.009429
vt 0.455093 0.054456
vt 0.609304 0.049681
vt 0.606499 0.168216
vt 0.609959 0.009429
vt 0.67856 0.009429
vt 0.264201 0.056105
vt 0.300629 0.044008
vt 0.264201 0.044008
vt 0.300629 0.056105
vt 0.336682 0.044008
vt 0.336682 0.056105
vt 0.364469 0.044008
vt 0.364468 0.056104
vt 0.406631 0.044008
vt 0.40663 0.056104
vt 0.434758 0.056104
vt 0.434761 0.044008
vt 0.447668 0.044796
vt 0.447669 0.056104
vt 0.447668 0.037263
vt 0.434761 0.037263
vt 0.312915 0.25787
vt 0.284884 0.281749
vt 0.320533 0.281749
vt 0.283517 0.25787
vt 0.250514 0.281749
vt 0.251037 0.25787
vt 0.224517 0.281749
vt 0.222181 0.25787
vt 0.186409 0.25787
vt 0.184401 0.281749
vt 0.158031 0.281749
vt 0.150026 0.25787
vt 0.145801 0.281749
vt 0.23969412 0.8338764
vt 0.2713982 0.8338764
vt 0.2713982 0.78977233
vt 0.23969412 0.78977233
vt 0.357963 0.205714
vt 0.380705 0.205714
vt 0.380705 0.199163
vt 0.355334 0.199163
vt 0.166823 0.573418
vt 0.166823 0.596206
vt 0.17973 0.596206
vt 0.17973 0.573418
vt 0.433324 0.384484
vt 0.433324 0.353715
vt 0.392762 0.353715
vt 0.392762 0.384484
vt 0.519581 0.315851
vt 0.508647 0.317486
vt 0.51636 0.319442
vt 0.512797 0.308002
vt 0.500323 0.306673
vt 0.498794 0.317922
vt 0.485632 0.315743
vt 0.490583 0.320495
vt 0.629336 0.841377
vt 0.631161 0.837046
vt 0.63627 0.837027
vt 0.634376 0.846084
vt 0.628896 0.848876
vt 0.625396 0.84379
vt 0.567793 0.848876
vt 0.569864 0.84379
vt 0.563827 0.850399
vt 0.629336 0.841377
vt 0.63627 0.837027
vt 0.631161 0.837046
vt 0.634376 0.846084
vt 0.628896 0.848876
vt 0.625396 0.84379
vt 0.567793 0.848876
vt 0.569864 0.84379
vt 0.563827 0.850399
vt 0.629336 0.841377
vt 0.63627 0.837027
vt 0.631161 0.837046
vt 0.634376 0.846084
vt 0.628896 0.848876
vt 0.625396 0.84379
vt 0.567793 0.848876
vt 0.569864 0.84379
vt 0.563827 0.850399
vt 0.658798 0.31476
vt 0.604695 0.31476
vt 0.604695 0.37029
vt 0.658799 0.370256
vt 0.604695 0.374913
vt 0.658799 0.374862
vt 0.604695 0.379588
vt 0.658799 0.379588
vt 0.987566 0.166279
vt 0.987566 0.112175
vt 0.98246 0.112175
vt 0.98246 0.166279
vt 0.658798 0.31476
vt 0.604695 0.37029
vt 0.604695 0.31476
vt 0.658799 0.370256
vt 0.604695 0.374913
vt 0.658799 0.374862
vt 0.604695 0.379588
vt 0.658799 0.379588
vt 0.987566 0.166279
vt 0.98246 0.166279
vt 0.98246 0.112175
vt 0.987566 0.112175
vt 0.238151 0.310752
vt 0.251376 0.29083
vt 0.238151 0.29083
vt 0.251275 0.319663
vt 0.241416 0.319663
vt 0.238151 0.328575
vt 0.264566 0.29083
vt 0.251375 0.348498
vt 0.238151 0.348498
vt 0.264535 0.319663
vt 0.264565 0.348498
vt 0.277788 0.319663
vt 0.277768 0.348498
vt 0.277768 0.29083
vt 0.290967 0.348498
vt 0.291048 0.319663
vt 0.290967 0.29083
vt 0.304198 0.328532
vt 0.304189 0.348498
vt 0.317423 0.348498
vt 0.317423 0.328484
vt 0.300906 0.319663
vt 0.304198 0.310796
vt 0.30419 0.29083
vt 0.317424 0.29083
vt 0.317424 0.310844
vt 0.4911913 0.86934525
vt 0.4933063 0.8607836
vt 0.36763534 0.8607836
vt 0.3676363 0.8697268
vt 0.36763534 0.88079554
vt 0.49118832 0.88134366
vt 0.36763534 0.88978636
vt 0.49329832 0.88986045
vt 0.49118832 0.89837456
vt 0.36763534 0.898779
vt 0.36763534 0.9098413
vt 0.4911863 0.91037935
vt 0.36763534 0.91886413
vt 0.4932923 0.91886413
vt 0.491003 0.17068
vt 0.479015 0.17068
vt 0.474859 0.179471
vt 0.49516 0.179471
vt 0.491003 0.188262
vt 0.479015 0.188262
vt 0.238151 0.310752
vt 0.238151 0.29083
vt 0.251376 0.29083
vt 0.251275 0.319663
vt 0.241416 0.319663
vt 0.238151 0.328575
vt 0.264566 0.29083
vt 0.251375 0.348498
vt 0.238151 0.348498
vt 0.264535 0.319663
vt 0.264565 0.348498
vt 0.277788 0.319663
vt 0.277768 0.348498
vt 0.277768 0.29083
vt 0.290967 0.348498
vt 0.291048 0.319663
vt 0.290967 0.29083
vt 0.304198 0.328532
vt 0.304189 0.348498
vt 0.317423 0.348498
vt 0.317423 0.328484
vt 0.300906 0.319663
vt 0.304198 0.310796
vt 0.30419 0.29083
vt 0.317424 0.29083
vt 0.317424 0.310844
vt 0.4911913 0.86934525
vt 0.36763534 0.8607836
vt 0.4933063 0.8607836
vt 0.3676363 0.8697268
vt 0.36763534 0.88079554
vt 0.49118832 0.88134366
vt 0.36763534 0.88978636
vt 0.49329832 0.88986045
vt 0.49118832 0.89837456
vt 0.36763534 0.898779
vt 0.36763534 0.9098413
vt 0.4911863 0.91037935
vt 0.36763534 0.91886413
vt 0.4932923 0.91886413
vt 0.491003 0.17068
vt 0.474859 0.179471
vt 0.479015 0.17068
vt 0.49516 0.179471
vt 0.491003 0.188262
vt 0.479015 0.188262
vt 0.50897765 0.91881466
vt 0.4995207 0.90224767
vt 0.4995207 0.91758776
vt 0.5231606 0.9040477
vt 0.5231166 0.9156797
vt 0.5371896 0.9188247
vt 0.4995207 0.8892958
vt 0.54675364 0.9026687
vt 0.54675364 0.9177387
vt 0.52295864 0.88933563
vt 0.54675364 0.88907385
vt 0.52296567 0.87517166
vt 0.54675364 0.8762388
vt 0.4995207 0.87603784
vt 0.54675364 0.8629956
vt 0.52314866 0.8607867
vt 0.4995207 0.8634248
vt 0.53755665 0.8472667
vt 0.54675364 0.84865165
vt 0.54675364 0.83175683
vt 0.5384686 0.83179784
vt 0.5231066 0.84966564
vt 0.5085926 0.8472717
vt 0.4995207 0.8487327
vt 0.4995207 0.83177876
vt 0.50766265 0.83179164
vt 0.683788 0.106609
vt 0.693145 0.108729
vt 0.693145 0.043453
vt 0.683371 0.043454
vt 0.671274 0.043453
vt 0.670675 0.106541
vt 0.661449 0.043453
vt 0.661367 0.108636
vt 0.652062 0.106529
vt 0.65162 0.043453
vt 0.63953 0.043453
vt 0.638942 0.106464
vt 0.629669 0.043453
vt 0.629669 0.108549
vt 0.175802 0.713259
vt 0.163814 0.713259
vt 0.159658 0.72205
vt 0.179959 0.72205
vt 0.175802 0.730841
vt 0.163814 0.730841
vt 0.964387 0.079585
vt 0.964387 0.030258
vt 0.933261 0.030255
vt 0.933261 0.079582
vt 0.964387 0.128912
vt 0.933261 0.12891
vt 0.964387 0.17824
vt 0.933261 0.178237
vt 0.964387 0.227567
vt 0.933261 0.227565
vt 0.964387 0.276894
vt 0.933261 0.276892
vt 0.964387 0.326221
vt 0.933261 0.326219
vt 0.964387 0.375549
vt 0.933261 0.375547
vt 0.964387 0.424876
vt 0.933261 0.424873
vt 0.964387 0.474202
vt 0.933261 0.4742
vt 0.964387 0.523529
vt 0.933261 0.523527
vt 0.964387 0.572858
vt 0.933261 0.572855
vt 0.964387 0.622185
vt 0.933261 0.622182
vt 0.964387 0.671512
vt 0.933261 0.67151
vt 0.964387 0.72084
vt 0.933261 0.720837
vt 0.964387 0.770168
vt 0.933261 0.770166
vt 0.964387 0.819496
vt 0.933261 0.819493
vt 0.200687 0.44262
vt 0.191064 0.491001
vt 0.200688 0.539382
vt 0.228093 0.580397
vt 0.228093 0.401606
vt 0.269108 0.3742
vt 0.269108 0.607801
vt 0.317487 0.617425
vt 0.317487 0.364578
vt 0.365868 0.607801
vt 0.365868 0.3742
vt 0.406882 0.580397
vt 0.406883 0.401606
vt 0.434287 0.539382
vt 0.434289 0.442621
vt 0.443911 0.491001
vt 0.459087 0.462483
vt 0.449464 0.510863
vt 0.459087 0.559243
vt 0.486493 0.600258
vt 0.486493 0.421468
vt 0.527507 0.627663
vt 0.527507 0.394062
vt 0.575888 0.384439
vt 0.575888 0.637287
vt 0.624269 0.627663
vt 0.624268 0.394062
vt 0.665283 0.600258
vt 0.665283 0.421468
vt 0.692687 0.559243
vt 0.692688 0.462483
vt 0.702311 0.510863
vt 0.238151 0.310752
vt 0.238151 0.29083
vt 0.251376 0.29083
vt 0.251275 0.319663
vt 0.241416 0.319663
vt 0.238151 0.328575
vt 0.264566 0.29083
vt 0.251375 0.348498
vt 0.238151 0.348498
vt 0.264535 0.319663
vt 0.264565 0.348498
vt 0.277788 0.319663
vt 0.277768 0.348498
vt 0.277768 0.29083
vt 0.290967 0.348498
vt 0.291048 0.319663
vt 0.290967 0.29083
vt 0.304198 0.328532
vt 0.304189 0.348498
vt 0.317423 0.348498
vt 0.317423 0.328484
vt 0.300906 0.319663
vt 0.304198 0.310796
vt 0.30419 0.29083
vt 0.317424 0.29083
vt 0.317424 0.310844
vt 0.4911913 0.86934525
vt 0.36763534 0.8607836
vt 0.4933063 0.8607836
vt 0.3676363 0.8697268
vt 0.36763534 0.88079554
vt 0.49118832 0.88134366
vt 0.36763534 0.88978636
vt 0.49329832 0.88986045
vt 0.49118832 0.89837456
vt 0.36763534 0.898779
vt 0.36763534 0.9098413
vt 0.4911863 0.91037935
vt 0.36763534 0.91886413
vt 0.4932923 0.91886413
vt 0.491003 0.17068
vt 0.474859 0.179471
vt 0.479015 0.17068
vt 0.49516 0.179471
vt 0.491003 0.188262
vt 0.479015 0.188262
vt 0.238151 0.310752
vt 0.251376 0.29083
vt 0.238151 0.29083
vt 0.251275 0.319663
vt 0.241416 0.319663
vt 0.238151 0.328575
vt 0.264566 0.29083
vt 0.251375 0.348498
vt 0.238151 0.348498
vt 0.264535 0.319663
vt 0.264565 0.348498
vt 0.277788 0.319663
vt 0.277768 0.348498
vt 0.277768 0.29083
vt 0.290967 0.348498
vt 0.291048 0.319663
vt 0.290967 0.29083
vt 0.304198 0.328532
vt 0.304189 0.348498
vt 0.317423 0.348498
vt 0.317423 0.328484
vt 0.300906 0.319663
vt 0.304198 0.310796
vt 0.30419 0.29083
vt 0.317424 0.29083
vt 0.317424 0.310844
vt 0.4911913 0.86934525
vt 0.4933063 0.8607836
vt 0.36763534 0.8607836
vt 0.3676363 0.8697268
vt 0.36763534 0.88079554
vt 0.49118832 0.88134366
vt 0.36763534 0.88978636
vt 0.49329832 0.88986045
vt 0.49118832 0.89837456
vt 0.36763534 0.898779
vt 0.36763534 0.9098413
vt 0.4911863 0.91037935
vt 0.36763534 0.91886413
vt 0.4932923 0.91886413
vt 0.491003 0.17068
vt 0.479015 0.17068
vt 0.474859 0.179471
vt 0.49516 0.179471
vt 0.491003 0.188262
vt 0.479015 0.188262
vt 0.50897765 0.91881466
vt 0.4995207 0.91758776
vt 0.4995207 0.90224767
vt 0.5231606 0.9040477
vt 0.5231166 0.9156797
vt 0.5371896 0.9188247
vt 0.4995207 0.8892958
vt 0.54675364 0.9026687
vt 0.54675364 0.9177387
vt 0.52295864 0.88933563
vt 0.54675364 0.88907385
vt 0.52296567 0.87517166
vt 0.54675364 0.8762388
vt 0.4995207 0.87603784
vt 0.54675364 0.8629956
vt 0.52314866 0.8607867
vt 0.4995207 0.8634248
vt 0.53755665 0.8472667
vt 0.54675364 0.84865165
vt 0.54675364 0.83175683
vt 0.5384686 0.83179784
vt 0.5231066 0.84966564
vt 0.5085926 0.8472717
vt 0.4995207 0.8487327
vt 0.4995207 0.83177876
vt 0.50766265 0.83179164
vt 0.683788 0.106609
vt 0.693145 0.043453
vt 0.693145 0.108729
vt 0.683371 0.043454
vt 0.671274 0.043453
vt 0.670675 0.106541
vt 0.661449 0.043453
vt 0.661367 0.108636
vt 0.652062 0.106529
vt 0.65162 0.043453
vt 0.63953 0.043453
vt 0.638942 0.106464
vt 0.629669 0.043453
vt 0.629669 0.108549
vt 0.175802 0.713259
vt 0.159658 0.72205
vt 0.163814 0.713259
vt 0.179959 0.72205
vt 0.175802 0.730841
vt 0.163814 0.730841
vt 0.396197 0.009476
vt 0.441663 0.021788
vt 0.441663 0.009476
vt 0.396197 0.021788
vt 0.389843 0.021788
vt 0.389843 0.009476
vt 0.367231 0.021788
vt 0.367231 0.009476
vt 0.362955 0.021788
vt 0.362955 0.009476
vt 0.248193 0.021788
vt 0.248193 0.009476
vt 0.243917 0.009476
vt 0.243917 0.021788
vt 0.221303 0.009476
vt 0.221303 0.021788
vt 0.21495 0.009476
vt 0.21495 0.021788
vt 0.169483 0.021788
vt 0.169483 0.009476
vt 0.748342 0.019495
vt 0.713678 0.007259
vt 0.713678 0.019495
vt 0.748342 0.007259
vt 0.753239 0.019495
vt 0.753239 0.007259
vt 0.775092 0.019495
vt 0.775093 0.007259
vt 0.781131 0.019495
vt 0.781131 0.007259
vt 0.91721 0.007259
vt 0.91721 0.019495
vt 0.92325 0.007259
vt 0.92325 0.019495
vt 0.945104 0.007259
vt 0.945104 0.019495
vt 0.950001 0.007259
vt 0.950001 0.019495
vt 0.984665 0.007259
vt 0.984665 0.019495
vt 0.20161 0.3753
vt 0.188959 0.410032
vt 0.188959 0.375283
vt 0.201524 0.420813
vt 0.185863 0.413769
vt 0.197791 0.426105
vt 0.175197 0.426105
vt 0.163871 0.413769
vt 0.160301 0.418702
vt 0.172575 0.429568
vt 0.172575 0.54438
vt 0.160301 0.555276
vt 0.17518 0.547738
vt 0.163926 0.560287
vt 0.185896 0.559957
vt 0.197793 0.547738
vt 0.201561 0.552986
vt 0.188947 0.563756
vt 0.201561 0.598501
vt 0.188947 0.598506
vt 0.20161 0.3753
vt 0.188959 0.375283
vt 0.188959 0.410032
vt 0.201524 0.420813
vt 0.185863 0.413769
vt 0.197791 0.426105
vt 0.175197 0.426105
vt 0.163871 0.413769
vt 0.160301 0.418702
vt 0.172575 0.429568
vt 0.172575 0.54438
vt 0.160301 0.555276
vt 0.17518 0.547738
vt 0.163926 0.560287
vt 0.185896 0.559957
vt 0.197793 0.547738
vt 0.201561 0.552986
vt 0.188947 0.563756
vt 0.201561 0.598501
vt 0.188947 0.598506
vt 0.396197 0.009476
vt 0.441663 0.009476
vt 0.441663 0.021788
vt 0.396197 0.021788
vt 0.389843 0.021788
vt 0.389843 0.009476
vt 0.367231 0.021788
vt 0.367231 0.009476
vt 0.362955 0.021788
vt 0.362955 0.009476
vt 0.248193 0.021788
vt 0.248193 0.009476
vt 0.243917 0.009476
vt 0.243917 0.021788
vt 0.221303 0.009476
vt 0.221303 0.021788
vt 0.21495 0.009476
vt 0.21495 0.021788
vt 0.169483 0.021788
vt 0.169483 0.009476
vt 0.748342 0.019495
vt 0.713678 0.019495
vt 0.713678 0.007259
vt 0.748342 0.007259
vt 0.753239 0.019495
vt 0.753239 0.007259
vt 0.775092 0.019495
vt 0.775093 0.007259
vt 0.781131 0.019495
vt 0.781131 0.007259
vt 0.91721 0.007259
vt 0.91721 0.019495
vt 0.92325 0.007259
vt 0.92325 0.019495
vt 0.945104 0.007259
vt 0.945104 0.019495
vt 0.950001 0.007259
vt 0.950001 0.019495
vt 0.984665 0.007259
vt 0.984665 0.019495
vt 0.20161 0.3753
vt 0.188959 0.375283
vt 0.188959 0.410032
vt 0.201524 0.420813
vt 0.185863 0.413769
vt 0.197791 0.426105
vt 0.175197 0.426105
vt 0.163871 0.413769
vt 0.160301 0.418702
vt 0.172575 0.429568
vt 0.172575 0.54438
vt 0.160301 0.555276
vt 0.17518 0.547738
vt 0.163926 0.560287
vt 0.185896 0.559957
vt 0.197793 0.547738
vt 0.201561 0.552986
vt 0.188947 0.563756
vt 0.201561 0.598501
vt 0.188947 0.598506
vt 0.20161 0.3753
vt 0.188959 0.410032
vt 0.188959 0.375283
vt 0.201524 0.420813
vt 0.185863 0.413769
vt 0.197791 0.426105
vt 0.175197 0.426105
vt 0.163871 0.413769
vt 0.160301 0.418702
vt 0.172575 0.429568
vt 0.172575 0.54438
vt 0.160301 0.555276
vt 0.17518 0.547738
vt 0.163926 0.560287
vt 0.185896 0.559957
vt 0.197793 0.547738
vt 0.201561 0.552986
vt 0.188947 0.563756
vt 0.201561 0.598501
vt 0.188947 0.598506
vt 0.396197 0.009476
vt 0.441663 0.009476
vt 0.441663 0.021788
vt 0.396197 0.021788
vt 0.389843 0.021788
vt 0.389843 0.009476
vt 0.367231 0.021788
vt 0.367231 0.009476
vt 0.362955 0.021788
vt 0.362955 0.009476
vt 0.248193 0.021788
vt 0.248193 0.009476
vt 0.243917 0.009476
vt 0.243917 0.021788
vt 0.221303 0.009476
vt 0.221303 0.021788
vt 0.21495 0.009476
vt 0.21495 0.021788
vt 0.169483 0.021788
vt 0.169483 0.009476
vt 0.748342 0.019495
vt 0.713678 0.019495
vt 0.713678 0.007259
vt 0.748342 0.007259
vt 0.753239 0.019495
vt 0.753239 0.007259
vt 0.775092 0.019495
vt 0.775093 0.007259
vt 0.781131 0.019495
vt 0.781131 0.007259
vt 0.91721 0.007259
vt 0.91721 0.019495
vt 0.92325 0.007259
vt 0.92325 0.019495
vt 0.945104 0.007259
vt 0.945104 0.019495
vt 0.950001 0.007259
vt 0.950001 0.019495
vt 0.984665 0.007259
vt 0.984665 0.019495
vt 0.20161 0.3753
vt 0.188959 0.375283
vt 0.188959 0.410032
vt 0.201524 0.420813
vt 0.185863 0.413769
vt 0.197791 0.426105
vt 0.175197 0.426105
vt 0.163871 0.413769
vt 0.160301 0.418702
vt 0.172575 0.429568
vt 0.172575 0.54438
vt 0.160301 0.555276
vt 0.17518 0.547738
vt 0.163926 0.560287
vt 0.185896 0.559957
vt 0.197793 0.547738
vt 0.201561 0.552986
vt 0.188947 0.563756
vt 0.201561 0.598501
vt 0.188947 0.598506
vt 0.20161 0.3753
vt 0.188959 0.410032
vt 0.188959 0.375283
vt 0.201524 0.420813
vt 0.185863 0.413769
vt 0.197791 0.426105
vt 0.175197 0.426105
vt 0.163871 0.413769
vt 0.160301 0.418702
vt 0.172575 0.429568
vt 0.172575 0.54438
vt 0.160301 0.555276
vt 0.17518 0.547738
vt 0.163926 0.560287
vt 0.185896 0.559957
vt 0.197793 0.547738
vt 0.201561 0.552986
vt 0.188947 0.563756
vt 0.201561 0.598501
vt 0.188947 0.598506
vt 0.396197 0.009476
vt 0.441663 0.021788
vt 0.441663 0.009476
vt 0.396197 0.021788
vt 0.389843 0.021788
vt 0.389843 0.009476
vt 0.367231 0.021788
vt 0.367231 0.009476
vt 0.362955 0.021788
vt 0.362955 0.009476
vt 0.248193 0.021788
vt 0.248193 0.009476
vt 0.243917 0.009476
vt 0.243917 0.021788
vt 0.221303 0.009476
vt 0.221303 0.021788
vt 0.21495 0.009476
vt 0.21495 0.021788
vt 0.169483 0.021788
vt 0.169483 0.009476
vt 0.748342 0.019495
vt 0.713678 0.007259
vt 0.713678 0.019495
vt 0.748342 0.007259
vt 0.753239 0.019495
vt 0.753239 0.007259
vt 0.775092 0.019495
vt 0.775093 0.007259
vt 0.781131 0.019495
vt 0.781131 0.007259
vt 0.91721 0.007259
vt 0.91721 0.019495
vt 0.92325 0.007259
vt 0.92325 0.019495
vt 0.945104 0.007259
vt 0.945104 0.019495
vt 0.950001 0.007259
vt 0.950001 0.019495
vt 0.984665 0.007259
vt 0.984665 0.019495
vt 0.20161 0.3753
vt 0.188959 0.410032
vt 0.188959 0.375283
vt 0.201524 0.420813
vt 0.185863 0.413769
vt 0.197791 0.426105
vt 0.175197 0.426105
vt 0.163871 0.413769
vt 0.160301 0.418702
vt 0.172575 0.429568
vt 0.172575 0.54438
vt 0.160301 0.555276
vt 0.17518 0.547738
vt 0.163926 0.560287
vt 0.185896 0.559957
vt 0.197793 0.547738
vt 0.201561 0.552986
vt 0.188947 0.563756
vt 0.201561 0.598501
vt 0.188947 0.598506
vt 0.20161 0.3753
vt 0.188959 0.375283
vt 0.188959 0.410032
vt 0.201524 0.420813
vt 0.185863 0.413769
vt 0.197791 0.426105
vt 0.175197 0.426105
vt 0.163871 0.413769
vt 0.160301 0.418702
vt 0.172575 0.429568
vt 0.172575 0.54438
vt 0.160301 0.555276
vt 0.17518 0.547738
vt 0.163926 0.560287
vt 0.185896 0.559957
vt 0.197793 0.547738
vt 0.201561 0.552986
vt 0.188947 0.563756
vt 0.201561 0.598501
vt 0.188947 0.598506
vt 0.097092 0.145543
vt 0.154506 0.008809
vt 0.097092 0.008809
vt 0.154506 0.145544
vt 0.09977 0.151942
vt 0.151826 0.151942
vt 0.105064 0.154674
vt 0.146533 0.154674
vt 0.976066 0.580646
vt 0.982918 0.582051
vt 0.976066 0.458526
vt 0.988599 0.45838
vt 0.976066 0.451561
vt 0.988599 0.595877
vt 0.982773 0.595676
vt 0.988599 0.451344
vt 0.976066 0.445257
vt 0.988599 0.445178
vt 0.988599 0.403316
vt 0.976066 0.403237
vt 0.988599 0.39715
vt 0.976066 0.396934
vt 0.988599 0.390114
vt 0.976066 0.389969
vt 0.982918 0.266444
vt 0.976066 0.267849
vt 0.988599 0.252617
vt 0.982773 0.252819
vt 0.224551 0.386579
vt 0.224551 0.373013
vt 0.211157 0.373013
vt 0.211157 0.386579
vt 0.62276846 0.8937484
vt 0.6366885 0.8937484
vt 0.63591045 0.8866544
vt 0.62276846 0.8866544
vt 0.410251 0.029808
vt 0.410251 0.036884
vt 0.424073 0.036885
vt 0.424073 0.029808
vt 0.478303 0.393168
vt 0.464909 0.393168
vt 0.464909 0.406733
vt 0.478303 0.406733
vt 0.673456 0.39907
vt 0.674221 0.391975
vt 0.660263 0.391975
vt 0.660354 0.39907
vt 0.402911 0.199074
vt 0.38909 0.199074
vt 0.38909 0.20615
vt 0.402911 0.20615
vt 0.522979 0.294039
vt 0.50889 0.264201
vt 0.50889 0.293579
vt 0.522976 0.263738
vt 0.645364 0.307944
vt 0.523811 0.307944
vt 0.645361 0.249827
vt 0.523807 0.249827
vt 0.651808 0.305359
vt 0.651807 0.252406
vt 0.654738 0.299803
vt 0.654738 0.257959
vt 0.097092 0.145543
vt 0.097092 0.008809
vt 0.154506 0.008809
vt 0.154506 0.145544
vt 0.09977 0.151942
vt 0.151826 0.151942
vt 0.105064 0.154674
vt 0.146533 0.154674
vt 0.976066 0.580646
vt 0.976066 0.458526
vt 0.982918 0.582051
vt 0.988599 0.45838
vt 0.976066 0.451561
vt 0.988599 0.595877
vt 0.982773 0.595676
vt 0.988599 0.451344
vt 0.976066 0.445257
vt 0.988599 0.445178
vt 0.988599 0.403316
vt 0.976066 0.403237
vt 0.988599 0.39715
vt 0.976066 0.396934
vt 0.988599 0.390114
vt 0.976066 0.389969
vt 0.982918 0.266444
vt 0.976066 0.267849
vt 0.988599 0.252617
vt 0.982773 0.252819
vt 0.224551 0.386579
vt 0.211157 0.386579
vt 0.211157 0.373013
vt 0.224551 0.373013
vt 0.62276846 0.8937484
vt 0.62276846 0.8866544
vt 0.63591045 0.8866544
vt 0.6366885 0.8937484
vt 0.410251 0.029808
vt 0.424073 0.029808
vt 0.424073 0.036885
vt 0.410251 0.036884
vt 0.478303 0.393168
vt 0.478303 0.406733
vt 0.464909 0.406733
vt 0.464909 0.393168
vt 0.673456 0.39907
vt 0.660354 0.39907
vt 0.660263 0.391975
vt 0.674221 0.391975
vt 0.402911 0.199074
vt 0.402911 0.20615
vt 0.38909 0.20615
vt 0.38909 0.199074
vt 0.522979 0.294039
vt 0.50889 0.293579
vt 0.50889 0.264201
vt 0.522976 0.263738
vt 0.645364 0.307944
vt 0.523811 0.307944
vt 0.645361 0.249827
vt 0.523807 0.249827
vt 0.651808 0.305359
vt 0.651807 0.252406
vt 0.654738 0.299803
vt 0.654738 0.257959
vt 0.097092 0.145543
vt 0.154506 0.008809
vt 0.097092 0.008809
vt 0.154506 0.145544
vt 0.09977 0.151942
vt 0.151826 0.151942
vt 0.105064 0.154674
vt 0.146533 0.154674
vt 0.976066 0.580646
vt 0.982918 0.582051
vt 0.976066 0.458526
vt 0.988599 0.45838
vt 0.976066 0.451561
vt 0.988599 0.595877
vt 0.982773 0.595676
vt 0.988599 0.451344
vt 0.976066 0.445257
vt 0.988599 0.445178
vt 0.988599 0.403316
vt 0.976066 0.403237
vt 0.988599 0.39715
vt 0.976066 0.396934
vt 0.988599 0.390114
vt 0.976066 0.389969
vt 0.982918 0.266444
vt 0.976066 0.267849
vt 0.988599 0.252617
vt 0.982773 0.252819
vt 0.224551 0.386579
vt 0.224551 0.373013
vt 0.211157 0.373013
vt 0.211157 0.386579
vt 0.62276846 0.8937484
vt 0.6366885 0.8937484
vt 0.63591045 0.8866544
vt 0.62276846 0.8866544
vt 0.410251 0.029808
vt 0.410251 0.036884
vt 0.424073 0.036885
vt 0.424073 0.029808
vt 0.478303 0.393168
vt 0.464909 0.393168
vt 0.464909 0.406733
vt 0.478303 0.406733
vt 0.673456 0.39907
vt 0.674221 0.391975
vt 0.660263 0.391975
vt 0.660354 0.39907
vt 0.402911 0.199074
vt 0.38909 0.199074
vt 0.38909 0.20615
vt 0.402911 0.20615
vt 0.522979 0.294039
vt 0.50889 0.264201
vt 0.50889 0.293579
vt 0.522976 0.263738
vt 0.645364 0.307944
vt 0.523811 0.307944
vt 0.645361 0.249827
vt 0.523807 0.249827
vt 0.651808 0.305359
vt 0.651807 0.252406
vt 0.654738 0.299803
vt 0.654738 0.257959
vt 0.097092 0.145543
vt 0.097092 0.008809
vt 0.154506 0.008809
vt 0.154506 0.145544
vt 0.09977 0.151942
vt 0.151826 0.151942
vt 0.105064 0.154674
vt 0.146533 0.154674
vt 0.976066 0.580646
vt 0.976066 0.458526
vt 0.982918 0.582051
vt 0.988599 0.45838
vt 0.976066 0.451561
vt 0.988599 0.595877
vt 0.982773 0.595676
vt 0.988599 0.451344
vt 0.976066 0.445257
vt 0.988599 0.445178
vt 0.988599 0.403316
vt 0.976066 0.403237
vt 0.988599 0.39715
vt 0.976066 0.396934
vt 0.988599 0.390114
vt 0.976066 0.389969
vt 0.982918 0.266444
vt 0.976066 0.267849
vt 0.988599 0.252617
vt 0.982773 0.252819
vt 0.224551 0.386579
vt 0.211157 0.386579
vt 0.211157 0.373013
vt 0.224551 0.373013
vt 0.62276846 0.8937484
vt 0.62276846 0.8866544
vt 0.63591045 0.8866544
vt 0.6366885 0.8937484
vt 0.410251 0.029808
vt 0.424073 0.029808
vt 0.424073 0.036885
vt 0.410251 0.036884
vt 0.478303 0.393168
vt 0.478303 0.406733
vt 0.464909 0.406733
vt 0.464909 0.393168
vt 0.673456 0.39907
vt 0.660354 0.39907
vt 0.660263 0.391975
vt 0.674221 0.391975
vt 0.402911 0.199074
vt 0.402911 0.20615
vt 0.38909 0.20615
vt 0.38909 0.199074
vt 0.522979 0.294039
vt 0.50889 0.293579
vt 0.50889 0.264201
vt 0.522976 0.263738
vt 0.645364 0.307944
vt 0.523811 0.307944
vt 0.645361 0.249827
vt 0.523807 0.249827
vt 0.651808 0.305359
vt 0.651807 0.252406
vt 0.654738 0.299803
vt 0.654738 0.257959
vt 0.097092 0.145543
vt 0.097092 0.008809
vt 0.154506 0.008809
vt 0.154506 0.145544
vt 0.09977 0.151942
vt 0.151826 0.151942
vt 0.105064 0.154674
vt 0.146533 0.154674
vt 0.976066 0.580646
vt 0.976066 0.458526
vt 0.982918 0.582051
vt 0.988599 0.45838
vt 0.976066 0.451561
vt 0.988599 0.595877
vt 0.982773 0.595676
vt 0.988599 0.451344
vt 0.976066 0.445257
vt 0.988599 0.445178
vt 0.988599 0.403316
vt 0.976066 0.403237
vt 0.988599 0.39715
vt 0.976066 0.396934
vt 0.988599 0.390114
vt 0.976066 0.389969
vt 0.982918 0.266444
vt 0.976066 0.267849
vt 0.988599 0.252617
vt 0.982773 0.252819
vt 0.224551 0.386579
vt 0.211157 0.386579
vt 0.211157 0.373013
vt 0.224551 0.373013
vt 0.62276846 0.8937484
vt 0.62276846 0.8866544
vt 0.63591045 0.8866544
vt 0.6366885 0.8937484
vt 0.410251 0.029808
vt 0.424073 0.029808
vt 0.424073 0.036885
vt 0.410251 0.036884
vt 0.478303 0.393168
vt 0.478303 0.406733
vt 0.464909 0.406733
vt 0.464909 0.393168
vt 0.673456 0.39907
vt 0.660354 0.39907
vt 0.660263 0.391975
vt 0.674221 0.391975
vt 0.402911 0.199074
vt 0.402911 0.20615
vt 0.38909 0.20615
vt 0.38909 0.199074
vt 0.522979 0.294039
vt 0.50889 0.293579
vt 0.50889 0.264201
vt 0.522976 0.263738
vt 0.645364 0.307944
vt 0.523811 0.307944
vt 0.645361 0.249827
vt 0.523807 0.249827
vt 0.651808 0.305359
vt 0.651807 0.252406
vt 0.654738 0.299803
vt 0.654738 0.257959
vt 0.097092 0.145543
vt 0.154506 0.008809
vt 0.097092 0.008809
vt 0.154506 0.145544
vt 0.09977 0.151942
vt 0.151826 0.151942
vt 0.105064 0.154674
vt 0.146533 0.154674
vt 0.976066 0.580646
vt 0.982918 0.582051
vt 0.976066 0.458526
vt 0.988599 0.45838
vt 0.976066 0.451561
vt 0.988599 0.595877
vt 0.982773 0.595676
vt 0.988599 0.451344
vt 0.976066 0.445257
vt 0.988599 0.445178
vt 0.988599 0.403316
vt 0.976066 0.403237
vt 0.988599 0.39715
vt 0.976066 0.396934
vt 0.988599 0.390114
vt 0.976066 0.389969
vt 0.982918 0.266444
vt 0.976066 0.267849
vt 0.988599 0.252617
vt 0.982773 0.252819
vt 0.224551 0.386579
vt 0.224551 0.373013
vt 0.211157 0.373013
vt 0.211157 0.386579
vt 0.62276846 0.8937484
vt 0.6366885 0.8937484
vt 0.63591045 0.8866544
vt 0.62276846 0.8866544
vt 0.410251 0.029808
vt 0.410251 0.036884
vt 0.424073 0.036885
vt 0.424073 0.029808
vt 0.478303 0.393168
vt 0.464909 0.393168
vt 0.464909 0.406733
vt 0.478303 0.406733
vt 0.673456 0.39907
vt 0.674221 0.391975
vt 0.660263 0.391975
vt 0.660354 0.39907
vt 0.402911 0.199074
vt 0.38909 0.199074
vt 0.38909 0.20615
vt 0.402911 0.20615
vt 0.522979 0.294039
vt 0.50889 0.264201
vt 0.50889 0.293579
vt 0.522976 0.263738
vt 0.645364 0.307944
vt 0.523811 0.307944
vt 0.645361 0.249827
vt 0.523807 0.249827
vt 0.651808 0.305359
vt 0.651807 0.252406
vt 0.654738 0.299803
vt 0.654738 0.257959
vt 0.097092 0.145543
vt 0.097092 0.008809
vt 0.154506 0.008809
vt 0.154506 0.145544
vt 0.09977 0.151942
vt 0.151826 0.151942
vt 0.105064 0.154674
vt 0.146533 0.154674
vt 0.976066 0.580646
vt 0.976066 0.458526
vt 0.982918 0.582051
vt 0.988599 0.45838
vt 0.976066 0.451561
vt 0.988599 0.595877
vt 0.982773 0.595676
vt 0.988599 0.451344
vt 0.976066 0.445257
vt 0.988599 0.445178
vt 0.988599 0.403316
vt 0.976066 0.403237
vt 0.988599 0.39715
vt 0.976066 0.396934
vt 0.988599 0.390114
vt 0.976066 0.389969
vt 0.982918 0.266444
vt 0.976066 0.267849
vt 0.988599 0.252617
vt 0.982773 0.252819
vt 0.224551 0.386579
vt 0.211157 0.386579
vt 0.211157 0.373013
vt 0.224551 0.373013
vt 0.62276846 0.8937484
vt 0.62276846 0.8866544
vt 0.63591045 0.8866544
vt 0.6366885 0.8937484
vt 0.410251 0.029808
vt 0.424073 0.029808
vt 0.424073 0.036885
vt 0.410251 0.036884
vt 0.478303 0.393168
vt 0.478303 0.406733
vt 0.464909 0.406733
vt 0.464909 0.393168
vt 0.673456 0.39907
vt 0.660354 0.39907
vt 0.660263 0.391975
vt 0.674221 0.391975
vt 0.402911 0.199074
vt 0.402911 0.20615
vt 0.38909 0.20615
vt 0.38909 0.199074
vt 0.522979 0.294039
vt 0.50889 0.293579
vt 0.50889 0.264201
vt 0.522976 0.263738
vt 0.645364 0.307944
vt 0.523811 0.307944
vt 0.645361 0.249827
vt 0.523807 0.249827
vt 0.651808 0.305359
vt 0.651807 0.252406
vt 0.654738 0.299803
vt 0.654738 0.257959
vt 0.097092 0.145543
vt 0.154506 0.008809
vt 0.097092 0.008809
vt 0.154506 0.145544
vt 0.09977 0.151942
vt 0.151826 0.151942
vt 0.105064 0.154674
vt 0.146533 0.154674
vt 0.976066 0.580646
vt 0.982918 0.582051
vt 0.976066 0.458526
vt 0.988599 0.45838
vt 0.976066 0.451561
vt 0.988599 0.595877
vt 0.982773 0.595676
vt 0.988599 0.451344
vt 0.976066 0.445257
vt 0.988599 0.445178
vt 0.988599 0.403316
vt 0.976066 0.403237
vt 0.988599 0.39715
vt 0.976066 0.396934
vt 0.988599 0.390114
vt 0.976066 0.389969
vt 0.982918 0.266444
vt 0.976066 0.267849
vt 0.988599 0.252617
vt 0.982773 0.252819
vt 0.224551 0.386579
vt 0.224551 0.373013
vt 0.211157 0.373013
vt 0.211157 0.386579
vt 0.62276846 0.8937484
vt 0.6366885 0.8937484
vt 0.63591045 0.8866544
vt 0.62276846 0.8866544
vt 0.410251 0.029808
vt 0.410251 0.036884
vt 0.424073 0.036885
vt 0.424073 0.029808
vt 0.478303 0.393168
vt 0.464909 0.393168
vt 0.464909 0.406733
vt 0.478303 0.406733
vt 0.673456 0.39907
vt 0.674221 0.391975
vt 0.660263 0.391975
vt 0.660354 0.39907
vt 0.402911 0.199074
vt 0.38909 0.199074
vt 0.38909 0.20615
vt 0.402911 0.20615
vt 0.522979 0.294039
vt 0.50889 0.264201
vt 0.50889 0.293579
vt 0.522976 0.263738
vt 0.645364 0.307944
vt 0.523811 0.307944
vt 0.645361 0.249827
vt 0.523807 0.249827
vt 0.651808 0.305359
vt 0.651807 0.252406
vt 0.654738 0.299803
vt 0.654738 0.257959
vt 0.229474 0.361487
vt 0.17666 0.347237
vt 0.17666 0.361487
vt 0.229474 0.347274
vt 0.17666 0.332997
vt 0.229474 0.333053
vt 0.17666 0.318766
vt 0.229474 0.318823
vt 0.17666 0.304545
vt 0.229474 0.304583
vt 0.17666 0.290333
vt 0.229474 0.290333
vt 0.987947 0.227549
vt 0.983065 0.237872
vt 0.987947 0.240667
vt 0.983065 0.227405
vt 0.987947 0.215677
vt 0.983065 0.215692
vt 0.987947 0.203909
vt 0.983065 0.203893
vt 0.987947 0.192036
vt 0.983065 0.192181
vt 0.987947 0.178919
vt 0.983065 0.181713
vt 0.051404 0.390946
vt 0.061726 0.386063
vt 0.048609 0.386063
vt 0.061871 0.390946
vt 0.073598 0.386063
vt 0.073583 0.390946
vt 0.085362 0.386063
vt 0.085378 0.390946
vt 0.097234 0.386063
vt 0.097089 0.390946
vt 0.110351 0.386063
vt 0.107556 0.390946
vt 0.554531 0.223849
vt 0.545245 0.243634
vt 0.554531 0.243634
vt 0.545237 0.223849
vt 0.535954 0.243634
vt 0.535947 0.223849
vt 0.526664 0.243634
vt 0.526657 0.223849
vt 0.517374 0.243634
vt 0.517367 0.223849
vt 0.50808 0.243634
vt 0.50808 0.223849
vt 0.98319 0.036865
vt 0.987707 0.049885
vt 0.987707 0.039473
vt 0.98319 0.049766
vt 0.987707 0.061477
vt 0.98319 0.061491
vt 0.987707 0.073142
vt 0.98319 0.073129
vt 0.987707 0.084734
vt 0.98319 0.084854
vt 0.987707 0.095146
vt 0.98319 0.097754
vt 0.009952 0.327006
vt 0.023915 0.322325
vt 0.009951 0.322325
vt 0.023916 0.327006
vt 0.03788 0.322325
vt 0.037881 0.327006
vt 0.051844 0.322325
vt 0.051844 0.327006
vt 0.065808 0.322325
vt 0.065808 0.327006
vt 0.079773 0.322325
vt 0.079773 0.327006
vt 0.554531 0.223849
vt 0.554531 0.243634
vt 0.545245 0.243634
vt 0.545237 0.223849
vt 0.535954 0.243634
vt 0.535947 0.223849
vt 0.526664 0.243634
vt 0.526657 0.223849
vt 0.517374 0.243634
vt 0.517367 0.223849
vt 0.50808 0.243634
vt 0.50808 0.223849
vt 0.98319 0.036865
vt 0.987707 0.039473
vt 0.987707 0.049885
vt 0.98319 0.049766
vt 0.987707 0.061477
vt 0.98319 0.061491
vt 0.987707 0.073142
vt 0.98319 0.073129
vt 0.987707 0.084734
vt 0.98319 0.084854
vt 0.987707 0.095146
vt 0.98319 0.097754
vt 0.009952 0.327006
vt 0.009951 0.322325
vt 0.023915 0.322325
vt 0.023916 0.327006
vt 0.03788 0.322325
vt 0.037881 0.327006
vt 0.051844 0.322325
vt 0.051844 0.327006
vt 0.065808 0.322325
vt 0.065808 0.327006
vt 0.079773 0.322325
vt 0.079773 0.327006
vt 0.229474 0.361487
vt 0.17666 0.361487
vt 0.17666 0.347237
vt 0.229474 0.347274
vt 0.17666 0.332997
vt 0.229474 0.333053
vt 0.17666 0.318766
vt 0.229474 0.318823
vt 0.17666 0.304545
vt 0.229474 0.304583
vt 0.17666 0.290333
vt 0.229474 0.290333
vt 0.987947 0.227549
vt 0.987947 0.240667
vt 0.983065 0.237872
vt 0.983065 0.227405
vt 0.987947 0.215677
vt 0.983065 0.215692
vt 0.987947 0.203909
vt 0.983065 0.203893
vt 0.987947 0.192036
vt 0.983065 0.192181
vt 0.987947 0.178919
vt 0.983065 0.181713
vt 0.051404 0.390946
vt 0.048609 0.386063
vt 0.061726 0.386063
vt 0.061871 0.390946
vt 0.073598 0.386063
vt 0.073583 0.390946
vt 0.085362 0.386063
vt 0.085378 0.390946
vt 0.097234 0.386063
vt 0.097089 0.390946
vt 0.110351 0.386063
vt 0.107556 0.390946
vt 0.554531 0.223849
vt 0.554531 0.243634
vt 0.545245 0.243634
vt 0.545237 0.223849
vt 0.535954 0.243634
vt 0.535947 0.223849
vt 0.526664 0.243634
vt 0.526657 0.223849
vt 0.517374 0.243634
vt 0.517367 0.223849
vt 0.50808 0.243634
vt 0.50808 0.223849
vt 0.98319 0.036865
vt 0.987707 0.039473
vt 0.987707 0.049885
vt 0.98319 0.049766
vt 0.987707 0.061477
vt 0.98319 0.061491
vt 0.987707 0.073142
vt 0.98319 0.073129
vt 0.987707 0.084734
vt 0.98319 0.084854
vt 0.987707 0.095146
vt 0.98319 0.097754
vt 0.009952 0.327006
vt 0.009951 0.322325
vt 0.023915 0.322325
vt 0.023916 0.327006
vt 0.03788 0.322325
vt 0.037881 0.327006
vt 0.051844 0.322325
vt 0.051844 0.327006
vt 0.065808 0.322325
vt 0.065808 0.327006
vt 0.079773 0.322325
vt 0.079773 0.327006
vt 0.554531 0.223849
vt 0.545245 0.243634
vt 0.554531 0.243634
vt 0.545237 0.223849
vt 0.535954 0.243634
vt 0.535947 0.223849
vt 0.526664 0.243634
vt 0.526657 0.223849
vt 0.517374 0.243634
vt 0.517367 0.223849
vt 0.50808 0.243634
vt 0.50808 0.223849
vt 0.98319 0.036865
vt 0.987707 0.049885
vt 0.987707 0.039473
vt 0.98319 0.049766
vt 0.987707 0.061477
vt 0.98319 0.061491
vt 0.987707 0.073142
vt 0.98319 0.073129
vt 0.987707 0.084734
vt 0.98319 0.084854
vt 0.987707 0.095146
vt 0.98319 0.097754
vt 0.009952 0.327006
vt 0.023915 0.322325
vt 0.009951 0.322325
vt 0.023916 0.327006
vt 0.03788 0.322325
vt 0.037881 0.327006
vt 0.051844 0.322325
vt 0.051844 0.327006
vt 0.065808 0.322325
vt 0.065808 0.327006
vt 0.079773 0.322325
vt 0.079773 0.327006
vt 0.229474 0.361487
vt 0.17666 0.361487
vt 0.17666 0.347237
vt 0.229474 0.347274
vt 0.17666 0.332997
vt 0.229474 0.333053
vt 0.17666 0.318766
vt 0.229474 0.318823
vt 0.17666 0.304545
vt 0.229474 0.304583
vt 0.17666 0.290333
vt 0.229474 0.290333
vt 0.987947 0.227549
vt 0.987947 0.240667
vt 0.983065 0.237872
vt 0.983065 0.227405
vt 0.987947 0.215677
vt 0.983065 0.215692
vt 0.987947 0.203909
vt 0.983065 0.203893
vt 0.987947 0.192036
vt 0.983065 0.192181
vt 0.987947 0.178919
vt 0.983065 0.181713
vt 0.051404 0.390946
vt 0.048609 0.386063
vt 0.061726 0.386063
vt 0.061871 0.390946
vt 0.073598 0.386063
vt 0.073583 0.390946
vt 0.085362 0.386063
vt 0.085378 0.390946
vt 0.097234 0.386063
vt 0.097089 0.390946
vt 0.110351 0.386063
vt 0.107556 0.390946
vt 0.554531 0.223849
vt 0.554531 0.243634
vt 0.545245 0.243634
vt 0.545237 0.223849
vt 0.535954 0.243634
vt 0.535947 0.223849
vt 0.526664 0.243634
vt 0.526657 0.223849
vt 0.517374 0.243634
vt 0.517367 0.223849
vt 0.50808 0.243634
vt 0.50808 0.223849
vt 0.98319 0.036865
vt 0.987707 0.039473
vt 0.987707 0.049885
vt 0.98319 0.049766
vt 0.987707 0.061477
vt 0.98319 0.061491
vt 0.987707 0.073142
vt 0.98319 0.073129
vt 0.987707 0.084734
vt 0.98319 0.084854
vt 0.987707 0.095146
vt 0.98319 0.097754
vt 0.009952 0.327006
vt 0.009951 0.322325
vt 0.023915 0.322325
vt 0.023916 0.327006
vt 0.03788 0.322325
vt 0.037881 0.327006
vt 0.051844 0.322325
vt 0.051844 0.327006
vt 0.065808 0.322325
vt 0.065808 0.327006
vt 0.079773 0.322325
vt 0.079773 0.327006
vt 0.554531 0.223849
vt 0.545245 0.243634
vt 0.554531 0.243634
vt 0.545237 0.223849
vt 0.535954 0.243634
vt 0.535947 0.223849
vt 0.526664 0.243634
vt 0.526657 0.223849
vt 0.517374 0.243634
vt 0.517367 0.223849
vt 0.50808 0.243634
vt 0.50808 0.223849
vt 0.98319 0.036865
vt 0.987707 0.049885
vt 0.987707 0.039473
vt 0.98319 0.049766
vt 0.987707 0.061477
vt 0.98319 0.061491
vt 0.987707 0.073142
vt 0.98319 0.073129
vt 0.987707 0.084734
vt 0.98319 0.084854
vt 0.987707 0.095146
vt 0.98319 0.097754
vt 0.009952 0.327006
vt 0.023915 0.322325
vt 0.009951 0.322325
vt 0.023916 0.327006
vt 0.03788 0.322325
vt 0.037881 0.327006
vt 0.051844 0.322325
vt 0.051844 0.327006
vt 0.065808 0.322325
vt 0.065808 0.327006
vt 0.079773 0.322325
vt 0.079773 0.327006
vt 0.229474 0.361487
vt 0.17666 0.347237
vt 0.17666 0.361487
vt 0.229474 0.347274
vt 0.17666 0.332997
vt 0.229474 0.333053
vt 0.17666 0.318766
vt 0.229474 0.318823
vt 0.17666 0.304545
vt 0.229474 0.304583
vt 0.17666 0.290333
vt 0.229474 0.290333
vt 0.987947 0.227549
vt 0.983065 0.237872
vt 0.987947 0.240667
vt 0.983065 0.227405
vt 0.987947 0.215677
vt 0.983065 0.215692
vt 0.987947 0.203909
vt 0.983065 0.203893
vt 0.987947 0.192036
vt 0.983065 0.192181
vt 0.987947 0.178919
vt 0.983065 0.181713
vt 0.051404 0.390946
vt 0.061726 0.386063
vt 0.048609 0.386063
vt 0.061871 0.390946
vt 0.073598 0.386063
vt 0.073583 0.390946
vt 0.085362 0.386063
vt 0.085378 0.390946
vt 0.097234 0.386063
vt 0.097089 0.390946
vt 0.110351 0.386063
vt 0.107556 0.390946
vt 0.554531 0.223849
vt 0.545245 0.243634
vt 0.554531 0.243634
vt 0.545237 0.223849
vt 0.535954 0.243634
vt 0.535947 0.223849
vt 0.526664 0.243634
vt 0.526657 0.223849
vt 0.517374 0.243634
vt 0.517367 0.223849
vt 0.50808 0.243634
vt 0.50808 0.223849
vt 0.98319 0.036865
vt 0.987707 0.049885
vt 0.987707 0.039473
vt 0.98319 0.049766
vt 0.987707 0.061477
vt 0.98319 0.061491
vt 0.987707 0.073142
vt 0.98319 0.073129
vt 0.987707 0.084734
vt 0.98319 0.084854
vt 0.987707 0.095146
vt 0.98319 0.097754
vt 0.009952 0.327006
vt 0.023915 0.322325
vt 0.009951 0.322325
vt 0.023916 0.327006
vt 0.03788 0.322325
vt 0.037881 0.327006
vt 0.051844 0.322325
vt 0.051844 0.327006
vt 0.065808 0.322325
vt 0.065808 0.327006
vt 0.079773 0.322325
vt 0.079773 0.327006
vt 0.554531 0.223849
vt 0.554531 0.243634
vt 0.545245 0.243634
vt 0.545237 0.223849
vt 0.535954 0.243634
vt 0.535947 0.223849
vt 0.526664 0.243634
vt 0.526657 0.223849
vt 0.517374 0.243634
vt 0.517367 0.223849
vt 0.50808 0.243634
vt 0.50808 0.223849
vt 0.98319 0.036865
vt 0.987707 0.039473
vt 0.987707 0.049885
vt 0.98319 0.049766
vt 0.987707 0.061477
vt 0.98319 0.061491
vt 0.987707 0.073142
vt 0.98319 0.073129
vt 0.987707 0.084734
vt 0.98319 0.084854
vt 0.987707 0.095146
vt 0.98319 0.097754
vt 0.009952 0.327006
vt 0.009951 0.322325
vt 0.023915 0.322325
vt 0.023916 0.327006
vt 0.03788 0.322325
vt 0.037881 0.327006
vt 0.051844 0.322325
vt 0.051844 0.327006
vt 0.065808 0.322325
vt 0.065808 0.327006
vt 0.079773 0.322325
vt 0.079773 0.327006
vt 0.151379 0.171865
vt 0.176171 0.251122
vt 0.151379 0.251502
vt 0.176236 0.17176
vt 0.194384 0.239253
vt 0.195185 0.173984
vt 0.210828 0.222987
vt 0.217776 0.168502
vt 0.49437383 0.66177607
vt 0.44549283 0.645771
vt 0.49994785 0.63860303
vt 0.42891684 0.66263705
vt 0.49672586 0.68022203
vt 0.41757184 0.68017507
vt 0.49670383 0.70505106
vt 0.41702983 0.70505106
vt 0.136064 0.392189
vt 0.112996 0.38933
vt 0.136719 0.387654
vt 0.15791 0.392189
vt 0.15774 0.387654
vt 0.182787 0.387654
vt 0.182789 0.392189
vt 0.49262837 0.8432608
vt 0.46946537 0.84593385
vt 0.46884036 0.84101385
vt 0.4503224 0.84593385
vt 0.45021236 0.84101385
vt 0.42534438 0.84593385
vt 0.42534438 0.84101385
vt 0.151379 0.171865
vt 0.176171 0.251122
vt 0.151379 0.251502
vt 0.176236 0.17176
vt 0.194384 0.239253
vt 0.195185 0.173984
vt 0.210828 0.222987
vt 0.217776 0.168502
vt 0.49437383 0.66177607
vt 0.44549283 0.645771
vt 0.49994785 0.63860303
vt 0.42891684 0.66263705
vt 0.49672586 0.68022203
vt 0.41757184 0.68017507
vt 0.49670383 0.70505106
vt 0.41702983 0.70505106
vt 0.136064 0.392189
vt 0.112996 0.38933
vt 0.136719 0.387654
vt 0.15791 0.392189
vt 0.15774 0.387654
vt 0.182787 0.387654
vt 0.182789 0.392189
vt 0.49262837 0.8432608
vt 0.46946537 0.84593385
vt 0.46884036 0.84101385
vt 0.4503224 0.84593385
vt 0.45021236 0.84101385
vt 0.42534438 0.84593385
vt 0.42534438 0.84101385
vt 0.151379 0.171865
vt 0.176171 0.251122
vt 0.151379 0.251502
vt 0.176236 0.17176
vt 0.194384 0.239253
vt 0.195185 0.173984
vt 0.210828 0.222987
vt 0.217776 0.168502
vt 0.49437383 0.66177607
vt 0.44549283 0.645771
vt 0.49994785 0.63860303
vt 0.42891684 0.66263705
vt 0.49672586 0.68022203
vt 0.41757184 0.68017507
vt 0.49670383 0.70505106
vt 0.41702983 0.70505106
vt 0.136064 0.392189
vt 0.112996 0.38933
vt 0.136719 0.387654
vt 0.15791 0.392189
vt 0.15774 0.387654
vt 0.182787 0.387654
vt 0.182789 0.392189
vt 0.49262837 0.8432608
vt 0.46946537 0.84593385
vt 0.46884036 0.84101385
vt 0.4503224 0.84593385
vt 0.45021236 0.84101385
vt 0.42534438 0.84593385
vt 0.42534438 0.84101385
vt 0.151379 0.171865
vt 0.176171 0.251122
vt 0.151379 0.251502
vt 0.176236 0.17176
vt 0.194384 0.239253
vt 0.195185 0.173984
vt 0.210828 0.222987
vt 0.217776 0.168502
vt 0.49437383 0.66177607
vt 0.44549283 0.645771
vt 0.49994785 0.63860303
vt 0.42891684 0.66263705
vt 0.49672586 0.68022203
vt 0.41757184 0.68017507
vt 0.49670383 0.70505106
vt 0.41702983 0.70505106
vt 0.136064 0.392189
vt 0.112996 0.38933
vt 0.136719 0.387654
vt 0.15791 0.392189
vt 0.15774 0.387654
vt 0.182787 0.387654
vt 0.182789 0.392189
vt 0.49262837 0.8432608
vt 0.46946537 0.84593385
vt 0.46884036 0.84101385
vt 0.4503224 0.84593385
vt 0.45021236 0.84101385
vt 0.42534438 0.84593385
vt 0.42534438 0.84101385
vt 0.151379 0.171865
vt 0.176171 0.251122
vt 0.151379 0.251502
vt 0.176236 0.17176
vt 0.194384 0.239253
vt 0.195185 0.173984
vt 0.210828 0.222987
vt 0.217776 0.168502
vt 0.49437383 0.66177607
vt 0.44549283 0.645771
vt 0.49994785 0.63860303
vt 0.42891684 0.66263705
vt 0.49672586 0.68022203
vt 0.41757184 0.68017507
vt 0.49670383 0.70505106
vt 0.41702983 0.70505106
vt 0.136064 0.392189
vt 0.112996 0.38933
vt 0.136719 0.387654
vt 0.15791 0.392189
vt 0.15774 0.387654
vt 0.182787 0.387654
vt 0.182789 0.392189
vt 0.49262837 0.8432608
vt 0.46946537 0.84593385
vt 0.46884036 0.84101385
vt 0.4503224 0.84593385
vt 0.45021236 0.84101385
vt 0.42534438 0.84593385
vt 0.42534438 0.84101385
vt 0.151379 0.171865
vt 0.176171 0.251122
vt 0.151379 0.251502
vt 0.176236 0.17176
vt 0.194384 0.239253
vt 0.195185 0.173984
vt 0.210828 0.222987
vt 0.217776 0.168502
vt 0.49437383 0.66177607
vt 0.44549283 0.645771
vt 0.49994785 0.63860303
vt 0.42891684 0.66263705
vt 0.49672586 0.68022203
vt 0.41757184 0.68017507
vt 0.49670383 0.70505106
vt 0.41702983 0.70505106
vt 0.136064 0.392189
vt 0.112996 0.38933
vt 0.136719 0.387654
vt 0.15791 0.392189
vt 0.15774 0.387654
vt 0.182787 0.387654
vt 0.182789 0.392189
vt 0.49262837 0.8432608
vt 0.46946537 0.84593385
vt 0.46884036 0.84101385
vt 0.4503224 0.84593385
vt 0.45021236 0.84101385
vt 0.42534438 0.84593385
vt 0.42534438 0.84101385
vt 0.151379 0.171865
vt 0.176171 0.251122
vt 0.151379 0.251502
vt 0.176236 0.17176
vt 0.194384 0.239253
vt 0.195185 0.173984
vt 0.210828 0.222987
vt 0.217776 0.168502
vt 0.49437383 0.66177607
vt 0.44549283 0.645771
vt 0.49994785 0.63860303
vt 0.42891684 0.66263705
vt 0.49672586 0.68022203
vt 0.41757184 0.68017507
vt 0.49670383 0.70505106
vt 0.41702983 0.70505106
vt 0.136064 0.392189
vt 0.112996 0.38933
vt 0.136719 0.387654
vt 0.15791 0.392189
vt 0.15774 0.387654
vt 0.182787 0.387654
vt 0.182789 0.392189
vt 0.49262837 0.8432608
vt 0.46946537 0.84593385
vt 0.46884036 0.84101385
vt 0.4503224 0.84593385
vt 0.45021236 0.84101385
vt 0.42534438 0.84593385
vt 0.42534438 0.84101385
vt 0.151379 0.171865
vt 0.176171 0.251122
vt 0.151379 0.251502
vt 0.176236 0.17176
vt 0.194384 0.239253
vt 0.195185 0.173984
vt 0.210828 0.222987
vt 0.217776 0.168502
vt 0.49437383 0.66177607
vt 0.44549283 0.645771
vt 0.49994785 0.63860303
vt 0.42891684 0.66263705
vt 0.49672586 0.68022203
vt 0.41757184 0.68017507
vt 0.49670383 0.70505106
vt 0.41702983 0.70505106
vt 0.136064 0.392189
vt 0.112996 0.38933
vt 0.136719 0.387654
vt 0.15791 0.392189
vt 0.15774 0.387654
vt 0.182787 0.387654
vt 0.182789 0.392189
vt 0.49262837 0.8432608
vt 0.46946537 0.84593385
vt 0.46884036 0.84101385
vt 0.4503224 0.84593385
vt 0.45021236 0.84101385
vt 0.42534438 0.84593385
vt 0.42534438 0.84101385
vt 0.151379 0.171865
vt 0.176171 0.251122
vt 0.151379 0.251502
vt 0.176236 0.17176
vt 0.194384 0.239253
vt 0.195185 0.173984
vt 0.210828 0.222987
vt 0.217776 0.168502
vt 0.49437383 0.66177607
vt 0.44549283 0.645771
vt 0.49994785 0.63860303
vt 0.42891684 0.66263705
vt 0.49672586 0.68022203
vt 0.41757184 0.68017507
vt 0.49670383 0.70505106
vt 0.41702983 0.70505106
vt 0.136064 0.392189
vt 0.112996 0.38933
vt 0.136719 0.387654
vt 0.15791 0.392189
vt 0.15774 0.387654
vt 0.182787 0.387654
vt 0.182789 0.392189
vt 0.49262837 0.8432608
vt 0.46946537 0.84593385
vt 0.46884036 0.84101385
vt 0.4503224 0.84593385
vt 0.45021236 0.84101385
vt 0.42534438 0.84593385
vt 0.42534438 0.84101385
vt 0.151379 0.171865
vt 0.176171 0.251122
vt 0.151379 0.251502
vt 0.176236 0.17176
vt 0.194384 0.239253
vt 0.195185 0.173984
vt 0.210828 0.222987
vt 0.217776 0.168502
vt 0.49437383 0.66177607
vt 0.44549283 0.645771
vt 0.49994785 0.63860303
vt 0.42891684 0.66263705
vt 0.49672586 0.68022203
vt 0.41757184 0.68017507
vt 0.49670383 0.70505106
vt 0.41702983 0.70505106
vt 0.136064 0.392189
vt 0.112996 0.38933
vt 0.136719 0.387654
vt 0.15791 0.392189
vt 0.15774 0.387654
vt 0.182787 0.387654
vt 0.182789 0.392189
vt 0.49262837 0.8432608
vt 0.46946537 0.84593385
vt 0.46884036 0.84101385
vt 0.4503224 0.84593385
vt 0.45021236 0.84101385
vt 0.42534438 0.84593385
vt 0.42534438 0.84101385
vt 0.151379 0.171865
vt 0.176171 0.251122
vt 0.151379 0.251502
vt 0.176236 0.17176
vt 0.194384 0.239253
vt 0.195185 0.173984
vt 0.210828 0.222987
vt 0.217776 0.168502
vt 0.49437383 0.66177607
vt 0.44549283 0.645771
vt 0.49994785 0.63860303
vt 0.42891684 0.66263705
vt 0.49672586 0.68022203
vt 0.41757184 0.68017507
vt 0.49670383 0.70505106
vt 0.41702983 0.70505106
vt 0.136064 0.392189
vt 0.112996 0.38933
vt 0.136719 0.387654
vt 0.15791 0.392189
vt 0.15774 0.387654
vt 0.182787 0.387654
vt 0.182789 0.392189
vt 0.49262837 0.8432608
vt 0.46946537 0.84593385
vt 0.46884036 0.84101385
vt 0.4503224 0.84593385
vt 0.45021236 0.84101385
vt 0.42534438 0.84593385
vt 0.42534438 0.84101385
vt 0.151379 0.171865
vt 0.176171 0.251122
vt 0.151379 0.251502
vt 0.176236 0.17176
vt 0.194384 0.239253
vt 0.195185 0.173984
vt 0.210828 0.222987
vt 0.217776 0.168502
vt 0.49437383 0.66177607
vt 0.44549283 0.645771
vt 0.49994785 0.63860303
vt 0.42891684 0.66263705
vt 0.49672586 0.68022203
vt 0.41757184 0.68017507
vt 0.49670383 0.70505106
vt 0.41702983 0.70505106
vt 0.136064 0.392189
vt 0.112996 0.38933
vt 0.136719 0.387654
vt 0.15791 0.392189
vt 0.15774 0.387654
vt 0.182787 0.387654
vt 0.182789 0.392189
vt 0.49262837 0.8432608
vt 0.46946537 0.84593385
vt 0.46884036 0.84101385
vt 0.4503224 0.84593385
vt 0.45021236 0.84101385
vt 0.42534438 0.84593385
vt 0.42534438 0.84101385
vt 0.151379 0.171865
vt 0.176171 0.251122
vt 0.151379 0.251502
vt 0.176236 0.17176
vt 0.194384 0.239253
vt 0.195185 0.173984
vt 0.210828 0.222987
vt 0.217776 0.168502
vt 0.49437383 0.66177607
vt 0.44549283 0.645771
vt 0.49994785 0.63860303
vt 0.42891684 0.66263705
vt 0.49672586 0.68022203
vt 0.41757184 0.68017507
vt 0.49670383 0.70505106
vt 0.41702983 0.70505106
vt 0.136064 0.392189
vt 0.112996 0.38933
vt 0.136719 0.387654
vt 0.15791 0.392189
vt 0.15774 0.387654
vt 0.182787 0.387654
vt 0.182789 0.392189
vt 0.49262837 0.8432608
vt 0.46946537 0.84593385
vt 0.46884036 0.84101385
vt 0.4503224 0.84593385
vt 0.45021236 0.84101385
vt 0.42534438 0.84593385
vt 0.42534438 0.84101385
vt 0.670818 0.162282
vt 0.66187865 0.162282
vt 0.66187865 0.152975
vt 0.670818 0.152976
vt 0.670818 0.15112
vt 0.66187865 0.151119
vt 0.670818 0.144453
vt 0.66187865 0.144453
vt 0.670818 0.124016
vt 0.66187865 0.124016
vt 0.670818 0.122456
vt 0.66187865 0.122456
vt 0.66187865 0.11892
vt 0.670818 0.11892
vt 0.451347 0.615481
vt 0.441873 0.634654
vt 0.441873 0.615367
vt 0.451007 0.634765
vt 0.452006 0.617204
vt 0.451519 0.633028
vt 0.458776 0.617448
vt 0.458078 0.633264
vt 0.477812 0.628198
vt 0.475978 0.612481
vt 0.478567 0.629572
vt 0.476425 0.610616
vt 0.481965 0.628632
vt 0.479837 0.609659
vt 0.421282 0.600889
vt 0.421282 0.581595
vt 0.430473 0.581524
vt 0.430704 0.600817
vt 0.431044 0.583278
vt 0.431298 0.599113
vt 0.437711 0.583206
vt 0.437965 0.599041
vt 0.457322 0.588966
vt 0.454932 0.604613
vt 0.458142 0.58764
vt 0.455287 0.606507
vt 0.46151 0.588718
vt 0.458651 0.6076
vt 0.545872 0.148121
vt 0.536225 0.138815
vt 0.545872 0.138813
vt 0.536225 0.148122
vt 0.545872 0.149914
vt 0.536225 0.149916
vt 0.545872 0.156581
vt 0.536225 0.156583
vt 0.545872 0.174441
vt 0.536225 0.174442
vt 0.545872 0.176368
vt 0.536225 0.17637
vt 0.545872 0.179904
vt 0.536225 0.179906
vt 0.670818 0.162282
vt 0.66187865 0.152975
vt 0.66187865 0.162282
vt 0.670818 0.152976
vt 0.670818 0.15112
vt 0.66187865 0.151119
vt 0.670818 0.144453
vt 0.66187865 0.144453
vt 0.670818 0.124016
vt 0.66187865 0.124016
vt 0.670818 0.122456
vt 0.66187865 0.122456
vt 0.66187865 0.11892
vt 0.670818 0.11892
vt 0.451347 0.615481
vt 0.441873 0.615367
vt 0.441873 0.634654
vt 0.451007 0.634765
vt 0.452006 0.617204
vt 0.451519 0.633028
vt 0.458776 0.617448
vt 0.458078 0.633264
vt 0.477812 0.628198
vt 0.475978 0.612481
vt 0.478567 0.629572
vt 0.476425 0.610616
vt 0.481965 0.628632
vt 0.479837 0.609659
vt 0.421282 0.600889
vt 0.430473 0.581524
vt 0.421282 0.581595
vt 0.430704 0.600817
vt 0.431044 0.583278
vt 0.431298 0.599113
vt 0.437711 0.583206
vt 0.437965 0.599041
vt 0.457322 0.588966
vt 0.454932 0.604613
vt 0.458142 0.58764
vt 0.455287 0.606507
vt 0.46151 0.588718
vt 0.458651 0.6076
vt 0.545872 0.148121
vt 0.545872 0.138813
vt 0.536225 0.138815
vt 0.536225 0.148122
vt 0.545872 0.149914
vt 0.536225 0.149916
vt 0.545872 0.156581
vt 0.536225 0.156583
vt 0.545872 0.174441
vt 0.536225 0.174442
vt 0.545872 0.176368
vt 0.536225 0.17637
vt 0.545872 0.179904
vt 0.536225 0.179906
vt 0.670818 0.162282
vt 0.66187865 0.152975
vt 0.66187865 0.162282
vt 0.670818 0.152976
vt 0.670818 0.15112
vt 0.66187865 0.151119
vt 0.670818 0.144453
vt 0.66187865 0.144453
vt 0.670818 0.124016
vt 0.66187865 0.124016
vt 0.670818 0.122456
vt 0.66187865 0.122456
vt 0.66187865 0.11892
vt 0.670818 0.11892
vt 0.451347 0.615481
vt 0.441873 0.615367
vt 0.441873 0.634654
vt 0.451007 0.634765
vt 0.452006 0.617204
vt 0.451519 0.633028
vt 0.458776 0.617448
vt 0.458078 0.633264
vt 0.477812 0.628198
vt 0.475978 0.612481
vt 0.478567 0.629572
vt 0.476425 0.610616
vt 0.481965 0.628632
vt 0.479837 0.609659
vt 0.421282 0.600889
vt 0.430473 0.581524
vt 0.421282 0.581595
vt 0.430704 0.600817
vt 0.431044 0.583278
vt 0.431298 0.599113
vt 0.437711 0.583206
vt 0.437965 0.599041
vt 0.457322 0.588966
vt 0.454932 0.604613
vt 0.458142 0.58764
vt 0.455287 0.606507
vt 0.46151 0.588718
vt 0.458651 0.6076
vt 0.545872 0.148121
vt 0.545872 0.138813
vt 0.536225 0.138815
vt 0.536225 0.148122
vt 0.545872 0.149914
vt 0.536225 0.149916
vt 0.545872 0.156581
vt 0.536225 0.156583
vt 0.545872 0.174441
vt 0.536225 0.174442
vt 0.545872 0.176368
vt 0.536225 0.17637
vt 0.545872 0.179904
vt 0.536225 0.179906
vt 0.670818 0.162282
vt 0.66187865 0.162282
vt 0.66187865 0.152975
vt 0.670818 0.152976
vt 0.670818 0.15112
vt 0.66187865 0.151119
vt 0.670818 0.144453
vt 0.66187865 0.144453
vt 0.670818 0.124016
vt 0.66187865 0.124016
vt 0.670818 0.122456
vt 0.66187865 0.122456
vt 0.66187865 0.11892
vt 0.670818 0.11892
vt 0.451347 0.615481
vt 0.441873 0.634654
vt 0.441873 0.615367
vt 0.451007 0.634765
vt 0.452006 0.617204
vt 0.451519 0.633028
vt 0.458776 0.617448
vt 0.458078 0.633264
vt 0.477812 0.628198
vt 0.475978 0.612481
vt 0.478567 0.629572
vt 0.476425 0.610616
vt 0.481965 0.628632
vt 0.479837 0.609659
vt 0.421282 0.600889
vt 0.421282 0.581595
vt 0.430473 0.581524
vt 0.430704 0.600817
vt 0.431044 0.583278
vt 0.431298 0.599113
vt 0.437711 0.583206
vt 0.437965 0.599041
vt 0.457322 0.588966
vt 0.454932 0.604613
vt 0.458142 0.58764
vt 0.455287 0.606507
vt 0.46151 0.588718
vt 0.458651 0.6076
vt 0.545872 0.148121
vt 0.536225 0.138815
vt 0.545872 0.138813
vt 0.536225 0.148122
vt 0.545872 0.149914
vt 0.536225 0.149916
vt 0.545872 0.156581
vt 0.536225 0.156583
vt 0.545872 0.174441
vt 0.536225 0.174442
vt 0.545872 0.176368
vt 0.536225 0.17637
vt 0.545872 0.179904
vt 0.536225 0.179906
vt 0.41028383 0.8545866
vt 0.41800383 0.8387326
vt 0.40028343 0.8520857
vt 0.40068582 0.83059764
vt 0.39323583 0.847709
vt 0.2949567 0.83059764
vt 0.39501777 0.85380757
vt 0.3980805 0.855901
vt 0.28570977 0.85380757
vt 0.28084078 0.82926357
vt 0.2669547 0.86030364
vt 0.27938774 0.86648655
vt 0.42997 0.6281744
vt 0.42997 0.6106186
vt 0.4176497 0.6106186
vt 0.4176497 0.6281744
vt 0.459831 0.295685
vt 0.459328 0.283588
vt 0.441155 0.283588
vt 0.441326 0.295685
vt 0.337337 0.295685
vt 0.33762 0.283588
vt 0.323701 0.295685
vt 0.324557 0.283588
vt 0.600935 0.8627
vt 0.600934 0.875516
vt 0.634553 0.875516
vt 0.634553 0.8627
vt 0.196189 0.65244627
vt 0.20636 0.65151227
vt 0.20636 0.634101
vt 0.196189 0.634839
vt 0.39046 0.6279384
vt 0.4087968 0.64020777
vt 0.4010318 0.6245167
vt 0.3930548 0.64759076
vt 0.3851117 0.63104165
vt 0.2902668 0.64759076
vt 0.28197816 0.6250948
vt 0.2776678 0.64896375
vt 0.2627068 0.61915773
vt 0.2745658 0.61299074
vt 0.38566273 0.6264753
vt 0.3892071 0.62531
vt 0.39255974 0.6240478
vt 0.39337876 0.6263212
vt 0.350181 0.19792074
vt 0.337893 0.19792074
vt 0.337893 0.206409
vt 0.350181 0.206409
vt 0.41028383 0.8545866
vt 0.40028343 0.8520857
vt 0.41800383 0.8387326
vt 0.40068582 0.83059764
vt 0.39323583 0.847709
vt 0.2949567 0.83059764
vt 0.39501777 0.85380757
vt 0.3980805 0.855901
vt 0.28570977 0.85380757
vt 0.28084078 0.82926357
vt 0.2669547 0.86030364
vt 0.27938774 0.86648655
vt 0.42997 0.6281744
vt 0.4176497 0.6281744
vt 0.4176497 0.6106186
vt 0.42997 0.6106186
vt 0.459831 0.295685
vt 0.441155 0.283588
vt 0.459328 0.283588
vt 0.441326 0.295685
vt 0.337337 0.295685
vt 0.33762 0.283588
vt 0.323701 0.295685
vt 0.324557 0.283588
vt 0.600935 0.8627
vt 0.634553 0.8627
vt 0.634553 0.875516
vt 0.600934 0.875516
vt 0.196189 0.65244627
vt 0.196189 0.634839
vt 0.20636 0.634101
vt 0.20636 0.65151227
vt 0.39046 0.6279384
vt 0.4010318 0.6245167
vt 0.4087968 0.64020777
vt 0.3930548 0.64759076
vt 0.3851117 0.63104165
vt 0.2902668 0.64759076
vt 0.38566273 0.6264753
vt 0.3892071 0.62531
vt 0.28197816 0.6250948
vt 0.2776678 0.64896375
vt 0.2627068 0.61915773
vt 0.2745658 0.61299074
vt 0.350181 0.19792074
vt 0.350181 0.206409
vt 0.337893 0.206409
vt 0.337893 0.19792074
vt 0.41028383 0.8545866
vt 0.40028343 0.8520857
vt 0.41800383 0.8387326
vt 0.40068582 0.83059764
vt 0.39323583 0.847709
vt 0.2949567 0.83059764
vt 0.39501777 0.85380757
vt 0.3980805 0.855901
vt 0.28570977 0.85380757
vt 0.28084078 0.82926357
vt 0.2669547 0.86030364
vt 0.27938774 0.86648655
vt 0.42997 0.6281744
vt 0.4176497 0.6281744
vt 0.4176497 0.6106186
vt 0.42997 0.6106186
vt 0.459831 0.295685
vt 0.441155 0.283588
vt 0.459328 0.283588
vt 0.441326 0.295685
vt 0.337337 0.295685
vt 0.33762 0.283588
vt 0.323701 0.295685
vt 0.324557 0.283588
vt 0.600935 0.8627
vt 0.634553 0.8627
vt 0.634553 0.875516
vt 0.600934 0.875516
vt 0.196189 0.65244627
vt 0.196189 0.634839
vt 0.20636 0.634101
vt 0.20636 0.65151227
vt 0.39046 0.6279384
vt 0.4010318 0.6245167
vt 0.4087968 0.64020777
vt 0.3930548 0.64759076
vt 0.3851117 0.63104165
vt 0.2902668 0.64759076
vt 0.38566273 0.6264753
vt 0.3892071 0.62531
vt 0.28197816 0.6250948
vt 0.2776678 0.64896375
vt 0.2627068 0.61915773
vt 0.2745658 0.61299074
vt 0.350181 0.19792074
vt 0.350181 0.206409
vt 0.337893 0.206409
vt 0.337893 0.19792074
vt 0.41028383 0.8545866
vt 0.41800383 0.8387326
vt 0.40028343 0.8520857
vt 0.40068582 0.83059764
vt 0.39323583 0.847709
vt 0.2949567 0.83059764
vt 0.39501777 0.85380757
vt 0.3980805 0.855901
vt 0.28570977 0.85380757
vt 0.28084078 0.82926357
vt 0.2669547 0.86030364
vt 0.27938774 0.86648655
vt 0.42997 0.6281744
vt 0.42997 0.6106186
vt 0.4176497 0.6106186
vt 0.4176497 0.6281744
vt 0.459831 0.295685
vt 0.459328 0.283588
vt 0.441155 0.283588
vt 0.441326 0.295685
vt 0.337337 0.295685
vt 0.33762 0.283588
vt 0.323701 0.295685
vt 0.324557 0.283588
vt 0.600935 0.8627
vt 0.600934 0.875516
vt 0.634553 0.875516
vt 0.634553 0.8627
vt 0.196189 0.65244627
vt 0.20636 0.65151227
vt 0.20636 0.634101
vt 0.196189 0.634839
vt 0.39046 0.6279384
vt 0.4087968 0.64020777
vt 0.4010318 0.6245167
vt 0.3930548 0.64759076
vt 0.3851117 0.63104165
vt 0.2902668 0.64759076
vt 0.38566273 0.6264753
vt 0.3892071 0.62531
vt 0.28197816 0.6250948
vt 0.2776678 0.64896375
vt 0.2627068 0.61915773
vt 0.2745658 0.61299074
vt 0.350181 0.19792074
vt 0.337893 0.19792074
vt 0.337893 0.206409
vt 0.350181 0.206409
vt 0.976272 0.989981
vt 0.99107 0.989981
vt 0.99107 0.970477
vt 0.976272 0.970477
vt 0.99107 0.941413
vt 0.976272 0.941412
vt 0.99107 0.916422
vt 0.976272 0.916422
vt 0.99107 0.885021
vt 0.976272 0.885021
vt 0.976272 0.843923
vt 0.99107 0.843923
vt 0.976272 0.811534
vt 0.99107 0.811534
vt 0.428225 0.072848
vt 0.449018 0.072848
vt 0.449018 0.062434
vt 0.427846 0.062434
vt 0.397946 0.072848
vt 0.397683 0.062434
vt 0.371675 0.072848
vt 0.371508 0.062434
vt 0.338663 0.062434
vt 0.338483 0.072848
vt 0.295923 0.072848
vt 0.296382 0.062434
vt 0.263501 0.072848
vt 0.263501 0.062434
vt 0.688528 0.020765
vt 0.703326 0.020765
vt 0.703326 0.010918
vt 0.688528 0.010918
vt 0.989072 0.779087
vt 0.978662 0.799881
vt 0.989072 0.799881
vt 0.978662 0.778709
vt 0.989072 0.748793
vt 0.978662 0.74853
vt 0.989072 0.722495
vt 0.978662 0.722328
vt 0.978662 0.689459
vt 0.989072 0.689279
vt 0.989072 0.64671
vt 0.978662 0.647168
vt 0.978662 0.61429
vt 0.989072 0.61429
vt 0.976272 0.989981
vt 0.99107 0.970477
vt 0.99107 0.989981
vt 0.976272 0.970477
vt 0.99107 0.941413
vt 0.976272 0.941412
vt 0.99107 0.916422
vt 0.976272 0.916422
vt 0.99107 0.885021
vt 0.976272 0.885021
vt 0.976272 0.843923
vt 0.99107 0.843923
vt 0.976272 0.811534
vt 0.99107 0.811534
vt 0.428225 0.072848
vt 0.449018 0.062434
vt 0.449018 0.072848
vt 0.427846 0.062434
vt 0.397946 0.072848
vt 0.397683 0.062434
vt 0.371675 0.072848
vt 0.371508 0.062434
vt 0.338663 0.062434
vt 0.338483 0.072848
vt 0.295923 0.072848
vt 0.296382 0.062434
vt 0.263501 0.072848
vt 0.263501 0.062434
vt 0.688528 0.020765
vt 0.688528 0.010918
vt 0.703326 0.010918
vt 0.703326 0.020765
vt 0.989072 0.779087
vt 0.989072 0.799881
vt 0.978662 0.799881
vt 0.978662 0.778709
vt 0.989072 0.748793
vt 0.978662 0.74853
vt 0.989072 0.722495
vt 0.978662 0.722328
vt 0.978662 0.689459
vt 0.989072 0.689279
vt 0.989072 0.64671
vt 0.978662 0.647168
vt 0.978662 0.61429
vt 0.989072 0.61429
vt 0.976272 0.989981
vt 0.99107 0.970477
vt 0.99107 0.989981
vt 0.976272 0.970477
vt 0.99107 0.941413
vt 0.976272 0.941412
vt 0.99107 0.916422
vt 0.976272 0.916422
vt 0.99107 0.885021
vt 0.976272 0.885021
vt 0.976272 0.843923
vt 0.99107 0.843923
vt 0.976272 0.811534
vt 0.99107 0.811534
vt 0.428225 0.072848
vt 0.449018 0.062434
vt 0.449018 0.072848
vt 0.427846 0.062434
vt 0.397946 0.072848
vt 0.397683 0.062434
vt 0.371675 0.072848
vt 0.371508 0.062434
vt 0.338663 0.062434
vt 0.338483 0.072848
vt 0.295923 0.072848
vt 0.296382 0.062434
vt 0.263501 0.072848
vt 0.263501 0.062434
vt 0.688528 0.020765
vt 0.688528 0.010918
vt 0.703326 0.010918
vt 0.703326 0.020765
vt 0.989072 0.779087
vt 0.989072 0.799881
vt 0.978662 0.799881
vt 0.978662 0.778709
vt 0.989072 0.748793
vt 0.978662 0.74853
vt 0.989072 0.722495
vt 0.978662 0.722328
vt 0.978662 0.689459
vt 0.989072 0.689279
vt 0.989072 0.64671
vt 0.978662 0.647168
vt 0.978662 0.61429
vt 0.989072 0.61429
vt 0.976272 0.989981
vt 0.99107 0.989981
vt 0.99107 0.970477
vt 0.976272 0.970477
vt 0.99107 0.941413
vt 0.976272 0.941412
vt 0.99107 0.916422
vt 0.976272 0.916422
vt 0.99107 0.885021
vt 0.976272 0.885021
vt 0.976272 0.843923
vt 0.99107 0.843923
vt 0.976272 0.811534
vt 0.99107 0.811534
vt 0.428225 0.072848
vt 0.449018 0.072848
vt 0.449018 0.062434
vt 0.427846 0.062434
vt 0.397946 0.072848
vt 0.397683 0.062434
vt 0.371675 0.072848
vt 0.371508 0.062434
vt 0.338663 0.062434
vt 0.338483 0.072848
vt 0.295923 0.072848
vt 0.296382 0.062434
vt 0.263501 0.072848
vt 0.263501 0.062434
vt 0.688528 0.020765
vt 0.703326 0.020765
vt 0.703326 0.010918
vt 0.688528 0.010918
vt 0.989072 0.779087
vt 0.978662 0.799881
vt 0.989072 0.799881
vt 0.978662 0.778709
vt 0.989072 0.748793
vt 0.978662 0.74853
vt 0.989072 0.722495
vt 0.978662 0.722328
vt 0.978662 0.689459
vt 0.989072 0.689279
vt 0.989072 0.64671
vt 0.978662 0.647168
vt 0.978662 0.61429
vt 0.989072 0.61429
vt 0.976272 0.989981
vt 0.99107 0.970477
vt 0.99107 0.989981
vt 0.976272 0.970477
vt 0.99107 0.941413
vt 0.976272 0.941412
vt 0.99107 0.916422
vt 0.976272 0.916422
vt 0.99107 0.885021
vt 0.976272 0.885021
vt 0.976272 0.843923
vt 0.99107 0.843923
vt 0.976272 0.811534
vt 0.99107 0.811534
vt 0.428225 0.072848
vt 0.449018 0.062434
vt 0.449018 0.072848
vt 0.427846 0.062434
vt 0.397946 0.072848
vt 0.397683 0.062434
vt 0.371675 0.072848
vt 0.371508 0.062434
vt 0.338663 0.062434
vt 0.338483 0.072848
vt 0.295923 0.072848
vt 0.296382 0.062434
vt 0.263501 0.072848
vt 0.263501 0.062434
vt 0.688528 0.020765
vt 0.688528 0.010918
vt 0.703326 0.010918
vt 0.703326 0.020765
vt 0.989072 0.779087
vt 0.989072 0.799881
vt 0.978662 0.799881
vt 0.978662 0.778709
vt 0.989072 0.748793
vt 0.978662 0.74853
vt 0.989072 0.722495
vt 0.978662 0.722328
vt 0.978662 0.689459
vt 0.989072 0.689279
vt 0.989072 0.64671
vt 0.978662 0.647168
vt 0.978662 0.61429
vt 0.989072 0.61429
vt 0.976272 0.989981
vt 0.99107 0.989981
vt 0.99107 0.970477
vt 0.976272 0.970477
vt 0.99107 0.941413
vt 0.976272 0.941412
vt 0.99107 0.916422
vt 0.976272 0.916422
vt 0.99107 0.885021
vt 0.976272 0.885021
vt 0.976272 0.843923
vt 0.99107 0.843923
vt 0.976272 0.811534
vt 0.99107 0.811534
vt 0.428225 0.072848
vt 0.449018 0.072848
vt 0.449018 0.062434
vt 0.427846 0.062434
vt 0.397946 0.072848
vt 0.397683 0.062434
vt 0.371675 0.072848
vt 0.371508 0.062434
vt 0.338663 0.062434
vt 0.338483 0.072848
vt 0.295923 0.072848
vt 0.296382 0.062434
vt 0.263501 0.072848
vt 0.263501 0.062434
vt 0.688528 0.020765
vt 0.703326 0.020765
vt 0.703326 0.010918
vt 0.688528 0.010918
vt 0.989072 0.779087
vt 0.978662 0.799881
vt 0.989072 0.799881
vt 0.978662 0.778709
vt 0.989072 0.748793
vt 0.978662 0.74853
vt 0.989072 0.722495
vt 0.978662 0.722328
vt 0.978662 0.689459
vt 0.989072 0.689279
vt 0.989072 0.64671
vt 0.978662 0.647168
vt 0.978662 0.61429
vt 0.989072 0.61429
vt 0.976272 0.989981
vt 0.99107 0.989981
vt 0.99107 0.970477
vt 0.976272 0.970477
vt 0.99107 0.941413
vt 0.976272 0.941412
vt 0.99107 0.916422
vt 0.976272 0.916422
vt 0.99107 0.885021
vt 0.976272 0.885021
vt 0.976272 0.843923
vt 0.99107 0.843923
vt 0.976272 0.811534
vt 0.99107 0.811534
vt 0.428225 0.072848
vt 0.449018 0.072848
vt 0.449018 0.062434
vt 0.427846 0.062434
vt 0.397946 0.072848
vt 0.397683 0.062434
vt 0.371675 0.072848
vt 0.371508 0.062434
vt 0.338663 0.062434
vt 0.338483 0.072848
vt 0.295923 0.072848
vt 0.296382 0.062434
vt 0.263501 0.072848
vt 0.263501 0.062434
vt 0.688528 0.020765
vt 0.703326 0.020765
vt 0.703326 0.010918
vt 0.688528 0.010918
vt 0.989072 0.779087
vt 0.978662 0.799881
vt 0.989072 0.799881
vt 0.978662 0.778709
vt 0.989072 0.748793
vt 0.978662 0.74853
vt 0.989072 0.722495
vt 0.978662 0.722328
vt 0.978662 0.689459
vt 0.989072 0.689279
vt 0.989072 0.64671
vt 0.978662 0.647168
vt 0.978662 0.61429
vt 0.989072 0.61429
vt 0.976272 0.989981
vt 0.99107 0.970477
vt 0.99107 0.989981
vt 0.976272 0.970477
vt 0.99107 0.941413
vt 0.976272 0.941412
vt 0.99107 0.916422
vt 0.976272 0.916422
vt 0.99107 0.885021
vt 0.976272 0.885021
vt 0.976272 0.843923
vt 0.99107 0.843923
vt 0.976272 0.811534
vt 0.99107 0.811534
vt 0.428225 0.072848
vt 0.449018 0.062434
vt 0.449018 0.072848
vt 0.427846 0.062434
vt 0.397946 0.072848
vt 0.397683 0.062434
vt 0.371675 0.072848
vt 0.371508 0.062434
vt 0.338663 0.062434
vt 0.338483 0.072848
vt 0.295923 0.072848
vt 0.296382 0.062434
vt 0.263501 0.072848
vt 0.263501 0.062434
vt 0.688528 0.020765
vt 0.688528 0.010918
vt 0.703326 0.010918
vt 0.703326 0.020765
vt 0.989072 0.779087
vt 0.989072 0.799881
vt 0.978662 0.799881
vt 0.978662 0.778709
vt 0.989072 0.748793
vt 0.978662 0.74853
vt 0.989072 0.722495
vt 0.978662 0.722328
vt 0.978662 0.689459
vt 0.989072 0.689279
vt 0.989072 0.64671
vt 0.978662 0.647168
vt 0.978662 0.61429
vt 0.989072 0.61429
vt 0.151379 0.171865
vt 0.151379 0.251502
vt 0.176171 0.251122
vt 0.176236 0.17176
vt 0.194384 0.239253
vt 0.195185 0.173984
vt 0.210828 0.222987
vt 0.217776 0.168502
vt 0.49437383 0.66177607
vt 0.49994785 0.63860303
vt 0.44549283 0.645771
vt 0.42891684 0.66263705
vt 0.49672586 0.68022203
vt 0.41757184 0.68017507
vt 0.49670383 0.70505106
vt 0.41702983 0.70505106
vt 0.136064 0.392189
vt 0.136719 0.387654
vt 0.112996 0.38933
vt 0.15791 0.392189
vt 0.15774 0.387654
vt 0.182787 0.387654
vt 0.182789 0.392189
vt 0.49262837 0.8432608
vt 0.46884036 0.84101385
vt 0.46946537 0.84593385
vt 0.4503224 0.84593385
vt 0.45021236 0.84101385
vt 0.42534438 0.84593385
vt 0.42534438 0.84101385
vt 0.151379 0.171865
vt 0.176171 0.251122
vt 0.151379 0.251502
vt 0.176236 0.17176
vt 0.194384 0.239253
vt 0.195185 0.173984
vt 0.210828 0.222987
vt 0.217776 0.168502
vt 0.49437383 0.66177607
vt 0.44549283 0.645771
vt 0.49994785 0.63860303
vt 0.42891684 0.66263705
vt 0.49672586 0.68022203
vt 0.41757184 0.68017507
vt 0.49670383 0.70505106
vt 0.41702983 0.70505106
vt 0.136064 0.392189
vt 0.112996 0.38933
vt 0.136719 0.387654
vt 0.15791 0.392189
vt 0.15774 0.387654
vt 0.182787 0.387654
vt 0.182789 0.392189
vt 0.49262837 0.8432608
vt 0.46946537 0.84593385
vt 0.46884036 0.84101385
vt 0.4503224 0.84593385
vt 0.45021236 0.84101385
vt 0.42534438 0.84593385
vt 0.42534438 0.84101385
vt 0.20265907 0.6604671
vt 0.20592551 0.6604671
vt 0.1948459 0.6604671
vt 0.19815598 0.6604671
vt 0.20265907 0.7055055
vt 0.20592551 0.6604671
vt 0.20592551 0.7055055
vt 0.20265907 0.70779634
vt 0.20592551 0.70779634
vt 0.20592551 0.7154775
vt 0.19815598 0.7055055
vt 0.1948459 0.7055055
vt 0.1948459 0.6604671
vt 0.1948459 0.7077963
vt 0.19815598 0.70779634
vt 0.20265907 0.7154775
vt 0.19815598 0.7154775
vt 0.1948459 0.7154775
vt 0.1948459 0.7177499
vt 0.19815598 0.7177499
vt 0.1948459 0.7637911
vt 0.19815598 0.7637911
vt 0.20265907 0.7177499
vt 0.20592551 0.7177499
vt 0.20265907 0.7637911
vt 0.20592551 0.7637911
vt 0.20592551 0.7637911
vt 0.1948459 0.7637911
vt 0.20265567 0.7637518
vt 0.20592973 0.7637518
vt 0.20592973 0.7180739
vt 0.20265567 0.71807396
vt 0.20592973 0.7158042
vt 0.19815062 0.7637518
vt 0.20592973 0.7637518
vt 0.19484168 0.7637518
vt 0.19815062 0.71807396
vt 0.19484168 0.7637518
vt 0.19484168 0.71807396
vt 0.20265567 0.7158042
vt 0.19815062 0.7158042
vt 0.19484168 0.7158043
vt 0.19484168 0.7081209
vt 0.20265567 0.7081209
vt 0.20592973 0.7081209
vt 0.20592973 0.7058433
vt 0.19815062 0.7081209
vt 0.19815062 0.7058433
vt 0.19484168 0.7058433
vt 0.20265567 0.7058433
vt 0.20592973 0.66050625
vt 0.20265567 0.66050625
vt 0.19815062 0.66050625
vt 0.19484168 0.66050625
vt 0.19484168 0.66050625
vt 0.20592973 0.66050625
vt 0.40028343 0.8520857
vt 0.40262336 0.8536719
vt 0.40083852 0.85756826
vt 0.39808053 0.855901
vt 0.40083852 0.85756826
vt 0.3980805 0.85590106
vt 0.4002834 0.85208577
vt 0.40262336 0.8536719
vt 0.39046 0.62793833
vt 0.39337876 0.6263212
vt 0.39255974 0.6240479
vt 0.3892071 0.62531
vt 0.569864 0.84379
vt 0.567793 0.848876
vt 0.563827 0.850399
vt 0.625396 0.84379
vt 0.628896 0.848876
vt 0.629336 0.841377
vt 0.634376 0.846084
vt 0.63627 0.837027
vt 0.631161 0.837046
vt 0.569864 0.84379
vt 0.567793 0.848876
vt 0.563827 0.850399
vt 0.625396 0.84379
vt 0.628896 0.848876
vt 0.629336 0.841377
vt 0.634376 0.846084
vt 0.63627 0.837027
vt 0.631161 0.837046
vn -0.87002563 -0.35418758 0.34293804
vn -0.87002563 -0.35418758 0.3429381
vn -0.87002563 -0.35418758 0.34293804
vn -0.87002563 -0.35418758 -0.34293804
vn -0.87002563 -0.35418758 -0.34293804
vn -0.87002563 -0.35418758 -0.3429381
vn -0.8700256 0.3541879 0.34293804
vn -0.8700256 0.3541879 0.34293804
vn -0.8700256 0.3541879 0.34293798
vn -0.8700256 0.3541879 -0.34293804
vn -0.8700256 0.3541879 -0.34293798
vn -0.8700256 0.3541879 -0.34293804
vn 0.87002563 0.35418773 0.3429379
vn 0.87002563 0.35418773 0.3429379
vn 0.87002563 0.3541878 0.3429379
vn 0.87002563 0.35418773 -0.3429379
vn 0.87002563 0.3541878 -0.3429379
vn 0.87002563 0.35418773 -0.3429379
vn 0.87002563 -0.35418805 0.3429378
vn 0.87002563 -0.354188 0.34293774
vn 0.87002563 -0.354188 0.34293774
vn 0.87002563 -0.35418805 -0.3429378
vn 0.87002563 -0.354188 -0.34293774
vn 0.87002563 -0.354188 -0.34293774
vn -0.99997544 0.004983924 -0.0049328413
vn -0.99997544 0.004983924 -0.0049328413
vn -0.9999796 0.004345612 -0.0046887463
vn -0.99998045 0.0042095794 -0.0046367263
vn -0.9992537 -0.014821137 0.03566832
vn -0.9971854 -0.029886007 0.068761
vn -0.9888383 -0.06056005 0.13612917
vn -0.9888383 -0.060560063 0.13612917
vn 0.99821305 -0.021464458 0.05576796
vn 0.9943969 -0.040734187 0.0975479
vn 0.9943969 -0.040734183 0.0975479
vn 0.9992924 -0.012162745 0.03559329
vn 0.9999913 0.0032167223 0.00267437
vn 0.99999166 0.0038384434 0.0013953684
vn 0.9999645 0.0068839947 -0.0048701847
vn 0.9999645 0.006883994 -0.0048701847
vn 0.01007739 0.4324844 0.90158504
vn 0.008236243 0.44704366 0.8944742
vn 0.020972062 0.34351262 0.9389139
vn 0.00050640176 0.72602516 0.687668
vn 0.0003940673 0.7179122 0.69613355
vn 0.0028500988 0.8730472 0.4876274
vn 0.002850099 0.8730472 0.4876274
vn 0.0034074462 -0.7603565 -0.649497
vn 0.018831516 -0.8640759 -0.503009
vn 0.016663468 -0.85096526 -0.5249575
vn 0.021577092 -0.9050085 -0.42484587
vn 0.021318568 -0.9043565 -0.42624503
vn 0.012132125 -0.87984496 -0.47510585
vn 0.012132127 -0.87984496 -0.47510585
vn -0.99997544 0.0019644524 -0.006731522
vn -0.99997544 0.0019644524 -0.006731522
vn -0.9999796 0.0015247528 -0.0062083676
vn -0.99998045 0.0014310477 -0.0060968767
vn -0.9992537 0.0043471907 0.03837981
vn -0.9971854 0.007231514 0.07462563
vn -0.9888383 0.013098149 0.14841577
vn -0.9888383 0.013098149 0.14841576
vn 0.99821305 0.008290711 0.059177823
vn 0.9943969 0.011713343 0.10505966
vn 0.9943969 0.011713342 0.105059646
vn 0.9992924 0.006635158 0.03702397
vn 0.9999913 0.0041103256 0.0007776699
vn 0.99999166 0.0040333713 -0.00064234895
vn 0.9999645 0.0036562714 -0.0075986655
vn 0.9999645 0.0036562718 -0.007598666
vn 0.010075746 0.81562275 0.57849646
vn 0.008234236 0.8249029 0.5652145
vn 0.02097269 0.7559386 0.6543065
vn 0.00050195836 0.96849895 0.24901715
vn 0.00038960628 0.9655119 0.26035875
vn 0.0028455772 0.99999213 0.002766483
vn 0.0028455774 0.99999213 0.002766483
vn 0.0034105608 -0.9799968 -0.19898382
vn 0.018832792 -0.9996111 -0.02057042
vn 0.016665123 -0.9987968 -0.046122044
vn 0.021575967 -0.99747664 0.06763667
vn 0.021317424 -0.99758554 0.066096984
vn 0.012129963 -0.9998605 0.011480201
vn 0.012129962 -0.9998605 0.0114802
vn -0.99997544 0.0019644524 -0.006731522
vn -0.99997544 0.0019644524 -0.0067315213
vn -0.9999796 0.0015247528 -0.0062083676
vn -0.99998045 0.0014310477 -0.0060968767
vn -0.9992537 0.004347191 0.038379814
vn -0.9971854 0.007231513 0.07462562
vn -0.9888383 0.013098149 0.14841577
vn -0.9888383 0.013098149 0.14841577
vn 0.99821305 0.008290711 0.059177823
vn 0.9943969 0.011713343 0.10505966
vn 0.9943969 0.011713344 0.10505966
vn 0.9992924 0.006635158 0.037023976
vn 0.9999913 0.0041103256 0.00077767175
vn 0.99999166 0.0040333713 -0.0006423479
vn 0.9999645 0.0036562711 -0.007598665
vn 0.9999645 0.0036562718 -0.0075986655
vn 0.010076378 0.81562275 0.57849634
vn 0.008234852 0.8249029 0.56521446
vn 0.02097347 0.75593865 0.6543064
vn 0.0005023377 0.96849895 0.24901709
vn 0.0003899902 0.9655119 0.26035875
vn 0.0028458445 0.99999213 0.0027665317
vn 0.0028458445 0.99999213 0.002766532
vn 0.0034092106 -0.9799968 -0.19898382
vn 0.018831788 -0.9996111 -0.020570355
vn 0.01666407 -0.9987968 -0.046121985
vn 0.021575974 -0.99747664 0.06763668
vn 0.02131745 -0.99758554 0.066097
vn 0.0121307 -0.9998605 0.011480102
vn 0.012130702 -0.9998605 0.011480103
vn -0.99997544 -0.0014373697 -0.006863415
vn -0.99997544 -0.0014373697 -0.0068634143
vn -0.9999796 -0.0015788632 -0.0061948276
vn -0.99998045 -0.0016090169 -0.006052343
vn -0.9992537 0.021910504 0.031809494
vn -0.9971853 0.04152554 0.0624255
vn -0.9888382 0.08145351 0.124756716
vn -0.9888382 0.08145351 0.124756716
vn 0.99821305 0.035184454 0.048299264
vn 0.9943969 0.059812546 0.08716214
vn 0.9943969 0.059812553 0.08716213
vn 0.9992924 0.023290249 0.029535843
vn 0.9999913 0.003992186 -0.0012498022
vn 0.99999166 0.003255521 -0.0024662283
vn 0.9999645 -0.00035332562 -0.008425157
vn 0.9999645 -0.00035332562 -0.0084251575
vn 0.010070932 0.99195474 0.1261918
vn 0.008229295 0.99388605 0.11010381
vn 0.0209683 0.97500813 0.2211777
vn 0.00049771386 0.9716414 -0.23645866
vn 0.0003853198 0.97434753 -0.22504805
vn 0.0028426133 0.8834476 -0.46852145
vn 0.0028426133 0.8834476 -0.46852145
vn 0.003407868 -0.95822036 0.28601056
vn 0.018831195 -0.89149624 0.4526365
vn 0.016663307 -0.9028123 0.4297119
vn 0.021576354 -0.84807104 0.5294431
vn 0.021317879 -0.8488921 0.5281362
vn 0.012131559 -0.8766217 0.48102725
vn 0.01213156 -0.8766217 0.4810273
vn -0.99997544 -0.0023945859 -0.0065903515
vn -0.99997544 -0.0023945859 -0.0065903515
vn -0.9999796 -0.0024400356 -0.005908622
vn -0.99998045 -0.0024497213 -0.005763338
vn -0.9992537 0.026193758 0.02838657
vn -0.9971854 0.049946178 0.055916708
vn -0.9888383 0.09829757 0.11196632
vn -0.9888383 0.09829757 0.111966304
vn 0.99821305 0.04166878 0.04283065
vn 0.9943969 0.07155149 0.077814765
vn 0.9943969 0.07155148 0.07781476
vn 0.9992924 0.027237697 0.025940504
vn 0.9999913 0.0037749365 -0.0018026805
vn 0.99999166 0.00287344 -0.0029025811
vn 0.9999645 -0.0015428441 -0.008290634
vn 0.9999645 -0.0015428442 -0.008290633
vn 0.010077483 0.9998286 -0.015535
vn 0.008236025 0.9994624 -0.031733066
vn 0.02097457 0.99650204 0.08089298
vn 0.00050358695 0.9283712 -0.37165415
vn 0.00039125507 0.9326655 -0.36074224
vn 0.0028471162 0.8082069 -0.5888919
vn 0.0028471157 0.8082068 -0.58889186
vn 0.0034070315 -0.9080684 0.41880792
vn 0.0188299 -0.8184233 0.57430726
vn 0.016662035 -0.83287144 0.5532155
vn 0.021573784 -0.76456034 0.6441909
vn 0.021315271 -0.7655583 0.6430134
vn 0.01212804 -0.79967886 0.6003055
vn 0.012128042 -0.79967886 0.6003055
vn -0.9999759 -0.006668257 -0.0019390304
vn -0.9999759 -0.0066682566 -0.0019390302
vn -0.99997973 -0.006175804 -0.0015464363
vn -0.9999807 -0.0060517816 -0.0014475636
vn -0.9993654 0.035523217 -0.0026517154
vn -0.9971655 0.07511503 -0.0043270695
vn -0.98884726 0.14874764 -0.0074380343
vn -0.98884726 0.14874764 -0.0074380343
vn 0.99820673 0.059589103 -0.0057032825
vn 0.99440527 0.10536961 -0.007438281
vn 0.99440527 0.10536961 -0.00743828
vn 0.999363 0.035366505 -0.0047823545
vn 0.9999931 0.000881547 -0.003635201
vn 0.9999932 -0.0007541179 -0.0036028337
vn 0.999966 -0.0074832197 -0.0034695738
vn 0.999966 -0.0074832197 -0.0034695736
vn 0.010744612 0.6472802 -0.7621764
vn 0.008701319 0.63396084 -0.7733162
vn 0.022271244 0.7190724 -0.69457823
vn 0.0006057973 0.30518222 -0.9522939
vn 0.0004769184 0.31779945 -0.9481579
vn 0.003196146 0.037469953 -0.9992926
vn 0.003196146 0.037469953 -0.9992926
vn 0.0038051272 -0.2554126 0.9668247
vn 0.02118358 -0.056990664 0.99815
vn 0.018741485 -0.08562201 0.9961514
vn 0.024220394 0.04159649 0.99884087
vn 0.023933005 0.03988014 0.9989178
vn 0.01362556 -0.021473419 0.9996766
vn 0.013625561 -0.021473419 0.9996766
vn -0.99997544 -0.0056159305 0.004198455
vn -0.99997544 -0.005615931 0.004198455
vn -0.9999796 -0.004950117 0.004044912
vn -0.99998045 -0.0048082247 0.0040121907
vn -0.9992537 0.019598134 -0.03328369
vn -0.9971854 0.03908212 -0.06398319
vn -0.9888383 0.07875226 -0.1264786
vn -0.9888383 0.07875226 -0.12647861
vn 0.99821305 0.02894849 -0.05227598
vn 0.9943969 0.053794887 -0.090999715
vn 0.9943969 0.053794876 -0.09099971
vn 0.9992924 0.016953893 -0.03357665
vn 0.9999913 -0.0028177223 -0.003092551
vn 0.99999166 -0.003609872 -0.0019114508
vn 0.9999645 -0.007490317 0.003874533
vn 0.9999645 -0.007490318 0.003874533
vn 0.010078272 -0.30403942 -0.95260614
vn 0.00823698 -0.3194396 -0.94757086
vn 0.020974206 -0.21077068 -0.97731054
vn 0.00050708046 -0.6242728 -0.7812062
vn 0.0003946629 -0.61506724 -0.7884745
vn 0.0028517782 -0.79747164 -0.60334975
vn 0.0028517786 -0.79747164 -0.60334975
vn 0.0034039165 0.66353846 0.7481344
vn 0.018829452 0.7864656 0.61734694
vn 0.01666116 0.77045363 0.6372784
vn 0.02157623 0.8377844 0.54557467
vn 0.021317784 0.83694595 0.5468701
vn 0.012131365 0.8059316 0.5918843
vn 0.012131365 0.80593157 0.5918844
vn -0.99997544 -0.004968986 0.0049476735
vn -0.99997544 -0.0049689854 0.0049476735
vn -0.9999796 -0.0043313955 0.0047017643
vn -0.99998045 -0.0041955174 0.004649358
vn -0.9992537 0.01471721 -0.035711486
vn -0.9971854 0.029685182 -0.068848334
vn -0.9888382 0.060161978 -0.13630646
vn -0.9888382 0.06016198 -0.13630648
vn 0.99821305 0.02130057 -0.055830512
vn 0.9943969 0.04044781 -0.09766622
vn 0.9943969 0.04044781 -0.09766622
vn 0.9992924 0.012057975 -0.035628866
vn 0.9999913 -0.0032250094 -0.0026652631
vn 0.99999166 -0.0038429839 -0.0013844393
vn 0.9999645 -0.0068701864 0.0048900587
vn 0.9999645 -0.006870188 0.0048900596
vn 0.01007627 -0.43512198 -0.90031517
vn 0.008234632 -0.44966072 -0.8931614
vn 0.020973565 -0.34626016 -0.937904
vn 0.00050177134 -0.72803617 -0.68553853
vn 0.00038943288 -0.71994627 -0.69402975
vn 0.0028451635 -0.874471 -0.48506933
vn 0.0028451632 -0.874471 -0.48506945
vn 0.0034103561 0.76225436 0.64726865
vn 0.01883302 0.86554426 0.50047827
vn 0.016665256 0.8524984 0.52246416
vn 0.021576378 0.9062482 0.42219496
vn 0.02131776 0.9056002 0.42359632
vn 0.012130174 0.88123214 0.47252816
vn 0.012130174 0.88123214 0.47252816
vn -0.99997544 0.0015267476 0.006843926
vn -0.99997544 0.0015267476 0.0068439255
vn -0.9999796 0.0016596033 0.0061735976
vn -0.99998045 0.0016879165 0.006030743
vn -0.9992537 -0.02232057 -0.0315227
vn -0.9971854 -0.042330954 -0.061881587
vn -0.9888383 -0.08306391 -0.12368952
vn -0.9888383 -0.083063915 -0.12368952
vn 0.99821305 -0.035808638 -0.047838632
vn 0.9943969 -0.060938846 -0.086378805
vn 0.9943969 -0.060938835 -0.08637879
vn 0.9992924 -0.023672046 -0.029231107
vn 0.9999913 -0.003976162 0.0013017051
vn 0.99999166 -0.0032237733 0.0025084787
vn 0.9999645 0.00046210823 0.008420127
vn 0.9999645 0.00046210826 0.008420128
vn 0.0100747375 -0.9935082 -0.113314085
vn 0.008233139 -0.9952305 -0.0972029
vn 0.02097218 -0.977795 -0.20851152
vn 0.00050078024 -0.96849245 0.24904238
vn 0.0003884158 -0.97134656 0.23766725
vn 0.0028448363 -0.87729585 0.47994176
vn 0.002844836 -0.87729573 0.47994173
vn 0.0034094213 0.95442986 -0.298416
vn 0.01883255 0.88554984 -0.4641625
vn 0.016664715 0.8971621 -0.44138694
vn 0.021575933 0.8411319 -0.5403995
vn 0.021317365 0.84196997 -0.53910315
vn 0.012129427 0.8703085 -0.49235758
vn 0.012129426 0.8703085 -0.49235755
vn -0.99997544 0.0024657082 0.006564778
vn -0.99997544 0.0024657082 0.006564778
vn -0.9999796 0.0025038018 0.00588232
vn -0.99998045 0.0025119195 0.00573688
vn -0.9992537 -0.0264956 -0.028104676
vn -0.9971854 -0.050541412 -0.05537887
vn -0.9888383 -0.09949015 -0.1109075
vn -0.9888383 -0.09949015 -0.1109075
vn 0.99821305 -0.042125743 -0.042381767
vn 0.9943969 -0.072381444 -0.07704385
vn 0.9943969 -0.072381444 -0.07704386
vn 0.9992924 -0.02751454 -0.02564709
vn 0.9999913 -0.003756044 0.0018428847
vn 0.99999166 -0.0028428298 0.0029330135
vn 0.9999645 0.0016308456 0.0082731815
vn 0.9999645 0.0016308457 0.008273182
vn 0.010081854 -0.9996049 0.026240041
vn 0.00824011 -0.99906534 0.042434756
vn 0.020979533 -0.9973111 -0.070217244
vn 0.00050413515 -0.9243375 0.38157532
vn 0.00039192382 -0.92874926 0.37070855
vn 0.0028447811 -0.80185395 0.5975133
vn 0.0028447811 -0.80185395 0.59751326
vn 0.0034026734 0.90353113 -0.428509
vn 0.018827178 0.81222636 -0.58303857
vn 0.016659092 0.82689947 -0.56210303
vn 0.021575626 0.7576181 -0.6523414
vn 0.021317156 0.75862855 -0.6511745
vn 0.012133118 0.79320395 -0.60883504
vn 0.01213312 0.79320407 -0.60883504
vn -0.99997544 0.0055109635 -0.0043366295
vn -0.99997544 0.0055109635 -0.00433663
vn -0.9999796 0.004849056 -0.004166289
vn -0.99998045 0.0047079953 -0.0041299877
vn -0.9992537 -0.018767998 0.03375905
vn -0.9971854 -0.037486207 0.064931326
vn -0.9888383 -0.07559751 0.12838946
vn -0.9888383 -0.07559751 0.12838946
vn 0.99821305 -0.02764623 0.052975718
vn 0.9943969 -0.051526625 0.092302315
vn 0.9943969 -0.051526625 0.09230232
vn 0.9992924 -0.016118122 0.033985395
vn 0.9999913 0.002892852 0.0030218977
vn 0.99999166 0.0036555075 0.0018216296
vn 0.9999645 0.007391469 -0.0040582484
vn 0.9999645 0.007391469 -0.0040582484
vn 0.010076217 0.32752195 0.9447899
vn 0.008234829 0.34279323 0.93937474
vn 0.020972256 0.23489414 0.9717946
vn 0.00050300075 0.64341486 0.7655175
vn 0.0003906748 0.6343931 0.77301043
vn 0.0028461919 0.81215984 0.5834281
vn 0.0028461916 0.81215984 0.5834281
vn 0.003408693 -0.68185085 -0.7314833
vn 0.018832218 -0.8015038 -0.59769315
vn 0.016664179 -0.7859896 -0.6180151
vn 0.02157588 -0.8510301 -0.52467346
vn 0.021317301 -0.8502237 -0.52598983
vn 0.012129454 -0.8203323 -0.57175845
vn 0.012129455 -0.82033235 -0.5717584
vn -0.99997544 -0.0019511571 0.006735229
vn -0.99997544 -0.0019511571 0.006735229
vn -0.9999796 -0.0015124261 0.0062112925
vn -0.99998045 -0.0014189276 0.0060996357
vn -0.9992537 -0.004419273 -0.038371358
vn -0.9971854 -0.007372257 -0.0746118
vn -0.9888383 -0.013378652 -0.14839074
vn -0.9888383 -0.013378651 -0.14839074
vn 0.99821305 -0.008403515 -0.059162375
vn 0.9943969 -0.01191316 -0.10503782
vn 0.9943969 -0.011913159 -0.10503782
vn 0.9992924 -0.006705944 -0.037011556
vn 0.9999913 -0.0041123615 -0.00076994085
vn 0.99999166 -0.004032712 0.00064994104
vn 0.9999645 -0.0036424117 0.0076055774
vn 0.9999645 -0.0036424112 0.0076055774
vn 0.010078605 -0.8167167 -0.57695085
vn 0.008237076 -0.825972 -0.563651
vn 0.02097545 -0.757176 -0.6528742
vn 0.0005036233 -0.9689688 -0.2471825
vn 0.00039134332 -0.9660036 -0.25852844
vn 0.0028459604 -0.9999956 -0.00087200344
vn 0.0028459604 -0.9999956 -0.00087200355
vn 0.0034083845 0.980372 0.19712715
vn 0.018831544 0.9996482 0.018676521
vn 0.01666369 0.99888235 0.044230286
vn 0.021576244 0.99734676 -0.06952611
vn 0.02131774 0.9974585 -0.06798676
vn 0.0121310875 0.9998369 -0.013374404
vn 0.012131086 0.9998369 -0.013374403
vn -0.99997544 -0.0018787222 0.0067557935
vn -0.99997544 -0.0018787222 0.0067557935
vn -0.9999796 -0.0014456428 0.0062271752
vn -0.99998045 -0.0013533485 0.00611452
vn -0.9992537 -0.0048310417 -0.03832165
vn -0.9971854 -0.00817299 -0.074528225
vn -0.9888383 -0.014971261 -0.14823836
vn -0.9888383 -0.014971261 -0.14823835
vn 0.99821305 -0.009038301 -0.05906868
vn 0.9943969 -0.013040344 -0.10490378
vn 0.9943969 -0.013040344 -0.10490377
vn 0.9992924 -0.007102978 -0.03693739
vn 0.9999913 -0.004120393 -0.0007257458
vn 0.99999166 -0.0040255017 0.0006932042
vn 0.9999645 -0.0035605356 0.007644254
vn 0.9999645 -0.0035605354 0.0076442542
vn 0.010076165 -0.82286483 -0.5681479
vn 0.008234546 -0.8319766 -0.5547496
vn 0.020973606 -0.7641428 -0.644706
vn 0.000502317 -0.9715674 -0.2367629
vn 0.00038993274 -0.96872354 -0.24814227
vn 0.0028464003 -0.9999473 0.009865514
vn 0.002846401 -0.9999473 0.009865515
vn 0.0034106672 0.98243225 0.1865885
vn 0.018833928 0.9997911 0.0079411715
vn 0.016666073 0.99929976 0.03350155
vn 0.021579102 0.99654263 -0.08023113
vn 0.021320688 0.9966709 -0.07869353
vn 0.012134468 0.9996357 -0.024109209
vn 0.012134469 0.9996357 -0.024109209
vn -0 0 1
vn -0 -0.5855305 0.8106504
vn -0 0 1
vn -0 -0.5855305 0.8106504
vn -0 -0.5877114 0.80907065
vn -0 -0.5877114 0.80907065
vn -0 -0.15292747 0.98823744
vn -0 -0.15292753 0.98823744
vn -0 0.3424779 0.9395259
vn -0 0.34247822 0.9395257
vn 5.975012E-07 0.33115768 0.9435754
vn 5.975012E-07 0.33115768 0.9435754
vn 9.4165654E-07 -0.319991 0.9474206
vn 9.416564E-07 -0.31999102 0.9474206
vn -1 0 0
vn -1 0 0
vn -1 0 0
vn -1 0 0
vn -1 0 0
vn -1 0 0
vn -1 5.623055E-07 0
vn -1 4.5700813E-07 0
vn -1 3.9308765E-07 0
vn -1 3.419623E-07 0
vn -1 0 0
vn -1 0 0
vn -1 0 0
vn -1 0 0
vn 1 0 0
vn 1 0 0
vn 1 0 0
vn 1 0 0
vn 1 0 0
vn 1 0 0
vn 1 -4.5700813E-07 0
vn 1 -5.623055E-07 0
vn 1 -3.9308765E-07 0
vn 1 -3.419623E-07 0
vn 1 0 0
vn 1 0 0
vn 1 0 0
vn 1 0 0
vn -0 -0.5808943 -0.813979
vn -0 0 -1
vn -0 0 -1
vn -0 -0.5808943 -0.813979
vn -0 -0.57869786 -0.8155421
vn -0 -0.57869786 -0.8155421
vn -0 0.16854346 -0.9856941
vn -0 0.16854356 -0.9856941
vn -0 0.76259285 -0.64687884
vn -0 0.7625931 -0.6468785
vn -0 0.761555 -0.64810026
vn -0 0.761555 -0.64810026
vn -0 0.32414335 -0.9460079
vn -0 0.32414335 -0.9460079
vn -0 0 -1
vn -0 0 -1
vn -0 -0.58553064 -0.81065035
vn -0 -0.58553064 -0.81065035
vn -0 -0.5877114 -0.80907065
vn -0 -0.5877114 -0.80907065
vn -0 -0.15292747 -0.98823744
vn -0 -0.15292756 -0.98823744
vn -0 0.34247786 -0.9395259
vn -0 0.34247822 -0.9395257
vn 5.975012E-07 0.33115768 -0.9435754
vn 5.975012E-07 0.33115768 -0.9435754
vn 9.4165654E-07 -0.319991 -0.9474206
vn 9.416564E-07 -0.31999102 -0.9474206
vn -1 0 0
vn -1 0 0
vn -1 0 0
vn -1 0 0
vn -1 0 0
vn -1 0 0
vn -1 5.623055E-07 0
vn -1 4.5700813E-07 0
vn -1 3.9308765E-07 0
vn -1 3.419623E-07 0
vn -1 0 0
vn -1 0 0
vn -1 0 0
vn -1 0 0
vn 1 0 0
vn 1 0 0
vn 1 0 0
vn 1 0 0
vn 1 0 0
vn 1 0 0
vn 1 -4.5700813E-07 0
vn 1 -5.623055E-07 0
vn 1 -3.9308765E-07 0
vn 1 -3.419623E-07 0
vn 1 0 0
vn 1 0 0
vn 1 0 0
vn 1 0 0
vn -0 -0.5808943 0.813979
vn -0 0 1
vn -0 0 1
vn -0 -0.5808943 0.813979
vn -0 -0.57869786 0.8155421
vn -0 -0.57869786 0.8155421
vn -0 0.16854346 0.9856941
vn -0 0.16854356 0.9856941
vn -0 0.76259285 0.64687884
vn -0 0.7625931 0.6468785
vn -0 0.761555 0.64810026
vn -0 0.761555 0.64810026
vn -0 0.3241433 0.9460079
vn -0 0.3241433 0.9460079
vn -0 0 1
vn -0 0 1
vn -0 0.58553064 0.81065035
vn -0 0.58553064 0.81065035
vn -0 0.5877114 0.80907065
vn -0 0.5877114 0.80907065
vn -0 0.15292756 0.98823744
vn -0 0.15292747 0.98823744
vn -0 -0.34247822 0.9395257
vn -0 -0.34247786 0.9395259
vn 5.975012E-07 -0.33115768 0.9435754
vn 5.975012E-07 -0.33115768 0.9435754
vn 9.4165654E-07 0.319991 0.9474206
vn 9.416564E-07 0.31999102 0.9474206
vn -1 0 0
vn -1 0 0
vn -1 0 0
vn -1 0 0
vn -1 0 0
vn -1 0 0
vn -1 5.623055E-07 0
vn -1 4.5700813E-07 0
vn -1 3.9308765E-07 0
vn -1 3.419623E-07 0
vn -1 0 0
vn -1 0 0
vn -1 0 0
vn -1 0 0
vn 1 0 0
vn 1 0 0
vn 1 0 0
vn 1 0 0
vn 1 0 0
vn 1 0 0
vn 1 -4.5700813E-07 0
vn 1 -5.623055E-07 0
vn 1 -3.9308765E-07 0
vn 1 -3.419623E-07 0
vn 1 0 0
vn 1 0 0
vn 1 0 0
vn 1 0 0
vn -0 0.5808943 -0.813979
vn -0 0 -1
vn -0 0 -1
vn -0 0.5808943 -0.813979
vn -0 0.57869786 -0.8155421
vn -0 0.57869786 -0.8155421
vn -0 -0.16854356 -0.9856941
vn -0 -0.16854346 -0.9856942
vn -0 -0.7625931 -0.6468785
vn -0 -0.76259273 -0.64687884
vn -0 -0.761555 -0.64810026
vn -0 -0.761555 -0.64810026
vn -0 -0.32414335 -0.9460079
vn -0 -0.32414335 -0.9460079
vn -0 0 -1
vn -0 0.5855305 -0.8106504
vn -0 0 -1
vn -0 0.5855305 -0.8106504
vn -0 0.5877114 -0.80907065
vn -0 0.5877114 -0.80907065
vn -0 0.15292756 -0.98823744
vn -0 0.15292747 -0.98823744
vn -0 -0.34247822 -0.9395257
vn -0 -0.34247786 -0.9395259
vn 5.975012E-07 -0.33115768 -0.9435754
vn 5.975012E-07 -0.33115768 -0.9435754
vn 9.4165654E-07 0.319991 -0.9474206
vn 9.416564E-07 0.31999102 -0.9474206
vn -1 0 0
vn -1 0 0
vn -1 0 0
vn -1 0 0
vn -1 0 0
vn -1 0 0
vn -1 5.623055E-07 0
vn -1 4.5700813E-07 0
vn -1 3.9308765E-07 0
vn -1 3.419623E-07 0
vn -1 0 0
vn -1 0 0
vn -1 0 0
vn -1 0 0
vn 1 0 0
vn 1 0 0
vn 1 0 0
vn 1 0 0
vn 1 0 0
vn 1 0 0
vn 1 -4.5700813E-07 0
vn 1 -5.623055E-07 0
vn 1 -3.9308765E-07 0
vn 1 -3.419623E-07 0
vn 1 0 0
vn 1 0 0
vn 1 0 0
vn 1 0 0
vn -0 0.5808943 0.813979
vn -0 0 1
vn -0 0 1
vn -0 0.5808943 0.813979
vn -0 0.57869786 0.8155421
vn -0 0.57869786 0.8155421
vn -0 -0.16854356 0.9856941
vn -0 -0.16854346 0.9856941
vn -0 -0.7625931 0.6468785
vn -0 -0.76259285 0.64687884
vn -0 -0.761555 0.64810026
vn -0 -0.761555 0.64810026
vn -0 -0.32414335 0.9460079
vn -0 -0.32414335 0.9460079
vn -1 1.5669346E-07 0
vn -1 2.750028E-07 0
vn -1 2.5328356E-07 0
vn -1 2.750028E-07 0
vn -1 1.5669346E-07 0
vn -1 2.5328356E-07 0
vn -1 0 0
vn -1 0 0
vn -1 0 0
vn -1 0 0
vn -1 0 0
vn -1 0 0
vn -1 0 0
vn -1 0 0
vn -1 1.5669346E-07 0
vn -1 1.5669346E-07 0
vn -1 2.7500283E-07 0
vn -1 2.5328356E-07 0
vn -1 2.7500283E-07 0
vn -1 2.5328356E-07 0
vn -0.205664 -1.7350291E-07 0.9786227
vn -0.205664 -1.7350291E-07 0.9786226
vn -0.6062043 -1.8302326E-07 0.79530907
vn -0.6062043 -1.8302322E-07 0.79530895
vn -0.9711761 -1.7172908E-07 0.23836325
vn -0.9711761 -1.7172908E-07 0.23836318
vn -0.9815005 0 0.19145949
vn -0.9815005 0 0.19145949
vn -0.92891747 0 0.37028673
vn -0.92891747 0 0.37028673
vn -0.8410503 2.5885598E-05 0.5409569
vn -0.952847 0 0.30345085
vn -0.952847 0 0.30345085
vn -0.8410502 -2.5885594E-05 0.540957
vn -0.67127126 0.00017646007 0.7412117
vn -0.67112553 0.00022086684 0.74134374
vn -0.67127126 -0.00017646007 0.7412117
vn -0.6709477 0.0001194999 0.7415047
vn -0.67112553 -0.00022086684 0.74134374
vn -0.6709477 -0.00011949991 0.7415047
vn -0.60620475 0 -0.7953086
vn -0.205664 -1.7350291E-07 -0.9786226
vn -0.205664 -1.7350291E-07 -0.9786227
vn -0.60620487 0 -0.7953086
vn -0.97117627 0 -0.23836263
vn -0.97117627 0 -0.23836257
vn -0.9815005 0 -0.19145957
vn -0.9815005 0 -0.19145957
vn -0.92891747 0 -0.3702867
vn -0.92891747 0 -0.3702867
vn -0.952847 0 -0.30345085
vn -0.8410503 2.5885598E-05 -0.5409569
vn -0.952847 0 -0.30345085
vn -0.8410502 -2.5885594E-05 -0.540957
vn -0.67127126 0.00017646007 -0.7412117
vn -0.67112553 0.00022086684 -0.74134374
vn -0.67127126 -0.00017646007 -0.7412117
vn -0.6709477 0.0001194999 -0.7415047
vn -0.67112553 -0.00022086684 -0.74134374
vn -0.6709477 -0.00011949991 -0.7415047
vn -0.92269015 -0.38554236 0
vn -0.9226822 -0.38556102 -0.00025804705
vn -0.92270976 -0.38549542 -5.9741906E-05
vn -0.92270976 -0.38549542 5.9741906E-05
vn -0.9226822 -0.38556102 0.00025804705
vn -0.88097584 -0.19819091 0.42965335
vn -0.88097584 -0.19819091 0.42965335
vn -0.88097584 -0.19819091 0.42965335
vn -0.88097584 -0.19819088 0.42965335
vn -0.88097584 -0.19819091 -0.42965335
vn -0.88097584 -0.19819088 -0.42965335
vn -0.88097584 -0.19819091 -0.42965335
vn -0.88097584 -0.19819091 -0.42965335
vn -0.92269003 0.38554263 0
vn -0.9226821 0.3855613 0.000258047
vn -0.92270964 0.38549566 5.974191E-05
vn -0.92270964 0.38549566 -5.974191E-05
vn -0.9226821 0.3855613 -0.000258047
vn -0.88097566 0.19819124 0.42965338
vn -0.88097566 0.19819124 0.42965338
vn -0.88097566 0.19819126 0.4296534
vn -0.88097566 0.19819126 0.4296534
vn -0.88097566 0.19819127 -0.42965335
vn -0.88097566 0.19819129 -0.42965338
vn -0.88097566 0.19819131 -0.42965335
vn -0.88097566 0.19819129 -0.42965335
vn -0.0018204725 -0.5688247 0.82245684
vn -0.00024091793 -0.47781375 0.8784611
vn -0.00018273565 -0.422279 0.90646595
vn -0.00018165103 -0.42231712 0.9064481
vn -0.0018336008 -0.56953937 0.821962
vn -0.0034496596 -0.654577 0.7559874
vn -0.0034496605 -0.65457714 0.75598735
vn -0.00024210803 -0.47781974 0.8784578
vn -0.00023649905 -0.47781932 0.8784581
vn -0.0036151474 -0.99999344 -6.0702555E-06
vn -0.0036151472 -0.99999344 0
vn -0.0036151474 -0.99999344 0
vn -0.0036151474 -0.99999344 -6.0702564E-06
vn -1.458186E-07 -1 0
vn -1.1108264E-07 -1 0
vn -3.1001292E-07 -1 -1.6166433E-07
vn -0 -1 0
vn -0 -1 0
vn -0 -1 0
vn -0 -1 0
vn -0 -1 0
vn -0 -1 0
vn 3.4770253E-06 -1 -4.449844E-06
vn 1.1185793E-05 -1 1.586024E-06
vn 1.3631025E-05 -1 -1.4387298E-06
vn -3.660344E-07 -1 -2.2446964E-06
vn -1.6335375E-07 -1 0
vn 0.00026745704 -0.20641217 0.9784651
vn 0.0004976534 -0.38406804 0.9233047
vn 0.0004976533 -0.38406807 0.9233047
vn 0.00025369984 -0.19579495 0.98064476
vn -0 0 1
vn -0 0 1
vn 1 -3.3005242E-07 1.2957304E-07
vn 0.6293793 0.7539776 0.18814735
vn 1 8.1275977E-07 1.7105459E-06
vn 0.0355712 0.96873593 0.2455307
vn 1 0 0
vn 1 0 0
vn 1 0 0
vn 1 -1.1026483E-07 0
vn 1 -2.1082016E-07 0
vn 1 -2.1082016E-07 0
vn 0.029000511 0.22275525 -0.97444296
vn 0.027888633 0.43505067 -0.899974
vn 0.027888637 0.4350507 -0.899974
vn 0.02899911 0.22355573 -0.9742596
vn 0.02864842 0 -0.9995896
vn 0.02864842 0 -0.9995896
vn -1 0 0
vn -1 0 0
vn -1 0 0
vn -1 1.1029794E-07 0
vn -1 2.109209E-07 0
vn -1 2.109209E-07 0
vn -1.6886035E-05 -0.15497178 0.9879189
vn -0.00018165103 -0.42231712 0.9064481
vn -0.00018273565 -0.422279 0.90646595
vn -1.6986676E-05 -0.15513137 0.9878939
vn 7.98768E-05 0 1
vn 7.98768E-05 0 1
vn 0.0011998141 0.9697807 0.24397519
vn 0.00034946122 0.9699598 0.243265
vn 0.0355712 0.96873593 0.2455307
vn 0.0059381276 0.970326 0.24172749
vn 0.010713994 0.971262 0.23777203
vn 0.010713994 0.971262 0.23777203
vn -0.019461926 0.96972454 0.24342434
vn 0.6293793 0.7539776 0.18814735
vn -0.029990276 0.9698113 0.24200529
vn 1 -1.6075187E-07 0
vn 1 -1.8013006E-07 0
vn 1 -3.317672E-07 0
vn 1 -3.7104283E-07 0
vn 1 -4.6952746E-07 2.604035E-07
vn 1 -3.3559462E-07 8.450705E-07
vn 1 -1.2881875E-07 0
vn 1 -1.8520743E-07 0
vn 1 -1.2881875E-07 0
vn 1 -1.301149E-07 0
vn 1 -1.9722829E-07 0
vn 1 -2.6229606E-07 0
vn 1 -3.3005242E-07 1.2957304E-07
vn -0 -0.99998724 -0.0050629363
vn -0 -0.99998724 -0.0050629363
vn -0 -1 0
vn -0 -1 0
vn -0.0015509719 -0.3675884 0.92998725
vn -0.0015509719 -0.36758834 0.92998725
vn -0.0015509719 -0.36758834 0.92998725
vn -0.0015509719 -0.36758834 0.92998725
vn -0.0018204607 -0.56882465 -0.8224569
vn -0.00018273565 -0.422279 -0.90646595
vn -0.00024091793 -0.47781375 -0.8784611
vn -0.00018165103 -0.42231712 -0.9064481
vn -0.0018335892 -0.56953937 -0.821962
vn -0.003449636 -0.654577 -0.7559874
vn -0.0034496365 -0.65457714 -0.7559874
vn -0.00024210803 -0.47781974 -0.8784578
vn -0.00023649905 -0.47781932 -0.8784581
vn -0.0036151474 -0.99999344 6.0702555E-06
vn -0.0036151474 -0.99999344 6.0702564E-06
vn -0.0036151474 -0.99999344 0
vn -0.0036151472 -0.99999344 0
vn -1.458186E-07 -1 0
vn -3.1001292E-07 -1 1.6166433E-07
vn -1.1108264E-07 -1 0
vn -0 -1 0
vn -0 -1 0
vn -0 -1 0
vn -0 -1 0
vn -0 -1 0
vn -0 -1 0
vn 3.4770253E-06 -1 4.449844E-06
vn 1.1185793E-05 -1 -1.586024E-06
vn 1.3631025E-05 -1 1.4387298E-06
vn -3.660344E-07 -1 2.2446964E-06
vn -1.6335375E-07 -1 0
vn 0.00026745704 -0.20641217 -0.9784651
vn 0.0004976533 -0.38406807 -0.9233047
vn 0.0004976534 -0.38406804 -0.9233047
vn 0.00025369984 -0.19579495 -0.98064476
vn -0 0 -1
vn -0 0 -1
vn 1 -3.3005242E-07 -1.2957304E-07
vn 1 8.1275977E-07 -1.7105459E-06
vn 0.6293793 0.7539776 -0.1881474
vn 0.0355712 0.96873593 -0.2455307
vn 1 0 0
vn 1 0 0
vn 1 0 0
vn 1 -1.1026484E-07 0
vn 1 -2.1082016E-07 0
vn 1 -2.1082016E-07 0
vn 0.02900051 0.22275524 0.97444296
vn 0.027888631 0.43505073 0.899974
vn 0.027888633 0.43505067 0.899974
vn 0.02899911 0.22355573 0.9742596
vn 0.02864842 0 0.9995896
vn 0.02864842 0 0.9995896
vn -1 0 0
vn -1 0 0
vn -1 0 0
vn -1 1.1029796E-07 0
vn -1 2.109209E-07 0
vn -1 2.109209E-07 0
vn -1.6886035E-05 -0.15497178 -0.9879189
vn -0.00018273565 -0.422279 -0.90646595
vn -0.00018165103 -0.42231712 -0.9064481
vn -1.6986676E-05 -0.15513137 -0.9878939
vn 7.98768E-05 0 -1
vn 7.987679E-05 0 -1
vn 0.0011998141 0.9697807 -0.24397519
vn 0.0355712 0.96873593 -0.2455307
vn 0.00034946122 0.9699598 -0.243265
vn 0.0059381276 0.970326 -0.24172749
vn 0.010713994 0.971262 -0.23777203
vn 0.010713994 0.971262 -0.23777203
vn -0.019461926 0.96972454 -0.24342437
vn 0.6293793 0.7539776 -0.1881474
vn -0.029990276 0.9698113 -0.24200533
vn 1 -1.6075187E-07 0
vn 1 -3.317672E-07 0
vn 1 -1.8013006E-07 0
vn 1 -3.7104283E-07 0
vn 1 -4.6952746E-07 -2.604035E-07
vn 1 -3.3559462E-07 -8.450705E-07
vn 1 -1.2881875E-07 0
vn 1 -1.2881875E-07 0
vn 1 -1.8520743E-07 0
vn 1 -1.301149E-07 0
vn 1 -1.9722829E-07 0
vn 1 -2.6229606E-07 0
vn 1 -3.3005242E-07 -1.2957304E-07
vn -0 -0.99998724 0.0050629363
vn -0 -1 0
vn -0 -1 0
vn -0 -0.99998724 0.0050629363
vn -0.0015509746 -0.36758834 -0.92998725
vn -0.0015509746 -0.3675884 -0.92998725
vn -0.0015509744 -0.36758834 -0.92998725
vn -0.0015509746 -0.36758834 -0.92998725
vn -0.001820445 0.56882465 0.8224569
vn -0.00018232415 0.42227903 0.90646595
vn -0.00023963649 0.47781375 0.8784611
vn -0.00018165105 0.42231712 0.9064481
vn -0.0018335892 0.56953937 0.821962
vn -0.0034496365 0.654577 0.7559874
vn -0.003449636 0.654577 0.7559874
vn -0.0002421091 0.47781974 0.8784578
vn -0.00023649905 0.47781932 0.8784581
vn -0.0036151474 0.99999344 -6.07023E-06
vn -0.0036151474 0.99999344 -6.0702314E-06
vn -0.0036151474 0.99999344 0
vn -0.0036151472 0.99999344 0
vn 1.458186E-07 1 0
vn 3.1001292E-07 1 1.6166433E-07
vn 1.1108264E-07 1 0
vn -0 1 0
vn -0 1 0
vn -0 1 0
vn -0 1 0
vn -0 1 0
vn -0 1 0
vn 3.8171715E-06 1 -4.456355E-06
vn 1.1434367E-05 1 1.6212692E-06
vn 1.410059E-05 1 -1.4037661E-06
vn -0 1 -2.322077E-06
vn 1.6335375E-07 1 0
vn 0.000267524 0.20641223 0.9784651
vn 0.0004977778 0.38406807 0.9233047
vn 0.0004977777 0.38406804 0.9233047
vn 0.0002537633 0.19579497 0.98064476
vn -0 0 1
vn -0 0 1
vn 1 -1.5540454E-07 2.708971E-07
vn 1 -8.1275977E-07 1.7105459E-06
vn 0.6293793 -0.7539776 0.1881474
vn 0.03557091 -0.96873605 0.24553064
vn 1 0 0
vn 1 0 0
vn 1 0 0
vn 1 -1.1026484E-07 0
vn 1 -2.1082016E-07 0
vn 1 -2.1082016E-07 0
vn 0.02900051 -0.22275527 -0.97444296
vn 0.027888637 -0.43505067 -0.899974
vn 0.027888633 -0.43505064 -0.899974
vn 0.028999114 -0.22355571 -0.97425973
vn 0.02864842 0 -0.9995896
vn 0.02864842 0 -0.9995896
vn -1 0 0
vn -1 0 0
vn -1 0 0
vn -1 1.1029796E-07 0
vn -1 2.109209E-07 0
vn -1 2.109209E-07 0
vn -1.6886022E-05 0.15497176 0.9879189
vn -0.00018232415 0.42227903 0.90646595
vn -0.00018165105 0.42231712 0.9064481
vn -1.6986696E-05 0.15513138 0.9878939
vn 7.98768E-05 0 1
vn 7.98768E-05 0 1
vn 0.0011994422 -0.9697807 0.24397516
vn 0.03557091 -0.96873605 0.24553064
vn 0.0003491485 -0.9699598 0.243265
vn 0.005937479 -0.970326 0.24172768
vn 0.010712873 -0.97126186 0.2377724
vn 0.010712873 -0.97126186 0.2377724
vn -0.019461926 -0.96972454 0.24342437
vn 0.6293793 -0.7539776 0.1881474
vn -0.029990276 -0.9698113 0.24200533
vn 1 -1.6075182E-07 0
vn 1 -3.317672E-07 0
vn 1 -1.8013004E-07 0
vn 1 -3.710428E-07 0
vn 1 -4.6952746E-07 -2.604035E-07
vn 1 -3.3559462E-07 -8.450705E-07
vn 1 -1.2881875E-07 0
vn 1 -1.2881875E-07 0
vn 1 -1.8520743E-07 0
vn 1 -1.301149E-07 0
vn 1 -1.9722829E-07 0
vn 1 -2.6229606E-07 0
vn 1 -1.5540454E-07 2.708971E-07
vn -0 0.99998724 -0.0050629363
vn -0 1 0
vn -0 1 0
vn -0 0.99998724 -0.0050629363
vn -0.0015509734 0.36758834 0.92998725
vn -0.0015509732 0.36758834 0.92998725
vn -0.0015509735 0.36758834 0.92998725
vn -0.0015509734 0.36758834 0.92998725
vn -0.0018204566 0.56882465 -0.8224569
vn -0.00023963649 0.47781375 -0.8784611
vn -0.00018232415 0.42227903 -0.90646595
vn -0.00018165103 0.42231712 -0.9064481
vn -0.001833601 0.56953937 -0.821962
vn -0.00344966 0.65457714 -0.75598735
vn -0.00344966 0.65457714 -0.75598735
vn -0.0002421091 0.47781974 -0.8784578
vn -0.00023649905 0.47781932 -0.8784581
vn -0.0036151474 0.99999344 6.0702555E-06
vn -0.0036151472 0.99999344 0
vn -0.0036151474 0.99999344 0
vn -0.0036151474 0.99999344 6.0702564E-06
vn 1.458186E-07 1 0
vn 1.1108264E-07 1 0
vn 3.1001292E-07 1 -1.6166433E-07
vn -0 1 0
vn -0 1 0
vn -0 1 0
vn -0 1 0
vn -0 1 0
vn -0 1 0
vn 3.8171715E-06 1 4.456355E-06
vn 1.1434367E-05 1 -1.6212692E-06
vn 1.410059E-05 1 1.4037661E-06
vn -0 1 2.322077E-06
vn 1.6335375E-07 1 0
vn 0.000267524 0.20641223 -0.9784651
vn 0.0004977777 0.38406804 -0.9233047
vn 0.0004977778 0.38406807 -0.9233047
vn 0.0002537633 0.19579497 -0.98064476
vn -0 0 -1
vn -0 0 -1
vn 1 -1.5540454E-07 -2.708971E-07
vn 0.6293793 -0.7539776 -0.18814735
vn 1 -8.1275977E-07 -1.7105459E-06
vn 0.03557091 -0.96873605 -0.24553064
vn 1 0 0
vn 1 0 0
vn 1 0 0
vn 1 -1.1026483E-07 0
vn 1 -2.1082016E-07 0
vn 1 -2.1082016E-07 0
vn 0.02900051 -0.22275528 0.97444296
vn 0.027888633 -0.43505067 0.899974
vn 0.027888637 -0.4350507 0.899974
vn 0.028999114 -0.22355574 0.97425973
vn 0.02864842 0 0.9995896
vn 0.02864842 0 0.9995896
vn -1 0 0
vn -1 0 0
vn -1 0 0
vn -1 1.1029796E-07 0
vn -1 2.109209E-07 0
vn -1 2.109209E-07 0
vn -1.6886028E-05 0.15497176 -0.9879189
vn -0.00018165103 0.42231712 -0.9064481
vn -0.00018232415 0.42227903 -0.90646595
vn -1.6986696E-05 0.15513138 -0.9878939
vn 7.98768E-05 0 -1
vn 7.987679E-05 0 -1
vn 0.0011994424 -0.9697807 -0.24397516
vn 0.0003491485 -0.9699598 -0.243265
vn 0.03557091 -0.96873605 -0.24553064
vn 0.0059374813 -0.970326 -0.24172768
vn 0.010712879 -0.97126186 -0.23777242
vn 0.01071288 -0.97126186 -0.23777242
vn -0.019461926 -0.96972454 -0.24342434
vn 0.6293793 -0.7539776 -0.18814735
vn -0.029990276 -0.9698113 -0.24200529
vn 1 -1.6075182E-07 0
vn 1 -1.8013004E-07 0
vn 1 -3.317672E-07 0
vn 1 -3.710428E-07 0
vn 1 -4.6952746E-07 2.604035E-07
vn 1 -3.3559462E-07 8.450705E-07
vn 1 -1.2881875E-07 0
vn 1 -1.8520743E-07 0
vn 1 -1.2881875E-07 0
vn 1 -1.301149E-07 0
vn 1 -1.9722829E-07 0
vn 1 -2.6229606E-07 0
vn 1 -1.5540454E-07 -2.708971E-07
vn -0 0.99998724 0.0050629363
vn -0 0.99998724 0.0050629363
vn -0 1 0
vn -0 1 0
vn -0.001550971 0.36758834 -0.92998725
vn -0.0015509707 0.36758834 -0.92998725
vn -0.001550971 0.36758834 -0.92998725
vn -0.0015509708 0.36758834 -0.92998725
vn -0.0036793433 0.9999498 0.009320538
vn -0.0016266707 0.9999784 0.0063727116
vn -0.0016266706 0.9999784 0.0063727126
vn -0.029591506 0.9983381 0.04945004
vn -0.035941556 0.9978035 0.055645157
vn -0.045633886 0.9972626 0.05818024
vn -0.03976839 0.9953642 0.08757064
vn -0.06400457 0.99673706 0.04917842
vn -0.07578249 0.99617034 0.04360876
vn -0.39750004 -0.19155641 0.897385
vn -0.77565694 -0.0017311083 0.63115233
vn -0.491797 -0.0041687223 0.87069994
vn -0.6936878 -0.31661895 0.6469541
vn -0.94921404 0.00086927245 0.31463006
vn -0.8304188 -0.38521996 0.40250465
vn -0.36923847 -0.83933735 0.3989683
vn -0.24868096 -0.7408316 0.6239602
vn -1.3813339E-07 -0.9498896 0.3125855
vn -0.09868155 -0.5649419 0.81920856
vn 0.0021519968 -0.83107865 0.5561507
vn 0.0041460795 -0.65122944 0.7588695
vn -0 0 1
vn -0 0 1
vn -0 0 1
vn -0 0 1
vn -0 0 1
vn -0.3117093 -0.9501753 0.0020445136
vn -1.4080557E-07 -1 0
vn -0 -1 0
vn -0.35564902 -0.93461293 0.0035444791
vn -4.627955E-07 -1 0
vn -1.2333906E-07 -1 1.3079156E-07
vn -1.0468506E-07 -1 0
vn -0 -1 0
vn -0 -1 0
vn -0.79287255 -0.60938025 0.002971473
vn -0.6512676 -0.75883615 0.00427169
vn -0.9160736 -0.40100354 0.002278887
vn -0.9999925 0.0018076207 -0.003422155
vn 0.3304829 0.0011095979 -0.9438113
vn 0.48692027 0.00056308316 -0.8734463
vn 0.3304829 0.0011095981 -0.9438113
vn 0.48692027 0.00056308316 -0.8734463
vn 0.6849894 -2.959218E-07 -0.728553
vn 0.6849894 -2.959218E-07 -0.728553
vn 0.8050551 -9.843959E-07 -0.5932001
vn 0.805055 -9.843956E-07 -0.59320015
vn 0.933343 -1.4780398E-06 -0.35898563
vn 0.933343 -1.47804E-06 -0.35898563
vn 0.9946884 -1.6026507E-06 -0.10293178
vn 0.9892665 -0.12622748 -0.07360926
vn 0.9845583 -0.17497255 -0.0054463376
vn 1 -1.6377454E-06 0
vn 0.93372047 -0.35782957 -0.011138091
vn 0.93372047 -0.35782957 -0.011138091
vn 0.2295745 -0.78848296 -0.57060516
vn 0.29896012 -0.7967857 -0.52512413
vn 0.2295745 -0.78848296 -0.5706051
vn 0.3031897 -0.7971178 -0.5221869
vn 0.41124997 -0.79639494 -0.4434281
vn 0.4103075 -0.79649055 -0.444129
vn 0.48792425 -0.7969623 -0.35606307
vn 0.4922927 -0.797419 -0.3489569
vn 0.54373354 -0.81640273 -0.19452618
vn 0.5461873 -0.8134176 -0.20007837
vn 0.55408686 -0.8288963 -0.076932386
vn 0.5518623 -0.83152795 -0.06331834
vn 0.55186236 -0.83152795 -0.06331835
vn 1.5104818E-07 1 0
vn 1.5104818E-07 1 0
vn 1.5104818E-07 1 0
vn 1.5104818E-07 1 0
vn -0 0 1
vn -0 0 1
vn -0 0 1
vn -0 0 1
vn 0.02639973 -0.99965155 0
vn 0.02639973 -0.99965155 0
vn 0.02639973 -0.99965155 0
vn 0.02639973 -0.99965155 0
vn -3.1136088E-07 -1 0
vn -3.1177748E-07 -1 0
vn -3.1118583E-07 -1 0
vn -3.107702E-07 -1 0
vn 2.1425384E-07 1 0
vn 1.914337E-07 1 0
vn 2.1425384E-07 1 0
vn 1.938002E-07 1 0
vn 1.6647896E-07 1 0
vn 1.6044363E-07 1 0
vn 1.4994943E-07 1 0
vn 1.4994943E-07 1 0
vn 1 -1.052768E-07 0
vn 1 -1.052768E-07 0
vn 1 -1.4793136E-07 0
vn 1 -1.1282798E-07 0
vn 1 -1.199853E-07 0
vn 1 -1.0367769E-07 0
vn 1 0 0
vn 1 -1.8157985E-07 0
vn 1 -2.32593E-07 0
vn 1 -1.6694867E-07 -1.1896051E-07
vn 1 -1.6694862E-07 1.1896064E-07
vn 1 -1.8157985E-07 0
vn 1 -1.0367766E-07 0
vn 1 -1.4793137E-07 0
vn 1 -2.3259307E-07 0
vn 1 -1.1998527E-07 0
vn 1 0 0
vn 1 -1.1282795E-07 0
vn 1 -1.0527678E-07 0
vn 1 -1.05276804E-07 0
vn -0 0 1
vn -0 0 1
vn -0 0 1
vn -0.19539978 0.001761014 0.98072207
vn -0.097259425 0.0008765373 0.9952586
vn -0.52110744 0.011668999 0.8534114
vn -0 0 1
vn -0.52176255 0.011709246 0.85301036
vn -0.79637134 0.020836737 0.6044489
vn -0.798799 0.020849692 0.60123664
vn -0.97096336 0.002860305 0.23921093
vn -0.9777134 0.002980741 0.20992295
vn -0.9994499 -0.032100793 -0.008335949
vn -0.99988294 -0.014509296 0.0048494
vn -0.9980489 -0.056477778 -0.026619816
vn -0.09725943 -0.0008764671 0.9952586
vn -0.033901755 2.5972011E-05 0.9994252
vn -0.050419144 3.862592E-05 0.9987281
vn -0.46413603 0.0022599183 0.885761
vn -0.46102613 0.0022408646 0.88738376
vn -0.92791533 0.0056460164 0.3727482
vn -0.9268218 0.005634739 0.37545902
vn -0.99957794 0.0066593876 0.02827822
vn -0.99964476 0.0028575175 0.02649897
vn -0.9062608 0.0026124625 0.4227109
vn -0.99964476 -0.0028575184 0.02649897
vn -0.03390174 -2.5972002E-05 0.9994252
vn -0.90626085 -0.0026124625 0.42271087
vn -0.42007777 0 0.90748817
vn -0.99957794 -0.006659389 0.028278224
vn -0.4200777 0 0.90748817
vn -0.16441564 0 0.9863912
vn -0.16441566 0 0.9863912
vn -0.9268218 -0.00563474 0.37545907
vn -0.92791533 -0.005646019 0.3727483
vn -0.46102607 -0.002240864 0.88738376
vn -0.46413592 -0.0022599185 0.88576114
vn -0.050419144 -3.862592E-05 0.9987281
vn -0.5217626 -0.011708872 0.85301036
vn -0.5211073 -0.01166862 0.8534114
vn -0.19539976 -0.0017608725 0.9807222
vn -0.79637134 -0.020836161 0.6044489
vn -0 0 1
vn -0 0 1
vn -0.79879904 -0.020849118 0.60123664
vn -0.97096336 -0.0028595533 0.23921096
vn -0.9777134 -0.0029800844 0.20992297
vn -0.9994498 0.032102 -0.00833617
vn -0.99988294 0.014509918 0.0048494656
vn -0.9980488 0.05647982 -0.02662044
vn -0 0 -1
vn -0 0 -1
vn -0 0 -1
vn -0 0 -1
vn -0 0 -1
vn -0 0 -1
vn -0 0 -1
vn -0 0 -1
vn -0 0 -1
vn -0 0 -1
vn -0 0 -1
vn -0 0 -1
vn -0 0 -1
vn -0 0 -1
vn -0 0 1
vn -0 0 1
vn -0 0 1
vn -0 0 1
vn 1 -1.6656759E-07 0
vn 1 -1.6656759E-07 0
vn 1 -1.6656759E-07 0
vn 1 -1.6656759E-07 0
vn 1 0 0
vn 1 0 -9.4451985E-07
vn 1 0 -9.4451985E-07
vn 1 0 0
vn 0.42718974 0 -0.904162
vn 0.42718974 0 -0.904162
vn 0.5153529 0 -0.856978
vn 0.51535285 0 -0.856978
vn 0.67169386 -1.235641E-07 -0.7408289
vn 0.67169386 -1.2356408E-07 -0.7408289
vn 0.8209934 -1.3743252E-07 -0.57093763
vn 0.82099336 -1.3743254E-07 -0.5709377
vn 0.9505114 -1.304044E-07 -0.3106897
vn 0.9505114 -1.3040439E-07 -0.31068966
vn 0.9878863 -1.2120157E-07 -0.15517949
vn 0.9878863 -1.2120157E-07 -0.15517949
vn -0.97357607 0 -0.22836313
vn -0.97357607 0 -0.22836313
vn -0.97357607 0 -0.22836313
vn -0.97357607 0 -0.22836313
vn -0.65413517 0 0.75637776
vn -0.65413517 0 0.75637776
vn -0.75735176 0 0.6530071
vn -0.75735176 0 0.6530071
vn -0.9066658 0 0.4218496
vn -0.9066658 0 0.4218497
vn -0.9536576 0 0.30089396
vn -0.9536576 0 0.30089396
vn -0.19527715 0 0.98074806
vn -0.19527718 0 0.98074806
vn -0.19527715 0 0.98074806
vn -0.19527718 0 0.98074806
vn -0.003679791 -0.9999498 0.009320508
vn -0.001627143 -0.9999784 0.0063727107
vn -0.001627143 -0.9999784 0.0063727107
vn -0.029591644 -0.9983381 0.0494497
vn -0.035941623 -0.9978035 0.05564471
vn -0.04563392 -0.9972626 0.058180057
vn -0.03976839 -0.9953642 0.08757064
vn -0.06400457 -0.99673706 0.04917842
vn -0.07578249 -0.99617034 0.04360876
vn -0.39749986 0.19155653 0.8973851
vn -0.49179688 0.0041687223 0.87069994
vn -0.77565694 0.0017311084 0.63115233
vn -0.6936877 0.31661934 0.6469541
vn -0.94921404 -0.00086927233 0.31463
vn -0.83041877 0.3852203 0.40250462
vn -0.36923796 0.8393377 0.39896813
vn -0.24868047 0.74083185 0.6239601
vn 1.3813344E-07 0.9498897 0.3125855
vn -0.09868132 0.564942 0.8192085
vn 0.0021522592 0.83107865 0.5561507
vn 0.004146309 0.65122944 0.7588696
vn -0 0 1
vn -0 0 1
vn -0 0 1
vn -0 0 1
vn -0 0 1
vn -0.31170887 0.95017546 0.0020445161
vn -0 1 0
vn 1.4080557E-07 1 0
vn -0.35564828 0.9346131 0.0035444282
vn 4.6279555E-07 1 0
vn 1.2333912E-07 1 -1.3079155E-07
vn 1.0468506E-07 1 0
vn -0 1 0
vn -0 1 0
vn -0.79287195 0.6093811 0.0029714801
vn -0.65126675 0.7588369 0.004271695
vn -0.91607344 0.40100414 0.0022788954
vn -0.9999925 -0.0018076207 -0.003422155
vn 0.3304829 -0.0011095979 -0.9438113
vn 0.3304829 -0.0011095981 -0.9438113
vn 0.4869203 -0.00056308316 -0.8734462
vn 0.4869203 -0.00056308316 -0.8734462
vn 0.6849895 -2.959218E-07 -0.72855294
vn 0.6849895 -2.959218E-07 -0.72855294
vn 0.805055 -9.843956E-07 -0.59320015
vn 0.8050551 -9.843959E-07 -0.5932001
vn 0.933343 -1.47804E-06 -0.35898563
vn 0.933343 -1.4780398E-06 -0.35898563
vn 0.9946885 -1.6026507E-06 -0.102931716
vn 0.9892669 0.1262254 -0.07360927
vn 0.9845585 0.17497087 -0.005446285
vn 1 -1.6377454E-06 0
vn 0.93372047 0.35782957 -0.011138091
vn 0.93372047 0.35782957 -0.011138091
vn 0.22957484 0.78848267 -0.5706053
vn 0.22957484 0.78848267 -0.5706053
vn 0.29896027 0.79678565 -0.52512425
vn 0.3031899 0.7971177 -0.52218693
vn 0.41124988 0.7963951 -0.44342798
vn 0.41030738 0.79649067 -0.44412887
vn 0.4879242 0.79696256 -0.3560627
vn 0.49229258 0.7974192 -0.34895658
vn 0.5437338 0.8164026 -0.19452602
vn 0.5461875 0.81341743 -0.2000782
vn 0.5540874 0.828896 -0.07693246
vn 0.5518628 0.83152765 -0.063318394
vn 0.5518629 0.83152765 -0.06331841
vn -1.5104818E-07 -1 0
vn -1.5104818E-07 -1 0
vn -1.5104818E-07 -1 0
vn -1.5104818E-07 -1 0
vn -0 0 1
vn -0 0 1
vn -0 0 1
vn -0 0 1
vn 0.02639973 0.99965155 0
vn 0.02639973 0.99965155 0
vn 0.02639973 0.99965155 0
vn 0.02639973 0.99965155 0
vn 3.1136088E-07 1 0
vn 3.1118583E-07 1 0
vn 3.1177748E-07 1 0
vn 3.107702E-07 1 0
vn -2.1425384E-07 -1 0
vn -2.1425384E-07 -1 0
vn -1.9143368E-07 -1 0
vn -1.938002E-07 -1 0
vn -1.6647893E-07 -1 0
vn -1.6044363E-07 -1 0
vn -1.4994943E-07 -1 0
vn -1.4994943E-07 -1 0
vn -0.0036793433 0.9999498 -0.009320538
vn -0.0016266711 0.9999784 -0.006372713
vn -0.0016266711 0.9999784 -0.0063727135
vn -0.0295915 0.9983381 -0.04945003
vn -0.035941556 0.9978035 -0.055645153
vn -0.045633882 0.9972626 -0.05818024
vn -0.03976839 0.9953642 -0.08757064
vn -0.06400457 0.99673706 -0.04917842
vn -0.07578249 0.99617034 -0.04360876
vn -0.39749995 -0.19155641 -0.897385
vn -0.49179688 -0.0041687223 -0.87069994
vn -0.77565694 -0.0017311086 -0.63115245
vn -0.6936878 -0.31661895 -0.6469541
vn -0.94921404 0.000869272 -0.31463006
vn -0.8304188 -0.38521996 -0.40250465
vn -0.36923847 -0.83933735 -0.3989683
vn -0.24868096 -0.7408316 -0.6239602
vn -1.3813339E-07 -0.9498896 -0.31258556
vn -0.09868155 -0.5649419 -0.81920856
vn 0.0021519968 -0.83107865 -0.5561507
vn 0.0041460795 -0.65122944 -0.7588695
vn -0 0 -1
vn -0 0 -1
vn -0 0 -1
vn -0 0 -1
vn -0 0 -1
vn -0.3117093 -0.9501753 -0.0020445136
vn -0 -1 0
vn -1.4080557E-07 -1 0
vn -0.35564902 -0.93461293 -0.0035444791
vn -4.627955E-07 -1 0
vn -1.2333906E-07 -1 -1.3079156E-07
vn -1.0468506E-07 -1 0
vn -0 -1 0
vn -0 -1 0
vn -0.79287255 -0.60938025 -0.002971473
vn -0.6512676 -0.75883615 -0.00427169
vn -0.9160736 -0.40100354 -0.002278887
vn -0.9999925 0.0018076207 0.003422155
vn 0.3304829 0.0011095979 0.9438113
vn 0.3304829 0.0011095981 0.9438113
vn 0.4869203 0.00056308304 0.8734462
vn 0.4869203 0.00056308304 0.8734462
vn 0.6849895 -2.959218E-07 0.72855294
vn 0.6849895 -2.959218E-07 0.72855294
vn 0.8050551 -9.843959E-07 0.5932001
vn 0.805055 -9.843956E-07 0.59320015
vn 0.933343 -1.4780398E-06 0.35898563
vn 0.933343 -1.47804E-06 0.35898563
vn 0.9946884 -1.6026507E-06 0.10293178
vn 0.9892665 -0.12622748 0.07360926
vn 0.9845583 -0.17497255 0.0054463376
vn 1 -1.6377454E-06 0
vn 0.93372047 -0.35782957 0.011138091
vn 0.93372047 -0.35782957 0.011138091
vn 0.2295745 -0.7884829 0.57060516
vn 0.22957453 -0.7884829 0.57060516
vn 0.29896012 -0.7967857 0.52512413
vn 0.30318975 -0.7971178 0.5221869
vn 0.41124997 -0.79639494 0.4434281
vn 0.4103075 -0.79649055 0.444129
vn 0.48792425 -0.7969623 0.356063
vn 0.4922927 -0.797419 0.3489569
vn 0.54373354 -0.81640273 0.19452618
vn 0.5461873 -0.8134176 0.20007837
vn 0.55408686 -0.8288963 0.076932386
vn 0.5518623 -0.83152795 0.06331834
vn 0.55186236 -0.83152795 0.06331835
vn 1.5104818E-07 1 0
vn 1.5104818E-07 1 0
vn 1.5104818E-07 1 0
vn 1.5104818E-07 1 0
vn -0 0 -1
vn -0 0 -1
vn -0 0 -1
vn -0 0 -1
vn 0.02639973 -0.99965155 0
vn 0.02639973 -0.99965155 0
vn 0.02639973 -0.99965155 0
vn 0.02639973 -0.99965155 0
vn -3.1136088E-07 -1 0
vn -3.1118583E-07 -1 0
vn -3.1177748E-07 -1 0
vn -3.107702E-07 -1 0
vn 2.1425384E-07 1 0
vn 2.1425384E-07 1 0
vn 1.9143368E-07 1 0
vn 1.938002E-07 1 0
vn 1.6647893E-07 1 0
vn 1.6044363E-07 1 0
vn 1.4994943E-07 1 0
vn 1.4994943E-07 1 0
vn 1 -1.0527681E-07 0
vn 1 -1.4793136E-07 0
vn 1 -1.0527681E-07 0
vn 1 -1.1282796E-07 0
vn 1 -1.199853E-07 0
vn 1 -1.0367769E-07 0
vn 1 0 0
vn 1 -1.8157985E-07 0
vn 1 -2.32593E-07 0
vn 1 -1.6694867E-07 1.1896051E-07
vn 1 -1.6694862E-07 -1.1896064E-07
vn 1 -1.8157985E-07 0
vn 1 -1.0367766E-07 0
vn 1 -1.4793137E-07 0
vn 1 -2.3259307E-07 0
vn 1 -1.1998527E-07 0
vn 1 0 0
vn 1 -1.1282795E-07 0
vn 1 -1.0527678E-07 0
vn 1 -1.05276804E-07 0
vn -0 0 -1
vn -0 0 -1
vn -0 0 -1
vn -0.19539978 0.0017610143 -0.98072207
vn -0.097259425 0.0008765375 -0.9952586
vn -0.52110744 0.011668999 -0.8534113
vn -0 0 -1
vn -0.52176255 0.011709249 -0.85301036
vn -0.79637134 0.020836737 -0.6044489
vn -0.798799 0.020849692 -0.60123664
vn -0.97096336 0.0028603035 -0.23921096
vn -0.9777134 0.0029807398 -0.20992297
vn -0.9994499 -0.032100793 0.008335949
vn -0.99988294 -0.014509296 -0.0048494013
vn -0.9980489 -0.056477778 0.026619816
vn -0.09725943 -0.0008764671 -0.9952586
vn -0.033901755 2.5972011E-05 -0.9994252
vn -0.050419144 3.862592E-05 -0.9987281
vn -0.46413603 0.0022599169 -0.885761
vn -0.46102613 0.0022408634 -0.88738376
vn -0.92791533 0.0056460155 -0.3727482
vn -0.9268218 0.0056347377 -0.37545902
vn -0.99957794 0.0066593876 -0.028278219
vn -0.99964476 0.0028575175 -0.026498968
vn -0.9062608 0.0026124625 -0.4227109
vn -0.99964476 -0.0028575184 -0.026498973
vn -0.033901736 -2.5972002E-05 -0.9994252
vn -0.90626085 -0.0026124625 -0.42271087
vn -0.42007777 0 -0.90748817
vn -0.99957794 -0.006659389 -0.028278224
vn -0.4200777 0 -0.90748817
vn -0.16441561 0 -0.9863912
vn -0.16441564 0 -0.9863912
vn -0.9268218 -0.005634739 -0.37545907
vn -0.92791533 -0.0056460174 -0.3727483
vn -0.46102607 -0.0022408627 -0.88738376
vn -0.46413592 -0.0022599169 -0.88576114
vn -0.05041914 -3.862592E-05 -0.9987281
vn -0.19539976 -0.0017608725 -0.9807222
vn -0.5211073 -0.01166862 -0.8534114
vn -0.5217626 -0.011708872 -0.85301036
vn -0 0 -1
vn -0 0 -1
vn -0.79637134 -0.020836161 -0.6044489
vn -0.79879904 -0.020849118 -0.60123664
vn -0.97096336 -0.0028595543 -0.23921096
vn -0.9777134 -0.0029800853 -0.20992297
vn -0.9994498 0.032102 0.008336169
vn -0.99988294 0.014509916 -0.004849466
vn -0.9980488 0.05647982 0.02662044
vn -0 0 1
vn -0 0 1
vn -0 0 1
vn -0 0 1
vn -0 0 1
vn -0 0 1
vn -0 0 1
vn -0 0 1
vn -0 0 1
vn -0 0 1
vn -0 0 1
vn -0 0 1
vn -0 0 1
vn -0 0 1
vn -0 0 -1
vn -0 0 -1
vn -0 0 -1
vn -0 0 -1
vn 1 -1.6656759E-07 0
vn 1 -1.6656759E-07 0
vn 1 -1.6656759E-07 0
vn 1 -1.6656759E-07 0
vn 1 0 0
vn 1 0 0
vn 1 0 9.4451985E-07
vn 1 0 9.4451985E-07
vn 0.42718974 0 0.904162
vn 0.5153529 0 0.856978
vn 0.42718974 0 0.904162
vn 0.5153529 0 0.856978
vn 0.67169386 -1.2356408E-07 0.7408289
vn 0.67169386 -1.2356408E-07 0.7408289
vn 0.8209934 -1.3743252E-07 0.57093763
vn 0.82099336 -1.3743254E-07 0.5709377
vn 0.9505114 -1.304044E-07 0.3106897
vn 0.9505114 -1.3040439E-07 0.31068966
vn 0.9878863 -1.2120157E-07 0.15517949
vn 0.9878863 -1.2120157E-07 0.15517949
vn -0.97357607 0 0.22836313
vn -0.97357607 0 0.22836313
vn -0.97357607 0 0.22836313
vn -0.97357607 0 0.22836313
vn -0.65413517 0 -0.75637776
vn -0.75735176 0 -0.6530071
vn -0.65413517 0 -0.75637776
vn -0.75735176 0 -0.6530071
vn -0.9066658 0 -0.4218496
vn -0.9066658 0 -0.4218497
vn -0.9536576 0 -0.30089396
vn -0.9536576 0 -0.30089396
vn -0.19527715 0 -0.98074806
vn -0.19527715 0 -0.98074806
vn -0.19527715 0 -0.98074806
vn -0.19527715 0 -0.98074806
vn -0.0036797912 -0.9999498 -0.009320506
vn -0.001627143 -0.9999784 -0.0063727093
vn -0.001627143 -0.9999784 -0.0063727093
vn -0.029591648 -0.9983381 -0.0494497
vn -0.03594163 -0.9978035 -0.05564471
vn -0.04563392 -0.9972626 -0.058180057
vn -0.03976839 -0.9953642 -0.08757064
vn -0.06400457 -0.99673706 -0.04917842
vn -0.07578249 -0.99617034 -0.04360876
vn -0.39749986 0.19155653 -0.8973851
vn -0.77565694 0.0017311088 -0.63115245
vn -0.49179688 0.0041687223 -0.87069994
vn -0.6936877 0.31661937 -0.6469542
vn -0.94921404 -0.00086927245 -0.31463006
vn -0.8304187 0.38522035 -0.40250474
vn -0.36923796 0.8393377 -0.39896816
vn -0.24868043 0.7408318 -0.62396014
vn 1.3813344E-07 0.9498897 -0.3125855
vn -0.098681316 0.56494194 -0.8192085
vn 0.0021522597 0.83107865 -0.5561507
vn 0.004146309 0.65122944 -0.7588696
vn -0 0 -1
vn -0 0 -1
vn -0 0 -1
vn -0 0 -1
vn -0 0 -1
vn -0.31170887 0.95017546 -0.002044516
vn 1.4080557E-07 1 0
vn -0 1 0
vn -0.35564828 0.9346131 -0.0035444282
vn 4.6279555E-07 1 0
vn 1.2333912E-07 1 1.3079155E-07
vn 1.0468506E-07 1 0
vn -0 1 0
vn -0 1 0
vn -0.79287195 0.60938114 -0.00297148
vn -0.65126663 0.7588369 -0.0042716945
vn -0.91607344 0.40100414 -0.0022788954
vn -0.9999925 -0.0018076207 0.003422155
vn 0.3304829 -0.0011095979 0.9438113
vn 0.48692027 -0.00056308316 0.8734463
vn 0.3304829 -0.0011095981 0.9438113
vn 0.48692027 -0.00056308316 0.8734463
vn 0.6849894 -2.959218E-07 0.728553
vn 0.6849894 -2.959218E-07 0.728553
vn 0.805055 -9.843956E-07 0.59320015
vn 0.8050551 -9.843959E-07 0.5932001
vn 0.933343 -1.47804E-06 0.35898563
vn 0.933343 -1.4780398E-06 0.35898563
vn 0.9946885 -1.6026507E-06 0.102931716
vn 0.9892669 0.1262254 0.07360927
vn 0.9845585 0.17497087 0.005446285
vn 1 -1.6377454E-06 0
vn 0.93372047 0.35782957 0.011138091
vn 0.93372047 0.35782957 0.011138091
vn 0.22957481 0.78848267 0.5706053
vn 0.29896027 0.79678565 0.52512425
vn 0.22957481 0.78848267 0.5706053
vn 0.3031898 0.7971177 0.52218693
vn 0.41124988 0.7963951 0.44342798
vn 0.41030738 0.79649067 0.44412887
vn 0.4879242 0.79696256 0.3560627
vn 0.49229258 0.7974192 0.34895664
vn 0.5437338 0.81640255 0.19452603
vn 0.5461876 0.8134174 0.20007825
vn 0.5540874 0.828896 0.07693246
vn 0.5518628 0.83152765 0.063318394
vn 0.5518629 0.83152765 0.06331841
vn -1.5104818E-07 -1 0
vn -1.5104818E-07 -1 0
vn -1.5104818E-07 -1 0
vn -1.5104818E-07 -1 0
vn -0 0 -1
vn -0 0 -1
vn -0 0 -1
vn -0 0 -1
vn 0.02639973 0.99965155 0
vn 0.02639973 0.99965155 0
vn 0.02639973 0.99965155 0
vn 0.02639973 0.99965155 0
vn 3.1136088E-07 1 0
vn 3.1177748E-07 1 0
vn 3.1118583E-07 1 0
vn 3.107702E-07 1 0
vn -2.1425384E-07 -1 0
vn -1.914337E-07 -1 0
vn -2.1425384E-07 -1 0
vn -1.938002E-07 -1 0
vn -1.6647896E-07 -1 0
vn -1.6044363E-07 -1 0
vn -1.4994943E-07 -1 0
vn -1.4994943E-07 -1 0
vn -1.537151E-07 -1 0
vn -0 -1 0
vn -0 -1 0
vn -1.7086195E-07 -1 0
vn -3.7096973E-07 -1 0
vn -4.0591974E-07 -1 0
vn -5.340635E-07 -1 -1.5100643E-07
vn -4.8496526E-07 -1 0
vn -5.662804E-07 -1 -2.2573167E-07
vn 1.5371573E-07 1 0
vn -0 1 0
vn -0 1 0
vn 1.7086194E-07 1 0
vn 3.7097024E-07 1 0
vn 4.059202E-07 1 0
vn 5.340635E-07 1 1.5100643E-07
vn 4.8496526E-07 1 0
vn 5.662804E-07 1 2.2573167E-07
vn -1.537151E-07 -1 0
vn -0 -1 0
vn -0 -1 0
vn -1.7086195E-07 -1 0
vn -3.7096973E-07 -1 0
vn -4.0591974E-07 -1 0
vn -5.340635E-07 -1 1.5100643E-07
vn -4.8496526E-07 -1 0
vn -5.662804E-07 -1 2.2573167E-07
vn 0.9999664 0 -0.008206863
vn 0.9999664 0 -0.008206863
vn 0.9620836 0 -0.2727547
vn 0.9620836 0 -0.2727547
vn 0.65439034 1.1598824E-07 -0.7561569
vn 0.6543904 1.1598825E-07 -0.7561568
vn 0.38965723 0 -0.92095995
vn 0.38965723 0 -0.92095995
vn 0.99999654 0 -0.0026559986
vn 0.99999654 0 -0.0026559986
vn 0.99999654 0 -0.0026559988
vn 0.99999654 0 -0.0026559988
vn 0.9999664 0 0.008206863
vn 0.9620836 0 0.2727547
vn 0.9999664 0 0.008206863
vn 0.9620836 0 0.2727547
vn 0.65439034 1.1599545E-07 0.7561569
vn 0.6543904 1.1599546E-07 0.7561568
vn 0.3896572 0 0.92095995
vn 0.3896572 0 0.92095995
vn 0.99999654 0 0.0026559986
vn 0.99999654 0 0.0026559988
vn 0.99999654 0 0.0026559988
vn 0.99999654 0 0.0026559986
vn 0.9982987 -0.05830443 0.0005553543
vn 0.8832226 -0.46883696 -0.010478791
vn 0.9982987 -0.058304425 0.00055535435
vn 0.8832226 -0.46883696 -0.010478791
vn 0.59514785 -0.80355155 -0.01019525
vn 0.854653 -0.51918024 -0.00449835
vn 0.59514785 -0.80355155 0.010195246
vn 0.854653 -0.5191802 0.004498347
vn 0.9979184 -0.06448817 0
vn 0.8832226 -0.46883696 0.010478787
vn 0.9979184 -0.06448817 0
vn 0.8832226 -0.46883696 0.010478787
vn 0.9982987 -0.05830443 -0.0005553543
vn 0.9982987 -0.058304425 -0.00055535435
vn 1 -2.6057396E-07 0
vn 1 -2.6057396E-07 0
vn 1 -3.043609E-07 0
vn 1 -2.8956916E-07 -4.6245134E-07
vn 1 -3.043609E-07 0
vn 1 -2.6615092E-07 -9.174788E-07
vn 1 -1.7445873E-07 -2.699101E-06
vn 1 -1.7445873E-07 -2.699101E-06
vn 1 -2.8956916E-07 4.6245134E-07
vn 1 -2.6615092E-07 9.174788E-07
vn 1 -1.7445873E-07 2.699101E-06
vn 1 -1.7445873E-07 2.699101E-06
vn -0 0 1
vn -0 0 1
vn -0 0 1
vn -0 0 1
vn -1.1184886E-06 0.8692825 -0.49431574
vn -5.711875E-07 0.9516626 -0.3071452
vn -1.1184886E-06 0.8692825 -0.49431568
vn -5.711875E-07 0.9516626 -0.3071452
vn -0 0.9081851 -0.4185687
vn -0 0.9081848 -0.41856945
vn -0 0.39603752 -0.9182342
vn -0 0.39603668 -0.91823477
vn -0 -0.18288144 -0.983135
vn -0 -0.18288144 -0.983135
vn -0.0012805501 -0.65862966 -0.7524661
vn -0.0012805501 -0.65862966 -0.7524661
vn -0.0012485095 -0.968453 -0.24919337
vn -0.0012336473 -0.9692114 -0.24622701
vn -0.0012485095 -0.968453 0.24919337
vn -0.0012336473 -0.9692114 0.24622701
vn -0.0012805501 -0.65862966 0.7524661
vn -0.0012805501 -0.65862966 0.7524661
vn -0 -0.18288144 0.983135
vn -0 -0.18288144 0.983135
vn -0 0.39603668 0.91823477
vn -0 0.39603752 0.9182342
vn -0 0.9081848 0.41856945
vn -0 0.9081851 0.4185687
vn -5.711875E-07 0.9516626 0.3071452
vn -5.711875E-07 0.9516626 0.3071452
vn -1.1184886E-06 0.8692825 0.49431574
vn -1.1184886E-06 0.8692825 0.49431568
vn -1 0 0
vn -1 0 0
vn -1 0 0
vn -1 0 0
vn -1 0 0
vn -1 0 0
vn -1 0 0
vn -1 0 0
vn 0.90928006 0.4161846 0
vn 0.90928006 0.4161846 0
vn 0.90928006 0.4161846 0
vn 0.90928006 0.4161846 0
vn -0 0 -1
vn -0 0 -1
vn -0 0 -1
vn -0 0 -1
vn 0.29423898 -0.9557319 0.00032289422
vn -0 -1 0
vn -0 -1 0
vn 0.29522705 -0.9554271 0.00032397846
vn 0.7328817 -0.6803559 0.0004510761
vn 0.7332757 -0.6799313 0.00045061143
vn 0.9639551 -0.26606265 0.001187515
vn 0.9639551 -0.26606265 0.001187515
vn 0.9999567 -0.009265736 0.00084600016
vn 0.9899713 0.14126627 0.0007780778
vn 0.9999567 -0.009265736 -0.00084600016
vn 0.9899713 0.14126627 -0.0007780778
vn 0.80494356 0.5933514 0
vn 0.80494356 0.5933514 0
vn 0.9639551 -0.26606265 -0.001187515
vn 0.9639551 -0.26606265 -0.001187515
vn 0.73327565 -0.6799313 -0.0004506114
vn 0.7328817 -0.6803559 -0.0004510761
vn 0.29522705 -0.9554271 -0.00032397846
vn 0.29423898 -0.9557319 -0.00032289422
vn -0 -1 0
vn -0 -1 0
vn 0.32934245 0.9442105 0
vn 0.32934245 0.9442105 0
vn 0.07462526 0.99721164 0
vn 0.07462526 0.99721164 0
vn 0.5280242 -0.8492294 0
vn 0.5280242 -0.8492294 0
vn 0.5280242 -0.8492294 0
vn 0.5280242 -0.8492294 0
vn -0 0 1
vn -0 0 1
vn -0 0 1
vn -0 0 1
vn -0 0 1
vn -0 0 1
vn -0 0 1
vn -0 0 1
vn -0 0 -1
vn -0 0 -1
vn -0 0 -1
vn -0 0 -1
vn -0 0 -1
vn -0 0 -1
vn -0 0 -1
vn -0 0 -1
vn -0 0 -1
vn -0 0 -1
vn -0 0 -1
vn -0 0 -1
vn -0 0 -1
vn -0 0 -1
vn -0 0 -1
vn -0 0 1
vn -0 0 1
vn -0 0 1
vn -0 0 1
vn -0 0 1
vn -0 0 1
vn -0 0 1
vn 0.9982987 0.05830443 0.0005553543
vn 0.9982987 0.058304425 0.00055535435
vn 0.8832226 0.46883696 -0.010478787
vn 0.8832226 0.46883696 -0.010478787
vn 0.59514785 0.80355155 -0.010195246
vn 0.854653 0.51918024 -0.004498348
vn 0.59514785 0.80355155 0.01019525
vn 0.854653 0.5191802 0.0044983495
vn 0.9979184 0.06448817 0
vn 0.8832226 0.46883696 0.010478791
vn 0.9979184 0.06448817 0
vn 0.8832226 0.46883696 0.010478791
vn 0.9982987 0.05830443 -0.0005553543
vn 0.9982987 0.058304425 -0.00055535435
vn 1 -2.6057396E-07 0
vn 1 -2.6057396E-07 0
vn 1 -3.043609E-07 0
vn 1 -2.8956916E-07 4.6245134E-07
vn 1 -3.043609E-07 0
vn 1 -2.6615092E-07 9.174788E-07
vn 1 -1.7445873E-07 2.699101E-06
vn 1 -1.7445873E-07 2.699101E-06
vn 1 -2.8956916E-07 -4.6245134E-07
vn 1 -2.6615092E-07 -9.174788E-07
vn 1 -1.7445873E-07 -2.699101E-06
vn 1 -1.7445873E-07 -2.699101E-06
vn -0 0 1
vn -0 0 1
vn -0 0 1
vn -0 0 1
vn -1.1184886E-06 -0.8692825 -0.49431574
vn -1.1184886E-06 -0.8692825 -0.49431568
vn -5.711875E-07 -0.9516626 -0.3071452
vn -5.711875E-07 -0.9516626 -0.3071452
vn -0 -0.9081848 -0.41856945
vn -0 -0.9081851 -0.4185687
vn -0 -0.39603668 -0.91823477
vn -0 -0.39603752 -0.9182342
vn -0 0.18288144 -0.983135
vn -0 0.18288144 -0.983135
vn -0.0012805501 0.65862966 -0.7524661
vn -0.0012805501 0.65862966 -0.7524661
vn -0.0012485095 0.968453 -0.24919337
vn -0.0012336473 0.9692114 -0.24622701
vn -0.0012485095 0.968453 0.24919337
vn -0.0012336473 0.9692114 0.24622701
vn -0.0012805501 0.65862966 0.7524661
vn -0.0012805501 0.65862966 0.7524661
vn -0 0.18288144 0.983135
vn -0 0.18288144 0.983135
vn -0 -0.39603752 0.9182342
vn -0 -0.39603668 0.91823477
vn -0 -0.9081851 0.4185687
vn -0 -0.9081848 0.41856945
vn -5.711875E-07 -0.9516626 0.3071452
vn -5.711875E-07 -0.9516626 0.3071452
vn -1.1184886E-06 -0.8692825 0.49431574
vn -1.1184886E-06 -0.8692825 0.49431568
vn -1 0 0
vn -1 0 0
vn -1 0 0
vn -1 0 0
vn -1 0 0
vn -1 0 0
vn -1 0 0
vn -1 0 0
vn 0.90928006 -0.4161846 0
vn 0.90928006 -0.4161846 0
vn 0.90928006 -0.4161846 0
vn 0.90928006 -0.4161846 0
vn -0 0 -1
vn -0 0 -1
vn -0 0 -1
vn -0 0 -1
vn 0.2942391 0.9557318 0.00032287664
vn -0 1 0
vn -0 1 0
vn 0.29522717 0.955427 0.00032396088
vn 0.73288184 0.6803558 0.0004510589
vn 0.73327583 0.67993116 0.00045059418
vn 0.9639551 0.26606238 0.0011874685
vn 0.9639551 0.26606238 0.0011874685
vn 0.9999567 0.009265552 0.0008459629
vn 0.9899713 -0.14126644 0.0007780435
vn 0.9999567 0.009265552 -0.0008459629
vn 0.9899713 -0.14126644 -0.0007780435
vn 0.80494356 -0.5933514 0
vn 0.80494356 -0.5933514 0
vn 0.9639551 0.26606238 -0.0011874685
vn 0.9639551 0.26606238 -0.0011874685
vn 0.73327583 0.67993116 -0.00045059418
vn 0.73288184 0.6803558 -0.0004510589
vn 0.29522714 0.955427 -0.00032396082
vn 0.29423907 0.9557318 -0.0003228766
vn -0 1 0
vn -0 1 0
vn 0.32934234 -0.94421065 0
vn 0.32934234 -0.94421065 0
vn 0.07462486 -0.99721164 0
vn 0.07462486 -0.99721164 0
vn 0.5280245 0.8492291 0
vn 0.5280245 0.8492291 0
vn 0.5280245 0.8492291 0
vn 0.5280245 0.8492291 0
vn -0 0 1
vn -0 0 1
vn -0 0 1
vn -0 0 1
vn -0 0 1
vn -0 0 1
vn -0 0 1
vn -0 0 1
vn -0 0 -1
vn -0 0 -1
vn -0 0 -1
vn -0 0 -1
vn -0 0 -1
vn -0 0 -1
vn -0 0 -1
vn -0 0 -1
vn -0 0 -1
vn -0 0 -1
vn -0 0 -1
vn -0 0 -1
vn -0 0 -1
vn -0 0 -1
vn -0 0 -1
vn -0 0 1
vn -0 0 1
vn -0 0 1
vn -0 0 1
vn -0 0 1
vn -0 0 1
vn -0 0 1
vn -0.9982987 -0.05830443 0.0005553543
vn -0.9982987 -0.058304425 0.00055535435
vn -0.8832226 -0.46883696 -0.010478787
vn -0.8832226 -0.46883696 -0.010478787
vn -0.59514785 -0.80355155 -0.010195246
vn -0.854653 -0.51918024 -0.004498348
vn -0.59514785 -0.80355155 0.01019525
vn -0.854653 -0.5191802 0.0044983495
vn -0.9979184 -0.06448817 0
vn -0.8832226 -0.46883696 0.010478791
vn -0.9979184 -0.06448817 0
vn -0.8832226 -0.46883696 0.010478791
vn -0.9982987 -0.05830443 -0.0005553543
vn -0.9982987 -0.058304425 -0.00055535435
vn -1 2.6057396E-07 0
vn -1 2.6057396E-07 0
vn -1 3.043609E-07 0
vn -1 2.8956916E-07 4.6245134E-07
vn -1 3.043609E-07 0
vn -1 2.6615092E-07 9.174788E-07
vn -1 1.7445873E-07 2.699101E-06
vn -1 1.7445873E-07 2.699101E-06
vn -1 2.8956916E-07 -4.6245134E-07
vn -1 2.6615092E-07 -9.174788E-07
vn -1 1.7445873E-07 -2.699101E-06
vn -1 1.7445873E-07 -2.699101E-06
vn -0 0 1
vn -0 0 1
vn -0 0 1
vn -0 0 1
vn 1.1184886E-06 0.8692825 -0.49431574
vn 1.1184886E-06 0.8692825 -0.49431568
vn 5.711875E-07 0.9516626 -0.3071452
vn 5.711875E-07 0.9516626 -0.3071452
vn -0 0.9081848 -0.41856945
vn -0 0.9081851 -0.4185687
vn -0 0.39603668 -0.91823477
vn -0 0.39603752 -0.9182342
vn -0 -0.18288144 -0.983135
vn -0 -0.18288144 -0.983135
vn 0.0012805501 -0.65862966 -0.7524661
vn 0.0012805501 -0.65862966 -0.7524661
vn 0.0012485095 -0.968453 -0.24919337
vn 0.0012336473 -0.9692114 -0.24622701
vn 0.0012485095 -0.968453 0.24919337
vn 0.0012336473 -0.9692114 0.24622701
vn 0.0012805501 -0.65862966 0.7524661
vn 0.0012805501 -0.65862966 0.7524661
vn -0 -0.18288144 0.983135
vn -0 -0.18288144 0.983135
vn -0 0.39603752 0.9182342
vn -0 0.39603668 0.91823477
vn -0 0.9081851 0.4185687
vn -0 0.9081848 0.41856945
vn 5.711875E-07 0.9516626 0.3071452
vn 5.711875E-07 0.9516626 0.3071452
vn 1.1184886E-06 0.8692825 0.49431574
vn 1.1184886E-06 0.8692825 0.49431568
vn 1 0 0
vn 1 0 0
vn 1 0 0
vn 1 0 0
vn 1 0 0
vn 1 0 0
vn 1 0 0
vn 1 0 0
vn -0.90928006 0.4161846 0
vn -0.90928006 0.4161846 0
vn -0.90928006 0.4161846 0
vn -0.90928006 0.4161846 0
vn -0 0 -1
vn -0 0 -1
vn -0 0 -1
vn -0 0 -1
vn -0.2942391 -0.9557318 0.00032287664
vn -0 -1 0
vn -0 -1 0
vn -0.29522717 -0.955427 0.00032396088
vn -0.73288184 -0.6803558 0.0004510589
vn -0.73327583 -0.67993116 0.00045059418
vn -0.9639551 -0.26606238 0.0011874685
vn -0.9639551 -0.26606238 0.0011874685
vn -0.9999567 -0.009265552 0.0008459629
vn -0.9899713 0.14126644 0.0007780435
vn -0.9999567 -0.009265552 -0.0008459629
vn -0.9899713 0.14126644 -0.0007780435
vn -0.80494356 0.5933514 0
vn -0.80494356 0.5933514 0
vn -0.9639551 -0.26606238 -0.0011874685
vn -0.9639551 -0.26606238 -0.0011874685
vn -0.73327583 -0.67993116 -0.00045059418
vn -0.73288184 -0.6803558 -0.0004510589
vn -0.29522714 -0.955427 -0.00032396082
vn -0.29423907 -0.9557318 -0.0003228766
vn -0 -1 0
vn -0 -1 0
vn -0.32934234 0.94421065 0
vn -0.32934234 0.94421065 0
vn -0.07462486 0.99721164 0
vn -0.07462486 0.99721164 0
vn -0.5280245 -0.8492291 0
vn -0.5280245 -0.8492291 0
vn -0.5280245 -0.8492291 0
vn -0.5280245 -0.8492291 0
vn -0 0 1
vn -0 0 1
vn -0 0 1
vn -0 0 1
vn -0 0 1
vn -0 0 1
vn -0 0 1
vn -0 0 1
vn -0 0 -1
vn -0 0 -1
vn -0 0 -1
vn -0 0 -1
vn -0 0 -1
vn -0 0 -1
vn -0 0 -1
vn -0 0 -1
vn -0 0 -1
vn -0 0 -1
vn -0 0 -1
vn -0 0 -1
vn -0 0 -1
vn -0 0 -1
vn -0 0 -1
vn -0 0 1
vn -0 0 1
vn -0 0 1
vn -0 0 1
vn -0 0 1
vn -0 0 1
vn -0 0 1
vn -0.9982987 0.05830443 0.0005553543
vn -0.8832226 0.46883696 -0.010478791
vn -0.9982987 0.058304425 0.00055535435
vn -0.8832226 0.46883696 -0.010478791
vn -0.59514785 0.80355155 -0.01019525
vn -0.854653 0.51918024 -0.00449835
vn -0.59514785 0.80355155 0.010195246
vn -0.854653 0.5191802 0.004498347
vn -0.9979184 0.06448817 0
vn -0.8832226 0.46883696 0.010478787
vn -0.9979184 0.06448817 0
vn -0.8832226 0.46883696 0.010478787
vn -0.9982987 0.05830443 -0.0005553543
vn -0.9982987 0.058304425 -0.00055535435
vn -1 2.6057396E-07 0
vn -1 2.6057396E-07 0
vn -1 3.043609E-07 0
vn -1 2.8956916E-07 -4.6245134E-07
vn -1 3.043609E-07 0
vn -1 2.6615092E-07 -9.174788E-07
vn -1 1.7445873E-07 -2.699101E-06
vn -1 1.7445873E-07 -2.699101E-06
vn -1 2.8956916E-07 4.6245134E-07
vn -1 2.6615092E-07 9.174788E-07
vn -1 1.7445873E-07 2.699101E-06
vn -1 1.7445873E-07 2.699101E-06
vn -0 0 1
vn -0 0 1
vn -0 0 1
vn -0 0 1
vn 1.1184886E-06 -0.8692825 -0.49431574
vn 5.711875E-07 -0.9516626 -0.3071452
vn 1.1184886E-06 -0.8692825 -0.49431568
vn 5.711875E-07 -0.9516626 -0.3071452
vn -0 -0.9081851 -0.4185687
vn -0 -0.9081848 -0.41856945
vn -0 -0.39603752 -0.9182342
vn -0 -0.39603668 -0.91823477
vn -0 0.18288144 -0.983135
vn -0 0.18288144 -0.983135
vn 0.0012805501 0.65862966 -0.7524661
vn 0.0012805501 0.65862966 -0.7524661
vn 0.0012485095 0.968453 -0.24919337
vn 0.0012336473 0.9692114 -0.24622701
vn 0.0012485095 0.968453 0.24919337
vn 0.0012336473 0.9692114 0.24622701
vn 0.0012805501 0.65862966 0.7524661
vn 0.0012805501 0.65862966 0.7524661
vn -0 0.18288144 0.983135
vn -0 0.18288144 0.983135
vn -0 -0.39603668 0.91823477
vn -0 -0.39603752 0.9182342
vn -0 -0.9081848 0.41856945
vn -0 -0.9081851 0.4185687
vn 5.711875E-07 -0.9516626 0.3071452
vn 5.711875E-07 -0.9516626 0.3071452
vn 1.1184886E-06 -0.8692825 0.49431574
vn 1.1184886E-06 -0.8692825 0.49431568
vn 1 0 0
vn 1 0 0
vn 1 0 0
vn 1 0 0
vn 1 0 0
vn 1 0 0
vn 1 0 0
vn 1 0 0
vn -0.90928006 -0.4161846 0
vn -0.90928006 -0.4161846 0
vn -0.90928006 -0.4161846 0
vn -0.90928006 -0.4161846 0
vn -0 0 -1
vn -0 0 -1
vn -0 0 -1
vn -0 0 -1
vn -0.29423898 0.9557319 0.00032289422
vn -0 1 0
vn -0 1 0
vn -0.29522705 0.9554271 0.00032397846
vn -0.7328817 0.6803559 0.0004510761
vn -0.7332757 0.6799313 0.00045061143
vn -0.9639551 0.26606265 0.001187515
vn -0.9639551 0.26606265 0.001187515
vn -0.9999567 0.009265736 0.00084600016
vn -0.9899713 -0.14126627 0.0007780778
vn -0.9999567 0.009265736 -0.00084600016
vn -0.9899713 -0.14126627 -0.0007780778
vn -0.80494356 -0.5933514 0
vn -0.80494356 -0.5933514 0
vn -0.9639551 0.26606265 -0.001187515
vn -0.9639551 0.26606265 -0.001187515
vn -0.73327565 0.6799313 -0.0004506114
vn -0.7328817 0.6803559 -0.0004510761
vn -0.29522705 0.9554271 -0.00032397846
vn -0.29423898 0.9557319 -0.00032289422
vn -0 1 0
vn -0 1 0
vn -0.32934245 -0.9442105 0
vn -0.32934245 -0.9442105 0
vn -0.07462526 -0.99721164 0
vn -0.07462526 -0.99721164 0
vn -0.5280242 0.8492294 0
vn -0.5280242 0.8492294 0
vn -0.5280242 0.8492294 0
vn -0.5280242 0.8492294 0
vn -0 0 1
vn -0 0 1
vn -0 0 1
vn -0 0 1
vn -0 0 1
vn -0 0 1
vn -0 0 1
vn -0 0 1
vn -0 0 -1
vn -0 0 -1
vn -0 0 -1
vn -0 0 -1
vn -0 0 -1
vn -0 0 -1
vn -0 0 -1
vn -0 0 -1
vn -0 0 -1
vn -0 0 -1
vn -0 0 -1
vn -0 0 -1
vn -0 0 -1
vn -0 0 -1
vn -0 0 -1
vn -0 0 1
vn -0 0 1
vn -0 0 1
vn -0 0 1
vn -0 0 1
vn -0 0 1
vn -0 0 1
vn 0.04962864 0.70763916 -0.704829
vn -0 0.56580937 -0.82453614
vn -0 0.99697375 0.07773849
vn -0 0.9931819 0.116574995
vn -0 0.97137433 -0.23755379
vn -0.0496286 0.70763916 -0.70482886
vn -0 0.43116245 0.90227437
vn -0 0.99697375 0.07773848
vn -0 0.5658091 -0.8245363
vn -0 0.4311623 0.90227437
vn -0 0.4311622 0.9022744
vn -1.5814851E-07 -0.5658095 0.824536
vn -3.1629713E-07 -0.56580967 0.8245359
vn -0 -0.56580937 0.82453614
vn -1.5736787E-06 -0.9969739 -0.077736855
vn -5.3960076E-07 -0.99924767 -0.03878261
vn -0 -0.99697375 -0.0777385
vn -0.04963135 -0.5898342 -0.8059978
vn -1.2573797E-06 -0.4311637 -0.90227365
vn -0 0.5658091 -0.8245363
vn -0.0496286 0.70763916 -0.70482886
vn -0 -0.92281264 -0.38524884
vn 0.04963007 -0.5898332 -0.80599856
vn -0 -0.43116236 -0.90227437
vn -0 0.56580937 -0.82453614
vn 0.04962864 0.70763916 -0.704829
vn -0.8117119 0.58237195 0.04434879
vn -0 0.9971534 0.07539986
vn -0 0.9971534 0.07539986
vn -0.83771914 0.54452133 0.041510656
vn -0.8377595 -0.54431266 -0.043390203
vn -0.8117135 -0.5822051 -0.046458255
vn -5.799313E-07 -0.99678874 -0.08007631
vn -4.820564E-07 -0.99678874 -0.08007631
vn 0.8117132 -0.5822056 -0.046458427
vn 0.8377591 -0.54431343 -0.043390397
vn 0.8377193 0.5445211 0.041510466
vn 0.811712 0.58237165 0.0443486
vn -0 0.9971534 0.07539986
vn -0 0.9971534 0.07539986
vn 1.3604051E-06 0.077568874 -0.99698704
vn -0 0.0775689 -0.99698704
vn 1.3604052E-06 0.077568874 -0.99698704
vn -0 0.077568896 -0.99698704
vn -1.2745136E-06 0.077568926 -0.99698704
vn -1.2745137E-06 0.07756894 -0.99698704
vn -2.1078633E-07 -1 0
vn -1.5900507E-07 -1 0
vn -1.5900507E-07 -1 0
vn -1.642531E-07 -1 0
vn -2.5178937E-07 -1 0
vn -0 -1 0
vn -0.29279938 0.0064071175 -0.9561524
vn -0.19231048 0.009088872 -0.981292
vn -0.29279938 0.0064071184 -0.9561525
vn -0.19198485 0.009097318 -0.9813557
vn -0 0.0117273275 -0.9999312
vn -0 0.011727329 -0.9999312
vn 1 -1.5301877E-07 0
vn 1 -1.464714E-07 0
vn 1 -1.637518E-07 0
vn 1 0 0
vn 1 0 0
vn 1 -1.2806E-07 0
vn 1 0 0
vn 1 -1.7195418E-07 0
vn 1 0 0
vn 1 0 0
vn 1 0 0
vn -2.6895074E-07 -1 0
vn -6.086093E-07 -1 0
vn -6.086093E-07 -1 0
vn -2.4417733E-07 -1 0
vn -0 -1 0
vn -0 -1 0
vn -0 -1 0
vn -0.014754602 -0.7732209 -0.6339651
vn -0.028803082 -0.6169851 -0.7864477
vn -0.02880308 -0.6169851 -0.7864477
vn -0.014754597 -0.7732209 -0.633965
vn -0 -0.97274154 -0.23189214
vn -0 -0.97274154 -0.23189215
vn 0.0015350961 -0.94201785 0.33555913
vn 0.001519289 -0.9432416 0.3321038
vn 0.0015031892 -0.5631112 0.8263797
vn 0.0015031891 -0.5631111 0.8263797
vn -0 -0.15252316 0.98829985
vn -0 -0.15252313 0.98829985
vn -0.00039130656 -0.13965298 0.99020046
vn -0 0 1
vn -0 -0.2823135 0.9593222
vn -0 0 1
vn -0 -0.725429 0.688297
vn -0.005322393 -0.72544855 0.6882559
vn -0 -0.8678969 0.49674428
vn -0.008823024 -0.8678631 0.49672493
vn 0.1157523 -0.0001724551 0.9932781
vn 0.11575233 -0.00017245515 0.9932781
vn 0.49204946 -0.0004335876 0.87056714
vn 0.4919424 -0.000433555 0.87062764
vn 0.9260929 -0.00026458333 0.37729555
vn 0.92597556 -0.00026478514 0.37758332
vn 0.70710677 0 -0.7071068
vn 0.7071068 0 -0.70710665
vn -0 0 -1
vn -0 0 -1
vn 1.5871724E-07 1 0
vn 1.530518E-07 1 0
vn 1.5920787E-07 1 0
vn 1.5841484E-07 1 0
vn 1.4868765E-07 1 0
vn 1.643015E-07 1 0
vn 1.4432972E-07 1 0
vn 1.2585306E-07 1 0
vn -0 1 0
vn -1 1.9222935E-07 0
vn -1 1.242574E-07 0
vn -1 2.0619444E-07 0
vn -1 2.6307424E-07 0
vn -1 1.1246848E-07 0
vn -1 3.3102373E-07 0
vn -1 2.9201547E-07 0
vn -1 2.9201547E-07 0
vn -1 1.6112881E-07 0
vn -1 1.6112882E-07 0
vn -1 1.6112881E-07 0
vn -1 1.6112881E-07 0
vn -0.0034690986 -0.41404787 -0.9102485
vn -0 -0.41405025 -0.910254
vn -0 -0.41405034 -0.91025394
vn -0.0034690986 -0.41404784 -0.9102485
vn -2.1078635E-07 -1 0
vn -1.5900508E-07 -1 0
vn -1.5900508E-07 -1 0
vn -1.642531E-07 -1 0
vn -2.5178937E-07 -1 0
vn -0 -1 0
vn 0.29279935 0.006407024 -0.9561525
vn 0.29279932 0.006407024 -0.9561525
vn 0.19231045 0.00908881 -0.981292
vn 0.19198483 0.009097255 -0.9813557
vn -0 0.0117273275 -0.9999312
vn -0 0.011727329 -0.9999312
vn -1 1.5301877E-07 0
vn -1 1.637518E-07 0
vn -1 1.4647141E-07 0
vn -1 0 0
vn -1 0 0
vn -1 1.2806E-07 0
vn -1 0 0
vn -1 1.7195418E-07 0
vn -1 0 0
vn -1 0 0
vn -1 0 0
vn -2.689507E-07 -1 0
vn -6.086093E-07 -1 0
vn -6.0860924E-07 -1 0
vn -2.441773E-07 -1 0
vn -0 -1 0
vn -0 -1 0
vn -0 -1 0
vn 0.014754396 -0.77322084 -0.63396513
vn 0.028802678 -0.61698484 -0.7864478
vn 0.028802674 -0.61698484 -0.7864478
vn 0.014754398 -0.7732208 -0.6339652
vn -0 -0.97274154 -0.23189214
vn -0 -0.97274154 -0.23189215
vn -0.0015350975 -0.94201785 0.33555922
vn -0.0015192894 -0.9432416 0.3321038
vn -0.0015031896 -0.5631112 0.8263797
vn -0.0015031899 -0.5631112 0.8263797
vn -0 -0.15252313 0.98829985
vn -0 -0.15252313 0.98829985
vn 0.00039130662 -0.13965301 0.99020046
vn -0 0 1
vn -0 -0.2823135 0.9593222
vn -0 0 1
vn -0 -0.725429 0.688297
vn 0.005322394 -0.72544855 0.6882559
vn -0 -0.8678969 0.49674428
vn 0.008823024 -0.8678631 0.49672493
vn -0.115752354 -0.00017245511 0.9932781
vn -0.11575233 -0.00017245508 0.9932781
vn -0.49204943 -0.0004335876 0.8705672
vn -0.49194247 -0.00043355502 0.8706276
vn -0.9260929 -0.00026458333 0.37729555
vn -0.92597556 -0.00026478514 0.37758327
vn -0.7071068 0 -0.70710665
vn -0.70710677 0 -0.7071068
vn -0 0 -1
vn -0 0 -1
vn 1.5871724E-07 1 0
vn 1.5920787E-07 1 0
vn 1.530518E-07 1 0
vn 1.5841484E-07 1 0
vn 1.4868762E-07 1 0
vn 1.643015E-07 1 0
vn 1.4432973E-07 1 0
vn 1.2585306E-07 1 0
vn -0 1 0
vn 1 -1.9222935E-07 0
vn 1 -2.0619444E-07 0
vn 1 -1.242574E-07 0
vn 1 -2.6307424E-07 0
vn 1 -1.1246848E-07 0
vn 1 -3.3102373E-07 0
vn 1 -2.9201547E-07 0
vn 1 -2.9201547E-07 0
vn 1 -1.6112881E-07 0
vn 1 -1.6112881E-07 0
vn 1 -1.6112881E-07 0
vn 1 -1.6112882E-07 0
vn 0.0034690993 -0.41404787 -0.9102485
vn 0.0034690993 -0.41404787 -0.9102485
vn -0 -0.41405034 -0.91025394
vn -0 -0.41405025 -0.910254
vn -2.1078633E-07 -1 0
vn -1.5900507E-07 -1 0
vn -1.5900507E-07 -1 0
vn -1.642531E-07 -1 0
vn -2.5178937E-07 -1 0
vn -0 -1 0
vn -0.29279938 0.0064071175 0.9561524
vn -0.29279938 0.0064071184 0.9561525
vn -0.19231048 0.009088872 0.981292
vn -0.19198485 0.009097318 0.9813557
vn -0 0.0117273275 0.9999312
vn -0 0.011727329 0.9999312
vn 1 -1.5301877E-07 0
vn 1 -1.637518E-07 0
vn 1 -1.464714E-07 0
vn 1 0 0
vn 1 0 0
vn 1 -1.2806E-07 0
vn 1 0 0
vn 1 -1.7195418E-07 0
vn 1 0 0
vn 1 0 0
vn 1 0 0
vn -2.6895074E-07 -1 0
vn -6.086093E-07 -1 0
vn -6.086093E-07 -1 0
vn -2.4417733E-07 -1 0
vn -0 -1 0
vn -0 -1 0
vn -0 -1 0
vn -0.01475461 -0.7732209 0.6339651
vn -0.028803095 -0.61698496 0.7864477
vn -0.028803095 -0.616985 0.7864477
vn -0.0147546055 -0.7732209 0.633965
vn -0 -0.97274154 0.23189211
vn -0 -0.97274154 0.23189215
vn 0.0015350967 -0.94201785 -0.33555907
vn 0.0015192894 -0.9432416 -0.3321038
vn 0.0015031899 -0.5631111 -0.8263797
vn 0.0015031896 -0.5631112 -0.8263797
vn -0 -0.15252313 -0.98829985
vn -0 -0.15252313 -0.98829985
vn -0.0003913065 -0.13965298 -0.99020046
vn -0 0 -1
vn -0 -0.2823135 -0.9593222
vn -0 0 -1
vn -0 -0.72542894 -0.6882971
vn -0.0053223926 -0.7254485 -0.68825597
vn -0 -0.8678969 -0.49674428
vn -0.008823024 -0.8678631 -0.49672493
vn 0.11575232 -0.0001724551 -0.9932781
vn 0.115752354 -0.00017245515 -0.9932781
vn 0.49204946 -0.0004335876 -0.87056714
vn 0.49194244 -0.00043355505 -0.87062764
vn 0.9260929 -0.00026458333 -0.37729555
vn 0.92597556 -0.00026478514 -0.37758327
vn 0.70710677 0 0.7071068
vn 0.7071068 0 0.70710665
vn -0 0 1
vn -0 0 1
vn 1.5871724E-07 1 0
vn 1.5920787E-07 1 0
vn 1.530518E-07 1 0
vn 1.5841482E-07 1 0
vn 1.4868765E-07 1 0
vn 1.643015E-07 1 0
vn 1.443297E-07 1 0
vn 1.2585306E-07 1 0
vn -0 1 0
vn -1 1.9222935E-07 0
vn -1 2.0619444E-07 0
vn -1 1.242574E-07 0
vn -1 2.6307424E-07 0
vn -1 1.1246848E-07 0
vn -1 3.3102373E-07 0
vn -1 2.9201547E-07 0
vn -1 2.9201547E-07 0
vn -1 1.6112881E-07 0
vn -1 1.6112881E-07 0
vn -1 1.6112881E-07 0
vn -1 1.6112882E-07 0
vn -0.0034690986 -0.41404787 0.9102485
vn -0.003469099 -0.41404787 0.9102485
vn -0 -0.41405034 0.91025394
vn -0 -0.41405034 0.91025394
vn -2.1078635E-07 -1 0
vn -1.5900508E-07 -1 0
vn -1.5900508E-07 -1 0
vn -1.642531E-07 -1 0
vn -2.5178937E-07 -1 0
vn -0 -1 0
vn 0.29279935 0.006407022 0.9561525
vn 0.1923105 0.00908881 0.981292
vn 0.29279935 0.006407022 0.9561525
vn 0.19198485 0.009097254 0.9813557
vn -0 0.0117273275 0.9999312
vn -0 0.011727329 0.9999312
vn -1 1.5301877E-07 0
vn -1 1.4647141E-07 0
vn -1 1.637518E-07 0
vn -1 0 0
vn -1 0 0
vn -1 1.2806E-07 0
vn -1 0 0
vn -1 1.7195418E-07 0
vn -1 0 0
vn -1 0 0
vn -1 0 0
vn -2.689507E-07 -1 0
vn -6.0860924E-07 -1 0
vn -6.086093E-07 -1 0
vn -2.441773E-07 -1 0
vn -0 -1 0
vn -0 -1 0
vn -0 -1 0
vn 0.014754396 -0.77322084 0.63396513
vn 0.028802674 -0.61698484 0.78644776
vn 0.028802674 -0.61698484 0.78644776
vn 0.014754397 -0.77322084 0.63396513
vn -0 -0.97274154 0.23189214
vn -0 -0.97274154 0.23189215
vn -0.0015350967 -0.94201785 -0.33555922
vn -0.0015192888 -0.9432416 -0.3321038
vn -0.0015031887 -0.5631112 -0.8263797
vn -0.0015031891 -0.5631112 -0.8263797
vn -0 -0.15252313 -0.98829985
vn -0 -0.15252316 -0.98829985
vn 0.00039130662 -0.13965301 -0.99020046
vn -0 0 -1
vn -0 -0.2823135 -0.9593222
vn -0 0 -1
vn -0 -0.72542894 -0.6882971
vn 0.005322394 -0.72544855 -0.6882559
vn -0 -0.8678969 -0.49674428
vn 0.008823024 -0.8678631 -0.49672493
vn -0.115752354 -0.00017245513 -0.9932781
vn -0.11575233 -0.00017245511 -0.9932781
vn -0.49204943 -0.0004335876 -0.8705672
vn -0.49194247 -0.00043355502 -0.8706276
vn -0.9260929 -0.00026458333 -0.37729555
vn -0.92597556 -0.00026478514 -0.37758332
vn -0.7071068 0 0.70710665
vn -0.70710677 0 0.7071068
vn -0 0 1
vn -0 0 1
vn 1.5871724E-07 1 0
vn 1.530518E-07 1 0
vn 1.5920787E-07 1 0
vn 1.5841482E-07 1 0
vn 1.4868762E-07 1 0
vn 1.643015E-07 1 0
vn 1.443297E-07 1 0
vn 1.2585306E-07 1 0
vn -0 1 0
vn 1 -1.9222935E-07 0
vn 1 -1.242574E-07 0
vn 1 -2.0619444E-07 0
vn 1 -2.6307424E-07 0
vn 1 -1.1246848E-07 0
vn 1 -3.3102373E-07 0
vn 1 -2.9201547E-07 0
vn 1 -2.9201547E-07 0
vn 1 -1.6112881E-07 0
vn 1 -1.6112882E-07 0
vn 1 -1.6112881E-07 0
vn 1 -1.6112881E-07 0
vn 0.003469099 -0.41404787 0.9102485
vn -0 -0.41405034 0.91025394
vn -0 -0.41405034 0.91025394
vn 0.003469099 -0.41404787 0.9102485
vn 2.1078635E-07 1 0
vn 1.5900508E-07 1 0
vn 1.5900508E-07 1 0
vn 1.642531E-07 1 0
vn 2.5178937E-07 1 0
vn -0 1 0
vn -0.29279935 -0.006407024 -0.9561525
vn -0.29279932 -0.006407024 -0.9561525
vn -0.19231045 -0.00908881 -0.981292
vn -0.19198483 -0.009097255 -0.9813557
vn -0 -0.0117273275 -0.9999312
vn -0 -0.011727329 -0.9999312
vn 1 -1.5301877E-07 0
vn 1 -1.637518E-07 0
vn 1 -1.4647141E-07 0
vn 1 0 0
vn 1 0 0
vn 1 -1.2806E-07 0
vn 1 0 0
vn 1 -1.7195418E-07 0
vn 1 0 0
vn 1 0 0
vn 1 0 0
vn 2.689507E-07 1 0
vn 6.086093E-07 1 0
vn 6.0860924E-07 1 0
vn 2.441773E-07 1 0
vn -0 1 0
vn -0 1 0
vn -0 1 0
vn -0.014754396 0.77322084 -0.63396513
vn -0.028802678 0.61698484 -0.7864478
vn -0.028802674 0.61698484 -0.7864478
vn -0.014754398 0.7732208 -0.6339652
vn -0 0.97274154 -0.23189214
vn -0 0.97274154 -0.23189215
vn 0.0015350975 0.94201785 0.33555922
vn 0.0015192894 0.9432416 0.3321038
vn 0.0015031896 0.5631112 0.8263797
vn 0.0015031899 0.5631112 0.8263797
vn -0 0.15252313 0.98829985
vn -0 0.15252313 0.98829985
vn -0.00039130662 0.13965301 0.99020046
vn -0 0 1
vn -0 0.2823135 0.9593222
vn -0 0 1
vn -0 0.725429 0.688297
vn -0.005322394 0.72544855 0.6882559
vn -0 0.8678969 0.49674428
vn -0.008823024 0.8678631 0.49672493
vn 0.115752354 0.00017245511 0.9932781
vn 0.11575233 0.00017245508 0.9932781
vn 0.49204943 0.0004335876 0.8705672
vn 0.49194247 0.00043355502 0.8706276
vn 0.9260929 0.00026458333 0.37729555
vn 0.92597556 0.00026478514 0.37758327
vn 0.7071068 0 -0.70710665
vn 0.70710677 0 -0.7071068
vn -0 0 -1
vn -0 0 -1
vn -1.5871724E-07 -1 0
vn -1.5920787E-07 -1 0
vn -1.530518E-07 -1 0
vn -1.5841484E-07 -1 0
vn -1.4868762E-07 -1 0
vn -1.643015E-07 -1 0
vn -1.4432973E-07 -1 0
vn -1.2585306E-07 -1 0
vn -0 -1 0
vn -1 1.9222935E-07 0
vn -1 2.0619444E-07 0
vn -1 1.242574E-07 0
vn -1 2.6307424E-07 0
vn -1 1.1246848E-07 0
vn -1 3.3102373E-07 0
vn -1 2.9201547E-07 0
vn -1 2.9201547E-07 0
vn -1 1.6112881E-07 0
vn -1 1.6112881E-07 0
vn -1 1.6112881E-07 0
vn -1 1.6112882E-07 0
vn -0.0034690993 0.41404787 -0.9102485
vn -0.0034690993 0.41404787 -0.9102485
vn -0 0.41405034 -0.91025394
vn -0 0.41405025 -0.910254
vn 2.1078633E-07 1 0
vn 1.5900507E-07 1 0
vn 1.5900507E-07 1 0
vn 1.642531E-07 1 0
vn 2.5178937E-07 1 0
vn -0 1 0
vn 0.29279938 -0.0064071175 -0.9561524
vn 0.19231048 -0.009088872 -0.981292
vn 0.29279938 -0.0064071184 -0.9561525
vn 0.19198485 -0.009097318 -0.9813557
vn -0 -0.0117273275 -0.9999312
vn -0 -0.011727329 -0.9999312
vn -1 1.5301877E-07 0
vn -1 1.464714E-07 0
vn -1 1.637518E-07 0
vn -1 0 0
vn -1 0 0
vn -1 1.2806E-07 0
vn -1 0 0
vn -1 1.7195418E-07 0
vn -1 0 0
vn -1 0 0
vn -1 0 0
vn 2.6895074E-07 1 0
vn 6.086093E-07 1 0
vn 6.086093E-07 1 0
vn 2.4417733E-07 1 0
vn -0 1 0
vn -0 1 0
vn -0 1 0
vn 0.014754602 0.7732209 -0.6339651
vn 0.028803082 0.6169851 -0.7864477
vn 0.02880308 0.6169851 -0.7864477
vn 0.014754597 0.7732209 -0.633965
vn -0 0.97274154 -0.23189214
vn -0 0.97274154 -0.23189215
vn -0.0015350961 0.94201785 0.33555913
vn -0.001519289 0.9432416 0.3321038
vn -0.0015031892 0.5631112 0.8263797
vn -0.0015031891 0.5631111 0.8263797
vn -0 0.15252316 0.98829985
vn -0 0.15252313 0.98829985
vn 0.00039130656 0.13965298 0.99020046
vn -0 0 1
vn -0 0.2823135 0.9593222
vn -0 0 1
vn -0 0.725429 0.688297
vn 0.005322393 0.72544855 0.6882559
vn -0 0.8678969 0.49674428
vn 0.008823024 0.8678631 0.49672493
vn -0.1157523 0.0001724551 0.9932781
vn -0.11575233 0.00017245515 0.9932781
vn -0.49204946 0.0004335876 0.87056714
vn -0.4919424 0.000433555 0.87062764
vn -0.9260929 0.00026458333 0.37729555
vn -0.92597556 0.00026478514 0.37758332
vn -0.70710677 0 -0.7071068
vn -0.7071068 0 -0.70710665
vn -0 0 -1
vn -0 0 -1
vn -1.5871724E-07 -1 0
vn -1.530518E-07 -1 0
vn -1.5920787E-07 -1 0
vn -1.5841484E-07 -1 0
vn -1.4868765E-07 -1 0
vn -1.643015E-07 -1 0
vn -1.4432972E-07 -1 0
vn -1.2585306E-07 -1 0
vn -0 -1 0
vn 1 -1.9222935E-07 0
vn 1 -1.242574E-07 0
vn 1 -2.0619444E-07 0
vn 1 -2.6307424E-07 0
vn 1 -1.1246848E-07 0
vn 1 -3.3102373E-07 0
vn 1 -2.9201547E-07 0
vn 1 -2.9201547E-07 0
vn 1 -1.6112881E-07 0
vn 1 -1.6112882E-07 0
vn 1 -1.6112881E-07 0
vn 1 -1.6112881E-07 0
vn 0.0034690986 0.41404787 -0.9102485
vn -0 0.41405025 -0.910254
vn -0 0.41405034 -0.91025394
vn 0.0034690986 0.41404784 -0.9102485
vn 2.1078635E-07 1 0
vn 1.5900508E-07 1 0
vn 1.5900508E-07 1 0
vn 1.642531E-07 1 0
vn 2.5178937E-07 1 0
vn -0 1 0
vn -0.29279935 -0.006407022 0.9561525
vn -0.1923105 -0.00908881 0.981292
vn -0.29279935 -0.006407022 0.9561525
vn -0.19198485 -0.009097254 0.9813557
vn -0 -0.0117273275 0.9999312
vn -0 -0.011727329 0.9999312
vn 1 -1.5301877E-07 0
vn 1 -1.4647141E-07 0
vn 1 -1.637518E-07 0
vn 1 0 0
vn 1 0 0
vn 1 -1.2806E-07 0
vn 1 0 0
vn 1 -1.7195418E-07 0
vn 1 0 0
vn 1 0 0
vn 1 0 0
vn 2.689507E-07 1 0
vn 6.0860924E-07 1 0
vn 6.086093E-07 1 0
vn 2.441773E-07 1 0
vn -0 1 0
vn -0 1 0
vn -0 1 0
vn -0.014754396 0.77322084 0.63396513
vn -0.028802674 0.61698484 0.78644776
vn -0.028802674 0.61698484 0.78644776
vn -0.014754397 0.77322084 0.63396513
vn -0 0.97274154 0.23189214
vn -0 0.97274154 0.23189215
vn 0.0015350967 0.94201785 -0.33555922
vn 0.0015192888 0.9432416 -0.3321038
vn 0.0015031887 0.5631112 -0.8263797
vn 0.0015031891 0.5631112 -0.8263797
vn -0 0.15252313 -0.98829985
vn -0 0.15252316 -0.98829985
vn -0.00039130662 0.13965301 -0.99020046
vn -0 0 -1
vn -0 0.2823135 -0.9593222
vn -0 0 -1
vn -0 0.725429 -0.688297
vn -0.005322394 0.72544855 -0.6882559
vn -0 0.8678969 -0.49674428
vn -0.008823024 0.8678631 -0.49672493
vn 0.115752354 0.00017245513 -0.9932781
vn 0.11575233 0.00017245511 -0.9932781
vn 0.49204943 0.0004335876 -0.8705672
vn 0.49194247 0.00043355502 -0.8706276
vn 0.9260929 0.00026458333 -0.37729555
vn 0.92597556 0.00026478514 -0.37758332
vn 0.7071068 0 0.70710665
vn 0.70710677 0 0.7071068
vn -0 0 1
vn -0 0 1
vn -1.5871724E-07 -1 0
vn -1.530518E-07 -1 0
vn -1.5920787E-07 -1 0
vn -1.5841482E-07 -1 0
vn -1.4868762E-07 -1 0
vn -1.643015E-07 -1 0
vn -1.443297E-07 -1 0
vn -1.2585306E-07 -1 0
vn -0 -1 0
vn -1 1.9222935E-07 0
vn -1 1.242574E-07 0
vn -1 2.0619444E-07 0
vn -1 2.6307424E-07 0
vn -1 1.1246848E-07 0
vn -1 3.3102373E-07 0
vn -1 2.9201547E-07 0
vn -1 2.9201547E-07 0
vn -1 1.6112881E-07 0
vn -1 1.6112882E-07 0
vn -1 1.6112881E-07 0
vn -1 1.6112881E-07 0
vn -0.003469099 0.41404787 0.9102485
vn -0 0.41405034 0.91025394
vn -0 0.41405034 0.91025394
vn -0.003469099 0.41404787 0.9102485
vn 2.1078633E-07 1 0
vn 1.5900507E-07 1 0
vn 1.5900507E-07 1 0
vn 1.642531E-07 1 0
vn 2.5178937E-07 1 0
vn -0 1 0
vn 0.29279938 -0.0064071175 0.9561524
vn 0.29279938 -0.0064071184 0.9561525
vn 0.19231048 -0.009088872 0.981292
vn 0.19198485 -0.009097318 0.9813557
vn -0 -0.0117273275 0.9999312
vn -0 -0.011727329 0.9999312
vn -1 1.5301877E-07 0
vn -1 1.637518E-07 0
vn -1 1.464714E-07 0
vn -1 0 0
vn -1 0 0
vn -1 1.2806E-07 0
vn -1 0 0
vn -1 1.7195418E-07 0
vn -1 0 0
vn -1 0 0
vn -1 0 0
vn 2.6895074E-07 1 0
vn 6.086093E-07 1 0
vn 6.086093E-07 1 0
vn 2.4417733E-07 1 0
vn -0 1 0
vn -0 1 0
vn -0 1 0
vn 0.01475461 0.7732209 0.6339651
vn 0.028803095 0.61698496 0.7864477
vn 0.028803095 0.616985 0.7864477
vn 0.0147546055 0.7732209 0.633965
vn -0 0.97274154 0.23189211
vn -0 0.97274154 0.23189215
vn -0.0015350967 0.94201785 -0.33555907
vn -0.0015192894 0.9432416 -0.3321038
vn -0.0015031899 0.5631111 -0.8263797
vn -0.0015031896 0.5631112 -0.8263797
vn -0 0.15252313 -0.98829985
vn -0 0.15252313 -0.98829985
vn 0.0003913065 0.13965298 -0.99020046
vn -0 0 -1
vn -0 0.2823135 -0.9593222
vn -0 0 -1
vn -0 0.725429 -0.688297
vn 0.0053223926 0.7254485 -0.68825597
vn -0 0.8678969 -0.49674428
vn 0.008823024 0.8678631 -0.49672493
vn -0.11575232 0.0001724551 -0.9932781
vn -0.115752354 0.00017245515 -0.9932781
vn -0.49204946 0.0004335876 -0.87056714
vn -0.49194244 0.00043355505 -0.87062764
vn -0.9260929 0.00026458333 -0.37729555
vn -0.92597556 0.00026478514 -0.37758327
vn -0.70710677 0 0.7071068
vn -0.7071068 0 0.70710665
vn -0 0 1
vn -0 0 1
vn -1.5871724E-07 -1 0
vn -1.5920787E-07 -1 0
vn -1.530518E-07 -1 0
vn -1.5841482E-07 -1 0
vn -1.4868765E-07 -1 0
vn -1.643015E-07 -1 0
vn -1.443297E-07 -1 0
vn -1.2585306E-07 -1 0
vn -0 -1 0
vn 1 -1.9222935E-07 0
vn 1 -2.0619444E-07 0
vn 1 -1.242574E-07 0
vn 1 -2.6307424E-07 0
vn 1 -1.1246848E-07 0
vn 1 -3.3102373E-07 0
vn 1 -2.9201547E-07 0
vn 1 -2.9201547E-07 0
vn 1 -1.6112881E-07 0
vn 1 -1.6112881E-07 0
vn 1 -1.6112881E-07 0
vn 1 -1.6112882E-07 0
vn 0.0034690986 0.41404787 0.9102485
vn 0.003469099 0.41404787 0.9102485
vn -0 0.41405034 0.91025394
vn -0 0.41405034 0.91025394
vn 0.04962863 0.7076391 0.704829
vn -0 0.99697375 -0.07773845
vn -0 0.56580937 0.82453614
vn -0 0.9931819 -0.116574995
vn -0 0.97137433 0.23755379
vn -0.0496286 0.70763916 0.70482886
vn -0 0.43116245 -0.90227437
vn -0 0.99697375 -0.07773848
vn -0 0.5658091 0.8245363
vn -0 0.4311623 -0.90227437
vn -0 0.4311622 -0.9022744
vn -1.5814851E-07 -0.5658095 -0.824536
vn -3.1629713E-07 -0.56580967 -0.8245359
vn -0 -0.56580925 -0.82453614
vn -1.5736787E-06 -0.9969739 0.077736855
vn -5.3960076E-07 -0.99924767 0.038782634
vn -0 -0.99697375 0.07773857
vn -0.049631335 -0.5898342 0.80599767
vn -1.2573797E-06 -0.43116373 0.90227365
vn -0 0.5658091 0.8245363
vn -0.0496286 0.70763916 0.70482886
vn -0 -0.92281264 0.38524884
vn 0.049630065 -0.5898332 0.8059986
vn -0 -0.43116236 0.90227437
vn -0 0.56580937 0.82453614
vn 0.04962863 0.7076391 0.704829
vn -0.8117119 0.58237195 -0.0443488
vn -0 0.9971534 -0.07539986
vn -0 0.9971534 -0.07539987
vn -0.83771914 0.54452133 -0.04151066
vn -0.8377595 -0.54431283 0.043390214
vn -0.8117135 -0.5822051 0.046458255
vn -5.177958E-07 -0.99678874 0.08007631
vn -4.0974797E-07 -0.99678874 0.08007631
vn 0.8117132 -0.5822056 0.046458427
vn 0.8377591 -0.54431343 0.043390397
vn 0.8377193 0.54452115 -0.041510474
vn 0.811712 0.5823717 -0.044348605
vn -0 0.9971534 -0.07539987
vn -0 0.9971534 -0.07539986
vn 1.3604051E-06 0.077568874 0.99698704
vn 1.3604052E-06 0.077568874 0.99698704
vn -0 0.0775689 0.99698704
vn -0 0.077568896 0.99698704
vn -1.2745134E-06 0.077568926 0.99698704
vn -1.2745136E-06 0.07756894 0.99698704
vn 1 0 0
vn 1 0 0
vn 1 0 0
vn 1 0 0
vn 1 0 0
vn 1 0 0
vn 1 0 0
vn 1 0 0
vn 1 0 0
vn 1 0 0
vn 1 0 0
vn 1 0 0
vn 1 0 0
vn 1 0 0
vn 1 0 0
vn 1 0 0
vn 1 0 0
vn 1 0 0
vn 1 0 0
vn 1 0 0
vn 0.205664 1.7350293E-07 0.9786226
vn 0.205664 1.7350293E-07 0.9786227
vn 0.6062043 1.8302322E-07 0.79530895
vn 0.6062043 1.8302323E-07 0.79530895
vn 0.9711761 1.7172907E-07 0.23836324
vn 0.9711761 1.7172908E-07 0.23836318
vn 0.9815005 0 0.19145949
vn 0.9815005 0 0.19145949
vn 0.92891747 0 0.37028673
vn 0.92891747 0 0.37028673
vn 0.8410502 -2.5885602E-05 0.54095703
vn 0.952847 0 0.30345085
vn 0.952847 0 0.30345085
vn 0.8410502 2.5885602E-05 0.540957
vn 0.67127126 -0.00017646007 0.7412117
vn 0.6711256 -0.00022086686 0.74134374
vn 0.6712714 0.00017646013 0.74121165
vn 0.6709477 -0.0001194999 0.7415047
vn 0.6711256 0.00022086689 0.74134374
vn 0.6709477 0.00011949996 0.7415047
vn 0.60620487 0 -0.7953086
vn 0.205664 1.7350293E-07 -0.9786227
vn 0.205664 1.7350293E-07 -0.9786226
vn 0.60620487 0 -0.79530853
vn 0.97117627 0 -0.23836263
vn 0.97117627 0 -0.23836255
vn 0.9815005 0 -0.19145957
vn 0.9815005 0 -0.19145957
vn 0.92891747 0 -0.3702867
vn 0.92891747 0 -0.3702867
vn 0.952847 0 -0.30345085
vn 0.8410502 -2.5885602E-05 -0.54095703
vn 0.952847 0 -0.30345082
vn 0.8410502 2.5885602E-05 -0.540957
vn 0.67127126 -0.00017646007 -0.7412117
vn 0.6711256 -0.00022086686 -0.74134374
vn 0.6712714 0.00017646013 -0.74121165
vn 0.6709477 -0.0001194999 -0.7415047
vn 0.67112553 0.0002208669 -0.74134374
vn 0.6709477 0.00011949996 -0.7415047
vn 0.92269003 0.38554245 0
vn 0.9226822 0.38556114 -0.00025835136
vn 0.92270976 0.38549548 -5.9812402E-05
vn 0.92270976 0.38549548 5.9812402E-05
vn 0.9226822 0.38556114 0.00025835136
vn 0.8809758 0.19819106 0.42965344
vn 0.8809758 0.19819105 0.42965344
vn 0.8809758 0.19819109 0.42965344
vn 0.8809758 0.19819108 0.4296534
vn 0.8809758 0.19819105 -0.42965344
vn 0.8809758 0.19819103 -0.4296534
vn 0.8809758 0.19819106 -0.42965344
vn 0.8809758 0.19819105 -0.42965344
vn 0.92269003 -0.38554272 0
vn 0.9226821 -0.3855614 0.00025830133
vn 0.92270964 -0.3854957 5.9800816E-05
vn 0.92270964 -0.3854957 -5.9800816E-05
vn 0.9226821 -0.3855614 -0.00025830133
vn 0.8809758 -0.19819099 0.42965332
vn 0.8809758 -0.198191 0.42965332
vn 0.8809758 -0.19819099 0.42965332
vn 0.8809758 -0.19819099 0.42965332
vn 0.8809758 -0.198191 -0.42965335
vn 0.8809758 -0.198191 -0.42965335
vn 0.8809758 -0.198191 -0.42965335
vn 0.8809758 -0.198191 -0.42965335
vn 0.0018204567 0.5688247 0.82245684
vn 0.0002396372 0.47781366 0.87846124
vn 0.00018232428 0.42227897 0.90646595
vn 0.00018140629 0.42231712 0.9064481
vn 0.0018335899 0.56953955 0.82196194
vn 0.0034496596 0.65457726 0.7559873
vn 0.0034496598 0.65457714 0.75598735
vn 0.00024094967 0.4778197 0.8784579
vn 0.00023576494 0.47781923 0.8784581
vn 0.0036151465 0.99999344 -6.0696416E-06
vn 0.0036151465 0.99999344 0
vn 0.0036151463 0.99999344 0
vn 0.0036151467 0.99999344 -6.0696416E-06
vn 1.458186E-07 1 0
vn 1.1108264E-07 1 0
vn 3.1001292E-07 1 -1.6166433E-07
vn -0 1 0
vn -0 1 0
vn -0 1 0
vn -0 1 0
vn -0 1 0
vn -3.4683154E-07 1 0
vn -3.6434856E-06 1 -4.467085E-06
vn -1.1424842E-05 1 1.575519E-06
vn -1.3716429E-05 1 -1.4812437E-06
vn 2.0150401E-07 1 -2.2833867E-06
vn -0 1 0
vn -0.00026749022 0.20641214 0.9784651
vn -0.00049771514 0.38406807 0.9233047
vn -0.0004977152 0.38406804 0.9233047
vn -0.0002537314 0.19579497 0.98064476
vn -0 0 1
vn -0 0 1
vn -1 2.5791184E-07 2.894259E-07
vn -0.6293781 -0.7539784 0.18814841
vn -1 -1.7328252E-06 3.3684191E-06
vn -0.03557104 -0.96873593 0.24553072
vn -1 0 0
vn -1 0 0
vn -1 0 0
vn -1 -1.1026481E-07 0
vn -1 -1.0541009E-07 0
vn -1 -1.0541009E-07 0
vn -0.029000439 -0.222755 -0.9744431
vn -0.027888509 -0.43505025 -0.89997417
vn -0.027888507 -0.43505022 -0.89997417
vn -0.028999038 -0.22355556 -0.97425973
vn -0.028648417 0 -0.9995896
vn -0.028648416 0 -0.9995896
vn 1 0 0
vn 1 0 0
vn 1 0 0
vn 1 0 0
vn 1 0 0
vn 1 0 0
vn 1.6885984E-05 0.15497178 0.9879189
vn 0.00018140629 0.42231712 0.9064481
vn 0.00018232428 0.42227897 0.90646595
vn 1.698665E-05 0.15513138 0.9878939
vn -7.987679E-05 0 1
vn -7.987679E-05 0 1
vn -0.0011996638 -0.9697807 0.24397516
vn -0.00034930493 -0.9699598 0.243265
vn -0.03557104 -0.96873593 0.24553072
vn -0.005938053 -0.970326 0.24172749
vn -0.010713912 -0.971262 0.23777197
vn -0.010713913 -0.971262 0.23777197
vn 0.019462926 -0.96972454 0.24342434
vn -0.6293781 -0.7539784 0.18814841
vn 0.02999179 -0.9698113 0.24200527
vn -1 0 0
vn -1 0 0
vn -1 2.5638982E-07 0
vn -1 3.017066E-07 0
vn -1 4.695277E-07 2.6040362E-07
vn -1 3.3559468E-07 8.450706E-07
vn -1 0 0
vn -1 0 0
vn -1 0 0
vn -1 0 0
vn -1 0 -1.780741E-07
vn -1 0 -1.200056E-07
vn -1 2.5791184E-07 2.894259E-07
vn -1.3807586E-06 0.99998724 -0.005062753
vn -1.3807586E-06 0.99998724 -0.005062753
vn -1.3807762E-06 1 0
vn -1.3807762E-06 1 0
vn 0.0015504166 0.36758834 0.9299874
vn 0.0015504166 0.36758828 0.9299874
vn 0.0015504166 0.36758828 0.9299874
vn 0.0015504166 0.36758828 0.9299874
vn 0.001820445 0.5688247 -0.82245684
vn 0.00018232428 0.422279 -0.90646595
vn 0.0002396372 0.47781366 -0.87846124
vn 0.00018140629 0.42231712 -0.9064481
vn 0.001833578 0.56953955 -0.82196194
vn 0.003449636 0.6545772 -0.75598735
vn 0.003449636 0.65457714 -0.75598735
vn 0.00024094967 0.4778197 -0.8784579
vn 0.00023576494 0.47781923 -0.8784581
vn 0.0036151465 0.99999344 6.0696416E-06
vn 0.0036151467 0.99999344 6.0696416E-06
vn 0.0036151463 0.99999344 0
vn 0.0036151465 0.99999344 0
vn 1.458186E-07 1 0
vn 3.1001292E-07 1 1.6166433E-07
vn 1.1108264E-07 1 0
vn -0 1 0
vn -0 1 0
vn -0 1 0
vn -0 1 0
vn -0 1 0
vn -3.4683154E-07 1 0
vn -3.6434856E-06 1 4.467085E-06
vn -1.1424842E-05 1 -1.575519E-06
vn -1.3716429E-05 1 1.4812437E-06
vn 2.0150401E-07 1 2.2833867E-06
vn -0 1 0
vn -0.00026749022 0.20641214 -0.9784651
vn -0.0004977152 0.38406804 -0.9233047
vn -0.00049771514 0.38406807 -0.9233047
vn -0.0002537314 0.19579497 -0.98064476
vn -0 0 -1
vn -0 0 -1
vn -1 2.5791184E-07 -2.894259E-07
vn -1 -1.7328252E-06 -3.3684191E-06
vn -0.6293781 -0.7539784 -0.18814841
vn -0.03557104 -0.96873593 -0.24553072
vn -1 0 0
vn -1 0 0
vn -1 0 0
vn -1 -1.1026481E-07 0
vn -1 -1.0541009E-07 0
vn -1 -1.0541009E-07 0
vn -0.02900044 -0.22275501 0.9744431
vn -0.027888507 -0.43505022 0.89997417
vn -0.027888509 -0.43505025 0.89997417
vn -0.028999038 -0.22355556 0.97425973
vn -0.028648417 0 0.9995896
vn -0.028648417 0 0.9995896
vn 1 0 0
vn 1 0 0
vn 1 0 0
vn 1 0 0
vn 1 0 0
vn 1 0 0
vn 1.688599E-05 0.15497176 -0.9879189
vn 0.00018232428 0.422279 -0.90646595
vn 0.00018140629 0.42231712 -0.9064481
vn 1.6986656E-05 0.15513138 -0.9878939
vn -7.987677E-05 0 -1
vn -7.987679E-05 0 -1
vn -0.0011996627 -0.9697807 -0.24397516
vn -0.03557104 -0.96873593 -0.24553072
vn -0.00034930493 -0.9699598 -0.243265
vn -0.0059380443 -0.970326 -0.24172749
vn -0.010713894 -0.971262 -0.23777199
vn -0.010713893 -0.971262 -0.23777197
vn 0.019462926 -0.96972454 -0.24342434
vn -0.6293781 -0.7539784 -0.18814841
vn 0.02999179 -0.9698113 -0.24200527
vn -1 0 0
vn -1 2.5638982E-07 0
vn -1 0 0
vn -1 3.017066E-07 0
vn -1 4.695277E-07 -2.6040362E-07
vn -1 3.3559468E-07 -8.450706E-07
vn -1 0 0
vn -1 0 0
vn -1 0 0
vn -1 0 0
vn -1 0 1.780741E-07
vn -1 0 1.200056E-07
vn -1 2.5791184E-07 -2.894259E-07
vn -1.3807586E-06 0.99998724 0.005062753
vn -1.3807762E-06 1 0
vn -1.3807762E-06 1 0
vn -1.3807586E-06 0.99998724 0.005062753
vn 0.0015504163 0.36758822 -0.9299874
vn 0.0015504163 0.36758825 -0.9299874
vn 0.0015504162 0.36758825 -0.9299874
vn 0.0015504162 0.36758822 -0.9299874
vn 0.0018205835 -0.5688247 0.82245684
vn 0.00018229858 -0.422279 0.90646595
vn 0.00023963649 -0.47781375 0.8784611
vn 0.0001816259 -0.42231712 0.9064481
vn 0.0018337293 -0.5695394 0.821962
vn 0.003449988 -0.6545772 0.75598735
vn 0.0034499879 -0.6545772 0.75598735
vn 0.00024210857 -0.47781974 0.8784578
vn 0.00023649905 -0.47781932 0.8784581
vn 0.0036157533 -0.99999344 -5.7408515E-06
vn 0.0036157537 -0.99999344 -5.740853E-06
vn 0.0036157533 -0.99999344 0
vn 0.0036157537 -0.99999344 0
vn -0 -1 0
vn -3.1001292E-07 -1 1.6166433E-07
vn 1.4687298E-07 -1 0
vn 2.2883499E-07 -1 0
vn 1.295385E-07 -1 0
vn -0 -1 0
vn -0 -1 0
vn -0 -1 0
vn -0 -1 0
vn -3.7274847E-06 -1 -4.5210704E-06
vn -1.1434367E-05 -1 1.6212692E-06
vn -1.404565E-05 -1 -1.4258329E-06
vn 1.8543204E-07 -1 -2.7356302E-06
vn -0 -1 -6.343673E-07
vn -0.0002675009 -0.20641227 0.9784651
vn -0.0004977347 -0.384068 0.9233047
vn -0.00049773464 -0.38406804 0.9233047
vn -0.00025374137 -0.19579495 0.98064476
vn -0 0 1
vn -0 0 1
vn -1 0 3.1128812E-07
vn -1 7.0545525E-07 1.7632178E-06
vn -0.62937933 0.75397754 0.18814744
vn -0.035571013 0.96873605 0.24553066
vn -1 0 0
vn -1 0 0
vn -1 0 0
vn -1 0 0
vn -1 -1.0541009E-07 0
vn -1 -1.0541009E-07 0
vn -0.029000564 0.2227551 -0.97444296
vn -0.027888745 0.43505022 -0.89997417
vn -0.027888747 0.43505025 -0.89997417
vn -0.028999165 0.22355542 -0.97425973
vn -0.028648417 0 -0.9995896
vn -0.028648416 0 -0.9995896
vn 1 0 0
vn 1 0 0
vn 1 0 0
vn 1 0 0
vn 1 0 0
vn 1 0 0
vn 1.6886563E-05 -0.15497172 0.9879189
vn 0.00018229858 -0.422279 0.90646595
vn 0.0001816259 -0.42231712 0.9064481
vn 1.698728E-05 -0.15513143 0.9878939
vn -7.987679E-05 0 1
vn -7.987679E-05 0 1
vn -0.0011995538 0.9697807 0.24397519
vn -0.035571013 0.96873605 0.24553066
vn -0.0003492527 0.9699598 0.243265
vn -0.005937614 0.970326 0.24172768
vn -0.010713092 0.97126186 0.2377724
vn -0.010713092 0.97126186 0.2377724
vn 0.019461915 0.96972454 0.24342437
vn -0.62937933 0.75397754 0.18814744
vn 0.029990258 0.9698113 0.2420053
vn -1 0 0
vn -1 2.563896E-07 0
vn -1 0 0
vn -1 3.0170645E-07 0
vn -1 4.695272E-07 -2.6040343E-07
vn -1 3.3559436E-07 -8.4507076E-07
vn -1 0 0
vn -1 0 0
vn -1 0 0
vn -1 0 0
vn -1 0 1.780741E-07
vn -1 0 1.2000562E-07
vn -1 0 3.1128812E-07
vn 9.20505E-07 -0.99998724 -0.0050629363
vn 9.2051675E-07 -1 0
vn 9.2051675E-07 -1 0
vn 9.20505E-07 -0.99998724 -0.0050629363
vn 0.0015510889 -0.36758828 0.9299874
vn 0.0015510889 -0.36758825 0.9299874
vn 0.0015510889 -0.36758825 0.9299874
vn 0.0015510892 -0.36758828 0.9299874
vn 0.0018206068 -0.5688247 -0.8224567
vn 0.00023963649 -0.47781375 -0.8784611
vn 0.00018229861 -0.42227903 -0.90646595
vn 0.0001816259 -0.42231712 -0.9064481
vn 0.0018337528 -0.5695394 -0.821962
vn 0.0034500347 -0.6545772 -0.75598735
vn 0.0034500347 -0.6545772 -0.75598735
vn 0.00024210857 -0.47781974 -0.8784578
vn 0.00023649905 -0.47781932 -0.8784581
vn 0.0036157537 -0.99999344 5.740826E-06
vn 0.0036157537 -0.99999344 0
vn 0.0036157533 -0.99999344 0
vn 0.003615754 -0.99999344 5.740827E-06
vn -0 -1 0
vn 1.4687296E-07 -1 0
vn -3.1001292E-07 -1 -1.6166433E-07
vn 2.2883498E-07 -1 0
vn 1.295385E-07 -1 0
vn -0 -1 0
vn -0 -1 0
vn -0 -1 0
vn -0 -1 0
vn -3.7274847E-06 -1 4.5210704E-06
vn -1.1434367E-05 -1 -1.6212692E-06
vn -1.404565E-05 -1 1.4258329E-06
vn 1.8543204E-07 -1 2.7356302E-06
vn -0 -1 6.343673E-07
vn -0.0002675009 -0.20641227 -0.9784651
vn -0.00049773464 -0.38406804 -0.9233047
vn -0.0004977347 -0.384068 -0.9233047
vn -0.00025374137 -0.19579495 -0.98064476
vn -0 0 -1
vn -0 0 -1
vn -1 0 -3.1128812E-07
vn -0.62937933 0.75397754 -0.18814743
vn -1 7.0545525E-07 -1.7632178E-06
vn -0.035571013 0.96873605 -0.24553066
vn -1 0 0
vn -1 0 0
vn -1 0 0
vn -1 0 0
vn -1 -1.0541009E-07 0
vn -1 -1.0541009E-07 0
vn -0.029000565 0.2227551 0.97444296
vn -0.027888747 0.43505028 0.89997417
vn -0.027888745 0.43505025 0.89997417
vn -0.028999167 0.22355545 0.97425973
vn -0.028648417 0 0.9995896
vn -0.028648417 0 0.9995896
vn 1 0 0
vn 1 0 0
vn 1 0 0
vn 1 0 0
vn 1 0 0
vn 1 0 0
vn 1.6886563E-05 -0.15497172 -0.9879189
vn 0.0001816259 -0.42231712 -0.9064481
vn 0.00018229861 -0.42227903 -0.90646595
vn 1.698728E-05 -0.15513143 -0.9878939
vn -7.987677E-05 0 -1
vn -7.987679E-05 0 -1
vn -0.001199554 0.9697807 -0.24397519
vn -0.0003492527 0.9699598 -0.243265
vn -0.035571013 0.96873605 -0.24553066
vn -0.0059376145 0.970326 -0.24172771
vn -0.010713094 0.97126186 -0.23777243
vn -0.010713094 0.97126186 -0.23777243
vn 0.019461915 0.96972454 -0.24342434
vn -0.62937933 0.75397754 -0.18814743
vn 0.029990258 0.9698113 -0.24200527
vn -1 0 0
vn -1 0 0
vn -1 2.563896E-07 0
vn -1 3.0170645E-07 0
vn -1 4.695272E-07 2.6040343E-07
vn -1 3.3559436E-07 8.4507076E-07
vn -1 0 0
vn -1 0 0
vn -1 0 0
vn -1 0 0
vn -1 0 -1.780741E-07
vn -1 0 -1.2000562E-07
vn -1 0 -3.1128812E-07
vn 9.2050493E-07 -0.99998724 0.0050629363
vn 9.2050493E-07 -0.99998724 0.0050629363
vn 9.2051675E-07 -1 0
vn 9.2051675E-07 -1 0
vn 0.0015510914 -0.36758828 -0.9299874
vn 0.0015510914 -0.36758828 -0.9299874
vn 0.0015510914 -0.36758825 -0.9299874
vn 0.0015510914 -0.36758825 -0.9299874
vn 0.003679406 -0.9999498 0.009320504
vn 0.0016267297 -0.9999784 0.006372675
vn 0.0016267296 -0.9999784 0.0063726753
vn 0.029591542 -0.9983381 0.04944997
vn 0.035941597 -0.9978035 0.055645082
vn 0.045634054 -0.9972626 0.05818014
vn 0.03976839 -0.9953642 0.08757064
vn 0.06400517 -0.99673706 0.049178146
vn 0.07578343 -0.9961702 0.04360832
vn 0.39749995 0.1915564 0.897385
vn 0.7756565 0.0017311468 0.6311529
vn 0.491797 0.0041686576 0.87069994
vn 0.6936876 0.31661904 0.64695436
vn 0.9492136 -0.0008691374 0.31463116
vn 0.8304187 0.38521996 0.40250516
vn 0.3692391 0.83933735 0.39896783
vn 0.24868049 0.7408321 0.6239597
vn -0 0.94989 0.31258437
vn 0.09868137 0.56494194 0.8192085
vn -0.0021522045 0.83107907 0.5561502
vn -0.0041462705 0.65122956 0.7588695
vn -0 0 1
vn -0 0 1
vn -0 0 1
vn -0 0 1
vn -0 0 1
vn 0.31170896 0.95017534 0.0020445138
vn 1.4080557E-07 1 0
vn -0 1 0
vn 0.355649 0.93461293 0.003544645
vn 4.6279544E-07 1 0
vn 1.2333906E-07 1 1.3079159E-07
vn -0 1 2.012133E-07
vn -1.9223597E-07 1 2.1972374E-07
vn -5.5715634E-07 1 0
vn 0.79287213 0.6093808 0.002971643
vn 0.65126705 0.7588366 0.004271692
vn 0.9160735 0.40100372 0.0022793282
vn 0.9999925 -0.0018073409 -0.0034216736
vn -0.33048287 -0.0011095986 -0.9438113
vn -0.48692036 -0.0005630833 -0.8734462
vn -0.3304828 -0.0011095987 -0.9438114
vn -0.48692027 -0.00056308345 -0.8734463
vn -0.6849894 2.9592175E-07 -0.728553
vn -0.6849894 2.9592175E-07 -0.728553
vn -0.805055 9.84396E-07 -0.59320015
vn -0.80505496 9.843956E-07 -0.5932003
vn -0.933343 1.4780398E-06 -0.35898563
vn -0.933343 1.47804E-06 -0.35898563
vn -0.9946884 1.6026507E-06 -0.10293178
vn -0.98926663 0.12622719 -0.073609255
vn -0.9845583 0.17497209 -0.005446323
vn -1 1.6377454E-06 0
vn -0.9337209 0.3578286 -0.011138063
vn -0.9337209 0.3578286 -0.011138063
vn -0.22957447 0.78848296 -0.57060516
vn -0.2989601 0.79678583 -0.525124
vn -0.22957443 0.78848296 -0.5706051
vn -0.3031897 0.79711795 -0.5221867
vn -0.41124985 0.7963951 -0.44342798
vn -0.41030738 0.79649067 -0.44412887
vn -0.48792407 0.7969625 -0.35606295
vn -0.49229246 0.7974192 -0.34895685
vn -0.5437333 0.81640285 -0.19452606
vn -0.5461871 0.8134177 -0.20007825
vn -0.5540867 0.82889646 -0.07693234
vn -0.551862 0.8315281 -0.063318305
vn -0.5518621 0.8315281 -0.06331832
vn -0 -1 0
vn -0 -1 0
vn -0 -1 0
vn -0 -1 0
vn -0 0 1
vn -0 0 1
vn -0 0 1
vn -0 0 1
vn -0.02639973 0.99965155 0
vn -0.02639973 0.99965155 0
vn -0.02639973 0.99965155 0
vn -0.02639973 0.99965155 0
vn 1.5568044E-07 1 0
vn 1.5588874E-07 1 0
vn 1.5559291E-07 1 0
vn 1.553851E-07 1 0
vn -0 -1 1.04428494E-07
vn -0 -1 0
vn -0 -1 1.04428494E-07
vn -0 -1 0
vn -0 -1 0
vn -0 -1 0
vn -0 -1 0
vn -0 -1 0
vn -1 0 0
vn -1 0 0
vn -1 0 0
vn -1 0 0
vn -1 0 0
vn -1 0 0
vn -1 0 0
vn -1 0 0
vn -1 0 0
vn -1 0 0
vn -1 0 0
vn -1 0 0
vn -1 -2.5987882E-07 0
vn -1 0 1.022398E-07
vn -1 -2.3259302E-07 0
vn -1 0 1.0013752E-07
vn -1 -7.916791E-07 0
vn -1 0 0
vn -1 0 0
vn -1 0 0
vn -0 0 1
vn -0 0 1
vn -0 0 1
vn 0.19539975 -0.0017609434 0.9807222
vn 0.09725943 -0.0008765024 0.9952586
vn 0.52110744 -0.011668811 0.8534114
vn -0 0 1
vn 0.5217626 -0.011709061 0.85301036
vn 0.79637164 -0.020836363 0.6044486
vn 0.79879916 -0.020849317 0.6012364
vn 0.9709635 -0.0028597736 0.2392107
vn 0.9777134 -0.0029801626 0.20992267
vn 0.9994499 0.032101218 -0.008335757
vn 0.99988294 0.014509916 0.0048494646
vn 0.9980489 0.056477934 -0.026619446
vn 0.0972594 0.00087650213 0.99525875
vn 0.033901747 -2.597201E-05 0.9994252
vn 0.050419144 -3.862592E-05 0.9987281
vn 0.46413603 -0.0022599183 0.885761
vn 0.46102607 -0.0022408646 0.88738376
vn 0.92791533 -0.0056460174 0.37274823
vn 0.9268218 -0.0056347395 0.375459
vn 0.99957794 -0.006659389 0.028278224
vn 0.99964476 -0.0028575184 0.026498973
vn 0.9062608 -0.0026124613 0.42271098
vn 0.99964476 0.0028575184 0.026498973
vn 0.033901744 2.5972004E-05 0.9994252
vn 0.90626085 0.002612462 0.4227108
vn 0.42007768 0 0.90748817
vn 0.99957794 0.006659389 0.028278224
vn 0.42007783 0 0.90748817
vn 0.16441564 0 0.9863912
vn 0.16441566 0 0.9863912
vn 0.9268218 0.0056347405 0.37545902
vn 0.92791533 0.005646019 0.3727483
vn 0.46102607 0.0022408648 0.88738376
vn 0.46413592 0.0022599183 0.88576114
vn 0.05041914 3.862592E-05 0.9987281
vn 0.5217624 0.011709119 0.8530105
vn 0.52110714 0.011668868 0.85341144
vn 0.19539976 0.0017609433 0.9807222
vn 0.79637146 0.020836586 0.6044488
vn -0 0 1
vn -0 0 1
vn 0.79879904 0.020849546 0.6012365
vn 0.9709635 0.0028599428 0.23921056
vn 0.9777134 0.002980489 0.2099227
vn 0.9994498 -0.032101788 -0.008336269
vn 0.99988294 -0.014509605 0.004849433
vn 0.9980488 -0.056479733 -0.026620632
vn -0 0 -1
vn -0 0 -1
vn -0 0 -1
vn -0 0 -1
vn -0 0 -1
vn -0 0 -1
vn -0 0 -1
vn -0 0 -1
vn -0 0 -1
vn -0 0 -1
vn -0 0 -1
vn -0 0 -1
vn -0 0 -1
vn -0 0 -1
vn -0 0 1
vn -0 0 1
vn -0 0 1
vn -0 0 1
vn -1 0 0
vn -1 0 0
vn -1 0 0
vn -1 0 0
vn -1 -2.1155773E-07 0
vn -1 -2.1155773E-07 -9.4451985E-07
vn -1 -2.1155773E-07 -9.4451985E-07
vn -1 -2.1155773E-07 0
vn -0.42718974 0 -0.904162
vn -0.42718974 0 -0.904162
vn -0.5153529 0 -0.856978
vn -0.51535296 0 -0.856978
vn -0.6716937 0 -0.74082893
vn -0.6716938 0 -0.7408289
vn -0.82099336 0 -0.5709377
vn -0.82099336 0 -0.5709377
vn -0.9505114 0 -0.31068957
vn -0.9505114 0 -0.31068957
vn -0.9878863 0 -0.15517949
vn -0.9878863 0 -0.15517949
vn 0.97357607 0 -0.22836311
vn 0.97357607 0 -0.22836311
vn 0.97357607 0 -0.22836311
vn 0.97357607 0 -0.22836311
vn 0.65413517 0 0.75637776
vn 0.65413517 0 0.75637776
vn 0.75735176 0 0.6530071
vn 0.75735176 0 0.6530071
vn 0.9066658 0 0.4218497
vn 0.9066658 0 0.42184964
vn 0.9536576 0 0.30089396
vn 0.9536576 0 0.30089396
vn 0.19527715 0 0.98074806
vn 0.19527715 0 0.98074806
vn 0.19527715 0 0.98074806
vn 0.19527715 0 0.98074806
vn 0.0036795675 0.9999498 0.009320523
vn 0.0016269069 0.9999784 0.006372713
vn 0.0016269069 0.9999784 0.0063727126
vn 0.029591572 0.9983381 0.049449876
vn 0.03594159 0.9978035 0.055644944
vn 0.04563406 0.9972626 0.058180124
vn 0.03976839 0.9953642 0.08757065
vn 0.06400528 0.99673706 0.049178224
vn 0.0757836 0.9961702 0.043608394
vn 0.39749983 -0.19155654 0.897385
vn 0.49179682 -0.0041687223 0.87069994
vn 0.77565694 -0.0017311086 0.63115245
vn 0.69368774 -0.31661934 0.6469541
vn 0.94921404 0.00086927245 0.31463006
vn 0.8304187 -0.38522035 0.40250474
vn 0.36923796 -0.8393377 0.39896813
vn 0.24868053 -0.74083173 0.62396014
vn -0 -0.9498896 0.31258556
vn 0.09868137 -0.564942 0.8192085
vn -0.002152148 -0.83107865 0.5561507
vn -0.0041462323 -0.65122944 0.7588695
vn -0 0 1
vn -0 0 1
vn -0 0 1
vn -0 0 1
vn -0 0 1
vn 0.31170872 -0.95017546 0.0020445373
vn -0 -1 0
vn -1.4080551E-07 -1 0
vn 0.35564837 -0.9346131 0.003544511
vn -4.6279564E-07 -1 0
vn -1.2333909E-07 -1 -1.3079158E-07
vn -0 -1 -2.012133E-07
vn 1.9223597E-07 -1 -2.1972374E-07
vn 5.5715645E-07 -1 0
vn 0.79287183 -0.60938114 0.002971678
vn 0.65126646 -0.7588371 0.0042717396
vn 0.91607344 -0.40100417 0.0022793335
vn 0.9999925 0.0018076207 -0.003421677
vn -0.33048287 0.0011094623 -0.9438113
vn -0.33048287 0.0011094623 -0.9438113
vn -0.4869203 0.0005630144 -0.8734462
vn -0.48692036 0.0005630143 -0.8734462
vn -0.6849894 2.9592215E-07 -0.72855306
vn -0.6849894 2.9592215E-07 -0.72855306
vn -0.80505484 9.843969E-07 -0.5932004
vn -0.80505496 9.843973E-07 -0.5932003
vn -0.9333431 1.4802802E-06 -0.3589855
vn -0.9333431 1.4802802E-06 -0.35898542
vn -0.9946885 1.6048732E-06 -0.10293139
vn -0.98926675 -0.12622632 -0.073609
vn -0.9845583 -0.17497246 -0.005446205
vn -1 1.6377469E-06 0
vn -0.9337194 -0.35783234 -0.011137912
vn -0.9337194 -0.35783234 -0.011137912
vn -0.22957464 -0.78848296 -0.570605
vn -0.22957467 -0.78848296 -0.5706049
vn -0.2989601 -0.79678583 -0.525124
vn -0.3031897 -0.79711795 -0.5221867
vn -0.4112497 -0.79639524 -0.44342795
vn -0.4103072 -0.79649085 -0.44412878
vn -0.487924 -0.79696274 -0.35606274
vn -0.49229226 -0.7974193 -0.34895656
vn -0.54373366 -0.8164028 -0.19452585
vn -0.5461874 -0.8134177 -0.20007792
vn -0.55408734 -0.82889605 -0.07693236
vn -0.5518628 -0.83152765 -0.063318394
vn -0.5518629 -0.83152765 -0.06331841
vn -0 1 0
vn -0 1 0
vn -0 1 0
vn -0 1 0
vn -0 0 1
vn -0 0 1
vn -0 0 1
vn -0 0 1
vn -0.02639973 -0.99965155 0
vn -0.02639973 -0.99965155 0
vn -0.02639973 -0.99965155 0
vn -0.02639973 -0.99965155 0
vn -1.5568055E-07 -1 0
vn -1.5559303E-07 -1 0
vn -1.5588884E-07 -1 0
vn -1.5538518E-07 -1 0
vn 1.2370579E-07 1 0
vn 1.2370579E-07 1 0
vn -0 1 0
vn -0 1 0
vn -0 1 0
vn -0 1 0
vn -0 1 0
vn -0 1 0
vn 0.003679406 -0.9999498 -0.009320504
vn 0.00162673 -0.9999784 -0.006372676
vn 0.0016267297 -0.9999784 -0.0063726753
vn 0.029591545 -0.9983381 -0.04944997
vn 0.035941597 -0.9978035 -0.055645086
vn 0.045634054 -0.9972626 -0.05818014
vn 0.03976839 -0.9953642 -0.08757064
vn 0.06400517 -0.99673706 -0.049178146
vn 0.07578343 -0.9961702 -0.04360832
vn 0.39749995 0.1915564 -0.897385
vn 0.491797 0.0041686576 -0.87069994
vn 0.7756565 0.0017311468 -0.6311529
vn 0.6936876 0.31661904 -0.64695436
vn 0.9492136 -0.0008691374 -0.31463116
vn 0.8304187 0.38522 -0.4025052
vn 0.369239 0.83933735 -0.39896783
vn 0.24868049 0.7408321 -0.6239597
vn -0 0.94989 -0.31258437
vn 0.09868137 0.564942 -0.8192085
vn -0.0021522047 0.83107907 -0.5561502
vn -0.0041462714 0.65122956 -0.7588695
vn -0 0 -1
vn -0 0 -1
vn -0 0 -1
vn -0 0 -1
vn -0 0 -1
vn 0.31170896 0.95017534 -0.0020445138
vn -0 1 0
vn 1.4080557E-07 1 0
vn 0.355649 0.93461293 -0.003544645
vn 4.6279544E-07 1 0
vn 1.2333906E-07 1 -1.3079159E-07
vn -0 1 -2.012133E-07
vn -1.9223597E-07 1 -2.1972374E-07
vn -5.5715634E-07 1 0
vn 0.79287213 0.6093808 -0.002971643
vn 0.65126705 0.7588366 -0.004271692
vn 0.9160735 0.40100372 -0.0022793282
vn 0.9999925 -0.0018073409 0.0034216736
vn -0.33048278 -0.0011095988 0.9438114
vn -0.33048278 -0.0011095986 0.9438114
vn -0.4869203 -0.00056308333 0.8734462
vn -0.48692027 -0.00056308345 0.8734463
vn -0.6849894 2.9592172E-07 0.728553
vn -0.6849894 2.9592172E-07 0.728553
vn -0.80505496 9.843959E-07 0.59320027
vn -0.80505496 9.843955E-07 0.5932003
vn -0.933343 1.4780398E-06 0.35898563
vn -0.933343 1.47804E-06 0.35898563
vn -0.9946884 1.6026507E-06 0.10293178
vn -0.98926663 0.12622719 0.073609255
vn -0.9845583 0.17497209 0.005446323
vn -1 1.6377454E-06 0
vn -0.9337209 0.3578286 0.011138063
vn -0.9337209 0.3578286 0.011138063
vn -0.22957447 0.78848296 0.57060516
vn -0.22957443 0.78848296 0.5706051
vn -0.2989601 0.79678583 0.52512395
vn -0.3031897 0.79711795 0.5221867
vn -0.41124982 0.7963952 0.44342795
vn -0.41030732 0.7964907 0.4441288
vn -0.48792407 0.7969625 0.356063
vn -0.49229246 0.7974192 0.34895685
vn -0.5437333 0.81640285 0.19452608
vn -0.5461871 0.8134177 0.20007825
vn -0.5540867 0.82889646 0.07693234
vn -0.551862 0.8315281 0.063318305
vn -0.5518621 0.8315281 0.06331832
vn -0 -1 0
vn -0 -1 0
vn -0 -1 0
vn -0 -1 0
vn -0 0 -1
vn -0 0 -1
vn -0 0 -1
vn -0 0 -1
vn -0.02639973 0.99965155 0
vn -0.02639973 0.99965155 0
vn -0.02639973 0.99965155 0
vn -0.02639973 0.99965155 0
vn 1.5568044E-07 1 0
vn 1.5559291E-07 1 0
vn 1.5588874E-07 1 0
vn 1.553851E-07 1 0
vn -0 -1 -1.04428494E-07
vn -0 -1 -1.04428494E-07
vn -0 -1 0
vn -0 -1 0
vn -0 -1 0
vn -0 -1 0
vn -0 -1 0
vn -0 -1 0
vn -1 0 0
vn -1 0 0
vn -1 0 0
vn -1 0 0
vn -1 0 0
vn -1 0 0
vn -1 0 0
vn -1 0 0
vn -1 0 0
vn -1 0 0
vn -1 0 0
vn -1 0 0
vn -1 -2.5987882E-07 0
vn -1 0 -1.022398E-07
vn -1 -2.3259302E-07 0
vn -1 0 -1.0013752E-07
vn -1 -7.916791E-07 0
vn -1 0 0
vn -1 0 0
vn -1 0 0
vn -0 0 -1
vn -0 0 -1
vn -0 0 -1
vn 0.19539976 -0.0017609434 -0.9807222
vn 0.09725943 -0.0008765024 -0.9952586
vn 0.52110744 -0.011668809 -0.8534114
vn -0 0 -1
vn 0.5217626 -0.011709061 -0.85301036
vn 0.7963716 -0.02083636 -0.6044486
vn 0.79879916 -0.020849317 -0.6012364
vn 0.9709635 -0.0028597743 -0.23921074
vn 0.9777134 -0.0029801633 -0.2099227
vn 0.9994499 0.032101218 0.008335757
vn 0.99988294 0.014509914 -0.0048494646
vn 0.9980489 0.056477934 0.026619446
vn 0.0972594 0.00087650213 -0.99525875
vn 0.033901747 -2.597201E-05 -0.9994252
vn 0.050419144 -3.862592E-05 -0.9987281
vn 0.46413597 -0.0022599173 -0.885761
vn 0.46102607 -0.0022408636 -0.88738376
vn 0.92791533 -0.0056460174 -0.37274835
vn 0.9268218 -0.0056347395 -0.37545907
vn 0.99957794 -0.006659389 -0.028278224
vn 0.99964476 -0.0028575184 -0.026498973
vn 0.9062608 -0.0026124613 -0.42271098
vn 0.99964476 0.0028575184 -0.026498973
vn 0.03390174 2.5972002E-05 -0.9994252
vn 0.90626085 0.0026124625 -0.42271084
vn 0.42007765 0 -0.90748817
vn 0.99957794 0.006659389 -0.028278224
vn 0.42007774 0 -0.90748817
vn 0.16441561 0 -0.9863912
vn 0.16441564 0 -0.9863912
vn 0.9268218 0.0056347386 -0.375459
vn 0.92791533 0.0056460164 -0.37274823
vn 0.46102607 0.0022408634 -0.88738376
vn 0.46413592 0.0022599169 -0.88576114
vn 0.050419137 3.862592E-05 -0.9987281
vn 0.19539976 0.0017609433 -0.9807222
vn 0.52110714 0.011668868 -0.85341144
vn 0.5217624 0.011709119 -0.8530105
vn -0 0 -1
vn -0 0 -1
vn 0.79637146 0.020836586 -0.6044488
vn 0.79879904 0.020849545 -0.60123646
vn 0.9709635 0.002859942 -0.23921052
vn 0.9777134 0.0029804884 -0.20992267
vn 0.9994498 -0.032101788 0.008336269
vn 0.99988294 -0.014509605 -0.004849433
vn 0.9980488 -0.056479733 0.026620632
vn -0 0 1
vn -0 0 1
vn -0 0 1
vn -0 0 1
vn -0 0 1
vn -0 0 1
vn -0 0 1
vn -0 0 1
vn -0 0 1
vn -0 0 1
vn -0 0 1
vn -0 0 1
vn -0 0 1
vn -0 0 1
vn -0 0 -1
vn -0 0 -1
vn -0 0 -1
vn -0 0 -1
vn -1 0 0
vn -1 0 0
vn -1 0 0
vn -1 0 0
vn -1 -2.1155773E-07 0
vn -1 -2.1155773E-07 0
vn -1 -2.1155773E-07 9.4451985E-07
vn -1 -2.1155773E-07 9.4451985E-07
vn -0.42718974 0 0.904162
vn -0.5153529 0 0.856978
vn -0.42718974 0 0.904162
vn -0.51535296 0 0.856978
vn -0.6716937 0 0.74082893
vn -0.6716938 0 0.7408289
vn -0.82099336 0 0.5709377
vn -0.82099336 0 0.5709377
vn -0.9505114 0 0.31068957
vn -0.9505114 0 0.31068957
vn -0.9878863 0 0.15517949
vn -0.9878863 0 0.15517949
vn 0.97357607 0 0.22836311
vn 0.97357607 0 0.22836311
vn 0.97357607 0 0.22836311
vn 0.97357607 0 0.22836311
vn 0.65413517 0 -0.75637776
vn 0.75735176 0 -0.6530071
vn 0.65413517 0 -0.75637776
vn 0.75735176 0 -0.6530071
vn 0.9066658 0 -0.4218497
vn 0.9066658 0 -0.42184964
vn 0.9536576 0 -0.30089396
vn 0.9536576 0 -0.30089396
vn 0.19527715 0 -0.98074806
vn 0.19527715 0 -0.98074806
vn 0.19527715 0 -0.98074806
vn 0.19527715 0 -0.98074806
vn 0.003679567 0.9999498 -0.009320522
vn 0.0016269068 0.9999784 -0.0063727116
vn 0.0016269069 0.9999784 -0.0063727116
vn 0.029591572 0.9983381 -0.049449876
vn 0.03594159 0.9978035 -0.055644944
vn 0.04563406 0.9972626 -0.058180124
vn 0.03976839 0.9953642 -0.08757065
vn 0.06400528 0.99673706 -0.049178224
vn 0.0757836 0.9961702 -0.043608394
vn 0.39749983 -0.19155654 -0.897385
vn 0.77565694 -0.0017311086 -0.63115245
vn 0.49179682 -0.0041687223 -0.87069994
vn 0.6936877 -0.31661934 -0.6469541
vn 0.94921404 0.00086927245 -0.31463006
vn 0.8304187 -0.38522035 -0.40250474
vn 0.36923796 -0.8393377 -0.39896816
vn 0.24868053 -0.74083173 -0.62396014
vn -0 -0.9498896 -0.31258553
vn 0.09868136 -0.564942 -0.8192085
vn -0.002152148 -0.83107865 -0.5561507
vn -0.0041462323 -0.65122944 -0.7588695
vn -0 0 -1
vn -0 0 -1
vn -0 0 -1
vn -0 0 -1
vn -0 0 -1
vn 0.31170872 -0.95017546 -0.002044537
vn -1.4080551E-07 -1 0
vn -0 -1 0
vn 0.35564837 -0.9346131 -0.003544511
vn -4.6279564E-07 -1 0
vn -1.2333909E-07 -1 1.3079158E-07
vn -0 -1 2.012133E-07
vn 1.9223597E-07 -1 2.1972374E-07
vn 5.5715645E-07 -1 0
vn 0.79287183 -0.60938114 -0.0029716776
vn 0.65126646 -0.7588371 -0.0042717387
vn 0.91607344 -0.40100417 -0.0022793335
vn 0.9999925 0.0018076207 0.003421677
vn -0.33048287 0.0011094623 0.9438113
vn -0.4869203 0.0005630144 0.8734462
vn -0.33048287 0.0011094623 0.9438113
vn -0.4869203 0.0005630143 0.8734462
vn -0.6849894 2.9592218E-07 0.72855306
vn -0.6849894 2.9592218E-07 0.72855306
vn -0.8050548 9.843968E-07 0.59320045
vn -0.80505496 9.843975E-07 0.5932003
vn -0.9333431 1.4802802E-06 0.3589855
vn -0.9333431 1.4802802E-06 0.35898542
vn -0.9946885 1.6048732E-06 0.10293139
vn -0.98926675 -0.12622632 0.073609
vn -0.9845583 -0.17497246 0.005446205
vn -1 1.6377469E-06 0
vn -0.9337194 -0.35783234 0.011137912
vn -0.9337194 -0.35783234 0.011137912
vn -0.22957464 -0.78848296 0.570605
vn -0.2989601 -0.79678583 0.525124
vn -0.22957467 -0.78848296 0.5706049
vn -0.3031897 -0.79711795 0.52218676
vn -0.4112496 -0.79639524 0.44342795
vn -0.41030708 -0.79649085 0.4441288
vn -0.48792398 -0.79696274 0.35606265
vn -0.49229226 -0.7974193 0.34895658
vn -0.54373366 -0.8164028 0.19452585
vn -0.5461874 -0.8134177 0.20007792
vn -0.55408734 -0.82889605 0.07693236
vn -0.5518628 -0.83152765 0.063318394
vn -0.5518629 -0.83152765 0.06331841
vn -0 1 0
vn -0 1 0
vn -0 1 0
vn -0 1 0
vn -0 0 -1
vn -0 0 -1
vn -0 0 -1
vn -0 0 -1
vn -0.02639973 -0.99965155 0
vn -0.02639973 -0.99965155 0
vn -0.02639973 -0.99965155 0
vn -0.02639973 -0.99965155 0
vn -1.5568055E-07 -1 0
vn -1.5588884E-07 -1 0
vn -1.5559303E-07 -1 0
vn -1.5538518E-07 -1 0
vn 1.2370579E-07 1 0
vn -0 1 0
vn 1.2370579E-07 1 0
vn -0 1 0
vn -0 1 0
vn -0 1 0
vn -0 1 0
vn -0 1 0
vn -1.6976213E-07 1 -1.1002955E-07
vn -6.340992E-07 1 -2.933955E-07
vn -6.3409914E-07 1 -2.9339546E-07
vn -1.1796547E-07 1 0
vn 3.7096973E-07 1 0
vn 4.0591974E-07 1 0
vn 5.340635E-07 1 -1.5100643E-07
vn 4.8496526E-07 1 0
vn 5.662804E-07 1 -2.2573167E-07
vn -0 -1 0
vn 3.1704917E-07 -1 1.4669668E-07
vn 3.1704917E-07 -1 1.4669668E-07
vn -0 -1 0
vn -3.7097024E-07 -1 0
vn -4.059202E-07 -1 0
vn -5.340635E-07 -1 1.5100643E-07
vn -4.8496526E-07 -1 0
vn -5.662804E-07 -1 2.2573167E-07
vn -1.6976213E-07 1 1.1002955E-07
vn -6.3409914E-07 1 2.9339546E-07
vn -6.340992E-07 1 2.933955E-07
vn -1.1796547E-07 1 0
vn 3.7096973E-07 1 0
vn 4.0591974E-07 1 0
vn 5.340635E-07 1 1.5100643E-07
vn 4.8496526E-07 1 0
vn 5.662804E-07 1 2.2573167E-07
vn -0.9999664 0 -0.008206863
vn -0.9999664 0 -0.008206863
vn -0.9620836 0 -0.2727547
vn -0.9620836 0 -0.2727547
vn -0.65439045 -1.15988236E-07 -0.7561568
vn -0.6543904 -1.15988236E-07 -0.7561568
vn -0.38965717 0 -0.92095995
vn -0.38965717 0 -0.92095995
vn -0.99999654 0 -0.0026559986
vn -0.99999654 0 -0.0026559986
vn -0.99999654 0 -0.0026559988
vn -0.99999654 0 -0.0026559988
vn -0.9999664 0 0.008206863
vn -0.9620836 0 0.2727547
vn -0.9999664 0 0.008206863
vn -0.9620836 0 0.2727547
vn -0.65439045 -1.1599546E-07 0.7561568
vn -0.6543904 -1.1599545E-07 0.7561568
vn -0.38965717 0 0.92095995
vn -0.38965717 0 0.92095995
vn -0.99999654 0 0.0026559986
vn -0.99999654 0 0.0026559988
vn -0.99999654 0 0.0026559988
vn -0.99999654 0 0.0026559986
vn 0.28073707 0.95850074 -0.049627893
vn -0.5449279 0.8384829 0
vn 0.4536849 0.8911621 4.6203496E-07
vn -0.5772251 0.816585 0
vn -0.25576288 0.96673954 0
vn 0.28073755 0.9585007 0.049628235
vn -0.99861145 -0.05267952 0
vn -0.5449279 0.8384829 0
vn 0.4536856 0.89116174 0
vn -0.99861145 -0.05267953 0
vn -0.99861145 -0.05267954 0
vn -0.45368558 -0.89116186 0
vn -0.45368558 -0.89116186 0
vn -0.45368564 -0.89116186 0
vn 0.54492754 -0.83848315 2.1181812E-07
vn 0.5117997 -0.85910475 1.8792042E-07
vn 0.5449275 -0.8384832 4.036602E-07
vn 0.9899114 -0.13271181 0.049630035
vn 0.99861145 0.052679185 2.0182978E-07
vn 0.4536856 0.89116174 0
vn 0.28073755 0.9585007 0.049628235
vn 0.7795597 -0.62632793 0
vn 0.9899115 -0.13271146 -0.049629096
vn 0.99861145 0.05267955 8.6569435E-07
vn 0.4536849 0.8911621 4.6203496E-07
vn 0.28073707 0.95850074 -0.049627893
vn -0.31699172 0.4896974 0.8122271
vn -0.5429583 0.8397596 0
vn -0.5429583 0.8397596 0
vn -0.2964094 0.45781997 0.83817804
vn 0.29799163 -0.45678994 0.83817893
vn 0.31876284 -0.48854363 0.8122286
vn 0.5468924 -0.8372029 0
vn 0.5468924 -0.83720297 0
vn 0.31876293 -0.4885435 -0.81222874
vn 0.2979917 -0.45678985 -0.83817905
vn -0.2964093 0.45782003 -0.83817804
vn -0.31699163 0.4896974 -0.8122271
vn -0.5429583 0.8397596 0
vn -0.5429583 0.8397596 0
vn 0.83848315 0.54492754 -3.2298738E-07
vn 0.83848315 0.54492754 -3.2298738E-07
vn 0.83848315 0.54492754 0
vn 0.83848315 0.5449275 0
vn 0.83848315 0.54492754 3.2298738E-07
vn 0.83848315 0.54492754 3.2298738E-07
vn -0.28073707 0.95850074 -0.049627893
vn -0.4536849 0.8911621 4.6203496E-07
vn 0.5449279 0.8384829 0
vn 0.5772251 0.816585 0
vn 0.25576288 0.96673954 0
vn -0.28073755 0.9585007 0.049628235
vn 0.99861145 -0.05267954 0
vn 0.5449279 0.8384829 0
vn -0.4536856 0.89116174 0
vn 0.99861145 -0.05267953 0
vn 0.99861145 -0.0526795 0
vn 0.45368558 -0.89116186 0
vn 0.45368558 -0.89116186 0
vn 0.45368558 -0.89116186 0
vn -0.54492754 -0.83848315 2.1181812E-07
vn -0.5117997 -0.85910475 1.8792042E-07
vn -0.5449275 -0.8384832 4.0366024E-07
vn -0.9899114 -0.13271181 0.049630035
vn -0.99861145 0.052679166 2.0182978E-07
vn -0.4536856 0.89116174 0
vn -0.28073755 0.9585007 0.049628235
vn -0.7795597 -0.62632793 0
vn -0.9899114 -0.13271147 -0.04962909
vn -0.99861145 0.05267951 8.656946E-07
vn -0.4536849 0.8911621 4.6203496E-07
vn -0.28073707 0.95850074 -0.049627893
vn 0.3169919 0.48969725 0.8122271
vn 0.5429586 0.8397595 0
vn 0.5429586 0.8397595 -1.4471905E-07
vn 0.2964096 0.4578199 0.8381779
vn -0.29799178 -0.45678982 0.83817905
vn -0.3187631 -0.48854366 0.8122285
vn -0.54689264 -0.8372028 0
vn -0.54689264 -0.8372028 0
vn -0.31876326 -0.4885436 -0.8122285
vn -0.29799187 -0.45678973 -0.83817893
vn 0.29640943 0.4578199 -0.8381779
vn 0.31699166 0.4896971 -0.81222713
vn 0.5429586 0.8397595 0
vn 0.5429586 0.8397595 -1.4471905E-07
vn -0.8384832 0.5449275 -3.2298732E-07
vn -0.83848315 0.54492754 0
vn -0.8384832 0.5449275 -3.2298732E-07
vn -0.83848315 0.5449275 0
vn -0.83848315 0.54492754 3.2298738E-07
vn -0.83848315 0.54492754 3.2298738E-07
vn 0.04962934 -0.48174143 -0.87490696
vn -0 -0.97880554 -0.20479192
vn -0 -0.3120465 -0.9500668
vn -0 -0.98605007 -0.16644855
vn -0 -0.86586773 -0.500273
vn -0.04962935 -0.48174143 -0.87490696
vn -0 -0.6667562 0.7452759
vn -0 -0.97880554 -0.20479189
vn -0 -0.31204662 -0.9500668
vn -0 -0.6667563 0.74527586
vn -0 -0.6667563 0.74527586
vn -0 0.31204858 0.95006615
vn -0 0.31204852 0.95006615
vn -0 0.31204867 0.95006615
vn -0 0.97880566 0.20479128
vn -0 0.9700706 0.24282314
vn -0 0.9788057 0.20479126
vn -0.04962955 0.7920871 -0.6083872
vn -0 0.66675735 -0.74527484
vn -0 -0.31204662 -0.9500668
vn -0.04962935 -0.48174143 -0.87490696
vn -0 0.9938006 -0.111177064
vn 0.049629558 0.792087 -0.60838723
vn -0 0.6667574 -0.7452748
vn -0 -0.3120465 -0.9500668
vn 0.04962934 -0.48174143 -0.87490696
vn -0.81133723 -0.5717642 -0.12172767
vn -0 -0.97786224 -0.20924978
vn -0 -0.97786224 -0.20924978
vn -0.83894235 -0.53230983 -0.11323411
vn -0.8389427 0.5330555 0.10966802
vn -0.8113377 0.57260525 0.11770418
vn -0 0.97972864 0.20032915
vn -0 0.97972864 0.2003292
vn 0.8113379 0.5726051 0.1177042
vn 0.83894277 0.53305525 0.10966804
vn 0.8389423 -0.53231 -0.113234095
vn 0.8113372 -0.5717643 -0.12172765
vn -0 -0.97786224 -0.20924978
vn -0 -0.97786224 -0.20924978
vn -1.1542827E-06 0.20479111 -0.9788057
vn -1.1542827E-06 0.20479113 -0.9788057
vn -0 0.20479113 -0.9788057
vn -0 0.20479111 -0.9788057
vn 1.1542827E-06 0.2047911 -0.9788057
vn 1.1542827E-06 0.2047911 -0.9788057
vn 0.38268414 0 -0.9238792
vn -0 0 -1
vn -0 0 -1
vn 0.38268414 0 -0.9238792
vn 0.7071073 0 -0.70710623
vn 0.7071073 0 -0.70710623
vn 0.9238798 0 -0.38268268
vn 0.9238798 0 -0.38268268
vn 1 0 2.6115E-07
vn 1 0 2.6115E-07
vn 0.9238796 0 0.38268325
vn 0.9238796 0 0.38268325
vn 0.7071066 0 0.70710695
vn 0.7071066 0 0.7071069
vn 0.3826825 0 0.9238799
vn 0.38268244 0 0.9238799
vn -4.0623334E-07 0 1
vn -4.1590556E-07 0 1
vn -0.38268325 0 0.9238796
vn -0.38268328 0 0.9238796
vn -0.707107 0 0.70710653
vn -0.70710695 0 0.7071066
vn -0.9238795 0 0.38268355
vn -0.9238795 0 0.38268355
vn -1 0 1.257389E-07
vn -1 0 1.257389E-07
vn -0.92387944 0 -0.38268384
vn -0.92387944 0 -0.38268384
vn -0.7071065 0 -0.707107
vn -0.7071065 0 -0.70710707
vn -0.3826836 0 -0.92387944
vn -0.3826836 0 -0.92387944
vn -0 0 -1
vn -0 0 -1
vn -0 -1 0
vn -0 -1 0
vn -0 -1 0
vn -1.8347787E-07 -1 0
vn -1.8347778E-07 -1 0
vn -2.1066316E-07 -1 0
vn -2.1066316E-07 -1 0
vn -1.9796646E-07 -1 0
vn -1.9796647E-07 -1 0
vn -2.1066316E-07 -1 0
vn -2.1066313E-07 -1 0
vn -1.8347774E-07 -1 0
vn -1.8347775E-07 -1 0
vn -0 -1 0
vn -0 -1 0
vn -0 -1 0
vn -0 1 0
vn -0 1 0
vn -0 1 0
vn 3.6695553E-07 1 0
vn 3.6695556E-07 1 0
vn 1.6679802E-07 1 0
vn 1.667979E-07 1 0
vn -0 1 0
vn -0 1 0
vn 1.6679803E-07 1 0
vn 1.667979E-07 1 0
vn 3.6695556E-07 1 0
vn 3.6695548E-07 1 0
vn -0 1 0
vn -0 1 0
vn -0 1 0
vn 0.28073707 -0.95850074 -0.049627893
vn 0.4536849 -0.8911621 4.6203496E-07
vn -0.5449279 -0.8384829 0
vn -0.5772251 -0.816585 0
vn -0.25576288 -0.96673954 0
vn 0.28073755 -0.9585007 0.049628235
vn -0.99861145 0.05267954 0
vn -0.5449279 -0.8384829 0
vn 0.4536856 -0.89116174 0
vn -0.99861145 0.05267953 0
vn -0.99861145 0.0526795 0
vn -0.45368558 0.89116186 0
vn -0.45368558 0.89116186 0
vn -0.45368558 0.89116186 0
vn 0.54492754 0.83848315 2.1181812E-07
vn 0.5117997 0.85910475 1.8792042E-07
vn 0.5449275 0.8384832 4.0366024E-07
vn 0.9899114 0.13271181 0.049630035
vn 0.99861145 -0.052679166 2.0182978E-07
vn 0.4536856 -0.89116174 0
vn 0.28073755 -0.9585007 0.049628235
vn 0.7795597 0.62632793 0
vn 0.9899114 0.13271147 -0.04962909
vn 0.99861145 -0.05267951 8.656946E-07
vn 0.4536849 -0.8911621 4.6203496E-07
vn 0.28073707 -0.95850074 -0.049627893
vn -0.3169919 -0.48969725 0.8122271
vn -0.5429586 -0.8397595 0
vn -0.5429586 -0.8397595 -1.4471905E-07
vn -0.2964096 -0.4578199 0.8381779
vn 0.29799178 0.45678982 0.83817905
vn 0.3187631 0.48854366 0.8122285
vn 0.54689264 0.8372028 0
vn 0.54689264 0.8372028 0
vn 0.31876326 0.4885436 -0.8122285
vn 0.29799187 0.45678973 -0.83817893
vn -0.29640943 -0.4578199 -0.8381779
vn -0.31699166 -0.4896971 -0.81222713
vn -0.5429586 -0.8397595 0
vn -0.5429586 -0.8397595 -1.4471905E-07
vn 0.8384832 -0.5449275 -3.2298732E-07
vn 0.83848315 -0.54492754 0
vn 0.8384832 -0.5449275 -3.2298732E-07
vn 0.83848315 -0.5449275 0
vn 0.83848315 -0.54492754 3.2298738E-07
vn 0.83848315 -0.54492754 3.2298738E-07
vn -0.28073707 -0.95850074 -0.049627893
vn 0.5449279 -0.8384829 0
vn -0.4536849 -0.8911621 4.6203496E-07
vn 0.5772251 -0.816585 0
vn 0.25576288 -0.96673954 0
vn -0.28073755 -0.9585007 0.049628235
vn 0.99861145 0.05267952 0
vn 0.5449279 -0.8384829 0
vn -0.4536856 -0.89116174 0
vn 0.99861145 0.05267953 0
vn 0.99861145 0.05267954 0
vn 0.45368558 0.89116186 0
vn 0.45368558 0.89116186 0
vn 0.45368564 0.89116186 0
vn -0.54492754 0.83848315 2.1181812E-07
vn -0.5117997 0.85910475 1.8792042E-07
vn -0.5449275 0.8384832 4.036602E-07
vn -0.9899114 0.13271181 0.049630035
vn -0.99861145 -0.052679185 2.0182978E-07
vn -0.4536856 -0.89116174 0
vn -0.28073755 -0.9585007 0.049628235
vn -0.7795597 0.62632793 0
vn -0.9899115 0.13271146 -0.049629096
vn -0.99861145 -0.05267955 8.6569435E-07
vn -0.4536849 -0.8911621 4.6203496E-07
vn -0.28073707 -0.95850074 -0.049627893
vn 0.31699172 -0.4896974 0.8122271
vn 0.5429583 -0.8397596 0
vn 0.5429583 -0.8397596 0
vn 0.2964094 -0.45781997 0.83817804
vn -0.29799163 0.45678994 0.83817893
vn -0.31876284 0.48854363 0.8122286
vn -0.5468924 0.8372029 0
vn -0.5468924 0.83720297 0
vn -0.31876293 0.4885435 -0.81222874
vn -0.2979917 0.45678985 -0.83817905
vn 0.2964093 -0.45782003 -0.83817804
vn 0.31699163 -0.4896974 -0.8122271
vn 0.5429583 -0.8397596 0
vn 0.5429583 -0.8397596 0
vn -0.83848315 -0.54492754 -3.2298738E-07
vn -0.83848315 -0.54492754 -3.2298738E-07
vn -0.83848315 -0.54492754 0
vn -0.83848315 -0.5449275 0
vn -0.83848315 -0.54492754 3.2298738E-07
vn -0.83848315 -0.54492754 3.2298738E-07
vn 0.04962934 -0.48174143 0.87490696
vn -0 -0.3120465 0.9500668
vn -0 -0.97880554 0.20479192
vn -0 -0.98605007 0.16644855
vn -0 -0.86586773 0.500273
vn -0.049629346 -0.4817414 0.87490696
vn -0 -0.6667562 -0.7452759
vn -0 -0.97880554 0.20479193
vn -0 -0.31204656 0.9500668
vn -0 -0.6667562 -0.7452759
vn -0 -0.66675633 -0.74527586
vn -0 0.31204858 -0.95006615
vn -0 0.31204852 -0.95006615
vn -0 0.31204864 -0.95006615
vn -0 0.97880566 -0.20479128
vn -0 0.9700706 -0.24282314
vn -0 0.9788057 -0.20479126
vn -0.04962955 0.7920871 0.6083872
vn -0 0.66675735 0.74527484
vn -0 -0.31204656 0.9500668
vn -0.049629346 -0.4817414 0.87490696
vn -0 0.9938006 0.111177064
vn 0.049629558 0.792087 0.60838723
vn -0 0.6667574 0.7452748
vn -0 -0.3120465 0.9500668
vn 0.04962934 -0.48174143 0.87490696
vn -0.81133723 -0.5717642 0.12172767
vn -0 -0.97786224 0.20924973
vn -0 -0.97786224 0.20924976
vn -0.83894235 -0.5323098 0.113234095
vn -0.8389427 0.5330555 -0.10966802
vn -0.8113377 0.57260525 -0.11770418
vn -0 0.97972864 -0.20032915
vn -0 0.97972864 -0.2003292
vn 0.8113379 0.5726051 -0.1177042
vn 0.83894277 0.53305525 -0.10966804
vn 0.8389423 -0.53231007 0.11323407
vn 0.8113372 -0.5717643 0.12172765
vn -0 -0.97786224 0.20924973
vn -0 -0.97786224 0.20924976
vn -1.1542827E-06 0.20479111 0.9788057
vn -0 0.20479113 0.9788057
vn -1.1542827E-06 0.20479113 0.9788057
vn -0 0.20479111 0.9788057
vn 1.1542827E-06 0.2047911 0.9788057
vn 1.1542827E-06 0.2047911 0.9788057
vn -0 0.30263925 -0.95310515
vn -0 0 -1
vn -0 0 -1
vn -0 0.3026385 -0.95310545
vn -0 0.8832534 -0.46889612
vn -0 0.8832539 -0.46889523
vn -0 0.8948571 -0.44635263
vn -0 0.89485615 -0.4463547
vn -0 0.3267048 -0.9451265
vn -0 0.32670242 -0.9451272
vn -0 -0.32670477 -0.9451265
vn -0 -0.32670242 -0.9451272
vn -0 -0.89485615 -0.4463547
vn -0 -0.8948571 -0.44635263
vn -0 -0.8832539 -0.46889523
vn -0 -0.8832534 -0.46889612
vn -0 -0.30263922 -0.9531052
vn -0 -0.30263856 -0.95310545
vn -0 0 -1
vn -0 0 -1
vn -0 -0.32823458 0.94459623
vn -0 0 1
vn -0 0 1
vn -0 -0.32823333 0.9445967
vn -0 -0.9000262 0.43583578
vn -0 -0.9000266 0.43583494
vn -0 -0.8887267 0.45843732
vn -0 -0.8887259 0.45843908
vn -0 -0.30425858 0.9525895
vn -0 -0.30425856 0.9525895
vn -0 0.30425858 0.9525895
vn -0 0.30425856 0.9525895
vn -0 0.8887259 0.45843908
vn -0 0.8887267 0.45843732
vn -0 0.9000266 0.435835
vn -0 0.90002614 0.4358358
vn -0 0.32823324 0.9445967
vn -0 0.32823458 0.94459623
vn -0 0 1
vn -0 0 1
vn -1 -6.807198E-06 -8.5744605E-06
vn -1 -7.0253805E-07 -5.6225454E-06
vn -1 -6.807198E-06 -8.5744605E-06
vn -1 3.1349416E-06 -3.7669279E-06
vn -1 2.2987456E-06 8.677099E-07
vn -1 4.5532092E-06 0
vn -1 -1.8755848E-06 9.022606E-06
vn -1 -1.8117346E-06 1.1928316E-05
vn -1 -1.0669668E-06 1.6780255E-05
vn -1 -5.769128E-07 1.5990967E-05
vn -1 7.6076867E-07 1.5990969E-05
vn -1 1.1693874E-06 1.6780255E-05
vn -1 1.8755848E-06 9.022607E-06
vn -1 1.8117348E-06 1.1928318E-05
vn -1 -2.2987456E-06 8.6770973E-07
vn -1 -4.5532092E-06 0
vn -1 -2.9709277E-06 -3.8364624E-06
vn -1 9.876283E-07 -5.743411E-06
vn -1 7.284896E-06 -8.776984E-06
vn -1 7.284896E-06 -8.776984E-06
vn 1 -7.1654705E-07 -3.037864E-07
vn 1 -7.1654705E-07 -3.037864E-07
vn 1 -1.05418145E-07 0
vn 1 2.787466E-07 1.2433526E-07
vn 1 2.2632238E-07 2.7168483E-07
vn 1 4.4032532E-07 3.002643E-07
vn 1 -4.0357318E-07 5.269148E-07
vn 1 -4.998135E-07 6.6264283E-07
vn 1 -5.118142E-07 1.1451222E-06
vn 1 -3.674394E-07 1.3116753E-06
vn 1 1.8358354E-07 1.3116752E-06
vn 1 4.093936E-07 1.1451222E-06
vn 1 4.0357315E-07 5.269148E-07
vn 1 4.998134E-07 6.626428E-07
vn 1 -2.2632238E-07 2.7168483E-07
vn 1 -4.4032532E-07 3.002643E-07
vn 1 -4.4276038E-07 1.9387038E-07
vn 1 -1.7967191E-07 0
vn 1 2.3884905E-07 -1.01262145E-07
vn 1 2.3884905E-07 -1.01262145E-07
vn -0 0.30263922 -0.9531052
vn -0 0 -1
vn -0 0 -1
vn -0 0.30263856 -0.95310545
vn -0 0.8832534 -0.46889612
vn -0 0.8832539 -0.46889523
vn -0 0.8948571 -0.44635257
vn -0 0.89485615 -0.44635466
vn -0 0.3267048 -0.9451265
vn -0 0.32670245 -0.9451272
vn -0 -0.3267048 -0.9451265
vn -0 -0.32670242 -0.9451272
vn -0 -0.89485615 -0.4463547
vn -0 -0.8948571 -0.44635263
vn -0 -0.8832539 -0.46889523
vn -0 -0.8832534 -0.46889612
vn -0 -0.30263925 -0.95310515
vn -0 -0.3026385 -0.95310545
vn -0 0 -1
vn -0 0 -1
vn -0 -0.32823464 0.94459623
vn -0 0 1
vn -0 0 1
vn -0 -0.32823324 0.9445967
vn -0 -0.9000262 0.43583578
vn -0 -0.9000266 0.43583494
vn -0 -0.8887267 0.45843732
vn -0 -0.8887259 0.45843908
vn -0 -0.30425856 0.9525895
vn -0 -0.30425858 0.9525895
vn -0 0.30425856 0.9525895
vn -0 0.30425858 0.9525895
vn -0 0.8887259 0.45843908
vn -0 0.8887267 0.45843732
vn -0 0.9000266 0.43583494
vn -0 0.9000262 0.43583578
vn -0 0.32823333 0.9445967
vn -0 0.32823458 0.94459623
vn -0 0 1
vn -0 0 1
vn 1 -7.284896E-06 -8.776984E-06
vn 1 -7.284896E-06 -8.776984E-06
vn 1 -9.876283E-07 -5.743411E-06
vn 1 2.9709277E-06 -3.8364624E-06
vn 1 2.2987456E-06 8.677099E-07
vn 1 4.5532092E-06 0
vn 1 -1.8755848E-06 9.022607E-06
vn 1 -1.8117348E-06 1.1928318E-05
vn 1 -1.1693874E-06 1.6780255E-05
vn 1 -7.6076867E-07 1.5990969E-05
vn 1 5.769128E-07 1.5990967E-05
vn 1 1.0669668E-06 1.6780255E-05
vn 1 1.8755844E-06 9.022605E-06
vn 1 1.8117344E-06 1.1928316E-05
vn 1 -2.2987458E-06 8.677097E-07
vn 1 -4.5532092E-06 0
vn 1 -3.1349416E-06 -3.7669279E-06
vn 1 7.0253805E-07 -5.6225454E-06
vn 1 6.807198E-06 -8.5744605E-06
vn 1 6.807198E-06 -8.5744605E-06
vn -1 -2.3884905E-07 -1.01262145E-07
vn -1 1.7967191E-07 0
vn -1 -2.3884905E-07 -1.01262145E-07
vn -1 4.4276038E-07 1.9387038E-07
vn -1 2.2632238E-07 2.7168483E-07
vn -1 4.4032532E-07 3.002643E-07
vn -1 -4.0357318E-07 5.269148E-07
vn -1 -4.9981344E-07 6.626428E-07
vn -1 -4.093936E-07 1.1451222E-06
vn -1 -1.8358354E-07 1.3116752E-06
vn -1 3.674394E-07 1.3116753E-06
vn -1 5.118142E-07 1.1451222E-06
vn -1 4.0357318E-07 5.269148E-07
vn -1 4.998135E-07 6.6264283E-07
vn -1 -2.2632238E-07 2.7168483E-07
vn -1 -4.4032532E-07 3.002643E-07
vn -1 -2.787466E-07 1.2433526E-07
vn -1 1.05418145E-07 0
vn -1 7.1654705E-07 -3.037864E-07
vn -1 7.1654705E-07 -3.037864E-07
vn -0 0.30263925 0.95310515
vn -0 0 1
vn -0 0 1
vn -0 0.3026385 0.95310545
vn -0 0.8832534 0.46889612
vn -0 0.8832539 0.46889523
vn -0 0.8948571 0.44635257
vn -0 0.89485615 0.44635466
vn -0 0.32670486 0.9451265
vn -0 0.32670242 0.9451272
vn -0 -0.32670477 0.9451265
vn -0 -0.32670242 0.9451272
vn -0 -0.89485615 0.4463547
vn -0 -0.8948571 0.44635263
vn -0 -0.8832539 0.46889523
vn -0 -0.8832534 0.46889612
vn -0 -0.30263922 0.9531052
vn -0 -0.30263856 0.95310545
vn -0 0 1
vn -0 0 1
vn -0 -0.32823458 -0.94459623
vn -0 0 -1
vn -0 0 -1
vn -0 -0.32823333 -0.9445967
vn -0 -0.9000262 -0.43583578
vn -0 -0.9000266 -0.43583494
vn -0 -0.8887267 -0.45843732
vn -0 -0.8887259 -0.45843908
vn -0 -0.30425858 -0.9525895
vn -0 -0.30425856 -0.9525895
vn -0 0.30425858 -0.9525895
vn -0 0.30425856 -0.9525895
vn -0 0.8887259 -0.45843908
vn -0 0.8887267 -0.45843732
vn -0 0.9000266 -0.43583494
vn -0 0.9000262 -0.43583578
vn -0 0.32823324 -0.9445967
vn -0 0.32823464 -0.94459623
vn -0 0 -1
vn -0 0 -1
vn -1 -6.807197E-06 8.5744605E-06
vn -1 -6.807197E-06 8.5744605E-06
vn -1 -7.0253753E-07 5.6225454E-06
vn -1 3.134942E-06 3.7669279E-06
vn -1 2.2987456E-06 -8.677099E-07
vn -1 4.5532092E-06 0
vn -1 -1.8755848E-06 -9.022607E-06
vn -1 -1.8117348E-06 -1.1928318E-05
vn -1 -1.0669668E-06 -1.6780255E-05
vn -1 -5.7691284E-07 -1.5990969E-05
vn -1 7.607685E-07 -1.5990967E-05
vn -1 1.1693874E-06 -1.6780255E-05
vn -1 1.8755844E-06 -9.022605E-06
vn -1 1.8117344E-06 -1.1928316E-05
vn -1 -2.2987458E-06 -8.677097E-07
vn -1 -4.5532092E-06 0
vn -1 -2.970928E-06 3.8364624E-06
vn -1 9.876277E-07 5.743411E-06
vn -1 7.284895E-06 8.776984E-06
vn -1 7.284895E-06 8.776984E-06
vn 1 -7.1654716E-07 3.0378644E-07
vn 1 -1.0541819E-07 0
vn 1 -7.1654716E-07 3.0378644E-07
vn 1 2.7874657E-07 -1.2433526E-07
vn 1 2.2632238E-07 -2.7168483E-07
vn 1 4.4032532E-07 -3.002643E-07
vn 1 -4.0357318E-07 -5.269148E-07
vn 1 -4.9981344E-07 -6.626428E-07
vn 1 -5.118142E-07 -1.1451222E-06
vn 1 -3.6743938E-07 -1.311675E-06
vn 1 1.8358357E-07 -1.3116752E-06
vn 1 4.093936E-07 -1.1451222E-06
vn 1 4.0357318E-07 -5.269148E-07
vn 1 4.998135E-07 -6.6264283E-07
vn 1 -2.2632238E-07 -2.7168483E-07
vn 1 -4.4032532E-07 -3.002643E-07
vn 1 -4.4276047E-07 -1.9387038E-07
vn 1 -1.7967196E-07 0
vn 1 2.3884903E-07 1.0126214E-07
vn 1 2.3884903E-07 1.0126214E-07
vn -0 0.30263922 0.9531052
vn -0 0 1
vn -0 0 1
vn -0 0.30263856 0.95310545
vn -0 0.8832534 0.46889612
vn -0 0.8832539 0.46889523
vn -0 0.8948571 0.44635263
vn -0 0.89485615 0.4463547
vn -0 0.32670477 0.9451265
vn -0 0.32670242 0.9451272
vn -0 -0.3267048 0.9451265
vn -0 -0.32670242 0.9451272
vn -0 -0.89485615 0.4463547
vn -0 -0.8948571 0.44635263
vn -0 -0.8832539 0.46889523
vn -0 -0.8832534 0.46889612
vn -0 -0.30263925 0.95310515
vn -0 -0.3026385 0.95310545
vn -0 0 1
vn -0 0 1
vn -0 -0.32823464 -0.94459623
vn -0 0 -1
vn -0 0 -1
vn -0 -0.32823324 -0.9445967
vn -0 -0.9000262 -0.43583578
vn -0 -0.9000266 -0.43583494
vn -0 -0.8887267 -0.45843732
vn -0 -0.8887259 -0.45843908
vn -0 -0.30425856 -0.9525895
vn -0 -0.30425858 -0.9525895
vn -0 0.30425856 -0.9525895
vn -0 0.30425858 -0.9525895
vn -0 0.8887259 -0.45843908
vn -0 0.8887267 -0.45843732
vn -0 0.9000266 -0.43583494
vn -0 0.9000262 -0.43583578
vn -0 0.32823333 -0.9445967
vn -0 0.32823458 -0.94459623
vn -0 0 -1
vn -0 0 -1
vn 1 -7.284895E-06 8.776984E-06
vn 1 -9.876277E-07 5.743411E-06
vn 1 -7.284895E-06 8.776984E-06
vn 1 2.970928E-06 3.8364624E-06
vn 1 2.2987456E-06 -8.677099E-07
vn 1 4.5532092E-06 0
vn 1 -1.8755848E-06 -9.022606E-06
vn 1 -1.8117346E-06 -1.1928316E-05
vn 1 -1.1693874E-06 -1.6780255E-05
vn 1 -7.607685E-07 -1.5990967E-05
vn 1 5.7691284E-07 -1.5990969E-05
vn 1 1.0669668E-06 -1.6780255E-05
vn 1 1.8755848E-06 -9.022607E-06
vn 1 1.8117348E-06 -1.1928318E-05
vn 1 -2.2987456E-06 -8.6770973E-07
vn 1 -4.5532092E-06 0
vn 1 -3.134942E-06 3.7669279E-06
vn 1 7.0253753E-07 5.6225454E-06
vn 1 6.807197E-06 8.5744605E-06
vn 1 6.807197E-06 8.5744605E-06
vn -1 -2.3884903E-07 1.0126214E-07
vn -1 -2.3884903E-07 1.0126214E-07
vn -1 1.7967196E-07 0
vn -1 4.4276047E-07 -1.9387038E-07
vn -1 2.2632238E-07 -2.7168483E-07
vn -1 4.4032532E-07 -3.002643E-07
vn -1 -4.0357318E-07 -5.269148E-07
vn -1 -4.998135E-07 -6.6264283E-07
vn -1 -4.093936E-07 -1.1451222E-06
vn -1 -1.8358357E-07 -1.3116753E-06
vn -1 3.6743938E-07 -1.3116752E-06
vn -1 5.118142E-07 -1.1451222E-06
vn -1 4.0357315E-07 -5.269148E-07
vn -1 4.998134E-07 -6.626428E-07
vn -1 -2.2632238E-07 -2.7168483E-07
vn -1 -4.4032532E-07 -3.002643E-07
vn -1 -2.7874657E-07 -1.2433526E-07
vn -1 1.0541819E-07 0
vn -1 7.1654716E-07 3.0378644E-07
vn -1 7.1654716E-07 3.0378644E-07
vn 0.90523684 0 0.42490736
vn 0.90725917 0 0.420572
vn 0.90725917 0 0.42057207
vn 0.90523684 0 0.42490742
vn 0.9031471 0 0.42933133
vn 0.9031471 0 0.42933133
vn 0.90544957 0 0.4244539
vn 0.90544957 0 0.4244539
vn 0.0056489096 0.99997973 0.0029284053
vn 0.024539521 0.9995943 0.014463776
vn -0.04184285 0.9823821 0.18213846
vn -0.042562105 0.9817949 0.1851141
vn -0.25062364 0.74734885 0.61535156
vn 0.02739601 0.9993955 0.02140285
vn 0.025305236 0.99943024 0.02233325
vn -0.25321162 0.74225825 0.62043256
vn -0.39156663 0.23764232 0.8889329
vn -0.39168653 0.23653829 0.88917446
vn -0.39168662 -0.23653835 0.88917446
vn -0.39156675 -0.23764223 0.8889329
vn -0.25321186 -0.74225825 0.6204325
vn -0.2506239 -0.74734885 0.61535144
vn -0.042562496 -0.9817949 0.18511398
vn -0.041843247 -0.9823821 0.18213837
vn 0.024539176 -0.9995943 0.014463759
vn 0.0056488714 -0.99997973 0.0029285613
vn 0.02739535 -0.9993955 0.021402584
vn 0.025304493 -0.99943024 0.022332909
vn -0.90804 0 -0.41888338
vn -0.90804 0 -0.41888335
vn -0.90804 0 -0.41888332
vn -0.90804 0 -0.41888335
vn 0.28572416 0.030460399 -0.9578277
vn 0.2857242 0.030460399 -0.9578277
vn 0.28572416 0.030460399 -0.9578277
vn 0.28572416 0.030460397 -0.9578277
vn -0.087824136 0.9931166 -0.077498995
vn -0.087824136 0.9931166 -0.077498995
vn -0.087824136 0.9931166 -0.077498995
vn -0.087824136 0.9931166 -0.077498995
vn -0.90804 0 -0.41888332
vn -0.90804 0 -0.41888335
vn -0.90804 0 -0.41888335
vn -0.90804 0 -0.41888335
vn 0.28572416 -0.030460397 -0.9578277
vn 0.28572413 -0.030460399 -0.9578277
vn 0.28572413 -0.030460397 -0.9578277
vn 0.28572413 -0.030460397 -0.9578277
vn -0.08782453 -0.9931166 -0.07749899
vn -0.08782452 -0.9931166 -0.07749899
vn -0.08782452 -0.9931166 -0.07749898
vn -0.08782452 -0.9931166 -0.07749898
vn -0.9087329 -0.00030249986 -0.41737804
vn -0.90899485 0 -0.41680735
vn -0.90899485 0 -0.41680735
vn -0.9087329 0.00030252294 -0.41737804
vn -0.91049916 -4.0997442E-05 -0.4135108
vn -0.9086275 -0.0009995906 -0.41760638
vn -0.9104992 4.100057E-05 -0.41351077
vn -0.9086275 0.0009996668 -0.4176063
vn -0.90765387 0 -0.41971952
vn -0.90765387 0 -0.41971952
vn -0.88467664 0 -0.46620518
vn -0.88467664 0 -0.46620518
vn -0.90523684 0 0.42490742
vn -0.90725917 0 0.420572
vn -0.90725917 0 0.42057207
vn -0.90523684 0 0.42490736
vn -0.9031471 0 0.4293313
vn -0.9031471 0 0.4293313
vn -0.90544957 0 0.4244539
vn -0.90544957 0 0.4244539
vn -0.0056488714 0.99997973 0.0029285613
vn 0.041843247 0.9823821 0.18213837
vn -0.024539176 0.9995943 0.014463759
vn 0.042562496 0.9817949 0.18511398
vn 0.2506239 0.74734885 0.61535144
vn -0.02739535 0.9993955 0.021402584
vn -0.025304493 0.99943024 0.022332909
vn 0.25321186 0.74225825 0.6204325
vn 0.39156675 0.23764226 0.8889329
vn 0.39168662 0.23653835 0.88917446
vn 0.39168656 -0.23653832 0.8891746
vn 0.39156663 -0.23764232 0.8889329
vn 0.25321165 -0.7422582 0.6204326
vn 0.25062364 -0.74734885 0.61535156
vn 0.042562116 -0.9817949 0.1851141
vn 0.041842863 -0.9823821 0.18213846
vn -0.024539521 -0.9995943 0.014463776
vn -0.0056489096 -0.99997973 0.0029284053
vn -0.02739601 -0.9993955 0.02140285
vn -0.025305236 -0.99943024 0.02233325
vn 0.90804 0 -0.41888335
vn 0.90804 0 -0.41888335
vn 0.90804 0 -0.41888332
vn 0.90804 0 -0.41888335
vn -0.28572413 0.030460397 -0.9578277
vn -0.28572413 0.030460397 -0.9578277
vn -0.28572413 0.030460393 -0.9578277
vn -0.28572413 0.030460393 -0.9578277
vn 0.08782453 0.9931166 -0.077498995
vn 0.08782452 0.9931166 -0.07749899
vn 0.08782453 0.9931166 -0.077498995
vn 0.08782453 0.9931166 -0.07749899
vn 0.90804 0 -0.41888332
vn 0.90804 0 -0.41888335
vn 0.90804 0 -0.41888338
vn 0.90804 0 -0.41888335
vn -0.28572413 -0.030460397 -0.9578277
vn -0.28572413 -0.030460397 -0.9578277
vn -0.28572413 -0.030460397 -0.9578277
vn -0.28572413 -0.030460399 -0.9578277
vn 0.087824136 -0.9931166 -0.077498995
vn 0.08782415 -0.9931166 -0.077498995
vn 0.08782415 -0.9931166 -0.077498995
vn 0.08782415 -0.9931166 -0.077498995
vn 0.9087329 -0.00030249992 -0.41737807
vn 0.90899485 0 -0.41680738
vn 0.90899485 0 -0.41680735
vn 0.9087329 0.000302523 -0.41737807
vn 0.91049916 -4.0997442E-05 -0.4135108
vn 0.9086275 -0.0009995905 -0.41760638
vn 0.9104992 4.1000585E-05 -0.41351077
vn 0.9086275 0.000999667 -0.41760638
vn 0.90765387 0 -0.41971952
vn 0.90765387 0 -0.41971952
vn 0.88467664 0 -0.46620524
vn 0.88467664 0 -0.46620524
vn -0 0.86680824 0.49864158
vn -0 0.8691828 0.4944908
vn -0 0.8691828 0.4944908
vn -0 0.86680824 0.4986415
vn -0 0.86435777 0.5028774
vn -0 0.86435777 0.50287735
vn -0 0.8670509 0.49821958
vn -0 0.86705095 0.49821955
vn -0.99997973 0.0053863637 0.0033877762
vn -0.9995943 0.023253117 0.016452495
vn -0.98238236 -0.05682944 0.17803203
vn -0.981795 -0.057793505 0.18093778
vn -0.74734885 -0.3008793 0.59240305
vn -0.9993955 0.02552332 0.023604907
vn -0.99943024 0.023362553 0.024358412
vn -0.7422583 -0.3038804 0.5972515
vn -0.2376413 -0.4640641 0.85332954
vn -0.23653816 -0.4642035 0.85356015
vn 0.23653825 -0.46420354 0.85356003
vn 0.23764132 -0.46406412 0.8533294
vn 0.74225837 -0.30388054 0.59725124
vn 0.7473489 -0.3008795 0.59240294
vn 0.981795 -0.057793833 0.18093768
vn 0.98238236 -0.056829773 0.17803186
vn 0.9995943 0.023252703 0.016452368
vn 0.99997973 0.0053857393 0.0033875362
vn 0.9993955 0.025522972 0.023604743
vn 0.99943024 0.023362195 0.024358215
vn -0 -0.87010163 -0.49287233
vn -0 -0.87010163 -0.49287233
vn -0 -0.87010163 -0.49287233
vn -0 -0.87010163 -0.49287233
vn -0.030460035 0.36431262 -0.93077844
vn -0.030460032 0.3643126 -0.93077844
vn -0.030460032 0.36431256 -0.93077844
vn -0.030460028 0.36431256 -0.93077844
vn -0.99311674 -0.08108209 -0.084527165
vn -0.99311674 -0.081082106 -0.08452719
vn -0.99311674 -0.0810821 -0.08452719
vn -0.99311674 -0.0810821 -0.08452719
vn -0 -0.8701017 -0.49287227
vn -0 -0.87010163 -0.4928723
vn -0 -0.8701017 -0.49287227
vn -0 -0.8701017 -0.49287227
vn 0.030460043 0.36431256 -0.93077844
vn 0.030460043 0.36431256 -0.93077844
vn 0.030460043 0.36431256 -0.93077844
vn 0.030460043 0.36431256 -0.93077844
vn 0.99311674 -0.08108216 -0.0845271
vn 0.99311674 -0.08108216 -0.08452711
vn 0.99311674 -0.08108216 -0.0845271
vn 0.99311674 -0.08108216 -0.0845271
vn 0.00030264017 -0.8709167 -0.49143058
vn -0 -0.87122524 -0.49088347
vn -0 -0.87122524 -0.49088347
vn -0.00030259188 -0.8709167 -0.49143058
vn 4.1016614E-05 -0.87299925 -0.48772156
vn 0.0010000536 -0.8707927 -0.49164933
vn -4.1009698E-05 -0.87299925 -0.48772156
vn -0.0009998941 -0.8707927 -0.49164933
vn -0 -0.8696476 -0.493673
vn -0 -0.8696476 -0.493673
vn -0 -0.84288013 -0.5381012
vn -0 -0.84288025 -0.5381012
vn -0 -0.86680824 0.49864158
vn -0 -0.8691828 0.4944908
vn -0 -0.8691828 0.4944908
vn -0 -0.86680824 0.49864158
vn -0 -0.86435777 0.5028774
vn -0 -0.86435777 0.50287735
vn -0 -0.86705095 0.49821955
vn -0 -0.86705095 0.49821955
vn -0.99997973 -0.0053857206 0.0033875937
vn -0.98238236 0.05682971 0.17803192
vn -0.9995943 -0.023252802 0.016452484
vn -0.981795 0.057793763 0.18093769
vn -0.74734885 0.3008795 0.59240294
vn -0.9993955 -0.025523268 0.023604926
vn -0.99943024 -0.023362553 0.024358412
vn -0.74225837 0.3038806 0.59725124
vn -0.23764123 0.4640641 0.8533294
vn -0.2365382 0.46420354 0.85356003
vn 0.23653825 0.46420348 0.85356003
vn 0.23764142 0.46406412 0.8533294
vn 0.74225837 0.30388033 0.5972513
vn 0.7473489 0.30087924 0.59240294
vn 0.981795 0.05779358 0.1809377
vn 0.98238236 0.056829516 0.17803195
vn 0.9995943 -0.02325302 0.01645238
vn 0.99997973 -0.005386383 0.003387719
vn 0.9993955 -0.025523026 0.023604726
vn 0.99943024 -0.023362195 0.024358215
vn -0 0.87010163 -0.49287233
vn -0 0.87010163 -0.49287233
vn -0 0.87010163 -0.49287233
vn -0 0.87010163 -0.49287233
vn -0.030460035 -0.36431256 -0.93077844
vn -0.030460032 -0.3643126 -0.93077844
vn -0.030460035 -0.3643126 -0.93077844
vn -0.030460032 -0.3643126 -0.93077844
vn -0.9931166 0.081082456 -0.08452718
vn -0.9931166 0.081082456 -0.08452718
vn -0.9931166 0.081082456 -0.08452718
vn -0.9931166 0.081082456 -0.08452718
vn -0 0.87010163 -0.49287233
vn -0 0.87010163 -0.49287233
vn -0 0.87010163 -0.49287233
vn -0 0.87010163 -0.49287233
vn 0.03046005 -0.3643126 -0.93077844
vn 0.03046005 -0.36431256 -0.93077844
vn 0.03046005 -0.36431262 -0.93077844
vn 0.03046005 -0.3643126 -0.93077844
vn 0.99311674 0.08108176 -0.0845271
vn 0.99311674 0.08108176 -0.0845271
vn 0.99311674 0.08108176 -0.0845271
vn 0.99311674 0.08108177 -0.0845271
vn 0.0003026402 0.8709167 -0.49143058
vn -0 0.87122524 -0.49088347
vn -0 0.87122524 -0.49088347
vn -0.00030259194 0.8709167 -0.49143064
vn 4.1016425E-05 0.87299925 -0.48772156
vn 0.0010000536 0.8707927 -0.49164933
vn -4.101008E-05 0.87299925 -0.4877216
vn -0.0009998943 0.8707927 -0.4916494
vn -0 0.8696476 -0.493673
vn -0 0.8696476 -0.49367297
vn -0 0.84288013 -0.5381012
vn -0 0.84288025 -0.5381012
vn -0 0.86680824 -0.49864158
vn -0 0.8691828 -0.4944908
vn -0 0.8691828 -0.4944908
vn -0 0.86680824 -0.49864158
vn -0 0.86435777 -0.5028774
vn -0 0.86435777 -0.50287735
vn -0 0.86705095 -0.49821955
vn -0 0.86705095 -0.49821955
vn -0.99997973 0.0053863637 -0.0033877762
vn -0.98238236 -0.05682944 -0.17803201
vn -0.9995943 0.023253119 -0.016452495
vn -0.981795 -0.05779351 -0.18093778
vn -0.74734885 -0.30087927 -0.592403
vn -0.9993955 0.02552332 -0.023604907
vn -0.99943024 0.023362553 -0.024358412
vn -0.7422583 -0.3038804 -0.5972515
vn -0.2376413 -0.46406406 -0.85332954
vn -0.23653813 -0.46420345 -0.85356015
vn 0.23653825 -0.46420354 -0.85356003
vn 0.2376413 -0.4640641 -0.85332954
vn 0.74225837 -0.3038806 -0.59725124
vn 0.74734885 -0.3008795 -0.5924029
vn 0.981795 -0.057793837 -0.18093768
vn 0.98238236 -0.056829784 -0.17803189
vn 0.9995943 0.023252701 -0.01645237
vn 0.99997973 0.0053857393 -0.0033875362
vn 0.9993955 0.02552297 -0.023604743
vn 0.99943024 0.023362195 -0.024358215
vn -0 -0.87010163 0.4928724
vn -0 -0.87010163 0.4928724
vn -0 -0.87010163 0.4928724
vn -0 -0.87010163 0.4928724
vn -0.030460035 0.36431262 0.93077844
vn -0.030460035 0.3643126 0.93077844
vn -0.030460035 0.3643126 0.93077844
vn -0.030460035 0.36431265 0.93077844
vn -0.99311674 -0.08108209 0.084527165
vn -0.99311674 -0.0810821 0.084527165
vn -0.99311674 -0.0810821 0.08452718
vn -0.99311674 -0.081082106 0.08452719
vn -0 -0.87010163 0.49287233
vn -0 -0.87010163 0.49287233
vn -0 -0.87010163 0.49287233
vn -0 -0.87010163 0.49287233
vn 0.030460047 0.36431256 0.93077844
vn 0.03046005 0.3643126 0.93077844
vn 0.030460047 0.36431253 0.93077844
vn 0.030460047 0.36431256 0.93077844
vn 0.99311674 -0.08108213 0.0845271
vn 0.99311674 -0.08108213 0.0845271
vn 0.99311674 -0.08108213 0.0845271
vn 0.99311674 -0.08108213 0.08452711
vn 0.00030264017 -0.8709167 0.49143058
vn -0 -0.87122524 0.49088347
vn -0 -0.87122524 0.49088347
vn -0.00030259188 -0.8709167 0.49143058
vn 4.1016614E-05 -0.87299925 0.48772156
vn 0.0010000536 -0.8707927 0.49164933
vn -4.1009698E-05 -0.87299925 0.48772156
vn -0.0009998941 -0.8707927 0.49164933
vn -0 -0.8696476 0.493673
vn -0 -0.8696476 0.49367297
vn -0 -0.84288013 0.5381012
vn -0 -0.84288025 0.5381012
vn -0 -0.86680824 -0.4986415
vn -0 -0.8691828 -0.4944908
vn -0 -0.8691828 -0.4944908
vn -0 -0.86680824 -0.49864158
vn -0 -0.86435777 -0.5028774
vn -0 -0.86435777 -0.50287735
vn -0 -0.8670509 -0.49821958
vn -0 -0.86705095 -0.49821955
vn -0.99997973 -0.0053857206 -0.0033875937
vn -0.9995943 -0.023252808 -0.016452486
vn -0.98238236 0.056829724 -0.17803195
vn -0.981795 0.057793777 -0.18093772
vn -0.74734885 0.3008795 -0.592403
vn -0.9993955 -0.025523268 -0.023604926
vn -0.99943024 -0.023362553 -0.024358412
vn -0.74225837 0.3038806 -0.59725124
vn -0.23764127 0.46406412 -0.8533294
vn -0.23653822 0.46420354 -0.85356003
vn 0.2365382 0.4642035 -0.85356015
vn 0.23764138 0.46406406 -0.85332954
vn 0.7422583 0.30388033 -0.5972514
vn 0.7473489 0.30087918 -0.592403
vn 0.981795 0.057793573 -0.18093769
vn 0.98238236 0.056829505 -0.17803195
vn 0.9995943 -0.023253018 -0.016452381
vn 0.99997973 -0.005386383 -0.003387719
vn 0.9993955 -0.025523026 -0.023604726
vn 0.99943024 -0.023362195 -0.024358215
vn -0 0.87010163 0.4928724
vn -0 0.87010163 0.49287245
vn -0 0.87010163 0.4928724
vn -0 0.87010163 0.4928724
vn -0.030460032 -0.3643126 0.93077844
vn -0.030460026 -0.36431256 0.93077844
vn -0.030460026 -0.36431256 0.93077844
vn -0.030460028 -0.3643126 0.93077844
vn -0.9931166 0.081082456 0.08452718
vn -0.9931166 0.081082456 0.08452718
vn -0.9931166 0.081082456 0.08452718
vn -0.9931166 0.081082456 0.08452718
vn -0 0.87010163 0.4928723
vn -0 0.87010163 0.49287233
vn -0 0.87010163 0.49287233
vn -0 0.87010163 0.4928723
vn 0.03046005 -0.3643126 0.93077844
vn 0.030460047 -0.3643126 0.93077844
vn 0.03046005 -0.36431262 0.93077844
vn 0.030460047 -0.36431256 0.93077844
vn 0.99311674 0.08108176 0.0845271
vn 0.99311674 0.08108177 0.0845271
vn 0.99311674 0.08108176 0.0845271
vn 0.99311674 0.08108176 0.0845271
vn 0.0003026402 0.8709167 0.49143058
vn -0 0.87122524 0.49088347
vn -0 0.87122524 0.49088347
vn -0.0003025919 0.8709167 0.49143058
vn 4.1016425E-05 0.87299925 0.48772156
vn 0.0010000536 0.8707927 0.49164933
vn -4.1010077E-05 0.87299925 0.48772156
vn -0.0009998943 0.8707927 0.4916494
vn -0 0.8696476 0.493673
vn -0 0.8696476 0.493673
vn -0 0.84288013 0.5381012
vn -0 0.84288025 0.5381012
vn 0.90523684 0 -0.42490736
vn 0.90725917 0 -0.42057207
vn 0.90725917 0 -0.420572
vn 0.90523684 0 -0.42490742
vn 0.9031471 0 -0.4293313
vn 0.9031471 0 -0.4293313
vn 0.90544957 0 -0.4244539
vn 0.90544957 0 -0.4244539
vn 0.0056489096 0.99997973 -0.0029284053
vn -0.041842848 0.9823821 -0.18213846
vn 0.024539525 0.9995943 -0.014463776
vn -0.0425621 0.9817949 -0.1851141
vn -0.25062364 0.74734885 -0.61535156
vn 0.027396012 0.9993955 -0.02140285
vn 0.025305236 0.99943024 -0.02233325
vn -0.25321162 0.74225825 -0.62043256
vn -0.39156663 0.23764232 -0.8889329
vn -0.39168653 0.23653829 -0.88917446
vn -0.39168662 -0.23653835 -0.88917446
vn -0.39156675 -0.23764223 -0.8889329
vn -0.25321186 -0.74225825 -0.6204325
vn -0.2506239 -0.74734885 -0.61535144
vn -0.042562496 -0.9817949 -0.18511398
vn -0.041843247 -0.9823821 -0.18213834
vn 0.024539173 -0.9995943 -0.014463757
vn 0.0056488714 -0.99997973 -0.0029285613
vn 0.02739535 -0.9993955 -0.021402584
vn 0.025304493 -0.99943024 -0.022332909
vn -0.90804 0 0.41888338
vn -0.90804 0 0.41888335
vn -0.90804 0 0.41888332
vn -0.90804 0 0.41888335
vn 0.28572413 0.030460397 0.9578277
vn 0.28572413 0.030460397 0.9578277
vn 0.28572413 0.030460397 0.9578277
vn 0.28572413 0.030460399 0.9578277
vn -0.08782415 0.9931166 0.077498995
vn -0.08782415 0.9931166 0.077498995
vn -0.087824136 0.9931166 0.077498995
vn -0.08782415 0.9931166 0.077498995
vn -0.90804 0 0.41888332
vn -0.90804 0 0.41888335
vn -0.90804 0 0.41888335
vn -0.90804 0 0.41888335
vn 0.28572413 -0.030460393 0.9578277
vn 0.28572413 -0.030460397 0.9578277
vn 0.28572413 -0.030460397 0.9578277
vn 0.28572413 -0.030460393 0.9578277
vn -0.08782453 -0.9931166 0.077498995
vn -0.08782452 -0.9931166 0.07749899
vn -0.08782452 -0.9931166 0.077498995
vn -0.08782452 -0.9931166 0.07749899
vn -0.9087329 -0.00030249986 0.41737804
vn -0.90899485 0 0.41680735
vn -0.90899485 0 0.41680738
vn -0.9087329 0.00030252294 0.41737804
vn -0.91049916 -4.0997442E-05 0.4135108
vn -0.9086275 -0.0009995906 0.41760638
vn -0.91049916 4.1000567E-05 0.4135108
vn -0.9086275 0.0009996668 0.4176063
vn -0.90765387 0 0.41971952
vn -0.90765387 0 0.41971952
vn -0.88467664 0 0.46620524
vn -0.88467664 0 0.46620524
vn -0.90523684 0 -0.42490742
vn -0.90725917 0 -0.42057207
vn -0.90725917 0 -0.42057207
vn -0.90523684 0 -0.42490742
vn -0.9031471 0 -0.42933133
vn -0.9031471 0 -0.42933133
vn -0.90544957 0 -0.4244539
vn -0.90544957 0 -0.4244539
vn -0.0056488714 0.99997973 -0.0029285613
vn -0.024539173 0.9995943 -0.014463757
vn 0.041843247 0.9823821 -0.18213834
vn 0.042562496 0.9817949 -0.18511398
vn 0.25062394 0.74734885 -0.61535144
vn -0.02739535 0.9993955 -0.021402584
vn -0.025304493 0.99943024 -0.022332909
vn 0.2532119 0.7422583 -0.62043244
vn 0.39156675 0.23764229 -0.8889329
vn 0.39168662 0.23653838 -0.88917446
vn 0.39168662 -0.23653829 -0.88917446
vn 0.39156666 -0.23764229 -0.8889329
vn 0.25321165 -0.7422582 -0.6204326
vn 0.25062364 -0.74734885 -0.61535156
vn 0.042562105 -0.9817949 -0.1851141
vn 0.04184285 -0.9823821 -0.18213846
vn -0.024539525 -0.9995943 -0.014463776
vn -0.0056489096 -0.99997973 -0.0029284053
vn -0.027396012 -0.9993955 -0.02140285
vn -0.025305236 -0.99943024 -0.02233325
vn 0.90804 0 0.41888335
vn 0.90804 0 0.41888335
vn 0.90804 0 0.41888332
vn 0.90804 0 0.41888335
vn -0.28572413 0.030460397 0.9578277
vn -0.28572413 0.030460393 0.9578277
vn -0.28572413 0.030460393 0.9578277
vn -0.28572413 0.030460397 0.9578277
vn 0.08782452 0.9931166 0.07749898
vn 0.087824516 0.9931166 0.07749897
vn 0.08782452 0.9931166 0.07749898
vn 0.08782452 0.9931166 0.07749898
vn 0.90804 0 0.41888332
vn 0.9080401 0 0.41888332
vn 0.90804 0 0.41888335
vn 0.9080401 0 0.41888332
vn -0.28572413 -0.030460397 0.9578277
vn -0.28572413 -0.030460399 0.9578277
vn -0.28572413 -0.030460397 0.9578277
vn -0.28572413 -0.030460397 0.9578277
vn 0.087824136 -0.9931166 0.077498995
vn 0.08782415 -0.9931166 0.077498995
vn 0.08782415 -0.9931166 0.077498995
vn 0.08782415 -0.9931166 0.077498995
vn 0.9087329 -0.0003024999 0.41737804
vn 0.90899485 0 0.41680735
vn 0.90899485 0 0.41680735
vn 0.9087329 0.000302523 0.41737804
vn 0.91049916 -4.0997442E-05 0.4135108
vn 0.9086275 -0.0009995905 0.41760638
vn 0.91049916 4.100058E-05 0.4135108
vn 0.9086275 0.000999667 0.41760638
vn 0.90765387 0 0.41971952
vn 0.90765387 0 0.41971952
vn 0.88467664 0 0.46620518
vn 0.88467664 0 0.46620518
vn 0.5000014 0 -0.8660246
vn 0.8660258 0 -0.4999994
vn 0.5000014 0 -0.8660246
vn 0.8660258 0 -0.49999928
vn 0.8660255 0 0.4999999
vn 0.8660255 0 0.4999998
vn 2.4098628E-07 0 1
vn 3.7243336E-07 0 1
vn -0.8660253 0 0.5000001
vn -0.86602527 0 0.5000002
vn -1 0 0
vn -1 0 0
vn 0.37545538 0.9011351 -0.21676907
vn 0.24281265 0.8741676 -0.42056277
vn 0.24281266 0.87416756 -0.4205628
vn 0.3754558 0.9011351 -0.21676843
vn 0.37545592 0.9011348 0.21676923
vn 0.37545562 0.9011348 0.21676967
vn 3.0627197E-07 0.9011349 0.4335388
vn 3.692886E-07 0.9011349 0.43353876
vn -0.3754551 0.9011352 0.216769
vn -0.37545466 0.9011352 0.21676973
vn -0.48562518 0.8741671 0
vn -0.48562527 0.8741671 0
vn 0.24281232 -0.87416756 -0.42056298
vn 0.37545526 -0.9011351 -0.21676916
vn 0.24281232 -0.87416756 -0.420563
vn 0.37545565 -0.9011351 -0.21676849
vn 0.37545586 -0.9011349 0.21676935
vn 0.3754556 -0.9011349 0.21676975
vn -0 -0.9011349 0.43353897
vn -0 -0.9011349 0.43353894
vn -0.37545565 -0.90113497 0.21676905
vn -0.3754552 -0.9011349 0.21676984
vn -0.4856259 -0.8741667 0
vn -0.48562595 -0.8741667 0
vn 0.4999995 -2.3712283E-07 -0.8660257
vn 0.86602527 -4.1638194E-07 -0.5000002
vn 0.4999995 -2.3712283E-07 -0.8660257
vn 0.86602527 -4.163819E-07 -0.50000024
vn 0.8660249 -4.187427E-07 0.500001
vn 0.8660248 -4.1874267E-07 0.5000011
vn 3.724328E-07 0 1
vn 1.9717031E-07 0 1
vn -0.86602473 4.1874264E-07 0.50000125
vn -0.86602473 4.187427E-07 0.50000125
vn -1 4.8407173E-07 0
vn -1 4.8407173E-07 0
vn 0.22428687 0.8937459 -0.3884759
vn 0.34522513 0.9171111 -0.19931617
vn 0.22428687 0.8937459 -0.3884759
vn 0.34522548 0.917111 -0.19931555
vn 0.34522527 0.9171106 0.19931795
vn 0.34522665 0.9171106 0.19931549
vn 2.614229E-07 0.9171101 0.3986341
vn 2.3052891E-07 0.9171101 0.3986341
vn -0.34522507 0.9171107 0.19931807
vn -0.34522644 0.9171107 0.1993156
vn -0.44857326 0.893746 0
vn -0.44857326 0.893746 0
vn 0.500001 0 -0.8660249
vn 0.8660257 0 -0.4999995
vn 0.500001 0 -0.8660249
vn 0.8660257 0 -0.4999995
vn 0.8660257 0 0.4999995
vn 0.8660257 0 0.4999995
vn 1.5335496E-07 0 1
vn 2.8480213E-07 0 1
vn -0.8660256 0 0.4999996
vn -0.8660256 0 0.49999976
vn -1 0 0
vn -1 0 0
vn 0.49999952 -2.3712283E-07 -0.8660257
vn 0.49999952 -2.3712285E-07 -0.8660257
vn 0.86602527 -4.163819E-07 -0.50000024
vn 0.8660253 -4.1638202E-07 -0.5000002
vn 0.8660248 -4.1874264E-07 0.50000095
vn 0.8660249 -4.187427E-07 0.50000095
vn 1.5335466E-07 0 1
vn 3.286171E-07 0 1
vn -0.8660248 4.1874264E-07 0.50000113
vn -0.86602473 4.1874262E-07 0.50000125
vn -1 4.840717E-07 0
vn -1 4.840717E-07 0
vn 0.22428693 -0.8937459 -0.38847584
vn 0.2242869 -0.893746 -0.3884759
vn 0.34522513 -0.917111 -0.19931611
vn 0.3452255 -0.9171111 -0.19931555
vn 0.34522524 -0.9171106 0.1993179
vn 0.34522665 -0.9171106 0.19931546
vn -0 -0.9171101 0.39863393
vn -1.2574303E-07 -0.9171101 0.39863393
vn -0.3452253 -0.9171106 0.1993179
vn -0.34522673 -0.9171106 0.19931535
vn -0.44857326 -0.893746 0
vn -0.44857326 -0.893746 0
vn 0.500001 0 -0.8660249
vn 0.500001 0 -0.8660249
vn 0.8660257 0 -0.4999995
vn 0.8660257 0 -0.4999995
vn 0.8660257 0 0.4999995
vn 0.8660257 0 0.4999995
vn 2.8480213E-07 0 1
vn 1.5335496E-07 0 1
vn -0.8660256 0 0.49999976
vn -0.8660256 0 0.4999996
vn -1 0 0
vn -1 0 0
vn -0.5000014 0 -0.8660246
vn -0.5000014 0 -0.8660246
vn -0.8660258 0 -0.49999928
vn -0.8660258 0 -0.49999934
vn -0.8660255 0 0.49999985
vn -0.8660255 0 0.4999999
vn -3.9434116E-07 0 1
vn -2.628941E-07 0 1
vn 0.86602527 0 0.5000002
vn 0.8660253 0 0.5000001
vn 1 0 0
vn 1 0 0
vn -0.37545526 0.9011351 -0.21676916
vn -0.24281232 0.87416756 -0.42056298
vn -0.24281232 0.87416756 -0.42056295
vn -0.37545562 0.9011351 -0.21676849
vn -0.3754558 0.9011349 0.21676934
vn -0.3754556 0.9011349 0.21676974
vn -0 0.9011349 0.43353888
vn -0 0.9011349 0.43353897
vn 0.37545565 0.9011349 0.21676904
vn 0.3754552 0.90113497 0.21676984
vn 0.4856259 0.8741667 0
vn 0.48562595 0.8741667 0
vn -0.24281265 -0.8741676 -0.42056277
vn -0.24281266 -0.87416756 -0.4205628
vn -0.3754554 -0.9011351 -0.21676902
vn -0.3754558 -0.9011351 -0.21676843
vn -0.3754559 -0.9011348 0.21676922
vn -0.37545562 -0.9011348 0.21676965
vn -3.0627194E-07 -0.9011349 0.43353876
vn -3.6928859E-07 -0.9011349 0.43353876
vn 0.3754551 -0.9011352 0.216769
vn 0.37545466 -0.9011352 0.21676973
vn 0.48562518 -0.8741671 0
vn 0.48562527 -0.8741671 0
vn -0.49999952 2.3712283E-07 -0.8660257
vn -0.49999952 2.3712285E-07 -0.8660257
vn -0.86602527 4.163819E-07 -0.50000024
vn -0.8660253 4.1638202E-07 -0.5000002
vn -0.8660248 4.1874264E-07 0.50000095
vn -0.8660249 4.187427E-07 0.50000095
vn -1.5335466E-07 0 1
vn -3.286171E-07 0 1
vn 0.8660248 -4.1874264E-07 0.50000113
vn 0.86602473 -4.1874262E-07 0.50000125
vn 1 -4.840717E-07 0
vn 1 -4.840717E-07 0
vn -0.22428693 0.8937459 -0.38847584
vn -0.2242869 0.893746 -0.3884759
vn -0.34522513 0.917111 -0.19931611
vn -0.3452255 0.9171111 -0.19931555
vn -0.34522524 0.9171106 0.1993179
vn -0.34522665 0.9171106 0.19931546
vn -0 0.9171101 0.39863393
vn 1.2574303E-07 0.9171101 0.39863393
vn 0.3452253 0.9171106 0.1993179
vn 0.34522673 0.9171106 0.19931535
vn 0.44857326 0.893746 0
vn 0.44857326 0.893746 0
vn -0.500001 0 -0.8660249
vn -0.500001 0 -0.8660249
vn -0.8660257 0 -0.4999995
vn -0.8660257 0 -0.4999995
vn -0.8660257 0 0.4999995
vn -0.8660257 0 0.4999995
vn -2.8480213E-07 0 1
vn -1.5335496E-07 0 1
vn 0.8660256 0 0.49999976
vn 0.8660256 0 0.4999996
vn 1 0 0
vn 1 0 0
vn -0.4999995 2.3712283E-07 -0.8660257
vn -0.86602527 4.1638194E-07 -0.5000002
vn -0.4999995 2.3712283E-07 -0.8660257
vn -0.86602527 4.163819E-07 -0.50000024
vn -0.8660249 4.187427E-07 0.500001
vn -0.8660248 4.1874267E-07 0.5000011
vn -3.724328E-07 0 1
vn -1.9717031E-07 0 1
vn 0.86602473 -4.1874264E-07 0.50000125
vn 0.86602473 -4.187427E-07 0.50000125
vn 1 -4.8407173E-07 0
vn 1 -4.8407173E-07 0
vn -0.22428687 -0.8937459 -0.3884759
vn -0.34522513 -0.9171111 -0.19931617
vn -0.22428687 -0.8937459 -0.3884759
vn -0.34522548 -0.917111 -0.19931555
vn -0.34522527 -0.9171106 0.19931795
vn -0.34522665 -0.9171106 0.19931549
vn -2.614229E-07 -0.9171101 0.3986341
vn -2.3052891E-07 -0.9171101 0.3986341
vn 0.34522507 -0.9171107 0.19931807
vn 0.34522644 -0.9171107 0.1993156
vn 0.44857326 -0.893746 0
vn 0.44857326 -0.893746 0
vn -0.500001 0 -0.8660249
vn -0.8660257 0 -0.4999995
vn -0.500001 0 -0.8660249
vn -0.8660257 0 -0.4999995
vn -0.8660257 0 0.4999995
vn -0.8660257 0 0.4999995
vn -1.5335496E-07 0 1
vn -2.8480213E-07 0 1
vn 0.8660256 0 0.4999996
vn 0.8660256 0 0.49999976
vn 1 0 0
vn 1 0 0
vn 0.5000014 0 0.8660246
vn 0.5000014 0 0.8660246
vn 0.8660258 0 0.49999934
vn 0.8660258 0 0.49999928
vn 0.8660255 0 -0.4999999
vn 0.8660255 0 -0.49999985
vn 2.628941E-07 0 -1
vn 3.9434116E-07 0 -1
vn -0.8660253 0 -0.5000001
vn -0.86602527 0 -0.5000002
vn -1 0 0
vn -1 0 0
vn 0.3754554 0.9011351 0.21676902
vn 0.24281266 0.87416756 0.4205628
vn 0.24281265 0.8741676 0.42056277
vn 0.3754558 0.9011351 0.21676843
vn 0.3754559 0.9011348 -0.21676922
vn 0.37545562 0.9011348 -0.21676965
vn 3.2019338E-07 0.9011349 -0.43353876
vn 3.8436158E-07 0.9011349 -0.43353876
vn -0.37545505 0.90113527 -0.216769
vn -0.3754546 0.90113527 -0.21676974
vn -0.48562518 0.8741671 0
vn -0.48562518 0.8741671 0
vn 0.24281232 -0.87416756 0.42056295
vn 0.24281232 -0.87416756 0.42056298
vn 0.37545526 -0.9011351 0.21676916
vn 0.37545562 -0.9011351 0.21676849
vn 0.3754558 -0.9011349 -0.21676932
vn 0.37545556 -0.9011349 -0.21676973
vn -0 -0.9011349 -0.43353888
vn -0 -0.9011349 -0.43353888
vn -0.37545565 -0.9011349 -0.21676905
vn -0.3754552 -0.9011349 -0.21676984
vn -0.4856259 -0.8741667 0
vn -0.48562595 -0.8741667 0
vn 0.4999995 -2.3712283E-07 0.8660257
vn 0.4999995 -2.3712283E-07 0.8660257
vn 0.86602527 -4.1638194E-07 0.5000002
vn 0.86602527 -4.163819E-07 0.50000024
vn 0.8660249 -4.1874273E-07 -0.500001
vn 0.8660248 -4.1874267E-07 -0.5000011
vn 3.9434062E-07 0 -1
vn 2.1907812E-07 0 -1
vn -0.86602473 4.1874264E-07 -0.50000125
vn -0.86602473 4.187427E-07 -0.50000125
vn -1 4.8407173E-07 0
vn -1 4.8407173E-07 0
vn 0.22428693 0.8937459 0.38847584
vn 0.2242869 0.893746 0.3884759
vn 0.34522513 0.917111 0.19931611
vn 0.3452255 0.9171111 0.19931555
vn 0.34522524 0.9171106 -0.1993179
vn 0.34522665 0.9171106 -0.19931546
vn 2.614229E-07 0.9171101 -0.3986341
vn 2.3052891E-07 0.9171101 -0.3986341
vn -0.34522504 0.9171107 -0.19931807
vn -0.34522647 0.9171107 -0.1993156
vn -0.44857326 0.893746 0
vn -0.44857326 0.893746 0
vn 0.500001 0 0.8660249
vn 0.500001 0 0.8660249
vn 0.8660257 0 0.4999995
vn 0.8660257 0 0.4999995
vn 0.8660257 0 -0.4999995
vn 0.8660257 0 -0.4999995
vn 1.5335496E-07 0 -1
vn 2.8480213E-07 0 -1
vn -0.8660256 0 -0.4999996
vn -0.8660256 0 -0.49999976
vn -1 0 0
vn -1 0 0
vn 0.49999952 -2.3712283E-07 0.8660257
vn 0.86602527 -4.163819E-07 0.50000024
vn 0.49999952 -2.3712285E-07 0.8660257
vn 0.8660253 -4.1638202E-07 0.5000002
vn 0.8660248 -4.1992283E-07 -0.50000095
vn 0.8660249 -4.199229E-07 -0.50000095
vn 1.5335466E-07 0 -1
vn 3.286171E-07 0 -1
vn -0.8660248 4.1874264E-07 -0.50000113
vn -0.86602473 4.1874262E-07 -0.50000125
vn -1 4.840717E-07 0
vn -1 4.840717E-07 0
vn 0.22428687 -0.8937459 0.3884759
vn 0.34522513 -0.9171111 0.19931617
vn 0.22428687 -0.8937459 0.3884759
vn 0.34522548 -0.917111 0.19931555
vn 0.34522527 -0.9171106 -0.19931795
vn 0.34522665 -0.9171106 -0.19931549
vn -0 -0.9171101 -0.39863393
vn -1.1177157E-07 -0.9171101 -0.39863393
vn -0.3452253 -0.9171106 -0.1993179
vn -0.34522673 -0.9171106 -0.19931535
vn -0.44857326 -0.893746 0
vn -0.44857326 -0.893746 0
vn 0.500001 0 0.8660249
vn 0.8660257 0 0.4999995
vn 0.500001 0 0.8660249
vn 0.8660257 0 0.4999995
vn 0.8660257 0 -0.4999995
vn 0.8660257 0 -0.4999995
vn 2.8480213E-07 0 -1
vn 1.5335496E-07 0 -1
vn -0.8660256 0 -0.49999976
vn -0.8660256 0 -0.4999996
vn -1 0 0
vn -1 0 0
vn -0.5000014 0 0.8660246
vn -0.8660258 0 0.49999928
vn -0.5000014 0 0.8660246
vn -0.8660258 0 0.4999994
vn -0.8660255 0 -0.4999998
vn -0.8660255 0 -0.4999999
vn -3.7243336E-07 0 -1
vn -2.4098628E-07 0 -1
vn 0.86602527 0 -0.5000002
vn 0.8660253 0 -0.5000001
vn 1 0 0
vn 1 0 0
vn -0.37545526 0.9011351 0.21676916
vn -0.24281232 0.87416756 0.42056298
vn -0.24281232 0.87416756 0.420563
vn -0.37545565 0.9011351 0.21676849
vn -0.37545586 0.9011349 -0.21676935
vn -0.3754556 0.9011349 -0.21676975
vn -0 0.9011349 -0.43353897
vn -0 0.9011349 -0.43353897
vn 0.37545562 0.9011349 -0.21676907
vn 0.3754552 0.9011349 -0.21676986
vn 0.4856259 0.8741667 0
vn 0.48562595 0.8741667 0
vn -0.24281265 -0.8741676 0.42056277
vn -0.37545538 -0.9011351 0.21676907
vn -0.24281266 -0.87416756 0.4205628
vn -0.3754558 -0.9011351 0.21676843
vn -0.3754559 -0.9011348 -0.21676919
vn -0.37545568 -0.9011349 -0.21676967
vn -3.2019338E-07 -0.9011349 -0.43353876
vn -3.8436158E-07 -0.9011349 -0.43353876
vn 0.3754551 -0.9011352 -0.216769
vn 0.37545466 -0.9011352 -0.21676973
vn 0.48562518 -0.8741671 0
vn 0.48562527 -0.8741671 0
vn -0.49999952 2.3712283E-07 0.8660257
vn -0.86602527 4.163819E-07 0.50000024
vn -0.49999952 2.3712285E-07 0.8660257
vn -0.8660253 4.1638202E-07 0.5000002
vn -0.8660248 4.1992283E-07 -0.50000095
vn -0.8660249 4.199229E-07 -0.50000095
vn -1.5335466E-07 0 -1
vn -3.286171E-07 0 -1
vn 0.8660248 -4.1874264E-07 -0.50000113
vn 0.86602473 -4.1874262E-07 -0.50000125
vn 1 -4.840717E-07 0
vn 1 -4.840717E-07 0
vn -0.22428687 0.8937459 0.3884759
vn -0.34522513 0.9171111 0.19931617
vn -0.22428687 0.8937459 0.3884759
vn -0.34522548 0.917111 0.19931555
vn -0.34522527 0.9171106 -0.19931795
vn -0.34522665 0.9171106 -0.19931549
vn -0 0.9171101 -0.39863393
vn 1.1177157E-07 0.9171101 -0.39863393
vn 0.3452253 0.9171106 -0.1993179
vn 0.34522673 0.9171106 -0.19931535
vn 0.44857326 0.893746 0
vn 0.44857326 0.893746 0
vn -0.500001 0 0.8660249
vn -0.8660257 0 0.4999995
vn -0.500001 0 0.8660249
vn -0.8660257 0 0.4999995
vn -0.8660257 0 -0.4999995
vn -0.8660257 0 -0.4999995
vn -2.8480213E-07 0 -1
vn -1.5335496E-07 0 -1
vn 0.8660256 0 -0.49999976
vn 0.8660256 0 -0.4999996
vn 1 0 0
vn 1 0 0
vn -0.4999995 2.3712283E-07 0.8660257
vn -0.4999995 2.3712283E-07 0.8660257
vn -0.86602527 4.1638194E-07 0.5000002
vn -0.86602527 4.163819E-07 0.50000024
vn -0.8660249 4.1874273E-07 -0.500001
vn -0.8660248 4.1874267E-07 -0.5000011
vn -3.9434062E-07 0 -1
vn -2.1907812E-07 0 -1
vn 0.86602473 -4.1874264E-07 -0.50000125
vn 0.86602473 -4.187427E-07 -0.50000125
vn 1 -4.8407173E-07 0
vn 1 -4.8407173E-07 0
vn -0.22428693 -0.8937459 0.38847584
vn -0.2242869 -0.893746 0.3884759
vn -0.34522513 -0.917111 0.19931611
vn -0.3452255 -0.9171111 0.19931555
vn -0.34522524 -0.9171106 -0.1993179
vn -0.34522665 -0.9171106 -0.19931546
vn -2.614229E-07 -0.9171101 -0.3986341
vn -2.3052891E-07 -0.9171101 -0.3986341
vn 0.34522504 -0.9171107 -0.19931807
vn 0.34522647 -0.9171107 -0.1993156
vn 0.44857326 -0.893746 0
vn 0.44857326 -0.893746 0
vn -0.500001 0 0.8660249
vn -0.500001 0 0.8660249
vn -0.8660257 0 0.4999995
vn -0.8660257 0 0.4999995
vn -0.8660257 0 -0.4999995
vn -0.8660257 0 -0.4999995
vn -1.5335496E-07 0 -1
vn -2.8480213E-07 0 -1
vn 0.8660256 0 -0.4999996
vn 0.8660256 0 -0.49999976
vn 1 0 0
vn 1 0 0
vn 0.99997544 0.0049834475 -0.0049331
vn 0.9999796 0.004345142 -0.004689062
vn 0.99997544 0.004983448 -0.004933101
vn 0.99998045 0.004209111 -0.004637054
vn 0.9992537 -0.01482166 0.03566821
vn 0.9971854 -0.029886572 0.068761125
vn 0.9888382 -0.060560696 0.13612975
vn 0.9888382 -0.060560696 0.13612975
vn -0.99821305 -0.021463897 0.05576786
vn -0.9943969 -0.040733542 0.09754736
vn -0.9943969 -0.04073354 0.097547345
vn -0.9992924 -0.012162227 0.035593417
vn -0.9999913 0.0032171912 0.0026746967
vn -0.99999166 0.0038389135 0.0013956844
vn -0.9999645 0.0068844697 -0.0048699235
vn -0.9999645 0.0068844697 -0.004869924
vn -0.0100773815 0.43248445 0.90158504
vn -0.020972062 0.34351265 0.9389138
vn -0.00823625 0.44704366 0.8944742
vn -0.0005063875 0.72602516 0.687668
vn -0.00039405367 0.7179122 0.69613355
vn -0.0028500722 0.8730472 0.48762754
vn -0.002850072 0.8730472 0.48762754
vn -0.0034074462 -0.7603565 -0.649497
vn -0.016663456 -0.85096526 -0.5249575
vn -0.018831508 -0.8640759 -0.503009
vn -0.021577088 -0.9050085 -0.42484593
vn -0.02131856 -0.9043565 -0.4262451
vn -0.012132125 -0.87984496 -0.47510585
vn -0.012132127 -0.87984496 -0.47510585
vn 0.99997544 0.0019639113 -0.0067315185
vn 0.9999796 0.0015241894 -0.006208417
vn 0.99997544 0.0019639113 -0.0067315185
vn 0.99998045 0.0014304793 -0.006096938
vn 0.9992537 0.004346551 0.038379613
vn 0.9971854 0.007230841 0.07462538
vn 0.9888383 0.013097409 0.1484154
vn 0.9888383 0.013097409 0.1484154
vn -0.99821305 0.008291386 0.059178073
vn -0.9943969 0.01171409 0.105060026
vn -0.9943969 0.011714091 0.10506002
vn -0.9992924 0.0066357995 0.037024166
vn -0.9999913 0.0041108946 0.00077772886
vn -0.99999166 0.0040339357 -0.0006423003
vn -0.9999645 0.003656813 -0.0075986674
vn -0.9999645 0.0036568134 -0.007598668
vn -0.010075756 0.8156226 0.5784965
vn -0.020972708 0.75593853 0.6543066
vn -0.008234247 0.8249029 0.56521463
vn -0.00050195836 0.96849895 0.24901715
vn -0.00038960628 0.9655119 0.2603588
vn -0.0028455772 0.99999213 0.002766483
vn -0.0028455774 0.99999213 0.002766483
vn -0.0034105608 -0.9799968 -0.19898382
vn -0.016665123 -0.9987968 -0.04612205
vn -0.018832793 -0.9996111 -0.020570425
vn -0.021575972 -0.99747664 0.067636654
vn -0.021317426 -0.99758554 0.066096984
vn -0.012129964 -0.9998605 0.011480202
vn -0.012129964 -0.9998605 0.011480201
vn 0.99997544 0.0019639109 -0.0067315185
vn 0.9999796 0.0015241889 -0.0062084165
vn 0.99997544 0.0019639109 -0.0067315185
vn 0.99998045 0.0014304791 -0.006096938
vn 0.9992537 0.004346551 0.03837961
vn 0.9971854 0.00723084 0.07462537
vn 0.9888383 0.013097409 0.1484154
vn 0.9888383 0.013097409 0.1484154
vn -0.99821305 0.008291386 0.059178077
vn -0.9943969 0.01171409 0.10506002
vn -0.9943969 0.011714091 0.10506002
vn -0.9992924 0.0066357986 0.037024166
vn -0.9999913 0.0041108946 0.00077772985
vn -0.99999166 0.0040339353 -0.00064230216
vn -0.9999645 0.0036568134 -0.0075986674
vn -0.9999645 0.0036568134 -0.007598668
vn -0.010076371 0.81562257 0.5784965
vn -0.02097347 0.75593865 0.6543064
vn -0.008234844 0.8249028 0.56521463
vn -0.0005023301 0.96849895 0.24901734
vn -0.0003899822 0.9655118 0.26035896
vn -0.002845845 0.99999213 0.0027665317
vn -0.002845845 0.99999213 0.002766532
vn -0.0034092106 -0.9799968 -0.19898382
vn -0.016664186 -0.9987968 -0.04612194
vn -0.018831924 -0.9996111 -0.020570314
vn -0.021576336 -0.99747664 0.067636706
vn -0.021317814 -0.9975854 0.06609701
vn -0.012131191 -0.9998605 0.011480102
vn -0.012131192 -0.9998605 0.011480102
vn 0.99997544 -0.001437846 -0.0068631563
vn 0.9999796 -0.0015793839 -0.0061946036
vn 0.99997544 -0.0014378459 -0.006863157
vn 0.99998045 -0.0016095471 -0.0060521285
vn 0.9992537 0.021909844 0.031809624
vn 0.9971854 0.041524827 0.062425613
vn 0.9888383 0.08145268 0.12475676
vn 0.9888383 0.08145269 0.12475676
vn -0.99821305 0.035185155 0.04829917
vn -0.9943969 0.05981337 0.08716211
vn -0.9943969 0.059813373 0.08716211
vn -0.9992924 0.023290902 0.029535715
vn -0.9999913 0.0039927145 -0.0012500181
vn -0.99999166 0.0032560413 -0.0024664507
vn -0.9999645 -0.00035284835 -0.008425414
vn -0.9999645 -0.0003528484 -0.008425414
vn -0.010070933 0.99195474 0.12619182
vn -0.0209683 0.97500813 0.2211777
vn -0.008229297 0.99388605 0.11010382
vn -0.00049774314 0.9716414 -0.23645875
vn -0.0003853478 0.97434753 -0.22504812
vn -0.0028426677 0.8834475 -0.46852148
vn -0.0028426675 0.8834475 -0.4685215
vn -0.003407868 -0.95822036 0.28601056
vn -0.016663296 -0.9028123 0.4297119
vn -0.01883119 -0.89149624 0.4526365
vn -0.021576334 -0.84807104 0.5294431
vn -0.021317855 -0.848892 0.5281362
vn -0.012131534 -0.8766216 0.48102733
vn -0.012131532 -0.8766216 0.48102728
vn 0.99997544 -0.0023952664 -0.006590808
vn 0.9999796 -0.0024406672 -0.0059087984
vn 0.99997544 -0.0023952664 -0.006590808
vn 0.99998045 -0.0024503428 -0.005763454
vn 0.9992537 0.026193125 0.028386785
vn 0.9971854 0.049945496 0.0559169
vn 0.9888383 0.09829678 0.11196645
vn 0.9888383 0.098296754 0.11196645
vn -0.99821305 0.04166947 0.042830452
vn -0.9943969 0.071552284 0.0778146
vn -0.9943969 0.07155229 0.07781461
vn -0.9992924 0.027238326 0.025940284
vn -0.9999913 0.0037755566 -0.0018025637
vn -0.99999166 0.002874071 -0.002902406
vn -0.9999645 -0.0015421644 -0.008290176
vn -0.9999645 -0.0015421645 -0.008290175
vn -0.010077483 0.9998286 -0.015535
vn -0.02097457 0.99650204 0.08089298
vn -0.008236025 0.9994624 -0.031733062
vn -0.0005035854 0.9283712 -0.371654
vn -0.00039125606 0.9326654 -0.36074236
vn -0.0028471157 0.8082068 -0.58889186
vn -0.0028471157 0.8082068 -0.58889186
vn -0.0034070315 -0.9080684 0.41880792
vn -0.016662035 -0.83287144 0.5532155
vn -0.0188299 -0.8184233 0.57430726
vn -0.021573786 -0.76456034 0.6441909
vn -0.02131527 -0.76555824 0.6430135
vn -0.012128039 -0.7996788 0.60030556
vn -0.012128041 -0.7996788 0.60030556
vn 0.9999759 -0.006668258 -0.0019390304
vn 0.99997973 -0.006175804 -0.0015464363
vn 0.9999759 -0.006668257 -0.0019390304
vn 0.9999807 -0.0060517825 -0.0014475638
vn 0.9993654 0.035523217 -0.0026517154
vn 0.9971655 0.07511504 -0.0043270695
vn 0.98884726 0.14874767 -0.0074380343
vn 0.98884726 0.14874765 -0.0074380343
vn -0.99820673 0.059589107 -0.0057032835
vn -0.99440527 0.105369635 -0.007438281
vn -0.99440527 0.10536962 -0.007438281
vn -0.999363 0.03536651 -0.004782355
vn -0.9999931 0.0008815463 -0.003635201
vn -0.9999932 -0.00075411826 -0.0036028337
vn -0.999966 -0.0074832207 -0.003469573
vn -0.999966 -0.0074832207 -0.0034695736
vn -0.010744612 0.6472802 -0.7621764
vn -0.022271244 0.7190724 -0.69457823
vn -0.008701319 0.63396084 -0.7733162
vn -0.00060579804 0.30518222 -0.9522939
vn -0.00047691923 0.31779945 -0.9481579
vn -0.0031961473 0.037469953 -0.9992926
vn -0.0031961473 0.037469953 -0.9992926
vn -0.0038051272 -0.2554126 0.9668247
vn -0.018741485 -0.08562201 0.9961514
vn -0.021183582 -0.05699068 0.99815
vn -0.024220394 0.041596487 0.99884087
vn -0.023933012 0.03988014 0.9989178
vn -0.013625561 -0.021473419 0.9996766
vn -0.013625562 -0.021473425 0.9996766
vn 0.99997544 -0.005616605 0.004198915
vn 0.9999796 -0.004950682 0.0040450054
vn 0.99997544 -0.0056166044 0.0041989153
vn 0.99998045 -0.0048087663 0.0040122056
vn 0.9992537 0.019597735 -0.033284236
vn 0.9971853 0.039081715 -0.06398378
vn 0.9888383 0.078751855 -0.12647933
vn 0.9888383 0.07875186 -0.12647933
vn -0.99821305 0.028948884 -0.05227539
vn -0.9943969 0.05379526 -0.09099896
vn -0.9943969 0.05379526 -0.09099898
vn -0.9992924 0.016954288 -0.03357612
vn -0.9999913 -0.0028171786 -0.0030925684
vn -0.99999166 -0.0036093057 -0.0019115433
vn -0.9999645 -0.007489643 0.003874075
vn -0.9999645 -0.007489642 0.003874075
vn -0.010078273 -0.3040395 -0.9526061
vn -0.020974206 -0.21077068 -0.97731054
vn -0.00823698 -0.31943965 -0.94757086
vn -0.00050708035 -0.6242728 -0.7812062
vn -0.00039466284 -0.6150673 -0.7884745
vn -0.0028517782 -0.79747164 -0.60334975
vn -0.0028517786 -0.79747164 -0.60334975
vn -0.0034039165 0.66353846 0.7481344
vn -0.016661158 0.77045363 0.6372784
vn -0.018829446 0.7864656 0.61734694
vn -0.021576235 0.83778447 0.54557455
vn -0.02131778 0.836946 0.5468701
vn -0.012131367 0.80593175 0.59188426
vn -0.012131365 0.8059316 0.59188426
vn 0.99997544 -0.004969461 0.004947414
vn 0.9999796 -0.004331865 0.0047014486
vn 0.99997544 -0.004969461 0.004947414
vn 0.99998045 -0.0041959863 0.00464903
vn 0.9992537 0.014716689 -0.0357116
vn 0.9971854 0.029684616 -0.06884822
vn 0.9888383 0.060161326 -0.1363059
vn 0.9888383 0.060161326 -0.1363059
vn -0.99821305 0.021301126 -0.055830624
vn -0.9943969 0.040448446 -0.09766679
vn -0.9943969 0.040448453 -0.09766679
vn -0.9992924 0.012058491 -0.035628747
vn -0.9999913 -0.00322454 -0.0026649372
vn -0.99999166 -0.003842514 -0.0013841244
vn -0.9999645 -0.006869712 0.0048903194
vn -0.9999645 -0.006869712 0.0048903194
vn -0.010076272 -0.43512192 -0.90031517
vn -0.020973569 -0.34626013 -0.937904
vn -0.008234619 -0.44966075 -0.8931614
vn -0.00050174916 -0.72803617 -0.68553853
vn -0.00038941106 -0.71994627 -0.69402975
vn -0.0028451364 -0.874471 -0.48506933
vn -0.0028451364 -0.874471 -0.48506933
vn -0.0034103561 0.76225436 0.64726865
vn -0.016665231 0.8524984 0.52246416
vn -0.018832993 0.86554426 0.50047827
vn -0.021576354 0.9062482 0.42219496
vn -0.021317735 0.9056002 0.42359632
vn -0.012130174 0.88123214 0.47252816
vn -0.012130174 0.88123214 0.47252816
vn 0.99997544 0.0015262751 0.0068441895
vn 0.9999796 0.0016590859 0.006173826
vn 0.99997544 0.0015262752 0.0068441886
vn 0.99998045 0.0016873891 0.006030964
vn 0.9992537 -0.022321228 -0.03152257
vn 0.9971854 -0.042331673 -0.061881483
vn 0.9888383 -0.08306474 -0.1236895
vn 0.9888383 -0.083064735 -0.12368949
vn -0.99821305 -0.035807926 -0.047838736
vn -0.9943969 -0.060938016 -0.086378835
vn -0.9943969 -0.06093801 -0.08637884
vn -0.9992924 -0.023671392 -0.029231243
vn -0.9999913 -0.0039756363 0.0013014824
vn -0.99999166 -0.0032232562 0.0025082491
vn -0.9999645 0.00046258216 0.008419866
vn -0.9999645 0.00046258216 0.008419867
vn -0.0100747375 -0.9935082 -0.113314085
vn -0.02097218 -0.977795 -0.20851152
vn -0.008233139 -0.9952305 -0.0972029
vn -0.0005007802 -0.96849245 0.24904235
vn -0.0003884158 -0.97134656 0.23766725
vn -0.002844836 -0.87729585 0.47994176
vn -0.002844836 -0.87729585 0.47994176
vn -0.0034094213 0.95442986 -0.298416
vn -0.016664715 0.8971621 -0.44138694
vn -0.01883255 0.88554984 -0.4641625
vn -0.021575933 0.8411319 -0.5403995
vn -0.021317365 0.84196997 -0.53910315
vn -0.012129427 0.8703085 -0.49235758
vn -0.012129426 0.8703085 -0.49235755
vn 0.99997544 0.0024650227 0.0065643294
vn 0.9999796 0.0025031678 0.0058821514
vn 0.99997544 0.0024650227 0.0065643303
vn 0.99998045 0.002511297 0.005736771
vn 0.9992537 -0.026496233 -0.028104456
vn 0.9971854 -0.050542098 -0.055378664
vn 0.9888383 -0.099490955 -0.11090733
vn 0.9888383 -0.09949096 -0.110907346
vn -0.99821305 -0.04212506 -0.04238198
vn -0.9943969 -0.072380655 -0.07704404
vn -0.9943969 -0.072380655 -0.07704404
vn -0.9992924 -0.027513914 -0.025647322
vn -0.9999913 -0.0037554232 0.0018429939
vn -0.99999166 -0.002842198 0.0029331802
vn -0.9999645 0.00163153 0.0082736295
vn -0.9999645 0.00163153 0.0082736295
vn -0.010081857 -0.9996049 0.026240041
vn -0.020979533 -0.9973111 -0.070217244
vn -0.008240114 -0.99906534 0.042434756
vn -0.00050414057 -0.9243375 0.38157547
vn -0.0003919268 -0.92874926 0.37070838
vn -0.0028447811 -0.80185395 0.59751326
vn -0.0028447814 -0.80185395 0.59751326
vn -0.0034026734 0.90353113 -0.428509
vn -0.0166591 0.82689947 -0.56210303
vn -0.018827187 0.8122264 -0.58303845
vn -0.021575645 0.7576181 -0.6523414
vn -0.021317178 0.7586286 -0.6511744
vn -0.012133145 0.7932041 -0.608835
vn -0.012133144 0.79320407 -0.60883504
vn 0.99997544 0.005510301 -0.0043361513
vn 0.9999796 0.0048484933 -0.0041661817
vn 0.99997544 0.0055103013 -0.0043361513
vn 0.99998045 0.004707454 -0.004129959
vn 0.9992537 -0.018768402 0.03375851
vn 0.9971854 -0.037486617 0.064930744
vn 0.9888383 -0.07559791 0.12838875
vn 0.9888383 -0.07559791 0.12838875
vn -0.99821305 -0.02764582 0.052976314
vn -0.9943969 -0.05152623 0.092303045
vn -0.9943969 -0.051526234 0.09230304
vn -0.9992924 -0.016117712 0.033985924
vn -0.9999913 0.0028933946 0.0030218665
vn -0.99999166 0.0036560707 0.0018215235
vn -0.9999645 0.0073921317 -0.0040587233
vn -0.9999645 0.0073921327 -0.0040587233
vn -0.010076217 0.32752192 0.9447899
vn -0.020972256 0.23489414 0.9717946
vn -0.008234831 0.3427932 0.93937486
vn -0.0005029722 0.643415 0.7655175
vn -0.00039064744 0.6343931 0.77301043
vn -0.002846137 0.81215984 0.5834281
vn -0.0028461374 0.81215984 0.5834281
vn -0.003408693 -0.68185085 -0.7314833
vn -0.01666417 -0.7859896 -0.6180151
vn -0.018832209 -0.8015038 -0.59769315
vn -0.021575863 -0.8510301 -0.5246735
vn -0.021317296 -0.8502237 -0.52598983
vn -0.012129454 -0.8203323 -0.5717585
vn -0.012129455 -0.8203323 -0.57175845
vn 0.99997544 -0.0019516984 0.0067352345
vn 0.9999796 -0.0015129899 0.0062112445
vn 0.99997544 -0.0019516984 0.0067352345
vn 0.99998045 -0.0014194965 0.0060995766
vn 0.9992537 -0.0044199163 -0.03837157
vn 0.9971853 -0.0073729292 -0.07461203
vn 0.9888382 -0.013379391 -0.14839107
vn 0.9888382 -0.013379391 -0.14839107
vn -0.99821305 -0.008402841 -0.059162125
vn -0.9943969 -0.011912415 -0.10503748
vn -0.9943969 -0.011912416 -0.10503748
vn -0.9992924 -0.0067053055 -0.03701137
vn -0.9999913 -0.0041117934 -0.000769883
vn -0.99999166 -0.0040321485 0.00064998836
vn -0.9999645 -0.00364187 0.0076055755
vn -0.9999645 -0.0036418703 0.0076055764
vn -0.01007858 -0.81671685 -0.5769507
vn -0.020975403 -0.75717616 -0.6528739
vn -0.008237055 -0.825972 -0.5636509
vn -0.0005036233 -0.9689688 -0.2471825
vn -0.00039134332 -0.9660036 -0.2585284
vn -0.0028459604 -0.9999956 -0.00087200344
vn -0.0028459604 -0.9999956 -0.00087200355
vn -0.0034083845 0.980372 0.19712715
vn -0.01666369 0.99888235 0.044230293
vn -0.018831544 0.9996482 0.018676525
vn -0.02157624 0.99734676 -0.06952611
vn -0.021317737 0.9974585 -0.06798676
vn -0.012131083 0.9998369 -0.013374401
vn -0.012131084 0.9998369 -0.0133744
vn 0.99997544 -0.0018792634 0.006755804
vn 0.9999796 -0.0014462069 0.0062271333
vn 0.99997544 -0.0018792633 0.006755804
vn 0.99998045 -0.0013539176 0.006114467
vn 0.9992537 -0.004831684 -0.038321838
vn 0.9971854 -0.008173665 -0.074528456
vn 0.9888383 -0.014972003 -0.14823867
vn 0.9888383 -0.014972003 -0.14823867
vn -0.99821305 -0.009037623 -0.05906845
vn -0.9943969 -0.013039593 -0.10490343
vn -0.9943969 -0.013039592 -0.104903415
vn -0.9992924 -0.007102336 -0.036937214
vn -0.9999913 -0.0041198237 -0.00072569324
vn -0.99999166 -0.0040249364 0.00069324655
vn -0.9999645 -0.0035599936 0.007644246
vn -0.9999645 -0.0035599936 0.007644246
vn -0.010076146 -0.8228649 -0.5681478
vn -0.020973587 -0.76414305 -0.6447058
vn -0.008234529 -0.8319766 -0.55474955
vn -0.0005023091 -0.9715674 -0.23676284
vn -0.00038992462 -0.96872354 -0.24814224
vn -0.0028464003 -0.9999473 0.009865514
vn -0.002846401 -0.9999473 0.009865515
vn -0.0034106672 0.98243225 0.1865885
vn -0.016666075 0.99929976 0.03350155
vn -0.018833928 0.9997911 0.0079411715
vn -0.021579102 0.99654263 -0.08023113
vn -0.021320693 0.9966709 -0.07869353
vn -0.012134465 0.9996357 -0.024109207
vn -0.012134465 0.9996357 -0.024109207
vn -0 0 1
vn -0 0 1
vn -0 -0.58553064 0.81065035
vn -0 -0.58553064 0.81065035
vn -0 -0.5877114 0.80907065
vn -0 -0.5877114 0.80907065
vn -0 -0.15292756 0.98823744
vn -0 -0.15292747 0.98823744
vn -0 0.34247822 0.9395257
vn -0 0.34247786 0.9395259
vn -5.975012E-07 0.33115768 0.9435754
vn -5.975012E-07 0.33115768 0.9435754
vn -9.4165654E-07 -0.319991 0.9474206
vn -9.416564E-07 -0.31999102 0.9474206
vn 1 0 0
vn 1 0 0
vn 1 0 0
vn 1 0 0
vn 1 0 0
vn 1 0 0
vn 1 -5.623055E-07 0
vn 1 -4.5700813E-07 0
vn 1 -3.9308765E-07 0
vn 1 -3.419623E-07 0
vn 1 0 0
vn 1 0 0
vn 1 0 0
vn 1 0 0
vn -1 0 0
vn -1 0 0
vn -1 0 0
vn -1 0 0
vn -1 0 0
vn -1 0 0
vn -1 4.5700813E-07 0
vn -1 5.623055E-07 0
vn -1 3.9308765E-07 0
vn -1 3.419623E-07 0
vn -1 0 0
vn -1 0 0
vn -1 0 0
vn -1 0 0
vn -0 -0.5808943 -0.813979
vn -0 0 -1
vn -0 0 -1
vn -0 -0.5808943 -0.813979
vn -0 -0.57869786 -0.8155421
vn -0 -0.57869786 -0.8155421
vn -0 0.16854356 -0.9856941
vn -0 0.16854346 -0.9856942
vn -0 0.7625931 -0.6468785
vn -0 0.76259273 -0.64687884
vn -0 0.761555 -0.64810026
vn -0 0.761555 -0.64810026
vn -0 0.32414335 -0.9460079
vn -0 0.32414335 -0.9460079
vn -0 0 -1
vn -0 -0.5855305 -0.8106504
vn -0 0 -1
vn -0 -0.5855305 -0.8106504
vn -0 -0.5877114 -0.80907065
vn -0 -0.5877114 -0.80907065
vn -0 -0.15292756 -0.98823744
vn -0 -0.15292747 -0.98823744
vn -0 0.34247822 -0.9395257
vn -0 0.34247786 -0.9395259
vn -5.975012E-07 0.33115768 -0.9435754
vn -5.975012E-07 0.33115768 -0.9435754
vn -9.4165654E-07 -0.319991 -0.9474206
vn -9.416564E-07 -0.31999102 -0.9474206
vn 1 0 0
vn 1 0 0
vn 1 0 0
vn 1 0 0
vn 1 0 0
vn 1 0 0
vn 1 -5.623055E-07 0
vn 1 -4.5700813E-07 0
vn 1 -3.9308765E-07 0
vn 1 -3.419623E-07 0
vn 1 0 0
vn 1 0 0
vn 1 0 0
vn 1 0 0
vn -1 0 0
vn -1 0 0
vn -1 0 0
vn -1 0 0
vn -1 0 0
vn -1 0 0
vn -1 4.5700813E-07 0
vn -1 5.623055E-07 0
vn -1 3.9308765E-07 0
vn -1 3.419623E-07 0
vn -1 0 0
vn -1 0 0
vn -1 0 0
vn -1 0 0
vn -0 -0.5808943 0.813979
vn -0 0 1
vn -0 0 1
vn -0 -0.5808943 0.813979
vn -0 -0.57869786 0.8155421
vn -0 -0.57869786 0.8155421
vn -0 0.16854356 0.9856941
vn -0 0.16854346 0.9856941
vn -0 0.7625931 0.6468785
vn -0 0.76259285 0.64687884
vn -0 0.761555 0.64810026
vn -0 0.761555 0.64810026
vn -0 0.32414335 0.9460079
vn -0 0.32414335 0.9460079
vn -0 0 1
vn -0 0.5855305 0.8106504
vn -0 0 1
vn -0 0.5855305 0.8106504
vn -0 0.5877114 0.80907065
vn -0 0.5877114 0.80907065
vn -0 0.15292747 0.98823744
vn -0 0.15292753 0.98823744
vn -0 -0.3424779 0.9395259
vn -0 -0.34247822 0.9395257
vn -5.975012E-07 -0.33115768 0.9435754
vn -5.975012E-07 -0.33115768 0.9435754
vn -9.4165654E-07 0.319991 0.9474206
vn -9.416564E-07 0.31999102 0.9474206
vn 1 0 0
vn 1 0 0
vn 1 0 0
vn 1 0 0
vn 1 0 0
vn 1 0 0
vn 1 -5.623055E-07 0
vn 1 -4.5700813E-07 0
vn 1 -3.9308765E-07 0
vn 1 -3.419623E-07 0
vn 1 0 0
vn 1 0 0
vn 1 0 0
vn 1 0 0
vn -1 0 0
vn -1 0 0
vn -1 0 0
vn -1 0 0
vn -1 0 0
vn -1 0 0
vn -1 4.5700813E-07 0
vn -1 5.623055E-07 0
vn -1 3.9308765E-07 0
vn -1 3.419623E-07 0
vn -1 0 0
vn -1 0 0
vn -1 0 0
vn -1 0 0
vn -0 0.5808943 -0.813979
vn -0 0 -1
vn -0 0 -1
vn -0 0.5808943 -0.813979
vn -0 0.57869786 -0.8155421
vn -0 0.57869786 -0.8155421
vn -0 -0.16854346 -0.9856941
vn -0 -0.16854356 -0.9856941
vn -0 -0.76259285 -0.64687884
vn -0 -0.7625931 -0.6468785
vn -0 -0.761555 -0.64810026
vn -0 -0.761555 -0.64810026
vn -0 -0.32414335 -0.9460079
vn -0 -0.32414335 -0.9460079
vn -0 0 -1
vn -0 0 -1
vn -0 0.58553064 -0.81065035
vn -0 0.58553064 -0.81065035
vn -0 0.5877114 -0.80907065
vn -0 0.5877114 -0.80907065
vn -0 0.15292747 -0.98823744
vn -0 0.15292756 -0.98823744
vn -0 -0.34247786 -0.9395259
vn -0 -0.34247822 -0.9395257
vn -5.975012E-07 -0.33115768 -0.9435754
vn -5.975012E-07 -0.33115768 -0.9435754
vn -9.4165654E-07 0.319991 -0.9474206
vn -9.416564E-07 0.31999102 -0.9474206
vn 1 0 0
vn 1 0 0
vn 1 0 0
vn 1 0 0
vn 1 0 0
vn 1 0 0
vn 1 -5.623055E-07 0
vn 1 -4.5700813E-07 0
vn 1 -3.9308765E-07 0
vn 1 -3.419623E-07 0
vn 1 0 0
vn 1 0 0
vn 1 0 0
vn 1 0 0
vn -1 0 0
vn -1 0 0
vn -1 0 0
vn -1 0 0
vn -1 0 0
vn -1 0 0
vn -1 4.5700813E-07 0
vn -1 5.623055E-07 0
vn -1 3.9308765E-07 0
vn -1 3.419623E-07 0
vn -1 0 0
vn -1 0 0
vn -1 0 0
vn -1 0 0
vn -0 0.5808943 0.813979
vn -0 0 1
vn -0 0 1
vn -0 0.5808943 0.813979
vn -0 0.57869786 0.8155421
vn -0 0.57869786 0.8155421
vn -0 -0.16854346 0.9856941
vn -0 -0.16854356 0.9856941
vn -0 -0.76259285 0.64687884
vn -0 -0.7625931 0.6468785
vn -0 -0.761555 0.64810026
vn -0 -0.761555 0.64810026
vn -0 -0.3241433 0.9460079
vn -0 -0.3241433 0.9460079
vn -0.044094108 0.996398 0.072434805
vn -0.03955268 0.9969409 0.0674122
vn -0.039754037 0.99664587 -0.071530804
vn -0.15051259 0.98657006 0.06344625
vn -0.13376418 0.9845072 -0.113369614
vn -0.37888238 0.92309844 0.065858476
vn -0.043366097 0.93387514 -0.35496008
vn -0.035583384 0.9337156 -0.35624304
vn -0.4295975 0.90150493 0.052295156
vn -0.48793143 0.87056226 0.063595176
vn -0.47281724 0.88116044 0
vn -0.45682177 0.88955826 0
vn 0.9997683 0.020827817 -0.005439168
vn 0.9997683 0.020827815 -0.0054391674
vn 0.9997683 0.020827817 -0.0054391683
vn 0.9997683 0.020827817 -0.005439168
vn 0.015220551 -0.06698584 0.99763787
vn 0.015220553 -0.066985846 0.99763787
vn -0.20081306 -0.13082431 0.9708548
vn -0.20245731 -0.13129574 0.9704497
vn -0.32714385 -0.18847121 0.925989
vn -0.32699978 -0.18846984 0.92604005
vn -0.24316047 -0.18696082 0.9517976
vn -0.24316046 -0.1869608 0.9517976
vn -0.87462753 -0.48466623 -0.011192496
vn -0.87462753 -0.48466623 -0.011192494
vn -0.87468237 -0.48469663 0
vn -0.87468237 -0.48469663 0
vn 0.9080403 0.41888195 -0.0008255252
vn 0.9080403 0.418882 -0.0008255252
vn 0.9080406 0.41888213 0
vn 0.9080406 0.41888216 0
vn 0.021395167 -0.99012977 -0.1385107
vn 0.01957846 -0.9977215 -0.06456386
vn -0 -0.99818295 -0.060255118
vn 0.14264853 -0.9877402 -0.06340953
vn 0.19664031 -0.97508097 -0.102711685
vn 0.39021447 -0.9191904 -0.05312003
vn 0.45847625 -0.8877894 -0.040366504
vn 0.5162477 -0.8555434 -0.0391636
vn 0.5108733 -0.859656 0
vn 0.5053175 -0.8629335 0
vn 0.14691901 -0.96745425 -0.20602721
vn 0.032570116 -0.958302 -0.2838951
vn -0.032570112 -0.958302 -0.28389508
vn -0.021395162 -0.99012977 -0.1385107
vn -0.007190022 0.06309314 -0.99798167
vn -0.0071900226 0.06309315 -0.99798167
vn -0.0071900226 0.06309314 -0.99798167
vn -0.0071900226 0.06309315 -0.99798167
vn -0.044094108 0.996398 -0.072434805
vn -0.03975404 0.99664587 0.07153081
vn -0.039552685 0.9969409 -0.067412205
vn -0.1505126 0.98657006 -0.06344626
vn -0.13376418 0.9845072 0.113369614
vn -0.37888238 0.92309844 -0.06585848
vn -0.043366097 0.93387514 0.35496008
vn -0.035583384 0.9337156 0.35624307
vn -0.4295975 0.90150493 -0.052295163
vn -0.48793143 0.87056226 -0.06359518
vn -0.47281724 0.88116044 0
vn -0.45682177 0.88955826 0
vn 0.9997683 0.020827815 0.0054391674
vn 0.9997683 0.020827815 0.005439168
vn 0.9997683 0.020827817 0.005439168
vn 0.9997683 0.020827813 0.0054391674
vn 0.015220553 -0.06698584 -0.99763787
vn -0.20081304 -0.13082431 -0.9708548
vn 0.015220551 -0.06698584 -0.99763787
vn -0.20245731 -0.13129574 -0.9704497
vn -0.32714385 -0.18847121 -0.925989
vn -0.32699978 -0.18846984 -0.92604005
vn -0.24316047 -0.18696082 -0.9517976
vn -0.24316046 -0.1869608 -0.9517976
vn -0.87462753 -0.48466623 0.011192496
vn -0.87468237 -0.48469663 0
vn -0.87468237 -0.48469663 0
vn -0.87462753 -0.48466623 0.011192494
vn 0.9080403 0.41888198 0.0008255252
vn 0.9080406 0.41888216 0
vn 0.9080406 0.41888213 0
vn 0.9080403 0.418882 0.0008255252
vn 0.021395164 -0.99012977 0.1385107
vn -0 -0.99818295 0.060255118
vn 0.019578457 -0.9977215 0.064563856
vn 0.14264853 -0.9877402 0.06340953
vn 0.19664031 -0.97508097 0.10271167
vn 0.39021447 -0.9191904 0.05312003
vn 0.14691901 -0.96745425 0.2060272
vn 0.032570116 -0.958302 0.2838951
vn 0.45847625 -0.8877894 0.040366504
vn 0.5162477 -0.8555434 0.0391636
vn 0.5108733 -0.859656 0
vn 0.5053175 -0.8629335 0
vn -0.007190022 0.063093156 0.99798167
vn -0.0071900226 0.06309315 0.99798167
vn -0.0071900226 0.063093156 0.99798167
vn -0.0071900226 0.063093156 0.99798167
vn 0.044094108 0.996398 0.072434805
vn 0.03975404 0.99664587 -0.07153084
vn 0.03955268 0.9969409 0.067412205
vn 0.15051278 0.98657006 0.06344626
vn 0.1337644 0.9845072 -0.11336964
vn 0.3788827 0.9230983 0.06585847
vn 0.043366212 0.93387514 -0.35496014
vn 0.03558339 0.9337156 -0.35624316
vn 0.4295975 0.90150493 0.052295018
vn 0.48793143 0.87056226 0.06359518
vn 0.47281724 0.88116044 0
vn 0.45682177 0.88955826 0
vn -0.9997683 0.020828133 -0.005439164
vn -0.9997683 0.020828133 -0.0054391637
vn -0.9997683 0.020828132 -0.0054391637
vn -0.9997683 0.020828132 -0.005439163
vn -0.01522055 -0.06698584 0.99763787
vn 0.20081303 -0.13082431 0.9708548
vn -0.01522055 -0.06698584 0.99763787
vn 0.20245731 -0.13129576 0.97044957
vn 0.32714385 -0.18847121 0.925989
vn 0.32699975 -0.18846989 0.92604005
vn 0.24316047 -0.18696082 0.9517976
vn 0.24316046 -0.1869608 0.9517976
vn 0.87462753 -0.48466623 -0.011192496
vn 0.87468237 -0.48469663 0
vn 0.87468237 -0.48469663 0
vn 0.87462753 -0.48466623 -0.011192494
vn -0.9080403 0.41888198 -0.0008255252
vn -0.9080406 0.41888216 0
vn -0.9080406 0.41888213 0
vn -0.9080403 0.418882 -0.0008255252
vn -0.021395162 -0.99012977 -0.1385107
vn -0 -0.99818295 -0.060255118
vn -0.01957846 -0.9977215 -0.06456388
vn -0.14264868 -0.9877401 -0.063409485
vn -0.1966405 -0.97508097 -0.10271158
vn -0.3902148 -0.9191902 -0.053120002
vn -0.14691912 -0.96745425 -0.20602709
vn -0.032570112 -0.958302 -0.28389508
vn -0.45847636 -0.88778937 -0.04036648
vn -0.51624775 -0.8555434 -0.03916361
vn -0.5108733 -0.859656 0
vn -0.5053175 -0.8629335 0
vn 0.0071900226 0.06309315 -0.99798167
vn 0.0071900226 0.06309315 -0.99798167
vn 0.007190022 0.06309315 -0.99798167
vn 0.007190022 0.06309315 -0.99798167
vn 0.044094108 0.996398 -0.072434805
vn 0.03955268 0.9969409 -0.067412205
vn 0.03975404 0.99664587 0.07153084
vn 0.15051278 0.98657006 -0.06344626
vn 0.1337644 0.9845072 0.11336964
vn 0.3788827 0.9230983 -0.06585847
vn 0.04336621 0.93387514 0.3549601
vn 0.035583388 0.9337156 0.35624307
vn 0.4295975 0.90150493 -0.052295018
vn 0.48793143 0.87056226 -0.063595176
vn 0.47281724 0.88116044 0
vn 0.45682177 0.88955826 0
vn -0.9997683 0.020828133 0.005439164
vn -0.9997683 0.020828132 0.005439163
vn -0.9997683 0.020828132 0.0054391637
vn -0.9997683 0.020828133 0.0054391637
vn -0.015220548 -0.06698584 -0.99763787
vn -0.015220548 -0.06698584 -0.99763787
vn 0.20081304 -0.13082428 -0.9708548
vn 0.20245732 -0.13129573 -0.97044957
vn 0.32714385 -0.18847121 -0.925989
vn 0.32699975 -0.18846986 -0.92604005
vn 0.24316047 -0.18696082 -0.9517976
vn 0.24316046 -0.1869608 -0.9517976
vn 0.87462753 -0.48466623 0.011192496
vn 0.87462753 -0.48466623 0.011192494
vn 0.87468237 -0.48469663 0
vn 0.87468237 -0.48469663 0
vn -0.9080403 0.41888195 0.0008255252
vn -0.9080403 0.418882 0.0008255252
vn -0.9080406 0.41888213 0
vn -0.9080406 0.41888216 0
vn -0.021395162 -0.99012977 0.13851067
vn -0.01957846 -0.9977215 0.06456386
vn -0 -0.99818295 0.060255118
vn -0.14264868 -0.9877401 0.06340947
vn -0.1966405 -0.97508097 0.10271158
vn -0.3902148 -0.9191902 0.053120002
vn -0.14691912 -0.96745425 0.20602709
vn -0.032570112 -0.958302 0.28389508
vn -0.45847636 -0.88778937 0.04036648
vn -0.5162477 -0.8555434 0.0391636
vn -0.5108733 -0.859656 0
vn -0.5053175 -0.8629335 0
vn 0.0071900226 0.06309315 0.99798167
vn 0.0071900226 0.06309315 0.99798167
vn 0.007190022 0.06309315 0.99798167
vn 0.0071900217 0.06309314 0.99798167
vn 0.4442694 0 -0.8958933
vn 0.4442694 0 -0.8958933
vn 0.5201371 0 -0.8540829
vn 0.5201371 0 -0.8540829
vn 0.6775199 0 -0.73550445
vn 0.6775199 0 -0.7355044
vn 0.8305358 0 -0.5569652
vn 0.83053577 0 -0.5569653
vn 0.9536406 0 -0.3009479
vn 0.9536406 0 -0.3009479
vn 0.9968209 0 -0.079675265
vn 0.9968209 0 -0.079675265
vn 1 0 0
vn 1 0 0
vn -0 -1 0
vn -0 -1 0
vn -0 -1 0
vn -0 -1 0
vn -1.1922016E-07 -1 -1.3396372E-07
vn -1.2290671E-07 -1 -1.3810617E-07
vn -1.2236623E-07 -1 -1.3749886E-07
vn -1.2019422E-07 -1 -1.3505823E-07
vn -0 -1 0
vn -0 -1 0
vn -0 -1 0
vn -0 -1 0
vn -0 -1 0
vn -0 -1 0
vn 0.9789722 0 0.20399362
vn 0.9789722 0 0.20399362
vn 0.9789722 0 0.20399362
vn 0.9789722 0 0.20399362
vn -0 1 0
vn -0 1 0
vn -0 1 0
vn -0 1 0
vn 1.1922016E-07 1 1.3396372E-07
vn 1.2290671E-07 1 1.3810617E-07
vn 1.2236623E-07 1 1.3749886E-07
vn 1.2019422E-07 1 1.3505823E-07
vn -0 1 0
vn -0 1 0
vn -0 1 0
vn -0 1 0
vn -0 1 0
vn -0 1 0
vn 0.44426942 0 0.8958933
vn 0.520137 0 0.85408276
vn 0.44426942 0 0.8958933
vn 0.520137 0 0.85408276
vn 0.6775199 0 0.73550445
vn 0.6775199 0 0.7355044
vn 0.8305358 0 0.5569652
vn 0.83053577 0 0.5569653
vn 0.9536406 0 0.3009479
vn 0.9536406 0 0.3009479
vn 0.9968209 0 0.079675265
vn 0.9968209 0 0.079675265
vn 1 0 0
vn 1 0 0
vn -0 -1 0
vn -0 -1 0
vn -0 -1 0
vn -0 -1 0
vn -1.1922016E-07 -1 1.3396372E-07
vn -1.2290671E-07 -1 1.3810617E-07
vn -1.2236623E-07 -1 1.3749886E-07
vn -1.2019422E-07 -1 1.3505823E-07
vn -0 -1 0
vn -0 -1 0
vn -0 -1 0
vn -0 -1 0
vn -0 -1 0
vn -0 -1 0
vn 0.9789722 0 -0.20399362
vn 0.9789722 0 -0.20399362
vn 0.9789722 0 -0.20399362
vn 0.9789722 0 -0.20399362
vn -0 1 0
vn -0 1 0
vn -0 1 0
vn -0 1 0
vn 1.1922016E-07 1 -1.3396372E-07
vn 1.2290671E-07 1 -1.3810617E-07
vn 1.2236623E-07 1 -1.3749886E-07
vn 1.2019422E-07 1 -1.3505823E-07
vn -0 1 0
vn -0 1 0
vn -0 1 0
vn -0 1 0
vn -0 1 0
vn -0 1 0
vn -0.44426942 0 -0.8958933
vn -0.520137 0 -0.85408276
vn -0.44426942 0 -0.8958933
vn -0.520137 0 -0.85408276
vn -0.6775199 0 -0.7355044
vn -0.6775199 0 -0.73550445
vn -0.83053577 0 -0.5569653
vn -0.8305358 0 -0.5569652
vn -0.9536406 0 -0.3009479
vn -0.9536406 0 -0.3009479
vn -0.9968209 0 -0.079675265
vn -0.9968209 0 -0.079675265
vn -1 0 0
vn -1 0 0
vn -0 -1 0
vn -0 -1 0
vn -0 -1 0
vn -0 -1 0
vn -1.1922016E-07 -1 1.3396372E-07
vn -1.2290671E-07 -1 1.3810617E-07
vn -1.2236623E-07 -1 1.3749886E-07
vn -1.2019422E-07 -1 1.3505823E-07
vn -0 -1 0
vn -0 -1 0
vn -0 -1 0
vn -0 -1 0
vn -0 -1 0
vn -0 -1 0
vn -0.9789722 0 0.20399362
vn -0.9789722 0 0.20399362
vn -0.9789722 0 0.20399362
vn -0.9789722 0 0.20399362
vn -0 1 0
vn -0 1 0
vn -0 1 0
vn -0 1 0
vn 1.1922016E-07 1 -1.3396372E-07
vn 1.2290671E-07 1 -1.3810617E-07
vn 1.2236623E-07 1 -1.3749886E-07
vn 1.2019422E-07 1 -1.3505823E-07
vn -0 1 0
vn -0 1 0
vn -0 1 0
vn -0 1 0
vn -0 1 0
vn -0 1 0
vn -0.4442694 0 0.8958933
vn -0.4442694 0 0.8958933
vn -0.5201371 0 0.8540829
vn -0.5201371 0 0.8540829
vn -0.6775199 0 0.7355044
vn -0.6775199 0 0.73550445
vn -0.83053577 0 0.5569653
vn -0.8305358 0 0.5569652
vn -0.9536406 0 0.3009479
vn -0.9536406 0 0.3009479
vn -0.9968209 0 0.079675265
vn -0.9968209 0 0.079675265
vn -1 0 0
vn -1 0 0
vn -0 -1 0
vn -0 -1 0
vn -0 -1 0
vn -0 -1 0
vn -1.1922016E-07 -1 -1.3396372E-07
vn -1.2290671E-07 -1 -1.3810617E-07
vn -1.2236623E-07 -1 -1.3749886E-07
vn -1.2019422E-07 -1 -1.3505823E-07
vn -0 -1 0
vn -0 -1 0
vn -0 -1 0
vn -0 -1 0
vn -0 -1 0
vn -0 -1 0
vn -0.9789722 0 -0.20399362
vn -0.9789722 0 -0.20399362
vn -0.9789722 0 -0.20399362
vn -0.9789722 0 -0.20399362
vn -0 1 0
vn -0 1 0
vn -0 1 0
vn -0 1 0
vn 1.1922016E-07 1 1.3396372E-07
vn 1.2290671E-07 1 1.3810617E-07
vn 1.2236623E-07 1 1.3749886E-07
vn 1.2019422E-07 1 1.3505823E-07
vn -0 1 0
vn -0 1 0
vn -0 1 0
vn -0 1 0
vn -0 1 0
vn -0 1 0
vn 0.44426942 0 -0.8958933
vn 0.520137 0 -0.85408276
vn 0.44426942 0 -0.8958933
vn 0.520137 0 -0.85408276
vn 0.6775199 0 -0.7355044
vn 0.6775199 0 -0.73550445
vn 0.83053577 0 -0.5569653
vn 0.8305358 0 -0.5569652
vn 0.9536406 0 -0.3009479
vn 0.9536406 0 -0.3009479
vn 0.9968209 0 -0.079675265
vn 0.9968209 0 -0.079675265
vn 1 0 0
vn 1 0 0
vn -0 1 0
vn -0 1 0
vn -0 1 0
vn -0 1 0
vn 1.1922016E-07 1 1.3396372E-07
vn 1.2290671E-07 1 1.3810617E-07
vn 1.2236623E-07 1 1.3749886E-07
vn 1.2019422E-07 1 1.3505823E-07
vn -0 1 0
vn -0 1 0
vn -0 1 0
vn -0 1 0
vn -0 1 0
vn -0 1 0
vn 0.9789722 0 0.20399362
vn 0.9789722 0 0.20399362
vn 0.9789722 0 0.20399362
vn 0.9789722 0 0.20399362
vn -0 -1 0
vn -0 -1 0
vn -0 -1 0
vn -0 -1 0
vn -1.1922016E-07 -1 -1.3396372E-07
vn -1.2290671E-07 -1 -1.3810617E-07
vn -1.2236623E-07 -1 -1.3749886E-07
vn -1.2019422E-07 -1 -1.3505823E-07
vn -0 -1 0
vn -0 -1 0
vn -0 -1 0
vn -0 -1 0
vn -0 -1 0
vn -0 -1 0
vn 0.4442694 0 0.8958933
vn 0.4442694 0 0.8958933
vn 0.5201371 0 0.8540829
vn 0.5201371 0 0.8540829
vn 0.6775199 0 0.7355044
vn 0.6775199 0 0.73550445
vn 0.83053577 0 0.5569653
vn 0.8305358 0 0.5569652
vn 0.9536406 0 0.3009479
vn 0.9536406 0 0.3009479
vn 0.9968209 0 0.079675265
vn 0.9968209 0 0.079675265
vn 1 0 0
vn 1 0 0
vn -0 1 0
vn -0 1 0
vn -0 1 0
vn -0 1 0
vn 1.1922016E-07 1 -1.3396372E-07
vn 1.2290671E-07 1 -1.3810617E-07
vn 1.2236623E-07 1 -1.3749886E-07
vn 1.2019422E-07 1 -1.3505823E-07
vn -0 1 0
vn -0 1 0
vn -0 1 0
vn -0 1 0
vn -0 1 0
vn -0 1 0
vn 0.9789722 0 -0.20399362
vn 0.9789722 0 -0.20399362
vn 0.9789722 0 -0.20399362
vn 0.9789722 0 -0.20399362
vn -0 -1 0
vn -0 -1 0
vn -0 -1 0
vn -0 -1 0
vn -1.1922016E-07 -1 1.3396372E-07
vn -1.2290671E-07 -1 1.3810617E-07
vn -1.2236623E-07 -1 1.3749886E-07
vn -1.2019422E-07 -1 1.3505823E-07
vn -0 -1 0
vn -0 -1 0
vn -0 -1 0
vn -0 -1 0
vn -0 -1 0
vn -0 -1 0
vn -0.4442694 0 -0.8958933
vn -0.4442694 0 -0.8958933
vn -0.5201371 0 -0.8540829
vn -0.5201371 0 -0.8540829
vn -0.6775199 0 -0.73550445
vn -0.6775199 0 -0.7355044
vn -0.8305358 0 -0.5569652
vn -0.83053577 0 -0.5569653
vn -0.9536406 0 -0.3009479
vn -0.9536406 0 -0.3009479
vn -0.9968209 0 -0.079675265
vn -0.9968209 0 -0.079675265
vn -1 0 0
vn -1 0 0
vn -0 1 0
vn -0 1 0
vn -0 1 0
vn -0 1 0
vn 1.1922016E-07 1 -1.3396372E-07
vn 1.2290671E-07 1 -1.3810617E-07
vn 1.2236623E-07 1 -1.3749886E-07
vn 1.2019422E-07 1 -1.3505823E-07
vn -0 1 0
vn -0 1 0
vn -0 1 0
vn -0 1 0
vn -0 1 0
vn -0 1 0
vn -0.9789722 0 0.20399362
vn -0.9789722 0 0.20399362
vn -0.9789722 0 0.20399362
vn -0.9789722 0 0.20399362
vn -0 -1 0
vn -0 -1 0
vn -0 -1 0
vn -0 -1 0
vn -1.1922016E-07 -1 1.3396372E-07
vn -1.2290671E-07 -1 1.3810617E-07
vn -1.2236623E-07 -1 1.3749886E-07
vn -1.2019422E-07 -1 1.3505823E-07
vn -0 -1 0
vn -0 -1 0
vn -0 -1 0
vn -0 -1 0
vn -0 -1 0
vn -0 -1 0
vn -0.44426942 0 0.8958933
vn -0.520137 0 0.85408276
vn -0.44426942 0 0.8958933
vn -0.520137 0 0.85408276
vn -0.6775199 0 0.73550445
vn -0.6775199 0 0.7355044
vn -0.8305358 0 0.5569652
vn -0.83053577 0 0.5569653
vn -0.9536406 0 0.3009479
vn -0.9536406 0 0.3009479
vn -0.9968209 0 0.079675265
vn -0.9968209 0 0.079675265
vn -1 0 0
vn -1 0 0
vn -0 1 0
vn -0 1 0
vn -0 1 0
vn -0 1 0
vn 1.1922016E-07 1 1.3396372E-07
vn 1.2290671E-07 1 1.3810617E-07
vn 1.2236623E-07 1 1.3749886E-07
vn 1.2019422E-07 1 1.3505823E-07
vn -0 1 0
vn -0 1 0
vn -0 1 0
vn -0 1 0
vn -0 1 0
vn -0 1 0
vn -0.9789722 0 -0.20399362
vn -0.9789722 0 -0.20399362
vn -0.9789722 0 -0.20399362
vn -0.9789722 0 -0.20399362
vn -0 -1 0
vn -0 -1 0
vn -0 -1 0
vn -0 -1 0
vn -1.1922016E-07 -1 -1.3396372E-07
vn -1.2290671E-07 -1 -1.3810617E-07
vn -1.2236623E-07 -1 -1.3749886E-07
vn -1.2019422E-07 -1 -1.3505823E-07
vn -0 -1 0
vn -0 -1 0
vn -0 -1 0
vn -0 -1 0
vn -0 -1 0
vn -0 -1 0
vn -0.9999759 0.006679105 0.0019013102
vn -0.9999759 0.0066791046 0.0019013102
vn -0.99997973 0.0061844406 0.0015115055
vn -0.9999807 0.0060598613 0.0014133356
vn -0.9993654 -0.035507705 0.002852458
vn -0.9971655 -0.075089544 0.00475157
vn -0.98884714 -0.1487035 0.008278673
vn -0.98884714 -0.1487035 0.008278672
vn 0.99820673 -0.05955591 0.006039979
vn 0.99440527 -0.10532592 0.008033691
vn 0.99440527 -0.10532593 0.008033691
vn 0.999363 -0.03533892 0.0049821655
vn 0.9999931 -0.0008609866 0.003640125
vn 0.9999932 0.0007744686 0.0035985124
vn 0.999966 0.0075027077 0.0034272205
vn 0.999966 0.0075027086 0.0034272207
vn 0.010746173 -0.6429621 0.7658226
vn 0.008702948 -0.6295798 0.77688706
vn 0.022272317 -0.71513575 0.6986307
vn 0.0006067705 -0.29979572 0.9540033
vn 0.00047796807 -0.31243375 0.94993937
vn 0.0031960187 -0.03182129 0.9994885
vn 0.0031960187 -0.03182129 0.9994885
vn 0.003802549 0.2499441 -0.9682528
vn 0.021182748 0.05134709 -0.99845624
vn 0.018740227 0.079991475 -0.99661934
vn 0.024220465 -0.047241423 -0.9985898
vn 0.02393306 -0.045525502 -0.99867636
vn 0.01362527 0.015822785 -0.999782
vn 0.01362527 0.015822785 -0.999782
vn 0.9999759 0.006679105 0.0019013102
vn 0.99997973 0.0061844406 0.0015115056
vn 0.9999759 0.0066791046 0.0019013102
vn 0.9999807 0.0060598613 0.0014133356
vn 0.9993654 -0.035507698 0.0028524578
vn 0.9971655 -0.07508954 0.0047515696
vn 0.98884714 -0.1487035 0.008278672
vn 0.98884714 -0.14870349 0.008278672
vn -0.99820673 -0.05955591 0.006039979
vn -0.99440527 -0.10532593 0.008033691
vn -0.99440527 -0.10532592 0.008033691
vn -0.999363 -0.03533892 0.0049821655
vn -0.9999931 -0.0008609866 0.003640125
vn -0.9999932 0.0007744686 0.0035985124
vn -0.999966 0.0075027077 0.0034272205
vn -0.999966 0.0075027086 0.0034272207
vn -0.010746166 -0.6429621 0.7658226
vn -0.022272317 -0.71513575 0.6986307
vn -0.00870294 -0.6295797 0.7768871
vn -0.0006067628 -0.29979566 0.9540033
vn -0.0004779601 -0.31243372 0.94993937
vn -0.0031960187 -0.03182129 0.9994885
vn -0.0031960187 -0.03182129 0.9994885
vn -0.003802549 0.2499441 -0.9682528
vn -0.018740227 0.079991475 -0.99661934
vn -0.021182748 0.051347088 -0.99845624
vn -0.024220465 -0.047241423 -0.9985898
vn -0.023933062 -0.045525502 -0.99867636
vn -0.01362527 0.015822787 -0.999782
vn -0.01362527 0.015822787 -0.999782
vn 0.39657858 0.1704091 -0.90204555
vn -0.9079946 -0.41884214 0.010820976
vn -0.9079946 -0.41884217 0.010820977
vn 0.39657855 0.1704091 -0.90204555
vn 0.22709578 0.12018785 -0.9664277
vn -0.4295975 0.90150493 0.052295156
vn -0.043366097 0.93387514 -0.35496008
vn 0.06857692 0.071628936 -0.99507105
vn -0.035583384 0.9337156 -0.35624304
vn 0.03558339 0.9337156 -0.35624316
vn 0.24513687 0.12562126 -0.96131533
vn 0.14691901 -0.96745425 -0.20602721
vn 0.45847625 -0.8877894 -0.040366504
vn 0.032570116 -0.958302 -0.2838951
vn 0.06857692 0.071628936 -0.99507105
vn -0.068576925 0.07162897 -0.99507105
vn -0.06857691 0.071628965 -0.99507105
vn -0.032570112 -0.958302 -0.28389508
vn -0.14691912 -0.96745425 -0.20602709
vn -0.24513687 0.12562129 -0.96131533
vn -0.45847636 -0.88778937 -0.04036648
vn -0.39657858 0.1704091 -0.90204555
vn -0.22709578 0.12018785 -0.9664277
vn 0.043366212 0.93387514 -0.35496014
vn -0.39657858 0.17040907 -0.90204555
vn 0.4295975 0.90150493 0.052295018
vn 0.9079948 -0.41884154 0.0108213695
vn 0.9079948 -0.41884154 0.0108213695
vn 0.39657858 0.17040901 0.90204555
vn -0.4295975 0.90150493 -0.052295163
vn -0.043366097 0.93387514 0.35496008
vn 0.22709578 0.12018779 0.9664277
vn -0.035583384 0.9337156 0.35624307
vn 0.39657855 0.17040901 0.90204555
vn -0.9079948 -0.41884154 -0.010821455
vn -0.9079948 -0.41884154 -0.010821455
vn 0.24513687 0.1256212 0.96131533
vn 0.45847625 -0.8877894 0.040366504
vn 0.14691901 -0.96745425 0.2060272
vn 0.06857692 0.071628936 0.99507105
vn 0.06857692 0.071628936 0.99507105
vn 0.032570116 -0.958302 0.2838951
vn -0.032570112 -0.958302 0.28389508
vn -0.068576925 0.07162897 0.99507105
vn 0.035583388 0.9337156 0.35624307
vn 0.04336621 0.93387514 0.3549601
vn -0.06857691 0.071628965 0.99507105
vn -0.24513687 0.12562136 0.96131533
vn -0.14691912 -0.96745425 0.20602709
vn -0.22709577 0.12018792 0.9664276
vn 0.4295975 0.90150493 -0.052295018
vn -0.39657858 0.1704092 0.90204555
vn -0.39657858 0.1704092 0.90204555
vn -0.45847636 -0.88778937 0.04036648
vn 0.9079948 -0.41884154 -0.010822502
vn 0.9079948 -0.41884163 -0.010822501
vn 0.03975404 0.99664587 -0.07153084
vn -0.039754037 0.99664587 -0.071530804
vn -0.035583384 0.9337156 -0.35624304
vn 0.03558339 0.9337156 -0.35624316
vn 0.035583388 0.9337156 0.35624307
vn -0.035583384 0.9337156 0.35624307
vn -0.03975404 0.99664587 0.07153081
vn 0.03975404 0.99664587 0.07153084
vn -0.021395162 -0.99012977 0.13851067
vn 0.021395164 -0.99012977 0.1385107
vn 0.032570116 -0.958302 0.2838951
vn -0.032570112 -0.958302 0.28389508
vn -4.8496446E-07 -1 0
vn -5.3406313E-07 -1 -1.5100639E-07
vn -5.662804E-07 -1 -2.2573167E-07
vn -4.059192E-07 -1 0
vn -3.7096953E-07 -1 0
vn -0 -1 0
vn -0 -1 0
vn 3.1704923E-07 -1 -1.4669669E-07
vn 3.170492E-07 -1 -1.4669669E-07
vn 4.8496446E-07 1 0
vn 5.3406313E-07 1 -1.5100639E-07
vn 5.662804E-07 1 -2.2573167E-07
vn 4.059192E-07 1 0
vn 3.7096953E-07 1 0
vn 1.5371535E-07 1 0
vn 1.708617E-07 1 0
vn -0 1 0
vn -0 1 0
g S_wpn_funnel_0010_01_lod0_0
f 3/3/3 2/2/2 1/1/1
f 6/6/6 5/5/5 4/4/4
f 9/9/9 8/8/8 7/7/7
f 12/12/12 11/11/11 10/10/10
f 15/15/15 14/14/14 13/13/13
f 18/18/18 17/17/17 16/16/16
f 21/21/21 20/20/20 19/19/19
f 24/24/24 23/23/23 22/22/22
f 27/27/27 26/26/26 25/25/25
f 28/28/28 27/27/27 25/25/25
f 27/27/27 28/28/28 29/29/29
f 28/28/28 30/30/30 29/29/29
f 29/29/29 30/30/30 31/31/31
f 30/30/30 32/32/32 31/31/31
f 35/35/35 34/34/34 33/33/33
f 36/36/36 35/35/35 33/33/33
f 36/36/36 33/33/33 37/37/37
f 38/38/38 36/36/36 37/37/37
f 38/38/38 37/37/37 39/39/39
f 40/40/40 38/38/38 39/39/39
f 43/43/43 42/42/42 41/41/41
f 41/41/41 42/42/42 44/44/44
f 42/42/42 45/45/45 44/44/44
f 44/44/44 45/45/45 46/46/46
f 47/47/47 44/44/44 46/46/46
f 50/50/50 49/49/49 48/48/48
f 50/50/50 51/51/51 49/49/49
f 51/51/51 52/52/52 49/49/49
f 52/52/52 51/51/51 53/53/53
f 54/54/54 52/52/52 53/53/53
f 57/57/57 56/56/56 55/55/55
f 58/58/58 57/57/57 55/55/55
f 57/57/57 58/58/58 59/59/59
f 58/58/58 60/60/60 59/59/59
f 59/59/59 60/60/60 61/61/61
f 60/60/60 62/62/62 61/61/61
f 65/65/65 64/64/64 63/63/63
f 66/66/66 65/65/65 63/63/63
f 66/66/66 63/63/63 67/67/67
f 68/68/68 66/66/66 67/67/67
f 68/68/68 67/67/67 69/69/69
f 70/70/70 68/68/68 69/69/69
f 73/73/73 72/72/72 71/71/71
f 71/71/71 72/72/72 74/74/74
f 72/72/72 75/75/75 74/74/74
f 74/74/74 75/75/75 76/76/76
f 77/77/77 74/74/74 76/76/76
f 80/80/80 79/79/79 78/78/78
f 80/80/80 81/81/81 79/79/79
f 81/81/81 82/82/82 79/79/79
f 82/82/82 81/81/81 83/83/83
f 84/84/84 82/82/82 83/83/83
f 87/87/87 86/86/86 85/85/85
f 88/88/88 87/87/87 85/85/85
f 87/87/87 88/88/88 89/89/89
f 88/88/88 90/90/90 89/89/89
f 89/89/89 90/90/90 91/91/91
f 90/90/90 92/92/92 91/91/91
f 95/95/95 94/94/94 93/93/93
f 96/96/96 95/95/95 93/93/93
f 96/96/96 93/93/93 97/97/97
f 98/98/98 96/96/96 97/97/97
f 98/98/98 97/97/97 99/99/99
f 100/100/100 98/98/98 99/99/99
f 103/103/103 102/102/102 101/101/101
f 101/101/101 102/102/102 104/104/104
f 102/102/102 105/105/105 104/104/104
f 104/104/104 105/105/105 106/106/106
f 107/107/107 104/104/104 106/106/106
f 110/110/110 109/109/109 108/108/108
f 110/110/110 111/111/111 109/109/109
f 111/111/111 112/112/112 109/109/109
f 112/112/112 111/111/111 113/113/113
f 114/114/114 112/112/112 113/113/113
f 117/117/117 116/116/116 115/115/115
f 118/118/118 117/117/117 115/115/115
f 117/117/117 118/118/118 119/119/119
f 118/118/118 120/120/120 119/119/119
f 119/119/119 120/120/120 121/121/121
f 120/120/120 122/122/122 121/121/121
f 125/125/125 124/124/124 123/123/123
f 126/126/126 125/125/125 123/123/123
f 126/126/126 123/123/123 127/127/127
f 128/128/128 126/126/126 127/127/127
f 128/128/128 127/127/127 129/129/129
f 130/130/130 128/128/128 129/129/129
f 133/133/133 132/132/132 131/131/131
f 131/131/131 132/132/132 134/134/134
f 132/132/132 135/135/135 134/134/134
f 134/134/134 135/135/135 136/136/136
f 137/137/137 134/134/134 136/136/136
f 140/140/140 139/139/139 138/138/138
f 140/140/140 141/141/141 139/139/139
f 141/141/141 142/142/142 139/139/139
f 142/142/142 141/141/141 143/143/143
f 144/144/144 142/142/142 143/143/143
f 147/147/147 146/146/146 145/145/145
f 148/148/148 147/147/147 145/145/145
f 147/147/147 148/148/148 149/149/149
f 148/148/148 150/150/150 149/149/149
f 149/149/149 150/150/150 151/151/151
f 150/150/150 152/152/152 151/151/151
f 155/155/155 154/154/154 153/153/153
f 156/156/156 155/155/155 153/153/153
f 156/156/156 153/153/153 157/157/157
f 158/158/158 156/156/156 157/157/157
f 158/158/158 157/157/157 159/159/159
f 160/160/160 158/158/158 159/159/159
f 163/163/163 162/162/162 161/161/161
f 161/161/161 162/162/162 164/164/164
f 162/162/162 165/165/165 164/164/164
f 164/164/164 165/165/165 166/166/166
f 167/167/167 164/164/164 166/166/166
f 170/170/170 169/169/169 168/168/168
f 170/170/170 171/171/171 169/169/169
f 171/171/171 172/172/172 169/169/169
f 172/172/172 171/171/171 173/173/173
f 174/174/174 172/172/172 173/173/173
f 177/177/177 176/176/176 175/175/175
f 178/178/178 177/177/177 175/175/175
f 177/177/177 178/178/178 179/179/179
f 178/178/178 180/180/180 179/179/179
f 179/179/179 180/180/180 181/181/181
f 180/180/180 182/182/182 181/181/181
f 185/185/185 184/184/184 183/183/183
f 186/186/186 185/185/185 183/183/183
f 186/186/186 183/183/183 187/187/187
f 188/188/188 186/186/186 187/187/187
f 188/188/188 187/187/187 189/189/189
f 190/190/190 188/188/188 189/189/189
f 193/193/193 192/192/192 191/191/191
f 191/191/191 192/192/192 194/194/194
f 192/192/192 195/195/195 194/194/194
f 194/194/194 195/195/195 196/196/196
f 197/197/197 194/194/194 196/196/196
f 200/200/200 199/199/199 198/198/198
f 200/200/200 201/201/201 199/199/199
f 201/201/201 202/202/202 199/199/199
f 202/202/202 201/201/201 203/203/203
f 204/204/204 202/202/202 203/203/203
f 207/207/207 206/206/206 205/205/205
f 208/208/208 207/207/207 205/205/205
f 207/207/207 208/208/208 209/209/209
f 208/208/208 210/210/210 209/209/209
f 209/209/209 210/210/210 211/211/211
f 210/210/210 212/212/212 211/211/211
f 215/215/215 214/214/214 213/213/213
f 216/216/216 215/215/215 213/213/213
f 216/216/216 213/213/213 217/217/217
f 218/218/218 216/216/216 217/217/217
f 218/218/218 217/217/217 219/219/219
f 220/220/220 218/218/218 219/219/219
f 223/223/223 222/222/222 221/221/221
f 221/221/221 222/222/222 224/224/224
f 222/222/222 225/225/225 224/224/224
f 224/224/224 225/225/225 226/226/226
f 227/227/227 224/224/224 226/226/226
f 230/230/230 229/229/229 228/228/228
f 230/230/230 231/231/231 229/229/229
f 231/231/231 232/232/232 229/229/229
f 232/232/232 231/231/231 233/233/233
f 234/234/234 232/232/232 233/233/233
f 237/237/237 236/236/236 235/235/235
f 238/238/238 237/237/237 235/235/235
f 237/237/237 238/238/238 239/239/239
f 238/238/238 240/240/240 239/239/239
f 239/239/239 240/240/240 241/241/241
f 240/240/240 242/242/242 241/241/241
f 245/245/245 244/244/244 243/243/243
f 246/246/246 245/245/245 243/243/243
f 246/246/246 243/243/243 247/247/247
f 248/248/248 246/246/246 247/247/247
f 248/248/248 247/247/247 249/249/249
f 250/250/250 248/248/248 249/249/249
f 253/253/253 252/252/252 251/251/251
f 251/251/251 252/252/252 254/254/254
f 252/252/252 255/255/255 254/254/254
f 254/254/254 255/255/255 256/256/256
f 257/257/257 254/254/254 256/256/256
f 260/260/260 259/259/259 258/258/258
f 260/260/260 261/261/261 259/259/259
f 261/261/261 262/262/262 259/259/259
f 262/262/262 261/261/261 263/263/263
f 264/264/264 262/262/262 263/263/263
f 267/267/267 266/266/266 265/265/265
f 268/268/268 267/267/267 265/265/265
f 267/267/267 268/268/268 269/269/269
f 268/268/268 270/270/270 269/269/269
f 269/269/269 270/270/270 271/271/271
f 270/270/270 272/272/272 271/271/271
f 275/275/275 274/274/274 273/273/273
f 276/276/276 275/275/275 273/273/273
f 276/276/276 273/273/273 277/277/277
f 278/278/278 276/276/276 277/277/277
f 278/278/278 277/277/277 279/279/279
f 280/280/280 278/278/278 279/279/279
f 283/283/283 282/282/282 281/281/281
f 281/281/281 282/282/282 284/284/284
f 282/282/282 285/285/285 284/284/284
f 284/284/284 285/285/285 286/286/286
f 287/287/287 284/284/284 286/286/286
f 290/290/290 289/289/289 288/288/288
f 290/290/290 291/291/291 289/289/289
f 291/291/291 292/292/292 289/289/289
f 292/292/292 291/291/291 293/293/293
f 294/294/294 292/292/292 293/293/293
f 297/297/297 296/296/296 295/295/295
f 298/298/298 297/297/297 295/295/295
f 297/297/297 298/298/298 299/299/299
f 298/298/298 300/300/300 299/299/299
f 299/299/299 300/300/300 301/301/301
f 300/300/300 302/302/302 301/301/301
f 305/305/305 304/304/304 303/303/303
f 306/306/306 305/305/305 303/303/303
f 306/306/306 303/303/303 307/307/307
f 308/308/308 306/306/306 307/307/307
f 308/308/308 307/307/307 309/309/309
f 310/310/310 308/308/308 309/309/309
f 313/313/313 312/312/312 311/311/311
f 311/311/311 312/312/312 314/314/314
f 312/312/312 315/315/315 314/314/314
f 314/314/314 315/315/315 316/316/316
f 317/317/317 314/314/314 316/316/316
f 320/320/320 319/319/319 318/318/318
f 320/320/320 321/321/321 319/319/319
f 321/321/321 322/322/322 319/319/319
f 322/322/322 321/321/321 323/323/323
f 324/324/324 322/322/322 323/323/323
f 327/327/327 326/326/326 325/325/325
f 328/328/328 327/327/327 325/325/325
f 327/327/327 328/328/328 329/329/329
f 328/328/328 330/330/330 329/329/329
f 329/329/329 330/330/330 331/331/331
f 330/330/330 332/332/332 331/331/331
f 335/335/335 334/334/334 333/333/333
f 336/336/336 335/335/335 333/333/333
f 336/336/336 333/333/333 337/337/337
f 338/338/338 336/336/336 337/337/337
f 338/338/338 337/337/337 339/339/339
f 340/340/340 338/338/338 339/339/339
f 343/343/343 342/342/342 341/341/341
f 341/341/341 342/342/342 344/344/344
f 342/342/342 345/345/345 344/344/344
f 344/344/344 345/345/345 346/346/346
f 347/347/347 344/344/344 346/346/346
f 350/350/350 349/349/349 348/348/348
f 350/350/350 351/351/351 349/349/349
f 351/351/351 352/352/352 349/349/349
f 352/352/352 351/351/351 353/353/353
f 354/354/354 352/352/352 353/353/353
f 357/357/357 356/356/356 355/355/355
f 358/358/358 357/357/357 355/355/355
f 357/357/357 358/358/358 359/359/359
f 358/358/358 360/360/360 359/359/359
f 359/359/359 360/360/360 361/361/361
f 360/360/360 362/362/362 361/361/361
f 365/365/365 364/364/364 363/363/363
f 366/366/366 365/365/365 363/363/363
f 366/366/366 363/363/363 367/367/367
f 368/368/368 366/366/366 367/367/367
f 368/368/368 367/367/367 369/369/369
f 370/370/370 368/368/368 369/369/369
f 373/373/373 372/372/372 371/371/371
f 371/371/371 372/372/372 374/374/374
f 372/372/372 375/375/375 374/374/374
f 374/374/374 375/375/375 376/376/376
f 377/377/377 374/374/374 376/376/376
f 380/380/380 379/379/379 378/378/378
f 380/380/380 381/381/381 379/379/379
f 381/381/381 382/382/382 379/379/379
f 382/382/382 381/381/381 383/383/383
f 384/384/384 382/382/382 383/383/383
f 387/387/387 386/386/386 385/385/385
f 388/388/388 387/387/387 385/385/385
f 387/387/387 388/388/388 389/389/389
f 388/388/388 390/390/390 389/389/389
f 389/389/389 390/390/390 391/391/391
f 390/390/390 392/392/392 391/391/391
f 395/395/395 394/394/394 393/393/393
f 396/396/396 395/395/395 393/393/393
f 396/396/396 393/393/393 397/397/397
f 398/398/398 396/396/396 397/397/397
f 398/398/398 397/397/397 399/399/399
f 400/400/400 398/398/398 399/399/399
f 403/403/403 402/402/402 401/401/401
f 401/401/401 402/402/402 404/404/404
f 402/402/402 405/405/405 404/404/404
f 404/404/404 405/405/405 406/406/406
f 407/407/407 404/404/404 406/406/406
f 410/410/410 409/409/409 408/408/408
f 410/410/410 411/411/411 409/409/409
f 411/411/411 412/412/412 409/409/409
f 412/412/412 411/411/411 413/413/413
f 414/414/414 412/412/412 413/413/413
f 417/417/417 416/416/416 415/415/415
f 416/416/416 418/418/418 415/415/415
f 419/419/419 418/418/418 416/416/416
f 420/420/420 419/419/419 416/416/416
f 421/421/421 419/419/419 420/420/420
f 422/422/422 421/421/421 420/420/420
f 423/423/423 421/421/421 422/422/422
f 424/424/424 423/423/423 422/422/422
f 425/425/425 423/423/423 424/424/424
f 426/426/426 425/425/425 424/424/424
f 425/425/425 426/426/426 427/427/427
f 428/428/428 425/425/425 427/427/427
f 431/431/431 430/430/430 429/429/429
f 432/432/432 431/431/431 429/429/429
f 432/432/432 429/429/429 433/433/433
f 434/434/434 432/432/432 433/433/433
f 434/434/434 433/433/433 435/435/435
f 436/436/436 434/434/434 435/435/435
f 437/437/437 436/436/436 435/435/435
f 438/438/438 437/437/437 435/435/435
f 439/439/439 437/437/437 438/438/438
f 440/440/440 439/439/439 438/438/438
f 441/441/441 439/439/439 440/440/440
f 442/442/442 441/441/441 440/440/440
f 445/445/445 444/444/444 443/443/443
f 444/444/444 446/446/446 443/443/443
f 444/444/444 447/447/447 446/446/446
f 447/447/447 448/448/448 446/446/446
f 447/447/447 449/449/449 448/448/448
f 449/449/449 450/450/450 448/448/448
f 449/449/449 451/451/451 450/450/450
f 451/451/451 452/452/452 450/450/450
f 451/451/451 453/453/453 452/452/452
f 453/453/453 454/454/454 452/452/452
f 453/453/453 455/455/455 454/454/454
f 455/455/455 456/456/456 454/454/454
f 459/459/459 458/458/458 457/457/457
f 460/460/460 459/459/459 457/457/457
f 460/460/460 457/457/457 461/461/461
f 462/462/462 460/460/460 461/461/461
f 462/462/462 461/461/461 463/463/463
f 464/464/464 462/462/462 463/463/463
f 464/464/464 463/463/463 465/465/465
f 466/466/466 464/464/464 465/465/465
f 466/466/466 465/465/465 467/467/467
f 468/468/468 466/466/466 467/467/467
f 468/468/468 467/467/467 469/469/469
f 470/470/470 468/468/468 469/469/469
f 473/473/473 472/472/472 471/471/471
f 474/474/474 473/473/473 471/471/471
f 474/474/474 475/475/475 473/473/473
f 475/475/475 476/476/476 473/473/473
f 475/475/475 477/477/477 476/476/476
f 477/477/477 478/478/478 476/476/476
f 477/477/477 479/479/479 478/478/478
f 479/479/479 480/480/480 478/478/478
f 479/479/479 481/481/481 480/480/480
f 481/481/481 482/482/482 480/480/480
f 482/482/482 481/481/481 483/483/483
f 481/481/481 484/484/484 483/483/483
f 487/487/487 486/486/486 485/485/485
f 486/486/486 488/488/488 485/485/485
f 485/485/485 488/488/488 489/489/489
f 488/488/488 490/490/490 489/489/489
f 489/489/489 490/490/490 491/491/491
f 490/490/490 492/492/492 491/491/491
f 492/492/492 493/493/493 491/491/491
f 493/493/493 494/494/494 491/491/491
f 493/493/493 495/495/495 494/494/494
f 495/495/495 496/496/496 494/494/494
f 495/495/495 497/497/497 496/496/496
f 497/497/497 498/498/498 496/496/496
f 501/501/501 500/500/500 499/499/499
f 502/502/502 501/501/501 499/499/499
f 503/503/503 501/501/501 502/502/502
f 504/504/504 503/503/503 502/502/502
f 505/505/505 503/503/503 504/504/504
f 506/506/506 505/505/505 504/504/504
f 507/507/507 505/505/505 506/506/506
f 508/508/508 507/507/507 506/506/506
f 509/509/509 507/507/507 508/508/508
f 510/510/510 509/509/509 508/508/508
f 511/511/511 509/509/509 510/510/510
f 512/512/512 511/511/511 510/510/510
f 515/515/515 514/514/514 513/513/513
f 514/514/514 516/516/516 513/513/513
f 513/513/513 516/516/516 517/517/517
f 516/516/516 518/518/518 517/517/517
f 517/517/517 518/518/518 519/519/519
f 518/518/518 520/520/520 519/519/519
f 519/519/519 520/520/520 521/521/521
f 520/520/520 522/522/522 521/521/521
f 521/521/521 522/522/522 523/523/523
f 522/522/522 524/524/524 523/523/523
f 523/523/523 524/524/524 525/525/525
f 524/524/524 526/526/526 525/525/525
f 529/529/529 528/528/528 527/527/527
f 530/530/530 529/529/529 527/527/527
f 530/530/530 531/531/531 529/529/529
f 531/531/531 532/532/532 529/529/529
f 531/531/531 533/533/533 532/532/532
f 533/533/533 534/534/534 532/532/532
f 533/533/533 535/535/535 534/534/534
f 535/535/535 536/536/536 534/534/534
f 535/535/535 537/537/537 536/536/536
f 537/537/537 538/538/538 536/536/536
f 538/538/538 537/537/537 539/539/539
f 537/537/537 540/540/540 539/539/539
f 543/543/543 542/542/542 541/541/541
f 542/542/542 544/544/544 541/541/541
f 541/541/541 544/544/544 545/545/545
f 544/544/544 546/546/546 545/545/545
f 545/545/545 546/546/546 547/547/547
f 546/546/546 548/548/548 547/547/547
f 548/548/548 549/549/549 547/547/547
f 549/549/549 550/550/550 547/547/547
f 549/549/549 551/551/551 550/550/550
f 551/551/551 552/552/552 550/550/550
f 551/551/551 553/553/553 552/552/552
f 553/553/553 554/554/554 552/552/552
f 557/557/557 556/556/556 555/555/555
f 558/558/558 557/557/557 555/555/555
f 559/559/559 557/557/557 558/558/558
f 560/560/560 559/559/559 558/558/558
f 561/561/561 559/559/559 560/560/560
f 562/562/562 561/561/561 560/560/560
f 563/563/563 561/561/561 562/562/562
f 564/564/564 563/563/563 562/562/562
f 565/565/565 563/563/563 564/564/564
f 566/566/566 565/565/565 564/564/564
f 567/567/567 565/565/565 566/566/566
f 568/568/568 567/567/567 566/566/566
f 571/571/571 570/570/570 569/569/569
f 570/570/570 572/572/572 569/569/569
f 569/569/569 572/572/572 573/573/573
f 572/572/572 574/574/574 573/573/573
f 573/573/573 574/574/574 575/575/575
f 574/574/574 576/576/576 575/575/575
f 575/575/575 576/576/576 577/577/577
f 576/576/576 578/578/578 577/577/577
f 577/577/577 578/578/578 579/579/579
f 578/578/578 580/580/580 579/579/579
f 579/579/579 580/580/580 581/581/581
f 580/580/580 582/582/582 581/581/581
f 585/585/585 584/584/584 583/583/583
f 584/584/584 586/586/586 583/583/583
f 587/587/587 586/586/586 584/584/584
f 588/588/588 587/587/587 584/584/584
f 589/589/589 587/587/587 588/588/588
f 590/590/590 589/589/589 588/588/588
f 591/591/591 589/589/589 590/590/590
f 592/592/592 591/591/591 590/590/590
f 593/593/593 591/591/591 592/592/592
f 594/594/594 593/593/593 592/592/592
f 593/593/593 594/594/594 595/595/595
f 596/596/596 593/593/593 595/595/595
f 599/599/599 598/598/598 597/597/597
f 600/600/600 599/599/599 597/597/597
f 600/600/600 597/597/597 601/601/601
f 602/602/602 600/600/600 601/601/601
f 602/602/602 601/601/601 603/603/603
f 604/604/604 602/602/602 603/603/603
f 605/605/605 604/604/604 603/603/603
f 606/606/606 605/605/605 603/603/603
f 607/607/607 605/605/605 606/606/606
f 608/608/608 607/607/607 606/606/606
f 609/609/609 607/607/607 608/608/608
f 610/610/610 609/609/609 608/608/608
f 613/613/613 612/612/612 611/611/611
f 612/612/612 614/614/614 611/611/611
f 612/612/612 615/615/615 614/614/614
f 615/615/615 616/616/616 614/614/614
f 615/615/615 617/617/617 616/616/616
f 617/617/617 618/618/618 616/616/616
f 617/617/617 619/619/619 618/618/618
f 619/619/619 620/620/620 618/618/618
f 619/619/619 621/621/621 620/620/620
f 621/621/621 622/622/622 620/620/620
f 621/621/621 623/623/623 622/622/622
f 623/623/623 624/624/624 622/622/622
f 627/627/627 626/626/626 625/625/625
f 628/628/628 627/627/627 625/625/625
f 628/628/628 625/625/625 629/629/629
f 630/630/630 628/628/628 629/629/629
f 630/630/630 629/629/629 631/631/631
f 632/632/632 630/630/630 631/631/631
f 632/632/632 631/631/631 633/633/633
f 634/634/634 632/632/632 633/633/633
f 634/634/634 633/633/633 635/635/635
f 636/636/636 634/634/634 635/635/635
f 636/636/636 635/635/635 637/637/637
f 638/638/638 636/636/636 637/637/637
f 641/641/641 640/640/640 639/639/639
f 639/639/639 640/640/640 642/642/642
f 643/643/643 639/639/639 642/642/642
f 642/642/642 644/644/644 643/643/643
f 639/639/639 643/643/643 645/645/645
f 643/643/643 646/646/646 645/645/645
f 645/645/645 646/646/646 647/647/647
f 646/646/646 648/648/648 647/647/647
f 647/647/647 648/648/648 649/649/649
f 650/650/650 647/647/647 649/649/649
f 650/650/650 649/649/649 651/651/651
f 652/652/652 650/650/650 651/651/651
f 652/652/652 651/651/651 653/653/653
f 654/654/654 652/652/652 653/653/653
f 654/654/654 653/653/653 655/655/655
f 655/655/655 656/656/656 654/654/654
f 653/653/653 657/657/657 655/655/655
f 658/658/658 657/657/657 653/653/653
f 661/661/661 660/660/660 659/659/659
f 662/662/662 661/661/661 659/659/659
f 663/663/663 661/661/661 662/662/662
f 664/664/664 663/663/663 662/662/662
f 665/665/665 663/663/663 664/664/664
f 666/666/666 665/665/665 664/664/664
f 667/667/667 665/665/665 666/666/666
f 668/668/668 667/667/667 666/666/666
f 671/671/671 670/670/670 669/669/669
f 670/670/670 672/672/672 669/669/669
f 669/669/669 672/672/672 673/673/673
f 669/669/669 673/673/673 674/674/674
f 672/672/672 675/675/675 673/673/673
f 673/673/673 676/676/676 674/674/674
f 672/672/672 677/677/677 675/675/675
f 676/676/676 678/678/678 674/674/674
f 677/677/677 678/678/678 675/675/675
f 678/678/678 677/677/677 674/674/674
f 681/681/681 680/680/680 679/679/679
f 682/682/682 681/681/681 679/679/679
f 682/682/682 679/679/679 683/683/683
f 684/684/684 682/682/682 683/683/683
f 684/684/684 683/683/683 685/685/685
f 686/686/686 684/684/684 685/685/685
f 686/686/686 685/685/685 687/687/687
f 688/688/688 686/686/686 687/687/687
f 691/691/691 690/690/690 689/689/689
f 690/690/690 692/692/692 689/689/689
f 690/690/690 693/693/693 692/692/692
f 690/690/690 694/694/694 693/693/693
f 693/693/693 695/695/695 692/692/692
f 694/694/694 696/696/696 693/693/693
f 692/692/692 695/695/695 697/697/697
f 696/696/696 694/694/694 698/698/698
f 695/695/695 698/698/698 697/697/697
f 694/694/694 697/697/697 698/698/698
f 701/701/701 700/700/700 699/699/699
f 702/702/702 701/701/701 699/699/699
f 703/703/703 702/702/702 699/699/699
f 706/706/706 705/705/705 704/704/704
f 707/707/707 706/706/706 704/704/704
f 710/710/710 709/709/709 708/708/708
f 711/711/711 710/710/710 708/708/708
f 714/714/714 713/713/713 712/712/712
f 715/715/715 714/714/714 712/712/712
f 716/716/716 715/715/715 712/712/712
f 719/719/719 718/718/718 717/717/717
f 720/720/720 719/719/719 717/717/717
f 723/723/723 722/722/722 721/721/721
f 724/724/724 723/723/723 721/721/721
f 727/727/727 726/726/726 725/725/725
f 727/727/727 725/725/725 728/728/728
f 725/725/725 729/729/729 728/728/728
f 725/725/725 730/730/730 729/729/729
f 730/730/730 731/731/731 729/729/729
f 729/729/729 732/732/732 728/728/728
f 732/732/732 733/733/733 728/728/728
f 736/736/736 735/735/735 734/734/734
f 737/737/737 736/736/736 734/734/734
f 740/740/740 739/739/739 738/738/738
f 738/738/738 739/739/739 741/741/741
f 742/742/742 738/738/738 741/741/741
f 741/741/741 743/743/743 742/742/742
f 742/742/742 743/743/743 744/744/744
f 743/743/743 745/745/745 744/744/744
f 745/745/745 746/746/746 744/744/744
f 744/744/744 746/746/746 747/747/747
f 746/746/746 748/748/748 747/747/747
f 748/748/748 749/749/749 747/747/747
f 750/750/750 747/747/747 749/749/749
f 750/750/750 751/751/751 747/747/747
f 754/754/754 753/753/753 752/752/752
f 755/755/755 754/754/754 752/752/752
f 755/755/755 752/752/752 756/756/756
f 757/757/757 755/755/755 756/756/756
f 760/760/760 759/759/759 758/758/758
f 761/761/761 759/759/759 760/760/760
f 764/764/764 763/763/763 762/762/762
f 765/765/765 764/764/764 762/762/762
f 765/765/765 762/762/762 766/766/766
f 762/762/762 767/767/767 766/766/766
f 770/770/770 769/769/769 768/768/768
f 769/769/769 771/771/771 768/768/768
f 768/768/768 771/771/771 772/772/772
f 771/771/771 773/773/773 772/772/772
f 776/776/776 775/775/775 774/774/774
f 775/775/775 777/777/777 774/774/774
f 774/774/774 777/777/777 778/778/778
f 779/779/779 774/774/774 778/778/778
f 782/782/782 781/781/781 780/780/780
f 781/781/781 783/783/783 780/780/780
f 780/780/780 783/783/783 784/784/784
f 783/783/783 785/785/785 784/784/784
f 788/788/788 787/787/787 786/786/786
f 786/786/786 789/789/789 788/788/788
f 786/786/786 790/790/790 789/789/789
f 790/790/790 791/791/791 789/789/789
f 789/789/789 792/792/792 788/788/788
f 793/793/793 788/788/788 792/792/792
f 794/794/794 793/793/793 792/792/792
f 797/797/797 796/796/796 795/795/795
f 797/797/797 798/798/798 796/796/796
f 797/797/797 799/799/799 798/798/798
f 800/800/800 799/799/799 797/797/797
f 803/803/803 802/802/802 801/801/801
f 802/802/802 804/804/804 801/801/801
f 804/804/804 802/802/802 805/805/805
f 802/802/802 806/806/806 805/805/805
f 806/806/806 807/807/807 805/805/805
f 810/810/810 809/809/809 808/808/808
f 811/811/811 810/810/810 808/808/808
f 814/814/814 813/813/813 812/812/812
f 815/815/815 814/814/814 812/812/812
f 818/818/818 817/817/817 816/816/816
f 816/816/816 817/817/817 819/819/819
f 820/820/820 816/816/816 819/819/819
f 821/821/821 816/816/816 820/820/820
f 822/822/822 821/821/821 820/820/820
f 823/823/823 820/820/820 819/819/819
f 824/824/824 823/823/823 819/819/819
f 827/827/827 826/826/826 825/825/825
f 828/828/828 827/827/827 825/825/825
f 831/831/831 830/830/830 829/829/829
f 831/831/831 829/829/829 832/832/832
f 829/829/829 833/833/833 832/832/832
f 834/834/834 832/832/832 833/833/833
f 834/834/834 833/833/833 835/835/835
f 836/836/836 834/834/834 835/835/835
f 837/837/837 836/836/836 835/835/835
f 837/837/837 835/835/835 838/838/838
f 839/839/839 837/837/837 838/838/838
f 840/840/840 839/839/839 838/838/838
f 838/838/838 841/841/841 840/840/840
f 842/842/842 841/841/841 838/838/838
f 845/845/845 844/844/844 843/843/843
f 844/844/844 846/846/846 843/843/843
f 843/843/843 846/846/846 847/847/847
f 846/846/846 848/848/848 847/847/847
f 851/851/851 850/850/850 849/849/849
f 851/851/851 852/852/852 850/850/850
f 855/855/855 854/854/854 853/853/853
f 854/854/854 856/856/856 853/853/853
f 853/853/853 856/856/856 857/857/857
f 858/858/858 853/853/853 857/857/857
f 861/861/861 860/860/860 859/859/859
f 862/862/862 861/861/861 859/859/859
f 862/862/862 859/859/859 863/863/863
f 864/864/864 862/862/862 863/863/863
f 867/867/867 866/866/866 865/865/865
f 868/868/868 867/867/867 865/865/865
f 868/868/868 865/865/865 869/869/869
f 865/865/865 870/870/870 869/869/869
f 873/873/873 872/872/872 871/871/871
f 874/874/874 873/873/873 871/871/871
f 874/874/874 871/871/871 875/875/875
f 876/876/876 874/874/874 875/875/875
f 879/879/879 878/878/878 877/877/877
f 880/880/880 877/877/877 878/878/878
f 881/881/881 877/877/877 880/880/880
f 882/882/882 881/881/881 880/880/880
f 883/883/883 880/880/880 878/878/878
f 878/878/878 884/884/884 883/883/883
f 884/884/884 885/885/885 883/883/883
f 888/888/888 887/887/887 886/886/886
f 889/889/889 887/887/887 888/888/888
f 890/890/890 887/887/887 889/889/889
f 890/890/890 891/891/891 887/887/887
f 894/894/894 893/893/893 892/892/892
f 895/895/895 894/894/894 892/892/892
f 894/894/894 895/895/895 896/896/896
f 897/897/897 894/894/894 896/896/896
f 898/898/898 897/897/897 896/896/896
f 901/901/901 900/900/900 899/899/899
f 902/902/902 901/901/901 899/899/899
f 905/905/905 904/904/904 903/903/903
f 906/906/906 905/905/905 903/903/903
f 909/909/909 908/908/908 907/907/907
f 907/907/907 908/908/908 910/910/910
f 911/911/911 907/907/907 910/910/910
f 912/912/912 907/907/907 911/911/911
f 913/913/913 912/912/912 911/911/911
f 914/914/914 911/911/911 910/910/910
f 915/915/915 914/914/914 910/910/910
f 918/918/918 917/917/917 916/916/916
f 919/919/919 918/918/918 916/916/916
f 922/922/922 921/921/921 920/920/920
f 922/922/922 920/920/920 923/923/923
f 920/920/920 924/924/924 923/923/923
f 925/925/925 923/923/923 924/924/924
f 925/925/925 924/924/924 926/926/926
f 927/927/927 925/925/925 926/926/926
f 928/928/928 927/927/927 926/926/926
f 928/928/928 926/926/926 929/929/929
f 930/930/930 928/928/928 929/929/929
f 931/931/931 930/930/930 929/929/929
f 929/929/929 932/932/932 931/931/931
f 933/933/933 932/932/932 929/929/929
f 936/936/936 935/935/935 934/934/934
f 935/935/935 937/937/937 934/934/934
f 934/934/934 937/937/937 938/938/938
f 937/937/937 939/939/939 938/938/938
f 942/942/942 941/941/941 940/940/940
f 942/942/942 943/943/943 941/941/941
f 946/946/946 945/945/945 944/944/944
f 945/945/945 947/947/947 944/944/944
f 944/944/944 947/947/947 948/948/948
f 949/949/949 944/944/944 948/948/948
f 952/952/952 951/951/951 950/950/950
f 953/953/953 952/952/952 950/950/950
f 953/953/953 950/950/950 954/954/954
f 955/955/955 953/953/953 954/954/954
f 958/958/958 957/957/957 956/956/956
f 959/959/959 958/958/958 956/956/956
f 959/959/959 956/956/956 960/960/960
f 956/956/956 961/961/961 960/960/960
f 964/964/964 963/963/963 962/962/962
f 965/965/965 964/964/964 962/962/962
f 965/965/965 962/962/962 966/966/966
f 967/967/967 965/965/965 966/966/966
f 970/970/970 969/969/969 968/968/968
f 971/971/971 968/968/968 969/969/969
f 972/972/972 968/968/968 971/971/971
f 973/973/973 972/972/972 971/971/971
f 974/974/974 971/971/971 969/969/969
f 969/969/969 975/975/975 974/974/974
f 975/975/975 976/976/976 974/974/974
f 979/979/979 978/978/978 977/977/977
f 980/980/980 978/978/978 979/979/979
f 981/981/981 978/978/978 980/980/980
f 981/981/981 982/982/982 978/978/978
f 985/985/985 984/984/984 983/983/983
f 986/986/986 985/985/985 983/983/983
f 985/985/985 986/986/986 987/987/987
f 988/988/988 985/985/985 987/987/987
f 989/989/989 988/988/988 987/987/987
f 992/992/992 991/991/991 990/990/990
f 993/993/993 992/992/992 990/990/990
f 996/996/996 995/995/995 994/994/994
f 997/997/997 996/996/996 994/994/994
f 1000/1000/1000 999/999/999 998/998/998
f 1000/1000/1000 998/998/998 1001/1001/1001
f 998/998/998 1002/1002/1002 1001/1001/1001
f 998/998/998 1003/1003/1003 1002/1002/1002
f 1003/1003/1003 1004/1004/1004 1002/1002/1002
f 1002/1002/1002 1005/1005/1005 1001/1001/1001
f 1005/1005/1005 1006/1006/1006 1001/1001/1001
f 1009/1009/1009 1008/1008/1008 1007/1007/1007
f 1010/1010/1010 1009/1009/1009 1007/1007/1007
f 1013/1013/1013 1012/1012/1012 1011/1011/1011
f 1011/1011/1011 1012/1012/1012 1014/1014/1014
f 1015/1015/1015 1011/1011/1011 1014/1014/1014
f 1014/1014/1014 1016/1016/1016 1015/1015/1015
f 1015/1015/1015 1016/1016/1016 1017/1017/1017
f 1016/1016/1016 1018/1018/1018 1017/1017/1017
f 1018/1018/1018 1019/1019/1019 1017/1017/1017
f 1017/1017/1017 1019/1019/1019 1020/1020/1020
f 1019/1019/1019 1021/1021/1021 1020/1020/1020
f 1021/1021/1021 1022/1022/1022 1020/1020/1020
f 1023/1023/1023 1020/1020/1020 1022/1022/1022
f 1023/1023/1023 1024/1024/1024 1020/1020/1020
f 1027/1027/1027 1026/1026/1026 1025/1025/1025
f 1028/1028/1028 1027/1027/1027 1025/1025/1025
f 1028/1028/1028 1025/1025/1025 1029/1029/1029
f 1030/1030/1030 1028/1028/1028 1029/1029/1029
f 1033/1033/1033 1032/1032/1032 1031/1031/1031
f 1034/1034/1034 1032/1032/1032 1033/1033/1033
f 1037/1037/1037 1036/1036/1036 1035/1035/1035
f 1038/1038/1038 1037/1037/1037 1035/1035/1035
f 1038/1038/1038 1035/1035/1035 1039/1039/1039
f 1035/1035/1035 1040/1040/1040 1039/1039/1039
f 1043/1043/1043 1042/1042/1042 1041/1041/1041
f 1042/1042/1042 1044/1044/1044 1041/1041/1041
f 1041/1041/1041 1044/1044/1044 1045/1045/1045
f 1044/1044/1044 1046/1046/1046 1045/1045/1045
f 1049/1049/1049 1048/1048/1048 1047/1047/1047
f 1048/1048/1048 1050/1050/1050 1047/1047/1047
f 1047/1047/1047 1050/1050/1050 1051/1051/1051
f 1052/1052/1052 1047/1047/1047 1051/1051/1051
f 1055/1055/1055 1054/1054/1054 1053/1053/1053
f 1054/1054/1054 1056/1056/1056 1053/1053/1053
f 1053/1053/1053 1056/1056/1056 1057/1057/1057
f 1056/1056/1056 1058/1058/1058 1057/1057/1057
f 1061/1061/1061 1060/1060/1060 1059/1059/1059
f 1059/1059/1059 1062/1062/1062 1061/1061/1061
f 1059/1059/1059 1063/1063/1063 1062/1062/1062
f 1063/1063/1063 1064/1064/1064 1062/1062/1062
f 1062/1062/1062 1065/1065/1065 1061/1061/1061
f 1066/1066/1066 1061/1061/1061 1065/1065/1065
f 1067/1067/1067 1066/1066/1066 1065/1065/1065
f 1070/1070/1070 1069/1069/1069 1068/1068/1068
f 1070/1070/1070 1071/1071/1071 1069/1069/1069
f 1070/1070/1070 1072/1072/1072 1071/1071/1071
f 1073/1073/1073 1072/1072/1072 1070/1070/1070
f 1076/1076/1076 1075/1075/1075 1074/1074/1074
f 1075/1075/1075 1077/1077/1077 1074/1074/1074
f 1077/1077/1077 1075/1075/1075 1078/1078/1078
f 1075/1075/1075 1079/1079/1079 1078/1078/1078
f 1079/1079/1079 1080/1080/1080 1078/1078/1078
f 1083/1083/1083 1082/1082/1082 1081/1081/1081
f 1084/1084/1084 1083/1083/1083 1081/1081/1081
f 1087/1087/1087 1086/1086/1086 1085/1085/1085
f 1088/1088/1088 1087/1087/1087 1085/1085/1085
f 1091/1091/1091 1090/1090/1090 1089/1089/1089
f 1090/1090/1090 1092/1092/1092 1089/1089/1089
f 1089/1089/1089 1092/1092/1092 1093/1093/1093
f 1092/1092/1092 1094/1094/1094 1093/1093/1093
f 1092/1092/1092 1095/1095/1095 1094/1094/1094
f 1095/1095/1095 1096/1096/1096 1094/1094/1094
f 1097/1097/1097 1094/1094/1094 1096/1096/1096
f 1100/1100/1100 1099/1099/1099 1098/1098/1098
f 1099/1099/1099 1101/1101/1101 1098/1098/1098
f 1099/1099/1099 1102/1102/1102 1101/1101/1101
f 1102/1102/1102 1103/1103/1103 1101/1101/1101
f 1101/1101/1101 1103/1103/1103 1104/1104/1104
f 1098/1098/1098 1101/1101/1101 1105/1105/1105
f 1105/1105/1105 1101/1101/1101 1104/1104/1104
f 1105/1105/1105 1104/1104/1104 1106/1106/1106
f 1107/1107/1107 1098/1098/1098 1105/1105/1105
f 1108/1108/1108 1105/1105/1105 1106/1106/1106
f 1105/1105/1105 1108/1108/1108 1107/1107/1107
f 1108/1108/1108 1109/1109/1109 1107/1107/1107
f 1112/1112/1112 1111/1111/1111 1110/1110/1110
f 1113/1113/1113 1112/1112/1112 1110/1110/1110
f 1112/1112/1112 1113/1113/1113 1114/1114/1114
f 1117/1117/1117 1116/1116/1116 1115/1115/1115
f 1116/1116/1116 1118/1118/1118 1115/1115/1115
f 1119/1119/1119 1118/1118/1118 1116/1116/1116
f 1120/1120/1120 1118/1118/1118 1119/1119/1119
f 1118/1118/1118 1120/1120/1120 1121/1121/1121
f 1118/1118/1118 1121/1121/1121 1122/1122/1122
f 1122/1122/1122 1121/1121/1121 1123/1123/1123
f 1118/1118/1118 1124/1124/1124 1115/1115/1115
f 1124/1124/1124 1125/1125/1125 1115/1115/1115
f 1124/1124/1124 1118/1118/1118 1126/1126/1126
f 1127/1127/1127 1124/1124/1124 1126/1126/1126
f 1130/1130/1130 1129/1129/1129 1128/1128/1128
f 1129/1129/1129 1131/1131/1131 1128/1128/1128
f 1129/1129/1129 1132/1132/1132 1131/1131/1131
f 1132/1132/1132 1133/1133/1133 1131/1131/1131
f 1132/1132/1132 1134/1134/1134 1133/1133/1133
f 1134/1134/1134 1135/1135/1135 1133/1133/1133
f 1134/1134/1134 1136/1136/1136 1135/1135/1135
f 1136/1136/1136 1137/1137/1137 1135/1135/1135
f 1137/1137/1137 1136/1136/1136 1138/1138/1138
f 1136/1136/1136 1139/1139/1139 1138/1138/1138
f 1138/1138/1138 1139/1139/1139 1140/1140/1140
f 1141/1141/1141 1138/1138/1138 1140/1140/1140
f 1140/1140/1140 1139/1139/1139 1142/1142/1142
f 1139/1139/1139 1143/1143/1143 1142/1142/1142
f 1146/1146/1146 1145/1145/1145 1144/1144/1144
f 1145/1145/1145 1147/1147/1147 1144/1144/1144
f 1145/1145/1145 1148/1148/1148 1147/1147/1147
f 1148/1148/1148 1149/1149/1149 1147/1147/1147
f 1148/1148/1148 1150/1150/1150 1149/1149/1149
f 1150/1150/1150 1151/1151/1151 1149/1149/1149
f 1152/1152/1152 1151/1151/1151 1150/1150/1150
f 1153/1153/1153 1152/1152/1152 1150/1150/1150
f 1153/1153/1153 1154/1154/1154 1152/1152/1152
f 1155/1155/1155 1152/1152/1152 1154/1154/1154
f 1156/1156/1156 1155/1155/1155 1154/1154/1154
f 1159/1159/1159 1158/1158/1158 1157/1157/1157
f 1160/1160/1160 1159/1159/1159 1157/1157/1157
f 1163/1163/1163 1162/1162/1162 1161/1161/1161
f 1164/1164/1164 1163/1163/1163 1161/1161/1161
f 1167/1167/1167 1166/1166/1166 1165/1165/1165
f 1168/1168/1168 1167/1167/1167 1165/1165/1165
f 1171/1171/1171 1170/1170/1170 1169/1169/1169
f 1171/1171/1171 1169/1169/1169 1172/1172/1172
f 1175/1175/1175 1174/1174/1174 1173/1173/1173
f 1174/1174/1174 1176/1176/1176 1173/1173/1173
f 1176/1176/1176 1174/1174/1174 1177/1177/1177
f 1174/1174/1174 1178/1178/1178 1177/1177/1177
f 1179/1179/1179 1177/1177/1177 1178/1178/1178
f 1180/1180/1180 1179/1179/1179 1178/1178/1178
f 1183/1183/1183 1182/1182/1182 1181/1181/1181
f 1184/1184/1184 1183/1183/1183 1181/1181/1181
f 1185/1185/1185 1183/1183/1183 1184/1184/1184
f 1183/1183/1183 1185/1185/1185 1186/1186/1186
f 1185/1185/1185 1187/1187/1187 1186/1186/1186
f 1188/1188/1188 1183/1183/1183 1186/1186/1186
f 1183/1183/1183 1188/1188/1188 1189/1189/1189
f 1186/1186/1186 1190/1190/1190 1188/1188/1188
f 1190/1190/1190 1191/1191/1191 1188/1188/1188
f 1191/1191/1191 1192/1192/1192 1188/1188/1188
f 1191/1191/1191 1193/1193/1193 1192/1192/1192
f 1194/1194/1194 1192/1192/1192 1193/1193/1193
f 1192/1192/1192 1194/1194/1194 1195/1195/1195
f 1196/1196/1196 1194/1194/1194 1193/1193/1193
f 1197/1197/1197 1196/1196/1196 1193/1193/1193
f 1194/1194/1194 1196/1196/1196 1198/1198/1198
f 1194/1194/1194 1198/1198/1198 1199/1199/1199
f 1200/1200/1200 1194/1194/1194 1199/1199/1199
f 1203/1203/1203 1202/1202/1202 1201/1201/1201
f 1203/1203/1203 1201/1201/1201 1204/1204/1204
f 1201/1201/1201 1205/1205/1205 1204/1204/1204
f 1204/1204/1204 1205/1205/1205 1206/1206/1206
f 1201/1201/1201 1207/1207/1207 1205/1205/1205
f 1205/1205/1205 1208/1208/1208 1206/1206/1206
f 1206/1206/1206 1208/1208/1208 1209/1209/1209
f 1208/1208/1208 1210/1210/1210 1209/1209/1209
f 1209/1209/1209 1210/1210/1210 1211/1211/1211
f 1210/1210/1210 1212/1212/1212 1211/1211/1211
f 1213/1213/1213 1211/1211/1211 1212/1212/1212
f 1214/1214/1214 1213/1213/1213 1212/1212/1212
f 1215/1215/1215 1211/1211/1211 1213/1213/1213
f 1207/1207/1207 1216/1216/1216 1205/1205/1205
f 1217/1217/1217 1205/1205/1205 1216/1216/1216
f 1218/1218/1218 1205/1205/1205 1217/1217/1217
f 1218/1218/1218 1217/1217/1217 1219/1219/1219
f 1217/1217/1217 1220/1220/1220 1219/1219/1219
f 1219/1219/1219 1220/1220/1220 1221/1221/1221
f 1220/1220/1220 1222/1222/1222 1221/1221/1221
f 1221/1221/1221 1222/1222/1222 1223/1223/1223
f 1222/1222/1222 1224/1224/1224 1223/1223/1223
f 1223/1223/1223 1224/1224/1224 1225/1225/1225
f 1225/1225/1225 1224/1224/1224 1226/1226/1226
f 1227/1227/1227 1217/1217/1217 1216/1216/1216
f 1228/1228/1228 1225/1225/1225 1226/1226/1226
f 1229/1229/1229 1225/1225/1225 1228/1228/1228
f 1226/1226/1226 1230/1230/1230 1228/1228/1228
f 1231/1231/1231 1229/1229/1229 1228/1228/1228
f 1232/1232/1232 1229/1229/1229 1231/1231/1231
f 1233/1233/1233 1232/1232/1232 1231/1231/1231
f 1230/1230/1230 1226/1226/1226 1234/1234/1234
f 1235/1235/1235 1230/1230/1230 1234/1234/1234
f 1235/1235/1235 1234/1234/1234 1236/1236/1236
f 1237/1237/1237 1235/1235/1235 1236/1236/1236
f 1237/1237/1237 1236/1236/1236 1227/1227/1227
f 1238/1238/1238 1237/1237/1237 1227/1227/1227
f 1216/1216/1216 1238/1238/1238 1227/1227/1227
f 1240/1240/1240 1239/1239/1239 1216/1216/1216
f 1241/1241/1241 1240/1240/1240 1216/1216/1216
f 1240/1240/1240 1242/1242/1242 1239/1239/1239
f 1216/1216/1216 1207/1207/1207 1241/1241/1241
f 1207/1207/1207 1243/1243/1243 1241/1241/1241
f 1244/1244/1244 1243/1243/1243 1207/1207/1207
f 1242/1242/1242 1245/1245/1245 1239/1239/1239
f 1242/1242/1242 1246/1246/1246 1245/1245/1245
f 1246/1246/1246 1247/1247/1247 1245/1245/1245
f 1247/1247/1247 1246/1246/1246 1248/1248/1248
f 1249/1249/1249 1247/1247/1247 1248/1248/1248
f 1246/1246/1246 1250/1250/1250 1248/1248/1248
f 1253/1253/1253 1252/1252/1252 1251/1251/1251
f 1254/1254/1254 1253/1253/1253 1251/1251/1251
f 1255/1255/1255 1254/1254/1254 1251/1251/1251
f 1255/1255/1255 1256/1256/1256 1254/1254/1254
f 1255/1255/1255 1257/1257/1257 1256/1256/1256
f 1257/1257/1257 1258/1258/1258 1256/1256/1256
f 1258/1258/1258 1259/1259/1259 1256/1256/1256
f 1258/1258/1258 1260/1260/1260 1259/1259/1259
f 1259/1259/1259 1260/1260/1260 1261/1261/1261
f 1261/1261/1261 1260/1260/1260 1262/1262/1262
f 1263/1263/1263 1261/1261/1261 1262/1262/1262
f 1264/1264/1264 1263/1263/1263 1262/1262/1262
f 1267/1267/1267 1266/1266/1266 1265/1265/1265
f 1268/1268/1268 1267/1267/1267 1265/1265/1265
f 1271/1271/1271 1270/1270/1270 1269/1269/1269
f 1272/1272/1272 1271/1271/1271 1269/1269/1269
f 1275/1275/1275 1274/1274/1274 1273/1273/1273
f 1276/1276/1276 1275/1275/1275 1273/1273/1273
f 1279/1279/1279 1278/1278/1278 1277/1277/1277
f 1280/1280/1280 1279/1279/1279 1277/1277/1277
f 1281/1281/1281 1279/1279/1279 1280/1280/1280
f 1282/1282/1282 1281/1281/1281 1280/1280/1280
f 1283/1283/1283 1281/1281/1281 1282/1282/1282
f 1284/1284/1284 1283/1283/1283 1282/1282/1282
f 1285/1285/1285 1283/1283/1283 1284/1284/1284
f 1286/1286/1286 1285/1285/1285 1284/1284/1284
f 1287/1287/1287 1285/1285/1285 1286/1286/1286
f 1288/1288/1288 1287/1287/1287 1286/1286/1286
f 1291/1291/1291 1290/1290/1290 1289/1289/1289
f 1292/1292/1292 1291/1291/1291 1289/1289/1289
f 1295/1295/1295 1294/1294/1294 1293/1293/1293
f 1296/1296/1296 1295/1295/1295 1293/1293/1293
f 1297/1297/1297 1295/1295/1295 1296/1296/1296
f 1298/1298/1298 1297/1297/1297 1296/1296/1296
f 1299/1299/1299 1297/1297/1297 1298/1298/1298
f 1300/1300/1300 1299/1299/1299 1298/1298/1298
f 1303/1303/1303 1302/1302/1302 1301/1301/1301
f 1304/1304/1304 1303/1303/1303 1301/1301/1301
f 1307/1307/1307 1306/1306/1306 1305/1305/1305
f 1308/1308/1308 1307/1307/1307 1305/1305/1305
f 1308/1308/1308 1305/1305/1305 1309/1309/1309
f 1310/1310/1310 1308/1308/1308 1309/1309/1309
f 1311/1311/1311 1308/1308/1308 1310/1310/1310
f 1312/1312/1312 1311/1311/1311 1310/1310/1310
f 1310/1310/1310 1313/1313/1313 1312/1312/1312
f 1316/1316/1316 1315/1315/1315 1314/1314/1314
f 1317/1317/1317 1316/1316/1316 1314/1314/1314
f 1318/1318/1318 1316/1316/1316 1317/1317/1317
f 1319/1319/1319 1318/1318/1318 1317/1317/1317
f 1319/1319/1319 1317/1317/1317 1320/1320/1320
f 1317/1317/1317 1314/1314/1314 1321/1321/1321
f 1317/1317/1317 1321/1321/1321 1320/1320/1320
f 1320/1320/1320 1321/1321/1321 1322/1322/1322
f 1314/1314/1314 1323/1323/1323 1321/1321/1321
f 1321/1321/1321 1324/1324/1324 1322/1322/1322
f 1324/1324/1324 1321/1321/1321 1323/1323/1323
f 1325/1325/1325 1324/1324/1324 1323/1323/1323
f 1328/1328/1328 1327/1327/1327 1326/1326/1326
f 1327/1327/1327 1329/1329/1329 1326/1326/1326
f 1329/1329/1329 1327/1327/1327 1330/1330/1330
f 1333/1333/1333 1332/1332/1332 1331/1331/1331
f 1334/1334/1334 1333/1333/1333 1331/1331/1331
f 1334/1334/1334 1335/1335/1335 1333/1333/1333
f 1334/1334/1334 1336/1336/1336 1335/1335/1335
f 1336/1336/1336 1334/1334/1334 1337/1337/1337
f 1337/1337/1337 1334/1334/1334 1338/1338/1338
f 1337/1337/1337 1338/1338/1338 1339/1339/1339
f 1340/1340/1340 1334/1334/1334 1331/1331/1331
f 1341/1341/1341 1340/1340/1340 1331/1331/1331
f 1334/1334/1334 1340/1340/1340 1342/1342/1342
f 1340/1340/1340 1343/1343/1343 1342/1342/1342
f 1346/1346/1346 1345/1345/1345 1344/1344/1344
f 1347/1347/1347 1346/1346/1346 1344/1344/1344
f 1348/1348/1348 1346/1346/1346 1347/1347/1347
f 1349/1349/1349 1348/1348/1348 1347/1347/1347
f 1350/1350/1350 1348/1348/1348 1349/1349/1349
f 1351/1351/1351 1350/1350/1350 1349/1349/1349
f 1352/1352/1352 1350/1350/1350 1351/1351/1351
f 1353/1353/1353 1352/1352/1352 1351/1351/1351
f 1352/1352/1352 1353/1353/1353 1354/1354/1354
f 1355/1355/1355 1352/1352/1352 1354/1354/1354
f 1355/1355/1355 1354/1354/1354 1356/1356/1356
f 1354/1354/1354 1357/1357/1357 1356/1356/1356
f 1355/1355/1355 1356/1356/1356 1358/1358/1358
f 1359/1359/1359 1355/1355/1355 1358/1358/1358
f 1362/1362/1362 1361/1361/1361 1360/1360/1360
f 1363/1363/1363 1362/1362/1362 1360/1360/1360
f 1364/1364/1364 1362/1362/1362 1363/1363/1363
f 1365/1365/1365 1364/1364/1364 1363/1363/1363
f 1366/1366/1366 1364/1364/1364 1365/1365/1365
f 1367/1367/1367 1366/1366/1366 1365/1365/1365
f 1367/1367/1367 1368/1368/1368 1366/1366/1366
f 1368/1368/1368 1369/1369/1369 1366/1366/1366
f 1370/1370/1370 1369/1369/1369 1368/1368/1368
f 1368/1368/1368 1371/1371/1371 1370/1370/1370
f 1371/1371/1371 1372/1372/1372 1370/1370/1370
f 1375/1375/1375 1374/1374/1374 1373/1373/1373
f 1376/1376/1376 1375/1375/1375 1373/1373/1373
f 1379/1379/1379 1378/1378/1378 1377/1377/1377
f 1380/1380/1380 1379/1379/1379 1377/1377/1377
f 1383/1383/1383 1382/1382/1382 1381/1381/1381
f 1384/1384/1384 1383/1383/1383 1381/1381/1381
f 1387/1387/1387 1386/1386/1386 1385/1385/1385
f 1385/1385/1385 1386/1386/1386 1388/1388/1388
f 1391/1391/1391 1390/1390/1390 1389/1389/1389
f 1392/1392/1392 1391/1391/1391 1389/1389/1389
f 1391/1391/1391 1392/1392/1392 1393/1393/1393
f 1394/1394/1394 1391/1391/1391 1393/1393/1393
f 1393/1393/1393 1395/1395/1395 1394/1394/1394
f 1395/1395/1395 1396/1396/1396 1394/1394/1394
f 1399/1399/1399 1398/1398/1398 1397/1397/1397
f 1400/1400/1400 1399/1399/1399 1397/1397/1397
f 1400/1400/1400 1397/1397/1397 1401/1401/1401
f 1402/1402/1402 1400/1400/1400 1401/1401/1401
f 1403/1403/1403 1400/1400/1400 1402/1402/1402
f 1404/1404/1404 1403/1403/1403 1402/1402/1402
f 1402/1402/1402 1405/1405/1405 1404/1404/1404
f 1408/1408/1408 1407/1407/1407 1406/1406/1406
f 1409/1409/1409 1408/1408/1408 1406/1406/1406
f 1410/1410/1410 1408/1408/1408 1409/1409/1409
f 1411/1411/1411 1410/1410/1410 1409/1409/1409
f 1411/1411/1411 1409/1409/1409 1412/1412/1412
f 1409/1409/1409 1406/1406/1406 1413/1413/1413
f 1409/1409/1409 1413/1413/1413 1412/1412/1412
f 1412/1412/1412 1413/1413/1413 1414/1414/1414
f 1406/1406/1406 1415/1415/1415 1413/1413/1413
f 1413/1413/1413 1416/1416/1416 1414/1414/1414
f 1416/1416/1416 1413/1413/1413 1415/1415/1415
f 1417/1417/1417 1416/1416/1416 1415/1415/1415
f 1420/1420/1420 1419/1419/1419 1418/1418/1418
f 1419/1419/1419 1421/1421/1421 1418/1418/1418
f 1421/1421/1421 1419/1419/1419 1422/1422/1422
f 1425/1425/1425 1424/1424/1424 1423/1423/1423
f 1426/1426/1426 1425/1425/1425 1423/1423/1423
f 1426/1426/1426 1427/1427/1427 1425/1425/1425
f 1426/1426/1426 1428/1428/1428 1427/1427/1427
f 1428/1428/1428 1426/1426/1426 1429/1429/1429
f 1429/1429/1429 1426/1426/1426 1430/1430/1430
f 1429/1429/1429 1430/1430/1430 1431/1431/1431
f 1432/1432/1432 1426/1426/1426 1423/1423/1423
f 1433/1433/1433 1432/1432/1432 1423/1423/1423
f 1426/1426/1426 1432/1432/1432 1434/1434/1434
f 1432/1432/1432 1435/1435/1435 1434/1434/1434
f 1438/1438/1438 1437/1437/1437 1436/1436/1436
f 1439/1439/1439 1438/1438/1438 1436/1436/1436
f 1440/1440/1440 1438/1438/1438 1439/1439/1439
f 1441/1441/1441 1440/1440/1440 1439/1439/1439
f 1442/1442/1442 1440/1440/1440 1441/1441/1441
f 1443/1443/1443 1442/1442/1442 1441/1441/1441
f 1444/1444/1444 1442/1442/1442 1443/1443/1443
f 1445/1445/1445 1444/1444/1444 1443/1443/1443
f 1444/1444/1444 1445/1445/1445 1446/1446/1446
f 1447/1447/1447 1444/1444/1444 1446/1446/1446
f 1447/1447/1447 1446/1446/1446 1448/1448/1448
f 1446/1446/1446 1449/1449/1449 1448/1448/1448
f 1447/1447/1447 1448/1448/1448 1450/1450/1450
f 1451/1451/1451 1447/1447/1447 1450/1450/1450
f 1454/1454/1454 1453/1453/1453 1452/1452/1452
f 1455/1455/1455 1454/1454/1454 1452/1452/1452
f 1456/1456/1456 1454/1454/1454 1455/1455/1455
f 1457/1457/1457 1456/1456/1456 1455/1455/1455
f 1458/1458/1458 1456/1456/1456 1457/1457/1457
f 1459/1459/1459 1458/1458/1458 1457/1457/1457
f 1459/1459/1459 1460/1460/1460 1458/1458/1458
f 1460/1460/1460 1461/1461/1461 1458/1458/1458
f 1462/1462/1462 1461/1461/1461 1460/1460/1460
f 1460/1460/1460 1463/1463/1463 1462/1462/1462
f 1463/1463/1463 1464/1464/1464 1462/1462/1462
f 1467/1467/1467 1466/1466/1466 1465/1465/1465
f 1468/1468/1468 1467/1467/1467 1465/1465/1465
f 1471/1471/1471 1470/1470/1470 1469/1469/1469
f 1472/1472/1472 1471/1471/1471 1469/1469/1469
f 1475/1475/1475 1474/1474/1474 1473/1473/1473
f 1476/1476/1476 1475/1475/1475 1473/1473/1473
f 1479/1479/1479 1478/1478/1478 1477/1477/1477
f 1477/1477/1477 1478/1478/1478 1480/1480/1480
f 1483/1483/1483 1482/1482/1482 1481/1481/1481
f 1484/1484/1484 1483/1483/1483 1481/1481/1481
f 1483/1483/1483 1484/1484/1484 1485/1485/1485
f 1486/1486/1486 1483/1483/1483 1485/1485/1485
f 1485/1485/1485 1487/1487/1487 1486/1486/1486
f 1487/1487/1487 1488/1488/1488 1486/1486/1486
f 1491/1491/1491 1490/1490/1490 1489/1489/1489
f 1490/1490/1490 1492/1492/1492 1489/1489/1489
f 1490/1490/1490 1493/1493/1493 1492/1492/1492
f 1493/1493/1493 1490/1490/1490 1494/1494/1494
f 1495/1495/1495 1493/1493/1493 1494/1494/1494
f 1490/1490/1490 1496/1496/1496 1494/1494/1494
f 1496/1496/1496 1490/1490/1490 1497/1497/1497
f 1498/1498/1498 1494/1494/1494 1496/1496/1496
f 1499/1499/1499 1498/1498/1498 1496/1496/1496
f 1500/1500/1500 1499/1499/1499 1496/1496/1496
f 1501/1501/1501 1499/1499/1499 1500/1500/1500
f 1500/1500/1500 1502/1502/1502 1501/1501/1501
f 1502/1502/1502 1500/1500/1500 1503/1503/1503
f 1502/1502/1502 1504/1504/1504 1501/1501/1501
f 1504/1504/1504 1505/1505/1505 1501/1501/1501
f 1504/1504/1504 1502/1502/1502 1506/1506/1506
f 1506/1506/1506 1502/1502/1502 1507/1507/1507
f 1502/1502/1502 1508/1508/1508 1507/1507/1507
f 1511/1511/1511 1510/1510/1510 1509/1509/1509
f 1509/1509/1509 1510/1510/1510 1512/1512/1512
f 1513/1513/1513 1509/1509/1509 1512/1512/1512
f 1513/1513/1513 1512/1512/1512 1514/1514/1514
f 1515/1515/1515 1509/1509/1509 1513/1513/1513
f 1516/1516/1516 1513/1513/1513 1514/1514/1514
f 1516/1516/1516 1514/1514/1514 1517/1517/1517
f 1518/1518/1518 1516/1516/1516 1517/1517/1517
f 1518/1518/1518 1517/1517/1517 1519/1519/1519
f 1520/1520/1520 1518/1518/1518 1519/1519/1519
f 1519/1519/1519 1521/1521/1521 1520/1520/1520
f 1521/1521/1521 1522/1522/1522 1520/1520/1520
f 1519/1519/1519 1523/1523/1523 1521/1521/1521
f 1524/1524/1524 1515/1515/1515 1513/1513/1513
f 1513/1513/1513 1525/1525/1525 1524/1524/1524
f 1513/1513/1513 1526/1526/1526 1525/1525/1525
f 1525/1525/1525 1526/1526/1526 1527/1527/1527
f 1528/1528/1528 1525/1525/1525 1527/1527/1527
f 1528/1528/1528 1527/1527/1527 1529/1529/1529
f 1530/1530/1530 1528/1528/1528 1529/1529/1529
f 1530/1530/1530 1529/1529/1529 1531/1531/1531
f 1532/1532/1532 1530/1530/1530 1531/1531/1531
f 1532/1532/1532 1531/1531/1531 1533/1533/1533
f 1532/1532/1532 1533/1533/1533 1534/1534/1534
f 1525/1525/1525 1535/1535/1535 1524/1524/1524
f 1533/1533/1533 1536/1536/1536 1534/1534/1534
f 1533/1533/1533 1537/1537/1537 1536/1536/1536
f 1538/1538/1538 1534/1534/1534 1536/1536/1536
f 1537/1537/1537 1539/1539/1539 1536/1536/1536
f 1537/1537/1537 1540/1540/1540 1539/1539/1539
f 1540/1540/1540 1541/1541/1541 1539/1539/1539
f 1534/1534/1534 1538/1538/1538 1542/1542/1542
f 1538/1538/1538 1543/1543/1543 1542/1542/1542
f 1542/1542/1542 1543/1543/1543 1544/1544/1544
f 1543/1543/1543 1545/1545/1545 1544/1544/1544
f 1544/1544/1544 1545/1545/1545 1535/1535/1535
f 1545/1545/1545 1546/1546/1546 1535/1535/1535
f 1546/1546/1546 1524/1524/1524 1535/1535/1535
f 1548/1548/1548 1547/1547/1547 1524/1524/1524
f 1549/1549/1549 1548/1548/1548 1524/1524/1524
f 1515/1515/1515 1524/1524/1524 1547/1547/1547
f 1550/1550/1550 1515/1515/1515 1547/1547/1547
f 1550/1550/1550 1551/1551/1551 1515/1515/1515
f 1552/1552/1552 1548/1548/1548 1549/1549/1549
f 1553/1553/1553 1552/1552/1552 1549/1549/1549
f 1554/1554/1554 1552/1552/1552 1553/1553/1553
f 1555/1555/1555 1554/1554/1554 1553/1553/1553
f 1554/1554/1554 1555/1555/1555 1556/1556/1556
f 1555/1555/1555 1557/1557/1557 1556/1556/1556
f 1558/1558/1558 1554/1554/1554 1556/1556/1556
f 1561/1561/1561 1560/1560/1560 1559/1559/1559
f 1560/1560/1560 1562/1562/1562 1559/1559/1559
f 1562/1562/1562 1563/1563/1563 1559/1559/1559
f 1564/1564/1564 1563/1563/1563 1562/1562/1562
f 1565/1565/1565 1563/1563/1563 1564/1564/1564
f 1566/1566/1566 1565/1565/1565 1564/1564/1564
f 1567/1567/1567 1566/1566/1566 1564/1564/1564
f 1568/1568/1568 1566/1566/1566 1567/1567/1567
f 1568/1568/1568 1567/1567/1567 1569/1569/1569
f 1568/1568/1568 1569/1569/1569 1570/1570/1570
f 1569/1569/1569 1571/1571/1571 1570/1570/1570
f 1571/1571/1571 1572/1572/1572 1570/1570/1570
f 1575/1575/1575 1574/1574/1574 1573/1573/1573
f 1576/1576/1576 1575/1575/1575 1573/1573/1573
f 1579/1579/1579 1578/1578/1578 1577/1577/1577
f 1580/1580/1580 1579/1579/1579 1577/1577/1577
f 1583/1583/1583 1582/1582/1582 1581/1581/1581
f 1584/1584/1584 1583/1583/1583 1581/1581/1581
f 1587/1587/1587 1586/1586/1586 1585/1585/1585
f 1586/1586/1586 1588/1588/1588 1585/1585/1585
f 1586/1586/1586 1589/1589/1589 1588/1588/1588
f 1589/1589/1589 1590/1590/1590 1588/1588/1588
f 1589/1589/1589 1591/1591/1591 1590/1590/1590
f 1591/1591/1591 1592/1592/1592 1590/1590/1590
f 1591/1591/1591 1593/1593/1593 1592/1592/1592
f 1593/1593/1593 1594/1594/1594 1592/1592/1592
f 1593/1593/1593 1595/1595/1595 1594/1594/1594
f 1595/1595/1595 1596/1596/1596 1594/1594/1594
f 1599/1599/1599 1598/1598/1598 1597/1597/1597
f 1600/1600/1600 1599/1599/1599 1597/1597/1597
f 1603/1603/1603 1602/1602/1602 1601/1601/1601
f 1602/1602/1602 1604/1604/1604 1601/1601/1601
f 1602/1602/1602 1605/1605/1605 1604/1604/1604
f 1605/1605/1605 1606/1606/1606 1604/1604/1604
f 1605/1605/1605 1607/1607/1607 1606/1606/1606
f 1607/1607/1607 1608/1608/1608 1606/1606/1606
f 1611/1611/1611 1610/1610/1610 1609/1609/1609
f 1612/1612/1612 1611/1611/1611 1609/1609/1609
f 1615/1615/1615 1614/1614/1614 1613/1613/1613
f 1614/1614/1614 1616/1616/1616 1613/1613/1613
f 1613/1613/1613 1616/1616/1616 1617/1617/1617
f 1616/1616/1616 1618/1618/1618 1617/1617/1617
f 1616/1616/1616 1619/1619/1619 1618/1618/1618
f 1619/1619/1619 1620/1620/1620 1618/1618/1618
f 1621/1621/1621 1618/1618/1618 1620/1620/1620
f 1624/1624/1624 1623/1623/1623 1622/1622/1622
f 1623/1623/1623 1625/1625/1625 1622/1622/1622
f 1623/1623/1623 1626/1626/1626 1625/1625/1625
f 1626/1626/1626 1627/1627/1627 1625/1625/1625
f 1625/1625/1625 1627/1627/1627 1628/1628/1628
f 1622/1622/1622 1625/1625/1625 1629/1629/1629
f 1629/1629/1629 1625/1625/1625 1628/1628/1628
f 1629/1629/1629 1628/1628/1628 1630/1630/1630
f 1631/1631/1631 1622/1622/1622 1629/1629/1629
f 1632/1632/1632 1629/1629/1629 1630/1630/1630
f 1629/1629/1629 1632/1632/1632 1631/1631/1631
f 1632/1632/1632 1633/1633/1633 1631/1631/1631
f 1636/1636/1636 1635/1635/1635 1634/1634/1634
f 1637/1637/1637 1636/1636/1636 1634/1634/1634
f 1636/1636/1636 1637/1637/1637 1638/1638/1638
f 1641/1641/1641 1640/1640/1640 1639/1639/1639
f 1640/1640/1640 1642/1642/1642 1639/1639/1639
f 1643/1643/1643 1642/1642/1642 1640/1640/1640
f 1644/1644/1644 1642/1642/1642 1643/1643/1643
f 1642/1642/1642 1644/1644/1644 1645/1645/1645
f 1642/1642/1642 1645/1645/1645 1646/1646/1646
f 1646/1646/1646 1645/1645/1645 1647/1647/1647
f 1642/1642/1642 1648/1648/1648 1639/1639/1639
f 1648/1648/1648 1649/1649/1649 1639/1639/1639
f 1648/1648/1648 1642/1642/1642 1650/1650/1650
f 1651/1651/1651 1648/1648/1648 1650/1650/1650
f 1654/1654/1654 1653/1653/1653 1652/1652/1652
f 1653/1653/1653 1655/1655/1655 1652/1652/1652
f 1653/1653/1653 1656/1656/1656 1655/1655/1655
f 1656/1656/1656 1657/1657/1657 1655/1655/1655
f 1656/1656/1656 1658/1658/1658 1657/1657/1657
f 1658/1658/1658 1659/1659/1659 1657/1657/1657
f 1658/1658/1658 1660/1660/1660 1659/1659/1659
f 1660/1660/1660 1661/1661/1661 1659/1659/1659
f 1661/1661/1661 1660/1660/1660 1662/1662/1662
f 1660/1660/1660 1663/1663/1663 1662/1662/1662
f 1662/1662/1662 1663/1663/1663 1664/1664/1664
f 1665/1665/1665 1662/1662/1662 1664/1664/1664
f 1664/1664/1664 1663/1663/1663 1666/1666/1666
f 1663/1663/1663 1667/1667/1667 1666/1666/1666
f 1670/1670/1670 1669/1669/1669 1668/1668/1668
f 1669/1669/1669 1671/1671/1671 1668/1668/1668
f 1669/1669/1669 1672/1672/1672 1671/1671/1671
f 1672/1672/1672 1673/1673/1673 1671/1671/1671
f 1672/1672/1672 1674/1674/1674 1673/1673/1673
f 1674/1674/1674 1675/1675/1675 1673/1673/1673
f 1676/1676/1676 1675/1675/1675 1674/1674/1674
f 1677/1677/1677 1676/1676/1676 1674/1674/1674
f 1677/1677/1677 1678/1678/1678 1676/1676/1676
f 1679/1679/1679 1676/1676/1676 1678/1678/1678
f 1680/1680/1680 1679/1679/1679 1678/1678/1678
f 1683/1683/1683 1682/1682/1682 1681/1681/1681
f 1684/1684/1684 1683/1683/1683 1681/1681/1681
f 1687/1687/1687 1686/1686/1686 1685/1685/1685
f 1688/1688/1688 1687/1687/1687 1685/1685/1685
f 1691/1691/1691 1690/1690/1690 1689/1689/1689
f 1692/1692/1692 1691/1691/1691 1689/1689/1689
f 1695/1695/1695 1694/1694/1694 1693/1693/1693
f 1695/1695/1695 1693/1693/1693 1696/1696/1696
f 1699/1699/1699 1698/1698/1698 1697/1697/1697
f 1698/1698/1698 1700/1700/1700 1697/1697/1697
f 1700/1700/1700 1698/1698/1698 1701/1701/1701
f 1698/1698/1698 1702/1702/1702 1701/1701/1701
f 1703/1703/1703 1701/1701/1701 1702/1702/1702
f 1704/1704/1704 1703/1703/1703 1702/1702/1702
f 1707/1707/1707 1706/1706/1706 1705/1705/1705
f 1708/1708/1708 1707/1707/1707 1705/1705/1705
f 1709/1709/1709 1708/1708/1708 1705/1705/1705
f 1710/1710/1710 1709/1709/1709 1705/1705/1705
f 1711/1711/1711 1709/1709/1709 1710/1710/1710
f 1712/1712/1712 1711/1711/1711 1710/1710/1710
f 1713/1713/1713 1711/1711/1711 1712/1712/1712
f 1716/1716/1716 1715/1715/1715 1714/1714/1714
f 1715/1715/1715 1717/1717/1717 1714/1714/1714
f 1717/1717/1717 1718/1718/1718 1714/1714/1714
f 1718/1718/1718 1719/1719/1719 1714/1714/1714
f 1718/1718/1718 1720/1720/1720 1719/1719/1719
f 1720/1720/1720 1721/1721/1721 1719/1719/1719
f 1720/1720/1720 1722/1722/1722 1721/1721/1721
f 1725/1725/1725 1724/1724/1724 1723/1723/1723
f 1724/1724/1724 1726/1726/1726 1723/1723/1723
f 1726/1726/1726 1727/1727/1727 1723/1723/1723
f 1727/1727/1727 1728/1728/1728 1723/1723/1723
f 1727/1727/1727 1729/1729/1729 1728/1728/1728
f 1729/1729/1729 1730/1730/1730 1728/1728/1728
f 1729/1729/1729 1731/1731/1731 1730/1730/1730
f 1734/1734/1734 1733/1733/1733 1732/1732/1732
f 1735/1735/1735 1734/1734/1734 1732/1732/1732
f 1736/1736/1736 1734/1734/1734 1735/1735/1735
f 1737/1737/1737 1736/1736/1736 1735/1735/1735
f 1738/1738/1738 1736/1736/1736 1737/1737/1737
f 1739/1739/1739 1738/1738/1738 1737/1737/1737
f 1742/1742/1742 1741/1741/1741 1740/1740/1740
f 1743/1743/1743 1742/1742/1742 1740/1740/1740
f 1746/1746/1746 1745/1745/1745 1744/1744/1744
f 1745/1745/1745 1747/1747/1747 1744/1744/1744
f 1745/1745/1745 1748/1748/1748 1747/1747/1747
f 1748/1748/1748 1749/1749/1749 1747/1747/1747
f 1748/1748/1748 1750/1750/1750 1749/1749/1749
f 1750/1750/1750 1751/1751/1751 1749/1749/1749
f 1754/1754/1754 1753/1753/1753 1752/1752/1752
f 1755/1755/1755 1754/1754/1754 1752/1752/1752
f 1758/1758/1758 1757/1757/1757 1756/1756/1756
f 1757/1757/1757 1759/1759/1759 1756/1756/1756
f 1757/1757/1757 1760/1760/1760 1759/1759/1759
f 1760/1760/1760 1761/1761/1761 1759/1759/1759
f 1760/1760/1760 1762/1762/1762 1761/1761/1761
f 1762/1762/1762 1763/1763/1763 1761/1761/1761
f 1761/1761/1761 1763/1763/1763 1764/1764/1764
f 1763/1763/1763 1762/1762/1762 1765/1765/1765
f 1763/1763/1763 1766/1766/1766 1764/1764/1764
f 1762/1762/1762 1767/1767/1767 1765/1765/1765
f 1765/1765/1765 1767/1767/1767 1768/1768/1768
f 1767/1767/1767 1769/1769/1769 1768/1768/1768
f 1764/1764/1764 1766/1766/1766 1770/1770/1770
f 1766/1766/1766 1771/1771/1771 1770/1770/1770
f 1770/1770/1770 1771/1771/1771 1772/1772/1772
f 1770/1770/1770 1772/1772/1772 1773/1773/1773
f 1771/1771/1771 1774/1774/1774 1772/1772/1772
f 1775/1775/1775 1770/1770/1770 1773/1773/1773
f 1775/1775/1775 1773/1773/1773 1776/1776/1776
f 1777/1777/1777 1775/1775/1775 1776/1776/1776
f 1774/1774/1774 1771/1771/1771 1778/1778/1778
f 1771/1771/1771 1779/1779/1779 1778/1778/1778
f 1778/1778/1778 1779/1779/1779 1780/1780/1780
f 1779/1779/1779 1781/1781/1781 1780/1780/1780
f 1784/1784/1784 1783/1783/1783 1782/1782/1782
f 1785/1785/1785 1784/1784/1784 1782/1782/1782
f 1788/1788/1788 1787/1787/1787 1786/1786/1786
f 1787/1787/1787 1789/1789/1789 1786/1786/1786
f 1787/1787/1787 1790/1790/1790 1789/1789/1789
f 1790/1790/1790 1791/1791/1791 1789/1789/1789
f 1790/1790/1790 1792/1792/1792 1791/1791/1791
f 1792/1792/1792 1793/1793/1793 1791/1791/1791
f 1792/1792/1792 1794/1794/1794 1793/1793/1793
f 1794/1794/1794 1795/1795/1795 1793/1793/1793
f 1794/1794/1794 1796/1796/1796 1795/1795/1795
f 1796/1796/1796 1797/1797/1797 1795/1795/1795
f 1796/1796/1796 1798/1798/1798 1797/1797/1797
f 1798/1798/1798 1799/1799/1799 1797/1797/1797
f 1798/1798/1798 1800/1800/1800 1799/1799/1799
f 1800/1800/1800 1801/1801/1801 1799/1799/1799
f 1802/1802/1802 1801/1801/1801 1800/1800/1800
f 1803/1803/1803 1802/1802/1802 1800/1800/1800
f 1804/1804/1804 1802/1802/1802 1803/1803/1803
f 1805/1805/1805 1804/1804/1804 1803/1803/1803
f 1806/1806/1806 1804/1804/1804 1805/1805/1805
f 1807/1807/1807 1806/1806/1806 1805/1805/1805
f 1808/1808/1808 1806/1806/1806 1807/1807/1807
f 1809/1809/1809 1808/1808/1808 1807/1807/1807
f 1810/1810/1810 1808/1808/1808 1809/1809/1809
f 1811/1811/1811 1810/1810/1810 1809/1809/1809
f 1812/1812/1812 1810/1810/1810 1811/1811/1811
f 1813/1813/1813 1812/1812/1812 1811/1811/1811
f 1816/1816/1816 1815/1815/1815 1814/1814/1814
f 1817/1817/1817 1816/1816/1816 1814/1814/1814
f 1818/1818/1818 1816/1816/1816 1817/1817/1817
f 1819/1819/1819 1818/1818/1818 1817/1817/1817
f 1820/1820/1820 1818/1818/1818 1819/1819/1819
f 1821/1821/1821 1820/1820/1820 1819/1819/1819
f 1824/1824/1824 1823/1823/1823 1822/1822/1822
f 1825/1825/1825 1824/1824/1824 1822/1822/1822
f 1828/1828/1828 1827/1827/1827 1826/1826/1826
f 1829/1829/1829 1828/1828/1828 1826/1826/1826
f 1832/1832/1832 1831/1831/1831 1830/1830/1830
f 1831/1831/1831 1833/1833/1833 1830/1830/1830
f 1830/1830/1830 1833/1833/1833 1834/1834/1834
f 1833/1833/1833 1835/1835/1835 1834/1834/1834
f 1834/1834/1834 1835/1835/1835 1836/1836/1836
f 1835/1835/1835 1837/1837/1837 1836/1836/1836
f 1837/1837/1837 1838/1838/1838 1836/1836/1836
f 1838/1838/1838 1839/1839/1839 1836/1836/1836
f 1839/1839/1839 1838/1838/1838 1840/1840/1840
f 1841/1841/1841 1839/1839/1839 1840/1840/1840
f 1842/1842/1842 1839/1839/1839 1841/1841/1841
f 1843/1843/1843 1842/1842/1842 1841/1841/1841
f 1844/1844/1844 1841/1841/1841 1840/1840/1840
f 1845/1845/1845 1844/1844/1844 1840/1840/1840
f 1844/1844/1844 1845/1845/1845 1846/1846/1846
f 1847/1847/1847 1844/1844/1844 1846/1846/1846
f 1847/1847/1847 1846/1846/1846 1848/1848/1848
f 1849/1849/1849 1847/1847/1847 1848/1848/1848
f 1849/1849/1849 1848/1848/1848 1850/1850/1850
f 1851/1851/1851 1849/1849/1849 1850/1850/1850
f 1852/1852/1852 1842/1842/1842 1843/1843/1843
f 1853/1853/1853 1852/1852/1852 1843/1843/1843
f 1853/1853/1853 1854/1854/1854 1852/1852/1852
f 1854/1854/1854 1855/1855/1855 1852/1852/1852
f 1858/1858/1858 1857/1857/1857 1856/1856/1856
f 1859/1859/1859 1858/1858/1858 1856/1856/1856
f 1862/1862/1862 1861/1861/1861 1860/1860/1860
f 1863/1863/1863 1862/1862/1862 1860/1860/1860
f 1860/1860/1860 1864/1864/1864 1863/1863/1863
f 1864/1864/1864 1865/1865/1865 1863/1863/1863
f 1865/1865/1865 1866/1866/1866 1863/1863/1863
f 1866/1866/1866 1867/1867/1867 1863/1863/1863
f 1870/1870/1870 1869/1869/1869 1868/1868/1868
f 1870/1870/1870 1871/1871/1871 1869/1869/1869
f 1869/1869/1869 1871/1871/1871 1872/1872/1872
f 1873/1873/1873 1869/1869/1869 1872/1872/1872
f 1874/1874/1874 1873/1873/1873 1872/1872/1872
f 1877/1877/1877 1876/1876/1876 1875/1875/1875
f 1876/1876/1876 1878/1878/1878 1875/1875/1875
f 1879/1879/1879 1875/1875/1875 1878/1878/1878
f 1880/1880/1880 1879/1879/1879 1878/1878/1878
f 1881/1881/1881 1880/1880/1880 1878/1878/1878
f 1882/1882/1882 1881/1881/1881 1878/1878/1878
f 1885/1885/1885 1884/1884/1884 1883/1883/1883
f 1886/1886/1886 1884/1884/1884 1885/1885/1885
f 1886/1886/1886 1885/1885/1885 1887/1887/1887
f 1885/1885/1885 1888/1888/1888 1887/1887/1887
f 1888/1888/1888 1889/1889/1889 1887/1887/1887
f 1892/1892/1892 1891/1891/1891 1890/1890/1890
f 1893/1893/1893 1892/1892/1892 1890/1890/1890
f 1894/1894/1894 1892/1892/1892 1893/1893/1893
f 1895/1895/1895 1894/1894/1894 1893/1893/1893
f 1896/1896/1896 1894/1894/1894 1895/1895/1895
f 1897/1897/1897 1896/1896/1896 1895/1895/1895
f 1897/1897/1897 1895/1895/1895 1898/1898/1898
f 1896/1896/1896 1897/1897/1897 1899/1899/1899
f 1900/1900/1900 1897/1897/1897 1898/1898/1898
f 1901/1901/1901 1896/1896/1896 1899/1899/1899
f 1901/1901/1901 1899/1899/1899 1902/1902/1902
f 1903/1903/1903 1901/1901/1901 1902/1902/1902
f 1900/1900/1900 1898/1898/1898 1904/1904/1904
f 1905/1905/1905 1900/1900/1900 1904/1904/1904
f 1905/1905/1905 1904/1904/1904 1906/1906/1906
f 1906/1906/1906 1904/1904/1904 1907/1907/1907
f 1908/1908/1908 1905/1905/1905 1906/1906/1906
f 1904/1904/1904 1909/1909/1909 1907/1907/1907
f 1907/1907/1907 1909/1909/1909 1910/1910/1910
f 1909/1909/1909 1911/1911/1911 1910/1910/1910
f 1905/1905/1905 1908/1908/1908 1912/1912/1912
f 1913/1913/1913 1905/1905/1905 1912/1912/1912
f 1913/1913/1913 1912/1912/1912 1914/1914/1914
f 1915/1915/1915 1913/1913/1913 1914/1914/1914
f 1918/1918/1918 1917/1917/1917 1916/1916/1916
f 1919/1919/1919 1918/1918/1918 1916/1916/1916
f 1922/1922/1922 1921/1921/1921 1920/1920/1920
f 1923/1923/1923 1922/1922/1922 1920/1920/1920
f 1924/1924/1924 1922/1922/1922 1923/1923/1923
f 1925/1925/1925 1924/1924/1924 1923/1923/1923
f 1926/1926/1926 1924/1924/1924 1925/1925/1925
f 1927/1927/1927 1926/1926/1926 1925/1925/1925
f 1928/1928/1928 1926/1926/1926 1927/1927/1927
f 1929/1929/1929 1928/1928/1928 1927/1927/1927
f 1930/1930/1930 1928/1928/1928 1929/1929/1929
f 1931/1931/1931 1930/1930/1930 1929/1929/1929
f 1932/1932/1932 1930/1930/1930 1931/1931/1931
f 1933/1933/1933 1932/1932/1932 1931/1931/1931
f 1934/1934/1934 1932/1932/1932 1933/1933/1933
f 1935/1935/1935 1934/1934/1934 1933/1933/1933
f 1935/1935/1935 1936/1936/1936 1934/1934/1934
f 1936/1936/1936 1937/1937/1937 1934/1934/1934
f 1936/1936/1936 1938/1938/1938 1937/1937/1937
f 1938/1938/1938 1939/1939/1939 1937/1937/1937
f 1938/1938/1938 1940/1940/1940 1939/1939/1939
f 1940/1940/1940 1941/1941/1941 1939/1939/1939
f 1940/1940/1940 1942/1942/1942 1941/1941/1941
f 1942/1942/1942 1943/1943/1943 1941/1941/1941
f 1942/1942/1942 1944/1944/1944 1943/1943/1943
f 1944/1944/1944 1945/1945/1945 1943/1943/1943
f 1944/1944/1944 1946/1946/1946 1945/1945/1945
f 1946/1946/1946 1947/1947/1947 1945/1945/1945
f 1950/1950/1950 1949/1949/1949 1948/1948/1948
f 1949/1949/1949 1951/1951/1951 1948/1948/1948
f 1949/1949/1949 1952/1952/1952 1951/1951/1951
f 1952/1952/1952 1953/1953/1953 1951/1951/1951
f 1952/1952/1952 1954/1954/1954 1953/1953/1953
f 1954/1954/1954 1955/1955/1955 1953/1953/1953
f 1958/1958/1958 1957/1957/1957 1956/1956/1956
f 1959/1959/1959 1958/1958/1958 1956/1956/1956
f 1962/1962/1962 1961/1961/1961 1960/1960/1960
f 1963/1963/1963 1962/1962/1962 1960/1960/1960
f 1966/1966/1966 1965/1965/1965 1964/1964/1964
f 1967/1967/1967 1966/1966/1966 1964/1964/1964
f 1967/1967/1967 1964/1964/1964 1968/1968/1968
f 1969/1969/1969 1967/1967/1967 1968/1968/1968
f 1969/1969/1969 1968/1968/1968 1970/1970/1970
f 1971/1971/1971 1969/1969/1969 1970/1970/1970
f 1972/1972/1972 1971/1971/1971 1970/1970/1970
f 1973/1973/1973 1972/1972/1972 1970/1970/1970
f 1972/1972/1972 1973/1973/1973 1974/1974/1974
f 1973/1973/1973 1975/1975/1975 1974/1974/1974
f 1973/1973/1973 1976/1976/1976 1975/1975/1975
f 1976/1976/1976 1977/1977/1977 1975/1975/1975
f 1975/1975/1975 1978/1978/1978 1974/1974/1974
f 1978/1978/1978 1979/1979/1979 1974/1974/1974
f 1979/1979/1979 1978/1978/1978 1980/1980/1980
f 1978/1978/1978 1981/1981/1981 1980/1980/1980
f 1980/1980/1980 1981/1981/1981 1982/1982/1982
f 1981/1981/1981 1983/1983/1983 1982/1982/1982
f 1982/1982/1982 1983/1983/1983 1984/1984/1984
f 1983/1983/1983 1985/1985/1985 1984/1984/1984
f 1976/1976/1976 1986/1986/1986 1977/1977/1977
f 1986/1986/1986 1987/1987/1987 1977/1977/1977
f 1988/1988/1988 1987/1987/1987 1986/1986/1986
f 1989/1989/1989 1988/1988/1988 1986/1986/1986
f 1992/1992/1992 1991/1991/1991 1990/1990/1990
f 1993/1993/1993 1992/1992/1992 1990/1990/1990
f 1996/1996/1996 1995/1995/1995 1994/1994/1994
f 1995/1995/1995 1997/1997/1997 1994/1994/1994
f 1998/1998/1998 1994/1994/1994 1997/1997/1997
f 1999/1999/1999 1998/1998/1998 1997/1997/1997
f 2000/2000/2000 1999/1999/1999 1997/1997/1997
f 2001/2001/2001 2000/2000/2000 1997/1997/1997
f 2004/2004/2004 2003/2003/2003 2002/2002/2002
f 2005/2005/2005 2003/2003/2003 2004/2004/2004
f 2005/2005/2005 2004/2004/2004 2006/2006/2006
f 2004/2004/2004 2007/2007/2007 2006/2006/2006
f 2007/2007/2007 2008/2008/2008 2006/2006/2006
f 2011/2011/2011 2010/2010/2010 2009/2009/2009
f 2012/2012/2012 2011/2011/2011 2009/2009/2009
f 2009/2009/2009 2013/2013/2013 2012/2012/2012
f 2013/2013/2013 2014/2014/2014 2012/2012/2012
f 2014/2014/2014 2015/2015/2015 2012/2012/2012
f 2015/2015/2015 2016/2016/2016 2012/2012/2012
f 2019/2019/2019 2018/2018/2018 2017/2017/2017
f 2019/2019/2019 2020/2020/2020 2018/2018/2018
f 2018/2018/2018 2020/2020/2020 2021/2021/2021
f 2022/2022/2022 2018/2018/2018 2021/2021/2021
f 2023/2023/2023 2022/2022/2022 2021/2021/2021
f 2026/2026/2026 2025/2025/2025 2024/2024/2024
f 2027/2027/2027 2026/2026/2026 2024/2024/2024
f 2028/2028/2028 2026/2026/2026 2027/2027/2027
f 2029/2029/2029 2028/2028/2028 2027/2027/2027
f 2030/2030/2030 2028/2028/2028 2029/2029/2029
f 2031/2031/2031 2030/2030/2030 2029/2029/2029
f 2031/2031/2031 2029/2029/2029 2032/2032/2032
f 2030/2030/2030 2031/2031/2031 2033/2033/2033
f 2034/2034/2034 2031/2031/2031 2032/2032/2032
f 2035/2035/2035 2030/2030/2030 2033/2033/2033
f 2035/2035/2035 2033/2033/2033 2036/2036/2036
f 2037/2037/2037 2035/2035/2035 2036/2036/2036
f 2034/2034/2034 2032/2032/2032 2038/2038/2038
f 2039/2039/2039 2034/2034/2034 2038/2038/2038
f 2039/2039/2039 2038/2038/2038 2040/2040/2040
f 2040/2040/2040 2038/2038/2038 2041/2041/2041
f 2042/2042/2042 2039/2039/2039 2040/2040/2040
f 2038/2038/2038 2043/2043/2043 2041/2041/2041
f 2041/2041/2041 2043/2043/2043 2044/2044/2044
f 2043/2043/2043 2045/2045/2045 2044/2044/2044
f 2039/2039/2039 2042/2042/2042 2046/2046/2046
f 2047/2047/2047 2039/2039/2039 2046/2046/2046
f 2047/2047/2047 2046/2046/2046 2048/2048/2048
f 2049/2049/2049 2047/2047/2047 2048/2048/2048
f 2052/2052/2052 2051/2051/2051 2050/2050/2050
f 2053/2053/2053 2052/2052/2052 2050/2050/2050
f 2056/2056/2056 2055/2055/2055 2054/2054/2054
f 2057/2057/2057 2056/2056/2056 2054/2054/2054
f 2058/2058/2058 2056/2056/2056 2057/2057/2057
f 2059/2059/2059 2058/2058/2058 2057/2057/2057
f 2060/2060/2060 2058/2058/2058 2059/2059/2059
f 2061/2061/2061 2060/2060/2060 2059/2059/2059
f 2062/2062/2062 2060/2060/2060 2061/2061/2061
f 2063/2063/2063 2062/2062/2062 2061/2061/2061
f 2064/2064/2064 2062/2062/2062 2063/2063/2063
f 2065/2065/2065 2064/2064/2064 2063/2063/2063
f 2066/2066/2066 2064/2064/2064 2065/2065/2065
f 2067/2067/2067 2066/2066/2066 2065/2065/2065
f 2068/2068/2068 2066/2066/2066 2067/2067/2067
f 2069/2069/2069 2068/2068/2068 2067/2067/2067
f 2069/2069/2069 2070/2070/2070 2068/2068/2068
f 2070/2070/2070 2071/2071/2071 2068/2068/2068
f 2070/2070/2070 2072/2072/2072 2071/2071/2071
f 2072/2072/2072 2073/2073/2073 2071/2071/2071
f 2072/2072/2072 2074/2074/2074 2073/2073/2073
f 2074/2074/2074 2075/2075/2075 2073/2073/2073
f 2074/2074/2074 2076/2076/2076 2075/2075/2075
f 2076/2076/2076 2077/2077/2077 2075/2075/2075
f 2076/2076/2076 2078/2078/2078 2077/2077/2077
f 2078/2078/2078 2079/2079/2079 2077/2077/2077
f 2078/2078/2078 2080/2080/2080 2079/2079/2079
f 2080/2080/2080 2081/2081/2081 2079/2079/2079
f 2084/2084/2084 2083/2083/2083 2082/2082/2082
f 2083/2083/2083 2085/2085/2085 2082/2082/2082
f 2083/2083/2083 2086/2086/2086 2085/2085/2085
f 2086/2086/2086 2087/2087/2087 2085/2085/2085
f 2086/2086/2086 2088/2088/2088 2087/2087/2087
f 2088/2088/2088 2089/2089/2089 2087/2087/2087
f 2092/2092/2092 2091/2091/2091 2090/2090/2090
f 2093/2093/2093 2092/2092/2092 2090/2090/2090
f 2096/2096/2096 2095/2095/2095 2094/2094/2094
f 2097/2097/2097 2096/2096/2096 2094/2094/2094
f 2100/2100/2100 2099/2099/2099 2098/2098/2098
f 2101/2101/2101 2100/2100/2100 2098/2098/2098
f 2101/2101/2101 2098/2098/2098 2102/2102/2102
f 2103/2103/2103 2101/2101/2101 2102/2102/2102
f 2103/2103/2103 2102/2102/2102 2104/2104/2104
f 2105/2105/2105 2103/2103/2103 2104/2104/2104
f 2106/2106/2106 2105/2105/2105 2104/2104/2104
f 2107/2107/2107 2106/2106/2106 2104/2104/2104
f 2106/2106/2106 2107/2107/2107 2108/2108/2108
f 2107/2107/2107 2109/2109/2109 2108/2108/2108
f 2107/2107/2107 2110/2110/2110 2109/2109/2109
f 2110/2110/2110 2111/2111/2111 2109/2109/2109
f 2109/2109/2109 2112/2112/2112 2108/2108/2108
f 2112/2112/2112 2113/2113/2113 2108/2108/2108
f 2113/2113/2113 2112/2112/2112 2114/2114/2114
f 2112/2112/2112 2115/2115/2115 2114/2114/2114
f 2114/2114/2114 2115/2115/2115 2116/2116/2116
f 2115/2115/2115 2117/2117/2117 2116/2116/2116
f 2116/2116/2116 2117/2117/2117 2118/2118/2118
f 2117/2117/2117 2119/2119/2119 2118/2118/2118
f 2110/2110/2110 2120/2120/2120 2111/2111/2111
f 2120/2120/2120 2121/2121/2121 2111/2111/2111
f 2122/2122/2122 2121/2121/2121 2120/2120/2120
f 2123/2123/2123 2122/2122/2122 2120/2120/2120
f 2126/2126/2126 2125/2125/2125 2124/2124/2124
f 2127/2127/2127 2126/2126/2126 2124/2124/2124
f 2130/2130/2130 2129/2129/2129 2128/2128/2128
f 2129/2129/2129 2131/2131/2131 2128/2128/2128
f 2132/2132/2132 2128/2128/2128 2131/2131/2131
f 2133/2133/2133 2132/2132/2132 2131/2131/2131
f 2134/2134/2134 2133/2133/2133 2131/2131/2131
f 2135/2135/2135 2134/2134/2134 2131/2131/2131
f 2138/2138/2138 2137/2137/2137 2136/2136/2136
f 2139/2139/2139 2137/2137/2137 2138/2138/2138
f 2139/2139/2139 2138/2138/2138 2140/2140/2140
f 2138/2138/2138 2141/2141/2141 2140/2140/2140
f 2141/2141/2141 2142/2142/2142 2140/2140/2140
f 2145/2145/2145 2144/2144/2144 2143/2143/2143
f 2146/2146/2146 2145/2145/2145 2143/2143/2143
f 2143/2143/2143 2147/2147/2147 2146/2146/2146
f 2147/2147/2147 2148/2148/2148 2146/2146/2146
f 2148/2148/2148 2149/2149/2149 2146/2146/2146
f 2149/2149/2149 2150/2150/2150 2146/2146/2146
f 2153/2153/2153 2152/2152/2152 2151/2151/2151
f 2153/2153/2153 2154/2154/2154 2152/2152/2152
f 2152/2152/2152 2154/2154/2154 2155/2155/2155
f 2156/2156/2156 2152/2152/2152 2155/2155/2155
f 2157/2157/2157 2156/2156/2156 2155/2155/2155
f 2160/2160/2160 2159/2159/2159 2158/2158/2158
f 2159/2159/2159 2161/2161/2161 2158/2158/2158
f 2159/2159/2159 2162/2162/2162 2161/2161/2161
f 2162/2162/2162 2163/2163/2163 2161/2161/2161
f 2162/2162/2162 2164/2164/2164 2163/2163/2163
f 2164/2164/2164 2165/2165/2165 2163/2163/2163
f 2163/2163/2163 2165/2165/2165 2166/2166/2166
f 2165/2165/2165 2164/2164/2164 2167/2167/2167
f 2165/2165/2165 2168/2168/2168 2166/2166/2166
f 2164/2164/2164 2169/2169/2169 2167/2167/2167
f 2167/2167/2167 2169/2169/2169 2170/2170/2170
f 2169/2169/2169 2171/2171/2171 2170/2170/2170
f 2166/2166/2166 2168/2168/2168 2172/2172/2172
f 2168/2168/2168 2173/2173/2173 2172/2172/2172
f 2172/2172/2172 2173/2173/2173 2174/2174/2174
f 2172/2172/2172 2174/2174/2174 2175/2175/2175
f 2173/2173/2173 2176/2176/2176 2174/2174/2174
f 2177/2177/2177 2172/2172/2172 2175/2175/2175
f 2177/2177/2177 2175/2175/2175 2178/2178/2178
f 2179/2179/2179 2177/2177/2177 2178/2178/2178
f 2176/2176/2176 2173/2173/2173 2180/2180/2180
f 2173/2173/2173 2181/2181/2181 2180/2180/2180
f 2180/2180/2180 2181/2181/2181 2182/2182/2182
f 2181/2181/2181 2183/2183/2183 2182/2182/2182
f 2186/2186/2186 2185/2185/2185 2184/2184/2184
f 2187/2187/2187 2186/2186/2186 2184/2184/2184
f 2190/2190/2190 2189/2189/2189 2188/2188/2188
f 2189/2189/2189 2191/2191/2191 2188/2188/2188
f 2189/2189/2189 2192/2192/2192 2191/2191/2191
f 2192/2192/2192 2193/2193/2193 2191/2191/2191
f 2192/2192/2192 2194/2194/2194 2193/2193/2193
f 2194/2194/2194 2195/2195/2195 2193/2193/2193
f 2194/2194/2194 2196/2196/2196 2195/2195/2195
f 2196/2196/2196 2197/2197/2197 2195/2195/2195
f 2196/2196/2196 2198/2198/2198 2197/2197/2197
f 2198/2198/2198 2199/2199/2199 2197/2197/2197
f 2198/2198/2198 2200/2200/2200 2199/2199/2199
f 2200/2200/2200 2201/2201/2201 2199/2199/2199
f 2200/2200/2200 2202/2202/2202 2201/2201/2201
f 2202/2202/2202 2203/2203/2203 2201/2201/2201
f 2204/2204/2204 2203/2203/2203 2202/2202/2202
f 2205/2205/2205 2204/2204/2204 2202/2202/2202
f 2206/2206/2206 2204/2204/2204 2205/2205/2205
f 2207/2207/2207 2206/2206/2206 2205/2205/2205
f 2208/2208/2208 2206/2206/2206 2207/2207/2207
f 2209/2209/2209 2208/2208/2208 2207/2207/2207
f 2210/2210/2210 2208/2208/2208 2209/2209/2209
f 2211/2211/2211 2210/2210/2210 2209/2209/2209
f 2212/2212/2212 2210/2210/2210 2211/2211/2211
f 2213/2213/2213 2212/2212/2212 2211/2211/2211
f 2214/2214/2214 2212/2212/2212 2213/2213/2213
f 2215/2215/2215 2214/2214/2214 2213/2213/2213
f 2218/2218/2218 2217/2217/2217 2216/2216/2216
f 2219/2219/2219 2218/2218/2218 2216/2216/2216
f 2220/2220/2220 2218/2218/2218 2219/2219/2219
f 2221/2221/2221 2220/2220/2220 2219/2219/2219
f 2222/2222/2222 2220/2220/2220 2221/2221/2221
f 2223/2223/2223 2222/2222/2222 2221/2221/2221
f 2226/2226/2226 2225/2225/2225 2224/2224/2224
f 2227/2227/2227 2226/2226/2226 2224/2224/2224
f 2230/2230/2230 2229/2229/2229 2228/2228/2228
f 2231/2231/2231 2230/2230/2230 2228/2228/2228
f 2234/2234/2234 2233/2233/2233 2232/2232/2232
f 2233/2233/2233 2235/2235/2235 2232/2232/2232
f 2232/2232/2232 2235/2235/2235 2236/2236/2236
f 2235/2235/2235 2237/2237/2237 2236/2236/2236
f 2236/2236/2236 2237/2237/2237 2238/2238/2238
f 2237/2237/2237 2239/2239/2239 2238/2238/2238
f 2239/2239/2239 2240/2240/2240 2238/2238/2238
f 2240/2240/2240 2241/2241/2241 2238/2238/2238
f 2241/2241/2241 2240/2240/2240 2242/2242/2242
f 2243/2243/2243 2241/2241/2241 2242/2242/2242
f 2244/2244/2244 2241/2241/2241 2243/2243/2243
f 2245/2245/2245 2244/2244/2244 2243/2243/2243
f 2246/2246/2246 2243/2243/2243 2242/2242/2242
f 2247/2247/2247 2246/2246/2246 2242/2242/2242
f 2246/2246/2246 2247/2247/2247 2248/2248/2248
f 2249/2249/2249 2246/2246/2246 2248/2248/2248
f 2249/2249/2249 2248/2248/2248 2250/2250/2250
f 2251/2251/2251 2249/2249/2249 2250/2250/2250
f 2251/2251/2251 2250/2250/2250 2252/2252/2252
f 2253/2253/2253 2251/2251/2251 2252/2252/2252
f 2254/2254/2254 2244/2244/2244 2245/2245/2245
f 2255/2255/2255 2254/2254/2254 2245/2245/2245
f 2255/2255/2255 2256/2256/2256 2254/2254/2254
f 2256/2256/2256 2257/2257/2257 2254/2254/2254
f 2260/2260/2260 2259/2259/2259 2258/2258/2258
f 2261/2261/2261 2260/2260/2260 2258/2258/2258
f 2264/2264/2264 2263/2263/2263 2262/2262/2262
f 2265/2265/2265 2264/2264/2264 2262/2262/2262
f 2262/2262/2262 2266/2266/2266 2265/2265/2265
f 2266/2266/2266 2267/2267/2267 2265/2265/2265
f 2267/2267/2267 2268/2268/2268 2265/2265/2265
f 2268/2268/2268 2269/2269/2269 2265/2265/2265
f 2272/2272/2272 2271/2271/2271 2270/2270/2270
f 2272/2272/2272 2273/2273/2273 2271/2271/2271
f 2271/2271/2271 2273/2273/2273 2274/2274/2274
f 2275/2275/2275 2271/2271/2271 2274/2274/2274
f 2276/2276/2276 2275/2275/2275 2274/2274/2274
f 2279/2279/2279 2278/2278/2278 2277/2277/2277
f 2278/2278/2278 2280/2280/2280 2277/2277/2277
f 2281/2281/2281 2277/2277/2277 2280/2280/2280
f 2282/2282/2282 2281/2281/2281 2280/2280/2280
f 2283/2283/2283 2282/2282/2282 2280/2280/2280
f 2284/2284/2284 2283/2283/2283 2280/2280/2280
f 2287/2287/2287 2286/2286/2286 2285/2285/2285
f 2288/2288/2288 2286/2286/2286 2287/2287/2287
f 2288/2288/2288 2287/2287/2287 2289/2289/2289
f 2287/2287/2287 2290/2290/2290 2289/2289/2289
f 2290/2290/2290 2291/2291/2291 2289/2289/2289
f 2294/2294/2294 2293/2293/2293 2292/2292/2292
f 2295/2295/2295 2294/2294/2294 2292/2292/2292
f 2296/2296/2296 2295/2295/2295 2292/2292/2292
f 2295/2295/2295 2296/2296/2296 2297/2297/2297
f 2298/2298/2298 2294/2294/2294 2295/2295/2295
f 2295/2295/2295 2297/2297/2297 2299/2299/2299
f 2297/2297/2297 2300/2300/2300 2299/2299/2299
f 2301/2301/2301 2295/2295/2295 2299/2299/2299
f 2301/2301/2301 2298/2298/2298 2295/2295/2295
f 2302/2302/2302 2301/2301/2301 2299/2299/2299
f 2298/2298/2298 2301/2301/2301 2303/2303/2303
f 2301/2301/2301 2302/2302/2302 2303/2303/2303
f 2302/2302/2302 2304/2304/2304 2303/2303/2303
f 2305/2305/2305 2298/2298/2298 2303/2303/2303
f 2304/2304/2304 2306/2306/2306 2303/2303/2303
f 2303/2303/2303 2307/2307/2307 2305/2305/2305
f 2306/2306/2306 2307/2307/2307 2303/2303/2303
f 2307/2307/2307 2308/2308/2308 2305/2305/2305
f 2309/2309/2309 2307/2307/2307 2306/2306/2306
f 2310/2310/2310 2309/2309/2309 2306/2306/2306
f 2309/2309/2309 2310/2310/2310 2311/2311/2311
f 2312/2312/2312 2309/2309/2309 2311/2311/2311
f 2313/2313/2313 2307/2307/2307 2309/2309/2309
f 2307/2307/2307 2313/2313/2313 2314/2314/2314
f 2307/2307/2307 2314/2314/2314 2308/2308/2308
f 2314/2314/2314 2315/2315/2315 2308/2308/2308
f 2316/2316/2316 2315/2315/2315 2314/2314/2314
f 2317/2317/2317 2316/2316/2316 2314/2314/2314
f 2320/2320/2320 2319/2319/2319 2318/2318/2318
f 2319/2319/2319 2321/2321/2321 2318/2318/2318
f 2321/2321/2321 2322/2322/2322 2318/2318/2318
f 2322/2322/2322 2323/2323/2323 2318/2318/2318
f 2323/2323/2323 2322/2322/2322 2324/2324/2324
f 2325/2325/2325 2323/2323/2323 2324/2324/2324
f 2326/2326/2326 2325/2325/2325 2324/2324/2324
f 2327/2327/2327 2326/2326/2326 2324/2324/2324
f 2327/2327/2327 2328/2328/2328 2326/2326/2326
f 2328/2328/2328 2329/2329/2329 2326/2326/2326
f 2328/2328/2328 2330/2330/2330 2329/2329/2329
f 2330/2330/2330 2331/2331/2331 2329/2329/2329
f 2334/2334/2334 2333/2333/2333 2332/2332/2332
f 2333/2333/2333 2335/2335/2335 2332/2332/2332
f 2336/2336/2336 2335/2335/2335 2333/2333/2333
f 2337/2337/2337 2336/2336/2336 2333/2333/2333
f 2340/2340/2340 2339/2339/2339 2338/2338/2338
f 2339/2339/2339 2341/2341/2341 2338/2338/2338
f 2342/2342/2342 2338/2338/2338 2341/2341/2341
f 2343/2343/2343 2342/2342/2342 2341/2341/2341
f 2346/2346/2346 2345/2345/2345 2344/2344/2344
f 2345/2345/2345 2347/2347/2347 2344/2344/2344
f 2345/2345/2345 2348/2348/2348 2347/2347/2347
f 2348/2348/2348 2349/2349/2349 2347/2347/2347
f 2352/2352/2352 2351/2351/2351 2350/2350/2350
f 2350/2350/2350 2351/2351/2351 2353/2353/2353
f 2350/2350/2350 2353/2353/2353 2354/2354/2354
f 2351/2351/2351 2355/2355/2355 2353/2353/2353
f 2356/2356/2356 2355/2355/2355 2351/2351/2351
f 2355/2355/2355 2357/2357/2357 2353/2353/2353
f 2353/2353/2353 2358/2358/2358 2354/2354/2354
f 2358/2358/2358 2359/2359/2359 2354/2354/2354
f 2359/2359/2359 2360/2360/2360 2354/2354/2354
f 2363/2363/2363 2362/2362/2362 2361/2361/2361
f 2362/2362/2362 2364/2364/2364 2361/2361/2361
f 2365/2365/2365 2361/2361/2361 2364/2364/2364
f 2366/2366/2366 2365/2365/2365 2364/2364/2364
f 2367/2367/2367 2366/2366/2366 2364/2364/2364
f 2370/2370/2370 2369/2369/2369 2368/2368/2368
f 2371/2371/2371 2370/2370/2370 2368/2368/2368
f 2372/2372/2372 2371/2371/2371 2368/2368/2368
f 2373/2373/2373 2372/2372/2372 2368/2368/2368
f 2374/2374/2374 2372/2372/2372 2373/2373/2373
f 2375/2375/2375 2374/2374/2374 2373/2373/2373
f 2376/2376/2376 2374/2374/2374 2375/2375/2375
f 2377/2377/2377 2376/2376/2376 2375/2375/2375
f 2378/2378/2378 2376/2376/2376 2377/2377/2377
f 2379/2379/2379 2378/2378/2378 2377/2377/2377
f 2380/2380/2380 2378/2378/2378 2379/2379/2379
f 2380/2380/2380 2379/2379/2379 2381/2381/2381
f 2382/2382/2382 2380/2380/2380 2381/2381/2381
f 2383/2383/2383 2382/2382/2382 2381/2381/2381
f 2382/2382/2382 2384/2384/2384 2380/2380/2380
f 2384/2384/2384 2385/2385/2385 2380/2380/2380
f 2384/2384/2384 2386/2386/2386 2385/2385/2385
f 2386/2386/2386 2387/2387/2387 2385/2385/2385
f 2388/2388/2388 2383/2383/2383 2381/2381/2381
f 2389/2389/2389 2388/2388/2388 2381/2381/2381
f 2389/2389/2389 2390/2390/2390 2388/2388/2388
f 2390/2390/2390 2391/2391/2391 2388/2388/2388
f 2390/2390/2390 2392/2392/2392 2391/2391/2391
f 2392/2392/2392 2393/2393/2393 2391/2391/2391
f 2393/2393/2393 2392/2392/2392 2394/2394/2394
f 2392/2392/2392 2395/2395/2395 2394/2394/2394
f 2394/2394/2394 2395/2395/2395 2396/2396/2396
f 2395/2395/2395 2397/2397/2397 2396/2396/2396
f 2400/2400/2400 2399/2399/2399 2398/2398/2398
f 2399/2399/2399 2400/2400/2400 2401/2401/2401
f 2401/2401/2401 2402/2402/2402 2399/2399/2399
f 2400/2400/2400 2403/2403/2403 2401/2401/2401
f 2403/2403/2403 2404/2404/2404 2401/2401/2401
f 2404/2404/2404 2403/2403/2403 2405/2405/2405
f 2406/2406/2406 2404/2404/2404 2405/2405/2405
f 2409/2409/2409 2408/2408/2408 2407/2407/2407
f 2410/2410/2410 2408/2408/2408 2409/2409/2409
f 2410/2410/2410 2411/2411/2411 2408/2408/2408
f 2410/2410/2410 2412/2412/2412 2411/2411/2411
f 2412/2412/2412 2410/2410/2410 2413/2413/2413
f 2410/2410/2410 2414/2414/2414 2413/2413/2413
f 2417/2417/2417 2416/2416/2416 2415/2415/2415
f 2418/2418/2418 2417/2417/2417 2415/2415/2415
f 2421/2421/2421 2420/2420/2420 2419/2419/2419
f 2422/2422/2422 2421/2421/2421 2419/2419/2419
f 2425/2425/2425 2424/2424/2424 2423/2423/2423
f 2426/2426/2426 2425/2425/2425 2423/2423/2423
f 2423/2423/2423 2427/2427/2427 2426/2426/2426
f 2427/2427/2427 2428/2428/2428 2426/2426/2426
f 2431/2431/2431 2430/2430/2430 2429/2429/2429
f 2432/2432/2432 2431/2431/2431 2429/2429/2429
f 2433/2433/2433 2431/2431/2431 2432/2432/2432
f 2434/2434/2434 2433/2433/2433 2432/2432/2432
f 2437/2437/2437 2436/2436/2436 2435/2435/2435
f 2437/2437/2437 2435/2435/2435 2438/2438/2438
f 2438/2438/2438 2435/2435/2435 2439/2439/2439
f 2440/2440/2440 2437/2437/2437 2438/2438/2438
f 2440/2440/2440 2441/2441/2441 2437/2437/2437
f 2442/2442/2442 2440/2440/2440 2438/2438/2438
f 2443/2443/2443 2438/2438/2438 2439/2439/2439
f 2444/2444/2444 2443/2443/2443 2439/2439/2439
f 2445/2445/2445 2444/2444/2444 2439/2439/2439
f 2448/2448/2448 2447/2447/2447 2446/2446/2446
f 2449/2449/2449 2448/2448/2448 2446/2446/2446
f 2446/2446/2446 2450/2450/2450 2449/2449/2449
f 2450/2450/2450 2451/2451/2451 2449/2449/2449
f 2451/2451/2451 2452/2452/2452 2449/2449/2449
f 2455/2455/2455 2454/2454/2454 2453/2453/2453
f 2454/2454/2454 2456/2456/2456 2453/2453/2453
f 2456/2456/2456 2457/2457/2457 2453/2453/2453
f 2457/2457/2457 2458/2458/2458 2453/2453/2453
f 2457/2457/2457 2459/2459/2459 2458/2458/2458
f 2459/2459/2459 2460/2460/2460 2458/2458/2458
f 2459/2459/2459 2461/2461/2461 2460/2460/2460
f 2461/2461/2461 2462/2462/2462 2460/2460/2460
f 2461/2461/2461 2463/2463/2463 2462/2462/2462
f 2463/2463/2463 2464/2464/2464 2462/2462/2462
f 2463/2463/2463 2465/2465/2465 2464/2464/2464
f 2464/2464/2464 2465/2465/2465 2466/2466/2466
f 2465/2465/2465 2467/2467/2467 2466/2466/2466
f 2467/2467/2467 2468/2468/2468 2466/2466/2466
f 2469/2469/2469 2467/2467/2467 2465/2465/2465
f 2470/2470/2470 2469/2469/2469 2465/2465/2465
f 2471/2471/2471 2469/2469/2469 2470/2470/2470
f 2472/2472/2472 2471/2471/2471 2470/2470/2470
f 2468/2468/2468 2473/2473/2473 2466/2466/2466
f 2473/2473/2473 2474/2474/2474 2466/2466/2466
f 2475/2475/2475 2474/2474/2474 2473/2473/2473
f 2476/2476/2476 2475/2475/2475 2473/2473/2473
f 2477/2477/2477 2475/2475/2475 2476/2476/2476
f 2478/2478/2478 2477/2477/2477 2476/2476/2476
f 2477/2477/2477 2478/2478/2478 2479/2479/2479
f 2480/2480/2480 2477/2477/2477 2479/2479/2479
f 2480/2480/2480 2479/2479/2479 2481/2481/2481
f 2482/2482/2482 2480/2480/2480 2481/2481/2481
f 2485/2485/2485 2484/2484/2484 2483/2483/2483
f 2484/2484/2484 2485/2485/2485 2486/2486/2486
f 2487/2487/2487 2486/2486/2486 2485/2485/2485
f 2488/2488/2488 2484/2484/2484 2486/2486/2486
f 2489/2489/2489 2488/2488/2488 2486/2486/2486
f 2488/2488/2488 2489/2489/2489 2490/2490/2490
f 2489/2489/2489 2491/2491/2491 2490/2490/2490
f 2494/2494/2494 2493/2493/2493 2492/2492/2492
f 2494/2494/2494 2495/2495/2495 2493/2493/2493
f 2496/2496/2496 2495/2495/2495 2494/2494/2494
f 2497/2497/2497 2495/2495/2495 2496/2496/2496
f 2495/2495/2495 2497/2497/2497 2498/2498/2498
f 2499/2499/2499 2495/2495/2495 2498/2498/2498
f 2502/2502/2502 2501/2501/2501 2500/2500/2500
f 2503/2503/2503 2502/2502/2502 2500/2500/2500
f 2506/2506/2506 2505/2505/2505 2504/2504/2504
f 2507/2507/2507 2506/2506/2506 2504/2504/2504
f 2510/2510/2510 2509/2509/2509 2508/2508/2508
f 2511/2511/2511 2510/2510/2510 2508/2508/2508
f 2508/2508/2508 2512/2512/2512 2511/2511/2511
f 2512/2512/2512 2513/2513/2513 2511/2511/2511
f 2516/2516/2516 2515/2515/2515 2514/2514/2514
f 2517/2517/2517 2516/2516/2516 2514/2514/2514
f 2518/2518/2518 2516/2516/2516 2517/2517/2517
f 2519/2519/2519 2518/2518/2518 2517/2517/2517
f 2522/2522/2522 2521/2521/2521 2520/2520/2520
f 2522/2522/2522 2520/2520/2520 2523/2523/2523
f 2523/2523/2523 2520/2520/2520 2524/2524/2524
f 2525/2525/2525 2522/2522/2522 2523/2523/2523
f 2525/2525/2525 2526/2526/2526 2522/2522/2522
f 2527/2527/2527 2525/2525/2525 2523/2523/2523
f 2528/2528/2528 2523/2523/2523 2524/2524/2524
f 2529/2529/2529 2528/2528/2528 2524/2524/2524
f 2530/2530/2530 2529/2529/2529 2524/2524/2524
f 2533/2533/2533 2532/2532/2532 2531/2531/2531
f 2534/2534/2534 2533/2533/2533 2531/2531/2531
f 2531/2531/2531 2535/2535/2535 2534/2534/2534
f 2535/2535/2535 2536/2536/2536 2534/2534/2534
f 2536/2536/2536 2537/2537/2537 2534/2534/2534
f 2540/2540/2540 2539/2539/2539 2538/2538/2538
f 2539/2539/2539 2541/2541/2541 2538/2538/2538
f 2541/2541/2541 2542/2542/2542 2538/2538/2538
f 2542/2542/2542 2543/2543/2543 2538/2538/2538
f 2542/2542/2542 2544/2544/2544 2543/2543/2543
f 2544/2544/2544 2545/2545/2545 2543/2543/2543
f 2544/2544/2544 2546/2546/2546 2545/2545/2545
f 2546/2546/2546 2547/2547/2547 2545/2545/2545
f 2546/2546/2546 2548/2548/2548 2547/2547/2547
f 2548/2548/2548 2549/2549/2549 2547/2547/2547
f 2548/2548/2548 2550/2550/2550 2549/2549/2549
f 2549/2549/2549 2550/2550/2550 2551/2551/2551
f 2550/2550/2550 2552/2552/2552 2551/2551/2551
f 2552/2552/2552 2553/2553/2553 2551/2551/2551
f 2554/2554/2554 2552/2552/2552 2550/2550/2550
f 2555/2555/2555 2554/2554/2554 2550/2550/2550
f 2556/2556/2556 2554/2554/2554 2555/2555/2555
f 2557/2557/2557 2556/2556/2556 2555/2555/2555
f 2553/2553/2553 2558/2558/2558 2551/2551/2551
f 2558/2558/2558 2559/2559/2559 2551/2551/2551
f 2560/2560/2560 2559/2559/2559 2558/2558/2558
f 2561/2561/2561 2560/2560/2560 2558/2558/2558
f 2562/2562/2562 2560/2560/2560 2561/2561/2561
f 2563/2563/2563 2562/2562/2562 2561/2561/2561
f 2562/2562/2562 2563/2563/2563 2564/2564/2564
f 2565/2565/2565 2562/2562/2562 2564/2564/2564
f 2565/2565/2565 2564/2564/2564 2566/2566/2566
f 2567/2567/2567 2565/2565/2565 2566/2566/2566
f 2570/2570/2570 2569/2569/2569 2568/2568/2568
f 2569/2569/2569 2570/2570/2570 2571/2571/2571
f 2572/2572/2572 2571/2571/2571 2570/2570/2570
f 2573/2573/2573 2569/2569/2569 2571/2571/2571
f 2574/2574/2574 2573/2573/2573 2571/2571/2571
f 2573/2573/2573 2574/2574/2574 2575/2575/2575
f 2574/2574/2574 2576/2576/2576 2575/2575/2575
f 2579/2579/2579 2578/2578/2578 2577/2577/2577
f 2579/2579/2579 2580/2580/2580 2578/2578/2578
f 2581/2581/2581 2580/2580/2580 2579/2579/2579
f 2582/2582/2582 2580/2580/2580 2581/2581/2581
f 2580/2580/2580 2582/2582/2582 2583/2583/2583
f 2584/2584/2584 2580/2580/2580 2583/2583/2583
f 2587/2587/2587 2586/2586/2586 2585/2585/2585
f 2588/2588/2588 2587/2587/2587 2585/2585/2585
f 2591/2591/2591 2590/2590/2590 2589/2589/2589
f 2592/2592/2592 2591/2591/2591 2589/2589/2589
f 2595/2595/2595 2594/2594/2594 2593/2593/2593
f 2594/2594/2594 2596/2596/2596 2593/2593/2593
f 2597/2597/2597 2593/2593/2593 2596/2596/2596
f 2598/2598/2598 2597/2597/2597 2596/2596/2596
f 2601/2601/2601 2600/2600/2600 2599/2599/2599
f 2600/2600/2600 2602/2602/2602 2599/2599/2599
f 2600/2600/2600 2603/2603/2603 2602/2602/2602
f 2603/2603/2603 2604/2604/2604 2602/2602/2602
f 2607/2607/2607 2606/2606/2606 2605/2605/2605
f 2605/2605/2605 2606/2606/2606 2608/2608/2608
f 2605/2605/2605 2608/2608/2608 2609/2609/2609
f 2606/2606/2606 2610/2610/2610 2608/2608/2608
f 2611/2611/2611 2610/2610/2610 2606/2606/2606
f 2610/2610/2610 2612/2612/2612 2608/2608/2608
f 2608/2608/2608 2613/2613/2613 2609/2609/2609
f 2613/2613/2613 2614/2614/2614 2609/2609/2609
f 2614/2614/2614 2615/2615/2615 2609/2609/2609
f 2618/2618/2618 2617/2617/2617 2616/2616/2616
f 2617/2617/2617 2619/2619/2619 2616/2616/2616
f 2620/2620/2620 2616/2616/2616 2619/2619/2619
f 2621/2621/2621 2620/2620/2620 2619/2619/2619
f 2622/2622/2622 2621/2621/2621 2619/2619/2619
f 2625/2625/2625 2624/2624/2624 2623/2623/2623
f 2626/2626/2626 2625/2625/2625 2623/2623/2623
f 2627/2627/2627 2626/2626/2626 2623/2623/2623
f 2628/2628/2628 2627/2627/2627 2623/2623/2623
f 2629/2629/2629 2627/2627/2627 2628/2628/2628
f 2630/2630/2630 2629/2629/2629 2628/2628/2628
f 2631/2631/2631 2629/2629/2629 2630/2630/2630
f 2632/2632/2632 2631/2631/2631 2630/2630/2630
f 2633/2633/2633 2631/2631/2631 2632/2632/2632
f 2634/2634/2634 2633/2633/2633 2632/2632/2632
f 2635/2635/2635 2633/2633/2633 2634/2634/2634
f 2635/2635/2635 2634/2634/2634 2636/2636/2636
f 2637/2637/2637 2635/2635/2635 2636/2636/2636
f 2638/2638/2638 2637/2637/2637 2636/2636/2636
f 2637/2637/2637 2639/2639/2639 2635/2635/2635
f 2639/2639/2639 2640/2640/2640 2635/2635/2635
f 2639/2639/2639 2641/2641/2641 2640/2640/2640
f 2641/2641/2641 2642/2642/2642 2640/2640/2640
f 2643/2643/2643 2638/2638/2638 2636/2636/2636
f 2644/2644/2644 2643/2643/2643 2636/2636/2636
f 2644/2644/2644 2645/2645/2645 2643/2643/2643
f 2645/2645/2645 2646/2646/2646 2643/2643/2643
f 2645/2645/2645 2647/2647/2647 2646/2646/2646
f 2647/2647/2647 2648/2648/2648 2646/2646/2646
f 2648/2648/2648 2647/2647/2647 2649/2649/2649
f 2647/2647/2647 2650/2650/2650 2649/2649/2649
f 2649/2649/2649 2650/2650/2650 2651/2651/2651
f 2650/2650/2650 2652/2652/2652 2651/2651/2651
f 2655/2655/2655 2654/2654/2654 2653/2653/2653
f 2654/2654/2654 2655/2655/2655 2656/2656/2656
f 2656/2656/2656 2657/2657/2657 2654/2654/2654
f 2655/2655/2655 2658/2658/2658 2656/2656/2656
f 2658/2658/2658 2659/2659/2659 2656/2656/2656
f 2659/2659/2659 2658/2658/2658 2660/2660/2660
f 2661/2661/2661 2659/2659/2659 2660/2660/2660
f 2664/2664/2664 2663/2663/2663 2662/2662/2662
f 2665/2665/2665 2663/2663/2663 2664/2664/2664
f 2665/2665/2665 2666/2666/2666 2663/2663/2663
f 2665/2665/2665 2667/2667/2667 2666/2666/2666
f 2667/2667/2667 2665/2665/2665 2668/2668/2668
f 2665/2665/2665 2669/2669/2669 2668/2668/2668
f 2672/2672/2672 2671/2671/2671 2670/2670/2670
f 2673/2673/2673 2672/2672/2672 2670/2670/2670
f 2676/2676/2676 2675/2675/2675 2674/2674/2674
f 2677/2677/2677 2676/2676/2676 2674/2674/2674
f 2680/2680/2680 2679/2679/2679 2678/2678/2678
f 2681/2681/2681 2680/2680/2680 2678/2678/2678
f 2678/2678/2678 2682/2682/2682 2681/2681/2681
f 2682/2682/2682 2683/2683/2683 2681/2681/2681
f 2686/2686/2686 2685/2685/2685 2684/2684/2684
f 2687/2687/2687 2686/2686/2686 2684/2684/2684
f 2688/2688/2688 2686/2686/2686 2687/2687/2687
f 2689/2689/2689 2688/2688/2688 2687/2687/2687
f 2692/2692/2692 2691/2691/2691 2690/2690/2690
f 2692/2692/2692 2690/2690/2690 2693/2693/2693
f 2693/2693/2693 2690/2690/2690 2694/2694/2694
f 2695/2695/2695 2692/2692/2692 2693/2693/2693
f 2695/2695/2695 2696/2696/2696 2692/2692/2692
f 2697/2697/2697 2695/2695/2695 2693/2693/2693
f 2698/2698/2698 2693/2693/2693 2694/2694/2694
f 2699/2699/2699 2698/2698/2698 2694/2694/2694
f 2700/2700/2700 2699/2699/2699 2694/2694/2694
f 2703/2703/2703 2702/2702/2702 2701/2701/2701
f 2704/2704/2704 2703/2703/2703 2701/2701/2701
f 2701/2701/2701 2705/2705/2705 2704/2704/2704
f 2705/2705/2705 2706/2706/2706 2704/2704/2704
f 2706/2706/2706 2707/2707/2707 2704/2704/2704
f 2710/2710/2710 2709/2709/2709 2708/2708/2708
f 2709/2709/2709 2711/2711/2711 2708/2708/2708
f 2711/2711/2711 2712/2712/2712 2708/2708/2708
f 2712/2712/2712 2713/2713/2713 2708/2708/2708
f 2712/2712/2712 2714/2714/2714 2713/2713/2713
f 2714/2714/2714 2715/2715/2715 2713/2713/2713
f 2714/2714/2714 2716/2716/2716 2715/2715/2715
f 2716/2716/2716 2717/2717/2717 2715/2715/2715
f 2716/2716/2716 2718/2718/2718 2717/2717/2717
f 2718/2718/2718 2719/2719/2719 2717/2717/2717
f 2718/2718/2718 2720/2720/2720 2719/2719/2719
f 2719/2719/2719 2720/2720/2720 2721/2721/2721
f 2720/2720/2720 2722/2722/2722 2721/2721/2721
f 2722/2722/2722 2723/2723/2723 2721/2721/2721
f 2724/2724/2724 2722/2722/2722 2720/2720/2720
f 2725/2725/2725 2724/2724/2724 2720/2720/2720
f 2726/2726/2726 2724/2724/2724 2725/2725/2725
f 2727/2727/2727 2726/2726/2726 2725/2725/2725
f 2723/2723/2723 2728/2728/2728 2721/2721/2721
f 2728/2728/2728 2729/2729/2729 2721/2721/2721
f 2730/2730/2730 2729/2729/2729 2728/2728/2728
f 2731/2731/2731 2730/2730/2730 2728/2728/2728
f 2732/2732/2732 2730/2730/2730 2731/2731/2731
f 2733/2733/2733 2732/2732/2732 2731/2731/2731
f 2732/2732/2732 2733/2733/2733 2734/2734/2734
f 2735/2735/2735 2732/2732/2732 2734/2734/2734
f 2735/2735/2735 2734/2734/2734 2736/2736/2736
f 2737/2737/2737 2735/2735/2735 2736/2736/2736
f 2740/2740/2740 2739/2739/2739 2738/2738/2738
f 2739/2739/2739 2740/2740/2740 2741/2741/2741
f 2742/2742/2742 2741/2741/2741 2740/2740/2740
f 2743/2743/2743 2739/2739/2739 2741/2741/2741
f 2744/2744/2744 2743/2743/2743 2741/2741/2741
f 2743/2743/2743 2744/2744/2744 2745/2745/2745
f 2744/2744/2744 2746/2746/2746 2745/2745/2745
f 2749/2749/2749 2748/2748/2748 2747/2747/2747
f 2749/2749/2749 2750/2750/2750 2748/2748/2748
f 2751/2751/2751 2750/2750/2750 2749/2749/2749
f 2752/2752/2752 2750/2750/2750 2751/2751/2751
f 2750/2750/2750 2752/2752/2752 2753/2753/2753
f 2754/2754/2754 2750/2750/2750 2753/2753/2753
f 2757/2757/2757 2756/2756/2756 2755/2755/2755
f 2758/2758/2758 2757/2757/2757 2755/2755/2755
f 2761/2761/2761 2760/2760/2760 2759/2759/2759
f 2762/2762/2762 2761/2761/2761 2759/2759/2759
f 2765/2765/2765 2764/2764/2764 2763/2763/2763
f 2764/2764/2764 2766/2766/2766 2763/2763/2763
f 2767/2767/2767 2763/2763/2763 2766/2766/2766
f 2768/2768/2768 2767/2767/2767 2766/2766/2766
f 2771/2771/2771 2770/2770/2770 2769/2769/2769
f 2770/2770/2770 2772/2772/2772 2769/2769/2769
f 2770/2770/2770 2773/2773/2773 2772/2772/2772
f 2773/2773/2773 2774/2774/2774 2772/2772/2772
f 2777/2777/2777 2776/2776/2776 2775/2775/2775
f 2775/2775/2775 2776/2776/2776 2778/2778/2778
f 2775/2775/2775 2778/2778/2778 2779/2779/2779
f 2776/2776/2776 2780/2780/2780 2778/2778/2778
f 2781/2781/2781 2780/2780/2780 2776/2776/2776
f 2780/2780/2780 2782/2782/2782 2778/2778/2778
f 2778/2778/2778 2783/2783/2783 2779/2779/2779
f 2783/2783/2783 2784/2784/2784 2779/2779/2779
f 2784/2784/2784 2785/2785/2785 2779/2779/2779
f 2788/2788/2788 2787/2787/2787 2786/2786/2786
f 2787/2787/2787 2789/2789/2789 2786/2786/2786
f 2790/2790/2790 2786/2786/2786 2789/2789/2789
f 2791/2791/2791 2790/2790/2790 2789/2789/2789
f 2792/2792/2792 2791/2791/2791 2789/2789/2789
f 2795/2795/2795 2794/2794/2794 2793/2793/2793
f 2796/2796/2796 2795/2795/2795 2793/2793/2793
f 2797/2797/2797 2796/2796/2796 2793/2793/2793
f 2798/2798/2798 2797/2797/2797 2793/2793/2793
f 2799/2799/2799 2797/2797/2797 2798/2798/2798
f 2800/2800/2800 2799/2799/2799 2798/2798/2798
f 2801/2801/2801 2799/2799/2799 2800/2800/2800
f 2802/2802/2802 2801/2801/2801 2800/2800/2800
f 2803/2803/2803 2801/2801/2801 2802/2802/2802
f 2804/2804/2804 2803/2803/2803 2802/2802/2802
f 2805/2805/2805 2803/2803/2803 2804/2804/2804
f 2805/2805/2805 2804/2804/2804 2806/2806/2806
f 2807/2807/2807 2805/2805/2805 2806/2806/2806
f 2808/2808/2808 2807/2807/2807 2806/2806/2806
f 2807/2807/2807 2809/2809/2809 2805/2805/2805
f 2809/2809/2809 2810/2810/2810 2805/2805/2805
f 2809/2809/2809 2811/2811/2811 2810/2810/2810
f 2811/2811/2811 2812/2812/2812 2810/2810/2810
f 2813/2813/2813 2808/2808/2808 2806/2806/2806
f 2814/2814/2814 2813/2813/2813 2806/2806/2806
f 2814/2814/2814 2815/2815/2815 2813/2813/2813
f 2815/2815/2815 2816/2816/2816 2813/2813/2813
f 2815/2815/2815 2817/2817/2817 2816/2816/2816
f 2817/2817/2817 2818/2818/2818 2816/2816/2816
f 2818/2818/2818 2817/2817/2817 2819/2819/2819
f 2817/2817/2817 2820/2820/2820 2819/2819/2819
f 2819/2819/2819 2820/2820/2820 2821/2821/2821
f 2820/2820/2820 2822/2822/2822 2821/2821/2821
f 2825/2825/2825 2824/2824/2824 2823/2823/2823
f 2824/2824/2824 2825/2825/2825 2826/2826/2826
f 2826/2826/2826 2827/2827/2827 2824/2824/2824
f 2825/2825/2825 2828/2828/2828 2826/2826/2826
f 2828/2828/2828 2829/2829/2829 2826/2826/2826
f 2829/2829/2829 2828/2828/2828 2830/2830/2830
f 2831/2831/2831 2829/2829/2829 2830/2830/2830
f 2834/2834/2834 2833/2833/2833 2832/2832/2832
f 2835/2835/2835 2833/2833/2833 2834/2834/2834
f 2835/2835/2835 2836/2836/2836 2833/2833/2833
f 2835/2835/2835 2837/2837/2837 2836/2836/2836
f 2837/2837/2837 2835/2835/2835 2838/2838/2838
f 2835/2835/2835 2839/2839/2839 2838/2838/2838
f 2842/2842/2842 2841/2841/2841 2840/2840/2840
f 2843/2843/2843 2842/2842/2842 2840/2840/2840
f 2846/2846/2846 2845/2845/2845 2844/2844/2844
f 2847/2847/2847 2846/2846/2846 2844/2844/2844
f 2850/2850/2850 2849/2849/2849 2848/2848/2848
f 2849/2849/2849 2851/2851/2851 2848/2848/2848
f 2852/2852/2852 2848/2848/2848 2851/2851/2851
f 2853/2853/2853 2852/2852/2852 2851/2851/2851
f 2856/2856/2856 2855/2855/2855 2854/2854/2854
f 2855/2855/2855 2857/2857/2857 2854/2854/2854
f 2855/2855/2855 2858/2858/2858 2857/2857/2857
f 2858/2858/2858 2859/2859/2859 2857/2857/2857
f 2862/2862/2862 2861/2861/2861 2860/2860/2860
f 2860/2860/2860 2861/2861/2861 2863/2863/2863
f 2860/2860/2860 2863/2863/2863 2864/2864/2864
f 2861/2861/2861 2865/2865/2865 2863/2863/2863
f 2866/2866/2866 2865/2865/2865 2861/2861/2861
f 2865/2865/2865 2867/2867/2867 2863/2863/2863
f 2863/2863/2863 2868/2868/2868 2864/2864/2864
f 2868/2868/2868 2869/2869/2869 2864/2864/2864
f 2869/2869/2869 2870/2870/2870 2864/2864/2864
f 2873/2873/2873 2872/2872/2872 2871/2871/2871
f 2872/2872/2872 2874/2874/2874 2871/2871/2871
f 2875/2875/2875 2871/2871/2871 2874/2874/2874
f 2876/2876/2876 2875/2875/2875 2874/2874/2874
f 2877/2877/2877 2876/2876/2876 2874/2874/2874
f 2880/2880/2880 2879/2879/2879 2878/2878/2878
f 2881/2881/2881 2880/2880/2880 2878/2878/2878
f 2882/2882/2882 2881/2881/2881 2878/2878/2878
f 2883/2883/2883 2882/2882/2882 2878/2878/2878
f 2884/2884/2884 2882/2882/2882 2883/2883/2883
f 2885/2885/2885 2884/2884/2884 2883/2883/2883
f 2886/2886/2886 2884/2884/2884 2885/2885/2885
f 2887/2887/2887 2886/2886/2886 2885/2885/2885
f 2888/2888/2888 2886/2886/2886 2887/2887/2887
f 2889/2889/2889 2888/2888/2888 2887/2887/2887
f 2890/2890/2890 2888/2888/2888 2889/2889/2889
f 2890/2890/2890 2889/2889/2889 2891/2891/2891
f 2892/2892/2892 2890/2890/2890 2891/2891/2891
f 2893/2893/2893 2892/2892/2892 2891/2891/2891
f 2892/2892/2892 2894/2894/2894 2890/2890/2890
f 2894/2894/2894 2895/2895/2895 2890/2890/2890
f 2894/2894/2894 2896/2896/2896 2895/2895/2895
f 2896/2896/2896 2897/2897/2897 2895/2895/2895
f 2898/2898/2898 2893/2893/2893 2891/2891/2891
f 2899/2899/2899 2898/2898/2898 2891/2891/2891
f 2899/2899/2899 2900/2900/2900 2898/2898/2898
f 2900/2900/2900 2901/2901/2901 2898/2898/2898
f 2900/2900/2900 2902/2902/2902 2901/2901/2901
f 2902/2902/2902 2903/2903/2903 2901/2901/2901
f 2903/2903/2903 2902/2902/2902 2904/2904/2904
f 2902/2902/2902 2905/2905/2905 2904/2904/2904
f 2904/2904/2904 2905/2905/2905 2906/2906/2906
f 2905/2905/2905 2907/2907/2907 2906/2906/2906
f 2910/2910/2910 2909/2909/2909 2908/2908/2908
f 2909/2909/2909 2910/2910/2910 2911/2911/2911
f 2911/2911/2911 2912/2912/2912 2909/2909/2909
f 2910/2910/2910 2913/2913/2913 2911/2911/2911
f 2913/2913/2913 2914/2914/2914 2911/2911/2911
f 2914/2914/2914 2913/2913/2913 2915/2915/2915
f 2916/2916/2916 2914/2914/2914 2915/2915/2915
f 2919/2919/2919 2918/2918/2918 2917/2917/2917
f 2920/2920/2920 2918/2918/2918 2919/2919/2919
f 2920/2920/2920 2921/2921/2921 2918/2918/2918
f 2920/2920/2920 2922/2922/2922 2921/2921/2921
f 2922/2922/2922 2920/2920/2920 2923/2923/2923
f 2920/2920/2920 2924/2924/2924 2923/2923/2923
f 2927/2927/2927 2926/2926/2926 2925/2925/2925
f 2928/2928/2928 2927/2927/2927 2925/2925/2925
f 2931/2931/2931 2930/2930/2930 2929/2929/2929
f 2932/2932/2932 2931/2931/2931 2929/2929/2929
f 2935/2935/2935 2934/2934/2934 2933/2933/2933
f 2936/2936/2936 2935/2935/2935 2933/2933/2933
f 2933/2933/2933 2937/2937/2937 2936/2936/2936
f 2937/2937/2937 2938/2938/2938 2936/2936/2936
f 2941/2941/2941 2940/2940/2940 2939/2939/2939
f 2942/2942/2942 2941/2941/2941 2939/2939/2939
f 2943/2943/2943 2941/2941/2941 2942/2942/2942
f 2944/2944/2944 2943/2943/2943 2942/2942/2942
f 2947/2947/2947 2946/2946/2946 2945/2945/2945
f 2947/2947/2947 2945/2945/2945 2948/2948/2948
f 2948/2948/2948 2945/2945/2945 2949/2949/2949
f 2950/2950/2950 2947/2947/2947 2948/2948/2948
f 2950/2950/2950 2951/2951/2951 2947/2947/2947
f 2952/2952/2952 2950/2950/2950 2948/2948/2948
f 2953/2953/2953 2948/2948/2948 2949/2949/2949
f 2954/2954/2954 2953/2953/2953 2949/2949/2949
f 2955/2955/2955 2954/2954/2954 2949/2949/2949
f 2958/2958/2958 2957/2957/2957 2956/2956/2956
f 2959/2959/2959 2958/2958/2958 2956/2956/2956
f 2956/2956/2956 2960/2960/2960 2959/2959/2959
f 2960/2960/2960 2961/2961/2961 2959/2959/2959
f 2961/2961/2961 2962/2962/2962 2959/2959/2959
f 2965/2965/2965 2964/2964/2964 2963/2963/2963
f 2964/2964/2964 2966/2966/2966 2963/2963/2963
f 2966/2966/2966 2967/2967/2967 2963/2963/2963
f 2967/2967/2967 2968/2968/2968 2963/2963/2963
f 2967/2967/2967 2969/2969/2969 2968/2968/2968
f 2969/2969/2969 2970/2970/2970 2968/2968/2968
f 2969/2969/2969 2971/2971/2971 2970/2970/2970
f 2971/2971/2971 2972/2972/2972 2970/2970/2970
f 2971/2971/2971 2973/2973/2973 2972/2972/2972
f 2973/2973/2973 2974/2974/2974 2972/2972/2972
f 2973/2973/2973 2975/2975/2975 2974/2974/2974
f 2974/2974/2974 2975/2975/2975 2976/2976/2976
f 2975/2975/2975 2977/2977/2977 2976/2976/2976
f 2977/2977/2977 2978/2978/2978 2976/2976/2976
f 2979/2979/2979 2977/2977/2977 2975/2975/2975
f 2980/2980/2980 2979/2979/2979 2975/2975/2975
f 2981/2981/2981 2979/2979/2979 2980/2980/2980
f 2982/2982/2982 2981/2981/2981 2980/2980/2980
f 2978/2978/2978 2983/2983/2983 2976/2976/2976
f 2983/2983/2983 2984/2984/2984 2976/2976/2976
f 2985/2985/2985 2984/2984/2984 2983/2983/2983
f 2986/2986/2986 2985/2985/2985 2983/2983/2983
f 2987/2987/2987 2985/2985/2985 2986/2986/2986
f 2988/2988/2988 2987/2987/2987 2986/2986/2986
f 2987/2987/2987 2988/2988/2988 2989/2989/2989
f 2990/2990/2990 2987/2987/2987 2989/2989/2989
f 2990/2990/2990 2989/2989/2989 2991/2991/2991
f 2992/2992/2992 2990/2990/2990 2991/2991/2991
f 2995/2995/2995 2994/2994/2994 2993/2993/2993
f 2994/2994/2994 2995/2995/2995 2996/2996/2996
f 2997/2997/2997 2996/2996/2996 2995/2995/2995
f 2998/2998/2998 2994/2994/2994 2996/2996/2996
f 2999/2999/2999 2998/2998/2998 2996/2996/2996
f 2998/2998/2998 2999/2999/2999 3000/3000/3000
f 2999/2999/2999 3001/3001/3001 3000/3000/3000
f 3004/3004/3004 3003/3003/3003 3002/3002/3002
f 3004/3004/3004 3005/3005/3005 3003/3003/3003
f 3006/3006/3006 3005/3005/3005 3004/3004/3004
f 3007/3007/3007 3005/3005/3005 3006/3006/3006
f 3005/3005/3005 3007/3007/3007 3008/3008/3008
f 3009/3009/3009 3005/3005/3005 3008/3008/3008
f 3012/3012/3012 3011/3011/3011 3010/3010/3010
f 3013/3013/3013 3012/3012/3012 3010/3010/3010
f 3016/3016/3016 3015/3015/3015 3014/3014/3014
f 3017/3017/3017 3016/3016/3016 3014/3014/3014
f 3020/3020/3020 3019/3019/3019 3018/3018/3018
f 3019/3019/3019 3021/3021/3021 3018/3018/3018
f 3021/3021/3021 3022/3022/3022 3018/3018/3018
f 3022/3022/3022 3021/3021/3021 3023/3023/3023
f 3019/3019/3019 3024/3024/3024 3021/3021/3021
f 3023/3023/3023 3021/3021/3021 3025/3025/3025
f 3026/3026/3026 3023/3023/3023 3025/3025/3025
f 3021/3021/3021 3027/3027/3027 3025/3025/3025
f 3024/3024/3024 3027/3027/3027 3021/3021/3021
f 3027/3027/3027 3028/3028/3028 3025/3025/3025
f 3027/3027/3027 3024/3024/3024 3029/3029/3029
f 3028/3028/3028 3027/3027/3027 3029/3029/3029
f 3030/3030/3030 3028/3028/3028 3029/3029/3029
f 3024/3024/3024 3031/3031/3031 3029/3029/3029
f 3032/3032/3032 3030/3030/3030 3029/3029/3029
f 3033/3033/3033 3029/3029/3029 3031/3031/3031
f 3033/3033/3033 3032/3032/3032 3029/3029/3029
f 3034/3034/3034 3033/3033/3033 3031/3031/3031
f 3033/3033/3033 3035/3035/3035 3032/3032/3032
f 3035/3035/3035 3036/3036/3036 3032/3032/3032
f 3036/3036/3036 3035/3035/3035 3037/3037/3037
f 3035/3035/3035 3038/3038/3038 3037/3037/3037
f 3033/3033/3033 3039/3039/3039 3035/3035/3035
f 3039/3039/3039 3033/3033/3033 3040/3040/3040
f 3040/3040/3040 3033/3033/3033 3034/3034/3034
f 3041/3041/3041 3040/3040/3040 3034/3034/3034
f 3041/3041/3041 3042/3042/3042 3040/3040/3040
f 3042/3042/3042 3043/3043/3043 3040/3040/3040
f 3046/3046/3046 3045/3045/3045 3044/3044/3044
f 3047/3047/3047 3046/3046/3046 3044/3044/3044
f 3048/3048/3048 3047/3047/3047 3044/3044/3044
f 3049/3049/3049 3048/3048/3048 3044/3044/3044
f 3048/3048/3048 3049/3049/3049 3050/3050/3050
f 3049/3049/3049 3051/3051/3051 3050/3050/3050
f 3051/3051/3051 3052/3052/3052 3050/3050/3050
f 3052/3052/3052 3053/3053/3053 3050/3050/3050
f 3054/3054/3054 3053/3053/3053 3052/3052/3052
f 3055/3055/3055 3054/3054/3054 3052/3052/3052
f 3056/3056/3056 3054/3054/3054 3055/3055/3055
f 3057/3057/3057 3056/3056/3056 3055/3055/3055
f 3060/3060/3060 3059/3059/3059 3058/3058/3058
f 3061/3061/3061 3060/3060/3060 3058/3058/3058
f 3061/3061/3061 3062/3062/3062 3060/3060/3060
f 3062/3062/3062 3063/3063/3063 3060/3060/3060
f 3066/3066/3066 3065/3065/3065 3064/3064/3064
f 3064/3064/3064 3065/3065/3065 3067/3067/3067
f 3068/3068/3068 3064/3064/3064 3067/3067/3067
f 3067/3067/3067 3069/3069/3069 3068/3068/3068
f 3064/3064/3064 3068/3068/3068 3070/3070/3070
f 3068/3068/3068 3071/3071/3071 3070/3070/3070
f 3070/3070/3070 3071/3071/3071 3072/3072/3072
f 3071/3071/3071 3073/3073/3073 3072/3072/3072
f 3072/3072/3072 3073/3073/3073 3074/3074/3074
f 3075/3075/3075 3072/3072/3072 3074/3074/3074
f 3075/3075/3075 3074/3074/3074 3076/3076/3076
f 3077/3077/3077 3075/3075/3075 3076/3076/3076
f 3077/3077/3077 3076/3076/3076 3078/3078/3078
f 3079/3079/3079 3077/3077/3077 3078/3078/3078
f 3079/3079/3079 3078/3078/3078 3080/3080/3080
f 3080/3080/3080 3081/3081/3081 3079/3079/3079
f 3078/3078/3078 3082/3082/3082 3080/3080/3080
f 3083/3083/3083 3082/3082/3082 3078/3078/3078
f 3086/3086/3086 3085/3085/3085 3084/3084/3084
f 3087/3087/3087 3086/3086/3086 3084/3084/3084
f 3088/3088/3088 3086/3086/3086 3087/3087/3087
f 3089/3089/3089 3088/3088/3088 3087/3087/3087
f 3090/3090/3090 3088/3088/3088 3089/3089/3089
f 3091/3091/3091 3090/3090/3090 3089/3089/3089
f 3092/3092/3092 3090/3090/3090 3091/3091/3091
f 3093/3093/3093 3092/3092/3092 3091/3091/3091
f 3096/3096/3096 3095/3095/3095 3094/3094/3094
f 3095/3095/3095 3097/3097/3097 3094/3094/3094
f 3094/3094/3094 3097/3097/3097 3098/3098/3098
f 3094/3094/3094 3098/3098/3098 3099/3099/3099
f 3097/3097/3097 3100/3100/3100 3098/3098/3098
f 3098/3098/3098 3101/3101/3101 3099/3099/3099
f 3097/3097/3097 3102/3102/3102 3100/3100/3100
f 3101/3101/3101 3103/3103/3103 3099/3099/3099
f 3102/3102/3102 3103/3103/3103 3100/3100/3100
f 3103/3103/3103 3102/3102/3102 3099/3099/3099
f 3106/3106/3106 3105/3105/3105 3104/3104/3104
f 3107/3107/3107 3106/3106/3106 3104/3104/3104
f 3107/3107/3107 3104/3104/3104 3108/3108/3108
f 3109/3109/3109 3107/3107/3107 3108/3108/3108
f 3109/3109/3109 3108/3108/3108 3110/3110/3110
f 3111/3111/3111 3109/3109/3109 3110/3110/3110
f 3111/3111/3111 3110/3110/3110 3112/3112/3112
f 3113/3113/3113 3111/3111/3111 3112/3112/3112
f 3116/3116/3116 3115/3115/3115 3114/3114/3114
f 3115/3115/3115 3117/3117/3117 3114/3114/3114
f 3115/3115/3115 3118/3118/3118 3117/3117/3117
f 3115/3115/3115 3119/3119/3119 3118/3118/3118
f 3118/3118/3118 3120/3120/3120 3117/3117/3117
f 3119/3119/3119 3121/3121/3121 3118/3118/3118
f 3117/3117/3117 3120/3120/3120 3122/3122/3122
f 3121/3121/3121 3119/3119/3119 3123/3123/3123
f 3120/3120/3120 3123/3123/3123 3122/3122/3122
f 3119/3119/3119 3122/3122/3122 3123/3123/3123
f 3126/3126/3126 3125/3125/3125 3124/3124/3124
f 3127/3127/3127 3126/3126/3126 3124/3124/3124
f 3128/3128/3128 3127/3127/3127 3124/3124/3124
f 3131/3131/3131 3130/3130/3130 3129/3129/3129
f 3132/3132/3132 3131/3131/3131 3129/3129/3129
f 3135/3135/3135 3134/3134/3134 3133/3133/3133
f 3136/3136/3136 3135/3135/3135 3133/3133/3133
f 3139/3139/3139 3138/3138/3138 3137/3137/3137
f 3140/3140/3140 3139/3139/3139 3137/3137/3137
f 3141/3141/3141 3140/3140/3140 3137/3137/3137
f 3144/3144/3144 3143/3143/3143 3142/3142/3142
f 3145/3145/3145 3144/3144/3144 3142/3142/3142
f 3148/3148/3148 3147/3147/3147 3146/3146/3146
f 3149/3149/3149 3148/3148/3148 3146/3146/3146
f 3152/3152/3152 3151/3151/3151 3150/3150/3150
f 3152/3152/3152 3150/3150/3150 3153/3153/3153
f 3150/3150/3150 3154/3154/3154 3153/3153/3153
f 3150/3150/3150 3155/3155/3155 3154/3154/3154
f 3155/3155/3155 3156/3156/3156 3154/3154/3154
f 3154/3154/3154 3157/3157/3157 3153/3153/3153
f 3157/3157/3157 3158/3158/3158 3153/3153/3153
f 3161/3161/3161 3160/3160/3160 3159/3159/3159
f 3162/3162/3162 3161/3161/3161 3159/3159/3159
f 3165/3165/3165 3164/3164/3164 3163/3163/3163
f 3163/3163/3163 3164/3164/3164 3166/3166/3166
f 3167/3167/3167 3163/3163/3163 3166/3166/3166
f 3166/3166/3166 3168/3168/3168 3167/3167/3167
f 3167/3167/3167 3168/3168/3168 3169/3169/3169
f 3168/3168/3168 3170/3170/3170 3169/3169/3169
f 3170/3170/3170 3171/3171/3171 3169/3169/3169
f 3169/3169/3169 3171/3171/3171 3172/3172/3172
f 3171/3171/3171 3173/3173/3173 3172/3172/3172
f 3173/3173/3173 3174/3174/3174 3172/3172/3172
f 3175/3175/3175 3172/3172/3172 3174/3174/3174
f 3175/3175/3175 3176/3176/3176 3172/3172/3172
f 3179/3179/3179 3178/3178/3178 3177/3177/3177
f 3180/3180/3180 3179/3179/3179 3177/3177/3177
f 3180/3180/3180 3177/3177/3177 3181/3181/3181
f 3182/3182/3182 3180/3180/3180 3181/3181/3181
f 3185/3185/3185 3184/3184/3184 3183/3183/3183
f 3186/3186/3186 3184/3184/3184 3185/3185/3185
f 3189/3189/3189 3188/3188/3188 3187/3187/3187
f 3190/3190/3190 3189/3189/3189 3187/3187/3187
f 3190/3190/3190 3187/3187/3187 3191/3191/3191
f 3187/3187/3187 3192/3192/3192 3191/3191/3191
f 3195/3195/3195 3194/3194/3194 3193/3193/3193
f 3194/3194/3194 3196/3196/3196 3193/3193/3193
f 3193/3193/3193 3196/3196/3196 3197/3197/3197
f 3196/3196/3196 3198/3198/3198 3197/3197/3197
f 3201/3201/3201 3200/3200/3200 3199/3199/3199
f 3200/3200/3200 3202/3202/3202 3199/3199/3199
f 3199/3199/3199 3202/3202/3202 3203/3203/3203
f 3204/3204/3204 3199/3199/3199 3203/3203/3203
f 3207/3207/3207 3206/3206/3206 3205/3205/3205
f 3206/3206/3206 3208/3208/3208 3205/3205/3205
f 3205/3205/3205 3208/3208/3208 3209/3209/3209
f 3208/3208/3208 3210/3210/3210 3209/3209/3209
f 3213/3213/3213 3212/3212/3212 3211/3211/3211
f 3211/3211/3211 3214/3214/3214 3213/3213/3213
f 3211/3211/3211 3215/3215/3215 3214/3214/3214
f 3215/3215/3215 3216/3216/3216 3214/3214/3214
f 3214/3214/3214 3217/3217/3217 3213/3213/3213
f 3218/3218/3218 3213/3213/3213 3217/3217/3217
f 3219/3219/3219 3218/3218/3218 3217/3217/3217
f 3222/3222/3222 3221/3221/3221 3220/3220/3220
f 3222/3222/3222 3223/3223/3223 3221/3221/3221
f 3222/3222/3222 3224/3224/3224 3223/3223/3223
f 3225/3225/3225 3224/3224/3224 3222/3222/3222
f 3228/3228/3228 3227/3227/3227 3226/3226/3226
f 3227/3227/3227 3229/3229/3229 3226/3226/3226
f 3229/3229/3229 3227/3227/3227 3230/3230/3230
f 3227/3227/3227 3231/3231/3231 3230/3230/3230
f 3231/3231/3231 3232/3232/3232 3230/3230/3230
f 3235/3235/3235 3234/3234/3234 3233/3233/3233
f 3236/3236/3236 3235/3235/3235 3233/3233/3233
f 3239/3239/3239 3238/3238/3238 3237/3237/3237
f 3240/3240/3240 3239/3239/3239 3237/3237/3237
f 3243/3243/3243 3242/3242/3242 3241/3241/3241
f 3241/3241/3241 3242/3242/3242 3244/3244/3244
f 3245/3245/3245 3241/3241/3241 3244/3244/3244
f 3246/3246/3246 3241/3241/3241 3245/3245/3245
f 3247/3247/3247 3246/3246/3246 3245/3245/3245
f 3248/3248/3248 3245/3245/3245 3244/3244/3244
f 3249/3249/3249 3248/3248/3248 3244/3244/3244
f 3252/3252/3252 3251/3251/3251 3250/3250/3250
f 3253/3253/3253 3252/3252/3252 3250/3250/3250
f 3256/3256/3256 3255/3255/3255 3254/3254/3254
f 3256/3256/3256 3254/3254/3254 3257/3257/3257
f 3254/3254/3254 3258/3258/3258 3257/3257/3257
f 3259/3259/3259 3257/3257/3257 3258/3258/3258
f 3259/3259/3259 3258/3258/3258 3260/3260/3260
f 3261/3261/3261 3259/3259/3259 3260/3260/3260
f 3262/3262/3262 3261/3261/3261 3260/3260/3260
f 3262/3262/3262 3260/3260/3260 3263/3263/3263
f 3264/3264/3264 3262/3262/3262 3263/3263/3263
f 3265/3265/3265 3264/3264/3264 3263/3263/3263
f 3263/3263/3263 3266/3266/3266 3265/3265/3265
f 3267/3267/3267 3266/3266/3266 3263/3263/3263
f 3270/3270/3270 3269/3269/3269 3268/3268/3268
f 3269/3269/3269 3271/3271/3271 3268/3268/3268
f 3268/3268/3268 3271/3271/3271 3272/3272/3272
f 3271/3271/3271 3273/3273/3273 3272/3272/3272
f 3276/3276/3276 3275/3275/3275 3274/3274/3274
f 3276/3276/3276 3277/3277/3277 3275/3275/3275
f 3280/3280/3280 3279/3279/3279 3278/3278/3278
f 3279/3279/3279 3281/3281/3281 3278/3278/3278
f 3278/3278/3278 3281/3281/3281 3282/3282/3282
f 3283/3283/3283 3278/3278/3278 3282/3282/3282
f 3286/3286/3286 3285/3285/3285 3284/3284/3284
f 3287/3287/3287 3286/3286/3286 3284/3284/3284
f 3287/3287/3287 3284/3284/3284 3288/3288/3288
f 3289/3289/3289 3287/3287/3287 3288/3288/3288
f 3292/3292/3292 3291/3291/3291 3290/3290/3290
f 3293/3293/3293 3292/3292/3292 3290/3290/3290
f 3293/3293/3293 3290/3290/3290 3294/3294/3294
f 3290/3290/3290 3295/3295/3295 3294/3294/3294
f 3298/3298/3298 3297/3297/3297 3296/3296/3296
f 3299/3299/3299 3298/3298/3298 3296/3296/3296
f 3299/3299/3299 3296/3296/3296 3300/3300/3300
f 3301/3301/3301 3299/3299/3299 3300/3300/3300
f 3304/3304/3304 3303/3303/3303 3302/3302/3302
f 3305/3305/3305 3302/3302/3302 3303/3303/3303
f 3306/3306/3306 3302/3302/3302 3305/3305/3305
f 3307/3307/3307 3306/3306/3306 3305/3305/3305
f 3308/3308/3308 3305/3305/3305 3303/3303/3303
f 3303/3303/3303 3309/3309/3309 3308/3308/3308
f 3309/3309/3309 3310/3310/3310 3308/3308/3308
f 3313/3313/3313 3312/3312/3312 3311/3311/3311
f 3314/3314/3314 3312/3312/3312 3313/3313/3313
f 3315/3315/3315 3312/3312/3312 3314/3314/3314
f 3315/3315/3315 3316/3316/3316 3312/3312/3312
f 3319/3319/3319 3318/3318/3318 3317/3317/3317
f 3320/3320/3320 3319/3319/3319 3317/3317/3317
f 3319/3319/3319 3320/3320/3320 3321/3321/3321
f 3322/3322/3322 3319/3319/3319 3321/3321/3321
f 3323/3323/3323 3322/3322/3322 3321/3321/3321
f 3326/3326/3326 3325/3325/3325 3324/3324/3324
f 3327/3327/3327 3326/3326/3326 3324/3324/3324
f 3330/3330/3330 3329/3329/3329 3328/3328/3328
f 3331/3331/3331 3330/3330/3330 3328/3328/3328
f 3334/3334/3334 3333/3333/3333 3332/3332/3332
f 3332/3332/3332 3333/3333/3333 3335/3335/3335
f 3336/3336/3336 3332/3332/3332 3335/3335/3335
f 3337/3337/3337 3332/3332/3332 3336/3336/3336
f 3338/3338/3338 3337/3337/3337 3336/3336/3336
f 3339/3339/3339 3336/3336/3336 3335/3335/3335
f 3340/3340/3340 3339/3339/3339 3335/3335/3335
f 3343/3343/3343 3342/3342/3342 3341/3341/3341
f 3344/3344/3344 3343/3343/3343 3341/3341/3341
f 3347/3347/3347 3346/3346/3346 3345/3345/3345
f 3347/3347/3347 3345/3345/3345 3348/3348/3348
f 3345/3345/3345 3349/3349/3349 3348/3348/3348
f 3350/3350/3350 3348/3348/3348 3349/3349/3349
f 3350/3350/3350 3349/3349/3349 3351/3351/3351
f 3352/3352/3352 3350/3350/3350 3351/3351/3351
f 3353/3353/3353 3352/3352/3352 3351/3351/3351
f 3353/3353/3353 3351/3351/3351 3354/3354/3354
f 3355/3355/3355 3353/3353/3353 3354/3354/3354
f 3356/3356/3356 3355/3355/3355 3354/3354/3354
f 3354/3354/3354 3357/3357/3357 3356/3356/3356
f 3358/3358/3358 3357/3357/3357 3354/3354/3354
f 3361/3361/3361 3360/3360/3360 3359/3359/3359
f 3360/3360/3360 3362/3362/3362 3359/3359/3359
f 3359/3359/3359 3362/3362/3362 3363/3363/3363
f 3362/3362/3362 3364/3364/3364 3363/3363/3363
f 3367/3367/3367 3366/3366/3366 3365/3365/3365
f 3367/3367/3367 3368/3368/3368 3366/3366/3366
f 3371/3371/3371 3370/3370/3370 3369/3369/3369
f 3370/3370/3370 3372/3372/3372 3369/3369/3369
f 3369/3369/3369 3372/3372/3372 3373/3373/3373
f 3374/3374/3374 3369/3369/3369 3373/3373/3373
f 3377/3377/3377 3376/3376/3376 3375/3375/3375
f 3378/3378/3378 3377/3377/3377 3375/3375/3375
f 3378/3378/3378 3375/3375/3375 3379/3379/3379
f 3380/3380/3380 3378/3378/3378 3379/3379/3379
f 3383/3383/3383 3382/3382/3382 3381/3381/3381
f 3384/3384/3384 3383/3383/3383 3381/3381/3381
f 3384/3384/3384 3381/3381/3381 3385/3385/3385
f 3381/3381/3381 3386/3386/3386 3385/3385/3385
f 3389/3389/3389 3388/3388/3388 3387/3387/3387
f 3390/3390/3390 3389/3389/3389 3387/3387/3387
f 3390/3390/3390 3387/3387/3387 3391/3391/3391
f 3392/3392/3392 3390/3390/3390 3391/3391/3391
f 3395/3395/3395 3394/3394/3394 3393/3393/3393
f 3396/3396/3396 3393/3393/3393 3394/3394/3394
f 3397/3397/3397 3393/3393/3393 3396/3396/3396
f 3398/3398/3398 3397/3397/3397 3396/3396/3396
f 3399/3399/3399 3396/3396/3396 3394/3394/3394
f 3394/3394/3394 3400/3400/3400 3399/3399/3399
f 3400/3400/3400 3401/3401/3401 3399/3399/3399
f 3404/3404/3404 3403/3403/3403 3402/3402/3402
f 3405/3405/3405 3403/3403/3403 3404/3404/3404
f 3406/3406/3406 3403/3403/3403 3405/3405/3405
f 3406/3406/3406 3407/3407/3407 3403/3403/3403
f 3410/3410/3410 3409/3409/3409 3408/3408/3408
f 3411/3411/3411 3410/3410/3410 3408/3408/3408
f 3410/3410/3410 3411/3411/3411 3412/3412/3412
f 3413/3413/3413 3410/3410/3410 3412/3412/3412
f 3414/3414/3414 3413/3413/3413 3412/3412/3412
f 3417/3417/3417 3416/3416/3416 3415/3415/3415
f 3418/3418/3418 3417/3417/3417 3415/3415/3415
f 3421/3421/3421 3420/3420/3420 3419/3419/3419
f 3422/3422/3422 3421/3421/3421 3419/3419/3419
f 3425/3425/3425 3424/3424/3424 3423/3423/3423
f 3425/3425/3425 3423/3423/3423 3426/3426/3426
f 3423/3423/3423 3427/3427/3427 3426/3426/3426
f 3423/3423/3423 3428/3428/3428 3427/3427/3427
f 3428/3428/3428 3429/3429/3429 3427/3427/3427
f 3427/3427/3427 3430/3430/3430 3426/3426/3426
f 3430/3430/3430 3431/3431/3431 3426/3426/3426
f 3434/3434/3434 3433/3433/3433 3432/3432/3432
f 3435/3435/3435 3434/3434/3434 3432/3432/3432
f 3438/3438/3438 3437/3437/3437 3436/3436/3436
f 3436/3436/3436 3437/3437/3437 3439/3439/3439
f 3440/3440/3440 3436/3436/3436 3439/3439/3439
f 3439/3439/3439 3441/3441/3441 3440/3440/3440
f 3440/3440/3440 3441/3441/3441 3442/3442/3442
f 3441/3441/3441 3443/3443/3443 3442/3442/3442
f 3443/3443/3443 3444/3444/3444 3442/3442/3442
f 3442/3442/3442 3444/3444/3444 3445/3445/3445
f 3444/3444/3444 3446/3446/3446 3445/3445/3445
f 3446/3446/3446 3447/3447/3447 3445/3445/3445
f 3448/3448/3448 3445/3445/3445 3447/3447/3447
f 3448/3448/3448 3449/3449/3449 3445/3445/3445
f 3452/3452/3452 3451/3451/3451 3450/3450/3450
f 3453/3453/3453 3452/3452/3452 3450/3450/3450
f 3453/3453/3453 3450/3450/3450 3454/3454/3454
f 3455/3455/3455 3453/3453/3453 3454/3454/3454
f 3458/3458/3458 3457/3457/3457 3456/3456/3456
f 3459/3459/3459 3457/3457/3457 3458/3458/3458
f 3462/3462/3462 3461/3461/3461 3460/3460/3460
f 3463/3463/3463 3462/3462/3462 3460/3460/3460
f 3463/3463/3463 3460/3460/3460 3464/3464/3464
f 3460/3460/3460 3465/3465/3465 3464/3464/3464
f 3468/3468/3468 3467/3467/3467 3466/3466/3466
f 3467/3467/3467 3469/3469/3469 3466/3466/3466
f 3466/3466/3466 3469/3469/3469 3470/3470/3470
f 3469/3469/3469 3471/3471/3471 3470/3470/3470
f 3474/3474/3474 3473/3473/3473 3472/3472/3472
f 3473/3473/3473 3475/3475/3475 3472/3472/3472
f 3472/3472/3472 3475/3475/3475 3476/3476/3476
f 3477/3477/3477 3472/3472/3472 3476/3476/3476
f 3480/3480/3480 3479/3479/3479 3478/3478/3478
f 3479/3479/3479 3481/3481/3481 3478/3478/3478
f 3478/3478/3478 3481/3481/3481 3482/3482/3482
f 3481/3481/3481 3483/3483/3483 3482/3482/3482
f 3486/3486/3486 3485/3485/3485 3484/3484/3484
f 3484/3484/3484 3487/3487/3487 3486/3486/3486
f 3484/3484/3484 3488/3488/3488 3487/3487/3487
f 3488/3488/3488 3489/3489/3489 3487/3487/3487
f 3487/3487/3487 3490/3490/3490 3486/3486/3486
f 3491/3491/3491 3486/3486/3486 3490/3490/3490
f 3492/3492/3492 3491/3491/3491 3490/3490/3490
f 3495/3495/3495 3494/3494/3494 3493/3493/3493
f 3495/3495/3495 3496/3496/3496 3494/3494/3494
f 3495/3495/3495 3497/3497/3497 3496/3496/3496
f 3498/3498/3498 3497/3497/3497 3495/3495/3495
f 3501/3501/3501 3500/3500/3500 3499/3499/3499
f 3500/3500/3500 3502/3502/3502 3499/3499/3499
f 3502/3502/3502 3500/3500/3500 3503/3503/3503
f 3500/3500/3500 3504/3504/3504 3503/3503/3503
f 3504/3504/3504 3505/3505/3505 3503/3503/3503
f 3508/3508/3508 3507/3507/3507 3506/3506/3506
f 3509/3509/3509 3508/3508/3508 3506/3506/3506
f 3512/3512/3512 3511/3511/3511 3510/3510/3510
f 3513/3513/3513 3512/3512/3512 3510/3510/3510
f 3516/3516/3516 3515/3515/3515 3514/3514/3514
f 3515/3515/3515 3517/3517/3517 3514/3514/3514
f 3514/3514/3514 3517/3517/3517 3518/3518/3518
f 3517/3517/3517 3519/3519/3519 3518/3518/3518
f 3517/3517/3517 3520/3520/3520 3519/3519/3519
f 3520/3520/3520 3521/3521/3521 3519/3519/3519
f 3522/3522/3522 3519/3519/3519 3521/3521/3521
f 3525/3525/3525 3524/3524/3524 3523/3523/3523
f 3524/3524/3524 3526/3526/3526 3523/3523/3523
f 3524/3524/3524 3527/3527/3527 3526/3526/3526
f 3527/3527/3527 3528/3528/3528 3526/3526/3526
f 3526/3526/3526 3528/3528/3528 3529/3529/3529
f 3523/3523/3523 3526/3526/3526 3530/3530/3530
f 3530/3530/3530 3526/3526/3526 3529/3529/3529
f 3530/3530/3530 3529/3529/3529 3531/3531/3531
f 3532/3532/3532 3523/3523/3523 3530/3530/3530
f 3533/3533/3533 3530/3530/3530 3531/3531/3531
f 3530/3530/3530 3533/3533/3533 3532/3532/3532
f 3533/3533/3533 3534/3534/3534 3532/3532/3532
f 3537/3537/3537 3536/3536/3536 3535/3535/3535
f 3538/3538/3538 3537/3537/3537 3535/3535/3535
f 3537/3537/3537 3538/3538/3538 3539/3539/3539
f 3542/3542/3542 3541/3541/3541 3540/3540/3540
f 3541/3541/3541 3543/3543/3543 3540/3540/3540
f 3544/3544/3544 3543/3543/3543 3541/3541/3541
f 3545/3545/3545 3543/3543/3543 3544/3544/3544
f 3543/3543/3543 3545/3545/3545 3546/3546/3546
f 3543/3543/3543 3546/3546/3546 3547/3547/3547
f 3547/3547/3547 3546/3546/3546 3548/3548/3548
f 3543/3543/3543 3549/3549/3549 3540/3540/3540
f 3549/3549/3549 3550/3550/3550 3540/3540/3540
f 3549/3549/3549 3543/3543/3543 3551/3551/3551
f 3552/3552/3552 3549/3549/3549 3551/3551/3551
f 3555/3555/3555 3554/3554/3554 3553/3553/3553
f 3554/3554/3554 3556/3556/3556 3553/3553/3553
f 3554/3554/3554 3557/3557/3557 3556/3556/3556
f 3557/3557/3557 3558/3558/3558 3556/3556/3556
f 3557/3557/3557 3559/3559/3559 3558/3558/3558
f 3559/3559/3559 3560/3560/3560 3558/3558/3558
f 3559/3559/3559 3561/3561/3561 3560/3560/3560
f 3561/3561/3561 3562/3562/3562 3560/3560/3560
f 3562/3562/3562 3561/3561/3561 3563/3563/3563
f 3561/3561/3561 3564/3564/3564 3563/3563/3563
f 3563/3563/3563 3564/3564/3564 3565/3565/3565
f 3566/3566/3566 3563/3563/3563 3565/3565/3565
f 3565/3565/3565 3564/3564/3564 3567/3567/3567
f 3564/3564/3564 3568/3568/3568 3567/3567/3567
f 3571/3571/3571 3570/3570/3570 3569/3569/3569
f 3570/3570/3570 3572/3572/3572 3569/3569/3569
f 3570/3570/3570 3573/3573/3573 3572/3572/3572
f 3573/3573/3573 3574/3574/3574 3572/3572/3572
f 3573/3573/3573 3575/3575/3575 3574/3574/3574
f 3575/3575/3575 3576/3576/3576 3574/3574/3574
f 3577/3577/3577 3576/3576/3576 3575/3575/3575
f 3578/3578/3578 3577/3577/3577 3575/3575/3575
f 3578/3578/3578 3579/3579/3579 3577/3577/3577
f 3580/3580/3580 3577/3577/3577 3579/3579/3579
f 3581/3581/3581 3580/3580/3580 3579/3579/3579
f 3584/3584/3584 3583/3583/3583 3582/3582/3582
f 3585/3585/3585 3584/3584/3584 3582/3582/3582
f 3588/3588/3588 3587/3587/3587 3586/3586/3586
f 3589/3589/3589 3588/3588/3588 3586/3586/3586
f 3592/3592/3592 3591/3591/3591 3590/3590/3590
f 3593/3593/3593 3592/3592/3592 3590/3590/3590
f 3596/3596/3596 3595/3595/3595 3594/3594/3594
f 3596/3596/3596 3594/3594/3594 3597/3597/3597
f 3600/3600/3600 3599/3599/3599 3598/3598/3598
f 3599/3599/3599 3601/3601/3601 3598/3598/3598
f 3601/3601/3601 3599/3599/3599 3602/3602/3602
f 3599/3599/3599 3603/3603/3603 3602/3602/3602
f 3604/3604/3604 3602/3602/3602 3603/3603/3603
f 3605/3605/3605 3604/3604/3604 3603/3603/3603
f 3608/3608/3608 3607/3607/3607 3606/3606/3606
f 3609/3609/3609 3608/3608/3608 3606/3606/3606
f 3610/3610/3610 3608/3608/3608 3609/3609/3609
f 3608/3608/3608 3610/3610/3610 3611/3611/3611
f 3610/3610/3610 3612/3612/3612 3611/3611/3611
f 3613/3613/3613 3608/3608/3608 3611/3611/3611
f 3608/3608/3608 3613/3613/3613 3614/3614/3614
f 3611/3611/3611 3615/3615/3615 3613/3613/3613
f 3615/3615/3615 3616/3616/3616 3613/3613/3613
f 3616/3616/3616 3617/3617/3617 3613/3613/3613
f 3616/3616/3616 3618/3618/3618 3617/3617/3617
f 3619/3619/3619 3617/3617/3617 3618/3618/3618
f 3617/3617/3617 3619/3619/3619 3620/3620/3620
f 3621/3621/3621 3619/3619/3619 3618/3618/3618
f 3622/3622/3622 3621/3621/3621 3618/3618/3618
f 3619/3619/3619 3621/3621/3621 3623/3623/3623
f 3619/3619/3619 3623/3623/3623 3624/3624/3624
f 3625/3625/3625 3619/3619/3619 3624/3624/3624
f 3628/3628/3628 3627/3627/3627 3626/3626/3626
f 3628/3628/3628 3626/3626/3626 3629/3629/3629
f 3626/3626/3626 3630/3630/3630 3629/3629/3629
f 3629/3629/3629 3630/3630/3630 3631/3631/3631
f 3626/3626/3626 3632/3632/3632 3630/3630/3630
f 3630/3630/3630 3633/3633/3633 3631/3631/3631
f 3631/3631/3631 3633/3633/3633 3634/3634/3634
f 3633/3633/3633 3635/3635/3635 3634/3634/3634
f 3634/3634/3634 3635/3635/3635 3636/3636/3636
f 3635/3635/3635 3637/3637/3637 3636/3636/3636
f 3638/3638/3638 3636/3636/3636 3637/3637/3637
f 3639/3639/3639 3638/3638/3638 3637/3637/3637
f 3640/3640/3640 3636/3636/3636 3638/3638/3638
f 3632/3632/3632 3641/3641/3641 3630/3630/3630
f 3642/3642/3642 3630/3630/3630 3641/3641/3641
f 3643/3643/3643 3630/3630/3630 3642/3642/3642
f 3643/3643/3643 3642/3642/3642 3644/3644/3644
f 3642/3642/3642 3645/3645/3645 3644/3644/3644
f 3644/3644/3644 3645/3645/3645 3646/3646/3646
f 3645/3645/3645 3647/3647/3647 3646/3646/3646
f 3646/3646/3646 3647/3647/3647 3648/3648/3648
f 3647/3647/3647 3649/3649/3649 3648/3648/3648
f 3648/3648/3648 3649/3649/3649 3650/3650/3650
f 3650/3650/3650 3649/3649/3649 3651/3651/3651
f 3652/3652/3652 3642/3642/3642 3641/3641/3641
f 3653/3653/3653 3650/3650/3650 3651/3651/3651
f 3654/3654/3654 3650/3650/3650 3653/3653/3653
f 3651/3651/3651 3655/3655/3655 3653/3653/3653
f 3656/3656/3656 3654/3654/3654 3653/3653/3653
f 3657/3657/3657 3654/3654/3654 3656/3656/3656
f 3658/3658/3658 3657/3657/3657 3656/3656/3656
f 3655/3655/3655 3651/3651/3651 3659/3659/3659
f 3660/3660/3660 3655/3655/3655 3659/3659/3659
f 3660/3660/3660 3659/3659/3659 3661/3661/3661
f 3662/3662/3662 3660/3660/3660 3661/3661/3661
f 3662/3662/3662 3661/3661/3661 3652/3652/3652
f 3663/3663/3663 3662/3662/3662 3652/3652/3652
f 3641/3641/3641 3663/3663/3663 3652/3652/3652
f 3665/3665/3665 3664/3664/3664 3641/3641/3641
f 3666/3666/3666 3665/3665/3665 3641/3641/3641
f 3665/3665/3665 3667/3667/3667 3664/3664/3664
f 3641/3641/3641 3632/3632/3632 3666/3666/3666
f 3632/3632/3632 3668/3668/3668 3666/3666/3666
f 3669/3669/3669 3668/3668/3668 3632/3632/3632
f 3667/3667/3667 3670/3670/3670 3664/3664/3664
f 3667/3667/3667 3671/3671/3671 3670/3670/3670
f 3671/3671/3671 3672/3672/3672 3670/3670/3670
f 3672/3672/3672 3671/3671/3671 3673/3673/3673
f 3674/3674/3674 3672/3672/3672 3673/3673/3673
f 3671/3671/3671 3675/3675/3675 3673/3673/3673
f 3678/3678/3678 3677/3677/3677 3676/3676/3676
f 3679/3679/3679 3678/3678/3678 3676/3676/3676
f 3680/3680/3680 3679/3679/3679 3676/3676/3676
f 3680/3680/3680 3681/3681/3681 3679/3679/3679
f 3680/3680/3680 3682/3682/3682 3681/3681/3681
f 3682/3682/3682 3683/3683/3683 3681/3681/3681
f 3683/3683/3683 3684/3684/3684 3681/3681/3681
f 3683/3683/3683 3685/3685/3685 3684/3684/3684
f 3684/3684/3684 3685/3685/3685 3686/3686/3686
f 3686/3686/3686 3685/3685/3685 3687/3687/3687
f 3688/3688/3688 3686/3686/3686 3687/3687/3687
f 3689/3689/3689 3688/3688/3688 3687/3687/3687
f 3692/3692/3692 3691/3691/3691 3690/3690/3690
f 3693/3693/3693 3692/3692/3692 3690/3690/3690
f 3696/3696/3696 3695/3695/3695 3694/3694/3694
f 3697/3697/3697 3696/3696/3696 3694/3694/3694
f 3700/3700/3700 3699/3699/3699 3698/3698/3698
f 3701/3701/3701 3700/3700/3700 3698/3698/3698
f 3704/3704/3704 3703/3703/3703 3702/3702/3702
f 3705/3705/3705 3704/3704/3704 3702/3702/3702
f 3706/3706/3706 3704/3704/3704 3705/3705/3705
f 3707/3707/3707 3706/3706/3706 3705/3705/3705
f 3708/3708/3708 3706/3706/3706 3707/3707/3707
f 3709/3709/3709 3708/3708/3708 3707/3707/3707
f 3710/3710/3710 3708/3708/3708 3709/3709/3709
f 3711/3711/3711 3710/3710/3710 3709/3709/3709
f 3712/3712/3712 3710/3710/3710 3711/3711/3711
f 3713/3713/3713 3712/3712/3712 3711/3711/3711
f 3716/3716/3716 3715/3715/3715 3714/3714/3714
f 3717/3717/3717 3716/3716/3716 3714/3714/3714
f 3720/3720/3720 3719/3719/3719 3718/3718/3718
f 3721/3721/3721 3720/3720/3720 3718/3718/3718
f 3722/3722/3722 3720/3720/3720 3721/3721/3721
f 3723/3723/3723 3722/3722/3722 3721/3721/3721
f 3724/3724/3724 3722/3722/3722 3723/3723/3723
f 3725/3725/3725 3724/3724/3724 3723/3723/3723
f 3728/3728/3728 3727/3727/3727 3726/3726/3726
f 3729/3729/3729 3728/3728/3728 3726/3726/3726
f 3732/3732/3732 3731/3731/3731 3730/3730/3730
f 3733/3733/3733 3732/3732/3732 3730/3730/3730
f 3733/3733/3733 3730/3730/3730 3734/3734/3734
f 3735/3735/3735 3733/3733/3733 3734/3734/3734
f 3736/3736/3736 3733/3733/3733 3735/3735/3735
f 3737/3737/3737 3736/3736/3736 3735/3735/3735
f 3735/3735/3735 3738/3738/3738 3737/3737/3737
f 3741/3741/3741 3740/3740/3740 3739/3739/3739
f 3742/3742/3742 3741/3741/3741 3739/3739/3739
f 3743/3743/3743 3741/3741/3741 3742/3742/3742
f 3744/3744/3744 3743/3743/3743 3742/3742/3742
f 3744/3744/3744 3742/3742/3742 3745/3745/3745
f 3742/3742/3742 3739/3739/3739 3746/3746/3746
f 3742/3742/3742 3746/3746/3746 3745/3745/3745
f 3745/3745/3745 3746/3746/3746 3747/3747/3747
f 3739/3739/3739 3748/3748/3748 3746/3746/3746
f 3746/3746/3746 3749/3749/3749 3747/3747/3747
f 3749/3749/3749 3746/3746/3746 3748/3748/3748
f 3750/3750/3750 3749/3749/3749 3748/3748/3748
f 3753/3753/3753 3752/3752/3752 3751/3751/3751
f 3752/3752/3752 3754/3754/3754 3751/3751/3751
f 3754/3754/3754 3752/3752/3752 3755/3755/3755
f 3758/3758/3758 3757/3757/3757 3756/3756/3756
f 3759/3759/3759 3758/3758/3758 3756/3756/3756
f 3759/3759/3759 3760/3760/3760 3758/3758/3758
f 3759/3759/3759 3761/3761/3761 3760/3760/3760
f 3761/3761/3761 3759/3759/3759 3762/3762/3762
f 3762/3762/3762 3759/3759/3759 3763/3763/3763
f 3762/3762/3762 3763/3763/3763 3764/3764/3764
f 3765/3765/3765 3759/3759/3759 3756/3756/3756
f 3766/3766/3766 3765/3765/3765 3756/3756/3756
f 3759/3759/3759 3765/3765/3765 3767/3767/3767
f 3765/3765/3765 3768/3768/3768 3767/3767/3767
f 3771/3771/3771 3770/3770/3770 3769/3769/3769
f 3772/3772/3772 3771/3771/3771 3769/3769/3769
f 3773/3773/3773 3771/3771/3771 3772/3772/3772
f 3774/3774/3774 3773/3773/3773 3772/3772/3772
f 3775/3775/3775 3773/3773/3773 3774/3774/3774
f 3776/3776/3776 3775/3775/3775 3774/3774/3774
f 3777/3777/3777 3775/3775/3775 3776/3776/3776
f 3778/3778/3778 3777/3777/3777 3776/3776/3776
f 3777/3777/3777 3778/3778/3778 3779/3779/3779
f 3780/3780/3780 3777/3777/3777 3779/3779/3779
f 3780/3780/3780 3779/3779/3779 3781/3781/3781
f 3779/3779/3779 3782/3782/3782 3781/3781/3781
f 3780/3780/3780 3781/3781/3781 3783/3783/3783
f 3784/3784/3784 3780/3780/3780 3783/3783/3783
f 3787/3787/3787 3786/3786/3786 3785/3785/3785
f 3788/3788/3788 3787/3787/3787 3785/3785/3785
f 3789/3789/3789 3787/3787/3787 3788/3788/3788
f 3790/3790/3790 3789/3789/3789 3788/3788/3788
f 3791/3791/3791 3789/3789/3789 3790/3790/3790
f 3792/3792/3792 3791/3791/3791 3790/3790/3790
f 3792/3792/3792 3793/3793/3793 3791/3791/3791
f 3793/3793/3793 3794/3794/3794 3791/3791/3791
f 3795/3795/3795 3794/3794/3794 3793/3793/3793
f 3793/3793/3793 3796/3796/3796 3795/3795/3795
f 3796/3796/3796 3797/3797/3797 3795/3795/3795
f 3800/3800/3800 3799/3799/3799 3798/3798/3798
f 3801/3801/3801 3800/3800/3800 3798/3798/3798
f 3804/3804/3804 3803/3803/3803 3802/3802/3802
f 3805/3805/3805 3804/3804/3804 3802/3802/3802
f 3808/3808/3808 3807/3807/3807 3806/3806/3806
f 3809/3809/3809 3808/3808/3808 3806/3806/3806
f 3812/3812/3812 3811/3811/3811 3810/3810/3810
f 3810/3810/3810 3811/3811/3811 3813/3813/3813
f 3816/3816/3816 3815/3815/3815 3814/3814/3814
f 3817/3817/3817 3816/3816/3816 3814/3814/3814
f 3816/3816/3816 3817/3817/3817 3818/3818/3818
f 3819/3819/3819 3816/3816/3816 3818/3818/3818
f 3818/3818/3818 3820/3820/3820 3819/3819/3819
f 3820/3820/3820 3821/3821/3821 3819/3819/3819
f 3824/3824/3824 3823/3823/3823 3822/3822/3822
f 3825/3825/3825 3824/3824/3824 3822/3822/3822
f 3825/3825/3825 3822/3822/3822 3826/3826/3826
f 3827/3827/3827 3825/3825/3825 3826/3826/3826
f 3828/3828/3828 3825/3825/3825 3827/3827/3827
f 3829/3829/3829 3828/3828/3828 3827/3827/3827
f 3827/3827/3827 3830/3830/3830 3829/3829/3829
f 3833/3833/3833 3832/3832/3832 3831/3831/3831
f 3834/3834/3834 3833/3833/3833 3831/3831/3831
f 3835/3835/3835 3833/3833/3833 3834/3834/3834
f 3836/3836/3836 3835/3835/3835 3834/3834/3834
f 3836/3836/3836 3834/3834/3834 3837/3837/3837
f 3834/3834/3834 3831/3831/3831 3838/3838/3838
f 3834/3834/3834 3838/3838/3838 3837/3837/3837
f 3837/3837/3837 3838/3838/3838 3839/3839/3839
f 3831/3831/3831 3840/3840/3840 3838/3838/3838
f 3838/3838/3838 3841/3841/3841 3839/3839/3839
f 3841/3841/3841 3838/3838/3838 3840/3840/3840
f 3842/3842/3842 3841/3841/3841 3840/3840/3840
f 3845/3845/3845 3844/3844/3844 3843/3843/3843
f 3844/3844/3844 3846/3846/3846 3843/3843/3843
f 3846/3846/3846 3844/3844/3844 3847/3847/3847
f 3850/3850/3850 3849/3849/3849 3848/3848/3848
f 3851/3851/3851 3850/3850/3850 3848/3848/3848
f 3851/3851/3851 3852/3852/3852 3850/3850/3850
f 3851/3851/3851 3853/3853/3853 3852/3852/3852
f 3853/3853/3853 3851/3851/3851 3854/3854/3854
f 3854/3854/3854 3851/3851/3851 3855/3855/3855
f 3854/3854/3854 3855/3855/3855 3856/3856/3856
f 3857/3857/3857 3851/3851/3851 3848/3848/3848
f 3858/3858/3858 3857/3857/3857 3848/3848/3848
f 3851/3851/3851 3857/3857/3857 3859/3859/3859
f 3857/3857/3857 3860/3860/3860 3859/3859/3859
f 3863/3863/3863 3862/3862/3862 3861/3861/3861
f 3864/3864/3864 3863/3863/3863 3861/3861/3861
f 3865/3865/3865 3863/3863/3863 3864/3864/3864
f 3866/3866/3866 3865/3865/3865 3864/3864/3864
f 3867/3867/3867 3865/3865/3865 3866/3866/3866
f 3868/3868/3868 3867/3867/3867 3866/3866/3866
f 3869/3869/3869 3867/3867/3867 3868/3868/3868
f 3870/3870/3870 3869/3869/3869 3868/3868/3868
f 3869/3869/3869 3870/3870/3870 3871/3871/3871
f 3872/3872/3872 3869/3869/3869 3871/3871/3871
f 3872/3872/3872 3871/3871/3871 3873/3873/3873
f 3871/3871/3871 3874/3874/3874 3873/3873/3873
f 3872/3872/3872 3873/3873/3873 3875/3875/3875
f 3876/3876/3876 3872/3872/3872 3875/3875/3875
f 3879/3879/3879 3878/3878/3878 3877/3877/3877
f 3880/3880/3880 3879/3879/3879 3877/3877/3877
f 3881/3881/3881 3879/3879/3879 3880/3880/3880
f 3882/3882/3882 3881/3881/3881 3880/3880/3880
f 3883/3883/3883 3881/3881/3881 3882/3882/3882
f 3884/3884/3884 3883/3883/3883 3882/3882/3882
f 3884/3884/3884 3885/3885/3885 3883/3883/3883
f 3885/3885/3885 3886/3886/3886 3883/3883/3883
f 3887/3887/3887 3886/3886/3886 3885/3885/3885
f 3885/3885/3885 3888/3888/3888 3887/3887/3887
f 3888/3888/3888 3889/3889/3889 3887/3887/3887
f 3892/3892/3892 3891/3891/3891 3890/3890/3890
f 3893/3893/3893 3892/3892/3892 3890/3890/3890
f 3896/3896/3896 3895/3895/3895 3894/3894/3894
f 3897/3897/3897 3896/3896/3896 3894/3894/3894
f 3900/3900/3900 3899/3899/3899 3898/3898/3898
f 3901/3901/3901 3900/3900/3900 3898/3898/3898
f 3904/3904/3904 3903/3903/3903 3902/3902/3902
f 3902/3902/3902 3903/3903/3903 3905/3905/3905
f 3908/3908/3908 3907/3907/3907 3906/3906/3906
f 3909/3909/3909 3908/3908/3908 3906/3906/3906
f 3908/3908/3908 3909/3909/3909 3910/3910/3910
f 3911/3911/3911 3908/3908/3908 3910/3910/3910
f 3910/3910/3910 3912/3912/3912 3911/3911/3911
f 3912/3912/3912 3913/3913/3913 3911/3911/3911
f 3916/3916/3916 3915/3915/3915 3914/3914/3914
f 3915/3915/3915 3917/3917/3917 3914/3914/3914
f 3915/3915/3915 3918/3918/3918 3917/3917/3917
f 3918/3918/3918 3915/3915/3915 3919/3919/3919
f 3920/3920/3920 3918/3918/3918 3919/3919/3919
f 3915/3915/3915 3921/3921/3921 3919/3919/3919
f 3921/3921/3921 3915/3915/3915 3922/3922/3922
f 3923/3923/3923 3919/3919/3919 3921/3921/3921
f 3924/3924/3924 3923/3923/3923 3921/3921/3921
f 3925/3925/3925 3924/3924/3924 3921/3921/3921
f 3926/3926/3926 3924/3924/3924 3925/3925/3925
f 3925/3925/3925 3927/3927/3927 3926/3926/3926
f 3927/3927/3927 3925/3925/3925 3928/3928/3928
f 3927/3927/3927 3929/3929/3929 3926/3926/3926
f 3929/3929/3929 3930/3930/3930 3926/3926/3926
f 3929/3929/3929 3927/3927/3927 3931/3931/3931
f 3931/3931/3931 3927/3927/3927 3932/3932/3932
f 3927/3927/3927 3933/3933/3933 3932/3932/3932
f 3936/3936/3936 3935/3935/3935 3934/3934/3934
f 3934/3934/3934 3935/3935/3935 3937/3937/3937
f 3938/3938/3938 3934/3934/3934 3937/3937/3937
f 3938/3938/3938 3937/3937/3937 3939/3939/3939
f 3940/3940/3940 3934/3934/3934 3938/3938/3938
f 3941/3941/3941 3938/3938/3938 3939/3939/3939
f 3941/3941/3941 3939/3939/3939 3942/3942/3942
f 3943/3943/3943 3941/3941/3941 3942/3942/3942
f 3943/3943/3943 3942/3942/3942 3944/3944/3944
f 3945/3945/3945 3943/3943/3943 3944/3944/3944
f 3944/3944/3944 3946/3946/3946 3945/3945/3945
f 3946/3946/3946 3947/3947/3947 3945/3945/3945
f 3944/3944/3944 3948/3948/3948 3946/3946/3946
f 3949/3949/3949 3940/3940/3940 3938/3938/3938
f 3938/3938/3938 3950/3950/3950 3949/3949/3949
f 3938/3938/3938 3951/3951/3951 3950/3950/3950
f 3950/3950/3950 3951/3951/3951 3952/3952/3952
f 3953/3953/3953 3950/3950/3950 3952/3952/3952
f 3953/3953/3953 3952/3952/3952 3954/3954/3954
f 3955/3955/3955 3953/3953/3953 3954/3954/3954
f 3955/3955/3955 3954/3954/3954 3956/3956/3956
f 3957/3957/3957 3955/3955/3955 3956/3956/3956
f 3957/3957/3957 3956/3956/3956 3958/3958/3958
f 3957/3957/3957 3958/3958/3958 3959/3959/3959
f 3950/3950/3950 3960/3960/3960 3949/3949/3949
f 3958/3958/3958 3961/3961/3961 3959/3959/3959
f 3958/3958/3958 3962/3962/3962 3961/3961/3961
f 3963/3963/3963 3959/3959/3959 3961/3961/3961
f 3962/3962/3962 3964/3964/3964 3961/3961/3961
f 3962/3962/3962 3965/3965/3965 3964/3964/3964
f 3965/3965/3965 3966/3966/3966 3964/3964/3964
f 3959/3959/3959 3963/3963/3963 3967/3967/3967
f 3963/3963/3963 3968/3968/3968 3967/3967/3967
f 3967/3967/3967 3968/3968/3968 3969/3969/3969
f 3968/3968/3968 3970/3970/3970 3969/3969/3969
f 3969/3969/3969 3970/3970/3970 3960/3960/3960
f 3970/3970/3970 3971/3971/3971 3960/3960/3960
f 3971/3971/3971 3949/3949/3949 3960/3960/3960
f 3973/3973/3973 3972/3972/3972 3949/3949/3949
f 3974/3974/3974 3973/3973/3973 3949/3949/3949
f 3940/3940/3940 3949/3949/3949 3972/3972/3972
f 3975/3975/3975 3940/3940/3940 3972/3972/3972
f 3975/3975/3975 3976/3976/3976 3940/3940/3940
f 3977/3977/3977 3973/3973/3973 3974/3974/3974
f 3978/3978/3978 3977/3977/3977 3974/3974/3974
f 3979/3979/3979 3977/3977/3977 3978/3978/3978
f 3980/3980/3980 3979/3979/3979 3978/3978/3978
f 3979/3979/3979 3980/3980/3980 3981/3981/3981
f 3980/3980/3980 3982/3982/3982 3981/3981/3981
f 3983/3983/3983 3979/3979/3979 3981/3981/3981
f 3986/3986/3986 3985/3985/3985 3984/3984/3984
f 3985/3985/3985 3987/3987/3987 3984/3984/3984
f 3987/3987/3987 3988/3988/3988 3984/3984/3984
f 3989/3989/3989 3988/3988/3988 3987/3987/3987
f 3990/3990/3990 3988/3988/3988 3989/3989/3989
f 3991/3991/3991 3990/3990/3990 3989/3989/3989
f 3992/3992/3992 3991/3991/3991 3989/3989/3989
f 3993/3993/3993 3991/3991/3991 3992/3992/3992
f 3993/3993/3993 3992/3992/3992 3994/3994/3994
f 3993/3993/3993 3994/3994/3994 3995/3995/3995
f 3994/3994/3994 3996/3996/3996 3995/3995/3995
f 3996/3996/3996 3997/3997/3997 3995/3995/3995
f 4000/4000/4000 3999/3999/3999 3998/3998/3998
f 4001/4001/4001 4000/4000/4000 3998/3998/3998
f 4004/4004/4004 4003/4003/4003 4002/4002/4002
f 4005/4005/4005 4004/4004/4004 4002/4002/4002
f 4008/4008/4008 4007/4007/4007 4006/4006/4006
f 4009/4009/4009 4008/4008/4008 4006/4006/4006
f 4012/4012/4012 4011/4011/4011 4010/4010/4010
f 4011/4011/4011 4013/4013/4013 4010/4010/4010
f 4011/4011/4011 4014/4014/4014 4013/4013/4013
f 4014/4014/4014 4015/4015/4015 4013/4013/4013
f 4014/4014/4014 4016/4016/4016 4015/4015/4015
f 4016/4016/4016 4017/4017/4017 4015/4015/4015
f 4016/4016/4016 4018/4018/4018 4017/4017/4017
f 4018/4018/4018 4019/4019/4019 4017/4017/4017
f 4018/4018/4018 4020/4020/4020 4019/4019/4019
f 4020/4020/4020 4021/4021/4021 4019/4019/4019
f 4024/4024/4024 4023/4023/4023 4022/4022/4022
f 4025/4025/4025 4024/4024/4024 4022/4022/4022
f 4028/4028/4028 4027/4027/4027 4026/4026/4026
f 4027/4027/4027 4029/4029/4029 4026/4026/4026
f 4027/4027/4027 4030/4030/4030 4029/4029/4029
f 4030/4030/4030 4031/4031/4031 4029/4029/4029
f 4030/4030/4030 4032/4032/4032 4031/4031/4031
f 4032/4032/4032 4033/4033/4033 4031/4031/4031
f 4036/4036/4036 4035/4035/4035 4034/4034/4034
f 4037/4037/4037 4036/4036/4036 4034/4034/4034
f 4040/4040/4040 4039/4039/4039 4038/4038/4038
f 4039/4039/4039 4041/4041/4041 4038/4038/4038
f 4038/4038/4038 4041/4041/4041 4042/4042/4042
f 4041/4041/4041 4043/4043/4043 4042/4042/4042
f 4041/4041/4041 4044/4044/4044 4043/4043/4043
f 4044/4044/4044 4045/4045/4045 4043/4043/4043
f 4046/4046/4046 4043/4043/4043 4045/4045/4045
f 4049/4049/4049 4048/4048/4048 4047/4047/4047
f 4048/4048/4048 4050/4050/4050 4047/4047/4047
f 4048/4048/4048 4051/4051/4051 4050/4050/4050
f 4051/4051/4051 4052/4052/4052 4050/4050/4050
f 4050/4050/4050 4052/4052/4052 4053/4053/4053
f 4047/4047/4047 4050/4050/4050 4054/4054/4054
f 4054/4054/4054 4050/4050/4050 4053/4053/4053
f 4054/4054/4054 4053/4053/4053 4055/4055/4055
f 4056/4056/4056 4047/4047/4047 4054/4054/4054
f 4057/4057/4057 4054/4054/4054 4055/4055/4055
f 4054/4054/4054 4057/4057/4057 4056/4056/4056
f 4057/4057/4057 4058/4058/4058 4056/4056/4056
f 4061/4061/4061 4060/4060/4060 4059/4059/4059
f 4062/4062/4062 4061/4061/4061 4059/4059/4059
f 4061/4061/4061 4062/4062/4062 4063/4063/4063
f 4066/4066/4066 4065/4065/4065 4064/4064/4064
f 4065/4065/4065 4067/4067/4067 4064/4064/4064
f 4068/4068/4068 4067/4067/4067 4065/4065/4065
f 4069/4069/4069 4067/4067/4067 4068/4068/4068
f 4067/4067/4067 4069/4069/4069 4070/4070/4070
f 4067/4067/4067 4070/4070/4070 4071/4071/4071
f 4071/4071/4071 4070/4070/4070 4072/4072/4072
f 4067/4067/4067 4073/4073/4073 4064/4064/4064
f 4073/4073/4073 4074/4074/4074 4064/4064/4064
f 4073/4073/4073 4067/4067/4067 4075/4075/4075
f 4076/4076/4076 4073/4073/4073 4075/4075/4075
f 4079/4079/4079 4078/4078/4078 4077/4077/4077
f 4078/4078/4078 4080/4080/4080 4077/4077/4077
f 4078/4078/4078 4081/4081/4081 4080/4080/4080
f 4081/4081/4081 4082/4082/4082 4080/4080/4080
f 4081/4081/4081 4083/4083/4083 4082/4082/4082
f 4083/4083/4083 4084/4084/4084 4082/4082/4082
f 4083/4083/4083 4085/4085/4085 4084/4084/4084
f 4085/4085/4085 4086/4086/4086 4084/4084/4084
f 4086/4086/4086 4085/4085/4085 4087/4087/4087
f 4085/4085/4085 4088/4088/4088 4087/4087/4087
f 4087/4087/4087 4088/4088/4088 4089/4089/4089
f 4090/4090/4090 4087/4087/4087 4089/4089/4089
f 4089/4089/4089 4088/4088/4088 4091/4091/4091
f 4088/4088/4088 4092/4092/4092 4091/4091/4091
f 4095/4095/4095 4094/4094/4094 4093/4093/4093
f 4094/4094/4094 4096/4096/4096 4093/4093/4093
f 4094/4094/4094 4097/4097/4097 4096/4096/4096
f 4097/4097/4097 4098/4098/4098 4096/4096/4096
f 4097/4097/4097 4099/4099/4099 4098/4098/4098
f 4099/4099/4099 4100/4100/4100 4098/4098/4098
f 4101/4101/4101 4100/4100/4100 4099/4099/4099
f 4102/4102/4102 4101/4101/4101 4099/4099/4099
f 4102/4102/4102 4103/4103/4103 4101/4101/4101
f 4104/4104/4104 4101/4101/4101 4103/4103/4103
f 4105/4105/4105 4104/4104/4104 4103/4103/4103
f 4108/4108/4108 4107/4107/4107 4106/4106/4106
f 4109/4109/4109 4108/4108/4108 4106/4106/4106
f 4112/4112/4112 4111/4111/4111 4110/4110/4110
f 4113/4113/4113 4112/4112/4112 4110/4110/4110
f 4116/4116/4116 4115/4115/4115 4114/4114/4114
f 4117/4117/4117 4116/4116/4116 4114/4114/4114
f 4120/4120/4120 4119/4119/4119 4118/4118/4118
f 4120/4120/4120 4118/4118/4118 4121/4121/4121
f 4124/4124/4124 4123/4123/4123 4122/4122/4122
f 4123/4123/4123 4125/4125/4125 4122/4122/4122
f 4125/4125/4125 4123/4123/4123 4126/4126/4126
f 4123/4123/4123 4127/4127/4127 4126/4126/4126
f 4128/4128/4128 4126/4126/4126 4127/4127/4127
f 4129/4129/4129 4128/4128/4128 4127/4127/4127
f 4132/4132/4132 4131/4131/4131 4130/4130/4130
f 4133/4133/4133 4132/4132/4132 4130/4130/4130
f 4134/4134/4134 4133/4133/4133 4130/4130/4130
f 4135/4135/4135 4134/4134/4134 4130/4130/4130
f 4136/4136/4136 4134/4134/4134 4135/4135/4135
f 4137/4137/4137 4136/4136/4136 4135/4135/4135
f 4138/4138/4138 4136/4136/4136 4137/4137/4137
f 4141/4141/4141 4140/4140/4140 4139/4139/4139
f 4140/4140/4140 4142/4142/4142 4139/4139/4139
f 4142/4142/4142 4143/4143/4143 4139/4139/4139
f 4143/4143/4143 4144/4144/4144 4139/4139/4139
f 4143/4143/4143 4145/4145/4145 4144/4144/4144
f 4145/4145/4145 4146/4146/4146 4144/4144/4144
f 4145/4145/4145 4147/4147/4147 4146/4146/4146
f 4150/4150/4150 4149/4149/4149 4148/4148/4148
f 4149/4149/4149 4151/4151/4151 4148/4148/4148
f 4151/4151/4151 4152/4152/4152 4148/4148/4148
f 4152/4152/4152 4153/4153/4153 4148/4148/4148
f 4152/4152/4152 4154/4154/4154 4153/4153/4153
f 4154/4154/4154 4155/4155/4155 4153/4153/4153
f 4154/4154/4154 4156/4156/4156 4155/4155/4155
f 4159/4159/4159 4158/4158/4158 4157/4157/4157
f 4160/4160/4160 4159/4159/4159 4157/4157/4157
f 4161/4161/4161 4159/4159/4159 4160/4160/4160
f 4162/4162/4162 4161/4161/4161 4160/4160/4160
f 4163/4163/4163 4161/4161/4161 4162/4162/4162
f 4164/4164/4164 4163/4163/4163 4162/4162/4162
f 4167/4167/4167 4166/4166/4166 4165/4165/4165
f 4168/4168/4168 4167/4167/4167 4165/4165/4165
f 4171/4171/4171 4170/4170/4170 4169/4169/4169
f 4170/4170/4170 4172/4172/4172 4169/4169/4169
f 4170/4170/4170 4173/4173/4173 4172/4172/4172
f 4173/4173/4173 4174/4174/4174 4172/4172/4172
f 4173/4173/4173 4175/4175/4175 4174/4174/4174
f 4175/4175/4175 4176/4176/4176 4174/4174/4174
f 4179/4179/4179 4178/4178/4178 4177/4177/4177
f 4180/4180/4180 4179/4179/4179 4177/4177/4177
f 4183/4183/4183 4182/4182/4182 4181/4181/4181
f 4182/4182/4182 4184/4184/4184 4181/4181/4181
f 4184/4184/4184 4185/4185/4185 4181/4181/4181
f 4185/4185/4185 4184/4184/4184 4186/4186/4186
f 4182/4182/4182 4187/4187/4187 4184/4184/4184
f 4186/4186/4186 4184/4184/4184 4188/4188/4188
f 4189/4189/4189 4186/4186/4186 4188/4188/4188
f 4184/4184/4184 4190/4190/4190 4188/4188/4188
f 4187/4187/4187 4190/4190/4190 4184/4184/4184
f 4190/4190/4190 4191/4191/4191 4188/4188/4188
f 4190/4190/4190 4187/4187/4187 4192/4192/4192
f 4191/4191/4191 4190/4190/4190 4192/4192/4192
f 4193/4193/4193 4191/4191/4191 4192/4192/4192
f 4187/4187/4187 4194/4194/4194 4192/4192/4192
f 4195/4195/4195 4193/4193/4193 4192/4192/4192
f 4196/4196/4196 4192/4192/4192 4194/4194/4194
f 4196/4196/4196 4195/4195/4195 4192/4192/4192
f 4197/4197/4197 4196/4196/4196 4194/4194/4194
f 4196/4196/4196 4198/4198/4198 4195/4195/4195
f 4198/4198/4198 4199/4199/4199 4195/4195/4195
f 4199/4199/4199 4198/4198/4198 4200/4200/4200
f 4198/4198/4198 4201/4201/4201 4200/4200/4200
f 4196/4196/4196 4202/4202/4202 4198/4198/4198
f 4202/4202/4202 4196/4196/4196 4203/4203/4203
f 4203/4203/4203 4196/4196/4196 4197/4197/4197
f 4204/4204/4204 4203/4203/4203 4197/4197/4197
f 4204/4204/4204 4205/4205/4205 4203/4203/4203
f 4205/4205/4205 4206/4206/4206 4203/4203/4203
f 4209/4209/4209 4208/4208/4208 4207/4207/4207
f 4210/4210/4210 4209/4209/4209 4207/4207/4207
f 4211/4211/4211 4210/4210/4210 4207/4207/4207
f 4212/4212/4212 4211/4211/4211 4207/4207/4207
f 4211/4211/4211 4212/4212/4212 4213/4213/4213
f 4212/4212/4212 4214/4214/4214 4213/4213/4213
f 4214/4214/4214 4215/4215/4215 4213/4213/4213
f 4215/4215/4215 4216/4216/4216 4213/4213/4213
f 4217/4217/4217 4216/4216/4216 4215/4215/4215
f 4218/4218/4218 4217/4217/4217 4215/4215/4215
f 4219/4219/4219 4217/4217/4217 4218/4218/4218
f 4220/4220/4220 4219/4219/4219 4218/4218/4218
f 4223/4223/4223 4222/4222/4222 4221/4221/4221
f 4224/4224/4224 4223/4223/4223 4221/4221/4221
f 4224/4224/4224 4225/4225/4225 4223/4223/4223
f 4225/4225/4225 4226/4226/4226 4223/4223/4223
f 4229/4229/4229 4228/4228/4228 4227/4227/4227
f 4230/4230/4230 4229/4229/4229 4227/4227/4227
f 4231/4231/4231 4230/4230/4230 4227/4227/4227
f 4230/4230/4230 4231/4231/4231 4232/4232/4232
f 4233/4233/4233 4229/4229/4229 4230/4230/4230
f 4230/4230/4230 4232/4232/4232 4234/4234/4234
f 4232/4232/4232 4235/4235/4235 4234/4234/4234
f 4236/4236/4236 4230/4230/4230 4234/4234/4234
f 4236/4236/4236 4233/4233/4233 4230/4230/4230
f 4237/4237/4237 4236/4236/4236 4234/4234/4234
f 4233/4233/4233 4236/4236/4236 4238/4238/4238
f 4236/4236/4236 4237/4237/4237 4238/4238/4238
f 4237/4237/4237 4239/4239/4239 4238/4238/4238
f 4240/4240/4240 4233/4233/4233 4238/4238/4238
f 4239/4239/4239 4241/4241/4241 4238/4238/4238
f 4238/4238/4238 4242/4242/4242 4240/4240/4240
f 4241/4241/4241 4242/4242/4242 4238/4238/4238
f 4242/4242/4242 4243/4243/4243 4240/4240/4240
f 4244/4244/4244 4242/4242/4242 4241/4241/4241
f 4245/4245/4245 4244/4244/4244 4241/4241/4241
f 4244/4244/4244 4245/4245/4245 4246/4246/4246
f 4247/4247/4247 4244/4244/4244 4246/4246/4246
f 4248/4248/4248 4242/4242/4242 4244/4244/4244
f 4242/4242/4242 4248/4248/4248 4249/4249/4249
f 4242/4242/4242 4249/4249/4249 4243/4243/4243
f 4249/4249/4249 4250/4250/4250 4243/4243/4243
f 4251/4251/4251 4250/4250/4250 4249/4249/4249
f 4252/4252/4252 4251/4251/4251 4249/4249/4249
f 4255/4255/4255 4254/4254/4254 4253/4253/4253
f 4254/4254/4254 4256/4256/4256 4253/4253/4253
f 4256/4256/4256 4257/4257/4257 4253/4253/4253
f 4257/4257/4257 4258/4258/4258 4253/4253/4253
f 4258/4258/4258 4257/4257/4257 4259/4259/4259
f 4260/4260/4260 4258/4258/4258 4259/4259/4259
f 4261/4261/4261 4260/4260/4260 4259/4259/4259
f 4262/4262/4262 4261/4261/4261 4259/4259/4259
f 4262/4262/4262 4263/4263/4263 4261/4261/4261
f 4263/4263/4263 4264/4264/4264 4261/4261/4261
f 4263/4263/4263 4265/4265/4265 4264/4264/4264
f 4265/4265/4265 4266/4266/4266 4264/4264/4264
f 4269/4269/4269 4268/4268/4268 4267/4267/4267
f 4268/4268/4268 4270/4270/4270 4267/4267/4267
f 4271/4271/4271 4270/4270/4270 4268/4268/4268
f 4272/4272/4272 4271/4271/4271 4268/4268/4268
f 4275/4275/4275 4274/4274/4274 4273/4273/4273
f 4274/4274/4274 4276/4276/4276 4273/4273/4273
f 4276/4276/4276 4277/4277/4277 4273/4273/4273
f 4277/4277/4277 4276/4276/4276 4278/4278/4278
f 4274/4274/4274 4279/4279/4279 4276/4276/4276
f 4278/4278/4278 4276/4276/4276 4280/4280/4280
f 4281/4281/4281 4278/4278/4278 4280/4280/4280
f 4276/4276/4276 4282/4282/4282 4280/4280/4280
f 4279/4279/4279 4282/4282/4282 4276/4276/4276
f 4282/4282/4282 4283/4283/4283 4280/4280/4280
f 4282/4282/4282 4279/4279/4279 4284/4284/4284
f 4283/4283/4283 4282/4282/4282 4284/4284/4284
f 4285/4285/4285 4283/4283/4283 4284/4284/4284
f 4279/4279/4279 4286/4286/4286 4284/4284/4284
f 4287/4287/4287 4285/4285/4285 4284/4284/4284
f 4288/4288/4288 4284/4284/4284 4286/4286/4286
f 4288/4288/4288 4287/4287/4287 4284/4284/4284
f 4289/4289/4289 4288/4288/4288 4286/4286/4286
f 4288/4288/4288 4290/4290/4290 4287/4287/4287
f 4290/4290/4290 4291/4291/4291 4287/4287/4287
f 4291/4291/4291 4290/4290/4290 4292/4292/4292
f 4290/4290/4290 4293/4293/4293 4292/4292/4292
f 4288/4288/4288 4294/4294/4294 4290/4290/4290
f 4294/4294/4294 4288/4288/4288 4295/4295/4295
f 4295/4295/4295 4288/4288/4288 4289/4289/4289
f 4296/4296/4296 4295/4295/4295 4289/4289/4289
f 4296/4296/4296 4297/4297/4297 4295/4295/4295
f 4297/4297/4297 4298/4298/4298 4295/4295/4295
f 4301/4301/4301 4300/4300/4300 4299/4299/4299
f 4302/4302/4302 4301/4301/4301 4299/4299/4299
f 4303/4303/4303 4302/4302/4302 4299/4299/4299
f 4304/4304/4304 4303/4303/4303 4299/4299/4299
f 4303/4303/4303 4304/4304/4304 4305/4305/4305
f 4304/4304/4304 4306/4306/4306 4305/4305/4305
f 4306/4306/4306 4307/4307/4307 4305/4305/4305
f 4307/4307/4307 4308/4308/4308 4305/4305/4305
f 4309/4309/4309 4308/4308/4308 4307/4307/4307
f 4310/4310/4310 4309/4309/4309 4307/4307/4307
f 4311/4311/4311 4309/4309/4309 4310/4310/4310
f 4312/4312/4312 4311/4311/4311 4310/4310/4310
f 4315/4315/4315 4314/4314/4314 4313/4313/4313
f 4316/4316/4316 4315/4315/4315 4313/4313/4313
f 4316/4316/4316 4317/4317/4317 4315/4315/4315
f 4317/4317/4317 4318/4318/4318 4315/4315/4315
f 4321/4321/4321 4320/4320/4320 4319/4319/4319
f 4322/4322/4322 4321/4321/4321 4319/4319/4319
f 4322/4322/4322 4319/4319/4319 4323/4323/4323
f 4324/4324/4324 4322/4322/4322 4323/4323/4323
f 4324/4324/4324 4323/4323/4323 4325/4325/4325
f 4326/4326/4326 4324/4324/4324 4325/4325/4325
f 4326/4326/4326 4325/4325/4325 4327/4327/4327
f 4328/4328/4328 4326/4326/4326 4327/4327/4327
f 4328/4328/4328 4327/4327/4327 4329/4329/4329
f 4330/4330/4330 4328/4328/4328 4329/4329/4329
f 4330/4330/4330 4329/4329/4329 4331/4331/4331
f 4332/4332/4332 4330/4330/4330 4331/4331/4331
f 4332/4332/4332 4331/4331/4331 4333/4333/4333
f 4334/4334/4334 4332/4332/4332 4333/4333/4333
f 4334/4334/4334 4333/4333/4333 4335/4335/4335
f 4336/4336/4336 4334/4334/4334 4335/4335/4335
f 4336/4336/4336 4335/4335/4335 4337/4337/4337
f 4338/4338/4338 4336/4336/4336 4337/4337/4337
f 4338/4338/4338 4337/4337/4337 4339/4339/4339
f 4340/4340/4340 4338/4338/4338 4339/4339/4339
f 4340/4340/4340 4339/4339/4339 4341/4341/4341
f 4342/4342/4342 4340/4340/4340 4341/4341/4341
f 4342/4342/4342 4341/4341/4341 4343/4343/4343
f 4344/4344/4344 4342/4342/4342 4343/4343/4343
f 4344/4344/4344 4343/4343/4343 4345/4345/4345
f 4346/4346/4346 4344/4344/4344 4345/4345/4345
f 4346/4346/4346 4345/4345/4345 4347/4347/4347
f 4348/4348/4348 4346/4346/4346 4347/4347/4347
f 4348/4348/4348 4347/4347/4347 4349/4349/4349
f 4350/4350/4350 4348/4348/4348 4349/4349/4349
f 4350/4350/4350 4349/4349/4349 4351/4351/4351
f 4352/4352/4352 4350/4350/4350 4351/4351/4351
f 4355/4355/4355 4354/4354/4354 4353/4353/4353
f 4356/4356/4356 4355/4355/4355 4353/4353/4353
f 4357/4357/4357 4356/4356/4356 4353/4353/4353
f 4356/4356/4356 4357/4357/4357 4358/4358/4358
f 4359/4359/4359 4356/4356/4356 4358/4358/4358
f 4359/4359/4359 4358/4358/4358 4360/4360/4360
f 4358/4358/4358 4361/4361/4361 4360/4360/4360
f 4360/4360/4360 4361/4361/4361 4362/4362/4362
f 4361/4361/4361 4363/4363/4363 4362/4362/4362
f 4362/4362/4362 4363/4363/4363 4364/4364/4364
f 4363/4363/4363 4365/4365/4365 4364/4364/4364
f 4364/4364/4364 4365/4365/4365 4366/4366/4366
f 4365/4365/4365 4367/4367/4367 4366/4366/4366
f 4367/4367/4367 4368/4368/4368 4366/4366/4366
f 4371/4371/4371 4370/4370/4370 4369/4369/4369
f 4372/4372/4372 4371/4371/4371 4369/4369/4369
f 4373/4373/4373 4372/4372/4372 4369/4369/4369
f 4374/4374/4374 4372/4372/4372 4373/4373/4373
f 4375/4375/4375 4374/4374/4374 4373/4373/4373
f 4374/4374/4374 4375/4375/4375 4376/4376/4376
f 4377/4377/4377 4374/4374/4374 4376/4376/4376
f 4377/4377/4377 4376/4376/4376 4378/4378/4378
f 4376/4376/4376 4379/4379/4379 4378/4378/4378
f 4378/4378/4378 4379/4379/4379 4380/4380/4380
f 4379/4379/4379 4381/4381/4381 4380/4380/4380
f 4380/4380/4380 4381/4381/4381 4382/4382/4382
f 4381/4381/4381 4383/4383/4383 4382/4382/4382
f 4383/4383/4383 4384/4384/4384 4382/4382/4382
f 4387/4387/4387 4386/4386/4386 4385/4385/4385
f 4388/4388/4388 4387/4387/4387 4385/4385/4385
f 4389/4389/4389 4388/4388/4388 4385/4385/4385
f 4388/4388/4388 4389/4389/4389 4390/4390/4390
f 4391/4391/4391 4387/4387/4387 4388/4388/4388
f 4388/4388/4388 4390/4390/4390 4392/4392/4392
f 4390/4390/4390 4393/4393/4393 4392/4392/4392
f 4394/4394/4394 4388/4388/4388 4392/4392/4392
f 4394/4394/4394 4391/4391/4391 4388/4388/4388
f 4395/4395/4395 4394/4394/4394 4392/4392/4392
f 4391/4391/4391 4394/4394/4394 4396/4396/4396
f 4394/4394/4394 4395/4395/4395 4396/4396/4396
f 4395/4395/4395 4397/4397/4397 4396/4396/4396
f 4398/4398/4398 4391/4391/4391 4396/4396/4396
f 4397/4397/4397 4399/4399/4399 4396/4396/4396
f 4396/4396/4396 4400/4400/4400 4398/4398/4398
f 4399/4399/4399 4400/4400/4400 4396/4396/4396
f 4400/4400/4400 4401/4401/4401 4398/4398/4398
f 4402/4402/4402 4400/4400/4400 4399/4399/4399
f 4403/4403/4403 4402/4402/4402 4399/4399/4399
f 4402/4402/4402 4403/4403/4403 4404/4404/4404
f 4405/4405/4405 4402/4402/4402 4404/4404/4404
f 4406/4406/4406 4400/4400/4400 4402/4402/4402
f 4400/4400/4400 4406/4406/4406 4407/4407/4407
f 4400/4400/4400 4407/4407/4407 4401/4401/4401
f 4407/4407/4407 4408/4408/4408 4401/4401/4401
f 4409/4409/4409 4408/4408/4408 4407/4407/4407
f 4410/4410/4410 4409/4409/4409 4407/4407/4407
f 4413/4413/4413 4412/4412/4412 4411/4411/4411
f 4412/4412/4412 4414/4414/4414 4411/4411/4411
f 4414/4414/4414 4415/4415/4415 4411/4411/4411
f 4415/4415/4415 4416/4416/4416 4411/4411/4411
f 4416/4416/4416 4415/4415/4415 4417/4417/4417
f 4418/4418/4418 4416/4416/4416 4417/4417/4417
f 4419/4419/4419 4418/4418/4418 4417/4417/4417
f 4420/4420/4420 4419/4419/4419 4417/4417/4417
f 4420/4420/4420 4421/4421/4421 4419/4419/4419
f 4421/4421/4421 4422/4422/4422 4419/4419/4419
f 4421/4421/4421 4423/4423/4423 4422/4422/4422
f 4423/4423/4423 4424/4424/4424 4422/4422/4422
f 4427/4427/4427 4426/4426/4426 4425/4425/4425
f 4426/4426/4426 4428/4428/4428 4425/4425/4425
f 4429/4429/4429 4428/4428/4428 4426/4426/4426
f 4430/4430/4430 4429/4429/4429 4426/4426/4426
f 4433/4433/4433 4432/4432/4432 4431/4431/4431
f 4432/4432/4432 4434/4434/4434 4431/4431/4431
f 4434/4434/4434 4435/4435/4435 4431/4431/4431
f 4435/4435/4435 4434/4434/4434 4436/4436/4436
f 4432/4432/4432 4437/4437/4437 4434/4434/4434
f 4436/4436/4436 4434/4434/4434 4438/4438/4438
f 4439/4439/4439 4436/4436/4436 4438/4438/4438
f 4434/4434/4434 4440/4440/4440 4438/4438/4438
f 4437/4437/4437 4440/4440/4440 4434/4434/4434
f 4440/4440/4440 4441/4441/4441 4438/4438/4438
f 4440/4440/4440 4437/4437/4437 4442/4442/4442
f 4441/4441/4441 4440/4440/4440 4442/4442/4442
f 4443/4443/4443 4441/4441/4441 4442/4442/4442
f 4437/4437/4437 4444/4444/4444 4442/4442/4442
f 4445/4445/4445 4443/4443/4443 4442/4442/4442
f 4446/4446/4446 4442/4442/4442 4444/4444/4444
f 4446/4446/4446 4445/4445/4445 4442/4442/4442
f 4447/4447/4447 4446/4446/4446 4444/4444/4444
f 4446/4446/4446 4448/4448/4448 4445/4445/4445
f 4448/4448/4448 4449/4449/4449 4445/4445/4445
f 4449/4449/4449 4448/4448/4448 4450/4450/4450
f 4448/4448/4448 4451/4451/4451 4450/4450/4450
f 4446/4446/4446 4452/4452/4452 4448/4448/4448
f 4452/4452/4452 4446/4446/4446 4453/4453/4453
f 4453/4453/4453 4446/4446/4446 4447/4447/4447
f 4454/4454/4454 4453/4453/4453 4447/4447/4447
f 4454/4454/4454 4455/4455/4455 4453/4453/4453
f 4455/4455/4455 4456/4456/4456 4453/4453/4453
f 4459/4459/4459 4458/4458/4458 4457/4457/4457
f 4460/4460/4460 4459/4459/4459 4457/4457/4457
f 4461/4461/4461 4460/4460/4460 4457/4457/4457
f 4462/4462/4462 4461/4461/4461 4457/4457/4457
f 4461/4461/4461 4462/4462/4462 4463/4463/4463
f 4462/4462/4462 4464/4464/4464 4463/4463/4463
f 4464/4464/4464 4465/4465/4465 4463/4463/4463
f 4465/4465/4465 4466/4466/4466 4463/4463/4463
f 4467/4467/4467 4466/4466/4466 4465/4465/4465
f 4468/4468/4468 4467/4467/4467 4465/4465/4465
f 4469/4469/4469 4467/4467/4467 4468/4468/4468
f 4470/4470/4470 4469/4469/4469 4468/4468/4468
f 4473/4473/4473 4472/4472/4472 4471/4471/4471
f 4474/4474/4474 4473/4473/4473 4471/4471/4471
f 4474/4474/4474 4475/4475/4475 4473/4473/4473
f 4475/4475/4475 4476/4476/4476 4473/4473/4473
f 4479/4479/4479 4478/4478/4478 4477/4477/4477
f 4480/4480/4480 4479/4479/4479 4477/4477/4477
f 4481/4481/4481 4480/4480/4480 4477/4477/4477
f 4480/4480/4480 4481/4481/4481 4482/4482/4482
f 4483/4483/4483 4479/4479/4479 4480/4480/4480
f 4480/4480/4480 4482/4482/4482 4484/4484/4484
f 4482/4482/4482 4485/4485/4485 4484/4484/4484
f 4486/4486/4486 4480/4480/4480 4484/4484/4484
f 4486/4486/4486 4483/4483/4483 4480/4480/4480
f 4487/4487/4487 4486/4486/4486 4484/4484/4484
f 4483/4483/4483 4486/4486/4486 4488/4488/4488
f 4486/4486/4486 4487/4487/4487 4488/4488/4488
f 4487/4487/4487 4489/4489/4489 4488/4488/4488
f 4490/4490/4490 4483/4483/4483 4488/4488/4488
f 4489/4489/4489 4491/4491/4491 4488/4488/4488
f 4488/4488/4488 4492/4492/4492 4490/4490/4490
f 4491/4491/4491 4492/4492/4492 4488/4488/4488
f 4492/4492/4492 4493/4493/4493 4490/4490/4490
f 4494/4494/4494 4492/4492/4492 4491/4491/4491
f 4495/4495/4495 4494/4494/4494 4491/4491/4491
f 4494/4494/4494 4495/4495/4495 4496/4496/4496
f 4497/4497/4497 4494/4494/4494 4496/4496/4496
f 4498/4498/4498 4492/4492/4492 4494/4494/4494
f 4492/4492/4492 4498/4498/4498 4499/4499/4499
f 4492/4492/4492 4499/4499/4499 4493/4493/4493
f 4499/4499/4499 4500/4500/4500 4493/4493/4493
f 4501/4501/4501 4500/4500/4500 4499/4499/4499
f 4502/4502/4502 4501/4501/4501 4499/4499/4499
f 4505/4505/4505 4504/4504/4504 4503/4503/4503
f 4504/4504/4504 4506/4506/4506 4503/4503/4503
f 4506/4506/4506 4507/4507/4507 4503/4503/4503
f 4507/4507/4507 4508/4508/4508 4503/4503/4503
f 4508/4508/4508 4507/4507/4507 4509/4509/4509
f 4510/4510/4510 4508/4508/4508 4509/4509/4509
f 4511/4511/4511 4510/4510/4510 4509/4509/4509
f 4512/4512/4512 4511/4511/4511 4509/4509/4509
f 4512/4512/4512 4513/4513/4513 4511/4511/4511
f 4513/4513/4513 4514/4514/4514 4511/4511/4511
f 4513/4513/4513 4515/4515/4515 4514/4514/4514
f 4515/4515/4515 4516/4516/4516 4514/4514/4514
f 4519/4519/4519 4518/4518/4518 4517/4517/4517
f 4518/4518/4518 4520/4520/4520 4517/4517/4517
f 4521/4521/4521 4520/4520/4520 4518/4518/4518
f 4522/4522/4522 4521/4521/4521 4518/4518/4518
f 4525/4525/4525 4524/4524/4524 4523/4523/4523
f 4524/4524/4524 4526/4526/4526 4523/4523/4523
f 4526/4526/4526 4527/4527/4527 4523/4523/4523
f 4527/4527/4527 4528/4528/4528 4523/4523/4523
f 4527/4527/4527 4529/4529/4529 4528/4528/4528
f 4529/4529/4529 4530/4530/4530 4528/4528/4528
f 4529/4529/4529 4531/4531/4531 4530/4530/4530
f 4531/4531/4531 4532/4532/4532 4530/4530/4530
f 4531/4531/4531 4533/4533/4533 4532/4532/4532
f 4533/4533/4533 4534/4534/4534 4532/4532/4532
f 4535/4535/4535 4534/4534/4534 4533/4533/4533
f 4536/4536/4536 4535/4535/4535 4533/4533/4533
f 4537/4537/4537 4535/4535/4535 4536/4536/4536
f 4538/4538/4538 4537/4537/4537 4536/4536/4536
f 4539/4539/4539 4537/4537/4537 4538/4538/4538
f 4540/4540/4540 4539/4539/4539 4538/4538/4538
f 4539/4539/4539 4540/4540/4540 4541/4541/4541
f 4542/4542/4542 4539/4539/4539 4541/4541/4541
f 4545/4545/4545 4544/4544/4544 4543/4543/4543
f 4544/4544/4544 4546/4546/4546 4543/4543/4543
f 4543/4543/4543 4546/4546/4546 4547/4547/4547
f 4546/4546/4546 4548/4548/4548 4547/4547/4547
f 4547/4547/4547 4548/4548/4548 4549/4549/4549
f 4548/4548/4548 4550/4550/4550 4549/4549/4549
f 4549/4549/4549 4550/4550/4550 4551/4551/4551
f 4550/4550/4550 4552/4552/4552 4551/4551/4551
f 4552/4552/4552 4553/4553/4553 4551/4551/4551
f 4553/4553/4553 4554/4554/4554 4551/4551/4551
f 4554/4554/4554 4553/4553/4553 4555/4555/4555
f 4556/4556/4556 4554/4554/4554 4555/4555/4555
f 4556/4556/4556 4555/4555/4555 4557/4557/4557
f 4558/4558/4558 4556/4556/4556 4557/4557/4557
f 4558/4558/4558 4557/4557/4557 4559/4559/4559
f 4560/4560/4560 4558/4558/4558 4559/4559/4559
f 4560/4560/4560 4559/4559/4559 4561/4561/4561
f 4562/4562/4562 4560/4560/4560 4561/4561/4561
f 4565/4565/4565 4564/4564/4564 4563/4563/4563
f 4564/4564/4564 4566/4566/4566 4563/4563/4563
f 4564/4564/4564 4567/4567/4567 4566/4566/4566
f 4567/4567/4567 4568/4568/4568 4566/4566/4566
f 4568/4568/4568 4567/4567/4567 4569/4569/4569
f 4567/4567/4567 4570/4570/4570 4569/4569/4569
f 4570/4570/4570 4571/4571/4571 4569/4569/4569
f 4571/4571/4571 4572/4572/4572 4569/4569/4569
f 4573/4573/4573 4572/4572/4572 4571/4571/4571
f 4574/4574/4574 4573/4573/4573 4571/4571/4571
f 4573/4573/4573 4574/4574/4574 4575/4575/4575
f 4574/4574/4574 4576/4576/4576 4575/4575/4575
f 4575/4575/4575 4576/4576/4576 4577/4577/4577
f 4578/4578/4578 4575/4575/4575 4577/4577/4577
f 4578/4578/4578 4577/4577/4577 4579/4579/4579
f 4577/4577/4577 4580/4580/4580 4579/4579/4579
f 4579/4579/4579 4580/4580/4580 4581/4581/4581
f 4580/4580/4580 4582/4582/4582 4581/4581/4581
f 4585/4585/4585 4584/4584/4584 4583/4583/4583
f 4586/4586/4586 4585/4585/4585 4583/4583/4583
f 4587/4587/4587 4585/4585/4585 4586/4586/4586
f 4588/4588/4588 4587/4587/4587 4586/4586/4586
f 4587/4587/4587 4588/4588/4588 4589/4589/4589
f 4590/4590/4590 4587/4587/4587 4589/4589/4589
f 4591/4591/4591 4590/4590/4590 4589/4589/4589
f 4592/4592/4592 4591/4591/4591 4589/4589/4589
f 4592/4592/4592 4593/4593/4593 4591/4591/4591
f 4593/4593/4593 4594/4594/4594 4591/4591/4591
f 4594/4594/4594 4593/4593/4593 4595/4595/4595
f 4596/4596/4596 4594/4594/4594 4595/4595/4595
f 4596/4596/4596 4595/4595/4595 4597/4597/4597
f 4595/4595/4595 4598/4598/4598 4597/4597/4597
f 4597/4597/4597 4598/4598/4598 4599/4599/4599
f 4600/4600/4600 4597/4597/4597 4599/4599/4599
f 4600/4600/4600 4599/4599/4599 4601/4601/4601
f 4602/4602/4602 4600/4600/4600 4601/4601/4601
f 4605/4605/4605 4604/4604/4604 4603/4603/4603
f 4606/4606/4606 4605/4605/4605 4603/4603/4603
f 4607/4607/4607 4606/4606/4606 4603/4603/4603
f 4608/4608/4608 4607/4607/4607 4603/4603/4603
f 4609/4609/4609 4607/4607/4607 4608/4608/4608
f 4610/4610/4610 4609/4609/4609 4608/4608/4608
f 4611/4611/4611 4609/4609/4609 4610/4610/4610
f 4612/4612/4612 4611/4611/4611 4610/4610/4610
f 4613/4613/4613 4611/4611/4611 4612/4612/4612
f 4614/4614/4614 4613/4613/4613 4612/4612/4612
f 4614/4614/4614 4615/4615/4615 4613/4613/4613
f 4615/4615/4615 4616/4616/4616 4613/4613/4613
f 4615/4615/4615 4617/4617/4617 4616/4616/4616
f 4617/4617/4617 4618/4618/4618 4616/4616/4616
f 4617/4617/4617 4619/4619/4619 4618/4618/4618
f 4619/4619/4619 4620/4620/4620 4618/4618/4618
f 4620/4620/4620 4619/4619/4619 4621/4621/4621
f 4619/4619/4619 4622/4622/4622 4621/4621/4621
f 4625/4625/4625 4624/4624/4624 4623/4623/4623
f 4626/4626/4626 4625/4625/4625 4623/4623/4623
f 4626/4626/4626 4623/4623/4623 4627/4627/4627
f 4628/4628/4628 4626/4626/4626 4627/4627/4627
f 4628/4628/4628 4627/4627/4627 4629/4629/4629
f 4630/4630/4630 4628/4628/4628 4629/4629/4629
f 4630/4630/4630 4629/4629/4629 4631/4631/4631
f 4632/4632/4632 4630/4630/4630 4631/4631/4631
f 4633/4633/4633 4632/4632/4632 4631/4631/4631
f 4634/4634/4634 4633/4633/4633 4631/4631/4631
f 4633/4633/4633 4634/4634/4634 4635/4635/4635
f 4634/4634/4634 4636/4636/4636 4635/4635/4635
f 4635/4635/4635 4636/4636/4636 4637/4637/4637
f 4636/4636/4636 4638/4638/4638 4637/4637/4637
f 4637/4637/4637 4638/4638/4638 4639/4639/4639
f 4638/4638/4638 4640/4640/4640 4639/4639/4639
f 4639/4639/4639 4640/4640/4640 4641/4641/4641
f 4640/4640/4640 4642/4642/4642 4641/4641/4641
f 4645/4645/4645 4644/4644/4644 4643/4643/4643
f 4646/4646/4646 4645/4645/4645 4643/4643/4643
f 4647/4647/4647 4645/4645/4645 4646/4646/4646
f 4648/4648/4648 4647/4647/4647 4646/4646/4646
f 4647/4647/4647 4648/4648/4648 4649/4649/4649
f 4650/4650/4650 4647/4647/4647 4649/4649/4649
f 4651/4651/4651 4650/4650/4650 4649/4649/4649
f 4652/4652/4652 4651/4651/4651 4649/4649/4649
f 4652/4652/4652 4653/4653/4653 4651/4651/4651
f 4653/4653/4653 4654/4654/4654 4651/4651/4651
f 4654/4654/4654 4653/4653/4653 4655/4655/4655
f 4656/4656/4656 4654/4654/4654 4655/4655/4655
f 4656/4656/4656 4655/4655/4655 4657/4657/4657
f 4655/4655/4655 4658/4658/4658 4657/4657/4657
f 4657/4657/4657 4658/4658/4658 4659/4659/4659
f 4660/4660/4660 4657/4657/4657 4659/4659/4659
f 4660/4660/4660 4659/4659/4659 4661/4661/4661
f 4662/4662/4662 4660/4660/4660 4661/4661/4661
f 4665/4665/4665 4664/4664/4664 4663/4663/4663
f 4664/4664/4664 4666/4666/4666 4663/4663/4663
f 4664/4664/4664 4667/4667/4667 4666/4666/4666
f 4667/4667/4667 4668/4668/4668 4666/4666/4666
f 4668/4668/4668 4667/4667/4667 4669/4669/4669
f 4667/4667/4667 4670/4670/4670 4669/4669/4669
f 4670/4670/4670 4671/4671/4671 4669/4669/4669
f 4671/4671/4671 4672/4672/4672 4669/4669/4669
f 4673/4673/4673 4672/4672/4672 4671/4671/4671
f 4674/4674/4674 4673/4673/4673 4671/4671/4671
f 4673/4673/4673 4674/4674/4674 4675/4675/4675
f 4674/4674/4674 4676/4676/4676 4675/4675/4675
f 4675/4675/4675 4676/4676/4676 4677/4677/4677
f 4678/4678/4678 4675/4675/4675 4677/4677/4677
f 4678/4678/4678 4677/4677/4677 4679/4679/4679
f 4677/4677/4677 4680/4680/4680 4679/4679/4679
f 4679/4679/4679 4680/4680/4680 4681/4681/4681
f 4680/4680/4680 4682/4682/4682 4681/4681/4681
f 4685/4685/4685 4684/4684/4684 4683/4683/4683
f 4686/4686/4686 4685/4685/4685 4683/4683/4683
f 4687/4687/4687 4686/4686/4686 4683/4683/4683
f 4688/4688/4688 4687/4687/4687 4683/4683/4683
f 4689/4689/4689 4687/4687/4687 4688/4688/4688
f 4690/4690/4690 4689/4689/4689 4688/4688/4688
f 4691/4691/4691 4689/4689/4689 4690/4690/4690
f 4692/4692/4692 4691/4691/4691 4690/4690/4690
f 4693/4693/4693 4691/4691/4691 4692/4692/4692
f 4694/4694/4694 4693/4693/4693 4692/4692/4692
f 4694/4694/4694 4695/4695/4695 4693/4693/4693
f 4695/4695/4695 4696/4696/4696 4693/4693/4693
f 4695/4695/4695 4697/4697/4697 4696/4696/4696
f 4697/4697/4697 4698/4698/4698 4696/4696/4696
f 4697/4697/4697 4699/4699/4699 4698/4698/4698
f 4699/4699/4699 4700/4700/4700 4698/4698/4698
f 4700/4700/4700 4699/4699/4699 4701/4701/4701
f 4699/4699/4699 4702/4702/4702 4701/4701/4701
f 4705/4705/4705 4704/4704/4704 4703/4703/4703
f 4706/4706/4706 4705/4705/4705 4703/4703/4703
f 4706/4706/4706 4703/4703/4703 4707/4707/4707
f 4708/4708/4708 4706/4706/4706 4707/4707/4707
f 4708/4708/4708 4707/4707/4707 4709/4709/4709
f 4710/4710/4710 4708/4708/4708 4709/4709/4709
f 4710/4710/4710 4709/4709/4709 4711/4711/4711
f 4712/4712/4712 4710/4710/4710 4711/4711/4711
f 4713/4713/4713 4712/4712/4712 4711/4711/4711
f 4714/4714/4714 4713/4713/4713 4711/4711/4711
f 4713/4713/4713 4714/4714/4714 4715/4715/4715
f 4714/4714/4714 4716/4716/4716 4715/4715/4715
f 4715/4715/4715 4716/4716/4716 4717/4717/4717
f 4716/4716/4716 4718/4718/4718 4717/4717/4717
f 4717/4717/4717 4718/4718/4718 4719/4719/4719
f 4718/4718/4718 4720/4720/4720 4719/4719/4719
f 4719/4719/4719 4720/4720/4720 4721/4721/4721
f 4720/4720/4720 4722/4722/4722 4721/4721/4721
f 4725/4725/4725 4724/4724/4724 4723/4723/4723
f 4726/4726/4726 4725/4725/4725 4723/4723/4723
f 4727/4727/4727 4725/4725/4725 4726/4726/4726
f 4728/4728/4728 4727/4727/4727 4726/4726/4726
f 4727/4727/4727 4728/4728/4728 4729/4729/4729
f 4730/4730/4730 4727/4727/4727 4729/4729/4729
f 4731/4731/4731 4730/4730/4730 4729/4729/4729
f 4732/4732/4732 4731/4731/4731 4729/4729/4729
f 4732/4732/4732 4733/4733/4733 4731/4731/4731
f 4733/4733/4733 4734/4734/4734 4731/4731/4731
f 4734/4734/4734 4733/4733/4733 4735/4735/4735
f 4736/4736/4736 4734/4734/4734 4735/4735/4735
f 4736/4736/4736 4735/4735/4735 4737/4737/4737
f 4735/4735/4735 4738/4738/4738 4737/4737/4737
f 4737/4737/4737 4738/4738/4738 4739/4739/4739
f 4740/4740/4740 4737/4737/4737 4739/4739/4739
f 4740/4740/4740 4739/4739/4739 4741/4741/4741
f 4742/4742/4742 4740/4740/4740 4741/4741/4741
f 4745/4745/4745 4744/4744/4744 4743/4743/4743
f 4744/4744/4744 4746/4746/4746 4743/4743/4743
f 4744/4744/4744 4747/4747/4747 4746/4746/4746
f 4747/4747/4747 4748/4748/4748 4746/4746/4746
f 4748/4748/4748 4747/4747/4747 4749/4749/4749
f 4747/4747/4747 4750/4750/4750 4749/4749/4749
f 4750/4750/4750 4751/4751/4751 4749/4749/4749
f 4751/4751/4751 4752/4752/4752 4749/4749/4749
f 4753/4753/4753 4752/4752/4752 4751/4751/4751
f 4754/4754/4754 4753/4753/4753 4751/4751/4751
f 4753/4753/4753 4754/4754/4754 4755/4755/4755
f 4754/4754/4754 4756/4756/4756 4755/4755/4755
f 4755/4755/4755 4756/4756/4756 4757/4757/4757
f 4758/4758/4758 4755/4755/4755 4757/4757/4757
f 4758/4758/4758 4757/4757/4757 4759/4759/4759
f 4757/4757/4757 4760/4760/4760 4759/4759/4759
f 4759/4759/4759 4760/4760/4760 4761/4761/4761
f 4760/4760/4760 4762/4762/4762 4761/4761/4761
f 4765/4765/4765 4764/4764/4764 4763/4763/4763
f 4764/4764/4764 4766/4766/4766 4763/4763/4763
f 4766/4766/4766 4767/4767/4767 4763/4763/4763
f 4767/4767/4767 4768/4768/4768 4763/4763/4763
f 4767/4767/4767 4769/4769/4769 4768/4768/4768
f 4769/4769/4769 4770/4770/4770 4768/4768/4768
f 4769/4769/4769 4771/4771/4771 4770/4770/4770
f 4771/4771/4771 4772/4772/4772 4770/4770/4770
f 4771/4771/4771 4773/4773/4773 4772/4772/4772
f 4773/4773/4773 4774/4774/4774 4772/4772/4772
f 4775/4775/4775 4774/4774/4774 4773/4773/4773
f 4776/4776/4776 4775/4775/4775 4773/4773/4773
f 4777/4777/4777 4775/4775/4775 4776/4776/4776
f 4778/4778/4778 4777/4777/4777 4776/4776/4776
f 4779/4779/4779 4777/4777/4777 4778/4778/4778
f 4780/4780/4780 4779/4779/4779 4778/4778/4778
f 4779/4779/4779 4780/4780/4780 4781/4781/4781
f 4782/4782/4782 4779/4779/4779 4781/4781/4781
f 4785/4785/4785 4784/4784/4784 4783/4783/4783
f 4784/4784/4784 4786/4786/4786 4783/4783/4783
f 4783/4783/4783 4786/4786/4786 4787/4787/4787
f 4786/4786/4786 4788/4788/4788 4787/4787/4787
f 4787/4787/4787 4788/4788/4788 4789/4789/4789
f 4788/4788/4788 4790/4790/4790 4789/4789/4789
f 4789/4789/4789 4790/4790/4790 4791/4791/4791
f 4790/4790/4790 4792/4792/4792 4791/4791/4791
f 4792/4792/4792 4793/4793/4793 4791/4791/4791
f 4793/4793/4793 4794/4794/4794 4791/4791/4791
f 4794/4794/4794 4793/4793/4793 4795/4795/4795
f 4796/4796/4796 4794/4794/4794 4795/4795/4795
f 4796/4796/4796 4795/4795/4795 4797/4797/4797
f 4798/4798/4798 4796/4796/4796 4797/4797/4797
f 4798/4798/4798 4797/4797/4797 4799/4799/4799
f 4800/4800/4800 4798/4798/4798 4799/4799/4799
f 4800/4800/4800 4799/4799/4799 4801/4801/4801
f 4802/4802/4802 4800/4800/4800 4801/4801/4801
f 4805/4805/4805 4804/4804/4804 4803/4803/4803
f 4804/4804/4804 4806/4806/4806 4803/4803/4803
f 4804/4804/4804 4807/4807/4807 4806/4806/4806
f 4807/4807/4807 4808/4808/4808 4806/4806/4806
f 4808/4808/4808 4807/4807/4807 4809/4809/4809
f 4807/4807/4807 4810/4810/4810 4809/4809/4809
f 4810/4810/4810 4811/4811/4811 4809/4809/4809
f 4811/4811/4811 4812/4812/4812 4809/4809/4809
f 4813/4813/4813 4812/4812/4812 4811/4811/4811
f 4814/4814/4814 4813/4813/4813 4811/4811/4811
f 4813/4813/4813 4814/4814/4814 4815/4815/4815
f 4814/4814/4814 4816/4816/4816 4815/4815/4815
f 4815/4815/4815 4816/4816/4816 4817/4817/4817
f 4818/4818/4818 4815/4815/4815 4817/4817/4817
f 4818/4818/4818 4817/4817/4817 4819/4819/4819
f 4817/4817/4817 4820/4820/4820 4819/4819/4819
f 4819/4819/4819 4820/4820/4820 4821/4821/4821
f 4820/4820/4820 4822/4822/4822 4821/4821/4821
f 4825/4825/4825 4824/4824/4824 4823/4823/4823
f 4826/4826/4826 4825/4825/4825 4823/4823/4823
f 4827/4827/4827 4825/4825/4825 4826/4826/4826
f 4828/4828/4828 4827/4827/4827 4826/4826/4826
f 4827/4827/4827 4828/4828/4828 4829/4829/4829
f 4830/4830/4830 4827/4827/4827 4829/4829/4829
f 4831/4831/4831 4830/4830/4830 4829/4829/4829
f 4832/4832/4832 4831/4831/4831 4829/4829/4829
f 4832/4832/4832 4833/4833/4833 4831/4831/4831
f 4833/4833/4833 4834/4834/4834 4831/4831/4831
f 4834/4834/4834 4833/4833/4833 4835/4835/4835
f 4836/4836/4836 4834/4834/4834 4835/4835/4835
f 4836/4836/4836 4835/4835/4835 4837/4837/4837
f 4835/4835/4835 4838/4838/4838 4837/4837/4837
f 4837/4837/4837 4838/4838/4838 4839/4839/4839
f 4840/4840/4840 4837/4837/4837 4839/4839/4839
f 4840/4840/4840 4839/4839/4839 4841/4841/4841
f 4842/4842/4842 4840/4840/4840 4841/4841/4841
f 4845/4845/4845 4844/4844/4844 4843/4843/4843
f 4844/4844/4844 4846/4846/4846 4843/4843/4843
f 4843/4843/4843 4846/4846/4846 4847/4847/4847
f 4846/4846/4846 4848/4848/4848 4847/4847/4847
f 4847/4847/4847 4848/4848/4848 4849/4849/4849
f 4848/4848/4848 4850/4850/4850 4849/4849/4849
f 4853/4853/4853 4852/4852/4852 4851/4851/4851
f 4853/4853/4853 4854/4854/4854 4852/4852/4852
f 4854/4854/4854 4853/4853/4853 4855/4855/4855
f 4854/4854/4854 4856/4856/4856 4852/4852/4852
f 4852/4852/4852 4856/4856/4856 4857/4857/4857
f 4858/4858/4858 4854/4854/4854 4855/4855/4855
f 4858/4858/4858 4855/4855/4855 4859/4859/4859
f 4860/4860/4860 4858/4858/4858 4859/4859/4859
f 4861/4861/4861 4860/4860/4860 4859/4859/4859
f 4862/4862/4862 4861/4861/4861 4859/4859/4859
f 4861/4861/4861 4862/4862/4862 4863/4863/4863
f 4862/4862/4862 4864/4864/4864 4863/4863/4863
f 4863/4863/4863 4864/4864/4864 4865/4865/4865
f 4864/4864/4864 4866/4866/4866 4865/4865/4865
f 4865/4865/4865 4866/4866/4866 4867/4867/4867
f 4867/4867/4867 4866/4866/4866 4868/4868/4868
f 4869/4869/4869 4865/4865/4865 4867/4867/4867
f 4869/4869/4869 4867/4867/4867 4870/4870/4870
f 4873/4873/4873 4872/4872/4872 4871/4871/4871
f 4874/4874/4874 4873/4873/4873 4871/4871/4871
f 4877/4877/4877 4876/4876/4876 4875/4875/4875
f 4878/4878/4878 4877/4877/4877 4875/4875/4875
f 4881/4881/4881 4880/4880/4880 4879/4879/4879
f 4882/4882/4882 4881/4881/4881 4879/4879/4879
f 4885/4885/4885 4884/4884/4884 4883/4883/4883
f 4886/4886/4886 4885/4885/4885 4883/4883/4883
f 4889/4889/4889 4888/4888/4888 4887/4887/4887
f 4890/4890/4890 4889/4889/4889 4887/4887/4887
f 4893/4893/4893 4892/4892/4892 4891/4891/4891
f 4894/4894/4894 4893/4893/4893 4891/4891/4891
f 4897/4897/4897 4896/4896/4896 4895/4895/4895
f 4896/4896/4896 4898/4898/4898 4895/4895/4895
f 4895/4895/4895 4898/4898/4898 4899/4899/4899
f 4899/4899/4899 4900/4900/4900 4895/4895/4895
f 4898/4898/4898 4901/4901/4901 4899/4899/4899
f 4898/4898/4898 4902/4902/4902 4901/4901/4901
f 4899/4899/4899 4901/4901/4901 4903/4903/4903
f 4901/4901/4901 4904/4904/4904 4903/4903/4903
f 4903/4903/4903 4904/4904/4904 4905/4905/4905
f 4904/4904/4904 4906/4906/4906 4905/4905/4905
f 4909/4909/4909 4908/4908/4908 4907/4907/4907
f 4910/4910/4910 4909/4909/4909 4907/4907/4907
f 4910/4910/4910 4907/4907/4907 4911/4911/4911
f 4912/4912/4912 4910/4910/4910 4911/4911/4911
f 4912/4912/4912 4911/4911/4911 4913/4913/4913
f 4914/4914/4914 4912/4912/4912 4913/4913/4913
f 4917/4917/4917 4916/4916/4916 4915/4915/4915
f 4918/4918/4918 4916/4916/4916 4917/4917/4917
f 4916/4916/4916 4918/4918/4918 4919/4919/4919
f 4920/4920/4920 4918/4918/4918 4917/4917/4917
f 4920/4920/4920 4917/4917/4917 4921/4921/4921
f 4918/4918/4918 4922/4922/4922 4919/4919/4919
f 4919/4919/4919 4922/4922/4922 4923/4923/4923
f 4922/4922/4922 4924/4924/4924 4923/4923/4923
f 4924/4924/4924 4925/4925/4925 4923/4923/4923
f 4925/4925/4925 4926/4926/4926 4923/4923/4923
f 4926/4926/4926 4925/4925/4925 4927/4927/4927
f 4928/4928/4928 4926/4926/4926 4927/4927/4927
f 4928/4928/4928 4927/4927/4927 4929/4929/4929
f 4930/4930/4930 4928/4928/4928 4929/4929/4929
f 4930/4930/4930 4929/4929/4929 4931/4931/4931
f 4930/4930/4930 4931/4931/4931 4932/4932/4932
f 4929/4929/4929 4933/4933/4933 4931/4931/4931
f 4931/4931/4931 4933/4933/4933 4934/4934/4934
f 4937/4937/4937 4936/4936/4936 4935/4935/4935
f 4938/4938/4938 4937/4937/4937 4935/4935/4935
f 4941/4941/4941 4940/4940/4940 4939/4939/4939
f 4942/4942/4942 4941/4941/4941 4939/4939/4939
f 4945/4945/4945 4944/4944/4944 4943/4943/4943
f 4946/4946/4946 4945/4945/4945 4943/4943/4943
f 4949/4949/4949 4948/4948/4948 4947/4947/4947
f 4950/4950/4950 4949/4949/4949 4947/4947/4947
f 4953/4953/4953 4952/4952/4952 4951/4951/4951
f 4954/4954/4954 4953/4953/4953 4951/4951/4951
f 4957/4957/4957 4956/4956/4956 4955/4955/4955
f 4958/4958/4958 4957/4957/4957 4955/4955/4955
f 4961/4961/4961 4960/4960/4960 4959/4959/4959
f 4962/4962/4962 4961/4961/4961 4959/4959/4959
f 4962/4962/4962 4959/4959/4959 4963/4963/4963
f 4964/4964/4964 4963/4963/4963 4959/4959/4959
f 4965/4965/4965 4962/4962/4962 4963/4963/4963
f 4966/4966/4966 4962/4962/4962 4965/4965/4965
f 4965/4965/4965 4963/4963/4963 4967/4967/4967
f 4968/4968/4968 4965/4965/4965 4967/4967/4967
f 4968/4968/4968 4967/4967/4967 4969/4969/4969
f 4970/4970/4970 4968/4968/4968 4969/4969/4969
f 4973/4973/4973 4972/4972/4972 4971/4971/4971
f 4972/4972/4972 4974/4974/4974 4971/4971/4971
f 4971/4971/4971 4974/4974/4974 4975/4975/4975
f 4974/4974/4974 4976/4976/4976 4975/4975/4975
f 4975/4975/4975 4976/4976/4976 4977/4977/4977
f 4976/4976/4976 4978/4978/4978 4977/4977/4977
f 4981/4981/4981 4980/4980/4980 4979/4979/4979
f 4981/4981/4981 4982/4982/4982 4980/4980/4980
f 4982/4982/4982 4981/4981/4981 4983/4983/4983
f 4982/4982/4982 4984/4984/4984 4980/4980/4980
f 4980/4980/4980 4984/4984/4984 4985/4985/4985
f 4986/4986/4986 4982/4982/4982 4983/4983/4983
f 4986/4986/4986 4983/4983/4983 4987/4987/4987
f 4988/4988/4988 4986/4986/4986 4987/4987/4987
f 4989/4989/4989 4988/4988/4988 4987/4987/4987
f 4990/4990/4990 4989/4989/4989 4987/4987/4987
f 4989/4989/4989 4990/4990/4990 4991/4991/4991
f 4990/4990/4990 4992/4992/4992 4991/4991/4991
f 4991/4991/4991 4992/4992/4992 4993/4993/4993
f 4992/4992/4992 4994/4994/4994 4993/4993/4993
f 4993/4993/4993 4994/4994/4994 4995/4995/4995
f 4995/4995/4995 4994/4994/4994 4996/4996/4996
f 4997/4997/4997 4993/4993/4993 4995/4995/4995
f 4997/4997/4997 4995/4995/4995 4998/4998/4998
f 5001/5001/5001 5000/5000/5000 4999/4999/4999
f 5002/5002/5002 5001/5001/5001 4999/4999/4999
f 5005/5005/5005 5004/5004/5004 5003/5003/5003
f 5006/5006/5006 5005/5005/5005 5003/5003/5003
f 5009/5009/5009 5008/5008/5008 5007/5007/5007
f 5010/5010/5010 5009/5009/5009 5007/5007/5007
f 5013/5013/5013 5012/5012/5012 5011/5011/5011
f 5014/5014/5014 5013/5013/5013 5011/5011/5011
f 5017/5017/5017 5016/5016/5016 5015/5015/5015
f 5018/5018/5018 5017/5017/5017 5015/5015/5015
f 5021/5021/5021 5020/5020/5020 5019/5019/5019
f 5022/5022/5022 5021/5021/5021 5019/5019/5019
f 5025/5025/5025 5024/5024/5024 5023/5023/5023
f 5024/5024/5024 5026/5026/5026 5023/5023/5023
f 5023/5023/5023 5026/5026/5026 5027/5027/5027
f 5027/5027/5027 5028/5028/5028 5023/5023/5023
f 5026/5026/5026 5029/5029/5029 5027/5027/5027
f 5026/5026/5026 5030/5030/5030 5029/5029/5029
f 5027/5027/5027 5029/5029/5029 5031/5031/5031
f 5029/5029/5029 5032/5032/5032 5031/5031/5031
f 5031/5031/5031 5032/5032/5032 5033/5033/5033
f 5032/5032/5032 5034/5034/5034 5033/5033/5033
f 5037/5037/5037 5036/5036/5036 5035/5035/5035
f 5038/5038/5038 5037/5037/5037 5035/5035/5035
f 5038/5038/5038 5035/5035/5035 5039/5039/5039
f 5040/5040/5040 5038/5038/5038 5039/5039/5039
f 5040/5040/5040 5039/5039/5039 5041/5041/5041
f 5042/5042/5042 5040/5040/5040 5041/5041/5041
f 5045/5045/5045 5044/5044/5044 5043/5043/5043
f 5046/5046/5046 5044/5044/5044 5045/5045/5045
f 5044/5044/5044 5046/5046/5046 5047/5047/5047
f 5048/5048/5048 5046/5046/5046 5045/5045/5045
f 5048/5048/5048 5045/5045/5045 5049/5049/5049
f 5046/5046/5046 5050/5050/5050 5047/5047/5047
f 5047/5047/5047 5050/5050/5050 5051/5051/5051
f 5050/5050/5050 5052/5052/5052 5051/5051/5051
f 5052/5052/5052 5053/5053/5053 5051/5051/5051
f 5053/5053/5053 5054/5054/5054 5051/5051/5051
f 5054/5054/5054 5053/5053/5053 5055/5055/5055
f 5056/5056/5056 5054/5054/5054 5055/5055/5055
f 5056/5056/5056 5055/5055/5055 5057/5057/5057
f 5058/5058/5058 5056/5056/5056 5057/5057/5057
f 5058/5058/5058 5057/5057/5057 5059/5059/5059
f 5058/5058/5058 5059/5059/5059 5060/5060/5060
f 5057/5057/5057 5061/5061/5061 5059/5059/5059
f 5059/5059/5059 5061/5061/5061 5062/5062/5062
f 5065/5065/5065 5064/5064/5064 5063/5063/5063
f 5066/5066/5066 5065/5065/5065 5063/5063/5063
f 5069/5069/5069 5068/5068/5068 5067/5067/5067
f 5070/5070/5070 5069/5069/5069 5067/5067/5067
f 5073/5073/5073 5072/5072/5072 5071/5071/5071
f 5074/5074/5074 5073/5073/5073 5071/5071/5071
f 5077/5077/5077 5076/5076/5076 5075/5075/5075
f 5078/5078/5078 5077/5077/5077 5075/5075/5075
f 5081/5081/5081 5080/5080/5080 5079/5079/5079
f 5082/5082/5082 5081/5081/5081 5079/5079/5079
f 5085/5085/5085 5084/5084/5084 5083/5083/5083
f 5086/5086/5086 5085/5085/5085 5083/5083/5083
f 5089/5089/5089 5088/5088/5088 5087/5087/5087
f 5090/5090/5090 5089/5089/5089 5087/5087/5087
f 5090/5090/5090 5087/5087/5087 5091/5091/5091
f 5092/5092/5092 5091/5091/5091 5087/5087/5087
f 5093/5093/5093 5090/5090/5090 5091/5091/5091
f 5094/5094/5094 5090/5090/5090 5093/5093/5093
f 5093/5093/5093 5091/5091/5091 5095/5095/5095
f 5096/5096/5096 5093/5093/5093 5095/5095/5095
f 5096/5096/5096 5095/5095/5095 5097/5097/5097
f 5098/5098/5098 5096/5096/5096 5097/5097/5097
f 5101/5101/5101 5100/5100/5100 5099/5099/5099
f 5102/5102/5102 5101/5101/5101 5099/5099/5099
f 5102/5102/5102 5099/5099/5099 5103/5103/5103
f 5104/5104/5104 5102/5102/5102 5103/5103/5103
f 5104/5104/5104 5103/5103/5103 5105/5105/5105
f 5106/5106/5106 5104/5104/5104 5105/5105/5105
f 5109/5109/5109 5108/5108/5108 5107/5107/5107
f 5110/5110/5110 5108/5108/5108 5109/5109/5109
f 5108/5108/5108 5110/5110/5110 5111/5111/5111
f 5112/5112/5112 5110/5110/5110 5109/5109/5109
f 5112/5112/5112 5109/5109/5109 5113/5113/5113
f 5110/5110/5110 5114/5114/5114 5111/5111/5111
f 5111/5111/5111 5114/5114/5114 5115/5115/5115
f 5114/5114/5114 5116/5116/5116 5115/5115/5115
f 5116/5116/5116 5117/5117/5117 5115/5115/5115
f 5117/5117/5117 5118/5118/5118 5115/5115/5115
f 5118/5118/5118 5117/5117/5117 5119/5119/5119
f 5120/5120/5120 5118/5118/5118 5119/5119/5119
f 5120/5120/5120 5119/5119/5119 5121/5121/5121
f 5122/5122/5122 5120/5120/5120 5121/5121/5121
f 5122/5122/5122 5121/5121/5121 5123/5123/5123
f 5122/5122/5122 5123/5123/5123 5124/5124/5124
f 5121/5121/5121 5125/5125/5125 5123/5123/5123
f 5123/5123/5123 5125/5125/5125 5126/5126/5126
f 5129/5129/5129 5128/5128/5128 5127/5127/5127
f 5130/5130/5130 5129/5129/5129 5127/5127/5127
f 5133/5133/5133 5132/5132/5132 5131/5131/5131
f 5134/5134/5134 5133/5133/5133 5131/5131/5131
f 5137/5137/5137 5136/5136/5136 5135/5135/5135
f 5138/5138/5138 5137/5137/5137 5135/5135/5135
f 5141/5141/5141 5140/5140/5140 5139/5139/5139
f 5142/5142/5142 5141/5141/5141 5139/5139/5139
f 5145/5145/5145 5144/5144/5144 5143/5143/5143
f 5146/5146/5146 5145/5145/5145 5143/5143/5143
f 5149/5149/5149 5148/5148/5148 5147/5147/5147
f 5150/5150/5150 5149/5149/5149 5147/5147/5147
f 5153/5153/5153 5152/5152/5152 5151/5151/5151
f 5154/5154/5154 5153/5153/5153 5151/5151/5151
f 5154/5154/5154 5151/5151/5151 5155/5155/5155
f 5156/5156/5156 5155/5155/5155 5151/5151/5151
f 5157/5157/5157 5154/5154/5154 5155/5155/5155
f 5158/5158/5158 5154/5154/5154 5157/5157/5157
f 5157/5157/5157 5155/5155/5155 5159/5159/5159
f 5160/5160/5160 5157/5157/5157 5159/5159/5159
f 5160/5160/5160 5159/5159/5159 5161/5161/5161
f 5162/5162/5162 5160/5160/5160 5161/5161/5161
f 5165/5165/5165 5164/5164/5164 5163/5163/5163
f 5164/5164/5164 5166/5166/5166 5163/5163/5163
f 5163/5163/5163 5166/5166/5166 5167/5167/5167
f 5166/5166/5166 5168/5168/5168 5167/5167/5167
f 5167/5167/5167 5168/5168/5168 5169/5169/5169
f 5168/5168/5168 5170/5170/5170 5169/5169/5169
f 5173/5173/5173 5172/5172/5172 5171/5171/5171
f 5173/5173/5173 5174/5174/5174 5172/5172/5172
f 5174/5174/5174 5173/5173/5173 5175/5175/5175
f 5174/5174/5174 5176/5176/5176 5172/5172/5172
f 5172/5172/5172 5176/5176/5176 5177/5177/5177
f 5178/5178/5178 5174/5174/5174 5175/5175/5175
f 5178/5178/5178 5175/5175/5175 5179/5179/5179
f 5180/5180/5180 5178/5178/5178 5179/5179/5179
f 5181/5181/5181 5180/5180/5180 5179/5179/5179
f 5182/5182/5182 5181/5181/5181 5179/5179/5179
f 5181/5181/5181 5182/5182/5182 5183/5183/5183
f 5182/5182/5182 5184/5184/5184 5183/5183/5183
f 5183/5183/5183 5184/5184/5184 5185/5185/5185
f 5184/5184/5184 5186/5186/5186 5185/5185/5185
f 5185/5185/5185 5186/5186/5186 5187/5187/5187
f 5187/5187/5187 5186/5186/5186 5188/5188/5188
f 5189/5189/5189 5185/5185/5185 5187/5187/5187
f 5189/5189/5189 5187/5187/5187 5190/5190/5190
f 5193/5193/5193 5192/5192/5192 5191/5191/5191
f 5194/5194/5194 5193/5193/5193 5191/5191/5191
f 5197/5197/5197 5196/5196/5196 5195/5195/5195
f 5198/5198/5198 5197/5197/5197 5195/5195/5195
f 5201/5201/5201 5200/5200/5200 5199/5199/5199
f 5202/5202/5202 5201/5201/5201 5199/5199/5199
f 5205/5205/5205 5204/5204/5204 5203/5203/5203
f 5206/5206/5206 5205/5205/5205 5203/5203/5203
f 5209/5209/5209 5208/5208/5208 5207/5207/5207
f 5210/5210/5210 5209/5209/5209 5207/5207/5207
f 5213/5213/5213 5212/5212/5212 5211/5211/5211
f 5214/5214/5214 5213/5213/5213 5211/5211/5211
f 5217/5217/5217 5216/5216/5216 5215/5215/5215
f 5216/5216/5216 5218/5218/5218 5215/5215/5215
f 5215/5215/5215 5218/5218/5218 5219/5219/5219
f 5219/5219/5219 5220/5220/5220 5215/5215/5215
f 5218/5218/5218 5221/5221/5221 5219/5219/5219
f 5218/5218/5218 5222/5222/5222 5221/5221/5221
f 5219/5219/5219 5221/5221/5221 5223/5223/5223
f 5221/5221/5221 5224/5224/5224 5223/5223/5223
f 5223/5223/5223 5224/5224/5224 5225/5225/5225
f 5224/5224/5224 5226/5226/5226 5225/5225/5225
f 5229/5229/5229 5228/5228/5228 5227/5227/5227
f 5230/5230/5230 5229/5229/5229 5227/5227/5227
f 5230/5230/5230 5227/5227/5227 5231/5231/5231
f 5232/5232/5232 5230/5230/5230 5231/5231/5231
f 5232/5232/5232 5231/5231/5231 5233/5233/5233
f 5234/5234/5234 5232/5232/5232 5233/5233/5233
f 5237/5237/5237 5236/5236/5236 5235/5235/5235
f 5238/5238/5238 5236/5236/5236 5237/5237/5237
f 5236/5236/5236 5238/5238/5238 5239/5239/5239
f 5240/5240/5240 5238/5238/5238 5237/5237/5237
f 5240/5240/5240 5237/5237/5237 5241/5241/5241
f 5238/5238/5238 5242/5242/5242 5239/5239/5239
f 5239/5239/5239 5242/5242/5242 5243/5243/5243
f 5242/5242/5242 5244/5244/5244 5243/5243/5243
f 5244/5244/5244 5245/5245/5245 5243/5243/5243
f 5245/5245/5245 5246/5246/5246 5243/5243/5243
f 5246/5246/5246 5245/5245/5245 5247/5247/5247
f 5248/5248/5248 5246/5246/5246 5247/5247/5247
f 5248/5248/5248 5247/5247/5247 5249/5249/5249
f 5250/5250/5250 5248/5248/5248 5249/5249/5249
f 5250/5250/5250 5249/5249/5249 5251/5251/5251
f 5250/5250/5250 5251/5251/5251 5252/5252/5252
f 5249/5249/5249 5253/5253/5253 5251/5251/5251
f 5251/5251/5251 5253/5253/5253 5254/5254/5254
f 5257/5257/5257 5256/5256/5256 5255/5255/5255
f 5258/5258/5258 5257/5257/5257 5255/5255/5255
f 5261/5261/5261 5260/5260/5260 5259/5259/5259
f 5262/5262/5262 5261/5261/5261 5259/5259/5259
f 5265/5265/5265 5264/5264/5264 5263/5263/5263
f 5266/5266/5266 5265/5265/5265 5263/5263/5263
f 5269/5269/5269 5268/5268/5268 5267/5267/5267
f 5270/5270/5270 5269/5269/5269 5267/5267/5267
f 5273/5273/5273 5272/5272/5272 5271/5271/5271
f 5274/5274/5274 5273/5273/5273 5271/5271/5271
f 5277/5277/5277 5276/5276/5276 5275/5275/5275
f 5278/5278/5278 5277/5277/5277 5275/5275/5275
f 5281/5281/5281 5280/5280/5280 5279/5279/5279
f 5282/5282/5282 5281/5281/5281 5279/5279/5279
f 5282/5282/5282 5279/5279/5279 5283/5283/5283
f 5284/5284/5284 5283/5283/5283 5279/5279/5279
f 5285/5285/5285 5282/5282/5282 5283/5283/5283
f 5286/5286/5286 5282/5282/5282 5285/5285/5285
f 5285/5285/5285 5283/5283/5283 5287/5287/5287
f 5288/5288/5288 5285/5285/5285 5287/5287/5287
f 5288/5288/5288 5287/5287/5287 5289/5289/5289
f 5290/5290/5290 5288/5288/5288 5289/5289/5289
f 5293/5293/5293 5292/5292/5292 5291/5291/5291
f 5292/5292/5292 5294/5294/5294 5291/5291/5291
f 5291/5291/5291 5294/5294/5294 5295/5295/5295
f 5294/5294/5294 5296/5296/5296 5295/5295/5295
f 5295/5295/5295 5296/5296/5296 5297/5297/5297
f 5296/5296/5296 5298/5298/5298 5297/5297/5297
f 5301/5301/5301 5300/5300/5300 5299/5299/5299
f 5301/5301/5301 5302/5302/5302 5300/5300/5300
f 5302/5302/5302 5301/5301/5301 5303/5303/5303
f 5302/5302/5302 5304/5304/5304 5300/5300/5300
f 5300/5300/5300 5304/5304/5304 5305/5305/5305
f 5306/5306/5306 5302/5302/5302 5303/5303/5303
f 5306/5306/5306 5303/5303/5303 5307/5307/5307
f 5308/5308/5308 5306/5306/5306 5307/5307/5307
f 5309/5309/5309 5308/5308/5308 5307/5307/5307
f 5310/5310/5310 5309/5309/5309 5307/5307/5307
f 5309/5309/5309 5310/5310/5310 5311/5311/5311
f 5310/5310/5310 5312/5312/5312 5311/5311/5311
f 5311/5311/5311 5312/5312/5312 5313/5313/5313
f 5312/5312/5312 5314/5314/5314 5313/5313/5313
f 5313/5313/5313 5314/5314/5314 5315/5315/5315
f 5315/5315/5315 5314/5314/5314 5316/5316/5316
f 5317/5317/5317 5313/5313/5313 5315/5315/5315
f 5317/5317/5317 5315/5315/5315 5318/5318/5318
f 5321/5321/5321 5320/5320/5320 5319/5319/5319
f 5322/5322/5322 5321/5321/5321 5319/5319/5319
f 5325/5325/5325 5324/5324/5324 5323/5323/5323
f 5326/5326/5326 5325/5325/5325 5323/5323/5323
f 5329/5329/5329 5328/5328/5328 5327/5327/5327
f 5330/5330/5330 5329/5329/5329 5327/5327/5327
f 5333/5333/5333 5332/5332/5332 5331/5331/5331
f 5334/5334/5334 5333/5333/5333 5331/5331/5331
f 5337/5337/5337 5336/5336/5336 5335/5335/5335
f 5338/5338/5338 5337/5337/5337 5335/5335/5335
f 5341/5341/5341 5340/5340/5340 5339/5339/5339
f 5342/5342/5342 5341/5341/5341 5339/5339/5339
f 5345/5345/5345 5344/5344/5344 5343/5343/5343
f 5344/5344/5344 5346/5346/5346 5343/5343/5343
f 5343/5343/5343 5346/5346/5346 5347/5347/5347
f 5347/5347/5347 5348/5348/5348 5343/5343/5343
f 5346/5346/5346 5349/5349/5349 5347/5347/5347
f 5346/5346/5346 5350/5350/5350 5349/5349/5349
f 5347/5347/5347 5349/5349/5349 5351/5351/5351
f 5349/5349/5349 5352/5352/5352 5351/5351/5351
f 5351/5351/5351 5352/5352/5352 5353/5353/5353
f 5352/5352/5352 5354/5354/5354 5353/5353/5353
f 5357/5357/5357 5356/5356/5356 5355/5355/5355
f 5356/5356/5356 5358/5358/5358 5355/5355/5355
f 5356/5356/5356 5359/5359/5359 5358/5358/5358
f 5359/5359/5359 5360/5360/5360 5358/5358/5358
f 5359/5359/5359 5361/5361/5361 5360/5360/5360
f 5361/5361/5361 5362/5362/5362 5360/5360/5360
f 5361/5361/5361 5363/5363/5363 5362/5362/5362
f 5363/5363/5363 5364/5364/5364 5362/5362/5362
f 5363/5363/5363 5365/5365/5365 5364/5364/5364
f 5365/5365/5365 5366/5366/5366 5364/5364/5364
f 5369/5369/5369 5368/5368/5368 5367/5367/5367
f 5368/5368/5368 5370/5370/5370 5367/5367/5367
f 5367/5367/5367 5370/5370/5370 5371/5371/5371
f 5370/5370/5370 5372/5372/5372 5371/5371/5371
f 5371/5371/5371 5372/5372/5372 5373/5373/5373
f 5372/5372/5372 5374/5374/5374 5373/5373/5373
f 5373/5373/5373 5374/5374/5374 5375/5375/5375
f 5374/5374/5374 5376/5376/5376 5375/5375/5375
f 5375/5375/5375 5376/5376/5376 5377/5377/5377
f 5376/5376/5376 5378/5378/5378 5377/5377/5377
f 5381/5381/5381 5380/5380/5380 5379/5379/5379
f 5380/5380/5380 5382/5382/5382 5379/5379/5379
f 5380/5380/5380 5383/5383/5383 5382/5382/5382
f 5383/5383/5383 5384/5384/5384 5382/5382/5382
f 5383/5383/5383 5385/5385/5385 5384/5384/5384
f 5385/5385/5385 5386/5386/5386 5384/5384/5384
f 5385/5385/5385 5387/5387/5387 5386/5386/5386
f 5387/5387/5387 5388/5388/5388 5386/5386/5386
f 5387/5387/5387 5389/5389/5389 5388/5388/5388
f 5389/5389/5389 5390/5390/5390 5388/5388/5388
f 5393/5393/5393 5392/5392/5392 5391/5391/5391
f 5392/5392/5392 5394/5394/5394 5391/5391/5391
f 5392/5392/5392 5395/5395/5395 5394/5394/5394
f 5395/5395/5395 5396/5396/5396 5394/5394/5394
f 5395/5395/5395 5397/5397/5397 5396/5396/5396
f 5397/5397/5397 5398/5398/5398 5396/5396/5396
f 5397/5397/5397 5399/5399/5399 5398/5398/5398
f 5399/5399/5399 5400/5400/5400 5398/5398/5398
f 5399/5399/5399 5401/5401/5401 5400/5400/5400
f 5401/5401/5401 5402/5402/5402 5400/5400/5400
f 5405/5405/5405 5404/5404/5404 5403/5403/5403
f 5404/5404/5404 5406/5406/5406 5403/5403/5403
f 5404/5404/5404 5407/5407/5407 5406/5406/5406
f 5407/5407/5407 5408/5408/5408 5406/5406/5406
f 5407/5407/5407 5409/5409/5409 5408/5408/5408
f 5409/5409/5409 5410/5410/5410 5408/5408/5408
f 5409/5409/5409 5411/5411/5411 5410/5410/5410
f 5411/5411/5411 5412/5412/5412 5410/5410/5410
f 5411/5411/5411 5413/5413/5413 5412/5412/5412
f 5413/5413/5413 5414/5414/5414 5412/5412/5412
f 5417/5417/5417 5416/5416/5416 5415/5415/5415
f 5416/5416/5416 5418/5418/5418 5415/5415/5415
f 5416/5416/5416 5419/5419/5419 5418/5418/5418
f 5419/5419/5419 5420/5420/5420 5418/5418/5418
f 5419/5419/5419 5421/5421/5421 5420/5420/5420
f 5421/5421/5421 5422/5422/5422 5420/5420/5420
f 5421/5421/5421 5423/5423/5423 5422/5422/5422
f 5423/5423/5423 5424/5424/5424 5422/5422/5422
f 5423/5423/5423 5425/5425/5425 5424/5424/5424
f 5425/5425/5425 5426/5426/5426 5424/5424/5424
f 5429/5429/5429 5428/5428/5428 5427/5427/5427
f 5430/5430/5430 5429/5429/5429 5427/5427/5427
f 5431/5431/5431 5429/5429/5429 5430/5430/5430
f 5432/5432/5432 5431/5431/5431 5430/5430/5430
f 5433/5433/5433 5431/5431/5431 5432/5432/5432
f 5434/5434/5434 5433/5433/5433 5432/5432/5432
f 5435/5435/5435 5433/5433/5433 5434/5434/5434
f 5436/5436/5436 5435/5435/5435 5434/5434/5434
f 5437/5437/5437 5435/5435/5435 5436/5436/5436
f 5438/5438/5438 5437/5437/5437 5436/5436/5436
f 5441/5441/5441 5440/5440/5440 5439/5439/5439
f 5442/5442/5442 5441/5441/5441 5439/5439/5439
f 5443/5443/5443 5441/5441/5441 5442/5442/5442
f 5444/5444/5444 5443/5443/5443 5442/5442/5442
f 5445/5445/5445 5443/5443/5443 5444/5444/5444
f 5446/5446/5446 5445/5445/5445 5444/5444/5444
f 5447/5447/5447 5445/5445/5445 5446/5446/5446
f 5448/5448/5448 5447/5447/5447 5446/5446/5446
f 5449/5449/5449 5447/5447/5447 5448/5448/5448
f 5450/5450/5450 5449/5449/5449 5448/5448/5448
f 5453/5453/5453 5452/5452/5452 5451/5451/5451
f 5454/5454/5454 5453/5453/5453 5451/5451/5451
f 5455/5455/5455 5453/5453/5453 5454/5454/5454
f 5456/5456/5456 5455/5455/5455 5454/5454/5454
f 5457/5457/5457 5455/5455/5455 5456/5456/5456
f 5458/5458/5458 5457/5457/5457 5456/5456/5456
f 5459/5459/5459 5457/5457/5457 5458/5458/5458
f 5460/5460/5460 5459/5459/5459 5458/5458/5458
f 5461/5461/5461 5459/5459/5459 5460/5460/5460
f 5462/5462/5462 5461/5461/5461 5460/5460/5460
f 5465/5465/5465 5464/5464/5464 5463/5463/5463
f 5466/5466/5466 5465/5465/5465 5463/5463/5463
f 5467/5467/5467 5465/5465/5465 5466/5466/5466
f 5468/5468/5468 5467/5467/5467 5466/5466/5466
f 5469/5469/5469 5467/5467/5467 5468/5468/5468
f 5470/5470/5470 5469/5469/5469 5468/5468/5468
f 5471/5471/5471 5469/5469/5469 5470/5470/5470
f 5472/5472/5472 5471/5471/5471 5470/5470/5470
f 5473/5473/5473 5471/5471/5471 5472/5472/5472
f 5474/5474/5474 5473/5473/5473 5472/5472/5472
f 5477/5477/5477 5476/5476/5476 5475/5475/5475
f 5478/5478/5478 5477/5477/5477 5475/5475/5475
f 5478/5478/5478 5475/5475/5475 5479/5479/5479
f 5480/5480/5480 5478/5478/5478 5479/5479/5479
f 5480/5480/5480 5479/5479/5479 5481/5481/5481
f 5482/5482/5482 5480/5480/5480 5481/5481/5481
f 5482/5482/5482 5481/5481/5481 5483/5483/5483
f 5484/5484/5484 5482/5482/5482 5483/5483/5483
f 5484/5484/5484 5483/5483/5483 5485/5485/5485
f 5486/5486/5486 5484/5484/5484 5485/5485/5485
f 5489/5489/5489 5488/5488/5488 5487/5487/5487
f 5490/5490/5490 5489/5489/5489 5487/5487/5487
f 5491/5491/5491 5489/5489/5489 5490/5490/5490
f 5492/5492/5492 5491/5491/5491 5490/5490/5490
f 5493/5493/5493 5491/5491/5491 5492/5492/5492
f 5494/5494/5494 5493/5493/5493 5492/5492/5492
f 5495/5495/5495 5493/5493/5493 5494/5494/5494
f 5496/5496/5496 5495/5495/5495 5494/5494/5494
f 5497/5497/5497 5495/5495/5495 5496/5496/5496
f 5498/5498/5498 5497/5497/5497 5496/5496/5496
f 5501/5501/5501 5500/5500/5500 5499/5499/5499
f 5502/5502/5502 5501/5501/5501 5499/5499/5499
f 5503/5503/5503 5501/5501/5501 5502/5502/5502
f 5504/5504/5504 5503/5503/5503 5502/5502/5502
f 5505/5505/5505 5503/5503/5503 5504/5504/5504
f 5506/5506/5506 5505/5505/5505 5504/5504/5504
f 5507/5507/5507 5505/5505/5505 5506/5506/5506
f 5508/5508/5508 5507/5507/5507 5506/5506/5506
f 5509/5509/5509 5507/5507/5507 5508/5508/5508
f 5510/5510/5510 5509/5509/5509 5508/5508/5508
f 5513/5513/5513 5512/5512/5512 5511/5511/5511
f 5514/5514/5514 5513/5513/5513 5511/5511/5511
f 5515/5515/5515 5513/5513/5513 5514/5514/5514
f 5516/5516/5516 5515/5515/5515 5514/5514/5514
f 5517/5517/5517 5515/5515/5515 5516/5516/5516
f 5518/5518/5518 5517/5517/5517 5516/5516/5516
f 5519/5519/5519 5517/5517/5517 5518/5518/5518
f 5520/5520/5520 5519/5519/5519 5518/5518/5518
f 5521/5521/5521 5519/5519/5519 5520/5520/5520
f 5522/5522/5522 5521/5521/5521 5520/5520/5520
f 5525/5525/5525 5524/5524/5524 5523/5523/5523
f 5526/5526/5526 5525/5525/5525 5523/5523/5523
f 5527/5527/5527 5525/5525/5525 5526/5526/5526
f 5528/5528/5528 5527/5527/5527 5526/5526/5526
f 5529/5529/5529 5527/5527/5527 5528/5528/5528
f 5530/5530/5530 5529/5529/5529 5528/5528/5528
f 5531/5531/5531 5529/5529/5529 5530/5530/5530
f 5532/5532/5532 5531/5531/5531 5530/5530/5530
f 5533/5533/5533 5531/5531/5531 5532/5532/5532
f 5534/5534/5534 5533/5533/5533 5532/5532/5532
f 5537/5537/5537 5536/5536/5536 5535/5535/5535
f 5536/5536/5536 5538/5538/5538 5535/5535/5535
f 5536/5536/5536 5539/5539/5539 5538/5538/5538
f 5539/5539/5539 5540/5540/5540 5538/5538/5538
f 5539/5539/5539 5541/5541/5541 5540/5540/5540
f 5541/5541/5541 5542/5542/5542 5540/5540/5540
f 5541/5541/5541 5543/5543/5543 5542/5542/5542
f 5543/5543/5543 5544/5544/5544 5542/5542/5542
f 5543/5543/5543 5545/5545/5545 5544/5544/5544
f 5545/5545/5545 5546/5546/5546 5544/5544/5544
f 5549/5549/5549 5548/5548/5548 5547/5547/5547
f 5548/5548/5548 5550/5550/5550 5547/5547/5547
f 5548/5548/5548 5551/5551/5551 5550/5550/5550
f 5551/5551/5551 5552/5552/5552 5550/5550/5550
f 5551/5551/5551 5553/5553/5553 5552/5552/5552
f 5553/5553/5553 5554/5554/5554 5552/5552/5552
f 5553/5553/5553 5555/5555/5555 5554/5554/5554
f 5555/5555/5555 5556/5556/5556 5554/5554/5554
f 5555/5555/5555 5557/5557/5557 5556/5556/5556
f 5557/5557/5557 5558/5558/5558 5556/5556/5556
f 5561/5561/5561 5560/5560/5560 5559/5559/5559
f 5560/5560/5560 5562/5562/5562 5559/5559/5559
f 5560/5560/5560 5563/5563/5563 5562/5562/5562
f 5563/5563/5563 5564/5564/5564 5562/5562/5562
f 5563/5563/5563 5565/5565/5565 5564/5564/5564
f 5565/5565/5565 5566/5566/5566 5564/5564/5564
f 5565/5565/5565 5567/5567/5567 5566/5566/5566
f 5567/5567/5567 5568/5568/5568 5566/5566/5566
f 5567/5567/5567 5569/5569/5569 5568/5568/5568
f 5569/5569/5569 5570/5570/5570 5568/5568/5568
f 5573/5573/5573 5572/5572/5572 5571/5571/5571
f 5574/5574/5574 5573/5573/5573 5571/5571/5571
f 5575/5575/5575 5573/5573/5573 5574/5574/5574
f 5576/5576/5576 5575/5575/5575 5574/5574/5574
f 5577/5577/5577 5575/5575/5575 5576/5576/5576
f 5578/5578/5578 5577/5577/5577 5576/5576/5576
f 5579/5579/5579 5577/5577/5577 5578/5578/5578
f 5580/5580/5580 5579/5579/5579 5578/5578/5578
f 5581/5581/5581 5579/5579/5579 5580/5580/5580
f 5582/5582/5582 5581/5581/5581 5580/5580/5580
f 5585/5585/5585 5584/5584/5584 5583/5583/5583
f 5586/5586/5586 5585/5585/5585 5583/5583/5583
f 5586/5586/5586 5583/5583/5583 5587/5587/5587
f 5588/5588/5588 5586/5586/5586 5587/5587/5587
f 5588/5588/5588 5587/5587/5587 5589/5589/5589
f 5590/5590/5590 5588/5588/5588 5589/5589/5589
f 5590/5590/5590 5589/5589/5589 5591/5591/5591
f 5592/5592/5592 5590/5590/5590 5591/5591/5591
f 5592/5592/5592 5591/5591/5591 5593/5593/5593
f 5594/5594/5594 5592/5592/5592 5593/5593/5593
f 5597/5597/5597 5596/5596/5596 5595/5595/5595
f 5598/5598/5598 5597/5597/5597 5595/5595/5595
f 5599/5599/5599 5597/5597/5597 5598/5598/5598
f 5600/5600/5600 5599/5599/5599 5598/5598/5598
f 5601/5601/5601 5599/5599/5599 5600/5600/5600
f 5602/5602/5602 5601/5601/5601 5600/5600/5600
f 5603/5603/5603 5601/5601/5601 5602/5602/5602
f 5604/5604/5604 5603/5603/5603 5602/5602/5602
f 5605/5605/5605 5603/5603/5603 5604/5604/5604
f 5606/5606/5606 5605/5605/5605 5604/5604/5604
f 5609/5609/5609 5608/5608/5608 5607/5607/5607
f 5610/5610/5610 5609/5609/5609 5607/5607/5607
f 5611/5611/5611 5609/5609/5609 5610/5610/5610
f 5612/5612/5612 5611/5611/5611 5610/5610/5610
f 5613/5613/5613 5611/5611/5611 5612/5612/5612
f 5614/5614/5614 5613/5613/5613 5612/5612/5612
f 5615/5615/5615 5613/5613/5613 5614/5614/5614
f 5616/5616/5616 5615/5615/5615 5614/5614/5614
f 5617/5617/5617 5615/5615/5615 5616/5616/5616
f 5618/5618/5618 5617/5617/5617 5616/5616/5616
f 5621/5621/5621 5620/5620/5620 5619/5619/5619
f 5622/5622/5622 5621/5621/5621 5619/5619/5619
f 5623/5623/5623 5621/5621/5621 5622/5622/5622
f 5624/5624/5624 5623/5623/5623 5622/5622/5622
f 5625/5625/5625 5623/5623/5623 5624/5624/5624
f 5626/5626/5626 5625/5625/5625 5624/5624/5624
f 5627/5627/5627 5625/5625/5625 5626/5626/5626
f 5628/5628/5628 5627/5627/5627 5626/5626/5626
f 5629/5629/5629 5627/5627/5627 5628/5628/5628
f 5630/5630/5630 5629/5629/5629 5628/5628/5628
f 5633/5633/5633 5632/5632/5632 5631/5631/5631
f 5634/5634/5634 5633/5633/5633 5631/5631/5631
f 5635/5635/5635 5633/5633/5633 5634/5634/5634
f 5636/5636/5636 5635/5635/5635 5634/5634/5634
f 5637/5637/5637 5635/5635/5635 5636/5636/5636
f 5638/5638/5638 5637/5637/5637 5636/5636/5636
f 5639/5639/5639 5637/5637/5637 5638/5638/5638
f 5640/5640/5640 5639/5639/5639 5638/5638/5638
f 5641/5641/5641 5639/5639/5639 5640/5640/5640
f 5642/5642/5642 5641/5641/5641 5640/5640/5640
f 5645/5645/5645 5644/5644/5644 5643/5643/5643
f 5644/5644/5644 5646/5646/5646 5643/5643/5643
f 5644/5644/5644 5647/5647/5647 5646/5646/5646
f 5647/5647/5647 5648/5648/5648 5646/5646/5646
f 5647/5647/5647 5649/5649/5649 5648/5648/5648
f 5649/5649/5649 5650/5650/5650 5648/5648/5648
f 5649/5649/5649 5651/5651/5651 5650/5650/5650
f 5651/5651/5651 5652/5652/5652 5650/5650/5650
f 5651/5651/5651 5653/5653/5653 5652/5652/5652
f 5653/5653/5653 5654/5654/5654 5652/5652/5652
f 5657/5657/5657 5656/5656/5656 5655/5655/5655
f 5656/5656/5656 5658/5658/5658 5655/5655/5655
f 5656/5656/5656 5659/5659/5659 5658/5658/5658
f 5659/5659/5659 5660/5660/5660 5658/5658/5658
f 5659/5659/5659 5661/5661/5661 5660/5660/5660
f 5661/5661/5661 5662/5662/5662 5660/5660/5660
f 5661/5661/5661 5663/5663/5663 5662/5662/5662
f 5663/5663/5663 5664/5664/5664 5662/5662/5662
f 5663/5663/5663 5665/5665/5665 5664/5664/5664
f 5665/5665/5665 5666/5666/5666 5664/5664/5664
f 5669/5669/5669 5668/5668/5668 5667/5667/5667
f 5668/5668/5668 5670/5670/5670 5667/5667/5667
f 5668/5668/5668 5671/5671/5671 5670/5670/5670
f 5671/5671/5671 5672/5672/5672 5670/5670/5670
f 5671/5671/5671 5673/5673/5673 5672/5672/5672
f 5673/5673/5673 5674/5674/5674 5672/5672/5672
f 5673/5673/5673 5675/5675/5675 5674/5674/5674
f 5675/5675/5675 5676/5676/5676 5674/5674/5674
f 5675/5675/5675 5677/5677/5677 5676/5676/5676
f 5677/5677/5677 5678/5678/5678 5676/5676/5676
f 5681/5681/5681 5680/5680/5680 5679/5679/5679
f 5680/5680/5680 5682/5682/5682 5679/5679/5679
f 5680/5680/5680 5683/5683/5683 5682/5682/5682
f 5683/5683/5683 5684/5684/5684 5682/5682/5682
f 5683/5683/5683 5685/5685/5685 5684/5684/5684
f 5685/5685/5685 5686/5686/5686 5684/5684/5684
f 5685/5685/5685 5687/5687/5687 5686/5686/5686
f 5687/5687/5687 5688/5688/5688 5686/5686/5686
f 5687/5687/5687 5689/5689/5689 5688/5688/5688
f 5689/5689/5689 5690/5690/5690 5688/5688/5688
f 5693/5693/5693 5692/5692/5692 5691/5691/5691
f 5692/5692/5692 5694/5694/5694 5691/5691/5691
f 5691/5691/5691 5694/5694/5694 5695/5695/5695
f 5694/5694/5694 5696/5696/5696 5695/5695/5695
f 5695/5695/5695 5696/5696/5696 5697/5697/5697
f 5696/5696/5696 5698/5698/5698 5697/5697/5697
f 5697/5697/5697 5698/5698/5698 5699/5699/5699
f 5698/5698/5698 5700/5700/5700 5699/5699/5699
f 5699/5699/5699 5700/5700/5700 5701/5701/5701
f 5700/5700/5700 5702/5702/5702 5701/5701/5701
f 5705/5705/5705 5704/5704/5704 5703/5703/5703
f 5704/5704/5704 5706/5706/5706 5703/5703/5703
f 5704/5704/5704 5707/5707/5707 5706/5706/5706
f 5707/5707/5707 5708/5708/5708 5706/5706/5706
f 5707/5707/5707 5709/5709/5709 5708/5708/5708
f 5709/5709/5709 5710/5710/5710 5708/5708/5708
f 5709/5709/5709 5711/5711/5711 5710/5710/5710
f 5711/5711/5711 5712/5712/5712 5710/5710/5710
f 5711/5711/5711 5713/5713/5713 5712/5712/5712
f 5713/5713/5713 5714/5714/5714 5712/5712/5712
f 5717/5717/5717 5716/5716/5716 5715/5715/5715
f 5716/5716/5716 5718/5718/5718 5715/5715/5715
f 5716/5716/5716 5719/5719/5719 5718/5718/5718
f 5719/5719/5719 5720/5720/5720 5718/5718/5718
f 5719/5719/5719 5721/5721/5721 5720/5720/5720
f 5721/5721/5721 5722/5722/5722 5720/5720/5720
f 5721/5721/5721 5723/5723/5723 5722/5722/5722
f 5723/5723/5723 5724/5724/5724 5722/5722/5722
f 5723/5723/5723 5725/5725/5725 5724/5724/5724
f 5725/5725/5725 5726/5726/5726 5724/5724/5724
f 5729/5729/5729 5728/5728/5728 5727/5727/5727
f 5728/5728/5728 5730/5730/5730 5727/5727/5727
f 5728/5728/5728 5731/5731/5731 5730/5730/5730
f 5731/5731/5731 5732/5732/5732 5730/5730/5730
f 5731/5731/5731 5733/5733/5733 5732/5732/5732
f 5733/5733/5733 5734/5734/5734 5732/5732/5732
f 5733/5733/5733 5735/5735/5735 5734/5734/5734
f 5735/5735/5735 5736/5736/5736 5734/5734/5734
f 5735/5735/5735 5737/5737/5737 5736/5736/5736
f 5737/5737/5737 5738/5738/5738 5736/5736/5736
f 5741/5741/5741 5740/5740/5740 5739/5739/5739
f 5740/5740/5740 5742/5742/5742 5739/5739/5739
f 5740/5740/5740 5743/5743/5743 5742/5742/5742
f 5743/5743/5743 5744/5744/5744 5742/5742/5742
f 5743/5743/5743 5745/5745/5745 5744/5744/5744
f 5745/5745/5745 5746/5746/5746 5744/5744/5744
f 5745/5745/5745 5747/5747/5747 5746/5746/5746
f 5747/5747/5747 5748/5748/5748 5746/5746/5746
f 5747/5747/5747 5749/5749/5749 5748/5748/5748
f 5749/5749/5749 5750/5750/5750 5748/5748/5748
f 5753/5753/5753 5752/5752/5752 5751/5751/5751
f 5754/5754/5754 5753/5753/5753 5751/5751/5751
f 5755/5755/5755 5753/5753/5753 5754/5754/5754
f 5756/5756/5756 5755/5755/5755 5754/5754/5754
f 5757/5757/5757 5755/5755/5755 5756/5756/5756
f 5758/5758/5758 5757/5757/5757 5756/5756/5756
f 5759/5759/5759 5757/5757/5757 5758/5758/5758
f 5760/5760/5760 5759/5759/5759 5758/5758/5758
f 5761/5761/5761 5759/5759/5759 5760/5760/5760
f 5762/5762/5762 5761/5761/5761 5760/5760/5760
f 5765/5765/5765 5764/5764/5764 5763/5763/5763
f 5766/5766/5766 5765/5765/5765 5763/5763/5763
f 5767/5767/5767 5765/5765/5765 5766/5766/5766
f 5768/5768/5768 5767/5767/5767 5766/5766/5766
f 5769/5769/5769 5767/5767/5767 5768/5768/5768
f 5770/5770/5770 5769/5769/5769 5768/5768/5768
f 5771/5771/5771 5769/5769/5769 5770/5770/5770
f 5772/5772/5772 5771/5771/5771 5770/5770/5770
f 5773/5773/5773 5771/5771/5771 5772/5772/5772
f 5774/5774/5774 5773/5773/5773 5772/5772/5772
f 5777/5777/5777 5776/5776/5776 5775/5775/5775
f 5778/5778/5778 5777/5777/5777 5775/5775/5775
f 5779/5779/5779 5777/5777/5777 5778/5778/5778
f 5780/5780/5780 5779/5779/5779 5778/5778/5778
f 5781/5781/5781 5779/5779/5779 5780/5780/5780
f 5782/5782/5782 5781/5781/5781 5780/5780/5780
f 5783/5783/5783 5781/5781/5781 5782/5782/5782
f 5784/5784/5784 5783/5783/5783 5782/5782/5782
f 5785/5785/5785 5783/5783/5783 5784/5784/5784
f 5786/5786/5786 5785/5785/5785 5784/5784/5784
f 5789/5789/5789 5788/5788/5788 5787/5787/5787
f 5788/5788/5788 5790/5790/5790 5787/5787/5787
f 5790/5790/5790 5788/5788/5788 5791/5791/5791
f 5792/5792/5792 5790/5790/5790 5791/5791/5791
f 5792/5792/5792 5791/5791/5791 5793/5793/5793
f 5794/5794/5794 5792/5792/5792 5793/5793/5793
f 5797/5797/5797 5796/5796/5796 5795/5795/5795
f 5796/5796/5796 5798/5798/5798 5795/5795/5795
f 5795/5795/5795 5798/5798/5798 5799/5799/5799
f 5798/5798/5798 5800/5800/5800 5799/5799/5799
f 5799/5799/5799 5800/5800/5800 5801/5801/5801
f 5800/5800/5800 5802/5802/5802 5801/5801/5801
f 5805/5805/5805 5804/5804/5804 5803/5803/5803
f 5805/5805/5805 5803/5803/5803 5806/5806/5806
f 5807/5807/5807 5805/5805/5805 5806/5806/5806
f 5807/5807/5807 5806/5806/5806 5808/5808/5808
f 5806/5806/5806 5809/5809/5809 5808/5808/5808
f 5812/5812/5812 5811/5811/5811 5810/5810/5810
f 5813/5813/5813 5811/5811/5811 5812/5812/5812
f 5814/5814/5814 5813/5813/5813 5812/5812/5812
f 5813/5813/5813 5814/5814/5814 5815/5815/5815
f 5814/5814/5814 5816/5816/5816 5815/5815/5815
f 5819/5819/5819 5818/5818/5818 5817/5817/5817
f 5818/5818/5818 5820/5820/5820 5817/5817/5817
f 5820/5820/5820 5818/5818/5818 5821/5821/5821
f 5822/5822/5822 5820/5820/5820 5821/5821/5821
f 5822/5822/5822 5821/5821/5821 5823/5823/5823
f 5824/5824/5824 5822/5822/5822 5823/5823/5823
f 5827/5827/5827 5826/5826/5826 5825/5825/5825
f 5826/5826/5826 5828/5828/5828 5825/5825/5825
f 5825/5825/5825 5828/5828/5828 5829/5829/5829
f 5828/5828/5828 5830/5830/5830 5829/5829/5829
f 5829/5829/5829 5830/5830/5830 5831/5831/5831
f 5830/5830/5830 5832/5832/5832 5831/5831/5831
f 5835/5835/5835 5834/5834/5834 5833/5833/5833
f 5835/5835/5835 5833/5833/5833 5836/5836/5836
f 5837/5837/5837 5835/5835/5835 5836/5836/5836
f 5837/5837/5837 5836/5836/5836 5838/5838/5838
f 5836/5836/5836 5839/5839/5839 5838/5838/5838
f 5842/5842/5842 5841/5841/5841 5840/5840/5840
f 5843/5843/5843 5841/5841/5841 5842/5842/5842
f 5844/5844/5844 5843/5843/5843 5842/5842/5842
f 5843/5843/5843 5844/5844/5844 5845/5845/5845
f 5844/5844/5844 5846/5846/5846 5845/5845/5845
f 5849/5849/5849 5848/5848/5848 5847/5847/5847
f 5848/5848/5848 5850/5850/5850 5847/5847/5847
f 5850/5850/5850 5848/5848/5848 5851/5851/5851
f 5852/5852/5852 5850/5850/5850 5851/5851/5851
f 5852/5852/5852 5851/5851/5851 5853/5853/5853
f 5854/5854/5854 5852/5852/5852 5853/5853/5853
f 5857/5857/5857 5856/5856/5856 5855/5855/5855
f 5856/5856/5856 5858/5858/5858 5855/5855/5855
f 5855/5855/5855 5858/5858/5858 5859/5859/5859
f 5858/5858/5858 5860/5860/5860 5859/5859/5859
f 5859/5859/5859 5860/5860/5860 5861/5861/5861
f 5860/5860/5860 5862/5862/5862 5861/5861/5861
f 5865/5865/5865 5864/5864/5864 5863/5863/5863
f 5865/5865/5865 5863/5863/5863 5866/5866/5866
f 5867/5867/5867 5865/5865/5865 5866/5866/5866
f 5867/5867/5867 5866/5866/5866 5868/5868/5868
f 5866/5866/5866 5869/5869/5869 5868/5868/5868
f 5872/5872/5872 5871/5871/5871 5870/5870/5870
f 5873/5873/5873 5871/5871/5871 5872/5872/5872
f 5874/5874/5874 5873/5873/5873 5872/5872/5872
f 5873/5873/5873 5874/5874/5874 5875/5875/5875
f 5874/5874/5874 5876/5876/5876 5875/5875/5875
f 5879/5879/5879 5878/5878/5878 5877/5877/5877
f 5878/5878/5878 5880/5880/5880 5877/5877/5877
f 5880/5880/5880 5878/5878/5878 5881/5881/5881
f 5882/5882/5882 5880/5880/5880 5881/5881/5881
f 5882/5882/5882 5881/5881/5881 5883/5883/5883
f 5884/5884/5884 5882/5882/5882 5883/5883/5883
f 5887/5887/5887 5886/5886/5886 5885/5885/5885
f 5886/5886/5886 5888/5888/5888 5885/5885/5885
f 5885/5885/5885 5888/5888/5888 5889/5889/5889
f 5888/5888/5888 5890/5890/5890 5889/5889/5889
f 5889/5889/5889 5890/5890/5890 5891/5891/5891
f 5890/5890/5890 5892/5892/5892 5891/5891/5891
f 5895/5895/5895 5894/5894/5894 5893/5893/5893
f 5895/5895/5895 5893/5893/5893 5896/5896/5896
f 5897/5897/5897 5895/5895/5895 5896/5896/5896
f 5897/5897/5897 5896/5896/5896 5898/5898/5898
f 5896/5896/5896 5899/5899/5899 5898/5898/5898
f 5902/5902/5902 5901/5901/5901 5900/5900/5900
f 5903/5903/5903 5901/5901/5901 5902/5902/5902
f 5904/5904/5904 5903/5903/5903 5902/5902/5902
f 5903/5903/5903 5904/5904/5904 5905/5905/5905
f 5904/5904/5904 5906/5906/5906 5905/5905/5905
f 5909/5909/5909 5908/5908/5908 5907/5907/5907
f 5908/5908/5908 5910/5910/5910 5907/5907/5907
f 5910/5910/5910 5908/5908/5908 5911/5911/5911
f 5912/5912/5912 5910/5910/5910 5911/5911/5911
f 5912/5912/5912 5911/5911/5911 5913/5913/5913
f 5914/5914/5914 5912/5912/5912 5913/5913/5913
f 5917/5917/5917 5916/5916/5916 5915/5915/5915
f 5916/5916/5916 5918/5918/5918 5915/5915/5915
f 5915/5915/5915 5918/5918/5918 5919/5919/5919
f 5918/5918/5918 5920/5920/5920 5919/5919/5919
f 5919/5919/5919 5920/5920/5920 5921/5921/5921
f 5920/5920/5920 5922/5922/5922 5921/5921/5921
f 5925/5925/5925 5924/5924/5924 5923/5923/5923
f 5925/5925/5925 5923/5923/5923 5926/5926/5926
f 5927/5927/5927 5925/5925/5925 5926/5926/5926
f 5927/5927/5927 5926/5926/5926 5928/5928/5928
f 5926/5926/5926 5929/5929/5929 5928/5928/5928
f 5932/5932/5932 5931/5931/5931 5930/5930/5930
f 5933/5933/5933 5931/5931/5931 5932/5932/5932
f 5934/5934/5934 5933/5933/5933 5932/5932/5932
f 5933/5933/5933 5934/5934/5934 5935/5935/5935
f 5934/5934/5934 5936/5936/5936 5935/5935/5935
f 5939/5939/5939 5938/5938/5938 5937/5937/5937
f 5938/5938/5938 5940/5940/5940 5937/5937/5937
f 5940/5940/5940 5938/5938/5938 5941/5941/5941
f 5942/5942/5942 5940/5940/5940 5941/5941/5941
f 5942/5942/5942 5941/5941/5941 5943/5943/5943
f 5944/5944/5944 5942/5942/5942 5943/5943/5943
f 5947/5947/5947 5946/5946/5946 5945/5945/5945
f 5946/5946/5946 5948/5948/5948 5945/5945/5945
f 5945/5945/5945 5948/5948/5948 5949/5949/5949
f 5948/5948/5948 5950/5950/5950 5949/5949/5949
f 5949/5949/5949 5950/5950/5950 5951/5951/5951
f 5950/5950/5950 5952/5952/5952 5951/5951/5951
f 5955/5955/5955 5954/5954/5954 5953/5953/5953
f 5955/5955/5955 5953/5953/5953 5956/5956/5956
f 5957/5957/5957 5955/5955/5955 5956/5956/5956
f 5957/5957/5957 5956/5956/5956 5958/5958/5958
f 5956/5956/5956 5959/5959/5959 5958/5958/5958
f 5962/5962/5962 5961/5961/5961 5960/5960/5960
f 5963/5963/5963 5961/5961/5961 5962/5962/5962
f 5964/5964/5964 5963/5963/5963 5962/5962/5962
f 5963/5963/5963 5964/5964/5964 5965/5965/5965
f 5964/5964/5964 5966/5966/5966 5965/5965/5965
f 5969/5969/5969 5968/5968/5968 5967/5967/5967
f 5968/5968/5968 5970/5970/5970 5967/5967/5967
f 5970/5970/5970 5968/5968/5968 5971/5971/5971
f 5972/5972/5972 5970/5970/5970 5971/5971/5971
f 5972/5972/5972 5971/5971/5971 5973/5973/5973
f 5974/5974/5974 5972/5972/5972 5973/5973/5973
f 5977/5977/5977 5976/5976/5976 5975/5975/5975
f 5976/5976/5976 5978/5978/5978 5975/5975/5975
f 5975/5975/5975 5978/5978/5978 5979/5979/5979
f 5978/5978/5978 5980/5980/5980 5979/5979/5979
f 5979/5979/5979 5980/5980/5980 5981/5981/5981
f 5980/5980/5980 5982/5982/5982 5981/5981/5981
f 5985/5985/5985 5984/5984/5984 5983/5983/5983
f 5985/5985/5985 5983/5983/5983 5986/5986/5986
f 5987/5987/5987 5985/5985/5985 5986/5986/5986
f 5987/5987/5987 5986/5986/5986 5988/5988/5988
f 5986/5986/5986 5989/5989/5989 5988/5988/5988
f 5992/5992/5992 5991/5991/5991 5990/5990/5990
f 5993/5993/5993 5991/5991/5991 5992/5992/5992
f 5994/5994/5994 5993/5993/5993 5992/5992/5992
f 5993/5993/5993 5994/5994/5994 5995/5995/5995
f 5994/5994/5994 5996/5996/5996 5995/5995/5995
f 5999/5999/5999 5998/5998/5998 5997/5997/5997
f 5998/5998/5998 6000/6000/6000 5997/5997/5997
f 6000/6000/6000 5998/5998/5998 6001/6001/6001
f 6002/6002/6002 6000/6000/6000 6001/6001/6001
f 6002/6002/6002 6001/6001/6001 6003/6003/6003
f 6004/6004/6004 6002/6002/6002 6003/6003/6003
f 6007/6007/6007 6006/6006/6006 6005/6005/6005
f 6006/6006/6006 6008/6008/6008 6005/6005/6005
f 6005/6005/6005 6008/6008/6008 6009/6009/6009
f 6008/6008/6008 6010/6010/6010 6009/6009/6009
f 6009/6009/6009 6010/6010/6010 6011/6011/6011
f 6010/6010/6010 6012/6012/6012 6011/6011/6011
f 6015/6015/6015 6014/6014/6014 6013/6013/6013
f 6015/6015/6015 6013/6013/6013 6016/6016/6016
f 6017/6017/6017 6015/6015/6015 6016/6016/6016
f 6017/6017/6017 6016/6016/6016 6018/6018/6018
f 6016/6016/6016 6019/6019/6019 6018/6018/6018
f 6022/6022/6022 6021/6021/6021 6020/6020/6020
f 6023/6023/6023 6021/6021/6021 6022/6022/6022
f 6024/6024/6024 6023/6023/6023 6022/6022/6022
f 6023/6023/6023 6024/6024/6024 6025/6025/6025
f 6024/6024/6024 6026/6026/6026 6025/6025/6025
f 6029/6029/6029 6028/6028/6028 6027/6027/6027
f 6028/6028/6028 6030/6030/6030 6027/6027/6027
f 6030/6030/6030 6028/6028/6028 6031/6031/6031
f 6032/6032/6032 6030/6030/6030 6031/6031/6031
f 6032/6032/6032 6031/6031/6031 6033/6033/6033
f 6034/6034/6034 6032/6032/6032 6033/6033/6033
f 6037/6037/6037 6036/6036/6036 6035/6035/6035
f 6036/6036/6036 6038/6038/6038 6035/6035/6035
f 6035/6035/6035 6038/6038/6038 6039/6039/6039
f 6038/6038/6038 6040/6040/6040 6039/6039/6039
f 6039/6039/6039 6040/6040/6040 6041/6041/6041
f 6040/6040/6040 6042/6042/6042 6041/6041/6041
f 6045/6045/6045 6044/6044/6044 6043/6043/6043
f 6045/6045/6045 6043/6043/6043 6046/6046/6046
f 6047/6047/6047 6045/6045/6045 6046/6046/6046
f 6047/6047/6047 6046/6046/6046 6048/6048/6048
f 6046/6046/6046 6049/6049/6049 6048/6048/6048
f 6052/6052/6052 6051/6051/6051 6050/6050/6050
f 6053/6053/6053 6051/6051/6051 6052/6052/6052
f 6054/6054/6054 6053/6053/6053 6052/6052/6052
f 6053/6053/6053 6054/6054/6054 6055/6055/6055
f 6054/6054/6054 6056/6056/6056 6055/6055/6055
f 6059/6059/6059 6058/6058/6058 6057/6057/6057
f 6058/6058/6058 6060/6060/6060 6057/6057/6057
f 6060/6060/6060 6058/6058/6058 6061/6061/6061
f 6062/6062/6062 6060/6060/6060 6061/6061/6061
f 6062/6062/6062 6061/6061/6061 6063/6063/6063
f 6064/6064/6064 6062/6062/6062 6063/6063/6063
f 6067/6067/6067 6066/6066/6066 6065/6065/6065
f 6066/6066/6066 6068/6068/6068 6065/6065/6065
f 6065/6065/6065 6068/6068/6068 6069/6069/6069
f 6068/6068/6068 6070/6070/6070 6069/6069/6069
f 6069/6069/6069 6070/6070/6070 6071/6071/6071
f 6070/6070/6070 6072/6072/6072 6071/6071/6071
f 6075/6075/6075 6074/6074/6074 6073/6073/6073
f 6075/6075/6075 6073/6073/6073 6076/6076/6076
f 6077/6077/6077 6075/6075/6075 6076/6076/6076
f 6077/6077/6077 6076/6076/6076 6078/6078/6078
f 6076/6076/6076 6079/6079/6079 6078/6078/6078
f 6082/6082/6082 6081/6081/6081 6080/6080/6080
f 6083/6083/6083 6081/6081/6081 6082/6082/6082
f 6084/6084/6084 6083/6083/6083 6082/6082/6082
f 6083/6083/6083 6084/6084/6084 6085/6085/6085
f 6084/6084/6084 6086/6086/6086 6085/6085/6085
f 6089/6089/6089 6088/6088/6088 6087/6087/6087
f 6088/6088/6088 6090/6090/6090 6087/6087/6087
f 6090/6090/6090 6088/6088/6088 6091/6091/6091
f 6092/6092/6092 6090/6090/6090 6091/6091/6091
f 6092/6092/6092 6091/6091/6091 6093/6093/6093
f 6094/6094/6094 6092/6092/6092 6093/6093/6093
f 6097/6097/6097 6096/6096/6096 6095/6095/6095
f 6096/6096/6096 6098/6098/6098 6095/6095/6095
f 6095/6095/6095 6098/6098/6098 6099/6099/6099
f 6098/6098/6098 6100/6100/6100 6099/6099/6099
f 6099/6099/6099 6100/6100/6100 6101/6101/6101
f 6100/6100/6100 6102/6102/6102 6101/6101/6101
f 6105/6105/6105 6104/6104/6104 6103/6103/6103
f 6105/6105/6105 6103/6103/6103 6106/6106/6106
f 6107/6107/6107 6105/6105/6105 6106/6106/6106
f 6107/6107/6107 6106/6106/6106 6108/6108/6108
f 6106/6106/6106 6109/6109/6109 6108/6108/6108
f 6112/6112/6112 6111/6111/6111 6110/6110/6110
f 6113/6113/6113 6111/6111/6111 6112/6112/6112
f 6114/6114/6114 6113/6113/6113 6112/6112/6112
f 6113/6113/6113 6114/6114/6114 6115/6115/6115
f 6114/6114/6114 6116/6116/6116 6115/6115/6115
f 6119/6119/6119 6118/6118/6118 6117/6117/6117
f 6118/6118/6118 6120/6120/6120 6117/6117/6117
f 6120/6120/6120 6118/6118/6118 6121/6121/6121
f 6122/6122/6122 6120/6120/6120 6121/6121/6121
f 6122/6122/6122 6121/6121/6121 6123/6123/6123
f 6124/6124/6124 6122/6122/6122 6123/6123/6123
f 6127/6127/6127 6126/6126/6126 6125/6125/6125
f 6126/6126/6126 6128/6128/6128 6125/6125/6125
f 6125/6125/6125 6128/6128/6128 6129/6129/6129
f 6128/6128/6128 6130/6130/6130 6129/6129/6129
f 6129/6129/6129 6130/6130/6130 6131/6131/6131
f 6130/6130/6130 6132/6132/6132 6131/6131/6131
f 6135/6135/6135 6134/6134/6134 6133/6133/6133
f 6135/6135/6135 6133/6133/6133 6136/6136/6136
f 6137/6137/6137 6135/6135/6135 6136/6136/6136
f 6137/6137/6137 6136/6136/6136 6138/6138/6138
f 6136/6136/6136 6139/6139/6139 6138/6138/6138
f 6142/6142/6142 6141/6141/6141 6140/6140/6140
f 6143/6143/6143 6141/6141/6141 6142/6142/6142
f 6144/6144/6144 6143/6143/6143 6142/6142/6142
f 6143/6143/6143 6144/6144/6144 6145/6145/6145
f 6144/6144/6144 6146/6146/6146 6145/6145/6145
f 6149/6149/6149 6148/6148/6148 6147/6147/6147
f 6148/6148/6148 6150/6150/6150 6147/6147/6147
f 6150/6150/6150 6148/6148/6148 6151/6151/6151
f 6152/6152/6152 6150/6150/6150 6151/6151/6151
f 6152/6152/6152 6151/6151/6151 6153/6153/6153
f 6154/6154/6154 6152/6152/6152 6153/6153/6153
f 6157/6157/6157 6156/6156/6156 6155/6155/6155
f 6156/6156/6156 6158/6158/6158 6155/6155/6155
f 6155/6155/6155 6158/6158/6158 6159/6159/6159
f 6158/6158/6158 6160/6160/6160 6159/6159/6159
f 6159/6159/6159 6160/6160/6160 6161/6161/6161
f 6160/6160/6160 6162/6162/6162 6161/6161/6161
f 6165/6165/6165 6164/6164/6164 6163/6163/6163
f 6165/6165/6165 6163/6163/6163 6166/6166/6166
f 6167/6167/6167 6165/6165/6165 6166/6166/6166
f 6167/6167/6167 6166/6166/6166 6168/6168/6168
f 6166/6166/6166 6169/6169/6169 6168/6168/6168
f 6172/6172/6172 6171/6171/6171 6170/6170/6170
f 6173/6173/6173 6171/6171/6171 6172/6172/6172
f 6174/6174/6174 6173/6173/6173 6172/6172/6172
f 6173/6173/6173 6174/6174/6174 6175/6175/6175
f 6174/6174/6174 6176/6176/6176 6175/6175/6175
f 6179/6179/6179 6178/6178/6178 6177/6177/6177
f 6180/6180/6180 6179/6179/6179 6177/6177/6177
f 6180/6180/6180 6181/6181/6181 6179/6179/6179
f 6181/6181/6181 6182/6182/6182 6179/6179/6179
f 6181/6181/6181 6183/6183/6183 6182/6182/6182
f 6183/6183/6183 6184/6184/6184 6182/6182/6182
f 6183/6183/6183 6185/6185/6185 6184/6184/6184
f 6185/6185/6185 6186/6186/6186 6184/6184/6184
f 6185/6185/6185 6187/6187/6187 6186/6186/6186
f 6187/6187/6187 6188/6188/6188 6186/6186/6186
f 6188/6188/6188 6187/6187/6187 6189/6189/6189
f 6187/6187/6187 6190/6190/6190 6189/6189/6189
f 6193/6193/6193 6192/6192/6192 6191/6191/6191
f 6192/6192/6192 6194/6194/6194 6191/6191/6191
f 6191/6191/6191 6194/6194/6194 6195/6195/6195
f 6194/6194/6194 6196/6196/6196 6195/6195/6195
f 6195/6195/6195 6196/6196/6196 6197/6197/6197
f 6196/6196/6196 6198/6198/6198 6197/6197/6197
f 6198/6198/6198 6199/6199/6199 6197/6197/6197
f 6199/6199/6199 6200/6200/6200 6197/6197/6197
f 6199/6199/6199 6201/6201/6201 6200/6200/6200
f 6201/6201/6201 6202/6202/6202 6200/6200/6200
f 6201/6201/6201 6203/6203/6203 6202/6202/6202
f 6203/6203/6203 6204/6204/6204 6202/6202/6202
f 6207/6207/6207 6206/6206/6206 6205/6205/6205
f 6208/6208/6208 6207/6207/6207 6205/6205/6205
f 6209/6209/6209 6207/6207/6207 6208/6208/6208
f 6210/6210/6210 6209/6209/6209 6208/6208/6208
f 6211/6211/6211 6209/6209/6209 6210/6210/6210
f 6212/6212/6212 6211/6211/6211 6210/6210/6210
f 6213/6213/6213 6211/6211/6211 6212/6212/6212
f 6214/6214/6214 6213/6213/6213 6212/6212/6212
f 6215/6215/6215 6213/6213/6213 6214/6214/6214
f 6216/6216/6216 6215/6215/6215 6214/6214/6214
f 6217/6217/6217 6215/6215/6215 6216/6216/6216
f 6218/6218/6218 6217/6217/6217 6216/6216/6216
f 6221/6221/6221 6220/6220/6220 6219/6219/6219
f 6220/6220/6220 6222/6222/6222 6219/6219/6219
f 6219/6219/6219 6222/6222/6222 6223/6223/6223
f 6222/6222/6222 6224/6224/6224 6223/6223/6223
f 6223/6223/6223 6224/6224/6224 6225/6225/6225
f 6224/6224/6224 6226/6226/6226 6225/6225/6225
f 6225/6225/6225 6226/6226/6226 6227/6227/6227
f 6226/6226/6226 6228/6228/6228 6227/6227/6227
f 6227/6227/6227 6228/6228/6228 6229/6229/6229
f 6228/6228/6228 6230/6230/6230 6229/6229/6229
f 6229/6229/6229 6230/6230/6230 6231/6231/6231
f 6230/6230/6230 6232/6232/6232 6231/6231/6231
f 6235/6235/6235 6234/6234/6234 6233/6233/6233
f 6234/6234/6234 6236/6236/6236 6233/6233/6233
f 6237/6237/6237 6236/6236/6236 6234/6234/6234
f 6238/6238/6238 6237/6237/6237 6234/6234/6234
f 6239/6239/6239 6237/6237/6237 6238/6238/6238
f 6240/6240/6240 6239/6239/6239 6238/6238/6238
f 6241/6241/6241 6239/6239/6239 6240/6240/6240
f 6242/6242/6242 6241/6241/6241 6240/6240/6240
f 6243/6243/6243 6241/6241/6241 6242/6242/6242
f 6244/6244/6244 6243/6243/6243 6242/6242/6242
f 6243/6243/6243 6244/6244/6244 6245/6245/6245
f 6246/6246/6246 6243/6243/6243 6245/6245/6245
f 6249/6249/6249 6248/6248/6248 6247/6247/6247
f 6250/6250/6250 6249/6249/6249 6247/6247/6247
f 6250/6250/6250 6247/6247/6247 6251/6251/6251
f 6252/6252/6252 6250/6250/6250 6251/6251/6251
f 6252/6252/6252 6251/6251/6251 6253/6253/6253
f 6254/6254/6254 6252/6252/6252 6253/6253/6253
f 6255/6255/6255 6254/6254/6254 6253/6253/6253
f 6256/6256/6256 6255/6255/6255 6253/6253/6253
f 6257/6257/6257 6255/6255/6255 6256/6256/6256
f 6258/6258/6258 6257/6257/6257 6256/6256/6256
f 6259/6259/6259 6257/6257/6257 6258/6258/6258
f 6260/6260/6260 6259/6259/6259 6258/6258/6258
f 6263/6263/6263 6262/6262/6262 6261/6261/6261
f 6262/6262/6262 6264/6264/6264 6261/6261/6261
f 6262/6262/6262 6265/6265/6265 6264/6264/6264
f 6265/6265/6265 6266/6266/6266 6264/6264/6264
f 6265/6265/6265 6267/6267/6267 6266/6266/6266
f 6267/6267/6267 6268/6268/6268 6266/6266/6266
f 6267/6267/6267 6269/6269/6269 6268/6268/6268
f 6269/6269/6269 6270/6270/6270 6268/6268/6268
f 6269/6269/6269 6271/6271/6271 6270/6270/6270
f 6271/6271/6271 6272/6272/6272 6270/6270/6270
f 6271/6271/6271 6273/6273/6273 6272/6272/6272
f 6273/6273/6273 6274/6274/6274 6272/6272/6272
f 6277/6277/6277 6276/6276/6276 6275/6275/6275
f 6278/6278/6278 6277/6277/6277 6275/6275/6275
f 6278/6278/6278 6275/6275/6275 6279/6279/6279
f 6280/6280/6280 6278/6278/6278 6279/6279/6279
f 6280/6280/6280 6279/6279/6279 6281/6281/6281
f 6282/6282/6282 6280/6280/6280 6281/6281/6281
f 6282/6282/6282 6281/6281/6281 6283/6283/6283
f 6284/6284/6284 6282/6282/6282 6283/6283/6283
f 6284/6284/6284 6283/6283/6283 6285/6285/6285
f 6286/6286/6286 6284/6284/6284 6285/6285/6285
f 6286/6286/6286 6285/6285/6285 6287/6287/6287
f 6288/6288/6288 6286/6286/6286 6287/6287/6287
f 6291/6291/6291 6290/6290/6290 6289/6289/6289
f 6290/6290/6290 6292/6292/6292 6289/6289/6289
f 6293/6293/6293 6292/6292/6292 6290/6290/6290
f 6294/6294/6294 6293/6293/6293 6290/6290/6290
f 6295/6295/6295 6293/6293/6293 6294/6294/6294
f 6296/6296/6296 6295/6295/6295 6294/6294/6294
f 6297/6297/6297 6295/6295/6295 6296/6296/6296
f 6298/6298/6298 6297/6297/6297 6296/6296/6296
f 6299/6299/6299 6297/6297/6297 6298/6298/6298
f 6300/6300/6300 6299/6299/6299 6298/6298/6298
f 6299/6299/6299 6300/6300/6300 6301/6301/6301
f 6302/6302/6302 6299/6299/6299 6301/6301/6301
f 6305/6305/6305 6304/6304/6304 6303/6303/6303
f 6306/6306/6306 6305/6305/6305 6303/6303/6303
f 6306/6306/6306 6303/6303/6303 6307/6307/6307
f 6308/6308/6308 6306/6306/6306 6307/6307/6307
f 6308/6308/6308 6307/6307/6307 6309/6309/6309
f 6310/6310/6310 6308/6308/6308 6309/6309/6309
f 6311/6311/6311 6310/6310/6310 6309/6309/6309
f 6312/6312/6312 6311/6311/6311 6309/6309/6309
f 6313/6313/6313 6311/6311/6311 6312/6312/6312
f 6314/6314/6314 6313/6313/6313 6312/6312/6312
f 6315/6315/6315 6313/6313/6313 6314/6314/6314
f 6316/6316/6316 6315/6315/6315 6314/6314/6314
f 6319/6319/6319 6318/6318/6318 6317/6317/6317
f 6318/6318/6318 6320/6320/6320 6317/6317/6317
f 6318/6318/6318 6321/6321/6321 6320/6320/6320
f 6321/6321/6321 6322/6322/6322 6320/6320/6320
f 6321/6321/6321 6323/6323/6323 6322/6322/6322
f 6323/6323/6323 6324/6324/6324 6322/6322/6322
f 6323/6323/6323 6325/6325/6325 6324/6324/6324
f 6325/6325/6325 6326/6326/6326 6324/6324/6324
f 6325/6325/6325 6327/6327/6327 6326/6326/6326
f 6327/6327/6327 6328/6328/6328 6326/6326/6326
f 6327/6327/6327 6329/6329/6329 6328/6328/6328
f 6329/6329/6329 6330/6330/6330 6328/6328/6328
f 6333/6333/6333 6332/6332/6332 6331/6331/6331
f 6334/6334/6334 6333/6333/6333 6331/6331/6331
f 6334/6334/6334 6331/6331/6331 6335/6335/6335
f 6336/6336/6336 6334/6334/6334 6335/6335/6335
f 6336/6336/6336 6335/6335/6335 6337/6337/6337
f 6338/6338/6338 6336/6336/6336 6337/6337/6337
f 6338/6338/6338 6337/6337/6337 6339/6339/6339
f 6340/6340/6340 6338/6338/6338 6339/6339/6339
f 6340/6340/6340 6339/6339/6339 6341/6341/6341
f 6342/6342/6342 6340/6340/6340 6341/6341/6341
f 6342/6342/6342 6341/6341/6341 6343/6343/6343
f 6344/6344/6344 6342/6342/6342 6343/6343/6343
f 6347/6347/6347 6346/6346/6346 6345/6345/6345
f 6348/6348/6348 6347/6347/6347 6345/6345/6345
f 6348/6348/6348 6349/6349/6349 6347/6347/6347
f 6349/6349/6349 6350/6350/6350 6347/6347/6347
f 6349/6349/6349 6351/6351/6351 6350/6350/6350
f 6351/6351/6351 6352/6352/6352 6350/6350/6350
f 6351/6351/6351 6353/6353/6353 6352/6352/6352
f 6353/6353/6353 6354/6354/6354 6352/6352/6352
f 6353/6353/6353 6355/6355/6355 6354/6354/6354
f 6355/6355/6355 6356/6356/6356 6354/6354/6354
f 6356/6356/6356 6355/6355/6355 6357/6357/6357
f 6355/6355/6355 6358/6358/6358 6357/6357/6357
f 6361/6361/6361 6360/6360/6360 6359/6359/6359
f 6360/6360/6360 6362/6362/6362 6359/6359/6359
f 6359/6359/6359 6362/6362/6362 6363/6363/6363
f 6362/6362/6362 6364/6364/6364 6363/6363/6363
f 6363/6363/6363 6364/6364/6364 6365/6365/6365
f 6364/6364/6364 6366/6366/6366 6365/6365/6365
f 6366/6366/6366 6367/6367/6367 6365/6365/6365
f 6367/6367/6367 6368/6368/6368 6365/6365/6365
f 6367/6367/6367 6369/6369/6369 6368/6368/6368
f 6369/6369/6369 6370/6370/6370 6368/6368/6368
f 6369/6369/6369 6371/6371/6371 6370/6370/6370
f 6371/6371/6371 6372/6372/6372 6370/6370/6370
f 6375/6375/6375 6374/6374/6374 6373/6373/6373
f 6376/6376/6376 6375/6375/6375 6373/6373/6373
f 6377/6377/6377 6375/6375/6375 6376/6376/6376
f 6378/6378/6378 6377/6377/6377 6376/6376/6376
f 6379/6379/6379 6377/6377/6377 6378/6378/6378
f 6380/6380/6380 6379/6379/6379 6378/6378/6378
f 6381/6381/6381 6379/6379/6379 6380/6380/6380
f 6382/6382/6382 6381/6381/6381 6380/6380/6380
f 6383/6383/6383 6381/6381/6381 6382/6382/6382
f 6384/6384/6384 6383/6383/6383 6382/6382/6382
f 6385/6385/6385 6383/6383/6383 6384/6384/6384
f 6386/6386/6386 6385/6385/6385 6384/6384/6384
f 6389/6389/6389 6388/6388/6388 6387/6387/6387
f 6388/6388/6388 6390/6390/6390 6387/6387/6387
f 6387/6387/6387 6390/6390/6390 6391/6391/6391
f 6390/6390/6390 6392/6392/6392 6391/6391/6391
f 6391/6391/6391 6392/6392/6392 6393/6393/6393
f 6392/6392/6392 6394/6394/6394 6393/6393/6393
f 6393/6393/6393 6394/6394/6394 6395/6395/6395
f 6394/6394/6394 6396/6396/6396 6395/6395/6395
f 6395/6395/6395 6396/6396/6396 6397/6397/6397
f 6396/6396/6396 6398/6398/6398 6397/6397/6397
f 6397/6397/6397 6398/6398/6398 6399/6399/6399
f 6398/6398/6398 6400/6400/6400 6399/6399/6399
f 6403/6403/6403 6402/6402/6402 6401/6401/6401
f 6402/6402/6402 6403/6403/6403 6404/6404/6404
f 6403/6403/6403 6405/6405/6405 6404/6404/6404
f 6406/6406/6406 6404/6404/6404 6405/6405/6405
f 6405/6405/6405 6403/6403/6403 6407/6407/6407
f 6403/6403/6403 6408/6408/6408 6407/6407/6407
f 6405/6405/6405 6407/6407/6407 6409/6409/6409
f 6405/6405/6405 6409/6409/6409 6406/6406/6406
f 6406/6406/6406 6409/6409/6409 6410/6410/6410
f 6409/6409/6409 6411/6411/6411 6410/6410/6410
f 6411/6411/6411 6409/6409/6409 6412/6412/6412
f 6415/6415/6415 6414/6414/6414 6413/6413/6413
f 6416/6416/6416 6415/6415/6415 6413/6413/6413
f 6419/6419/6419 6418/6418/6418 6417/6417/6417
f 6420/6420/6420 6419/6419/6419 6417/6417/6417
f 6419/6419/6419 6420/6420/6420 6421/6421/6421
f 6422/6422/6422 6419/6419/6419 6421/6421/6421
f 6422/6422/6422 6421/6421/6421 6423/6423/6423
f 6424/6424/6424 6422/6422/6422 6423/6423/6423
f 6427/6427/6427 6426/6426/6426 6425/6425/6425
f 6428/6428/6428 6427/6427/6427 6425/6425/6425
f 6431/6431/6431 6430/6430/6430 6429/6429/6429
f 6432/6432/6432 6431/6431/6431 6429/6429/6429
f 6435/6435/6435 6434/6434/6434 6433/6433/6433
f 6434/6434/6434 6436/6436/6436 6433/6433/6433
f 6436/6436/6436 6437/6437/6437 6433/6433/6433
f 6437/6437/6437 6436/6436/6436 6438/6438/6438
f 6439/6439/6439 6437/6437/6437 6438/6438/6438
f 6438/6438/6438 6440/6440/6440 6439/6439/6439
f 6440/6440/6440 6441/6441/6441 6439/6439/6439
f 6442/6442/6442 6439/6439/6439 6441/6441/6441
f 6439/6439/6439 6443/6443/6443 6437/6437/6437
f 6433/6433/6433 6437/6437/6437 6443/6443/6443
f 6444/6444/6444 6433/6433/6433 6443/6443/6443
f 6433/6433/6433 6444/6444/6444 6445/6445/6445
f 6446/6446/6446 6433/6433/6433 6445/6445/6445
f 6449/6449/6449 6448/6448/6448 6447/6447/6447
f 6450/6450/6450 6449/6449/6449 6447/6447/6447
f 6453/6453/6453 6452/6452/6452 6451/6451/6451
f 6452/6452/6452 6453/6453/6453 6454/6454/6454
f 6455/6455/6455 6452/6452/6452 6454/6454/6454
f 6454/6454/6454 6456/6456/6456 6455/6455/6455
f 6452/6452/6452 6455/6455/6455 6457/6457/6457
f 6458/6458/6458 6452/6452/6452 6457/6457/6457
f 6457/6457/6457 6455/6455/6455 6459/6459/6459
f 6459/6459/6459 6455/6455/6455 6456/6456/6456
f 6459/6459/6459 6456/6456/6456 6460/6460/6460
f 6461/6461/6461 6459/6459/6459 6460/6460/6460
f 6459/6459/6459 6461/6461/6461 6462/6462/6462
f 6465/6465/6465 6464/6464/6464 6463/6463/6463
f 6466/6466/6466 6465/6465/6465 6463/6463/6463
f 6469/6469/6469 6468/6468/6468 6467/6467/6467
f 6468/6468/6468 6470/6470/6470 6467/6467/6467
f 6470/6470/6470 6468/6468/6468 6471/6471/6471
f 6468/6468/6468 6472/6472/6472 6471/6471/6471
f 6471/6471/6471 6472/6472/6472 6473/6473/6473
f 6472/6472/6472 6474/6474/6474 6473/6473/6473
f 6477/6477/6477 6476/6476/6476 6475/6475/6475
f 6478/6478/6478 6477/6477/6477 6475/6475/6475
f 6481/6481/6481 6480/6480/6480 6479/6479/6479
f 6482/6482/6482 6481/6481/6481 6479/6479/6479
f 6485/6485/6485 6484/6484/6484 6483/6483/6483
f 6486/6486/6486 6485/6485/6485 6483/6483/6483
f 6487/6487/6487 6486/6486/6486 6483/6483/6483
f 6486/6486/6486 6487/6487/6487 6488/6488/6488
f 6487/6487/6487 6483/6483/6483 6489/6489/6489
f 6483/6483/6483 6490/6490/6490 6489/6489/6489
f 6489/6489/6489 6491/6491/6491 6487/6487/6487
f 6487/6487/6487 6491/6491/6491 6488/6488/6488
f 6492/6492/6492 6488/6488/6488 6491/6491/6491
f 6493/6493/6493 6492/6492/6492 6491/6491/6491
f 6491/6491/6491 6494/6494/6494 6493/6493/6493
f 6497/6497/6497 6496/6496/6496 6495/6495/6495
f 6498/6498/6498 6497/6497/6497 6495/6495/6495
f 6501/6501/6501 6500/6500/6500 6499/6499/6499
f 6500/6500/6500 6501/6501/6501 6502/6502/6502
f 6503/6503/6503 6500/6500/6500 6502/6502/6502
f 6502/6502/6502 6504/6504/6504 6503/6503/6503
f 6500/6500/6500 6503/6503/6503 6505/6505/6505
f 6506/6506/6506 6500/6500/6500 6505/6505/6505
f 6505/6505/6505 6503/6503/6503 6507/6507/6507
f 6507/6507/6507 6503/6503/6503 6504/6504/6504
f 6507/6507/6507 6504/6504/6504 6508/6508/6508
f 6509/6509/6509 6507/6507/6507 6508/6508/6508
f 6507/6507/6507 6509/6509/6509 6510/6510/6510
f 6513/6513/6513 6512/6512/6512 6511/6511/6511
f 6514/6514/6514 6513/6513/6513 6511/6511/6511
f 6517/6517/6517 6516/6516/6516 6515/6515/6515
f 6516/6516/6516 6518/6518/6518 6515/6515/6515
f 6518/6518/6518 6516/6516/6516 6519/6519/6519
f 6516/6516/6516 6520/6520/6520 6519/6519/6519
f 6519/6519/6519 6520/6520/6520 6521/6521/6521
f 6520/6520/6520 6522/6522/6522 6521/6521/6521
f 6525/6525/6525 6524/6524/6524 6523/6523/6523
f 6526/6526/6526 6525/6525/6525 6523/6523/6523
f 6529/6529/6529 6528/6528/6528 6527/6527/6527
f 6530/6530/6530 6529/6529/6529 6527/6527/6527
f 6533/6533/6533 6532/6532/6532 6531/6531/6531
f 6534/6534/6534 6533/6533/6533 6531/6531/6531
f 6535/6535/6535 6534/6534/6534 6531/6531/6531
f 6534/6534/6534 6535/6535/6535 6536/6536/6536
f 6535/6535/6535 6531/6531/6531 6537/6537/6537
f 6531/6531/6531 6538/6538/6538 6537/6537/6537
f 6537/6537/6537 6539/6539/6539 6535/6535/6535
f 6535/6535/6535 6539/6539/6539 6536/6536/6536
f 6540/6540/6540 6536/6536/6536 6539/6539/6539
f 6541/6541/6541 6540/6540/6540 6539/6539/6539
f 6539/6539/6539 6542/6542/6542 6541/6541/6541
f 6545/6545/6545 6544/6544/6544 6543/6543/6543
f 6546/6546/6546 6545/6545/6545 6543/6543/6543
f 6549/6549/6549 6548/6548/6548 6547/6547/6547
f 6548/6548/6548 6549/6549/6549 6550/6550/6550
f 6549/6549/6549 6551/6551/6551 6550/6550/6550
f 6552/6552/6552 6550/6550/6550 6551/6551/6551
f 6551/6551/6551 6549/6549/6549 6553/6553/6553
f 6549/6549/6549 6554/6554/6554 6553/6553/6553
f 6551/6551/6551 6553/6553/6553 6555/6555/6555
f 6551/6551/6551 6555/6555/6555 6552/6552/6552
f 6552/6552/6552 6555/6555/6555 6556/6556/6556
f 6555/6555/6555 6557/6557/6557 6556/6556/6556
f 6557/6557/6557 6555/6555/6555 6558/6558/6558
f 6561/6561/6561 6560/6560/6560 6559/6559/6559
f 6562/6562/6562 6561/6561/6561 6559/6559/6559
f 6565/6565/6565 6564/6564/6564 6563/6563/6563
f 6566/6566/6566 6565/6565/6565 6563/6563/6563
f 6565/6565/6565 6566/6566/6566 6567/6567/6567
f 6568/6568/6568 6565/6565/6565 6567/6567/6567
f 6568/6568/6568 6567/6567/6567 6569/6569/6569
f 6570/6570/6570 6568/6568/6568 6569/6569/6569
f 6573/6573/6573 6572/6572/6572 6571/6571/6571
f 6574/6574/6574 6573/6573/6573 6571/6571/6571
f 6577/6577/6577 6576/6576/6576 6575/6575/6575
f 6578/6578/6578 6577/6577/6577 6575/6575/6575
f 6581/6581/6581 6580/6580/6580 6579/6579/6579
f 6580/6580/6580 6582/6582/6582 6579/6579/6579
f 6582/6582/6582 6583/6583/6583 6579/6579/6579
f 6583/6583/6583 6582/6582/6582 6584/6584/6584
f 6579/6579/6579 6583/6583/6583 6585/6585/6585
f 6586/6586/6586 6579/6579/6579 6585/6585/6585
f 6587/6587/6587 6585/6585/6585 6583/6583/6583
f 6587/6587/6587 6583/6583/6583 6584/6584/6584
f 6584/6584/6584 6588/6588/6588 6587/6587/6587
f 6588/6588/6588 6589/6589/6589 6587/6587/6587
f 6590/6590/6590 6587/6587/6587 6589/6589/6589
f 6593/6593/6593 6592/6592/6592 6591/6591/6591
f 6594/6594/6594 6593/6593/6593 6591/6591/6591
f 6597/6597/6597 6596/6596/6596 6595/6595/6595
f 6598/6598/6598 6597/6597/6597 6595/6595/6595
f 6599/6599/6599 6597/6597/6597 6598/6598/6598
f 6600/6600/6600 6599/6599/6599 6598/6598/6598
f 6601/6601/6601 6599/6599/6599 6600/6600/6600
f 6602/6602/6602 6601/6601/6601 6600/6600/6600
f 6603/6603/6603 6601/6601/6601 6602/6602/6602
f 6604/6604/6604 6603/6603/6603 6602/6602/6602
f 6603/6603/6603 6604/6604/6604 6605/6605/6605
f 6606/6606/6606 6603/6603/6603 6605/6605/6605
f 6605/6605/6605 6607/6607/6607 6606/6606/6606
f 6607/6607/6607 6608/6608/6608 6606/6606/6606
f 6611/6611/6611 6610/6610/6610 6609/6609/6609
f 6612/6612/6612 6611/6611/6611 6609/6609/6609
f 6612/6612/6612 6609/6609/6609 6613/6613/6613
f 6614/6614/6614 6612/6612/6612 6613/6613/6613
f 6614/6614/6614 6613/6613/6613 6615/6615/6615
f 6616/6616/6616 6614/6614/6614 6615/6615/6615
f 6617/6617/6617 6616/6616/6616 6615/6615/6615
f 6618/6618/6618 6617/6617/6617 6615/6615/6615
f 6617/6617/6617 6618/6618/6618 6619/6619/6619
f 6620/6620/6620 6617/6617/6617 6619/6619/6619
f 6620/6620/6620 6619/6619/6619 6621/6621/6621
f 6622/6622/6622 6620/6620/6620 6621/6621/6621
f 6625/6625/6625 6624/6624/6624 6623/6623/6623
f 6626/6626/6626 6625/6625/6625 6623/6623/6623
f 6629/6629/6629 6628/6628/6628 6627/6627/6627
f 6628/6628/6628 6630/6630/6630 6627/6627/6627
f 6627/6627/6627 6630/6630/6630 6631/6631/6631
f 6630/6630/6630 6632/6632/6632 6631/6631/6631
f 6631/6631/6631 6632/6632/6632 6633/6633/6633
f 6632/6632/6632 6634/6634/6634 6633/6633/6633
f 6634/6634/6634 6635/6635/6635 6633/6633/6633
f 6635/6635/6635 6636/6636/6636 6633/6633/6633
f 6636/6636/6636 6635/6635/6635 6637/6637/6637
f 6635/6635/6635 6638/6638/6638 6637/6637/6637
f 6638/6638/6638 6639/6639/6639 6637/6637/6637
f 6639/6639/6639 6640/6640/6640 6637/6637/6637
f 6643/6643/6643 6642/6642/6642 6641/6641/6641
f 6642/6642/6642 6644/6644/6644 6641/6641/6641
f 6642/6642/6642 6645/6645/6645 6644/6644/6644
f 6645/6645/6645 6646/6646/6646 6644/6644/6644
f 6645/6645/6645 6647/6647/6647 6646/6646/6646
f 6647/6647/6647 6648/6648/6648 6646/6646/6646
f 6647/6647/6647 6649/6649/6649 6648/6648/6648
f 6649/6649/6649 6650/6650/6650 6648/6648/6648
f 6650/6650/6650 6649/6649/6649 6651/6651/6651
f 6649/6649/6649 6652/6652/6652 6651/6651/6651
f 6653/6653/6653 6651/6651/6651 6652/6652/6652
f 6654/6654/6654 6653/6653/6653 6652/6652/6652
f 6657/6657/6657 6656/6656/6656 6655/6655/6655
f 6656/6656/6656 6658/6658/6658 6655/6655/6655
f 6655/6655/6655 6658/6658/6658 6659/6659/6659
f 6658/6658/6658 6660/6660/6660 6659/6659/6659
f 6659/6659/6659 6660/6660/6660 6661/6661/6661
f 6660/6660/6660 6662/6662/6662 6661/6661/6661
f 6662/6662/6662 6663/6663/6663 6661/6661/6661
f 6663/6663/6663 6664/6664/6664 6661/6661/6661
f 6664/6664/6664 6663/6663/6663 6665/6665/6665
f 6663/6663/6663 6666/6666/6666 6665/6665/6665
f 6665/6665/6665 6666/6666/6666 6667/6667/6667
f 6666/6666/6666 6668/6668/6668 6667/6667/6667
f 6671/6671/6671 6670/6670/6670 6669/6669/6669
f 6672/6672/6672 6671/6671/6671 6669/6669/6669
f 6675/6675/6675 6674/6674/6674 6673/6673/6673
f 6676/6676/6676 6675/6675/6675 6673/6673/6673
f 6676/6676/6676 6673/6673/6673 6677/6677/6677
f 6678/6678/6678 6676/6676/6676 6677/6677/6677
f 6678/6678/6678 6677/6677/6677 6679/6679/6679
f 6680/6680/6680 6678/6678/6678 6679/6679/6679
f 6681/6681/6681 6680/6680/6680 6679/6679/6679
f 6682/6682/6682 6681/6681/6681 6679/6679/6679
f 6681/6681/6681 6682/6682/6682 6683/6683/6683
f 6684/6684/6684 6681/6681/6681 6683/6683/6683
f 6685/6685/6685 6684/6684/6684 6683/6683/6683
f 6686/6686/6686 6685/6685/6685 6683/6683/6683
f 6689/6689/6689 6688/6688/6688 6687/6687/6687
f 6688/6688/6688 6690/6690/6690 6687/6687/6687
f 6688/6688/6688 6691/6691/6691 6690/6690/6690
f 6691/6691/6691 6692/6692/6692 6690/6690/6690
f 6691/6691/6691 6693/6693/6693 6692/6692/6692
f 6693/6693/6693 6694/6694/6694 6692/6692/6692
f 6693/6693/6693 6695/6695/6695 6694/6694/6694
f 6695/6695/6695 6696/6696/6696 6694/6694/6694
f 6696/6696/6696 6695/6695/6695 6697/6697/6697
f 6695/6695/6695 6698/6698/6698 6697/6697/6697
f 6699/6699/6699 6697/6697/6697 6698/6698/6698
f 6700/6700/6700 6699/6699/6699 6698/6698/6698
f 6703/6703/6703 6702/6702/6702 6701/6701/6701
f 6702/6702/6702 6704/6704/6704 6701/6701/6701
f 6701/6701/6701 6704/6704/6704 6705/6705/6705
f 6704/6704/6704 6706/6706/6706 6705/6705/6705
f 6705/6705/6705 6706/6706/6706 6707/6707/6707
f 6706/6706/6706 6708/6708/6708 6707/6707/6707
f 6708/6708/6708 6709/6709/6709 6707/6707/6707
f 6709/6709/6709 6710/6710/6710 6707/6707/6707
f 6710/6710/6710 6709/6709/6709 6711/6711/6711
f 6709/6709/6709 6712/6712/6712 6711/6711/6711
f 6711/6711/6711 6712/6712/6712 6713/6713/6713
f 6712/6712/6712 6714/6714/6714 6713/6713/6713
f 6717/6717/6717 6716/6716/6716 6715/6715/6715
f 6718/6718/6718 6717/6717/6717 6715/6715/6715
f 6721/6721/6721 6720/6720/6720 6719/6719/6719
f 6722/6722/6722 6721/6721/6721 6719/6719/6719
f 6722/6722/6722 6719/6719/6719 6723/6723/6723
f 6724/6724/6724 6722/6722/6722 6723/6723/6723
f 6724/6724/6724 6723/6723/6723 6725/6725/6725
f 6726/6726/6726 6724/6724/6724 6725/6725/6725
f 6727/6727/6727 6726/6726/6726 6725/6725/6725
f 6728/6728/6728 6727/6727/6727 6725/6725/6725
f 6727/6727/6727 6728/6728/6728 6729/6729/6729
f 6730/6730/6730 6727/6727/6727 6729/6729/6729
f 6731/6731/6731 6730/6730/6730 6729/6729/6729
f 6732/6732/6732 6731/6731/6731 6729/6729/6729
f 6735/6735/6735 6734/6734/6734 6733/6733/6733
f 6736/6736/6736 6735/6735/6735 6733/6733/6733
f 6737/6737/6737 6735/6735/6735 6736/6736/6736
f 6738/6738/6738 6737/6737/6737 6736/6736/6736
f 6739/6739/6739 6737/6737/6737 6738/6738/6738
f 6740/6740/6740 6739/6739/6739 6738/6738/6738
f 6741/6741/6741 6739/6739/6739 6740/6740/6740
f 6742/6742/6742 6741/6741/6741 6740/6740/6740
f 6741/6741/6741 6742/6742/6742 6743/6743/6743
f 6744/6744/6744 6741/6741/6741 6743/6743/6743
f 6743/6743/6743 6745/6745/6745 6744/6744/6744
f 6745/6745/6745 6746/6746/6746 6744/6744/6744
f 6749/6749/6749 6748/6748/6748 6747/6747/6747
f 6750/6750/6750 6749/6749/6749 6747/6747/6747
f 6750/6750/6750 6747/6747/6747 6751/6751/6751
f 6752/6752/6752 6750/6750/6750 6751/6751/6751
f 6752/6752/6752 6751/6751/6751 6753/6753/6753
f 6754/6754/6754 6752/6752/6752 6753/6753/6753
f 6755/6755/6755 6754/6754/6754 6753/6753/6753
f 6756/6756/6756 6755/6755/6755 6753/6753/6753
f 6755/6755/6755 6756/6756/6756 6757/6757/6757
f 6758/6758/6758 6755/6755/6755 6757/6757/6757
f 6758/6758/6758 6757/6757/6757 6759/6759/6759
f 6760/6760/6760 6758/6758/6758 6759/6759/6759
f 6763/6763/6763 6762/6762/6762 6761/6761/6761
f 6764/6764/6764 6763/6763/6763 6761/6761/6761
f 6767/6767/6767 6766/6766/6766 6765/6765/6765
f 6766/6766/6766 6768/6768/6768 6765/6765/6765
f 6765/6765/6765 6768/6768/6768 6769/6769/6769
f 6768/6768/6768 6770/6770/6770 6769/6769/6769
f 6769/6769/6769 6770/6770/6770 6771/6771/6771
f 6770/6770/6770 6772/6772/6772 6771/6771/6771
f 6772/6772/6772 6773/6773/6773 6771/6771/6771
f 6773/6773/6773 6774/6774/6774 6771/6771/6771
f 6774/6774/6774 6773/6773/6773 6775/6775/6775
f 6773/6773/6773 6776/6776/6776 6775/6775/6775
f 6776/6776/6776 6777/6777/6777 6775/6775/6775
f 6777/6777/6777 6778/6778/6778 6775/6775/6775
f 6781/6781/6781 6780/6780/6780 6779/6779/6779
f 6780/6780/6780 6782/6782/6782 6779/6779/6779
f 6780/6780/6780 6783/6783/6783 6782/6782/6782
f 6783/6783/6783 6784/6784/6784 6782/6782/6782
f 6783/6783/6783 6785/6785/6785 6784/6784/6784
f 6785/6785/6785 6786/6786/6786 6784/6784/6784
f 6785/6785/6785 6787/6787/6787 6786/6786/6786
f 6787/6787/6787 6788/6788/6788 6786/6786/6786
f 6788/6788/6788 6787/6787/6787 6789/6789/6789
f 6787/6787/6787 6790/6790/6790 6789/6789/6789
f 6791/6791/6791 6789/6789/6789 6790/6790/6790
f 6792/6792/6792 6791/6791/6791 6790/6790/6790
f 6795/6795/6795 6794/6794/6794 6793/6793/6793
f 6794/6794/6794 6796/6796/6796 6793/6793/6793
f 6793/6793/6793 6796/6796/6796 6797/6797/6797
f 6796/6796/6796 6798/6798/6798 6797/6797/6797
f 6797/6797/6797 6798/6798/6798 6799/6799/6799
f 6798/6798/6798 6800/6800/6800 6799/6799/6799
f 6800/6800/6800 6801/6801/6801 6799/6799/6799
f 6801/6801/6801 6802/6802/6802 6799/6799/6799
f 6802/6802/6802 6801/6801/6801 6803/6803/6803
f 6801/6801/6801 6804/6804/6804 6803/6803/6803
f 6803/6803/6803 6804/6804/6804 6805/6805/6805
f 6804/6804/6804 6806/6806/6806 6805/6805/6805
f 6809/6809/6809 6808/6808/6808 6807/6807/6807
f 6810/6810/6810 6809/6809/6809 6807/6807/6807
f 6813/6813/6813 6812/6812/6812 6811/6811/6811
f 6814/6814/6814 6813/6813/6813 6811/6811/6811
f 6814/6814/6814 6811/6811/6811 6815/6815/6815
f 6816/6816/6816 6814/6814/6814 6815/6815/6815
f 6816/6816/6816 6815/6815/6815 6817/6817/6817
f 6818/6818/6818 6816/6816/6816 6817/6817/6817
f 6819/6819/6819 6818/6818/6818 6817/6817/6817
f 6820/6820/6820 6819/6819/6819 6817/6817/6817
f 6819/6819/6819 6820/6820/6820 6821/6821/6821
f 6822/6822/6822 6819/6819/6819 6821/6821/6821
f 6823/6823/6823 6822/6822/6822 6821/6821/6821
f 6824/6824/6824 6823/6823/6823 6821/6821/6821
f 6827/6827/6827 6826/6826/6826 6825/6825/6825
f 6828/6828/6828 6827/6827/6827 6825/6825/6825
f 6829/6829/6829 6827/6827/6827 6828/6828/6828
f 6830/6830/6830 6829/6829/6829 6828/6828/6828
f 6831/6831/6831 6829/6829/6829 6830/6830/6830
f 6832/6832/6832 6831/6831/6831 6830/6830/6830
f 6833/6833/6833 6831/6831/6831 6832/6832/6832
f 6834/6834/6834 6833/6833/6833 6832/6832/6832
f 6833/6833/6833 6834/6834/6834 6835/6835/6835
f 6836/6836/6836 6833/6833/6833 6835/6835/6835
f 6835/6835/6835 6837/6837/6837 6836/6836/6836
f 6837/6837/6837 6838/6838/6838 6836/6836/6836
f 6841/6841/6841 6840/6840/6840 6839/6839/6839
f 6842/6842/6842 6841/6841/6841 6839/6839/6839
f 6842/6842/6842 6839/6839/6839 6843/6843/6843
f 6844/6844/6844 6842/6842/6842 6843/6843/6843
f 6844/6844/6844 6843/6843/6843 6845/6845/6845
f 6846/6846/6846 6844/6844/6844 6845/6845/6845
f 6847/6847/6847 6846/6846/6846 6845/6845/6845
f 6848/6848/6848 6847/6847/6847 6845/6845/6845
f 6847/6847/6847 6848/6848/6848 6849/6849/6849
f 6850/6850/6850 6847/6847/6847 6849/6849/6849
f 6850/6850/6850 6849/6849/6849 6851/6851/6851
f 6852/6852/6852 6850/6850/6850 6851/6851/6851
f 6855/6855/6855 6854/6854/6854 6853/6853/6853
f 6856/6856/6856 6855/6855/6855 6853/6853/6853
f 6859/6859/6859 6858/6858/6858 6857/6857/6857
f 6858/6858/6858 6860/6860/6860 6857/6857/6857
f 6857/6857/6857 6860/6860/6860 6861/6861/6861
f 6860/6860/6860 6862/6862/6862 6861/6861/6861
f 6861/6861/6861 6862/6862/6862 6863/6863/6863
f 6862/6862/6862 6864/6864/6864 6863/6863/6863
f 6864/6864/6864 6865/6865/6865 6863/6863/6863
f 6865/6865/6865 6866/6866/6866 6863/6863/6863
f 6866/6866/6866 6865/6865/6865 6867/6867/6867
f 6865/6865/6865 6868/6868/6868 6867/6867/6867
f 6868/6868/6868 6869/6869/6869 6867/6867/6867
f 6869/6869/6869 6870/6870/6870 6867/6867/6867
f 6873/6873/6873 6872/6872/6872 6871/6871/6871
f 6874/6874/6874 6873/6873/6873 6871/6871/6871
f 6875/6875/6875 6873/6873/6873 6874/6874/6874
f 6876/6876/6876 6875/6875/6875 6874/6874/6874
f 6877/6877/6877 6875/6875/6875 6876/6876/6876
f 6878/6878/6878 6877/6877/6877 6876/6876/6876
f 6879/6879/6879 6877/6877/6877 6878/6878/6878
f 6880/6880/6880 6879/6879/6879 6878/6878/6878
f 6879/6879/6879 6880/6880/6880 6881/6881/6881
f 6882/6882/6882 6879/6879/6879 6881/6881/6881
f 6881/6881/6881 6883/6883/6883 6882/6882/6882
f 6883/6883/6883 6884/6884/6884 6882/6882/6882
f 6887/6887/6887 6886/6886/6886 6885/6885/6885
f 6888/6888/6888 6887/6887/6887 6885/6885/6885
f 6888/6888/6888 6885/6885/6885 6889/6889/6889
f 6890/6890/6890 6888/6888/6888 6889/6889/6889
f 6890/6890/6890 6889/6889/6889 6891/6891/6891
f 6892/6892/6892 6890/6890/6890 6891/6891/6891
f 6893/6893/6893 6892/6892/6892 6891/6891/6891
f 6894/6894/6894 6893/6893/6893 6891/6891/6891
f 6893/6893/6893 6894/6894/6894 6895/6895/6895
f 6896/6896/6896 6893/6893/6893 6895/6895/6895
f 6896/6896/6896 6895/6895/6895 6897/6897/6897
f 6898/6898/6898 6896/6896/6896 6897/6897/6897
f 6901/6901/6901 6900/6900/6900 6899/6899/6899
f 6902/6902/6902 6901/6901/6901 6899/6899/6899
f 6905/6905/6905 6904/6904/6904 6903/6903/6903
f 6904/6904/6904 6906/6906/6906 6903/6903/6903
f 6903/6903/6903 6906/6906/6906 6907/6907/6907
f 6906/6906/6906 6908/6908/6908 6907/6907/6907
f 6907/6907/6907 6908/6908/6908 6909/6909/6909
f 6908/6908/6908 6910/6910/6910 6909/6909/6909
f 6910/6910/6910 6911/6911/6911 6909/6909/6909
f 6911/6911/6911 6912/6912/6912 6909/6909/6909
f 6912/6912/6912 6911/6911/6911 6913/6913/6913
f 6911/6911/6911 6914/6914/6914 6913/6913/6913
f 6914/6914/6914 6915/6915/6915 6913/6913/6913
f 6915/6915/6915 6916/6916/6916 6913/6913/6913
f 6919/6919/6919 6918/6918/6918 6917/6917/6917
f 6918/6918/6918 6920/6920/6920 6917/6917/6917
f 6918/6918/6918 6921/6921/6921 6920/6920/6920
f 6921/6921/6921 6922/6922/6922 6920/6920/6920
f 6921/6921/6921 6923/6923/6923 6922/6922/6922
f 6923/6923/6923 6924/6924/6924 6922/6922/6922
f 6923/6923/6923 6925/6925/6925 6924/6924/6924
f 6925/6925/6925 6926/6926/6926 6924/6924/6924
f 6926/6926/6926 6925/6925/6925 6927/6927/6927
f 6925/6925/6925 6928/6928/6928 6927/6927/6927
f 6929/6929/6929 6927/6927/6927 6928/6928/6928
f 6930/6930/6930 6929/6929/6929 6928/6928/6928
f 6933/6933/6933 6932/6932/6932 6931/6931/6931
f 6932/6932/6932 6934/6934/6934 6931/6931/6931
f 6931/6931/6931 6934/6934/6934 6935/6935/6935
f 6934/6934/6934 6936/6936/6936 6935/6935/6935
f 6935/6935/6935 6936/6936/6936 6937/6937/6937
f 6936/6936/6936 6938/6938/6938 6937/6937/6937
f 6938/6938/6938 6939/6939/6939 6937/6937/6937
f 6939/6939/6939 6940/6940/6940 6937/6937/6937
f 6940/6940/6940 6939/6939/6939 6941/6941/6941
f 6939/6939/6939 6942/6942/6942 6941/6941/6941
f 6941/6941/6941 6942/6942/6942 6943/6943/6943
f 6942/6942/6942 6944/6944/6944 6943/6943/6943
f 6947/6947/6947 6946/6946/6946 6945/6945/6945
f 6948/6948/6948 6947/6947/6947 6945/6945/6945
f 6951/6951/6951 6950/6950/6950 6949/6949/6949
f 6952/6952/6952 6951/6951/6951 6949/6949/6949
f 6952/6952/6952 6949/6949/6949 6953/6953/6953
f 6954/6954/6954 6952/6952/6952 6953/6953/6953
f 6954/6954/6954 6953/6953/6953 6955/6955/6955
f 6956/6956/6956 6954/6954/6954 6955/6955/6955
f 6957/6957/6957 6956/6956/6956 6955/6955/6955
f 6958/6958/6958 6957/6957/6957 6955/6955/6955
f 6957/6957/6957 6958/6958/6958 6959/6959/6959
f 6960/6960/6960 6957/6957/6957 6959/6959/6959
f 6961/6961/6961 6960/6960/6960 6959/6959/6959
f 6962/6962/6962 6961/6961/6961 6959/6959/6959
f 6965/6965/6965 6964/6964/6964 6963/6963/6963
f 6966/6966/6966 6965/6965/6965 6963/6963/6963
f 6965/6965/6965 6966/6966/6966 6967/6967/6967
f 6966/6966/6966 6968/6968/6968 6967/6967/6967
f 6967/6967/6967 6968/6968/6968 6969/6969/6969
f 6968/6968/6968 6970/6970/6970 6969/6969/6969
f 6973/6973/6973 6972/6972/6972 6971/6971/6971
f 6974/6974/6974 6973/6973/6973 6971/6971/6971
f 6974/6974/6974 6971/6971/6971 6975/6975/6975
f 6976/6976/6976 6974/6974/6974 6975/6975/6975
f 6976/6976/6976 6975/6975/6975 6977/6977/6977
f 6978/6978/6978 6976/6976/6976 6977/6977/6977
f 6981/6981/6981 6980/6980/6980 6979/6979/6979
f 6979/6979/6979 6980/6980/6980 6982/6982/6982
f 6980/6980/6980 6983/6983/6983 6982/6982/6982
f 6982/6982/6982 6983/6983/6983 6984/6984/6984
f 6985/6985/6985 6982/6982/6982 6984/6984/6984
f 6988/6988/6988 6987/6987/6987 6986/6986/6986
f 6988/6988/6988 6989/6989/6989 6987/6987/6987
f 6989/6989/6989 6990/6990/6990 6987/6987/6987
f 6990/6990/6990 6989/6989/6989 6991/6991/6991
f 6992/6992/6992 6990/6990/6990 6991/6991/6991
f 6995/6995/6995 6994/6994/6994 6993/6993/6993
f 6994/6994/6994 6996/6996/6996 6993/6993/6993
f 6996/6996/6996 6994/6994/6994 6997/6997/6997
f 6998/6998/6998 6996/6996/6996 6997/6997/6997
f 6998/6998/6998 6997/6997/6997 6999/6999/6999
f 7000/7000/7000 6998/6998/6998 6999/6999/6999
f 7003/7003/7003 7002/7002/7002 7001/7001/7001
f 7002/7002/7002 7004/7004/7004 7001/7001/7001
f 7001/7001/7001 7004/7004/7004 7005/7005/7005
f 7004/7004/7004 7006/7006/7006 7005/7005/7005
f 7005/7005/7005 7006/7006/7006 7007/7007/7007
f 7006/7006/7006 7008/7008/7008 7007/7007/7007
f 7011/7011/7011 7010/7010/7010 7009/7009/7009
f 7011/7011/7011 7009/7009/7009 7012/7012/7012
f 7013/7013/7013 7011/7011/7011 7012/7012/7012
f 7013/7013/7013 7012/7012/7012 7014/7014/7014
f 7012/7012/7012 7015/7015/7015 7014/7014/7014
f 7018/7018/7018 7017/7017/7017 7016/7016/7016
f 7019/7019/7019 7017/7017/7017 7018/7018/7018
f 7020/7020/7020 7019/7019/7019 7018/7018/7018
f 7019/7019/7019 7020/7020/7020 7021/7021/7021
f 7020/7020/7020 7022/7022/7022 7021/7021/7021
f 7025/7025/7025 7024/7024/7024 7023/7023/7023
f 7026/7026/7026 7025/7025/7025 7023/7023/7023
f 7026/7026/7026 7023/7023/7023 7027/7027/7027
f 7023/7023/7023 7028/7028/7028 7027/7027/7027
f 7028/7028/7028 7029/7029/7029 7027/7027/7027
f 7027/7027/7027 7029/7029/7029 7030/7030/7030
f 7029/7029/7029 7031/7031/7031 7030/7030/7030
f 7030/7030/7030 7031/7031/7031 7032/7032/7032
f 7033/7033/7033 7026/7026/7026 7027/7027/7027
f 7027/7027/7027 7030/7030/7030 7033/7033/7033
f 7033/7033/7033 7034/7034/7034 7026/7026/7026
f 7034/7034/7034 7035/7035/7035 7026/7026/7026
f 7036/7036/7036 7034/7034/7034 7033/7033/7033
f 7030/7030/7030 7037/7037/7037 7033/7033/7033
f 7037/7037/7037 7036/7036/7036 7033/7033/7033
f 7038/7038/7038 7030/7030/7030 7032/7032/7032
f 7037/7037/7037 7030/7030/7030 7038/7038/7038
f 7036/7036/7036 7037/7037/7037 7039/7039/7039
f 7039/7039/7039 7037/7037/7037 7038/7038/7038
f 7040/7040/7040 7036/7036/7036 7039/7039/7039
f 7041/7041/7041 7040/7040/7040 7039/7039/7039
f 7042/7042/7042 7041/7041/7041 7039/7039/7039
f 7039/7039/7039 7038/7038/7038 7042/7042/7042
f 7043/7043/7043 7041/7041/7041 7042/7042/7042
f 7044/7044/7044 7043/7043/7043 7042/7042/7042
f 7038/7038/7038 7032/7032/7032 7045/7045/7045
f 7038/7038/7038 7045/7045/7045 7042/7042/7042
f 7044/7044/7044 7042/7042/7042 7045/7045/7045
f 7032/7032/7032 7046/7046/7046 7045/7045/7045
f 7045/7045/7045 7046/7046/7046 7047/7047/7047
f 7047/7047/7047 7044/7044/7044 7045/7045/7045
f 7046/7046/7046 7048/7048/7048 7047/7047/7047
f 7047/7047/7047 7049/7049/7049 7044/7044/7044
f 7049/7049/7049 7050/7050/7050 7044/7044/7044
f 7053/7053/7053 7052/7052/7052 7051/7051/7051
f 7054/7054/7054 7053/7053/7053 7051/7051/7051
f 7055/7055/7055 7053/7053/7053 7054/7054/7054
f 7051/7051/7051 7056/7056/7056 7054/7054/7054
f 7051/7051/7051 7057/7057/7057 7056/7056/7056
f 7057/7057/7057 7058/7058/7058 7056/7056/7056
f 7056/7056/7056 7059/7059/7059 7054/7054/7054
f 7056/7056/7056 7060/7060/7060 7059/7059/7059
f 7060/7060/7060 7061/7061/7061 7059/7059/7059
f 7062/7062/7062 7055/7055/7055 7054/7054/7054
f 7062/7062/7062 7054/7054/7054 7059/7059/7059
f 7059/7059/7059 7061/7061/7061 7063/7063/7063
f 7063/7063/7063 7062/7062/7062 7059/7059/7059
f 7061/7061/7061 7064/7064/7064 7063/7063/7063
f 7063/7063/7063 7064/7064/7064 7065/7065/7065
f 7055/7055/7055 7062/7062/7062 7066/7066/7066
f 7067/7067/7067 7055/7055/7055 7066/7066/7066
f 7068/7068/7068 7067/7067/7067 7066/7066/7066
f 7062/7062/7062 7063/7063/7063 7069/7069/7069
f 7069/7069/7069 7063/7063/7063 7065/7065/7065
f 7066/7066/7066 7062/7062/7062 7069/7069/7069
f 7069/7069/7069 7065/7065/7065 7070/7070/7070
f 7066/7066/7066 7069/7069/7069 7070/7070/7070
f 7065/7065/7065 7071/7071/7071 7070/7070/7070
f 7072/7072/7072 7068/7068/7068 7066/7066/7066
f 7072/7072/7072 7066/7066/7066 7070/7070/7070
f 7073/7073/7073 7068/7068/7068 7072/7072/7072
f 7074/7074/7074 7073/7073/7073 7072/7072/7072
f 7070/7070/7070 7071/7071/7071 7075/7075/7075
f 7070/7070/7070 7075/7075/7075 7072/7072/7072
f 7075/7075/7075 7074/7074/7074 7072/7072/7072
f 7071/7071/7071 7076/7076/7076 7075/7075/7075
f 7075/7075/7075 7077/7077/7077 7074/7074/7074
f 7077/7077/7077 7078/7078/7078 7074/7074/7074
f 7081/7081/7081 7080/7080/7080 7079/7079/7079
f 7082/7082/7082 7081/7081/7081 7079/7079/7079
f 7085/7085/7085 7084/7084/7084 7083/7083/7083
f 7086/7086/7086 7085/7085/7085 7083/7083/7083
f 7089/7089/7089 7088/7088/7088 7087/7087/7087
f 7090/7090/7090 7089/7089/7089 7087/7087/7087
f 7093/7093/7093 7092/7092/7092 7091/7091/7091
f 7093/7093/7093 7092/7092/7092 7091/7091/7091
f 7091/7091/7091 7092/7092/7092 7094/7094/7094
f 7091/7091/7091 7092/7092/7092 7094/7094/7094
f 7092/7092/7092 7095/7095/7095 7094/7094/7094
f 7092/7092/7092 7095/7095/7095 7094/7094/7094
f 7094/7094/7094 7095/7095/7095 7096/7096/7096
f 7094/7094/7094 7095/7095/7095 7096/7096/7096
f 7095/7095/7095 7097/7097/7097 7096/7096/7096
f 7095/7095/7095 7097/7097/7097 7096/7096/7096
f 7097/7097/7097 7098/7098/7098 7096/7096/7096
f 7097/7097/7097 7098/7098/7098 7096/7096/7096
f 7098/7098/7098 7099/7099/7099 7096/7096/7096
f 7098/7098/7098 7099/7099/7099 7096/7096/7096
f 7102/7102/7102 7101/7101/7101 7100/7100/7100
f 7102/7102/7102 7101/7101/7101 7100/7100/7100
f 7100/7100/7100 7101/7101/7101 7103/7103/7103
f 7100/7100/7100 7101/7101/7101 7103/7103/7103
f 7101/7101/7101 7104/7104/7104 7103/7103/7103
f 7101/7101/7101 7104/7104/7104 7103/7103/7103
f 7103/7103/7103 7104/7104/7104 7105/7105/7105
f 7103/7103/7103 7104/7104/7104 7105/7105/7105
f 7104/7104/7104 7106/7106/7106 7105/7105/7105
f 7104/7104/7104 7106/7106/7106 7105/7105/7105
f 7106/7106/7106 7107/7107/7107 7105/7105/7105
f 7106/7106/7106 7107/7107/7107 7105/7105/7105
f 7107/7107/7107 7108/7108/7108 7105/7105/7105
f 7107/7107/7107 7108/7108/7108 7105/7105/7105
