g S_wpn_misc_0023_01_lod0
v 0.11935515 -0.022532621 0.22865452
v 0.113167495 -0.020206612 0.2207969
v 0.12652686 -0.019794893 0.21964082
v 0.11929444 -0.061020095 0.08384306
v 0.11315054 -0.055564698 0.08955512
v 0.12687829 -0.054608718 0.090812206
v 0.1194507 -0.08344698 0.12267764
v 0.12669066 -0.074518755 0.12468267
v 0.11300642 -0.07578192 0.12449993
v -0.11935515 -0.022532621 0.22865452
v -0.12652686 -0.019794893 0.21964082
v -0.113167495 -0.020206612 0.2207969
v -0.11929444 -0.061020095 0.08384306
v -0.12687829 -0.054608718 0.090812206
v -0.11315054 -0.055564698 0.08955512
v -0.1194507 -0.08344698 0.12267764
v -0.11300642 -0.07578192 0.12449993
v -0.12669066 -0.074518755 0.12468267
v 0.11935515 0.022532795 0.22865449
v 0.12652686 0.019795025 0.21964082
v 0.113167495 0.020206744 0.2207969
v 0.11929444 0.061020173 0.08384303
v 0.12687829 0.054608792 0.09081217
v 0.11315054 0.055564776 0.08955509
v 0.1194507 0.083447054 0.1226776
v 0.11300642 0.07578204 0.12449988
v 0.12669066 0.074518844 0.12468263
v -0.11935515 0.022532795 0.22865449
v -0.113167495 0.020206744 0.2207969
v -0.12652686 0.019795025 0.21964082
v -0.11929444 0.061020173 0.08384303
v -0.11315054 0.055564776 0.08955509
v -0.12687829 0.054608792 0.09081217
v -0.1194507 0.083447054 0.1226776
v -0.12669066 0.074518844 0.12468263
v -0.11300642 0.07578204 0.12449988
v 0.019885149 -0.124837145 0.2176108
v 0.038827807 -0.12142608 0.21564704
v 0.03870211 -0.13160807 0.19481479
v 0.019809784 -0.13527828 0.19615582
v -0 -0.1260787 0.21825908
v -0 -0.13658217 0.1966322
v -0.019885149 -0.124837145 0.2176108
v -0.019809784 -0.13527828 0.19615582
v -0.03870211 -0.13160807 0.19481479
v -0.038827807 -0.12142608 0.21564704
v 0.009773719 -0.1260122 0.2196671
v 0.018881453 -0.11480697 0.2344376
v 0.019399172 -0.12519678 0.21912228
v 0.00946344 -0.115527764 0.23502146
v -0 -0.12629478 0.21985592
v -0 -0.11576858 0.23521654
v -0.00946344 -0.115527764 0.23502146
v -0.009773719 -0.12601222 0.2196671
v -0.018881453 -0.11480701 0.23443761
v -0.019399192 -0.12519678 0.21912223
v 0.025356984 1.01871734E-07 0.28754902
v 0.05358393 1.0223899E-07 0.27914742
v 0.055297043 -0.0051280325 0.27843153
v 0.025763068 -0.044950034 0.28056413
v -0 1.01753216E-07 0.29026046
v -0 -0.04630208 0.28395522
v 0.05324292 -0.042197347 0.27257386
v 0.059411973 -0.007264225 0.27656552
v 0.025895294 -0.069158554 0.26812413
v -0 -0.07097775 0.27115077
v 0.07646149 -0.038489692 0.26166984
v 0.074592605 -0.0076539344 0.2680044
v 0.09134263 -0.0076583205 0.25639707
v 0.052892163 -0.06526108 0.26103896
v 0.025988111 -0.096710734 0.24795784
v -0 -0.0992086 0.25039798
v 0.052550234 -0.09117962 0.24221511
v 0.02593807 -0.11892792 0.22430721
v -0 -0.12182895 0.22626804
v 0.052427728 -0.11212265 0.21983032
v 0.025681512 -0.13583589 0.19026363
v -0 -0.1389065 0.19135077
v 0.026160479 -0.14290914 0.14504793
v -0 -0.14642023 0.14504868
v 0.026230289 -0.13578537 0.09983963
v -0 -0.13890651 0.09874657
v 0.025738167 -0.11374414 0.05829089
v -0 -0.1163617 0.056209438
v 0.025620766 -0.07940577 0.02594684
v -0 -0.08121936 0.023219656
v -0 -0.046302173 0.006142137
v 0.052009072 -0.107283875 0.063218586
v 0.026196586 -0.045146935 0.009364211
v -0 2.0518318E-08 -3.6505888E-15
v 0.02544152 2.1296541E-08 0.0036861822
v 0.05179387 -0.07477171 0.03244599
v 0.05542383 -0.005123175 0.011687003
v 0.053578347 2.336221E-08 0.010972993
v 0.054114375 -0.04237984 0.017583318
v 0.059423607 -0.007444618 0.013413992
v 0.07698789 -0.038136628 0.028960552
v 0.07649933 -0.007890032 0.022868732
v 0.09080111 -0.007736731 0.033129673
v 0.054114398 -0.12794931 0.102432
v 0.07810658 -0.096860014 0.07112769
v 0.077583246 -0.06729651 0.042776328
v 0.096590936 -0.033037867 0.04061412
v 0.055911362 -0.13304657 0.13946348
v 0.053511728 -0.13413875 0.14504868
v 0.055667765 -0.13323705 0.15058027
v 0.061320323 -0.13075137 0.13760212
v 0.07865967 -0.11672959 0.10653526
v 0.077691935 -0.121045604 0.13743272
v 0.09211584 -0.11084234 0.1377591
v 0.05295306 -0.12764624 0.18753582
v 0.060745053 -0.13071151 0.1522193
v 0.076801345 -0.11584135 0.18315315
v 0.07738645 -0.12105432 0.1523781
v 0.09211584 -0.1108423 0.15233824
v 0.097104885 -0.1041481 0.112898625
v 0.09523502 -0.10810743 0.14012013
v 0.09837114 -0.08628497 0.07946179
v 0.076705955 -0.102162704 0.21295148
v 0.09691001 -0.10328428 0.17689857
v 0.09523502 -0.10810743 0.14997719
v 0.09865684 -0.05964261 0.053537663
v 0.11255927 -0.050977077 0.06633215
v 0.11255927 -0.0766529 0.0910526
v 0.11255927 -0.089818105 0.1209515
v 0.11255927 -0.027002163 0.055963315
v 0.09523748 -0.005229474 0.03670274
v 0.112559296 3.5823906E-08 0.053145565
v 0.097030655 3.1709426E-08 0.03818617
v 0.112559296 -0.09213417 0.14504866
v 0.09691266 -0.10673094 0.14504865
v 0.11255927 -0.0898181 0.16914581
v 0.11255927 -0.08139919 0.19202173
v 0.09846655 -0.09101009 0.20245357
v 0.11255927 -0.06388558 0.21151198
v 0.09860506 -0.07400154 0.22218415
v 0.0982833 -0.053279996 0.23830418
v 0.11255927 -0.045736697 0.22543561
v 0.11255927 -0.027691199 0.23425628
v 0.07657991 -0.08328609 0.23366599
v 0.07649945 -0.059836924 0.250998
v 0.09781897 -0.03363698 0.24851076
v 0.0954187 -0.0053361235 0.2532515
v 0.112559296 6.593588E-08 0.2369648
v 0.09711376 6.528037E-08 0.25196114
v 0.057129987 -0.12577894 0.1486436
v 0.0552906 -0.12700647 0.14738318
v 0.055667765 -0.13323705 0.15058027
v 0.060745053 -0.13071151 0.1522193
v 0.07411684 -0.11530557 0.14861642
v 0.07738645 -0.12105432 0.1523781
v 0.09211584 -0.1108423 0.15233824
v 0.08871007 -0.10577892 0.14864361
v 0.09523502 -0.10810743 0.14997719
v 0.090726346 -0.10435995 0.14738326
v 0.09691266 -0.10673094 0.14504865
v 0.09158132 -0.10372459 0.14504865
v 0.090726346 -0.10435995 0.14271411
v 0.09523502 -0.10810743 0.14012013
v 0.08871007 -0.10577892 0.14145374
v 0.09211584 -0.11084234 0.1377591
v 0.074239045 -0.11523022 0.14148113
v 0.077691935 -0.121045604 0.13743272
v 0.061320323 -0.13075137 0.13760212
v 0.057129987 -0.12577896 0.14145373
v 0.055911362 -0.13304657 0.13946348
v 0.0552906 -0.12700646 0.14271413
v 0.053511728 -0.13413875 0.14504868
v 0.054392327 -0.12759905 0.14504865
v 0.0552906 -0.12700647 0.14738318
v 0.055667765 -0.13323705 0.15058027
v 0.055297043 -0.0051280325 0.27843153
v 0.05358393 1.0223899E-07 0.27914742
v 0.054569177 1.0256412E-07 0.27170905
v 0.056019492 -0.0023478433 0.27093437
v 0.059411973 -0.007264225 0.27656552
v 0.057973742 -0.003473713 0.2698782
v 0.074592605 -0.0076539344 0.2680044
v 0.07267641 -0.0034967533 0.26173368
v 0.09134263 -0.0076583205 0.25639707
v 0.09050445 -0.0034717666 0.2500279
v 0.0954187 -0.0053361235 0.2532515
v 0.09221027 -0.0023317444 0.2487528
v 0.09711376 6.528037E-08 0.25196114
v 0.09327735 6.545666E-08 0.2479281
v 0.057957616 1.0264385E-07 0.26988515
v 0.056019492 -0.0023478433 0.27093437
v 0.054569177 1.0256412E-07 0.27170905
v 0.057973742 -0.003473713 0.2698782
v 0.07267641 -0.0034967533 0.26173368
v 0.0726924 1.0299948E-07 0.2617492
v 0.09050445 -0.0034717666 0.2500279
v 0.09051822 6.536537E-08 0.25001657
v 0.09221027 -0.0023317444 0.2487528
v 0.09327735 6.545666E-08 0.2479281
v 0.112559296 6.593588E-08 0.2369648
v 0.112559296 6.618091E-08 0.23135915
v 0.11255927 -0.025579726 0.22867298
v 0.11255927 -0.027691199 0.23425628
v 0.11255927 -0.042490315 0.2207728
v 0.11255927 -0.045736697 0.22543561
v 0.11255927 -0.059091687 0.20805216
v 0.11255927 -0.06388558 0.21151198
v 0.11255927 -0.07698801 0.18844007
v 0.11255927 -0.08139919 0.19202173
v 0.11255927 -0.0898181 0.16914581
v 0.11255927 -0.08416697 0.16730843
v 0.112559296 -0.09213417 0.14504866
v 0.112559296 -0.08623566 0.14504865
v 0.11255927 -0.08414377 0.12278889
v 0.11255927 -0.089818105 0.1209515
v 0.11255927 -0.07247322 0.09516981
v 0.11255927 -0.0766529 0.0910526
v 0.11255927 -0.04812866 0.07136185
v 0.11255927 -0.050977077 0.06633215
v 0.11255927 -0.025579805 0.061290164
v 0.11255927 -0.027002163 0.055963315
v 0.112559296 3.5823906E-08 0.053145565
v 0.112559296 3.5576896E-08 0.05879644
v 0.112559296 6.618091E-08 0.23135915
v 0.10722096 6.630932E-08 0.22842151
v 0.10720844 -0.024432875 0.22457838
v 0.11255927 -0.025579726 0.22867298
v 0.11255927 -0.042490315 0.2207728
v 0.1072025 -0.04057667 0.21639737
v 0.10720421 -0.056267094 0.20396459
v 0.11255927 -0.059091687 0.20805216
v 0.11255927 -0.07698801 0.18844007
v 0.10721942 -0.072976954 0.1864366
v 0.11255927 -0.08416697 0.16730843
v 0.10723987 -0.08119814 0.16616851
v 0.112559296 -0.08623566 0.14504865
v 0.10723875 -0.08369699 0.14504865
v 0.10722131 -0.08067366 0.12373822
v 0.11255927 -0.08414377 0.12278889
v 0.11255927 -0.07247322 0.09516981
v 0.107200846 -0.06730485 0.09758412
v 0.11255927 -0.04812866 0.07136185
v 0.107211575 -0.04581889 0.07515099
v 0.10659763 -0.02427291 0.06519249
v 0.11255927 -0.025579805 0.061290164
v 0.112559296 3.5576896E-08 0.05879644
v 0.10712426 3.5431494E-08 0.06212279
v 0.05542383 -0.005123175 0.011687003
v 0.054569177 2.5422269E-08 0.018388193
v 0.053578347 2.336221E-08 0.010972993
v 0.056019492 -0.0023479278 0.019162903
v 0.059423607 -0.007444618 0.013413992
v 0.057973742 -0.0034737664 0.020219075
v 0.07649933 -0.007890032 0.022868732
v 0.073071584 -0.0034975824 0.028578369
v 0.09080111 -0.007736731 0.033129673
v 0.09050445 -0.0034718765 0.040069364
v 0.09523748 -0.005229474 0.03670274
v 0.09221027 -0.0023318115 0.04134446
v 0.097030655 3.1709426E-08 0.03818617
v 0.09327735 2.6766953E-08 0.04216915
v 0.057957616 2.772673E-08 0.020212049
v 0.054569177 2.5422269E-08 0.018388193
v 0.056019492 -0.0023479278 0.019162903
v 0.057973742 -0.0034737664 0.020219075
v 0.073071584 -0.0034975824 0.028578369
v 0.07321444 2.7358714E-08 0.028631274
v 0.09050445 -0.0034718765 0.040069364
v 0.09051822 2.6858244E-08 0.04008068
v 0.09221027 -0.0023318115 0.04134446
v 0.09327735 2.6766953E-08 0.04216915
v 0.10720844 -0.024432875 0.22457838
v 0.10722096 6.630932E-08 0.22842151
v 0.11798986 6.666869E-08 0.2202
v 0.113167495 -0.020206612 0.2207969
v 0.11334584 -0.037037704 0.21285479
v 0.1072025 -0.04057667 0.21639737
v 0.11341544 -0.053168375 0.20096429
v 0.10720421 -0.056267094 0.20396459
v 0.113338925 -0.06399729 0.19046131
v 0.10721942 -0.072976954 0.1864366
v 0.11349956 -0.07474421 0.16883692
v 0.10723987 -0.08119814 0.16616851
v 0.11349608 -0.078700766 0.14440165
v 0.10723875 -0.08369699 0.14504865
v 0.11300642 -0.07578192 0.12449993
v 0.10722131 -0.08067366 0.12373822
v 0.11793351 -0.06551395 0.10704105
v 0.107200846 -0.06730485 0.09758412
v 0.11315054 -0.055564698 0.08955512
v 0.11355294 -0.045342684 0.08071326
v 0.107211575 -0.04581889 0.07515099
v 0.11363813 -0.024618434 0.07001979
v 0.10659763 -0.02427291 0.06519249
v 0.113512285 3.5239868E-08 0.06650672
v 0.10712426 3.5431494E-08 0.06212279
v 0.12756759 3.515019E-08 0.0685583
v 0.11948427 3.5584662E-08 0.05861873
v 0.11918957 -0.026793022 0.063384674
v 0.12756759 -0.02363345 0.0723015
v 0.12697701 -0.04508066 0.08269395
v 0.11927011 -0.05022543 0.07455438
v 0.11929444 -0.061020095 0.08384306
v 0.12687829 -0.054608718 0.090812206
v 0.12990327 -0.041321866 0.09742337
v 0.13027512 -0.023296596 0.085985705
v 0.12962143 -0.054893665 0.11295785
v 0.12719043 -0.064911306 0.10637639
v 0.12669066 -0.074518755 0.12468267
v 0.13006939 -0.061649226 0.13196905
v 0.13022667 -0.06253608 0.15373623
v 0.13155517 -0.010179197 0.08835772
v 0.13207674 3.431395E-08 0.08768931
v 0.13171348 -0.021019308 0.09148908
v 0.12780546 -0.07545255 0.14503783
v 0.1194507 -0.08344698 0.12267764
v 0.119608164 -0.08627733 0.14504017
v 0.11954223 -0.08130201 0.1717222
v 0.12781034 -0.07173962 0.16834742
v 0.12789576 -0.060727067 0.18915863
v 0.11943236 -0.06972271 0.19598082
v 0.13152248 -0.05740801 0.15295042
v 0.13167839 -0.05045321 0.17221494
v 0.12950231 -0.037045788 0.19076973
v 0.11945237 -0.055842135 0.20891586
v 0.13043097 -0.039558493 0.1948645
v 0.1278497 -0.04815903 0.2013233
v 0.11941583 -0.03949097 0.22042447
v 0.12730458 -0.034957282 0.21147037
v 0.1305565 -0.020291792 0.20466955
v 0.12652686 -0.019794893 0.21964082
v 0.11935515 -0.022532621 0.22865452
v 0.12765011 6.66685E-08 0.22020444
v 0.13017991 6.718289E-08 0.20843664
v 0.113512285 3.5239868E-08 0.06650672
v 0.11918957 -0.026793022 0.063384674
v 0.11948427 3.5584662E-08 0.05861873
v 0.11363813 -0.024618434 0.07001979
v 0.11355294 -0.045342684 0.08071326
v 0.11927011 -0.05022543 0.07455438
v 0.11929444 -0.061020095 0.08384306
v 0.11315054 -0.055564698 0.08955512
v 0.1194507 -0.08344698 0.12267764
v 0.11300642 -0.07578192 0.12449993
v 0.11349608 -0.078700766 0.14440165
v 0.119608164 -0.08627733 0.14504017
v 0.11954223 -0.08130201 0.1717222
v 0.11349956 -0.07474421 0.16883692
v 0.113338925 -0.06399729 0.19046131
v 0.11943236 -0.06972271 0.19598082
v 0.11945237 -0.055842135 0.20891586
v 0.11341544 -0.053168375 0.20096429
v 0.11334584 -0.037037704 0.21285479
v 0.11941583 -0.03949097 0.22042447
v 0.113167495 -0.020206612 0.2207969
v 0.11935515 -0.022532621 0.22865452
v 0.12765011 6.66685E-08 0.22020444
v 0.12652686 -0.019794893 0.21964082
v 0.113167495 -0.020206612 0.2207969
v 0.11798986 6.666869E-08 0.2202
v 0.12669066 -0.074518755 0.12468267
v 0.11793351 -0.06551395 0.10704105
v 0.11300642 -0.07578192 0.12449993
v 0.12719043 -0.064911306 0.10637639
v 0.11315054 -0.055564698 0.08955512
v 0.12687829 -0.054608718 0.090812206
v 0.13660116 -0.009997562 0.08956055
v 0.13171348 -0.021019308 0.09148908
v 0.13659184 -0.021742688 0.09256568
v 0.13155517 -0.010179197 0.08835772
v 0.13660116 3.427379E-08 0.088608064
v 0.13207674 3.431395E-08 0.08768931
v 0.13503313 -0.024188673 0.08676679
v 0.13659184 -0.021742688 0.09256568
v 0.13171348 -0.021019308 0.09148908
v 0.13027512 -0.023296596 0.085985705
v 0.13659184 -0.021742688 0.09256568
v 0.13503313 -0.024188673 0.08676679
v 0.13482499 -0.040949155 0.097777754
v 0.14379732 -0.013801845 0.12201314
v 0.13660116 -0.009997562 0.08956055
v 0.14379732 5.2067808E-08 0.11787882
v 0.13660116 3.427379E-08 0.088608064
v 0.14379732 6.876011E-08 0.17235398
v 0.14379732 -0.025232736 0.13513508
v 0.13482498 -0.054721907 0.11300988
v 0.13482499 -0.061319333 0.13203707
v 0.13669635 -0.056260966 0.1521559
v 0.13492018 -0.062313 0.15302464
v 0.14379732 -0.025797239 0.15335692
v 0.13660116 -0.04906544 0.17170323
v 0.14379732 -0.013963286 0.16842636
v 0.13660116 -0.03478863 0.18970232
v 0.13482499 -0.020204931 0.20437592
v 0.13482498 6.719938E-08 0.2080592
v 0.13482498 -0.03873738 0.19478677
v 0.13492018 -0.062313 0.15302464
v 0.13022667 -0.06253608 0.15373623
v 0.13152248 -0.05740801 0.15295042
v 0.13669635 -0.056260966 0.1521559
v 0.13660116 -0.04906544 0.17170323
v 0.13669635 -0.056260966 0.1521559
v 0.13152248 -0.05740801 0.15295042
v 0.13167839 -0.05045321 0.17221494
v 0.12950231 -0.037045788 0.19076973
v 0.13660116 -0.03478863 0.18970232
v 0.13482498 -0.03873738 0.19478677
v 0.13660116 -0.03478863 0.18970232
v 0.12950231 -0.037045788 0.19076973
v 0.13043097 -0.039558493 0.1948645
v 0.12990327 -0.041321866 0.09742337
v 0.13503313 -0.024188673 0.08676679
v 0.13027512 -0.023296596 0.085985705
v 0.13482499 -0.040949155 0.097777754
v 0.12962143 -0.054893665 0.11295785
v 0.13482498 -0.054721907 0.11300988
v 0.13006939 -0.061649226 0.13196905
v 0.13482499 -0.061319333 0.13203707
v 0.13492018 -0.062313 0.15302464
v 0.13022667 -0.06253608 0.15373623
v 0.13482498 -0.03873738 0.19478677
v 0.13043097 -0.039558493 0.1948645
v 0.1305565 -0.020291792 0.20466955
v 0.13482499 -0.020204931 0.20437592
v 0.13017991 6.718289E-08 0.20843664
v 0.13482498 6.719938E-08 0.2080592
v 0.090726346 -0.10435995 0.14271411
v 0.090726346 -0.10435995 0.14738326
v 0.09158132 -0.10372459 0.14504865
v 0.08871007 -0.10577892 0.14864361
v 0.08871007 -0.10577892 0.14145374
v 0.074239045 -0.11523022 0.14148113
v 0.07411684 -0.11530557 0.14861642
v 0.057129987 -0.12577894 0.1486436
v 0.057129987 -0.12577896 0.14145373
v 0.0552906 -0.12700647 0.14738318
v 0.0552906 -0.12700646 0.14271413
v 0.054392327 -0.12759905 0.14504865
v -0.055297043 -0.0051280325 0.27843153
v -0.05358393 1.0223899E-07 0.27914742
v -0.025356984 1.01871734E-07 0.28754902
v -0.025763068 -0.044950034 0.28056413
v -0 1.01753216E-07 0.29026046
v -0 -0.04630208 0.28395522
v -0.05324292 -0.042197347 0.27257386
v -0.059411973 -0.007264225 0.27656552
v -0.025895294 -0.069158554 0.26812413
v -0 -0.07097775 0.27115077
v -0.07646149 -0.038489692 0.26166984
v -0.074592605 -0.0076539344 0.2680044
v -0.09134263 -0.0076583205 0.25639707
v -0.052892163 -0.06526108 0.26103896
v -0.025988111 -0.096710734 0.24795784
v -0 -0.0992086 0.25039798
v -0.052550234 -0.09117962 0.24221511
v -0.02593807 -0.11892792 0.22430721
v -0 -0.12182895 0.22626804
v -0.052427728 -0.11212265 0.21983032
v -0.025681512 -0.13583589 0.19026363
v -0 -0.1389065 0.19135077
v -0.026160479 -0.14290914 0.14504793
v -0 -0.14642023 0.14504868
v -0.026230289 -0.13578537 0.09983963
v -0 -0.13890651 0.09874657
v -0.025738167 -0.11374414 0.05829089
v -0 -0.1163617 0.056209438
v -0.025620766 -0.07940577 0.02594684
v -0 -0.08121936 0.023219656
v -0 -0.046302173 0.006142137
v -0.052009072 -0.107283875 0.063218586
v -0.026196586 -0.045146935 0.009364211
v -0 2.0518318E-08 -3.6505888E-15
v -0.02544152 2.1296541E-08 0.0036861822
v -0.05179387 -0.07477171 0.03244599
v -0.05542383 -0.005123175 0.011687003
v -0.053578347 2.336221E-08 0.010972993
v -0.054114375 -0.04237984 0.017583318
v -0.059423607 -0.007444618 0.013413992
v -0.07698789 -0.038136628 0.028960552
v -0.07649933 -0.007890032 0.022868732
v -0.09080111 -0.007736731 0.033129673
v -0.054114398 -0.12794931 0.102432
v -0.07810658 -0.096860014 0.07112769
v -0.077583246 -0.06729651 0.042776328
v -0.096590936 -0.033037867 0.04061412
v -0.055911362 -0.13304657 0.13946348
v -0.053511728 -0.13413875 0.14504868
v -0.055667765 -0.13323705 0.15058027
v -0.061320323 -0.13075137 0.13760212
v -0.07865967 -0.11672959 0.10653526
v -0.077691935 -0.121045604 0.13743272
v -0.09211584 -0.11084234 0.1377591
v -0.05295306 -0.12764624 0.18753582
v -0.060745053 -0.13071151 0.1522193
v -0.076801345 -0.11584135 0.18315315
v -0.07738645 -0.12105432 0.1523781
v -0.09211584 -0.1108423 0.15233824
v -0.097104885 -0.1041481 0.112898625
v -0.09523502 -0.10810743 0.14012013
v -0.09837114 -0.08628497 0.07946179
v -0.076705955 -0.102162704 0.21295148
v -0.09691001 -0.10328428 0.17689857
v -0.09523502 -0.10810743 0.14997719
v -0.09865684 -0.05964261 0.053537663
v -0.11255927 -0.050977077 0.06633215
v -0.11255927 -0.0766529 0.0910526
v -0.11255927 -0.089818105 0.1209515
v -0.11255927 -0.027002163 0.055963315
v -0.09523748 -0.005229474 0.03670274
v -0.112559296 3.5823906E-08 0.053145565
v -0.097030655 3.1709426E-08 0.03818617
v -0.112559296 -0.09213417 0.14504866
v -0.09691266 -0.10673094 0.14504865
v -0.11255927 -0.0898181 0.16914581
v -0.11255927 -0.08139919 0.19202173
v -0.09846655 -0.09101009 0.20245357
v -0.11255927 -0.06388558 0.21151198
v -0.09860506 -0.07400154 0.22218415
v -0.0982833 -0.053279996 0.23830418
v -0.11255927 -0.045736697 0.22543561
v -0.11255927 -0.027691199 0.23425628
v -0.07657991 -0.08328609 0.23366599
v -0.07649945 -0.059836924 0.250998
v -0.09781897 -0.03363698 0.24851076
v -0.0954187 -0.0053361235 0.2532515
v -0.112559296 6.593588E-08 0.2369648
v -0.09711376 6.528037E-08 0.25196114
v -0.057129987 -0.12577894 0.1486436
v -0.055667765 -0.13323705 0.15058027
v -0.0552906 -0.12700647 0.14738318
v -0.060745053 -0.13071151 0.1522193
v -0.07411684 -0.11530557 0.14861642
v -0.07738645 -0.12105432 0.1523781
v -0.09211584 -0.1108423 0.15233824
v -0.08871007 -0.10577892 0.14864361
v -0.09523502 -0.10810743 0.14997719
v -0.090726346 -0.10435995 0.14738326
v -0.09691266 -0.10673094 0.14504865
v -0.09158132 -0.10372459 0.14504865
v -0.090726346 -0.10435995 0.14271411
v -0.09523502 -0.10810743 0.14012013
v -0.08871007 -0.10577892 0.14145374
v -0.09211584 -0.11084234 0.1377591
v -0.074239045 -0.11523022 0.14148113
v -0.077691935 -0.121045604 0.13743272
v -0.061320323 -0.13075137 0.13760212
v -0.057129987 -0.12577896 0.14145373
v -0.055911362 -0.13304657 0.13946348
v -0.0552906 -0.12700646 0.14271413
v -0.053511728 -0.13413875 0.14504868
v -0.054392327 -0.12759905 0.14504865
v -0.0552906 -0.12700647 0.14738318
v -0.055667765 -0.13323705 0.15058027
v -0.055297043 -0.0051280325 0.27843153
v -0.054569177 1.0256412E-07 0.27170905
v -0.05358393 1.0223899E-07 0.27914742
v -0.056019492 -0.0023478433 0.27093437
v -0.059411973 -0.007264225 0.27656552
v -0.057973742 -0.003473713 0.2698782
v -0.074592605 -0.0076539344 0.2680044
v -0.07267641 -0.0034967533 0.26173368
v -0.09134263 -0.0076583205 0.25639707
v -0.09050445 -0.0034717666 0.2500279
v -0.0954187 -0.0053361235 0.2532515
v -0.09221027 -0.0023317444 0.2487528
v -0.09711376 6.528037E-08 0.25196114
v -0.09327735 6.545666E-08 0.2479281
v -0.057957616 1.0264385E-07 0.26988515
v -0.054569177 1.0256412E-07 0.27170905
v -0.056019492 -0.0023478433 0.27093437
v -0.057973742 -0.003473713 0.2698782
v -0.07267641 -0.0034967533 0.26173368
v -0.0726924 1.0299948E-07 0.2617492
v -0.09050445 -0.0034717666 0.2500279
v -0.09051822 6.536537E-08 0.25001657
v -0.09221027 -0.0023317444 0.2487528
v -0.09327735 6.545666E-08 0.2479281
v -0.112559296 6.593588E-08 0.2369648
v -0.11255927 -0.025579726 0.22867298
v -0.112559296 6.618091E-08 0.23135915
v -0.11255927 -0.027691199 0.23425628
v -0.11255927 -0.042490315 0.2207728
v -0.11255927 -0.045736697 0.22543561
v -0.11255927 -0.059091687 0.20805216
v -0.11255927 -0.06388558 0.21151198
v -0.11255927 -0.07698801 0.18844007
v -0.11255927 -0.08139919 0.19202173
v -0.11255927 -0.0898181 0.16914581
v -0.11255927 -0.08416697 0.16730843
v -0.112559296 -0.09213417 0.14504866
v -0.112559296 -0.08623566 0.14504865
v -0.11255927 -0.08414377 0.12278889
v -0.11255927 -0.089818105 0.1209515
v -0.11255927 -0.07247322 0.09516981
v -0.11255927 -0.0766529 0.0910526
v -0.11255927 -0.04812866 0.07136185
v -0.11255927 -0.050977077 0.06633215
v -0.11255927 -0.025579805 0.061290164
v -0.11255927 -0.027002163 0.055963315
v -0.112559296 3.5823906E-08 0.053145565
v -0.112559296 3.5576896E-08 0.05879644
v -0.112559296 6.618091E-08 0.23135915
v -0.10720844 -0.024432875 0.22457838
v -0.10722096 6.630932E-08 0.22842151
v -0.11255927 -0.025579726 0.22867298
v -0.11255927 -0.042490315 0.2207728
v -0.1072025 -0.04057667 0.21639737
v -0.10720421 -0.056267094 0.20396459
v -0.11255927 -0.059091687 0.20805216
v -0.11255927 -0.07698801 0.18844007
v -0.10721942 -0.072976954 0.1864366
v -0.11255927 -0.08416697 0.16730843
v -0.10723987 -0.08119814 0.16616851
v -0.112559296 -0.08623566 0.14504865
v -0.10723875 -0.08369699 0.14504865
v -0.10722131 -0.08067366 0.12373822
v -0.11255927 -0.08414377 0.12278889
v -0.11255927 -0.07247322 0.09516981
v -0.107200846 -0.06730485 0.09758412
v -0.11255927 -0.04812866 0.07136185
v -0.107211575 -0.04581889 0.07515099
v -0.10659763 -0.02427291 0.06519249
v -0.11255927 -0.025579805 0.061290164
v -0.112559296 3.5576896E-08 0.05879644
v -0.10712426 3.5431494E-08 0.06212279
v -0.05542383 -0.005123175 0.011687003
v -0.053578347 2.336221E-08 0.010972993
v -0.054569177 2.5422269E-08 0.018388193
v -0.056019492 -0.0023479278 0.019162903
v -0.059423607 -0.007444618 0.013413992
v -0.057973742 -0.0034737664 0.020219075
v -0.07649933 -0.007890032 0.022868732
v -0.073071584 -0.0034975824 0.028578369
v -0.09080111 -0.007736731 0.033129673
v -0.09050445 -0.0034718765 0.040069364
v -0.09523748 -0.005229474 0.03670274
v -0.09221027 -0.0023318115 0.04134446
v -0.097030655 3.1709426E-08 0.03818617
v -0.09327735 2.6766953E-08 0.04216915
v -0.057957616 2.772673E-08 0.020212049
v -0.056019492 -0.0023479278 0.019162903
v -0.054569177 2.5422269E-08 0.018388193
v -0.057973742 -0.0034737664 0.020219075
v -0.073071584 -0.0034975824 0.028578369
v -0.07321444 2.7358714E-08 0.028631274
v -0.09050445 -0.0034718765 0.040069364
v -0.09051822 2.6858244E-08 0.04008068
v -0.09221027 -0.0023318115 0.04134446
v -0.09327735 2.6766953E-08 0.04216915
v -0.10720844 -0.024432875 0.22457838
v -0.11798986 6.666869E-08 0.2202
v -0.10722096 6.630932E-08 0.22842151
v -0.113167495 -0.020206612 0.2207969
v -0.11334584 -0.037037704 0.21285479
v -0.1072025 -0.04057667 0.21639737
v -0.11341544 -0.053168375 0.20096429
v -0.10720421 -0.056267094 0.20396459
v -0.113338925 -0.06399729 0.19046131
v -0.10721942 -0.072976954 0.1864366
v -0.11349956 -0.07474421 0.16883692
v -0.10723987 -0.08119814 0.16616851
v -0.11349608 -0.078700766 0.14440165
v -0.10723875 -0.08369699 0.14504865
v -0.11300642 -0.07578192 0.12449993
v -0.10722131 -0.08067366 0.12373822
v -0.11793351 -0.06551395 0.10704105
v -0.107200846 -0.06730485 0.09758412
v -0.11315054 -0.055564698 0.08955512
v -0.11355294 -0.045342684 0.08071326
v -0.107211575 -0.04581889 0.07515099
v -0.11363813 -0.024618434 0.07001979
v -0.10659763 -0.02427291 0.06519249
v -0.113512285 3.5239868E-08 0.06650672
v -0.10712426 3.5431494E-08 0.06212279
v -0.12756759 3.515019E-08 0.0685583
v -0.11918957 -0.026793022 0.063384674
v -0.11948427 3.5584662E-08 0.05861873
v -0.12756759 -0.02363345 0.0723015
v -0.12697701 -0.04508066 0.08269395
v -0.11927011 -0.05022543 0.07455438
v -0.11929444 -0.061020095 0.08384306
v -0.12687829 -0.054608718 0.090812206
v -0.12990327 -0.041321866 0.09742337
v -0.13027512 -0.023296596 0.085985705
v -0.12962143 -0.054893665 0.11295785
v -0.12719043 -0.064911306 0.10637639
v -0.12669066 -0.074518755 0.12468267
v -0.13006939 -0.061649226 0.13196905
v -0.13022667 -0.06253608 0.15373623
v -0.13155517 -0.010179197 0.08835772
v -0.13207674 3.431395E-08 0.08768931
v -0.13171348 -0.021019308 0.09148908
v -0.12780546 -0.07545255 0.14503783
v -0.1194507 -0.08344698 0.12267764
v -0.119608164 -0.08627733 0.14504017
v -0.11954223 -0.08130201 0.1717222
v -0.12781034 -0.07173962 0.16834742
v -0.12789576 -0.060727067 0.18915863
v -0.11943236 -0.06972271 0.19598082
v -0.13152248 -0.05740801 0.15295042
v -0.13167839 -0.05045321 0.17221494
v -0.12950231 -0.037045788 0.19076973
v -0.11945237 -0.055842135 0.20891586
v -0.13043097 -0.039558493 0.1948645
v -0.1278497 -0.04815903 0.2013233
v -0.11941583 -0.03949097 0.22042447
v -0.12730458 -0.034957282 0.21147037
v -0.1305565 -0.020291792 0.20466955
v -0.12652686 -0.019794893 0.21964082
v -0.11935515 -0.022532621 0.22865452
v -0.12765011 6.66685E-08 0.22020444
v -0.13017991 6.718289E-08 0.20843664
v -0.113512285 3.5239868E-08 0.06650672
v -0.11948427 3.5584662E-08 0.05861873
v -0.11918957 -0.026793022 0.063384674
v -0.11363813 -0.024618434 0.07001979
v -0.11355294 -0.045342684 0.08071326
v -0.11927011 -0.05022543 0.07455438
v -0.11929444 -0.061020095 0.08384306
v -0.11315054 -0.055564698 0.08955512
v -0.1194507 -0.08344698 0.12267764
v -0.11349608 -0.078700766 0.14440165
v -0.11300642 -0.07578192 0.12449993
v -0.119608164 -0.08627733 0.14504017
v -0.11954223 -0.08130201 0.1717222
v -0.11349956 -0.07474421 0.16883692
v -0.113338925 -0.06399729 0.19046131
v -0.11943236 -0.06972271 0.19598082
v -0.11945237 -0.055842135 0.20891586
v -0.11341544 -0.053168375 0.20096429
v -0.11334584 -0.037037704 0.21285479
v -0.11941583 -0.03949097 0.22042447
v -0.113167495 -0.020206612 0.2207969
v -0.11935515 -0.022532621 0.22865452
v -0.12765011 6.66685E-08 0.22020444
v -0.113167495 -0.020206612 0.2207969
v -0.12652686 -0.019794893 0.21964082
v -0.11798986 6.666869E-08 0.2202
v -0.12669066 -0.074518755 0.12468267
v -0.11300642 -0.07578192 0.12449993
v -0.11793351 -0.06551395 0.10704105
v -0.12719043 -0.064911306 0.10637639
v -0.11315054 -0.055564698 0.08955512
v -0.12687829 -0.054608718 0.090812206
v -0.13660116 -0.009997562 0.08956055
v -0.13659184 -0.021742688 0.09256568
v -0.13171348 -0.021019308 0.09148908
v -0.13155517 -0.010179197 0.08835772
v -0.13660116 3.427379E-08 0.088608064
v -0.13207674 3.431395E-08 0.08768931
v -0.13503313 -0.024188673 0.08676679
v -0.13027512 -0.023296596 0.085985705
v -0.13171348 -0.021019308 0.09148908
v -0.13659184 -0.021742688 0.09256568
v -0.13659184 -0.021742688 0.09256568
v -0.13482499 -0.040949155 0.097777754
v -0.13503313 -0.024188673 0.08676679
v -0.14379732 -0.013801845 0.12201314
v -0.13660116 -0.009997562 0.08956055
v -0.14379732 5.2067808E-08 0.11787882
v -0.13660116 3.427379E-08 0.088608064
v -0.14379732 6.876011E-08 0.17235398
v -0.14379732 -0.025232736 0.13513508
v -0.13482498 -0.054721907 0.11300988
v -0.13482499 -0.061319333 0.13203707
v -0.13669635 -0.056260966 0.1521559
v -0.13492018 -0.062313 0.15302464
v -0.14379732 -0.025797239 0.15335692
v -0.13660116 -0.04906544 0.17170323
v -0.14379732 -0.013963286 0.16842636
v -0.13660116 -0.03478863 0.18970232
v -0.13482499 -0.020204931 0.20437592
v -0.13482498 6.719938E-08 0.2080592
v -0.13482498 -0.03873738 0.19478677
v -0.13492018 -0.062313 0.15302464
v -0.13669635 -0.056260966 0.1521559
v -0.13152248 -0.05740801 0.15295042
v -0.13022667 -0.06253608 0.15373623
v -0.13660116 -0.04906544 0.17170323
v -0.13152248 -0.05740801 0.15295042
v -0.13669635 -0.056260966 0.1521559
v -0.13167839 -0.05045321 0.17221494
v -0.12950231 -0.037045788 0.19076973
v -0.13660116 -0.03478863 0.18970232
v -0.13482498 -0.03873738 0.19478677
v -0.13043097 -0.039558493 0.1948645
v -0.12950231 -0.037045788 0.19076973
v -0.13660116 -0.03478863 0.18970232
v -0.12990327 -0.041321866 0.09742337
v -0.13027512 -0.023296596 0.085985705
v -0.13503313 -0.024188673 0.08676679
v -0.13482499 -0.040949155 0.097777754
v -0.12962143 -0.054893665 0.11295785
v -0.13482498 -0.054721907 0.11300988
v -0.13006939 -0.061649226 0.13196905
v -0.13482499 -0.061319333 0.13203707
v -0.13492018 -0.062313 0.15302464
v -0.13022667 -0.06253608 0.15373623
v -0.13482498 -0.03873738 0.19478677
v -0.1305565 -0.020291792 0.20466955
v -0.13043097 -0.039558493 0.1948645
v -0.13482499 -0.020204931 0.20437592
v -0.13017991 6.718289E-08 0.20843664
v -0.13482498 6.719938E-08 0.2080592
v -0.090726346 -0.10435995 0.14271411
v -0.09158132 -0.10372459 0.14504865
v -0.090726346 -0.10435995 0.14738326
v -0.08871007 -0.10577892 0.14864361
v -0.08871007 -0.10577892 0.14145374
v -0.074239045 -0.11523022 0.14148113
v -0.07411684 -0.11530557 0.14861642
v -0.057129987 -0.12577894 0.1486436
v -0.057129987 -0.12577896 0.14145373
v -0.0552906 -0.12700647 0.14738318
v -0.0552906 -0.12700646 0.14271413
v -0.054392327 -0.12759905 0.14504865
v 0.055297043 0.0051281992 0.27843153
v 0.05358393 1.0223899E-07 0.27914742
v 0.025356984 1.01871734E-07 0.28754902
v 0.025763068 0.044950236 0.2805641
v -0 1.01753216E-07 0.29026046
v -0 0.04630224 0.28395516
v 0.05324292 0.042197518 0.2725738
v 0.059411973 0.0072644297 0.27656552
v 0.025895294 0.069158725 0.2681241
v -0 0.07097792 0.27115074
v 0.07646149 0.03848986 0.26166984
v 0.074592605 0.0076541393 0.2680044
v 0.09134263 0.0076584886 0.25639707
v 0.052892163 0.06526125 0.2610389
v 0.025988111 0.096710905 0.24795778
v -0 0.09920877 0.25039792
v 0.052550234 0.09117979 0.24221505
v 0.02593807 0.11892809 0.22430713
v -0 0.12182912 0.22626796
v 0.052427728 0.11212282 0.21983026
v 0.025681512 0.13583605 0.19026355
v -0 0.13890661 0.1913507
v 0.026160479 0.14290924 0.14504786
v -0 0.14642034 0.14504859
v 0.026230289 0.13578548 0.09983957
v -0 0.1389066 0.098746486
v 0.025738167 0.11374422 0.058290824
v -0 0.1163618 0.05620937
v 0.025620766 0.07940582 0.025946798
v -0 0.08121941 0.023219623
v -0 0.046302218 0.006142112
v 0.052009072 0.10728395 0.063218534
v 0.026196586 0.04514699 0.009364186
v -0 2.0518318E-08 -3.6505888E-15
v 0.02544152 2.1296541E-08 0.0036861822
v 0.05179387 0.07477176 0.032445956
v 0.05542383 0.0051232204 0.011687
v 0.053578347 2.336221E-08 0.010972993
v 0.054114375 0.042379893 0.017583294
v 0.059423607 0.007444664 0.013413988
v 0.07698789 0.038136683 0.028960537
v 0.07649933 0.007890084 0.022868728
v 0.09080111 0.0077367905 0.033129673
v 0.054114398 0.12794942 0.10243195
v 0.07810658 0.09686009 0.07112763
v 0.077583246 0.06729657 0.042776298
v 0.096590936 0.033037934 0.040614102
v 0.055911362 0.1330467 0.13946341
v 0.053511728 0.13413888 0.1450486
v 0.055667765 0.13323717 0.1505802
v 0.061320323 0.13075148 0.13760206
v 0.07865967 0.11672972 0.106535204
v 0.077691935 0.1210457 0.13743268
v 0.09211584 0.11084244 0.13775907
v 0.05295306 0.12764639 0.18753573
v 0.060745053 0.13071162 0.15221922
v 0.076801345 0.1158415 0.1831531
v 0.07738645 0.12105442 0.15237805
v 0.09211584 0.1108424 0.15233818
v 0.097104885 0.104148194 0.11289857
v 0.09523502 0.108107544 0.14012007
v 0.09837114 0.086285055 0.079461746
v 0.076705955 0.102162875 0.2129514
v 0.09691001 0.103284396 0.17689851
v 0.09523502 0.10810757 0.14997712
v 0.09865684 0.059642673 0.053537644
v 0.11255927 0.05097715 0.0663321
v 0.11255927 0.076652974 0.09105254
v 0.11255927 0.08981821 0.12095146
v 0.11255927 0.027002225 0.0559633
v 0.09523748 0.0052295327 0.036702733
v 0.112559296 3.5823906E-08 0.053145565
v 0.097030655 3.1709426E-08 0.03818617
v 0.112559296 0.09213427 0.1450486
v 0.09691266 0.10673105 0.14504859
v 0.11255927 0.08981821 0.16914575
v 0.11255927 0.08139932 0.19202167
v 0.09846655 0.09101023 0.20245351
v 0.11255927 0.06388571 0.21151197
v 0.09860506 0.074001715 0.2221841
v 0.0982833 0.053280167 0.23830415
v 0.11255927 0.04573683 0.22543561
v 0.11255927 0.027691372 0.23425627
v 0.07657991 0.08328626 0.23366596
v 0.07649945 0.059837095 0.25099796
v 0.09781897 0.033637147 0.24851076
v 0.0954187 0.0053362916 0.25325146
v 0.112559296 6.593588E-08 0.2369648
v 0.09711376 6.528037E-08 0.25196114
v 0.057129987 0.12577908 0.14864355
v 0.055667765 0.13323717 0.1505802
v 0.0552906 0.12700659 0.14738314
v 0.060745053 0.13071162 0.15221922
v 0.07411684 0.115305685 0.14861637
v 0.07738645 0.12105442 0.15237805
v 0.09211584 0.1108424 0.15233818
v 0.08871007 0.10577904 0.14864354
v 0.09523502 0.10810757 0.14997712
v 0.090726346 0.104360044 0.1473832
v 0.09691266 0.10673105 0.14504859
v 0.09158132 0.10372469 0.1450486
v 0.090726346 0.104360044 0.14271402
v 0.09523502 0.108107544 0.14012007
v 0.08871007 0.10577905 0.14145367
v 0.09211584 0.11084244 0.13775907
v 0.074239045 0.115230344 0.14148107
v 0.077691935 0.1210457 0.13743268
v 0.061320323 0.13075148 0.13760206
v 0.057129987 0.12577905 0.14145367
v 0.055911362 0.1330467 0.13946341
v 0.0552906 0.12700656 0.14271408
v 0.053511728 0.13413888 0.1450486
v 0.054392327 0.12759916 0.1450486
v 0.0552906 0.12700659 0.14738314
v 0.055667765 0.13323717 0.1505802
v 0.055297043 0.0051281992 0.27843153
v 0.054569177 1.0256412E-07 0.27170905
v 0.05358393 1.0223899E-07 0.27914742
v 0.056019492 0.0023480104 0.27093437
v 0.059411973 0.0072644297 0.27656552
v 0.057973742 0.00347388 0.26987818
v 0.074592605 0.0076541393 0.2680044
v 0.07267641 0.0034969214 0.26173368
v 0.09134263 0.0076584886 0.25639707
v 0.09050445 0.0034719354 0.2500279
v 0.0954187 0.0053362916 0.25325146
v 0.09221027 0.0023319134 0.24875277
v 0.09711376 6.528037E-08 0.25196114
v 0.09327735 6.545666E-08 0.2479281
v 0.057957616 1.0264385E-07 0.26988515
v 0.054569177 1.0256412E-07 0.27170905
v 0.056019492 0.0023480104 0.27093437
v 0.057973742 0.00347388 0.26987818
v 0.07267641 0.0034969214 0.26173368
v 0.0726924 1.0299948E-07 0.2617492
v 0.09050445 0.0034719354 0.2500279
v 0.09051822 6.536537E-08 0.25001657
v 0.09221027 0.0023319134 0.24875277
v 0.09327735 6.545666E-08 0.2479281
v 0.112559296 6.593588E-08 0.2369648
v 0.11255927 0.025579898 0.22867298
v 0.112559296 6.618091E-08 0.23135915
v 0.11255927 0.027691372 0.23425627
v 0.11255927 0.04249045 0.22077276
v 0.11255927 0.04573683 0.22543561
v 0.11255927 0.05909186 0.20805211
v 0.11255927 0.06388571 0.21151197
v 0.11255927 0.07698817 0.18844001
v 0.11255927 0.08139932 0.19202167
v 0.11255927 0.08981821 0.16914575
v 0.11255927 0.08416708 0.16730839
v 0.112559296 0.09213427 0.1450486
v 0.112559296 0.08623575 0.1450486
v 0.11255927 0.08414385 0.122788854
v 0.11255927 0.08981821 0.12095146
v 0.11255927 0.0724733 0.09516976
v 0.11255927 0.076652974 0.09105254
v 0.11255927 0.04812874 0.071361825
v 0.11255927 0.05097715 0.0663321
v 0.11255927 0.025579877 0.061290145
v 0.11255927 0.027002225 0.0559633
v 0.112559296 3.5823906E-08 0.053145565
v 0.112559296 3.5576896E-08 0.05879644
v 0.112559296 6.618091E-08 0.23135915
v 0.10720844 0.02443301 0.22457835
v 0.10722096 6.630932E-08 0.22842151
v 0.11255927 0.025579898 0.22867298
v 0.11255927 0.04249045 0.22077276
v 0.1072025 0.040576804 0.21639737
v 0.10720421 0.056267228 0.20396458
v 0.11255927 0.05909186 0.20805211
v 0.11255927 0.07698817 0.18844001
v 0.10721942 0.07297709 0.18643653
v 0.11255927 0.08416708 0.16730839
v 0.10723987 0.08119825 0.16616845
v 0.112559296 0.08623575 0.1450486
v 0.10723875 0.08369711 0.1450486
v 0.10722131 0.08067373 0.123738185
v 0.11255927 0.08414385 0.122788854
v 0.11255927 0.0724733 0.09516976
v 0.107200846 0.06730495 0.09758408
v 0.11255927 0.04812874 0.071361825
v 0.107211575 0.045818977 0.07515096
v 0.10659763 0.02427299 0.065192476
v 0.11255927 0.025579877 0.061290145
v 0.112559296 3.5576896E-08 0.05879644
v 0.10712426 3.5431494E-08 0.06212279
v 0.05542383 0.0051232204 0.011687
v 0.053578347 2.336221E-08 0.010972993
v 0.054569177 2.5422269E-08 0.018388193
v 0.056019492 0.002347976 0.0191629
v 0.059423607 0.007444664 0.013413988
v 0.057973742 0.0034738195 0.020219075
v 0.07649933 0.007890084 0.022868728
v 0.073071584 0.003497642 0.028578369
v 0.09080111 0.0077367905 0.033129673
v 0.09050445 0.003471935 0.040069364
v 0.09523748 0.0052295327 0.036702733
v 0.09221027 0.0023318748 0.041344456
v 0.097030655 3.1709426E-08 0.03818617
v 0.09327735 2.6766953E-08 0.04216915
v 0.057957616 2.772673E-08 0.020212049
v 0.056019492 0.002347976 0.0191629
v 0.054569177 2.5422269E-08 0.018388193
v 0.057973742 0.0034738195 0.020219075
v 0.073071584 0.003497642 0.028578369
v 0.07321444 2.7358714E-08 0.028631274
v 0.09050445 0.003471935 0.040069364
v 0.09051822 2.6858244E-08 0.04008068
v 0.09221027 0.0023318748 0.041344456
v 0.09327735 2.6766953E-08 0.04216915
v 0.10720844 0.02443301 0.22457835
v 0.11798986 6.666869E-08 0.2202
v 0.10722096 6.630932E-08 0.22842151
v 0.113167495 0.020206744 0.2207969
v 0.11334584 0.037037876 0.21285474
v 0.1072025 0.040576804 0.21639737
v 0.11341544 0.05316851 0.20096427
v 0.10720421 0.056267228 0.20396458
v 0.113338925 0.0639974 0.19046126
v 0.10721942 0.07297709 0.18643653
v 0.11349956 0.07474432 0.16883688
v 0.10723987 0.08119825 0.16616845
v 0.11349608 0.07870088 0.1444016
v 0.10723875 0.08369711 0.1450486
v 0.11300642 0.07578204 0.12449988
v 0.10722131 0.08067373 0.123738185
v 0.11793351 0.065514036 0.107041016
v 0.107200846 0.06730495 0.09758408
v 0.11315054 0.055564776 0.08955509
v 0.11355294 0.045342777 0.080713235
v 0.107211575 0.045818977 0.07515096
v 0.11363813 0.024618506 0.070019774
v 0.10659763 0.02427299 0.065192476
v 0.113512285 3.5239868E-08 0.06650672
v 0.10712426 3.5431494E-08 0.06212279
v 0.12756759 3.515019E-08 0.0685583
v 0.11918957 0.026793092 0.06338465
v 0.11948427 3.5584662E-08 0.05861873
v 0.12756759 0.023633523 0.072301485
v 0.12697701 0.045080747 0.08269393
v 0.11927011 0.050225496 0.07455435
v 0.11929444 0.061020173 0.08384303
v 0.12687829 0.054608792 0.09081217
v 0.12990327 0.041321956 0.09742335
v 0.13027512 0.023296673 0.0859857
v 0.12962143 0.05489377 0.11295782
v 0.12719043 0.064911395 0.10637634
v 0.12669066 0.074518844 0.12468263
v 0.13006939 0.06164931 0.13196902
v 0.13022667 0.06253621 0.1537362
v 0.13155517 0.010179286 0.0883577
v 0.13207674 3.431395E-08 0.08768931
v 0.13171348 0.021019394 0.091489054
v 0.12780546 0.07545266 0.14503779
v 0.1194507 0.083447054 0.1226776
v 0.119608164 0.086277425 0.14504012
v 0.11954223 0.08130213 0.17172216
v 0.12781034 0.071739756 0.16834737
v 0.12789576 0.06072718 0.18915859
v 0.11943236 0.069722846 0.19598077
v 0.13152248 0.05740815 0.15295038
v 0.13167839 0.050453324 0.17221491
v 0.12950231 0.037045926 0.19076969
v 0.11945237 0.05584227 0.20891581
v 0.13043097 0.039558627 0.19486448
v 0.1278497 0.048159163 0.20132326
v 0.11941583 0.039491143 0.22042447
v 0.12730458 0.034957454 0.21147035
v 0.1305565 0.020291926 0.20466954
v 0.12652686 0.019795025 0.21964082
v 0.11935515 0.022532795 0.22865449
v 0.12765011 6.66685E-08 0.22020444
v 0.13017991 6.718289E-08 0.20843664
v 0.113512285 3.5239868E-08 0.06650672
v 0.11948427 3.5584662E-08 0.05861873
v 0.11918957 0.026793092 0.06338465
v 0.11363813 0.024618506 0.070019774
v 0.11355294 0.045342777 0.080713235
v 0.11927011 0.050225496 0.07455435
v 0.11929444 0.061020173 0.08384303
v 0.11315054 0.055564776 0.08955509
v 0.1194507 0.083447054 0.1226776
v 0.11349608 0.07870088 0.1444016
v 0.11300642 0.07578204 0.12449988
v 0.119608164 0.086277425 0.14504012
v 0.11954223 0.08130213 0.17172216
v 0.11349956 0.07474432 0.16883688
v 0.113338925 0.0639974 0.19046126
v 0.11943236 0.069722846 0.19598077
v 0.11945237 0.05584227 0.20891581
v 0.11341544 0.05316851 0.20096427
v 0.11334584 0.037037876 0.21285474
v 0.11941583 0.039491143 0.22042447
v 0.113167495 0.020206744 0.2207969
v 0.11935515 0.022532795 0.22865449
v 0.12765011 6.66685E-08 0.22020444
v 0.113167495 0.020206744 0.2207969
v 0.12652686 0.019795025 0.21964082
v 0.11798986 6.666869E-08 0.2202
v 0.12669066 0.074518844 0.12468263
v 0.11300642 0.07578204 0.12449988
v 0.11793351 0.065514036 0.107041016
v 0.12719043 0.064911395 0.10637634
v 0.11315054 0.055564776 0.08955509
v 0.12687829 0.054608792 0.09081217
v 0.13660116 0.009997649 0.08956054
v 0.13659184 0.021742774 0.09256568
v 0.13171348 0.021019394 0.091489054
v 0.13155517 0.010179286 0.0883577
v 0.13660116 3.427379E-08 0.088608064
v 0.13207674 3.431395E-08 0.08768931
v 0.13503313 0.024188759 0.086766765
v 0.13027512 0.023296673 0.0859857
v 0.13171348 0.021019394 0.091489054
v 0.13659184 0.021742774 0.09256568
v 0.13659184 0.021742774 0.09256568
v 0.13482499 0.04094924 0.09777774
v 0.13503313 0.024188759 0.086766765
v 0.14379732 0.01380195 0.12201313
v 0.13660116 0.009997649 0.08956054
v 0.14379732 5.2067808E-08 0.11787882
v 0.13660116 3.427379E-08 0.088608064
v 0.14379732 6.876011E-08 0.17235398
v 0.14379732 0.025232842 0.13513505
v 0.13482498 0.054721992 0.11300984
v 0.13482499 0.061319456 0.13203703
v 0.13669635 0.05626109 0.15215586
v 0.13492018 0.062313147 0.15302463
v 0.14379732 0.025797376 0.15335691
v 0.13660116 0.049065575 0.1717032
v 0.14379732 0.013963424 0.16842636
v 0.13660116 0.03478877 0.18970232
v 0.13482499 0.020205066 0.20437591
v 0.13482498 6.719938E-08 0.2080592
v 0.13482498 0.038737513 0.19478674
v 0.13492018 0.062313147 0.15302463
v 0.13669635 0.05626109 0.15215586
v 0.13152248 0.05740815 0.15295038
v 0.13022667 0.06253621 0.1537362
v 0.13660116 0.049065575 0.1717032
v 0.13152248 0.05740815 0.15295038
v 0.13669635 0.05626109 0.15215586
v 0.13167839 0.050453324 0.17221491
v 0.12950231 0.037045926 0.19076969
v 0.13660116 0.03478877 0.18970232
v 0.13482498 0.038737513 0.19478674
v 0.13043097 0.039558627 0.19486448
v 0.12950231 0.037045926 0.19076969
v 0.13660116 0.03478877 0.18970232
v 0.12990327 0.041321956 0.09742335
v 0.13027512 0.023296673 0.0859857
v 0.13503313 0.024188759 0.086766765
v 0.13482499 0.04094924 0.09777774
v 0.12962143 0.05489377 0.11295782
v 0.13482498 0.054721992 0.11300984
v 0.13006939 0.06164931 0.13196902
v 0.13482499 0.061319456 0.13203703
v 0.13492018 0.062313147 0.15302463
v 0.13022667 0.06253621 0.1537362
v 0.13482498 0.038737513 0.19478674
v 0.1305565 0.020291926 0.20466954
v 0.13043097 0.039558627 0.19486448
v 0.13482499 0.020205066 0.20437591
v 0.13017991 6.718289E-08 0.20843664
v 0.13482498 6.719938E-08 0.2080592
v 0.090726346 0.104360044 0.14271402
v 0.09158132 0.10372469 0.1450486
v 0.090726346 0.104360044 0.1473832
v 0.08871007 0.10577904 0.14864354
v 0.08871007 0.10577905 0.14145367
v 0.074239045 0.115230344 0.14148107
v 0.07411684 0.115305685 0.14861637
v 0.057129987 0.12577908 0.14864355
v 0.057129987 0.12577905 0.14145367
v 0.0552906 0.12700659 0.14738314
v 0.0552906 0.12700656 0.14271408
v 0.054392327 0.12759916 0.1450486
v -0.025356984 1.01871734E-07 0.28754902
v -0.05358393 1.0223899E-07 0.27914742
v -0.055297043 0.0051281992 0.27843153
v -0.025763068 0.044950236 0.2805641
v -0 1.01753216E-07 0.29026046
v -0 0.04630224 0.28395516
v -0.05324292 0.042197518 0.2725738
v -0.059411973 0.0072644297 0.27656552
v -0.025895294 0.069158725 0.2681241
v -0 0.07097792 0.27115074
v -0.07646149 0.03848986 0.26166984
v -0.074592605 0.0076541393 0.2680044
v -0.09134263 0.0076584886 0.25639707
v -0.052892163 0.06526125 0.2610389
v -0.025988111 0.096710905 0.24795778
v -0 0.09920877 0.25039792
v -0.052550234 0.09117979 0.24221505
v -0.02593807 0.11892809 0.22430713
v -0 0.12182912 0.22626796
v -0.052427728 0.11212282 0.21983026
v -0.025681512 0.13583605 0.19026355
v -0 0.13890661 0.1913507
v -0.026160479 0.14290924 0.14504786
v -0 0.14642034 0.14504859
v -0.026230289 0.13578548 0.09983957
v -0 0.1389066 0.098746486
v -0.025738167 0.11374422 0.058290824
v -0 0.1163618 0.05620937
v -0.025620766 0.07940582 0.025946798
v -0 0.08121941 0.023219623
v -0 0.046302218 0.006142112
v -0.052009072 0.10728395 0.063218534
v -0.026196586 0.04514699 0.009364186
v -0 2.0518318E-08 -3.6505888E-15
v -0.02544152 2.1296541E-08 0.0036861822
v -0.05179387 0.07477176 0.032445956
v -0.05542383 0.0051232204 0.011687
v -0.053578347 2.336221E-08 0.010972993
v -0.054114375 0.042379893 0.017583294
v -0.059423607 0.007444664 0.013413988
v -0.07698789 0.038136683 0.028960537
v -0.07649933 0.007890084 0.022868728
v -0.09080111 0.0077367905 0.033129673
v -0.054114398 0.12794942 0.10243195
v -0.07810658 0.09686009 0.07112763
v -0.077583246 0.06729657 0.042776298
v -0.096590936 0.033037934 0.040614102
v -0.055911362 0.1330467 0.13946341
v -0.053511728 0.13413888 0.1450486
v -0.055667765 0.13323717 0.1505802
v -0.061320323 0.13075148 0.13760206
v -0.07865967 0.11672972 0.106535204
v -0.077691935 0.1210457 0.13743268
v -0.09211584 0.11084244 0.13775907
v -0.05295306 0.12764639 0.18753573
v -0.060745053 0.13071162 0.15221922
v -0.076801345 0.1158415 0.1831531
v -0.07738645 0.12105442 0.15237805
v -0.09211584 0.1108424 0.15233818
v -0.097104885 0.104148194 0.11289857
v -0.09523502 0.108107544 0.14012007
v -0.09837114 0.086285055 0.079461746
v -0.076705955 0.102162875 0.2129514
v -0.09691001 0.103284396 0.17689851
v -0.09523502 0.10810757 0.14997712
v -0.09865684 0.059642673 0.053537644
v -0.11255927 0.05097715 0.0663321
v -0.11255927 0.076652974 0.09105254
v -0.11255927 0.08981821 0.12095146
v -0.11255927 0.027002225 0.0559633
v -0.09523748 0.0052295327 0.036702733
v -0.112559296 3.5823906E-08 0.053145565
v -0.097030655 3.1709426E-08 0.03818617
v -0.112559296 0.09213427 0.1450486
v -0.09691266 0.10673105 0.14504859
v -0.11255927 0.08981821 0.16914575
v -0.11255927 0.08139932 0.19202167
v -0.09846655 0.09101023 0.20245351
v -0.11255927 0.06388571 0.21151197
v -0.09860506 0.074001715 0.2221841
v -0.0982833 0.053280167 0.23830415
v -0.11255927 0.04573683 0.22543561
v -0.11255927 0.027691372 0.23425627
v -0.07657991 0.08328626 0.23366596
v -0.07649945 0.059837095 0.25099796
v -0.09781897 0.033637147 0.24851076
v -0.0954187 0.0053362916 0.25325146
v -0.112559296 6.593588E-08 0.2369648
v -0.09711376 6.528037E-08 0.25196114
v -0.057129987 0.12577908 0.14864355
v -0.0552906 0.12700659 0.14738314
v -0.055667765 0.13323717 0.1505802
v -0.060745053 0.13071162 0.15221922
v -0.07411684 0.115305685 0.14861637
v -0.07738645 0.12105442 0.15237805
v -0.09211584 0.1108424 0.15233818
v -0.08871007 0.10577904 0.14864354
v -0.09523502 0.10810757 0.14997712
v -0.090726346 0.104360044 0.1473832
v -0.09691266 0.10673105 0.14504859
v -0.09158132 0.10372469 0.1450486
v -0.090726346 0.104360044 0.14271402
v -0.09523502 0.108107544 0.14012007
v -0.08871007 0.10577905 0.14145367
v -0.09211584 0.11084244 0.13775907
v -0.074239045 0.115230344 0.14148107
v -0.077691935 0.1210457 0.13743268
v -0.061320323 0.13075148 0.13760206
v -0.057129987 0.12577905 0.14145367
v -0.055911362 0.1330467 0.13946341
v -0.0552906 0.12700656 0.14271408
v -0.053511728 0.13413888 0.1450486
v -0.054392327 0.12759916 0.1450486
v -0.0552906 0.12700659 0.14738314
v -0.055667765 0.13323717 0.1505802
v -0.055297043 0.0051281992 0.27843153
v -0.05358393 1.0223899E-07 0.27914742
v -0.054569177 1.0256412E-07 0.27170905
v -0.056019492 0.0023480104 0.27093437
v -0.059411973 0.0072644297 0.27656552
v -0.057973742 0.00347388 0.26987818
v -0.074592605 0.0076541393 0.2680044
v -0.07267641 0.0034969214 0.26173368
v -0.09134263 0.0076584886 0.25639707
v -0.09050445 0.0034719354 0.2500279
v -0.0954187 0.0053362916 0.25325146
v -0.09221027 0.0023319134 0.24875277
v -0.09711376 6.528037E-08 0.25196114
v -0.09327735 6.545666E-08 0.2479281
v -0.057957616 1.0264385E-07 0.26988515
v -0.056019492 0.0023480104 0.27093437
v -0.054569177 1.0256412E-07 0.27170905
v -0.057973742 0.00347388 0.26987818
v -0.07267641 0.0034969214 0.26173368
v -0.0726924 1.0299948E-07 0.2617492
v -0.09050445 0.0034719354 0.2500279
v -0.09051822 6.536537E-08 0.25001657
v -0.09221027 0.0023319134 0.24875277
v -0.09327735 6.545666E-08 0.2479281
v -0.112559296 6.593588E-08 0.2369648
v -0.112559296 6.618091E-08 0.23135915
v -0.11255927 0.025579898 0.22867298
v -0.11255927 0.027691372 0.23425627
v -0.11255927 0.04249045 0.22077276
v -0.11255927 0.04573683 0.22543561
v -0.11255927 0.05909186 0.20805211
v -0.11255927 0.06388571 0.21151197
v -0.11255927 0.07698817 0.18844001
v -0.11255927 0.08139932 0.19202167
v -0.11255927 0.08981821 0.16914575
v -0.11255927 0.08416708 0.16730839
v -0.112559296 0.09213427 0.1450486
v -0.112559296 0.08623575 0.1450486
v -0.11255927 0.08414385 0.122788854
v -0.11255927 0.08981821 0.12095146
v -0.11255927 0.0724733 0.09516976
v -0.11255927 0.076652974 0.09105254
v -0.11255927 0.04812874 0.071361825
v -0.11255927 0.05097715 0.0663321
v -0.11255927 0.025579877 0.061290145
v -0.11255927 0.027002225 0.0559633
v -0.112559296 3.5823906E-08 0.053145565
v -0.112559296 3.5576896E-08 0.05879644
v -0.112559296 6.618091E-08 0.23135915
v -0.10722096 6.630932E-08 0.22842151
v -0.10720844 0.02443301 0.22457835
v -0.11255927 0.025579898 0.22867298
v -0.11255927 0.04249045 0.22077276
v -0.1072025 0.040576804 0.21639737
v -0.10720421 0.056267228 0.20396458
v -0.11255927 0.05909186 0.20805211
v -0.11255927 0.07698817 0.18844001
v -0.10721942 0.07297709 0.18643653
v -0.11255927 0.08416708 0.16730839
v -0.10723987 0.08119825 0.16616845
v -0.112559296 0.08623575 0.1450486
v -0.10723875 0.08369711 0.1450486
v -0.10722131 0.08067373 0.123738185
v -0.11255927 0.08414385 0.122788854
v -0.11255927 0.0724733 0.09516976
v -0.107200846 0.06730495 0.09758408
v -0.11255927 0.04812874 0.071361825
v -0.107211575 0.045818977 0.07515096
v -0.10659763 0.02427299 0.065192476
v -0.11255927 0.025579877 0.061290145
v -0.112559296 3.5576896E-08 0.05879644
v -0.10712426 3.5431494E-08 0.06212279
v -0.05542383 0.0051232204 0.011687
v -0.054569177 2.5422269E-08 0.018388193
v -0.053578347 2.336221E-08 0.010972993
v -0.056019492 0.002347976 0.0191629
v -0.059423607 0.007444664 0.013413988
v -0.057973742 0.0034738195 0.020219075
v -0.07649933 0.007890084 0.022868728
v -0.073071584 0.003497642 0.028578369
v -0.09080111 0.0077367905 0.033129673
v -0.09050445 0.003471935 0.040069364
v -0.09523748 0.0052295327 0.036702733
v -0.09221027 0.0023318748 0.041344456
v -0.097030655 3.1709426E-08 0.03818617
v -0.09327735 2.6766953E-08 0.04216915
v -0.057957616 2.772673E-08 0.020212049
v -0.054569177 2.5422269E-08 0.018388193
v -0.056019492 0.002347976 0.0191629
v -0.057973742 0.0034738195 0.020219075
v -0.073071584 0.003497642 0.028578369
v -0.07321444 2.7358714E-08 0.028631274
v -0.09050445 0.003471935 0.040069364
v -0.09051822 2.6858244E-08 0.04008068
v -0.09221027 0.0023318748 0.041344456
v -0.09327735 2.6766953E-08 0.04216915
v -0.10720844 0.02443301 0.22457835
v -0.10722096 6.630932E-08 0.22842151
v -0.11798986 6.666869E-08 0.2202
v -0.113167495 0.020206744 0.2207969
v -0.11334584 0.037037876 0.21285474
v -0.1072025 0.040576804 0.21639737
v -0.11341544 0.05316851 0.20096427
v -0.10720421 0.056267228 0.20396458
v -0.113338925 0.0639974 0.19046126
v -0.10721942 0.07297709 0.18643653
v -0.11349956 0.07474432 0.16883688
v -0.10723987 0.08119825 0.16616845
v -0.11349608 0.07870088 0.1444016
v -0.10723875 0.08369711 0.1450486
v -0.11300642 0.07578204 0.12449988
v -0.10722131 0.08067373 0.123738185
v -0.11793351 0.065514036 0.107041016
v -0.107200846 0.06730495 0.09758408
v -0.11315054 0.055564776 0.08955509
v -0.11355294 0.045342777 0.080713235
v -0.107211575 0.045818977 0.07515096
v -0.11363813 0.024618506 0.070019774
v -0.10659763 0.02427299 0.065192476
v -0.113512285 3.5239868E-08 0.06650672
v -0.10712426 3.5431494E-08 0.06212279
v -0.12756759 3.515019E-08 0.0685583
v -0.11948427 3.5584662E-08 0.05861873
v -0.11918957 0.026793092 0.06338465
v -0.12756759 0.023633523 0.072301485
v -0.12697701 0.045080747 0.08269393
v -0.11927011 0.050225496 0.07455435
v -0.11929444 0.061020173 0.08384303
v -0.12687829 0.054608792 0.09081217
v -0.12990327 0.041321956 0.09742335
v -0.13027512 0.023296673 0.0859857
v -0.12962143 0.05489377 0.11295782
v -0.12719043 0.064911395 0.10637634
v -0.12669066 0.074518844 0.12468263
v -0.13006939 0.06164931 0.13196902
v -0.13022667 0.06253621 0.1537362
v -0.13155517 0.010179286 0.0883577
v -0.13207674 3.431395E-08 0.08768931
v -0.13171348 0.021019394 0.091489054
v -0.12780546 0.07545266 0.14503779
v -0.1194507 0.083447054 0.1226776
v -0.119608164 0.086277425 0.14504012
v -0.11954223 0.08130213 0.17172216
v -0.12781034 0.071739756 0.16834737
v -0.12789576 0.06072718 0.18915859
v -0.11943236 0.069722846 0.19598077
v -0.13152248 0.05740815 0.15295038
v -0.13167839 0.050453324 0.17221491
v -0.12950231 0.037045926 0.19076969
v -0.11945237 0.05584227 0.20891581
v -0.13043097 0.039558627 0.19486448
v -0.1278497 0.048159163 0.20132326
v -0.11941583 0.039491143 0.22042447
v -0.12730458 0.034957454 0.21147035
v -0.1305565 0.020291926 0.20466954
v -0.12652686 0.019795025 0.21964082
v -0.11935515 0.022532795 0.22865449
v -0.12765011 6.66685E-08 0.22020444
v -0.13017991 6.718289E-08 0.20843664
v -0.113512285 3.5239868E-08 0.06650672
v -0.11918957 0.026793092 0.06338465
v -0.11948427 3.5584662E-08 0.05861873
v -0.11363813 0.024618506 0.070019774
v -0.11355294 0.045342777 0.080713235
v -0.11927011 0.050225496 0.07455435
v -0.11929444 0.061020173 0.08384303
v -0.11315054 0.055564776 0.08955509
v -0.1194507 0.083447054 0.1226776
v -0.11300642 0.07578204 0.12449988
v -0.11349608 0.07870088 0.1444016
v -0.119608164 0.086277425 0.14504012
v -0.11954223 0.08130213 0.17172216
v -0.11349956 0.07474432 0.16883688
v -0.113338925 0.0639974 0.19046126
v -0.11943236 0.069722846 0.19598077
v -0.11945237 0.05584227 0.20891581
v -0.11341544 0.05316851 0.20096427
v -0.11334584 0.037037876 0.21285474
v -0.11941583 0.039491143 0.22042447
v -0.113167495 0.020206744 0.2207969
v -0.11935515 0.022532795 0.22865449
v -0.12765011 6.66685E-08 0.22020444
v -0.12652686 0.019795025 0.21964082
v -0.113167495 0.020206744 0.2207969
v -0.11798986 6.666869E-08 0.2202
v -0.12669066 0.074518844 0.12468263
v -0.11793351 0.065514036 0.107041016
v -0.11300642 0.07578204 0.12449988
v -0.12719043 0.064911395 0.10637634
v -0.11315054 0.055564776 0.08955509
v -0.12687829 0.054608792 0.09081217
v -0.13660116 0.009997649 0.08956054
v -0.13171348 0.021019394 0.091489054
v -0.13659184 0.021742774 0.09256568
v -0.13155517 0.010179286 0.0883577
v -0.13660116 3.427379E-08 0.088608064
v -0.13207674 3.431395E-08 0.08768931
v -0.13503313 0.024188759 0.086766765
v -0.13659184 0.021742774 0.09256568
v -0.13171348 0.021019394 0.091489054
v -0.13027512 0.023296673 0.0859857
v -0.13659184 0.021742774 0.09256568
v -0.13503313 0.024188759 0.086766765
v -0.13482499 0.04094924 0.09777774
v -0.14379732 0.01380195 0.12201313
v -0.13660116 0.009997649 0.08956054
v -0.14379732 5.2067808E-08 0.11787882
v -0.13660116 3.427379E-08 0.088608064
v -0.14379732 6.876011E-08 0.17235398
v -0.14379732 0.025232842 0.13513505
v -0.13482498 0.054721992 0.11300984
v -0.13482499 0.061319456 0.13203703
v -0.13669635 0.05626109 0.15215586
v -0.13492018 0.062313147 0.15302463
v -0.14379732 0.025797376 0.15335691
v -0.13660116 0.049065575 0.1717032
v -0.14379732 0.013963424 0.16842636
v -0.13660116 0.03478877 0.18970232
v -0.13482499 0.020205066 0.20437591
v -0.13482498 6.719938E-08 0.2080592
v -0.13482498 0.038737513 0.19478674
v -0.13492018 0.062313147 0.15302463
v -0.13022667 0.06253621 0.1537362
v -0.13152248 0.05740815 0.15295038
v -0.13669635 0.05626109 0.15215586
v -0.13660116 0.049065575 0.1717032
v -0.13669635 0.05626109 0.15215586
v -0.13152248 0.05740815 0.15295038
v -0.13167839 0.050453324 0.17221491
v -0.12950231 0.037045926 0.19076969
v -0.13660116 0.03478877 0.18970232
v -0.13482498 0.038737513 0.19478674
v -0.13660116 0.03478877 0.18970232
v -0.12950231 0.037045926 0.19076969
v -0.13043097 0.039558627 0.19486448
v -0.12990327 0.041321956 0.09742335
v -0.13503313 0.024188759 0.086766765
v -0.13027512 0.023296673 0.0859857
v -0.13482499 0.04094924 0.09777774
v -0.12962143 0.05489377 0.11295782
v -0.13482498 0.054721992 0.11300984
v -0.13006939 0.06164931 0.13196902
v -0.13482499 0.061319456 0.13203703
v -0.13492018 0.062313147 0.15302463
v -0.13022667 0.06253621 0.1537362
v -0.13482498 0.038737513 0.19478674
v -0.13043097 0.039558627 0.19486448
v -0.1305565 0.020291926 0.20466954
v -0.13482499 0.020205066 0.20437591
v -0.13017991 6.718289E-08 0.20843664
v -0.13482498 6.719938E-08 0.2080592
v -0.090726346 0.104360044 0.14271402
v -0.090726346 0.104360044 0.1473832
v -0.09158132 0.10372469 0.1450486
v -0.08871007 0.10577904 0.14864354
v -0.08871007 0.10577905 0.14145367
v -0.074239045 0.115230344 0.14148107
v -0.07411684 0.115305685 0.14861637
v -0.057129987 0.12577908 0.14864355
v -0.057129987 0.12577905 0.14145367
v -0.0552906 0.12700659 0.14738314
v -0.0552906 0.12700656 0.14271408
v -0.054392327 0.12759916 0.1450486
vt 0.68508947 0.37465632
vt 0.70614046 0.3965423
vt 0.70614046 0.35450143
vt 0.39706913 0.25893095
vt 0.41658846 0.23896126
vt 0.377193 0.24021243
vt 0.596946 0.15936217
vt 0.61830205 0.14295378
vt 0.58349353 0.14214393
vt 0.68508947 0.37465632
vt 0.7061405 0.35450143
vt 0.7061405 0.3965423
vt 0.3970691 0.25893095
vt 0.37719297 0.24021243
vt 0.41658843 0.23896126
vt 0.596946 0.15936217
vt 0.5834935 0.14214393
vt 0.6183021 0.14295378
vt 0.68508947 0.37465632
vt 0.7061405 0.35450143
vt 0.7061405 0.3965423
vt 0.3970691 0.25893095
vt 0.37719297 0.24021243
vt 0.41658843 0.23896126
vt 0.596946 0.15936217
vt 0.5834935 0.14214393
vt 0.6183021 0.14295378
vt 0.68508947 0.37465632
vt 0.7061405 0.3965423
vt 0.7061405 0.35450143
vt 0.3970691 0.25893095
vt 0.41658843 0.23896126
vt 0.37719297 0.24021243
vt 0.596946 0.15936217
vt 0.6183021 0.14295378
vt 0.5834935 0.14214393
vt 0.83058774 0.8370474
vt 0.83058757 0.78583497
vt 0.76766324 0.785835
vt 0.7676634 0.83704746
vt 0.83058774 0.889788
vt 0.7676634 0.88978803
vt 0.83058774 0.9425284
vt 0.7676634 0.9425285
vt 0.7676634 0.9937333
vt 0.83058774 0.9937332
vt 0.96142924 0.7023663
vt 0.98796153 0.7535105
vt 0.98796153 0.7023663
vt 0.96142924 0.7535105
vt 0.9348435 0.7023663
vt 0.9348435 0.7535105
vt 0.9084017 0.7535105
vt 0.9084017 0.7023663
vt 0.88225925 0.7535105
vt 0.88225925 0.7023663
vt 0.07634423 0.99436
vt 0.15196913 0.99467844
vt 0.15356523 0.98033404
vt 0.07634423 0.89603204
vt 0.0070423475 0.99467844
vt 0.0070423475 0.89610326
vt 0.15356523 0.8956794
vt 0.16621426 0.972131
vt 0.07634423 0.83824944
vt 0.0070605897 0.8383469
vt 0.22410153 0.8949355
vt 0.22410153 0.96991366
vt 0.28288877 0.9705703
vt 0.15356523 0.8378912
vt 0.07634423 0.76256377
vt 0.0072104847 0.76236403
vt 0.15356523 0.7625025
vt 0.07634423 0.692017
vt 0.0070423475 0.6921507
vt 0.15356523 0.6918198
vt 0.07634423 0.61021084
vt 0.0070423475 0.6104381
vt 0.07634423 0.5122183
vt 0.0070423475 0.5122495
vt 0.07634423 0.41402876
vt 0.0070423475 0.41387117
vt 0.07634423 0.31220496
vt 0.0070423475 0.31173474
vt 0.07634423 0.21015042
vt 0.0070423475 0.21008112
vt 0.0070423475 0.12786071
vt 0.15356523 0.31258735
vt 0.07634423 0.12853137
vt 0.0070423475 0.032165732
vt 0.07634423 0.032165732
vt 0.15356523 0.21007492
vt 0.15356523 0.044564437
vt 0.15540159 0.032165732
vt 0.15356523 0.12926601
vt 0.17140582 0.051332425
vt 0.22410153 0.12799492
vt 0.22410153 0.050912287
vt 0.28288877 0.051332425
vt 0.15356523 0.41405812
vt 0.22410153 0.3127988
vt 0.22410153 0.20986247
vt 0.28288877 0.12722795
vt 0.15356523 0.49867743
vt 0.15028216 0.51235735
vt 0.15356523 0.5258802
vt 0.16577373 0.49284652
vt 0.22410153 0.41494438
vt 0.22410153 0.49284652
vt 0.28288877 0.49284652
vt 0.15356523 0.6099593
vt 0.16444273 0.5313076
vt 0.22410153 0.6092422
vt 0.22410153 0.5313076
vt 0.28288877 0.5313076
vt 0.28288877 0.42118606
vt 0.28860483 0.49755725
vt 0.28288877 0.31816456
vt 0.22410153 0.69089055
vt 0.28288877 0.6029313
vt 0.28849784 0.52649677
vt 0.28288877 0.20970957
vt 0.33699182 0.20957552
vt 0.33699182 0.32354462
vt 0.33699182 0.42820448
vt 0.33699182 0.1257661
vt 0.29325387 0.04703925
vt 0.33699182 0.032165732
vt 0.2969803 0.032165732
vt 0.33699182 0.51198417
vt 0.29370496 0.512019
vt 0.33699182 0.59568805
vt 0.33699182 0.6749542
vt 0.28288877 0.68332916
vt 0.33699182 0.7591249
vt 0.28288877 0.75991297
vt 0.28288877 0.83587646
vt 0.33699182 0.83470726
vt 0.33699182 0.89712787
vt 0.22410153 0.76195514
vt 0.22410153 0.8366976
vt 0.28288877 0.8958131
vt 0.29024655 0.97680795
vt 0.33699182 0.99483997
vt 0.2963153 0.99483997
vt 0.67691386 0.06494563
vt 0.67691386 0.054503255
vt 0.65878254 0.054503255
vt 0.65878254 0.06494563
vt 0.67705834 0.11332082
vt 0.6592149 0.11345559
vt 0.65878254 0.1571143
vt 0.67691386 0.1571143
vt 0.65878254 0.16642514
vt 0.67691386 0.16642514
vt 0.65878254 0.1762527
vt 0.67691386 0.1762527
vt 0.67691386 0.18608019
vt 0.65878254 0.18608019
vt 0.67691386 0.19539103
vt 0.65878254 0.19539103
vt 0.67707324 0.23871803
vt 0.6589927 0.23847938
vt 0.65878254 0.28698793
vt 0.67691386 0.28698793
vt 0.6587826 0.29767063
vt 0.67691386 0.29767063
vt 0.6587826 0.30847707
vt 0.67691386 0.30847707
vt 0.67691386 0.31906965
vt 0.6587826 0.31906965
vt 0.39392096 0.20226155
vt 0.38068968 0.20226155
vt 0.38068968 0.21856199
vt 0.39392096 0.21856199
vt 0.40734226 0.20226155
vt 0.40734226 0.21856199
vt 0.44553286 0.20226155
vt 0.4454742 0.21856199
vt 0.49866658 0.20226155
vt 0.49866658 0.21856199
vt 0.50761974 0.20226155
vt 0.50761974 0.21856199
vt 0.51727974 0.20226155
vt 0.51727974 0.21856199
vt 0.17176233 0.99277806
vt 0.16671352 0.9877184
vt 0.16391374 0.99277806
vt 0.17136484 0.9850899
vt 0.2127614 0.9850593
vt 0.21280073 0.99274254
vt 0.26479158 0.9850899
vt 0.26461443 0.99277806
vt 0.26951483 0.98744136
vt 0.27222255 0.99277806
vt 0.9031572 0.025032869
vt 0.9031572 0.0046531893
vt 0.8182802 0.004653249
vt 0.8182802 0.025032869
vt 0.75836796 0.004653249
vt 0.7589189 0.025032869
vt 0.68720776 0.004653249
vt 0.684617 0.025032869
vt 0.6025335 0.004653249
vt 0.6025335 0.025032869
vt 0.5285149 0.025032869
vt 0.5285149 0.004653249
vt 0.45470226 0.025032869
vt 0.45470226 0.004653249
vt 0.38088614 0.004653249
vt 0.38088614 0.025032869
vt 0.28157228 0.004653249
vt 0.28157228 0.025032869
vt 0.17109618 0.004653249
vt 0.17109618 0.025032869
vt 0.090542786 0.004653249
vt 0.090542786 0.025032869
vt 0.00676597 0.025032869
vt 0.00676597 0.004653249
vt 0.34732312 0.99496305
vt 0.3720457 0.99496305
vt 0.3720457 0.9123561
vt 0.34732312 0.9123561
vt 0.34732312 0.854242
vt 0.3720457 0.8539026
vt 0.3720457 0.78460336
vt 0.34732312 0.7846054
vt 0.34732312 0.7008263
vt 0.3720457 0.7008263
vt 0.34732312 0.6284513
vt 0.3720457 0.6284513
vt 0.34732312 0.5570105
vt 0.3720457 0.5570105
vt 0.3720457 0.4851601
vt 0.34732312 0.4851601
vt 0.34732312 0.38800922
vt 0.3720457 0.38800922
vt 0.34732312 0.28137863
vt 0.3720457 0.28137863
vt 0.3720457 0.2022358
vt 0.34732312 0.2022358
vt 0.34732312 0.11994148
vt 0.3720457 0.11994148
vt 0.6367626 0.21456769
vt 0.6529448 0.20544985
vt 0.6367626 0.20544985
vt 0.6529448 0.21456769
vt 0.6367626 0.22272041
vt 0.6529448 0.22272041
vt 0.6367626 0.26219967
vt 0.6529448 0.26406935
vt 0.6367626 0.30549315
vt 0.6529448 0.30549315
vt 0.6367626 0.31498364
vt 0.6529448 0.31498364
vt 0.6367626 0.32421902
vt 0.6529448 0.32421902
vt 0.17731275 0.033695847
vt 0.16861455 0.033695847
vt 0.17244495 0.039052285
vt 0.17739286 0.04152303
vt 0.21612915 0.041505586
vt 0.21647039 0.03370113
vt 0.26304713 0.04152303
vt 0.26301154 0.033695847
vt 0.2678006 0.03887076
vt 0.27077386 0.033695847
vt 0.833271 0.048200242
vt 0.8841393 0.048200242
vt 0.8841393 0.03119003
vt 0.83260703 0.03119003
vt 0.79697883 0.03119003
vt 0.7970536 0.048200242
vt 0.7553064 0.03119003
vt 0.7541926 0.048200242
vt 0.7225755 0.03119003
vt 0.70471084 0.048200242
vt 0.6699003 0.03119003
vt 0.65971786 0.048200242
vt 0.615991 0.03119003
vt 0.615991 0.048200242
vt 0.5702461 0.03119003
vt 0.5717785 0.048200242
vt 0.51868325 0.03119003
vt 0.51119304 0.048200242
vt 0.47994214 0.03119003
vt 0.45398438 0.03119003
vt 0.44733822 0.048200242
vt 0.40211177 0.03119003
vt 0.3987438 0.048200242
vt 0.348235 0.03119003
vt 0.34823507 0.048200242
vt 0.9532811 0.003225511
vt 0.9227899 0.003225511
vt 0.9227899 0.053943813
vt 0.9539035 0.05345914
vt 0.9495023 0.1042475
vt 0.9227899 0.1033263
vt 0.9227899 0.1304232
vt 0.9507365 0.1304232
vt 0.9812949 0.11701099
vt 0.9812949 0.06397919
vt 0.9812949 0.16786279
vt 0.9507365 0.16713415
vt 0.9507365 0.2038451
vt 0.9812949 0.211577
vt 0.9812949 0.2702443
vt 0.9963756 0.031074598
vt 0.9963756 0.003225511
vt 0.9963756 0.06397919
vt 0.953858 0.2467753
vt 0.9227899 0.2038451
vt 0.9227899 0.2463866
vt 0.9227899 0.2975443
vt 0.9548286 0.296789
vt 0.9547338 0.347202
vt 0.9227899 0.3470668
vt 0.9952145 0.27012643
vt 0.9952145 0.3257183
vt 0.9952145 0.38963032
vt 0.9227899 0.3833011
vt 0.9827389 0.38963032
vt 0.95796484 0.38483572
vt 0.9227899 0.4232589
vt 0.954741 0.42221224
vt 0.9827389 0.44313183
vt 0.9521322 0.4584558
vt 0.9227899 0.4584558
vt 0.9521322 0.4940055
vt 0.9827389 0.4940055
vt 0.65285844 0.19880761
vt 0.62608784 0.14060582
vt 0.62608784 0.19880761
vt 0.65285844 0.14060582
vt 0.65285844 0.08431699
vt 0.62608784 0.08431699
vt 0.62608784 0.053453226
vt 0.65285844 0.053453226
vt 0.70842427 0.055323303
vt 0.6847239 0.055323303
vt 0.6847239 0.10449368
vt 0.70842427 0.1038695
vt 0.70842427 0.16274774
vt 0.6847239 0.16161138
vt 0.684724 0.21976203
vt 0.7084243 0.21909821
vt 0.7084243 0.26001367
vt 0.684724 0.25310275
vt 0.684724 0.3021089
vt 0.7084243 0.30524233
vt 0.684724 0.34494975
vt 0.7084243 0.34494975
vt 0.6082135 0.2896747
vt 0.6084886 0.24596494
vt 0.56644946 0.24557155
vt 0.5864709 0.28968996
vt 0.6108863 0.20229362
vt 0.5670031 0.23927866
vt 0.6108863 0.23927866
vt 0.5662598 0.20229362
vt 0.5223765 0.23927866
vt 0.5223765 0.20229362
vt 0.93898934 0.16501158
vt 0.92795116 0.1907371
vt 0.93898934 0.1907371
vt 0.92795116 0.16501158
vt 0.93898934 0.14209108
vt 0.92795116 0.14209108
vt 0.53176224 0.24852547
vt 0.5185429 0.24852547
vt 0.5185429 0.25812992
vt 0.53165346 0.2604034
vt 0.38278684 0.09813163
vt 0.3711452 0.10449359
vt 0.39427587 0.13850573
vt 0.44318658 0.081799
vt 0.3764713 0.07501027
vt 0.43451416 0.054210573
vt 0.37451318 0.054210573
vt 0.5438307 0.054210573
vt 0.469679 0.10450271
vt 0.42568207 0.16601667
vt 0.4644081 0.1788511
vt 0.5059202 0.168084
vt 0.5078701 0.18067542
vt 0.5061179 0.10546789
vt 0.5441572 0.15312883
vt 0.53604096 0.08190647
vt 0.5802898 0.12418965
vt 0.61007535 0.09489247
vt 0.61744094 0.054210573
vt 0.590991 0.13227102
vt 0.54516226 0.25251982
vt 0.54516226 0.2648293
vt 0.5585459 0.262723
vt 0.5572507 0.25251982
vt 0.6168768 0.2593744
vt 0.6168768 0.304971
vt 0.6303821 0.304971
vt 0.6303821 0.25936988
vt 0.6303821 0.20710543
vt 0.6168768 0.20710543
vt 0.5623939 0.16162668
vt 0.5748249 0.16162668
vt 0.5748249 0.14762528
vt 0.562655 0.15000094
vt 0.42812172 0.19641088
vt 0.38091865 0.1853783
vt 0.38091865 0.19641088
vt 0.42812172 0.1853783
vt 0.4748309 0.19641088
vt 0.47483507 0.1853783
vt 0.5206316 0.19641088
vt 0.5206376 0.1853783
vt 0.5705175 0.1853783
vt 0.5705175 0.19641088
vt 0.5194471 0.16910082
vt 0.5194471 0.17919141
vt 0.56810606 0.17919141
vt 0.568117 0.16910082
vt 0.61486006 0.17919141
vt 0.6148796 0.16910082
vt 0.26949742 0.5060323
vt 0.26948288 0.5172278
vt 0.27221254 0.5116327
vt 0.2631776 0.5202324
vt 0.2632011 0.5030238
vt 0.21594153 0.5029984
vt 0.21594153 0.5202593
vt 0.16764367 0.5202324
vt 0.16764367 0.5030238
vt 0.16198674 0.5172084
vt 0.1619978 0.5060199
vt 0.15924215 0.51159966
vt 0.15356517 0.98033404
vt 0.1519692 0.99467844
vt 0.07634425 0.99436
vt 0.07634425 0.89603204
vt 0.007042289 0.99467844
vt 0.007042289 0.89610326
vt 0.15356517 0.8956794
vt 0.16621423 0.972131
vt 0.07634425 0.83824944
vt 0.007060647 0.8383469
vt 0.22410154 0.8949355
vt 0.22410154 0.96991366
vt 0.28288877 0.9705703
vt 0.15356517 0.8378912
vt 0.07634425 0.76256377
vt 0.007210493 0.76236403
vt 0.15356517 0.7625025
vt 0.07634425 0.692017
vt 0.007042289 0.6921507
vt 0.15356517 0.6918198
vt 0.07634425 0.61021084
vt 0.007042289 0.6104381
vt 0.07634425 0.5122183
vt 0.007042289 0.5122495
vt 0.07634425 0.41402876
vt 0.007042289 0.41387117
vt 0.07634425 0.31220496
vt 0.007042289 0.31173474
vt 0.07634425 0.21015042
vt 0.007042289 0.21008112
vt 0.007042289 0.12786071
vt 0.15356517 0.31258735
vt 0.07634425 0.12853137
vt 0.007042289 0.032165732
vt 0.07634425 0.032165732
vt 0.15356517 0.21007492
vt 0.15356517 0.044564437
vt 0.15540159 0.032165732
vt 0.15356517 0.12926601
vt 0.17140579 0.051332425
vt 0.22410154 0.12799492
vt 0.22410154 0.050912287
vt 0.28288877 0.051332425
vt 0.15356517 0.41405812
vt 0.22410154 0.3127988
vt 0.22410154 0.20986247
vt 0.28288877 0.12722795
vt 0.15356517 0.49867743
vt 0.15028214 0.51235735
vt 0.15356517 0.5258802
vt 0.16577375 0.49284652
vt 0.22410154 0.41494438
vt 0.22410154 0.49284652
vt 0.28288877 0.49284652
vt 0.15356517 0.6099593
vt 0.16444278 0.5313076
vt 0.22410154 0.6092422
vt 0.22410154 0.5313076
vt 0.28288877 0.5313076
vt 0.28288877 0.42118606
vt 0.28860486 0.49755725
vt 0.28288877 0.31816456
vt 0.22410154 0.69089055
vt 0.28288877 0.6029313
vt 0.2884978 0.52649677
vt 0.28288877 0.20970957
vt 0.3369918 0.20957552
vt 0.3369918 0.32354462
vt 0.3369918 0.42820448
vt 0.3369918 0.1257661
vt 0.2932539 0.04703925
vt 0.3369918 0.032165732
vt 0.29698026 0.032165732
vt 0.3369918 0.51198417
vt 0.293705 0.512019
vt 0.3369918 0.59568805
vt 0.3369918 0.6749542
vt 0.28288877 0.68332916
vt 0.3369918 0.7591249
vt 0.28288877 0.75991297
vt 0.28288877 0.83587646
vt 0.3369918 0.83470726
vt 0.3369918 0.89712787
vt 0.22410154 0.76195514
vt 0.22410154 0.8366976
vt 0.28288877 0.8958131
vt 0.2902465 0.97680795
vt 0.3369918 0.99483997
vt 0.2963153 0.99483997
vt 0.67691386 0.06494563
vt 0.6587825 0.054503255
vt 0.67691386 0.054503255
vt 0.6587825 0.06494563
vt 0.67705834 0.11332082
vt 0.659215 0.11345559
vt 0.6587825 0.1571143
vt 0.67691386 0.1571143
vt 0.6587825 0.16642514
vt 0.67691386 0.16642514
vt 0.6587825 0.1762527
vt 0.67691386 0.1762527
vt 0.67691386 0.18608019
vt 0.6587825 0.18608019
vt 0.67691386 0.19539103
vt 0.6587825 0.19539103
vt 0.67707324 0.23871803
vt 0.65899277 0.23847938
vt 0.6587825 0.28698793
vt 0.67691386 0.28698793
vt 0.6587826 0.29767063
vt 0.67691386 0.29767063
vt 0.6587826 0.30847707
vt 0.67691386 0.30847707
vt 0.67691386 0.31906965
vt 0.6587826 0.31906965
vt 0.3939209 0.20226155
vt 0.38068962 0.21856199
vt 0.38068962 0.20226155
vt 0.3939209 0.21856199
vt 0.4073422 0.20226155
vt 0.4073422 0.21856199
vt 0.4455328 0.20226155
vt 0.44547415 0.21856199
vt 0.49866652 0.20226155
vt 0.49866652 0.21856199
vt 0.50761974 0.20226155
vt 0.50761974 0.21856199
vt 0.51727974 0.20226155
vt 0.51727974 0.21856199
vt 0.17176235 0.99277806
vt 0.16391373 0.99277806
vt 0.16671348 0.9877184
vt 0.17136478 0.9850899
vt 0.2127614 0.9850593
vt 0.21280074 0.99274254
vt 0.2647916 0.9850899
vt 0.26461446 0.99277806
vt 0.2695148 0.98744136
vt 0.27222252 0.99277806
vt 0.90315723 0.025032869
vt 0.8182802 0.004653249
vt 0.90315723 0.0046531893
vt 0.8182802 0.025032869
vt 0.758368 0.004653249
vt 0.7589189 0.025032869
vt 0.6872077 0.004653249
vt 0.68461704 0.025032869
vt 0.6025336 0.004653249
vt 0.6025336 0.025032869
vt 0.52851486 0.025032869
vt 0.52851486 0.004653249
vt 0.45470226 0.025032869
vt 0.45470226 0.004653249
vt 0.38088608 0.004653249
vt 0.38088608 0.025032869
vt 0.28157234 0.004653249
vt 0.28157234 0.025032869
vt 0.1710962 0.004653249
vt 0.1710962 0.025032869
vt 0.09054279 0.004653249
vt 0.09054279 0.025032869
vt 0.0067659616 0.025032869
vt 0.0067659616 0.004653249
vt 0.34732318 0.99496305
vt 0.37204576 0.9123561
vt 0.37204576 0.99496305
vt 0.34732318 0.9123561
vt 0.34732318 0.854242
vt 0.37204576 0.8539026
vt 0.37204576 0.78460336
vt 0.34732318 0.7846054
vt 0.34732318 0.7008263
vt 0.37204576 0.7008263
vt 0.34732318 0.6284513
vt 0.37204576 0.6284513
vt 0.34732318 0.5570105
vt 0.37204576 0.5570105
vt 0.37204576 0.4851601
vt 0.34732318 0.4851601
vt 0.34732318 0.38800922
vt 0.37204576 0.38800922
vt 0.34732318 0.28137863
vt 0.37204576 0.28137863
vt 0.37204576 0.2022358
vt 0.34732318 0.2022358
vt 0.34732318 0.11994148
vt 0.37204576 0.11994148
vt 0.6367626 0.21456769
vt 0.6367626 0.20544985
vt 0.6529448 0.20544985
vt 0.6529448 0.21456769
vt 0.6367626 0.22272041
vt 0.6529448 0.22272041
vt 0.6367626 0.26219967
vt 0.6529448 0.26406935
vt 0.6367626 0.30549315
vt 0.6529448 0.30549315
vt 0.6367626 0.31498364
vt 0.6529448 0.31498364
vt 0.6367626 0.32421902
vt 0.6529448 0.32421902
vt 0.17731273 0.033695847
vt 0.17244494 0.039052285
vt 0.1686145 0.033695847
vt 0.17739284 0.04152303
vt 0.21612918 0.041505586
vt 0.21647036 0.03370113
vt 0.2630471 0.04152303
vt 0.26301157 0.033695847
vt 0.26780057 0.03887076
vt 0.2707739 0.033695847
vt 0.833271 0.048200242
vt 0.8841393 0.03119003
vt 0.8841393 0.048200242
vt 0.83260703 0.03119003
vt 0.79697883 0.03119003
vt 0.7970536 0.048200242
vt 0.7553065 0.03119003
vt 0.7541926 0.048200242
vt 0.7225754 0.03119003
vt 0.70471084 0.048200242
vt 0.6699003 0.03119003
vt 0.6597178 0.048200242
vt 0.615991 0.03119003
vt 0.615991 0.048200242
vt 0.5702461 0.03119003
vt 0.57177854 0.048200242
vt 0.5186832 0.03119003
vt 0.51119304 0.048200242
vt 0.47994208 0.03119003
vt 0.45398438 0.03119003
vt 0.44733822 0.048200242
vt 0.40211177 0.03119003
vt 0.39874387 0.048200242
vt 0.348235 0.03119003
vt 0.34823513 0.048200242
vt 0.95328116 0.003225511
vt 0.9227898 0.053943813
vt 0.9227898 0.003225511
vt 0.95390344 0.05345914
vt 0.9495022 0.1042475
vt 0.9227898 0.1033263
vt 0.9227898 0.1304232
vt 0.9507365 0.1304232
vt 0.9812949 0.11701099
vt 0.9812949 0.06397919
vt 0.9812949 0.16786279
vt 0.9507365 0.16713415
vt 0.9507365 0.2038451
vt 0.9812949 0.211577
vt 0.9812949 0.2702443
vt 0.99637556 0.031074598
vt 0.99637556 0.003225511
vt 0.99637556 0.06397919
vt 0.953858 0.2467753
vt 0.9227898 0.2038451
vt 0.9227898 0.2463866
vt 0.9227898 0.2975443
vt 0.9548286 0.296789
vt 0.95473385 0.347202
vt 0.9227898 0.3470668
vt 0.99521446 0.27012643
vt 0.99521446 0.3257183
vt 0.99521446 0.38963032
vt 0.9227898 0.3833011
vt 0.982739 0.38963032
vt 0.9579649 0.38483572
vt 0.9227898 0.4232589
vt 0.954741 0.42221224
vt 0.982739 0.44313183
vt 0.9521322 0.4584558
vt 0.9227898 0.4584558
vt 0.9521322 0.4940055
vt 0.982739 0.4940055
vt 0.6528585 0.19880761
vt 0.6260879 0.19880761
vt 0.6260879 0.14060582
vt 0.6528585 0.14060582
vt 0.6528585 0.08431699
vt 0.6260879 0.08431699
vt 0.6260879 0.053453226
vt 0.6528585 0.053453226
vt 0.7084243 0.055323303
vt 0.68472385 0.10449368
vt 0.68472385 0.055323303
vt 0.7084243 0.1038695
vt 0.7084243 0.16274774
vt 0.68472385 0.16161138
vt 0.684724 0.21976203
vt 0.7084243 0.21909821
vt 0.7084243 0.26001367
vt 0.684724 0.25310275
vt 0.684724 0.3021089
vt 0.7084243 0.30524233
vt 0.684724 0.34494975
vt 0.7084243 0.34494975
vt 0.6082134 0.2896747
vt 0.5664494 0.24557155
vt 0.60848856 0.24596494
vt 0.58647084 0.28968996
vt 0.61088634 0.20229362
vt 0.61088634 0.23927866
vt 0.567003 0.23927866
vt 0.56625986 0.20229362
vt 0.52237654 0.23927866
vt 0.52237654 0.20229362
vt 0.9389894 0.16501158
vt 0.9389894 0.1907371
vt 0.9279511 0.1907371
vt 0.9279511 0.16501158
vt 0.9389894 0.14209108
vt 0.9279511 0.14209108
vt 0.53176224 0.24852547
vt 0.5316534 0.2604034
vt 0.5185429 0.25812992
vt 0.5185429 0.24852547
vt 0.38278687 0.09813163
vt 0.3942759 0.13850573
vt 0.37114525 0.10449359
vt 0.44318652 0.081799
vt 0.37647128 0.07501027
vt 0.43451416 0.054210573
vt 0.37451315 0.054210573
vt 0.54383063 0.054210573
vt 0.469679 0.10450271
vt 0.42568207 0.16601667
vt 0.46440816 0.1788511
vt 0.5059202 0.168084
vt 0.5078701 0.18067542
vt 0.5061178 0.10546789
vt 0.54415727 0.15312883
vt 0.536041 0.08190647
vt 0.58028984 0.12418965
vt 0.61007535 0.09489247
vt 0.61744094 0.054210573
vt 0.590991 0.13227102
vt 0.5451622 0.25251982
vt 0.55725074 0.25251982
vt 0.5585458 0.262723
vt 0.5451622 0.2648293
vt 0.61687684 0.2593744
vt 0.63038206 0.304971
vt 0.61687684 0.304971
vt 0.63038206 0.25936988
vt 0.63038206 0.20710543
vt 0.61687684 0.20710543
vt 0.5623939 0.16162668
vt 0.562655 0.15000094
vt 0.5748249 0.14762528
vt 0.5748249 0.16162668
vt 0.4281217 0.19641088
vt 0.38091862 0.19641088
vt 0.38091862 0.1853783
vt 0.4281217 0.1853783
vt 0.47483087 0.19641088
vt 0.47483504 0.1853783
vt 0.52063155 0.19641088
vt 0.5206375 0.1853783
vt 0.57051754 0.1853783
vt 0.57051754 0.19641088
vt 0.5194471 0.16910082
vt 0.56810606 0.17919141
vt 0.5194471 0.17919141
vt 0.568117 0.16910082
vt 0.61486006 0.17919141
vt 0.6148796 0.16910082
vt 0.2694974 0.5060323
vt 0.2722125 0.5116327
vt 0.26948285 0.5172278
vt 0.26317763 0.5202324
vt 0.26320112 0.5030238
vt 0.21594155 0.5029984
vt 0.21594155 0.5202593
vt 0.16764367 0.5202324
vt 0.16764367 0.5030238
vt 0.16198671 0.5172084
vt 0.1619978 0.5060199
vt 0.15924215 0.51159966
vt 0.15356517 0.98033404
vt 0.1519692 0.99467844
vt 0.07634425 0.99436
vt 0.07634425 0.89603204
vt 0.007042289 0.99467844
vt 0.007042289 0.89610326
vt 0.15356517 0.8956794
vt 0.16621423 0.972131
vt 0.07634425 0.83824944
vt 0.007060647 0.8383469
vt 0.22410154 0.8949355
vt 0.22410154 0.96991366
vt 0.28288877 0.9705703
vt 0.15356517 0.8378912
vt 0.07634425 0.76256377
vt 0.007210493 0.76236403
vt 0.15356517 0.7625025
vt 0.07634425 0.692017
vt 0.007042289 0.6921507
vt 0.15356517 0.6918198
vt 0.07634425 0.61021084
vt 0.007042289 0.6104381
vt 0.07634425 0.5122183
vt 0.007042289 0.5122495
vt 0.07634425 0.41402876
vt 0.007042289 0.41387117
vt 0.07634425 0.31220496
vt 0.007042289 0.31173474
vt 0.07634425 0.21015042
vt 0.007042289 0.21008112
vt 0.007042289 0.12786071
vt 0.15356517 0.31258735
vt 0.07634425 0.12853137
vt 0.007042289 0.032165732
vt 0.07634425 0.032165732
vt 0.15356517 0.21007492
vt 0.15356517 0.044564437
vt 0.15540159 0.032165732
vt 0.15356517 0.12926601
vt 0.17140579 0.051332425
vt 0.22410154 0.12799492
vt 0.22410154 0.050912287
vt 0.28288877 0.051332425
vt 0.15356517 0.41405812
vt 0.22410154 0.3127988
vt 0.22410154 0.20986247
vt 0.28288877 0.12722795
vt 0.15356517 0.49867743
vt 0.15028214 0.51235735
vt 0.15356517 0.5258802
vt 0.16577375 0.49284652
vt 0.22410154 0.41494438
vt 0.22410154 0.49284652
vt 0.28288877 0.49284652
vt 0.15356517 0.6099593
vt 0.16444278 0.5313076
vt 0.22410154 0.6092422
vt 0.22410154 0.5313076
vt 0.28288877 0.5313076
vt 0.28288877 0.42118606
vt 0.28860486 0.49755725
vt 0.28288877 0.31816456
vt 0.22410154 0.69089055
vt 0.28288877 0.6029313
vt 0.2884978 0.52649677
vt 0.28288877 0.20970957
vt 0.3369918 0.20957552
vt 0.3369918 0.32354462
vt 0.3369918 0.42820448
vt 0.3369918 0.1257661
vt 0.2932539 0.04703925
vt 0.3369918 0.032165732
vt 0.29698026 0.032165732
vt 0.3369918 0.51198417
vt 0.293705 0.512019
vt 0.3369918 0.59568805
vt 0.3369918 0.6749542
vt 0.28288877 0.68332916
vt 0.3369918 0.7591249
vt 0.28288877 0.75991297
vt 0.28288877 0.83587646
vt 0.3369918 0.83470726
vt 0.3369918 0.89712787
vt 0.22410154 0.76195514
vt 0.22410154 0.8366976
vt 0.28288877 0.8958131
vt 0.2902465 0.97680795
vt 0.3369918 0.99483997
vt 0.2963153 0.99483997
vt 0.67691386 0.06494563
vt 0.6587825 0.054503255
vt 0.67691386 0.054503255
vt 0.6587825 0.06494563
vt 0.67705834 0.11332082
vt 0.659215 0.11345559
vt 0.6587825 0.1571143
vt 0.67691386 0.1571143
vt 0.6587825 0.16642514
vt 0.67691386 0.16642514
vt 0.6587825 0.1762527
vt 0.67691386 0.1762527
vt 0.67691386 0.18608019
vt 0.6587825 0.18608019
vt 0.67691386 0.19539103
vt 0.6587825 0.19539103
vt 0.67707324 0.23871803
vt 0.65899277 0.23847938
vt 0.6587825 0.28698793
vt 0.67691386 0.28698793
vt 0.6587826 0.29767063
vt 0.67691386 0.29767063
vt 0.6587826 0.30847707
vt 0.67691386 0.30847707
vt 0.67691386 0.31906965
vt 0.6587826 0.31906965
vt 0.3939209 0.20226155
vt 0.38068962 0.21856199
vt 0.38068962 0.20226155
vt 0.3939209 0.21856199
vt 0.4073422 0.20226155
vt 0.4073422 0.21856199
vt 0.4455328 0.20226155
vt 0.44547415 0.21856199
vt 0.49866652 0.20226155
vt 0.49866652 0.21856199
vt 0.50761974 0.20226155
vt 0.50761974 0.21856199
vt 0.51727974 0.20226155
vt 0.51727974 0.21856199
vt 0.17176235 0.99277806
vt 0.16391373 0.99277806
vt 0.16671348 0.9877184
vt 0.17136478 0.9850899
vt 0.2127614 0.9850593
vt 0.21280074 0.99274254
vt 0.2647916 0.9850899
vt 0.26461446 0.99277806
vt 0.2695148 0.98744136
vt 0.27222252 0.99277806
vt 0.90315723 0.025032869
vt 0.8182802 0.004653249
vt 0.90315723 0.0046531893
vt 0.8182802 0.025032869
vt 0.758368 0.004653249
vt 0.7589189 0.025032869
vt 0.6872077 0.004653249
vt 0.68461704 0.025032869
vt 0.6025336 0.004653249
vt 0.6025336 0.025032869
vt 0.52851486 0.025032869
vt 0.52851486 0.004653249
vt 0.45470226 0.025032869
vt 0.45470226 0.004653249
vt 0.38088608 0.004653249
vt 0.38088608 0.025032869
vt 0.28157234 0.004653249
vt 0.28157234 0.025032869
vt 0.1710962 0.004653249
vt 0.1710962 0.025032869
vt 0.09054279 0.004653249
vt 0.09054279 0.025032869
vt 0.0067659616 0.025032869
vt 0.0067659616 0.004653249
vt 0.34732318 0.99496305
vt 0.37204576 0.9123561
vt 0.37204576 0.99496305
vt 0.34732318 0.9123561
vt 0.34732318 0.854242
vt 0.37204576 0.8539026
vt 0.37204576 0.78460336
vt 0.34732318 0.7846054
vt 0.34732318 0.7008263
vt 0.37204576 0.7008263
vt 0.34732318 0.6284513
vt 0.37204576 0.6284513
vt 0.34732318 0.5570105
vt 0.37204576 0.5570105
vt 0.37204576 0.4851601
vt 0.34732318 0.4851601
vt 0.34732318 0.38800922
vt 0.37204576 0.38800922
vt 0.34732318 0.28137863
vt 0.37204576 0.28137863
vt 0.37204576 0.2022358
vt 0.34732318 0.2022358
vt 0.34732318 0.11994148
vt 0.37204576 0.11994148
vt 0.6367626 0.21456769
vt 0.6367626 0.20544985
vt 0.6529448 0.20544985
vt 0.6529448 0.21456769
vt 0.6367626 0.22272041
vt 0.6529448 0.22272041
vt 0.6367626 0.26219967
vt 0.6529448 0.26406935
vt 0.6367626 0.30549315
vt 0.6529448 0.30549315
vt 0.6367626 0.31498364
vt 0.6529448 0.31498364
vt 0.6367626 0.32421902
vt 0.6529448 0.32421902
vt 0.17731273 0.033695847
vt 0.17244494 0.039052285
vt 0.1686145 0.033695847
vt 0.17739284 0.04152303
vt 0.21612918 0.041505586
vt 0.21647036 0.03370113
vt 0.2630471 0.04152303
vt 0.26301157 0.033695847
vt 0.26780057 0.03887076
vt 0.2707739 0.033695847
vt 0.833271 0.048200242
vt 0.8841393 0.03119003
vt 0.8841393 0.048200242
vt 0.83260703 0.03119003
vt 0.79697883 0.03119003
vt 0.7970536 0.048200242
vt 0.7553065 0.03119003
vt 0.7541926 0.048200242
vt 0.7225754 0.03119003
vt 0.70471084 0.048200242
vt 0.6699003 0.03119003
vt 0.6597178 0.048200242
vt 0.615991 0.03119003
vt 0.615991 0.048200242
vt 0.5702461 0.03119003
vt 0.57177854 0.048200242
vt 0.5186832 0.03119003
vt 0.51119304 0.048200242
vt 0.47994208 0.03119003
vt 0.45398438 0.03119003
vt 0.44733822 0.048200242
vt 0.40211177 0.03119003
vt 0.39874387 0.048200242
vt 0.348235 0.03119003
vt 0.34823513 0.048200242
vt 0.95328116 0.003225511
vt 0.9227898 0.053943813
vt 0.9227898 0.003225511
vt 0.95390344 0.05345914
vt 0.9495022 0.1042475
vt 0.9227898 0.1033263
vt 0.9227898 0.1304232
vt 0.9507365 0.1304232
vt 0.9812949 0.11701099
vt 0.9812949 0.06397919
vt 0.9812949 0.16786279
vt 0.9507365 0.16713415
vt 0.9507365 0.2038451
vt 0.9812949 0.211577
vt 0.9812949 0.2702443
vt 0.99637556 0.031074598
vt 0.99637556 0.003225511
vt 0.99637556 0.06397919
vt 0.953858 0.2467753
vt 0.9227898 0.2038451
vt 0.9227898 0.2463866
vt 0.9227898 0.2975443
vt 0.9548286 0.296789
vt 0.95473385 0.347202
vt 0.9227898 0.3470668
vt 0.99521446 0.27012643
vt 0.99521446 0.3257183
vt 0.99521446 0.38963032
vt 0.9227898 0.3833011
vt 0.982739 0.38963032
vt 0.9579649 0.38483572
vt 0.9227898 0.4232589
vt 0.954741 0.42221224
vt 0.982739 0.44313183
vt 0.9521322 0.4584558
vt 0.9227898 0.4584558
vt 0.9521322 0.4940055
vt 0.982739 0.4940055
vt 0.6528585 0.19880761
vt 0.6260879 0.19880761
vt 0.6260879 0.14060582
vt 0.6528585 0.14060582
vt 0.6528585 0.08431699
vt 0.6260879 0.08431699
vt 0.6260879 0.053453226
vt 0.6528585 0.053453226
vt 0.7084243 0.055323303
vt 0.68472385 0.10449368
vt 0.68472385 0.055323303
vt 0.7084243 0.1038695
vt 0.7084243 0.16274774
vt 0.68472385 0.16161138
vt 0.684724 0.21976203
vt 0.7084243 0.21909821
vt 0.7084243 0.26001367
vt 0.684724 0.25310275
vt 0.684724 0.3021089
vt 0.7084243 0.30524233
vt 0.684724 0.34494975
vt 0.7084243 0.34494975
vt 0.6082134 0.2896747
vt 0.5664494 0.24557155
vt 0.60848856 0.24596494
vt 0.58647084 0.28968996
vt 0.61088634 0.20229362
vt 0.61088634 0.23927866
vt 0.567003 0.23927866
vt 0.56625986 0.20229362
vt 0.52237654 0.23927866
vt 0.52237654 0.20229362
vt 0.9389894 0.16501158
vt 0.9389894 0.1907371
vt 0.9279511 0.1907371
vt 0.9279511 0.16501158
vt 0.9389894 0.14209108
vt 0.9279511 0.14209108
vt 0.53176224 0.24852547
vt 0.5316534 0.2604034
vt 0.5185429 0.25812992
vt 0.5185429 0.24852547
vt 0.38278687 0.09813163
vt 0.3942759 0.13850573
vt 0.37114525 0.10449359
vt 0.44318652 0.081799
vt 0.37647128 0.07501027
vt 0.43451416 0.054210573
vt 0.37451315 0.054210573
vt 0.54383063 0.054210573
vt 0.469679 0.10450271
vt 0.42568207 0.16601667
vt 0.46440816 0.1788511
vt 0.5059202 0.168084
vt 0.5078701 0.18067542
vt 0.5061178 0.10546789
vt 0.54415727 0.15312883
vt 0.536041 0.08190647
vt 0.58028984 0.12418965
vt 0.61007535 0.09489247
vt 0.61744094 0.054210573
vt 0.590991 0.13227102
vt 0.5451622 0.25251982
vt 0.55725074 0.25251982
vt 0.5585458 0.262723
vt 0.5451622 0.2648293
vt 0.61687684 0.2593744
vt 0.63038206 0.304971
vt 0.61687684 0.304971
vt 0.63038206 0.25936988
vt 0.63038206 0.20710543
vt 0.61687684 0.20710543
vt 0.5623939 0.16162668
vt 0.562655 0.15000094
vt 0.5748249 0.14762528
vt 0.5748249 0.16162668
vt 0.4281217 0.19641088
vt 0.38091862 0.19641088
vt 0.38091862 0.1853783
vt 0.4281217 0.1853783
vt 0.47483087 0.19641088
vt 0.47483504 0.1853783
vt 0.52063155 0.19641088
vt 0.5206375 0.1853783
vt 0.57051754 0.1853783
vt 0.57051754 0.19641088
vt 0.5194471 0.16910082
vt 0.56810606 0.17919141
vt 0.5194471 0.17919141
vt 0.568117 0.16910082
vt 0.61486006 0.17919141
vt 0.6148796 0.16910082
vt 0.2694974 0.5060323
vt 0.2722125 0.5116327
vt 0.26948285 0.5172278
vt 0.26317763 0.5202324
vt 0.26320112 0.5030238
vt 0.21594155 0.5029984
vt 0.21594155 0.5202593
vt 0.16764367 0.5202324
vt 0.16764367 0.5030238
vt 0.16198671 0.5172084
vt 0.1619978 0.5060199
vt 0.15924215 0.51159966
vt 0.07634425 0.99436
vt 0.1519692 0.99467844
vt 0.15356517 0.98033404
vt 0.07634425 0.89603204
vt 0.007042289 0.99467844
vt 0.007042289 0.89610326
vt 0.15356517 0.8956794
vt 0.16621423 0.972131
vt 0.07634425 0.83824944
vt 0.007060647 0.8383469
vt 0.22410154 0.8949355
vt 0.22410154 0.96991366
vt 0.28288877 0.9705703
vt 0.15356517 0.8378912
vt 0.07634425 0.76256377
vt 0.007210493 0.76236403
vt 0.15356517 0.7625025
vt 0.07634425 0.692017
vt 0.007042289 0.6921507
vt 0.15356517 0.6918198
vt 0.07634425 0.61021084
vt 0.007042289 0.6104381
vt 0.07634425 0.5122183
vt 0.007042289 0.5122495
vt 0.07634425 0.41402876
vt 0.007042289 0.41387117
vt 0.07634425 0.31220496
vt 0.007042289 0.31173474
vt 0.07634425 0.21015042
vt 0.007042289 0.21008112
vt 0.007042289 0.12786071
vt 0.15356517 0.31258735
vt 0.07634425 0.12853137
vt 0.007042289 0.032165732
vt 0.07634425 0.032165732
vt 0.15356517 0.21007492
vt 0.15356517 0.044564437
vt 0.15540159 0.032165732
vt 0.15356517 0.12926601
vt 0.17140579 0.051332425
vt 0.22410154 0.12799492
vt 0.22410154 0.050912287
vt 0.28288877 0.051332425
vt 0.15356517 0.41405812
vt 0.22410154 0.3127988
vt 0.22410154 0.20986247
vt 0.28288877 0.12722795
vt 0.15356517 0.49867743
vt 0.15028214 0.51235735
vt 0.15356517 0.5258802
vt 0.16577375 0.49284652
vt 0.22410154 0.41494438
vt 0.22410154 0.49284652
vt 0.28288877 0.49284652
vt 0.15356517 0.6099593
vt 0.16444278 0.5313076
vt 0.22410154 0.6092422
vt 0.22410154 0.5313076
vt 0.28288877 0.5313076
vt 0.28288877 0.42118606
vt 0.28860486 0.49755725
vt 0.28288877 0.31816456
vt 0.22410154 0.69089055
vt 0.28288877 0.6029313
vt 0.2884978 0.52649677
vt 0.28288877 0.20970957
vt 0.3369918 0.20957552
vt 0.3369918 0.32354462
vt 0.3369918 0.42820448
vt 0.3369918 0.1257661
vt 0.2932539 0.04703925
vt 0.3369918 0.032165732
vt 0.29698026 0.032165732
vt 0.3369918 0.51198417
vt 0.293705 0.512019
vt 0.3369918 0.59568805
vt 0.3369918 0.6749542
vt 0.28288877 0.68332916
vt 0.3369918 0.7591249
vt 0.28288877 0.75991297
vt 0.28288877 0.83587646
vt 0.3369918 0.83470726
vt 0.3369918 0.89712787
vt 0.22410154 0.76195514
vt 0.22410154 0.8366976
vt 0.28288877 0.8958131
vt 0.2902465 0.97680795
vt 0.3369918 0.99483997
vt 0.2963153 0.99483997
vt 0.67691386 0.06494563
vt 0.67691386 0.054503255
vt 0.6587825 0.054503255
vt 0.6587825 0.06494563
vt 0.67705834 0.11332082
vt 0.659215 0.11345559
vt 0.6587825 0.1571143
vt 0.67691386 0.1571143
vt 0.6587825 0.16642514
vt 0.67691386 0.16642514
vt 0.6587825 0.1762527
vt 0.67691386 0.1762527
vt 0.67691386 0.18608019
vt 0.6587825 0.18608019
vt 0.67691386 0.19539103
vt 0.6587825 0.19539103
vt 0.67707324 0.23871803
vt 0.65899277 0.23847938
vt 0.6587825 0.28698793
vt 0.67691386 0.28698793
vt 0.6587826 0.29767063
vt 0.67691386 0.29767063
vt 0.6587826 0.30847707
vt 0.67691386 0.30847707
vt 0.67691386 0.31906965
vt 0.6587826 0.31906965
vt 0.3939209 0.20226155
vt 0.38068962 0.20226155
vt 0.38068962 0.21856199
vt 0.3939209 0.21856199
vt 0.4073422 0.20226155
vt 0.4073422 0.21856199
vt 0.4455328 0.20226155
vt 0.44547415 0.21856199
vt 0.49866652 0.20226155
vt 0.49866652 0.21856199
vt 0.50761974 0.20226155
vt 0.50761974 0.21856199
vt 0.51727974 0.20226155
vt 0.51727974 0.21856199
vt 0.17176235 0.99277806
vt 0.16671348 0.9877184
vt 0.16391373 0.99277806
vt 0.17136478 0.9850899
vt 0.2127614 0.9850593
vt 0.21280074 0.99274254
vt 0.2647916 0.9850899
vt 0.26461446 0.99277806
vt 0.2695148 0.98744136
vt 0.27222252 0.99277806
vt 0.90315723 0.025032869
vt 0.90315723 0.0046531893
vt 0.8182802 0.004653249
vt 0.8182802 0.025032869
vt 0.758368 0.004653249
vt 0.7589189 0.025032869
vt 0.6872077 0.004653249
vt 0.68461704 0.025032869
vt 0.6025336 0.004653249
vt 0.6025336 0.025032869
vt 0.52851486 0.025032869
vt 0.52851486 0.004653249
vt 0.45470226 0.025032869
vt 0.45470226 0.004653249
vt 0.38088608 0.004653249
vt 0.38088608 0.025032869
vt 0.28157234 0.004653249
vt 0.28157234 0.025032869
vt 0.1710962 0.004653249
vt 0.1710962 0.025032869
vt 0.09054279 0.004653249
vt 0.09054279 0.025032869
vt 0.0067659616 0.025032869
vt 0.0067659616 0.004653249
vt 0.34732318 0.99496305
vt 0.37204576 0.99496305
vt 0.37204576 0.9123561
vt 0.34732318 0.9123561
vt 0.34732318 0.854242
vt 0.37204576 0.8539026
vt 0.37204576 0.78460336
vt 0.34732318 0.7846054
vt 0.34732318 0.7008263
vt 0.37204576 0.7008263
vt 0.34732318 0.6284513
vt 0.37204576 0.6284513
vt 0.34732318 0.5570105
vt 0.37204576 0.5570105
vt 0.37204576 0.4851601
vt 0.34732318 0.4851601
vt 0.34732318 0.38800922
vt 0.37204576 0.38800922
vt 0.34732318 0.28137863
vt 0.37204576 0.28137863
vt 0.37204576 0.2022358
vt 0.34732318 0.2022358
vt 0.34732318 0.11994148
vt 0.37204576 0.11994148
vt 0.6367626 0.21456769
vt 0.6529448 0.20544985
vt 0.6367626 0.20544985
vt 0.6529448 0.21456769
vt 0.6367626 0.22272041
vt 0.6529448 0.22272041
vt 0.6367626 0.26219967
vt 0.6529448 0.26406935
vt 0.6367626 0.30549315
vt 0.6529448 0.30549315
vt 0.6367626 0.31498364
vt 0.6529448 0.31498364
vt 0.6367626 0.32421902
vt 0.6529448 0.32421902
vt 0.17731273 0.033695847
vt 0.1686145 0.033695847
vt 0.17244494 0.039052285
vt 0.17739284 0.04152303
vt 0.21612918 0.041505586
vt 0.21647036 0.03370113
vt 0.2630471 0.04152303
vt 0.26301157 0.033695847
vt 0.26780057 0.03887076
vt 0.2707739 0.033695847
vt 0.833271 0.048200242
vt 0.8841393 0.048200242
vt 0.8841393 0.03119003
vt 0.83260703 0.03119003
vt 0.79697883 0.03119003
vt 0.7970536 0.048200242
vt 0.7553065 0.03119003
vt 0.7541926 0.048200242
vt 0.7225754 0.03119003
vt 0.70471084 0.048200242
vt 0.6699003 0.03119003
vt 0.6597178 0.048200242
vt 0.615991 0.03119003
vt 0.615991 0.048200242
vt 0.5702461 0.03119003
vt 0.57177854 0.048200242
vt 0.5186832 0.03119003
vt 0.51119304 0.048200242
vt 0.47994208 0.03119003
vt 0.45398438 0.03119003
vt 0.44733822 0.048200242
vt 0.40211177 0.03119003
vt 0.39874387 0.048200242
vt 0.348235 0.03119003
vt 0.34823513 0.048200242
vt 0.95328116 0.003225511
vt 0.9227898 0.003225511
vt 0.9227898 0.053943813
vt 0.95390344 0.05345914
vt 0.9495022 0.1042475
vt 0.9227898 0.1033263
vt 0.9227898 0.1304232
vt 0.9507365 0.1304232
vt 0.9812949 0.11701099
vt 0.9812949 0.06397919
vt 0.9812949 0.16786279
vt 0.9507365 0.16713415
vt 0.9507365 0.2038451
vt 0.9812949 0.211577
vt 0.9812949 0.2702443
vt 0.99637556 0.031074598
vt 0.99637556 0.003225511
vt 0.99637556 0.06397919
vt 0.953858 0.2467753
vt 0.9227898 0.2038451
vt 0.9227898 0.2463866
vt 0.9227898 0.2975443
vt 0.9548286 0.296789
vt 0.95473385 0.347202
vt 0.9227898 0.3470668
vt 0.99521446 0.27012643
vt 0.99521446 0.3257183
vt 0.99521446 0.38963032
vt 0.9227898 0.3833011
vt 0.982739 0.38963032
vt 0.9579649 0.38483572
vt 0.9227898 0.4232589
vt 0.954741 0.42221224
vt 0.982739 0.44313183
vt 0.9521322 0.4584558
vt 0.9227898 0.4584558
vt 0.9521322 0.4940055
vt 0.982739 0.4940055
vt 0.6528585 0.19880761
vt 0.6260879 0.14060582
vt 0.6260879 0.19880761
vt 0.6528585 0.14060582
vt 0.6528585 0.08431699
vt 0.6260879 0.08431699
vt 0.6260879 0.053453226
vt 0.6528585 0.053453226
vt 0.7084243 0.055323303
vt 0.68472385 0.055323303
vt 0.68472385 0.10449368
vt 0.7084243 0.1038695
vt 0.7084243 0.16274774
vt 0.68472385 0.16161138
vt 0.684724 0.21976203
vt 0.7084243 0.21909821
vt 0.7084243 0.26001367
vt 0.684724 0.25310275
vt 0.684724 0.3021089
vt 0.7084243 0.30524233
vt 0.684724 0.34494975
vt 0.7084243 0.34494975
vt 0.6082134 0.2896747
vt 0.60848856 0.24596494
vt 0.5664494 0.24557155
vt 0.58647084 0.28968996
vt 0.61088634 0.20229362
vt 0.567003 0.23927866
vt 0.61088634 0.23927866
vt 0.56625986 0.20229362
vt 0.52237654 0.23927866
vt 0.52237654 0.20229362
vt 0.9389894 0.16501158
vt 0.9279511 0.1907371
vt 0.9389894 0.1907371
vt 0.9279511 0.16501158
vt 0.9389894 0.14209108
vt 0.9279511 0.14209108
vt 0.53176224 0.24852547
vt 0.5185429 0.24852547
vt 0.5185429 0.25812992
vt 0.5316534 0.2604034
vt 0.38278687 0.09813163
vt 0.37114525 0.10449359
vt 0.3942759 0.13850573
vt 0.44318652 0.081799
vt 0.37647128 0.07501027
vt 0.43451416 0.054210573
vt 0.37451315 0.054210573
vt 0.54383063 0.054210573
vt 0.469679 0.10450271
vt 0.42568207 0.16601667
vt 0.46440816 0.1788511
vt 0.5059202 0.168084
vt 0.5078701 0.18067542
vt 0.5061178 0.10546789
vt 0.54415727 0.15312883
vt 0.536041 0.08190647
vt 0.58028984 0.12418965
vt 0.61007535 0.09489247
vt 0.61744094 0.054210573
vt 0.590991 0.13227102
vt 0.5451622 0.25251982
vt 0.5451622 0.2648293
vt 0.5585458 0.262723
vt 0.55725074 0.25251982
vt 0.61687684 0.2593744
vt 0.61687684 0.304971
vt 0.63038206 0.304971
vt 0.63038206 0.25936988
vt 0.63038206 0.20710543
vt 0.61687684 0.20710543
vt 0.5623939 0.16162668
vt 0.5748249 0.16162668
vt 0.5748249 0.14762528
vt 0.562655 0.15000094
vt 0.4281217 0.19641088
vt 0.38091862 0.1853783
vt 0.38091862 0.19641088
vt 0.4281217 0.1853783
vt 0.47483087 0.19641088
vt 0.47483504 0.1853783
vt 0.52063155 0.19641088
vt 0.5206375 0.1853783
vt 0.57051754 0.1853783
vt 0.57051754 0.19641088
vt 0.5194471 0.16910082
vt 0.5194471 0.17919141
vt 0.56810606 0.17919141
vt 0.568117 0.16910082
vt 0.61486006 0.17919141
vt 0.6148796 0.16910082
vt 0.2694974 0.5060323
vt 0.26948285 0.5172278
vt 0.2722125 0.5116327
vt 0.26317763 0.5202324
vt 0.26320112 0.5030238
vt 0.21594155 0.5029984
vt 0.21594155 0.5202593
vt 0.16764367 0.5202324
vt 0.16764367 0.5030238
vt 0.16198671 0.5172084
vt 0.1619978 0.5060199
vt 0.15924215 0.51159966
vn -0.004672944 0.9578463 0.28724304
vn -0.004672944 0.9578463 0.28724304
vn -0.004672972 0.95784587 0.2872447
vn -0.01182567 -0.72944826 0.68393373
vn -0.01182567 -0.72944826 0.68393373
vn -0.01182567 -0.72944826 0.68393373
vn -0.0077722943 0.22511043 -0.97430223
vn -0.0077723353 0.22508778 -0.9743075
vn -0.0077723353 0.22508778 -0.9743075
vn 0.004672944 0.9578463 0.28724304
vn 0.004672972 0.95784587 0.2872447
vn 0.004672944 0.9578463 0.28724304
vn 0.01182567 -0.72944826 0.68393373
vn 0.01182567 -0.72944826 0.68393373
vn 0.01182567 -0.72944826 0.68393373
vn 0.0077722943 0.22511043 -0.97430223
vn 0.0077723353 0.22508778 -0.9743075
vn 0.0077723353 0.22508778 -0.9743075
vn -0.004672944 -0.9578463 0.28724304
vn -0.004672972 -0.95784587 0.2872447
vn -0.004672944 -0.9578463 0.28724304
vn -0.01182567 0.72944826 0.68393373
vn -0.01182567 0.72944826 0.68393373
vn -0.01182567 0.72944826 0.68393373
vn -0.0077722943 -0.22511043 -0.97430223
vn -0.0077723353 -0.22508778 -0.9743075
vn -0.0077723353 -0.22508778 -0.9743075
vn 0.004672944 -0.9578463 0.28724304
vn 0.004672944 -0.9578463 0.28724304
vn 0.004672972 -0.95784587 0.2872447
vn 0.01182567 0.72944826 0.68393373
vn 0.01182567 0.72944826 0.68393373
vn 0.01182567 0.72944826 0.68393373
vn 0.0077722943 -0.22511043 -0.97430223
vn 0.0077723353 -0.22508778 -0.9743075
vn 0.0077723353 -0.22508778 -0.9743075
vn 0.13616139 -0.89092606 0.43325597
vn 0.20225029 -0.8806219 0.42848542
vn 0.20225029 -0.8806219 0.42848542
vn 0.13565248 -0.890998 0.43326777
vn -0 -0.8993871 0.43715304
vn -0 -0.8993871 0.43715304
vn -0.13616139 -0.89092606 0.43325597
vn -0.13565248 -0.890998 0.43326777
vn -0.20225029 -0.8806219 0.42848542
vn -0.20225029 -0.8806219 0.42848542
vn 0.066995196 -0.82344484 0.56342715
vn 0.09954318 -0.82133096 0.56169975
vn 0.09954318 -0.82133096 0.56169975
vn 0.06620039 -0.82350385 0.56343496
vn 3.8806792E-07 -0.8251949 0.564848
vn 4.0049932E-07 -0.8251949 0.564848
vn -0.06620039 -0.82350385 0.56343496
vn -0.066995196 -0.82344484 0.56342715
vn -0.09954318 -0.82133096 0.56169975
vn -0.09954318 -0.82133096 0.56169975
vn 0.19480929 2.4997138E-07 0.9808412
vn 0.26981476 2.4296827E-07 0.9629122
vn 0.3172185 -0.15232688 0.936039
vn 0.20854494 -0.3002408 0.930787
vn -0 2.5478911E-07 1
vn -0 -0.3061388 0.95198685
vn 0.3615553 -0.2984947 0.8832773
vn 0.44053096 -0.16902575 0.8816818
vn 0.21159126 -0.5128972 0.8319649
vn -0 -0.52647114 0.850193
vn 0.49855098 -0.27192497 0.8231062
vn 0.5140921 -0.13800293 0.84656036
vn 0.61871225 -0.096657395 0.77964896
vn 0.36191654 -0.48763368 0.79449975
vn 0.21045256 -0.64826155 0.7317559
vn -0 -0.66354656 0.7481349
vn 0.3620281 -0.6194343 0.6965894
vn 0.21288511 -0.8038565 0.55542296
vn -0 -0.8223003 0.56905377
vn 0.37073973 -0.7661796 0.52490073
vn 0.21195443 -0.93121666 0.29649776
vn -0 -0.9528142 0.30355394
vn 0.20836799 -0.9780505 9.5368385E-05
vn -0 -1 9.536525E-05
vn 0.20753954 -0.9278125 -0.30998608
vn -0 -0.94810474 -0.31795818
vn 0.20828435 -0.77663165 -0.5945259
vn -0 -0.7945602 -0.6071855
vn 0.20974897 -0.55570656 -0.80448467
vn -0 -0.5679112 -0.82308984
vn -0 -0.28729403 -0.95784247
vn 0.36544722 -0.73618734 -0.5696285
vn 0.20787719 -0.28374198 -0.936097
vn -0 -2.572506E-07 -1
vn 0.1866818 -2.4552955E-07 -0.98242044
vn 0.36916888 -0.5277655 -0.7649692
vn 0.30503342 -0.13610157 -0.94256616
vn 0.24008755 -2.449952E-07 -0.9707512
vn 0.37202805 -0.28791404 -0.8824401
vn 0.45008796 -0.17075293 -0.87650687
vn 0.499419 -0.26402667 -0.8251488
vn 0.5109087 -0.1537119 -0.8457806
vn 0.6204633 -0.105950706 -0.7770454
vn 0.3581996 -0.8826245 -0.30441245
vn 0.50177824 -0.68402636 -0.52945876
vn 0.49481627 -0.4894518 -0.71804863
vn 0.633663 -0.20576522 -0.74574256
vn 0.32815298 -0.93329525 -0.14586167
vn 0.28914952 -0.95728326 -0.0011920742
vn 0.3414929 -0.92693985 0.15545163
vn 0.44156912 -0.8859038 -0.14209555
vn 0.514923 -0.8117362 -0.27556974
vn 0.5416461 -0.8345232 -0.10094771
vn 0.6368512 -0.76702523 -0.078056715
vn 0.37464592 -0.88080174 0.28953162
vn 0.4631118 -0.8699559 0.16942301
vn 0.51161265 -0.8177505 0.26369816
vn 0.52598697 -0.8371063 0.15030243
vn 0.6183214 -0.7769192 0.11863837
vn 0.6485053 -0.73004526 -0.21558033
vn 0.68950987 -0.72179186 -0.05993872
vn 0.6448228 -0.6109675 -0.45926276
vn 0.5072385 -0.7162136 0.47931945
vn 0.6270078 -0.74917626 0.21353264
vn 0.6818792 -0.727465 0.07638954
vn 0.6395826 -0.42624533 -0.6397256
vn 0.735958 -0.3717699 -0.56582075
vn 0.7265265 -0.5694049 -0.38462606
vn 0.70505446 -0.68922335 -0.1669414
vn 0.7144303 -0.16109608 -0.6809093
vn 0.6954288 -0.06772372 -0.71539664
vn 0.6992796 -1.804091E-07 -0.7148483
vn 0.69927365 -1.8039619E-07 -0.71485406
vn 0.6875066 -0.72617817 0
vn 0.6875066 -0.72617817 0
vn 0.687397 -0.7082821 0.16069146
vn 0.70517105 -0.61394894 0.3546837
vn 0.63771385 -0.650779 0.41207737
vn 0.7204559 -0.47340566 0.5067844
vn 0.6403798 -0.5229133 0.5625615
vn 0.63802356 -0.40546444 0.6546179
vn 0.72353935 -0.3635578 0.58678496
vn 0.7138055 -0.17969112 0.6768994
vn 0.49728227 -0.5817759 0.6436203
vn 0.49287453 -0.4559203 0.741088
vn 0.63807064 -0.22097151 0.73758894
vn 0.6950624 -0.06405498 0.7160902
vn 0.69962883 1.7576319E-07 0.71450645
vn 0.69962883 1.7646806E-07 0.71450645
vn 0.3991566 -0.36525378 -0.8409897
vn 0.7658983 -0.22592618 -0.60196114
vn 0.7528314 -0.2316001 -0.61612207
vn 0.36999783 -0.37936762 -0.8480458
vn 0.27127844 -0.42386958 -0.86414266
vn 0.27065435 -0.4241014 -0.8642247
vn 0.13747095 -0.51445514 -0.8464263
vn 0.1020438 -0.5347763 -0.83880955
vn -0.24051897 -0.7303308 -0.6393494
vn -0.2829104 -0.75126475 -0.59629107
vn -0.48976314 -0.87185556 0
vn -0.48976314 -0.87185556 0
vn -0.2829104 -0.75126475 0.59629107
vn -0.24051897 -0.7303308 0.6393494
vn 0.102709 -0.53943676 0.8357385
vn 0.1391884 -0.51975113 0.84290284
vn 0.27647206 -0.43425858 0.85731137
vn 0.27615735 -0.43439406 0.8573441
vn 0.36449865 -0.3879593 0.846539
vn 0.40293357 -0.36588278 0.83891255
vn 0.7352911 -0.22878905 0.6379676
vn 0.76136494 -0.21715137 0.6108753
vn 0.99211746 -0.12507565 0.007677156
vn 0.99208117 -0.1250264 0.011968583
vn 0.7658983 -0.22592618 -0.60196114
vn 0.7528314 -0.2316001 -0.61612207
vn 0.7794888 0.57237077 0.2545367
vn 0.9831104 0 0.18301293
vn 0.9831104 0 0.18301293
vn 0.75447017 0.6004052 0.26511958
vn 0.43195006 0.81364363 0.38910553
vn 0.40928528 0.82053447 0.39900964
vn 0.28815535 0.8387822 0.46196404
vn 0.29537636 0.8347887 0.46462947
vn 0.20146343 0.83559346 0.5110734
vn 0.07347916 0.8364423 0.5431068
vn -0.29297298 0.7086737 0.6418321
vn -0.4289576 0.61075634 0.66556144
vn -0.6879469 1.6180238E-07 0.7257609
vn -0.6879469 1.630075E-07 0.7257609
vn 0.4793248 2.0258328E-07 0.8776376
vn 0.47473046 0.0014140945 0.8801301
vn 0.47473097 2.2204931E-07 0.88013095
vn 0.48018593 -0.001078815 0.87716603
vn 0.5169738 -0.0028326395 0.85599655
vn 0.5170706 2.0727873E-07 0.85594285
vn 0.57062984 -0.0004187218 0.8212073
vn 0.5756494 2.1644134E-07 0.8176967
vn 0.6012018 0.0031478992 0.799091
vn 0.60120475 2.016378E-07 0.799095
vn 1 0 0
vn 1 0 0
vn 1 0 0
vn 1 0 0
vn 1 0 0
vn 1 0 0
vn 1 0 0
vn 1 0 0
vn 1 0 0
vn 1 0 0
vn 1 0 0
vn 1 0 0
vn 1 0 0
vn 1 0 0
vn 1 0 0
vn 1 0 0
vn 1 0 0
vn 1 0 0
vn 1 0 0
vn 1 0 0
vn 1 0 0
vn 1 0 0
vn 1 0 0
vn 1 0 0
vn 0.55768955 -2.0947218E-07 -0.83004963
vn 0.55768955 -2.0949491E-07 -0.83004963
vn 0.604576 0.2254345 -0.7639811
vn 0.6039588 0.2238381 -0.7649381
vn 0.6556384 0.39436054 -0.64390844
vn 0.65718526 0.40190727 -0.6376347
vn 0.65934134 0.51065934 -0.5518115
vn 0.66032207 0.50482595 -0.55599046
vn 0.62327963 0.6707731 -0.40197745
vn 0.62578696 0.6631463 -0.4106429
vn 0.53133655 0.824542 -0.19445305
vn 0.52614236 0.8297923 -0.18606192
vn 0.48280203 0.8757195 0.004196205
vn 0.4828379 0.875698 0.004529883
vn 0.5835057 0.7833006 0.21438603
vn 0.58301294 0.78385127 0.21371262
vn 0.66727805 0.61787826 0.41589242
vn 0.66857785 0.6051104 0.43225577
vn 0.6415232 0.43458024 0.6321297
vn 0.64302325 0.43867204 0.62776434
vn 0.5759334 0.21268477 0.78934526
vn 0.57716346 0.21781911 0.7870433
vn 0.5427925 2.1193843E-07 0.8398668
vn 0.5427925 2.1193843E-07 0.8398668
vn 0.7782971 0.57601887 -0.24991149
vn 0.9838394 0 -0.17905329
vn 0.9838394 0 -0.17905329
vn 0.75962055 0.59687036 -0.25830698
vn 0.44100374 0.8073316 -0.39208612
vn 0.42011636 0.81380254 -0.40153164
vn 0.29246664 0.83520293 -0.4657245
vn 0.29275557 0.8350725 -0.46577683
vn 0.208902 0.84155655 -0.49813902
vn 0.05588584 0.8486291 -0.52602786
vn -0.29721293 0.73157036 -0.6135709
vn -0.43878806 0.630436 -0.6403245
vn -0.7009048 -1.585822E-07 -0.71325487
vn -0.7009048 -1.8000085E-07 -0.71325487
vn 0.47924626 -2.3305853E-07 -0.8776804
vn 0.47473842 -2.2083638E-07 -0.88012695
vn 0.47473797 0.0013992157 -0.88012606
vn 0.48006073 -0.0012159473 -0.87723446
vn 0.51691437 -0.0038459827 -0.85602844
vn 0.51874757 -2.2755403E-07 -0.8549275
vn 0.5716393 -0.0015184467 -0.82050365
vn 0.57649785 -2.061376E-07 -0.8170987
vn 0.6011904 0.0031478393 -0.7990997
vn 0.6011933 -2.0165672E-07 -0.7991036
vn 0.6249838 -0.25599918 0.7374685
vn 0.6068446 2.0055074E-07 0.7948205
vn 0.604735 2.0577663E-07 0.7964268
vn 0.21771821 -0.293736 0.930762
vn -0.12917303 -0.5155954 0.8470394
vn 0.6176233 -0.41910836 0.6654996
vn -0.15725926 -0.64694214 0.74614704
vn 0.5697842 -0.54601336 0.6141786
vn -0.14915305 -0.78057396 0.60700715
vn 0.64798605 -0.6624583 0.37585
vn -0.07991712 -0.9476092 0.30927354
vn 0.66909474 -0.72207105 0.1758567
vn -0.10156636 -0.9948258 0.0024318704
vn 0.6514509 -0.75869083 -9.536683E-05
vn 0.26516598 -0.9425528 -0.2031779
vn 0.6134889 -0.76240283 -0.20584734
vn 0.5275805 -0.73672444 -0.42296088
vn 0.5284231 -0.68885255 -0.49623704
vn 0.1269819 -0.6969222 -0.70581526
vn -0.196506 -0.5687277 -0.79870784
vn 0.54841036 -0.45824048 -0.69947237
vn -0.16656056 -0.300088 -0.93925756
vn 0.5713021 -0.21985903 -0.7907439
vn -0.16374555 -2.5204324E-07 -0.98650265
vn 0.56362534 -2.0352357E-07 -0.8260307
vn 0.8864012 -1.2487482E-07 -0.46291795
vn 0.76268595 -1.6842372E-07 -0.6467691
vn 0.7636047 -0.20233332 -0.61316305
vn 0.8891548 -0.14567319 -0.4338009
vn 0.8924717 -0.25486246 -0.37220886
vn 0.77326953 -0.3489893 -0.52939665
vn 0.77886426 -0.40965 -0.47492886
vn 0.9306546 -0.2518208 -0.26545852
vn 0.9782865 -0.14164554 -0.15130158
vn 0.9768047 -0.0782612 -0.1993187
vn 0.97845227 -0.17861998 -0.10356716
vn 0.97852874 -0.17752849 -0.10471464
vn 0.92717093 -0.3676449 -0.07205077
vn 0.9787947 -0.19671737 -0.057124566
vn 0.9750865 -0.22175364 0.0056266915
vn 0.97469157 -0.050526273 -0.21776903
vn 0.97333014 0 -0.22940873
vn 0.97128356 -0.052834317 -0.2319846
vn 0.9036046 -0.4283658 0.0012397742
vn 0.78935534 -0.60906345 -0.07719985
vn 0.78916734 -0.6140247 0.013732942
vn 0.78649235 -0.5860307 0.19493032
vn 0.8963799 -0.4214149 0.13752313
vn 0.9075075 -0.33707282 0.2506231
vn 0.79315966 -0.48882267 0.3632494
vn 0.97587717 -0.2118072 0.05292796
vn 0.9848274 -0.15194657 0.0838293
vn 0.99322295 -0.07350585 0.09002857
vn 0.7894467 -0.39014575 0.47387782
vn 0.98088616 -0.1113874 0.15954718
vn 0.8966565 -0.27668843 0.3456162
vn 0.78773403 -0.30866826 0.5331032
vn 0.8916893 -0.22085999 0.395109
vn 0.9675318 -0.079153456 0.24003524
vn 0.914545 -0.14513873 0.37754786
vn 0.789151 -0.2628278 0.55512357
vn 0.97102237 0 0.23898864
vn 0.97102237 0 0.23898864
vn -0.16374555 -2.5204324E-07 -0.98650265
vn -0.7925912 -0.18429582 -0.5812351
vn -0.79031926 -1.5987968E-07 -0.6126953
vn -0.16656056 -0.300088 -0.93925756
vn -0.196506 -0.5687277 -0.79870784
vn -0.7972702 -0.33175883 -0.5042782
vn -0.7985897 -0.38484702 -0.4627605
vn 0.1269819 -0.6969222 -0.70581526
vn -0.7725235 -0.63066447 -0.073957406
vn 0.26516598 -0.9425528 -0.2031779
vn -0.10156636 -0.9948258 0.0024318704
vn -0.7729248 -0.63416165 0.020647569
vn -0.7722381 -0.60400987 0.1970292
vn -0.07991712 -0.9476092 0.30927354
vn -0.14915305 -0.78057396 0.60700715
vn -0.7859316 -0.49543923 0.3699343
vn -0.78980047 -0.38543487 0.47713238
vn -0.15725926 -0.64694214 0.74614704
vn -0.12917303 -0.5155954 0.8470394
vn -0.79260457 -0.30911195 0.5255738
vn 0.21771821 -0.293736 0.930762
vn -0.79308003 -0.267531 0.54722136
vn 0.032378055 2.522092E-07 0.9994758
vn 0.08716594 -0.033295196 0.99563724
vn 0.061273176 -0.014638806 0.99801373
vn -0.0004768262 2.4926405E-07 0.9999999
vn 0.061225053 -0.87636703 -0.47773665
vn 0.06589965 -0.8622029 -0.5022583
vn 0.061225053 -0.87636703 -0.47773665
vn 0.06647112 -0.86040515 -0.50525683
vn 0.071000196 -0.8455889 -0.5290921
vn 0.071000196 -0.8455889 -0.5290921
vn 0.21095516 -0.17052485 -0.9625067
vn 0.20313269 -0.25547752 -0.9452346
vn 0.20313269 -0.25547752 -0.9452346
vn 0.21090294 -0.1709742 -0.96243846
vn 0.21796538 -2.5101275E-07 -0.97595656
vn 0.21796538 -2.5094454E-07 -0.97595656
vn 0.22888426 0.8751009 -0.42639235
vn 0.22888426 0.8751009 -0.42639235
vn 0.22888426 0.8751009 -0.42639235
vn 0.22888426 0.8751009 -0.42639235
vn 0.971333 -0.11587331 -0.20757058
vn 0.9692311 -0.1434463 -0.20003565
vn 0.9707628 -0.16229449 -0.17686215
vn 0.99077713 -0.07381476 -0.11363085
vn 0.9721371 -0.044882722 -0.2300761
vn 0.99090517 0 -0.13456208
vn 0.97108036 0 -0.23875274
vn 0.99004376 0 0.14076044
vn 0.99023706 -0.12845856 -0.054120436
vn 0.97121173 -0.20410801 -0.122831956
vn 0.96976715 -0.23922321 -0.04820703
vn 0.9684613 -0.2489818 0.009536792
vn 0.9586859 -0.2839102 -0.017786112
vn 0.9905076 -0.13094231 0.041819528
vn 0.9711988 -0.20524968 0.12101839
vn 0.9903661 -0.07328805 0.11748975
vn 0.96920717 -0.13793536 0.2039884
vn 0.9691279 -0.07901225 0.23355584
vn 0.97111624 0 0.23860678
vn 0.9628171 -0.12414294 0.23994134
vn 0.13522904 0.10859807 0.984845
vn 0.13522904 0.10859807 0.984845
vn 0.13522904 0.10859807 0.984845
vn 0.13522904 0.10859807 0.984845
vn 0.29096276 -0.83517087 0.46672294
vn 0.26979652 -0.9048055 0.32944933
vn 0.26979652 -0.9048055 0.32944933
vn 0.29053056 -0.83702177 0.4636664
vn 0.30460352 -0.75048196 0.5865096
vn 0.30460352 -0.75048196 0.5865096
vn 0.1624102 -0.813863 -0.5578977
vn 0.1624102 -0.813863 -0.5578977
vn 0.1624102 -0.813863 -0.5578977
vn 0.1624102 -0.813863 -0.5578977
vn 0.06856915 -0.65154994 -0.7555004
vn 0.06918802 -0.5417384 -0.8376948
vn 0.06918802 -0.5417384 -0.8376948
vn 0.06857016 -0.6488178 -0.7578481
vn 0.060177855 -0.86044323 -0.5059804
vn 0.06022437 -0.8596874 -0.50725794
vn 0.053977273 -0.98005474 -0.19125693
vn 0.05397774 -0.980397 -0.18949431
vn 0.055360343 -0.99748755 -0.044202443
vn 0.055360343 -0.99748755 -0.044202443
vn 0.08568693 -0.455042 0.88633764
vn 0.08568693 -0.455042 0.88633764
vn 0.0814879 -0.32000333 0.9439055
vn 0.0815372 -0.32105872 0.94354284
vn 0.07681683 2.5160634E-07 0.9970452
vn 0.07681683 2.5160634E-07 0.9970452
vn 0.5791704 -0.81520647 0
vn 0.5791704 -0.81520647 0
vn 0.5964618 -0.80264145 0
vn 0.55865526 -0.8294 0.00014304933
vn 0.55865526 -0.8294 0.00014304933
vn 0.53596497 -0.8442402 0.00014305115
vn 0.5356747 -0.84442437 0.00014305003
vn 0.5370699 -0.8435378 0
vn 0.5370699 -0.8435378 0
vn 0.554337 -0.8322924 0
vn 0.554337 -0.8322924 0
vn 0.5506442 -0.83474004 0
vn -0.3172185 -0.15232688 0.936039
vn -0.26981476 2.3514676E-07 0.9629122
vn -0.19480929 2.4028537E-07 0.9808412
vn -0.20854494 -0.3002408 0.930787
vn -0 2.5478911E-07 1
vn -0 -0.3061388 0.95198685
vn -0.3615553 -0.2984947 0.8832773
vn -0.44053096 -0.16902575 0.8816818
vn -0.21159126 -0.5128972 0.8319649
vn -0 -0.52647114 0.850193
vn -0.49855098 -0.27192497 0.8231062
vn -0.5140921 -0.13800293 0.84656036
vn -0.61871225 -0.096657395 0.77964896
vn -0.36191654 -0.48763368 0.79449975
vn -0.21045256 -0.64826155 0.7317559
vn -0 -0.66354656 0.7481349
vn -0.3620281 -0.6194343 0.6965894
vn -0.21288511 -0.8038565 0.55542296
vn -0 -0.8223003 0.56905377
vn -0.37073973 -0.7661796 0.52490073
vn -0.21195443 -0.93121666 0.29649776
vn -0 -0.9528142 0.30355394
vn -0.20836799 -0.9780505 9.5368385E-05
vn -0 -1 9.536525E-05
vn -0.20753954 -0.9278125 -0.30998608
vn -0 -0.94810474 -0.31795818
vn -0.20828435 -0.77663165 -0.5945259
vn -0 -0.7945602 -0.6071855
vn -0.20974897 -0.55570656 -0.80448467
vn -0 -0.5679112 -0.82308984
vn -0 -0.28729403 -0.95784247
vn -0.36544722 -0.73618734 -0.5696285
vn -0.20787719 -0.28374198 -0.936097
vn -0 -2.572506E-07 -1
vn -0.1866818 -2.503385E-07 -0.98242044
vn -0.36916888 -0.5277655 -0.7649692
vn -0.30503342 -0.13610157 -0.94256616
vn -0.24008755 -2.449952E-07 -0.9707512
vn -0.37202805 -0.28791404 -0.8824401
vn -0.45008796 -0.17075293 -0.87650687
vn -0.499419 -0.26402667 -0.8251488
vn -0.5109087 -0.1537119 -0.8457806
vn -0.6204633 -0.105950706 -0.7770454
vn -0.3581996 -0.8826245 -0.30441245
vn -0.50177824 -0.68402636 -0.52945876
vn -0.49481627 -0.4894518 -0.71804863
vn -0.633663 -0.20576522 -0.74574256
vn -0.32815298 -0.93329525 -0.14586167
vn -0.28914952 -0.95728326 -0.0011920742
vn -0.3414929 -0.92693985 0.15545163
vn -0.44156912 -0.8859038 -0.14209555
vn -0.514923 -0.8117362 -0.27556974
vn -0.5416461 -0.8345232 -0.10094771
vn -0.6368512 -0.76702523 -0.078056715
vn -0.37464592 -0.88080174 0.28953162
vn -0.4631118 -0.8699559 0.16942301
vn -0.51161265 -0.8177505 0.26369816
vn -0.52598697 -0.8371063 0.15030243
vn -0.6183214 -0.7769192 0.11863837
vn -0.6485053 -0.73004526 -0.21558033
vn -0.68950987 -0.72179186 -0.05993872
vn -0.6448228 -0.6109675 -0.45926276
vn -0.5072385 -0.7162136 0.47931945
vn -0.6270078 -0.74917626 0.21353264
vn -0.6818792 -0.727465 0.07638954
vn -0.6395826 -0.42624533 -0.6397256
vn -0.735958 -0.3717699 -0.56582075
vn -0.7265265 -0.5694049 -0.38462606
vn -0.70505446 -0.68922335 -0.1669414
vn -0.7144303 -0.16109608 -0.6809093
vn -0.6954288 -0.06772372 -0.71539664
vn -0.6992796 -1.804091E-07 -0.7148483
vn -0.69927365 -1.8039619E-07 -0.71485406
vn -0.6875066 -0.72617817 0
vn -0.6875066 -0.72617817 0
vn -0.687397 -0.7082821 0.16069146
vn -0.70517105 -0.61394894 0.3546837
vn -0.63771385 -0.650779 0.41207737
vn -0.7204559 -0.47340566 0.5067844
vn -0.6403798 -0.5229133 0.5625615
vn -0.63802356 -0.40546444 0.6546179
vn -0.72353935 -0.3635578 0.58678496
vn -0.7138055 -0.17969112 0.6768994
vn -0.49728227 -0.5817759 0.6436203
vn -0.49287453 -0.4559203 0.741088
vn -0.63807064 -0.22097151 0.73758894
vn -0.6950624 -0.06405498 0.7160902
vn -0.69962883 1.8031075E-07 0.71450645
vn -0.69962883 1.8028803E-07 0.71450645
vn -0.3991566 -0.36525378 -0.8409897
vn -0.7528314 -0.2316001 -0.61612207
vn -0.7658983 -0.22592618 -0.60196114
vn -0.36999783 -0.37936762 -0.8480458
vn -0.27127844 -0.42386958 -0.86414266
vn -0.27065435 -0.4241014 -0.8642247
vn -0.13747095 -0.51445514 -0.8464263
vn -0.1020438 -0.5347763 -0.83880955
vn 0.24051897 -0.7303308 -0.6393494
vn 0.2829104 -0.75126475 -0.59629107
vn 0.48976314 -0.87185556 0
vn 0.48976314 -0.87185556 0
vn 0.2829104 -0.75126475 0.59629107
vn 0.24051897 -0.7303308 0.6393494
vn -0.102709 -0.53943676 0.8357385
vn -0.1391884 -0.51975113 0.84290284
vn -0.27647206 -0.43425858 0.85731137
vn -0.27615735 -0.43439406 0.8573441
vn -0.36449865 -0.3879593 0.846539
vn -0.40293357 -0.36588278 0.83891255
vn -0.7352911 -0.22878905 0.6379676
vn -0.76136494 -0.21715137 0.6108753
vn -0.99211746 -0.12507565 0.007677156
vn -0.99208117 -0.1250264 0.011968583
vn -0.7658983 -0.22592618 -0.60196114
vn -0.7528314 -0.2316001 -0.61612207
vn -0.7794888 0.57237077 0.2545367
vn -0.9831104 0 0.18301293
vn -0.9831104 0 0.18301293
vn -0.75447017 0.6004052 0.26511958
vn -0.43195006 0.81364363 0.38910553
vn -0.40928528 0.82053447 0.39900964
vn -0.28815535 0.8387822 0.46196404
vn -0.29537636 0.8347887 0.46462947
vn -0.20146343 0.83559346 0.5110734
vn -0.07347916 0.8364423 0.5431068
vn 0.29297298 0.7086737 0.6418321
vn 0.4289576 0.61075634 0.66556144
vn 0.6879469 1.8313048E-07 0.7257609
vn 0.6879469 1.8310773E-07 0.7257609
vn -0.4793248 2.405989E-07 0.8776376
vn -0.47473097 2.2209478E-07 0.88013095
vn -0.47473046 0.0014140945 0.8801301
vn -0.48018593 -0.001078815 0.87716603
vn -0.5169738 -0.0028326395 0.85599655
vn -0.5170706 2.2524169E-07 0.85594285
vn -0.57062984 -0.0004202119 0.8212073
vn -0.5756494 1.9647753E-07 0.8176967
vn -0.6012018 0.0031478992 0.799091
vn -0.60120475 2.0172877E-07 0.799095
vn -1 0 0
vn -1 0 0
vn -1 0 0
vn -1 0 0
vn -1 0 0
vn -1 0 0
vn -1 0 0
vn -1 0 0
vn -1 0 0
vn -1 0 0
vn -1 0 0
vn -1 0 0
vn -1 0 0
vn -1 0 0
vn -1 0 0
vn -1 0 0
vn -1 0 0
vn -1 0 0
vn -1 0 0
vn -1 0 0
vn -1 0 0
vn -1 0 0
vn -1 0 0
vn -1 0 0
vn -0.55768955 -2.0947218E-07 -0.83004963
vn -0.604576 0.2254345 -0.7639811
vn -0.55768955 -2.0949491E-07 -0.83004963
vn -0.6039588 0.2238381 -0.7649381
vn -0.6556384 0.39436054 -0.64390844
vn -0.65718526 0.40190727 -0.6376347
vn -0.65934134 0.51065934 -0.5518115
vn -0.66032207 0.50482595 -0.55599046
vn -0.62327963 0.6707731 -0.40197745
vn -0.62578696 0.6631463 -0.4106429
vn -0.53133655 0.824542 -0.19445305
vn -0.52614236 0.8297923 -0.18606192
vn -0.48280203 0.8757195 0.004196205
vn -0.4828379 0.875698 0.004529883
vn -0.5835057 0.7833006 0.21438603
vn -0.58301294 0.78385127 0.21371262
vn -0.66727805 0.61787826 0.41589242
vn -0.66857785 0.6051104 0.43225577
vn -0.6415232 0.43458024 0.6321297
vn -0.64302325 0.43867204 0.62776434
vn -0.5759334 0.21268477 0.78934526
vn -0.57716346 0.21781911 0.7870433
vn -0.5427925 2.1193843E-07 0.8398668
vn -0.5427925 2.1193843E-07 0.8398668
vn -0.7782971 0.57601887 -0.24991149
vn -0.9838394 -1.14108076E-07 -0.17905329
vn -0.9838394 -1.1230045E-07 -0.17905329
vn -0.75962055 0.59687036 -0.25830698
vn -0.44100374 0.8073316 -0.39208612
vn -0.42011636 0.81380254 -0.40153164
vn -0.29246664 0.83520293 -0.4657245
vn -0.29275557 0.8350725 -0.46577683
vn -0.208902 0.84155655 -0.49813902
vn -0.05588584 0.8486291 -0.52602786
vn 0.29721293 0.73157036 -0.6135709
vn 0.43878806 0.630436 -0.6403245
vn 0.7009048 -1.585822E-07 -0.71325487
vn 0.7009048 -1.8000085E-07 -0.71325487
vn -0.47924626 -2.09855E-07 -0.8776804
vn -0.47473797 0.0013992157 -0.88012606
vn -0.47473842 -2.2350801E-07 -0.88012695
vn -0.48006073 -0.0012159473 -0.87723446
vn -0.51691437 -0.0038459827 -0.85602844
vn -0.51874757 -2.034412E-07 -0.8549275
vn -0.5716393 -0.0015184467 -0.82050365
vn -0.57649785 -2.0605802E-07 -0.8170987
vn -0.6011904 0.0031478393 -0.7990997
vn -0.6011933 -2.0177039E-07 -0.7991036
vn -0.6249838 -0.25599918 0.7374685
vn -0.604735 2.0577663E-07 0.7964268
vn -0.6068446 2.0055074E-07 0.7948205
vn -0.21771821 -0.293736 0.930762
vn 0.12917303 -0.5155954 0.8470394
vn -0.6176233 -0.41910836 0.6654996
vn 0.15725926 -0.64694214 0.74614704
vn -0.5697842 -0.54601336 0.6141786
vn 0.14915305 -0.78057396 0.60700715
vn -0.64798605 -0.6624583 0.37585
vn 0.07991712 -0.9476092 0.30927354
vn -0.66909474 -0.72207105 0.1758567
vn 0.10156636 -0.9948258 0.0024318704
vn -0.6514509 -0.75869083 -9.536683E-05
vn -0.26516598 -0.9425528 -0.2031779
vn -0.6134889 -0.76240283 -0.20584734
vn -0.5275805 -0.73672444 -0.42296088
vn -0.5284231 -0.68885255 -0.49623704
vn -0.1269819 -0.6969222 -0.70581526
vn 0.196506 -0.5687277 -0.79870784
vn -0.54841036 -0.45824048 -0.69947237
vn 0.16656056 -0.300088 -0.93925756
vn -0.5713021 -0.21985903 -0.7907439
vn 0.16374555 -2.458814E-07 -0.98650265
vn -0.56362534 -2.1340301E-07 -0.8260307
vn -0.8864012 -1.1867884E-07 -0.46291795
vn -0.7636047 -0.20233332 -0.61316305
vn -0.76268595 -1.6842372E-07 -0.6467691
vn -0.8891548 -0.14567319 -0.4338009
vn -0.8924717 -0.25486246 -0.37220886
vn -0.77326953 -0.3489893 -0.52939665
vn -0.77886426 -0.40965 -0.47492886
vn -0.9306546 -0.2518208 -0.26545852
vn -0.9782865 -0.14164554 -0.15130158
vn -0.9768047 -0.0782612 -0.1993187
vn -0.97845227 -0.17861998 -0.10356716
vn -0.97852874 -0.17752849 -0.10471464
vn -0.92717093 -0.3676449 -0.07205077
vn -0.9787947 -0.19671737 -0.057124566
vn -0.9750865 -0.22175364 0.0056266915
vn -0.97469157 -0.050526273 -0.21776903
vn -0.97333014 0 -0.22940873
vn -0.97128356 -0.052834317 -0.2319846
vn -0.9036046 -0.4283658 0.0012397742
vn -0.78935534 -0.60906345 -0.07719985
vn -0.78916734 -0.6140247 0.013732942
vn -0.78649235 -0.5860307 0.19493032
vn -0.8963799 -0.4214149 0.13752313
vn -0.9075075 -0.33707282 0.2506231
vn -0.79315966 -0.48882267 0.3632494
vn -0.97587717 -0.2118072 0.05292796
vn -0.9848274 -0.15194657 0.0838293
vn -0.99322295 -0.07350585 0.09002857
vn -0.7894467 -0.39014575 0.47387782
vn -0.98088616 -0.1113874 0.15954718
vn -0.8966565 -0.27668843 0.3456162
vn -0.78773403 -0.30866826 0.5331032
vn -0.8916893 -0.22085999 0.395109
vn -0.9675318 -0.079153456 0.24003524
vn -0.914545 -0.14513873 0.37754786
vn -0.789151 -0.2628278 0.55512357
vn -0.97102237 0 0.23898864
vn -0.97102237 0 0.23898864
vn 0.16374555 -2.458814E-07 -0.98650265
vn 0.79031926 -1.5462729E-07 -0.6126953
vn 0.7925912 -0.18429582 -0.5812351
vn 0.16656056 -0.300088 -0.93925756
vn 0.196506 -0.5687277 -0.79870784
vn 0.7972702 -0.33175883 -0.5042782
vn 0.7985897 -0.38484702 -0.4627605
vn -0.1269819 -0.6969222 -0.70581526
vn 0.7725235 -0.63066447 -0.073957406
vn 0.10156636 -0.9948258 0.0024318704
vn -0.26516598 -0.9425528 -0.2031779
vn 0.7729248 -0.63416165 0.020647569
vn 0.7722381 -0.60400987 0.1970292
vn 0.07991712 -0.9476092 0.30927354
vn 0.14915305 -0.78057396 0.60700715
vn 0.7859316 -0.49543923 0.3699343
vn 0.78980047 -0.38543487 0.47713238
vn 0.15725926 -0.64694214 0.74614704
vn 0.12917303 -0.5155954 0.8470394
vn 0.79260457 -0.30911195 0.5255738
vn -0.21771821 -0.293736 0.930762
vn 0.79308003 -0.267531 0.54722136
vn -0.032378055 2.522092E-07 0.9994758
vn -0.061273176 -0.014638806 0.99801373
vn -0.08716594 -0.033295196 0.99563724
vn 0.0004768262 2.4926405E-07 0.9999999
vn -0.061225053 -0.87636703 -0.47773665
vn -0.061225053 -0.87636703 -0.47773665
vn -0.06589965 -0.8622029 -0.5022583
vn -0.06647112 -0.86040515 -0.50525683
vn -0.071000196 -0.8455889 -0.5290921
vn -0.071000196 -0.8455889 -0.5290921
vn -0.21095516 -0.17052485 -0.9625067
vn -0.20313269 -0.25547752 -0.9452346
vn -0.20313269 -0.25547752 -0.9452346
vn -0.21090294 -0.1709742 -0.96243846
vn -0.21796538 -2.416107E-07 -0.97595656
vn -0.21796538 -2.416448E-07 -0.97595656
vn -0.22888426 0.8751009 -0.42639235
vn -0.22888426 0.8751009 -0.42639235
vn -0.22888426 0.8751009 -0.42639235
vn -0.22888426 0.8751009 -0.42639235
vn -0.971333 -0.11587331 -0.20757058
vn -0.9707628 -0.16229449 -0.17686215
vn -0.9692311 -0.1434463 -0.20003565
vn -0.99077713 -0.07381476 -0.11363085
vn -0.9721371 -0.044882722 -0.2300761
vn -0.99090517 0 -0.13456208
vn -0.97108036 0 -0.23875274
vn -0.99004376 0 0.14076044
vn -0.99023706 -0.12845856 -0.054120436
vn -0.97121173 -0.20410801 -0.122831956
vn -0.96976715 -0.23922321 -0.04820703
vn -0.9684613 -0.2489818 0.009536792
vn -0.9586859 -0.2839102 -0.017786112
vn -0.9905076 -0.13094231 0.041819528
vn -0.9711988 -0.20524968 0.12101839
vn -0.9903661 -0.07328805 0.11748975
vn -0.96920717 -0.13793536 0.2039884
vn -0.9691279 -0.07901225 0.23355584
vn -0.97111624 0 0.23860678
vn -0.9628171 -0.12414294 0.23994134
vn -0.13522904 0.10859807 0.984845
vn -0.13522904 0.10859807 0.984845
vn -0.13522904 0.10859807 0.984845
vn -0.13522904 0.10859807 0.984845
vn -0.29096276 -0.83517087 0.46672294
vn -0.26979652 -0.9048055 0.32944933
vn -0.26979652 -0.9048055 0.32944933
vn -0.29053056 -0.83702177 0.4636664
vn -0.30460352 -0.75048196 0.5865096
vn -0.30460352 -0.75048196 0.5865096
vn -0.1624102 -0.813863 -0.5578977
vn -0.1624102 -0.813863 -0.5578977
vn -0.1624102 -0.813863 -0.5578977
vn -0.1624102 -0.813863 -0.5578977
vn -0.06856915 -0.65154994 -0.7555004
vn -0.06918802 -0.5417384 -0.8376948
vn -0.06918802 -0.5417384 -0.8376948
vn -0.06857016 -0.6488178 -0.7578481
vn -0.060177855 -0.86044323 -0.5059804
vn -0.06022437 -0.8596874 -0.50725794
vn -0.053977273 -0.98005474 -0.19125693
vn -0.05397774 -0.980397 -0.18949431
vn -0.055360343 -0.99748755 -0.044202443
vn -0.055360343 -0.99748755 -0.044202443
vn -0.08568693 -0.455042 0.88633764
vn -0.0814879 -0.32000333 0.9439055
vn -0.08568693 -0.455042 0.88633764
vn -0.0815372 -0.32105872 0.94354284
vn -0.07681683 2.3187073E-07 0.9970452
vn -0.07681683 2.3246187E-07 0.9970452
vn -0.5791704 -0.81520647 0
vn -0.5964618 -0.80264145 0
vn -0.5791704 -0.81520647 0
vn -0.55865526 -0.8294 0.00014304933
vn -0.55865526 -0.8294 0.00014304933
vn -0.53596497 -0.8442402 0.00014305115
vn -0.5356747 -0.84442437 0.00014305003
vn -0.5370699 -0.8435378 0
vn -0.5370699 -0.8435378 0
vn -0.554337 -0.8322924 0
vn -0.554337 -0.8322924 0
vn -0.5506442 -0.83474004 0
vn 0.3172185 0.15232688 0.936039
vn 0.26981476 2.4296827E-07 0.9629122
vn 0.19480929 2.4997138E-07 0.9808412
vn 0.20854494 0.3002408 0.930787
vn -0 2.5478911E-07 1
vn -0 0.3061388 0.95198685
vn 0.36156043 0.29845124 0.8832898
vn 0.44053096 0.16902575 0.8816818
vn 0.21159126 0.5128972 0.8319649
vn -0 0.52647114 0.850193
vn 0.49855098 0.27192497 0.8231062
vn 0.5140921 0.13800293 0.84656036
vn 0.61871225 0.096657395 0.77964896
vn 0.36191654 0.48763368 0.79449975
vn 0.21045256 0.64826155 0.7317559
vn -0 0.66354656 0.7481349
vn 0.3620281 0.6194343 0.6965894
vn 0.21288511 0.8038565 0.55542296
vn -0 0.8223003 0.56905377
vn 0.37073973 0.7661796 0.52490073
vn 0.21195443 0.93121666 0.29649776
vn -0 0.9528142 0.30355394
vn 0.20836799 0.9780505 9.5368385E-05
vn -0 1 9.536525E-05
vn 0.20753954 0.9278125 -0.30998608
vn -0 0.94810474 -0.31795818
vn 0.20828435 0.77663165 -0.5945259
vn -0 0.7945602 -0.6071855
vn 0.20974897 0.55570656 -0.80448467
vn -0 0.5679056 -0.8230936
vn -0 0.28729403 -0.95784247
vn 0.36544722 0.73618734 -0.5696285
vn 0.20787719 0.28374198 -0.936097
vn -0 -2.572506E-07 -1
vn 0.1866818 -2.4552955E-07 -0.98242044
vn 0.36916888 0.5277655 -0.7649692
vn 0.30503342 0.13610157 -0.94256616
vn 0.24008755 -2.449952E-07 -0.9707512
vn 0.37202805 0.28791404 -0.8824401
vn 0.45008796 0.17075293 -0.87650687
vn 0.499419 0.26402667 -0.8251488
vn 0.5109087 0.1537119 -0.8457806
vn 0.6204633 0.105950706 -0.7770454
vn 0.3581996 0.8826245 -0.30441245
vn 0.50177824 0.68402636 -0.52945876
vn 0.49481627 0.4894518 -0.71804863
vn 0.633663 0.20576522 -0.74574256
vn 0.32815298 0.93329525 -0.14586167
vn 0.28914952 0.95728326 -0.0011920742
vn 0.3414929 0.92693985 0.15545163
vn 0.44156912 0.8859038 -0.14209555
vn 0.514923 0.8117362 -0.27556974
vn 0.5416461 0.8345232 -0.10094771
vn 0.6368512 0.76702523 -0.078056715
vn 0.37464592 0.88080174 0.28953162
vn 0.4631118 0.8699559 0.16942301
vn 0.51161265 0.8177505 0.26369816
vn 0.52598697 0.8371063 0.15030243
vn 0.6183214 0.7769192 0.11863837
vn 0.6485053 0.73004526 -0.21558033
vn 0.68953484 0.72176814 -0.05993675
vn 0.6448228 0.6109675 -0.45926276
vn 0.5072385 0.7162136 0.47931945
vn 0.6270078 0.74917626 0.21353264
vn 0.6818792 0.727465 0.07638954
vn 0.6395826 0.42624533 -0.6397256
vn 0.735958 0.3717699 -0.56582075
vn 0.7265265 0.5694049 -0.38462606
vn 0.70505446 0.68922335 -0.1669414
vn 0.7144303 0.16109608 -0.6809093
vn 0.6954288 0.06772372 -0.71539664
vn 0.6992796 -1.804091E-07 -0.7148483
vn 0.69927365 -1.8039619E-07 -0.71485406
vn 0.6875066 0.72617817 0
vn 0.6875066 0.72617817 0
vn 0.687397 0.7082821 0.16069146
vn 0.70517105 0.61394894 0.3546837
vn 0.63771385 0.650779 0.41207737
vn 0.7204559 0.47340566 0.5067844
vn 0.6403798 0.5229133 0.5625615
vn 0.63802356 0.40546444 0.6546179
vn 0.72353935 0.3635578 0.58678496
vn 0.7138055 0.17969112 0.6768994
vn 0.49728227 0.5817759 0.6436203
vn 0.49287453 0.4559203 0.741088
vn 0.63807064 0.22097151 0.73758894
vn 0.6950624 0.06405498 0.7160902
vn 0.69962883 1.7576319E-07 0.71450645
vn 0.69962883 1.7646806E-07 0.71450645
vn 0.3991566 0.36525378 -0.8409897
vn 0.7528314 0.2316001 -0.61612207
vn 0.7658983 0.22592618 -0.60196114
vn 0.36999783 0.37936762 -0.8480458
vn 0.27127844 0.42386958 -0.86414266
vn 0.27065435 0.4241014 -0.8642247
vn 0.13747095 0.51445514 -0.8464263
vn 0.1020438 0.5347763 -0.83880955
vn -0.24051897 0.7303308 -0.6393494
vn -0.2829104 0.75126475 -0.59629107
vn -0.48976314 0.87185556 0
vn -0.48976314 0.87185556 0
vn -0.2829104 0.75126475 0.59629107
vn -0.24051897 0.7303308 0.6393494
vn 0.102709 0.53943676 0.8357385
vn 0.1391884 0.51975113 0.84290284
vn 0.27647206 0.43425858 0.85731137
vn 0.27615735 0.43439406 0.8573441
vn 0.36449865 0.3879593 0.846539
vn 0.40293357 0.36588278 0.83891255
vn 0.7352911 0.22878905 0.6379676
vn 0.76136494 0.21715137 0.6108753
vn 0.99211746 0.12507565 0.007677156
vn 0.99208117 0.1250264 0.011968583
vn 0.7658983 0.22592618 -0.60196114
vn 0.7528314 0.2316001 -0.61612207
vn 0.7794888 -0.57237077 0.2545367
vn 0.9831104 0 0.18301293
vn 0.9831104 0 0.18301293
vn 0.75447017 -0.6004052 0.26511958
vn 0.43195006 -0.81364363 0.38910553
vn 0.40928528 -0.82053447 0.39900964
vn 0.28815535 -0.8387822 0.46196404
vn 0.29537636 -0.8347887 0.46462947
vn 0.20146343 -0.83559346 0.5110734
vn 0.07347916 -0.8364423 0.5431068
vn -0.29297298 -0.7086737 0.6418321
vn -0.4289576 -0.61075634 0.66556144
vn -0.6879469 1.6180238E-07 0.7257609
vn -0.6879469 1.630075E-07 0.7257609
vn 0.4793248 2.0258328E-07 0.8776376
vn 0.47473097 2.2204931E-07 0.88013095
vn 0.47473046 -0.0014155846 0.8801301
vn 0.48018593 0.001078815 0.87716603
vn 0.51697385 0.0028341296 0.8559965
vn 0.5170706 2.0727873E-07 0.85594285
vn 0.57062984 0.0004202119 0.8212073
vn 0.5756494 2.1644134E-07 0.8176967
vn 0.6012018 -0.0031471539 0.799091
vn 0.60120475 2.016378E-07 0.799095
vn 1 0 0
vn 1 0 0
vn 1 0 0
vn 1 0 0
vn 1 0 0
vn 1 0 0
vn 1 0 0
vn 1 0 0
vn 1 0 0
vn 1 0 0
vn 1 0 0
vn 1 0 0
vn 1 0 0
vn 1 0 0
vn 1 0 0
vn 1 0 0
vn 1 0 0
vn 1 0 0
vn 1 0 0
vn 1 0 0
vn 1 0 0
vn 1 0 0
vn 1 0 0
vn 1 0 0
vn 0.55768955 -2.0947218E-07 -0.83004963
vn 0.604576 -0.2254345 -0.7639811
vn 0.55768955 -2.0949491E-07 -0.83004963
vn 0.6039588 -0.2238381 -0.7649381
vn 0.6556384 -0.39436054 -0.64390844
vn 0.65718526 -0.40190727 -0.6376347
vn 0.65934134 -0.51065934 -0.5518115
vn 0.66032207 -0.50482595 -0.55599046
vn 0.62327963 -0.6707731 -0.40197745
vn 0.62578696 -0.6631463 -0.4106429
vn 0.53133655 -0.824542 -0.19445305
vn 0.52614236 -0.8297923 -0.18606192
vn 0.48280203 -0.8757195 0.004196205
vn 0.4828379 -0.875698 0.004529883
vn 0.5835057 -0.7833006 0.21438603
vn 0.58301294 -0.78385127 0.21371262
vn 0.66727805 -0.61787826 0.41589242
vn 0.66857785 -0.6051104 0.43225577
vn 0.6415232 -0.43458024 0.6321297
vn 0.64302325 -0.43867204 0.62776434
vn 0.5759334 -0.21268477 0.78934526
vn 0.57716495 -0.21780778 0.78704536
vn 0.5427925 2.1193843E-07 0.8398668
vn 0.5427925 2.1193843E-07 0.8398668
vn 0.7782971 -0.57601887 -0.24991149
vn 0.9838394 0 -0.17905329
vn 0.9838394 0 -0.17905329
vn 0.7596216 -0.5968712 -0.2583014
vn 0.44100374 -0.8073316 -0.39208612
vn 0.42011636 -0.81380254 -0.40153164
vn 0.29246664 -0.83520293 -0.4657245
vn 0.29275522 -0.835073 -0.46577618
vn 0.208902 -0.84155655 -0.49813902
vn 0.055885773 -0.84862953 -0.5260272
vn -0.29721293 -0.73157036 -0.6135709
vn -0.43878806 -0.630436 -0.6403245
vn -0.7009048 -1.585822E-07 -0.71325487
vn -0.7009048 -1.8000085E-07 -0.71325487
vn 0.47924626 -2.3305853E-07 -0.8776804
vn 0.47473797 -0.0013999607 -0.88012606
vn 0.47473842 -2.2083638E-07 -0.88012695
vn 0.48006073 0.0012159473 -0.87723446
vn 0.51691437 0.0038459827 -0.85602844
vn 0.51874757 -2.2755403E-07 -0.8549275
vn 0.5716393 0.0015184467 -0.82050365
vn 0.57649785 -2.061376E-07 -0.8170987
vn 0.6011903 -0.0031485842 -0.7990997
vn 0.6011933 -2.0165672E-07 -0.7991036
vn 0.6249838 0.25599918 0.7374685
vn 0.604735 2.0577663E-07 0.7964268
vn 0.6068446 2.0055074E-07 0.7948205
vn 0.21771821 0.293736 0.930762
vn -0.12917303 0.5155954 0.8470394
vn 0.6176233 0.41910836 0.6654996
vn -0.15725926 0.64694214 0.74614704
vn 0.5697842 0.54601336 0.6141786
vn -0.14915305 0.78057396 0.60700715
vn 0.64798605 0.6624583 0.37585
vn -0.07991712 0.9476092 0.30927354
vn 0.66909474 0.72207105 0.1758567
vn -0.10156636 0.9948258 0.0024318704
vn 0.6514509 0.75869083 -9.536683E-05
vn 0.26516598 0.9425528 -0.2031779
vn 0.6134889 0.76240283 -0.20584734
vn 0.5275805 0.73672444 -0.42296088
vn 0.5284231 0.68885255 -0.49623704
vn 0.1269819 0.6969222 -0.70581526
vn -0.196506 0.5687277 -0.79870784
vn 0.54841036 0.45824048 -0.69947237
vn -0.16656056 0.300088 -0.93925756
vn 0.5713021 0.21985903 -0.7907439
vn -0.16374555 -2.5204324E-07 -0.98650265
vn 0.56362534 -2.0352357E-07 -0.8260307
vn 0.8864012 -1.2487482E-07 -0.46291795
vn 0.7636047 0.20233332 -0.61316305
vn 0.76268595 -1.6842372E-07 -0.6467691
vn 0.8891548 0.14567319 -0.4338009
vn 0.8924717 0.25486246 -0.37220886
vn 0.77326953 0.3489893 -0.52939665
vn 0.77886426 0.40965 -0.47492886
vn 0.9306546 0.2518208 -0.26545852
vn 0.9782865 0.14164554 -0.15130158
vn 0.9768047 0.0782612 -0.1993187
vn 0.97845227 0.17861998 -0.10356716
vn 0.97852874 0.17752849 -0.10471464
vn 0.92717093 0.3676449 -0.07205077
vn 0.9787947 0.19671737 -0.057124566
vn 0.9750865 0.22175364 0.0056266915
vn 0.97469157 0.050526273 -0.21776903
vn 0.97333014 0 -0.22940873
vn 0.97128356 0.052834317 -0.2319846
vn 0.9036046 0.4283658 0.0012397742
vn 0.78935534 0.60906345 -0.07719985
vn 0.78916734 0.6140247 0.013732942
vn 0.78649235 0.5860307 0.19493032
vn 0.8963799 0.4214149 0.13752313
vn 0.9075075 0.33707282 0.2506231
vn 0.79315966 0.48882267 0.3632494
vn 0.97587717 0.2118072 0.05292796
vn 0.9848274 0.15194657 0.0838293
vn 0.99322295 0.07350585 0.09002857
vn 0.7894467 0.39014575 0.47387782
vn 0.98088616 0.1113874 0.15954718
vn 0.8966565 0.27668843 0.3456162
vn 0.78773403 0.30866826 0.5331032
vn 0.8916893 0.22085999 0.395109
vn 0.9675318 0.079153456 0.24003524
vn 0.914545 0.14513873 0.37754786
vn 0.789151 0.2628278 0.55512357
vn 0.97102237 0 0.23898864
vn 0.97102237 0 0.23898864
vn -0.16374555 -2.5204324E-07 -0.98650265
vn -0.79031926 -1.5987968E-07 -0.6126953
vn -0.7925912 0.18429582 -0.5812351
vn -0.16656056 0.300088 -0.93925756
vn -0.196506 0.5687277 -0.79870784
vn -0.7972702 0.33175883 -0.5042782
vn -0.7985897 0.38484702 -0.4627605
vn 0.1269819 0.6969222 -0.70581526
vn -0.7725235 0.63066447 -0.073957406
vn -0.10156636 0.9948258 0.0024318704
vn 0.26516598 0.9425528 -0.2031779
vn -0.7729248 0.63416165 0.020647569
vn -0.7722381 0.60400987 0.1970292
vn -0.07991712 0.9476092 0.30927354
vn -0.14915305 0.78057396 0.60700715
vn -0.7859316 0.49543923 0.3699343
vn -0.78980047 0.38543487 0.47713238
vn -0.15725926 0.64694214 0.74614704
vn -0.12917303 0.5155954 0.8470394
vn -0.79260457 0.30911195 0.5255738
vn 0.21771821 0.293736 0.930762
vn -0.79308003 0.267531 0.54722136
vn 0.032378055 2.522092E-07 0.9994758
vn 0.061273176 0.014638806 0.99801373
vn 0.08716594 0.033295196 0.99563724
vn -0.0004768262 2.4926405E-07 0.9999999
vn 0.061225053 0.87636703 -0.47773665
vn 0.061225053 0.87636703 -0.47773665
vn 0.06589965 0.8622029 -0.5022583
vn 0.06647112 0.86040515 -0.50525683
vn 0.071000196 0.8455889 -0.5290921
vn 0.071000196 0.8455889 -0.5290921
vn 0.21095495 0.17053065 -0.96250576
vn 0.20313269 0.25547752 -0.9452346
vn 0.20313269 0.25547752 -0.9452346
vn 0.21090294 0.1709742 -0.96243846
vn 0.21796538 -2.5101275E-07 -0.97595656
vn 0.21796538 -2.5094454E-07 -0.97595656
vn 0.22888426 -0.8751009 -0.42639235
vn 0.22888426 -0.8751009 -0.42639235
vn 0.22888426 -0.8751009 -0.42639235
vn 0.22888426 -0.8751009 -0.42639235
vn 0.971333 0.11587331 -0.20757058
vn 0.9707628 0.16229449 -0.17686215
vn 0.9692311 0.1434463 -0.20003565
vn 0.99077713 0.07381476 -0.11363085
vn 0.97213686 0.044888668 -0.23007604
vn 0.99090517 0 -0.13456208
vn 0.97108036 0 -0.23875274
vn 0.99004376 0 0.14076044
vn 0.99023706 0.12845856 -0.054120436
vn 0.97121173 0.20410801 -0.122831956
vn 0.96976715 0.23922321 -0.04820703
vn 0.9684613 0.2489818 0.009536792
vn 0.9586859 0.2839102 -0.017786112
vn 0.9905076 0.13094231 0.041819528
vn 0.9711988 0.20524968 0.12101839
vn 0.9903661 0.07328805 0.11748975
vn 0.96920717 0.13793536 0.2039884
vn 0.9691279 0.07901225 0.23355584
vn 0.97111624 0 0.23860678
vn 0.9628171 0.12414294 0.23994134
vn 0.13522904 -0.10859807 0.984845
vn 0.13522904 -0.10859807 0.984845
vn 0.13522904 -0.10859807 0.984845
vn 0.13522904 -0.10859807 0.984845
vn 0.29096276 0.83517087 0.46672294
vn 0.26979652 0.9048055 0.32944933
vn 0.26979652 0.9048055 0.32944933
vn 0.29053056 0.83702177 0.4636664
vn 0.30460352 0.75048196 0.5865096
vn 0.30460352 0.75048196 0.5865096
vn 0.1624102 0.813863 -0.5578977
vn 0.1624102 0.813863 -0.5578977
vn 0.1624102 0.813863 -0.5578977
vn 0.1624102 0.813863 -0.5578977
vn 0.06856915 0.65154994 -0.7555004
vn 0.06918802 0.5417384 -0.8376948
vn 0.06918802 0.5417384 -0.8376948
vn 0.06857016 0.6488178 -0.7578481
vn 0.060177855 0.86044323 -0.5059804
vn 0.06022437 0.8596874 -0.50725794
vn 0.053977273 0.98005474 -0.19125693
vn 0.05397774 0.980397 -0.18949431
vn 0.055360343 0.99748755 -0.044202443
vn 0.055360343 0.99748755 -0.044202443
vn 0.08568693 0.455042 0.88633764
vn 0.0814879 0.32000333 0.9439055
vn 0.08568693 0.455042 0.88633764
vn 0.0815372 0.32105872 0.94354284
vn 0.07681683 2.5160634E-07 0.9970452
vn 0.07681683 2.5160634E-07 0.9970452
vn 0.5791704 0.81520647 0
vn 0.5964618 0.80264145 0
vn 0.5791704 0.81520647 0
vn 0.55865526 0.8294 0.00014304933
vn 0.55865526 0.8294 0.00014304933
vn 0.53596497 0.8442402 0.00014305115
vn 0.5356747 0.84442437 0.00014305003
vn 0.5370699 0.8435378 0
vn 0.5370699 0.8435378 0
vn 0.554337 0.8322924 0
vn 0.554337 0.8322924 0
vn 0.5506442 0.83474004 0
vn -0.19480929 2.4028537E-07 0.9808412
vn -0.26981476 2.3514676E-07 0.9629122
vn -0.3172185 0.15232688 0.936039
vn -0.20854494 0.3002408 0.930787
vn -0 2.5478911E-07 1
vn -0 0.3061388 0.95198685
vn -0.36156043 0.29845124 0.8832898
vn -0.44053096 0.16902575 0.8816818
vn -0.21159126 0.5128972 0.8319649
vn -0 0.52647114 0.850193
vn -0.49855098 0.27192497 0.8231062
vn -0.5140921 0.13800293 0.84656036
vn -0.61871225 0.096657395 0.77964896
vn -0.36191654 0.48763368 0.79449975
vn -0.21045256 0.64826155 0.7317559
vn -0 0.66354656 0.7481349
vn -0.3620281 0.6194343 0.6965894
vn -0.21288511 0.8038565 0.55542296
vn -0 0.8223003 0.56905377
vn -0.37073973 0.7661796 0.52490073
vn -0.21195443 0.93121666 0.29649776
vn -0 0.9528142 0.30355394
vn -0.20836799 0.9780505 9.5368385E-05
vn -0 1 9.536525E-05
vn -0.20753954 0.9278125 -0.30998608
vn -0 0.94810474 -0.31795818
vn -0.20828435 0.77663165 -0.5945259
vn -0 0.7945602 -0.6071855
vn -0.20974897 0.55570656 -0.80448467
vn -0 0.5679056 -0.8230936
vn -0 0.28729403 -0.95784247
vn -0.36544722 0.73618734 -0.5696285
vn -0.20787719 0.28374198 -0.936097
vn -0 -2.572506E-07 -1
vn -0.1866818 -2.503385E-07 -0.98242044
vn -0.36916888 0.5277655 -0.7649692
vn -0.30503342 0.13610157 -0.94256616
vn -0.24008755 -2.449952E-07 -0.9707512
vn -0.37202805 0.28791404 -0.8824401
vn -0.45008796 0.17075293 -0.87650687
vn -0.499419 0.26402667 -0.8251488
vn -0.5109087 0.1537119 -0.8457806
vn -0.6204633 0.105950706 -0.7770454
vn -0.3581996 0.8826245 -0.30441245
vn -0.50177824 0.68402636 -0.52945876
vn -0.49481627 0.4894518 -0.71804863
vn -0.633663 0.20576522 -0.74574256
vn -0.32815298 0.93329525 -0.14586167
vn -0.28914952 0.95728326 -0.0011920742
vn -0.3414929 0.92693985 0.15545163
vn -0.44156912 0.8859038 -0.14209555
vn -0.514923 0.8117362 -0.27556974
vn -0.5416461 0.8345232 -0.10094771
vn -0.6368512 0.76702523 -0.078056715
vn -0.37464592 0.88080174 0.28953162
vn -0.4631118 0.8699559 0.16942301
vn -0.51161265 0.8177505 0.26369816
vn -0.52598697 0.8371063 0.15030243
vn -0.6183214 0.7769192 0.11863837
vn -0.6485053 0.73004526 -0.21558033
vn -0.68953484 0.72176814 -0.05993675
vn -0.6448228 0.6109675 -0.45926276
vn -0.5072385 0.7162136 0.47931945
vn -0.6270078 0.74917626 0.21353264
vn -0.6818792 0.727465 0.07638954
vn -0.6395826 0.42624533 -0.6397256
vn -0.735958 0.3717699 -0.56582075
vn -0.7265265 0.5694049 -0.38462606
vn -0.70505446 0.68922335 -0.1669414
vn -0.7144303 0.16109608 -0.6809093
vn -0.6954288 0.06772372 -0.71539664
vn -0.6992796 -1.804091E-07 -0.7148483
vn -0.69927365 -1.8039619E-07 -0.71485406
vn -0.6875066 0.72617817 0
vn -0.6875066 0.72617817 0
vn -0.687397 0.7082821 0.16069146
vn -0.70517105 0.61394894 0.3546837
vn -0.63771385 0.650779 0.41207737
vn -0.7204559 0.47340566 0.5067844
vn -0.6403798 0.5229133 0.5625615
vn -0.63802356 0.40546444 0.6546179
vn -0.72353935 0.3635578 0.58678496
vn -0.7138055 0.17969112 0.6768994
vn -0.49728227 0.5817759 0.6436203
vn -0.49287453 0.4559203 0.741088
vn -0.63807064 0.22097151 0.73758894
vn -0.6950624 0.06405498 0.7160902
vn -0.69962883 1.8031075E-07 0.71450645
vn -0.69962883 1.8028803E-07 0.71450645
vn -0.3991566 0.36525378 -0.8409897
vn -0.7658983 0.22592618 -0.60196114
vn -0.7528314 0.2316001 -0.61612207
vn -0.36999783 0.37936762 -0.8480458
vn -0.27127844 0.42386958 -0.86414266
vn -0.27065435 0.4241014 -0.8642247
vn -0.13747095 0.51445514 -0.8464263
vn -0.1020438 0.5347763 -0.83880955
vn 0.24051897 0.7303308 -0.6393494
vn 0.2829104 0.75126475 -0.59629107
vn 0.48976314 0.87185556 0
vn 0.48976314 0.87185556 0
vn 0.2829104 0.75126475 0.59629107
vn 0.24051897 0.7303308 0.6393494
vn -0.102709 0.53943676 0.8357385
vn -0.1391884 0.51975113 0.84290284
vn -0.27647206 0.43425858 0.85731137
vn -0.27615735 0.43439406 0.8573441
vn -0.36449865 0.3879593 0.846539
vn -0.40293357 0.36588278 0.83891255
vn -0.7352911 0.22878905 0.6379676
vn -0.76136494 0.21715137 0.6108753
vn -0.99211746 0.12507565 0.007677156
vn -0.99208117 0.1250264 0.011968583
vn -0.7658983 0.22592618 -0.60196114
vn -0.7528314 0.2316001 -0.61612207
vn -0.7794888 -0.57237077 0.2545367
vn -0.9831104 0 0.18301293
vn -0.9831104 0 0.18301293
vn -0.75447017 -0.6004052 0.26511958
vn -0.43195006 -0.81364363 0.38910553
vn -0.40928528 -0.82053447 0.39900964
vn -0.28815535 -0.8387822 0.46196404
vn -0.29537636 -0.8347887 0.46462947
vn -0.20146343 -0.83559346 0.5110734
vn -0.07347916 -0.8364423 0.5431068
vn 0.29297298 -0.7086737 0.6418321
vn 0.4289576 -0.61075634 0.66556144
vn 0.6879469 1.8313048E-07 0.7257609
vn 0.6879469 1.8310773E-07 0.7257609
vn -0.4793248 2.405989E-07 0.8776376
vn -0.47473046 -0.0014155846 0.8801301
vn -0.47473097 2.2209478E-07 0.88013095
vn -0.48018593 0.001078815 0.87716603
vn -0.51697385 0.0028341296 0.8559965
vn -0.5170706 2.2524169E-07 0.85594285
vn -0.57062984 0.0004202119 0.8212073
vn -0.5756494 1.9647753E-07 0.8176967
vn -0.6012018 -0.0031471539 0.799091
vn -0.60120475 2.0172877E-07 0.799095
vn -1 0 0
vn -1 0 0
vn -1 0 0
vn -1 0 0
vn -1 0 0
vn -1 0 0
vn -1 0 0
vn -1 0 0
vn -1 0 0
vn -1 0 0
vn -1 0 0
vn -1 0 0
vn -1 0 0
vn -1 0 0
vn -1 0 0
vn -1 0 0
vn -1 0 0
vn -1 0 0
vn -1 0 0
vn -1 0 0
vn -1 0 0
vn -1 0 0
vn -1 0 0
vn -1 0 0
vn -0.55768955 -2.0947218E-07 -0.83004963
vn -0.55768955 -2.0949491E-07 -0.83004963
vn -0.604576 -0.2254345 -0.7639811
vn -0.6039588 -0.2238381 -0.7649381
vn -0.6556384 -0.39436054 -0.64390844
vn -0.65718526 -0.40190727 -0.6376347
vn -0.65934134 -0.51065934 -0.5518115
vn -0.66032207 -0.50482595 -0.55599046
vn -0.62327963 -0.6707731 -0.40197745
vn -0.62578696 -0.6631463 -0.4106429
vn -0.53133655 -0.824542 -0.19445305
vn -0.52614236 -0.8297923 -0.18606192
vn -0.48280203 -0.8757195 0.004196205
vn -0.4828379 -0.875698 0.004529883
vn -0.5835057 -0.7833006 0.21438603
vn -0.58301294 -0.78385127 0.21371262
vn -0.66727805 -0.61787826 0.41589242
vn -0.66857785 -0.6051104 0.43225577
vn -0.6415232 -0.43458024 0.6321297
vn -0.64302325 -0.43867204 0.62776434
vn -0.5759334 -0.21268477 0.78934526
vn -0.57716346 -0.21781911 0.7870433
vn -0.5427925 2.1193843E-07 0.8398668
vn -0.5427925 2.1193843E-07 0.8398668
vn -0.7782971 -0.57601887 -0.24991149
vn -0.9838394 -1.1230045E-07 -0.17905329
vn -0.9838394 -1.14108076E-07 -0.17905329
vn -0.7596216 -0.5968712 -0.2583014
vn -0.44100374 -0.8073316 -0.39208612
vn -0.42011636 -0.81380254 -0.40153164
vn -0.29246664 -0.83520293 -0.4657245
vn -0.29275522 -0.835073 -0.46577618
vn -0.208902 -0.84155655 -0.49813902
vn -0.055885773 -0.84862953 -0.5260272
vn 0.29721293 -0.73157036 -0.6135709
vn 0.43878806 -0.630436 -0.6403245
vn 0.7009048 -1.585822E-07 -0.71325487
vn 0.7009048 -1.8000085E-07 -0.71325487
vn -0.47924626 -2.09855E-07 -0.8776804
vn -0.47473842 -2.2350801E-07 -0.88012695
vn -0.47473797 -0.0013999607 -0.88012606
vn -0.48006073 0.0012159473 -0.87723446
vn -0.51691437 0.0038459827 -0.85602844
vn -0.51874757 -2.034412E-07 -0.8549275
vn -0.5716393 0.0015184467 -0.82050365
vn -0.57649785 -2.0605802E-07 -0.8170987
vn -0.6011903 -0.0031485842 -0.7990997
vn -0.6011933 -2.0177039E-07 -0.7991036
vn -0.6249838 0.25599918 0.7374685
vn -0.6068446 2.0055074E-07 0.7948205
vn -0.604735 2.0577663E-07 0.7964268
vn -0.21771821 0.293736 0.930762
vn 0.12917303 0.5155954 0.8470394
vn -0.6176233 0.41910836 0.6654996
vn 0.15725926 0.64694214 0.74614704
vn -0.5697842 0.54601336 0.6141786
vn 0.14915305 0.78057396 0.60700715
vn -0.64798605 0.6624583 0.37585
vn 0.07991712 0.9476092 0.30927354
vn -0.66909474 0.72207105 0.1758567
vn 0.10156636 0.9948258 0.0024318704
vn -0.6514509 0.75869083 -9.536683E-05
vn -0.26516598 0.9425528 -0.2031779
vn -0.6134889 0.76240283 -0.20584734
vn -0.5275805 0.73672444 -0.42296088
vn -0.5284231 0.68885255 -0.49623704
vn -0.1269819 0.6969222 -0.70581526
vn 0.196506 0.5687277 -0.79870784
vn -0.54841036 0.45824048 -0.69947237
vn 0.16656056 0.300088 -0.93925756
vn -0.5713021 0.21985903 -0.7907439
vn 0.16374555 -2.458814E-07 -0.98650265
vn -0.56362534 -2.1340301E-07 -0.8260307
vn -0.8864012 -1.1867884E-07 -0.46291795
vn -0.76268595 -1.6842372E-07 -0.6467691
vn -0.7636047 0.20233332 -0.61316305
vn -0.8891548 0.14567319 -0.4338009
vn -0.8924717 0.25486246 -0.37220886
vn -0.77326953 0.3489893 -0.52939665
vn -0.77886426 0.40965 -0.47492886
vn -0.9306546 0.2518208 -0.26545852
vn -0.9782865 0.14164554 -0.15130158
vn -0.9768047 0.0782612 -0.1993187
vn -0.97845227 0.17861998 -0.10356716
vn -0.97852874 0.17752849 -0.10471464
vn -0.92717093 0.3676449 -0.07205077
vn -0.9787947 0.19671737 -0.057124566
vn -0.9750865 0.22175364 0.0056266915
vn -0.97469157 0.050526273 -0.21776903
vn -0.97333014 0 -0.22940873
vn -0.97128356 0.052834317 -0.2319846
vn -0.9036046 0.4283658 0.0012397742
vn -0.78935534 0.60906345 -0.07719985
vn -0.78916734 0.6140247 0.013732942
vn -0.78649235 0.5860307 0.19493032
vn -0.8963799 0.4214149 0.13752313
vn -0.9075075 0.33707282 0.2506231
vn -0.79315966 0.48882267 0.3632494
vn -0.97587717 0.2118072 0.05292796
vn -0.9848274 0.15194657 0.0838293
vn -0.99322295 0.07350585 0.09002857
vn -0.7894467 0.39014575 0.47387782
vn -0.98088616 0.1113874 0.15954718
vn -0.8966565 0.27668843 0.3456162
vn -0.78773403 0.30866826 0.5331032
vn -0.8916893 0.22085999 0.395109
vn -0.9675318 0.079153456 0.24003524
vn -0.914545 0.14513873 0.37754786
vn -0.789151 0.2628278 0.55512357
vn -0.97102237 0 0.23898864
vn -0.97102237 0 0.23898864
vn 0.16374555 -2.458814E-07 -0.98650265
vn 0.7925912 0.18429582 -0.5812351
vn 0.79031926 -1.5462729E-07 -0.6126953
vn 0.16656056 0.300088 -0.93925756
vn 0.196506 0.5687277 -0.79870784
vn 0.7972702 0.33175883 -0.5042782
vn 0.7985897 0.38484702 -0.4627605
vn -0.1269819 0.6969222 -0.70581526
vn 0.7725235 0.63066447 -0.073957406
vn -0.26516598 0.9425528 -0.2031779
vn 0.10156636 0.9948258 0.0024318704
vn 0.7729248 0.63416165 0.020647569
vn 0.7722381 0.60400987 0.1970292
vn 0.07991712 0.9476092 0.30927354
vn 0.14915305 0.78057396 0.60700715
vn 0.7859316 0.49543923 0.3699343
vn 0.78980047 0.38543487 0.47713238
vn 0.15725926 0.64694214 0.74614704
vn 0.12917303 0.5155954 0.8470394
vn 0.79260457 0.30911195 0.5255738
vn -0.21771821 0.293736 0.930762
vn 0.79308003 0.267531 0.54722136
vn -0.032378055 2.522092E-07 0.9994758
vn -0.08716594 0.033295196 0.99563724
vn -0.061273176 0.014638806 0.99801373
vn 0.0004768262 2.4926405E-07 0.9999999
vn -0.061225053 0.87636703 -0.47773665
vn -0.06589965 0.8622029 -0.5022583
vn -0.061225053 0.87636703 -0.47773665
vn -0.06647112 0.86040515 -0.50525683
vn -0.071000196 0.8455889 -0.5290921
vn -0.071000196 0.8455889 -0.5290921
vn -0.21095495 0.17053065 -0.96250576
vn -0.20313269 0.25547752 -0.9452346
vn -0.20313269 0.25547752 -0.9452346
vn -0.21090294 0.1709742 -0.96243846
vn -0.21796538 -2.416107E-07 -0.97595656
vn -0.21796538 -2.416448E-07 -0.97595656
vn -0.22888426 -0.8751009 -0.42639235
vn -0.22888426 -0.8751009 -0.42639235
vn -0.22888426 -0.8751009 -0.42639235
vn -0.22888426 -0.8751009 -0.42639235
vn -0.971333 0.11587331 -0.20757058
vn -0.9692311 0.1434463 -0.20003565
vn -0.9707628 0.16229449 -0.17686215
vn -0.99077713 0.07381476 -0.11363085
vn -0.97213686 0.044888668 -0.23007604
vn -0.99090517 0 -0.13456208
vn -0.97108036 0 -0.23875274
vn -0.99004376 0 0.14076044
vn -0.99023706 0.12845856 -0.054120436
vn -0.97121173 0.20410801 -0.122831956
vn -0.96976715 0.23922321 -0.04820703
vn -0.9684613 0.2489818 0.009536792
vn -0.9586859 0.2839102 -0.017786112
vn -0.9905076 0.13094231 0.041819528
vn -0.9711988 0.20524968 0.12101839
vn -0.9903661 0.07328805 0.11748975
vn -0.96920717 0.13793536 0.2039884
vn -0.9691279 0.07901225 0.23355584
vn -0.97111624 0 0.23860678
vn -0.9628171 0.12414294 0.23994134
vn -0.13522904 -0.10859807 0.984845
vn -0.13522904 -0.10859807 0.984845
vn -0.13522904 -0.10859807 0.984845
vn -0.13522904 -0.10859807 0.984845
vn -0.29096276 0.83517087 0.46672294
vn -0.26979652 0.9048055 0.32944933
vn -0.26979652 0.9048055 0.32944933
vn -0.29053056 0.83702177 0.4636664
vn -0.30460352 0.75048196 0.5865096
vn -0.30460352 0.75048196 0.5865096
vn -0.1624102 0.813863 -0.5578977
vn -0.1624102 0.813863 -0.5578977
vn -0.1624102 0.813863 -0.5578977
vn -0.1624102 0.813863 -0.5578977
vn -0.06856915 0.65154994 -0.7555004
vn -0.06918802 0.5417384 -0.8376948
vn -0.06918802 0.5417384 -0.8376948
vn -0.06857016 0.6488178 -0.7578481
vn -0.060177855 0.86044323 -0.5059804
vn -0.06022437 0.8596874 -0.50725794
vn -0.053977273 0.98005474 -0.19125693
vn -0.05397774 0.980397 -0.18949431
vn -0.055360343 0.99748755 -0.044202443
vn -0.055360343 0.99748755 -0.044202443
vn -0.08568693 0.455042 0.88633764
vn -0.08568693 0.455042 0.88633764
vn -0.0814879 0.32000333 0.9439055
vn -0.0815372 0.32105872 0.94354284
vn -0.07681683 2.3187073E-07 0.9970452
vn -0.07681683 2.3246187E-07 0.9970452
vn -0.5791704 0.81520647 0
vn -0.5791704 0.81520647 0
vn -0.5964618 0.80264145 0
vn -0.55865526 0.8294 0.00014304933
vn -0.55865526 0.8294 0.00014304933
vn -0.53596497 0.8442402 0.00014305115
vn -0.5356747 0.84442437 0.00014305003
vn -0.5370699 0.8435378 0
vn -0.5370699 0.8435378 0
vn -0.554337 0.8322924 0
vn -0.554337 0.8322924 0
vn -0.5506442 0.83474004 0
g S_wpn_misc_0023_01_lod0_0
f 3/3/3 2/2/2 1/1/1
f 6/6/6 5/5/5 4/4/4
f 9/9/9 8/8/8 7/7/7
f 12/12/12 11/11/11 10/10/10
f 15/15/15 14/14/14 13/13/13
f 18/18/18 17/17/17 16/16/16
f 21/21/21 20/20/20 19/19/19
f 24/24/24 23/23/23 22/22/22
f 27/27/27 26/26/26 25/25/25
f 30/30/30 29/29/29 28/28/28
f 33/33/33 32/32/32 31/31/31
f 36/36/36 35/35/35 34/34/34
f 39/39/39 38/38/38 37/37/37
f 40/40/40 39/39/39 37/37/37
f 40/40/40 37/37/37 41/41/41
f 42/42/42 40/40/40 41/41/41
f 42/42/42 41/41/41 43/43/43
f 44/44/44 42/42/42 43/43/43
f 45/45/45 44/44/44 43/43/43
f 46/46/46 45/45/45 43/43/43
f 49/49/49 48/48/48 47/47/47
f 48/48/48 50/50/50 47/47/47
f 47/47/47 50/50/50 51/51/51
f 50/50/50 52/52/52 51/51/51
f 52/52/52 53/53/53 51/51/51
f 53/53/53 54/54/54 51/51/51
f 54/54/54 53/53/53 55/55/55
f 56/56/56 54/54/54 55/55/55
f 59/59/59 58/58/58 57/57/57
f 60/60/60 59/59/59 57/57/57
f 60/60/60 57/57/57 61/61/61
f 62/62/62 60/60/60 61/61/61
f 63/63/63 59/59/59 60/60/60
f 59/59/59 63/63/63 64/64/64
f 65/65/65 60/60/60 62/62/62
f 60/60/60 65/65/65 63/63/63
f 66/66/66 65/65/65 62/62/62
f 63/63/63 67/67/67 64/64/64
f 68/68/68 64/64/64 67/67/67
f 69/69/69 68/68/68 67/67/67
f 65/65/65 70/70/70 63/63/63
f 63/63/63 70/70/70 67/67/67
f 71/71/71 65/65/65 66/66/66
f 72/72/72 71/71/71 66/66/66
f 70/70/70 65/65/65 73/73/73
f 65/65/65 71/71/71 73/73/73
f 74/74/74 71/71/71 72/72/72
f 75/75/75 74/74/74 72/72/72
f 71/71/71 74/74/74 76/76/76
f 73/73/73 71/71/71 76/76/76
f 74/74/74 75/75/75 77/77/77
f 76/76/76 74/74/74 77/77/77
f 75/75/75 78/78/78 77/77/77
f 77/77/77 78/78/78 79/79/79
f 78/78/78 80/80/80 79/79/79
f 81/81/81 79/79/79 80/80/80
f 82/82/82 81/81/81 80/80/80
f 83/83/83 81/81/81 82/82/82
f 84/84/84 83/83/83 82/82/82
f 85/85/85 83/83/83 84/84/84
f 86/86/86 85/85/85 84/84/84
f 86/86/86 87/87/87 85/85/85
f 81/81/81 83/83/83 88/88/88
f 83/83/83 85/85/85 88/88/88
f 87/87/87 89/89/89 85/85/85
f 89/89/89 87/87/87 90/90/90
f 91/91/91 89/89/89 90/90/90
f 85/85/85 92/92/92 88/88/88
f 85/85/85 89/89/89 92/92/92
f 93/93/93 89/89/89 91/91/91
f 94/94/94 93/93/93 91/91/91
f 95/95/95 89/89/89 93/93/93
f 89/89/89 95/95/95 92/92/92
f 93/93/93 96/96/96 95/95/95
f 96/96/96 97/97/97 95/95/95
f 95/95/95 97/97/97 92/92/92
f 96/96/96 98/98/98 97/97/97
f 98/98/98 99/99/99 97/97/97
f 100/100/100 81/81/81 88/88/88
f 101/101/101 88/88/88 92/92/92
f 100/100/100 88/88/88 101/101/101
f 97/97/97 102/102/102 92/92/92
f 102/102/102 101/101/101 92/92/92
f 99/99/99 103/103/103 97/97/97
f 97/97/97 103/103/103 102/102/102
f 104/104/104 81/81/81 100/100/100
f 79/79/79 81/81/81 104/104/104
f 105/105/105 79/79/79 104/104/104
f 105/105/105 106/106/106 79/79/79
f 107/107/107 104/104/104 100/100/100
f 106/106/106 77/77/77 79/79/79
f 108/108/108 107/107/107 100/100/100
f 108/108/108 100/100/100 101/101/101
f 109/109/109 107/107/107 108/108/108
f 109/109/109 108/108/108 110/110/110
f 111/111/111 77/77/77 106/106/106
f 106/106/106 112/112/112 111/111/111
f 112/112/112 113/113/113 111/111/111
f 111/111/111 76/76/76 77/77/77
f 111/111/111 113/113/113 76/76/76
f 112/112/112 114/114/114 113/113/113
f 113/113/113 114/114/114 115/115/115
f 108/108/108 116/116/116 110/110/110
f 117/117/117 110/110/110 116/116/116
f 101/101/101 118/118/118 108/108/108
f 118/118/118 116/116/116 108/108/108
f 113/113/113 119/119/119 76/76/76
f 73/73/73 76/76/76 119/119/119
f 120/120/120 113/113/113 115/115/115
f 115/115/115 121/121/121 120/120/120
f 122/122/122 118/118/118 101/101/101
f 102/102/102 122/122/122 101/101/101
f 103/103/103 122/122/122 102/102/102
f 118/118/118 122/122/122 123/123/123
f 123/123/123 122/122/122 103/103/103
f 124/124/124 118/118/118 123/123/123
f 116/116/116 118/118/118 124/124/124
f 125/125/125 116/116/116 124/124/124
f 125/125/125 117/117/117 116/116/116
f 126/126/126 123/123/123 103/103/103
f 103/103/103 99/99/99 126/126/126
f 99/99/99 127/127/127 126/126/126
f 126/126/126 127/127/127 128/128/128
f 127/127/127 129/129/129 128/128/128
f 117/117/117 125/125/125 130/130/130
f 131/131/131 117/117/117 130/130/130
f 131/131/131 130/130/130 121/121/121
f 130/130/130 132/132/132 121/121/121
f 121/121/121 132/132/132 120/120/120
f 132/132/132 133/133/133 120/120/120
f 133/133/133 134/134/134 120/120/120
f 120/120/120 134/134/134 113/113/113
f 133/133/133 135/135/135 134/134/134
f 134/134/134 119/119/119 113/113/113
f 135/135/135 136/136/136 134/134/134
f 134/134/134 136/136/136 119/119/119
f 137/137/137 136/136/136 135/135/135
f 138/138/138 137/137/137 135/135/135
f 137/137/137 138/138/138 139/139/139
f 136/136/136 140/140/140 119/119/119
f 140/140/140 73/73/73 119/119/119
f 70/70/70 73/73/73 140/140/140
f 140/140/140 136/136/136 141/141/141
f 141/141/141 70/70/70 140/140/140
f 136/136/136 137/137/137 141/141/141
f 70/70/70 141/141/141 67/67/67
f 141/141/141 137/137/137 142/142/142
f 67/67/67 141/141/141 142/142/142
f 142/142/142 137/137/137 139/139/139
f 142/142/142 69/69/69 67/67/67
f 69/69/69 142/142/142 139/139/139
f 143/143/143 69/69/69 139/139/139
f 143/143/143 139/139/139 144/144/144
f 145/145/145 143/143/143 144/144/144
f 148/148/148 147/147/147 146/146/146
f 149/149/149 148/148/148 146/146/146
f 146/146/146 150/150/150 149/149/149
f 150/150/150 151/151/151 149/149/149
f 152/152/152 151/151/151 150/150/150
f 153/153/153 152/152/152 150/150/150
f 154/154/154 152/152/152 153/153/153
f 155/155/155 154/154/154 153/153/153
f 156/156/156 154/154/154 155/155/155
f 157/157/157 156/156/156 155/155/155
f 157/157/157 158/158/158 156/156/156
f 158/158/158 159/159/159 156/156/156
f 158/158/158 160/160/160 159/159/159
f 160/160/160 161/161/161 159/159/159
f 160/160/160 162/162/162 161/161/161
f 162/162/162 163/163/163 161/161/161
f 163/163/163 162/162/162 164/164/164
f 162/162/162 165/165/165 164/164/164
f 164/164/164 165/165/165 166/166/166
f 165/165/165 167/167/167 166/166/166
f 168/168/168 166/166/166 167/167/167
f 169/169/169 168/168/168 167/167/167
f 169/169/169 170/170/170 168/168/168
f 170/170/170 171/171/171 168/168/168
f 174/174/174 173/173/173 172/172/172
f 175/175/175 174/174/174 172/172/172
f 175/175/175 172/172/172 176/176/176
f 177/177/177 175/175/175 176/176/176
f 177/177/177 176/176/176 178/178/178
f 179/179/179 177/177/177 178/178/178
f 179/179/179 178/178/178 180/180/180
f 181/181/181 179/179/179 180/180/180
f 181/181/181 180/180/180 182/182/182
f 183/183/183 181/181/181 182/182/182
f 183/183/183 182/182/182 184/184/184
f 185/185/185 183/183/183 184/184/184
f 188/188/188 187/187/187 186/186/186
f 187/187/187 189/189/189 186/186/186
f 189/189/189 190/190/190 186/186/186
f 190/190/190 191/191/191 186/186/186
f 190/190/190 192/192/192 191/191/191
f 192/192/192 193/193/193 191/191/191
f 192/192/192 194/194/194 193/193/193
f 194/194/194 195/195/195 193/193/193
f 198/198/198 197/197/197 196/196/196
f 199/199/199 198/198/198 196/196/196
f 200/200/200 198/198/198 199/199/199
f 201/201/201 200/200/200 199/199/199
f 202/202/202 200/200/200 201/201/201
f 203/203/203 202/202/202 201/201/201
f 204/204/204 202/202/202 203/203/203
f 205/205/205 204/204/204 203/203/203
f 204/204/204 205/205/205 206/206/206
f 207/207/207 204/204/204 206/206/206
f 207/207/207 206/206/206 208/208/208
f 209/209/209 207/207/207 208/208/208
f 209/209/209 208/208/208 210/210/210
f 208/208/208 211/211/211 210/210/210
f 210/210/210 211/211/211 212/212/212
f 211/211/211 213/213/213 212/212/212
f 214/214/214 212/212/212 213/213/213
f 215/215/215 214/214/214 213/213/213
f 214/214/214 215/215/215 216/216/216
f 215/215/215 217/217/217 216/216/216
f 216/216/216 217/217/217 218/218/218
f 219/219/219 216/216/216 218/218/218
f 222/222/222 221/221/221 220/220/220
f 223/223/223 222/222/222 220/220/220
f 223/223/223 224/224/224 222/222/222
f 224/224/224 225/225/225 222/222/222
f 225/225/225 224/224/224 226/226/226
f 224/224/224 227/227/227 226/226/226
f 227/227/227 228/228/228 226/226/226
f 228/228/228 229/229/229 226/226/226
f 229/229/229 228/228/228 230/230/230
f 231/231/231 229/229/229 230/230/230
f 231/231/231 230/230/230 232/232/232
f 233/233/233 231/231/231 232/232/232
f 233/233/233 232/232/232 234/234/234
f 232/232/232 235/235/235 234/234/234
f 234/234/234 235/235/235 236/236/236
f 237/237/237 234/234/234 236/236/236
f 236/236/236 238/238/238 237/237/237
f 238/238/238 239/239/239 237/237/237
f 239/239/239 238/238/238 240/240/240
f 238/238/238 241/241/241 240/240/240
f 240/240/240 241/241/241 242/242/242
f 243/243/243 240/240/240 242/242/242
f 246/246/246 245/245/245 244/244/244
f 245/245/245 247/247/247 244/244/244
f 244/244/244 247/247/247 248/248/248
f 247/247/247 249/249/249 248/248/248
f 248/248/248 249/249/249 250/250/250
f 249/249/249 251/251/251 250/250/250
f 250/250/250 251/251/251 252/252/252
f 251/251/251 253/253/253 252/252/252
f 252/252/252 253/253/253 254/254/254
f 253/253/253 255/255/255 254/254/254
f 254/254/254 255/255/255 256/256/256
f 255/255/255 257/257/257 256/256/256
f 260/260/260 259/259/259 258/258/258
f 261/261/261 260/260/260 258/258/258
f 261/261/261 258/258/258 262/262/262
f 258/258/258 263/263/263 262/262/262
f 262/262/262 263/263/263 264/264/264
f 263/263/263 265/265/265 264/264/264
f 264/264/264 265/265/265 266/266/266
f 265/265/265 267/267/267 266/266/266
f 270/270/270 269/269/269 268/268/268
f 271/271/271 270/270/270 268/268/268
f 271/271/271 268/268/268 272/272/272
f 268/268/268 273/273/273 272/272/272
f 272/272/272 273/273/273 274/274/274
f 273/273/273 275/275/275 274/274/274
f 276/276/276 274/274/274 275/275/275
f 277/277/277 276/276/276 275/275/275
f 276/276/276 277/277/277 278/278/278
f 277/277/277 279/279/279 278/278/278
f 278/278/278 279/279/279 280/280/280
f 279/279/279 281/281/281 280/280/280
f 280/280/280 281/281/281 282/282/282
f 281/281/281 283/283/283 282/282/282
f 282/282/282 283/283/283 284/284/284
f 284/284/284 283/283/283 285/285/285
f 285/285/285 286/286/286 284/284/284
f 287/287/287 286/286/286 285/285/285
f 288/288/288 287/287/287 285/285/285
f 287/287/287 288/288/288 289/289/289
f 288/288/288 290/290/290 289/289/289
f 289/289/289 290/290/290 291/291/291
f 290/290/290 292/292/292 291/291/291
f 295/295/295 294/294/294 293/293/293
f 296/296/296 295/295/295 293/293/293
f 296/296/296 297/297/297 295/295/295
f 297/297/297 298/298/298 295/295/295
f 299/299/299 298/298/298 297/297/297
f 300/300/300 299/299/299 297/297/297
f 301/301/301 297/297/297 296/296/296
f 297/297/297 301/301/301 300/300/300
f 302/302/302 301/301/301 296/296/296
f 302/302/302 296/296/296 293/293/293
f 301/301/301 303/303/303 300/300/300
f 303/303/303 304/304/304 300/300/300
f 304/304/304 303/303/303 305/305/305
f 303/303/303 306/306/306 305/305/305
f 306/306/306 307/307/307 305/305/305
f 308/308/308 302/302/302 293/293/293
f 309/309/309 308/308/308 293/293/293
f 302/302/302 308/308/308 310/310/310
f 307/307/307 311/311/311 305/305/305
f 305/305/305 311/311/311 312/312/312
f 311/311/311 313/313/313 312/312/312
f 314/314/314 313/313/313 311/311/311
f 307/307/307 315/315/315 311/311/311
f 315/315/315 314/314/314 311/311/311
f 314/314/314 315/315/315 316/316/316
f 317/317/317 314/314/314 316/316/316
f 318/318/318 315/315/315 307/307/307
f 315/315/315 318/318/318 316/316/316
f 318/318/318 319/319/319 316/316/316
f 319/319/319 320/320/320 316/316/316
f 321/321/321 317/317/317 316/316/316
f 320/320/320 322/322/322 316/316/316
f 323/323/323 321/321/321 316/316/316
f 322/322/322 323/323/323 316/316/316
f 321/321/321 323/323/323 324/324/324
f 322/322/322 325/325/325 323/323/323
f 323/323/323 325/325/325 324/324/324
f 326/326/326 325/325/325 322/322/322
f 324/324/324 325/325/325 327/327/327
f 327/327/327 325/325/325 326/326/326
f 328/328/328 324/324/324 327/327/327
f 329/329/329 327/327/327 326/326/326
f 330/330/330 329/329/329 326/326/326
f 333/333/333 332/332/332 331/331/331
f 332/332/332 334/334/334 331/331/331
f 334/334/334 332/332/332 335/335/335
f 332/332/332 336/336/336 335/335/335
f 336/336/336 337/337/337 335/335/335
f 337/337/337 338/338/338 335/335/335
f 341/341/341 340/340/340 339/339/339
f 342/342/342 341/341/341 339/339/339
f 342/342/342 343/343/343 341/341/341
f 343/343/343 344/344/344 341/341/341
f 345/345/345 344/344/344 343/343/343
f 346/346/346 345/345/345 343/343/343
f 346/346/346 347/347/347 345/345/345
f 347/347/347 348/348/348 345/345/345
f 349/349/349 348/348/348 347/347/347
f 350/350/350 349/349/349 347/347/347
f 351/351/351 349/349/349 350/350/350
f 352/352/352 351/351/351 350/350/350
f 355/355/355 354/354/354 353/353/353
f 356/356/356 355/355/355 353/353/353
f 359/359/359 358/358/358 357/357/357
f 358/358/358 360/360/360 357/357/357
f 360/360/360 358/358/358 361/361/361
f 362/362/362 360/360/360 361/361/361
f 365/365/365 364/364/364 363/363/363
f 364/364/364 366/366/366 363/363/363
f 363/363/363 366/366/366 367/367/367
f 366/366/366 368/368/368 367/367/367
f 371/371/371 370/370/370 369/369/369
f 372/372/372 371/371/371 369/369/369
f 375/375/375 374/374/374 373/373/373
f 376/376/376 375/375/375 373/373/373
f 376/376/376 373/373/373 377/377/377
f 378/378/378 376/376/376 377/377/377
f 378/378/378 377/377/377 379/379/379
f 376/376/376 378/378/378 380/380/380
f 376/376/376 381/381/381 375/375/375
f 381/381/381 382/382/382 375/375/375
f 383/383/383 382/382/382 381/381/381
f 383/383/383 381/381/381 384/384/384
f 385/385/385 383/383/383 384/384/384
f 381/381/381 386/386/386 384/384/384
f 381/381/381 376/376/376 386/386/386
f 384/384/384 386/386/386 387/387/387
f 376/376/376 388/388/388 386/386/386
f 387/387/387 386/386/386 388/388/388
f 388/388/388 376/376/376 380/380/380
f 389/389/389 387/387/387 388/388/388
f 390/390/390 388/388/388 380/380/380
f 389/389/389 388/388/388 390/390/390
f 391/391/391 390/390/390 380/380/380
f 392/392/392 389/389/389 390/390/390
f 395/395/395 394/394/394 393/393/393
f 396/396/396 395/395/395 393/393/393
f 399/399/399 398/398/398 397/397/397
f 400/400/400 399/399/399 397/397/397
f 400/400/400 397/397/397 401/401/401
f 397/397/397 402/402/402 401/401/401
f 405/405/405 404/404/404 403/403/403
f 406/406/406 405/405/405 403/403/403
f 409/409/409 408/408/408 407/407/407
f 408/408/408 410/410/410 407/407/407
f 411/411/411 407/407/407 410/410/410
f 412/412/412 411/411/411 410/410/410
f 413/413/413 411/411/411 412/412/412
f 414/414/414 413/413/413 412/412/412
f 414/414/414 415/415/415 413/413/413
f 415/415/415 416/416/416 413/413/413
f 419/419/419 418/418/418 417/417/417
f 420/420/420 419/419/419 417/417/417
f 421/421/421 419/419/419 420/420/420
f 422/422/422 421/421/421 420/420/420
f 425/425/425 424/424/424 423/423/423
f 424/424/424 426/426/426 423/423/423
f 426/426/426 427/427/427 423/423/423
f 427/427/427 426/426/426 428/428/428
f 426/426/426 429/429/429 428/428/428
f 429/429/429 430/430/430 428/428/428
f 430/430/430 431/431/431 428/428/428
f 430/430/430 432/432/432 431/431/431
f 432/432/432 433/433/433 431/431/431
f 434/434/434 433/433/433 432/432/432
f 437/437/437 436/436/436 435/435/435
f 438/438/438 437/437/437 435/435/435
f 439/439/439 437/437/437 438/438/438
f 440/440/440 439/439/439 438/438/438
f 435/435/435 441/441/441 438/438/438
f 435/435/435 442/442/442 441/441/441
f 440/440/440 438/438/438 443/443/443
f 438/438/438 441/441/441 443/443/443
f 444/444/444 440/440/440 443/443/443
f 442/442/442 445/445/445 441/441/441
f 442/442/442 446/446/446 445/445/445
f 446/446/446 447/447/447 445/445/445
f 441/441/441 448/448/448 443/443/443
f 441/441/441 445/445/445 448/448/448
f 443/443/443 449/449/449 444/444/444
f 449/449/449 450/450/450 444/444/444
f 443/443/443 448/448/448 451/451/451
f 449/449/449 443/443/443 451/451/451
f 450/450/450 449/449/449 452/452/452
f 453/453/453 450/450/450 452/452/452
f 452/452/452 449/449/449 454/454/454
f 449/449/449 451/451/451 454/454/454
f 452/452/452 455/455/455 453/453/453
f 452/452/452 454/454/454 455/455/455
f 455/455/455 456/456/456 453/453/453
f 455/455/455 457/457/457 456/456/456
f 457/457/457 458/458/458 456/456/456
f 458/458/458 457/457/457 459/459/459
f 460/460/460 458/458/458 459/459/459
f 460/460/460 459/459/459 461/461/461
f 462/462/462 460/460/460 461/461/461
f 462/462/462 461/461/461 463/463/463
f 464/464/464 462/462/462 463/463/463
f 465/465/465 464/464/464 463/463/463
f 461/461/461 459/459/459 466/466/466
f 461/461/461 466/466/466 463/463/463
f 467/467/467 465/465/465 463/463/463
f 468/468/468 465/465/465 467/467/467
f 469/469/469 468/468/468 467/467/467
f 466/466/466 470/470/470 463/463/463
f 467/467/467 463/463/463 470/470/470
f 467/467/467 471/471/471 469/469/469
f 471/471/471 472/472/472 469/469/469
f 467/467/467 473/473/473 471/471/471
f 473/473/473 467/467/467 470/470/470
f 471/471/471 473/473/473 474/474/474
f 473/473/473 475/475/475 474/474/474
f 475/475/475 473/473/473 470/470/470
f 476/476/476 474/474/474 475/475/475
f 477/477/477 476/476/476 475/475/475
f 459/459/459 478/478/478 466/466/466
f 466/466/466 479/479/479 470/470/470
f 466/466/466 478/478/478 479/479/479
f 480/480/480 475/475/475 470/470/470
f 479/479/479 480/480/480 470/470/470
f 481/481/481 477/477/477 475/475/475
f 481/481/481 475/475/475 480/480/480
f 459/459/459 482/482/482 478/478/478
f 459/459/459 457/457/457 482/482/482
f 457/457/457 483/483/483 482/482/482
f 484/484/484 483/483/483 457/457/457
f 482/482/482 485/485/485 478/478/478
f 455/455/455 484/484/484 457/457/457
f 485/485/485 486/486/486 478/478/478
f 478/478/478 486/486/486 479/479/479
f 485/485/485 487/487/487 486/486/486
f 486/486/486 487/487/487 488/488/488
f 455/455/455 489/489/489 484/484/484
f 490/490/490 484/484/484 489/489/489
f 491/491/491 490/490/490 489/489/489
f 454/454/454 489/489/489 455/455/455
f 491/491/491 489/489/489 454/454/454
f 492/492/492 490/490/490 491/491/491
f 492/492/492 491/491/491 493/493/493
f 494/494/494 486/486/486 488/488/488
f 494/494/494 488/488/488 495/495/495
f 479/479/479 486/486/486 496/496/496
f 486/486/486 494/494/494 496/496/496
f 497/497/497 491/491/491 454/454/454
f 454/454/454 451/451/451 497/497/497
f 491/491/491 498/498/498 493/493/493
f 493/493/493 498/498/498 499/499/499
f 496/496/496 500/500/500 479/479/479
f 500/500/500 480/480/480 479/479/479
f 500/500/500 481/481/481 480/480/480
f 501/501/501 500/500/500 496/496/496
f 500/500/500 501/501/501 481/481/481
f 502/502/502 501/501/501 496/496/496
f 496/496/496 494/494/494 502/502/502
f 494/494/494 503/503/503 502/502/502
f 503/503/503 494/494/494 495/495/495
f 501/501/501 504/504/504 481/481/481
f 477/477/477 481/481/481 504/504/504
f 505/505/505 477/477/477 504/504/504
f 505/505/505 504/504/504 506/506/506
f 507/507/507 505/505/505 506/506/506
f 503/503/503 495/495/495 508/508/508
f 495/495/495 509/509/509 508/508/508
f 508/508/508 509/509/509 499/499/499
f 510/510/510 508/508/508 499/499/499
f 498/498/498 510/510/510 499/499/499
f 511/511/511 510/510/510 498/498/498
f 512/512/512 511/511/511 498/498/498
f 512/512/512 498/498/498 491/491/491
f 513/513/513 511/511/511 512/512/512
f 497/497/497 512/512/512 491/491/491
f 514/514/514 513/513/513 512/512/512
f 514/514/514 512/512/512 497/497/497
f 514/514/514 515/515/515 513/513/513
f 515/515/515 516/516/516 513/513/513
f 517/517/517 516/516/516 515/515/515
f 518/518/518 514/514/514 497/497/497
f 451/451/451 518/518/518 497/497/497
f 451/451/451 448/448/448 518/518/518
f 514/514/514 518/518/518 519/519/519
f 448/448/448 519/519/519 518/518/518
f 515/515/515 514/514/514 519/519/519
f 445/445/445 519/519/519 448/448/448
f 515/515/515 519/519/519 520/520/520
f 519/519/519 445/445/445 520/520/520
f 520/520/520 517/517/517 515/515/515
f 447/447/447 520/520/520 445/445/445
f 520/520/520 447/447/447 517/517/517
f 447/447/447 521/521/521 517/517/517
f 517/517/517 521/521/521 522/522/522
f 521/521/521 523/523/523 522/522/522
f 526/526/526 525/525/525 524/524/524
f 525/525/525 527/527/527 524/524/524
f 528/528/528 524/524/524 527/527/527
f 529/529/529 528/528/528 527/527/527
f 529/529/529 530/530/530 528/528/528
f 530/530/530 531/531/531 528/528/528
f 530/530/530 532/532/532 531/531/531
f 532/532/532 533/533/533 531/531/531
f 532/532/532 534/534/534 533/533/533
f 534/534/534 535/535/535 533/533/533
f 536/536/536 535/535/535 534/534/534
f 537/537/537 536/536/536 534/534/534
f 538/538/538 536/536/536 537/537/537
f 539/539/539 538/538/538 537/537/537
f 540/540/540 538/538/538 539/539/539
f 541/541/541 540/540/540 539/539/539
f 540/540/540 541/541/541 542/542/542
f 543/543/543 540/540/540 542/542/542
f 543/543/543 542/542/542 544/544/544
f 545/545/545 543/543/543 544/544/544
f 544/544/544 546/546/546 545/545/545
f 546/546/546 547/547/547 545/545/545
f 548/548/548 547/547/547 546/546/546
f 549/549/549 548/548/548 546/546/546
f 552/552/552 551/551/551 550/550/550
f 551/551/551 553/553/553 550/550/550
f 550/550/550 553/553/553 554/554/554
f 553/553/553 555/555/555 554/554/554
f 554/554/554 555/555/555 556/556/556
f 555/555/555 557/557/557 556/556/556
f 556/556/556 557/557/557 558/558/558
f 557/557/557 559/559/559 558/558/558
f 558/558/558 559/559/559 560/560/560
f 559/559/559 561/561/561 560/560/560
f 560/560/560 561/561/561 562/562/562
f 561/561/561 563/563/563 562/562/562
f 566/566/566 565/565/565 564/564/564
f 567/567/567 566/566/566 564/564/564
f 568/568/568 567/567/567 564/564/564
f 569/569/569 568/568/568 564/564/564
f 570/570/570 568/568/568 569/569/569
f 571/571/571 570/570/570 569/569/569
f 572/572/572 570/570/570 571/571/571
f 573/573/573 572/572/572 571/571/571
f 576/576/576 575/575/575 574/574/574
f 575/575/575 577/577/577 574/574/574
f 575/575/575 578/578/578 577/577/577
f 578/578/578 579/579/579 577/577/577
f 578/578/578 580/580/580 579/579/579
f 580/580/580 581/581/581 579/579/579
f 580/580/580 582/582/582 581/581/581
f 582/582/582 583/583/583 581/581/581
f 583/583/583 582/582/582 584/584/584
f 582/582/582 585/585/585 584/584/584
f 584/584/584 585/585/585 586/586/586
f 585/585/585 587/587/587 586/586/586
f 586/586/586 587/587/587 588/588/588
f 589/589/589 586/586/586 588/588/588
f 589/589/589 588/588/588 590/590/590
f 591/591/591 589/589/589 590/590/590
f 590/590/590 592/592/592 591/591/591
f 592/592/592 593/593/593 591/591/591
f 593/593/593 592/592/592 594/594/594
f 595/595/595 593/593/593 594/594/594
f 595/595/595 594/594/594 596/596/596
f 594/594/594 597/597/597 596/596/596
f 600/600/600 599/599/599 598/598/598
f 599/599/599 601/601/601 598/598/598
f 601/601/601 599/599/599 602/602/602
f 599/599/599 603/603/603 602/602/602
f 603/603/603 604/604/604 602/602/602
f 604/604/604 605/605/605 602/602/602
f 606/606/606 605/605/605 604/604/604
f 607/607/607 606/606/606 604/604/604
f 606/606/606 607/607/607 608/608/608
f 607/607/607 609/609/609 608/608/608
f 608/608/608 609/609/609 610/610/610
f 609/609/609 611/611/611 610/610/610
f 610/610/610 611/611/611 612/612/612
f 613/613/613 610/610/610 612/612/612
f 613/613/613 612/612/612 614/614/614
f 612/612/612 615/615/615 614/614/614
f 616/616/616 614/614/614 615/615/615
f 617/617/617 616/616/616 615/615/615
f 616/616/616 617/617/617 618/618/618
f 619/619/619 616/616/616 618/618/618
f 619/619/619 618/618/618 620/620/620
f 618/618/618 621/621/621 620/620/620
f 624/624/624 623/623/623 622/622/622
f 625/625/625 624/624/624 622/622/622
f 625/625/625 622/622/622 626/626/626
f 627/627/627 625/625/625 626/626/626
f 627/627/627 626/626/626 628/628/628
f 629/629/629 627/627/627 628/628/628
f 629/629/629 628/628/628 630/630/630
f 631/631/631 629/629/629 630/630/630
f 631/631/631 630/630/630 632/632/632
f 633/633/633 631/631/631 632/632/632
f 633/633/633 632/632/632 634/634/634
f 635/635/635 633/633/633 634/634/634
f 638/638/638 637/637/637 636/636/636
f 637/637/637 639/639/639 636/636/636
f 636/636/636 639/639/639 640/640/640
f 641/641/641 636/636/636 640/640/640
f 641/641/641 640/640/640 642/642/642
f 643/643/643 641/641/641 642/642/642
f 643/643/643 642/642/642 644/644/644
f 645/645/645 643/643/643 644/644/644
f 648/648/648 647/647/647 646/646/646
f 647/647/647 649/649/649 646/646/646
f 646/646/646 649/649/649 650/650/650
f 651/651/651 646/646/646 650/650/650
f 650/650/650 652/652/652 651/651/651
f 652/652/652 653/653/653 651/651/651
f 653/653/653 652/652/652 654/654/654
f 655/655/655 653/653/653 654/654/654
f 654/654/654 656/656/656 655/655/655
f 656/656/656 657/657/657 655/655/655
f 656/656/656 658/658/658 657/657/657
f 658/658/658 659/659/659 657/657/657
f 658/658/658 660/660/660 659/659/659
f 660/660/660 661/661/661 659/659/659
f 661/661/661 660/660/660 662/662/662
f 661/661/661 662/662/662 663/663/663
f 664/664/664 663/663/663 662/662/662
f 664/664/664 665/665/665 663/663/663
f 665/665/665 666/666/666 663/663/663
f 665/665/665 667/667/667 666/666/666
f 667/667/667 668/668/668 666/666/666
f 667/667/667 669/669/669 668/668/668
f 669/669/669 670/670/670 668/668/668
f 673/673/673 672/672/672 671/671/671
f 672/672/672 674/674/674 671/671/671
f 675/675/675 674/674/674 672/672/672
f 676/676/676 675/675/675 672/672/672
f 676/676/676 677/677/677 675/675/675
f 677/677/677 678/678/678 675/675/675
f 675/675/675 679/679/679 674/674/674
f 679/679/679 675/675/675 678/678/678
f 679/679/679 680/680/680 674/674/674
f 674/674/674 680/680/680 671/671/671
f 679/679/679 678/678/678 681/681/681
f 678/678/678 682/682/682 681/681/681
f 681/681/681 682/682/682 683/683/683
f 684/684/684 681/681/681 683/683/683
f 685/685/685 684/684/684 683/683/683
f 680/680/680 686/686/686 671/671/671
f 686/686/686 687/687/687 671/671/671
f 686/686/686 680/680/680 688/688/688
f 689/689/689 685/685/685 683/683/683
f 689/689/689 683/683/683 690/690/690
f 691/691/691 689/689/689 690/690/690
f 691/691/691 692/692/692 689/689/689
f 693/693/693 685/685/685 689/689/689
f 692/692/692 693/693/693 689/689/689
f 693/693/693 692/692/692 694/694/694
f 692/692/692 695/695/695 694/694/694
f 693/693/693 696/696/696 685/685/685
f 696/696/696 693/693/693 694/694/694
f 697/697/697 696/696/696 694/694/694
f 698/698/698 697/697/697 694/694/694
f 695/695/695 699/699/699 694/694/694
f 700/700/700 698/698/698 694/694/694
f 699/699/699 701/701/701 694/694/694
f 701/701/701 700/700/700 694/694/694
f 701/701/701 699/699/699 702/702/702
f 703/703/703 700/700/700 701/701/701
f 703/703/703 701/701/701 702/702/702
f 703/703/703 704/704/704 700/700/700
f 703/703/703 702/702/702 705/705/705
f 703/703/703 705/705/705 704/704/704
f 702/702/702 706/706/706 705/705/705
f 705/705/705 707/707/707 704/704/704
f 707/707/707 708/708/708 704/704/704
f 711/711/711 710/710/710 709/709/709
f 712/712/712 711/711/711 709/709/709
f 711/711/711 712/712/712 713/713/713
f 714/714/714 711/711/711 713/713/713
f 715/715/715 714/714/714 713/713/713
f 716/716/716 715/715/715 713/713/713
f 719/719/719 718/718/718 717/717/717
f 718/718/718 720/720/720 717/717/717
f 721/721/721 720/720/720 718/718/718
f 722/722/722 721/721/721 718/718/718
f 722/722/722 723/723/723 721/721/721
f 723/723/723 724/724/724 721/721/721
f 725/725/725 724/724/724 723/723/723
f 726/726/726 725/725/725 723/723/723
f 726/726/726 727/727/727 725/725/725
f 727/727/727 728/728/728 725/725/725
f 727/727/727 729/729/729 728/728/728
f 729/729/729 730/730/730 728/728/728
f 733/733/733 732/732/732 731/731/731
f 732/732/732 734/734/734 731/731/731
f 737/737/737 736/736/736 735/735/735
f 738/738/738 737/737/737 735/735/735
f 739/739/739 737/737/737 738/738/738
f 740/740/740 739/739/739 738/738/738
f 743/743/743 742/742/742 741/741/741
f 744/744/744 743/743/743 741/741/741
f 744/744/744 741/741/741 745/745/745
f 746/746/746 744/744/744 745/745/745
f 749/749/749 748/748/748 747/747/747
f 750/750/750 749/749/749 747/747/747
f 753/753/753 752/752/752 751/751/751
f 752/752/752 754/754/754 751/751/751
f 751/751/751 754/754/754 755/755/755
f 754/754/754 756/756/756 755/755/755
f 755/755/755 756/756/756 757/757/757
f 758/758/758 756/756/756 754/754/754
f 759/759/759 754/754/754 752/752/752
f 760/760/760 759/759/759 752/752/752
f 760/760/760 761/761/761 759/759/759
f 759/759/759 761/761/761 762/762/762
f 761/761/761 763/763/763 762/762/762
f 764/764/764 759/759/759 762/762/762
f 759/759/759 764/764/764 754/754/754
f 764/764/764 762/762/762 765/765/765
f 764/764/764 766/766/766 754/754/754
f 764/764/764 765/765/765 766/766/766
f 766/766/766 758/758/758 754/754/754
f 765/765/765 767/767/767 766/766/766
f 758/758/758 766/766/766 768/768/768
f 766/766/766 767/767/767 768/768/768
f 769/769/769 758/758/758 768/768/768
f 767/767/767 770/770/770 768/768/768
f 773/773/773 772/772/772 771/771/771
f 774/774/774 773/773/773 771/771/771
f 777/777/777 776/776/776 775/775/775
f 776/776/776 778/778/778 775/775/775
f 775/775/775 778/778/778 779/779/779
f 780/780/780 775/775/775 779/779/779
f 783/783/783 782/782/782 781/781/781
f 784/784/784 783/783/783 781/781/781
f 787/787/787 786/786/786 785/785/785
f 788/788/788 787/787/787 785/785/785
f 785/785/785 789/789/789 788/788/788
f 789/789/789 790/790/790 788/788/788
f 789/789/789 791/791/791 790/790/790
f 791/791/791 792/792/792 790/790/790
f 793/793/793 792/792/792 791/791/791
f 794/794/794 793/793/793 791/791/791
f 797/797/797 796/796/796 795/795/795
f 796/796/796 798/798/798 795/795/795
f 796/796/796 799/799/799 798/798/798
f 799/799/799 800/800/800 798/798/798
f 803/803/803 802/802/802 801/801/801
f 803/803/803 801/801/801 804/804/804
f 801/801/801 805/805/805 804/804/804
f 804/804/804 805/805/805 806/806/806
f 807/807/807 804/804/804 806/806/806
f 808/808/808 807/807/807 806/806/806
f 809/809/809 808/808/808 806/806/806
f 810/810/810 808/808/808 809/809/809
f 811/811/811 810/810/810 809/809/809
f 811/811/811 812/812/812 810/810/810
f 815/815/815 814/814/814 813/813/813
f 816/816/816 815/815/815 813/813/813
f 817/817/817 815/815/815 816/816/816
f 818/818/818 817/817/817 816/816/816
f 813/813/813 819/819/819 816/816/816
f 813/813/813 820/820/820 819/819/819
f 818/818/818 816/816/816 821/821/821
f 816/816/816 819/819/819 821/821/821
f 822/822/822 818/818/818 821/821/821
f 820/820/820 823/823/823 819/819/819
f 820/820/820 824/824/824 823/823/823
f 824/824/824 825/825/825 823/823/823
f 819/819/819 826/826/826 821/821/821
f 819/819/819 823/823/823 826/826/826
f 821/821/821 827/827/827 822/822/822
f 827/827/827 828/828/828 822/822/822
f 821/821/821 826/826/826 829/829/829
f 827/827/827 821/821/821 829/829/829
f 828/828/828 827/827/827 830/830/830
f 831/831/831 828/828/828 830/830/830
f 830/830/830 827/827/827 832/832/832
f 827/827/827 829/829/829 832/832/832
f 830/830/830 833/833/833 831/831/831
f 830/830/830 832/832/832 833/833/833
f 833/833/833 834/834/834 831/831/831
f 833/833/833 835/835/835 834/834/834
f 835/835/835 836/836/836 834/834/834
f 836/836/836 835/835/835 837/837/837
f 838/838/838 836/836/836 837/837/837
f 838/838/838 837/837/837 839/839/839
f 840/840/840 838/838/838 839/839/839
f 840/840/840 839/839/839 841/841/841
f 842/842/842 840/840/840 841/841/841
f 843/843/843 842/842/842 841/841/841
f 839/839/839 837/837/837 844/844/844
f 839/839/839 844/844/844 841/841/841
f 845/845/845 843/843/843 841/841/841
f 846/846/846 843/843/843 845/845/845
f 847/847/847 846/846/846 845/845/845
f 844/844/844 848/848/848 841/841/841
f 845/845/845 841/841/841 848/848/848
f 845/845/845 849/849/849 847/847/847
f 849/849/849 850/850/850 847/847/847
f 845/845/845 851/851/851 849/849/849
f 851/851/851 845/845/845 848/848/848
f 849/849/849 851/851/851 852/852/852
f 851/851/851 853/853/853 852/852/852
f 853/853/853 851/851/851 848/848/848
f 854/854/854 852/852/852 853/853/853
f 855/855/855 854/854/854 853/853/853
f 837/837/837 856/856/856 844/844/844
f 844/844/844 857/857/857 848/848/848
f 844/844/844 856/856/856 857/857/857
f 858/858/858 853/853/853 848/848/848
f 857/857/857 858/858/858 848/848/848
f 859/859/859 855/855/855 853/853/853
f 859/859/859 853/853/853 858/858/858
f 837/837/837 860/860/860 856/856/856
f 837/837/837 835/835/835 860/860/860
f 835/835/835 861/861/861 860/860/860
f 862/862/862 861/861/861 835/835/835
f 860/860/860 863/863/863 856/856/856
f 833/833/833 862/862/862 835/835/835
f 863/863/863 864/864/864 856/856/856
f 856/856/856 864/864/864 857/857/857
f 863/863/863 865/865/865 864/864/864
f 864/864/864 865/865/865 866/866/866
f 833/833/833 867/867/867 862/862/862
f 868/868/868 862/862/862 867/867/867
f 869/869/869 868/868/868 867/867/867
f 832/832/832 867/867/867 833/833/833
f 869/869/869 867/867/867 832/832/832
f 870/870/870 868/868/868 869/869/869
f 870/870/870 869/869/869 871/871/871
f 872/872/872 864/864/864 866/866/866
f 872/872/872 866/866/866 873/873/873
f 857/857/857 864/864/864 874/874/874
f 864/864/864 872/872/872 874/874/874
f 875/875/875 869/869/869 832/832/832
f 832/832/832 829/829/829 875/875/875
f 869/869/869 876/876/876 871/871/871
f 871/871/871 876/876/876 877/877/877
f 874/874/874 878/878/878 857/857/857
f 878/878/878 858/858/858 857/857/857
f 878/878/878 859/859/859 858/858/858
f 879/879/879 878/878/878 874/874/874
f 878/878/878 879/879/879 859/859/859
f 880/880/880 879/879/879 874/874/874
f 874/874/874 872/872/872 880/880/880
f 872/872/872 881/881/881 880/880/880
f 881/881/881 872/872/872 873/873/873
f 879/879/879 882/882/882 859/859/859
f 855/855/855 859/859/859 882/882/882
f 883/883/883 855/855/855 882/882/882
f 883/883/883 882/882/882 884/884/884
f 885/885/885 883/883/883 884/884/884
f 881/881/881 873/873/873 886/886/886
f 873/873/873 887/887/887 886/886/886
f 886/886/886 887/887/887 877/877/877
f 888/888/888 886/886/886 877/877/877
f 876/876/876 888/888/888 877/877/877
f 889/889/889 888/888/888 876/876/876
f 890/890/890 889/889/889 876/876/876
f 890/890/890 876/876/876 869/869/869
f 891/891/891 889/889/889 890/890/890
f 875/875/875 890/890/890 869/869/869
f 892/892/892 891/891/891 890/890/890
f 892/892/892 890/890/890 875/875/875
f 892/892/892 893/893/893 891/891/891
f 893/893/893 894/894/894 891/891/891
f 895/895/895 894/894/894 893/893/893
f 896/896/896 892/892/892 875/875/875
f 829/829/829 896/896/896 875/875/875
f 829/829/829 826/826/826 896/896/896
f 892/892/892 896/896/896 897/897/897
f 826/826/826 897/897/897 896/896/896
f 893/893/893 892/892/892 897/897/897
f 823/823/823 897/897/897 826/826/826
f 893/893/893 897/897/897 898/898/898
f 897/897/897 823/823/823 898/898/898
f 898/898/898 895/895/895 893/893/893
f 825/825/825 898/898/898 823/823/823
f 898/898/898 825/825/825 895/895/895
f 825/825/825 899/899/899 895/895/895
f 895/895/895 899/899/899 900/900/900
f 899/899/899 901/901/901 900/900/900
f 904/904/904 903/903/903 902/902/902
f 903/903/903 905/905/905 902/902/902
f 906/906/906 902/902/902 905/905/905
f 907/907/907 906/906/906 905/905/905
f 907/907/907 908/908/908 906/906/906
f 908/908/908 909/909/909 906/906/906
f 908/908/908 910/910/910 909/909/909
f 910/910/910 911/911/911 909/909/909
f 910/910/910 912/912/912 911/911/911
f 912/912/912 913/913/913 911/911/911
f 914/914/914 913/913/913 912/912/912
f 915/915/915 914/914/914 912/912/912
f 916/916/916 914/914/914 915/915/915
f 917/917/917 916/916/916 915/915/915
f 918/918/918 916/916/916 917/917/917
f 919/919/919 918/918/918 917/917/917
f 918/918/918 919/919/919 920/920/920
f 921/921/921 918/918/918 920/920/920
f 921/921/921 920/920/920 922/922/922
f 923/923/923 921/921/921 922/922/922
f 922/922/922 924/924/924 923/923/923
f 924/924/924 925/925/925 923/923/923
f 926/926/926 925/925/925 924/924/924
f 927/927/927 926/926/926 924/924/924
f 930/930/930 929/929/929 928/928/928
f 929/929/929 931/931/931 928/928/928
f 928/928/928 931/931/931 932/932/932
f 931/931/931 933/933/933 932/932/932
f 932/932/932 933/933/933 934/934/934
f 933/933/933 935/935/935 934/934/934
f 934/934/934 935/935/935 936/936/936
f 935/935/935 937/937/937 936/936/936
f 936/936/936 937/937/937 938/938/938
f 937/937/937 939/939/939 938/938/938
f 938/938/938 939/939/939 940/940/940
f 939/939/939 941/941/941 940/940/940
f 944/944/944 943/943/943 942/942/942
f 945/945/945 944/944/944 942/942/942
f 946/946/946 945/945/945 942/942/942
f 947/947/947 946/946/946 942/942/942
f 948/948/948 946/946/946 947/947/947
f 949/949/949 948/948/948 947/947/947
f 950/950/950 948/948/948 949/949/949
f 951/951/951 950/950/950 949/949/949
f 954/954/954 953/953/953 952/952/952
f 953/953/953 955/955/955 952/952/952
f 953/953/953 956/956/956 955/955/955
f 956/956/956 957/957/957 955/955/955
f 956/956/956 958/958/958 957/957/957
f 958/958/958 959/959/959 957/957/957
f 958/958/958 960/960/960 959/959/959
f 960/960/960 961/961/961 959/959/959
f 961/961/961 960/960/960 962/962/962
f 960/960/960 963/963/963 962/962/962
f 962/962/962 963/963/963 964/964/964
f 963/963/963 965/965/965 964/964/964
f 964/964/964 965/965/965 966/966/966
f 967/967/967 964/964/964 966/966/966
f 967/967/967 966/966/966 968/968/968
f 969/969/969 967/967/967 968/968/968
f 968/968/968 970/970/970 969/969/969
f 970/970/970 971/971/971 969/969/969
f 971/971/971 970/970/970 972/972/972
f 973/973/973 971/971/971 972/972/972
f 973/973/973 972/972/972 974/974/974
f 972/972/972 975/975/975 974/974/974
f 978/978/978 977/977/977 976/976/976
f 977/977/977 979/979/979 976/976/976
f 979/979/979 977/977/977 980/980/980
f 977/977/977 981/981/981 980/980/980
f 981/981/981 982/982/982 980/980/980
f 982/982/982 983/983/983 980/980/980
f 984/984/984 983/983/983 982/982/982
f 985/985/985 984/984/984 982/982/982
f 984/984/984 985/985/985 986/986/986
f 985/985/985 987/987/987 986/986/986
f 986/986/986 987/987/987 988/988/988
f 987/987/987 989/989/989 988/988/988
f 988/988/988 989/989/989 990/990/990
f 991/991/991 988/988/988 990/990/990
f 991/991/991 990/990/990 992/992/992
f 990/990/990 993/993/993 992/992/992
f 994/994/994 992/992/992 993/993/993
f 995/995/995 994/994/994 993/993/993
f 994/994/994 995/995/995 996/996/996
f 997/997/997 994/994/994 996/996/996
f 997/997/997 996/996/996 998/998/998
f 996/996/996 999/999/999 998/998/998
f 1002/1002/1002 1001/1001/1001 1000/1000/1000
f 1003/1003/1003 1002/1002/1002 1000/1000/1000
f 1003/1003/1003 1000/1000/1000 1004/1004/1004
f 1005/1005/1005 1003/1003/1003 1004/1004/1004
f 1005/1005/1005 1004/1004/1004 1006/1006/1006
f 1007/1007/1007 1005/1005/1005 1006/1006/1006
f 1007/1007/1007 1006/1006/1006 1008/1008/1008
f 1009/1009/1009 1007/1007/1007 1008/1008/1008
f 1009/1009/1009 1008/1008/1008 1010/1010/1010
f 1011/1011/1011 1009/1009/1009 1010/1010/1010
f 1011/1011/1011 1010/1010/1010 1012/1012/1012
f 1013/1013/1013 1011/1011/1011 1012/1012/1012
f 1016/1016/1016 1015/1015/1015 1014/1014/1014
f 1015/1015/1015 1017/1017/1017 1014/1014/1014
f 1014/1014/1014 1017/1017/1017 1018/1018/1018
f 1019/1019/1019 1014/1014/1014 1018/1018/1018
f 1019/1019/1019 1018/1018/1018 1020/1020/1020
f 1021/1021/1021 1019/1019/1019 1020/1020/1020
f 1021/1021/1021 1020/1020/1020 1022/1022/1022
f 1023/1023/1023 1021/1021/1021 1022/1022/1022
f 1026/1026/1026 1025/1025/1025 1024/1024/1024
f 1025/1025/1025 1027/1027/1027 1024/1024/1024
f 1024/1024/1024 1027/1027/1027 1028/1028/1028
f 1029/1029/1029 1024/1024/1024 1028/1028/1028
f 1028/1028/1028 1030/1030/1030 1029/1029/1029
f 1030/1030/1030 1031/1031/1031 1029/1029/1029
f 1031/1031/1031 1030/1030/1030 1032/1032/1032
f 1033/1033/1033 1031/1031/1031 1032/1032/1032
f 1032/1032/1032 1034/1034/1034 1033/1033/1033
f 1034/1034/1034 1035/1035/1035 1033/1033/1033
f 1034/1034/1034 1036/1036/1036 1035/1035/1035
f 1036/1036/1036 1037/1037/1037 1035/1035/1035
f 1036/1036/1036 1038/1038/1038 1037/1037/1037
f 1038/1038/1038 1039/1039/1039 1037/1037/1037
f 1039/1039/1039 1038/1038/1038 1040/1040/1040
f 1039/1039/1039 1040/1040/1040 1041/1041/1041
f 1042/1042/1042 1041/1041/1041 1040/1040/1040
f 1042/1042/1042 1043/1043/1043 1041/1041/1041
f 1043/1043/1043 1044/1044/1044 1041/1041/1041
f 1043/1043/1043 1045/1045/1045 1044/1044/1044
f 1045/1045/1045 1046/1046/1046 1044/1044/1044
f 1045/1045/1045 1047/1047/1047 1046/1046/1046
f 1047/1047/1047 1048/1048/1048 1046/1046/1046
f 1051/1051/1051 1050/1050/1050 1049/1049/1049
f 1050/1050/1050 1052/1052/1052 1049/1049/1049
f 1053/1053/1053 1052/1052/1052 1050/1050/1050
f 1054/1054/1054 1053/1053/1053 1050/1050/1050
f 1054/1054/1054 1055/1055/1055 1053/1053/1053
f 1055/1055/1055 1056/1056/1056 1053/1053/1053
f 1053/1053/1053 1057/1057/1057 1052/1052/1052
f 1057/1057/1057 1053/1053/1053 1056/1056/1056
f 1057/1057/1057 1058/1058/1058 1052/1052/1052
f 1052/1052/1052 1058/1058/1058 1049/1049/1049
f 1057/1057/1057 1056/1056/1056 1059/1059/1059
f 1056/1056/1056 1060/1060/1060 1059/1059/1059
f 1059/1059/1059 1060/1060/1060 1061/1061/1061
f 1062/1062/1062 1059/1059/1059 1061/1061/1061
f 1063/1063/1063 1062/1062/1062 1061/1061/1061
f 1058/1058/1058 1064/1064/1064 1049/1049/1049
f 1064/1064/1064 1065/1065/1065 1049/1049/1049
f 1064/1064/1064 1058/1058/1058 1066/1066/1066
f 1067/1067/1067 1063/1063/1063 1061/1061/1061
f 1067/1067/1067 1061/1061/1061 1068/1068/1068
f 1069/1069/1069 1067/1067/1067 1068/1068/1068
f 1069/1069/1069 1070/1070/1070 1067/1067/1067
f 1071/1071/1071 1063/1063/1063 1067/1067/1067
f 1070/1070/1070 1071/1071/1071 1067/1067/1067
f 1071/1071/1071 1070/1070/1070 1072/1072/1072
f 1070/1070/1070 1073/1073/1073 1072/1072/1072
f 1071/1071/1071 1074/1074/1074 1063/1063/1063
f 1074/1074/1074 1071/1071/1071 1072/1072/1072
f 1075/1075/1075 1074/1074/1074 1072/1072/1072
f 1076/1076/1076 1075/1075/1075 1072/1072/1072
f 1073/1073/1073 1077/1077/1077 1072/1072/1072
f 1078/1078/1078 1076/1076/1076 1072/1072/1072
f 1077/1077/1077 1079/1079/1079 1072/1072/1072
f 1079/1079/1079 1078/1078/1078 1072/1072/1072
f 1079/1079/1079 1077/1077/1077 1080/1080/1080
f 1081/1081/1081 1078/1078/1078 1079/1079/1079
f 1081/1081/1081 1079/1079/1079 1080/1080/1080
f 1081/1081/1081 1082/1082/1082 1078/1078/1078
f 1081/1081/1081 1080/1080/1080 1083/1083/1083
f 1081/1081/1081 1083/1083/1083 1082/1082/1082
f 1080/1080/1080 1084/1084/1084 1083/1083/1083
f 1083/1083/1083 1085/1085/1085 1082/1082/1082
f 1085/1085/1085 1086/1086/1086 1082/1082/1082
f 1089/1089/1089 1088/1088/1088 1087/1087/1087
f 1090/1090/1090 1089/1089/1089 1087/1087/1087
f 1089/1089/1089 1090/1090/1090 1091/1091/1091
f 1092/1092/1092 1089/1089/1089 1091/1091/1091
f 1093/1093/1093 1092/1092/1092 1091/1091/1091
f 1094/1094/1094 1093/1093/1093 1091/1091/1091
f 1097/1097/1097 1096/1096/1096 1095/1095/1095
f 1096/1096/1096 1098/1098/1098 1095/1095/1095
f 1099/1099/1099 1098/1098/1098 1096/1096/1096
f 1100/1100/1100 1099/1099/1099 1096/1096/1096
f 1100/1100/1100 1101/1101/1101 1099/1099/1099
f 1101/1101/1101 1102/1102/1102 1099/1099/1099
f 1103/1103/1103 1102/1102/1102 1101/1101/1101
f 1104/1104/1104 1103/1103/1103 1101/1101/1101
f 1104/1104/1104 1105/1105/1105 1103/1103/1103
f 1105/1105/1105 1106/1106/1106 1103/1103/1103
f 1105/1105/1105 1107/1107/1107 1106/1106/1106
f 1107/1107/1107 1108/1108/1108 1106/1106/1106
f 1111/1111/1111 1110/1110/1110 1109/1109/1109
f 1110/1110/1110 1112/1112/1112 1109/1109/1109
f 1115/1115/1115 1114/1114/1114 1113/1113/1113
f 1116/1116/1116 1115/1115/1115 1113/1113/1113
f 1117/1117/1117 1115/1115/1115 1116/1116/1116
f 1118/1118/1118 1117/1117/1117 1116/1116/1116
f 1121/1121/1121 1120/1120/1120 1119/1119/1119
f 1122/1122/1122 1121/1121/1121 1119/1119/1119
f 1122/1122/1122 1119/1119/1119 1123/1123/1123
f 1124/1124/1124 1122/1122/1122 1123/1123/1123
f 1127/1127/1127 1126/1126/1126 1125/1125/1125
f 1128/1128/1128 1127/1127/1127 1125/1125/1125
f 1131/1131/1131 1130/1130/1130 1129/1129/1129
f 1130/1130/1130 1132/1132/1132 1129/1129/1129
f 1129/1129/1129 1132/1132/1132 1133/1133/1133
f 1132/1132/1132 1134/1134/1134 1133/1133/1133
f 1133/1133/1133 1134/1134/1134 1135/1135/1135
f 1136/1136/1136 1134/1134/1134 1132/1132/1132
f 1137/1137/1137 1132/1132/1132 1130/1130/1130
f 1138/1138/1138 1137/1137/1137 1130/1130/1130
f 1138/1138/1138 1139/1139/1139 1137/1137/1137
f 1137/1137/1137 1139/1139/1139 1140/1140/1140
f 1139/1139/1139 1141/1141/1141 1140/1140/1140
f 1142/1142/1142 1137/1137/1137 1140/1140/1140
f 1137/1137/1137 1142/1142/1142 1132/1132/1132
f 1142/1142/1142 1140/1140/1140 1143/1143/1143
f 1142/1142/1142 1144/1144/1144 1132/1132/1132
f 1142/1142/1142 1143/1143/1143 1144/1144/1144
f 1144/1144/1144 1136/1136/1136 1132/1132/1132
f 1143/1143/1143 1145/1145/1145 1144/1144/1144
f 1136/1136/1136 1144/1144/1144 1146/1146/1146
f 1144/1144/1144 1145/1145/1145 1146/1146/1146
f 1147/1147/1147 1136/1136/1136 1146/1146/1146
f 1145/1145/1145 1148/1148/1148 1146/1146/1146
f 1151/1151/1151 1150/1150/1150 1149/1149/1149
f 1152/1152/1152 1151/1151/1151 1149/1149/1149
f 1155/1155/1155 1154/1154/1154 1153/1153/1153
f 1154/1154/1154 1156/1156/1156 1153/1153/1153
f 1153/1153/1153 1156/1156/1156 1157/1157/1157
f 1158/1158/1158 1153/1153/1153 1157/1157/1157
f 1161/1161/1161 1160/1160/1160 1159/1159/1159
f 1162/1162/1162 1161/1161/1161 1159/1159/1159
f 1165/1165/1165 1164/1164/1164 1163/1163/1163
f 1166/1166/1166 1165/1165/1165 1163/1163/1163
f 1163/1163/1163 1167/1167/1167 1166/1166/1166
f 1167/1167/1167 1168/1168/1168 1166/1166/1166
f 1167/1167/1167 1169/1169/1169 1168/1168/1168
f 1169/1169/1169 1170/1170/1170 1168/1168/1168
f 1171/1171/1171 1170/1170/1170 1169/1169/1169
f 1172/1172/1172 1171/1171/1171 1169/1169/1169
f 1175/1175/1175 1174/1174/1174 1173/1173/1173
f 1174/1174/1174 1176/1176/1176 1173/1173/1173
f 1174/1174/1174 1177/1177/1177 1176/1176/1176
f 1177/1177/1177 1178/1178/1178 1176/1176/1176
f 1181/1181/1181 1180/1180/1180 1179/1179/1179
f 1181/1181/1181 1179/1179/1179 1182/1182/1182
f 1179/1179/1179 1183/1183/1183 1182/1182/1182
f 1182/1182/1182 1183/1183/1183 1184/1184/1184
f 1185/1185/1185 1182/1182/1182 1184/1184/1184
f 1186/1186/1186 1185/1185/1185 1184/1184/1184
f 1187/1187/1187 1186/1186/1186 1184/1184/1184
f 1188/1188/1188 1186/1186/1186 1187/1187/1187
f 1189/1189/1189 1188/1188/1188 1187/1187/1187
f 1189/1189/1189 1190/1190/1190 1188/1188/1188
f 1193/1193/1193 1192/1192/1192 1191/1191/1191
f 1194/1194/1194 1193/1193/1193 1191/1191/1191
f 1194/1194/1194 1191/1191/1191 1195/1195/1195
f 1196/1196/1196 1194/1194/1194 1195/1195/1195
f 1197/1197/1197 1193/1193/1193 1194/1194/1194
f 1193/1193/1193 1197/1197/1197 1198/1198/1198
f 1199/1199/1199 1194/1194/1194 1196/1196/1196
f 1194/1194/1194 1199/1199/1199 1197/1197/1197
f 1200/1200/1200 1199/1199/1199 1196/1196/1196
f 1197/1197/1197 1201/1201/1201 1198/1198/1198
f 1202/1202/1202 1198/1198/1198 1201/1201/1201
f 1203/1203/1203 1202/1202/1202 1201/1201/1201
f 1199/1199/1199 1204/1204/1204 1197/1197/1197
f 1197/1197/1197 1204/1204/1204 1201/1201/1201
f 1205/1205/1205 1199/1199/1199 1200/1200/1200
f 1206/1206/1206 1205/1205/1205 1200/1200/1200
f 1204/1204/1204 1199/1199/1199 1207/1207/1207
f 1199/1199/1199 1205/1205/1205 1207/1207/1207
f 1208/1208/1208 1205/1205/1205 1206/1206/1206
f 1209/1209/1209 1208/1208/1208 1206/1206/1206
f 1205/1205/1205 1208/1208/1208 1210/1210/1210
f 1207/1207/1207 1205/1205/1205 1210/1210/1210
f 1208/1208/1208 1209/1209/1209 1211/1211/1211
f 1210/1210/1210 1208/1208/1208 1211/1211/1211
f 1209/1209/1209 1212/1212/1212 1211/1211/1211
f 1211/1211/1211 1212/1212/1212 1213/1213/1213
f 1212/1212/1212 1214/1214/1214 1213/1213/1213
f 1215/1215/1215 1213/1213/1213 1214/1214/1214
f 1216/1216/1216 1215/1215/1215 1214/1214/1214
f 1217/1217/1217 1215/1215/1215 1216/1216/1216
f 1218/1218/1218 1217/1217/1217 1216/1216/1216
f 1219/1219/1219 1217/1217/1217 1218/1218/1218
f 1220/1220/1220 1219/1219/1219 1218/1218/1218
f 1220/1220/1220 1221/1221/1221 1219/1219/1219
f 1215/1215/1215 1217/1217/1217 1222/1222/1222
f 1217/1217/1217 1219/1219/1219 1222/1222/1222
f 1221/1221/1221 1223/1223/1223 1219/1219/1219
f 1223/1223/1223 1221/1221/1221 1224/1224/1224
f 1225/1225/1225 1223/1223/1223 1224/1224/1224
f 1219/1219/1219 1226/1226/1226 1222/1222/1222
f 1219/1219/1219 1223/1223/1223 1226/1226/1226
f 1227/1227/1227 1223/1223/1223 1225/1225/1225
f 1228/1228/1228 1227/1227/1227 1225/1225/1225
f 1229/1229/1229 1223/1223/1223 1227/1227/1227
f 1223/1223/1223 1229/1229/1229 1226/1226/1226
f 1227/1227/1227 1230/1230/1230 1229/1229/1229
f 1230/1230/1230 1231/1231/1231 1229/1229/1229
f 1229/1229/1229 1231/1231/1231 1226/1226/1226
f 1230/1230/1230 1232/1232/1232 1231/1231/1231
f 1232/1232/1232 1233/1233/1233 1231/1231/1231
f 1234/1234/1234 1215/1215/1215 1222/1222/1222
f 1235/1235/1235 1222/1222/1222 1226/1226/1226
f 1234/1234/1234 1222/1222/1222 1235/1235/1235
f 1231/1231/1231 1236/1236/1236 1226/1226/1226
f 1236/1236/1236 1235/1235/1235 1226/1226/1226
f 1233/1233/1233 1237/1237/1237 1231/1231/1231
f 1231/1231/1231 1237/1237/1237 1236/1236/1236
f 1238/1238/1238 1215/1215/1215 1234/1234/1234
f 1213/1213/1213 1215/1215/1215 1238/1238/1238
f 1239/1239/1239 1213/1213/1213 1238/1238/1238
f 1239/1239/1239 1240/1240/1240 1213/1213/1213
f 1241/1241/1241 1238/1238/1238 1234/1234/1234
f 1240/1240/1240 1211/1211/1211 1213/1213/1213
f 1242/1242/1242 1241/1241/1241 1234/1234/1234
f 1242/1242/1242 1234/1234/1234 1235/1235/1235
f 1243/1243/1243 1241/1241/1241 1242/1242/1242
f 1243/1243/1243 1242/1242/1242 1244/1244/1244
f 1245/1245/1245 1211/1211/1211 1240/1240/1240
f 1240/1240/1240 1246/1246/1246 1245/1245/1245
f 1246/1246/1246 1247/1247/1247 1245/1245/1245
f 1245/1245/1245 1210/1210/1210 1211/1211/1211
f 1245/1245/1245 1247/1247/1247 1210/1210/1210
f 1246/1246/1246 1248/1248/1248 1247/1247/1247
f 1247/1247/1247 1248/1248/1248 1249/1249/1249
f 1242/1242/1242 1250/1250/1250 1244/1244/1244
f 1251/1251/1251 1244/1244/1244 1250/1250/1250
f 1235/1235/1235 1252/1252/1252 1242/1242/1242
f 1252/1252/1252 1250/1250/1250 1242/1242/1242
f 1247/1247/1247 1253/1253/1253 1210/1210/1210
f 1207/1207/1207 1210/1210/1210 1253/1253/1253
f 1254/1254/1254 1247/1247/1247 1249/1249/1249
f 1249/1249/1249 1255/1255/1255 1254/1254/1254
f 1256/1256/1256 1252/1252/1252 1235/1235/1235
f 1236/1236/1236 1256/1256/1256 1235/1235/1235
f 1237/1237/1237 1256/1256/1256 1236/1236/1236
f 1252/1252/1252 1256/1256/1256 1257/1257/1257
f 1257/1257/1257 1256/1256/1256 1237/1237/1237
f 1258/1258/1258 1252/1252/1252 1257/1257/1257
f 1250/1250/1250 1252/1252/1252 1258/1258/1258
f 1259/1259/1259 1250/1250/1250 1258/1258/1258
f 1259/1259/1259 1251/1251/1251 1250/1250/1250
f 1260/1260/1260 1257/1257/1257 1237/1237/1237
f 1237/1237/1237 1233/1233/1233 1260/1260/1260
f 1233/1233/1233 1261/1261/1261 1260/1260/1260
f 1260/1260/1260 1261/1261/1261 1262/1262/1262
f 1261/1261/1261 1263/1263/1263 1262/1262/1262
f 1251/1251/1251 1259/1259/1259 1264/1264/1264
f 1265/1265/1265 1251/1251/1251 1264/1264/1264
f 1265/1265/1265 1264/1264/1264 1255/1255/1255
f 1264/1264/1264 1266/1266/1266 1255/1255/1255
f 1255/1255/1255 1266/1266/1266 1254/1254/1254
f 1266/1266/1266 1267/1267/1267 1254/1254/1254
f 1267/1267/1267 1268/1268/1268 1254/1254/1254
f 1254/1254/1254 1268/1268/1268 1247/1247/1247
f 1267/1267/1267 1269/1269/1269 1268/1268/1268
f 1268/1268/1268 1253/1253/1253 1247/1247/1247
f 1269/1269/1269 1270/1270/1270 1268/1268/1268
f 1268/1268/1268 1270/1270/1270 1253/1253/1253
f 1271/1271/1271 1270/1270/1270 1269/1269/1269
f 1272/1272/1272 1271/1271/1271 1269/1269/1269
f 1271/1271/1271 1272/1272/1272 1273/1273/1273
f 1270/1270/1270 1274/1274/1274 1253/1253/1253
f 1274/1274/1274 1207/1207/1207 1253/1253/1253
f 1204/1204/1204 1207/1207/1207 1274/1274/1274
f 1274/1274/1274 1270/1270/1270 1275/1275/1275
f 1275/1275/1275 1204/1204/1204 1274/1274/1274
f 1270/1270/1270 1271/1271/1271 1275/1275/1275
f 1204/1204/1204 1275/1275/1275 1201/1201/1201
f 1275/1275/1275 1271/1271/1271 1276/1276/1276
f 1201/1201/1201 1275/1275/1275 1276/1276/1276
f 1276/1276/1276 1271/1271/1271 1273/1273/1273
f 1276/1276/1276 1203/1203/1203 1201/1201/1201
f 1203/1203/1203 1276/1276/1276 1273/1273/1273
f 1277/1277/1277 1203/1203/1203 1273/1273/1273
f 1277/1277/1277 1273/1273/1273 1278/1278/1278
f 1279/1279/1279 1277/1277/1277 1278/1278/1278
f 1282/1282/1282 1281/1281/1281 1280/1280/1280
f 1283/1283/1283 1282/1282/1282 1280/1280/1280
f 1280/1280/1280 1284/1284/1284 1283/1283/1283
f 1284/1284/1284 1285/1285/1285 1283/1283/1283
f 1286/1286/1286 1285/1285/1285 1284/1284/1284
f 1287/1287/1287 1286/1286/1286 1284/1284/1284
f 1288/1288/1288 1286/1286/1286 1287/1287/1287
f 1289/1289/1289 1288/1288/1288 1287/1287/1287
f 1290/1290/1290 1288/1288/1288 1289/1289/1289
f 1291/1291/1291 1290/1290/1290 1289/1289/1289
f 1291/1291/1291 1292/1292/1292 1290/1290/1290
f 1292/1292/1292 1293/1293/1293 1290/1290/1290
f 1292/1292/1292 1294/1294/1294 1293/1293/1293
f 1294/1294/1294 1295/1295/1295 1293/1293/1293
f 1294/1294/1294 1296/1296/1296 1295/1295/1295
f 1296/1296/1296 1297/1297/1297 1295/1295/1295
f 1297/1297/1297 1296/1296/1296 1298/1298/1298
f 1296/1296/1296 1299/1299/1299 1298/1298/1298
f 1298/1298/1298 1299/1299/1299 1300/1300/1300
f 1299/1299/1299 1301/1301/1301 1300/1300/1300
f 1302/1302/1302 1300/1300/1300 1301/1301/1301
f 1303/1303/1303 1302/1302/1302 1301/1301/1301
f 1303/1303/1303 1304/1304/1304 1302/1302/1302
f 1304/1304/1304 1305/1305/1305 1302/1302/1302
f 1308/1308/1308 1307/1307/1307 1306/1306/1306
f 1309/1309/1309 1308/1308/1308 1306/1306/1306
f 1309/1309/1309 1306/1306/1306 1310/1310/1310
f 1311/1311/1311 1309/1309/1309 1310/1310/1310
f 1311/1311/1311 1310/1310/1310 1312/1312/1312
f 1313/1313/1313 1311/1311/1311 1312/1312/1312
f 1313/1313/1313 1312/1312/1312 1314/1314/1314
f 1315/1315/1315 1313/1313/1313 1314/1314/1314
f 1315/1315/1315 1314/1314/1314 1316/1316/1316
f 1317/1317/1317 1315/1315/1315 1316/1316/1316
f 1317/1317/1317 1316/1316/1316 1318/1318/1318
f 1319/1319/1319 1317/1317/1317 1318/1318/1318
f 1322/1322/1322 1321/1321/1321 1320/1320/1320
f 1321/1321/1321 1323/1323/1323 1320/1320/1320
f 1323/1323/1323 1324/1324/1324 1320/1320/1320
f 1324/1324/1324 1325/1325/1325 1320/1320/1320
f 1324/1324/1324 1326/1326/1326 1325/1325/1325
f 1326/1326/1326 1327/1327/1327 1325/1325/1325
f 1326/1326/1326 1328/1328/1328 1327/1327/1327
f 1328/1328/1328 1329/1329/1329 1327/1327/1327
f 1332/1332/1332 1331/1331/1331 1330/1330/1330
f 1333/1333/1333 1332/1332/1332 1330/1330/1330
f 1334/1334/1334 1332/1332/1332 1333/1333/1333
f 1335/1335/1335 1334/1334/1334 1333/1333/1333
f 1336/1336/1336 1334/1334/1334 1335/1335/1335
f 1337/1337/1337 1336/1336/1336 1335/1335/1335
f 1338/1338/1338 1336/1336/1336 1337/1337/1337
f 1339/1339/1339 1338/1338/1338 1337/1337/1337
f 1338/1338/1338 1339/1339/1339 1340/1340/1340
f 1341/1341/1341 1338/1338/1338 1340/1340/1340
f 1341/1341/1341 1340/1340/1340 1342/1342/1342
f 1343/1343/1343 1341/1341/1341 1342/1342/1342
f 1343/1343/1343 1342/1342/1342 1344/1344/1344
f 1342/1342/1342 1345/1345/1345 1344/1344/1344
f 1344/1344/1344 1345/1345/1345 1346/1346/1346
f 1345/1345/1345 1347/1347/1347 1346/1346/1346
f 1348/1348/1348 1346/1346/1346 1347/1347/1347
f 1349/1349/1349 1348/1348/1348 1347/1347/1347
f 1348/1348/1348 1349/1349/1349 1350/1350/1350
f 1349/1349/1349 1351/1351/1351 1350/1350/1350
f 1350/1350/1350 1351/1351/1351 1352/1352/1352
f 1353/1353/1353 1350/1350/1350 1352/1352/1352
f 1356/1356/1356 1355/1355/1355 1354/1354/1354
f 1357/1357/1357 1356/1356/1356 1354/1354/1354
f 1357/1357/1357 1358/1358/1358 1356/1356/1356
f 1358/1358/1358 1359/1359/1359 1356/1356/1356
f 1359/1359/1359 1358/1358/1358 1360/1360/1360
f 1358/1358/1358 1361/1361/1361 1360/1360/1360
f 1361/1361/1361 1362/1362/1362 1360/1360/1360
f 1362/1362/1362 1363/1363/1363 1360/1360/1360
f 1363/1363/1363 1362/1362/1362 1364/1364/1364
f 1365/1365/1365 1363/1363/1363 1364/1364/1364
f 1365/1365/1365 1364/1364/1364 1366/1366/1366
f 1367/1367/1367 1365/1365/1365 1366/1366/1366
f 1367/1367/1367 1366/1366/1366 1368/1368/1368
f 1366/1366/1366 1369/1369/1369 1368/1368/1368
f 1368/1368/1368 1369/1369/1369 1370/1370/1370
f 1371/1371/1371 1368/1368/1368 1370/1370/1370
f 1370/1370/1370 1372/1372/1372 1371/1371/1371
f 1372/1372/1372 1373/1373/1373 1371/1371/1371
f 1373/1373/1373 1372/1372/1372 1374/1374/1374
f 1372/1372/1372 1375/1375/1375 1374/1374/1374
f 1374/1374/1374 1375/1375/1375 1376/1376/1376
f 1377/1377/1377 1374/1374/1374 1376/1376/1376
f 1380/1380/1380 1379/1379/1379 1378/1378/1378
f 1379/1379/1379 1381/1381/1381 1378/1378/1378
f 1378/1378/1378 1381/1381/1381 1382/1382/1382
f 1381/1381/1381 1383/1383/1383 1382/1382/1382
f 1382/1382/1382 1383/1383/1383 1384/1384/1384
f 1383/1383/1383 1385/1385/1385 1384/1384/1384
f 1384/1384/1384 1385/1385/1385 1386/1386/1386
f 1385/1385/1385 1387/1387/1387 1386/1386/1386
f 1386/1386/1386 1387/1387/1387 1388/1388/1388
f 1387/1387/1387 1389/1389/1389 1388/1388/1388
f 1388/1388/1388 1389/1389/1389 1390/1390/1390
f 1389/1389/1389 1391/1391/1391 1390/1390/1390
f 1394/1394/1394 1393/1393/1393 1392/1392/1392
f 1395/1395/1395 1394/1394/1394 1392/1392/1392
f 1395/1395/1395 1392/1392/1392 1396/1396/1396
f 1392/1392/1392 1397/1397/1397 1396/1396/1396
f 1396/1396/1396 1397/1397/1397 1398/1398/1398
f 1397/1397/1397 1399/1399/1399 1398/1398/1398
f 1398/1398/1398 1399/1399/1399 1400/1400/1400
f 1399/1399/1399 1401/1401/1401 1400/1400/1400
f 1404/1404/1404 1403/1403/1403 1402/1402/1402
f 1405/1405/1405 1404/1404/1404 1402/1402/1402
f 1405/1405/1405 1402/1402/1402 1406/1406/1406
f 1402/1402/1402 1407/1407/1407 1406/1406/1406
f 1406/1406/1406 1407/1407/1407 1408/1408/1408
f 1407/1407/1407 1409/1409/1409 1408/1408/1408
f 1410/1410/1410 1408/1408/1408 1409/1409/1409
f 1411/1411/1411 1410/1410/1410 1409/1409/1409
f 1410/1410/1410 1411/1411/1411 1412/1412/1412
f 1411/1411/1411 1413/1413/1413 1412/1412/1412
f 1412/1412/1412 1413/1413/1413 1414/1414/1414
f 1413/1413/1413 1415/1415/1415 1414/1414/1414
f 1414/1414/1414 1415/1415/1415 1416/1416/1416
f 1415/1415/1415 1417/1417/1417 1416/1416/1416
f 1416/1416/1416 1417/1417/1417 1418/1418/1418
f 1418/1418/1418 1417/1417/1417 1419/1419/1419
f 1419/1419/1419 1420/1420/1420 1418/1418/1418
f 1421/1421/1421 1420/1420/1420 1419/1419/1419
f 1422/1422/1422 1421/1421/1421 1419/1419/1419
f 1421/1421/1421 1422/1422/1422 1423/1423/1423
f 1422/1422/1422 1424/1424/1424 1423/1423/1423
f 1423/1423/1423 1424/1424/1424 1425/1425/1425
f 1424/1424/1424 1426/1426/1426 1425/1425/1425
f 1429/1429/1429 1428/1428/1428 1427/1427/1427
f 1430/1430/1430 1429/1429/1429 1427/1427/1427
f 1430/1430/1430 1431/1431/1431 1429/1429/1429
f 1431/1431/1431 1432/1432/1432 1429/1429/1429
f 1433/1433/1433 1432/1432/1432 1431/1431/1431
f 1434/1434/1434 1433/1433/1433 1431/1431/1431
f 1435/1435/1435 1431/1431/1431 1430/1430/1430
f 1431/1431/1431 1435/1435/1435 1434/1434/1434
f 1436/1436/1436 1435/1435/1435 1430/1430/1430
f 1436/1436/1436 1430/1430/1430 1427/1427/1427
f 1435/1435/1435 1437/1437/1437 1434/1434/1434
f 1437/1437/1437 1438/1438/1438 1434/1434/1434
f 1438/1438/1438 1437/1437/1437 1439/1439/1439
f 1437/1437/1437 1440/1440/1440 1439/1439/1439
f 1440/1440/1440 1441/1441/1441 1439/1439/1439
f 1442/1442/1442 1436/1436/1436 1427/1427/1427
f 1443/1443/1443 1442/1442/1442 1427/1427/1427
f 1436/1436/1436 1442/1442/1442 1444/1444/1444
f 1441/1441/1441 1445/1445/1445 1439/1439/1439
f 1439/1439/1439 1445/1445/1445 1446/1446/1446
f 1445/1445/1445 1447/1447/1447 1446/1446/1446
f 1448/1448/1448 1447/1447/1447 1445/1445/1445
f 1441/1441/1441 1449/1449/1449 1445/1445/1445
f 1449/1449/1449 1448/1448/1448 1445/1445/1445
f 1448/1448/1448 1449/1449/1449 1450/1450/1450
f 1451/1451/1451 1448/1448/1448 1450/1450/1450
f 1452/1452/1452 1449/1449/1449 1441/1441/1441
f 1449/1449/1449 1452/1452/1452 1450/1450/1450
f 1452/1452/1452 1453/1453/1453 1450/1450/1450
f 1453/1453/1453 1454/1454/1454 1450/1450/1450
f 1455/1455/1455 1451/1451/1451 1450/1450/1450
f 1454/1454/1454 1456/1456/1456 1450/1450/1450
f 1457/1457/1457 1455/1455/1455 1450/1450/1450
f 1456/1456/1456 1457/1457/1457 1450/1450/1450
f 1455/1455/1455 1457/1457/1457 1458/1458/1458
f 1456/1456/1456 1459/1459/1459 1457/1457/1457
f 1457/1457/1457 1459/1459/1459 1458/1458/1458
f 1460/1460/1460 1459/1459/1459 1456/1456/1456
f 1458/1458/1458 1459/1459/1459 1461/1461/1461
f 1461/1461/1461 1459/1459/1459 1460/1460/1460
f 1462/1462/1462 1458/1458/1458 1461/1461/1461
f 1463/1463/1463 1461/1461/1461 1460/1460/1460
f 1464/1464/1464 1463/1463/1463 1460/1460/1460
f 1467/1467/1467 1466/1466/1466 1465/1465/1465
f 1466/1466/1466 1468/1468/1468 1465/1465/1465
f 1468/1468/1468 1466/1466/1466 1469/1469/1469
f 1466/1466/1466 1470/1470/1470 1469/1469/1469
f 1470/1470/1470 1471/1471/1471 1469/1469/1469
f 1471/1471/1471 1472/1472/1472 1469/1469/1469
f 1475/1475/1475 1474/1474/1474 1473/1473/1473
f 1476/1476/1476 1475/1475/1475 1473/1473/1473
f 1476/1476/1476 1477/1477/1477 1475/1475/1475
f 1477/1477/1477 1478/1478/1478 1475/1475/1475
f 1479/1479/1479 1478/1478/1478 1477/1477/1477
f 1480/1480/1480 1479/1479/1479 1477/1477/1477
f 1480/1480/1480 1481/1481/1481 1479/1479/1479
f 1481/1481/1481 1482/1482/1482 1479/1479/1479
f 1483/1483/1483 1482/1482/1482 1481/1481/1481
f 1484/1484/1484 1483/1483/1483 1481/1481/1481
f 1485/1485/1485 1483/1483/1483 1484/1484/1484
f 1486/1486/1486 1485/1485/1485 1484/1484/1484
f 1489/1489/1489 1488/1488/1488 1487/1487/1487
f 1490/1490/1490 1489/1489/1489 1487/1487/1487
f 1493/1493/1493 1492/1492/1492 1491/1491/1491
f 1492/1492/1492 1494/1494/1494 1491/1491/1491
f 1494/1494/1494 1492/1492/1492 1495/1495/1495
f 1496/1496/1496 1494/1494/1494 1495/1495/1495
f 1499/1499/1499 1498/1498/1498 1497/1497/1497
f 1498/1498/1498 1500/1500/1500 1497/1497/1497
f 1497/1497/1497 1500/1500/1500 1501/1501/1501
f 1500/1500/1500 1502/1502/1502 1501/1501/1501
f 1505/1505/1505 1504/1504/1504 1503/1503/1503
f 1506/1506/1506 1505/1505/1505 1503/1503/1503
f 1509/1509/1509 1508/1508/1508 1507/1507/1507
f 1510/1510/1510 1509/1509/1509 1507/1507/1507
f 1510/1510/1510 1507/1507/1507 1511/1511/1511
f 1512/1512/1512 1510/1510/1510 1511/1511/1511
f 1512/1512/1512 1511/1511/1511 1513/1513/1513
f 1510/1510/1510 1512/1512/1512 1514/1514/1514
f 1510/1510/1510 1515/1515/1515 1509/1509/1509
f 1515/1515/1515 1516/1516/1516 1509/1509/1509
f 1517/1517/1517 1516/1516/1516 1515/1515/1515
f 1517/1517/1517 1515/1515/1515 1518/1518/1518
f 1519/1519/1519 1517/1517/1517 1518/1518/1518
f 1515/1515/1515 1520/1520/1520 1518/1518/1518
f 1515/1515/1515 1510/1510/1510 1520/1520/1520
f 1518/1518/1518 1520/1520/1520 1521/1521/1521
f 1510/1510/1510 1522/1522/1522 1520/1520/1520
f 1521/1521/1521 1520/1520/1520 1522/1522/1522
f 1522/1522/1522 1510/1510/1510 1514/1514/1514
f 1523/1523/1523 1521/1521/1521 1522/1522/1522
f 1524/1524/1524 1522/1522/1522 1514/1514/1514
f 1523/1523/1523 1522/1522/1522 1524/1524/1524
f 1525/1525/1525 1524/1524/1524 1514/1514/1514
f 1526/1526/1526 1523/1523/1523 1524/1524/1524
f 1529/1529/1529 1528/1528/1528 1527/1527/1527
f 1530/1530/1530 1529/1529/1529 1527/1527/1527
f 1533/1533/1533 1532/1532/1532 1531/1531/1531
f 1534/1534/1534 1533/1533/1533 1531/1531/1531
f 1534/1534/1534 1531/1531/1531 1535/1535/1535
f 1531/1531/1531 1536/1536/1536 1535/1535/1535
f 1539/1539/1539 1538/1538/1538 1537/1537/1537
f 1540/1540/1540 1539/1539/1539 1537/1537/1537
f 1543/1543/1543 1542/1542/1542 1541/1541/1541
f 1542/1542/1542 1544/1544/1544 1541/1541/1541
f 1545/1545/1545 1541/1541/1541 1544/1544/1544
f 1546/1546/1546 1545/1545/1545 1544/1544/1544
f 1547/1547/1547 1545/1545/1545 1546/1546/1546
f 1548/1548/1548 1547/1547/1547 1546/1546/1546
f 1548/1548/1548 1549/1549/1549 1547/1547/1547
f 1549/1549/1549 1550/1550/1550 1547/1547/1547
f 1553/1553/1553 1552/1552/1552 1551/1551/1551
f 1554/1554/1554 1553/1553/1553 1551/1551/1551
f 1555/1555/1555 1553/1553/1553 1554/1554/1554
f 1556/1556/1556 1555/1555/1555 1554/1554/1554
f 1559/1559/1559 1558/1558/1558 1557/1557/1557
f 1558/1558/1558 1560/1560/1560 1557/1557/1557
f 1560/1560/1560 1561/1561/1561 1557/1557/1557
f 1561/1561/1561 1560/1560/1560 1562/1562/1562
f 1560/1560/1560 1563/1563/1563 1562/1562/1562
f 1563/1563/1563 1564/1564/1564 1562/1562/1562
f 1564/1564/1564 1565/1565/1565 1562/1562/1562
f 1564/1564/1564 1566/1566/1566 1565/1565/1565
f 1566/1566/1566 1567/1567/1567 1565/1565/1565
f 1568/1568/1568 1567/1567/1567 1566/1566/1566
