g S_wpn_misc_00016_01_lod0
v 0.4155072 -0.047393173 0.19160107
v 0.4208023 -0.043672323 0.17962757
v 0.4206114 -0.046629924 0.17972298
v 0.19089645 -0.043266844 0.41664112
v 0.19509445 -0.051447947 0.42036197
v 0.19046722 -0.047250066 0.41594943
v 0.17672867 -0.046296 0.41275328
v 0.1801393 -0.04059546 0.42102984
v 0.17987716 -0.04689229 0.42043352
v 0.1801393 -0.04059546 0.42102984
v 0.17672867 -0.046296 0.41275328
v 0.17653778 -0.039379027 0.41246712
v 0.1801393 -0.04059546 0.42102984
v 0.16704483 -0.03568203 0.41702273
v 0.17095657 -0.0367315 0.42642027
v 0.16704483 -0.03568203 0.41702273
v 0.1801393 -0.04059546 0.42102984
v 0.17653778 -0.039379027 0.41246712
v 0.16919143 0.014525633 0.47145212
v 0.15931702 0.0010494681 0.4794663
v 0.1592215 0.0002623646 0.48201838
v 0.28561127 -0.046200592 0.28190333
v 0.28153273 -0.04615289 0.28564802
v 0.28265366 -0.046176743 0.28273812
v 0.19137344 0.022635186 0.4589062
v 0.20990631 0.030005338 0.4498426
v 0.19146895 0.019820694 0.454756
v 0.113593444 -0.011520336 -0.42040765
v 0.16415878 -0.012068924 -0.4465252
v 0.10514999 -0.013213801 -0.42372307
v 0.15061797 -0.045468636 -0.4617915
v 0.16415878 -0.012068924 -0.4465252
v 0.14710495 -0.044602532 -0.46319747
v 0.1615828 0.05609901 -0.44249427
v 0.13026565 -0.012068924 -0.45527872
v 0.16198836 0.051591057 -0.4421842
v 0.14710495 -0.044602532 -0.46319747
v 0.13026565 -0.012068924 -0.45527872
v 0.15061797 -0.04546866 -0.46179146
v 0.17059875 -0.036373727 -0.4260367
v 0.13026565 -0.012068924 -0.45527872
v 0.15912613 -0.037852522 -0.43049693
v 0.06887161 0.05662375 0.4663956
v 0.09391586 -0.008300368 0.46164912
v 0.070588835 0.056432933 0.47681877
v 0.06848999 0.051567204 0.45742738
v 0.09391586 -0.008300368 0.46164912
v 0.06887161 0.05662375 0.4663956
v 0.06863312 0.03620676 0.44371268
v 0.09391586 -0.008300368 0.46164912
v 0.06848999 0.051567204 0.45742738
v 0.10865615 0.036182906 0.4344821
v 0.09391586 -0.008300368 0.46164912
v 0.06863312 0.03620676 0.44371268
v 0.11814911 0.0006439905 0.412801
v 0.09391586 -0.008300368 0.46164912
v 0.10865615 0.036182906 0.4344821
v 0.16704483 -0.03568203 0.41702273
v 0.09391586 -0.008300368 0.46164912
v 0.11814911 0.0006439905 0.412801
v 0.17167206 -0.038258005 0.45487526
v 0.09391586 -0.008300368 0.46164912
v 0.1611058 -0.037876375 0.43052277
v 0.070588835 0.056432933 0.47681877
v 0.09391586 -0.008300368 0.46164912
v 0.08132217 0.00725089 0.49456438
v 0.094989166 -0.00965991 0.4910343
v 0.09391586 -0.008300368 0.46164912
v 0.1173143 -0.017841017 0.4820661
v 0.16403961 -0.039569844 0.4563779
v 0.09391586 -0.008300368 0.46164912
v 0.17167206 -0.038258005 0.45487526
v 0.1611058 -0.037876375 0.43052277
v 0.09391586 -0.008300368 0.46164912
v 0.17095657 -0.0367315 0.42642027
v 0.17095657 -0.0367315 0.42642027
v 0.09391586 -0.008300368 0.46164912
v 0.16704483 -0.03568203 0.41702273
v 0.08318252 -0.0011925843 0.4975935
v 0.09391586 -0.008300368 0.46164912
v 0.086211696 -0.009349839 0.4954469
v 0.086497955 -0.0094690975 0.493014
v 0.09391586 -0.008300368 0.46164912
v 0.094989166 -0.00965991 0.4910343
v 0.086211696 -0.009349839 0.4954469
v 0.09391586 -0.008300368 0.46164912
v 0.086497955 -0.0094690975 0.493014
v 0.08132217 0.00725089 0.49456438
v 0.09391586 -0.008300368 0.46164912
v 0.08318252 -0.0011925843 0.4975935
v 0.15163681 -0.041382566 0.45935938
v 0.09391586 -0.008300368 0.46164912
v 0.15504745 -0.042718258 0.45766592
v 0.13937698 -0.02513961 0.4721677
v 0.09391586 -0.008300368 0.46164912
v 0.1429547 -0.02423325 0.4719292
v 0.1173143 -0.017841017 0.4820661
v 0.09391586 -0.008300368 0.46164912
v 0.13937698 -0.02513961 0.4721677
v -0.17343704 -0.04090553 0.42673033
v -0.17961463 -0.040810127 0.41988495
v -0.18116494 -0.04090553 0.42341498
v -0.17169593 -0.040810127 0.42300949
v -0.17024094 -0.041000936 0.4222224
v -0.1707418 -0.04069087 0.42334342
v -0.18009162 -0.041000936 0.41809607
v -0.18061638 -0.04069087 0.4193602
v -0.18815346 -0.04379158 0.4372728
v -0.18498123 -0.04379158 0.43231162
v -0.18586364 -0.04379158 0.43190616
v -0.17701477 -0.04379158 0.435627
v -0.17808807 -0.04379158 0.44132754
v -0.17603691 -0.04379158 0.43603247
v -0.17355628 -0.043839283 0.42706427
v -0.18130806 -0.043839283 0.4237489
v -0.16809432 -0.04379158 0.41671267
v -0.1801155 -0.04379158 0.41790527
v -0.17019317 -0.04379158 0.4221031
v -0.17773025 -0.04379158 0.41232398
v -0.17489196 -0.04379158 0.4109406
v -0.1688575 -0.04379158 0.41373122
v -0.17143355 -0.04379158 0.4116561
v -0.18009162 -0.041000936 0.41809607
v -0.17024094 -0.041000936 0.4222224
v -0.17019317 -0.04379158 0.4221031
v -0.1801155 -0.04379158 0.41790527
v -0.17355628 -0.043839283 0.42706427
v -0.17343704 -0.04090553 0.42673033
v -0.18116494 -0.04090553 0.42341498
v -0.18130806 -0.043839283 0.4237489
v -0.17808807 -0.04379158 0.44132754
v -0.18815346 -0.04379158 0.4372728
v -0.18815346 -0.036516834 0.4372728
v -0.17808807 -0.036516834 0.44132754
v -0.18815346 -0.04379158 0.4372728
v -0.18586364 -0.036516834 0.43190616
v -0.18815346 -0.036516834 0.4372728
v -0.18586364 -0.04379158 0.43190616
v -0.18498123 -0.036516834 0.43231162
v -0.18498123 -0.04379158 0.43231162
v -0.18130806 -0.043839283 0.4237489
v -0.18116494 -0.04090553 0.42341498
v -0.18123657 -0.036492985 0.42358196
v -0.17961463 -0.036492985 0.41988495
v -0.17961463 -0.040810127 0.41988495
v -0.17808807 -0.036516834 0.44132754
v -0.17603691 -0.04379158 0.43603247
v -0.17808807 -0.04379158 0.44132754
v -0.17603691 -0.036516834 0.43603247
v -0.17701477 -0.036516834 0.435627
v -0.17701477 -0.04379158 0.435627
v -0.17355628 -0.043839283 0.42706427
v -0.17343704 -0.04090553 0.42673033
v -0.17343704 -0.036492985 0.42673033
v -0.17169593 -0.040810127 0.42300949
v -0.17169593 -0.036492985 0.42300949
v -0.17169593 -0.036492985 0.42300949
v -0.1707418 -0.036492985 0.42334342
v -0.1707418 -0.04069087 0.42334342
v -0.17169593 -0.040810127 0.42300949
v -0.17961463 -0.040810127 0.41988495
v -0.18061638 -0.04069087 0.4193602
v -0.18061638 -0.036492985 0.4193602
v -0.17961463 -0.036492985 0.41988495
v -0.18061638 -0.036492985 0.4193602
v -0.18061638 -0.04069087 0.4193602
v -0.18009162 -0.041000936 0.41809607
v -0.17773025 -0.036516834 0.41232398
v -0.17773025 -0.04379158 0.41232398
v -0.1801155 -0.04379158 0.41790527
v -0.17489196 -0.04379158 0.4109406
v -0.17489196 -0.036516834 0.4109406
v -0.17143355 -0.04379158 0.4116561
v -0.17143355 -0.036516834 0.4116561
v -0.1688575 -0.036516834 0.41373122
v -0.1688575 -0.04379158 0.41373122
v -0.16809432 -0.04379158 0.41671267
v -0.16809432 -0.036516834 0.41671267
v -0.17024094 -0.041000936 0.4222224
v -0.17019317 -0.04379158 0.4221031
v -0.1707418 -0.036492985 0.42334342
v -0.1707418 -0.04069087 0.42334342
v -0.20162964 -0.04524653 0.41461372
v -0.20439643 -0.04524653 0.42157844
v -0.19690712 -0.04524653 0.42494148
v -0.19359161 -0.04524653 0.417786
v -0.18915527 -0.04524653 0.4221031
v -0.19542824 -0.04524653 0.42770827
v -0.18727104 -0.04524653 0.4286385
v -0.19554748 -0.04524653 0.43126217
v -0.18894066 -0.04524653 0.4352454
v -0.19902976 -0.04524653 0.4388947
v -0.19149269 -0.04524653 0.4418284
v -0.19898216 -0.04524653 0.44540617
v -0.19099182 -0.04524653 0.44526306
v -0.19507042 -0.04524653 0.4528479
v -0.18810585 -0.04524653 0.44829223
v -0.18860671 -0.04524653 0.4568788
v -0.18433723 -0.04524653 0.44941324
v -0.18106957 -0.04524653 0.45685497
v -0.18075943 -0.04524653 0.44812524
v -0.17420028 -0.04524653 0.4533726
v -0.1707418 -0.04524653 0.4480537
v -0.17749175 -0.04524653 0.44368884
v -0.168452 -0.04524653 0.44201922
v -0.1743434 -0.04524653 0.4362233
v -0.16618606 -0.04524653 0.43932402
v -0.16911986 -0.04524653 0.43181074
v -0.1623938 -0.04524653 0.4309521
v -0.16296622 -0.04524653 0.43894237
v -0.15294845 -0.04524653 0.43464908
v -0.15588218 -0.04524653 0.44175687
v -0.19099182 -0.037136976 0.44526306
v -0.19507042 -0.037136976 0.4528479
v -0.19898216 -0.037136976 0.44540617
v -0.18810585 -0.037136976 0.44829223
v -0.18860671 -0.037136976 0.4568788
v -0.18433723 -0.037136976 0.44941324
v -0.18106957 -0.037136976 0.45685497
v -0.18075943 -0.037136976 0.44812524
v -0.17420028 -0.037136976 0.4533726
v -0.19359161 -0.04524653 0.417786
v -0.20162964 -0.037136976 0.41461372
v -0.20162964 -0.04524653 0.41461372
v -0.19359161 -0.037136976 0.417786
v -0.18915527 -0.04524653 0.4221031
v -0.18915527 -0.037136976 0.4221031
v -0.18727104 -0.04524653 0.4286385
v -0.18727104 -0.037136976 0.4286385
v -0.18894066 -0.04524653 0.4352454
v -0.18894066 -0.037136976 0.4352454
v -0.19149269 -0.04524653 0.4418284
v -0.19149269 -0.037136976 0.4418284
v -0.19099182 -0.037136976 0.44526306
v -0.19099182 -0.04524653 0.44526306
v -0.18810585 -0.037136976 0.44829223
v -0.18810585 -0.04524653 0.44829223
v -0.18433723 -0.037136976 0.44941324
v -0.18433723 -0.04524653 0.44941324
v -0.18075943 -0.04524653 0.44812524
v -0.18075943 -0.037136976 0.44812524
v -0.17749175 -0.04524653 0.44368884
v -0.17749175 -0.037136976 0.44368884
v -0.1743434 -0.04524653 0.4362233
v -0.1743434 -0.037136976 0.4362233
v -0.16911986 -0.04524653 0.43181074
v -0.16911986 -0.037136976 0.43181074
v -0.1623938 -0.037136976 0.4309521
v -0.1623938 -0.04524653 0.4309521
v -0.15294845 -0.037136976 0.43464908
v -0.15294845 -0.04524653 0.43464908
v -0.20439643 -0.04524653 0.42157844
v -0.20439643 -0.037136976 0.42157844
v -0.19690712 -0.037136976 0.42494148
v -0.19690712 -0.04524653 0.42494148
v -0.19542824 -0.04524653 0.42770827
v -0.19542824 -0.037136976 0.42770827
v -0.19554748 -0.037136976 0.43126217
v -0.19554748 -0.04524653 0.43126217
v -0.19902976 -0.04524653 0.4388947
v -0.19902976 -0.037136976 0.4388947
v -0.19898216 -0.04524653 0.44540617
v -0.19898216 -0.037136976 0.44540617
v -0.19507042 -0.04524653 0.4528479
v -0.19507042 -0.037136976 0.4528479
v -0.18860671 -0.037136976 0.4568788
v -0.18860671 -0.04524653 0.4568788
v -0.18106957 -0.04524653 0.45685497
v -0.18106957 -0.037136976 0.45685497
v -0.17420028 -0.04524653 0.4533726
v -0.17420028 -0.037136976 0.4533726
v -0.1707418 -0.04524653 0.4480537
v -0.1707418 -0.037136976 0.4480537
v -0.168452 -0.04524653 0.44201922
v -0.168452 -0.037136976 0.44201922
v -0.16618606 -0.037136976 0.43932402
v -0.16618606 -0.04524653 0.43932402
v -0.16296622 -0.04524653 0.43894237
v -0.16296622 -0.037136976 0.43894237
v -0.15588218 -0.037136976 0.44175687
v -0.15588218 -0.04524653 0.44175687
v -0.39132157 -0.046963844 -0.21735881
v -0.42080215 -0.046963844 -0.17931549
v -0.41161925 -0.046963844 -0.17573774
v -0.3999082 -0.046963844 -0.22248691
v -0.36816168 -0.046963844 -0.25466275
v -0.3762712 -0.046963844 -0.26029176
v -0.35351685 -0.046963844 -0.29055944
v -0.34543106 -0.046963844 -0.28459653
v -0.35117927 -0.05380926 -0.29346934
v -0.34271201 -0.05380926 -0.2879358
v -0.34290275 -0.05380926 -0.30343932
v -0.33548498 -0.05380926 -0.29630768
v -0.33880028 -0.05380926 -0.30642077
v -0.33200255 -0.05380926 -0.29831123
v -0.3344354 -0.05380926 -0.3080904
v -0.3273515 -0.05380926 -0.30859128
v -0.32818633 -0.05380926 -0.2986213
v -0.2983718 -0.05380926 -0.29816812
v -0.28499106 -0.05380926 -0.28111422
v -0.28239128 -0.05380926 -0.28235447
v -0.28141326 -0.05380926 -0.28526437
v -0.29851493 -0.05380926 -0.32850736
v -0.3082225 -0.05380926 -0.32590756
v -0.308795 -0.05380926 -0.33001003
v -0.29872963 -0.05380926 -0.33139342
v -0.30817482 -0.05380926 -0.3356867
v -0.29737008 -0.05380926 -0.33427948
v -0.30574197 -0.05380926 -0.3401231
v -0.29364914 -0.05380926 -0.35121408
v -0.2881395 -0.05380926 -0.34269908
v -0.28532502 -0.047035404 -0.3450127
v -0.2908586 -0.046963844 -0.3535277
v -0.26419243 -0.046963844 -0.36147034
v -0.2700123 -0.046963844 -0.36969912
v -0.23721626 -0.046963844 -0.37974066
v -0.24208198 -0.046963844 -0.38847032
v -0.2079026 -0.046963844 -0.3965322
v -0.21250595 -0.046963844 -0.4055481
v -0.17536902 -0.046963844 -0.41177335
v -0.17930457 -0.046963844 -0.42100394
v -0.39132157 -0.046963844 -0.21735881
v -0.41161925 -0.046963844 -0.17573774
v -0.41161925 -0.038544223 -0.17573774
v -0.39132157 -0.038544223 -0.21735881
v -0.36816168 -0.038544223 -0.25466275
v -0.36816168 -0.046963844 -0.25466275
v -0.34543106 -0.038544223 -0.28459653
v -0.34543106 -0.046963844 -0.28459653
v -0.34271201 -0.0455566 -0.2879358
v -0.34271201 -0.05380926 -0.2879358
v -0.33548498 -0.05380926 -0.29630768
v -0.33548498 -0.0455566 -0.29630768
v -0.33200255 -0.0455566 -0.29831123
v -0.33200255 -0.05380926 -0.29831123
v -0.32818633 -0.0455566 -0.2986213
v -0.32818633 -0.05380926 -0.2986213
v -0.28499106 -0.05380926 -0.28111422
v -0.28499106 -0.0455566 -0.28111422
v -0.28239128 -0.05380926 -0.28235447
v -0.28239128 -0.0455566 -0.28235447
v -0.28141326 -0.0455566 -0.28526437
v -0.28141326 -0.05380926 -0.28526437
v -0.29851493 -0.05380926 -0.32850736
v -0.29851493 -0.0455566 -0.32850736
v -0.29872963 -0.0455566 -0.33139342
v -0.29872963 -0.05380926 -0.33139342
v -0.29737008 -0.0455566 -0.33427948
v -0.29737008 -0.05380926 -0.33427948
v -0.2881395 -0.045508895 -0.34269908
v -0.2881395 -0.05380926 -0.34269908
v -0.28532502 -0.047035404 -0.3450127
v -0.28532502 -0.038615778 -0.3450127
v -0.26419243 -0.046963844 -0.36147034
v -0.26419243 -0.038615778 -0.36147034
v -0.23721626 -0.038615778 -0.37974066
v -0.23721626 -0.046963844 -0.37974066
v -0.2079026 -0.046963844 -0.3965322
v -0.2079026 -0.038615778 -0.3965322
v -0.17536902 -0.038615778 -0.41177335
v -0.17536902 -0.046963844 -0.41177335
v -0.41161925 -0.038544223 -0.17573774
v -0.41161925 -0.046963844 -0.17573774
v -0.42080215 -0.046963844 -0.17931549
v -0.42080215 -0.038544223 -0.17931549
v -0.3999082 -0.046963844 -0.22248691
v -0.42080215 -0.038544223 -0.17931549
v -0.42080215 -0.046963844 -0.17931549
v -0.3999082 -0.038544223 -0.22248691
v -0.3762712 -0.046963844 -0.26029176
v -0.3762712 -0.038544223 -0.26029176
v -0.35351685 -0.038544223 -0.29055944
v -0.35351685 -0.046963844 -0.29055944
v -0.35117927 -0.0455566 -0.29346934
v -0.35117927 -0.05380926 -0.29346934
v -0.34290275 -0.05380926 -0.30343932
v -0.34290275 -0.0455566 -0.30343932
v -0.33880028 -0.05380926 -0.30642077
v -0.33880028 -0.0455566 -0.30642077
v -0.3344354 -0.05380926 -0.3080904
v -0.3344354 -0.0455566 -0.3080904
v -0.3273515 -0.05380926 -0.30859128
v -0.3273515 -0.0455566 -0.30859128
v -0.2983718 -0.0455566 -0.29816812
v -0.2983718 -0.05380926 -0.29816812
v -0.2983718 -0.0455566 -0.29816812
v -0.2983718 -0.05380926 -0.29816812
v -0.3082225 -0.05380926 -0.32590756
v -0.3082225 -0.0455566 -0.32590756
v -0.308795 -0.05380926 -0.33001003
v -0.308795 -0.0455566 -0.33001003
v -0.30817482 -0.0455566 -0.3356867
v -0.30817482 -0.05380926 -0.3356867
v -0.30574197 -0.05380926 -0.3401231
v -0.30574197 -0.0455566 -0.3401231
v -0.29364914 -0.0455566 -0.35121408
v -0.29364914 -0.05380926 -0.35121408
v -0.2908586 -0.046963844 -0.3535277
v -0.2908586 -0.038615778 -0.3535277
v -0.2700123 -0.046963844 -0.36969912
v -0.2700123 -0.038615778 -0.36969912
v -0.24208198 -0.046963844 -0.38847032
v -0.24208198 -0.038615778 -0.38847032
v -0.21250595 -0.046963844 -0.4055481
v -0.21250595 -0.038615778 -0.4055481
v -0.17930457 -0.038615778 -0.42100394
v -0.17930457 -0.046963844 -0.42100394
v -0.17930457 -0.046963844 -0.42100394
v -0.17536902 -0.046963844 -0.41177335
v -0.17536902 -0.038615778 -0.41177335
v -0.17930457 -0.038615778 -0.42100394
v -0.12198906 -0.046963844 -0.43073544
v -0.17076568 -0.046963844 -0.4244863
v -0.16716407 -0.046963844 -0.41527957
v -0.12463653 -0.046963844 -0.44032377
v -0.07955704 -0.046963844 -0.44068152
v -0.08089279 -0.046963844 -0.4504607
v -0.04361267 -0.046963844 -0.44566652
v -0.044709776 -0.046963844 -0.4556604
v -0.040988922 -0.05380926 -0.45589888
v -0.039319303 -0.05380926 -0.44590506
v -0.027393647 -0.05380926 -0.44678757
v -0.027154999 -0.05380926 -0.45706764
v -0.022193909 -0.05380926 -0.4560658
v -0.023553466 -0.05380926 -0.44557112
v -0.017996063 -0.05380926 -0.4539908
v -0.012844086 -0.05380926 -0.44910118
v -0.021239776 -0.05380926 -0.44237503
v 1.1901855E-05 -0.05380926 -0.42191032
v -0.0028025818 -0.05380926 -0.40080166
v -0.000131073 -0.05380926 -0.3997283
v 0.002659607 -0.05380926 -0.40096858
v 0.020524291 -0.05380926 -0.44273275
v 0.012033233 -0.05380926 -0.44812328
v 0.01465683 -0.05380926 -0.45131937
v 0.02250412 -0.05380926 -0.4448556
v 0.019260254 -0.05380926 -0.45470628
v 0.02593872 -0.05380926 -0.44650134
v 0.024316711 -0.05380926 -0.45663828
v 0.03877075 -0.05380926 -0.44611973
v 0.04129913 -0.05380926 -0.45592272
v 0.04239624 -0.047035404 -0.445595
v 0.044900663 -0.046963844 -0.45542186
v 0.069253236 -0.046963844 -0.4420649
v 0.07137603 -0.046963844 -0.45191565
v 0.10348038 -0.046963844 -0.43545806
v 0.10660476 -0.046963844 -0.44495097
v 0.1365625 -0.046963844 -0.42627516
v 0.14009261 -0.046963844 -0.4357443
v 0.1669017 -0.046963844 -0.41532725
v 0.17105193 -0.046963844 -0.4244863
v -0.12198906 -0.046963844 -0.43073544
v -0.16716407 -0.046963844 -0.41527957
v -0.16716407 -0.038544223 -0.41527957
v -0.12198906 -0.038544223 -0.43073544
v -0.07955704 -0.038544223 -0.44068152
v -0.07955704 -0.046963844 -0.44068152
v -0.04361267 -0.038544223 -0.44566652
v -0.04361267 -0.046963844 -0.44566652
v -0.039319303 -0.0455566 -0.44590506
v -0.039319303 -0.05380926 -0.44590506
v -0.027393647 -0.05380926 -0.44678757
v -0.027393647 -0.0455566 -0.44678757
v -0.023553466 -0.05380926 -0.44557112
v -0.023553466 -0.0455566 -0.44557112
v -0.021239776 -0.0455566 -0.44237503
v -0.021239776 -0.05380926 -0.44237503
v -0.0028025818 -0.05380926 -0.40080166
v -0.0028025818 -0.0455566 -0.40080166
v -0.000131073 -0.05380926 -0.3997283
v -0.000131073 -0.0455566 -0.3997283
v 0.002659607 -0.05380926 -0.40096858
v 0.002659607 -0.0455566 -0.40096858
v 0.020524291 -0.05380926 -0.44273275
v 0.020524291 -0.0455566 -0.44273275
v 0.02250412 -0.0455566 -0.4448556
v 0.02250412 -0.05380926 -0.4448556
v 0.02593872 -0.0455566 -0.44650134
v 0.02593872 -0.05380926 -0.44650134
v 0.03877075 -0.045508895 -0.44611973
v 0.03877075 -0.05380926 -0.44611973
v 0.04239624 -0.047035404 -0.445595
v 0.04239624 -0.038615778 -0.445595
v 0.069253236 -0.046963844 -0.4420649
v 0.069253236 -0.038615778 -0.4420649
v 0.10348038 -0.038615778 -0.43545806
v 0.10348038 -0.046963844 -0.43545806
v 0.1365625 -0.038615778 -0.42627516
v 0.1365625 -0.046963844 -0.42627516
v 0.1669017 -0.038615778 -0.41532725
v 0.1669017 -0.046963844 -0.41532725
v -0.17076568 -0.038544223 -0.4244863
v -0.16716407 -0.038544223 -0.41527957
v -0.16716407 -0.046963844 -0.41527957
v -0.17076568 -0.046963844 -0.4244863
v -0.17076568 -0.046963844 -0.4244863
v -0.12463653 -0.038544223 -0.44032377
v -0.17076568 -0.038544223 -0.4244863
v -0.12463653 -0.046963844 -0.44032377
v -0.08089279 -0.046963844 -0.4504607
v -0.08089279 -0.038544223 -0.4504607
v -0.044709776 -0.046963844 -0.4556604
v -0.044709776 -0.038544223 -0.4556604
v -0.040988922 -0.0455566 -0.45589888
v -0.040988922 -0.05380926 -0.45589888
v -0.027154999 -0.0455566 -0.45706764
v -0.027154999 -0.05380926 -0.45706764
v -0.022193909 -0.05380926 -0.4560658
v -0.022193909 -0.0455566 -0.4560658
v -0.017996063 -0.0455566 -0.4539908
v -0.017996063 -0.05380926 -0.4539908
v -0.012844086 -0.0455566 -0.44910118
v -0.012844086 -0.05380926 -0.44910118
v 1.1901855E-05 -0.0455566 -0.42191032
v 1.1901855E-05 -0.05380926 -0.42191032
v 1.1901855E-05 -0.05380926 -0.42191032
v 0.012033233 -0.0455566 -0.44812328
v 1.1901855E-05 -0.0455566 -0.42191032
v 0.012033233 -0.05380926 -0.44812328
v 0.01465683 -0.05380926 -0.45131937
v 0.01465683 -0.0455566 -0.45131937
v 0.019260254 -0.0455566 -0.45470628
v 0.019260254 -0.05380926 -0.45470628
v 0.024316711 -0.05380926 -0.45663828
v 0.024316711 -0.0455566 -0.45663828
v 0.04129913 -0.05380926 -0.45592272
v 0.04129913 -0.0455566 -0.45592272
v 0.044900663 -0.046963844 -0.45542186
v 0.044900663 -0.038615778 -0.45542186
v 0.07137603 -0.046963844 -0.45191565
v 0.07137603 -0.038615778 -0.45191565
v 0.10660476 -0.046963844 -0.44495097
v 0.10660476 -0.038615778 -0.44495097
v 0.14009261 -0.046963844 -0.4357443
v 0.14009261 -0.038615778 -0.4357443
v 0.17105193 -0.038615778 -0.4244863
v 0.17105193 -0.046963844 -0.4244863
v 0.1669017 -0.046963844 -0.41532725
v 0.1669017 -0.038615778 -0.41532725
v 0.17105193 -0.038615778 -0.4244863
v 0.17105193 -0.046963844 -0.4244863
v -0.42185163 -0.04524653 -0.2045505
v -0.41791618 -0.04524653 -0.19298247
v -0.4144815 -0.04524653 -0.20156905
v -0.42569175 -0.04524653 -0.19629784
v -0.42225716 -0.04524653 -0.18730576
v -0.42807692 -0.04524653 -0.19510527
v -0.42910254 -0.04524653 -0.18508758
v -0.43244177 -0.04524653 -0.19613089
v -0.435614 -0.04524653 -0.18649483
v -0.4405275 -0.04524653 -0.19911234
v -0.44279343 -0.04524653 -0.18961938
v -0.44856542 -0.04524653 -0.19775279
v -0.44618034 -0.04524653 -0.18888
v -0.45450455 -0.04524653 -0.1926247
v -0.44899482 -0.04524653 -0.18577929
v -0.4575814 -0.04524653 -0.18566002
v -0.44909027 -0.04524653 -0.18284553
v -0.45750985 -0.04524653 -0.17817062
v -0.44715828 -0.04524653 -0.1796017
v -0.45388433 -0.04524653 -0.17192149
v -0.4483985 -0.04524653 -0.16858226
v -0.44262642 -0.04524653 -0.17716885
v -0.44193473 -0.04524653 -0.16591087
v -0.4355664 -0.04524653 -0.17363879
v -0.43146393 -0.04524653 -0.1679144
v -0.44016975 -0.04524653 -0.16369268
v -0.43115377 -0.04524653 -0.16159374
v -0.44005048 -0.04524653 -0.16137907
v -0.435614 -0.04524653 -0.15059814
v -0.44293654 -0.04524653 -0.15360345
v -0.44618034 -0.037136976 -0.18888
v -0.45450455 -0.037136976 -0.1926247
v -0.44856542 -0.037136976 -0.19775279
v -0.44899482 -0.037136976 -0.18577929
v -0.4575814 -0.037136976 -0.18566002
v -0.44909027 -0.037136976 -0.18284553
v -0.45750985 -0.037136976 -0.17817062
v -0.44715828 -0.037136976 -0.1796017
v -0.45388433 -0.037136976 -0.17192149
v -0.41791618 -0.04524653 -0.19298247
v -0.4144815 -0.037136976 -0.20156905
v -0.4144815 -0.04524653 -0.20156905
v -0.41791618 -0.037136976 -0.19298247
v -0.42225716 -0.04524653 -0.18730576
v -0.42225716 -0.037136976 -0.18730576
v -0.42910254 -0.04524653 -0.18508758
v -0.42910254 -0.037136976 -0.18508758
v -0.435614 -0.04524653 -0.18649483
v -0.435614 -0.037136976 -0.18649483
v -0.44279343 -0.04524653 -0.18961938
v -0.44279343 -0.037136976 -0.18961938
v -0.44618034 -0.04524653 -0.18888
v -0.44618034 -0.037136976 -0.18888
v -0.44899482 -0.04524653 -0.18577929
v -0.44899482 -0.037136976 -0.18577929
v -0.44909027 -0.04524653 -0.18284553
v -0.44909027 -0.037136976 -0.18284553
v -0.44715828 -0.037136976 -0.1796017
v -0.44715828 -0.04524653 -0.1796017
v -0.44262642 -0.04524653 -0.17716885
v -0.44262642 -0.037136976 -0.17716885
v -0.4355664 -0.037136976 -0.17363879
v -0.4355664 -0.04524653 -0.17363879
v -0.43146393 -0.04524653 -0.1679144
v -0.43146393 -0.037136976 -0.1679144
v -0.43115377 -0.037136976 -0.16159374
v -0.43115377 -0.04524653 -0.16159374
v -0.435614 -0.04524653 -0.15059814
v -0.435614 -0.037136976 -0.15059814
v -0.42185163 -0.037136976 -0.2045505
v -0.42569175 -0.04524653 -0.19629784
v -0.42185163 -0.04524653 -0.2045505
v -0.42569175 -0.037136976 -0.19629784
v -0.42807692 -0.037136976 -0.19510527
v -0.42807692 -0.04524653 -0.19510527
v -0.43244177 -0.04524653 -0.19613089
v -0.43244177 -0.037136976 -0.19613089
v -0.4405275 -0.037136976 -0.19911234
v -0.4405275 -0.04524653 -0.19911234
v -0.44856542 -0.04524653 -0.19775279
v -0.44856542 -0.037136976 -0.19775279
v -0.45450455 -0.037136976 -0.1926247
v -0.45450455 -0.04524653 -0.1926247
v -0.4575814 -0.037136976 -0.18566002
v -0.4575814 -0.04524653 -0.18566002
v -0.45750985 -0.037136976 -0.17817062
v -0.45750985 -0.04524653 -0.17817062
v -0.45388433 -0.04524653 -0.17192149
v -0.45388433 -0.037136976 -0.17192149
v -0.4483985 -0.037136976 -0.16858226
v -0.4483985 -0.04524653 -0.16858226
v -0.44193473 -0.037136976 -0.16591087
v -0.44193473 -0.04524653 -0.16591087
v -0.44016975 -0.037136976 -0.16369268
v -0.44016975 -0.04524653 -0.16369268
v -0.44005048 -0.037136976 -0.16137907
v -0.44005048 -0.04524653 -0.16137907
v -0.44293654 -0.037136976 -0.15360345
v -0.44293654 -0.04524653 -0.15360345
v -0.41968116 -0.040810127 -0.17957784
v -0.423402 -0.04090553 -0.18117592
v -0.42752838 -0.04090553 -0.1713252
v -0.42352125 -0.040810127 -0.16977483
v -0.42282957 -0.041000936 -0.16843913
v -0.4238791 -0.04069087 -0.16872537
v -0.41791618 -0.041000936 -0.17998333
v -0.41925186 -0.04069087 -0.18053192
v -0.43737906 -0.04379158 -0.18754429
v -0.43232253 -0.04379158 -0.18487291
v -0.43208402 -0.04379158 -0.18606548
v -0.43652046 -0.04379158 -0.17495063
v -0.44253096 -0.04379158 -0.17631017
v -0.43745062 -0.04379158 -0.17404428
v -0.42786232 -0.043839283 -0.17144445
v -0.42371207 -0.043839283 -0.18131903
v -0.41710517 -0.04379158 -0.16679338
v -0.41782072 -0.04379158 -0.17995949
v -0.42278188 -0.04379158 -0.16843913
v -0.4121202 -0.04379158 -0.17697804
v -0.41097525 -0.04379158 -0.17392501
v -0.4144815 -0.04379158 -0.16674568
v -0.4121202 -0.04379158 -0.16996564
v -0.41782072 -0.04379158 -0.17995949
v -0.41791618 -0.041000936 -0.17998333
v -0.42282957 -0.041000936 -0.16843913
v -0.42278188 -0.04379158 -0.16843913
v -0.423402 -0.04090553 -0.18117592
v -0.42371207 -0.043839283 -0.18131903
v -0.42786232 -0.043839283 -0.17144445
v -0.42752838 -0.04090553 -0.1713252
v -0.44253096 -0.04379158 -0.17631017
v -0.43737906 -0.04379158 -0.18754429
v -0.43737906 -0.036516834 -0.18754429
v -0.44253096 -0.036516834 -0.17631017
v -0.43208402 -0.04379158 -0.18606548
v -0.43737906 -0.036516834 -0.18754429
v -0.43737906 -0.04379158 -0.18754429
v -0.43208402 -0.036516834 -0.18606548
v -0.43232253 -0.04379158 -0.18487291
v -0.43232253 -0.036516834 -0.18487291
v -0.42371207 -0.043839283 -0.18131903
v -0.423402 -0.04090553 -0.18117592
v -0.42356893 -0.036492985 -0.18124747
v -0.41968116 -0.036492985 -0.17957784
v -0.41968116 -0.040810127 -0.17957784
v -0.44253096 -0.04379158 -0.17631017
v -0.44253096 -0.036516834 -0.17631017
v -0.43745062 -0.036516834 -0.17404428
v -0.43745062 -0.04379158 -0.17404428
v -0.43652046 -0.036516834 -0.17495063
v -0.43652046 -0.04379158 -0.17495063
v -0.42786232 -0.043839283 -0.17144445
v -0.42752838 -0.04090553 -0.1713252
v -0.42752838 -0.036492985 -0.1713252
v -0.42352125 -0.040810127 -0.16977483
v -0.42352125 -0.036492985 -0.16977483
v -0.42352125 -0.040810127 -0.16977483
v -0.42352125 -0.036492985 -0.16977483
v -0.4238791 -0.036492985 -0.16872537
v -0.4238791 -0.04069087 -0.16872537
v -0.41968116 -0.040810127 -0.17957784
v -0.41925186 -0.04069087 -0.18053192
v -0.41925186 -0.036492985 -0.18053192
v -0.41968116 -0.036492985 -0.17957784
v -0.41791618 -0.041000936 -0.17998333
v -0.41925186 -0.036492985 -0.18053192
v -0.41925186 -0.04069087 -0.18053192
v -0.4121202 -0.036516834 -0.17697804
v -0.4121202 -0.04379158 -0.17697804
v -0.41782072 -0.04379158 -0.17995949
v -0.41097525 -0.036516834 -0.17392501
v -0.41097525 -0.04379158 -0.17392501
v -0.4121202 -0.04379158 -0.16996564
v -0.4121202 -0.036516834 -0.16996564
v -0.4144815 -0.04379158 -0.16674568
v -0.4144815 -0.036516834 -0.16674568
v -0.41710517 -0.04379158 -0.16679338
v -0.41710517 -0.036516834 -0.16679338
v -0.42282957 -0.041000936 -0.16843913
v -0.42278188 -0.04379158 -0.16843913
v -0.4238791 -0.04069087 -0.16872537
v -0.4238791 -0.036492985 -0.16872537
v -0.15256684 -0.04524653 -0.4353865
v -0.15571526 -0.04524653 -0.4421842
v -0.1633001 -0.04524653 -0.43908352
v -0.16041404 -0.04524653 -0.43176106
v -0.16683014 -0.04524653 -0.43121246
v -0.16625762 -0.04524653 -0.4394651
v -0.17281684 -0.04524653 -0.43424162
v -0.16880982 -0.04524653 -0.44247043
v -0.17625152 -0.04524653 -0.44044304
v -0.17193443 -0.04524653 -0.45026988
v -0.17925681 -0.04524653 -0.44683525
v -0.17668083 -0.04524653 -0.45473012
v -0.18209511 -0.04524653 -0.4488388
v -0.18476646 -0.04524653 -0.4570199
v -0.18629302 -0.04524653 -0.4488388
v -0.19216056 -0.04524653 -0.45513564
v -0.1897039 -0.04524653 -0.44688296
v -0.19733635 -0.04524653 -0.44964975
v -0.19123031 -0.04524653 -0.44340065
v -0.19955459 -0.04524653 -0.4422796
v -0.19809958 -0.04524653 -0.43610206
v -0.19027634 -0.04524653 -0.4379863
v -0.19530898 -0.04524653 -0.43028224
v -0.18703239 -0.04524653 -0.4305446
v -0.19549972 -0.04524653 -0.42682377
v -0.18817733 -0.04524653 -0.42389
v -0.19685929 -0.04524653 -0.42420006
v -0.19189811 -0.04524653 -0.41873804
v -0.20067565 -0.04524653 -0.41396773
v -0.20377624 -0.04524653 -0.42100394
v -0.18209511 -0.037136976 -0.4488388
v -0.18476646 -0.037136976 -0.4570199
v -0.17668083 -0.037136976 -0.45473012
v -0.18629302 -0.037136976 -0.4488388
v -0.19216056 -0.037136976 -0.45513564
v -0.1897039 -0.037136976 -0.44688296
v -0.19733635 -0.037136976 -0.44964975
v -0.19123031 -0.037136976 -0.44340065
v -0.19955459 -0.037136976 -0.4422796
v -0.16041404 -0.04524653 -0.43176106
v -0.15256684 -0.037136976 -0.4353865
v -0.15256684 -0.04524653 -0.4353865
v -0.16041404 -0.037136976 -0.43176106
v -0.16683014 -0.04524653 -0.43121246
v -0.16683014 -0.037136976 -0.43121246
v -0.17281684 -0.04524653 -0.43424162
v -0.17281684 -0.037136976 -0.43424162
v -0.17625152 -0.04524653 -0.44044304
v -0.17625152 -0.037136976 -0.44044304
v -0.17925681 -0.04524653 -0.44683525
v -0.17925681 -0.037136976 -0.44683525
v -0.18209511 -0.04524653 -0.4488388
v -0.18209511 -0.037136976 -0.4488388
v -0.18629302 -0.04524653 -0.4488388
v -0.18629302 -0.037136976 -0.4488388
v -0.1897039 -0.04524653 -0.44688296
v -0.1897039 -0.037136976 -0.44688296
v -0.19123031 -0.037136976 -0.44340065
v -0.19123031 -0.04524653 -0.44340065
v -0.19027634 -0.04524653 -0.4379863
v -0.19027634 -0.037136976 -0.4379863
v -0.18703239 -0.037136976 -0.4305446
v -0.18703239 -0.04524653 -0.4305446
v -0.18817733 -0.04524653 -0.42389
v -0.18817733 -0.037136976 -0.42389
v -0.19189811 -0.037136976 -0.41873804
v -0.19189811 -0.04524653 -0.41873804
v -0.20067565 -0.04524653 -0.41396773
v -0.20067565 -0.037136976 -0.41396773
v -0.15571526 -0.037136976 -0.4421842
v -0.1633001 -0.04524653 -0.43908352
v -0.15571526 -0.04524653 -0.4421842
v -0.1633001 -0.037136976 -0.43908352
v -0.16625762 -0.037136976 -0.4394651
v -0.16625762 -0.04524653 -0.4394651
v -0.16880982 -0.04524653 -0.44247043
v -0.16880982 -0.037136976 -0.44247043
v -0.17193443 -0.037136976 -0.45026988
v -0.17193443 -0.04524653 -0.45026988
v -0.17668083 -0.04524653 -0.45473012
v -0.17668083 -0.037136976 -0.45473012
v -0.18476646 -0.037136976 -0.4570199
v -0.18476646 -0.04524653 -0.4570199
v -0.19216056 -0.037136976 -0.45513564
v -0.19216056 -0.04524653 -0.45513564
v -0.19733635 -0.037136976 -0.44964975
v -0.19733635 -0.04524653 -0.44964975
v -0.19955459 -0.04524653 -0.4422796
v -0.19955459 -0.037136976 -0.4422796
v -0.19809958 -0.037136976 -0.43610206
v -0.19809958 -0.04524653 -0.43610206
v -0.19530898 -0.037136976 -0.43028224
v -0.19530898 -0.04524653 -0.43028224
v -0.19549972 -0.037136976 -0.42682377
v -0.19549972 -0.04524653 -0.42682377
v -0.19685929 -0.037136976 -0.42420006
v -0.19685929 -0.04524653 -0.42420006
v -0.20377624 -0.037136976 -0.42100394
v -0.20377624 -0.04524653 -0.42100394
v -0.18099792 -0.04090553 -0.42348453
v -0.17164817 -0.040810127 -0.4233414
v -0.1732701 -0.04090553 -0.4270623
v -0.17940003 -0.040810127 -0.4198114
v -0.17987701 -0.041000936 -0.41835642
v -0.18040176 -0.04069087 -0.4192628
v -0.17014548 -0.041000936 -0.42264974
v -0.17059875 -0.04069087 -0.42357993
v -0.17830276 -0.04379158 -0.44175488
v -0.17708632 -0.04379158 -0.43576813
v -0.17610839 -0.04379158 -0.43648368
v -0.18834434 -0.04379158 -0.43722305
v -0.1848619 -0.04379158 -0.43214267
v -0.18614997 -0.04379158 -0.43211883
v -0.17341316 -0.043839283 -0.42739618
v -0.18116494 -0.043839283 -0.42379463
v -0.17761108 -0.04379158 -0.41275132
v -0.16993088 -0.04379158 -0.4221727
v -0.17978157 -0.04379158 -0.4178794
v -0.16759345 -0.04379158 -0.41694918
v -0.17453422 -0.04379158 -0.4111055
v -0.16854744 -0.04379158 -0.4139439
v -0.17131424 -0.04379158 -0.4119642
v -0.17987701 -0.041000936 -0.41835642
v -0.17978157 -0.04379158 -0.4178794
v -0.16993088 -0.04379158 -0.4221727
v -0.17014548 -0.041000936 -0.42264974
v -0.1732701 -0.04090553 -0.4270623
v -0.17341316 -0.043839283 -0.42739618
v -0.18116494 -0.043839283 -0.42379463
v -0.18099792 -0.04090553 -0.42348453
v -0.18834434 -0.04379158 -0.43722305
v -0.17830276 -0.04379158 -0.44175488
v -0.17830276 -0.036516834 -0.44175488
v -0.18834434 -0.036516834 -0.43722305
v -0.17610839 -0.04379158 -0.43648368
v -0.17830276 -0.036516834 -0.44175488
v -0.17830276 -0.04379158 -0.44175488
v -0.17610839 -0.036516834 -0.43648368
v -0.17708632 -0.04379158 -0.43576813
v -0.17708632 -0.036516834 -0.43576813
v -0.17341316 -0.043839283 -0.42739618
v -0.1732701 -0.04090553 -0.4270623
v -0.17334168 -0.036492985 -0.42722923
v -0.17164817 -0.036492985 -0.4233414
v -0.17164817 -0.040810127 -0.4233414
v -0.18834434 -0.04379158 -0.43722305
v -0.18834434 -0.036516834 -0.43722305
v -0.18614997 -0.036516834 -0.43211883
v -0.18614997 -0.04379158 -0.43211883
v -0.1848619 -0.036516834 -0.43214267
v -0.1848619 -0.04379158 -0.43214267
v -0.18116494 -0.043839283 -0.42379463
v -0.18099792 -0.04090553 -0.42348453
v -0.18099792 -0.036492985 -0.42348453
v -0.17940003 -0.040810127 -0.4198114
v -0.17940003 -0.036492985 -0.4198114
v -0.17940003 -0.040810127 -0.4198114
v -0.17940003 -0.036492985 -0.4198114
v -0.18040176 -0.036492985 -0.4192628
v -0.18040176 -0.04069087 -0.4192628
v -0.17164817 -0.040810127 -0.4233414
v -0.17059875 -0.04069087 -0.42357993
v -0.17059875 -0.036492985 -0.42357993
v -0.17164817 -0.036492985 -0.4233414
v -0.17059875 -0.036492985 -0.42357993
v -0.17059875 -0.04069087 -0.42357993
v -0.17014548 -0.041000936 -0.42264974
v -0.16759345 -0.036516834 -0.41694918
v -0.16759345 -0.04379158 -0.41694918
v -0.16993088 -0.04379158 -0.4221727
v -0.16854744 -0.036516834 -0.4139439
v -0.16854744 -0.04379158 -0.4139439
v -0.17131424 -0.04379158 -0.4119642
v -0.17131424 -0.036516834 -0.4119642
v -0.17453422 -0.04379158 -0.4111055
v -0.17453422 -0.036516834 -0.4111055
v -0.17761108 -0.04379158 -0.41275132
v -0.17761108 -0.036516834 -0.41275132
v -0.17987701 -0.041000936 -0.41835642
v -0.17978157 -0.04379158 -0.4178794
v -0.18040176 -0.04069087 -0.4192628
v -0.18040176 -0.036492985 -0.4192628
v -0.43647268 -0.04524653 0.15057628
v -0.4432465 -0.04524653 0.1537724
v -0.4400981 -0.04524653 0.16133337
v -0.4327757 -0.04524653 0.15837575
v -0.43248945 -0.04524653 0.1645772
v -0.44090912 -0.04524653 0.16436252
v -0.4355902 -0.04524653 0.1706355
v -0.44341353 -0.04524653 0.16689079
v -0.44131455 -0.04524653 0.17430864
v -0.45116532 -0.04524653 0.17006308
v -0.44768295 -0.04524653 0.17736165
v -0.45560172 -0.04524653 0.17485723
v -0.44966263 -0.04524653 0.18022384
v -0.45781988 -0.04524653 0.18296678
v -0.4496388 -0.04524653 0.18439789
v -0.4558641 -0.04524653 0.19031309
v -0.44763526 -0.04524653 0.18778482
v -0.4503543 -0.04524653 0.19546503
v -0.44415298 -0.04524653 0.18928747
v -0.44296035 -0.04524653 0.19761167
v -0.43678284 -0.04524653 0.19608518
v -0.4387386 -0.04524653 0.1882857
v -0.43098685 -0.04524653 0.19324684
v -0.4313446 -0.04524653 0.18499416
v -0.42776686 -0.04524653 0.19331838
v -0.42459464 -0.04524653 0.18609136
v -0.42514318 -0.04524653 0.1952265
v -0.41910872 -0.04524653 0.19007458
v -0.4146484 -0.04524653 0.19847034
v -0.42163694 -0.04524653 0.20166646
v -0.44966263 -0.037136976 0.18022384
v -0.45781988 -0.037136976 0.18296678
v -0.45560172 -0.037136976 0.17485723
v -0.4496388 -0.037136976 0.18439789
v -0.4558641 -0.037136976 0.19031309
v -0.44763526 -0.037136976 0.18778482
v -0.4503543 -0.037136976 0.19546503
v -0.44415298 -0.037136976 0.18928747
v -0.44296035 -0.037136976 0.19761167
v -0.4327757 -0.04524653 0.15837575
v -0.43647268 -0.037136976 0.15057628
v -0.43647268 -0.04524653 0.15057628
v -0.4327757 -0.037136976 0.15837575
v -0.43248945 -0.04524653 0.1645772
v -0.43248945 -0.037136976 0.1645772
v -0.4355902 -0.04524653 0.1706355
v -0.4355902 -0.037136976 0.1706355
v -0.44131455 -0.04524653 0.17430864
v -0.44131455 -0.037136976 0.17430864
v -0.44768295 -0.04524653 0.17736165
v -0.44768295 -0.037136976 0.17736165
v -0.44966263 -0.04524653 0.18022384
v -0.44966263 -0.037136976 0.18022384
v -0.4496388 -0.04524653 0.18439789
v -0.4496388 -0.037136976 0.18439789
v -0.44763526 -0.04524653 0.18778482
v -0.44763526 -0.037136976 0.18778482
v -0.44415298 -0.037136976 0.18928747
v -0.44415298 -0.04524653 0.18928747
v -0.4387386 -0.04524653 0.1882857
v -0.4387386 -0.037136976 0.1882857
v -0.4313446 -0.037136976 0.18499416
v -0.4313446 -0.04524653 0.18499416
v -0.42459464 -0.04524653 0.18609136
v -0.42459464 -0.037136976 0.18609136
v -0.41910872 -0.037136976 0.19007458
v -0.41910872 -0.04524653 0.19007458
v -0.4146484 -0.04524653 0.19847034
v -0.4146484 -0.037136976 0.19847034
v -0.4432465 -0.037136976 0.1537724
v -0.4400981 -0.04524653 0.16133337
v -0.4432465 -0.04524653 0.1537724
v -0.4400981 -0.037136976 0.16133337
v -0.44090912 -0.037136976 0.16436252
v -0.44090912 -0.04524653 0.16436252
v -0.44341353 -0.04524653 0.16689079
v -0.44341353 -0.037136976 0.16689079
v -0.45116532 -0.037136976 0.17006308
v -0.45116532 -0.04524653 0.17006308
v -0.45560172 -0.04524653 0.17485723
v -0.45560172 -0.037136976 0.17485723
v -0.45781988 -0.037136976 0.18296678
v -0.45781988 -0.04524653 0.18296678
v -0.4558641 -0.037136976 0.19031309
v -0.4558641 -0.04524653 0.19031309
v -0.4503543 -0.037136976 0.19546503
v -0.4503543 -0.04524653 0.19546503
v -0.44296035 -0.04524653 0.19761167
v -0.44296035 -0.037136976 0.19761167
v -0.43678284 -0.037136976 0.19608518
v -0.43678284 -0.04524653 0.19608518
v -0.43098685 -0.037136976 0.19324684
v -0.43098685 -0.04524653 0.19324684
v -0.42776686 -0.037136976 0.19331838
v -0.42776686 -0.04524653 0.19331838
v -0.42514318 -0.037136976 0.1952265
v -0.42514318 -0.04524653 0.1952265
v -0.42163694 -0.037136976 0.20166646
v -0.42163694 -0.04524653 0.20166646
v -0.42414138 -0.04090553 0.17903127
v -0.42392677 -0.040810127 0.16968143
v -0.42764762 -0.04090553 0.1712795
v -0.42046827 -0.040810127 0.17745706
v -0.41901335 -0.041000936 0.17795795
v -0.41994354 -0.04069087 0.17845884
v -0.42321122 -0.041000936 0.16817878
v -0.42416525 -0.04069087 0.16863196
v -0.44241172 -0.04379158 0.17619292
v -0.43640122 -0.04379158 0.1750242
v -0.43711668 -0.04379158 0.17404628
v -0.4379515 -0.04379158 0.18625832
v -0.4328473 -0.04379158 0.18282367
v -0.4328234 -0.04379158 0.18411167
v -0.42798156 -0.043839283 0.17142262
v -0.4244515 -0.043839283 0.17919822
v -0.4134082 -0.04379158 0.17573974
v -0.422758 -0.04379158 0.16796412
v -0.4185363 -0.04379158 0.17786254
v -0.41751066 -0.04379158 0.16567436
v -0.41173857 -0.04379158 0.17266288
v -0.41450536 -0.04379158 0.16665228
v -0.4125495 -0.04379158 0.16944292
v -0.41901335 -0.041000936 0.17795795
v -0.4185363 -0.04379158 0.17786254
v -0.422758 -0.04379158 0.16796412
v -0.42321122 -0.041000936 0.16817878
v -0.42764762 -0.04090553 0.1712795
v -0.42798156 -0.043839283 0.17142262
v -0.4244515 -0.043839283 0.17919822
v -0.42414138 -0.04090553 0.17903127
v -0.4379515 -0.04379158 0.18625832
v -0.44241172 -0.04379158 0.17619292
v -0.44241172 -0.036516834 0.17619292
v -0.4379515 -0.036516834 0.18625832
v -0.43711668 -0.04379158 0.17404628
v -0.44241172 -0.036516834 0.17619292
v -0.44241172 -0.04379158 0.17619292
v -0.43711668 -0.036516834 0.17404628
v -0.43640122 -0.04379158 0.1750242
v -0.43640122 -0.036516834 0.1750242
v -0.42798156 -0.043839283 0.17142262
v -0.42764762 -0.04090553 0.1712795
v -0.42781454 -0.036492985 0.17135105
v -0.42392677 -0.036492985 0.16968143
v -0.42392677 -0.040810127 0.16968143
v -0.4379515 -0.04379158 0.18625832
v -0.4379515 -0.036516834 0.18625832
v -0.4328234 -0.036516834 0.18411167
v -0.4328234 -0.04379158 0.18411167
v -0.4328473 -0.036516834 0.18282367
v -0.4328473 -0.04379158 0.18282367
v -0.4244515 -0.043839283 0.17919822
v -0.42414138 -0.04090553 0.17903127
v -0.42414138 -0.036492985 0.17903127
v -0.42046827 -0.040810127 0.17745706
v -0.42046827 -0.036492985 0.17745706
v -0.42046827 -0.040810127 0.17745706
v -0.42046827 -0.036492985 0.17745706
v -0.41994354 -0.036492985 0.17845884
v -0.41994354 -0.04069087 0.17845884
v -0.42392677 -0.040810127 0.16968143
v -0.42416525 -0.04069087 0.16863196
v -0.42416525 -0.036492985 0.16863196
v -0.42392677 -0.036492985 0.16968143
v -0.42416525 -0.036492985 0.16863196
v -0.42416525 -0.04069087 0.16863196
v -0.42321122 -0.041000936 0.16817878
v -0.41751066 -0.036516834 0.16567436
v -0.41751066 -0.04379158 0.16567436
v -0.422758 -0.04379158 0.16796412
v -0.41450536 -0.036516834 0.16665228
v -0.41450536 -0.04379158 0.16665228
v -0.4125495 -0.04379158 0.16944292
v -0.4125495 -0.036516834 0.16944292
v -0.41173857 -0.04379158 0.17266288
v -0.41173857 -0.036516834 0.17266288
v -0.4134082 -0.04379158 0.17573974
v -0.4134082 -0.036516834 0.17573974
v -0.41901335 -0.041000936 0.17795795
v -0.4185363 -0.04379158 0.17786254
v -0.41994354 -0.04069087 0.17845884
v -0.41994354 -0.036492985 0.17845884
v 0.5013731 0.056361377 0.008563727
v 0.5013731 0.056361377 -0.011018452
v 0.5464287 0.05419088 -0.00047603622
v 0.4914508 0.056361377 0.017221868
v 0.4891371 0.05638523 -0.019891256
v 0.47100997 0.05576509 0.01476515
v 0.48324585 0.05638523 0.030674182
v 0.47182098 0.055836644 -0.016361214
v 0.48324585 0.05638523 -0.03310505
v 0.4671698 0.056003608 0.07553908
v 0.47682968 0.056432933 0.07780498
v 0.46767074 0.056003608 -0.07515547
v 0.4770683 0.056432933 -0.07622879
v 0.46087295 0.05638523 0.10897904
v 0.4693881 0.056671448 0.11207976
v 0.44338974 0.05535961 0.1612618
v 0.452191 0.055121098 0.16503036
v 0.4419586 0.052330453 0.16114256
v 0.43454087 0.051209424 0.15861426
v 0.44999662 0.051328685 0.10683241
v 0.4595851 0.055884346 -0.110861346
v 0.4693881 0.056671448 -0.11453449
v 0.4434851 0.05535961 -0.1612598
v 0.45259643 0.054596357 -0.16507606
v 0.4421495 0.052139644 -0.16197535
v 0.44932875 0.051567204 -0.1095495
v 0.43423066 0.05075625 -0.15894622
v 0.4310585 0.035848986 0.12228825
v 0.42965117 0.04107249 0.15961605
v 0.4297467 0.03561047 -0.12514848
v 0.42943662 0.040667012 -0.16068737
v 0.40684906 0.03553891 0.1868546
v 0.41798767 0.04207426 0.19062316
v 0.36890104 0.03577743 0.2541639
v 0.42073074 0.051924977 0.19472565
v 0.40680143 0.03561047 -0.18763971
v 0.41677138 0.04114404 -0.19112203
v 0.3684956 0.035753578 -0.2541619
v 0.4190849 0.050970912 -0.19481903
v 0.4125734 0.00040547433 0.11880592
v 0.38845947 0.00038162273 0.18277597
v 0.35303986 0.00038162273 0.24433702
v 0.32036316 0.00040547433 0.2849563
v 0.33030912 0.0353481 0.30279735
v 0.4233783 0.00040547433 0.07126965
v 0.3393251 0.050875504 0.31350672
v 0.4421733 0.03553891 0.0706495
v 0.4276477 0.00040547433 0.025236012
v 0.44720596 0.034990326 0.018819926
v 0.4563411 0.05092321 0.0728677
v 0.46239942 0.051280983 0.018605262
v 0.4327043 0.056432933 -0.00112003
v 0.42385527 0.04889582 -0.0009769202
v 0.4621849 0.051090166 -0.01819779
v 0.45598343 0.050040696 -0.07226942
v 0.44696745 0.034990326 -0.017744608
v 0.4413623 0.03537195 -0.07257949
v 0.42752838 0.00040547433 -0.025162466
v 0.42254347 0.00040547433 -0.073939025
v 0.41171476 0.00040547433 -0.12154688
v 0.38714767 0.00038162273 -0.18534996
v 0.3514418 0.00038162273 -0.24626699
v 0.32019606 0.00040547433 -0.2848112
v 0.3307147 0.03565817 -0.30284303
v 0.3809462 0.050803952 -0.2613412
v 0.3909163 0.056361377 -0.26520517
v 0.34023148 0.051495645 -0.31407714
v 0.42655045 0.051901124 -0.19830139
v 0.42712295 0.05493028 -0.19939855
v 0.3986679 0.056122866 -0.26968926
v 0.4357811 0.05552657 -0.20328635
v 0.36365372 0.056432933 -0.31717786
v 0.34314132 0.0559559 -0.32223442
v 0.35862106 0.056432933 -0.33535278
v 0.3059091 0.055264205 -0.30613455
v 0.29830033 0.050112255 -0.29888365
v 0.31389922 0.050970912 -0.33890668
v 0.32248595 0.05557428 -0.34291378
v 0.26684004 0.05576509 -0.3893767
v 0.33042845 0.05524035 -0.36001536
v 0.31566435 0.05504954 -0.36471415
v 0.34717238 0.055455014 -0.36087403
v 0.36095855 0.056432933 -0.3476841
v 0.37848952 0.056337528 -0.37869117
v 0.2703224 0.055001836 -0.39839262
v 0.19969772 0.05540731 -0.42746776
v 0.20255996 0.055168793 -0.4365314
v 0.19840972 0.05237816 -0.42730078
v 0.19461747 0.050803952 -0.41957286
v 0.26257065 0.051209424 -0.38045624
v 0.2569655 0.035395805 -0.36972296
v 0.30371475 0.036588386 -0.3285312
v 0.2849196 0.00040547433 -0.32030243
v 0.24396637 0.00040547433 -0.35324153
v 0.19213669 0.040905528 -0.41728312
v 0.18510056 0.00040547433 -0.3874447
v 0.18736649 0.035467356 -0.4067884
v 0.16284698 0.041096345 -0.4298529
v 0.15378341 0.00033391948 -0.40084934
v 0.14052185 0.035896685 -0.42570272
v 0.15948394 0.051996537 -0.4343847
v 0.13756424 0.00031006784 -0.40671688
v 0.0780307 0.035848986 -0.4413017
v 0.11795822 0.0002623646 -0.4128706
v 0.07481064 0.0002623646 -0.42245892
v 0.19919692 0.05540731 0.42773214
v 0.27413863 0.05640908 0.3968443
v 0.2027507 0.05419088 0.43689114
v 0.2701555 0.056194417 0.38852003
v 0.19900604 0.052592825 0.4272551
v 0.3228436 0.05640908 0.36295113
v 0.19452193 0.050517734 0.4193602
v 0.32310593 0.056289826 0.3426534
v 0.34600356 0.056432933 0.3603513
v 0.26469344 0.051328685 0.37893167
v 0.2569655 0.035395805 0.36726823
v 0.19020477 0.040905528 0.41788137
v 0.31368467 0.051090166 0.3397435
v 0.30287993 0.03549121 0.3292965
v 0.28499115 0.00040547433 0.32028055
v 0.2452066 0.00040547433 0.35238484
v 0.18421814 0.00040547433 0.38778067
v 0.18839203 0.035467356 0.40688577
v 0.1611058 0.04114404 0.429998
v 0.14109436 0.036159053 0.42656338
v 0.11814911 0.0006439905 0.412801
v 0.15919769 0.051924977 0.4346968
v 0.10865615 0.036182906 0.4344821
v 0.11094589 0.051495645 0.44903162
v 0.06863312 0.03620676 0.44371268
v 0.16272765 0.052235045 0.44275868
v 0.06848999 0.051567204 0.45742738
v 0.11299713 0.056432933 0.45666414
v 0.16237 0.056194417 0.44359344
v 0.06887161 0.05662375 0.4663956
v 0.11550155 0.056122866 0.46591857
v 0.16589996 0.056170568 0.45249012
v 0.070588835 0.056432933 0.47681877
v 0.36095855 0.056432933 0.3452532
v 0.38049302 0.056337528 0.37964725
v 0.3440477 0.057053078 0.32247493
v 0.3623181 0.05493028 0.32152084
v 0.39268127 0.056361377 0.26427698
v 0.40033752 0.056122866 0.26866567
v 0.43759382 0.056337528 0.20321682
v 0.42876875 0.055741236 0.1992813
v 0.42807707 0.05244971 0.19799331
v 0.3068393 0.05552657 0.3069475
v 0.30059004 0.0493013 0.29936272
v 0.38287824 0.051567204 0.2599837
v 0.37142944 0.0002623646 0.0013843903
v 0.37111938 -0.0031007144 -4.670701E-05
v 0.3714772 0.0002623646 -0.0014539526
v 0.37111938 0.003887811 -4.670701E-05
v 0.43272796 0.0002623646 -0.42806402
v 0.43079603 0.0073939995 -0.43071154
v 0.42822006 0.0002623646 -0.4329536
v 0.43079603 -0.006750012 -0.43071154
v 0.26175964 0.0002623646 -0.2642511
v 0.2622844 0.0039116624 -0.26239067
v 0.26383469 0.0002623646 -0.2617944
v 0.2622844 -0.0030291593 -0.26239067
v 0.44632354 -0.054095477 0.038044333
v 0.44682434 -0.045365784 0.022039894
v 0.4458226 -0.04717851 0.041431263
v 0.4466336 -0.053904667 0.021896783
v 0.40250808 -0.045962077 0.00329252
v 0.4025319 -0.052235052 0.00329252
v 0.4028897 -0.052139644 -0.003385934
v 0.4029135 -0.045962077 -0.0034097855
v 0.44758758 -0.05337993 -0.022347972
v 0.44782606 -0.045365784 -0.023683663
v 0.44651428 -0.053141415 -0.038900997
v 0.44644287 -0.045222677 -0.04367132
v 0.2622844 -0.0030291593 0.2623211
v 0.32036316 0.00040547433 0.2849563
v 0.26381087 0.0002623646 0.26167715
v 0.29395935 -0.046176743 0.29444924
v 0.33181182 -0.046033636 0.29905263
v 0.28499115 0.00040547433 0.32028055
v 0.2622844 -0.0030291593 0.2623211
v 0.26171187 0.0002623646 0.26394302
v 0.29395935 -0.046176743 0.29444924
v 0.30068558 -0.046343703 0.33044136
v 0.30068558 -0.046343703 0.33044136
v 0.28153273 -0.04615289 0.28564802
v 0.29395935 -0.046176743 0.29444924
v 0.28561127 -0.046200592 0.28190333
v 0.33181182 -0.046033636 0.29905263
v 0.43279952 0.0002623646 0.4280899
v 0.43079603 0.0073939995 0.43076128
v 0.38740996 0.00040547433 0.33766842
v 0.38049302 0.056337528 0.37964725
v 0.36095855 0.056432933 0.3452532
v 0.3623181 0.05493028 0.32152084
v 0.38860258 0.00040547433 0.32846168
v 0.40033752 0.056122866 0.26866567
v 0.4229013 0.00040547433 0.28059146
v 0.4453456 0.042765956 0.20240586
v 0.43759382 0.056337528 0.20321682
v 0.46099228 0.00040547433 0.21223274
v 0.45743835 0.04054775 0.17166112
v 0.48758683 0.00040547433 0.14129798
v 0.4693881 0.056671448 0.11207976
v 0.452191 0.055121098 0.16503036
v 0.5006099 0.0007155454 0.081788205
v 0.47682968 0.056432933 0.07780498
v 0.5095065 0.00040547433 0.038235147
v 0.48324585 0.05638523 0.030674182
v 0.4914508 0.056361377 0.017221868
v 0.51878476 0.00040547433 0.032415353
v 0.5013731 0.056361377 0.008563727
v 0.5464287 0.05419088 -0.00047603622
v 0.65714794 0.0072747413 0.00028721566
v 0.6564801 0.0002623646 0.0031971135
v 0.37142944 0.0002623646 0.0013843903
v 0.44720596 0.034990326 0.018819926
v 0.4276477 0.00040547433 0.025236012
v 0.37111938 0.003887811 -4.670701E-05
v 0.42385527 0.04889582 -0.0009769202
v 0.46239942 0.051280983 0.018605262
v 0.32036316 0.00040547433 0.2849563
v 0.33030912 0.0353481 0.30279735
v 0.26381087 0.0002623646 0.26167715
v 0.30059004 0.0493013 0.29936272
v 0.3393251 0.050875504 0.31350672
v 0.2622844 0.0039116624 0.2623211
v 0.26171187 0.0002623646 0.26394302
v 0.30287993 0.03549121 0.3292965
v 0.28499115 0.00040547433 0.32028055
v 0.30059004 0.0493013 0.29936272
v 0.2622844 0.0039116624 0.2623211
v 0.31368467 0.051090166 0.3397435
v 0.28926057 -0.05273594 0.34401295
v 0.29133576 -0.047703248 0.35321963
v 0.29393554 -0.053451486 0.3509299
v 0.28632674 -0.046963844 0.34596878
v 0.29393554 -0.053451486 0.3509299
v 0.30080473 -0.054286294 0.33077526
v 0.28926057 -0.05273594 0.34401295
v 0.321174 -0.055598132 0.36068523
v 0.33181182 -0.05440555 0.2992673
v 0.2856352 -0.054524805 0.28190333
v 0.281485 -0.054429404 0.28564802
v 0.28262985 -0.054477103 0.28273812
v 0.26617217 -0.055765092 0.38871086
v 0.260567 -0.051090173 0.3791225
v 0.29133576 -0.047703248 0.35321963
v 0.2549858 -0.046391405 0.36948648
v 0.28632674 -0.046963844 0.34596878
v 0.19509445 -0.051447947 0.42036197
v 0.19046722 -0.047250066 0.41594943
v 0.1998886 -0.055121098 0.4282807
v 0.2702986 -0.055598132 0.3967727
v 0.2036093 -0.05531191 0.4363664
v 0.2452066 0.00040547433 0.35238484
v 0.28499115 0.00040547433 0.32028055
v 0.30068558 -0.046343703 0.33044136
v 0.18421814 0.00040547433 0.38778067
v 0.17672867 -0.046296 0.41275328
v 0.17987716 -0.04689229 0.42043352
v 0.19089645 -0.043266844 0.41664112
v 0.1801393 -0.04059546 0.42102984
v 0.17653778 -0.039379027 0.41246712
v 0.16704483 -0.03568203 0.41702273
v 0.11814911 0.0006439905 0.412801
v 0.43279952 0.0002623646 0.4280899
v 0.43079603 -0.006750012 0.43076128
v 0.42802933 0.0002623646 0.43295562
v 0.43079603 0.0073939995 0.43076128
v 0.33181182 -0.046033636 0.29905263
v 0.34409544 -0.053523038 0.28817627
v 0.34540725 -0.046987694 0.28536177
v 0.33181182 -0.05440555 0.2992673
v 0.2856352 -0.054524805 0.28190333
v 0.28561127 -0.046200592 0.28190333
v 0.28262985 -0.054477103 0.28273812
v 0.28265366 -0.046176743 0.28273812
v 0.281485 -0.054429404 0.28564802
v 0.28153273 -0.04615289 0.28564802
v 0.30068558 -0.046343703 0.33044136
v 0.30080473 -0.054286294 0.33077526
v 0.28926057 -0.05273594 0.34401295
v 0.28632674 -0.046963844 0.34596878
v 0.32036316 0.00040547433 0.2849563
v 0.33181182 -0.046033636 0.29905263
v 0.34540725 -0.046987694 0.28536177
v 0.35303986 0.00038162273 0.24433702
v 0.37061843 -0.045818966 0.2542593
v 0.38845947 0.00038162273 0.18277597
v 0.41169098 -0.0433384 0.17547739
v 0.4150778 -0.043839283 0.16669998
v 0.4125734 0.00040547433 0.11880592
v 0.4120726 -0.046701472 0.1764076
v 0.43046218 -0.046558365 0.12431565
v 0.4162944 -0.04646296 0.16646147
v 0.4233783 0.00040547433 0.07126965
v 0.4155072 -0.047393173 0.19160107
v 0.4206114 -0.046629924 0.17972298
v 0.4197528 -0.051042475 0.1948926
v 0.3994789 -0.055598132 0.2687372
v 0.42996123 -0.055335764 0.199973
v 0.43771315 -0.05547888 0.20400392
v 0.35160872 -0.05292675 0.29349518
v 0.34409544 -0.053523038 0.28817627
v 0.3625566 -0.05557428 0.3185394
v 0.3596228 -0.05557428 0.34601647
v 0.34624207 -0.055598132 0.3590156
v 0.38049302 -0.055502724 0.37964725
v 0.26381087 0.0002623646 0.26167715
v 0.2622844 0.0039116624 0.2623211
v 0.26171187 0.0002623646 0.26394302
v 0.2622844 -0.0030291593 0.2623211
v 0.65714794 -0.0064876443 0.00028721566
v 0.6564801 0.0002623646 0.0031971135
v 0.6564561 0.0002623646 -0.0031712693
v 0.65714794 0.0072747413 0.00028721566
v 0.5508652 -0.057053078 -0.0011438816
v 0.6564801 0.0002623646 0.0031971135
v 0.65714794 -0.0064876443 0.00028721566
v 0.51878476 0.00040547433 0.032415353
v 0.5021602 -0.055550426 0.008349064
v 0.49292967 -0.055335764 0.015194478
v 0.5095065 0.00040547433 0.038235147
v 0.4846292 -0.055192657 0.024091134
v 0.47525558 -0.055741243 0.07491893
v 0.5006099 0.0007155454 0.081788205
v 0.46213713 -0.055598132 0.13304533
v 0.48758683 0.00040547433 0.14129798
v 0.45703292 -0.04321914 0.16934751
v 0.45202407 -0.055121098 0.16567436
v 0.4577246 -0.045413487 0.18766555
v 0.46099228 0.00040547433 0.21223274
v 0.4536937 -0.023446146 0.20247741
v 0.4426503 -0.04398239 0.19539349
v 0.43969268 -0.039545987 0.19963907
v 0.43771315 -0.05547888 0.20400392
v 0.4229013 0.00040547433 0.28059146
v 0.3994789 -0.055598132 0.2687372
v 0.38860258 0.00040547433 0.32846168
v 0.3625566 -0.05557428 0.3185394
v 0.3596228 -0.05557428 0.34601647
v 0.38740996 0.00040547433 0.33766842
v 0.38049302 -0.055502724 0.37964725
v 0.43279952 0.0002623646 0.4280899
v 0.43079603 -0.006750012 0.43076128
v 0.38049302 -0.055502724 0.37964725
v 0.42802933 0.0002623646 0.43295562
v 0.43079603 -0.006750012 0.43076128
v 0.3382518 0.00040547433 0.3874229
v 0.34624207 -0.055598132 0.3590156
v 0.321174 -0.055598132 0.36068523
v 0.3275662 0.00038162273 0.38906863
v 0.2702986 -0.055598132 0.3967727
v 0.28394166 0.00040547433 0.42071974
v 0.22433655 -0.015575112 0.446718
v 0.2225714 0.0005724357 0.45573393
v 0.22218978 -0.027357811 0.4395387
v 0.2036093 -0.05531191 0.4363664
v 0.20506439 -0.00789489 0.45072508
v 0.19371094 0.0007155454 0.46019417
v 0.21369873 -0.029146682 0.44509608
v 0.2006517 -0.04131101 0.44345033
v 0.18526748 -0.039641395 0.45113054
v 0.21174285 -0.021227947 0.4396818
v 0.20177276 -0.014430234 0.45854843
v 0.18848754 -0.023112223 0.45893005
v 0.19120651 -0.0089443615 0.46465442
v 0.18708022 -0.023660809 0.4563302
v 0.17167206 -0.038258005 0.45487526
v 0.16728333 -0.03174651 0.46331874
v 0.16752182 -0.03188962 0.45938322
v 0.1663771 -0.036254466 0.45747507
v 0.16403961 -0.039569844 0.4563779
v 0.16444503 -0.039331324 0.46057582
v 0.15841064 -0.03914051 0.45695037
v 0.15929306 -0.03914051 0.46198305
v 0.15542908 -0.042885218 0.4612198
v 0.15504745 -0.042718258 0.45766592
v 0.15163681 -0.041382566 0.45935938
v 0.14918 -0.032008875 0.46932936
v 0.14481506 -0.027691735 0.46932936
v 0.14968094 -0.019176707 0.47555462
v 0.1429547 -0.02423325 0.4719292
v 0.16709259 -0.020774765 0.46854225
v 0.14395645 -0.020512396 0.47343186
v 0.13937698 -0.02513961 0.4721677
v 0.1476297 -0.017626353 0.47386116
v 0.1534494 -0.012712918 0.47672334
v 0.15166046 -0.010733234 0.4762463
v 0.15535751 -0.013738538 0.4765087
v 0.1753453 -0.020536248 0.46606168
v 0.17942382 -0.017197024 0.46315178
v 0.18968002 -0.010780936 0.4625078
v 0.18643615 -0.009969981 0.46451133
v 0.18913147 -0.01054242 0.4657039
v 0.3382518 0.00040547433 0.3874229
v 0.43079603 0.0073939995 0.43076128
v 0.42802933 0.0002623646 0.43295562
v 0.38049302 0.056337528 0.37964725
v 0.34600356 0.056432933 0.3603513
v 0.3228436 0.05640908 0.36295113
v 0.3275662 0.00038162273 0.38906863
v 0.27413863 0.05640908 0.3968443
v 0.28394166 0.00040547433 0.42071974
v 0.20990631 0.030005338 0.4498426
v 0.2225714 0.0005724357 0.45573393
v 0.2027507 0.05419088 0.43689114
v 0.19371094 0.0007155454 0.46019417
v 0.19146895 0.019820694 0.454756
v 0.20141494 0.04016613 0.4459071
v 0.19137344 0.022635186 0.4589062
v 0.17210144 0.04176419 0.4577852
v 0.17620392 0.02149031 0.46525073
v 0.1798532 0.0019081264 0.4740997
v 0.19511825 0.0007155454 0.46835142
v 0.17768264 0.0008825067 0.47288325
v 0.1715767 0.01373853 0.46892387
v 0.15931702 0.0010494681 0.4794663
v 0.16919143 0.014525633 0.47145212
v 0.11550155 0.056122866 0.46591857
v 0.16589996 0.056170568 0.45249012
v 0.1592215 0.0002623646 0.48201838
v 0.089837186 0.0003577711 0.49928698
v 0.08826294 0.007656367 0.49640092
v 0.070588835 0.056432933 0.47681877
v 0.0859732 -0.0024567202 0.49914387
v 0.08132217 0.00725089 0.49456438
v 0.08318252 -0.0011925843 0.4975935
v 0.44682434 -0.045365784 0.022039894
v 0.40250808 -0.045962077 0.00329252
v 0.41949034 -0.046033636 -0.00112003
v 0.4029135 -0.045962077 -0.0034097855
v 0.44782606 -0.045365784 -0.023683663
v 0.4276477 0.00040547433 0.025236012
v 0.44682434 -0.045365784 0.022039894
v 0.37142944 0.0002623646 0.0013843903
v 0.37111938 -0.0031007144 -4.670701E-05
v 0.41949034 -0.046033636 -0.00112003
v 0.4458226 -0.04717851 0.041431263
v 0.44682434 -0.045365784 0.022039894
v 0.4276477 0.00040547433 0.025236012
v 0.4423164 -0.04689229 0.07253377
v 0.45579252 -0.047417026 0.043554056
v 0.4560072 -0.054453254 0.040071715
v 0.44632354 -0.054095477 0.038044333
v 0.4466336 -0.053904667 0.021896783
v 0.45250106 -0.04689229 0.07320163
v 0.44000274 -0.047011547 0.12691545
v 0.42936507 -0.046749182 0.15794642
v 0.42411757 -0.046701472 0.16991994
v 0.43394455 -0.05082781 0.15942523
v 0.45335966 -0.055073395 0.13018315
v 0.44334212 -0.055526573 0.16197737
v 0.46597716 -0.05524036 0.074060276
v 0.46213713 -0.055598132 0.13304533
v 0.45202407 -0.055121098 0.16567436
v 0.47525558 -0.055741243 0.07491893
v 0.4704852 -0.05485873 0.03546836
v 0.4846292 -0.055192657 0.024091134
v 0.45595962 -0.053427633 -0.04021284
v 0.47007963 -0.053928517 -0.03789923
v 0.44758758 -0.05337993 -0.022347972
v 0.4028897 -0.052139644 -0.003385934
v 0.4025319 -0.052235052 0.00329252
v 0.44651428 -0.053141415 -0.038900997
v 0.4556256 -0.046272147 -0.043719023
v 0.44644287 -0.045222677 -0.04367132
v 0.4835321 -0.054500956 -0.027881548
v 0.49233335 -0.054930285 -0.015717221
v 0.49292967 -0.055335764 0.015194478
v 0.5021602 -0.055550426 0.008349064
v 0.502184 -0.05531191 -0.010827639
v 0.5508652 -0.057053078 -0.0011438816
v 0.47752136 -0.055741243 -0.073915176
v 0.46640655 -0.055717386 -0.07367667
v 0.46232787 -0.05419089 -0.13542852
v 0.45250106 -0.04689229 -0.07412985
v 0.45273957 -0.055049546 -0.1329241
v 0.45223862 -0.055049546 -0.16428897
v 0.4453218 -0.055168804 -0.16226158
v 0.43411148 -0.050159965 -0.1588508
v 0.44000274 -0.047011547 -0.1293702
v 0.4302475 -0.04693999 -0.15920858
v 0.44183943 -0.04689229 -0.0735097
v 0.43046218 -0.046844587 -0.12598327
v 0.42254347 0.00040547433 -0.073939025
v 0.42752838 0.00040547433 -0.025162466
v 0.44782606 -0.045365784 -0.023683663
v 0.41171476 0.00040547433 -0.12154688
v 0.4165567 -0.046868436 -0.16605398
v 0.4244754 -0.046677623 -0.16927394
v 0.41467237 -0.043696173 -0.16655487
v 0.38714767 0.00038162273 -0.18534996
v 0.4107846 -0.043696173 -0.17514144
v 0.3684956 -0.04641526 -0.25471047
v 0.3514418 0.00038162273 -0.24626699
v 0.41192946 -0.04648681 -0.17604782
v 0.41414765 -0.046844587 -0.19274397
v 0.42018202 -0.046796884 -0.17957784
v 0.41939512 -0.05089936 -0.19446127
v 0.34509718 -0.046963844 -0.28547904
v 0.32019606 0.00040547433 -0.2848112
v 0.33181182 -0.046033636 -0.30150735
v 0.35284895 -0.047846355 -0.29113188
v 0.398024 -0.055598132 -0.26999936
v 0.428244 -0.055121098 -0.19875455
v 0.43566176 -0.05547888 -0.20278546
v 0.36193648 -0.05557428 -0.31930065
v 0.3497244 -0.052855194 -0.2950674
v 0.29393554 -0.053451486 -0.35104716
v 0.29868194 -0.054286294 -0.33141726
v 0.2880203 -0.05273594 -0.3433908
v 0.32017225 -0.055598132 -0.36294913
v 0.29133576 -0.047703248 -0.35336077
v 0.3356282 -0.055598132 -0.35813108
v 0.35833496 -0.05557428 -0.33511427
v 0.36024305 -0.05557428 -0.3475887
v 0.3483171 -0.055598132 -0.36039698
v 0.37910965 -0.055502724 -0.37890586
v 0.2708949 -0.055598132 -0.39841646
v 0.25317305 -0.046391405 -0.3692221
v 0.2850865 -0.046963844 -0.34537047
v 0.33123946 -0.053594593 -0.2994561
v 0.34242582 -0.053666152 -0.28941458
v 0.28289214 -0.053618446 -0.282593
v 0.28501496 -0.05378541 -0.28168663
v 0.2818666 -0.053666152 -0.2848112
v 0.19533294 -0.051376395 -0.42272127
v 0.19996017 -0.055121098 -0.43073544
v 0.20341857 -0.055383466 -0.43891653
v 0.18965621 -0.046296 -0.4150172
v 0.17596541 -0.045818966 -0.4116541
v 0.17913757 -0.045938224 -0.41933435
v 0.17615615 -0.038997404 -0.4119642
v 0.17918533 -0.026022121 -0.40490413
v 0.24396637 0.00040547433 -0.35324153
v 0.2849196 0.00040547433 -0.32030243
v 0.29856262 -0.046343703 -0.3310595
v 0.18510056 0.00040547433 -0.3874447
v 0.16702102 -0.023136074 -0.41120094
v 0.16704483 -0.03584899 -0.41706842
v 0.16680633 -0.02292141 -0.40945974
v 0.15378341 0.00033391948 -0.40084934
v 0.15924545 -0.020464694 -0.41067618
v 0.1568602 -0.01965374 -0.41270363
v 0.14283554 -0.013571575 -0.41442093
v 0.15593001 -0.014382531 -0.40857726
v 0.1555722 -0.0153843 -0.41091472
v 0.15182754 -0.014644899 -0.41177335
v 0.15127899 -0.013881647 -0.40979373
v 0.1446959 -0.01097175 -0.41232198
v 0.14829758 -0.008181109 -0.40893504
v 0.14274001 -0.010924046 -0.41084316
v 0.13756424 0.00031006784 -0.40671688
v 0.12811905 -0.013022989 -0.41883346
v 0.11795822 0.0002623646 -0.4128706
v 0.13496445 -0.020536248 -0.42133787
v 0.1329132 -0.022539785 -0.4233414
v 0.13267471 -0.026069824 -0.42534494
v 0.1307904 -0.02628449 -0.4236754
v 0.13222152 -0.02098943 -0.42021686
v 0.13095734 -0.022873709 -0.42186263
v 0.1263063 -0.01481186 -0.41864264
v 0.12020034 -0.012808324 -0.41897658
v 0.120939635 -0.010351608 -0.41902432
v 0.113593444 -0.011520336 -0.42040765
v 0.11268707 -0.008681993 -0.42057464
v 0.10514999 -0.013213801 -0.42372307
v 0.104982905 -0.009135174 -0.42231578
v 0.07481064 0.0002623646 -0.42245892
v 0.42807707 0.05244971 0.19799331
v 0.43759382 0.056337528 0.20321682
v 0.42876875 0.055741236 0.1992813
v 0.4453456 0.042765956 0.20240586
v 0.41798767 0.04207426 0.19062316
v 0.42073074 0.051924977 0.19472565
v 0.4419586 0.052330453 0.16114256
v 0.42965117 0.04107249 0.15961605
v 0.43454087 0.051209424 0.15861426
v 0.45743835 0.04054775 0.17166112
v 0.452191 0.055121098 0.16503036
v 0.44338974 0.05535961 0.1612618
v 0.45743835 0.04054775 0.17166112
v 0.41798767 0.04207426 0.19062316
v 0.42965117 0.04107249 0.15961605
v 0.4453456 0.042765956 0.20240586
v 0.45202407 -0.055121098 0.16567436
v 0.44334212 -0.055526573 0.16197737
v 0.45703292 -0.04321914 0.16934751
v 0.43394455 -0.05082781 0.15942523
v 0.42957962 -0.045795117 0.15811338
v 0.42936507 -0.046749182 0.15794642
v 0.42416534 -0.044053946 0.17058781
v 0.45703292 -0.04321914 0.16934751
v 0.42957962 -0.045795117 0.15811338
v 0.4577246 -0.045413487 0.18766555
v 0.4208023 -0.043672323 0.17962757
v 0.4426503 -0.04398239 0.19539349
v 0.41984817 -0.0455566 0.1932707
v 0.43969268 -0.039545987 0.19963907
v 0.4155072 -0.047393173 0.19160107
v 0.4208023 -0.043672323 0.17962757
v 0.41169098 -0.0433384 0.17547739
v 0.4150778 -0.043839283 0.16669998
v 0.4162944 -0.04646296 0.16646147
v 0.42416534 -0.044053946 0.17058781
v 0.42411757 -0.046701472 0.16991994
v 0.4150778 -0.043839283 0.16669998
v 0.42957962 -0.045795117 0.15811338
v 0.42936507 -0.046749182 0.15794642
v 0.42411757 -0.046701472 0.16991994
v 0.42416534 -0.044053946 0.17058781
v 0.4120726 -0.046701472 0.1764076
v 0.4206114 -0.046629924 0.17972298
v 0.41169098 -0.0433384 0.17547739
v 0.4208023 -0.043672323 0.17962757
v 0.4155072 -0.047393173 0.19160107
v 0.4197528 -0.051042475 0.1948926
v 0.41984817 -0.0455566 0.1932707
v 0.42996123 -0.055335764 0.199973
v 0.43969268 -0.039545987 0.19963907
v 0.43771315 -0.05547888 0.20400392
v 0.43566176 -0.05547888 -0.20278546
v 0.4438907 -0.040786274 -0.2030717
v 0.398024 -0.055598132 -0.26999936
v 0.42185163 0.00040547433 -0.281949
v 0.45996657 0.00040547433 -0.21430582
v 0.45624587 -0.044912603 -0.1885699
v 0.38855484 0.00040547433 -0.32891288
v 0.36193648 -0.05557428 -0.31930065
v 0.35833496 -0.05557428 -0.33511427
v 0.48679978 0.00040547433 -0.14344266
v 0.38760084 0.00040547433 -0.33852503
v 0.36024305 -0.05557428 -0.3475887
v 0.37910965 -0.055502724 -0.37890586
v 0.43272796 0.0002623646 -0.42806402
v 0.43079603 -0.006750012 -0.43071154
v 0.4572476 -0.043314546 -0.17027572
v 0.46232787 -0.05419089 -0.13542852
v 0.45223862 -0.055049546 -0.16428897
v 0.5003712 0.0007155454 -0.08312191
v 0.47752136 -0.055741243 -0.073915176
v 0.50798005 0.00040547433 -0.040427502
v 0.4835321 -0.054500956 -0.027881548
v 0.49233335 -0.054930285 -0.015717221
v 0.5176875 0.00040547433 -0.032699574
v 0.502184 -0.05531191 -0.010827639
v 0.5508652 -0.057053078 -0.0011438816
v 0.6564561 0.0002623646 -0.0031712693
v 0.65714794 -0.0064876443 0.00028721566
v 0.32019606 0.00040547433 -0.2848112
v 0.2622844 -0.0030291593 -0.26239067
v 0.26383469 0.0002623646 -0.2617944
v 0.29395935 -0.046176743 -0.29688016
v 0.33181182 -0.046033636 -0.30150735
v 0.2622844 -0.0030291593 -0.26239067
v 0.2849196 0.00040547433 -0.32030243
v 0.26175964 0.0002623646 -0.2642511
v 0.29395935 -0.046176743 -0.29688016
v 0.29856262 -0.046343703 -0.3310595
v 0.29856262 -0.046343703 -0.3310595
v 0.29395935 -0.046176743 -0.29688016
v 0.2819142 -0.04615289 -0.2848112
v 0.2829875 -0.046176743 -0.28264073
v 0.28499115 -0.046200592 -0.28168663
v 0.33181182 -0.046033636 -0.30150735
v 0.20255996 0.055168793 -0.4365314
v 0.20289382 0.04016613 -0.44538033
v 0.2703224 0.055001836 -0.39839262
v 0.28224823 0.00040547433 -0.42195803
v 0.21391326 0.0005724357 -0.46045455
v 0.19542831 0.00042932594 -0.46887416
v 0.17090881 0.04135871 -0.4570199
v 0.19399719 -0.0003339259 -0.46744308
v 0.18252456 0.0005485841 -0.47111624
v 0.32849655 0.00038162273 -0.38861346
v 0.31566435 0.05504954 -0.36471415
v 0.33042845 0.05524035 -0.36001536
v 0.3388243 0.00040547433 -0.3876594
v 0.34717238 0.055455014 -0.36087403
v 0.37848952 0.056337528 -0.37869117
v 0.43079603 0.0073939995 -0.43071154
v 0.42822006 0.0002623646 -0.4329536
v 0.43272796 0.0002623646 -0.42806402
v 0.38760084 0.00040547433 -0.33852503
v 0.43079603 0.0073939995 -0.43071154
v 0.37848952 0.056337528 -0.37869117
v 0.36095855 0.056432933 -0.3476841
v 0.35862106 0.056432933 -0.33535278
v 0.38855484 0.00040547433 -0.32891288
v 0.36365372 0.056432933 -0.31717786
v 0.3986679 0.056122866 -0.26968926
v 0.42185163 0.00040547433 -0.281949
v 0.44422454 0.041000932 -0.2029286
v 0.4357811 0.05552657 -0.20328635
v 0.45996657 0.00040547433 -0.21430582
v 0.45877394 0.04159722 -0.17430666
v 0.48679978 0.00040547433 -0.14344266
v 0.4693881 0.056671448 -0.11453449
v 0.45259643 0.054596357 -0.16507606
v 0.5003712 0.0007155454 -0.08312191
v 0.4770683 0.056432933 -0.07622879
v 0.50798005 0.00040547433 -0.040427502
v 0.48324585 0.05638523 -0.03310505
v 0.4891371 0.05638523 -0.019891256
v 0.5176875 0.00040547433 -0.032699574
v 0.5013731 0.056361377 -0.011018452
v 0.5464287 0.05419088 -0.00047603622
v 0.65714794 0.0072747413 0.00028721566
v 0.6564561 0.0002623646 -0.0031712693
v 0.3714772 0.0002623646 -0.0014539526
v 0.42752838 0.00040547433 -0.025162466
v 0.44696745 0.034990326 -0.017744608
v 0.37111938 0.003887811 -4.670701E-05
v 0.42385527 0.04889582 -0.0009769202
v 0.4621849 0.051090166 -0.01819779
v 0.32019606 0.00040547433 -0.2848112
v 0.26383469 0.0002623646 -0.2617944
v 0.3307147 0.03565817 -0.30284303
v 0.29830033 0.050112255 -0.29888365
v 0.2622844 0.0039116624 -0.26239067
v 0.34023148 0.051495645 -0.31407714
v 0.26175964 0.0002623646 -0.2642511
v 0.2849196 0.00040547433 -0.32030243
v 0.30371475 0.036588386 -0.3285312
v 0.29830033 0.050112255 -0.29888365
v 0.2622844 0.0039116624 -0.26239067
v 0.31389922 0.050970912 -0.33890668
v 0.29133576 -0.047703248 -0.35336077
v 0.2880203 -0.05273594 -0.3433908
v 0.29393554 -0.053451486 -0.35104716
v 0.2850865 -0.046963844 -0.34537047
v 0.34242582 -0.053666152 -0.28941458
v 0.33181182 -0.046033636 -0.30150735
v 0.34509718 -0.046963844 -0.28547904
v 0.33123946 -0.053594593 -0.2994561
v 0.28499115 -0.046200592 -0.28168663
v 0.28501496 -0.05378541 -0.28168663
v 0.28289214 -0.053618446 -0.282593
v 0.2829875 -0.046176743 -0.28264073
v 0.2818666 -0.053666152 -0.2848112
v 0.2819142 -0.04615289 -0.2848112
v 0.29856262 -0.046343703 -0.3310595
v 0.29868194 -0.054286294 -0.33141726
v 0.2880203 -0.05273594 -0.3433908
v 0.2850865 -0.046963844 -0.34537047
v 0.37910965 -0.055502724 -0.37890586
v 0.43079603 -0.006750012 -0.43071154
v 0.42822006 0.0002623646 -0.4329536
v 0.3388243 0.00040547433 -0.3876594
v 0.3483171 -0.055598132 -0.36039698
v 0.3356282 -0.055598132 -0.35813108
v 0.32849655 0.00038162273 -0.38861346
v 0.32017225 -0.055598132 -0.36294913
v 0.2708949 -0.055598132 -0.39841646
v 0.28224823 0.00040547433 -0.42195803
v 0.20341857 -0.055383466 -0.43891653
v 0.20334701 -0.042599 -0.4457858
v 0.21391326 0.0005724357 -0.46045455
v 0.19006164 -0.019176707 -0.46081233
v 0.19542831 0.00042932594 -0.46887416
v 0.18510056 -0.03987991 -0.4513432
v 0.18366943 -0.019105153 -0.4613371
v 0.17074189 -0.038305704 -0.4553026
v 0.1877719 -0.016099848 -0.46350756
v 0.19399719 -0.0003339259 -0.46744308
v 0.18252456 0.0005485841 -0.47111624
v 0.17493972 -0.012378995 -0.46751463
v 0.17078964 -0.01586133 -0.46710914
v 0.16377716 -0.025115758 -0.46453318
v 0.16518447 -0.018723525 -0.46737152
v 0.16139206 -0.024328656 -0.46675137
v 0.15550078 -0.035061885 -0.465845
v 0.15774277 -0.035538916 -0.46074077
v 0.15061797 -0.045468636 -0.4617915
v 0.16525604 -0.050780103 -0.4496736
v 0.15168442 -0.048037164 -0.46000135
v 0.14710495 -0.044602532 -0.46319747
v 0.14968094 -0.050684694 -0.45484942
v 0.14941849 -0.051161733 -0.44681144
v 0.16153519 -0.051233284 -0.4405146
v 0.16015168 -0.047202364 -0.43581584
v 0.42752838 0.00040547433 -0.025162466
v 0.3714772 0.0002623646 -0.0014539526
v 0.44782606 -0.045365784 -0.023683663
v 0.37111938 -0.0031007144 -4.670701E-05
v 0.41949034 -0.046033636 -0.00112003
v 0.4357811 0.05552657 -0.20328635
v 0.44422454 0.041000932 -0.2029286
v 0.42712295 0.05493028 -0.19939855
v 0.42655045 0.051901124 -0.19830139
v 0.4190849 0.050970912 -0.19481903
v 0.41677138 0.04114404 -0.19112203
v 0.42943662 0.040667012 -0.16068737
v 0.4421495 0.052139644 -0.16197535
v 0.43423066 0.05075625 -0.15894622
v 0.45877394 0.04159722 -0.17430666
v 0.45259643 0.054596357 -0.16507606
v 0.4434851 0.05535961 -0.1612598
v 0.44422454 0.041000932 -0.2029286
v 0.45877394 0.04159722 -0.17430666
v 0.42943662 0.040667012 -0.16068737
v 0.41677138 0.04114404 -0.19112203
v 0.45223862 -0.055049546 -0.16428897
v 0.4572476 -0.043314546 -0.17027572
v 0.4453218 -0.055168804 -0.16226158
v 0.4310585 -0.04381543 -0.1580637
v 0.43411148 -0.050159965 -0.1588508
v 0.4302475 -0.04693999 -0.15920858
v 0.4438907 -0.040786274 -0.2030717
v 0.41519713 -0.043457653 -0.19288705
v 0.4208023 -0.04143027 -0.17902927
v 0.45624587 -0.044912603 -0.1885699
v 0.42409378 -0.04214582 -0.17089587
v 0.4572476 -0.043314546 -0.17027572
v 0.4310585 -0.04381543 -0.1580637
v 0.4438907 -0.040786274 -0.2030717
v 0.43566176 -0.05547888 -0.20278546
v 0.428244 -0.055121098 -0.19875455
v 0.41519713 -0.043457653 -0.19288705
v 0.41939512 -0.05089936 -0.19446127
v 0.41414765 -0.046844587 -0.19274397
v 0.41467237 -0.043696173 -0.16655487
v 0.4208023 -0.04143027 -0.17902927
v 0.4107846 -0.043696173 -0.17514144
v 0.42409378 -0.04214582 -0.17089587
v 0.42409378 -0.04214582 -0.17089587
v 0.41467237 -0.043696173 -0.16655487
v 0.4244754 -0.046677623 -0.16927394
v 0.4165567 -0.046868436 -0.16605398
v 0.4310585 -0.04381543 -0.1580637
v 0.42409378 -0.04214582 -0.17089587
v 0.4302475 -0.04693999 -0.15920858
v 0.4244754 -0.046677623 -0.16927394
v 0.4208023 -0.04143027 -0.17902927
v 0.41192946 -0.04648681 -0.17604782
v 0.4107846 -0.043696173 -0.17514144
v 0.42018202 -0.046796884 -0.17957784
v 0.41414765 -0.046844587 -0.19274397
v 0.42018202 -0.046796884 -0.17957784
v 0.41519713 -0.043457653 -0.19288705
v 0.4208023 -0.04143027 -0.17902927
v 0.35284895 -0.047846355 -0.29113188
v 0.34242582 -0.053666152 -0.28941458
v 0.34509718 -0.046963844 -0.28547904
v 0.3497244 -0.052855194 -0.2950674
v 0.19900604 0.052592825 0.4272551
v 0.19020477 0.040905528 0.41788137
v 0.19452193 0.050517734 0.4193602
v 0.20141494 0.04016613 0.4459071
v 0.2027507 0.05419088 0.43689114
v 0.19919692 0.05540731 0.42773214
v 0.1611058 0.04114404 0.429998
v 0.19020477 0.040905528 0.41788137
v 0.20141494 0.04016613 0.4459071
v 0.17210144 0.04176419 0.4577852
v 0.16272765 0.052235045 0.44275868
v 0.16589996 0.056170568 0.45249012
v 0.16237 0.056194417 0.44359344
v 0.17210144 0.04176419 0.4577852
v 0.1611058 0.04114404 0.429998
v 0.15919769 0.051924977 0.4346968
v 0.1611058 -0.037876375 0.43052277
v 0.17167206 -0.038258005 0.45487526
v 0.17095657 -0.0367315 0.42642027
v 0.18526748 -0.039641395 0.45113054
v 0.2006517 -0.04131101 0.44345033
v 0.1801393 -0.04059546 0.42102984
v 0.19089645 -0.043266844 0.41664112
v 0.1998886 -0.055121098 0.4282807
v 0.2006517 -0.04131101 0.44345033
v 0.2036093 -0.05531191 0.4363664
v 0.19089645 -0.043266844 0.41664112
v 0.19509445 -0.051447947 0.42036197
v 0.19840972 0.05237816 -0.42730078
v 0.20255996 0.055168793 -0.4365314
v 0.19969772 0.05540731 -0.42746776
v 0.20289382 0.04016613 -0.44538033
v 0.19213669 0.040905528 -0.41728312
v 0.19461747 0.050803952 -0.41957286
v 0.20289382 0.04016613 -0.44538033
v 0.16284698 0.041096345 -0.4298529
v 0.17090881 0.04135871 -0.4570199
v 0.19213669 0.040905528 -0.41728312
v 0.16198836 0.051591057 -0.4421842
v 0.1615828 0.05609901 -0.44249427
v 0.16518447 0.056122866 -0.45186797
v 0.17090881 0.04135871 -0.4570199
v 0.16284698 0.041096345 -0.4298529
v 0.15948394 0.051996537 -0.4343847
v 0.16153519 -0.051233284 -0.4405146
v 0.17074189 -0.038305704 -0.4553026
v 0.16525604 -0.050780103 -0.4496736
v 0.15912613 -0.037852522 -0.43049693
v 0.16015168 -0.047202364 -0.43581584
v 0.15912613 -0.04319529 -0.43028224
v 0.15912613 -0.037852522 -0.43049693
v 0.17059875 -0.036373727 -0.4260367
v 0.17074189 -0.038305704 -0.4553026
v 0.18510056 -0.03987991 -0.4513432
v 0.20334701 -0.042599 -0.4457858
v 0.17923309 -0.04097709 -0.4204315
v 0.18984695 -0.040643167 -0.4171877
v 0.16704483 -0.03584899 -0.41706842
v 0.17615615 -0.038997404 -0.4119642
v 0.20334701 -0.042599 -0.4457858
v 0.19996017 -0.055121098 -0.43073544
v 0.20341857 -0.055383466 -0.43891653
v 0.18984695 -0.040643167 -0.4171877
v 0.19533294 -0.051376395 -0.42272127
v 0.18965621 -0.046296 -0.4150172
v 0.18984695 -0.040643167 -0.4171877
v 0.17913757 -0.045938224 -0.41933435
v 0.18965621 -0.046296 -0.4150172
v 0.17923309 -0.04097709 -0.4204315
v 0.17923309 -0.04097709 -0.4204315
v 0.17596541 -0.045818966 -0.4116541
v 0.17913757 -0.045938224 -0.41933435
v 0.17615615 -0.038997404 -0.4119642
v 0.08318252 -0.0011925843 0.4975935
v 0.0859732 -0.0024567202 0.49914387
v 0.086211696 -0.009349839 0.4954469
v 0.089837186 0.0003577711 0.49928698
v 0.09477447 -0.008729696 0.49439743
v 0.094989166 -0.00965991 0.4910343
v 0.086497955 -0.0094690975 0.493014
v 0.1291446 -0.009922277 0.48609707
v 0.1592215 0.0002623646 0.48201838
v 0.1284291 -0.010280052 0.48342568
v 0.1173143 -0.017841017 0.4820661
v 0.13937698 -0.02513961 0.4721677
v 0.14395645 -0.020512396 0.47343186
v 0.1476297 -0.017626353 0.47386116
v 0.13992569 -0.008992065 0.48080194
v 0.15166046 -0.010733234 0.4762463
v 0.14121352 -0.008228812 0.48282936
v 0.15931702 0.0010494681 0.4794663
v 0.17942382 -0.017197024 0.46315178
v 0.16709259 -0.020774765 0.46854225
v 0.17768264 0.0008825067 0.47288325
v 0.18471892 -0.008753548 0.46599013
v 0.18643615 -0.009969981 0.46451133
v 0.18679397 -0.00908747 0.46765974
v 0.18913147 -0.01054242 0.4657039
v 0.19511825 0.0007155454 0.46835142
v 0.1798532 0.0019081264 0.4740997
v 0.1940448 -0.007155489 0.4655131
v 0.19120651 -0.0089443615 0.46465442
v 0.19371094 0.0007155454 0.46019417
v 0.19137344 0.022635186 0.4589062
v 0.19371094 0.0007155454 0.46019417
v 0.19511825 0.0007155454 0.46835142
v 0.19146895 0.019820694 0.454756
v 0.10514999 -0.013213801 -0.42372307
v 0.16415878 -0.012068924 -0.4465252
v 0.104982905 -0.009135174 -0.42231578
v 0.07481064 0.0002623646 -0.42245892
v 0.0780307 0.035848986 -0.4413017
v 0.15948394 0.051996537 -0.4343847
v 0.16198836 0.051591057 -0.4421842
v 0.1615828 0.05609901 -0.44249427
v 0.16518447 0.056122866 -0.45186797
v 0.17090881 0.04135871 -0.4570199
v 0.18252456 0.0005485841 -0.47111624
v 0.17493972 -0.012378995 -0.46751463
v 0.17078964 -0.01586133 -0.46710914
v 0.16518447 -0.018723525 -0.46737152
v 0.16139206 -0.024328656 -0.46675137
v 0.15550078 -0.035061885 -0.465845
v 0.15061797 -0.045468636 -0.4617915
v 0.12020034 -0.012808324 -0.41897658
v 0.16415878 -0.012068924 -0.4465252
v 0.113593444 -0.011520336 -0.42040765
v 0.1307904 -0.02628449 -0.4236754
v 0.13267471 -0.026069824 -0.42534494
v 0.16704483 -0.03584899 -0.41706842
v 0.17059875 -0.036373727 -0.4260367
v 0.15912613 -0.037852522 -0.43049693
v 0.15912613 -0.04319529 -0.43028224
v 0.16015168 -0.047202364 -0.43581584
v 0.14941849 -0.051161733 -0.44681144
v 0.14968094 -0.050684694 -0.45484942
v 0.15168442 -0.048037164 -0.46000135
v 0.14710495 -0.044602532 -0.46319747
v 0.17088501 -0.046963844 0.42432132
v 0.16718796 -0.046963844 0.4151623
v 0.12237076 -0.046963844 0.43102363
v 0.12494674 -0.046963844 0.44025424
v 0.078340754 -0.046963844 0.44085053
v 0.07979568 -0.046963844 0.45062968
v 0.044232786 -0.046963844 0.45549542
v 0.042897187 -0.046963844 0.44557312
v 0.04103668 -0.05380926 0.4558532
v 0.039391022 -0.05380926 0.4459786
v 0.031925354 -0.05380926 0.44647947
v 0.031281434 -0.05380926 0.45675954
v 0.024340667 -0.05380926 0.44602633
v 0.023386534 -0.05380926 0.45654488
v 0.018186951 -0.05380926 0.45435053
v 0.020595856 -0.05380926 0.4433311
v 0.012891846 -0.05380926 0.44958022
v 5.9661863E-05 -0.05380926 0.42186463
v 0.0027072143 -0.05380926 0.4008513
v 3.5858153E-05 -0.05380926 0.39980188
v -0.0027548217 -0.05380926 0.40108985
v -0.019069366 -0.05380926 0.43949094
v -0.009886474 -0.05380926 0.44383198
v -0.022193909 -0.05380926 0.44490528
v -0.014418335 -0.05380926 0.45117828
v -0.019570159 -0.05380926 0.4549707
v -0.026057892 -0.05380926 0.446718
v -0.025557097 -0.05380926 0.45678338
v -0.03891388 -0.05380926 0.44600245
v -0.041060485 -0.05380926 0.4558055
v -0.04256317 -0.047035404 0.44566855
v -0.045067597 -0.046963844 0.45542383
v -0.07106583 -0.046963844 0.44199538
v -0.07368957 -0.046963844 0.45218006
v -0.10460129 -0.046963844 0.4351023
v -0.10701027 -0.046963844 0.44449982
v -0.13692024 -0.046963844 0.42620558
v -0.14097495 -0.046963844 0.43548387
v -0.1673072 -0.046963844 0.4151623
v -0.17088485 -0.046963844 0.42451212
v 0.16718796 -0.038544223 0.4151623
v 0.12237076 -0.046963844 0.43102363
v 0.16718796 -0.046963844 0.4151623
v 0.12237076 -0.038544223 0.43102363
v 0.078340754 -0.046963844 0.44085053
v 0.078340754 -0.038544223 0.44085053
v 0.042897187 -0.046963844 0.44557312
v 0.042897187 -0.038544223 0.44557312
v 0.039391022 -0.0455566 0.4459786
v 0.039391022 -0.05380926 0.4459786
v 0.031925354 -0.05380926 0.44647947
v 0.031925354 -0.0455566 0.44647947
v 0.024340667 -0.05380926 0.44602633
v 0.024340667 -0.0455566 0.44602633
v 0.020595856 -0.05380926 0.4433311
v 0.020595856 -0.0455566 0.44230548
v 0.0027072143 -0.05380926 0.4008513
v 0.0027072143 -0.0455566 0.4008513
v 3.5858153E-05 -0.05380926 0.39980188
v 3.5858153E-05 -0.0455566 0.39980188
v -0.0027548217 -0.05380926 0.40108985
v -0.0027548217 -0.0455566 0.40108985
v -0.019069366 -0.05380926 0.43949094
v -0.019069366 -0.0455566 0.43949094
v -0.022193909 -0.0455566 0.44490528
v -0.022193909 -0.05380926 0.44490528
v -0.026057892 -0.0455566 0.446718
v -0.026057892 -0.05380926 0.446718
v -0.03891388 -0.045508895 0.44600245
v -0.03891388 -0.05380926 0.44600245
v -0.04256317 -0.047035404 0.44566855
v -0.04256317 -0.038615778 0.44566855
v -0.07106583 -0.038615778 0.44199538
v -0.07106583 -0.046963844 0.44199538
v -0.10460129 -0.038615778 0.4351023
v -0.10460129 -0.046963844 0.4351023
v -0.13692024 -0.038615778 0.42620558
v -0.13692024 -0.046963844 0.42620558
v -0.1673072 -0.046963844 0.4151623
v -0.1673072 -0.038615778 0.4151623
v 0.17088501 -0.038544223 0.42432132
v 0.16718796 -0.038544223 0.4151623
v 0.16718796 -0.046963844 0.4151623
v 0.17088501 -0.046963844 0.42432132
v 0.17088501 -0.046963844 0.42432132
v 0.12494674 -0.038544223 0.44025424
v 0.17088501 -0.038544223 0.42432132
v 0.12494674 -0.046963844 0.44025424
v 0.07979568 -0.038544223 0.45062968
v 0.07979568 -0.046963844 0.45062968
v 0.044232786 -0.046963844 0.45549542
v 0.044232786 -0.038544223 0.45549542
v 0.04103668 -0.0455566 0.4558532
v 0.04103668 -0.05380926 0.4558532
v 0.031281434 -0.05380926 0.45675954
v 0.031281434 -0.0455566 0.45675954
v 0.023386534 -0.05380926 0.45654488
v 0.023386534 -0.0455566 0.45654488
v 0.018186951 -0.0455566 0.45435053
v 0.018186951 -0.05380926 0.45435053
v 0.012891846 -0.05380926 0.44958022
v 0.012891846 -0.0455566 0.44958022
v 5.9661863E-05 -0.05380926 0.42186463
v 5.9661863E-05 -0.0455566 0.42186463
v -0.009886474 -0.0455566 0.44383198
v -0.009886474 -0.05380926 0.44383198
v -0.014418335 -0.0455566 0.45117828
v -0.014418335 -0.05380926 0.45117828
v -0.019570159 -0.0455566 0.4549707
v -0.019570159 -0.05380926 0.4549707
v -0.025557097 -0.05380926 0.45678338
v -0.025557097 -0.0455566 0.45678338
v -0.041060485 -0.05380926 0.4558055
v -0.041060485 -0.0455566 0.4558055
v -0.045067597 -0.046963844 0.45542383
v -0.045067597 -0.038615778 0.45542383
v -0.07368957 -0.046963844 0.45218006
v -0.07368957 -0.038615778 0.45218006
v -0.10701027 -0.038615778 0.44449982
v -0.10701027 -0.046963844 0.44449982
v -0.14097495 -0.046963844 0.43548387
v -0.14097495 -0.038615778 0.43548387
v -0.17088485 -0.038615778 0.42451212
v -0.17088485 -0.046963844 0.42451212
v -0.1673072 -0.046963844 0.4151623
v -0.1673072 -0.038615778 0.4151623
v -0.17088485 -0.038615778 0.42451212
v -0.17088485 -0.046963844 0.42451212
v -0.21789649 -0.046963844 0.39121532
v -0.1792807 -0.046963844 0.42098212
v -0.1756314 -0.046963844 0.41182306
v -0.22312003 -0.046963844 0.39975417
v -0.25579664 -0.046963844 0.36762604
v -0.26152107 -0.046963844 0.37568787
v -0.2902384 -0.046963844 0.35400677
v -0.28420395 -0.046963844 0.34594494
v -0.29312453 -0.05380926 0.35164547
v -0.28751937 -0.05380926 0.34320197
v -0.30373847 -0.05380926 0.34262955
v -0.29653525 -0.05380926 0.33528322
v -0.30667222 -0.05380926 0.33850318
v -0.29849112 -0.05380926 0.33177707
v -0.30829406 -0.05380926 0.33411452
v -0.30874723 -0.05380926 0.32703057
v -0.29799026 -0.05380926 0.32786536
v -0.2979425 -0.05380926 0.29814625
v -0.2814849 -0.05380926 0.28483707
v -0.28270125 -0.05380926 0.2822134
v -0.28558737 -0.05380926 0.2812355
v -0.3274231 -0.05380926 0.29840863
v -0.3248948 -0.05380926 0.3081401
v -0.32902116 -0.05380926 0.30868867
v -0.3303092 -0.05380926 0.29859945
v -0.3346739 -0.05380926 0.30802083
v -0.33395842 -0.05380926 0.29745457
v -0.33970663 -0.05380926 0.3059696
v -0.35115546 -0.05380926 0.29373372
v -0.34259278 -0.05380926 0.28831938
v -0.3448825 -0.047035404 0.2854572
v -0.3534452 -0.046963844 0.2909192
v -0.36248496 -0.046963844 0.26272663
v -0.37076154 -0.046963844 0.26847485
v -0.381137 -0.046963844 0.23491561
v -0.3899144 -0.046963844 0.2397098
v -0.3980954 -0.046963844 0.20464791
v -0.40715903 -0.046963844 0.20913202
v -0.41166702 -0.046963844 0.17547739
v -0.42094535 -0.046963844 0.17931749
v -0.21789649 -0.046963844 0.39121532
v -0.1756314 -0.046963844 0.41182306
v -0.1756314 -0.038544223 0.41182306
v -0.21789649 -0.038544223 0.39121532
v -0.25579664 -0.038544223 0.36762604
v -0.25579664 -0.046963844 0.36762604
v -0.28420395 -0.038544223 0.34594494
v -0.28420395 -0.046963844 0.34594494
v -0.28751937 -0.0455566 0.34320197
v -0.28751937 -0.05380926 0.34320197
v -0.29653525 -0.05380926 0.33528322
v -0.29653525 -0.0455566 0.33528322
v -0.29849112 -0.0455566 0.33177707
v -0.29849112 -0.05380926 0.33177707
v -0.29799026 -0.0455566 0.32786536
v -0.29799026 -0.05380926 0.32786536
v -0.2814849 -0.05380926 0.28483707
v -0.2814849 -0.0455566 0.28483707
v -0.28270125 -0.05380926 0.2822134
v -0.28270125 -0.0455566 0.2822134
v -0.28558737 -0.0455566 0.2812355
v -0.28558737 -0.05380926 0.2812355
v -0.3274231 -0.05380926 0.29840863
v -0.3274231 -0.0455566 0.29840863
v -0.3303092 -0.0455566 0.29859945
v -0.3303092 -0.05380926 0.29859945
v -0.33395842 -0.0455566 0.29745457
v -0.33395842 -0.05380926 0.29745457
v -0.34259278 -0.045508895 0.28831938
v -0.34259278 -0.05380926 0.28831938
v -0.3448825 -0.047035404 0.2854572
v -0.3448825 -0.038615778 0.2854572
v -0.36248496 -0.046963844 0.26272663
v -0.36248496 -0.038615778 0.26272663
v -0.381137 -0.038615778 0.23491561
v -0.381137 -0.046963844 0.23491561
v -0.3980954 -0.046963844 0.20464791
v -0.3980954 -0.038615778 0.20464791
v -0.41166702 -0.038615778 0.17547739
v -0.41166702 -0.046963844 0.17547739
v -0.1756314 -0.038544223 0.41182306
v -0.1756314 -0.046963844 0.41182306
v -0.1792807 -0.046963844 0.42098212
v -0.1792807 -0.038544223 0.42098212
v -0.22312003 -0.046963844 0.39975417
v -0.1792807 -0.038544223 0.42098212
v -0.1792807 -0.046963844 0.42098212
v -0.22312003 -0.038544223 0.39975417
v -0.26152107 -0.046963844 0.37568787
v -0.26152107 -0.038544223 0.37568787
v -0.2902384 -0.038544223 0.35400677
v -0.2902384 -0.046963844 0.35400677
v -0.29312453 -0.0455566 0.35164547
v -0.29312453 -0.05380926 0.35164547
v -0.30373847 -0.05380926 0.34262955
v -0.30373847 -0.0455566 0.34262955
v -0.30667222 -0.05380926 0.33850318
v -0.30667222 -0.0455566 0.33850318
v -0.30829406 -0.05380926 0.33411452
v -0.30829406 -0.0455566 0.33411452
v -0.30874723 -0.05380926 0.32703057
v -0.30874723 -0.0455566 0.32703057
v -0.2979425 -0.0455566 0.29814625
v -0.2979425 -0.05380926 0.29814625
v -0.2979425 -0.0455566 0.29814625
v -0.2979425 -0.05380926 0.29814625
v -0.3248948 -0.05380926 0.3081401
v -0.3248948 -0.0455566 0.3081401
v -0.32902116 -0.05380926 0.30868867
v -0.32902116 -0.0455566 0.30868867
v -0.3346739 -0.0455566 0.30802083
v -0.3346739 -0.05380926 0.30802083
v -0.33970663 -0.05380926 0.3059696
v -0.33970663 -0.0455566 0.3059696
v -0.35115546 -0.0455566 0.29373372
v -0.35115546 -0.05380926 0.29373372
v -0.3534452 -0.046963844 0.2909192
v -0.3534452 -0.038615778 0.2909192
v -0.37076154 -0.046963844 0.26847485
v -0.37076154 -0.038615778 0.26847485
v -0.3899144 -0.046963844 0.2397098
v -0.3899144 -0.038615778 0.2397098
v -0.40715903 -0.046963844 0.20913202
v -0.40715903 -0.038615778 0.20913202
v -0.42094535 -0.038615778 0.17931749
v -0.42094535 -0.046963844 0.17931749
v -0.42094535 -0.046963844 0.17931749
v -0.41166702 -0.046963844 0.17547739
v -0.41166702 -0.038615778 0.17547739
v -0.42094535 -0.038615778 0.17931749
v -0.44038445 -0.046963844 0.12484038
v -0.4244515 -0.046963844 0.17080246
v -0.4153402 -0.046963844 0.16698621
v -0.4308676 -0.046963844 0.121525
v -0.45073593 -0.046963844 0.07899756
v -0.44100454 -0.046963844 0.07744721
v -0.45574483 -0.046963844 0.0434348
v -0.44575095 -0.046963844 0.04207525
v -0.45615026 -0.05380926 0.03992861
v -0.44598952 -0.05380926 0.038545214
v -0.4467527 -0.05380926 0.031008104
v -0.45681816 -0.05380926 0.031055808
v -0.44618034 -0.05380926 0.024806682
v -0.45626953 -0.05380926 0.022731593
v -0.45421827 -0.05380926 0.018056674
v -0.44341353 -0.05380926 0.021085829
v -0.44954336 -0.05380926 0.012857021
v -0.4217562 -0.05380926 9.962288E-07
v -0.40045676 -0.05380926 0.0027200812
v -0.39943114 -0.05380926 2.4847848E-05
v -0.400743 -0.05380926 -0.0027419403
v -0.44198242 -0.05380926 -0.020201327
v -0.4458464 -0.05380926 -0.010756085
v -0.45235792 -0.05380926 -0.01540715
v -0.44546476 -0.05380926 -0.023469
v -0.45529166 -0.05380926 -0.020153623
v -0.44680044 -0.05380926 -0.02676052
v -0.45696127 -0.05380926 -0.02542483
v -0.45595953 -0.05380926 -0.041548528
v -0.44598952 -0.05380926 -0.039282624
v -0.44567946 -0.047035404 -0.042908076
v -0.45572096 -0.046963844 -0.04536479
v -0.4415292 -0.046963844 -0.071172245
v -0.45173773 -0.046963844 -0.07367667
v -0.43549475 -0.046963844 -0.10401593
v -0.44451073 -0.046963844 -0.107569814
v -0.42604956 -0.046963844 -0.13733664
v -0.4353517 -0.046963844 -0.14127216
v -0.4152925 -0.046963844 -0.16734198
v -0.42469 -0.046963844 -0.17084816
v -0.4153402 -0.046963844 0.16698621
v -0.4153402 -0.038544223 0.16698621
v -0.4308676 -0.038544223 0.121525
v -0.4308676 -0.046963844 0.121525
v -0.44100454 -0.038544223 0.07744721
v -0.44100454 -0.046963844 0.07744721
v -0.44575095 -0.046963844 0.04207525
v -0.44575095 -0.038544223 0.04207525
v -0.44598952 -0.0455566 0.038545214
v -0.44598952 -0.05380926 0.038545214
v -0.4467527 -0.05380926 0.031008104
v -0.4467527 -0.0455566 0.031008104
v -0.44618034 -0.05380926 0.024806682
v -0.44618034 -0.0455566 0.024806682
v -0.44341353 -0.0455566 0.021085829
v -0.44341353 -0.05380926 0.021085829
v -0.40045676 -0.0455566 0.0027200812
v -0.40045676 -0.05380926 0.0027200812
v -0.39943114 -0.0455566 2.4847848E-05
v -0.39943114 -0.05380926 2.4847848E-05
v -0.400743 -0.0455566 -0.0027419403
v -0.400743 -0.05380926 -0.0027419403
v -0.44198242 -0.05380926 -0.020201327
v -0.44198242 -0.0455566 -0.020201327
v -0.44546476 -0.0455566 -0.023469
v -0.44546476 -0.05380926 -0.023469
v -0.44680044 -0.0455566 -0.02676052
v -0.44680044 -0.05380926 -0.02676052
v -0.44598952 -0.05380926 -0.039282624
v -0.44598952 -0.045508895 -0.039282624
v -0.44567946 -0.047035404 -0.042908076
v -0.44567946 -0.038615778 -0.042908076
v -0.4415292 -0.046963844 -0.071172245
v -0.4415292 -0.038615778 -0.071172245
v -0.43549475 -0.038615778 -0.10401593
v -0.43549475 -0.046963844 -0.10401593
v -0.42604956 -0.046963844 -0.13733664
v -0.42604956 -0.038615778 -0.13733664
v -0.4152925 -0.038615778 -0.16734198
v -0.4152925 -0.046963844 -0.16734198
v -0.4153402 -0.038544223 0.16698621
v -0.4153402 -0.046963844 0.16698621
v -0.4244515 -0.046963844 0.17080246
v -0.4244515 -0.038544223 0.17080246
v -0.4244515 -0.038544223 0.17080246
v -0.4244515 -0.046963844 0.17080246
v -0.44038445 -0.046963844 0.12484038
v -0.44038445 -0.038544223 0.12484038
v -0.45073593 -0.046963844 0.07899756
v -0.4507599 -0.038544223 0.07899756
v -0.45574483 -0.038544223 0.0434348
v -0.45574483 -0.046963844 0.0434348
v -0.45615026 -0.0455566 0.03992861
v -0.45615026 -0.05380926 0.03992861
v -0.45681816 -0.05380926 0.031055808
v -0.45681816 -0.0455566 0.031055808
v -0.45626953 -0.0455566 0.022731593
v -0.45626953 -0.05380926 0.022731593
v -0.45421827 -0.05380926 0.018056674
v -0.45421827 -0.0455566 0.018056674
v -0.44954336 -0.0455566 0.012857021
v -0.44954336 -0.05380926 0.012857021
v -0.4217562 -0.0455566 9.962288E-07
v -0.4217562 -0.05380926 9.962288E-07
v -0.4458464 -0.05380926 -0.010756085
v -0.4458464 -0.0455566 -0.010756085
v -0.45235792 -0.05380926 -0.01540715
v -0.45235792 -0.0455566 -0.01540715
v -0.45529166 -0.0455566 -0.020153623
v -0.45529166 -0.05380926 -0.020153623
v -0.45696127 -0.05380926 -0.02542483
v -0.45696127 -0.0455566 -0.02542483
v -0.45595953 -0.0455566 -0.041548528
v -0.45595953 -0.05380926 -0.041548528
v -0.45572096 -0.046963844 -0.04536479
v -0.45572096 -0.038615778 -0.04536479
v -0.45173773 -0.046963844 -0.07367667
v -0.45173773 -0.038615778 -0.07367667
v -0.44451073 -0.038615778 -0.107569814
v -0.44451073 -0.046963844 -0.107569814
v -0.4353517 -0.038615778 -0.14127216
v -0.4353517 -0.046963844 -0.14127216
v -0.42469 -0.046963844 -0.17084816
v -0.42469 -0.038615778 -0.17084816
v -0.42469 -0.046963844 -0.17084816
v -0.4152925 -0.046963844 -0.16734198
v -0.4152925 -0.038615778 -0.16734198
v -0.42469 -0.038615778 -0.17084816
v 0.070588835 0.056432933 0.47681877
v 0.03230713 0.056027453 0.48249546
v 0.06887161 0.05662375 0.4663956
v 0.014513702 0.056218266 0.47095126
v 0.018759307 0.056242116 0.4900087
v 0.017900696 0.05140024 0.462317
v 0.06848999 0.051567204 0.45742738
v 0.017805329 0.036397573 0.44779137
v 0.06863312 0.03620676 0.44371268
v 0.025127716 0.00040547433 0.42849535
v 0.069014736 0.00040547433 0.4237489
v 0.10865615 0.036182906 0.4344821
v 0.11814911 0.0006439905 0.412801
v -0.017996063 0.056242116 0.49079582
v 0.009409484 0.056432933 0.50114745
v -0.0102919005 0.056432933 0.50100434
v -1.1901855E-05 0.056432933 0.544939
v -3.5705565E-05 0.056432933 0.43464908
v -3.5705565E-05 0.051686462 0.42260405
v -0.017495116 0.051447943 0.46257934
v -0.014561462 0.056218266 0.47095126
v -0.032354582 0.056027453 0.48249546
v -0.069229275 0.05662375 0.46761203
v -0.070636444 0.056432933 0.47681877
v -0.13613304 0.056361377 0.45272863
v -0.1391146 0.056003608 0.46026576
v -0.06839447 0.051614903 0.45759434
v -0.01809143 0.03577743 0.44760054
v -0.16241752 0.056194417 0.44359344
v -0.16597144 0.056170568 0.45249012
v -0.16277534 0.052235045 0.44275868
v -0.15893523 0.051686462 0.4346968
v -0.06729736 0.03577743 0.44325954
v -0.025175324 0.00040547433 0.42839998
v -0.079986416 0.00040547433 0.42155457
v -0.13353324 0.051328685 0.44252014
v -0.13036102 0.03594439 0.4289247
v -0.12859596 0.0006916938 0.4097003
v -0.1611534 0.04114404 0.429998
v -0.1903717 0.03708927 0.4070289
v -0.18281074 0.00040547433 0.38852003
v -0.25167036 0.036039796 0.37110838
v -0.19068176 0.040905528 0.4169989
v -0.24458641 0.00040547433 0.35286188
v -0.28525344 0.00040547433 0.32073376
v -0.30426323 0.03565817 0.32951114
v -0.19526123 0.051853422 0.41864467
v -0.26025695 0.051567204 0.3827241
v -0.265719 0.056194417 0.3909768
v -0.1990776 0.052592825 0.4272551
v -0.31454322 0.051161725 0.33905178
v -0.1996022 0.056051306 0.42751747
v -0.20313224 0.056432933 0.43610403
v -0.27118102 0.05640908 0.3982038
v -0.32289124 0.05640908 0.36295113
v -0.32315367 0.056289826 0.3426534
v -0.34602737 0.056432933 0.3603513
v -0.30588508 0.05662375 0.30592188
v -0.29777548 0.050064553 0.29726374
v -0.33968285 0.051447943 0.31458002
v -0.3440715 0.057053078 0.32247493
v -0.36100617 0.056432933 0.3452532
v -0.3805407 0.056337528 0.37964725
v -0.36408302 0.056432933 0.32109153
v -0.39117852 0.056361377 0.26427698
v -0.4003852 0.056122866 0.26866567
v -0.42888784 0.056003608 0.19856575
v -0.43830925 0.05640908 0.20259668
v -0.41925186 0.051447943 0.19486876
v -0.38273504 0.051567204 0.25976902
v -0.36966437 0.036087498 0.25356758
v -0.41746297 0.041311007 0.19052775
v -0.3295459 0.035896685 0.3037037
v -0.32072073 0.00040547433 0.28502786
v -0.3532306 0.00038162273 0.24407463
v -0.3886263 0.00038162273 0.18263286
v -0.4072545 0.036230613 0.1872124
v -0.42626426 0.036636088 0.1391752
v -0.42950806 0.04050005 0.15930597
v -0.41219175 0.00040547433 0.11947376
v -0.43399215 0.052235045 0.15901975
v -0.44133842 0.036159053 0.07544367
v -0.42328277 0.00040547433 0.07122193
v -0.42857778 0.00040547433 0.025140604
v -0.44894713 0.03625446 0.018223634
v -0.44987732 0.05140024 0.108525865
v -0.44327042 0.056194417 0.16192967
v -0.45598334 0.051447943 0.07766187
v -0.46216086 0.050970912 0.017627345
v -0.4609445 0.05638523 0.10897904
v -0.46943563 0.056671448 0.11207976
v -0.45192856 0.056313675 0.16548355
v -0.47401512 0.056432933 0.080714874
v -0.46464148 0.056003608 0.07964156
v -0.48326957 0.05638523 0.030674182
v -0.47186852 0.055836644 0.013930343
v -0.5013968 0.056361377 0.008563727
v -0.43272796 0.056432933 -0.0012154364
v -0.42347357 0.051424094 -0.0010961783
v -0.46239942 0.051447943 -0.017124467
v -0.47186852 0.055836644 -0.0012154364
v -0.5468581 0.056432933 -0.0012154364
v -0.5010628 0.056361377 -0.009897427
v -0.46993652 0.055836644 -0.015311744
v -0.48462912 0.05638523 -0.026044974
v -0.4652377 0.056003608 -0.0742491
v -0.47554168 0.056456786 -0.076133385
v -0.45636496 0.051042464 -0.07265105
v -0.4477546 0.03742319 -0.019056449
v -0.45402753 0.056337528 -0.12817763
v -0.46476072 0.056576047 -0.13087286
v -0.4451785 0.056194417 -0.1625001
v -0.45440918 0.056313675 -0.16696033
v -0.4347316 0.051614903 -0.15856457
v -0.4447254 0.051567204 -0.12586401
v -0.43124923 0.036803048 -0.12254863
v -0.43012816 0.04207426 -0.1596379
v -0.44210175 0.036230613 -0.07009892
v -0.42841086 0.00040547433 -0.025186313
v -0.42352125 0.00040547433 -0.06675969
v -0.4127165 0.0030768558 -0.11792143
v -0.4070398 0.035968244 -0.18785438
v -0.4155787 0.040404644 -0.19226691
v -0.3681378 0.035729725 -0.25480586
v -0.41903716 0.05204423 -0.19458053
v -0.3888887 0.00038162273 -0.18184376
v -0.35330206 0.00038162273 -0.24366716
v -0.32074463 0.00040547433 -0.2851213
v -0.3303092 0.035896685 -0.3032962
v -0.33922964 0.051495645 -0.31515047
v -0.38175705 0.051090166 -0.26069722
v -0.3902005 0.056361377 -0.2643465
v -0.42740905 0.056003608 -0.1989215
v -0.3986441 0.056122866 -0.2692361
v -0.4366635 0.05640908 -0.20283319
v -0.36038595 0.056432933 -0.3261699
v -0.3440715 0.057053078 -0.32490578
v -0.3593842 0.056432933 -0.33747557
v -0.32262886 0.056289826 -0.34260368
v -0.36100617 0.056432933 -0.3476841
v -0.30729225 0.05662375 -0.30875823
v -0.2981333 0.050279215 -0.2994084
v -0.31454322 0.051567204 -0.3398846
v -0.34633744 0.056432933 -0.36023006
v -0.3805407 0.056337528 -0.3820781
v -0.33243194 0.05640908 -0.3594906
v -0.3220565 0.05640908 -0.3613272
v -0.26345307 0.055860493 -0.3909986
v -0.2689389 0.056361377 -0.39860728
v -0.1993161 0.055908196 -0.42732462
v -0.20303687 0.056337528 -0.4365552
v -0.19802803 0.0522112 -0.42742008
v -0.25842032 0.051686462 -0.38350922
v -0.3035476 0.035968244 -0.32903212
v -0.25040627 0.036039796 -0.37086788
v -0.19452186 0.051495645 -0.41919124
v -0.28522956 0.00040547433 -0.3208272
v -0.24368003 0.00040547433 -0.3535277
v -0.19010933 0.041024785 -0.41728312
v -0.18044937 0.00040547433 -0.3893767
v -0.18851127 0.03708927 -0.40631136
v -0.16062874 0.04114404 -0.42968592
v -0.1261393 0.0006916938 -0.4104377
v -0.1303849 0.03594439 -0.42837414
v -0.06574707 0.00040547433 -0.42386615
v -0.15926918 0.052020382 -0.4338123
v -0.06808441 0.03577743 -0.44225574
v -0.025246887 0.00040547433 -0.4283264
v -0.019045409 0.03561047 -0.44764626
v -0.13391495 0.050684694 -0.4419934
v -0.13615692 0.056361377 -0.45148632
v -0.16213141 0.0522589 -0.44196954
v -0.16172592 0.056122866 -0.4427089
v -0.16532752 0.05609901 -0.4521542
v -0.13856597 0.056003608 -0.46071687
v -0.07054108 0.051280983 -0.4566144
v -0.017351989 0.05140024 -0.46276814
v -0.07187683 0.05662375 -0.46598816
v -0.07316482 0.056432933 -0.47519484
v -0.032354582 0.056027453 -0.48495013
v -0.014704437 0.056003608 -0.4712116
v -0.0102919005 0.056432933 -0.5021233
v -1.1901855E-05 0.056432933 -0.43388385
v -1.1901855E-05 0.051543355 -0.42732462
v 0.017137451 0.051495645 -0.4628874
v 0.014513702 0.056218266 -0.4733821
v 0.010482788 0.056432933 -0.5018848
v -1.1901855E-05 0.056432933 -0.5473699
v 0.03230713 0.056027453 -0.48495013
v 0.083254084 0.05662375 -0.4634837
v 0.085925445 0.056432933 -0.47288123
v 0.081226654 0.051280983 -0.45518336
v 0.017662048 0.03665994 -0.44788474
v 0.13541763 0.056361377 -0.45143864
v 0.13830368 0.056003608 -0.4611224
v 0.16518447 0.056122866 -0.45186797
v 0.1615828 0.05609901 -0.44249427
v 0.16198836 0.051591057 -0.4421842
v 0.15948394 0.051996537 -0.4343847
v 0.0780307 0.035848986 -0.4413017
v 0.02515152 0.00040547433 -0.42849338
v 0.07481064 0.0002623646 -0.42245892
v -1.1901855E-05 -0.055598132 0.544939
v 0.009409484 -0.055598132 0.50114745
v -0.0102919005 -0.055598132 0.4996686
v 0.01866394 -0.05397622 0.48693183
v -0.021502227 -0.055502724 0.48693183
v -0.013344879 -0.055598132 0.47185764
v -0.035383757 -0.055359617 0.48130283
v 0.013297424 -0.055598132 0.47185764
v 0.038723145 -0.054882582 0.48201838
v -0.054274444 -0.055144947 0.46868536
v -0.055776976 -0.05526421 0.47860762
v -0.1092762 -0.05543117 0.46918625
v -0.10844139 -0.055669688 0.45971712
v -0.14801116 -0.055049546 0.45804754
v 0.04688049 -0.05531191 0.46966326
v 0.050243378 -0.052688234 0.46937704
v 0.041990813 -0.051233284 0.46160144
v 0.058305357 -0.055550426 0.47872686
v 0.017686004 -0.050589293 0.4628656
v 0.059974976 -0.05524036 0.46804136
v 0.10362335 -0.055693533 0.46105283
v 0.10927627 -0.05545502 0.4694963
v 0.1392578 -0.055121098 0.46024188
v 0.13990173 -0.054596364 0.45792827
v -3.5705565E-05 -0.055598132 0.43402895
v 0.062193144 -0.051090173 0.45924014
v 0.1465802 -0.055598132 0.449294
v 0.14689025 -0.054954138 0.45807138
v 0.14722411 -0.051114023 0.4388231
v 0.14960937 -0.051066324 0.4552569
v 0.16189285 -0.051161733 0.44158992
v 0.16585235 -0.05082781 0.4503673
v 0.1590306 -0.04837109 0.43364733
v 0.15867294 -0.04352921 0.4304751
v 0.14037871 -0.042670555 0.43794063
v 0.11912704 -0.043266844 0.44359344
v 0.10095199 -0.051114023 0.45158374
v 0.08936004 -0.04309988 0.45053428
v 0.06512695 -0.043457653 0.45532846
v 0.044686127 -0.04319529 0.45785674
v 0.03917633 -0.049468264 0.44779137
v 0.043040313 -0.04319529 0.4474336
v 0.022766419 -0.049706783 0.4491032
v -3.5705565E-05 -0.050636996 0.42599097
v 0.00013122558 -0.049706783 0.40144762
v 0.0023493958 -0.049515966 0.40233016
v -0.018067626 -0.051066324 0.46312794
v -0.021716766 -0.049706783 0.4472666
v -0.0024209595 -0.048705015 0.4023063
v -0.020071106 -0.049706783 0.45630637
v -0.038842313 -0.04927745 0.4485069
v -0.04571167 -0.051114023 0.46043268
v -0.04082199 -0.049706783 0.45768976
v -0.045115355 -0.0433384 0.4568788
v -0.042539366 -0.04352921 0.4483399
v -0.07123276 -0.051114023 0.45695037
v -0.07023101 -0.0433384 0.45339647
v -0.1078212 -0.051137876 0.4497949
v -0.106604844 -0.043266844 0.44659874
v -0.14455277 -0.055598132 0.449294
v -0.1409034 -0.051161733 0.44030192
v -0.13971077 -0.0433384 0.4372728
v -0.16220291 -0.05545502 0.44380814
v -0.16594757 -0.055669688 0.4526332
v -0.15881592 -0.050923213 0.43410048
v -0.15962699 -0.0433861 0.43049893
v 0.13012253 -0.043266844 0.43042734
v 0.1669017 -0.043314546 0.41745207
v 0.16704483 -0.03568203 0.41702273
v 0.11814911 0.0006439905 0.412801
v 0.0680368 -0.04319529 0.44509608
v 0.069014736 0.00040547433 0.4237489
v 0.043040313 -0.04319529 0.4474336
v 0.025127716 0.00040547433 0.42849535
v 0.02250412 -0.042742107 0.44552544
v 0.0680368 -0.04319529 0.44509608
v 0.043040313 -0.04319529 0.4474336
v 0.044686127 -0.04319529 0.45785674
v 0.06512695 -0.043457653 0.45532846
v 0.08936004 -0.04309988 0.45053428
v 0.13012253 -0.043266844 0.43042734
v 0.11912704 -0.043266844 0.44359344
v 0.14037871 -0.042670555 0.43794063
v 0.15867294 -0.04352921 0.4304751
v 0.1669017 -0.043314546 0.41745207
v 0.17036025 -0.04340995 0.42558548
v 0.0033273315 0.00040547433 0.6569462
v -1.1901855E-05 -0.055598132 0.544939
v -1.1901855E-05 -0.0059629087 0.6569462
v 0.032855682 0.00040547433 0.51705647
v 0.009409484 -0.055598132 0.50114745
v 0.038937833 0.00040547433 0.5089946
v 0.01866394 -0.05397622 0.48693183
v 0.038723145 -0.054882582 0.48201838
v 0.045210723 0.0002623646 0.5061324
v 0.058305357 -0.055550426 0.47872686
v 0.07798294 -0.026069824 0.48876843
v 0.10927627 -0.05545502 0.4694963
v 0.06822769 -0.0101607945 0.4981421
v 0.05778061 -0.0018127265 0.50310326
v 0.08318252 -0.0011925843 0.4975935
v 0.086211696 -0.009349839 0.4954469
v 0.080272675 -0.023994735 0.48690802
v 0.086497955 -0.0094690975 0.493014
v 0.10467285 -0.026642265 0.48371187
v 0.103909604 -0.024495618 0.48225695
v 0.094989166 -0.00965991 0.4910343
v 0.1173143 -0.017841017 0.4820661
v 0.111708984 -0.029361347 0.48049194
v 0.13412963 -0.03794793 0.47076043
v 0.1392578 -0.055121098 0.46024188
v 0.11428513 -0.027500922 0.47977638
v 0.14281158 -0.047894057 0.46277013
v 0.13990173 -0.054596364 0.45792827
v 0.13563232 -0.034274783 0.46854225
v 0.13937698 -0.02513961 0.4721677
v 0.1429547 -0.02423325 0.4719292
v 0.14481506 -0.027691735 0.46932936
v 0.14374176 -0.04615289 0.4595979
v 0.15163681 -0.041382566 0.45935938
v 0.15504745 -0.042718258 0.45766592
v 0.14960937 -0.051066324 0.4552569
v 0.14689025 -0.054954138 0.45807138
v 0.16585235 -0.05082781 0.4503673
v 0.17167206 -0.038258005 0.45487526
v 0.16403961 -0.039569844 0.4563779
v 0.15841064 -0.03914051 0.45695037
v -1.1901855E-05 0.056432933 0.544939
v 0.0033273315 0.00040547433 0.6569462
v -1.1901855E-05 0.0067500058 0.6569462
v 0.032855682 0.00040547433 0.51705647
v 0.009409484 0.056432933 0.50114745
v 0.038937833 0.00040547433 0.5089946
v 0.018759307 0.056242116 0.4900087
v 0.03230713 0.056027453 0.48249546
v 0.046904143 0.0088728005 0.5019823
v 0.045210723 0.0002623646 0.5061324
v 0.070588835 0.056432933 0.47681877
v 0.048239898 0.005318908 0.50100434
v 0.05778061 -0.0018127265 0.50310326
v 0.06536545 0.005151947 0.50047964
v 0.08132217 0.00725089 0.49456438
v 0.08318252 -0.0011925843 0.4975935
v 0.17167206 -0.038258005 0.45487526
v 0.16189285 -0.051161733 0.44158992
v 0.16585235 -0.05082781 0.4503673
v 0.1611058 -0.037876375 0.43052277
v 0.1590306 -0.04837109 0.43364733
v 0.15867294 -0.04352921 0.4304751
v 0.17036025 -0.04340995 0.42558548
v 0.1611058 -0.037876375 0.43052277
v 0.17095657 -0.0367315 0.42642027
v 0.15867294 -0.04352921 0.4304751
v 0.17095657 -0.0367315 0.42642027
v 0.1669017 -0.043314546 0.41745207
v 0.17036025 -0.04340995 0.42558548
v 0.16704483 -0.03568203 0.41702273
v 0.12974091 -0.04319529 -0.43071154
v 0.16704483 -0.03584899 -0.41706842
v 0.16692565 -0.04340995 -0.41709232
v 0.12136902 -0.034847222 -0.43304905
v 0.13267471 -0.026069824 -0.42534494
v 0.07032654 -0.04324299 -0.4441639
v 0.11948471 -0.034608703 -0.43180874
v 0.1307904 -0.02628449 -0.4236754
v 0.12020034 -0.012808324 -0.41897658
v 0.113593444 -0.011520336 -0.42040765
v 0.10514999 -0.013213801 -0.42372307
v 0.07481064 0.0002623646 -0.42245892
v 0.104982905 -0.009135174 -0.42231578
v 0.041108243 -0.04219352 -0.44738382
v 0.02515152 0.00040547433 -0.42849338
v 0.021836242 -0.042718258 -0.44879112
v 0.038914032 -0.049587525 -0.44783705
v 0.022742614 -0.049587525 -0.44750312
v 0.022742614 -0.049587525 -0.44750312
v 0.002826538 -0.042622853 -0.40251896
v 0.021836242 -0.042718258 -0.44879112
v 0.002826538 -0.049062785 -0.40251896
v -0.000178833 -0.041955 -0.4014695
v -1.1901855E-05 -0.05540732 -0.43648368
v 0.013297424 -0.055598132 -0.47431237
v -0.000178833 -0.049706783 -0.4014695
v -0.0024447632 -0.049587525 -0.40251896
v -0.0024447632 -0.042575147 -0.40251896
v -0.022551574 -0.042742107 -0.4479563
v -0.023195649 -0.049778335 -0.44733614
v 0.042682495 -0.05130484 -0.4600252
v 0.038914032 -0.049587525 -0.44783705
v 0.043874968 -0.04438787 -0.45718688
v 0.041108243 -0.04219352 -0.44738382
v 0.07256866 -0.051161733 -0.4568768
v 0.07209168 -0.043004476 -0.4532275
v 0.046498716 -0.05531191 -0.469065
v 0.12847671 -0.050112255 -0.44521335
v 0.12955001 -0.04317144 -0.43982288
v 0.15912613 -0.04319529 -0.43028224
v 0.16015168 -0.047202364 -0.43581584
v 0.14941849 -0.051161733 -0.44681144
v 0.101476744 -0.055693533 -0.46019217
v 0.14650863 -0.055598132 -0.44786087
v 0.14968094 -0.050684694 -0.45484942
v 0.14662796 -0.054954138 -0.4585464
v 0.10381424 -0.05545502 -0.47006676
v 0.05711273 -0.055550426 -0.4776277
v 0.035312347 -0.055359617 -0.48308975
v 0.020381317 -0.05547888 -0.48757383
v 0.01143692 -0.055598132 -0.49904647
v -0.013344879 -0.055598132 -0.47431237
v -0.010601959 -0.055598132 -0.49923727
v -1.1901855E-05 -0.055598132 -0.5473699
v -0.03359497 -0.05395237 -0.48163483
v -0.05415512 -0.054119334 -0.46813476
v -0.055729218 -0.05524036 -0.47767538
v -0.017685851 -0.051090173 -0.462792
v -0.10631851 -0.05540732 -0.459739
v -0.1092762 -0.05543117 -0.47164094
v -0.019546356 -0.049706783 -0.45828405
v -0.040631257 -0.049515966 -0.45735386
v -0.03891388 -0.049515966 -0.44778934
v -0.042062223 -0.043314546 -0.44738382
v -0.044638366 -0.04324299 -0.45668602
v -0.044232786 -0.050756253 -0.46045455
v -0.071328275 -0.051042475 -0.45718688
v -0.07142364 -0.04317144 -0.45320365
v -0.104219586 -0.04317144 -0.44673988
v -0.10455353 -0.051042475 -0.45041302
v -0.13408187 -0.04324299 -0.43841568
v -0.13723022 -0.054644063 -0.45139095
v -0.13825592 -0.054930285 -0.461027
v -0.13505973 -0.051090173 -0.44194567
v -0.15950768 -0.043266844 -0.4300437
v -0.15888748 -0.050756253 -0.43400308
v -0.16163048 -0.055359617 -0.44320983
v -0.16473122 -0.055359617 -0.45182025
v 0.07032654 -0.04324299 -0.4441639
v 0.043874968 -0.04438787 -0.45718688
v 0.041108243 -0.04219352 -0.44738382
v 0.07209168 -0.043004476 -0.4532275
v 0.12955001 -0.04317144 -0.43982288
v 0.12974091 -0.04319529 -0.43071154
v 0.15912613 -0.04319529 -0.43028224
v 0.16692565 -0.04340995 -0.41709232
v 0.1703125 -0.043147583 -0.42572662
v 0.0033273315 0.0002623646 -0.6569443
v -1.1901855E-05 -0.0059629087 -0.6569443
v -1.1901855E-05 -0.055598132 -0.5473699
v 0.032998655 0.00040547433 -0.51579034
v 0.01143692 -0.055598132 -0.49904647
v 0.020381317 -0.05547888 -0.48757383
v 0.043159485 0.00040547433 -0.5069652
v 0.035312347 -0.055359617 -0.48308975
v 0.05711273 -0.055550426 -0.4776277
v 0.09544235 0.00040547433 -0.498641
v 0.10381424 -0.05545502 -0.47006676
v 0.1523761 0.00052473246 -0.4843062
v 0.14710495 -0.044602532 -0.46319747
v 0.14662796 -0.054954138 -0.4585464
v 0.15168442 -0.048037164 -0.46000135
v 0.14968094 -0.050684694 -0.45484942
v 0.15550078 -0.035061885 -0.465845
v 0.15061797 -0.04546866 -0.46179146
v 0.16139206 -0.024328656 -0.46675137
v 0.1653038 -0.017244725 -0.47104463
v 0.16518447 -0.018723525 -0.46737152
v 0.17038406 -0.014859564 -0.47075847
v 0.17078964 -0.01586133 -0.46710914
v 0.17493972 -0.012378995 -0.46751463
v 0.17410491 -0.011687297 -0.47047222
v 0.18190445 0.00052473246 -0.4731436
v 0.18252456 0.0005485841 -0.47111624
v -1.1901855E-05 0.056432933 -0.5473699
v -1.1901855E-05 0.0067500058 -0.6569443
v 0.0033273315 0.0002623646 -0.6569443
v 0.032998655 0.00040547433 -0.51579034
v 0.010482788 0.056432933 -0.5018848
v 0.043159485 0.00040547433 -0.5069652
v 0.03230713 0.056027453 -0.48495013
v 0.085925445 0.056432933 -0.47288123
v 0.09544235 0.00040547433 -0.498641
v 0.13830368 0.056003608 -0.4611224
v 0.1523761 0.00052473246 -0.4843062
v 0.17090881 0.04138256 -0.4570199
v 0.16518447 0.056122866 -0.45186797
v 0.18190445 0.00052473246 -0.4731436
v 0.18252456 0.0005485841 -0.47111624
v 0.15912613 -0.037852522 -0.43049693
v 0.1703125 -0.043147583 -0.42572662
v 0.17059875 -0.036373727 -0.4260367
v 0.15912613 -0.04319529 -0.43028224
v 0.16704483 -0.03584899 -0.41706842
v 0.1703125 -0.043147583 -0.42572662
v 0.16692565 -0.04340995 -0.41709232
v 0.17059875 -0.036373727 -0.4260367
v -1.1901855E-05 -0.04178804 0.41177538
v 0.0023731994 -0.041955 0.40233016
v 0.02250412 -0.042742107 0.44552544
v -1.1901855E-05 -0.041955 0.40144762
v -0.0024447632 -0.041955 0.4023063
v -0.021812286 -0.042909067 0.44645563
v 0.02250412 -0.042742107 0.44552544
v -1.1901855E-05 -0.0020512426 0.37106067
v -1.1901855E-05 -0.04178804 0.41177538
v 0.025127716 0.00040547433 0.42849535
v 0.0013238525 0.0002623646 0.3710845
v 0.025127716 0.00040547433 0.42849535
v -1.1901855E-05 0.0034584817 0.37106067
v 0.0013238525 0.0002623646 0.3710845
v 0.017805329 0.036397573 0.44779137
v -3.5705565E-05 0.051686462 0.42260405
v 0.017900696 0.05140024 0.462317
v -1.1901855E-05 -0.0059629087 0.6569462
v -0.0033987425 0.0002623646 0.6569462
v 0.0033273315 0.00040547433 0.6569462
v -1.1901855E-05 0.0067500058 0.6569462
v -1.1901855E-05 0.0034584817 0.37106067
v -0.0013714599 0.0002623646 0.3710845
v 0.0013238525 0.0002623646 0.3710845
v -1.1901855E-05 -0.0020512426 0.37106067
v -1.1901855E-05 -0.04178804 -0.41420627
v 0.021836242 -0.042718258 -0.44879112
v 0.002826538 -0.042622853 -0.40251896
v -0.000178833 -0.041955 -0.4014695
v -0.0024447632 -0.042575147 -0.40251896
v -0.022551574 -0.042742107 -0.4479563
v 0.02515152 0.00040547433 -0.42849338
v -1.1901855E-05 -0.0031961205 -0.3711302
v 0.0015145873 0.0002623646 -0.3711302
v 0.021836242 -0.042718258 -0.44879112
v -1.1901855E-05 -0.04178804 -0.41420627
v 0.017662048 0.03665994 -0.44788474
v -1.1901855E-05 0.051543355 -0.42732462
v 0.017137451 0.051495645 -0.4628874
v -1.1901855E-05 0.004126327 -0.3711302
v 0.02515152 0.00040547433 -0.42849338
v 0.0015145873 0.0002623646 -0.3711302
v -1.1901855E-05 -0.0059629087 -0.6569443
v 0.0033273315 0.0002623646 -0.6569443
v -0.0033987425 0.0002623646 -0.6569443
v -1.1901855E-05 0.0067500058 -0.6569443
v -1.1901855E-05 0.004126327 -0.3711302
v 0.0015145873 0.0002623646 -0.3711302
v -0.0015861511 0.0002623646 -0.3711302
v -1.1901855E-05 -0.0031961205 -0.3711302
v -0.39955038 -0.055598132 0.2687372
v -0.4204444 -0.051614914 0.1942486
v -0.43869093 -0.055979755 0.20271593
v -0.38232946 -0.052068096 0.26057997
v -0.3555203 -0.051662616 0.2961189
v -0.3626042 -0.05557428 0.3185394
v -0.34223494 -0.05524036 0.32233182
v -0.3393966 -0.051519502 0.31412688
v -0.31812096 -0.055073395 0.3481154
v -0.3150918 -0.054047775 0.33733448
v -0.3054081 -0.054787178 0.30570725
v -0.2953904 -0.051233284 0.35562864
v -0.30805558 -0.033654638 0.34005356
v -0.29176491 -0.03415552 0.3514785
v -0.2576332 -0.03262902 0.37568787
v -0.3290927 -0.055598132 0.35923025
v -0.34602737 -0.055598132 0.3603513
v -0.36100617 -0.05557428 0.3452532
v -0.3805407 -0.055502724 0.37964725
v -0.27180105 -0.055598132 0.39829922
v -0.26693535 -0.055526573 0.38947412
v -0.26171187 -0.051376395 0.3813407
v -0.19495125 -0.051376395 0.4192171
v -0.19194596 -0.033964712 0.4143275
v -0.19910133 -0.055526573 0.427589
v -0.20289375 -0.055526573 0.4363187
v -0.19127807 -0.039474435 0.41611636
v -0.16976394 -0.03561047 0.4235104
v -0.17100418 -0.039712954 0.42625332
v -0.20318007 -0.0397368 0.44543
v -0.20289375 -0.055526573 0.4363187
v -0.27180105 -0.055598132 0.39829922
v -0.2836315 0.00040547433 0.4207913
v -0.21221977 0.0005724357 0.46100512
v -0.3282102 0.00038162273 0.38890165
v -0.3290927 -0.055598132 0.35923025
v -0.15886375 0.0005008808 0.48201838
v -0.33827552 0.00040547433 0.38739902
v -0.34602737 -0.055598132 0.3603513
v -0.3805407 -0.055502724 0.37964725
v -0.42841086 -7.1558075E-05 0.43302718
v -0.43074834 -0.006750012 0.43088055
v -0.17260224 -0.03980836 0.45842913
v -0.14801116 -0.055049546 0.45804754
v -0.16594757 -0.055669688 0.4526332
v -0.1092762 -0.05543117 0.46918625
v -0.10276474 0.00040547433 0.4948983
v -0.055776976 -0.05526421 0.47860762
v -0.04382721 0.00040547433 0.50680023
v -0.035383757 -0.055359617 0.48130283
v -0.037840575 0.00040547433 0.50987715
v -0.021502227 -0.055502724 0.48693183
v -0.0102919005 -0.055598132 0.4996686
v -0.033356477 0.00040547433 0.5164602
v -1.1901855E-05 -0.055598132 0.544939
v -0.0033987425 0.0002623646 0.6569462
v -1.1901855E-05 -0.0059629087 0.6569462
v -0.39955038 -0.055598132 0.2687372
v -0.43869093 -0.055979755 0.20271593
v -0.4469197 -0.039712954 0.20197652
v -0.42235252 0.00040547433 0.2815217
v -0.4616362 0.00040547433 0.21075393
v -0.3891272 0.00040547433 0.32798466
v -0.3626042 -0.05557428 0.3185394
v -0.36100617 -0.05557428 0.3452532
v -0.38752913 0.00040547433 0.3378592
v -0.3805407 -0.055502724 0.37964725
v -0.4330381 0.00042932594 0.42825687
v -0.43074834 -0.006750012 0.43088055
v -0.48749137 0.00040547433 0.14160807
v -0.45755753 -0.0403808 0.17092173
v -0.46387815 -0.055598132 0.13361777
v -0.45190465 -0.055121098 0.16555509
v -0.47446838 -0.055741243 0.078377426
v -0.5004905 0.0007155454 0.08236064
v -0.50891006 0.00040547433 0.03916536
v -0.4848915 -0.05526421 0.025641492
v -0.5188085 0.00040547433 0.032248385
v -0.50220776 -0.055144947 0.008349064
v -0.55107975 -0.05483488 0.0005257319
v -0.6566708 0.00040547433 0.0033402233
v -0.6571479 -0.0064876443 0.00012025434
v -0.45400366 -0.03217584 0.03976165
v -0.44763526 -0.035324257 0.017913563
v -0.45746216 -0.03129333 0.023828765
v -0.44591796 -0.035324257 0.03906995
v -0.44133842 -0.035252698 0.07553908
v -0.44994888 -0.031078665 0.077137135
v -0.43978813 -0.032843683 0.12407712
v -0.43062904 -0.035204995 0.121978186
v -0.43055746 -0.034680262 0.15522735
v -0.41650894 -0.035300404 0.16674767
v -0.4130027 -0.033296864 0.19207811
v -0.40670586 -0.03527655 0.18790407
v -0.36918724 -0.034775667 0.25273278
v -0.3760327 -0.032271247 0.2568591
v -0.34295052 -0.034894925 0.28717452
v -0.34950966 -0.031245627 0.29163477
v -0.3291642 -0.034871075 0.30348903
v -0.33784628 -0.031818066 0.30549258
v -0.2614256 0.00040547433 0.2637045
v -0.26245132 -0.0030291593 0.26227343
v -0.28525344 0.00040547433 0.32073376
v -0.28890273 -0.037900228 0.28855792
v -0.3037146 -0.03527655 0.32941574
v -0.3054081 -0.054787178 0.30570725
v -0.3150918 -0.054047775 0.33733448
v -0.30805558 -0.033654638 0.34005356
v -0.16725951 -0.043147583 0.4181676
v -0.13501213 -0.04319529 0.42906782
v -0.1670687 -0.035371955 0.4169035
v -0.12859596 0.0006916938 0.4097003
v -0.08470901 -0.04302833 0.44087437
v -0.079986416 0.00040547433 0.42155457
v -0.042539366 -0.04352921 0.4483399
v -0.025175324 0.00040547433 0.42839998
v -0.021812286 -0.042909067 0.44645563
v -0.18281074 0.00040547433 0.38852003
v -0.18836807 -0.03544351 0.40693352
v -0.25255287 -0.03398856 0.36896175
v -0.24458641 0.00040547433 0.35286188
v -0.28551576 -0.035515066 0.34503856
v -0.28525344 0.00040547433 0.32073376
v -0.3037146 -0.03527655 0.32941574
v -0.3054081 -0.054787178 0.30570725
v -0.3393966 -0.051519502 0.31412688
v -0.34223494 -0.05524036 0.32233182
v -0.3291642 -0.034871075 0.30348903
v -0.33784628 -0.031818066 0.30549258
v -0.28890273 -0.037900228 0.28855792
v -0.32072073 0.00040547433 0.28502786
v -0.26245132 -0.0030291593 0.26227343
v -0.26357222 0.00040547433 0.26136708
v -1.1901855E-05 -0.0020512426 0.37106067
v -0.0013714599 0.0002623646 0.3710845
v -0.025175324 0.00040547433 0.42839998
v -0.021812286 -0.042909067 0.44645563
v -1.1901855E-05 -0.04178804 0.41177538
v -0.43074834 0.0073939995 0.43088055
v -0.4330381 0.00042932594 0.42825687
v -0.38752913 0.00040547433 0.3378592
v -0.3805407 0.056337528 0.37964725
v -0.36100617 0.056432933 0.3452532
v -0.36408302 0.056432933 0.32109153
v -0.3891272 0.00040547433 0.32798466
v -0.4003852 0.056122866 0.26866567
v -0.42235252 0.00040547433 0.2815217
v -0.44498777 0.04021383 0.20271593
v -0.43830925 0.05640908 0.20259668
v -0.4616362 0.00040547433 0.21075393
v -0.4573429 0.04181189 0.17096943
v -0.48749137 0.00040547433 0.14160807
v -0.46943563 0.056671448 0.11207976
v -0.45192856 0.056313675 0.16548355
v -0.5004905 0.0007155454 0.08236064
v -0.47401512 0.056432933 0.080714874
v -0.48326957 0.05638523 0.030674182
v -0.50891006 0.00040547433 0.03916536
v -0.5013968 0.056361377 0.008563727
v -0.5188085 0.00040547433 0.032248385
v -0.5468581 0.056432933 -0.0012154364
v -0.6571479 0.0072747413 0.00012025434
v -0.6566708 0.00040547433 0.0033402233
v -0.44894713 0.03625446 0.018223634
v -0.37111923 0.00042932594 0.0014797967
v -0.42857778 0.00040547433 0.025140604
v -0.42347357 0.051424094 -0.0010961783
v -0.37104765 0.003887811 -4.670701E-05
v -0.46216086 0.050970912 0.017627345
v -0.2614256 0.00040547433 0.2637045
v -0.29777548 0.050064553 0.29726374
v -0.26245132 0.0039116624 0.26227343
v -0.28525344 0.00040547433 0.32073376
v -0.30426323 0.03565817 0.32951114
v -0.31454322 0.051161725 0.33905178
v -3.5705565E-05 0.051686462 0.42260405
v -0.017495116 0.051447943 0.46257934
v -0.01809143 0.03577743 0.44760054
v -1.1901855E-05 0.0034584817 0.37106067
v -0.025175324 0.00040547433 0.42839998
v -0.0013714599 0.0002623646 0.3710845
v -0.042539366 -0.04352921 0.4483399
v -0.08470901 -0.04302833 0.44087437
v -0.045115355 -0.0433384 0.4568788
v -0.07023101 -0.0433384 0.45339647
v -0.106604844 -0.043266844 0.44659874
v -0.13501213 -0.04319529 0.42906782
v -0.13971077 -0.0433384 0.4372728
v -0.15962699 -0.0433861 0.43049893
v -0.17055099 -0.043266844 0.42622948
v -0.16725951 -0.043147583 0.4181676
v -0.038842313 -0.04927745 0.4485069
v -0.021812286 -0.042909067 0.44645563
v -0.042539366 -0.04352921 0.4483399
v -0.021716766 -0.049706783 0.4472666
v -0.0024447632 -0.041955 0.4023063
v -0.0024209595 -0.048705015 0.4023063
v 0.00013122558 -0.049706783 0.40144762
v -1.1901855E-05 -0.041955 0.40144762
v 0.0023493958 -0.049515966 0.40233016
v 0.0023731994 -0.041955 0.40233016
v 0.02250412 -0.042742107 0.44552544
v 0.022766419 -0.049706783 0.4491032
v 0.043040313 -0.04319529 0.4474336
v 0.03917633 -0.049468264 0.44779137
v -0.4330381 0.00042932594 0.42825687
v -0.43074834 0.0073939995 0.43088055
v -0.42841086 -7.1558075E-05 0.43302718
v -0.43074834 -0.006750012 0.43088055
v -0.3291642 -0.034871075 0.30348903
v -0.32072073 0.00040547433 0.28502786
v -0.34295052 -0.034894925 0.28717452
v -0.3532306 0.00038162273 0.24407463
v -0.36918724 -0.034775667 0.25273278
v -0.40670586 -0.03527655 0.18790407
v -0.3886263 0.00038162273 0.18263286
v -0.41650894 -0.035300404 0.16674767
v -0.41219175 0.00040547433 0.11947376
v -0.43062904 -0.035204995 0.121978186
v -0.44133842 -0.035252698 0.07553908
v -0.42328277 0.00040547433 0.07122193
v -0.44591796 -0.035324257 0.03906995
v -0.42857778 0.00040547433 0.025140604
v -0.44763526 -0.035324257 0.017913563
v -0.26245132 0.0039116624 0.26227343
v -0.26245132 -0.0030291593 0.26227343
v -0.2614256 0.00040547433 0.2637045
v -0.26357222 0.00040547433 0.26136708
v -0.6566708 0.00040547433 0.0033402233
v -0.6571479 -0.0064876443 0.00012025434
v -0.6567663 0.00040547433 -0.0032905275
v -0.6571479 0.0072747413 0.00012025434
v -0.0033987425 0.0002623646 0.6569462
v -1.1901855E-05 0.056432933 0.544939
v -1.1901855E-05 0.0067500058 0.6569462
v -0.033356477 0.00040547433 0.5164602
v -0.0102919005 0.056432933 0.50100434
v -0.037840575 0.00040547433 0.50987715
v -0.017996063 0.056242116 0.49079582
v -0.032354582 0.056027453 0.48249546
v -0.04382721 0.00040547433 0.50680023
v -0.070636444 0.056432933 0.47681877
v -0.10276474 0.00040547433 0.4948983
v -0.1391146 0.056003608 0.46026576
v -0.15886375 0.0005008808 0.48201838
v -0.17226836 0.040810123 0.4582622
v -0.16597144 0.056170568 0.45249012
v -0.20255989 0.04016613 0.44602633
v -0.21221977 0.0005724357 0.46100512
v -0.2836315 0.00040547433 0.4207913
v -0.27118102 0.05640908 0.3982038
v -0.20313224 0.056432933 0.43610403
v -0.3282102 0.00038162273 0.38890165
v -0.32289124 0.05640908 0.36295113
v -0.33827552 0.00040547433 0.38739902
v -0.34602737 0.056432933 0.3603513
v -0.3805407 0.056337528 0.37964725
v -0.43074834 0.0073939995 0.43088055
v -0.42841086 -7.1558075E-05 0.43302718
v -0.44763526 -0.035324257 0.017913563
v -0.42857778 0.00040547433 0.025140604
v -0.37111923 0.00042932594 0.0014797967
v -0.42313963 -0.047894057 9.640271E-05
v -0.37104765 -0.0031007144 -4.670701E-05
v -0.46321037 -0.051090173 0.016744833
v -0.45746216 -0.03129333 0.023828765
v -0.43423066 -0.055598132 0.00014410596
v -0.47151077 -0.055335764 0.013882641
v -0.19068176 0.040905528 0.4169989
v -0.1990776 0.052592825 0.4272551
v -0.19526123 0.051853422 0.41864467
v -0.20255989 0.04016613 0.44602633
v -0.20313224 0.056432933 0.43610403
v -0.1996022 0.056051306 0.42751747
v -0.20255989 0.04016613 0.44602633
v -0.19068176 0.040905528 0.4169989
v -0.1611534 0.04114404 0.429998
v -0.17226836 0.040810123 0.4582622
v -0.16597144 0.056170568 0.45249012
v -0.16277534 0.052235045 0.44275868
v -0.16241752 0.056194417 0.44359344
v -0.17226836 0.040810123 0.4582622
v -0.1611534 0.04114404 0.429998
v -0.15893523 0.051686462 0.4346968
v -0.37104765 -0.0031007144 -4.670701E-05
v -0.37111923 0.00042932594 0.0014797967
v -0.37104765 0.003887811 -4.670701E-05
v -0.37111923 0.00042932594 -0.0015970623
v -0.41925186 0.051447943 0.19486876
v -0.42888784 0.056003608 0.19856575
v -0.41746297 0.041311007 0.19052775
v -0.44498777 0.04021383 0.20271593
v -0.43830925 0.05640908 0.20259668
v -0.43399215 0.052235045 0.15901975
v -0.42950806 0.04050005 0.15930597
v -0.44327042 0.056194417 0.16192967
v -0.4573429 0.04181189 0.17096943
v -0.45192856 0.056313675 0.16548355
v -0.4573429 0.04181189 0.17096943
v -0.42950806 0.04050005 0.15930597
v -0.41746297 0.041311007 0.19052775
v -0.44498777 0.04021383 0.20271593
v -0.17260224 -0.03980836 0.45842913
v -0.16070029 -0.039569844 0.4307374
v -0.17100418 -0.039712954 0.42625332
v -0.20318007 -0.0397368 0.44543
v -0.19127807 -0.039474435 0.41611636
v -0.19127807 -0.039474435 0.41611636
v -0.20289375 -0.055526573 0.4363187
v -0.20318007 -0.0397368 0.44543
v -0.19910133 -0.055526573 0.427589
v -0.19495125 -0.051376395 0.4192171
v -0.16070029 -0.039569844 0.4307374
v -0.15881592 -0.050923213 0.43410048
v -0.15962699 -0.0433861 0.43049893
v -0.16220291 -0.05545502 0.44380814
v -0.17260224 -0.03980836 0.45842913
v -0.16594757 -0.055669688 0.4526332
v -0.17055099 -0.043266844 0.42622948
v -0.17100418 -0.039712954 0.42625332
v -0.16070029 -0.039569844 0.4307374
v -0.15962699 -0.0433861 0.43049893
v -0.17100418 -0.039712954 0.42625332
v -0.17055099 -0.043266844 0.42622948
v -0.16725951 -0.043147583 0.4181676
v -0.16976394 -0.03561047 0.4235104
v -0.1670687 -0.035371955 0.4169035
v -0.44274566 -0.055526573 0.1618104
v -0.45190465 -0.055121098 0.16555509
v -0.45755753 -0.0403808 0.17092173
v -0.4294603 -0.040929385 0.15944909
v -0.4338729 -0.051137876 0.1590436
v -0.41865554 -0.03997532 0.1897645
v -0.4469197 -0.039712954 0.20197652
v -0.43869093 -0.055979755 0.20271593
v -0.4204444 -0.051614914 0.1942486
v -0.41865554 -0.03997532 0.1897645
v -0.45755753 -0.0403808 0.17092173
v -0.4469197 -0.039712954 0.20197652
v -0.4294603 -0.040929385 0.15944909
v -0.26357222 0.00040547433 0.26136708
v -0.26245132 0.0039116624 0.26227343
v -0.32072073 0.00040547433 0.28502786
v -0.29777548 0.050064553 0.29726374
v -0.3295459 0.035896685 0.3037037
v -0.33968285 0.051447943 0.31458002
v -0.30412 -0.03601595 -0.3290798
v -0.2537931 -0.035252698 -0.3692221
v -0.30729225 -0.03262902 -0.34050477
v -0.25796714 -0.034966476 -0.37659225
v -0.19013312 -0.039569844 -0.4167584
v -0.18662697 -0.035371955 -0.40759933
v -0.1705033 -0.038258005 -0.42598894
v -0.16721176 -0.03601595 -0.41857108
v -0.27084708 -0.055598132 -0.39784405
v -0.2027507 -0.055526573 -0.43679374
v -0.20341857 -0.04009458 -0.44449782
v -0.2826059 0.00040547433 -0.42164794
v -0.21298309 0.0005724357 -0.46064535
v -0.15919761 0.00052473246 -0.48192105
v -0.16985923 -0.04102479 -0.45761618
v -0.16473122 -0.055359617 -0.45182025
v -0.13825592 -0.054930285 -0.461027
v -0.1092762 -0.05543117 -0.47164094
v -0.103146285 0.00040547433 -0.4969237
v -0.055729218 -0.05524036 -0.47767538
v -0.041418303 0.00040547433 -0.50777614
v -0.03359497 -0.05395237 -0.48163483
v -0.010601959 -0.055598132 -0.49923727
v -0.032617033 0.00040547433 -0.5183901
v -1.1901855E-05 -0.055598132 -0.5473699
v -0.0033987425 0.0002623646 -0.6569443
v -1.1901855E-05 -0.0059629087 -0.6569443
v -0.30035147 -0.050636996 -0.30126882
v -0.26371545 0.0002623646 -0.2614366
v -0.26245132 -0.0030291593 -0.262176
v -0.32074463 0.00040547433 -0.2851213
v -0.32949814 -0.035252698 -0.3035824
v -0.33927742 -0.051114023 -0.31405327
v -0.33977827 -0.034274783 -0.3095215
v -0.34380913 -0.05557428 -0.32442874
v -0.30600432 -0.05500184 -0.3059199
v -0.26154494 0.0002623646 -0.263631
v -0.30035147 -0.050636996 -0.30126882
v -0.26245132 -0.0030291593 -0.262176
v -0.28522956 0.00040547433 -0.3208272
v -0.30412 -0.03601595 -0.3290798
v -0.3141854 -0.051114023 -0.33842963
v -0.30729225 -0.03262902 -0.34050477
v -0.30600432 -0.05500184 -0.3059199
v -0.3239885 -0.05547888 -0.3450127
v -0.28522956 0.00040547433 -0.3208272
v -0.2537931 -0.035252698 -0.3692221
v -0.30412 -0.03601595 -0.3290798
v -0.24368003 0.00040547433 -0.3535277
v -0.18044937 0.00040547433 -0.3893767
v -0.18662697 -0.035371955 -0.40759933
v -0.16721176 -0.03601595 -0.41857108
v -0.1261393 0.0006916938 -0.4104377
v -0.13133888 -0.043266844 -0.42973363
v -0.16702087 -0.04319529 -0.41654372
v -0.07104202 -0.04340995 -0.44397306
v -0.06574707 0.00040547433 -0.42386615
v -0.042062223 -0.043314546 -0.44738382
v -0.025246887 0.00040547433 -0.4283264
v -0.022551574 -0.042742107 -0.4479563
v -0.023195649 -0.049778335 -0.44733614
v -0.03891388 -0.049515966 -0.44778934
v -0.0015861511 0.0002623646 -0.3711302
v -0.022551574 -0.042742107 -0.4479563
v -0.025246887 0.00040547433 -0.4283264
v -1.1901855E-05 -0.0031961205 -0.3711302
v -1.1901855E-05 -0.04178804 -0.41420627
v -0.3880539 0.00040547433 -0.3401947
v -0.4330381 0.0002623646 -0.4282787
v -0.43101066 0.0073939995 -0.43068776
v -0.36100617 0.056432933 -0.3476841
v -0.3805407 0.056337528 -0.3820781
v -0.3593842 0.056432933 -0.33747557
v -0.38800627 0.00040547433 -0.3302247
v -0.36038595 0.056432933 -0.3261699
v -0.3986441 0.056122866 -0.2692361
v -0.4215177 0.00040547433 -0.28256914
v -0.44465384 0.04021383 -0.20352489
v -0.4366635 0.05640908 -0.20283319
v -0.45598334 0.00040547433 -0.22258231
v -0.46538094 0.007942587 -0.19076426
v -0.4577722 0.04030924 -0.1716114
v -0.46705046 0.0002623646 -0.1969657
v -0.46199393 0.0016934618 -0.2047413
v -0.46134993 0.00534276 -0.1786715
v -0.4689109 0.015980583 -0.1744736
v -0.46850547 0.011257961 -0.17153986
v -0.47444448 -0.00078710675 -0.17926778
v -0.47826073 0.00040547433 -0.17194533
v -0.46712202 0.028240316 -0.16216618
v -0.47456375 0.0124743935 -0.16359727
v -0.48908934 0.00045317758 -0.1370027
v -0.46476072 0.056576047 -0.13087286
v -0.45440918 0.056313675 -0.16696033
v -0.50084823 0.0006439905 -0.08071289
v -0.47554168 0.056456786 -0.076133385
v -0.5083137 0.00040547433 -0.040069733
v -0.48462912 0.05638523 -0.026044974
v -0.5167811 0.00040547433 -0.03291424
v -0.5010628 0.056361377 -0.009897427
v -0.5468581 0.056432933 -0.0012154364
v -0.6567663 0.00040547433 -0.0032905275
v -0.6571479 0.0072747413 0.00012025434
v -0.42841086 0.00040547433 -0.025186313
v -0.37111923 0.00042932594 -0.0015970623
v -0.4477546 0.03742319 -0.019056449
v -0.42347357 0.051424094 -0.0010961783
v -0.37104765 0.003887811 -4.670701E-05
v -0.46239942 0.051447943 -0.017124467
v -0.26245132 0.0039116624 -0.262176
v -0.28522956 0.00040547433 -0.3208272
v -0.26154494 0.0002623646 -0.263631
v -0.2981333 0.050279215 -0.2994084
v -0.3035476 0.035968244 -0.32903212
v -0.31454322 0.051567204 -0.3398846
v -0.43101066 0.0073939995 -0.43068776
v -0.34633744 0.056432933 -0.36023006
v -0.3805407 0.056337528 -0.3820781
v -0.33899117 0.00040547433 -0.38770708
v -0.4284824 0.0002623646 -0.43304905
v -0.33243194 0.05640908 -0.3594906
v -0.32730392 0.00038162273 -0.3894483
v -0.3220565 0.05640908 -0.3613272
v -0.2689389 0.056361377 -0.39860728
v -0.2826059 0.00040547433 -0.42164794
v -0.20284614 0.040285386 -0.44490328
v -0.20303687 0.056337528 -0.4365552
v -0.21298309 0.0005724357 -0.46064535
v -0.15919761 0.00052473246 -0.48192105
v -0.17167206 0.040810123 -0.45730612
v -0.13856597 0.056003608 -0.46071687
v -0.16532752 0.05609901 -0.4521542
v -0.103146285 0.00040547433 -0.4969237
v -0.07316482 0.056432933 -0.47519484
v -0.041418303 0.00040547433 -0.50777614
v -0.032354582 0.056027453 -0.48495013
v -0.0102919005 0.056432933 -0.5021233
v -0.032617033 0.00040547433 -0.5183901
v -1.1901855E-05 0.056432933 -0.5473699
v -0.0033987425 0.0002623646 -0.6569443
v -1.1901855E-05 0.0067500058 -0.6569443
v -0.044638366 -0.04324299 -0.45668602
v -0.07104202 -0.04340995 -0.44397306
v -0.042062223 -0.043314546 -0.44738382
v -0.07142364 -0.04317144 -0.45320365
v -0.104219586 -0.04317144 -0.44673988
v -0.13133888 -0.043266844 -0.42973363
v -0.13408187 -0.04324299 -0.43841568
v -0.15950768 -0.043266844 -0.4300437
v -0.16702087 -0.04319529 -0.41654372
v -0.17062248 -0.043314546 -0.42555964
v -0.4330381 0.0002623646 -0.4282787
v -0.43101066 -0.006750012 -0.43068776
v -0.4284824 0.0002623646 -0.43304905
v -0.43101066 0.0073939995 -0.43068776
v -0.34948584 -0.035324257 -0.28011245
v -0.32074463 0.00040547433 -0.2851213
v -0.32949814 -0.035252698 -0.3035824
v -0.35330206 0.00038162273 -0.24366716
v -0.3698551 -0.03544351 -0.25280234
v -0.3888887 0.00038162273 -0.18184376
v -0.40711144 -0.035371955 -0.18752044
v -0.4127165 0.0030768558 -0.11792143
v -0.43072447 -0.035348106 -0.12254863
v -0.42352125 0.00040547433 -0.06675969
v -0.44176772 -0.03527655 -0.07002737
v -0.42841086 0.00040547433 -0.025186313
v -0.44804075 -0.035371955 -0.018293196
v -0.35034445 -0.05557428 -0.36232898
v -0.3805407 -0.055955905 -0.3820781
v -0.36100617 -0.05547888 -0.34770793
v -0.34173408 -0.05557428 -0.34954453
v -0.34042227 -0.05564584 -0.33962223
v -0.35952744 -0.055335764 -0.3351381
v -0.36329597 -0.055121098 -0.31906214
v -0.33965895 -0.050350774 -0.35066554
v -0.3398021 -0.048538055 -0.3563422
v -0.32918814 -0.052258905 -0.3603493
v -0.34380913 -0.05557428 -0.32442874
v -0.35380295 -0.051781874 -0.2974287
v -0.39771384 -0.055598132 -0.27014247
v -0.33927742 -0.051114023 -0.31405327
v -0.33977827 -0.034274783 -0.3095215
v -0.35270575 -0.033893157 -0.2891522
v -0.3818048 -0.051447947 -0.26153204
v -0.37612814 -0.033559233 -0.25752494
v -0.3239885 -0.05547888 -0.3450127
v -0.30600432 -0.05500184 -0.3059199
v -0.3324558 -0.05528806 -0.346897
v -0.41944265 -0.051638763 -0.19469978
v -0.41624656 -0.039569844 -0.19088352
v -0.41388518 -0.03379775 -0.19121744
v -0.42922178 -0.04002302 -0.16075893
v -0.42864937 -0.032128137 -0.15939939
v -0.42740905 -0.05540732 -0.19894536
v -0.43442145 -0.050970916 -0.15844533
v -0.42123154 -0.054811027 -0.22651784
v -0.4202536 -0.054954138 -0.23376875
v -0.43630576 -0.055908203 -0.20266622
v -0.42578718 -0.054715622 -0.22463356
v -0.44462997 -0.050947063 -0.12600711
v -0.43797538 -0.031913474 -0.124098994
v -0.4535027 -0.055121098 -0.12822533
v -0.44310346 -0.055526573 -0.16166529
v -0.45638877 -0.051090173 -0.07265105
v -0.44975805 -0.03205658 -0.07145846
v -0.45719978 -0.029933786 -0.024112994
v -0.46220854 -0.05087551 -0.016814396
v -0.4652377 -0.05524036 -0.0742491
v -0.47067595 -0.055359617 -0.014333827
v -0.4629241 -0.05557428 -0.1306105
v -0.4520478 -0.055097245 -0.16529073
v -0.47558936 -0.055741243 -0.076133385
v -0.48539236 -0.05526421 -0.024613876
v -0.4848915 -0.05526421 0.025641492
v -0.50220776 -0.055144947 0.008349064
v -0.50187385 -0.055144947 -0.009706614
v -0.55107975 -0.05483488 0.0005257319
v -0.47151077 -0.055335764 0.013882641
v -0.46490386 -0.05524036 0.0781389
v -0.43423066 -0.055598132 0.00014410596
v -0.47446838 -0.055741243 0.078377426
v -0.46387815 -0.055598132 0.13361777
v -0.46068212 -0.051066324 0.04062031
v -0.46321037 -0.051090173 0.016744833
v -0.45746216 -0.03129333 0.023828765
v -0.45400366 -0.03217584 0.03976165
v -0.44994888 -0.031078665 0.077137135
v -0.45512474 -0.05070855 0.076612405
v -0.43978813 -0.032843683 0.12407712
v -0.4529064 -0.055073395 0.13058862
v -0.45190465 -0.055121098 0.16555509
v -0.44274566 -0.055526573 0.1618104
v -0.4338729 -0.051137876 0.1590436
v -0.44443914 -0.050756253 0.12713014
v -0.43055746 -0.034680262 0.15522735
v -0.4294603 -0.040929385 0.15944909
v -0.4130027 -0.033296864 0.19207811
v -0.41865554 -0.03997532 0.1897645
v -0.4204444 -0.051614914 0.1942486
v -0.38232946 -0.052068096 0.26057997
v -0.3760327 -0.032271247 0.2568591
v -0.3555203 -0.051662616 0.2961189
v -0.34950966 -0.031245627 0.29163477
v -0.3393966 -0.051519502 0.31412688
v -0.33784628 -0.031818066 0.30549258
v -0.26371545 0.0002623646 -0.2614366
v -0.26245132 0.0039116624 -0.262176
v -0.26154494 0.0002623646 -0.263631
v -0.26245132 -0.0030291593 -0.262176
v -0.44176772 -0.03527655 -0.07002737
v -0.45719978 -0.029933786 -0.024112994
v -0.44804075 -0.035371955 -0.018293196
v -0.44975805 -0.03205658 -0.07145846
v -0.43072447 -0.035348106 -0.12254863
v -0.43797538 -0.031913474 -0.124098994
v -0.42864937 -0.032128137 -0.15939939
v -0.41388518 -0.03379775 -0.19121744
v -0.40711144 -0.035371955 -0.18752044
v -0.3698551 -0.03544351 -0.25280234
v -0.37612814 -0.033559233 -0.25752494
v -0.34948584 -0.035324257 -0.28011245
v -0.35270575 -0.033893157 -0.2891522
v -0.33977827 -0.034274783 -0.3095215
v -0.32949814 -0.035252698 -0.3035824
v -0.0015861511 0.0002623646 -0.3711302
v -0.025246887 0.00040547433 -0.4283264
v -1.1901855E-05 0.004126327 -0.3711302
v -0.019045409 0.03561047 -0.44764626
v -1.1901855E-05 0.051543355 -0.42732462
v -0.017351989 0.05140024 -0.46276814
v -0.6571479 -0.0064876443 0.00012025434
v -0.55107975 -0.05483488 0.0005257319
v -0.6567663 0.00040547433 -0.0032905275
v -0.5167811 0.00040547433 -0.03291424
v -0.50187385 -0.055144947 -0.009706614
v -0.5083137 0.00040547433 -0.040069733
v -0.48539236 -0.05526421 -0.024613876
v -0.47558936 -0.055741243 -0.076133385
v -0.50084823 0.0006439905 -0.08071289
v -0.4629241 -0.05557428 -0.1306105
v -0.48908934 0.00045317758 -0.1370027
v -0.45934644 -0.04004687 -0.17294712
v -0.4520478 -0.055097245 -0.16529073
v -0.47826073 0.00040547433 -0.17194533
v -0.47444448 -0.00078710675 -0.17926778
v -0.46967414 -0.0068931216 -0.1833464
v -0.46134993 0.00534276 -0.1786715
v -0.46213707 -0.018389603 -0.187592
v -0.4447492 -0.04102479 -0.20252311
v -0.46705046 0.0002623646 -0.1969657
v -0.46321037 -0.012307441 -0.19334024
v -0.45750985 -0.0151934875 -0.20280933
v -0.4622325 -0.008705845 -0.19975634
v -0.46199393 0.0016934618 -0.2047413
v -0.4503543 -0.010494717 -0.20633937
v -0.45598334 0.00040547433 -0.22258231
v -0.4414338 -0.020512396 -0.2133756
v -0.44789764 -0.024042437 -0.21218303
v -0.428554 -0.026809225 -0.2207219
v -0.44107604 -0.026761523 -0.224562
v -0.44167235 -0.03470411 -0.21506906
v -0.43251336 -0.023636958 -0.24350019
v -0.4215177 0.00040547433 -0.28256914
v -0.43613875 -0.040356945 -0.22007789
v -0.42578718 -0.054715622 -0.22463356
v -0.43630576 -0.055908203 -0.20266622
v -0.42123154 -0.054811027 -0.22651784
v -0.4202536 -0.054954138 -0.23376875
v -0.42700362 -0.0286935 -0.24056643
v -0.39771384 -0.055598132 -0.27014247
v -0.38800627 0.00040547433 -0.3302247
v -0.36329597 -0.055121098 -0.31906214
v -0.35952744 -0.055335764 -0.3351381
v -0.3880539 0.00040547433 -0.3401947
v -0.36100617 -0.05547888 -0.34770793
v -0.3805407 -0.055955905 -0.3820781
v -0.4330381 0.0002623646 -0.4282787
v -0.43101066 -0.006750012 -0.43068776
v -0.43101066 -0.006750012 -0.43068776
v -0.3805407 -0.055955905 -0.3820781
v -0.4284824 0.0002623646 -0.43304905
v -0.33899117 0.00040547433 -0.38770708
v -0.34471557 -0.031484142 -0.37330073
v -0.32730392 0.00038162273 -0.3894483
v -0.34287903 -0.0301246 -0.3671232
v -0.35034445 -0.05557428 -0.36232898
v -0.3398021 -0.048538055 -0.3563422
v -0.32918814 -0.052258905 -0.3603493
v -0.32747084 -0.03177036 -0.37153572
v -0.32143638 -0.036254466 -0.364094
v -0.30791244 -0.04608133 -0.3748988
v -0.2983957 -0.05524036 -0.37704542
v -0.3088427 -0.049515966 -0.3681726
v -0.37111923 0.00042932594 -0.0015970623
v -0.42841086 0.00040547433 -0.025186313
v -0.44804075 -0.035371955 -0.018293196
v -0.37104765 -0.0031007144 -4.670701E-05
v -0.42313963 -0.047894057 9.640271E-05
v -0.46220854 -0.05087551 -0.016814396
v -0.45719978 -0.029933786 -0.024112994
v -0.43423066 -0.055598132 0.00014410596
v -0.47067595 -0.055359617 -0.014333827
v -0.19802803 0.0522112 -0.42742008
v -0.19010933 0.041024785 -0.41728312
v -0.19452186 0.051495645 -0.41919124
v -0.20284614 0.040285386 -0.44490328
v -0.1993161 0.055908196 -0.42732462
v -0.20303687 0.056337528 -0.4365552
v -0.19010933 0.041024785 -0.41728312
v -0.20284614 0.040285386 -0.44490328
v -0.17167206 0.040810123 -0.45730612
v -0.16062874 0.04114404 -0.42968592
v -0.16172592 0.056122866 -0.4427089
v -0.16213141 0.0522589 -0.44196954
v -0.16532752 0.05609901 -0.4521542
v -0.17167206 0.040810123 -0.45730612
v -0.16062874 0.04114404 -0.42968592
v -0.15926918 0.052020382 -0.4338123
v -0.4155787 0.040404644 -0.19226691
v -0.42740905 0.056003608 -0.1989215
v -0.41903716 0.05204423 -0.19458053
v -0.44465384 0.04021383 -0.20352489
v -0.4366635 0.05640908 -0.20283319
v -0.4451785 0.056194417 -0.1625001
v -0.43012816 0.04207426 -0.1596379
v -0.4347316 0.051614903 -0.15856457
v -0.4577722 0.04030924 -0.1716114
v -0.45440918 0.056313675 -0.16696033
v -0.4155787 0.040404644 -0.19226691
v -0.4577722 0.04030924 -0.1716114
v -0.44465384 0.04021383 -0.20352489
v -0.43012816 0.04207426 -0.1596379
v -0.1705033 -0.038258005 -0.42598894
v -0.16036636 -0.03880659 -0.43052077
v -0.16985923 -0.04102479 -0.45761618
v -0.20341857 -0.04009458 -0.44449782
v -0.19013312 -0.039569844 -0.4167584
v -0.19902976 -0.055502724 -0.42765856
v -0.20341857 -0.04009458 -0.44449782
v -0.2027507 -0.055526573 -0.43679374
v -0.19013312 -0.039569844 -0.4167584
v -0.19480811 -0.051352542 -0.41940588
v -0.15950768 -0.043266844 -0.4300437
v -0.15888748 -0.050756253 -0.43400308
v -0.16036636 -0.03880659 -0.43052077
v -0.16163048 -0.055359617 -0.44320983
v -0.16985923 -0.04102479 -0.45761618
v -0.16473122 -0.055359617 -0.45182025
v -0.16036636 -0.03880659 -0.43052077
v -0.1705033 -0.038258005 -0.42598894
v -0.17062248 -0.043314546 -0.42555964
v -0.15950768 -0.043266844 -0.4300437
v -0.16721176 -0.03601595 -0.41857108
v -0.17062248 -0.043314546 -0.42555964
v -0.1705033 -0.038258005 -0.42598894
v -0.16702087 -0.04319529 -0.41654372
v -0.45934644 -0.04004687 -0.17294712
v -0.4520478 -0.055097245 -0.16529073
v -0.44310346 -0.055526573 -0.16166529
v -0.42922178 -0.04002302 -0.16075893
v -0.43442145 -0.050970916 -0.15844533
v -0.30729225 -0.03262902 -0.34050477
v -0.25796714 -0.034966476 -0.37659225
v -0.3141854 -0.051114023 -0.33842963
v -0.2609725 -0.051376395 -0.3818396
v -0.30109084 -0.054763325 -0.36237666
v -0.19480811 -0.051352542 -0.41940588
v -0.19013312 -0.039569844 -0.4167584
v -0.26543275 -0.055526573 -0.38987762
v -0.19902976 -0.055502724 -0.42765856
v -0.2027507 -0.055526573 -0.43679374
v -0.27084708 -0.055598132 -0.39784405
v -0.2983957 -0.05524036 -0.37704542
v -0.3088427 -0.049515966 -0.3681726
v -0.30827025 -0.054715622 -0.3657636
v -0.31921813 -0.055168804 -0.362806
v -0.32143638 -0.036254466 -0.364094
v -0.32708916 -0.05540732 -0.3554597
v -0.3303568 -0.055526573 -0.35567436
v -0.45934644 -0.04004687 -0.17294712
v -0.41624656 -0.039569844 -0.19088352
v -0.4447492 -0.04102479 -0.20252311
v -0.42922178 -0.04002302 -0.16075893
v -0.43630576 -0.055908203 -0.20266622
v -0.4447492 -0.04102479 -0.20252311
v -0.42740905 -0.05540732 -0.19894536
v -0.41624656 -0.039569844 -0.19088352
v -0.41944265 -0.051638763 -0.19469978
v -0.32074463 0.00040547433 -0.2851213
v -0.26245132 0.0039116624 -0.262176
v -0.26371545 0.0002623646 -0.2614366
v -0.2981333 0.050279215 -0.2994084
v -0.3303092 0.035896685 -0.3032962
v -0.33922964 0.051495645 -0.31515047
v -0.29176491 -0.03415552 0.3514785
v -0.3037146 -0.03527655 0.32941574
v -0.30805558 -0.033654638 0.34005356
v -0.28551576 -0.035515066 0.34503856
v -0.25255287 -0.03398856 0.36896175
v -0.2576332 -0.03262902 0.37568787
v -0.19194596 -0.033964712 0.4143275
v -0.18836807 -0.03544351 0.40693352
v -0.1670687 -0.035371955 0.4169035
v -0.16976394 -0.03561047 0.4235104
v 0.16518447 0.056122866 -0.45186797
v 0.13026565 -0.012068924 -0.45527872
v 0.1615828 0.05609901 -0.44249427
v 0.17090881 0.04138256 -0.4570199
v 0.18252456 0.0005485841 -0.47111624
v 0.17493972 -0.012378995 -0.46751463
v 0.17078964 -0.01586133 -0.46710914
v 0.16518447 -0.018723525 -0.46737152
v 0.16139206 -0.024328656 -0.46675137
v 0.15550078 -0.035061885 -0.465845
v 0.15061797 -0.04546866 -0.46179146
v 0.16198836 0.051591057 -0.4421842
v 0.13026565 -0.012068924 -0.45527872
v 0.15948394 0.051996537 -0.4343847
v 0.0780307 0.035848986 -0.4413017
v 0.07481064 0.0002623646 -0.42245892
v 0.104982905 -0.009135174 -0.42231578
v 0.10514999 -0.013213801 -0.42372307
v 0.113593444 -0.011520336 -0.42040765
v 0.12020034 -0.012808324 -0.41897658
v 0.1307904 -0.02628449 -0.4236754
v 0.13267471 -0.026069824 -0.42534494
v 0.16704483 -0.03584899 -0.41706842
v 0.17059875 -0.036373727 -0.4260367
v 0.15912613 -0.037852522 -0.43049693
v 0.13026565 -0.012068924 -0.45527872
v 0.15912613 -0.04319529 -0.43028224
v 0.16015168 -0.047202364 -0.43581584
v 0.14941849 -0.051161733 -0.44681144
v 0.14968094 -0.050684694 -0.45484942
v 0.15168442 -0.048037164 -0.46000135
v 0.14710495 -0.044602532 -0.46319747
v 0.14481506 -0.027691735 0.46932936
v 0.09391586 -0.008300368 0.46164912
v 0.15163681 -0.041382566 0.45935938
v 0.1429547 -0.02423325 0.4719292
v 0.15504745 -0.042718258 0.45766592
v 0.09391586 -0.008300368 0.46164912
v 0.15841064 -0.03914051 0.45695037
v 0.16403961 -0.039569844 0.4563779
v 0.1429547 -0.02423325 0.4719292
v 0.12365875 0.008324212 0.46164912
v 0.13937698 -0.02513961 0.4721677
v 0.14481506 -0.027691735 0.46932936
v 0.1173143 -0.017841017 0.4820661
v 0.15163681 -0.041382566 0.45935938
v 0.094989166 -0.00965991 0.4910343
v 0.15504745 -0.042718258 0.45766592
v 0.086497955 -0.0094690975 0.493014
v 0.15841064 -0.03914051 0.45695037
v 0.086211696 -0.009349839 0.4954469
v 0.16403961 -0.039569844 0.4563779
v 0.08318252 -0.0011925843 0.4975935
v 0.17167206 -0.038258005 0.45487526
v 0.08132217 0.00725089 0.49456438
v 0.1611058 -0.037876375 0.43052277
v 0.070588835 0.056432933 0.47681877
v 0.17095657 -0.0367315 0.42642027
v 0.06887161 0.05662375 0.4663956
v 0.16704483 -0.03568203 0.41702273
v 0.06848999 0.051567204 0.45742738
v 0.11814911 0.0006439905 0.412801
v 0.06863312 0.03620676 0.44371268
v 0.10865615 0.036182906 0.4344821
vt 0.7225 0.5926
vt 0.7497 0.5995
vt 0.7497 0.5926
vt 0.7173 0.6331
vt 0.7224 0.641
vt 0.7224 0.6346
vt 0.7062 0.0558
vt 0.7139 0.0617
vt 0.7139 0.0558
vt 0.7139 0.0617
vt 0.7062 0.0558
vt 0.7062 0.0617
vt 0.3269 0.2166
vt 0.3199 0.2105
vt 0.3199 0.2166
vt 0.3199 0.2105
vt 0.3269 0.2166
vt 0.3269 0.2105
vt 0.8179 0.0911
vt 0.8222 0.0979
vt 0.8232 0.0979
vt 0.6554 0.5953
vt 0.6563 0.5917
vt 0.6549 0.5934
vt 0.8062 0.0879
vt 0.7955 0.0844
vt 0.804 0.0883
vt 0.625 0.82
vt 0.6277 0.8142
vt 0.6253 0.82
vt 0.6327 0.8138
vt 0.6277 0.8142
vt 0.6327 0.8135
vt 0.4116 0.9082
vt 0.4037 0.9201
vt 0.4109 0.9091
vt 0.3944 0.9231
vt 0.4037 0.9201
vt 0.3946 0.9236
vt 0.3967 0.9278
vt 0.4037 0.9201
vt 0.3978 0.928
vt 0.451 0.0897
vt 0.4426 0.0981
vt 0.451 0.0897
vt 0.4485 0.0897
vt 0.4426 0.0981
vt 0.451 0.0897
vt 0.4453 0.0897
vt 0.4426 0.0981
vt 0.4485 0.0897
vt 0.4385 0.0897
vt 0.4426 0.0981
vt 0.4453 0.0897
vt 0.4284 0.0897
vt 0.4426 0.0981
vt 0.4385 0.0897
vt 0.4284 0.0951
vt 0.4426 0.0981
vt 0.4284 0.0897
vt 0.4284 0.1032
vt 0.4426 0.0981
vt 0.4284 0.0978
vt 0.451 0.0897
vt 0.4426 0.0981
vt 0.451 0.1032
vt 0.4473 0.1032
vt 0.4426 0.0981
vt 0.4424 0.1032
vt 0.4284 0.1032
vt 0.4426 0.0981
vt 0.4284 0.1032
vt 0.4284 0.0978
vt 0.4426 0.0981
vt 0.4284 0.0972
vt 0.4284 0.0972
vt 0.4426 0.0981
vt 0.4284 0.0951
vt 0.451 0.1032
vt 0.4426 0.0981
vt 0.4493 0.1032
vt 0.4488 0.1032
vt 0.4426 0.0981
vt 0.4473 0.1032
vt 0.4493 0.1032
vt 0.4426 0.0981
vt 0.4488 0.1032
vt 0.451 0.1032
vt 0.4426 0.0981
vt 0.451 0.1032
vt 0.4284 0.1032
vt 0.4426 0.0981
vt 0.4284 0.1032
vt 0.4375 0.1032
vt 0.4426 0.0981
vt 0.437 0.1032
vt 0.4424 0.1032
vt 0.4426 0.0981
vt 0.4375 0.1032
vt 0.553 0.2406
vt 0.5356 0.2321
vt 0.5356 0.2406
vt 0.553 0.2321
vt 0.5554 0.23
vt 0.5554 0.2321
vt 0.5336 0.23
vt 0.5336 0.2321
vt 0.9247 0.1608
vt 0.926 0.1551
vt 0.9247 0.1551
vt 0.9342 0.1551
vt 0.9354 0.1608
vt 0.9354 0.1551
vt 0.9342 0.1462
vt 0.926 0.1462
vt 0.7975 0.1923
vt 0.7808 0.2009
vt 0.7975 0.2009
vt 0.7808 0.1923
vt 0.7837 0.1883
vt 0.794 0.1883
vt 0.789 0.1874
vt 0.7015 0.2149
vt 0.682 0.2149
vt 0.682 0.2202
vt 0.7015 0.2202
vt 0.8304 0.2734
vt 0.8304 0.2679
vt 0.8144 0.2679
vt 0.8144 0.2734
vt 0.8981 0.9181
vt 0.8981 0.9421
vt 0.9139 0.9421
vt 0.9139 0.9181
vt 0.8551 0.5917
vt 0.8497 0.5987
vt 0.8551 0.5987
vt 0.8497 0.5917
vt 0.8485 0.5987
vt 0.8485 0.5917
vt 0.8395 0.5917
vt 0.8395 0.5942
vt 0.8395 0.5987
vt 0.8354 0.5987
vt 0.8354 0.5942
vt 0.8285 0.5925
vt 0.8231 0.5996
vt 0.8285 0.5996
vt 0.8231 0.5925
vt 0.8219 0.5925
vt 0.8219 0.5996
vt 0.8128 0.5996
vt 0.8128 0.5968
vt 0.8128 0.5925
vt 0.8088 0.5968
vt 0.8088 0.5925
vt 0.7513 0.3941
vt 0.7606 0.3941
vt 0.7606 0.3595
vt 0.7513 0.3595
vt 0.7717 0.363
vt 0.7656 0.363
vt 0.7656 0.3877
vt 0.7717 0.3877
vt 0.6839 0.9188
vt 0.6839 0.923
vt 0.6849 0.9233
vt 0.6908 0.9188
vt 0.6908 0.9259
vt 0.6853 0.9259
vt 0.6939 0.9259
vt 0.6939 0.9188
vt 0.6972 0.9259
vt 0.6972 0.9188
vt 0.7004 0.9188
vt 0.7004 0.9259
vt 0.7037 0.9259
vt 0.7037 0.9188
vt 0.7096 0.923
vt 0.7091 0.9259
vt 0.7106 0.9188
vt 0.7106 0.9227
vt 0.3924 0.982
vt 0.3924 0.988
vt 0.3987 0.988
vt 0.3987 0.982
vt 0.4026 0.982
vt 0.4026 0.988
vt 0.4055 0.982
vt 0.4081 0.988
vt 0.4099 0.982
vt 0.4141 0.988
vt 0.4158 0.982
vt 0.4175 0.988
vt 0.4195 0.982
vt 0.422 0.988
vt 0.424 0.982
vt 0.4261 0.988
vt 0.4286 0.982
vt 0.4302 0.988
vt 0.4331 0.982
vt 0.4348 0.988
vt 0.4388 0.988
vt 0.4388 0.982
vt 0.4448 0.988
vt 0.4448 0.982
vt 0.4494 0.988
vt 0.4494 0.982
vt 0.4536 0.982
vt 0.4536 0.988
vt 0.4604 0.982
vt 0.4604 0.988
vt 0.6252 0.9265
vt 0.6251 0.9206
vt 0.6187 0.9206
vt 0.629 0.9265
vt 0.6309 0.9206
vt 0.6331 0.9265
vt 0.6368 0.9206
vt 0.6364 0.9265
vt 0.6428 0.9206
vt 0.3156 0.9895
vt 0.3108 0.9846
vt 0.3108 0.9895
vt 0.3156 0.9846
vt 0.3196 0.9895
vt 0.3196 0.9846
vt 0.3238 0.9895
vt 0.3238 0.9846
vt 0.3281 0.9895
vt 0.3281 0.9846
vt 0.3314 0.9895
vt 0.3314 0.9846
vt 0.3337 0.9846
vt 0.3337 0.9895
vt 0.3362 0.9846
vt 0.3362 0.9895
vt 0.3386 0.9846
vt 0.3386 0.9895
vt 0.3414 0.9895
vt 0.3414 0.9846
vt 0.3455 0.9895
vt 0.3455 0.9846
vt 0.3502 0.9895
vt 0.3502 0.9846
vt 0.3543 0.9895
vt 0.3543 0.9846
vt 0.3596 0.9846
vt 0.3596 0.9895
vt 0.3658 0.9846
vt 0.3658 0.9895
vt 0.816 0.9916
vt 0.816 0.9814
vt 0.8097 0.9814
vt 0.8097 0.9916
vt 0.8065 0.9916
vt 0.8065 0.9814
vt 0.8008 0.9814
vt 0.8008 0.9916
vt 0.7936 0.9916
vt 0.7936 0.9814
vt 0.7864 0.9916
vt 0.7864 0.9814
vt 0.7787 0.9916
vt 0.7787 0.9814
vt 0.7714 0.9814
vt 0.7714 0.9916
vt 0.7641 0.9916
vt 0.7641 0.9814
vt 0.7574 0.9916
vt 0.7574 0.9814
vt 0.7512 0.9916
vt 0.7512 0.9814
vt 0.7464 0.9916
vt 0.7464 0.9814
vt 0.7431 0.9814
vt 0.7431 0.9916
vt 0.738 0.9916
vt 0.738 0.9814
vt 0.7305 0.9814
vt 0.7305 0.9916
vt 0.82 0.2785
vt 0.8554 0.2872
vt 0.8554 0.2785
vt 0.82 0.2872
vt 0.7852 0.2785
vt 0.7852 0.2872
vt 0.7574 0.2872
vt 0.7574 0.2785
vt 0.7514 0.2872
vt 0.7514 0.2785
vt 0.7448 0.2872
vt 0.7448 0.2785
vt 0.7381 0.2872
vt 0.739 0.2785
vt 0.7343 0.2856
vt 0.7297 0.2819
vt 0.7359 0.2761
vt 0.7194 0.2577
vt 0.7212 0.2395
vt 0.7192 0.2386
vt 0.717 0.2397
vt 0.7041 0.2728
vt 0.7113 0.2768
vt 0.7077 0.2836
vt 0.7017 0.2776
vt 0.7037 0.2874
vt 0.6964 0.279
vt 0.6964 0.2874
vt 0.685 0.2874
vt 0.685 0.279
vt 0.679 0.279
vt 0.679 0.2874
vt 0.6566 0.279
vt 0.6566 0.2874
vt 0.6304 0.279
vt 0.6304 0.2874
vt 0.6044 0.279
vt 0.6044 0.2874
vt 0.5807 0.279
vt 0.5807 0.2874
vt 0.8381 0.209
vt 0.8596 0.209
vt 0.8596 0.2017
vt 0.8381 0.2017
vt 0.8178 0.2017
vt 0.8178 0.209
vt 0.8016 0.2017
vt 0.8016 0.209
vt 0.8001 0.2077
vt 0.8001 0.2147
vt 0.7966 0.2147
vt 0.7966 0.2077
vt 0.7932 0.2077
vt 0.7932 0.2147
vt 0.7912 0.2077
vt 0.791 0.2147
vt 0.7702 0.2147
vt 0.7702 0.2077
vt 0.769 0.2147
vt 0.769 0.2077
vt 0.7676 0.2077
vt 0.7676 0.2147
vt 0.7487 0.2147
vt 0.7487 0.2077
vt 0.7459 0.2077
vt 0.7459 0.2147
vt 0.7439 0.2077
vt 0.7439 0.2147
vt 0.7381 0.2077
vt 0.7381 0.2147
vt 0.7365 0.2089
vt 0.7365 0.2017
vt 0.7234 0.2089
vt 0.7234 0.2017
vt 0.7082 0.2017
vt 0.7082 0.2089
vt 0.6927 0.2089
vt 0.6927 0.2017
vt 0.6781 0.2017
vt 0.6781 0.2089
vt 0.906 0.1399
vt 0.906 0.1337
vt 0.899 0.1337
vt 0.899 0.1399
vt 0.8277 0.2264
vt 0.8535 0.2344
vt 0.8535 0.2264
vt 0.8277 0.2344
vt 0.8038 0.2264
vt 0.8038 0.2344
vt 0.785 0.2344
vt 0.785 0.2264
vt 0.7832 0.2276
vt 0.7832 0.2199
vt 0.7784 0.2199
vt 0.7784 0.2276
vt 0.774 0.2199
vt 0.774 0.2276
vt 0.771 0.2199
vt 0.771 0.2276
vt 0.7672 0.2199
vt 0.7672 0.2276
vt 0.7512 0.2276
vt 0.7512 0.2199
vt 0.7512 0.2276
vt 0.7512 0.2199
vt 0.7384 0.2199
vt 0.7384 0.2278
vt 0.7338 0.2199
vt 0.7338 0.2278
vt 0.7306 0.2278
vt 0.7304 0.2199
vt 0.7274 0.2199
vt 0.7274 0.2278
vt 0.7189 0.2278
vt 0.7189 0.2199
vt 0.7168 0.2264
vt 0.7168 0.2344
vt 0.7017 0.2264
vt 0.7017 0.2344
vt 0.6836 0.2264
vt 0.6836 0.2344
vt 0.6654 0.2264
vt 0.6654 0.2344
vt 0.6488 0.2344
vt 0.6488 0.2264
vt 0.9198 0.134
vt 0.9126 0.134
vt 0.9126 0.1401
vt 0.9198 0.1401
vt 0.82 0.2785
vt 0.8554 0.2872
vt 0.8554 0.2785
vt 0.82 0.2872
vt 0.7852 0.2785
vt 0.7852 0.2872
vt 0.7574 0.2785
vt 0.7574 0.2872
vt 0.7514 0.2872
vt 0.7514 0.2785
vt 0.7448 0.2785
vt 0.7448 0.2872
vt 0.7381 0.2872
vt 0.739 0.2785
vt 0.7343 0.2856
vt 0.7297 0.2819
vt 0.7359 0.2761
vt 0.7194 0.2577
vt 0.7212 0.2395
vt 0.7192 0.2386
vt 0.717 0.2397
vt 0.7041 0.2728
vt 0.7113 0.2768
vt 0.7077 0.2836
vt 0.7017 0.2776
vt 0.7037 0.2874
vt 0.6964 0.279
vt 0.6964 0.2874
vt 0.685 0.279
vt 0.685 0.2874
vt 0.679 0.279
vt 0.679 0.2874
vt 0.6566 0.279
vt 0.6566 0.2874
vt 0.6304 0.279
vt 0.6304 0.2874
vt 0.6044 0.279
vt 0.6044 0.2874
vt 0.5807 0.279
vt 0.5807 0.2874
vt 0.8381 0.209
vt 0.8596 0.209
vt 0.8596 0.2017
vt 0.8381 0.2017
vt 0.8178 0.2017
vt 0.8178 0.209
vt 0.8016 0.2017
vt 0.8016 0.209
vt 0.8001 0.2077
vt 0.8001 0.2147
vt 0.7966 0.2147
vt 0.7966 0.2077
vt 0.7932 0.2147
vt 0.7932 0.2077
vt 0.7912 0.2077
vt 0.791 0.2147
vt 0.7702 0.2147
vt 0.7702 0.2077
vt 0.769 0.2147
vt 0.769 0.2077
vt 0.7676 0.2147
vt 0.7676 0.2077
vt 0.7487 0.2147
vt 0.7487 0.2077
vt 0.7459 0.2077
vt 0.7459 0.2147
vt 0.7439 0.2077
vt 0.7439 0.2147
vt 0.7381 0.2077
vt 0.7381 0.2147
vt 0.7365 0.2089
vt 0.7365 0.2017
vt 0.7234 0.2089
vt 0.7234 0.2017
vt 0.7082 0.2017
vt 0.7082 0.2089
vt 0.6927 0.2017
vt 0.6927 0.2089
vt 0.6781 0.2017
vt 0.6781 0.2089
vt 0.899 0.1399
vt 0.906 0.1399
vt 0.906 0.1337
vt 0.899 0.1337
vt 0.8535 0.2264
vt 0.8277 0.2344
vt 0.8535 0.2344
vt 0.8277 0.2264
vt 0.8038 0.2264
vt 0.8038 0.2344
vt 0.785 0.2264
vt 0.785 0.2344
vt 0.7832 0.2276
vt 0.7832 0.2199
vt 0.7784 0.2276
vt 0.7784 0.2199
vt 0.774 0.2199
vt 0.774 0.2276
vt 0.771 0.2276
vt 0.771 0.2199
vt 0.7672 0.2276
vt 0.7672 0.2199
vt 0.7512 0.2276
vt 0.7512 0.2199
vt 0.7512 0.2199
vt 0.7384 0.2278
vt 0.7512 0.2276
vt 0.7384 0.2199
vt 0.7338 0.2199
vt 0.7338 0.2278
vt 0.7306 0.2278
vt 0.7304 0.2199
vt 0.7274 0.2199
vt 0.7274 0.2278
vt 0.7189 0.2199
vt 0.7189 0.2278
vt 0.7168 0.2264
vt 0.7168 0.2344
vt 0.7017 0.2264
vt 0.7017 0.2344
vt 0.6836 0.2264
vt 0.6836 0.2344
vt 0.6654 0.2264
vt 0.6654 0.2344
vt 0.6488 0.2344
vt 0.6488 0.2264
vt 0.9126 0.134
vt 0.9126 0.1401
vt 0.9198 0.1401
vt 0.9198 0.134
vt 0.3924 0.988
vt 0.3987 0.982
vt 0.3924 0.982
vt 0.3987 0.988
vt 0.4026 0.982
vt 0.4026 0.988
vt 0.4055 0.982
vt 0.4081 0.988
vt 0.4099 0.982
vt 0.4141 0.988
vt 0.4158 0.982
vt 0.4175 0.988
vt 0.4195 0.982
vt 0.422 0.988
vt 0.424 0.982
vt 0.4261 0.988
vt 0.4286 0.982
vt 0.4302 0.988
vt 0.4331 0.982
vt 0.4348 0.988
vt 0.4388 0.988
vt 0.4388 0.982
vt 0.4448 0.988
vt 0.4448 0.982
vt 0.4494 0.982
vt 0.4494 0.988
vt 0.4536 0.982
vt 0.4536 0.988
vt 0.4604 0.982
vt 0.4604 0.988
vt 0.6252 0.9265
vt 0.6251 0.9206
vt 0.6187 0.9206
vt 0.629 0.9265
vt 0.6309 0.9206
vt 0.6331 0.9265
vt 0.6368 0.9206
vt 0.6364 0.9265
vt 0.6428 0.9206
vt 0.3156 0.9895
vt 0.3108 0.9846
vt 0.3108 0.9895
vt 0.3156 0.9846
vt 0.3196 0.9895
vt 0.3196 0.9846
vt 0.3238 0.9895
vt 0.3238 0.9846
vt 0.3281 0.9895
vt 0.3281 0.9846
vt 0.3314 0.9895
vt 0.3314 0.9846
vt 0.3337 0.9895
vt 0.3337 0.9846
vt 0.3362 0.9895
vt 0.3362 0.9846
vt 0.3386 0.9895
vt 0.3386 0.9846
vt 0.3414 0.9846
vt 0.3414 0.9895
vt 0.3455 0.9895
vt 0.3455 0.9846
vt 0.3502 0.9846
vt 0.3502 0.9895
vt 0.3543 0.9895
vt 0.3543 0.9846
vt 0.3596 0.9846
vt 0.3596 0.9895
vt 0.3658 0.9895
vt 0.3658 0.9846
vt 0.816 0.9814
vt 0.8097 0.9916
vt 0.816 0.9916
vt 0.8097 0.9814
vt 0.8065 0.9814
vt 0.8065 0.9916
vt 0.8008 0.9916
vt 0.8008 0.9814
vt 0.7936 0.9814
vt 0.7936 0.9916
vt 0.7864 0.9916
vt 0.7864 0.9814
vt 0.7787 0.9814
vt 0.7787 0.9916
vt 0.7714 0.9814
vt 0.7714 0.9916
vt 0.7641 0.9814
vt 0.7641 0.9916
vt 0.7574 0.9916
vt 0.7574 0.9814
vt 0.7512 0.9814
vt 0.7512 0.9916
vt 0.7464 0.9814
vt 0.7464 0.9916
vt 0.7431 0.9814
vt 0.7431 0.9916
vt 0.738 0.9814
vt 0.738 0.9916
vt 0.7305 0.9814
vt 0.7305 0.9916
vt 0.5356 0.2321
vt 0.5356 0.2406
vt 0.553 0.2406
vt 0.553 0.2321
vt 0.5554 0.23
vt 0.5554 0.2321
vt 0.5336 0.23
vt 0.5336 0.2321
vt 0.9247 0.1608
vt 0.926 0.1551
vt 0.9247 0.1551
vt 0.9342 0.1551
vt 0.9354 0.1608
vt 0.9354 0.1551
vt 0.9342 0.1462
vt 0.926 0.1462
vt 0.7975 0.1923
vt 0.7808 0.2009
vt 0.7975 0.2009
vt 0.7808 0.1923
vt 0.7837 0.1883
vt 0.794 0.1883
vt 0.789 0.1874
vt 0.7015 0.2202
vt 0.7015 0.2149
vt 0.682 0.2149
vt 0.682 0.2202
vt 0.8144 0.2679
vt 0.8144 0.2734
vt 0.8304 0.2734
vt 0.8304 0.2679
vt 0.8981 0.9181
vt 0.8981 0.9421
vt 0.9139 0.9421
vt 0.9139 0.9181
vt 0.8497 0.5917
vt 0.8551 0.5987
vt 0.8551 0.5917
vt 0.8497 0.5987
vt 0.8485 0.5917
vt 0.8485 0.5987
vt 0.8395 0.5917
vt 0.8395 0.5942
vt 0.8395 0.5987
vt 0.8354 0.5987
vt 0.8354 0.5942
vt 0.7991 0.5987
vt 0.7991 0.5916
vt 0.7937 0.5916
vt 0.7937 0.5987
vt 0.7925 0.5916
vt 0.7925 0.5987
vt 0.7834 0.5987
vt 0.7834 0.5959
vt 0.7834 0.5916
vt 0.7794 0.5959
vt 0.7794 0.5916
vt 0.7513 0.3595
vt 0.7513 0.3941
vt 0.7606 0.3941
vt 0.7606 0.3595
vt 0.7717 0.363
vt 0.7656 0.363
vt 0.7656 0.3877
vt 0.7717 0.3877
vt 0.6849 0.9233
vt 0.6839 0.9188
vt 0.6839 0.923
vt 0.6908 0.9188
vt 0.6908 0.9259
vt 0.6853 0.9259
vt 0.6939 0.9188
vt 0.6939 0.9259
vt 0.6972 0.9259
vt 0.6972 0.9188
vt 0.7004 0.9259
vt 0.7004 0.9188
vt 0.7037 0.9259
vt 0.7037 0.9188
vt 0.7096 0.923
vt 0.7091 0.9259
vt 0.7106 0.9227
vt 0.7106 0.9188
vt 0.3924 0.982
vt 0.3924 0.988
vt 0.3987 0.988
vt 0.3987 0.982
vt 0.4026 0.982
vt 0.4026 0.988
vt 0.4055 0.982
vt 0.4081 0.988
vt 0.4099 0.982
vt 0.4141 0.988
vt 0.4158 0.982
vt 0.4175 0.988
vt 0.4195 0.982
vt 0.422 0.988
vt 0.424 0.982
vt 0.4261 0.988
vt 0.4286 0.982
vt 0.4302 0.988
vt 0.4331 0.982
vt 0.4348 0.988
vt 0.4388 0.988
vt 0.4388 0.982
vt 0.4448 0.988
vt 0.4448 0.982
vt 0.4494 0.988
vt 0.4494 0.982
vt 0.4536 0.988
vt 0.4536 0.982
vt 0.4604 0.982
vt 0.4604 0.988
vt 0.6252 0.9265
vt 0.6251 0.9206
vt 0.6187 0.9206
vt 0.629 0.9265
vt 0.6309 0.9206
vt 0.6331 0.9265
vt 0.6368 0.9206
vt 0.6364 0.9265
vt 0.6428 0.9206
vt 0.3156 0.9895
vt 0.3108 0.9846
vt 0.3108 0.9895
vt 0.3156 0.9846
vt 0.3196 0.9895
vt 0.3196 0.9846
vt 0.3238 0.9895
vt 0.3238 0.9846
vt 0.3281 0.9895
vt 0.3281 0.9846
vt 0.3314 0.9895
vt 0.3314 0.9846
vt 0.3337 0.9895
vt 0.3337 0.9846
vt 0.3362 0.9895
vt 0.3362 0.9846
vt 0.3386 0.9895
vt 0.3386 0.9846
vt 0.3414 0.9846
vt 0.3414 0.9895
vt 0.3455 0.9895
vt 0.3455 0.9846
vt 0.3502 0.9846
vt 0.3502 0.9895
vt 0.3543 0.9895
vt 0.3543 0.9846
vt 0.3596 0.9846
vt 0.3596 0.9895
vt 0.3658 0.9895
vt 0.3658 0.9846
vt 0.816 0.9814
vt 0.8097 0.9916
vt 0.816 0.9916
vt 0.8097 0.9814
vt 0.8065 0.9814
vt 0.8065 0.9916
vt 0.8008 0.9916
vt 0.8008 0.9814
vt 0.7936 0.9814
vt 0.7936 0.9916
vt 0.7864 0.9916
vt 0.7864 0.9814
vt 0.7787 0.9814
vt 0.7787 0.9916
vt 0.7714 0.9814
vt 0.7714 0.9916
vt 0.7641 0.9814
vt 0.7641 0.9916
vt 0.7574 0.9916
vt 0.7574 0.9814
vt 0.7512 0.9814
vt 0.7512 0.9916
vt 0.7464 0.9814
vt 0.7464 0.9916
vt 0.7431 0.9814
vt 0.7431 0.9916
vt 0.738 0.9814
vt 0.738 0.9916
vt 0.7305 0.9814
vt 0.7305 0.9916
vt 0.553 0.2406
vt 0.5356 0.2321
vt 0.5356 0.2406
vt 0.553 0.2321
vt 0.5554 0.23
vt 0.5554 0.2321
vt 0.5336 0.23
vt 0.5336 0.2321
vt 0.9247 0.1608
vt 0.926 0.1551
vt 0.9247 0.1551
vt 0.9354 0.1608
vt 0.9342 0.1551
vt 0.9354 0.1551
vt 0.926 0.1462
vt 0.9342 0.1462
vt 0.7975 0.1923
vt 0.7808 0.2009
vt 0.7975 0.2009
vt 0.7808 0.1923
vt 0.794 0.1883
vt 0.7837 0.1883
vt 0.789 0.1874
vt 0.682 0.2149
vt 0.682 0.2202
vt 0.7015 0.2202
vt 0.7015 0.2149
vt 0.8144 0.2679
vt 0.8144 0.2734
vt 0.8304 0.2734
vt 0.8304 0.2679
vt 0.8981 0.9181
vt 0.8981 0.9421
vt 0.9139 0.9421
vt 0.9139 0.9181
vt 0.8497 0.5917
vt 0.8551 0.5987
vt 0.8551 0.5917
vt 0.8497 0.5987
vt 0.8485 0.5917
vt 0.8485 0.5987
vt 0.8395 0.5917
vt 0.8395 0.5942
vt 0.8395 0.5987
vt 0.8354 0.5987
vt 0.8354 0.5942
vt 0.8285 0.5996
vt 0.8285 0.5925
vt 0.8231 0.5925
vt 0.8231 0.5996
vt 0.8219 0.5925
vt 0.8219 0.5996
vt 0.8128 0.5996
vt 0.8128 0.5968
vt 0.8128 0.5925
vt 0.8088 0.5968
vt 0.8088 0.5925
vt 0.7513 0.3595
vt 0.7513 0.3941
vt 0.7606 0.3941
vt 0.7606 0.3595
vt 0.7717 0.363
vt 0.7656 0.363
vt 0.7656 0.3877
vt 0.7717 0.3877
vt 0.6839 0.9188
vt 0.6839 0.923
vt 0.6849 0.9233
vt 0.6908 0.9188
vt 0.6908 0.9259
vt 0.6853 0.9259
vt 0.6939 0.9188
vt 0.6939 0.9259
vt 0.6972 0.9259
vt 0.6972 0.9188
vt 0.7004 0.9259
vt 0.7004 0.9188
vt 0.7037 0.9259
vt 0.7037 0.9188
vt 0.7096 0.923
vt 0.7091 0.9259
vt 0.7106 0.9227
vt 0.7106 0.9188
vt 0.3924 0.982
vt 0.3924 0.988
vt 0.3987 0.988
vt 0.3987 0.982
vt 0.4026 0.982
vt 0.4026 0.988
vt 0.4055 0.982
vt 0.4081 0.988
vt 0.4099 0.982
vt 0.4141 0.988
vt 0.4158 0.982
vt 0.4175 0.988
vt 0.4195 0.982
vt 0.422 0.988
vt 0.424 0.982
vt 0.4261 0.988
vt 0.4286 0.982
vt 0.4302 0.988
vt 0.4331 0.982
vt 0.4348 0.988
vt 0.4388 0.988
vt 0.4388 0.982
vt 0.4448 0.988
vt 0.4448 0.982
vt 0.4494 0.988
vt 0.4494 0.982
vt 0.4536 0.988
vt 0.4536 0.982
vt 0.4604 0.982
vt 0.4604 0.988
vt 0.6252 0.9265
vt 0.6251 0.9206
vt 0.6187 0.9206
vt 0.629 0.9265
vt 0.6309 0.9206
vt 0.6331 0.9265
vt 0.6368 0.9206
vt 0.6364 0.9265
vt 0.6428 0.9206
vt 0.3156 0.9895
vt 0.3108 0.9846
vt 0.3108 0.9895
vt 0.3156 0.9846
vt 0.3196 0.9895
vt 0.3196 0.9846
vt 0.3238 0.9895
vt 0.3238 0.9846
vt 0.3281 0.9895
vt 0.3281 0.9846
vt 0.3314 0.9895
vt 0.3314 0.9846
vt 0.3337 0.9895
vt 0.3337 0.9846
vt 0.3362 0.9895
vt 0.3362 0.9846
vt 0.3386 0.9895
vt 0.3386 0.9846
vt 0.3414 0.9846
vt 0.3414 0.9895
vt 0.3455 0.9895
vt 0.3455 0.9846
vt 0.3502 0.9846
vt 0.3502 0.9895
vt 0.3543 0.9895
vt 0.3543 0.9846
vt 0.3596 0.9846
vt 0.3596 0.9895
vt 0.3658 0.9895
vt 0.3658 0.9846
vt 0.816 0.9814
vt 0.8097 0.9916
vt 0.816 0.9916
vt 0.8097 0.9814
vt 0.8065 0.9814
vt 0.8065 0.9916
vt 0.8008 0.9916
vt 0.8008 0.9814
vt 0.7936 0.9814
vt 0.7936 0.9916
vt 0.7864 0.9916
vt 0.7864 0.9814
vt 0.7787 0.9814
vt 0.7787 0.9916
vt 0.7714 0.9814
vt 0.7714 0.9916
vt 0.7641 0.9814
vt 0.7641 0.9916
vt 0.7574 0.9916
vt 0.7574 0.9814
vt 0.7512 0.9814
vt 0.7512 0.9916
vt 0.7464 0.9814
vt 0.7464 0.9916
vt 0.7431 0.9814
vt 0.7431 0.9916
vt 0.738 0.9814
vt 0.738 0.9916
vt 0.7305 0.9814
vt 0.7305 0.9916
vt 0.553 0.2406
vt 0.5356 0.2321
vt 0.5356 0.2406
vt 0.553 0.2321
vt 0.5554 0.23
vt 0.5554 0.2321
vt 0.5336 0.23
vt 0.5336 0.2321
vt 0.9247 0.1608
vt 0.926 0.1551
vt 0.9247 0.1551
vt 0.9354 0.1608
vt 0.9342 0.1551
vt 0.9354 0.1551
vt 0.926 0.1462
vt 0.9342 0.1462
vt 0.7975 0.1923
vt 0.7808 0.2009
vt 0.7975 0.2009
vt 0.7808 0.1923
vt 0.794 0.1883
vt 0.7837 0.1883
vt 0.789 0.1874
vt 0.682 0.2149
vt 0.682 0.2202
vt 0.7015 0.2202
vt 0.7015 0.2149
vt 0.8144 0.2679
vt 0.8144 0.2734
vt 0.8304 0.2734
vt 0.8304 0.2679
vt 0.8981 0.9181
vt 0.8981 0.9421
vt 0.9139 0.9421
vt 0.9139 0.9181
vt 0.8497 0.5917
vt 0.8551 0.5987
vt 0.8551 0.5917
vt 0.8497 0.5987
vt 0.8485 0.5917
vt 0.8485 0.5987
vt 0.8395 0.5917
vt 0.8395 0.5942
vt 0.8395 0.5987
vt 0.8354 0.5987
vt 0.8354 0.5942
vt 0.8285 0.5996
vt 0.8285 0.5925
vt 0.8231 0.5925
vt 0.8231 0.5996
vt 0.8219 0.5925
vt 0.8219 0.5996
vt 0.8128 0.5996
vt 0.8128 0.5968
vt 0.8128 0.5925
vt 0.8088 0.5968
vt 0.8088 0.5925
vt 0.7513 0.3595
vt 0.7513 0.3941
vt 0.7606 0.3941
vt 0.7606 0.3595
vt 0.7717 0.363
vt 0.7656 0.363
vt 0.7656 0.3877
vt 0.7717 0.3877
vt 0.6839 0.9188
vt 0.6839 0.923
vt 0.6849 0.9233
vt 0.6908 0.9188
vt 0.6908 0.9259
vt 0.6853 0.9259
vt 0.6939 0.9188
vt 0.6939 0.9259
vt 0.6972 0.9259
vt 0.6972 0.9188
vt 0.7004 0.9259
vt 0.7004 0.9188
vt 0.7037 0.9259
vt 0.7037 0.9188
vt 0.7096 0.923
vt 0.7091 0.9259
vt 0.7106 0.9227
vt 0.7106 0.9188
vt 0.6586 0.9165
vt 0.6506 0.9165
vt 0.655 0.935
vt 0.6621 0.9124
vt 0.6472 0.9115
vt 0.6613 0.9049
vt 0.6671 0.9094
vt 0.6488 0.9049
vt 0.6425 0.9094
vt 0.686 0.9049
vt 0.6861 0.9094
vt 0.6249 0.9049
vt 0.6251 0.9094
vt 0.6996 0.9049
vt 0.7002 0.9094
vt 0.7223 0.9049
vt 0.7228 0.9094
vt 0.7222 0.9034
vt 0.7215 0.9004
vt 0.6996 0.9004
vt 0.6101 0.9049
vt 0.6095 0.9094
vt 0.5884 0.9049
vt 0.5878 0.9094
vt 0.5882 0.9035
vt 0.6099 0.9005
vt 0.5891 0.9005
vt 0.7071 0.8918
vt 0.7216 0.8961
vt 0.6023 0.8917
vt 0.5887 0.8962
vt 0.7351 0.8912
vt 0.7341 0.8965
vt 0.7664 0.8921
vt 0.7342 0.9004
vt 0.5755 0.8914
vt 0.5763 0.8961
vt 0.5444 0.8919
vt 0.5761 0.9
vt 0.7076 0.8754
vt 0.7368 0.8754
vt 0.7667 0.8754
vt 0.7883 0.8754
vt 0.7918 0.8914
vt 0.6872 0.8754
vt 0.7932 0.9004
vt 0.6856 0.8919
vt 0.6681 0.8754
vt 0.6643 0.8911
vt 0.6855 0.9004
vt 0.6631 0.9004
vt 0.6549 0.8883
vt 0.6549 0.884
vt 0.6476 0.9005
vt 0.6253 0.9005
vt 0.6466 0.891
vt 0.6241 0.8917
vt 0.6422 0.8754
vt 0.622 0.8754
vt 0.6016 0.8754
vt 0.5728 0.8754
vt 0.5435 0.8754
vt 0.5231 0.8754
vt 0.5191 0.8915
vt 0.5448 0.9003
vt 0.5457 0.9047
vt 0.5173 0.9006
vt 0.5767 0.9034
vt 0.5766 0.9047
vt 0.546 0.9094
vt 0.577 0.9094
vt 0.5223 0.9094
vt 0.5154 0.9047
vt 0.5159 0.9119
vt 0.5093 0.8883
vt 0.5093 0.8836
vt 0.5015 0.9002
vt 0.5034 0.9047
vt 0.4738 0.9047
vt 0.5009 0.9108
vt 0.4958 0.9094
vt 0.5053 0.9159
vt 0.5131 0.9161
vt 0.5091 0.9301
vt 0.473 0.9094
vt 0.4421 0.9047
vt 0.4412 0.9094
vt 0.4418 0.9038
vt 0.4424 0.9002
vt 0.4745 0.9002
vt 0.475 0.8919
vt 0.5006 0.8919
vt 0.4963 0.8754
vt 0.4742 0.8754
vt 0.4424 0.8966
vt 0.4455 0.8754
vt 0.4428 0.8919
vt 0.43 0.8967
vt 0.4309 0.8754
vt 0.422 0.8919
vt 0.4282 0.9007
vt 0.4234 0.8754
vt 0.3957 0.8919
vt 0.4145 0.8754
vt 0.3962 0.8754
vt 0.8686 0.9052
vt 0.8358 0.9094
vt 0.8692 0.9094
vt 0.8352 0.9056
vt 0.8683 0.904
vt 0.8121 0.9094
vt 0.8678 0.9
vt 0.8066 0.9039
vt 0.8052 0.916
vt 0.8347 0.9007
vt 0.8345 0.8918
vt 0.8682 0.8963
vt 0.809 0.9002
vt 0.8101 0.8915
vt 0.8135 0.8754
vt 0.8349 0.8754
vt 0.8647 0.8754
vt 0.8666 0.8916
vt 0.8803 0.8967
vt 0.8875 0.8923
vt 0.8943 0.8754
vt 0.8815 0.8999
vt 0.901 0.8923
vt 0.902 0.8999
vt 0.9179 0.8923
vt 0.881 0.9043
vt 0.9198 0.8999
vt 0.9022 0.9052
vt 0.8813 0.9057
vt 0.9209 0.9049
vt 0.9022 0.9094
vt 0.881 0.9094
vt 0.9211 0.9094
vt 0.7969 0.916
vt 0.801 0.9316
vt 0.795 0.9042
vt 0.79 0.9094
vt 0.764 0.9059
vt 0.7637 0.9094
vt 0.733 0.9094
vt 0.7336 0.9053
vt 0.7334 0.9038
vt 0.8013 0.8889
vt 0.8012 0.8846
vt 0.765 0.9004
vt 0.8449 0.2507
vt 0.8615 0.2507
vt 0.8493 0.2391
vt 0.8316 0.2391
vt 0.484 0.445
vt 0.4903 0.4516
vt 0.4913 0.4425
vt 0.4849 0.436
vt 0.5817 0.2297
vt 0.5797 0.2392
vt 0.5877 0.2344
vt 0.59 0.2261
vt 0.5657 0.9873
vt 0.5787 0.9807
vt 0.563 0.9807
vt 0.5787 0.9873
vt 0.6175 0.9807
vt 0.6175 0.9873
vt 0.6229 0.9873
vt 0.6229 0.9807
vt 0.6624 0.9873
vt 0.6624 0.9807
vt 0.6754 0.9873
vt 0.679 0.9807
vt 0.7848 0.6361
vt 0.8114 0.6346
vt 0.7852 0.6346
vt 0.8019 0.6555
vt 0.818 0.6555
vt 0.8492 0.8026
vt 0.8744 0.8041
vt 0.8749 0.8026
vt 0.8584 0.8221
vt 0.844 0.8242
vt 0.6889 0.5885
vt 0.6563 0.5917
vt 0.6655 0.5962
vt 0.6554 0.5953
vt 0.6806 0.6169
vt 0.8324 0.3519
vt 0.8349 0.3508
vt 0.7905 0.3519
vt 0.8083 0.3255
vt 0.7921 0.3255
vt 0.785 0.3255
vt 0.7862 0.3519
vt 0.7585 0.3255
vt 0.7597 0.3519
vt 0.7239 0.3329
vt 0.726 0.3255
vt 0.7244 0.3519
vt 0.7072 0.3329
vt 0.6901 0.3519
vt 0.6804 0.3261
vt 0.7045 0.3261
vt 0.6627 0.3519
vt 0.6655 0.3261
vt 0.6427 0.3519
vt 0.647 0.3261
vt 0.6418 0.3261
vt 0.6379 0.3519
vt 0.6374 0.3261
vt 0.6205 0.3261
vt 0.5773 0.3509
vt 0.5797 0.3519
vt 0.5923 0.3889
vt 0.604 0.4208
vt 0.6099 0.4058
vt 0.591 0.3897
vt 0.591 0.4174
vt 0.6032 0.4297
vt 0.4313 0.2097
vt 0.4392 0.2293
vt 0.4537 0.1871
vt 0.4557 0.2245
vt 0.4408 0.2401
vt 0.4557 0.188
vt 0.2617 0.6398
vt 0.2744 0.6735
vt 0.2806 0.6575
vt 0.2605 0.6703
vt 0.2605 0.6406
vt 0.2739 0.6827
vt 0.7298 0.0618
vt 0.722 0.0558
vt 0.722 0.0618
vt 0.7298 0.0558
vt 0.4932 0.7841
vt 0.5017 0.78
vt 0.4942 0.78
vt 0.4993 0.7924
vt 0.52 0.78
vt 0.5117 0.7613
vt 0.5094 0.7612
vt 0.5106 0.7607
vt 0.4746 0.7901
vt 0.475 0.7832
vt 0.4914 0.7832
vt 0.4758 0.7787
vt 0.4917 0.7787
vt 0.4431 0.7861
vt 0.443 0.7832
vt 0.4428 0.7901
vt 0.4741 0.7928
vt 0.442 0.7935
vt 0.4751 0.7584
vt 0.5014 0.7584
vt 0.5 0.7768
vt 0.4489 0.7584
vt 0.4392 0.7787
vt 0.4383 0.7832
vt 0.4424 0.7845
vt 0.4375 0.7845
vt 0.4401 0.7761
vt 0.4372 0.7752
vt 0.4225 0.7584
vt 0.8558 0.7468
vt 0.8558 0.7375
vt 0.8479 0.7426
vt 0.8479 0.7522
vt 0.6298 0.0528
vt 0.6439 0.0658
vt 0.6471 0.0528
vt 0.6298 0.0658
vt 0.5888 0.0658
vt 0.5888 0.0528
vt 0.586 0.0658
vt 0.586 0.0528
vt 0.5834 0.0658
vt 0.5834 0.0528
vt 0.5452 0.0528
vt 0.5452 0.0658
vt 0.5319 0.0658
vt 0.5283 0.0528
vt 0.5249 0.7584
vt 0.5214 0.7771
vt 0.5298 0.78
vt 0.5447 0.7584
vt 0.5447 0.78
vt 0.5724 0.7584
vt 0.579 0.7783
vt 0.5817 0.7786
vt 0.5991 0.7584
vt 0.5778 0.78
vt 0.5981 0.7795
vt 0.5818 0.7795
vt 0.618 0.7584
vt 0.5731 0.7826
vt 0.5783 0.7826
vt 0.5735 0.785
vt 0.5476 0.7935
vt 0.5744 0.7892
vt 0.5754 0.7935
vt 0.5277 0.7844
vt 0.5267 0.78
vt 0.5231 0.7935
vt 0.5142 0.8012
vt 0.5065 0.8011
vt 0.5095 0.8171
vt 0.7947 0.2404
vt 0.7869 0.2485
vt 0.7983 0.2485
vt 0.805 0.2404
vt 0.7344 0.2391
vt 0.7428 0.2499
vt 0.7482 0.2391
vt 0.7565 0.2499
vt 0.6355 0.6312
vt 0.6774 0.6592
vt 0.6791 0.657
vt 0.6162 0.6592
vt 0.6162 0.6312
vt 0.614 0.6312
vt 0.6106 0.6592
vt 0.6106 0.6312
vt 0.5899 0.6312
vt 0.5899 0.6592
vt 0.5633 0.6312
vt 0.5633 0.6592
vt 0.5491 0.6378
vt 0.5493 0.6312
vt 0.5418 0.6383
vt 0.5303 0.6592
vt 0.5336 0.6466
vt 0.5355 0.6362
vt 0.5335 0.6372
vt 0.53 0.6316
vt 0.4968 0.6592
vt 0.4968 0.6316
vt 0.4716 0.6592
vt 0.4716 0.6316
vt 0.4641 0.6316
vt 0.4641 0.6592
vt 0.447 0.6316
vt 0.4216 0.6592
vt 0.4212 0.6583
vt 0.8255 0.6621
vt 0.8561 0.6918
vt 0.8561 0.6884
vt 0.8088 0.6918
vt 0.8087 0.6618
vt 0.8006 0.6618
vt 0.8017 0.6918
vt 0.7739 0.662
vt 0.7755 0.6918
vt 0.7445 0.6845
vt 0.7412 0.6918
vt 0.7465 0.6761
vt 0.737 0.6621
vt 0.7345 0.6859
vt 0.7273 0.6918
vt 0.7386 0.6752
vt 0.7337 0.6677
vt 0.7254 0.6677
vt 0.7405 0.6792
vt 0.7306 0.6827
vt 0.7253 0.6774
vt 0.7252 0.6852
vt 0.725 0.6758
vt 0.7187 0.6677
vt 0.7151 0.6732
vt 0.7164 0.6716
vt 0.7159 0.6694
vt 0.7147 0.6677
vt 0.7139 0.6696
vt 0.7119 0.6677
vt 0.7115 0.67
vt 0.7095 0.6689
vt 0.7097 0.6677
vt 0.7078 0.6682
vt 0.7061 0.6744
vt 0.7037 0.6758
vt 0.706 0.6809
vt 0.7028 0.678
vt 0.7146 0.6789
vt 0.7033 0.6798
vt 0.7012 0.6776
vt 0.7048 0.6816
vt 0.7078 0.6838
vt 0.7073 0.685
vt 0.7085 0.6832
vt 0.7185 0.6788
vt 0.7206 0.6802
vt 0.7249 0.6837
vt 0.723 0.6841
vt 0.7241 0.6851
vt 0.7316 0.0979
vt 0.6889 0.0964
vt 0.6901 0.0979
vt 0.7151 0.0713
vt 0.7316 0.0713
vt 0.738 0.0713
vt 0.738 0.0979
vt 0.7609 0.0713
vt 0.7609 0.0979
vt 0.7955 0.0844
vt 0.7901 0.0979
vt 0.7952 0.0713
vt 0.8027 0.0979
vt 0.804 0.0883
vt 0.7986 0.0791
vt 0.8062 0.0879
vt 0.8134 0.079
vt 0.8132 0.0883
vt 0.813 0.0979
vt 0.8062 0.0979
vt 0.814 0.0979
vt 0.8169 0.0911
vt 0.8222 0.0979
vt 0.8179 0.0911
vt 0.8378 0.0715
vt 0.8153 0.0715
vt 0.8232 0.0979
vt 0.8524 0.0979
vt 0.8528 0.0938
vt 0.8576 0.0715
vt 0.8541 0.098
vt 0.8557 0.0934
vt 0.8553 0.0972
vt 0.5773 0.3456
vt 0.5956 0.3259
vt 0.586 0.3275
vt 0.5939 0.3226
vt 0.5663 0.3226
vt 0.5713 0.298
vt 0.5713 0.3152
vt 0.5923 0.2908
vt 0.593 0.2919
vt 0.5833 0.3133
vt 0.6321 0.7795
vt 0.6399 0.7764
vt 0.6354 0.7584
vt 0.6194 0.7795
vt 0.6321 0.7832
vt 0.6351 0.7832
vt 0.6354 0.7795
vt 0.6423 0.7795
vt 0.62 0.7832
vt 0.5974 0.7832
vt 0.5864 0.7832
vt 0.5812 0.7832
vt 0.5858 0.7867
vt 0.5968 0.7904
vt 0.585 0.7904
vt 0.6205 0.7904
vt 0.5962 0.7937
vt 0.5842 0.7937
vt 0.6205 0.7938
vt 0.6368 0.7904
vt 0.6415 0.7941
vt 0.6678 0.7832
vt 0.6672 0.7904
vt 0.6605 0.7795
vt 0.6528 0.7612
vt 0.65 0.7611
vt 0.6673 0.7795
vt 0.6712 0.7832
vt 0.6716 0.7795
vt 0.6629 0.7945
vt 0.658 0.798
vt 0.645 0.798
vt 0.6477 0.8021
vt 0.6558 0.8021
vt 0.651 0.8227
vt 0.6817 0.7945
vt 0.6825 0.7904
vt 0.7079 0.7945
vt 0.6838 0.7832
vt 0.7075 0.7904
vt 0.7205 0.7945
vt 0.7202 0.7904
vt 0.7197 0.7856
vt 0.7071 0.7832
vt 0.7199 0.7831
vt 0.684 0.7795
vt 0.707 0.7795
vt 0.684 0.7584
vt 0.6647 0.7584
vt 0.6634 0.7774
vt 0.707 0.7584
vt 0.7243 0.7795
vt 0.7243 0.7831
vt 0.7257 0.7778
vt 0.7373 0.7584
vt 0.7284 0.7779
vt 0.7673 0.7795
vt 0.7673 0.7584
vt 0.73 0.7795
vt 0.7357 0.7831
vt 0.7296 0.7831
vt 0.7354 0.7863
vt 0.7834 0.7795
vt 0.7895 0.7584
vt 0.7922 0.7795
vt 0.7841 0.7832
vt 0.7673 0.7948
vt 0.7347 0.791
vt 0.734 0.7948
vt 0.7916 0.7942
vt 0.787 0.7836
vt 0.8219 0.7842
vt 0.8141 0.7816
vt 0.8211 0.7816
vt 0.8162 0.7948
vt 0.8247 0.7831
vt 0.8105 0.7977
vt 0.7975 0.7975
vt 0.8006 0.8017
vt 0.8076 0.802
vt 0.8048 0.8173
vt 0.842 0.7948
vt 0.842 0.7794
vt 0.8252 0.7794
vt 0.7943 0.7816
vt 0.7879 0.7816
vt 0.8041 0.7612
vt 0.8032 0.7615
vt 0.8051 0.7616
vt 0.8742 0.7872
vt 0.8745 0.7913
vt 0.8752 0.7948
vt 0.8746 0.783
vt 0.8788 0.7794
vt 0.8792 0.7825
vt 0.8789 0.7764
vt 0.8765 0.7705
vt 0.842 0.7584
vt 0.8197 0.7584
vt 0.8171 0.7794
vt 0.8713 0.7584
vt 0.8824 0.7698
vt 0.8834 0.7755
vt 0.8821 0.7692
vt 0.8861 0.7584
vt 0.8852 0.7681
vt 0.8867 0.7682
vt 0.8925 0.7653
vt 0.8864 0.7653
vt 0.8869 0.7662
vt 0.8886 0.7658
vt 0.8884 0.7651
vt 0.8914 0.7641
vt 0.8895 0.7626
vt 0.892 0.7635
vt 0.8937 0.7584
vt 0.899 0.7649
vt 0.9026 0.7584
vt 0.8966 0.7686
vt 0.8975 0.7697
vt 0.8978 0.7714
vt 0.8988 0.7709
vt 0.8978 0.7684
vt 0.8985 0.7694
vt 0.8999 0.7656
vt 0.9024 0.7646
vt 0.902 0.7636
vt 0.9051 0.7641
vt 0.9055 0.7628
vt 0.9088 0.7648
vt 0.9088 0.7631
vt 0.9214 0.7584
vt 0.9243 0.2956
vt 0.9262 0.3012
vt 0.9262 0.2961
vt 0.919 0.3044
vt 0.919 0.289
vt 0.9243 0.2913
vt 0.7348 0.6413
vt 0.7461 0.6303
vt 0.736 0.6341
vt 0.7461 0.6586
vt 0.732 0.6515
vt 0.732 0.6426
vt 0.7867 0.1417
vt 0.774 0.1276
vt 0.774 0.1417
vt 0.7867 0.1276
vt 0.9091 0.8807
vt 0.9093 0.8745
vt 0.9008 0.8859
vt 0.9049 0.8677
vt 0.9008 0.8639
vt 0.9014 0.8635
vt 0.8209 0.2444
vt 0.8291 0.26
vt 0.829 0.2444
vt 0.8189 0.2643
vt 0.8163 0.2444
vt 0.8119 0.2584
vt 0.8083 0.2471
vt 0.8083 0.2584
vt 0.8083 0.2444
vt 0.8163 0.2444
vt 0.8163 0.2389
vt 0.8209 0.2389
vt 0.9097 0.7829
vt 0.8987 0.8186
vt 0.9097 0.8158
vt 0.8987 0.7783
vt 0.8543 0.6053
vt 0.8525 0.6052
vt 0.8525 0.6325
vt 0.8577 0.6337
vt 0.5302 0.1275
vt 0.5302 0.1418
vt 0.5361 0.125
vt 0.5361 0.1418
vt 0.8554 0.469
vt 0.8511 0.4726
vt 0.8554 0.4734
vt 0.8452 0.4795
vt 0.8554 0.4896
vt 0.843 0.4861
vt 0.5796 0.6655
vt 0.578 0.6726
vt 0.6136 0.6655
vt 0.6136 0.6931
vt 0.5796 0.6931
vt 0.5694 0.6726
vt 0.6389 0.6931
vt 0.6385 0.6655
vt 0.6426 0.6655
vt 0.5465 0.6931
vt 0.645 0.6931
vt 0.6449 0.6655
vt 0.6599 0.6655
vt 0.6838 0.6931
vt 0.6857 0.6911
vt 0.5613 0.6726
vt 0.5465 0.667
vt 0.5596 0.667
vt 0.5201 0.6931
vt 0.5201 0.667
vt 0.4993 0.6931
vt 0.5048 0.667
vt 0.5008 0.667
vt 0.4938 0.6931
vt 0.4968 0.667
vt 0.477 0.667
vt 0.4361 0.6931
vt 0.435 0.6901
vt 0.8413 0.4398
vt 0.8607 0.4244
vt 0.8594 0.4238
vt 0.8607 0.4498
vt 0.8484 0.4587
vt 0.7949 0.1357
vt 0.8213 0.1352
vt 0.7957 0.1352
vt 0.812 0.1565
vt 0.8266 0.1565
vt 0.8575 0.6432
vt 0.8469 0.6626
vt 0.8485 0.6734
vt 0.8471 0.6741
vt 0.8457 0.6738
vt 0.8292 0.6458
vt 0.4494 0.2896
vt 0.4474 0.2975
vt 0.4856 0.2896
vt 0.4856 0.3183
vt 0.4493 0.3183
vt 0.4398 0.3183
vt 0.4322 0.2975
vt 0.4388 0.3183
vt 0.4322 0.3183
vt 0.5121 0.3183
vt 0.5121 0.2896
vt 0.5159 0.2896
vt 0.5171 0.3183
vt 0.5198 0.2896
vt 0.5372 0.2896
vt 0.562 0.3174
vt 0.5607 0.3183
vt 0.5307 0.1574
vt 0.5742 0.1574
vt 0.5306 0.1557
vt 0.5571 0.1315
vt 0.5742 0.1315
vt 0.578 0.1315
vt 0.5817 0.1574
vt 0.5817 0.1315
vt 0.6082 0.1315
vt 0.6082 0.1574
vt 0.6428 0.1384
vt 0.6409 0.1315
vt 0.6428 0.1574
vt 0.6584 0.1384
vt 0.6754 0.1574
vt 0.6849 0.1313
vt 0.6619 0.1313
vt 0.7018 0.1574
vt 0.7018 0.1313
vt 0.7217 0.1574
vt 0.7184 0.1313
vt 0.7221 0.1313
vt 0.7281 0.1574
vt 0.7281 0.1313
vt 0.7456 0.1332
vt 0.7897 0.1556
vt 0.7899 0.1574
vt 0.7909 0.8007
vt 0.7723 0.8189
vt 0.7788 0.8349
vt 0.7918 0.8016
vt 0.7918 0.8312
vt 0.7795 0.8444
vt 0.6855 0.8166
vt 0.6624 0.8048
vt 0.6855 0.8342
vt 0.6698 0.8338
vt 0.6614 0.8059
vt 0.6855 0.843
vt 0.4721 0.4137
vt 0.4536 0.4312
vt 0.4603 0.4473
vt 0.4736 0.4434
vt 0.4736 0.4145
vt 0.4606 0.4559
vt 0.9068 0.1482
vt 0.899 0.1535
vt 0.9068 0.1535
vt 0.899 0.1482
vt 0.4965 0.9175
vt 0.4899 0.9235
vt 0.4979 0.9235
vt 0.4899 0.9175
vt 0.4684 0.9235
vt 0.4679 0.9175
vt 0.467 0.9175
vt 0.4675 0.9235
vt 0.4659 0.9175
vt 0.4663 0.9235
vt 0.4437 0.9235
vt 0.4436 0.9175
vt 0.4364 0.9175
vt 0.4346 0.9235
vt 0.7323 0.7183
vt 0.7024 0.7463
vt 0.7043 0.7489
vt 0.7489 0.7489
vt 0.7485 0.7177
vt 0.7518 0.718
vt 0.7549 0.7489
vt 0.7549 0.7183
vt 0.7832 0.7183
vt 0.7832 0.7489
vt 0.8216 0.7183
vt 0.8227 0.7263
vt 0.8227 0.7489
vt 0.833 0.7382
vt 0.8319 0.7489
vt 0.8332 0.7263
vt 0.8362 0.7377
vt 0.8413 0.7263
vt 0.8344 0.7399
vt 0.8328 0.7489
vt 0.8388 0.7489
vt 0.8414 0.7414
vt 0.8432 0.7393
vt 0.846 0.7341
vt 0.8458 0.7377
vt 0.8475 0.7348
vt 0.8506 0.7295
vt 0.848 0.7283
vt 0.8506 0.7232
vt 0.8413 0.7199
vt 0.85 0.7212
vt 0.8531 0.722
vt 0.8495 0.7187
vt 0.8482 0.7151
vt 0.8413 0.7151
vt 0.8413 0.7119
vt 0.4516 0.44
vt 0.4328 0.4181
vt 0.4408 0.4609
vt 0.4297 0.4194
vt 0.4297 0.4494
vt 0.2283 0.3306
vt 0.2351 0.334
vt 0.2286 0.3264
vt 0.23 0.3259
vt 0.2304 0.3222
vt 0.2349 0.3206
vt 0.846 0.511
vt 0.8524 0.5176
vt 0.8515 0.5129
vt 0.846 0.5287
vt 0.8541 0.5236
vt 0.8541 0.5181
vt 0.9778 0.1586
vt 0.9915 0.1586
vt 0.9915 0.1453
vt 0.9778 0.1453
vt 0.9201 0.326
vt 0.9307 0.3278
vt 0.9201 0.3211
vt 0.9231 0.3086
vt 0.9201 0.3124
vt 0.9201 0.3093
vt 0.3199 0.0881
vt 0.3199 0.1037
vt 0.327 0.1037
vt 0.3301 0.0853
vt 0.3316 0.1037
vt 0.3389 0.0888
vt 0.3389 0.1037
vt 0.5975 0.5639
vt 0.584 0.5662
vt 0.584 0.5724
vt 0.587 0.5861
vt 0.584 0.5806
vt 0.584 0.5856
vt 0.3307 0.1096
vt 0.327 0.1037
vt 0.3278 0.1096
vt 0.3316 0.1037
vt 0.7283 0.7898
vt 0.7283 0.7845
vt 0.7264 0.7895
vt 0.7264 0.7859
vt 0.8391 0.2703
vt 0.8596 0.2703
vt 0.8405 0.2647
vt 0.8572 0.2647
vt 0.8504 0.5666
vt 0.8583 0.5515
vt 0.8504 0.5477
vt 0.8583 0.5666
vt 0.6072 0.5624
vt 0.6263 0.5576
vt 0.6072 0.5576
vt 0.6263 0.5504
vt 0.6669 0.0606
vt 0.6602 0.0553
vt 0.6602 0.0606
vt 0.6669 0.0553
vt 0.6829 0.2527
vt 0.6966 0.2401
vt 0.6856 0.2431
vt 0.6966 0.2724
vt 0.6811 0.2636
vt 0.6799 0.2531
vt 0.6952 0.0706
vt 0.6818 0.0706
vt 0.6818 0.0832
vt 0.6952 0.0832
vt 0.3929 0.5058
vt 0.3964 0.5146
vt 0.3964 0.5064
vt 0.3833 0.5208
vt 0.3833 0.495
vt 0.3929 0.4982
vt 0.3135 0.2166
vt 0.3135 0.2346
vt 0.3199 0.2166
vt 0.3225 0.2346
vt 0.334 0.2346
vt 0.3269 0.2166
vt 0.334 0.2166
vt 0.7224 0.6501
vt 0.7064 0.6587
vt 0.7224 0.6587
vt 0.7173 0.6331
vt 0.7224 0.641
vt 0.434 0.7344
vt 0.4368 0.7434
vt 0.4368 0.7349
vt 0.4233 0.7514
vt 0.4233 0.7243
vt 0.4322 0.7267
vt 0.9189 0.1794
vt 0.9049 0.167
vt 0.9049 0.1794
vt 0.9189 0.167
vt 0.6567 0.2654
vt 0.6543 0.2655
vt 0.6544 0.2709
vt 0.6628 0.2744
vt 0.6628 0.2593
vt 0.6565 0.2611
vt 0.234 0.5093
vt 0.2281 0.517
vt 0.234 0.5138
vt 0.2281 0.5046
vt 0.2323 0.507
vt 0.2305 0.5045
vt 0.5901 0.366
vt 0.5847 0.366
vt 0.588 0.3786
vt 0.5813 0.3786
vt 0.5725 0.3786
vt 0.5799 0.3643
vt 0.5746 0.3643
vt 0.5847 0.3608
vt 0.5799 0.3608
vt 0.7019 0.1209
vt 0.6948 0.1161
vt 0.6948 0.1202
vt 0.698 0.1065
vt 0.6948 0.1116
vt 0.6948 0.107
vt 0.9714 0.1485
vt 0.9619 0.1533
vt 0.9714 0.1533
vt 0.9619 0.1485
vt 0.6818 0.0552
vt 0.6737 0.0608
vt 0.6818 0.0608
vt 0.6737 0.0552
vt 0.7458 0.2691
vt 0.7475 0.2693
vt 0.748 0.2656
vt 0.7495 0.2707
vt 0.7524 0.2656
vt 0.7529 0.2641
vt 0.7484 0.2641
vt 0.7702 0.2658
vt 0.7854 0.2707
vt 0.7703 0.2644
vt 0.7653 0.26
vt 0.7771 0.2562
vt 0.7789 0.2587
vt 0.7806 0.2601
vt 0.7763 0.265
vt 0.7825 0.2637
vt 0.7765 0.2664
vt 0.7858 0.2699
vt 0.7976 0.2603
vt 0.791 0.2587
vt 0.7952 0.2699
vt 0.7997 0.2649
vt 0.8008 0.2641
vt 0.8008 0.2657
vt 0.8024 0.2649
vt 0.8038 0.2711
vt 0.7959 0.2711
vt 0.804 0.2673
vt 0.804 0.2657
vt 0.8077 0.2698
vt 0.8062 0.0879
vt 0.8027 0.0979
vt 0.8062 0.0979
vt 0.804 0.0883
vt 0.6253 0.82
vt 0.6277 0.8142
vt 0.6245 0.82
vt 0.6219 0.82
vt 0.6168 0.82
vt 0.6168 0.8097
vt 0.6168 0.8069
vt 0.6168 0.8069
vt 0.6168 0.8069
vt 0.6205 0.8069
vt 0.6327 0.8069
vt 0.6327 0.8069
vt 0.6327 0.8069
vt 0.6327 0.8069
vt 0.6327 0.8098
vt 0.6327 0.8114
vt 0.6327 0.8138
vt 0.6253 0.82
vt 0.6277 0.8142
vt 0.625 0.82
vt 0.6284 0.82
vt 0.6286 0.82
vt 0.6327 0.82
vt 0.6327 0.82
vt 0.6327 0.82
vt 0.6327 0.82
vt 0.6327 0.82
vt 0.6327 0.82
vt 0.6327 0.8151
vt 0.6327 0.8138
vt 0.6327 0.8135
vt 0.8554 0.2872
vt 0.8554 0.2785
vt 0.82 0.2785
vt 0.82 0.2872
vt 0.7852 0.2785
vt 0.7852 0.2872
vt 0.7574 0.2872
vt 0.7574 0.2785
vt 0.7514 0.2872
vt 0.7514 0.2785
vt 0.7448 0.2785
vt 0.7448 0.2872
vt 0.739 0.2785
vt 0.7381 0.2872
vt 0.7343 0.2856
vt 0.7359 0.2761
vt 0.7297 0.2819
vt 0.7194 0.2577
vt 0.7212 0.2395
vt 0.7192 0.2386
vt 0.717 0.2397
vt 0.7041 0.2728
vt 0.7113 0.2768
vt 0.7017 0.2776
vt 0.7077 0.2836
vt 0.7037 0.2874
vt 0.6964 0.279
vt 0.6964 0.2874
vt 0.685 0.279
vt 0.685 0.2874
vt 0.679 0.279
vt 0.679 0.2874
vt 0.6566 0.279
vt 0.6566 0.2874
vt 0.6304 0.279
vt 0.6304 0.2874
vt 0.6044 0.279
vt 0.6044 0.2874
vt 0.5807 0.279
vt 0.5807 0.2874
vt 0.8596 0.2017
vt 0.8381 0.209
vt 0.8596 0.209
vt 0.8381 0.2017
vt 0.8178 0.209
vt 0.8178 0.2017
vt 0.8016 0.209
vt 0.8016 0.2017
vt 0.8001 0.2077
vt 0.8001 0.2147
vt 0.7966 0.2147
vt 0.7966 0.2077
vt 0.7932 0.2147
vt 0.7932 0.2077
vt 0.791 0.2147
vt 0.7912 0.2077
vt 0.7702 0.2147
vt 0.7702 0.2077
vt 0.769 0.2147
vt 0.769 0.2077
vt 0.7676 0.2147
vt 0.7676 0.2077
vt 0.7487 0.2147
vt 0.7487 0.2077
vt 0.7459 0.2077
vt 0.7459 0.2147
vt 0.7439 0.2077
vt 0.7439 0.2147
vt 0.7381 0.2077
vt 0.7381 0.2147
vt 0.7365 0.2089
vt 0.7365 0.2017
vt 0.7234 0.2017
vt 0.7234 0.2089
vt 0.7082 0.2017
vt 0.7082 0.2089
vt 0.6927 0.2017
vt 0.6927 0.2089
vt 0.6781 0.2089
vt 0.6781 0.2017
vt 0.899 0.1399
vt 0.906 0.1399
vt 0.906 0.1337
vt 0.899 0.1337
vt 0.8535 0.2264
vt 0.8277 0.2344
vt 0.8535 0.2344
vt 0.8277 0.2264
vt 0.8038 0.2344
vt 0.8038 0.2264
vt 0.785 0.2264
vt 0.785 0.2344
vt 0.7832 0.2276
vt 0.7832 0.2199
vt 0.7784 0.2199
vt 0.7784 0.2276
vt 0.774 0.2199
vt 0.774 0.2276
vt 0.771 0.2276
vt 0.771 0.2199
vt 0.7672 0.2199
vt 0.7672 0.2276
vt 0.7512 0.2199
vt 0.7512 0.2276
vt 0.7384 0.2278
vt 0.7384 0.2199
vt 0.7338 0.2278
vt 0.7338 0.2199
vt 0.7306 0.2278
vt 0.7304 0.2199
vt 0.7274 0.2199
vt 0.7274 0.2278
vt 0.7189 0.2199
vt 0.7189 0.2278
vt 0.7168 0.2264
vt 0.7168 0.2344
vt 0.7017 0.2264
vt 0.7017 0.2344
vt 0.6836 0.2344
vt 0.6836 0.2264
vt 0.6654 0.2264
vt 0.6654 0.2344
vt 0.6488 0.2344
vt 0.6488 0.2264
vt 0.9126 0.134
vt 0.9126 0.1401
vt 0.9198 0.1401
vt 0.9198 0.134
vt 0.82 0.2785
vt 0.8554 0.2872
vt 0.8554 0.2785
vt 0.82 0.2872
vt 0.7852 0.2785
vt 0.7852 0.2872
vt 0.7574 0.2872
vt 0.7574 0.2785
vt 0.7514 0.2872
vt 0.7514 0.2785
vt 0.7448 0.2872
vt 0.7448 0.2785
vt 0.7381 0.2872
vt 0.739 0.2785
vt 0.7343 0.2856
vt 0.7297 0.2819
vt 0.7359 0.2761
vt 0.7194 0.2577
vt 0.7212 0.2395
vt 0.7192 0.2386
vt 0.717 0.2397
vt 0.7041 0.2728
vt 0.7113 0.2768
vt 0.7077 0.2836
vt 0.7017 0.2776
vt 0.7037 0.2874
vt 0.6964 0.279
vt 0.6964 0.2874
vt 0.685 0.2874
vt 0.685 0.279
vt 0.679 0.279
vt 0.679 0.2874
vt 0.6566 0.279
vt 0.6566 0.2874
vt 0.6304 0.279
vt 0.6304 0.2874
vt 0.6044 0.279
vt 0.6044 0.2874
vt 0.5807 0.279
vt 0.5807 0.2874
vt 0.8381 0.209
vt 0.8596 0.209
vt 0.8596 0.2017
vt 0.8381 0.2017
vt 0.8178 0.2017
vt 0.8178 0.209
vt 0.8016 0.2017
vt 0.8016 0.209
vt 0.8001 0.2077
vt 0.8001 0.2147
vt 0.7966 0.2147
vt 0.7966 0.2077
vt 0.7932 0.2077
vt 0.7932 0.2147
vt 0.7912 0.2077
vt 0.791 0.2147
vt 0.7702 0.2147
vt 0.7702 0.2077
vt 0.769 0.2147
vt 0.769 0.2077
vt 0.7676 0.2077
vt 0.7676 0.2147
vt 0.7487 0.2147
vt 0.7487 0.2077
vt 0.7459 0.2077
vt 0.7459 0.2147
vt 0.7439 0.2077
vt 0.7439 0.2147
vt 0.7381 0.2077
vt 0.7381 0.2147
vt 0.7365 0.2089
vt 0.7365 0.2017
vt 0.7234 0.2089
vt 0.7234 0.2017
vt 0.7082 0.2017
vt 0.7082 0.2089
vt 0.6927 0.2089
vt 0.6927 0.2017
vt 0.6781 0.2017
vt 0.6781 0.2089
vt 0.906 0.1399
vt 0.906 0.1337
vt 0.899 0.1337
vt 0.899 0.1399
vt 0.8277 0.2264
vt 0.8535 0.2344
vt 0.8535 0.2264
vt 0.8277 0.2344
vt 0.8038 0.2264
vt 0.8038 0.2344
vt 0.785 0.2344
vt 0.785 0.2264
vt 0.7832 0.2276
vt 0.7832 0.2199
vt 0.7784 0.2199
vt 0.7784 0.2276
vt 0.774 0.2199
vt 0.774 0.2276
vt 0.771 0.2199
vt 0.771 0.2276
vt 0.7672 0.2199
vt 0.7672 0.2276
vt 0.7512 0.2276
vt 0.7512 0.2199
vt 0.7512 0.2276
vt 0.7512 0.2199
vt 0.7384 0.2199
vt 0.7384 0.2278
vt 0.7338 0.2199
vt 0.7338 0.2278
vt 0.7306 0.2278
vt 0.7304 0.2199
vt 0.7274 0.2199
vt 0.7274 0.2278
vt 0.7189 0.2278
vt 0.7189 0.2199
vt 0.7168 0.2264
vt 0.7168 0.2344
vt 0.7017 0.2264
vt 0.7017 0.2344
vt 0.6836 0.2264
vt 0.6836 0.2344
vt 0.6654 0.2264
vt 0.6654 0.2344
vt 0.6488 0.2344
vt 0.6488 0.2264
vt 0.9198 0.134
vt 0.9126 0.134
vt 0.9126 0.1401
vt 0.9198 0.1401
vt 0.82 0.2872
vt 0.8554 0.2872
vt 0.8554 0.2785
vt 0.82 0.2785
vt 0.7852 0.2872
vt 0.7852 0.2785
vt 0.7574 0.2872
vt 0.7574 0.2785
vt 0.7514 0.2872
vt 0.7514 0.2785
vt 0.7448 0.2785
vt 0.7448 0.2872
vt 0.739 0.2785
vt 0.7381 0.2872
vt 0.7343 0.2856
vt 0.7359 0.2761
vt 0.7297 0.2819
vt 0.7194 0.2577
vt 0.7212 0.2395
vt 0.7192 0.2386
vt 0.717 0.2397
vt 0.7041 0.2728
vt 0.7113 0.2768
vt 0.7077 0.2836
vt 0.7017 0.2776
vt 0.7037 0.2874
vt 0.6964 0.279
vt 0.6964 0.2874
vt 0.685 0.2874
vt 0.685 0.279
vt 0.679 0.279
vt 0.679 0.2874
vt 0.6566 0.279
vt 0.6566 0.2874
vt 0.6304 0.279
vt 0.6304 0.2874
vt 0.6044 0.279
vt 0.6044 0.2874
vt 0.5807 0.279
vt 0.5807 0.2874
vt 0.8596 0.209
vt 0.8596 0.2017
vt 0.8381 0.2017
vt 0.8381 0.209
vt 0.8178 0.2017
vt 0.8178 0.209
vt 0.8016 0.209
vt 0.8016 0.2017
vt 0.8001 0.2077
vt 0.8001 0.2147
vt 0.7966 0.2147
vt 0.7966 0.2077
vt 0.7932 0.2147
vt 0.7932 0.2077
vt 0.7912 0.2077
vt 0.791 0.2147
vt 0.7702 0.2077
vt 0.7702 0.2147
vt 0.769 0.2077
vt 0.769 0.2147
vt 0.7676 0.2077
vt 0.7676 0.2147
vt 0.7487 0.2147
vt 0.7487 0.2077
vt 0.7459 0.2077
vt 0.7459 0.2147
vt 0.7439 0.2077
vt 0.7439 0.2147
vt 0.7381 0.2147
vt 0.7381 0.2077
vt 0.7365 0.2089
vt 0.7365 0.2017
vt 0.7234 0.2089
vt 0.7234 0.2017
vt 0.7082 0.2017
vt 0.7082 0.2089
vt 0.6927 0.2089
vt 0.6927 0.2017
vt 0.6781 0.2017
vt 0.6781 0.2089
vt 0.906 0.1399
vt 0.906 0.1337
vt 0.899 0.1337
vt 0.899 0.1399
vt 0.8535 0.2344
vt 0.8535 0.2264
vt 0.8277 0.2264
vt 0.8277 0.2344
vt 0.8038 0.2264
vt 0.8038 0.2344
vt 0.785 0.2344
vt 0.785 0.2264
vt 0.7832 0.2276
vt 0.7832 0.2199
vt 0.7784 0.2199
vt 0.7784 0.2276
vt 0.774 0.2276
vt 0.774 0.2199
vt 0.771 0.2199
vt 0.771 0.2276
vt 0.7672 0.2276
vt 0.7672 0.2199
vt 0.7512 0.2276
vt 0.7512 0.2199
vt 0.7384 0.2199
vt 0.7384 0.2278
vt 0.7338 0.2199
vt 0.7338 0.2278
vt 0.7306 0.2278
vt 0.7304 0.2199
vt 0.7274 0.2199
vt 0.7274 0.2278
vt 0.7189 0.2278
vt 0.7189 0.2199
vt 0.7168 0.2264
vt 0.7168 0.2344
vt 0.7017 0.2264
vt 0.7017 0.2344
vt 0.6836 0.2344
vt 0.6836 0.2264
vt 0.6654 0.2344
vt 0.6654 0.2264
vt 0.6488 0.2264
vt 0.6488 0.2344
vt 0.9198 0.134
vt 0.9126 0.134
vt 0.9126 0.1401
vt 0.9198 0.1401
vt 0.1963 0.9746
vt 0.2121 0.9746
vt 0.1961 0.9701
vt 0.219 0.9684
vt 0.2177 0.9754
vt 0.2162 0.9651
vt 0.195 0.9651
vt 0.2139 0.9556
vt 0.1931 0.9575
vt 0.2081 0.9406
vt 0.1901 0.9406
vt 0.1762 0.9575
vt 0.1695 0.9406
vt 0.2326 0.9758
vt 0.2214 0.98
vt 0.2294 0.98
vt 0.2252 0.9959
vt 0.2254 0.953
vt 0.2255 0.9478
vt 0.2343 0.9652
vt 0.2316 0.9681
vt 0.2385 0.9746
vt 0.2546 0.971
vt 0.2543 0.9746
vt 0.2827 0.971
vt 0.283 0.9746
vt 0.2556 0.9652
vt 0.237 0.9566
vt 0.2941 0.971
vt 0.2943 0.9746
vt 0.2944 0.9697
vt 0.2938 0.9652
vt 0.2573 0.9566
vt 0.2429 0.9406
vt 0.2653 0.9406
vt 0.283 0.9652
vt 0.2837 0.9566
vt 0.2857 0.9406
vt 0.2953 0.9625
vt 0.3097 0.9566
vt 0.3095 0.9406
vt 0.3389 0.9566
vt 0.3082 0.9622
vt 0.3386 0.9406
vt 0.3595 0.9406
vt 0.3663 0.9549
vt 0.3101 0.965
vt 0.3408 0.965
vt 0.3416 0.971
vt 0.3103 0.9703
vt 0.3697 0.965
vt 0.3106 0.971
vt 0.3105 0.9746
vt 0.3422 0.9746
vt 0.3676 0.9746
vt 0.3728 0.971
vt 0.3754 0.9785
vt 0.3795 0.952
vt 0.3795 0.9464
vt 0.3893 0.9648
vt 0.3867 0.9692
vt 0.3839 0.9785
vt 0.3797 0.9941
vt 0.3921 0.9746
vt 0.4179 0.9692
vt 0.4181 0.9746
vt 0.449 0.9692
vt 0.4492 0.9746
vt 0.4488 0.9648
vt 0.4183 0.9648
vt 0.419 0.9566
vt 0.4505 0.9621
vt 0.3927 0.9566
vt 0.3997 0.9406
vt 0.4207 0.9406
vt 0.4493 0.9406
vt 0.4504 0.9566
vt 0.4715 0.9566
vt 0.4641 0.9623
vt 0.4766 0.9406
vt 0.4653 0.9651
vt 0.4983 0.9566
vt 0.4964 0.9406
vt 0.515 0.9406
vt 0.5219 0.9566
vt 0.487 0.9651
vt 0.4647 0.9698
vt 0.5001 0.9651
vt 0.5253 0.9651
vt 0.4884 0.9698
vt 0.4883 0.9746
vt 0.4653 0.9746
vt 0.5012 0.9746
vt 0.5004 0.9698
vt 0.522 0.9746
vt 0.5286 0.9698
vt 0.5319 0.9793
vt 0.5357 0.9523
vt 0.5356 0.9483
vt 0.5453 0.9647
vt 0.536 0.9698
vt 0.536 0.9961
vt 0.5396 0.9792
vt 0.5431 0.9698
vt 0.5468 0.9746
vt 0.5679 0.9698
vt 0.5676 0.9746
vt 0.5687 0.9647
vt 0.5491 0.9564
vt 0.5907 0.9698
vt 0.5904 0.9746
vt 0.6052 0.9698
vt 0.6057 0.9746
vt 0.6051 0.9647
vt 0.5912 0.9647
vt 0.592 0.9564
vt 0.6063 0.9624
vt 0.5701 0.9564
vt 0.5553 0.9406
vt 0.5722 0.9406
vt 0.5933 0.9406
vt 0.6205 0.9564
vt 0.6206 0.9614
vt 0.6523 0.9564
vt 0.6209 0.9652
vt 0.6214 0.9406
vt 0.6506 0.9406
vt 0.672 0.9406
vt 0.6775 0.9564
vt 0.6807 0.9652
vt 0.6521 0.9652
vt 0.6519 0.9695
vt 0.621 0.9695
vt 0.652 0.9746
vt 0.6207 0.9746
vt 0.6799 0.9746
vt 0.6834 0.9695
vt 0.6836 0.9759
vt 0.6958 0.9709
vt 0.6857 0.9789
vt 0.6894 0.9531
vt 0.6892 0.9474
vt 0.6982 0.9657
vt 0.6933 0.9783
vt 0.6898 0.9945
vt 0.6969 0.9744
vt 0.7004 0.9746
vt 0.7272 0.9709
vt 0.7267 0.9746
vt 0.7575 0.9709
vt 0.7578 0.9746
vt 0.7581 0.9695
vt 0.7278 0.9657
vt 0.701 0.9556
vt 0.7287 0.9556
vt 0.7578 0.9657
vt 0.7067 0.9394
vt 0.7282 0.9394
vt 0.7594 0.9615
vt 0.7585 0.9394
vt 0.7582 0.9556
vt 0.7722 0.9616
vt 0.7834 0.9394
vt 0.7837 0.9556
vt 0.8092 0.9394
vt 0.7732 0.965
vt 0.8099 0.9556
vt 0.8259 0.9394
vt 0.8302 0.9556
vt 0.7839 0.965
vt 0.7838 0.9701
vt 0.7726 0.9685
vt 0.7727 0.9701
vt 0.7725 0.9746
vt 0.7838 0.9746
vt 0.8104 0.965
vt 0.8324 0.965
vt 0.8107 0.9701
vt 0.8109 0.9746
vt 0.8276 0.9746
vt 0.8343 0.9701
vt 0.8365 0.9817
vt 0.8409 0.9538
vt 0.841 0.9509
vt 0.8486 0.9656
vt 0.8467 0.9701
vt 0.8447 0.9817
vt 0.8403 0.9951
vt 0.8536 0.9746
vt 0.8751 0.9701
vt 0.8751 0.9746
vt 0.8751 0.9659
vt 0.8498 0.9573
vt 0.8975 0.9701
vt 0.8975 0.9746
vt 0.909 0.9746
vt 0.9088 0.9701
vt 0.9089 0.9686
vt 0.9084 0.9653
vt 0.8751 0.9571
vt 0.8538 0.9406
vt 0.8751 0.9406
vt 0.7644 0.6543
vt 0.7687 0.6337
vt 0.7596 0.6337
vt 0.7727 0.6275
vt 0.7548 0.6275
vt 0.7586 0.6222
vt 0.7482 0.6275
vt 0.7703 0.6222
vt 0.7816 0.6275
vt 0.7383 0.6222
vt 0.7386 0.6275
vt 0.7124 0.6275
vt 0.7122 0.6222
vt 0.6931 0.6275
vt 0.786 0.6222
vt 0.7878 0.6222
vt 0.7844 0.618
vt 0.7907 0.6275
vt 0.7727 0.618
vt 0.7926 0.6222
vt 0.8134 0.6222
vt 0.8149 0.6275
vt 0.8296 0.6275
vt 0.8302 0.6262
vt 0.7643 0.6037
vt 0.7944 0.618
vt 0.8342 0.6222
vt 0.8336 0.6275
vt 0.8365 0.618
vt 0.8361 0.6275
vt 0.8429 0.6223
vt 0.844 0.6275
vt 0.8422 0.618
vt 0.8425 0.6145
vt 0.8333 0.6145
vt 0.8228 0.6145
vt 0.8134 0.618
vt 0.8081 0.6145
vt 0.7966 0.6145
vt 0.7873 0.6145
vt 0.7828 0.6105
vt 0.786 0.6105
vt 0.7751 0.6105
vt 0.7644 0.5998
vt 0.7651 0.5885
vt 0.7662 0.5889
vt 0.7551 0.6179
vt 0.7535 0.61
vt 0.7636 0.5888
vt 0.7541 0.6137
vt 0.7453 0.61
vt 0.7418 0.6179
vt 0.7443 0.615
vt 0.741 0.6139
vt 0.7423 0.61
vt 0.7294 0.6179
vt 0.7292 0.6139
vt 0.7116 0.6179
vt 0.7118 0.6139
vt 0.6945 0.6222
vt 0.6952 0.6179
vt 0.6957 0.6139
vt 0.6855 0.6222
vt 0.6842 0.6275
vt 0.6862 0.6179
vt 0.6859 0.6139
vt 0.8366 0.3876
vt 0.8532 0.3876
vt 0.8532 0.384
vt 0.833 0.3675
vt 0.8104 0.3876
vt 0.8104 0.3675
vt 0.7986 0.3876
vt 0.7912 0.3675
vt 0.7912 0.3876
vt 0.1217 0.9915
vt 0.1324 0.9915
vt 0.1324 0.9874
vt 0.1237 0.9874
vt 0.1132 0.9874
vt 0.0942 0.9915
vt 0.1002 0.9874
vt 0.091 0.9874
vt 0.0826 0.9874
vt 0.0775 0.9915
vt 0.0774 0.9874
vt 0.5912 0.3168
vt 0.6331 0.2948
vt 0.5918 0.3123
vt 0.6503 0.3168
vt 0.6493 0.2948
vt 0.6566 0.3168
vt 0.6552 0.2948
vt 0.662 0.2948
vt 0.6605 0.3168
vt 0.6685 0.2948
vt 0.6744 0.3073
vt 0.687 0.2948
vt 0.6702 0.3135
vt 0.666 0.3168
vt 0.6767 0.3168
vt 0.677 0.3141
vt 0.6755 0.308
vt 0.6775 0.3137
vt 0.6842 0.3067
vt 0.6841 0.3075
vt 0.6805 0.3135
vt 0.689 0.3101
vt 0.6869 0.3057
vt 0.6956 0.3022
vt 0.6984 0.2948
vt 0.6879 0.3064
vt 0.6991 0.2981
vt 0.6994 0.2948
vt 0.6967 0.3034
vt 0.6976 0.3071
vt 0.6989 0.3075
vt 0.6997 0.3061
vt 0.7003 0.2984
vt 0.7032 0.3004
vt 0.7045 0.2999
vt 0.703 0.2965
vt 0.702 0.2948
vt 0.7091 0.2968
vt 0.7106 0.3018
vt 0.7078 0.3012
vt 0.7057 0.3013
vt 0.804 0.1626
vt 0.8418 0.1838
vt 0.8418 0.1812
vt 0.785 0.1838
vt 0.7877 0.1626
vt 0.7801 0.1838
vt 0.7832 0.1626
vt 0.7785 0.1626
vt 0.7756 0.1804
vt 0.7771 0.1838
vt 0.7657 0.1626
vt 0.775 0.1814
vt 0.7718 0.1838
vt 0.7689 0.1817
vt 0.7629 0.1806
vt 0.7612 0.1838
vt 0.3418 0.6851
vt 0.3317 0.673
vt 0.3317 0.6803
vt 0.3418 0.665
vt 0.3335 0.6666
vt 0.3373 0.6642
vt 0.5194 0.4489
vt 0.5029 0.4586
vt 0.5194 0.4586
vt 0.4998 0.4489
vt 0.9463 0.1707
vt 0.953 0.1656
vt 0.9463 0.1656
vt 0.953 0.1707
vt 0.702 0.859
vt 0.6853 0.856
vt 0.6853 0.859
vt 0.7056 0.8553
vt 0.7 0.8513
vt 0.7274 0.859
vt 0.7061 0.8546
vt 0.7008 0.8505
vt 0.7048 0.844
vt 0.7077 0.8435
vt 0.7115 0.8435
vt 0.7245 0.8395
vt 0.7115 0.8395
vt 0.7396 0.859
vt 0.7453 0.8395
vt 0.7476 0.859
vt 0.7405 0.862
vt 0.7473 0.862
vt 0.4883 0.393
vt 0.4952 0.37
vt 0.4854 0.3916
vt 0.497 0.3719
vt 0.4977 0.3685
vt 0.4985 0.3877
vt 0.4929 0.405
vt 0.4977 0.3717
vt 0.4982 0.3719
vt 0.5 0.3696
vt 0.5121 0.3901
vt 0.5093 0.3919
vt 0.479 0.3944
vt 0.4822 0.3916
vt 0.4777 0.3905
vt 0.4793 0.3905
vt 0.4654 0.3944
vt 0.4654 0.3905
vt 0.4777 0.3999
vt 0.4391 0.3944
vt 0.4391 0.3905
vt 0.4254 0.3905
vt 0.4246 0.3944
vt 0.4296 0.3968
vt 0.4517 0.3999
vt 0.4308 0.3999
vt 0.4278 0.4011
vt 0.4308 0.4041
vt 0.4517 0.4041
vt 0.4729 0.4041
vt 0.4827 0.4089
vt 0.4881 0.4128
vt 0.4928 0.4162
vt 0.5059 0.4048
vt 0.5048 0.4163
vt 0.5001 0.4387
vt 0.5159 0.4077
vt 0.5249 0.3996
vt 0.5257 0.4042
vt 0.5079 0.3992
vt 0.5512 0.3996
vt 0.5512 0.4042
vt 0.5085 0.3972
vt 0.5177 0.394
vt 0.5144 0.3908
vt 0.5161 0.3882
vt 0.5196 0.3905
vt 0.5199 0.3948
vt 0.5336 0.3948
vt 0.5335 0.3905
vt 0.5512 0.3905
vt 0.5512 0.3948
vt 0.5679 0.3905
vt 0.5661 0.3996
vt 0.5651 0.4042
vt 0.5672 0.3948
vt 0.5842 0.3905
vt 0.5796 0.3948
vt 0.5785 0.3996
vt 0.5783 0.4042
vt 0.1573 0.9915
vt 0.1455 0.9876
vt 0.1451 0.9915
vt 0.1573 0.9876
vt 0.182 0.9876
vt 0.1831 0.9915
vt 0.1949 0.9876
vt 0.1999 0.9915
vt 0.1999 0.9876
vt 0.6358 0.7517
vt 0.6371 0.7492
vt 0.5914 0.7248
vt 0.5732 0.7517
vt 0.5732 0.7248
vt 0.5699 0.7248
vt 0.5662 0.7517
vt 0.5662 0.7248
vt 0.5579 0.7248
vt 0.542 0.7517
vt 0.542 0.7248
vt 0.5195 0.7517
vt 0.5195 0.7297
vt 0.5195 0.7248
vt 0.5171 0.7279
vt 0.5163 0.7248
vt 0.5163 0.7344
vt 0.5171 0.7291
vt 0.5137 0.7392
vt 0.5126 0.743
vt 0.5118 0.7415
vt 0.5106 0.7444
vt 0.5095 0.7431
vt 0.508 0.745
vt 0.509 0.7458
vt 0.5062 0.7517
vt 0.5054 0.7513
vt 0.8256 0.8335
vt 0.7814 0.8578
vt 0.7825 0.8601
vt 0.8426 0.8601
vt 0.8426 0.8335
vt 0.8499 0.8601
vt 0.8499 0.8335
vt 0.873 0.8335
vt 0.873 0.8601
vt 0.8981 0.8335
vt 0.8981 0.8601
vt 0.9104 0.8412
vt 0.9087 0.8335
vt 0.9139 0.8601
vt 0.9146 0.8601
vt 0.9211 0.1527
vt 0.9115 0.1481
vt 0.9115 0.1527
vt 0.9211 0.1481
vt 0.6899 0.0616
vt 0.6979 0.0555
vt 0.6899 0.0555
vt 0.6979 0.0616
vt 0.2744 0.6325
vt 0.2679 0.6314
vt 0.2893 0.6558
vt 0.268 0.6297
vt 0.2692 0.6285
vt 0.302 0.6284
vt 0.5364 0.5936
vt 0.5228 0.5589
vt 0.5228 0.5831
vt 0.5438 0.5753
vt 0.5237 0.5582
vt 0.8353 0.336
vt 0.8559 0.3193
vt 0.8549 0.3184
vt 0.8415 0.3524
vt 0.8559 0.3492
vt 0.8418 0.3612
vt 0.3385 0.4475
vt 0.3495 0.4533
vt 0.3495 0.4416
vt 0.3607 0.4473
vt 0.7115 0.8002
vt 0.7061 0.8124
vt 0.7165 0.8124
vt 0.7113 0.8213
vt 0.7115 0.5948
vt 0.6982 0.6078
vt 0.7169 0.5951
vt 0.7171 0.5936
vt 0.7164 0.5927
vt 0.6944 0.5881
vt 0.815 0.8141
vt 0.8323 0.7994
vt 0.831 0.7986
vt 0.8216 0.8298
vt 0.8323 0.8201
vt 0.4236 0.155
vt 0.4072 0.1518
vt 0.4226 0.1663
vt 0.4072 0.1125
vt 0.4325 0.1344
vt 0.4087 0.1111
vt 0.7291 0.9302
vt 0.7339 0.9215
vt 0.7245 0.9215
vt 0.7293 0.9124
vt 0.3358 0.7595
vt 0.3411 0.7464
vt 0.3307 0.7464
vt 0.336 0.7348
vt 0.5648 0.253
vt 0.5351 0.2452
vt 0.5343 0.253
vt 0.5658 0.2452
vt 0.5837 0.2452
vt 0.5896 0.253
vt 0.5966 0.247
vt 0.5946 0.2453
vt 0.6103 0.2487
vt 0.6086 0.2451
vt 0.6056 0.2327
vt 0.6193 0.2451
vt 0.6119 0.2376
vt 0.6197 0.2376
vt 0.6363 0.2376
vt 0.6101 0.253
vt 0.6067 0.2587
vt 0.5979 0.2595
vt 0.6038 0.2748
vt 0.6369 0.253
vt 0.6364 0.2487
vt 0.6362 0.2451
vt 0.6668 0.2451
vt 0.6667 0.2376
vt 0.6673 0.2487
vt 0.6677 0.253
vt 0.6674 0.24
vt 0.6763 0.2376
vt 0.6764 0.2398
vt 0.5266 0.6043
vt 0.5266 0.5958
vt 0.4928 0.5958
vt 0.4928 0.6213
vt 0.5266 0.6213
vt 0.4675 0.6213
vt 0.4675 0.5958
vt 0.5515 0.6213
vt 0.4621 0.6213
vt 0.4621 0.5958
vt 0.4458 0.5958
vt 0.4205 0.6213
vt 0.4195 0.6207
vt 0.5416 0.6043
vt 0.5515 0.5956
vt 0.5439 0.5956
vt 0.5693 0.5956
vt 0.5756 0.6213
vt 0.592 0.5956
vt 0.601 0.6213
vt 0.601 0.5956
vt 0.6055 0.6213
vt 0.6055 0.5956
vt 0.6099 0.5956
vt 0.6099 0.6213
vt 0.6275 0.5956
vt 0.6702 0.6213
vt 0.6711 0.6198
vt 0.7714 0.4751
vt 0.7368 0.4751
vt 0.7354 0.4839
vt 0.7714 0.5029
vt 0.7354 0.5029
vt 0.7972 0.5029
vt 0.7972 0.4751
vt 0.804 0.4751
vt 0.804 0.5029
vt 0.8196 0.4751
vt 0.8469 0.5029
vt 0.8478 0.5008
vt 0.7034 0.5029
vt 0.7194 0.4839
vt 0.7034 0.4789
vt 0.7162 0.4789
vt 0.679 0.4789
vt 0.679 0.5029
vt 0.6587 0.5029
vt 0.6587 0.4789
vt 0.6508 0.5029
vt 0.6508 0.4789
vt 0.6294 0.4789
vt 0.5898 0.5029
vt 0.5898 0.4985
vt 0.5418 0.0918
vt 0.5335 0.0784
vt 0.5335 0.0918
vt 0.5418 0.0784
vt 0.5581 0.0784
vt 0.5581 0.0918
vt 0.5795 0.0918
vt 0.5795 0.0784
vt 0.5941 0.0918
vt 0.6014 0.0784
vt 0.6125 0.0918
vt 0.6125 0.0784
vt 0.6465 0.0784
vt 0.6465 0.0918
vt 0.6661 0.0784
vt 0.6661 0.0918
vt 0.6751 0.0784
vt 0.6751 0.0918
vt 0.2821 0.6807
vt 0.2805 0.6814
vt 0.3011 0.6989
vt 0.2805 0.703
vt 0.2938 0.715
vt 0.2805 0.7153
vt 0.291 0.7244
vt 0.2976 0.7181
vt 0.4983 0.3495
vt 0.5145 0.3495
vt 0.4986 0.3458
vt 0.5145 0.3266
vt 0.5385 0.3495
vt 0.5385 0.3266
vt 0.5583 0.3495
vt 0.565 0.3266
vt 0.5682 0.3495
vt 0.4875 0.3266
vt 0.4875 0.3458
vt 0.4527 0.3458
vt 0.4527 0.3266
vt 0.4342 0.3458
vt 0.4276 0.3266
vt 0.4228 0.3458
vt 0.3065 0.3788
vt 0.2944 0.3863
vt 0.295 0.3898
vt 0.2936 0.3777
vt 0.2902 0.3791
vt 0.3065 0.3674
vt 0.2878 0.3629
vt 0.3065 0.3474
vt 0.3054 0.3466
vt 0.4837 0.3515
vt 0.4828 0.3507
vt 0.4628 0.368
vt 0.4702 0.3866
vt 0.4837 0.3755
vt 0.6011 0.5406
vt 0.6049 0.5413
vt 0.6435 0.5413
vt 0.6267 0.515
vt 0.6435 0.515
vt 0.6498 0.515
vt 0.6498 0.5413
vt 0.6755 0.515
vt 0.6755 0.5413
vt 0.7101 0.5224
vt 0.7101 0.515
vt 0.7101 0.5413
vt 0.7258 0.5217
vt 0.7427 0.5413
vt 0.752 0.5142
vt 0.7274 0.5142
vt 0.7692 0.5413
vt 0.764 0.5142
vt 0.7826 0.5142
vt 0.7883 0.5413
vt 0.7899 0.5142
vt 0.7935 0.5413
vt 0.8098 0.5142
vt 0.8552 0.5392
vt 0.8503 0.5413
vt 0.2267 0.1568
vt 0.2395 0.1237
vt 0.2209 0.1408
vt 0.2407 0.1533
vt 0.2407 0.1247
vt 0.2276 0.1648
vt 0.8561 0.1288
vt 0.8572 0.1611
vt 0.8572 0.1298
vt 0.8346 0.1475
vt 0.8408 0.1654
vt 0.8414 0.175
vt 0.6829 0.6655
vt 0.6968 0.6777
vt 0.6973 0.6686
vt 0.6829 0.6357
vt 0.7034 0.6524
vt 0.684 0.6348
vt 0.609 0.9214
vt 0.5884 0.9214
vt 0.609 0.9259
vt 0.5965 0.9259
vt 0.5787 0.9259
vt 0.5633 0.9214
vt 0.5621 0.9259
vt 0.5521 0.9259
vt 0.5466 0.9259
vt 0.5466 0.9214
vt 0.1498 0.978
vt 0.1424 0.9808
vt 0.1514 0.9808
vt 0.1425 0.978
vt 0.1217 0.9808
vt 0.1216 0.978
vt 0.1204 0.978
vt 0.1206 0.9808
vt 0.1194 0.978
vt 0.1193 0.9808
vt 0.0985 0.9808
vt 0.0976 0.978
vt 0.0893 0.9808
vt 0.0912 0.978
vt 0.3427 0.9145
vt 0.3369 0.8989
vt 0.3284 0.914
vt 0.3336 0.9289
vt 0.7471 0.3852
vt 0.7419 0.366
vt 0.7368 0.3852
vt 0.7169 0.366
vt 0.7169 0.3852
vt 0.6825 0.3852
vt 0.6825 0.366
vt 0.6716 0.3852
vt 0.6504 0.366
vt 0.6504 0.3852
vt 0.6273 0.3852
vt 0.6273 0.366
vt 0.6103 0.3852
vt 0.605 0.366
vt 0.6001 0.3852
vt 0.5645 0.3625
vt 0.5465 0.3713
vt 0.5578 0.3713
vt 0.5535 0.3625
vt 0.4472 0.132
vt 0.4589 0.1263
vt 0.4472 0.1208
vt 0.4354 0.1269
vt 0.4135 0.8594
vt 0.4589 0.8335
vt 0.413 0.8574
vt 0.4775 0.8594
vt 0.4778 0.8335
vt 0.481 0.8594
vt 0.481 0.8335
vt 0.4866 0.8335
vt 0.4839 0.8594
vt 0.5005 0.8335
vt 0.5108 0.8594
vt 0.5307 0.8335
vt 0.5364 0.8594
vt 0.5455 0.841
vt 0.5428 0.8335
vt 0.562 0.841
vt 0.562 0.8594
vt 0.5984 0.8594
vt 0.5984 0.8337
vt 0.5647 0.8337
vt 0.624 0.8594
vt 0.624 0.8337
vt 0.6306 0.8594
vt 0.6306 0.8337
vt 0.6466 0.8337
vt 0.6748 0.8557
vt 0.6735 0.8594
vt 0.2853 0.5726
vt 0.2853 0.5918
vt 0.3084 0.5946
vt 0.2979 0.571
vt 0.3089 0.5934
vt 0.2853 0.5615
vt 0.281 0.5696
vt 0.2968 0.5658
vt 0.2853 0.5566
vt 0.8809 0.7909
vt 0.8908 0.8006
vt 0.8908 0.7929
vt 0.8809 0.816
vt 0.8943 0.8085
vt 0.8943 0.8009
vt 0.9164 0.1141
vt 0.9164 0.1272
vt 0.9302 0.1272
vt 0.9302 0.1141
vt 0.5881 0.526
vt 0.59 0.5215
vt 0.5881 0.5218
vt 0.5952 0.5296
vt 0.5952 0.5159
vt 0.59 0.5174
vt 0.4172 0.8346
vt 0.4296 0.84
vt 0.4418 0.8346
vt 0.4296 0.8291
vt 0.8271 0.6986
vt 0.8235 0.7064
vt 0.8354 0.6963
vt 0.8354 0.7191
vt 0.8235 0.7142
vt 0.6697 0.7283
vt 0.6591 0.7242
vt 0.6729 0.7372
vt 0.6591 0.7517
vt 0.6729 0.7458
vt 0.9123 0.1269
vt 0.9123 0.1141
vt 0.8979 0.1141
vt 0.8979 0.1269
vt 0.4123 0.0976
vt 0.4123 0.0846
vt 0.4073 0.0846
vt 0.3982 0.0976
vt 0.3982 0.0846
vt 0.3415 0.7009
vt 0.3311 0.7159
vt 0.3415 0.7213
vt 0.3311 0.7097
vt 0.3338 0.7038
vt 0.4551 0.7263
vt 0.4643 0.7281
vt 0.4581 0.7257
vt 0.468 0.7362
vt 0.4551 0.7499
vt 0.468 0.7438
vt 0.7762 0.3872
vt 0.7837 0.3872
vt 0.7837 0.3641
vt 0.7762 0.3641
vt 0.202 0.7186
vt 0.202 0.7238
vt 0.2151 0.7238
vt 0.2063 0.7123
vt 0.217 0.7119
vt 0.7109 0.312
vt 0.7109 0.3184
vt 0.7205 0.3225
vt 0.7205 0.3036
vt 0.7138 0.3059
vt 0.8586 0.3963
vt 0.833 0.3963
vt 0.8393 0.4102
vt 0.856 0.4062
vt 0.6442 0.2738
vt 0.6313 0.2598
vt 0.6313 0.2738
vt 0.6442 0.2598
vt 0.5492 0.2593
vt 0.5471 0.2604
vt 0.5696 0.2791
vt 0.5471 0.2921
vt 0.5628 0.2969
vt 0.5622 0.3068
vt 0.5057 0.5666
vt 0.4781 0.5666
vt 0.5042 0.5706
vt 0.4781 0.5706
vt 0.4439 0.5706
vt 0.4446 0.5666
vt 0.4344 0.5706
vt 0.435 0.5666
vt 0.7685 0.4388
vt 0.7348 0.4388
vt 0.7333 0.4465
vt 0.7685 0.4643
vt 0.7333 0.4643
vt 0.7082 0.4643
vt 0.7163 0.4453
vt 0.7145 0.4385
vt 0.7023 0.4385
vt 0.6883 0.4385
vt 0.6821 0.4643
vt 0.6654 0.4385
vt 0.6556 0.4643
vt 0.6556 0.4385
vt 0.6471 0.4385
vt 0.6471 0.4643
vt 0.6292 0.4385
vt 0.5847 0.4643
vt 0.5843 0.4614
vt 0.3524 0.4925
vt 0.3535 0.4612
vt 0.3524 0.462
vt 0.3724 0.4793
vt 0.3659 0.4954
vt 0.3647 0.5044
vt 0.3695 0.4988
vt 0.3644 0.5097
vt 0.3524 0.4961
vt 0.2985 0.4583
vt 0.3 0.4896
vt 0.3 0.4591
vt 0.2798 0.4766
vt 0.2869 0.4929
vt 0.2882 0.5015
vt 0.2823 0.4953
vt 0.3 0.4932
vt 0.2876 0.507
vt 0.8532 0.2963
vt 0.8323 0.3137
vt 0.8593 0.3137
vt 0.8321 0.2963
vt 0.8016 0.2963
vt 0.8 0.3137
vt 0.7917 0.3137
vt 0.7765 0.2963
vt 0.7759 0.3171
vt 0.792 0.3171
vt 0.75 0.3171
vt 0.7493 0.2963
vt 0.7377 0.3171
vt 0.7314 0.2963
vt 0.7294 0.3171
vt 0.7296 0.3195
vt 0.7364 0.3195
vt 0.4258 0.3501
vt 0.4387 0.3861
vt 0.4455 0.3673
vt 0.4249 0.3511
vt 0.4249 0.3755
vt 0.8153 0.582
vt 0.8545 0.582
vt 0.859 0.5813
vt 0.8153 0.5547
vt 0.8329 0.5547
vt 0.8129 0.5547
vt 0.8104 0.582
vt 0.8104 0.5547
vt 0.784 0.5547
vt 0.784 0.582
vt 0.7484 0.5632
vt 0.7495 0.5547
vt 0.7546 0.582
vt 0.74 0.5787
vt 0.7327 0.5632
vt 0.7428 0.582
vt 0.7464 0.582
vt 0.7352 0.582
vt 0.7325 0.5753
vt 0.7312 0.5771
vt 0.731 0.582
vt 0.7281 0.582
vt 0.7272 0.5691
vt 0.7262 0.5764
vt 0.7135 0.582
vt 0.7135 0.5547
vt 0.7312 0.5547
vt 0.6888 0.582
vt 0.6888 0.5547
vt 0.6687 0.582
vt 0.6715 0.5547
vt 0.6638 0.582
vt 0.666 0.5547
vt 0.6459 0.5547
vt 0.603 0.582
vt 0.5994 0.5796
vt 0.8823 0.9298
vt 0.8811 0.9128
vt 0.8651 0.9298
vt 0.8635 0.9209
vt 0.88 0.9125
vt 0.8565 0.9298
vt 0.3087 0.4273
vt 0.3315 0.4467
vt 0.3105 0.4263
vt 0.3087 0.4602
vt 0.3239 0.4645
vt 0.3233 0.4749
vt 0.5254 0.1957
vt 0.5693 0.1691
vt 0.5515 0.1691
vt 0.5693 0.1964
vt 0.5291 0.1964
vt 0.572 0.1691
vt 0.575 0.1964
vt 0.575 0.1691
vt 0.6 0.1691
vt 0.6 0.1964
vt 0.6348 0.1772
vt 0.6336 0.1691
vt 0.6348 0.1964
vt 0.6594 0.1964
vt 0.6506 0.1772
vt 0.6651 0.1693
vt 0.6527 0.1693
vt 0.6848 0.1964
vt 0.6933 0.1693
vt 0.7122 0.1964
vt 0.7078 0.1693
vt 0.7159 0.1693
vt 0.718 0.1964
vt 0.7319 0.1693
vt 0.7739 0.1964
vt 0.7759 0.1942
vt 0.29 0.9838
vt 0.2781 0.9878
vt 0.29 0.9878
vt 0.2781 0.9838
vt 0.2643 0.9838
vt 0.2512 0.9878
vt 0.2511 0.9838
vt 0.2397 0.9838
vt 0.2348 0.9878
vt 0.2348 0.9838
vt 0.6912 0.8281
vt 0.6962 0.841
vt 0.703 0.8286
vt 0.6974 0.8156
vt 0.5394 0.2223
vt 0.5291 0.203
vt 0.525 0.2223
vt 0.5549 0.203
vt 0.5549 0.2223
vt 0.5898 0.203
vt 0.5898 0.2223
vt 0.6228 0.203
vt 0.6228 0.2223
vt 0.6481 0.203
vt 0.6481 0.2223
vt 0.6679 0.203
vt 0.6724 0.2223
vt 0.4865 0.7266
vt 0.4883 0.7408
vt 0.4937 0.726
vt 0.488 0.7207
vt 0.4897 0.7172
vt 0.4972 0.7224
vt 0.5014 0.718
vt 0.486 0.7201
vt 0.4842 0.7216
vt 0.4806 0.7187
vt 0.4947 0.7133
vt 0.5045 0.707
vt 0.5244 0.7145
vt 0.4958 0.707
vt 0.4975 0.7
vt 0.5064 0.7
vt 0.5225 0.707
vt 0.5204 0.7
vt 0.4839 0.713
vt 0.4896 0.6976
vt 0.4855 0.7162
vt 0.5543 0.707
vt 0.5534 0.7016
vt 0.5521 0.7
vt 0.5664 0.7035
vt 0.5661 0.7
vt 0.5558 0.71
vt 0.5694 0.7081
vt 0.5449 0.7134
vt 0.5422 0.7145
vt 0.5566 0.7145
vt 0.5465 0.7145
vt 0.5837 0.7081
vt 0.5837 0.7
vt 0.5837 0.7125
vt 0.5687 0.7125
vt 0.6087 0.7081
vt 0.6087 0.7
vt 0.63 0.7
vt 0.6344 0.7066
vt 0.6087 0.7125
vt 0.6365 0.7125
vt 0.5837 0.7173
vt 0.568 0.7173
vt 0.6087 0.7173
vt 0.6326 0.7173
vt 0.6552 0.7173
vt 0.6474 0.7241
vt 0.6396 0.7241
vt 0.6439 0.7454
vt 0.6502 0.7125
vt 0.6797 0.7125
vt 0.6422 0.6961
vt 0.679 0.7173
vt 0.7041 0.7173
vt 0.6638 0.7081
vt 0.6523 0.7084
vt 0.6559 0.7
vt 0.6638 0.7
vt 0.6811 0.7
vt 0.6805 0.7081
vt 0.7041 0.7
vt 0.7037 0.7125
vt 0.7188 0.7173
vt 0.7183 0.7125
vt 0.7183 0.7081
vt 0.7033 0.7081
vt 0.7221 0.7
vt 0.7246 0.7037
vt 0.746 0.7
vt 0.7423 0.7037
vt 0.7449 0.7102
vt 0.7825 0.7102
vt 0.7827 0.7
vt 0.8044 0.7102
vt 0.8044 0.7
vt 0.8164 0.7102
vt 0.8143 0.7
vt 0.4679 0.5776
vt 0.4577 0.5814
vt 0.4679 0.5862
vt 0.4771 0.5816
vt 0.6563 0.1046
vt 0.6786 0.1191
vt 0.681 0.1046
vt 0.6563 0.1191
vt 0.631 0.1046
vt 0.631 0.1191
vt 0.6139 0.1191
vt 0.5972 0.1191
vt 0.5972 0.1046
vt 0.561 0.1046
vt 0.561 0.1191
vt 0.5436 0.1046
vt 0.5436 0.1191
vt 0.5306 0.1191
vt 0.5306 0.1046
vt 0.4421 0.245
vt 0.4216 0.2655
vt 0.4436 0.2463
vt 0.4288 0.2829
vt 0.4436 0.2804
vt 0.4302 0.2931
vt 0.8541 0.4236
vt 0.815 0.4003
vt 0.8528 0.4261
vt 0.7964 0.4261
vt 0.7964 0.4003
vt 0.7901 0.4261
vt 0.7901 0.4003
vt 0.771 0.4003
vt 0.771 0.4261
vt 0.7475 0.4003
vt 0.7475 0.4261
vt 0.7297 0.4084
vt 0.7323 0.4003
vt 0.7328 0.4261
vt 0.7294 0.4261
vt 0.7271 0.4225
vt 0.7246 0.4261
vt 0.7236 0.418
vt 0.7161 0.4073
vt 0.7181 0.4261
vt 0.7207 0.4207
vt 0.7167 0.4188
vt 0.7179 0.422
vt 0.715 0.4261
vt 0.713 0.4199
vt 0.7074 0.4261
vt 0.7093 0.4154
vt 0.7124 0.4143
vt 0.7046 0.4115
vt 0.7042 0.4157
vt 0.7107 0.4095
vt 0.6964 0.4156
vt 0.6804 0.4261
vt 0.7082 0.4068
vt 0.7044 0.4007
vt 0.7145 0.4007
vt 0.7021 0.4007
vt 0.6985 0.4007
vt 0.6969 0.4121
vt 0.6804 0.4007
vt 0.6575 0.4261
vt 0.6575 0.4007
vt 0.654 0.4007
vt 0.6514 0.4261
vt 0.6514 0.4007
vt 0.6355 0.4007
vt 0.6114 0.4261
vt 0.6109 0.4242
vt 0.8453 0.4612
vt 0.8178 0.4388
vt 0.8446 0.4643
vt 0.8016 0.4643
vt 0.8016 0.4489
vt 0.7949 0.4643
vt 0.8005 0.4468
vt 0.8032 0.4361
vt 0.7976 0.4385
vt 0.7923 0.4392
vt 0.7949 0.4485
vt 0.7934 0.4458
vt 0.7864 0.4423
vt 0.7826 0.4388
vt 0.7885 0.44
vt 0.1988 0.6733
vt 0.1802 0.6917
vt 0.1869 0.7079
vt 0.2002 0.6742
vt 0.2002 0.7033
vt 0.1885 0.7166
vt 0.182 0.7095
vt 0.2001 0.709
vt 0.1886 0.7231
vt 0.5242 0.3666
vt 0.5343 0.3561
vt 0.5242 0.3587
vt 0.5343 0.3824
vt 0.5201 0.3668
vt 0.5201 0.3756
vt 0.9548 0.1893
vt 0.9676 0.1893
vt 0.9676 0.1754
vt 0.9548 0.1754
vt 0.601 0.4774
vt 0.5988 0.4772
vt 0.6013 0.4833
vt 0.592 0.4882
vt 0.592 0.4707
vt 0.5984 0.4722
vt 0.6827 0.7267
vt 0.6948 0.7367
vt 0.6915 0.7296
vt 0.6827 0.7498
vt 0.6948 0.7441
vt 0.8377 0.6405
vt 0.847 0.6324
vt 0.8411 0.6342
vt 0.847 0.6501
vt 0.8377 0.6466
vt 0.9574 0.146
vt 0.9425 0.159
vt 0.9574 0.159
vt 0.9425 0.146
vt 0.4344 0.5706
vt 0.4284 0.5706
vt 0.4284 0.582
vt 0.4418 0.5858
vt 0.4439 0.5706
vt 0.5734 0.5758
vt 0.5616 0.59
vt 0.5734 0.5847
vt 0.5616 0.5654
vt 0.5706 0.5688
vt 0.2388 0.172
vt 0.232 0.1757
vt 0.2429 0.1724
vt 0.2286 0.1846
vt 0.2429 0.1984
vt 0.2292 0.1928
vt 0.9343 0.1667
vt 0.927 0.1667
vt 0.927 0.17
vt 0.9343 0.17
vt 0.7658 0.2397
vt 0.7789 0.2488
vt 0.7789 0.2397
vt 0.7658 0.2488
vt 0.7569 0.8611
vt 0.7722 0.8516
vt 0.7726 0.8423
vt 0.7569 0.8295
vt 0.7682 0.8331
vt 0.485 0.7
vt 0.4583 0.7
vt 0.4852 0.707
vt 0.4563 0.707
vt 0.4736 0.7103
vt 0.425 0.707
vt 0.4239 0.7
vt 0.4551 0.7103
vt 0.4237 0.7103
vt 0.4221 0.715
vt 0.4545 0.715
vt 0.4686 0.715
vt 0.4732 0.715
vt 0.4745 0.7134
vt 0.4776 0.7166
vt 0.4755 0.7231
vt 0.4816 0.7166
vt 0.4823 0.7175
vt 0.8359 0.9292
vt 0.8493 0.9153
vt 0.8359 0.9153
vt 0.8493 0.9292
vt 0.4164 0.6829
vt 0.4286 0.6883
vt 0.4164 0.6753
vt 0.4286 0.6643
vt 0.4191 0.6682
vt 0.4282 0.1629
vt 0.4523 0.1437
vt 0.4512 0.1426
vt 0.4523 0.1781
vt 0.4347 0.1822
vt 0.4356 0.1928
vt 0.4744 0.9898
vt 0.4655 0.981
vt 0.4655 0.9898
vt 0.4744 0.981
vt 0.491 0.981
vt 0.491 0.9898
vt 0.5218 0.9898
vt 0.5218 0.981
vt 0.5296 0.981
vt 0.5296 0.9898
vt 0.4098 0.906
vt 0.4037 0.9201
vt 0.4116 0.9082
vt 0.4057 0.9071
vt 0.395 0.9106
vt 0.3946 0.9143
vt 0.3948 0.9153
vt 0.3952 0.9162
vt 0.3949 0.9176
vt 0.3942 0.9202
vt 0.3946 0.9236
vt 0.4109 0.9091
vt 0.4037 0.9201
vt 0.4124 0.9109
vt 0.4224 0.9183
vt 0.4194 0.9289
vt 0.4128 0.9285
vt 0.4119 0.9289
vt 0.4112 0.9287
vt 0.4101 0.9287
vt 0.4054 0.9294
vt 0.4049 0.9289
vt 0.3986 0.9299
vt 0.3967 0.9278
vt 0.3978 0.928
vt 0.4037 0.9201
vt 0.3969 0.929
vt 0.3954 0.9284
vt 0.395 0.9276
vt 0.394 0.9258
vt 0.3935 0.924
vt 0.3944 0.9231
vt 0.4361 0.1032
vt 0.4426 0.0981
vt 0.4284 0.1032
vt 0.437 0.1032
vt 0.4284 0.1032
vt 0.4426 0.0981
vt 0.4284 0.1032
vt 0.4284 0.1032
vt 0.4692 0.8166
vt 0.4669 0.8101
vt 0.4687 0.8166
vt 0.47 0.8166
vt 0.464 0.8166
vt 0.4754 0.8166
vt 0.4593 0.8166
vt 0.4754 0.8166
vt 0.4579 0.8166
vt 0.4754 0.8166
vt 0.4575 0.8166
vt 0.4754 0.8166
vt 0.4561 0.8166
vt 0.4754 0.8166
vt 0.4561 0.8149
vt 0.4754 0.8124
vt 0.4561 0.8038
vt 0.4754 0.8117
vt 0.457 0.8038
vt 0.4754 0.8102
vt 0.4584 0.8038
vt 0.4754 0.8038
vt 0.4609 0.8038
vt 0.4678 0.8038
vn 0.9188468 -0.046663538 0.3918456
vn 0.9188468 -0.046663538 0.3918456
vn 0.9188468 -0.046663538 0.39184564
vn -0.71064484 -0.045338023 0.7020886
vn -0.71064484 -0.045338023 0.7020886
vn -0.7106449 -0.045338027 0.7020886
vn -0.9251955 0.002580044 0.37948206
vn -0.9251955 0.0025800436 0.37948203
vn -0.9251955 0.002580044 0.37948206
vn -0.922221 -0.0094577605 0.38654745
vn -0.922221 -0.0094577605 0.38654745
vn -0.922221 -0.0094577605 0.38654745
vn -0.3636138 -0.93034 0.0474591
vn -0.3636138 -0.93034 0.0474591
vn -0.36361378 -0.93034 0.047459092
vn -0.3557917 -0.9344124 0.016904308
vn -0.35579172 -0.9344124 0.016904308
vn -0.3557917 -0.9344124 0.016904308
vn 0.7432313 -0.6466488 -0.17161734
vn 0.74323124 -0.6466488 -0.17161737
vn 0.7432313 -0.64664876 -0.17161734
vn 0.04065857 0.1544558 -0.98716277
vn -0.986715 0.16169128 0.015790336
vn -0.5241704 0.61965734 -0.5841834
vn 0.5180631 -0.70232517 0.488211
vn 0.5180632 -0.7023251 0.488211
vn 0.5180632 -0.7023251 0.488211
vn 0.04984809 -0.99183965 0.11734255
vn -0.79493237 0.044990238 -0.60502756
vn -0.35316816 -0.15906942 -0.9219377
vn 0.04254057 0.401018 -0.9150819
vn -0.79493237 0.044990238 -0.60502756
vn -0.9048726 0.35062307 0.24138954
vn 0.9093075 -0.41602352 -0.009186355
vn 0.5576815 0.30327222 0.77266896
vn 0.77349126 -0.26722562 -0.5747188
vn 0.7699902 0.2563233 0.58430606
vn 0.5576815 0.30327222 0.77266896
vn 0.069472305 -0.14997774 0.9862455
vn 0.600017 0.7795518 -0.1796623
vn 0.5576815 0.30327222 0.77266896
vn 0.51422614 -0.2209226 -0.82871264
vn 0.9195565 0.36530247 -0.14481008
vn 0.9195565 0.36530244 -0.14481007
vn 0.9195565 0.3653024 -0.14481007
vn 0.8987311 0.3645033 -0.24376157
vn 0.8987311 0.3645033 -0.24376157
vn 0.8987311 0.3645033 -0.24376157
vn 0.86342347 0.3404448 -0.3722866
vn 0.86342347 0.34044483 -0.37228662
vn 0.86342347 0.3404448 -0.37228665
vn 0.19960706 0.4616979 0.8642871
vn 0.19960704 0.4616979 0.864287
vn 0.19960701 0.4616979 0.8642871
vn 0.89753526 -0.028689884 0.4400084
vn 0.89753526 -0.028689884 0.4400084
vn 0.8975352 -0.02868989 0.44000843
vn 0.524679 0.75249434 0.39807573
vn 0.52467895 0.75249434 0.39807573
vn 0.524679 0.75249434 0.39807573
vn 0.3458963 0.92843264 -0.13553081
vn 0.34589636 0.92843264 -0.13553081
vn 0.34589627 0.92843264 -0.13553083
vn 0.9326347 0.28389126 0.22270656
vn 0.9326347 0.28389126 0.22270656
vn 0.9326347 0.28389126 0.22270656
vn 0.35462245 0.934519 0.030283982
vn 0.35462245 0.934519 0.030283982
vn 0.35462245 0.934519 0.030283982
vn 0.15793504 0.19085975 0.9688287
vn 0.15793504 0.19085974 0.9688287
vn 0.15793505 0.19085976 0.9688287
vn 0.39093634 -0.07713934 0.91717947
vn 0.39093634 -0.07713934 0.91717947
vn 0.39093634 -0.07713935 0.91717947
vn 0.33262673 0.9424738 -0.033205654
vn 0.3326267 0.9424738 -0.033205654
vn 0.33262676 0.9424738 -0.033205654
vn 0.93177354 0.28776738 0.22133239
vn 0.93177354 0.28776735 0.22133237
vn 0.93177354 0.28776735 0.22133237
vn 0.032926522 0.9984446 0.044991627
vn 0.032926522 0.9984446 0.044991624
vn 0.032926522 0.9984446 0.044991627
vn 0.58406484 -0.80446905 0.10815698
vn 0.5840649 -0.8044689 0.10815698
vn 0.58406484 -0.80446905 0.10815698
vn 0.93242127 0.28510198 0.22205281
vn 0.93242127 0.28510195 0.22205286
vn 0.93242127 0.28510198 0.22205284
vn 0.48008987 0.8152295 0.32390505
vn 0.48008987 0.8152295 0.3239051
vn 0.48008987 0.8152295 0.3239051
vn -0.04901347 0.4306122 0.9012052
vn -0.04901347 0.43061212 0.9012052
vn -0.04901347 0.4306122 0.9012052
vn 0.3356598 0.94039035 0.05475925
vn 0.3356598 0.94039035 0.054759245
vn 0.3356598 0.94039035 0.054759245
vn 0.009123413 -0.99971265 -0.022166561
vn -0.057611093 -0.9950258 0.08126858
vn 0.009123414 -0.99971265 -0.022166561
vn -0.018109739 -0.99410534 0.106895246
vn -0.020125436 -0.9814347 0.19073771
vn 0.02341798 -0.96081007 0.2762168
vn -0.11257603 -0.9838176 0.13939023
vn -0.19681804 -0.9679928 0.15573235
vn -0 -1 0
vn -0.0006581443 -0.99999857 0.0015601361
vn -0 -1 0
vn -0.00066315266 -0.99999857 0.0015720085
vn -0 -1 0
vn -0 -1 0
vn -0.0019989326 -0.99998677 0.004738485
vn -0.0019989326 -0.99998677 0.004738485
vn -0 -1 0
vn -0 -1 0
vn -0 -1 0
vn -0 -1 0
vn -0 -1 0
vn -0 -1 0
vn -0 -1 0
vn -0.38746363 -0.052793782 0.92037207
vn -0.38746363 -0.052793775 0.92037207
vn -0.38746366 -0.05279378 0.92037207
vn -0.38746366 -0.052793775 0.92037207
vn 0.39083788 -0.12133538 -0.91242725
vn 0.3908379 -0.12133538 -0.91242725
vn 0.3908379 -0.12133538 -0.91242725
vn 0.39083782 -0.12133536 -0.91242725
vn -0.37366188 0 0.92756504
vn -0.37366188 0 0.92756504
vn -0.37366188 0 0.92756504
vn -0.37366188 0 0.92756504
vn -0.9197752 0 -0.39244565
vn -0.36011705 0 -0.93290704
vn -0.9197752 0 -0.39244565
vn -0.36011705 0 -0.93290704
vn -0.3599788 -4.5716806E-06 -0.9329605
vn -0.36076796 0 -0.93265563
vn -0.9190178 -2.1467946E-05 -0.3942161
vn -0.9178639 4.4780856E-05 -0.39689535
vn -0.91739583 8.2407925E-05 -0.39797592
vn -0.91567427 0.00017292814 -0.40192133
vn -0.91567427 0.00017292812 -0.40192133
vn 0.9324816 0 0.36121762
vn 0.91946524 0 -0.39317122
vn 0.9324816 0 0.36121762
vn 0.91946524 0 -0.39317122
vn 0.92236733 0.0004866213 -0.38631365
vn 0.92287856 0 -0.38509127
vn 0.9280297 0.0027292192 0.37249637
vn 0.92096746 0.0018554807 0.3896351
vn 0.9171088 0 0.39863706
vn 0.90574384 0 0.42382568
vn 0.90574384 0 0.42382568
vn -0.3303437 0 0.94386077
vn -0.3303437 0 0.94386077
vn -0.3303437 0 0.94386077
vn -0.3303437 0 0.94386065
vn -0.46402717 0 0.8858209
vn -0.46402717 0 0.885821
vn -0.46402717 0 0.885821
vn -0.46402717 0 0.885821
vn -0.92496383 -0.0010965591 -0.38005364
vn -0.92496383 -0.0010965592 -0.38005367
vn -0.924462 0.0039813486 -0.3812534
vn -0.72895133 0.002809665 -0.6845597
vn -0.72831535 0.0050497903 -0.6852235
vn -0.92389387 0.009443653 -0.3825323
vn -0.12443002 0 -0.9922283
vn -0.12443002 0 -0.9922283
vn 0.42690018 0 -0.9042987
vn 0.42690018 0 -0.9042987
vn 0.84101516 0 -0.5410116
vn 0.84101516 0 -0.5410116
vn 0.99817455 6.289973E-05 0.060395207
vn 0.9979717 0.0021013652 0.0636233
vn 0.9291917 0.0048689847 0.36956602
vn 0.9318 0.000119763696 0.36297187
vn 0.92660093 0.009468364 0.3759269
vn 0.92660093 0.009468363 0.37592688
vn -0 -1 0
vn -0 -1 0
vn -0 -1 0
vn -0 -1 0
vn -0 -1 0
vn -0 -1 0
vn -0 -1 0
vn -0 -1 0
vn -0 -1 0
vn -0 -1 0
vn -0 -1 0
vn -0 -1 0
vn -0 -1 0
vn -0 -1 0
vn -0 -1 0
vn -0 -1 0
vn -0 -1 0
vn -0 -1 0
vn -0 -1 0
vn -0 -1 0
vn -0 -1 0
vn -0 -1 0
vn -0 -1 0
vn -0 -1 0
vn -0 -1 0
vn -0 -1 0
vn -0 -1 0
vn -0 -1 0
vn -0 -1 0
vn -0 -1 0
vn -0 1 0
vn -0 1 0
vn -0 1 0
vn -0 1 0
vn -0 1 0
vn -0 1 0
vn -0 1 0
vn -0 1 0
vn -0 1 0
vn 0.5428577 0 -0.83982474
vn 0.36710623 0 -0.930179
vn 0.36710623 0 -0.930179
vn 0.5428577 0 -0.83982474
vn 0.8577805 0 -0.51401603
vn 0.8577805 0 -0.51401603
vn 0.99986243 0 -0.016586484
vn 0.99986243 0 -0.016586484
vn 0.9527359 0 0.30379966
vn 0.9527359 0 0.30379966
vn 0.9936773 0 0.112274185
vn 0.9936773 0 0.112274185
vn 0.89913785 0 -0.43766546
vn 0.89913785 0 -0.43766546
vn 0.5221463 0 -0.852856
vn 0.5221463 0 -0.852856
vn -0.028208133 0 -0.99960214
vn -0.028208133 0 -0.99960214
vn -0.5977995 0 -0.8016456
vn -0.5977995 0 -0.8016456
vn -0.8693239 0 -0.4942429
vn -0.8693239 0 -0.4942429
vn -0.8055312 0 -0.5925533
vn -0.8055312 0 -0.5925533
vn -0.4024603 0 -0.9154374
vn -0.4024603 0 -0.9154374
vn 0.1227416 0 -0.9924386
vn 0.1227416 0 -0.9924386
vn 0.3644824 0 -0.9312102
vn 0.3644824 0 -0.9312102
vn -0.40963963 0 0.9122475
vn -0.40963963 0 0.9122475
vn -0.68236375 0 0.7310129
vn -0.68236375 0 0.7310129
vn -0.9739697 0 0.22667815
vn -0.9739697 0 0.22667815
vn -0.9734866 0 -0.22874416
vn -0.9734866 0 -0.22874416
vn -0.97795564 0 -0.20881306
vn -0.97795564 0 -0.20881306
vn -0.96998334 0 0.24317153
vn -0.96998334 0 0.24317153
vn -0.73266125 0 0.68059343
vn -0.73266125 0 0.68059343
vn -0.27368554 0 0.9618192
vn -0.27368554 0 0.9618192
vn 0.233987 0 0.97223973
vn 0.233987 0 0.97223973
vn 0.66815543 0 0.7440218
vn 0.66815543 0 0.7440218
vn 0.8917486 0 0.45253104
vn 0.8917486 0 0.45253104
vn 0.86236244 0 0.50629145
vn 0.86236244 0 0.50629145
vn 0.4748966 0 0.88004154
vn 0.4748966 0 0.88004154
vn -0.1297316 0 0.99154913
vn -0.1297316 0 0.99154913
vn -0.36923 0 0.929338
vn -0.36923 0 0.929338
vn -0 -1 0
vn -0 -1 0
vn -0 -1 0
vn -0 -1 0
vn -0 -1 0
vn -0 -1 0
vn -0.28106675 -0.87018776 0.40469098
vn -0.28725076 -0.8639596 0.41359505
vn -0.29840374 -0.8522635 0.42965344
vn -0.26690245 -0.8837868 0.38429666
vn -0 -1 0
vn -0 -1 0
vn -0 -1 0
vn -0 -1 0
vn -0 -1 0
vn -0 -1 0
vn -0 -1 0
vn -0 -1 0
vn -0 -1 0
vn -0 -1 0
vn -0 -1 0
vn -0 -1 0
vn -0 -1 0
vn -0 -1 0
vn -0 -1 0
vn -0 -1 0
vn -0 -1 0
vn -0 -1 0
vn 0.46336702 -0.83322555 -0.30170566
vn 0.40260258 -0.87703663 -0.262141
vn 0.4511407 -0.8418988 -0.2961055
vn 0.41143999 -0.870377 -0.27048314
vn -0.00053378986 -0.99999833 -0.0017921214
vn -0.0005260205 -0.99999833 -0.0017660371
vn -0 -1 0
vn -0 -1 0
vn -0 -1 0
vn -0 -1 0
vn -0 -1 0
vn -0 -1 0
vn 0.8753328 0 0.48352107
vn 0.89881325 0 0.4383317
vn 0.89881325 0 0.4383317
vn 0.8753328 0 0.48352107
vn 0.8239013 0 0.56673336
vn 0.8239013 0 0.56673336
vn 0.7910519 0 0.61174905
vn 0.7834822 0 0.6214143
vn 0.7685449 0 0.6397958
vn 0.76189506 0 0.6477005
vn 0.63682294 0 0.77101004
vn 0.63682294 0 0.77101004
vn 0.2970238 0 0.95487005
vn 0.2970238 0 0.95487005
vn -0.15141451 0 0.9884703
vn -0.15141451 0 0.9884703
vn 0.030027963 0 0.999549
vn 0.030027963 0 0.999549
vn 0.748532 0 0.66309863
vn 0.748532 0 0.66309863
vn 0.9996573 0 -0.026179172
vn 0.9996573 0 -0.026179172
vn 0.9746987 0 -0.22352299
vn 0.9746987 0 -0.22352299
vn 0.9833029 0 0.18197648
vn 0.9833029 0 0.18197648
vn 0.8044668 0 0.5939977
vn 0.80460954 0 0.59380424
vn 0.64965254 0 0.7602312
vn 0.6647708 0 0.7470474
vn 0.62741464 0 0.77868533
vn 0.61933845 0 0.7851242
vn 0.5879466 0 0.8088997
vn 0.5879238 0 0.8089163
vn 0.52928233 0 0.8484458
vn 0.52928233 0 0.8484458
vn 0.46102846 0 0.8873853
vn 0.46102846 0 0.8873853
vn 0.42422974 0 0.90555465
vn 0.42422974 0 0.90555465
vn -0.3630299 0 0.9317775
vn -0.3630299 0 0.9317775
vn -0.3630299 0 0.9317775
vn -0.3630299 0 0.9317775
vn -0.8752914 0 -0.483596
vn -0.9001222 0 -0.4356376
vn -0.9001222 0 -0.4356376
vn -0.8752914 0 -0.483596
vn -0.8243735 0 -0.5660462
vn -0.8243735 0 -0.5660462
vn -0.7947131 0 -0.6069854
vn -0.7870503 0 -0.6168889
vn -0.7758429 0 -0.6309262
vn -0.7719 0 -0.635744
vn -0.6839748 0 -0.7295057
vn -0.6839748 0 -0.7295057
vn -0.47669944 0 -0.8790663
vn -0.47669944 0 -0.8790663
vn -0.21624313 0 -0.9763396
vn -0.21624313 0 -0.9763396
vn 0.1369065 0 -0.990584
vn 0.1369065 0 -0.990584
vn 0.33844477 0 -0.9409862
vn 0.33844477 0 -0.9409862
vn -0.9423456 0 0.33464122
vn -0.9423456 0 0.33464122
vn -0.97135204 0 0.23764493
vn -0.97135204 0 0.23764493
vn -0.9998888 0 0.014917267
vn -0.9998888 0 0.014917267
vn -0.95378286 0 -0.30049658
vn -0.95378286 0 -0.30049658
vn -0.78685856 0 -0.61713326
vn -0.78685856 0 -0.61713326
vn -0.65242994 0 -0.7578491
vn -0.6671577 0 -0.7449165
vn -0.6289224 0 -0.7774681
vn -0.6189356 0 -0.7854418
vn -0.58570987 0 -0.81052077
vn -0.58570987 0 -0.81052077
vn -0.52923024 0 -0.8484782
vn -0.52923024 0 -0.8484782
vn -0.4614838 0 -0.8871487
vn -0.4614838 0 -0.8871487
vn -0.4220306 0 -0.90658164
vn -0.4220306 0 -0.90658164
vn 0.91988 0 -0.39219984
vn 0.91988 0 -0.39219984
vn 0.91988 0 -0.39219984
vn 0.91988 0 -0.39219984
vn -0 -1 0
vn -0 -1 0
vn -0 -1 0
vn -0 -1 0
vn -0 -1 0
vn -0 -1 0
vn -0.49296927 -0.8673666 0.06823752
vn -0.49481368 -0.8662956 0.06849283
vn -0.5133709 -0.8552196 0.07106154
vn -0.4694638 -0.8805571 0.06498385
vn -0 -1 0
vn -0 -1 0
vn -0 -1 0
vn -0 -1 0
vn -0 -1 0
vn -0 -1 0
vn -0 -1 0
vn -0 -1 0
vn -0 -1 0
vn -0 -1 0
vn -0 -1 0
vn -0 -1 0
vn -0 -1 0
vn -0 -1 0
vn -0 -1 0
vn -0 -1 0
vn -0 -1 0
vn -0 -1 0
vn 0.4569118 -0.88188565 0.11622968
vn 0.54209906 -0.82892233 0.1378997
vn 0.5276997 -0.8390775 0.13221988
vn 0.47201258 -0.873684 0.11781449
vn 0.00091181265 -0.9999982 -0.0016624308
vn 0.00085533375 -0.99999845 -0.0015594577
vn -0 -1 0
vn -0 -1 0
vn -0 -1 0
vn -0 -1 0
vn -0 -1 0
vn -0 -1 0
vn 0.27630424 0 0.9610702
vn 0.32371092 0 0.946156
vn 0.32371092 0 0.946156
vn 0.27630424 0 0.9610702
vn 0.18298894 0 0.9831149
vn 0.18298894 0 0.9831149
vn 0.11620619 0 0.99322516
vn 0.0865297 0 0.99624926
vn 0.062390897 0 0.99805176
vn 0.06897847 0 0.99761814
vn -0.116186984 0 0.9932274
vn -0.116186984 0 0.9932274
vn -0.58548987 0 0.81067973
vn -0.58548987 0 0.81067973
vn -0.8668196 0 0.49862173
vn -0.8668196 0 0.49862173
vn -0.6944848 0 0.7195074
vn -0.6944848 0 0.7195074
vn 0.018089581 0 0.9998363
vn 0.018089581 0 0.9998363
vn 0.712045 0 0.70213383
vn 0.712045 0 0.70213383
vn 0.83789766 0 0.5458274
vn 0.83789766 0 0.5458274
vn 0.5920026 0 0.80593604
vn 0.5920026 0 0.80593604
vn 0.20676526 0 0.97839063
vn 0.20704602 0 0.9783312
vn -0.10124033 0 0.994862
vn -0.057024263 0 0.9983728
vn -0.13843212 0 0.99037194
vn -0.1333852 0 0.9910643
vn -0.1599723 0 0.9871215
vn -0.15999715 0 0.98711747
vn -0.22868179 0 0.97350127
vn -0.22868179 0 0.97350127
vn -0.30366325 0 0.9527794
vn -0.30366325 0 0.9527794
vn -0.33942756 0 0.9406322
vn -0.33942756 0 0.9406322
vn -0.93127805 0 0.36430922
vn -0.93127805 0 0.36430922
vn -0.93127805 0 0.36430922
vn -0.93127805 0 0.36430922
vn -0.32472366 0 -0.9458089
vn -0.27560315 0 -0.9612715
vn -0.32472366 0 -0.9458089
vn -0.27560315 0 -0.9612715
vn -0.18416423 0 -0.9828955
vn -0.18416423 0 -0.9828955
vn -0.093214415 0 -0.99564606
vn -0.12373923 0 -0.9923149
vn -0.0714883 0 -0.9974414
vn -0.079314664 0 -0.9968496
vn 0.057453874 0 -0.9983481
vn 0.057453874 0 -0.9983481
vn 0.3232584 0 -0.9463108
vn 0.3232584 0 -0.9463108
vn 0.57219577 0 -0.820117
vn 0.57219577 0 -0.820117
vn 0.8100326 0 -0.5863849
vn 0.8100326 0 -0.5863849
vn 0.904045 0 -0.42743745
vn 0.904045 0 -0.42743745
vn -0.9089721 0 -0.41685694
vn -0.84796506 0 -0.5300521
vn -0.9089721 0 -0.41685694
vn -0.84796506 0 -0.5300521
vn -0.6881122 0 -0.72560436
vn -0.6881122 0 -0.72560436
vn -0.47910863 0 -0.8777556
vn -0.47910863 0 -0.8777556
vn -0.16072796 0 -0.98699874
vn -0.16072796 0 -0.98699874
vn 0.06483375 0 -0.9978961
vn 0.102335915 0 -0.99474984
vn 0.13534431 0 -0.9907986
vn 0.13280489 0 -0.99114215
vn 0.16269775 0 -0.9866759
vn 0.16269775 0 -0.9866759
vn 0.22967127 0 -0.9732683
vn 0.22967127 0 -0.9732683
vn 0.30366307 0 -0.9527795
vn 0.30366307 0 -0.9527795
vn 0.34174412 0 -0.93979305
vn 0.34174412 0 -0.93979305
vn 0.9108516 0 0.41273388
vn 0.9108516 0 0.41273388
vn 0.9108516 0 0.41273388
vn 0.9108516 0 0.41273388
vn -0 -1 0
vn -0 -1 0
vn -0 -1 0
vn -0 -1 0
vn -0 -1 0
vn -0 -1 0
vn -0 -1 0
vn -0 -1 0
vn -0 -1 0
vn -0 -1 0
vn -0 -1 0
vn -0 -1 0
vn -0 -1 0
vn -0 -1 0
vn -0 -1 0
vn -0 -1 0
vn -0 -1 0
vn -0 -1 0
vn -0 -1 0
vn -0 -1 0
vn -0 -1 0
vn -0 -1 0
vn -0 -1 0
vn -0 -1 0
vn -0 -1 0
vn -0 -1 0
vn -0 -1 0
vn -0 -1 0
vn -0 -1 0
vn -0 -1 0
vn -0 1 0
vn -0 1 0
vn -0 1 0
vn -0 1 0
vn -0 1 0
vn -0 1 0
vn -0 1 0
vn -0 1 0
vn -0 1 0
vn 0.8694655 0 0.4939937
vn 0.92847526 0 0.37139425
vn 0.92847526 0 0.37139425
vn 0.8694655 0 0.4939937
vn 0.5774961 0 0.8163935
vn 0.5774961 0 0.8163935
vn 0.05023884 0 0.9987373
vn 0.05023884 0 0.9987373
vn -0.30664477 0 0.951824
vn -0.30664477 0 0.951824
vn -0.09762126 0 0.9952237
vn -0.09762126 0 0.9952237
vn 0.50064355 0 0.8656536
vn 0.50064355 0 0.8656536
vn 0.9268796 0 0.3753587
vn 0.9268796 0 0.3753587
vn 0.9683347 0 -0.24965556
vn 0.9683347 0 -0.24965556
vn 0.69120324 0 -0.7226605
vn 0.69120324 0 -0.7226605
vn 0.46015146 0 -0.8878404
vn 0.46015146 0 -0.8878404
vn 0.64903265 0 -0.7607606
vn 0.64903265 0 -0.7607606
vn 0.94427025 0 -0.32917115
vn 0.94427025 0 -0.32917115
vn 0.9858936 0 0.16737297
vn 0.9858936 0 0.16737297
vn 0.9266645 0 0.37588933
vn 0.9266645 0 0.37588933
vn -0.9066519 0 -0.42187965
vn -0.7169798 0 -0.69709396
vn -0.9066519 0 -0.42187965
vn -0.7169798 0 -0.69709396
vn -0.1161649 0 -0.99322987
vn -0.1161649 0 -0.99322987
vn 0.28789166 0 -0.957663
vn 0.28789166 0 -0.957663
vn 0.092721224 0 -0.9956922
vn 0.092721224 0 -0.9956922
vn -0.42585042 0 -0.90479356
vn -0.42585042 0 -0.90479356
vn -0.8037218 0 -0.5950054
vn -0.8037218 0 -0.5950054
vn -0.9794216 0 -0.20182523
vn -0.9794216 0 -0.20182523
vn -0.9644006 0 0.26444572
vn -0.9644006 0 0.26444572
vn -0.71452355 0 0.6996114
vn -0.71452355 0 0.6996114
vn -0.45230678 0 0.8918624
vn -0.45230678 0 0.8918624
vn -0.60143775 0 0.7989197
vn -0.60143775 0 0.7989197
vn -0.93526095 0 0.353959
vn -0.93526095 0 0.353959
vn -0.9884771 0 -0.1513705
vn -0.9884771 0 -0.1513705
vn -0.9375055 0 -0.3479703
vn -0.9375055 0 -0.3479703
vn -0.08410192 -0.99463767 -0.060189687
vn 0.021185905 -0.99973863 0.00858752
vn 0.021185908 -0.99973863 0.00858752
vn -0.10934223 -0.9937657 -0.02177371
vn -0.20746098 -0.977974 -0.022955133
vn -0.28615466 -0.9581167 0.011311184
vn -0.13932754 -0.98440003 -0.10744532
vn -0.14816388 -0.97092295 -0.18803239
vn -0 -1 0
vn -0.0016474188 -0.99999845 -0.0006947024
vn -0 -1 0
vn -0.0017049432 -0.99999833 -0.00071895984
vn -0 -1 0
vn -0 -1 0
vn -0.004712309 -0.999987 -0.0019871402
vn -0.004712309 -0.999987 -0.0019871402
vn -0 -1 0
vn -0 -1 0
vn -0 -1 0
vn -0 -1 0
vn -0 -1 0
vn -0 -1 0
vn -0 -1 0
vn -0.9189995 -0.025247686 -0.39344934
vn -0.9189995 -0.025247686 -0.39344934
vn -0.9189995 -0.025247686 -0.39344937
vn -0.9189995 -0.025247686 -0.39344937
vn 0.9157081 -0.11768506 0.38422495
vn 0.9157081 -0.11768507 0.38422495
vn 0.9157081 -0.11768506 0.384225
vn 0.9157081 -0.11768506 0.38422495
vn -0.90897495 0 -0.41685084
vn -0.90897495 0 -0.41685084
vn -0.90897495 0 -0.41685084
vn -0.90897495 0 -0.41685084
vn 0.8522439 0 -0.52314466
vn 0.2689885 0 -0.96314335
vn 0.2689885 0 -0.96314335
vn 0.8522439 0 -0.52314466
vn 0.8812357 0 -0.47267705
vn 0.8817591 0.0003412684 -0.47170004
vn 0.38344538 0.0026513634 -0.9235597
vn 0.38765278 0.0016798704 -0.921804
vn 0.3884889 -0.00025385548 -0.9214534
vn 0.39461905 1.35451155E-05 -0.9188449
vn 0.39461908 1.3545115E-05 -0.9188449
vn -0.40733364 0 0.91327935
vn -0.40733364 0 0.91327935
vn 0.17553318 0 0.98447347
vn 0.17553318 0 0.98447347
vn 0.19258875 0.00042008443 0.9812795
vn 0.19157542 0 0.98147786
vn -0.3733064 0.0028078111 0.92770386
vn -0.3687061 0.0018933634 0.92954415
vn -0.36738905 0 0.9300673
vn -0.36083812 0 0.93262845
vn -0.36083812 0 0.93262845
vn -0.946497 0 -0.32271245
vn -0.946497 0 -0.32271248
vn -0.946497 0 -0.32271248
vn -0.946497 0 -0.32271245
vn -0.9119314 0 -0.41034275
vn -0.9119314 0 -0.41034272
vn -0.9119314 0 -0.41034272
vn -0.9119314 0 -0.41034272
vn 0.44842198 0.011451813 -0.8937487
vn 0.4365735 0.019896306 -0.8994486
vn 0.43657345 0.019896304 -0.8994486
vn 0.74465424 0.0048595965 -0.6674327
vn 0.7484113 0.0012163484 -0.66323376
vn 0.46117446 0.0022712692 -0.8873066
vn 0.9992532 0 -0.03863738
vn 0.9992532 0 -0.03863738
vn 0.8973271 0 0.44136605
vn 0.8973271 0 0.44136605
vn 0.44388995 0 0.8960813
vn 0.44388995 0 0.8960813
vn -0.14881611 -0.00066156697 0.98886466
vn -0.1481046 -0.00089765445 0.9889713
vn -0.2748799 -0.0018800809 0.9614768
vn -0.27689585 -0.0013117637 0.960899
vn -0.27287978 -0.002443563 0.962045
vn -0.27287978 -0.002443563 0.962045
vn -0 -1 0
vn -0 -1 0
vn -0 -1 0
vn -0 -1 0
vn -0 -1 0
vn -0 -1 0
vn -0 -1 0
vn -0 -1 0
vn -0 -1 0
vn -0 -1 0
vn -0 -1 0
vn -0 -1 0
vn -0 -1 0
vn -0 -1 0
vn -0 -1 0
vn -0 -1 0
vn -0 -1 0
vn -0 -1 0
vn -0 -1 0
vn -0 -1 0
vn -0 -1 0
vn -0 -1 0
vn -0 -1 0
vn -0 -1 0
vn -0 -1 0
vn -0 -1 0
vn -0 -1 0
vn -0 -1 0
vn -0 -1 0
vn -0 -1 0
vn -0 1 0
vn -0 1 0
vn -0 1 0
vn -0 1 0
vn -0 1 0
vn -0 1 0
vn -0 1 0
vn -0 1 0
vn -0 1 0
vn 0.25615615 0 0.9666354
vn 0.41940713 0 0.9077983
vn 0.41940713 0 0.9077983
vn 0.25615615 0 0.9666354
vn -0.19039437 0 0.9817077
vn -0.19039437 0 0.9817077
vn -0.6937699 0 0.7201967
vn -0.6937699 0 0.7201967
vn -0.8903692 0 0.45523906
vn -0.8903692 0 0.45523906
vn -0.7662567 0 0.6425346
vn -0.7662567 0 0.6425346
vn -0.30252278 0 0.95314217
vn -0.30252278 0 0.95314217
vn 0.2573896 0 0.9663077
vn 0.2573896 0 0.9663077
vn 0.7440847 0 0.66808534
vn 0.7440847 0 0.66808534
vn 0.992886 0 0.119068205
vn 0.992886 0 0.119068205
vn 0.95745623 0 -0.28857854
vn 0.95745623 0 -0.28857854
vn 0.9927671 0 -0.120056696
vn 0.9927671 0 -0.120056696
vn 0.921865 0 0.38751128
vn 0.921865 0 0.38751128
vn 0.6605621 0 0.75077134
vn 0.6605621 0 0.75077134
vn 0.4775067 0 0.87862813
vn 0.4775067 0 0.87862813
vn -0.37840396 0 -0.9256405
vn -0.1295148 0 -0.9915775
vn -0.37840396 0 -0.9256405
vn -0.1295148 0 -0.9915775
vn 0.47726005 0 -0.8787621
vn 0.47726005 0 -0.8787621
vn 0.8563997 0 -0.51631343
vn 0.8563997 0 -0.51631343
vn 0.8260383 0 -0.563614
vn 0.8260383 0 -0.563614
vn 0.49266234 0 -0.8702206
vn 0.49266234 0 -0.8702206
vn 0.013220309 0 -0.9999126
vn 0.013220309 0 -0.9999126
vn -0.5072572 0 -0.8617947
vn -0.5072572 0 -0.8617947
vn -0.8656561 0 -0.5006393
vn -0.8656561 0 -0.5006393
vn -0.99953437 0 -0.030514613
vn -0.99953437 0 -0.030514613
vn -0.9430165 0 0.33274606
vn -0.9430165 0 0.33274606
vn -0.98085153 0 0.19475716
vn -0.98085153 0 0.19475716
vn -0.9646747 0 -0.26344377
vn -0.9646747 0 -0.26344377
vn -0.6909316 0 -0.7229202
vn -0.6909316 0 -0.7229202
vn -0.41945434 0 -0.9077765
vn -0.41945434 0 -0.9077765
vn 0.009872101 -0.99972004 0.021499952
vn -0.02422343 -0.9929744 -0.11582292
vn 0.009872101 -0.99972004 0.02149995
vn -0.06682708 -0.99286336 -0.09877576
vn -0.14356832 -0.97461194 -0.171813
vn -0.22209927 -0.95470476 -0.1980169
vn -0.021392021 -0.9731661 -0.22910719
vn 0.032164976 -0.9433824 -0.33014402
vn -0 -1 0
vn -0.00075903337 -0.99999845 -0.0016307929
vn -0 -1 0
vn -0 -1 0
vn -0.0008123054 -0.9999982 -0.0017452484
vn -0 -1 0
vn -0.0022036775 -0.9999864 -0.0047346284
vn -0.0022036773 -0.9999864 -0.004734629
vn -0 -1 0
vn -0 -1 0
vn -0 -1 0
vn -0 -1 0
vn -0 -1 0
vn -0 -1 0
vn -0 -1 0
vn -0.3953065 -0.17607056 -0.90151644
vn -0.39530647 -0.17607051 -0.90151644
vn -0.3953065 -0.17607053 -0.90151644
vn -0.3953065 -0.17607053 -0.90151644
vn 0.41765746 -0.12090892 0.9005239
vn 0.4176575 -0.12090894 0.9005239
vn 0.4176575 -0.12090892 0.9005239
vn 0.41765755 -0.12090894 0.9005239
vn -0.4113541 0 -0.9114756
vn -0.4113541 0 -0.9114756
vn -0.4113541 0 -0.9114756
vn -0.4113541 0 -0.9114756
vn 0.96315044 0 0.2689632
vn 0.9231988 0 -0.3843227
vn 0.9231988 0 -0.3843227
vn 0.96315044 0 0.2689632
vn 0.9660049 0 0.2585238
vn 0.9658075 3.6439487E-05 0.2592602
vn 0.9159267 0.00059050834 -0.40134525
vn 0.9162359 0.0002783082 -0.40063912
vn 0.91626674 -0.0002348698 -0.40056863
vn 0.91674906 -0.00012336166 -0.39946356
vn 0.91674906 -0.00012336165 -0.39946356
vn -0.9186984 0 0.3949599
vn -0.9186984 0 0.3949599
vn -0.5422664 0 0.84020656
vn -0.5422664 0 0.84020656
vn -0.53736347 0.0007807903 0.84335035
vn -0.53862023 0 0.8425487
vn -0.9126811 0.0050794906 0.408641
vn -0.9138248 0.0034818393 0.40609387
vn -0.9151 0 0.40322706
vn -0.9169892 0 0.39891204
vn -0.9169892 0 0.39891198
vn -0.4803281 0 -0.8770889
vn -0.4803281 0 -0.8770889
vn -0.4803281 0 -0.8770889
vn -0.4803281 0 -0.8770889
vn -0.22164564 0 -0.9751272
vn -0.22164564 0 -0.9751272
vn -0.22164565 0 -0.9751272
vn -0.22164565 0 -0.9751272
vn 0.9094572 0.00565526 -0.415759
vn 0.9094572 0.00565526 -0.415759
vn 0.91101944 0.0030197932 -0.4123523
vn 0.9982755 0.0012365584 -0.058689654
vn 0.99838996 5.1748655E-05 -0.056723222
vn 0.91272974 9.671153E-05 -0.4085638
vn 0.8088784 0 0.587976
vn 0.8088784 0 0.587976
vn 0.4266948 0 0.90439564
vn 0.4266948 0 0.90439564
vn -0.11502344 0 0.9933628
vn -0.11502344 0 0.9933628
vn -0.74247473 0.0048742415 0.6698563
vn -0.7384986 -0.0024083187 0.6742507
vn -0.9192812 -0.008305768 0.39351368
vn -0.92547435 0.009171957 0.37869912
vn -0.91309667 -0.024455756 0.4070092
vn -0.91309667 -0.024455762 0.40700924
vn -0 -1 0
vn -0 -1 0
vn -0 -1 0
vn -0 -1 0
vn -0 -1 0
vn -0 -1 0
vn -0 -1 0
vn -0 -1 0
vn -0 -1 0
vn -0 -1 0
vn -0 -1 0
vn -0 -1 0
vn -0 -1 0
vn -0 -1 0
vn -0 -1 0
vn -0 -1 0
vn -0 -1 0
vn -0 -1 0
vn -0 -1 0
vn -0 -1 0
vn -0 -1 0
vn -0 -1 0
vn -0 -1 0
vn -0 -1 0
vn -0 -1 0
vn -0 -1 0
vn -0 -1 0
vn -0 -1 0
vn -0 -1 0
vn -0 -1 0
vn -0 1 0
vn -0 1 0
vn -0 1 0
vn -0 1 0
vn -0 1 0
vn -0 1 0
vn -0 1 0
vn -0 1 0
vn -0 1 0
vn 0.9702874 0 -0.24195528
vn 0.9036265 0 -0.42832142
vn 0.9036265 0 -0.42832142
vn 0.9702874 0 -0.24195528
vn 0.9773029 0 0.21184689
vn 0.9773029 0 0.21184689
vn 0.74070495 0 0.6718304
vn 0.74070495 0 0.6718304
vn 0.4870988 0 0.8733469
vn 0.4870988 0 0.8733469
vn 0.6490684 0 0.76073
vn 0.6490684 0 0.76073
vn 0.95542395 0 0.2952372
vn 0.95542395 0 0.2952372
vn 0.96378577 0 -0.2666778
vn 0.96378577 0 -0.2666778
vn 0.6608809 0 -0.7504909
vn 0.6608809 0 -0.7504909
vn 0.11197452 0 -0.9937111
vn 0.11197452 0 -0.9937111
vn -0.29636842 0 -0.9550737
vn -0.29636842 0 -0.9550737
vn -0.12848487 0 -0.9917114
vn -0.12848487 0 -0.9917114
vn 0.38441846 0 -0.92315894
vn 0.38441846 0 -0.92315894
vn 0.75472635 0 -0.65603983
vn 0.75472635 0 -0.65603983
vn 0.88311374 0 -0.46915898
vn 0.88311374 0 -0.46915898
vn -0.9231627 0 0.38440928
vn -0.9977907 0 0.06643619
vn -0.9231627 0 0.38440928
vn -0.9977907 0 0.06643619
vn -0.8672576 0 -0.49785978
vn -0.8672576 0 -0.49785978
vn -0.55576944 0 -0.83133644
vn -0.55576944 0 -0.83133644
vn -0.56982094 0 -0.82176894
vn -0.56982094 0 -0.82176894
vn -0.87428856 0 -0.4854066
vn -0.87428856 0 -0.4854066
vn -0.9999943 0 -0.0034008916
vn -0.9999943 0 -0.0034008916
vn -0.85792875 0 0.5137685
vn -0.85792875 0 0.5137685
vn -0.49444953 0 0.86920637
vn -0.49444953 0 0.86920637
vn -0.02015142 0 0.9997969
vn -0.02015142 0 0.9997969
vn 0.34178558 0 0.9397779
vn 0.34178558 0 0.9397779
vn 0.21489379 0 0.97663736
vn 0.21489379 0 0.97663736
vn -0.3197886 0 0.9474889
vn -0.3197886 0 0.9474889
vn -0.7516171 0 0.6595997
vn -0.7516171 0 0.6595997
vn -0.8782657 0 0.4781729
vn -0.8782657 0 0.4781729
vn 0.021635538 -0.99971884 -0.00970449
vn -0.115321524 -0.99306196 0.02299625
vn 0.021635538 -0.99971884 -0.00970449
vn -0.09916747 -0.9929103 0.06553555
vn -0.17284629 -0.9748717 0.14053217
vn -0.20054372 -0.95495486 0.21873146
vn -0.22558342 -0.9740214 0.019861527
vn -0.32345715 -0.9456336 -0.03395063
vn -0 -1 0
vn -0.0016374919 -0.99999845 0.0007447755
vn -0 -1 0
vn -0 -1 0
vn -0.0017462153 -0.9999982 0.0007942259
vn -0 -1 0
vn -0.004745899 -0.9999864 0.002158563
vn -0.0047458983 -0.9999864 0.002158563
vn -0 -1 0
vn -0 -1 0
vn -0 -1 0
vn -0 -1 0
vn -0 -1 0
vn -0 -1 0
vn -0 -1 0
vn -0.9055999 -0.17246683 0.3874843
vn -0.9055999 -0.17246683 0.3874843
vn -0.9055999 -0.17246683 0.3874843
vn -0.9055999 -0.1724668 0.38748425
vn 0.9041621 -0.12090078 -0.40972415
vn 0.9041621 -0.120900765 -0.40972415
vn 0.9041621 -0.120900765 -0.40972415
vn 0.9041621 -0.12090078 -0.40972415
vn -0.91425884 0 0.4051307
vn -0.91425884 0 0.4051307
vn -0.91425884 0 0.4051307
vn -0.91425884 0 0.4051307
vn 0.273466 0 -0.96188164
vn -0.37570682 0 -0.9267386
vn -0.37570682 0 -0.9267386
vn 0.273466 0 -0.96188164
vn 0.26302397 0 -0.96478933
vn 0.26366442 -2.4002632E-06 -0.9646145
vn -0.39332232 -4.527314E-05 -0.9194007
vn -0.3937765 -2.9469873E-05 -0.9192062
vn -0.3939421 6.9385374E-06 -0.9191352
vn -0.39461702 -1.5508114E-05 -0.91884565
vn -0.39461696 -1.5508114E-05 -0.91884565
vn 0.38613793 0 0.92244107
vn 0.38613793 0 0.92244107
vn 0.8376071 0 0.54627323
vn 0.8376071 0 0.54627323
vn 0.84091496 0.0008744707 0.5411666
vn 0.8400479 0 0.54251236
vn 0.400602 0.005680898 0.9162346
vn 0.39917147 0.0038900182 0.91686803
vn 0.39664504 0 0.9179721
vn 0.39392504 0 0.91914254
vn 0.39392507 0 0.91914254
vn -0.8858282 0 0.46401325
vn -0.8858282 0 0.4640133
vn -0.8858282 0 0.4640133
vn -0.8858282 0 0.46401325
vn -0.97513753 0 0.22160035
vn -0.97513753 0 0.22160035
vn -0.97513753 0 0.2216004
vn -0.97513753 0 0.2216004
vn -0.4088589 0.0052081738 -0.9125828
vn -0.40885884 0.005208173 -0.9125828
vn -0.4054311 0.0034233418 -0.91411924
vn -0.051304635 0.0015795499 -0.9986817
vn -0.04933268 0.0007751988 -0.9987821
vn -0.4016311 0.0014488464 -0.9158004
vn 0.59481853 0 -0.80386
vn 0.59481853 0 -0.80386
vn 0.90937775 0 -0.4159714
vn 0.90937775 0 -0.4159714
vn 0.99216896 0 0.12490264
vn 0.99216896 0 0.12490264
vn 0.66483045 0.004689065 0.74697953
vn 0.6684299 -0.0016765406 0.7437733
vn 0.38401318 -0.006425223 0.9233053
vn 0.37175614 0.00882115 0.9282885
vn 0.3951899 -0.020498341 0.9183708
vn 0.3951899 -0.020498343 0.9183708
vn 0.018049607 0.99983704 0
vn 0.01905502 0.9998184 0.00028695833
vn 0.048117984 0.9988417 0
vn -0.020630354 0.99977475 -0.0049788738
vn -0.022308072 0.9997353 0.0056335377
vn -0.1495531 0.9846506 0.089983575
vn -0.037006013 0.9992594 -0.010537373
vn -0.14968586 0.9858241 -0.07579538
vn -0.036844347 0.9992895 0.007932563
vn -0.22374196 0.9739163 -0.037770774
vn -0.038533494 0.9991891 -0.011671784
vn -0.23481564 0.9712503 0.03917494
vn -0.051966377 0.9985904 0.0107984
vn -0.20942153 0.9766634 -0.04765796
vn -0.022141969 0.9997491 0.0033719474
vn -0.52398616 0.837335 -0.15591237
vn -0.011020969 0.99972206 0.020839805
vn -0.5520577 0.8226015 -0.136232
vn -0.5927421 0.8019088 -0.07482829
vn -0.56044596 0.81688607 -0.13637267
vn -0.20057249 0.9789012 0.03902677
vn -0.03333114 0.9994305 -0.0052521615
vn -0.60036236 0.78037524 0.17486992
vn -0.0101466235 0.9996966 -0.022442015
vn -0.6259665 0.76073855 0.17158921
vn -0.5289451 0.839758 0.12257125
vn -0.63379055 0.76828694 0.089692265
vn -0.7807911 0.5859014 -0.21699049
vn -0.6154961 0.7761256 -0.1370893
vn -0.7810272 0.5867879 0.21372062
vn -0.603422 0.78794515 0.12257402
vn -0.63825464 0.70722705 -0.304074
vn -0.5667827 0.7505873 -0.33967045
vn -0.66975003 0.58359617 -0.4591844
vn -0.45763305 0.8203458 -0.34293556
vn -0.62701756 0.71835154 0.30136392
vn -0.5614979 0.753269 0.34249935
vn -0.67003804 0.58660525 0.4549102
vn -0.4887157 0.7913294 0.36736208
vn -0.84756494 0.4661187 -0.25370672
vn -0.7998539 0.46444312 -0.38016626
vn -0.73207486 0.46642125 -0.49650538
vn -0.6909239 0.4696762 -0.54957116
vn -0.63972056 0.5794396 -0.50498253
vn -0.87142193 0.4694022 -0.1424266
vn -0.21121125 0.81543404 -0.5389408
vn -0.80123514 0.5850979 -0.12523113
vn -0.8765671 0.47353843 -0.085973695
vn -0.80282134 0.5905746 -0.08184996
vn -0.5759817 0.8127602 -0.08755647
vn -0.52022254 0.8194753 0.2404763
vn -0.37007132 0.92756087 -0.051750675
vn -0.45027038 0.89218074 -0.035638794
vn -0.5178141 0.7956064 -0.31445038
vn -0.5773909 0.81158566 0.08915384
vn -0.79669714 0.59874576 0.08232439
vn -0.7966508 0.59036756 0.12966757
vn -0.87734944 0.47106537 0.09140834
vn -0.87234426 0.46626145 0.14702268
vn -0.84856033 0.46395326 0.2543477
vn -0.79309165 0.46978006 0.38770136
vn -0.7263973 0.46348348 0.5074742
vn -0.69211817 0.47292393 0.5452663
vn -0.6347899 0.59327614 0.49504063
vn -0.49835196 0.7984678 0.3377785
vn -0.19309838 0.97204417 0.13357826
vn -0.22180161 0.85210973 0.474039
vn -0.49622285 0.8078013 0.31815064
vn -0.5321891 0.7892905 0.30626026
vn -0.009762866 0.99985623 0.013866696
vn -0.010893151 0.99971217 0.021371327
vn -0.013509442 0.9998896 0.0061808475
vn -0.053901408 0.98946476 0.13436557
vn -0.024615845 0.99964905 -0.009794892
vn -0.25544062 0.93231326 0.25601166
vn -0.32486266 0.8978916 0.29707727
vn -0.48237845 0.8567542 0.18243676
vn -0.13694243 0.99016094 0.028774643
vn -0.09515174 0.98617715 0.13564983
vn -0.01656757 0.99968064 -0.019081276
vn 0.022207884 0.9992304 -0.032331437
vn -0.03420645 0.9990687 -0.02630355
vn -0.03460994 0.9990528 -0.02637243
vn -0.044062976 0.99863666 -0.027985303
vn 0.039694127 0.9969799 -0.06674849
vn -0.3058651 0.7844068 0.5395854
vn 0.014663204 0.9996575 -0.02167642
vn -0.3325244 0.7798355 0.5303623
vn -0.37766334 0.75805104 0.53172266
vn -0.3515003 0.784563 0.5107919
vn -0.47454822 0.5629708 0.67665935
vn -0.5355325 0.60394585 0.5903003
vn -0.5737525 0.47947648 0.6640108
vn -0.48461214 0.51356894 0.70809466
vn -0.3328352 0.75413513 0.56612796
vn -0.3890929 0.4730532 0.7904603
vn -0.28992862 0.7268414 0.6226098
vn -0.06571055 0.77374357 0.6300817
vn -0.32552436 0.46417102 0.82375914
vn -0.21074615 0.57110655 0.793362
vn -0.023966612 0.49622896 0.8678609
vn -0.28416649 0.46958318 0.8359074
vn -0.20159562 0.48651674 0.85009456
vn -0.22860318 0.4628119 0.8564729
vn -0.19115573 0.47276732 0.86020374
vn -0.28895527 0.8262407 -0.48356098
vn -0.014793649 0.9998148 -0.012312445
vn 0.035396565 0.9923747 0.118066035
vn -0.12147947 0.9777354 -0.17110296
vn -0.36929348 0.69809836 -0.61341757
vn -0.005149832 0.99996555 -0.0065124813
vn -0.3938836 0.73774666 -0.54825693
vn -0.15282768 0.9876401 -0.03479666
vn -0.000762844 0.9999765 0.0068228617
vn -0.33086687 0.8143876 -0.47675982
vn -0.46666273 0.57791835 -0.6695045
vn -0.3224191 0.76783377 -0.5536037
vn -0.48475966 0.8455173 -0.22384952
vn -0.51166093 0.5864333 -0.6279324
vn -0.5591908 0.4695926 -0.68321925
vn -0.500621 0.47147864 -0.7260073
vn -0.383568 0.48439443 -0.7862809
vn -0.2982326 0.72654456 -0.6190237
vn -0.078336485 0.7518228 -0.6546953
vn -0.21869084 0.5942348 -0.7739892
vn -0.27327186 0.486537 -0.8298218
vn -0.052879985 0.8593164 -0.50870323
vn -0.18856803 0.61558574 -0.7651773
vn -0.13272525 0.77932644 -0.6124005
vn -0.15337032 0.6754054 -0.72132176
vn -0.16896972 0.75113827 -0.6381539
vn -0.12706845 0.78326535 -0.6085631
vn -0.0439729 0.9638187 -0.26290643
vn -0.16183205 0.76919174 -0.6181865
vn -0.043592263 0.9720861 -0.23053928
vn 0.008587372 0.9997696 0.019671855
vn 0.0062460634 0.9998473 0.016317327
vn 0.010974403 0.9996731 0.02309177
vn 0.02908179 0.99957305 -0.0028045792
vn 0.0017798657 0.9999969 0.0017629971
vn -0.026894506 0.9880983 -0.15145451
vn 0.11304962 0.9931599 0.02921001
vn -0.15724608 0.98259187 -0.09892782
vn 0.017628659 0.99956673 0.023569914
vn -0.04489871 0.99843246 -0.033415083
vn -0.5357654 0.78736234 -0.30498502
vn -0.4725637 0.8282182 -0.3012279
vn -0.3485638 0.89749247 -0.27020484
vn -0.3606294 0.84447837 -0.39598337
vn -0.47758555 0.8175322 -0.32179657
vn -0.9998553 0.002512565 -0.016824288
vn -0.994961 0.09885451 -0.016741937
vn -0.9998553 0.002521957 -0.01682429
vn -0.9956399 -0.09176315 -0.016753357
vn 0.73521847 0.00029675846 -0.67783016
vn 0.7342086 -0.0523963 -0.6768991
vn 0.73521847 0.0002905955 -0.6778301
vn 0.73417413 0.053284895 -0.67686725
vn -0.76393664 0.0072575794 0.6452505
vn -0.7462537 -0.21402986 0.6303147
vn -0.7639326 0.007948851 0.64524704
vn -0.7423665 0.2360579 0.62703145
vn -0.9984915 -0.028621912 -0.046855662
vn -0.8367869 -0.0015826856 0.5475265
vn -0.9974337 -0.04494923 -0.05572836
vn -0.83899856 0.00988679 0.5440439
vn -0.84763825 -0.001332791 0.5305729
vn -0.8424606 -0.0009830461 0.53875715
vn -0.81753653 -0.0012715415 -0.5758755
vn -0.81596166 -0.009695902 -0.57802474
vn -0.82624 -0.061636854 -0.55993617
vn -0.88668174 -0.051738825 -0.4594763
vn -0.99706656 0.034503773 0.06832088
vn -0.9970638 0.032715835 0.06923422
vn 0.3577337 -0.35378468 -0.8642123
vn 0.26602474 -0.33378375 -0.90433365
vn 0.35913512 -0.33684126 -0.87037915
vn 0.24074967 -0.322984 -0.9152709
vn 0.117488705 -0.2618127 -0.9579408
vn -0.89690864 -0.3329309 0.291053
vn -0.86687887 -0.3447977 0.3600494
vn -0.8722292 -0.32971707 0.36125183
vn -0.90733755 -0.32354197 0.2684384
vn -0.94420636 -0.2789143 0.17516002
vn -0.0015744477 0.99998665 0.00493296
vn 0.0039421194 0.9999882 -0.0028559684
vn -0.002045772 0.99999547 0.0021950605
vn 0.0030903358 0.9999875 -0.003957417
vn -0.0038619756 0.9999924 0.00066865375
vn 0.8245334 0.38644496 -0.41328564
vn 0.82114846 0.39459747 -0.4123201
vn 0.8813899 0.44357026 -0.1624727
vn 0.8023399 0.41857263 -0.42549703
vn 0.8690838 0.440718 -0.22463536
vn 0.8532341 0.4372866 0.28420398
vn 0.83100957 0.44096613 0.3390751
vn 0.7627636 0.41765982 0.49371243
vn 0.7659945 0.4144256 0.4914305
vn 0.82100266 0.40640724 0.40098357
vn 0.78701717 0.42267287 0.44939044
vn 0.8320192 0.39935386 0.3850462
vn 0.85807025 0.41399813 0.3038437
vn 0.87452316 0.4080142 0.262171
vn 0.88299054 0.40834793 0.23147285
vn 0.8511321 0.43807098 0.28925413
vn 0.89876425 0.39584312 0.1884966
vn 0.8970963 0.40754655 0.17065763
vn 0.7394903 0.45641926 0.49480858
vn 0.84820795 0.43810764 0.29766566
vn 0.67443776 0.45018876 0.58520406
vn 0.33431706 0.4466675 0.8298917
vn 0.41301036 0.46284756 0.78434336
vn 0.18801601 0.44026574 0.87796134
vn 0.19084449 0.38306105 0.90379345
vn 0.194 0.36017534 0.9124899
vn -0.35273895 0.3300903 0.87556595
vn -0.40603277 0.41869965 0.81229794
vn -0.3644086 0.3650151 0.85672075
vn -0.35700876 0.34737238 0.8671085
vn -0.39915967 0.45938927 0.7934942
vn -0.43254188 0.4139647 0.80096245
vn 0.35692957 0.342199 -0.86919564
vn 0.31045195 0.4064329 -0.85932064
vn 0.38496202 0.35273027 -0.852869
vn 0.30194855 0.4253319 -0.85318226
vn 0.29621983 0.41973424 -0.8579493
vn 0.4271022 0.32739043 -0.84285176
vn -0.8433846 0.3643999 0.39486086
vn -0.8603685 0.42095008 0.28734508
vn -0.86611277 0.34985855 0.35699818
vn -0.8465791 0.45331994 0.27893525
vn -0.8286338 0.33072773 0.4516471
vn -0.8665668 0.42463422 0.26219803
vn -0.73030734 -0.51657647 0.44698995
vn -0.73187816 -0.51485705 0.44640413
vn -0.73616636 -0.5101242 0.44478357
vn -0.72616994 -0.52106917 0.4485132
vn -0.21944234 -0.95411414 -0.20374282
vn -0.043039147 -0.9990521 -0.00652359
vn -0.14106068 -0.98997575 -0.007072024
vn -0.033387404 -0.9990761 -0.027057638
vn 0.005439583 -0.9994504 -0.032699518
vn -0.008613706 -0.99993074 0.008027028
vn -0.014161677 -0.99985194 0.00977712
vn -0.012706342 -0.99985445 0.011390124
vn -0.108421706 -0.98492223 -0.13480666
vn -0.24272342 -0.91151315 -0.33200762
vn -0.5201027 -0.58525324 -0.62207067
vn -0.3772725 -0.72385174 -0.57767123
vn -0.48964518 -0.6768004 -0.5497171
vn -0.25037214 -0.88050145 -0.40253073
vn 0.0076272544 -0.9927038 0.120336875
vn -0.10337038 -0.9814192 -0.16165054
vn 0.005489855 -0.9998536 0.01620384
vn -0.014371883 -0.9997526 -0.016979981
vn -0.51880914 -0.3954505 -0.7579287
vn -0.59988767 -0.39441344 -0.6961127
vn -0.6759348 -0.36595425 -0.63967943
vn -0.42106447 -0.43004474 -0.7986027
vn -0.34638035 -0.71513605 -0.6071252
vn 0.21189396 -0.7645448 0.60874647
vn 0.37007746 -0.16931309 0.9134418
vn 0.35376868 -0.10276819 0.92967004
vn -0.4974769 -0.27429396 -0.82297
vn -0.41064537 -0.4480589 -0.7941119
vn -0.3069155 -0.50674254 -0.8056146
vn 0.71408105 0.00034544876 0.7000629
vn 0.71268284 0.06255182 0.69869196
vn 0.7140811 0.00033541367 0.7000629
vn 0.7127289 -0.061509784 0.6987374
vn -0.1860491 -0.043558948 -0.98157436
vn -0.69900256 -0.1235584 -0.7043641
vn -0.7063315 -0.15561993 -0.69056374
vn -0.17325957 -0.025243588 -0.9845526
vn 0.043336812 -0.00088788226 -0.9990601
vn 0.04065857 0.1544558 -0.98716277
vn -0.668349 0.002227825 -0.74384457
vn -0.5241704 0.61965734 -0.5841834
vn -0.99988973 0.004892686 0.014024821
vn -0.986715 0.16169128 0.015790336
vn -0.98994434 -0.032525375 -0.13766769
vn -0.988653 -0.021086372 -0.14873035
vn -0.7310983 -0.119465455 -0.67173153
vn -0.72425747 -0.13929638 -0.675313
vn -0.7095318 -0.3800167 -0.5934238
vn -0.67401785 -0.3616836 -0.64411557
vn -0.4248063 -0.64174575 -0.63851553
vn -0.7553066 -0.39575148 -0.5223914
vn -0.53892255 -0.75340515 -0.37675363
vn -0.83626544 -0.38178247 -0.3935763
vn -0.8546952 -0.3413612 -0.39111182
vn -0.86864966 -0.38948834 -0.3061806
vn -0.8884644 -0.37867612 -0.25929776
vn -0.56139016 -0.76382 -0.31846526
vn -0.5428089 -0.8256309 -0.15392275
vn -0.5570151 -0.80945873 -0.18577076
vn -0.91533566 -0.37387243 -0.14959995
vn -0.20294648 -0.96981794 -0.13515091
vn 0.02851267 -0.9982456 -0.051891796
vn -0.38246042 -0.8968979 -0.22203207
vn -0.21932979 -0.9627954 -0.15785936
vn -0.17494212 -0.9812169 -0.08129356
vn -0.013389099 -0.9998628 -0.009750205
vn -0.01980888 -0.9686049 -0.24781464
vn 0.3472324 -0.8504658 -0.39514276
vn -0.027839202 -0.99848527 -0.04745656
vn 0.0011890384 -0.9999993 5.3540745E-05
vn 0.00075568276 -0.99999917 -0.0010573418
vn 0.0024018313 -0.9999969 0.0006371321
vn -0.73358774 0.0067476565 -0.6795613
vn -0.72111213 -0.18375851 -0.6680046
vn -0.73358834 0.006609572 -0.67956203
vn -0.7183376 0.20294835 -0.66543436
vn 0.99497426 0.10006088 -0.0037428478
vn 0.99999213 0.0012953407 -0.0037617246
vn 0.99999225 0.0011891155 -0.0037617253
vn 0.9953402 -0.09635256 -0.0037442262
vn 0.17711326 -0.41966885 0.8902297
vn 0.17370495 -0.3886195 0.90487653
vn 0.16679107 -0.3763684 0.9113329
vn 0.3234052 -0.44287023 0.8362267
vn 0.35544595 -0.4564232 0.81568134
vn 0.58265406 -0.45668054 0.6722776
vn 0.73176336 -0.46998012 0.4936002
vn 0.7926044 -0.45726085 0.40334928
vn 0.88519686 -0.42809397 0.18210414
vn 0.8857643 -0.42339143 0.19016089
vn 0.8726341 -0.42987332 0.2317727
vn 0.8869658 -0.40310895 0.22537719
vn 0.84093356 -0.53280276 0.09461506
vn 0.85435313 -0.44326988 0.27127957
vn 0.7500376 -0.4691996 0.4661496
vn 0.8204019 -0.36746913 0.43807212
vn 0.6228045 -0.46750405 0.6273392
vn 0.37905207 -0.47730365 0.79278046
vn 0.75573665 -0.6200877 -0.21060245
vn 0.86474377 -0.41814926 0.27815333
vn 0.7628318 -0.42577243 0.48662677
vn 0.76194113 -0.4201079 0.49290466
vn 0.8350753 -0.43930474 0.33115038
vn 0.8367255 -0.44240138 0.32275605
vn 0.8644963 -0.46065372 -0.20110758
vn 0.88297045 -0.44298273 -0.15533626
vn 0.79210085 -0.42569014 -0.43745178
vn 0.8149439 -0.4006032 -0.41878802
vn 0.81453335 -0.39468336 -0.42515934
vn -0.43225604 -0.4360599 0.78930765
vn -0.41397747 -0.4194213 0.80790377
vn -0.4165402 -0.41711745 0.80777913
vn -0.15234785 -0.46399677 0.872638
vn -0.2101794 -0.46595222 0.8594842
vn 0.29510257 -0.45305964 0.84122026
vn 0.34656894 -0.45758346 0.8188451
vn 0.4885854 -0.4374777 0.75491554
vn 0.4912642 -0.43703717 0.7534308
vn 0.18408138 -0.5138162 0.8379182
vn 0.21118791 -0.50091624 0.8393346
vn 0.33508667 -0.3731534 0.8651436
vn 0.4238251 -0.40820727 0.8085413
vn 0.49084443 -0.26941222 0.82854617
vn 0.5467175 -0.044216227 0.83614886
vn 0.6006008 -0.12199772 0.7901869
vn 0.30328614 -0.43967038 0.8454038
vn 0.24410656 -0.4015301 0.882715
vn 0.5082786 -0.050856933 0.8596897
vn 0.61082083 -0.07041966 0.78863114
vn 0.19963895 -0.524495 0.8276771
vn 0.46287003 -0.30649015 0.8317542
vn -0.24742372 -0.73133737 0.6355526
vn 0.26561192 -0.40058327 0.876917
vn 0.49491763 -0.58542114 0.642136
vn 0.65740216 -0.62660205 0.41855967
vn 0.6307888 -0.513523 0.58172125
vn 0.37111777 -0.8876904 0.27253863
vn 0.47004935 -0.7842536 0.404969
vn 0.36726537 -0.9288165 -0.04915378
vn 0.34566963 -0.74003464 0.57694125
vn 0.15559432 -0.9129176 0.37732196
vn 0.30044055 -0.9506934 -0.07692571
vn -0.50398964 -0.78512925 0.35995367
vn -0.21253191 -0.58743465 0.7808653
vn -0.34771883 -0.51468444 0.78370374
vn -0.1363428 -0.18910454 0.9724454
vn 0.042958647 -0.47995424 0.87624115
vn 0.31197637 -0.34114975 0.8867285
vn -0.22973634 -0.21992299 0.94807965
vn 0.16299026 -0.40686795 0.8988285
vn -0.4551121 0.26365256 0.85050595
vn 0.046385143 0.1857473 0.9815021
vn -0.088439286 0.20495783 0.974767
vn 0.51386935 0.24836904 0.82112795
vn 0.34688455 -0.004590922 0.9378966
vn 0.40192857 -0.007659132 0.915639
vn -0.21421067 -0.5839994 0.78298056
vn 0.19588764 -0.756873 0.62351525
vn 0.19443062 -0.9751565 0.10614364
vn -0.14285651 0.4449145 0.8841058
vn -0.41142327 0.41458994 0.81169325
vn -0.4120007 0.41018337 0.8136369
vn -0.42234123 0.42990053 0.79800594
vn -0.18183498 0.44808993 0.8753008
vn 0.3146197 0.4235786 0.8494679
vn 0.3516814 0.42370778 0.8347407
vn 0.496278 0.41972807 0.7599582
vn 0.49885663 0.40223688 0.76768965
vn 0.30601963 0.42683 0.8509807
vn 0.34359184 0.32426384 0.88136125
vn 0.37452188 0.52139616 0.76673293
vn 0.13048224 0.26545587 0.9552526
vn 0.097895615 0.28306398 0.9540918
vn 0.253391 0.48834097 0.8350545
vn 0.3241766 0.42609754 0.8446008
vn 0.280685 0.4110888 0.86730736
vn 0.32923022 0.3797048 0.8645413
vn -0.117337465 0.38384208 0.9159133
vn 0.3483228 0.42050305 0.837764
vn -0.1291498 0.36509073 0.92197025
vn 0.4682784 0.16702986 0.86764985
vn 0.3890743 0.33654943 0.85752875
vn 0.5108549 0.19041017 0.8383145
vn 0.22590138 0.42688465 0.87563574
vn 0.23300879 0.422279 0.8760064
vn 0.24192457 0.43877205 0.8654199
vn -0.030626966 0.3698607 0.92858225
vn 0.0011493645 0.36315677 0.93172735
vn 0.17624073 0.4210634 0.8897442
vn -0.3133292 0.31401977 0.8962234
vn -0.26090384 0.2758116 0.9251254
vn -0.31876475 0.30399996 0.89776003
vn -0.0025085183 0.9996623 -0.025866022
vn 0.0019551464 0.9999603 -0.008691864
vn -0.00068285695 0.9999962 0.002681397
vn 0.00316493 0.9999603 0.008337813
vn 0.00019452798 0.99955493 0.029829565
vn -0.38034117 -0.22204165 0.89779615
vn -0.4568051 -0.4111086 0.7888718
vn -0.41277784 -0.29141077 0.8629567
vn -0.4432916 -0.3665543 0.8180039
vn -0.5122173 -0.5926374 0.62162244
vn -0.6679354 -0.70502853 0.23832114
vn -0.9211855 -0.38014176 -0.0831236
vn -0.9208327 -0.3806068 -0.08488612
vn -0.54210824 -0.8359331 -0.085641414
vn -0.68059707 -0.6576206 0.32299015
vn -0.2787401 -0.9320979 0.23129533
vn -0.1324258 -0.8675311 0.47943005
vn -0.03377017 -0.9993494 -0.012664602
vn -0.30549917 -0.95219225 -0.00036071055
vn -0.28008795 -0.9566258 -0.08011081
vn -0.23710565 -0.9684258 -0.07702237
vn -0.027004732 -0.9996045 -0.007852206
vn -0.5258819 -0.82985955 -0.18649778
vn -0.25684536 -0.9635556 -0.07477337
vn -0.22982696 -0.9693447 -0.086893685
vn -0.25737295 -0.96628934 -0.0066406755
vn -0.029648492 -0.9995454 -0.0054605114
vn -0.00623754 -0.9999794 -0.0015787759
vn -0.05207674 -0.9985557 -0.013206987
vn -0.035232563 -0.99927145 -0.014669389
vn -0.03374735 -0.9993387 -0.013540169
vn -0.015622383 -0.8222928 -0.56885004
vn -0.11908806 -0.9920169 -0.041478015
vn -0.032877848 -0.9993794 -0.012645395
vn -0.032000776 -0.99938405 -0.014400991
vn -0.03110897 -0.9993888 -0.015944313
vn -0.07317397 -0.86679655 -0.49326402
vn -0.24268942 -0.87391204 -0.4211647
vn -0.6347143 -0.75245017 -0.1759443
vn -0.04097134 -0.9991585 -0.0018683248
vn -0.031616755 -0.9994209 -0.012583837
vn -0.031179497 -0.9994355 -0.01250843
vn -0.032795537 -0.99938416 -0.012476803
vn -0.032824896 -0.99938333 -0.012470769
vn -0.033263355 -0.99936885 -0.012471134
vn 0.0082576815 -0.99986625 0.014119877
vn -0.25093794 -0.9666072 0.05196854
vn 0.047548745 -0.9987663 -0.014321446
vn -0.29125738 -0.95437795 0.06581738
vn -0.22993474 -0.9709693 0.06594397
vn 0.058888167 -0.99826413 -0.000940536
vn -0.15916844 -0.9860114 0.04946701
vn -0.5310528 -0.830461 0.16827804
vn -0.2796983 -0.9564954 0.08297869
vn -0.20559408 -0.9766342 0.06258393
vn -0.53791976 -0.83398426 0.122933015
vn -0.5269128 -0.8364523 0.15069962
vn -0.9084773 -0.38577494 0.16076916
vn -0.9077746 -0.4107656 0.08495291
vn -0.9132019 -0.40301952 0.06031092
vn -0.886872 -0.3802563 0.2624182
vn -0.52757674 -0.8312351 0.175245
vn 0.010938812 -0.99941754 -0.032324426
vn -0.85532135 -0.40039468 0.32879993
vn -0.8341013 -0.36651906 0.41223615
vn -0.8217838 -0.3889533 0.41639727
vn -0.5481082 -0.75795686 0.3536647
vn -0.7625038 -0.37838987 0.5247942
vn -0.46551728 -0.84693867 0.25688252
vn -0.21949424 -0.963174 0.15530013
vn -0.030100219 -0.99939513 0.017416706
vn -0.40111104 -0.88469976 0.23752098
vn -0.63753915 -0.57282764 0.51518184
vn -0.7179234 -0.38556954 0.579588
vn -0.43692544 -0.018722154 0.89930284
vn -0.015209571 -0.9800874 0.19798325
vn -0.23410133 -0.9625603 0.1366536
vn -0.20973907 -0.9730843 0.09548095
vn -0.036208283 -0.99910104 0.02204826
vn -0.065067165 -0.9914893 0.1127624
vn 0.279312 -0.94318116 0.17998351
vn -0.22425105 -0.90649295 -0.3577455
vn -0.49344024 -0.8669674 0.06988762
vn -0.5952805 -0.6443042 0.48011774
vn -0.104909286 -0.9930623 0.053114757
vn -0.20999046 -0.97654015 -0.04767954
vn 4.6711397E-05 -0.99999976 0.0007866321
vn 0.0012452417 -0.9999993 -0.00019200132
vn 0.0014924961 -0.9999989 2.0315812E-05
vn 0.0012251636 -0.99999905 0.00072178827
vn 0.0027044234 -0.9999962 -0.0006555735
vn -0.13386491 -0.96433353 0.22834453
vn -0.35934094 -0.7553774 0.5479773
vn -0.55390364 -0.57848877 0.5987832
vn -0.064630434 -0.78724104 0.6132492
vn -0.57525796 -0.6544243 0.4907209
vn -0.5519332 -0.6233212 0.55393183
vn -0.030422008 -0.6708246 0.74099183
vn -0.77473533 -0.6307827 0.043568663
vn -0.20778576 -0.9159802 0.34322777
vn -0.09235748 -0.97776365 0.1882773
vn -0.017882641 -0.99954 0.024495928
vn -0.11712273 -0.98110837 0.15397614
vn -0.3554449 -0.7016976 0.61747825
vn -0.034512006 -0.9994035 0.001264095
vn -0.5058607 -0.20787193 0.83719426
vn -0.46146885 -0.38888878 0.79737824
vn -0.52673495 -0.37696975 0.7618688
vn -0.601684 -0.37525907 0.70509374
vn -0.9171283 -0.156996 0.3663712
vn -0.42247945 -0.43845138 0.7932664
vn -0.3949303 -0.72733074 0.5612665
vn -0.43435383 -0.3902399 0.81181866
vn -0.35733312 -0.80435306 0.47468847
vn -0.3169852 -0.4865522 0.81411755
vn -0.4345979 -0.7597417 0.48364982
vn -0.41196683 -0.4992211 0.7622741
vn -0.28343302 -0.53014725 0.7991305
vn -0.36912954 -0.5955497 0.7134872
vn -0.4733672 -0.6597005 0.58371115
vn -0.34136602 -0.7102303 0.615664
vn -0.39876598 -0.7176671 0.57091105
vn -0.0012407255 -0.721498 0.69241536
vn -0.21886043 -0.5929058 0.77495986
vn -0.30597258 -0.73248696 0.60814774
vn -0.30727452 -0.51060206 0.8030367
vn -0.101573996 -0.32724375 0.9394649
vn -0.22192585 -0.5535838 0.80267924
vn -0.1115286 -0.5110658 0.85227525
vn 0.17491463 -0.6106013 0.77238005
vn 0.12205869 -0.49614277 0.85961854
vn 0.42103288 -0.45621687 0.7839627
vn 0.18259175 -0.46090737 0.8684611
vn 0.13277052 -0.5683516 0.8120028
vn -0.049017187 -0.1823759 0.9820063
vn -0.12668036 -0.027722644 0.99155617
vn -0.18325958 -0.27809635 0.94290954
vn -0.2569742 -0.017026704 0.9662682
vn -0.23166372 -0.36130542 0.9032112
vn -0.23215222 -0.26424047 0.9360994
vn -0.17994723 -0.48276392 0.85706353
vn -0.17924987 -0.5632247 0.80662715
vn 0.37633577 0.26639253 -0.88735926
vn 0.3770248 0.2681973 -0.88652265
vn 0.37728336 0.26764214 -0.88658047
vn 0.37637734 0.26691583 -0.8871843
vn 0.3758258 0.2652604 -0.88791436
vn 0.37600377 0.2650734 -0.8878948
vn -0.37987742 0.24762309 0.89127773
vn -0.36572763 0.2794434 0.8877807
vn -0.34631613 0.25623378 0.9024463
vn -0.38907683 0.2739968 0.87951404
vn -0.40133888 0.240211 0.88386977
vn -0.38601217 0.14651659 0.91078407
vn 0.017400185 0.9988707 -0.04421124
vn 0.015928457 0.99875546 -0.0472639
vn 0.028260086 0.999366 -0.021656998
vn 0.0049394164 0.9975327 -0.07002826
vn -0.384131 -0.12083063 0.9153378
vn -0.35004824 -0.16299808 0.92244124
vn -0.3648396 -0.13356116 0.92144096
vn -0.36294895 -0.10560439 0.9258054
vn -0.37014332 -0.07977435 0.92554307
vn -0.36934596 -0.07898203 0.9259295
vn -0.00986368 -0.99887544 0.04637277
vn 0.023012662 -0.9978249 -0.06177363
vn 0.03080303 -0.9880116 0.1512754
vn -0.016738765 -0.9991266 -0.038285695
vn 0.042783767 -0.9984956 -0.03429675
vn -0.029372104 -0.9634229 0.2663711
vn 0.22341102 -0.9739387 -0.03912664
vn -0.018504228 -0.697692 0.7161588
vn 0.4187731 -0.903062 -0.095436744
vn -0.047712985 -0.9985629 0.024404766
vn -0.04438305 -0.9984731 0.03288699
vn -0.04115946 -0.99830747 0.041086815
vn -0.3874422 -0.25271478 0.8865798
vn -0.39723054 -0.2257632 0.88951606
vn -0.4002016 -0.21735947 0.89027715
vn -0.38507214 -0.25907984 0.8857749
vn 0.8859184 -0.25007966 0.39065185
vn 0.88243943 -0.2662961 0.38779753
vn 0.90401506 -0.1258325 0.408562
vn 0.90453863 -0.11956261 0.40928558
vn 0.35529536 -0.21152577 -0.9105065
vn 0.4013162 -0.08830791 -0.91167265
vn 0.3684913 -0.17819609 -0.9123926
vn 0.41217276 -0.055936925 -0.90938693
vn 0.4408862 -0.26151502 -0.8586206
vn 0.36591515 -0.26969963 -0.8907122
vn 0.38892305 -0.25842836 -0.88428146
vn 0.38920426 -0.2641911 -0.8824529
vn 0.3917861 -0.2601273 -0.88251764
vn 0.43764663 -0.28774345 -0.8518621
vn 0.7812428 -0.44605932 -0.43668145
vn 0.7315922 -0.43453285 -0.5253133
vn 0.7590183 -0.4319386 -0.48715532
vn 0.7610193 -0.4306413 -0.48517814
vn 0.8179149 -0.37398577 -0.43720692
vn 0.8293622 -0.41213876 -0.37722683
vn 0.8268503 -0.4590704 -0.32491982
vn 0.81654215 -0.44729975 -0.36494073
vn 0.8886883 -0.45748094 -0.030731373
vn 0.8865772 -0.40104982 -0.2305211
vn 0.8683829 -0.46243954 0.17905527
vn 0.8367642 -0.4576177 0.30068535
vn 0.791202 -0.43156606 0.43330133
vn 0.8098061 -0.40159816 0.42770684
vn 0.80886984 -0.38923422 0.44071117
vn 0.84800166 -0.5126005 -0.1346626
vn 0.8724426 -0.42684093 -0.23801419
vn 0.8260488 -0.49244148 -0.27412543
vn 0.8955074 -0.40239966 -0.19010808
vn 0.89673877 -0.40569153 -0.17684437
vn 0.7765373 -0.458286 -0.432393
vn 0.82936054 -0.44613752 -0.3363366
vn 0.5667456 -0.44742742 -0.69181514
vn 0.35735542 -0.43438572 -0.82680476
vn 0.2854838 -0.41798523 -0.86243105
vn 0.18230426 -0.3916465 -0.9018748
vn 0.20806804 -0.41465455 -0.88587207
vn 0.2153194 -0.42773116 -0.8778859
vn 0.26379076 -0.3757906 0.88836694
vn 0.3548377 -0.36541536 0.86055905
vn 0.35798883 -0.32704994 0.8745755
vn 0.23508811 -0.36573023 0.9005415
vn 0.11651393 -0.310086 0.9435419
vn -0.8671838 -0.34471953 -0.35938922
vn -0.907047 -0.31580314 -0.27844977
vn -0.86827636 -0.3416978 -0.3596371
vn -0.9216848 -0.30156812 -0.24403676
vn -0.95959306 -0.2505864 -0.12801382
vn -0.0033688555 0.9999801 -0.005338436
vn -0.0029823424 0.999992 -0.0026575567
vn 0.006422282 0.9999696 0.0044334126
vn 0.008698338 0.9999397 0.006702286
vn 0.0052197617 0.99997556 0.004650849
vn -0.003867845 0.99999225 -0.00071322586
vn 0.43520808 0.46456528 -0.77121526
vn 0.40274733 0.43955663 -0.8028602
vn 0.49088892 0.4379252 -0.75315976
vn 0.48890156 0.4342706 -0.7565608
vn 0.41133606 0.42205855 -0.8078795
vn -0.07722206 0.21579474 -0.9733804
vn 0.29596245 0.41768104 -0.8590395
vn -0.32724163 0.054621592 -0.94336075
vn 0.3079856 0.38775226 -0.8687883
vn 0.32074937 0.4584544 -0.8288181
vn 0.40409052 0.44179717 -0.8009532
vn 0.10587808 0.44715005 -0.8881704
vn -0.18063678 0.45704067 -0.8709099
vn -0.26110333 0.45407662 -0.8518448
vn -0.42926463 0.4316301 -0.7933645
vn -0.41192737 0.4109507 -0.81328684
vn -0.41262928 0.40547717 -0.8156748
vn 0.8268183 0.37845328 0.41610646
vn 0.87015045 0.4598817 0.17705102
vn 0.8197467 0.3956505 0.41409665
vn 0.79521704 0.43376935 0.42364374
vn 0.83948916 0.44918105 0.30576855
vn 0.8919389 0.4508861 -0.033862613
vn 0.829152 0.45483604 -0.32500935
vn 0.81072956 0.43789294 -0.38854527
vn 0.7609605 0.42907056 -0.48665962
vn 0.76223266 0.42839637 -0.48526067
vn 0.7921694 0.43204567 -0.43105018
vn 0.7835197 0.44475636 -0.43392235
vn 0.81730753 0.40706003 -0.40781194
vn 0.8457285 0.4259959 -0.32135767
vn 0.8876423 0.38138914 -0.2581346
vn 0.885502 0.41006753 -0.21847394
vn 0.7743281 0.56719464 -0.28054637
vn 0.9022067 0.39330962 -0.17700419
vn 0.9011535 0.40347558 -0.1585241
vn 0.77763784 0.4470121 -0.44210804
vn 0.8726518 0.41849467 -0.25167653
vn 0.6940889 0.4388585 -0.5706521
vn 0.3768327 0.44002137 -0.81509405
vn 0.3952347 0.42979205 -0.8118303
vn 0.20316318 0.42104796 -0.8839928
vn 0.18896173 0.4218829 -0.88674027
vn 0.189369 0.41923183 -0.88790995
vn -0.3419702 0.33075744 -0.8795771
vn -0.3603978 0.38481936 -0.849722
vn -0.3811008 0.37455392 -0.8452641
vn -0.3404352 0.32899097 -0.8808341
vn -0.37131098 0.39570665 -0.83996695
vn -0.4000365 0.35431927 -0.8452388
vn 0.3548523 0.33965907 0.8710404
vn 0.3869919 0.3515425 0.8524408
vn 0.30819026 0.41071776 0.8580966
vn 0.29887393 0.4275189 0.8531717
vn 0.43677583 0.32275394 0.83967656
vn 0.29531273 0.4283245 0.8540073
vn -0.8527453 0.35355407 -0.38448024
vn -0.8603209 0.36626175 -0.3545424
vn -0.8622025 0.37863627 -0.33651346
vn -0.85771376 0.38877755 -0.3364209
vn -0.8470113 0.33302215 -0.41432846
vn -0.8661976 0.37563944 -0.32954025
vn -0.69829845 -0.5182111 -0.49379805
vn -0.696729 -0.5199712 -0.49416462
vn -0.70074886 -0.51544803 -0.4932182
vn -0.6943703 -0.5226025 -0.4947086
vn -0.57525796 -0.6544243 0.4907209
vn -0.43692544 -0.018722154 0.89930284
vn -0.63753915 -0.57282764 0.51518184
vn -0.064630434 -0.78724104 0.6132492
vn -0.034973506 0.016916987 0.99924505
vn -0.030422008 -0.6708246 0.74099183
vn -0.5519332 -0.6233212 0.55393183
vn -0.70456654 0.00989667 0.709569
vn -0.77473533 -0.6307827 0.043568663
vn -0.9984043 0.0063263383 0.05611536
vn -0.9171283 -0.156996 0.3663712
vn -0.49344024 -0.8669674 0.06988762
vn -0.5952805 -0.6443042 0.48011774
vn -0.55390364 -0.57848877 0.5987832
vn -0.432594 -0.43487 -0.7897787
vn -0.42047152 -0.41278875 -0.80796593
vn -0.41615793 -0.4167709 -0.80815506
vn -0.18224648 -0.46486163 -0.86642367
vn -0.31061825 -0.45808932 -0.8328688
vn 0.049670413 -0.4555012 -0.8888485
vn 0.3315534 -0.45195848 -0.8281339
vn 0.39820895 -0.43066785 -0.8099104
vn 0.49994233 -0.4196562 -0.7575925
vn 0.49546662 -0.41338584 -0.7639535
vn 0.46434316 -0.41891867 -0.78031564
vn 0.3898663 -0.41130406 -0.82391334
vn 0.40428215 -0.39646354 -0.82424057
vn 0.22700164 -0.45679548 -0.860121
vn 0.08013039 -0.34086677 -0.93669045
vn 0.18817168 -0.43197638 -0.8820361
vn 0.14816026 -0.4398544 -0.8857633
vn 0.29833868 -0.4292286 -0.8525004
vn -0.05696034 -0.34741372 -0.9359804
vn -0.46346688 -0.079126984 -0.88257426
vn 0.26151192 -0.41771856 -0.870128
vn 0.28505063 -0.42094025 -0.8611361
vn 0.2719321 -0.43865037 -0.8565271
vn 0.41697747 -0.45021755 -0.7895783
vn 0.31495303 -0.44222778 -0.8397852
vn 0.54840773 -0.40301424 -0.7326858
vn 0.7419096 -0.52572817 -0.41614917
vn 0.5503228 -0.4278264 -0.7170142
vn 0.3746186 -0.44768813 -0.8119337
vn 0.24005972 -0.8621512 -0.4461689
vn 0.39876089 -0.5613256 -0.72519183
vn 0.21394481 -0.4971953 -0.8408474
vn 0.07905765 -0.9635283 -0.25566226
vn -0.039920047 -0.9978029 0.05287347
vn -0.16489594 -0.9374306 0.3066485
vn -0.30005494 -0.7658805 0.56867754
vn -0.38139796 -0.19830552 -0.90289015
vn -0.41744107 -0.27682665 -0.8655115
vn -0.4539974 -0.37860194 -0.80656487
vn -0.44637468 -0.34940177 -0.82381314
vn -0.5091634 -0.5572583 -0.65590847
vn 0.38311476 0.24463469 0.8907171
vn 0.38406906 0.24530025 0.8901229
vn 0.38486582 0.24715222 0.8892661
vn 0.38512528 0.24698971 0.8891988
vn 0.38423538 0.24477844 0.89019465
vn 0.38416043 0.2445008 0.89030343
vn -0.3972708 0.34473535 -0.85049003
vn -0.37577352 0.35921016 -0.8542613
vn -0.38705894 0.3323432 -0.86007756
vn -0.37786028 0.38763127 -0.84081125
vn -0.34714365 0.4143404 -0.84131646
vn -0.33975735 0.33612993 -0.87839717
vn -0.012237802 0.9999186 0.0036201805
vn -0.012237801 0.9999186 0.00362018
vn -0.012237802 0.9999186 0.0036201805
vn -0.012237802 0.9999186 0.0036201805
vn -0.25799656 -0.34940508 -0.9007518
vn -0.36235887 -0.24365261 -0.8996274
vn -0.36375344 -0.21783346 -0.9056666
vn -0.1186027 0.026144262 -0.9925976
vn -0.21205233 0.019176569 -0.9770701
vn 0.30038765 0.2584502 -0.91813433
vn -0.07601286 -0.9921227 -0.09957116
vn 0.12525852 -0.987677 0.09383243
vn -0.028748706 -0.999495 -0.013534345
vn -0.0906863 -0.99521375 -0.03640778
vn -0.07046621 -0.9965314 -0.044268046
vn -0.03598807 -0.9984577 0.04227544
vn -0.03293017 -0.9932346 -0.11135804
vn 0.38399026 -0.14447933 0.91196334
vn 0.45485723 -0.2380343 0.85816354
vn 0.38776276 -0.11612359 0.91441536
vn 0.33726993 -0.042010427 0.94047016
vn 0.44023013 0.05881176 0.8959568
vn 0.27856725 -0.04578985 0.95932454
vn 0.15177998 -0.982932 -0.103959575
vn 0.63145727 -0.72129476 -0.2845976
vn 0.18823273 -0.97841954 -0.08522706
vn 0.103101276 -0.98633575 -0.12849852
vn -0.34628537 -0.34183422 -0.8736337
vn -0.34649596 -0.34303033 -0.87308115
vn -0.34635076 -0.342205 -0.87346256
vn -0.34661257 -0.34369376 -0.8727739
vn 0.8749824 -0.05068177 -0.4814947
vn 0.8645546 -0.09382691 -0.4937023
vn 0.8729417 -0.059771903 -0.48414895
vn 0.8614782 -0.105248325 -0.49676758
vn 0.38519323 -0.13789089 0.9124759
vn 0.38529727 -0.13811982 0.9123974
vn 0.38534936 -0.13823447 0.912358
vn 0.385148 -0.13779144 0.91251004
vn 0.87126935 -0.2868046 -0.39828745
vn 0.9230741 -0.10109763 -0.37109745
vn 0.88671815 -0.24324493 -0.39314476
vn 0.63145727 -0.72129476 -0.2845976
vn 0.46291894 -0.6518234 0.60069317
vn 0.45693606 -0.6343712 0.6235243
vn 0.43655694 -0.57855916 0.6889756
vn 0.4803514 -0.7072271 0.5187411
vn -0.9015161 0.24236384 0.35850886
vn -0.86003953 0.34959078 0.37164268
vn -0.85686946 0.3230378 0.4017729
vn -0.88272935 0.33038363 0.33411902
vn -0.91595536 0.2490436 0.3146474
vn -0.93219566 0.0018726495 0.36194986
vn 0.027767263 0.9995747 -0.0089118
vn 0.027767261 0.9995747 -0.008911798
vn 0.027767261 0.9995747 -0.008911799
vn 0.027767263 0.9995747 -0.008911799
vn 0.8935164 0.25246847 -0.37133276
vn 0.89560354 0.22581722 -0.38327643
vn 0.9177413 0.15958513 -0.36370784
vn 0.89018023 0.26193115 -0.37278837
vn 0.87889206 0.29905924 -0.37163475
vn 0.86242855 0.32263327 -0.39003175
vn 0.092365675 -0.9941685 -0.055655938
vn -0.06858137 -0.9963038 -0.05172356
vn -0.09162208 -0.9951984 0.034430876
vn -0.12249289 -0.9914117 -0.045807682
vn -0.17002547 -0.98416305 0.05014613
vn -0.23492734 -0.9543468 0.18447565
vn -0.18516435 -0.97291934 0.13835503
vn -0.86973375 -0.33478814 0.36260194
vn -0.86765146 -0.3451401 0.35785377
vn -0.84670055 -0.3715552 0.3808476
vn -0.8787131 -0.31085992 0.36225605
vn -0.87449515 -0.26353654 0.4071936
vn -0.90975034 0.2262831 -0.3480664
vn -0.91338956 0.21501303 -0.34567162
vn -0.8865116 0.36098903 -0.2894548
vn -0.9154384 0.18950383 -0.35505044
vn -0.91041595 0.16750734 -0.3782645
vn -0.9003513 0.12954968 -0.41543275
vn 0.022312209 0.9997483 -0.0023472242
vn 0.023498386 0.9997236 0.0007135265
vn 0.03046016 0.9993612 0.018690394
vn 0.015290217 0.99967384 -0.020453215
vn 0.90479755 0.2848874 0.31651297
vn 0.9279106 0.10802518 0.3568087
vn 0.9029055 0.18858962 0.38625833
vn 0.8946962 0.29946518 0.33142027
vn 0.884351 0.38409784 0.26531503
vn 0.88513726 0.38297924 0.26430827
vn 0.9006373 -0.17106847 0.39948454
vn 0.89874005 -0.18565239 0.39723983
vn 0.9040736 -0.23714383 0.3555469
vn 0.9376688 -0.094737954 0.33436805
vn 0.93657005 -0.089970574 0.33873567
vn 0.98414296 0.007121894 0.17723423
vn 0.102270864 -0.99256307 0.06602375
vn -0.20902584 -0.97581375 -0.06399928
vn -0.06986517 -0.9954123 0.06536999
vn -0.14621164 -0.9878285 0.05307631
vn -0.15804964 -0.9873926 -0.008722441
vn -0.27325723 -0.95839226 -0.08255197
vn 0.009203487 -0.99732226 0.07255181
vn -0.3937167 -0.9188706 -0.025768172
vn -0.36684406 -0.9265435 0.083321914
vn -0.8908932 -0.22988054 -0.39174494
vn -0.8892001 -0.2338351 -0.39324838
vn -0.90354574 -0.20672493 -0.3753264
vn -0.8655855 -0.2061627 -0.45635363
vn -0.8794328 -0.23651712 -0.41310725
vn -0.8432172 -0.16766165 -0.5107585
vn 0.33240545 -0.31137848 -0.89025277
vn 0.30936044 -0.2541925 -0.9163418
vn 0.3460689 -0.34645447 -0.8718977
vn 0.2917307 -0.21188961 -0.9327357
vn -0.9306736 -0.032503974 -0.3644038
vn -0.93450654 -0.014080169 -0.3556676
vn -0.9225971 -0.0662792 -0.38002852
vn -0.9390141 0.010630703 -0.34371442
vn -0.5769994 -0.4014421 0.7112777
vn -0.10812306 -0.47277376 0.87452525
vn 0.029354626 -0.75942206 0.64993584
vn 0.21065785 -0.3984443 0.8926732
vn 0.14418258 -0.7318796 0.66600573
vn 0.06768122 -0.94417644 0.3224129
vn -0.011340737 -0.9988009 0.04762656
vn 0.17943433 -0.78092164 0.59830153
vn 0.4568696 -0.8894998 0.0077621676
vn 0.16705926 -0.8147067 0.55528736
vn 0.2017071 -0.45269147 0.86855316
vn 0.23382026 -0.47181162 0.85013056
vn 0.24706286 -0.45872936 0.85353816
vn 0.25719213 -0.45243025 0.8539081
vn 0.29182816 -0.74754435 0.5966689
vn 0.290119 -0.40739006 0.865947
vn 0.34771445 -0.8153039 0.46300557
vn 0.41565874 -0.7006649 0.5799108
vn 0.31609917 -0.37308216 0.87229073
vn 0.41436782 -0.05992453 0.90813446
vn 0.22069418 -0.52680933 0.82083243
vn -0.07350758 -0.6974222 0.7128807
vn -0.056849353 -0.8157139 0.5756553
vn -0.070810854 -0.6874174 0.72280234
vn 0.19179177 -0.759907 0.6210936
vn 0.7563494 -0.30667964 0.5778264
vn 0.12250389 -0.85565335 0.50284207
vn 0.809165 -0.5769336 0.111353114
vn 0.57261026 -0.75384223 -0.32224125
vn 0.9291665 -0.17911012 -0.32337153
vn 0.9918052 0.101182 -0.07800383
vn 0.9832454 0.09573789 -0.15512158
vn 0.9810161 0.09467013 -0.16924797
vn 0.9935462 0.10318307 -0.047107235
vn -0.35316816 -0.15906942 -0.9219377
vn -0.79493237 0.044990238 -0.60502756
vn -0.34302002 -0.5322942 -0.77395093
vn -0.28879562 -0.5045209 -0.8136681
vn -0.17709973 -0.21359217 -0.96073616
vn -0.5462224 0.11731155 -0.82938474
vn -0.989474 -0.043153774 0.13812669
vn -0.95268905 -0.018059775 -0.3034098
vn -0.8912389 -0.02208655 -0.45299593
vn -0.7424086 -0.037593972 -0.6688917
vn -0.8216696 0.10371023 -0.5604492
vn -0.76772314 0.49923348 -0.40170544
vn -0.5396339 0.77973807 -0.3174959
vn -0.6618936 0.7040496 -0.25731492
vn -0.8534812 0.48914576 -0.17973986
vn -0.9033885 0.41855356 -0.09328562
vn 0.04254057 0.401018 -0.9150819
vn -0.27802438 -0.8398701 -0.46617678
vn -0.79493237 0.044990238 -0.60502756
vn 0.04984809 -0.99183965 0.11734255
vn -0.54911005 -0.051846683 -0.8341403
vn -0.59205365 0.1275944 -0.79573363
vn -0.43814394 -0.7199316 -0.5382642
vn -0.9798237 -0.13675492 0.14575177
vn -0.9630308 0.25014052 0.10000612
vn -0.9709934 0.0334463 -0.23675583
vn -0.93597263 0.19591877 0.29252535
vn -0.9024552 0.33832628 0.26666433
vn -0.92764866 0.3649132 -0.07941276
vn -0.9252573 0.20016392 0.32223177
vn -0.9048726 0.35062307 0.24138954
vn -0 -1 0
vn -0 -1 0
vn -0 -1 0
vn -0 -1 0
vn -0 -1 0
vn -0 -1 0
vn 0.52121377 -0.84980905 -0.07849096
vn 0.5240758 -0.8480071 -0.07892195
vn 0.53843987 -0.8387537 -0.08108508
vn 0.5026381 -0.86117685 -0.07569359
vn -0 -1 0
vn -0 -1 0
vn -0 -1 0
vn -0 -1 0
vn -0 -1 0
vn -0 -1 0
vn -0 -1 0
vn -0 -1 0
vn -0 -1 0
vn -0 -1 0
vn -0 -1 0
vn -0 -1 0
vn -0 -1 0
vn -0 -1 0
vn -0 -1 0
vn -0 -1 0
vn -0 -1 0
vn -0 -1 0
vn -0.4588051 -0.8819317 -0.10814077
vn -0.52646655 -0.8410915 -0.12408864
vn -0.5253896 -0.8420825 -0.121913314
vn -0.45847613 -0.88237923 -0.10586165
vn -0.00086223555 -0.9999982 0.0016693353
vn -0.00077357993 -0.99999857 0.0014976931
vn -0 -1 0
vn -0 -1 0
vn -0 -1 0
vn -0 -1 0
vn -0 -1 0
vn -0 -1 0
vn -0.33363336 0 -0.94270295
vn -0.27623194 0 -0.961091
vn -0.33363336 0 -0.94270295
vn -0.27623194 0 -0.961091
vn -0.1751173 0 -0.98454756
vn -0.1751173 0 -0.98454756
vn -0.12126537 0 -0.99262017
vn -0.12814453 0 -0.9917555
vn -0.09717626 0 -0.99526715
vn -0.07810735 0 -0.99694496
vn -0.003657583 0 -0.9999933
vn -0.003657583 0 -0.9999933
vn 0.37435424 -0.02487154 -0.9269521
vn 0.37435424 -0.02487154 -0.9269521
vn 0.7975606 -0.03741235 -0.6020776
vn 0.81463164 -0.03596977 -0.57886225
vn 0.69681346 -0.013205931 -0.7171308
vn 0.69681346 -0.013205931 -0.7171308
vn -0.029031789 0 -0.99957854
vn -0.029031789 0 -0.99957854
vn -0.71786076 0 -0.6961866
vn -0.71786076 0 -0.6961866
vn -0.894908 0 -0.44625074
vn -0.894908 0 -0.44625074
vn -0.6765182 0 -0.73642594
vn -0.6765182 0 -0.73642594
vn -0.19006585 0 -0.98177135
vn -0.19035761 0 -0.98171484
vn 0.07792962 0 -0.99695885
vn 0.064109534 0 -0.99794286
vn 0.10479095 0 -0.99449426
vn 0.11912198 0 -0.9928797
vn 0.16468997 0 -0.98634535
vn 0.16466087 0 -0.98635024
vn 0.23349823 0 -0.97235715
vn 0.23349823 0 -0.97235715
vn 0.30372816 0 -0.9527587
vn 0.30372816 0 -0.9527587
vn 0.3415648 0 -0.93985826
vn 0.3415648 0 -0.93985826
vn 0.9273044 0 -0.37430814
vn 0.9273044 0 -0.37430814
vn 0.9273044 0 -0.37430814
vn 0.9273044 0 -0.37430814
vn 0.3276838 0 0.94478744
vn 0.27622288 0 0.96109354
vn 0.3276838 0 0.94478744
vn 0.27622288 0 0.96109354
vn 0.17993887 0 0.98367774
vn 0.17993887 0 0.98367774
vn 0.12019218 0 0.99275064
vn 0.13033935 0 0.99146944
vn 0.104379974 0 0.99453753
vn 0.0966095 0 0.9953224
vn 0.0327233 0 0.99946445
vn 0.0327233 0 0.99946445
vn -0.2116524 0 0.977345
vn -0.2116524 0 0.977345
vn -0.536535 0 0.843878
vn -0.536535 0 0.843878
vn -0.8047463 0 0.5936188
vn -0.8047463 0 0.5936188
vn 0.0042267893 0 0.99999106
vn 0.0042267893 0 0.99999106
vn 0.8828265 0 0.46969923
vn 0.8828265 0 0.46969923
vn 0.7354348 0 0.6775955
vn 0.7354348 0 0.6775955
vn 0.4477828 0 0.8941423
vn 0.4477828 0 0.8941423
vn 0.11524806 0 0.9933368
vn 0.11524806 0 0.9933368
vn -0.071015045 0 0.9974752
vn -0.08287155 0 0.99656016
vn -0.101506166 0 0.9948349
vn -0.10815352 0 0.99413425
vn -0.16888118 0 0.9856365
vn -0.16888118 0 0.9856365
vn -0.24061762 0 0.9706199
vn -0.24061762 0 0.9706199
vn -0.3007949 0 0.95368886
vn -0.3007949 0 0.95368886
vn -0.34438723 0 0.93882763
vn -0.34438723 0 0.93882763
vn -0.9339612 0 -0.35737446
vn -0.9339612 0 -0.35737446
vn -0.9339612 0 -0.35737446
vn -0.9339612 0 -0.35737446
vn -0 -1 0
vn -0 -1 0
vn -0 -1 0
vn -0 -1 0
vn -0 -1 0
vn -0 -1 0
vn 0.403351 -0.86971194 0.28444517
vn 0.41110432 -0.8642591 0.28991282
vn 0.42831466 -0.85165286 0.3020496
vn 0.38230205 -0.8838327 0.2696013
vn -0 -1 0
vn -0 -1 0
vn -0 -1 0
vn -0 -1 0
vn -0 -1 0
vn -0 -1 0
vn -0 -1 0
vn -0 -1 0
vn -0 -1 0
vn -0 -1 0
vn -0 -1 0
vn -0 -1 0
vn -0 -1 0
vn -0 -1 0
vn -0 -1 0
vn -0 -1 0
vn -0 -1 0
vn -0 -1 0
vn -0.29893884 -0.83121026 -0.46874845
vn -0.25582874 -0.8795627 -0.40115002
vn -0.29178515 -0.8419457 -0.45385996
vn -0.26575825 -0.8712434 -0.41268325
vn -0.001770426 -0.99999833 0.000567675
vn -0.0017336066 -0.99999833 0.00055586913
vn -0 -1 0
vn -0 -1 0
vn -0 -1 0
vn -0 -1 0
vn -0 -1 0
vn -0 -1 0
vn 0.48398104 0 -0.87507844
vn 0.4382628 0 -0.89884686
vn 0.4382628 0 -0.89884686
vn 0.48398104 0 -0.87507844
vn 0.56820357 0 -0.8228881
vn 0.56820357 0 -0.8228881
vn 0.6147745 0 -0.7887029
vn 0.62593085 0 -0.77987856
vn 0.6459941 0 -0.7633423
vn 0.65405494 0 -0.756447
vn 0.7779072 0 -0.62837917
vn 0.7779072 0 -0.62837917
vn 0.9818633 0 -0.18959047
vn 0.9818633 0 -0.18959047
vn 0.9696951 0 0.2443186
vn 0.9696951 0 0.2443186
vn 0.99942493 0 -0.03390808
vn 0.99942493 0 -0.03390808
vn 0.66812694 0 -0.74404734
vn 0.66812694 0 -0.74404734
vn -0.031406634 0 -0.9995067
vn -0.031406634 0 -0.9995067
vn -0.22580585 0 -0.97417235
vn -0.22580585 0 -0.97417235
vn 0.11870983 0 -0.99292904
vn 0.11870983 0 -0.99292904
vn 0.5304275 0 -0.8477303
vn 0.53016114 0 -0.84789693
vn 0.7613777 0 -0.6483086
vn 0.740196 0 -0.6723911
vn 0.78453195 0 -0.6200884
vn 0.7883445 0 -0.6152341
vn 0.81103444 0 -0.5849983
vn 0.81105024 0 -0.58497643
vn 0.8521398 0 -0.5233142
vn 0.8521398 0 -0.5233142
vn 0.89016783 0 -0.45563266
vn 0.89016783 0 -0.45563266
vn 0.9066743 0 -0.42183128
vn 0.9066743 0 -0.42183128
vn 0.92897695 0 0.37013754
vn 0.92897695 0 0.37013754
vn 0.92897695 0 0.37013754
vn 0.92897695 0 0.37013754
vn -0.48414582 0 0.87498736
vn -0.43581656 0 0.9000355
vn -0.43581656 0 0.9000355
vn -0.48414582 0 0.87498736
vn -0.5673261 0 0.82349324
vn -0.5673261 0 0.82349324
vn -0.60990745 0 0.7924726
vn -0.62189764 0 0.78309846
vn -0.63852304 0 0.7696027
vn -0.64400494 0 0.7650213
vn -0.736889 0 0.67601377
vn -0.736889 0 0.67601377
vn -0.8841983 0 0.46711162
vn -0.8841983 0 0.46711162
vn -0.9782518 0 0.20742123
vn -0.9782518 0 0.20742123
vn -0.98920995 0 -0.14650513
vn -0.98920995 0 -0.14650513
vn -0.9366152 0 -0.35035974
vn -0.9366152 0 -0.35035974
vn 0.34766647 0 0.93761826
vn 0.34766647 0 0.93761826
vn 0.24122201 0 0.97047
vn 0.24122201 0 0.97047
vn 0.007284924 0 0.99997354
vn 0.007284924 0 0.99997354
vn -0.24964248 0 0.9683381
vn -0.24964248 0 0.9683381
vn -0.5669676 0 0.82374007
vn -0.5669676 0 0.82374007
vn -0.7592416 0 0.6508088
vn -0.74130005 0 0.6711737
vn -0.7817365 0 0.6236088
vn -0.7880312 0 0.6156353
vn -0.8125509 0 0.58289015
vn -0.8125509 0 0.58289015
vn -0.85228246 0 0.5230819
vn -0.85228246 0 0.5230819
vn -0.8900649 0 0.45583394
vn -0.8900649 0 0.45583394
vn -0.9076608 0 0.4197047
vn -0.9076608 0 0.4197047
vn -0.3824191 0 -0.92398894
vn -0.3824191 0 -0.92398894
vn -0.3824191 0 -0.92398894
vn -0.3824191 0 -0.92398894
vn -0 -1 0
vn -0 -1 0
vn -0 -1 0
vn -0 -1 0
vn -0 -1 0
vn -0 -1 0
vn 0.07008308 -0.8543463 0.5149572
vn 0.07091051 -0.85058343 0.52103704
vn 0.07175401 -0.8466846 0.52723485
vn 0.068715625 -0.86043286 0.5049094
vn -0 -1 0
vn -0 -1 0
vn -0 -1 0
vn -0 -1 0
vn -0 -1 0
vn -0 -1 0
vn -0 -1 0
vn -0 -1 0
vn -0 -1 0
vn -0 -1 0
vn -0 -1 0
vn -0 -1 0
vn -0 -1 0
vn -0 -1 0
vn -0 -1 0
vn -0 -1 0
vn -0 -1 0
vn -0 -1 0
vn 0.1256346 -0.8342495 -0.5368833
vn 0.108462185 -0.8794341 -0.46349922
vn 0.12128 -0.8414641 -0.52652574
vn 0.10747905 -0.8768662 -0.4685658
vn -0.0016323929 -0.99999833 -0.00089766685
vn -0.0014905343 -0.99999857 -0.00081965746
vn -0 -1 0
vn -0 -1 0
vn -0 -1 0
vn -0 -1 0
vn -0 -1 0
vn -0 -1 0
vn 0.94632393 0 -0.3232199
vn 0.94632393 0 -0.3232199
vn 0.961719 0 -0.2740378
vn 0.961719 0 -0.2740378
vn 0.98389405 0 -0.17875242
vn 0.98389405 0 -0.17875242
vn 0.9957782 0 -0.09179209
vn 0.99301285 0 -0.11800644
vn 0.9968137 0 -0.0797654
vn 0.9956671 0 -0.09298937
vn 0.9999902 0 -0.004438529
vn 0.9999902 0 -0.004438529
vn 0.93386984 0 0.35761324
vn 0.93386984 0 0.35761324
vn 0.61919284 0 0.785239
vn 0.61919284 0 0.785239
vn 0.7212484 0 0.6926764
vn 0.7212484 0 0.6926764
vn 0.99921715 0 -0.03956181
vn 0.99921715 0 -0.03956181
vn 0.69200575 0 -0.721892
vn 0.69200575 0 -0.721892
vn 0.5455497 0 -0.83807856
vn 0.5455497 0 -0.83807856
vn 0.82457715 0 -0.5657495
vn 0.82457715 0 -0.5657495
vn 0.98720586 0 -0.15945044
vn 0.9871617 0 -0.15972364
vn 0.9975789 0 0.0695445
vn 0.99698645 0 0.07757618
vn 0.9941947 0 0.107597
vn 0.99136436 0 0.13113615
vn 0.9866251 0 0.16300604
vn 0.98662275 0 0.16302016
vn 0.9739025 0 0.22696647
vn 0.9739025 0 0.22696647
vn 0.9522651 0 0.30527225
vn 0.9522651 0 0.30527225
vn 0.941335 0 0.33747345
vn 0.941335 0 0.33747345
vn 0.38632742 0 0.92236173
vn 0.38632742 0 0.92236173
vn 0.38632742 0 0.92236173
vn 0.38632742 0 0.92236173
vn -0.94484 0 0.3275323
vn -0.94484 0 0.3275323
vn -0.9616034 -0.000694894 0.2744419
vn -0.9616034 -0.000694894 0.2744419
vn -0.9836676 -0.0013994146 0.17998944
vn -0.98367244 -0.0013994216 0.17996293
vn -0.9910356 -0.0010863786 0.13359344
vn -0.9922975 -0.00052241073 0.123876765
vn -0.9949714 0 0.10015896
vn -0.9964379 0 0.08433018
vn -0.99998915 0 0.004659088
vn -0.99998915 0 0.004659088
vn -0.971422 0 -0.23735926
vn -0.971422 0 -0.23735926
vn -0.84033585 0 -0.54206616
vn -0.84033585 0 -0.54206616
vn -0.59391046 0 -0.80453116
vn -0.59391046 0 -0.80453116
vn -0.9999777 0 0.006682358
vn -0.9999777 0 0.006682358
vn -0.49697292 0 0.8677661
vn -0.49697292 0 0.8677661
vn -0.73026866 0 0.68316
vn -0.73026866 0 0.68316
vn -0.90889114 0 0.41703343
vn -0.90889114 0 0.41703343
vn -0.9925248 0 0.12204339
vn -0.9925248 0 0.12204339
vn -0.99806064 0 -0.062249362
vn -0.9980698 0 -0.062102813
vn -0.995832 0 -0.091206424
vn -0.9926876 0 -0.12071181
vn -0.98473895 0 -0.17403775
vn -0.98473895 0 -0.17403775
vn -0.9718778 0 -0.23548572
vn -0.9718778 0 -0.23548572
vn -0.9536459 0 -0.30093116
vn -0.9536459 0 -0.30093116
vn -0.940742 0 -0.339123
vn -0.940742 0 -0.339123
vn 0.34956002 0 -0.936914
vn 0.34956002 0 -0.936914
vn 0.34956002 0 -0.936914
vn 0.34956002 0 -0.936914
vn -0.007687727 0.9997789 0.019569425
vn 0.0002748181 0.9998809 0.015430069
vn -0.0293097 0.9704112 -0.23967266
vn 0.07703854 0.98875844 -0.12814713
vn 0.0048379702 0.99996865 -0.0062694326
vn 0.21719864 0.8372455 -0.50184137
vn -0.058250092 0.78114414 -0.6216275
vn -0.072506115 0.58984244 -0.8042566
vn -0.11335378 0.5460245 -0.8300652
vn -0.08087099 0.47152534 -0.8781365
vn -0.14159463 0.47377107 -0.8691904
vn -0.19541043 0.4740722 -0.858528
vn -0.19383955 0.47267017 -0.8596564
vn -0.004480691 0.99996865 -0.006533994
vn -0.0001831018 0.99993944 -0.011005889
vn 8.535116E-05 0.999931 -0.011748508
vn -0 1 0
vn -0.010551033 0.9622116 -0.2720984
vn -0.0056847516 0.94705653 -0.3210166
vn -0.23341104 0.83876115 -0.491934
vn -0.07817201 0.98889893 -0.12636545
vn 0.00032729903 0.99987805 0.015614262
vn 0.031469956 0.9777141 -0.207569
vn -0.0025633106 0.9996356 0.026871795
vn 0.046147387 0.9791607 -0.1977741
vn -0.0090647675 0.99965215 0.024767434
vn 0.09300151 0.79918844 -0.5938422
vn 0.07370214 0.58787346 -0.80558836
vn 0.21601 0.75222284 -0.6224954
vn -0.0065580676 0.9997662 0.020608325
vn 0.114007965 0.77269346 -0.6244574
vn 0.03331717 0.8063131 -0.59054995
vn 0.12759173 0.58140874 -0.80354476
vn 0.09111528 0.4759709 -0.8747283
vn 0.16685693 0.47610945 -0.863411
vn 0.15850791 0.80195093 -0.57597744
vn 0.21435691 0.5865123 -0.78105974
vn 0.26617858 0.47493944 -0.83879775
vn 0.11287645 0.79147124 -0.6006931
vn 0.28518403 0.75199383 -0.5942855
vn 0.37868613 0.4755745 -0.7939935
vn 0.45323783 0.58058184 -0.6763875
vn 0.3094814 0.7941311 -0.5230459
vn 0.49787936 0.47190607 -0.72761303
vn 0.54740137 0.46639678 -0.69485664
vn 0.50173885 0.5859975 -0.6362901
vn 0.38221937 0.7373465 -0.55698156
vn 0.32068723 0.8276338 -0.46063215
vn 0.11717093 0.9804293 -0.158207
vn 0.37034243 0.66940236 -0.64400846
vn 0.5408654 0.821295 -0.18149148
vn 0.32241592 0.7466205 -0.5818984
vn 0.016570816 0.99946314 -0.028264502
vn 0.012488533 0.9997451 -0.018811706
vn 0.0060149515 0.9999447 -0.008637493
vn 0.15968162 0.9868932 -0.023314456
vn 0.0019481595 0.9999745 0.0068841293
vn 0.24134529 0.94269836 -0.23037443
vn 0.26207215 0.91840625 -0.2963919
vn 0.18258247 0.8086589 -0.5592266
vn 0.03796547 0.9882013 -0.1483803
vn -0.004698445 0.99994874 0.008969815
vn -0.0017780642 0.9999969 0.0017640161
vn -0.02931129 0.99952936 0.009048879
vn 0.18054372 0.9754005 -0.1264824
vn -0.009244132 0.9999523 0.0031734307
vn 0.1779009 0.97864574 -0.10297428
vn 0.006921555 0.9999659 -0.0045154914
vn 0.65174615 0.6621359 -0.3698687
vn 0.49801853 0.7918913 -0.35339195
vn 0.66311395 0.58776873 -0.46347353
vn 0.5491373 0.7852907 -0.28594875
vn 0.6335277 0.5886945 -0.5020771
vn 0.69298494 0.46412608 -0.55168736
vn 0.7322227 0.46489537 -0.49771708
vn 0.7958871 0.47023827 -0.38136548
vn 0.61980444 0.72809666 -0.29277578
vn 0.7751104 0.5923221 -0.219905
vn 0.6123296 0.7888413 -0.052744262
vn 0.84966505 0.46721536 -0.24449752
vn 0.65560526 0.7472024 -0.10895114
vn 0.79821396 0.58607537 -0.13917619
vn 0.87329775 0.4614701 -0.15619402
vn 0.8775775 0.4668353 -0.10919021
vn 0.8007125 0.59096694 -0.098068915
vn 0.5473744 0.8252225 -0.13924436
vn 0.20305887 0.9769299 -0.066143215
vn 0.58567876 0.80563134 -0.08909876
vn 0.46621665 0.863315 0.19320773
vn 0.21111114 0.97605705 -0.05239105
vn 0.029047681 0.99954385 -0.008256048
vn 0.022722008 0.999739 -0.0023595504
vn 0.038549535 0.999193 -0.011282212
vn 0.24505657 0.9687316 -0.038811818
vn 0.033665106 0.999368 -0.011412333
vn 0.121440575 0.99078935 0.059905786
vn 0.011665188 0.9996517 -0.023675703
vn 0.38177902 0.92316425 -0.044860017
vn 0.47593996 0.8794648 0.0047722333
vn 0.48792657 0.82704335 -0.279154
vn 0.00091887394 0.99999964 9.872327E-05
vn 0.007951385 0.9999684 8.082656E-05
vn 0.011180783 0.9995448 0.02802097
vn 0.14376852 0.98702747 -0.07146622
vn 0.029306162 0.9994708 0.014117807
vn 0.25209826 0.96680987 0.041535806
vn 0.03361923 0.9993979 0.008581896
vn 0.5932265 0.79957014 0.093647495
vn 0.79180837 0.6055339 0.07980106
vn 0.22649647 0.9723778 0.05639928
vn 0.024368882 0.9996917 0.004751089
vn 0.19408761 0.97967464 0.05067091
vn 0.018202804 0.99983394 -0.0007940145
vn 0.66680765 0.7346896 0.12489451
vn 0.5688423 0.8090661 0.14775093
vn 0.7715412 0.60112995 0.20824708
vn 0.6259758 0.7693186 0.12768458
vn 0.7957427 0.591647 0.1294112
vn 0.88447636 0.45685345 0.094797105
vn 0.87176996 0.46838745 0.14363278
vn 0.84072495 0.48275366 0.24521519
vn 0.61695987 0.73584634 0.27908894
vn 0.56188476 0.7578039 0.3316908
vn 0.6720958 0.582653 0.45694962
vn 0.60521805 0.69184864 0.3937722
vn 0.8007723 0.46996558 0.37134367
vn 0.7337633 0.46572638 0.49466178
vn 0.69639915 0.4657909 0.5459553
vn 0.6342103 0.59121525 0.49823886
vn 0.19367859 0.8323133 0.5193679
vn 0.50211716 0.797549 0.334356
vn 0.18689801 0.9743008 0.12572666
vn 0.19402672 0.9750115 0.108195186
vn -0.01165154 0.9999223 -0.004453317
vn 0.007137889 0.9999639 0.0046160226
vn -0.03399818 0.99937785 -0.009378476
vn 0.035933398 0.9916454 0.12388837
vn -0.009662604 0.99987507 -0.012510842
vn 0.1589672 0.98705184 0.021401623
vn 0.0015392973 0.9999988 -5.236332E-05
vn 0.22424094 0.95383286 0.19979703
vn 0.24545592 0.9359865 0.2523501
vn 0.51123244 0.83687395 0.19566122
vn 0.0012492166 0.9999968 0.0022048668
vn -0.0015967948 0.999997 -0.0018669713
vn 0.0012922896 0.99997926 0.0063117472
vn 0.012457365 0.9998135 0.014761209
vn 0.124228805 0.97822636 0.16625355
vn 0.021575805 0.9992987 0.030602396
vn 0.3446387 0.71472144 0.6086028
vn 0.023875674 0.99882716 0.042122327
vn 0.36115378 0.7078617 0.6070417
vn 0.31675294 0.83294356 0.45373175
vn 0.49749166 0.5909033 0.63508683
vn 0.45148653 0.58354884 0.67500424
vn 0.37996933 0.7505749 0.54061127
vn 0.5531274 0.44684407 0.70312184
vn 0.50014377 0.45246506 0.7383302
vn 0.3002403 0.81272346 0.4993359
vn 0.3803849 0.45775378 0.8035974
vn 0.2795813 0.75802666 0.58926207
vn 0.10613473 0.78095853 0.61549914
vn 0.25959313 0.46093583 0.84861624
vn 0.21679707 0.5898261 0.7778845
vn 0.14659208 0.46443343 0.8733913
vn 0.03478679 0.803426 0.59438753
vn 0.13393874 0.583103 0.80128103
vn 0.09768034 0.46483424 0.8799931
vn 0.08982475 0.5925032 0.8005445
vn 0.181056 0.7857981 0.5913884
vn 0.059642214 0.97288966 0.22344682
vn 0.090962395 0.79996264 0.5931152
vn 0.21420392 0.734473 0.64394575
vn -0.008826087 0.9999343 -0.007322488
vn -0.009816196 0.99943966 -0.031998787
vn 0.1007873 0.7889731 0.60610515
vn -0.26198888 0.813917 0.5185566
vn 0.038741663 0.97197443 0.23187236
vn -0.0010330322 0.99979097 -0.020420417
vn 0.002071003 0.99998903 -0.004195121
vn -0.08372131 0.9867389 0.13905813
vn -0.003429575 0.9999671 0.007347152
vn -0.007328717 0.94381714 0.3303868
vn -0.012919692 0.9184165 0.39540395
vn 0.25949138 0.8250872 0.50189173
vn 0.0656449 0.9897815 0.12658314
vn 0.0011350504 0.9999815 0.005978725
vn -0 1 0
vn 0.0030687721 0.99992526 -0.011839388
vn -0.049176347 0.971226 0.23302715
vn 0.005010721 0.9997197 -0.023141192
vn -0.1205392 0.78635794 0.60589725
vn -0.08651957 0.5967974 0.79771376
vn -0.028356614 0.9860518 0.16400559
vn 0.009901958 0.9995022 -0.02995776
vn 0.007962831 0.99996245 -0.0034392264
vn -0.22387807 0.7025283 0.67552394
vn -0.06928492 0.7916717 0.6070053
vn 0.07474757 0.9793497 0.18784843
vn -0.11957638 0.6154369 0.77906287
vn -0.097011484 0.46309763 0.88098204
vn -0.09701149 0.46309763 0.88098204
vn -0 -1 0
vn 0.004802733 -0.9979394 -0.063982785
vn 0.020673363 -0.9991486 -0.035702366
vn 0.0050851232 -0.99889296 0.04676678
vn 0.010827821 -0.9999075 0.008240105
vn -0.06044577 -0.99456656 -0.08475618
vn -0.009844501 -0.9999498 -0.0018500275
vn 0.07959448 -0.9936248 -0.0798409
vn 0.02747102 -0.99934644 0.023495179
vn 0.024070485 -0.9789257 -0.20279308
vn 0.0011114378 -0.99999535 -0.0028626076
vn -0.004987449 -0.99975735 0.021455454
vn 0.044014767 -0.9809379 -0.18927094
vn -0.011392338 -0.9992619 0.036686458
vn 0.39207602 -0.9109505 -0.1282405
vn 0.017605841 -0.99544084 -0.09374171
vn 0.13231616 -0.8745963 -0.46644804
vn -0.09969408 -0.99015594 -0.09824603
vn 0.20425235 -0.94228065 -0.26530778
vn -0.10233113 -0.9754944 -0.19477905
vn -0.045359246 -0.97825557 -0.20238224
vn 0.008496998 -0.9999186 0.009518701
vn 0.011486461 -0.982015 -0.18845305
vn 0.014192439 -0.9993556 0.032967594
vn 0.0075528147 -0.90855575 -0.41769525
vn -0.10783749 -0.6983162 -0.7076197
vn 0.4409172 -0.880465 -0.17427959
vn 0.36371908 -0.9298613 0.055375673
vn -0.1086827 -0.78706324 -0.6072229
vn 0.5716975 -0.820295 -0.01667724
vn 0.028148564 -0.99396247 -0.1060488
vn 0.022996899 -0.99935323 0.02764513
vn -0.10820877 -0.7548721 -0.646884
vn -0.10698787 -0.94694674 -0.30306023
vn -0.17573974 -0.8255088 -0.53633094
vn -0.14899135 -0.81698537 -0.5570786
vn -0.1614991 -0.70000243 -0.6956396
vn -0.1105282 -0.8331197 -0.5419364
vn -0.09557163 -0.8228577 -0.56015295
vn 0.35761163 -0.77791655 -0.51668143
vn 0.49021316 -0.853969 -0.17443627
vn 0.49617416 -0.86468095 -0.07834568
vn 0.03331267 -0.99752384 -0.06193813
vn -0.0009346459 -0.99359596 -0.11298739
vn -0.114492364 -0.98842376 -0.099548906
vn 0.10534454 -0.99317616 -0.050036002
vn -0.19518556 -0.9348451 -0.29659286
vn -0.039431527 -0.9992223 -8.440186E-05
vn -0.41513583 -0.88796276 -0.1979504
vn -0.087902114 -0.989981 -0.11050247
vn -0.41695392 -0.89924407 -0.1323236
vn -0.01803118 -0.7567553 -0.65344954
vn -0.3070965 -0.824135 -0.475913
vn -0.40314338 -0.5473175 -0.73342955
vn -0.31402913 -0.5423037 -0.77928966
vn 0.11897487 -0.7109174 -0.6931387
vn 0.1479239 -0.42439288 -0.89331365
vn 0.16626857 -0.7039715 -0.6904918
vn 0.20938975 -0.39438757 -0.8947706
vn 0.048843246 -0.9820526 -0.1821731
vn 0.20931642 -0.69852716 -0.6842853
vn 0.27410233 -0.38347965 -0.88193613
vn 0.06904039 -0.9800111 -0.18657891
vn 0.03713078 -0.99927384 -0.0085516935
vn 0.2324685 -0.6787189 -0.69663405
vn 0.2979725 -0.385271 -0.873372
vn -0.22684658 -0.39680627 -0.88942987
vn -0.33238226 -0.046755563 -0.9419851
vn -0.2975454 -0.20100401 -0.9333081
vn -0.21201928 -0.4186566 -0.88304836
vn -0.14020303 -0.42938954 -0.8921703
vn -0.15152183 -0.4260305 -0.89193
vn -0.026339086 -0.41114765 -0.9111882
vn -0.05354252 -0.4162493 -0.90767276
vn 0.077847295 -0.37010935 -0.9257207
vn 0.0012171294 -0.99985933 -0.01672782
vn 0.49617416 -0.86468095 -0.07834568
vn 0.35761163 -0.77791655 -0.51668143
vn -0.09557163 -0.8228577 -0.56015295
vn -0.1105282 -0.8331197 -0.5419364
vn 0.014569761 -0.9994217 0.030725565
vn -0.14899135 -0.81698537 -0.5570786
vn -0.17573974 -0.8255088 -0.53633094
vn -0.10698787 -0.94694674 -0.30306023
vn -0.0010855416 -0.99985206 -0.017166821
vn 0.0044960543 -0.9998969 -0.013640753
vn 0.87303305 -0.446091 0.19701812
vn 0.8847232 -0.42627883 0.18855058
vn 0.8674591 -0.45484835 0.20156296
vn 0.81835186 -0.44636372 0.36202163
vn 0.82953066 -0.45008758 0.3306055
vn 0.54456836 -0.4479012 0.7091049
vn 0.53150624 -0.48101562 0.6972267
vn 0.17327422 -0.42017126 0.89074814
vn 0.2664314 -0.4099396 0.8723324
vn 0.14947663 -0.4107896 0.8993935
vn 0.30512217 -0.22375318 0.9256538
vn 0.21236886 -0.41468886 0.88483477
vn 0.16313288 -0.38960364 0.9064197
vn 0.1754858 -0.331328 0.9270526
vn 0.16973881 -0.22434573 0.9596134
vn 0.43588707 -0.45652527 0.7756205
vn 0.33347422 0.02064448 0.94253314
vn 0.63758713 -0.50632155 0.5806212
vn 0.3393989 0.15906033 0.92709666
vn 0.2710123 0.06431598 0.96042484
vn 0.2014955 -0.4061728 0.89130414
vn 0.23994263 -0.31840903 0.91708416
vn 0.28257492 -0.18443947 0.94134665
vn 0.51540166 -0.1504525 0.84363806
vn 0.6132113 -0.5155771 0.59845823
vn 0.26311228 -0.19217446 0.94543153
vn 0.7913194 -0.2496952 0.5580913
vn 0.7558597 -0.33466 0.5627421
vn 0.5103231 -0.18492441 0.8398651
vn 0.19917291 -0.43093762 0.88012666
vn 0.22860496 -0.4566907 0.85975194
vn 0.27279052 -0.47152933 0.8385973
vn 0.6119998 -0.32028016 0.7231023
vn 0.28553194 -0.4297378 0.8566195
vn 0.25432244 -0.36995488 0.89356226
vn 0.2740502 -0.2688156 0.9233821
vn 0.013034056 0.5803495 0.8142631
vn 0.26268885 -0.4282 0.86466146
vn 0.2582988 -0.4177376 0.8710781
vn 0.2184156 -0.23648737 0.9467674
vn 0.10798186 0.09639085 0.98946893
vn 0.8847755 0.4261574 0.18857966
vn 0.87248695 0.44692484 0.19754651
vn 0.8666175 0.4561153 0.20231867
vn 0.81841964 0.4462119 0.3620556
vn 0.8034127 0.4450374 0.39556265
vn 0.5402102 0.43335474 0.7213714
vn 0.5802265 0.44223902 0.68393123
vn 0.2958047 0.42743966 0.8542803
vn 0.2973495 0.29191104 0.90904963
vn 0.41517597 0.40829167 0.812974
vn 0.1608426 0.4050759 0.9000239
vn 0.37948817 0.1544423 0.912215
vn 0.12616165 0.34332737 0.93070376
vn 0.18915923 0.2825898 0.9404051
vn 0.2775322 0.3785579 0.88298917
vn 0.2617594 0.32105243 0.9101689
vn 0.88172424 -0.26971504 -0.3870609
vn 0.87756455 -0.27492315 -0.3928073
vn 0.8816813 -0.2692452 -0.38748568
vn 0.8534838 -0.28782848 -0.43441927
vn 0.84721 -0.29838988 -0.43954393
vn 0.75439227 -0.31983927 -0.5732323
vn 0.39078438 -0.15587577 0.9071881
vn 0.38558006 -0.16510893 0.90778136
vn 0.3948545 -0.14858755 0.90664864
vn 0.38169762 -0.17193529 0.90815485
vn 0.92022425 -0.035861537 -0.38974512
vn 0.92046076 -0.03690092 -0.3890891
vn 0.9196079 -0.033181738 -0.3914335
vn 0.92095184 -0.039079547 -0.3877119
vn -0.30549824 -0.03486569 0.9515541
vn -0.34110874 -0.05915041 0.938161
vn -0.34390324 0.0024547004 0.93900186
vn -0.07520003 -0.4602008 0.88462436
vn -0.06506778 -0.62333906 0.7792398
vn -0.13309698 -0.41746315 0.8988937
vn 0.0041798516 -0.7692585 0.63892394
vn 0.09494098 -0.75867844 0.64451015
vn -0.2656414 -0.48255026 0.8346136
vn -0.25403017 -0.47957522 0.8399263
vn -0.16381109 -0.4220165 0.8916659
vn -0.1300414 -0.4280774 0.8943372
vn -0.10667721 -0.32820937 0.938562
vn -0.085255705 -0.3252824 0.9417657
vn -0.09671805 -0.43352923 0.8959341
vn -0.031149058 -0.15373877 0.9876204
vn -0.05280906 0.007400545 0.99857724
vn 0.020281978 0.18683612 0.9821816
vn 0.49801427 -0.8225628 0.27454007
vn 0.6586588 0.00873381 0.75239104
vn 0.90831816 0.18974313 0.37276745
vn 0.6097153 -0.50253797 0.6129462
vn -0.043363404 0 0.9990594
vn 0.0020259856 -0.99310243 0.11723209
vn 0.03897301 -0.99760854 0.057080813
vn -0.00069589063 -0.6088125 0.7933138
vn -0.59137833 -0.55530804 0.5847263
vn -0.6936027 0 0.7203578
vn -0.34560308 -0.09147571 0.9339115
vn -0.4039418 -0.79086494 0.4597431
vn 0.13515799 -0.85211176 0.5056064
vn 0.5209094 -0.8081852 0.27475452
vn 0.4008122 -0.6972316 0.59432125
vn 0.5504804 -0.7936415 0.25904527
vn -0.1150785 -0.6867869 0.7176912
vn -0.08697508 -0.82761836 0.5545117
vn -0.027947107 -0.977725 0.2080213
vn -0.11538459 -0.79141486 0.60029066
vn -0.12927982 -0.883431 0.45037347
vn -0.03941851 -0.9795925 0.19709048
vn -0.07766028 -0.84796727 0.5243285
vn 0.24224071 -0.8533348 0.4616699
vn -0.03893015 -0.97134495 0.23446421
vn 0.2718917 -0.7358856 0.6201188
vn 0.8273635 -0.56134194 -0.019098753
vn 0.34635612 -0.9366284 -0.052581113
vn 0.008381788 -0.99964774 -0.025184639
vn -0.009225349 -0.9998783 0.01258586
vn 0.004894001 -0.99998796 -0.0005290828
vn 0.012144339 -0.9999231 -0.002504894
vn 0.0024260613 -0.999997 -0.00018248871
vn -0.073542684 -0.99429494 0.07725899
vn -0.01641463 -0.9998636 -0.0018063848
vn -0 -1 0
vn -0.043180723 -0.99808854 -0.044211328
vn 0.04574533 -0.9738371 0.22259565
vn 0.056279805 -0.99347705 0.09917711
vn -0.21996298 -0.9411784 0.2565143
vn 0.038628414 -0.9776634 0.2065967
vn -0.008014259 -0.9999465 0.0065436186
vn -0.16306363 -0.97931916 0.11976767
vn -0.34801692 -0.8579395 0.37792066
vn -0.3820287 -0.69815785 0.6054996
vn -0.24062002 -0.43897486 0.8656807
vn -0.41937357 -0.5623522 0.71266115
vn -0.046125747 -0.80020505 0.59795004
vn 0.11827048 -0.7307875 0.67228097
vn 0.14538871 -0.44533455 0.88348126
vn 0.21364433 -0.4221776 0.880978
vn 0.1580215 -0.71497035 0.68106276
vn 0.26371932 -0.42248917 0.86715335
vn 0.064970806 -0.9814833 0.18019253
vn 0.01021487 -0.99962866 0.025261404
vn 0.20218903 -0.73608387 0.6459878
vn 0.28087503 -0.42864683 0.85870314
vn 0.22131385 -0.6863336 0.6927961
vn 0.07510857 -0.97683734 0.20036872
vn 0.014409816 -0.9998827 -0.0051891855
vn -0.0020644472 -0.9991966 0.040023334
vn 0.4008122 -0.6972316 0.59432125
vn 0.5504804 -0.7936415 0.25904527
vn -0.08697508 -0.82761836 0.5545117
vn -0.12927982 -0.883431 0.45037347
vn 0.0006125881 -0.99999166 -0.0040499074
vn -0.03941851 -0.9795925 0.19709048
vn 0.008273529 -0.99974185 -0.021162877
vn 0.014341956 -0.9995908 -0.02474883
vn 0.8704954 -0.44871297 -0.20222375
vn 0.8616966 -0.46221355 -0.2093744
vn 0.8886011 -0.41463012 -0.19613765
vn 0.77770454 -0.45513916 -0.43361723
vn 0.8100844 -0.43079597 -0.39771608
vn 0.5170892 -0.44394866 -0.731798
vn 0.3628822 -0.45649147 -0.81236196
vn 0.24214311 -0.41047037 -0.8791363
vn 0.17358583 -0.42383727 -0.8889488
vn 0.17736143 -0.42623556 -0.88705486
vn 0.19611448 -0.42752594 -0.8824742
vn 0.26882884 -0.42444313 -0.86462647
vn 0.24826105 -0.42590132 -0.87004286
vn 0.4608901 -0.5153833 -0.72246814
vn 0.53788584 -0.5309437 -0.65481114
vn 0.8084347 -0.588464 0.011977309
vn 0.286242 -0.42272878 -0.8598638
vn 0.23535742 -0.44665214 -0.86319685
vn 0.48783517 -0.44456664 -0.75125057
vn 0.33229056 -0.65380186 -0.6797986
vn 0.66531837 -0.70213556 -0.2536871
vn 0.45926782 -0.6453431 -0.6104141
vn 0.5230952 -0.8052506 -0.27918267
vn 0.687987 -0.64702666 -0.32867983
vn 0.5758207 -0.54545695 -0.6090215
vn 0.6502305 -0.5335905 -0.5408154
vn 0.7914534 -0.55776644 -0.2499962
vn 0.8887643 0.41507652 -0.19444701
vn 0.87059015 0.44809872 -0.2031757
vn 0.8764922 0.4387271 -0.1981917
vn 0.7768619 0.43071926 -0.4593109
vn 0.767794 0.42316946 -0.4810613
vn 0.38986516 0.42204115 -0.8184658
vn 0.37936926 0.41485643 -0.8270267
vn 0.1899998 0.42166516 -0.8866221
vn 0.19160163 0.42230946 -0.8859704
vn 0.25172538 0.42877612 -0.8676321
vn 0.2658012 0.427958 -0.8638296
vn 0.3134268 0.42571378 -0.84884125
vn 0.29449123 0.41520602 -0.8607432
vn 0.6439303 0.42448598 -0.63652605
vn 0.89450425 0.3503279 -0.2777275
vn 0.37427297 -0.04379759 -0.9262837
vn 0.37054077 -0.052619938 -0.9273245
vn 0.3682321 -0.05803458 -0.9279209
vn 0.3770453 -0.037187736 -0.92544794
vn 0.9301871 -0.018459668 0.36662138
vn 0.9298343 -0.019607417 0.36745575
vn 0.93098915 -0.015825516 0.36470357
vn 0.92898405 -0.022347217 0.36944443
vn -0.0031328388 0.9999813 -0.005269412
vn 0.018706355 0.99974114 -0.012948337
vn 0.049896043 0.9987417 -0.0050546764
vn 0.000101982085 0.99986935 -0.016164007
vn -0.02021101 0.99971837 -0.012434344
vn -0.05632411 0.99840766 -0.0031328322
vn 0.83558744 -0.33475524 -0.43558303
vn 0.82733446 -0.41541272 -0.37808734
vn 0.7129107 -0.50185233 -0.48979837
vn 0.8984616 -0.21255264 -0.384172
vn 0.8167251 -0.4680561 -0.3374663
vn 0.85955757 0.36587435 -0.35678664
vn 0.8589423 0.36514208 -0.35901192
vn 0.8623079 0.3577108 -0.35842445
vn 0.8512368 0.3710881 -0.3710652
vn 0.847306 0.38358134 -0.3673391
vn 0.84991753 0.36372012 -0.38124493
vn -0 0 1
vn -0 0 1
vn -0 0 1
vn -0 0 1
vn -0 -0.0074594254 -0.9999722
vn -0 0.0009033969 -0.99999964
vn -0 0.0009120997 -0.99999964
vn -0 0.010304512 -0.99994695
vn 0.0020593042 0.999131 0.04162926
vn 0.111613095 0.9927857 0.043806355
vn 0.19181 0.9811507 0.023498263
vn -0.0166989 0.9997775 0.012886702
vn -0.2269598 0.9737316 0.018333353
vn -0.10839863 0.9931191 0.04431904
vn 0.89237034 -0.2499575 0.37576106
vn 0.8479185 -0.37154144 0.37814176
vn 0.8563297 -0.3779627 0.3519143
vn 0.83127904 -0.36471948 0.41946968
vn 0.7156336 -0.5202318 0.46607667
vn 0.8251529 0.41863352 0.3793002
vn 0.81321424 0.44081655 0.379952
vn 0.8152279 0.4257989 0.3925542
vn 0.8581354 0.36538962 0.36068547
vn 0.86069286 0.3660936 0.3538124
vn 0.8681958 0.3429877 0.35860237
vn -0 0 -1
vn -0 0 -1
vn -0 0 -1
vn -0 0 -1
vn -0 0 1
vn -0 0 1
vn -0 0 1
vn -0 0 1
vn 0.15810981 -0.98209953 -0.102380395
vn 0.5602897 -0.7503518 -0.3507814
vn 0.18536703 -0.9771243 -0.10424634
vn 0.5283514 -0.77584684 -0.34482834
vn 0.4952287 -0.7623102 -0.4166914
vn 0.06325966 -0.99344915 -0.09516782
vn 0.076006174 -0.9943098 -0.074640036
vn 0.5170739 -0.72619396 -0.45307484
vn 0.08570302 -0.9948205 -0.05465454
vn 0.25065473 -0.9463686 -0.20385963
vn 0.026503326 -0.99915314 0.03147371
vn 0.46874982 -0.6592258 -0.5879583
vn 0.6326645 -0.20568891 -0.74661076
vn 0.55042756 -0.30565542 -0.7769197
vn 0.5155233 -0.3402999 -0.78640425
vn 0.014052777 -0.99977046 -0.016175741
vn -0.0010605208 -0.9999995 -9.481765E-06
vn -0.0019223117 -0.9999981 0.00032704743
vn -0.0023463767 -0.999997 0.0007477635
vn 0.006614749 -0.99991 -0.011671357
vn 0.10960659 -0.97960883 -0.16838345
vn 0.39447027 -0.6969771 -0.5988456
vn 0.35821325 -0.6671643 -0.6531272
vn 0.39946234 -0.28696722 -0.8706777
vn 0.09704975 -0.9804063 -0.17141995
vn 0.0021911846 -0.9999931 -0.002995587
vn 0.22921564 -0.29316223 -0.9281789
vn 0.35837802 -0.5451556 -0.7578724
vn 0.35504487 -0.59140486 -0.72400504
vn -0.40786391 -0.41614255 0.8126945
vn -0.4292738 -0.45723242 0.7788854
vn -0.48599836 -0.41043824 0.7715867
vn -0.48549426 -0.40686914 0.77379113
vn -0.3934268 -0.40679285 0.8244604
vn -0.35698524 -0.4380096 0.825051
vn -0.22570018 -0.44357947 0.8673504
vn -0.273204 -0.4032288 0.8733648
vn 0.1563583 -0.46162063 0.87318873
vn 0.252672 -0.44892365 0.85710233
vn 0.42306936 -0.42970434 0.79772586
vn 0.41989258 -0.41476455 0.80725497
vn 0.42655456 -0.4086506 0.80688035
vn -0.30152446 -0.40261632 0.86428183
vn -0.25164446 -0.4241546 0.86992407
vn -0.2484698 -0.42271647 0.87153506
vn -0.20471093 -0.40742052 0.8900012
vn -0.18600182 -0.39872664 0.8980092
vn -0.1490753 -0.41530058 0.8973862
vn -0.28949374 -0.42405716 0.8581195
vn -0.23743424 -0.4370159 0.8675494
vn -0.58354783 -0.4529282 0.6740385
vn -0.52042395 -0.4499411 0.72574925
vn -0.7964344 -0.44364053 0.4109444
vn -0.8263923 -0.4465218 0.3430657
vn -0.882648 -0.4284673 0.1932568
vn -0.86688817 -0.45607692 0.2012431
vn -0.85935533 -0.46752948 0.20718253
vn -0.7580698 -0.4229335 0.49644485
vn -0.79455316 -0.38042304 0.47324786
vn -0.82238656 -0.39695728 0.40756014
vn -0.7651506 -0.41757643 0.490076
vn -0.834983 -0.39100635 0.38719186
vn -0.8359498 -0.43198362 0.33849388
vn -0.83963084 -0.4493077 0.3051929
vn -0.8717424 -0.44694293 -0.20076671
vn -0.89234656 -0.43039092 -0.135946
vn -0.80245423 -0.41837713 -0.42547363
vn -0.8153043 -0.40917024 -0.4097054
vn -0.8153251 -0.40959165 -0.4092428
vn -0.8781264 -0.40807593 0.2497359
vn -0.85486096 -0.41651756 0.30939597
vn -0.87895125 -0.41033196 0.24304788
vn -0.8392324 -0.43877974 0.32118717
vn -0.8906644 -0.41822523 0.17833821
vn -0.8875126 -0.42292643 0.18290558
vn -0.74828464 -0.4420181 0.4946617
vn -0.7821877 -0.4553162 0.42528754
vn -0.35765666 -0.42679214 0.8306204
vn -0.41479763 -0.4613726 0.7842692
vn -0.17159209 -0.41332635 0.8942693
vn -0.18791406 -0.4047894 0.89489317
vn -0.18801121 -0.40496996 0.89479107
vn -0.3657207 -0.9298883 0.039447352
vn -0.36349934 -0.9311666 0.028230703
vn -0.36504617 -0.9305774 0.027694926
vn -0.35974205 -0.9322706 0.038174614
vn -0.40955985 -0.91006464 0.06358539
vn -0.42542693 -0.90262806 0.065379545
vn -0.25437388 -0.9664174 0.03648905
vn -0.22441407 -0.973854 0.035308976
vn -0.085414 -0.9959616 0.027657839
vn -0.12059316 -0.9892797 0.08235937
vn -0.21386924 -0.96932673 0.121101655
vn -0.22460622 -0.9670544 0.11982451
vn -0.24543275 -0.95454735 0.16912156
vn -0.25221604 -0.9516272 0.17547849
vn -0.315765 -0.910696 0.26631758
vn -0.31613854 -0.911491 0.26313597
vn -0.29598507 -0.92855257 0.22401533
vn -0.28363886 -0.93784636 0.19998315
vn 0.84574646 -0.39980516 0.35336784
vn 0.849203 -0.3916266 0.35423556
vn 0.8603413 -0.37376314 0.34657457
vn 0.85004485 -0.399439 0.34332547
vn 0.85701466 -0.3914515 0.3350995
vn 0.83635235 -0.45109978 0.3114866
vn 0.86461395 -0.39085397 0.3157148
vn 0.84899527 -0.34615752 0.3992268
vn 0.31589293 -0.1597978 -0.93524134
vn 0.22752991 -0.40172666 -0.8870433
vn 0.31301132 -0.38258988 -0.8692807
vn 0.24547179 -0.44263747 -0.86244744
vn 0.17054681 -0.426205 -0.8884047
vn 0.16969861 -0.42636254 -0.8884916
vn -0.31402913 -0.5423037 -0.77928966
vn 0.08010024 -0.4240906 -0.9020705
vn -0.071887664 -0.3885139 -0.91863436
vn 0.3931414 -0.47636715 -0.78645676
vn 0.40771905 -0.46623734 -0.78510374
vn 0.49218896 -0.4648054 -0.7360068
vn 0.4956407 -0.4649047 -0.73362386
vn 0.55482084 -0.46404478 -0.6905334
vn 0.5525554 -0.4643046 -0.6921733
vn 0.5743142 -0.46163416 -0.67606
vn -0.30638823 -0.50489104 -0.8069766
vn -0.24328464 -0.7010933 -0.67028403
vn -0.19731678 -0.8653518 -0.4606869
vn -0.31355733 -0.39585045 -0.8631246
vn -0.32754365 -0.3575183 -0.87458324
vn -0.34874132 -0.40399462 -0.845676
vn -0.3520153 -0.37063578 -0.8594849
vn -0.35791892 -0.35754195 -0.8625878
vn -0.35892007 -0.34589627 -0.86690956
vn -0.8262517 -0.42126578 -0.3739563
vn -0.81335807 -0.47448936 -0.33661342
vn -0.8937884 -0.23468521 -0.38218483
vn -0.69216293 -0.17900956 -0.69918954
vn -0.7319706 -0.48759758 -0.47588608
vn -0.81241816 0.41585672 -0.40870523
vn -0.81047153 0.42020005 -0.4081272
vn -0.88957906 0.43496975 -0.13946462
vn -0.802881 0.41792613 -0.42511156
vn -0.8800042 0.44014516 -0.17850673
vn -0.8504317 0.41701305 0.32072744
vn -0.8373452 0.42172146 0.34785616
vn -0.7743242 0.4067935 0.4847072
vn -0.76937973 0.41618103 0.48461136
vn -0.8169952 0.40009612 0.41526115
vn -0.8151044 0.3395859 0.4693465
vn -0.82341176 0.4148012 0.3872117
vn -0.85538864 0.4166543 0.3077493
vn -0.8756325 0.4055013 0.26236683
vn -0.8842384 0.41815072 0.20802025
vn -0.8580272 0.4278417 0.28414902
vn -0.8924571 0.4171954 0.17166314
vn -0.8913126 0.42910004 0.14640668
vn -0.8206023 0.43136552 0.37488082
vn -0.7501002 0.46552196 0.46972242
vn -0.46120536 0.44377366 0.76834536
vn -0.34197664 0.4553217 0.82203054
vn -0.18549183 0.43376794 0.8817246
vn -0.18634328 0.41416773 0.89092153
vn -0.18753207 0.4061959 0.8943358
vn 0.38146287 0.39537296 0.8355634
vn 0.34351084 0.3854867 0.856388
vn 0.35404888 0.36713418 0.8601523
vn 0.37717342 0.41669136 0.82710856
vn 0.32392433 0.3764062 0.8679812
vn 0.39735004 0.3904255 0.8304702
vn 0.8526983 0.38709468 0.3508037
vn 0.8579694 0.37840372 0.34741777
vn 0.853071 0.39071825 0.34584555
vn 0.8550205 0.38158262 0.35119018
vn 0.863531 0.37236682 0.34008387
vn 0.8667416 0.36661512 0.33816022
vn -0.8465761 0.38754216 -0.36485627
vn -0.8471043 0.3836925 -0.36768782
vn -0.84966815 0.38112867 -0.36442423
vn -0.8574681 0.3684974 -0.35910735
vn -0.85916245 0.3660533 -0.357554
vn -0.8601294 0.36320868 -0.35812974
vn -0.0611362 -0.8370297 -0.5437312
vn 0.00279382 -0.9997156 -0.023679974
vn -0.012299971 -0.99986327 0.011057869
vn 0.0039682505 -0.9995616 -0.029338833
vn 0.0063207056 -0.9998342 -0.01708033
vn 0.006180685 -0.9998673 -0.015071492
vn 0.0065923757 -0.99988496 -0.013664512
vn 0.0055342577 -0.9992607 -0.038044646
vn 0.0035151488 -0.99981695 -0.018807778
vn 0.0030937102 -0.9999037 -0.0135288
vn -0.08538411 -0.09124238 -0.99216145
vn -0.69216293 -0.17900956 -0.69918954
vn -0.0611362 -0.8370297 -0.5437312
vn -0.5608339 -0.10286249 -0.8215137
vn -0.6803446 -0.0073217624 -0.7328558
vn -0.6457164 -0.002277097 -0.76357394
vn 0.06700657 0.002884935 -0.9977483
vn 0.0058589643 -0.0030648771 -0.9999782
vn 0.6780745 -0.0067448067 -0.7349623
vn 0.6764275 -0.0021295594 -0.73650616
vn 0.6393928 -0.32462123 -0.6969921
vn 0.4688051 -0.33690348 -0.81652784
vn -0.027716663 -0.16643701 -0.9856624
vn -0.07957182 -0.007838519 -0.99679834
vn -0.71784455 -0.0010433212 0.6962026
vn -0.7188882 -0.025343178 0.6946636
vn -0.7176949 0.0017944963 0.69635546
vn -0.71614766 0.026476398 0.69744635
vn 0.67787 -0.4616691 -0.57214844
vn 0.68783724 -0.46694753 -0.5557336
vn 0.6902707 -0.46252987 -0.5564103
vn 0.7359086 -0.46064845 -0.49622715
vn 0.7413644 -0.45741478 -0.49107084
vn 0.78928167 -0.4606117 -0.40604338
vn 0.7911423 -0.47238386 -0.3885195
vn 0.8189373 -0.47811922 -0.31740153
vn 0.8482212 -0.47020784 -0.24377337
vn 0.85694754 -0.4600284 -0.23241079
vn 0.87366444 -0.46111777 -0.15517989
vn 0.873415 -0.4629066 -0.15120754
vn 0.8826349 -0.46105012 -0.091587655
vn 0.8811051 -0.46374837 -0.092688955
vn 0.88601935 -0.45803633 -0.07191971
vn 0.735467 0 -0.67756057
vn 0.73542905 0 -0.6776018
vn 0.8127977 0 -0.582546
vn 0.62874967 0 -0.7776077
vn -0.9998964 -7.143998E-05 0.014392614
vn -0.9979506 0.06235708 0.014364607
vn -0.9998964 -6.947074E-05 0.014392613
vn -0.9979371 -0.06257275 0.014364411
vn -0.8730237 0.44599962 0.19726644
vn -0.88293105 0.42659834 0.19607785
vn -0.86836696 0.45332664 0.2010817
vn -0.8274507 0.44106367 0.34754616
vn -0.813343 0.43792734 0.383005
vn -0.5889751 0.44918016 0.67182255
vn -0.6029918 0.44139135 0.6645108
vn -0.30084053 0.4308647 0.850794
vn -0.28660786 0.4226725 0.85976964
vn -0.17629486 0.40920106 0.89525115
vn -0.19970313 0.40734285 0.89117366
vn -0.22691026 0.420637 0.87839407
vn -0.2630825 0.41368327 0.8715812
vn -0.29586658 0.4099507 0.8627881
vn -0.2488279 0.42842093 0.8686426
vn -0.40644175 0.41848096 0.81220615
vn -0.39427426 0.40776238 0.8235762
vn -0.48600465 0.4119841 0.77075845
vn -0.48622444 0.41589418 0.7685166
vn -0.43257782 0.45835716 0.7763924
vn -0.34396756 0.42602974 0.83677065
vn -0.31200847 0.42556947 0.8494359
vn 0.14538255 0.443444 0.8844328
vn 0.18171309 0.44778726 0.87548095
vn 0.42292434 0.43012202 0.7975776
vn 0.41595995 0.38860354 0.82217073
vn 0.4181217 0.3695258 0.8298343
vn 0.36439395 -0.41309544 0.83460724
vn 0.35485145 -0.3634981 0.8613649
vn 0.34224153 -0.38154542 0.8586582
vn 0.37321785 -0.44783258 0.81249887
vn 0.32092196 -0.37042817 0.87166053
vn 0.28187788 -0.65451986 0.701533
vn 0.3447355 -0.40339604 0.84760195
vn 0.3516783 -0.5441881 0.7616966
vn 0.20644303 -0.7914563 0.5753071
vn 0.87777513 0.31016114 0.36511758
vn 0.9002525 0.24584581 0.3593121
vn 0.87800664 0.3128041 0.36229533
vn 0.89714843 0.27307567 0.34720936
vn 0.9201932 0.209323 0.33079967
vn 0.9208708 0.111336276 0.37363258
vn -0.019370664 0.99975234 0.010955533
vn -0.019370664 0.99975234 0.010955531
vn -0.019370664 0.99975234 0.010955531
vn -0.019370666 0.99975234 0.010955531
vn -0.9000774 0.21130279 -0.38106668
vn -0.8934766 0.25032577 -0.37287617
vn -0.91683394 0.15998287 -0.3658156
vn -0.8968073 0.24787141 -0.36646488
vn -0.87218463 0.30888072 -0.3793239
vn -0.83158517 0.36251026 -0.42077592
vn 1 0 3.9245933E-05
vn 0.9989029 0 0.04682937
vn 1 0 4.066098E-05
vn 0.99893636 0 -0.046110466
vn -0.18094216 0.36000517 -0.91523564
vn -0.36499524 0.19937772 -0.9094102
vn -0.33142835 0.24127695 -0.9121078
vn -0.39660516 0.16714475 -0.90264446
vn -0.38331288 0.15136053 -0.91113186
vn 0.35647693 0.15867132 0.92073214
vn 0.37740123 0.17905213 0.9085751
vn 0.37854528 0.18732797 0.90642804
vn 0.38274112 0.19331977 0.90340286
vn 0.37423554 0.20260252 0.904931
vn 0.007937393 0.99992406 0.009423269
vn 0.007937393 0.99992406 0.009423269
vn 0.007937392 0.99992406 0.009423269
vn 0.007937394 0.99992406 0.00942327
vn 0.0025436704 -0.9999927 -0.0028387753
vn 0.014856576 -0.9998871 -0.002226927
vn 0.0034027465 -0.99998 -0.005348161
vn -0.0030984082 -0.9999745 -0.0064423187
vn -0.006058925 -0.99991655 -0.011409591
vn 0.90993077 -0.18594398 0.37074354
vn 0.9082826 -0.18502368 0.37521863
vn 0.90926373 -0.19553408 0.36743155
vn 0.9068974 -0.16485143 0.3877642
vn 0.91387814 -0.18834071 0.359659
vn -0.8925501 -0.24483193 -0.3786972
vn -0.86801857 -0.26790565 -0.4180554
vn -0.92392164 -0.24129401 -0.296894
vn -0.8876981 -0.23995493 -0.39295498
vn -0.8927967 -0.23331326 -0.3853296
vn -0.8929163 -0.23409599 -0.38457707
vn -0.39064887 -0.0775804 0.9172648
vn -0.3977272 -0.056860883 0.91574013
vn -0.367743 -0.14095238 0.9191831
vn -0.36089572 -0.15893023 0.9189643
vn -0.9148956 -0.056464627 -0.39972222
vn -0.9191086 -0.11467433 -0.37694716
vn -0.91930634 -0.04520685 -0.39093736
vn -0.9155043 -0.019351264 -0.40184247
vn -0.9247282 -0.03886434 -0.3786389
vn 0.36896744 -0.19080213 0.90964687
vn 0.36409068 -0.19216616 0.9113233
vn 0.3667232 -0.18931551 0.91086423
vn 0.37187138 -0.1915193 0.90831274
vn 0.38062242 -0.20038237 0.9027588
vn -0.3650544 -0.26518306 -0.89241993
vn -0.38723567 -0.2363953 -0.8911598
vn -0.3777899 -0.24877396 -0.8918443
vn -0.3446016 -0.2908873 -0.89254373
vn -0.0027621556 -0.9996258 0.02721362
vn -0.0029960703 -0.9996119 0.02769625
vn 7.961167E-06 -0.9997689 0.021497635
vn -0.0058229747 -0.99942076 0.033528443
vn -0.35979068 0.33965895 -0.8690123
vn -0.3585974 0.35407516 -0.8637353
vn -0.35106528 0.372629 -0.8590116
vn -0.34812817 0.37420404 -0.859522
vn -0.34165236 0.37427318 -0.86208653
vn -0.34287363 0.37796563 -0.85998815
vn -0.17325749 -0.95633125 -0.23539849
vn -0.0569256 -0.9983719 -0.0036310956
vn -0.16492419 -0.9615959 -0.21939296
vn -0.061013676 -0.9981281 -0.0042078006
vn 0.19971107 -0.9228424 0.3293591
vn 0.19416909 -0.9232708 0.33146524
vn 0.13863882 -0.9525303 0.27104485
vn 0.1060681 -0.9638888 0.24427003
vn -0.49513355 -0.43095472 -0.7544009
vn -0.45160377 -0.41408834 -0.7903068
vn -0.40849856 -0.41717118 -0.8118479
vn -0.48463762 -0.42271405 -0.7657932
vn -0.391023 -0.4176295 -0.8201747
vn -0.29568565 -0.4096732 -0.8629819
vn -0.2918225 -0.4260459 -0.85634375
vn -0.28123054 -0.43333972 -0.85622776
vn -0.30475697 -0.43443316 -0.84757954
vn -0.20204881 -0.40764308 -0.8905074
vn -0.1794548 -0.4035648 -0.8971797
vn -0.1298805 -0.42993155 -0.8934707
vn -0.43681103 -0.46693134 -0.76887655
vn -0.35355058 -0.4462466 -0.8221107
vn -0.76621985 -0.44090998 -0.46744567
vn -0.81153417 -0.4491777 -0.37369996
vn -0.88747483 -0.41954687 -0.19070661
vn -0.8681155 -0.45255792 -0.20387924
vn -0.8585284 -0.46707967 -0.21157868
vn -0.31858322 -0.43198043 0.84374034
vn -0.3896754 -0.3770563 0.8402272
vn -0.4225555 -0.35007963 0.8359971
vn -0.3277975 -0.40150768 0.8551844
vn -0.32910904 -0.36308634 0.87169695
vn -0.24519448 -0.7158619 0.65377474
vn -0.5027142 -0.2385606 0.8308835
vn -0.16965732 -0.84956276 0.49945915
vn -0.40427464 -0.36846206 0.8371366
vn 0.8514019 -0.3887302 -0.35214135
vn 0.834246 -0.45054197 -0.3178766
vn 0.8514652 -0.38961956 -0.35100386
vn 0.8569074 -0.3851446 -0.34259766
vn 0.8678255 -0.37544963 -0.3254482
vn 0.68897235 -0.6683989 -0.28028518
vn 0.8651703 -0.36162862 -0.34742638
vn 0.6987558 -0.6680857 -0.2557377
vn 0.5202686 -0.822642 -0.22930467
vn 0.5556095 -0.4548073 0.6960233
vn 0.49757013 -0.46112114 0.73470485
vn 0.5556096 -0.45480725 0.6960232
vn 0.4981386 -0.46107128 0.73435086
vn 0.3934888 -0.48621354 0.7802326
vn 0.4297939 -0.46678343 0.77291036
vn 0.33829924 -0.2584543 0.9048507
vn 0.23011035 -0.44877356 0.8635112
vn 0.2090783 -0.38037023 0.9008911
vn 0.33485836 0.26430637 0.9044402
vn 0.15548131 -0.42364797 0.89238334
vn 0.15048914 -0.4251534 0.8925232
vn -0.24062002 -0.43897486 0.8656807
vn 0.08467863 -0.42533964 0.9010637
vn -0.34560308 -0.09147571 0.9339115
vn -0.4039418 -0.79086494 0.4597431
vn -0.3820287 -0.69815785 0.6054996
vn -0.8468008 -0.33100367 0.41637117
vn -0.8272177 -0.36592323 0.42639297
vn -0.90046155 -0.22546081 0.3719359
vn -0.80271566 -0.40064543 0.44173616
vn -0.69537914 -0.5352526 0.4795338
vn -0.8630145 0.45560232 0.21824889
vn -0.8252103 0.37674737 0.4208199
vn -0.8164226 0.39376226 0.42238078
vn -0.8528153 0.43835634 0.28381303
vn -0.8056929 0.3773788 0.45655677
vn -0.8932012 0.44858864 0.030981721
vn -0.84731907 0.4518815 -0.27902249
vn -0.8505649 0.440137 -0.28778237
vn -0.7680249 0.42295125 -0.48088443
vn -0.7624533 0.43015406 -0.4833555
vn -0.81179726 0.41664347 -0.4091374
vn -0.7909085 0.40963122 -0.45460537
vn -0.8110744 0.4161796 -0.41103882
vn -0.98135054 0.16543397 -0.09789187
vn -0.8658495 0.3857115 -0.3186398
vn -0.9214344 0.3287585 -0.20706636
vn 0.6112161 -0.7475786 0.25988662
vn -0.9335125 -0.14056042 -0.32984385
vn -0.9779057 0.054860123 -0.2017196
vn -0.7993004 0.26314703 -0.54025215
vn -0.5106688 0.62832516 -0.5868771
vn -0.7259548 0.55145925 -0.41095287
vn -0.8610532 0.40259597 -0.3106507
vn -0.79005975 0.45826814 -0.40718055
vn -0.8773786 0.41876554 -0.23418416
vn -0.88634235 0.3961044 -0.23978882
vn -0.9244944 0.27190652 -0.26716474
vn -0.8931179 0.41585076 -0.17148945
vn -0.89311296 0.4158295 -0.1715666
vn -0.77720934 0.44119996 -0.4486514
vn -0.78831327 0.44594833 -0.42390108
vn -0.39138988 0.42874375 -0.8142436
vn -0.42211327 0.44374222 -0.7905145
vn -0.18161687 0.40919462 -0.89418966
vn -0.19737971 0.4200041 -0.8857978
vn -0.200861 0.42668578 -0.88181293
vn 0.35901085 0.33204406 -0.87227166
vn 0.36393717 0.3699194 -0.8548153
vn 0.35540026 0.4200962 -0.834991
vn 0.3733834 0.4149816 -0.8296838
vn 0.3578541 0.37579125 -0.8548224
vn 0.33732593 0.46499717 -0.8185285
vn 0.8607518 0.3637918 -0.35603628
vn 0.8601776 0.37182188 -0.34906033
vn 0.8634711 0.35666096 -0.35666606
vn 0.86165434 0.37214682 -0.34504882
vn 0.8650947 0.37116167 -0.337417
vn 0.863747 0.3734924 -0.33829665
vn 0.42058834 0.40939778 -0.8096289
vn 0.24739355 0.4289994 -0.86876696
vn 0.51746196 0.2721424 -0.81127787
vn 0.1479513 0.4666582 -0.8719751
vn 0.4107803 0.41450128 -0.8120642
vn -0.05726435 0.45257932 -0.88988364
vn -0.34641767 0.45075196 -0.8226892
vn -0.3345293 0.44990373 -0.8280561
vn -0.48595047 0.42737725 -0.7623652
vn -0.48424983 0.42820323 -0.7629837
vn -0.40846696 0.41907373 -0.81088346
vn -0.45582935 0.4064033 -0.7918686
vn -0.39093083 0.42368555 -0.8171069
vn -0.28262338 0.42239568 -0.8612235
vn -0.31027567 0.41841382 -0.8536152
vn -0.24367256 0.43010262 -0.86927295
vn -0.27689776 0.40805647 -0.8699526
vn -0.19275837 0.43168652 -0.8811873
vn -0.18870743 0.42567897 -0.8849784
vn -0.44555578 0.44205755 -0.7785019
vn -0.39454743 0.403147 -0.82571477
vn -0.7703204 0.42382932 -0.4764193
vn -0.812832 0.43877783 -0.38311642
vn -0.8877584 0.41760337 -0.19362976
vn -0.87420356 0.4425326 -0.19983247
vn -0.86757976 0.4529157 -0.20535983
vn 0.0007605004 -0.999933 -0.011552688
vn -0.004723905 -0.99972826 -0.022826377
vn 0.0023113855 -0.9999627 -0.008332024
vn -0.005560268 -0.9996568 -0.025600806
vn -0.00515272 -0.99987555 -0.0149109075
vn 1.3132375E-05 -0.99999464 -0.0032844336
vn 0.0007591228 -0.99999523 -0.0029870407
vn 0.0017957949 -0.99998367 0.00543589
vn 0.004584654 -0.99995863 0.007851611
vn 0.008291159 -0.99991655 0.009914184
vn -0.7231905 0.0001596297 -0.69064856
vn -0.7229036 0.028162451 -0.6903747
vn -0.7231905 0.00015227393 -0.6906487
vn -0.72291315 -0.027691869 -0.6903838
vn 0.6916363 -0.46923986 0.5490474
vn 0.68457186 -0.47290885 0.55472386
vn 0.67552614 -0.4629461 0.57388616
vn 0.7343419 -0.46931037 0.49039757
vn 0.74146855 -0.46456653 0.48415115
vn 0.80230105 -0.4592609 0.3813037
vn 0.80457497 -0.45881265 0.37702787
vn 0.857863 -0.45082173 0.24663931
vn 0.85827 -0.4507857 0.24528518
vn 0.8795609 -0.45481828 0.1396887
vn 0.87957215 -0.45486066 0.13948008
vn 0.8808753 -0.46157637 0.10490962
vn 0.8808753 -0.46157637 0.10490962
vn 0.15366496 -0.9850949 -0.07729883
vn 0.005667322 -0.99992716 0.010657043
vn -0.0040345383 -0.9999653 0.0072846487
vn 0.55690247 -0.80396163 -0.20857938
vn 0.021010151 -0.9975013 -0.06745198
vn -0.013578363 -0.9998441 0.011286075
vn 0.047028866 -0.99448293 0.09376506
vn 0.19476186 -0.8885239 -0.4154434
vn 0.1436533 -0.94167376 -0.30432597
vn -0.37071234 -0.6342322 -0.67847025
vn 0.044145864 -0.99709404 0.06208528
vn 0.5288172 -0.7426213 0.41093305
vn 0.16964906 -0.9798685 0.105247065
vn 0.5672773 -0.6773171 0.46844217
vn 0.7771552 -0.21371338 0.591909
vn 0.77110916 -0.3188636 0.551105
vn 0.5350067 -0.7687577 0.35039893
vn 0.782635 -0.3487881 0.5155864
vn 0.05457587 -0.99707365 0.053531546
vn 0.011831611 -0.99990714 0.006758569
vn -0.19706663 -0.97154063 -0.13142882
vn 0.63525075 -0.69602114 0.3346805
vn 0.83945197 -0.33675316 0.42651826
vn 0.8486514 -0.3076505 0.43028116
vn 0.7760131 -0.16952696 0.6075067
vn 0.89605826 -0.21558437 0.38807616
vn 0.20525713 -0.9760199 0.07248944
vn 0.7430996 -0.61306894 0.2682338
vn -0.08827338 -0.99509734 -0.044598244
vn 0.0041897413 -0.99978524 0.020297479
vn 0.050900523 -0.9986089 -0.013766815
vn -0.05386261 -0.9953524 -0.079827346
vn 0.71425265 -0.6752779 0.18396471
vn 0.9138819 -0.33959714 0.22247148
vn 0.21564315 -0.9748232 0.056725282
vn 0.20081182 -0.9774615 0.06514236
vn 0.73891354 -0.66208005 0.12512727
vn 0.93994 -0.29827762 0.16596168
vn 0.95723116 -0.2590257 0.12889607
vn 0.7050946 -0.7040839 0.084305674
vn 0.22620326 -0.9734185 0.035895437
vn 0.09829986 -0.9950958 0.011018793
vn 0.024277601 -0.9996985 0.0036729642
vn 0.0014901448 -0.9999988 -0.00058500137
vn 0.02981439 -0.9995347 0.006432113
vn 0.0039778342 -0.99998856 0.0026860894
vn 0.006170468 -0.9999765 -0.0030075544
vn -0.0067652967 -0.9999771 -2.6131118E-05
vn -0.0069798497 -0.9999757 -0.00012909187
vn -0.006325641 -0.99998 -0.00011699232
vn 0.09896167 -0.9950328 -0.0107845655
vn 0.22308853 -0.97402984 -0.038697444
vn -0.0068002776 -0.99997675 0.00064408884
vn 0.0305149 -0.9995141 -0.006358007
vn 0.027143167 -0.9996216 -0.004441421
vn 0.7585541 -0.6445165 -0.09588549
vn 0.7153543 -0.69471925 -0.075056635
vn 0.9455897 -0.28589192 -0.15532544
vn 0.9291757 -0.335545 -0.15505515
vn 0.9482175 -0.26888964 -0.16906191
vn 0.75192684 -0.6450112 -0.13625933
vn 0.9304907 -0.26853982 -0.24914539
vn 0.21723197 -0.9741759 -0.061575744
vn 0.005413027 -0.99998426 -0.0015192972
vn 0.20449491 -0.9761422 -0.072993636
vn 0.7240745 -0.6291058 -0.2827401
vn 0.7276235 -0.6549636 -0.2039279
vn 0.89605445 -0.22283515 -0.3839675
vn 0.8178505 -0.23665027 -0.52451617
vn 0.795518 -0.4169807 -0.43963435
vn 0.74591947 -0.46678022 -0.4751004
vn 0.5602897 -0.7503518 -0.3507814
vn 0.5283514 -0.77584684 -0.34482834
vn 0.7848894 -0.34623903 -0.5138747
vn 0.4952287 -0.7623102 -0.4166914
vn 0.7300083 -0.34057084 -0.59253633
vn 0.5170739 -0.72619396 -0.45307484
vn 0.7164512 -0.3265576 -0.6164882
vn 0.7109592 0.003933885 0.7032222
vn 0.70716566 -0.10323855 0.69947004
vn 0.71096003 0.0036380887 0.70322305
vn 0.70630354 0.114320576 0.69861734
vn -0.37447673 -0.92596126 -0.048608948
vn -0.47116682 -0.8802691 -0.055930205
vn -0.48117808 -0.87457 -0.059958223
vn -0.36876836 -0.9283658 -0.04633291
vn -0.39440295 -0.9138805 -0.09627444
vn -0.40880415 -0.9073303 -0.0981368
vn -0.32929876 -0.9388537 -0.10057898
vn -0.19202942 -0.97756326 -0.086572334
vn -0.18242045 -0.9797167 -0.08293337
vn -0.19322553 -0.9725806 -0.12942523
vn -0.19082355 -0.973253 -0.12792534
vn -0.1481227 -0.98416334 -0.09737601
vn -0.16783735 -0.98117334 -0.09554834
vn -0.079998545 -0.99487054 -0.061908767
vn -0.06235619 -0.9964736 -0.05614245
vn -0.8645259 0.35222372 0.35851556
vn -0.8653692 0.34958956 0.35905895
vn -0.8544249 0.3706238 0.36413744
vn -0.8153449 0.43465164 0.3824794
vn -0.79895574 0.45933172 0.3881803
vn -0.79908836 0.45833135 0.38908887
vn -0.1911566 -0.4267882 -0.883918
vn -0.18767436 -0.420939 -0.88746196
vn -0.19011545 -0.4248754 -0.8850633
vn -0.3869982 -0.44181433 -0.80934083
vn -0.41354153 -0.44075432 -0.79669267
vn -0.7785677 -0.4478339 -0.43963313
vn -0.78071284 -0.44357288 -0.4401483
vn -0.8896977 -0.41917413 -0.18091753
vn -0.8897608 -0.41911662 -0.18074027
vn -0.8709209 -0.44060108 -0.21764092
vn -0.8792248 -0.42071956 -0.22351499
vn -0.84838444 -0.42781267 -0.3118014
vn -0.80970234 -0.52552336 -0.26116505
vn -0.862717 -0.39557838 -0.3150191
vn -0.7241882 -0.09756448 -0.6826658
vn -0.5394921 0.02124106 -0.8417227
vn -0.78144145 0.2874479 -0.553826
vn -0.86567366 -0.33189765 -0.3747708
vn -0.8174526 -0.4126324 -0.40187758
vn -0.95922095 -0.2305216 -0.16356939
vn -0.8751521 -0.39484 -0.27966058
vn -0.7323022 -0.18688457 -0.65483403
vn -0.7525048 -0.3317012 -0.5689558
vn -0.71659017 -0.46731082 -0.5178023
vn -0.7191877 -0.32652718 -0.61331
vn -0.809384 -0.5383045 -0.23478884
vn -0.81813705 -0.21880016 -0.53176904
vn -0.6493975 0.0035199272 -0.760441
vn -0.6507491 -0.56332 -0.5091132
vn -0.5337374 -0.845594 -0.009752311
vn -0.7142221 -0.19234443 -0.67297137
vn -0.73649836 -0.59561956 -0.32063615
vn -0.7584613 -0.42200926 -0.49663332
vn -0.63418174 -0.12670161 -0.76273215
vn -0.55044794 -0.09327248 -0.8296429
vn -0.7966292 -0.44803095 -0.4057712
vn -0.8458858 -0.11332142 -0.5211866
vn -0.913203 -0.29009926 -0.2861864
vn -0.8006569 -0.592268 -0.090372816
vn -0.7604836 -0.42831534 -0.48806828
vn -0.8452521 -0.45778435 -0.27564904
vn -0.82107365 -0.43799606 -0.3660566
vn -0.8949118 -0.4444816 -0.039610155
vn -0.8646655 -0.44914585 0.22499217
vn -0.8479525 -0.4484084 0.28267735
vn -0.79652375 -0.42451468 0.43050802
vn -0.8083544 -0.39953935 0.4323557
vn -0.80696106 -0.3866749 0.4464262
vn 0.38653582 -0.41645628 -0.82289386
vn 0.4685426 -0.40644178 -0.7843933
vn 0.39976263 -0.40474516 -0.82241786
vn 0.14240548 -0.41345522 -0.8993194
vn 0.39241594 -0.7951981 -0.46224436
vn -0.33333102 -0.43192646 -0.8380513
vn 0.18096687 -0.8562537 -0.48381874
vn 0.5583889 -0.30884075 -0.76994747
vn 0.07659407 -0.4942153 -0.86595875
vn -0.18940043 -0.51217693 -0.83773637
vn -0.20942535 -0.6378821 -0.74111223
vn -0.048339333 -0.7897011 -0.6115844
vn -0.65464354 -0.17850803 -0.7345589
vn -0.5850574 -0.4497365 -0.6748667
vn -0.7059373 -0.5864778 -0.39710996
vn 0.3572925 -0.3671622 -0.858798
vn 0.35518312 -0.3610088 -0.86227465
vn 0.36205405 -0.40703857 -0.83859193
vn 0.36171305 -0.38218012 -0.850354
vn 0.3779505 -0.46116164 -0.8027972
vn 0.29715687 -0.633768 -0.71416795
vn 0.32499295 -0.37961257 -0.8661835
vn 0.35869452 -0.55912393 -0.74747485
vn 0.23201045 -0.7681961 -0.59669584
vn 0.864042 0.28361535 -0.41592515
vn 0.8807875 0.27273053 -0.3870806
vn 0.8843685 0.30891058 -0.34995225
vn 0.88643795 0.23804785 -0.39693937
vn 0.87747604 0.25722158 -0.4048121
vn 0.9123945 0.19733562 -0.35860133
vn -0.015781377 0.99979573 -0.01263234
vn -0.015781377 0.99979573 -0.012632341
vn -0.015781377 0.99979573 -0.012632341
vn -0.015781377 0.99979573 -0.012632342
vn -0.921873 0.16392982 0.35110864
vn -0.90532976 0.23514652 0.35367242
vn -0.8999751 0.23118176 0.36959407
vn -0.89491266 0.2584132 0.36380488
vn -0.9028215 0.2580748 0.3439636
vn -0.91414285 0.23860747 0.32773358
vn -0.3846903 0.09971876 0.9176434
vn -0.37888595 0.11723597 0.9179876
vn -0.44236594 0.04658358 0.89562404
vn -0.3663853 0.13160537 0.921109
vn -0.37951204 0.14823774 0.9132338
vn 0.40356982 0.21647206 -0.888972
vn 0.40307358 0.25124836 -0.88000333
vn 0.45164034 0.3119573 -0.835885
vn 0.39685592 0.19928761 -0.8959854
vn 0.43069437 0.16723153 -0.8868686
vn -0.018501662 0.99927825 -0.03317823
vn -0.021088315 0.9990375 -0.038463168
vn -0.004662861 0.9999771 -0.0049061542
vn -0.034838624 0.997174 -0.06655986
vn 0.015432405 -0.9982146 0.057702266
vn -0.015087217 -0.9961086 0.08683343
vn 0.0014881282 -0.9961916 0.087178245
vn 0.029073477 -0.9984542 0.047370598
vn 0.061683692 -0.9980388 -0.0106630325
vn 0.89768666 -0.20425852 -0.39043194
vn 0.89565665 -0.18625934 -0.4038645
vn 0.91626596 -0.14647262 -0.37283048
vn 0.8912977 -0.23059952 -0.3904002
vn 0.9036219 -0.2871047 -0.31786513
vn -0.97124547 -0.1690536 0.16763985
vn -0.906664 -0.21753708 0.36143854
vn -0.931185 -0.19306554 0.30922502
vn -0.9180685 -0.19679613 0.3441243
vn -0.92209005 -0.1911919 0.33644566
vn -0.9226565 -0.1957214 0.33226216
vn -0.3788369 -0.14416644 -0.91416556
vn -0.41024342 -0.067546606 -0.90947115
vn -0.40018076 -0.09290916 -0.91171443
vn -0.36814913 -0.16867322 -0.91433895
vn -0.9239006 0.071896784 0.37581706
vn -0.9222083 0.066149406 0.3809935
vn -0.9187184 0.05485564 0.39108503
vn -0.926065 0.07954601 0.36888483
vn 0.3570783 -0.27574292 -0.8924466
vn 0.34823298 -0.2853667 -0.8929163
vn 0.38174173 -0.2969783 -0.8752583
vn 0.40267268 -0.31020254 -0.8611789
vn 0.49534774 -0.398399 -0.7719513
vn 0.5817841 -0.12676057 0.8034047
vn 0.5323459 -0.32757178 0.7805796
vn 0.42524183 -0.7214995 0.5464502
vn 0.40061322 -0.6943576 0.59780985
vn 0.04721186 -0.9976809 0.04902809
vn 0.36364427 -0.6729873 0.6440893
vn 0.45625672 -0.36352628 0.8122059
vn 0.10837407 -0.9784871 0.17555077
vn 0.09883414 -0.9799345 0.17309006
vn 0.001750632 -0.9999957 0.0023389226
vn 0.00013860116 -0.99996054 0.0088880155
vn -0.12675735 -0.99190784 0.0071711396
vn -0.30155843 -0.5322128 -0.79108286
vn 0.08903094 -0.7650581 -0.6377772
vn -0.22139509 -0.7574425 -0.61421907
vn -0.34457412 -0.103944 -0.93298674
vn -0.049234558 -0.98078406 -0.18878178
vn -0.27553186 -0.8963517 -0.34732643
vn 0.018028868 -0.99969745 0.016734486
vn 0.018640619 -0.9996605 0.018205466
vn 0.031194014 -0.9983405 0.048405487
vn 0.005856911 -0.9999045 -0.012519366
vn -0.36629188 -0.21650109 0.9049627
vn -0.36257526 -0.21134576 0.907674
vn -0.3679946 -0.20598505 0.9067249
vn -0.37075326 -0.20031762 0.90687096
vn -0.3948219 -0.18030952 0.9008907
vn -0.32929358 0.3918834 0.85906523
vn -0.361668 0.34504804 0.8661052
vn -0.36466753 0.3046029 0.87990606
vn -0.31796554 0.4070516 0.856275
vn -0.29147196 0.41970837 0.85958654
vn -0.3059327 0.45893943 0.8341341
vn -0.08573054 -0.988321 0.12598385
vn -0.105523236 -0.9886016 0.10738547
vn -0.10581542 -0.9885535 0.10754127
vn -0.08209019 -0.98824465 0.12897135
vn -0.08024176 -0.98696285 0.13951932
vn -0.07855016 -0.9870063 0.14017262
vn -0.08764642 -0.9873891 0.13183625
vn -0.09050104 -0.98407006 0.15302181
vn -0.055326115 -0.99840647 -0.011118254
vn -0.050541997 -0.99711597 -0.05661519
vn 0.69898325 -0.38797453 0.600748
vn 0.5576815 0.30327222 0.77266896
vn 0.9093075 -0.41602352 -0.009186355
vn 0.31617758 -0.21027823 0.92510253
vn 0.31188065 -0.10668885 0.94411224
vn 0.26422855 0.034687925 0.96383613
vn 0.2481019 -0.25998965 0.9331939
vn 0.24242213 -0.36292848 0.89973027
vn 0.3098367 -0.09832731 0.9456918
vn 0.40616807 0.026016505 0.91342795
vn 0.069472305 -0.14997774 0.9862455
vn 0.77349126 -0.26722562 -0.5747188
vn 0.5576815 0.30327222 0.77266896
vn 0.57262844 -0.47830647 0.6658224
vn 0.3064469 0.05689904 0.9501857
vn 0.5100143 0.5631905 0.6501553
vn 0.59465563 0.7009798 0.39371562
vn 0.66431576 0.5091592 0.5472125
vn -0.00927306 0.9997538 -0.02016153
vn 0.47370055 0.8679868 0.14901961
vn 0.6284377 0.7132478 0.31039265
vn 0.2055831 0.8927111 0.40100184
vn 0.36066285 0.90702295 0.21732843
vn 0.600017 0.7795518 -0.1796623
vn 0.51422614 -0.2209226 -0.82871264
vn 0.5576815 0.30327222 0.77266896
vn 0.80375004 0.37299404 -0.4635315
vn 0.7830726 0.40433007 -0.47256163
vn 0.8456259 0.3221101 -0.4256312
vn 0.86074084 0.43569097 0.2632465
vn 0.84977645 0.47640663 0.22564736
vn 0.7699902 0.2563233 0.58430606
vn 0.35145316 0.6592169 -0.6647659
vn 0.35145313 0.6592169 -0.6647659
vn 0.35145316 0.6592169 -0.6647659
vn 0.35502508 0.6762187 -0.64551175
vn 0.114997886 0.08976215 0.98930186
vn 0.114997886 0.08976215 0.98930186
vn 0.114997886 0.08976215 0.98930186
vn 0.10629463 0.07118331 0.9917834
vn -0.7166274 -0.557187 -0.4195088
vn -0.6903384 -0.6237523 -0.36655965
vn -0.18263683 -0.37186775 -0.9101418
vn -0.8666604 -0.4935434 0.072901726
vn -0.47805718 -0.46535233 -0.7449219
vn -0.623189 -0.31785303 -0.7145663
vn -0.24714313 -0.70029044 -0.6697116
vn -0.29917374 -0.11001156 -0.94783574
vn -0.6026301 0.7423411 -0.29285958
vn -0.13254802 0.0010744431 -0.991176
vn -0.7131746 0.295381 -0.6357139
vn -0.16179557 -0.027847765 -0.9864313
vn -0.61798733 -0.22112744 -0.75444967
vn -0.67759466 -0.64777505 -0.348214
vn -0.55997473 -0.3864559 -0.7328576
vn -0.737541 -0.15497713 -0.6572787
vn -0.68894255 -0.69041824 -0.22063737
vn -0.7553172 -0.61422783 -0.22851698
vn -0.6296818 -0.73807853 0.24236527
vn -0.6060298 -0.7757711 0.17580429
vn -0.5545989 -0.6577945 0.5096338
vn -0.748276 -0.63719094 0.18458238
vn -0.5109157 -0.7894746 0.3401398
vn -0.58600825 -0.70504534 -0.3993813
g S_wpn_misc_00016_01_lod0_0
f 3/3/3 2/2/2 1/1/1
f 6/6/6 5/5/5 4/4/4
f 9/9/9 8/8/8 7/7/7
f 12/12/12 11/11/11 10/10/10
f 15/15/15 14/14/14 13/13/13
f 18/18/18 17/17/17 16/16/16
f 21/21/21 20/20/20 19/19/19
f 24/24/24 23/23/23 22/22/22
f 27/27/27 26/26/26 25/25/25
f 30/30/30 29/29/29 28/28/28
f 33/33/33 32/32/32 31/31/31
f 36/36/36 35/35/35 34/34/34
f 39/39/39 38/38/38 37/37/37
f 42/42/42 41/41/41 40/40/40
f 45/45/45 44/44/44 43/43/43
f 48/48/48 47/47/47 46/46/46
f 51/51/51 50/50/50 49/49/49
f 54/54/54 53/53/53 52/52/52
f 57/57/57 56/56/56 55/55/55
f 60/60/60 59/59/59 58/58/58
f 63/63/63 62/62/62 61/61/61
f 66/66/66 65/65/65 64/64/64
f 69/69/69 68/68/68 67/67/67
f 72/72/72 71/71/71 70/70/70
f 75/75/75 74/74/74 73/73/73
f 78/78/78 77/77/77 76/76/76
f 81/81/81 80/80/80 79/79/79
f 84/84/84 83/83/83 82/82/82
f 87/87/87 86/86/86 85/85/85
f 90/90/90 89/89/89 88/88/88
f 93/93/93 92/92/92 91/91/91
f 96/96/96 95/95/95 94/94/94
f 99/99/99 98/98/98 97/97/97
f 102/102/102 101/101/101 100/100/100
f 101/101/101 103/103/103 100/100/100
f 104/104/104 103/103/103 101/101/101
f 105/105/105 103/103/103 104/104/104
f 106/106/106 104/104/104 101/101/101
f 107/107/107 106/106/106 101/101/101
f 110/110/110 109/109/109 108/108/108
f 109/109/109 111/111/111 108/108/108
f 111/111/111 112/112/112 108/108/108
f 113/113/113 112/112/112 111/111/111
f 114/114/114 111/111/111 109/109/109
f 115/115/115 114/114/114 109/109/109
f 118/118/118 117/117/117 116/116/116
f 117/117/117 119/119/119 116/116/116
f 116/116/116 119/119/119 120/120/120
f 121/121/121 116/116/116 120/120/120
f 122/122/122 121/121/121 120/120/120
f 125/125/125 124/124/124 123/123/123
f 126/126/126 125/125/125 123/123/123
f 129/129/129 128/128/128 127/127/127
f 130/130/130 129/129/129 127/127/127
f 133/133/133 132/132/132 131/131/131
f 134/134/134 133/133/133 131/131/131
f 137/137/137 136/136/136 135/135/135
f 136/136/136 138/138/138 135/135/135
f 138/138/138 136/136/136 139/139/139
f 140/140/140 138/138/138 139/139/139
f 140/140/140 139/139/139 141/141/141
f 142/142/142 141/141/141 139/139/139
f 143/143/143 142/142/142 139/139/139
f 143/143/143 144/144/144 142/142/142
f 144/144/144 145/145/145 142/142/142
f 148/148/148 147/147/147 146/146/146
f 147/147/147 149/149/149 146/146/146
f 149/149/149 147/147/147 150/150/150
f 147/147/147 151/151/151 150/150/150
f 152/152/152 150/150/150 151/151/151
f 152/152/152 153/153/153 150/150/150
f 153/153/153 154/154/154 150/150/150
f 154/154/154 153/153/153 155/155/155
f 156/156/156 154/154/154 155/155/155
f 159/159/159 158/158/158 157/157/157
f 160/160/160 159/159/159 157/157/157
f 163/163/163 162/162/162 161/161/161
f 164/164/164 163/163/163 161/161/161
f 167/167/167 166/166/166 165/165/165
f 168/168/168 167/167/167 165/165/165
f 168/168/168 169/169/169 167/167/167
f 169/169/169 170/170/170 167/167/167
f 171/171/171 169/169/169 168/168/168
f 172/172/172 171/171/171 168/168/168
f 173/173/173 171/171/171 172/172/172
f 174/174/174 173/173/173 172/172/172
f 173/173/173 174/174/174 175/175/175
f 176/176/176 173/173/173 175/175/175
f 177/177/177 176/176/176 175/175/175
f 178/178/178 177/177/177 175/175/175
f 177/177/177 178/178/178 179/179/179
f 180/180/180 177/177/177 179/179/179
f 178/178/178 181/181/181 179/179/179
f 181/181/181 182/182/182 179/179/179
f 185/185/185 184/184/184 183/183/183
f 186/186/186 185/185/185 183/183/183
f 185/185/185 186/186/186 187/187/187
f 188/188/188 185/185/185 187/187/187
f 187/187/187 189/189/189 188/188/188
f 188/188/188 189/189/189 190/190/190
f 189/189/189 191/191/191 190/190/190
f 190/190/190 191/191/191 192/192/192
f 191/191/191 193/193/193 192/192/192
f 192/192/192 193/193/193 194/194/194
f 193/193/193 195/195/195 194/194/194
f 194/194/194 195/195/195 196/196/196
f 196/196/196 195/195/195 197/197/197
f 198/198/198 196/196/196 197/197/197
f 197/197/197 199/199/199 198/198/198
f 199/199/199 200/200/200 198/198/198
f 199/199/199 201/201/201 200/200/200
f 200/200/200 201/201/201 202/202/202
f 202/202/202 201/201/201 203/203/203
f 201/201/201 204/204/204 203/203/203
f 205/205/205 203/203/203 204/204/204
f 206/206/206 205/205/205 204/204/204
f 207/207/207 205/205/205 206/206/206
f 208/208/208 207/207/207 206/206/206
f 208/208/208 209/209/209 207/207/207
f 209/209/209 210/210/210 207/207/207
f 209/209/209 211/211/211 210/210/210
f 211/211/211 212/212/212 210/210/210
f 215/215/215 214/214/214 213/213/213
f 216/216/216 213/213/213 214/214/214
f 217/217/217 216/216/216 214/214/214
f 216/216/216 217/217/217 218/218/218
f 217/217/217 219/219/219 218/218/218
f 218/218/218 219/219/219 220/220/220
f 219/219/219 221/221/221 220/220/220
f 224/224/224 223/223/223 222/222/222
f 223/223/223 225/225/225 222/222/222
f 222/222/222 225/225/225 226/226/226
f 225/225/225 227/227/227 226/226/226
f 228/228/228 226/226/226 227/227/227
f 229/229/229 228/228/228 227/227/227
f 228/228/228 229/229/229 230/230/230
f 229/229/229 231/231/231 230/230/230
f 230/230/230 231/231/231 232/232/232
f 231/231/231 233/233/233 232/232/232
f 233/233/233 234/234/234 232/232/232
f 234/234/234 235/235/235 232/232/232
f 235/235/235 234/234/234 236/236/236
f 237/237/237 235/235/235 236/236/236
f 236/236/236 238/238/238 237/237/237
f 238/238/238 239/239/239 237/237/237
f 239/239/239 238/238/238 240/240/240
f 238/238/238 241/241/241 240/240/240
f 240/240/240 241/241/241 242/242/242
f 241/241/241 243/243/243 242/242/242
f 242/242/242 243/243/243 244/244/244
f 243/243/243 245/245/245 244/244/244
f 246/246/246 244/244/244 245/245/245
f 247/247/247 246/246/246 245/245/245
f 246/246/246 247/247/247 248/248/248
f 249/249/249 246/246/246 248/248/248
f 248/248/248 250/250/250 249/249/249
f 250/250/250 251/251/251 249/249/249
f 254/254/254 253/253/253 252/252/252
f 255/255/255 254/254/254 252/252/252
f 254/254/254 255/255/255 256/256/256
f 257/257/257 254/254/254 256/256/256
f 258/258/258 257/257/257 256/256/256
f 259/259/259 258/258/258 256/256/256
f 259/259/259 260/260/260 258/258/258
f 260/260/260 261/261/261 258/258/258
f 261/261/261 260/260/260 262/262/262
f 263/263/263 261/261/261 262/262/262
f 263/263/263 262/262/262 264/264/264
f 265/265/265 263/263/263 264/264/264
f 266/266/266 265/265/265 264/264/264
f 267/267/267 266/266/266 264/264/264
f 266/266/266 267/267/267 268/268/268
f 269/269/269 266/266/266 268/268/268
f 268/268/268 270/270/270 269/269/269
f 270/270/270 271/271/271 269/269/269
f 270/270/270 272/272/272 271/271/271
f 272/272/272 273/273/273 271/271/271
f 273/273/273 272/272/272 274/274/274
f 275/275/275 273/273/273 274/274/274
f 275/275/275 274/274/274 276/276/276
f 274/274/274 277/277/277 276/276/276
f 276/276/276 277/277/277 278/278/278
f 279/279/279 276/276/276 278/278/278
f 279/279/279 278/278/278 280/280/280
f 278/278/278 281/281/281 280/280/280
f 284/284/284 283/283/283 282/282/282
f 283/283/283 285/285/285 282/282/282
f 286/286/286 282/282/282 285/285/285
f 287/287/287 286/286/286 285/285/285
f 287/287/287 288/288/288 286/286/286
f 288/288/288 289/289/289 286/286/286
f 288/288/288 290/290/290 289/289/289
f 290/290/290 291/291/291 289/289/289
f 290/290/290 292/292/292 291/291/291
f 292/292/292 293/293/293 291/291/291
f 294/294/294 293/293/293 292/292/292
f 294/294/294 295/295/295 293/293/293
f 296/296/296 295/295/295 294/294/294
f 295/295/295 296/296/296 297/297/297
f 298/298/298 295/295/295 297/297/297
f 297/297/297 299/299/299 298/298/298
f 299/299/299 300/300/300 298/298/298
f 301/301/301 300/300/300 299/299/299
f 301/301/301 299/299/299 302/302/302
f 302/302/302 299/299/299 303/303/303
f 299/299/299 304/304/304 303/303/303
f 305/305/305 303/303/303 304/304/304
f 305/305/305 306/306/306 303/303/303
f 306/306/306 305/305/305 307/307/307
f 308/308/308 306/306/306 307/307/307
f 309/309/309 308/308/308 307/307/307
f 309/309/309 310/310/310 308/308/308
f 310/310/310 311/311/311 308/308/308
f 312/312/312 311/311/311 310/310/310
f 313/313/313 312/312/312 310/310/310
f 312/312/312 313/313/313 314/314/314
f 313/313/313 315/315/315 314/314/314
f 314/314/314 315/315/315 316/316/316
f 315/315/315 317/317/317 316/316/316
f 316/316/316 317/317/317 318/318/318
f 317/317/317 319/319/319 318/318/318
f 318/318/318 319/319/319 320/320/320
f 319/319/319 321/321/321 320/320/320
f 324/324/324 323/323/323 322/322/322
f 325/325/325 324/324/324 322/322/322
f 325/325/325 322/322/322 326/326/326
f 322/322/322 327/327/327 326/326/326
f 328/328/328 326/326/326 327/327/327
f 329/329/329 328/328/328 327/327/327
f 330/330/330 328/328/328 329/329/329
f 331/331/331 330/330/330 329/329/329
f 330/330/330 331/331/331 332/332/332
f 333/333/333 330/330/330 332/332/332
f 333/333/333 332/332/332 334/334/334
f 332/332/332 335/335/335 334/334/334
f 336/336/336 334/334/334 335/335/335
f 337/337/337 336/336/336 335/335/335
f 337/337/337 338/338/338 336/336/336
f 338/338/338 339/339/339 336/336/336
f 339/339/339 338/338/338 340/340/340
f 341/341/341 339/339/339 340/340/340
f 342/342/342 341/341/341 340/340/340
f 343/343/343 342/342/342 340/340/340
f 342/342/342 343/343/343 344/344/344
f 345/345/345 342/342/342 344/344/344
f 346/346/346 345/345/345 344/344/344
f 347/347/347 346/346/346 344/344/344
f 346/346/346 347/347/347 348/348/348
f 347/347/347 349/349/349 348/348/348
f 350/350/350 348/348/348 349/349/349
f 351/351/351 350/350/350 349/349/349
f 352/352/352 350/350/350 351/351/351
f 353/353/353 350/350/350 352/352/352
f 353/353/353 352/352/352 354/354/354
f 355/355/355 353/353/353 354/354/354
f 356/356/356 355/355/355 354/354/354
f 357/357/357 356/356/356 354/354/354
f 356/356/356 357/357/357 358/358/358
f 359/359/359 356/356/356 358/358/358
f 360/360/360 359/359/359 358/358/358
f 361/361/361 360/360/360 358/358/358
f 364/364/364 363/363/363 362/362/362
f 365/365/365 364/364/364 362/362/362
f 368/368/368 367/367/367 366/366/366
f 367/367/367 369/369/369 366/366/366
f 370/370/370 366/366/366 369/369/369
f 371/371/371 370/370/370 369/369/369
f 370/370/370 371/371/371 372/372/372
f 373/373/373 370/370/370 372/372/372
f 373/373/373 372/372/372 374/374/374
f 375/375/375 373/373/373 374/374/374
f 376/376/376 375/375/375 374/374/374
f 377/377/377 376/376/376 374/374/374
f 378/378/378 376/376/376 377/377/377
f 379/379/379 378/378/378 377/377/377
f 380/380/380 378/378/378 379/379/379
f 381/381/381 380/380/380 379/379/379
f 380/380/380 381/381/381 382/382/382
f 381/381/381 383/383/383 382/382/382
f 383/383/383 384/384/384 382/382/382
f 384/384/384 385/385/385 382/382/382
f 388/388/388 387/387/387 386/386/386
f 389/389/389 388/388/388 386/386/386
f 388/388/388 389/389/389 390/390/390
f 389/389/389 391/391/391 390/390/390
f 391/391/391 392/392/392 390/390/390
f 392/392/392 393/393/393 390/390/390
f 394/394/394 393/393/393 392/392/392
f 395/395/395 394/394/394 392/392/392
f 394/394/394 395/395/395 396/396/396
f 397/397/397 394/394/394 396/396/396
f 398/398/398 397/397/397 396/396/396
f 399/399/399 398/398/398 396/396/396
f 400/400/400 398/398/398 399/399/399
f 401/401/401 400/400/400 399/399/399
f 400/400/400 401/401/401 402/402/402
f 401/401/401 403/403/403 402/402/402
f 402/402/402 403/403/403 404/404/404
f 403/403/403 405/405/405 404/404/404
f 405/405/405 406/406/406 404/404/404
f 406/406/406 407/407/407 404/404/404
f 410/410/410 409/409/409 408/408/408
f 411/411/411 410/410/410 408/408/408
f 414/414/414 413/413/413 412/412/412
f 413/413/413 415/415/415 412/412/412
f 412/412/412 415/415/415 416/416/416
f 415/415/415 417/417/417 416/416/416
f 418/418/418 416/416/416 417/417/417
f 419/419/419 418/418/418 417/417/417
f 419/419/419 420/420/420 418/418/418
f 420/420/420 421/421/421 418/418/418
f 421/421/421 420/420/420 422/422/422
f 420/420/420 423/423/423 422/422/422
f 424/424/424 422/422/422 423/423/423
f 424/424/424 425/425/425 422/422/422
f 426/426/426 425/425/425 424/424/424
f 425/425/425 426/426/426 427/427/427
f 428/428/428 425/425/425 427/427/427
f 428/428/428 427/427/427 429/429/429
f 430/430/430 428/428/428 429/429/429
f 431/431/431 430/430/430 429/429/429
f 431/431/431 429/429/429 432/432/432
f 433/433/433 432/432/432 429/429/429
f 434/434/434 433/433/433 429/429/429
f 435/435/435 433/433/433 434/434/434
f 435/435/435 436/436/436 433/433/433
f 436/436/436 435/435/435 437/437/437
f 438/438/438 436/436/436 437/437/437
f 439/439/439 438/438/438 437/437/437
f 438/438/438 439/439/439 440/440/440
f 439/439/439 441/441/441 440/440/440
f 440/440/440 441/441/441 442/442/442
f 441/441/441 443/443/443 442/442/442
f 442/442/442 443/443/443 444/444/444
f 443/443/443 445/445/445 444/444/444
f 446/446/446 444/444/444 445/445/445
f 447/447/447 446/446/446 445/445/445
f 446/446/446 447/447/447 448/448/448
f 447/447/447 449/449/449 448/448/448
f 448/448/448 449/449/449 450/450/450
f 449/449/449 451/451/451 450/450/450
f 454/454/454 453/453/453 452/452/452
f 455/455/455 454/454/454 452/452/452
f 456/456/456 455/455/455 452/452/452
f 457/457/457 456/456/456 452/452/452
f 456/456/456 457/457/457 458/458/458
f 457/457/457 459/459/459 458/458/458
f 458/458/458 459/459/459 460/460/460
f 459/459/459 461/461/461 460/460/460
f 461/461/461 462/462/462 460/460/460
f 462/462/462 463/463/463 460/460/460
f 462/462/462 464/464/464 463/463/463
f 464/464/464 465/465/465 463/463/463
f 465/465/465 464/464/464 466/466/466
f 464/464/464 467/467/467 466/466/466
f 467/467/467 468/468/468 466/466/466
f 468/468/468 469/469/469 466/466/466
f 469/469/469 468/468/468 470/470/470
f 471/471/471 469/469/469 470/470/470
f 470/470/470 472/472/472 471/471/471
f 472/472/472 473/473/473 471/471/471
f 473/473/473 472/472/472 474/474/474
f 475/475/475 473/473/473 474/474/474
f 476/476/476 475/475/475 474/474/474
f 477/477/477 476/476/476 474/474/474
f 478/478/478 476/476/476 477/477/477
f 479/479/479 478/478/478 477/477/477
f 480/480/480 478/478/478 479/479/479
f 481/481/481 480/480/480 479/479/479
f 482/482/482 480/480/480 481/481/481
f 483/483/483 480/480/480 482/482/482
f 482/482/482 484/484/484 483/483/483
f 484/484/484 485/485/485 483/483/483
f 485/485/485 484/484/484 486/486/486
f 484/484/484 487/487/487 486/486/486
f 488/488/488 486/486/486 487/487/487
f 489/489/489 488/488/488 487/487/487
f 490/490/490 488/488/488 489/489/489
f 491/491/491 490/490/490 489/489/489
f 494/494/494 493/493/493 492/492/492
f 495/495/495 494/494/494 492/492/492
f 498/498/498 497/497/497 496/496/496
f 497/497/497 499/499/499 496/496/496
f 500/500/500 499/499/499 497/497/497
f 501/501/501 500/500/500 497/497/497
f 500/500/500 501/501/501 502/502/502
f 501/501/501 503/503/503 502/502/502
f 502/502/502 503/503/503 504/504/504
f 505/505/505 502/502/502 504/504/504
f 504/504/504 506/506/506 505/505/505
f 506/506/506 507/507/507 505/505/505
f 507/507/507 506/506/506 508/508/508
f 506/506/506 509/509/509 508/508/508
f 509/509/509 510/510/510 508/508/508
f 510/510/510 511/511/511 508/508/508
f 511/511/511 510/510/510 512/512/512
f 513/513/513 511/511/511 512/512/512
f 513/513/513 512/512/512 514/514/514
f 515/515/515 513/513/513 514/514/514
f 518/518/518 517/517/517 516/516/516
f 517/517/517 519/519/519 516/516/516
f 520/520/520 519/519/519 517/517/517
f 521/521/521 520/520/520 517/517/517
f 520/520/520 521/521/521 522/522/522
f 523/523/523 520/520/520 522/522/522
f 524/524/524 523/523/523 522/522/522
f 525/525/525 524/524/524 522/522/522
f 526/526/526 524/524/524 525/525/525
f 527/527/527 526/526/526 525/525/525
f 528/528/528 526/526/526 527/527/527
f 529/529/529 528/528/528 527/527/527
f 528/528/528 529/529/529 530/530/530
f 529/529/529 531/531/531 530/530/530
f 530/530/530 531/531/531 532/532/532
f 531/531/531 533/533/533 532/532/532
f 532/532/532 533/533/533 534/534/534
f 533/533/533 535/535/535 534/534/534
f 535/535/535 536/536/536 534/534/534
f 536/536/536 537/537/537 534/534/534
f 540/540/540 539/539/539 538/538/538
f 541/541/541 540/540/540 538/538/538
f 544/544/544 543/543/543 542/542/542
f 543/543/543 545/545/545 542/542/542
f 543/543/543 546/546/546 545/545/545
f 546/546/546 547/547/547 545/545/545
f 546/546/546 548/548/548 547/547/547
f 547/547/547 548/548/548 549/549/549
f 548/548/548 550/550/550 549/549/549
f 549/549/549 550/550/550 551/551/551
f 550/550/550 552/552/552 551/551/551
f 551/551/551 552/552/552 553/553/553
f 552/552/552 554/554/554 553/553/553
f 553/553/553 554/554/554 555/555/555
f 555/555/555 554/554/554 556/556/556
f 557/557/557 555/555/555 556/556/556
f 556/556/556 558/558/558 557/557/557
f 558/558/558 559/559/559 557/557/557
f 558/558/558 560/560/560 559/559/559
f 559/559/559 560/560/560 561/561/561
f 562/562/562 561/561/561 560/560/560
f 563/563/563 562/562/562 560/560/560
f 562/562/562 563/563/563 564/564/564
f 563/563/563 565/565/565 564/564/564
f 564/564/564 565/565/565 566/566/566
f 567/567/567 564/564/564 566/566/566
f 567/567/567 566/566/566 568/568/568
f 569/569/569 567/567/567 568/568/568
f 569/569/569 568/568/568 570/570/570
f 571/571/571 569/569/569 570/570/570
f 574/574/574 573/573/573 572/572/572
f 575/575/575 572/572/572 573/573/573
f 576/576/576 575/575/575 573/573/573
f 575/575/575 576/576/576 577/577/577
f 576/576/576 578/578/578 577/577/577
f 577/577/577 578/578/578 579/579/579
f 578/578/578 580/580/580 579/579/579
f 583/583/583 582/582/582 581/581/581
f 582/582/582 584/584/584 581/581/581
f 581/581/581 584/584/584 585/585/585
f 584/584/584 586/586/586 585/585/585
f 587/587/587 585/585/585 586/586/586
f 588/588/588 587/587/587 586/586/586
f 587/587/587 588/588/588 589/589/589
f 588/588/588 590/590/590 589/589/589
f 589/589/589 590/590/590 591/591/591
f 590/590/590 592/592/592 591/591/591
f 591/591/591 592/592/592 593/593/593
f 592/592/592 594/594/594 593/593/593
f 595/595/595 593/593/593 594/594/594
f 596/596/596 595/595/595 594/594/594
f 597/597/597 595/595/595 596/596/596
f 598/598/598 597/597/597 596/596/596
f 597/597/597 598/598/598 599/599/599
f 600/600/600 597/597/597 599/599/599
f 601/601/601 600/600/600 599/599/599
f 602/602/602 601/601/601 599/599/599
f 601/601/601 602/602/602 603/603/603
f 604/604/604 601/601/601 603/603/603
f 605/605/605 604/604/604 603/603/603
f 606/606/606 605/605/605 603/603/603
f 605/605/605 606/606/606 607/607/607
f 608/608/608 605/605/605 607/607/607
f 609/609/609 608/608/608 607/607/607
f 610/610/610 609/609/609 607/607/607
f 613/613/613 612/612/612 611/611/611
f 612/612/612 614/614/614 611/611/611
f 615/615/615 614/614/614 612/612/612
f 616/616/616 615/615/615 612/612/612
f 616/616/616 617/617/617 615/615/615
f 617/617/617 618/618/618 615/615/615
f 618/618/618 617/617/617 619/619/619
f 617/617/617 620/620/620 619/619/619
f 619/619/619 620/620/620 621/621/621
f 622/622/622 619/619/619 621/621/621
f 622/622/622 621/621/621 623/623/623
f 621/621/621 624/624/624 623/623/623
f 623/623/623 624/624/624 625/625/625
f 624/624/624 626/626/626 625/625/625
f 625/625/625 626/626/626 627/627/627
f 626/626/626 628/628/628 627/627/627
f 628/628/628 629/629/629 627/627/627
f 629/629/629 630/630/630 627/627/627
f 631/631/631 630/630/630 629/629/629
f 632/632/632 631/631/631 629/629/629
f 633/633/633 631/631/631 632/632/632
f 634/634/634 633/633/633 632/632/632
f 633/633/633 634/634/634 635/635/635
f 634/634/634 636/636/636 635/635/635
f 635/635/635 636/636/636 637/637/637
f 636/636/636 638/638/638 637/637/637
f 637/637/637 638/638/638 639/639/639
f 638/638/638 640/640/640 639/639/639
f 643/643/643 642/642/642 641/641/641
f 644/644/644 643/643/643 641/641/641
f 644/644/644 641/641/641 645/645/645
f 646/646/646 644/644/644 645/645/645
f 641/641/641 647/647/647 645/645/645
f 648/648/648 647/647/647 641/641/641
f 651/651/651 650/650/650 649/649/649
f 649/649/649 650/650/650 652/652/652
f 653/653/653 649/649/649 652/652/652
f 654/654/654 653/653/653 652/652/652
f 655/655/655 652/652/652 650/650/650
f 656/656/656 655/655/655 650/650/650
f 659/659/659 658/658/658 657/657/657
f 658/658/658 660/660/660 657/657/657
f 657/657/657 660/660/660 661/661/661
f 662/662/662 657/657/657 661/661/661
f 663/663/663 662/662/662 661/661/661
f 666/666/666 665/665/665 664/664/664
f 667/667/667 666/666/666 664/664/664
f 670/670/670 669/669/669 668/668/668
f 671/671/671 670/670/670 668/668/668
f 674/674/674 673/673/673 672/672/672
f 675/675/675 674/674/674 672/672/672
f 678/678/678 677/677/677 676/676/676
f 677/677/677 679/679/679 676/676/676
f 676/676/676 679/679/679 680/680/680
f 679/679/679 681/681/681 680/680/680
f 680/680/680 681/681/681 682/682/682
f 683/683/683 682/682/682 681/681/681
f 684/684/684 683/683/683 681/681/681
f 684/684/684 685/685/685 683/683/683
f 685/685/685 686/686/686 683/683/683
f 689/689/689 688/688/688 687/687/687
f 690/690/690 689/689/689 687/687/687
f 689/689/689 690/690/690 691/691/691
f 690/690/690 692/692/692 691/691/691
f 693/693/693 691/691/691 692/692/692
f 693/693/693 694/694/694 691/691/691
f 694/694/694 695/695/695 691/691/691
f 695/695/695 694/694/694 696/696/696
f 697/697/697 695/695/695 696/696/696
f 700/700/700 699/699/699 698/698/698
f 701/701/701 700/700/700 698/698/698
f 704/704/704 703/703/703 702/702/702
f 705/705/705 704/704/704 702/702/702
f 708/708/708 707/707/707 706/706/706
f 707/707/707 709/709/709 706/706/706
f 709/709/709 710/710/710 706/706/706
f 710/710/710 711/711/711 706/706/706
f 710/710/710 709/709/709 712/712/712
f 713/713/713 710/710/710 712/712/712
f 713/713/713 712/712/712 714/714/714
f 712/712/712 715/715/715 714/714/714
f 716/716/716 714/714/714 715/715/715
f 717/717/717 716/716/716 715/715/715
f 718/718/718 716/716/716 717/717/717
f 719/719/719 718/718/718 717/717/717
f 719/719/719 720/720/720 718/718/718
f 720/720/720 721/721/721 718/718/718
f 722/722/722 720/720/720 719/719/719
f 723/723/723 722/722/722 719/719/719
f 726/726/726 725/725/725 724/724/724
f 727/727/727 726/726/726 724/724/724
f 727/727/727 728/728/728 726/726/726
f 728/728/728 729/729/729 726/726/726
f 728/728/728 730/730/730 729/729/729
f 729/729/729 730/730/730 731/731/731
f 730/730/730 732/732/732 731/731/731
f 731/731/731 732/732/732 733/733/733
f 732/732/732 734/734/734 733/733/733
f 733/733/733 734/734/734 735/735/735
f 734/734/734 736/736/736 735/735/735
f 735/735/735 736/736/736 737/737/737
f 737/737/737 736/736/736 738/738/738
f 739/739/739 737/737/737 738/738/738
f 738/738/738 740/740/740 739/739/739
f 740/740/740 741/741/741 739/739/739
f 740/740/740 742/742/742 741/741/741
f 741/741/741 742/742/742 743/743/743
f 744/744/744 743/743/743 742/742/742
f 745/745/745 744/744/744 742/742/742
f 744/744/744 745/745/745 746/746/746
f 745/745/745 747/747/747 746/746/746
f 748/748/748 746/746/746 747/747/747
f 749/749/749 748/748/748 747/747/747
f 748/748/748 749/749/749 750/750/750
f 749/749/749 751/751/751 750/750/750
f 750/750/750 751/751/751 752/752/752
f 753/753/753 750/750/750 752/752/752
f 756/756/756 755/755/755 754/754/754
f 757/757/757 754/754/754 755/755/755
f 758/758/758 757/757/757 755/755/755
f 757/757/757 758/758/758 759/759/759
f 758/758/758 760/760/760 759/759/759
f 759/759/759 760/760/760 761/761/761
f 760/760/760 762/762/762 761/761/761
f 765/765/765 764/764/764 763/763/763
f 764/764/764 766/766/766 763/763/763
f 763/763/763 766/766/766 767/767/767
f 766/766/766 768/768/768 767/767/767
f 769/769/769 767/767/767 768/768/768
f 770/770/770 769/769/769 768/768/768
f 769/769/769 770/770/770 771/771/771
f 770/770/770 772/772/772 771/771/771
f 771/771/771 772/772/772 773/773/773
f 772/772/772 774/774/774 773/773/773
f 773/773/773 774/774/774 775/775/775
f 774/774/774 776/776/776 775/775/775
f 777/777/777 775/775/775 776/776/776
f 778/778/778 777/777/777 776/776/776
f 779/779/779 777/777/777 778/778/778
f 780/780/780 779/779/779 778/778/778
f 779/779/779 780/780/780 781/781/781
f 782/782/782 779/779/779 781/781/781
f 783/783/783 782/782/782 781/781/781
f 784/784/784 783/783/783 781/781/781
f 783/783/783 784/784/784 785/785/785
f 786/786/786 783/783/783 785/785/785
f 787/787/787 786/786/786 785/785/785
f 788/788/788 787/787/787 785/785/785
f 787/787/787 788/788/788 789/789/789
f 790/790/790 787/787/787 789/789/789
f 791/791/791 790/790/790 789/789/789
f 792/792/792 791/791/791 789/789/789
f 795/795/795 794/794/794 793/793/793
f 794/794/794 796/796/796 793/793/793
f 797/797/797 796/796/796 794/794/794
f 798/798/798 797/797/797 794/794/794
f 798/798/798 799/799/799 797/797/797
f 799/799/799 800/800/800 797/797/797
f 800/800/800 799/799/799 801/801/801
f 799/799/799 802/802/802 801/801/801
f 801/801/801 802/802/802 803/803/803
f 804/804/804 801/801/801 803/803/803
f 804/804/804 803/803/803 805/805/805
f 803/803/803 806/806/806 805/805/805
f 805/805/805 806/806/806 807/807/807
f 806/806/806 808/808/808 807/807/807
f 807/807/807 808/808/808 809/809/809
f 808/808/808 810/810/810 809/809/809
f 810/810/810 811/811/811 809/809/809
f 811/811/811 812/812/812 809/809/809
f 813/813/813 812/812/812 811/811/811
f 814/814/814 813/813/813 811/811/811
f 815/815/815 813/813/813 814/814/814
f 816/816/816 815/815/815 814/814/814
f 815/815/815 816/816/816 817/817/817
f 816/816/816 818/818/818 817/817/817
f 817/817/817 818/818/818 819/819/819
f 818/818/818 820/820/820 819/819/819
f 819/819/819 820/820/820 821/821/821
f 820/820/820 822/822/822 821/821/821
f 825/825/825 824/824/824 823/823/823
f 824/824/824 826/826/826 823/823/823
f 826/826/826 824/824/824 827/827/827
f 828/828/828 826/826/826 827/827/827
f 824/824/824 829/829/829 827/827/827
f 830/830/830 829/829/829 824/824/824
f 833/833/833 832/832/832 831/831/831
f 834/834/834 831/831/831 832/832/832
f 835/835/835 834/834/834 832/832/832
f 836/836/836 834/834/834 835/835/835
f 832/832/832 837/837/837 835/835/835
f 837/837/837 838/838/838 835/835/835
f 841/841/841 840/840/840 839/839/839
f 840/840/840 842/842/842 839/839/839
f 839/839/839 842/842/842 843/843/843
f 842/842/842 844/844/844 843/843/843
f 845/845/845 843/843/843 844/844/844
f 848/848/848 847/847/847 846/846/846
f 849/849/849 848/848/848 846/846/846
f 852/852/852 851/851/851 850/850/850
f 853/853/853 852/852/852 850/850/850
f 856/856/856 855/855/855 854/854/854
f 857/857/857 856/856/856 854/854/854
f 860/860/860 859/859/859 858/858/858
f 859/859/859 861/861/861 858/858/858
f 858/858/858 861/861/861 862/862/862
f 861/861/861 863/863/863 862/862/862
f 862/862/862 863/863/863 864/864/864
f 865/865/865 864/864/864 863/863/863
f 866/866/866 865/865/865 863/863/863
f 866/866/866 867/867/867 865/865/865
f 867/867/867 868/868/868 865/865/865
f 871/871/871 870/870/870 869/869/869
f 872/872/872 871/871/871 869/869/869
f 871/871/871 872/872/872 873/873/873
f 872/872/872 874/874/874 873/873/873
f 875/875/875 873/873/873 874/874/874
f 875/875/875 876/876/876 873/873/873
f 876/876/876 877/877/877 873/873/873
f 877/877/877 876/876/876 878/878/878
f 879/879/879 877/877/877 878/878/878
f 882/882/882 881/881/881 880/880/880
f 883/883/883 882/882/882 880/880/880
f 886/886/886 885/885/885 884/884/884
f 887/887/887 886/886/886 884/884/884
f 890/890/890 889/889/889 888/888/888
f 891/891/891 890/890/890 888/888/888
f 891/891/891 892/892/892 890/890/890
f 892/892/892 893/893/893 890/890/890
f 892/892/892 891/891/891 894/894/894
f 895/895/895 892/892/892 894/894/894
f 895/895/895 894/894/894 896/896/896
f 894/894/894 897/897/897 896/896/896
f 898/898/898 896/896/896 897/897/897
f 899/899/899 898/898/898 897/897/897
f 900/900/900 898/898/898 899/899/899
f 901/901/901 900/900/900 899/899/899
f 901/901/901 902/902/902 900/900/900
f 902/902/902 903/903/903 900/900/900
f 904/904/904 902/902/902 901/901/901
f 905/905/905 904/904/904 901/901/901
f 908/908/908 907/907/907 906/906/906
f 909/909/909 908/908/908 906/906/906
f 909/909/909 910/910/910 908/908/908
f 910/910/910 911/911/911 908/908/908
f 910/910/910 912/912/912 911/911/911
f 911/911/911 912/912/912 913/913/913
f 912/912/912 914/914/914 913/913/913
f 913/913/913 914/914/914 915/915/915
f 914/914/914 916/916/916 915/915/915
f 915/915/915 916/916/916 917/917/917
f 916/916/916 918/918/918 917/917/917
f 917/917/917 918/918/918 919/919/919
f 919/919/919 918/918/918 920/920/920
f 921/921/921 919/919/919 920/920/920
f 920/920/920 922/922/922 921/921/921
f 922/922/922 923/923/923 921/921/921
f 922/922/922 924/924/924 923/923/923
f 923/923/923 924/924/924 925/925/925
f 926/926/926 925/925/925 924/924/924
f 927/927/927 926/926/926 924/924/924
f 926/926/926 927/927/927 928/928/928
f 927/927/927 929/929/929 928/928/928
f 930/930/930 928/928/928 929/929/929
f 931/931/931 930/930/930 929/929/929
f 930/930/930 931/931/931 932/932/932
f 931/931/931 933/933/933 932/932/932
f 932/932/932 933/933/933 934/934/934
f 935/935/935 932/932/932 934/934/934
f 938/938/938 937/937/937 936/936/936
f 939/939/939 936/936/936 937/937/937
f 940/940/940 939/939/939 937/937/937
f 939/939/939 940/940/940 941/941/941
f 940/940/940 942/942/942 941/941/941
f 941/941/941 942/942/942 943/943/943
f 942/942/942 944/944/944 943/943/943
f 947/947/947 946/946/946 945/945/945
f 946/946/946 948/948/948 945/945/945
f 945/945/945 948/948/948 949/949/949
f 948/948/948 950/950/950 949/949/949
f 951/951/951 949/949/949 950/950/950
f 952/952/952 951/951/951 950/950/950
f 951/951/951 952/952/952 953/953/953
f 952/952/952 954/954/954 953/953/953
f 953/953/953 954/954/954 955/955/955
f 954/954/954 956/956/956 955/955/955
f 955/955/955 956/956/956 957/957/957
f 956/956/956 958/958/958 957/957/957
f 959/959/959 957/957/957 958/958/958
f 960/960/960 959/959/959 958/958/958
f 961/961/961 959/959/959 960/960/960
f 962/962/962 961/961/961 960/960/960
f 961/961/961 962/962/962 963/963/963
f 964/964/964 961/961/961 963/963/963
f 965/965/965 964/964/964 963/963/963
f 966/966/966 965/965/965 963/963/963
f 965/965/965 966/966/966 967/967/967
f 968/968/968 965/965/965 967/967/967
f 969/969/969 968/968/968 967/967/967
f 970/970/970 969/969/969 967/967/967
f 969/969/969 970/970/970 971/971/971
f 972/972/972 969/969/969 971/971/971
f 973/973/973 972/972/972 971/971/971
f 974/974/974 973/973/973 971/971/971
f 977/977/977 976/976/976 975/975/975
f 976/976/976 978/978/978 975/975/975
f 979/979/979 978/978/978 976/976/976
f 980/980/980 979/979/979 976/976/976
f 980/980/980 981/981/981 979/979/979
f 981/981/981 982/982/982 979/979/979
f 982/982/982 981/981/981 983/983/983
f 981/981/981 984/984/984 983/983/983
f 983/983/983 984/984/984 985/985/985
f 986/986/986 983/983/983 985/985/985
f 986/986/986 985/985/985 987/987/987
f 985/985/985 988/988/988 987/987/987
f 987/987/987 988/988/988 989/989/989
f 988/988/988 990/990/990 989/989/989
f 989/989/989 990/990/990 991/991/991
f 990/990/990 992/992/992 991/991/991
f 992/992/992 993/993/993 991/991/991
f 993/993/993 994/994/994 991/991/991
f 995/995/995 994/994/994 993/993/993
f 996/996/996 995/995/995 993/993/993
f 997/997/997 995/995/995 996/996/996
f 998/998/998 997/997/997 996/996/996
f 997/997/997 998/998/998 999/999/999
f 998/998/998 1000/1000/1000 999/999/999
f 999/999/999 1000/1000/1000 1001/1001/1001
f 1000/1000/1000 1002/1002/1002 1001/1001/1001
f 1001/1001/1001 1002/1002/1002 1003/1003/1003
f 1002/1002/1002 1004/1004/1004 1003/1003/1003
f 1007/1007/1007 1006/1006/1006 1005/1005/1005
f 1006/1006/1006 1008/1008/1008 1005/1005/1005
f 1008/1008/1008 1006/1006/1006 1009/1009/1009
f 1010/1010/1010 1008/1008/1008 1009/1009/1009
f 1006/1006/1006 1011/1011/1011 1009/1009/1009
f 1012/1012/1012 1011/1011/1011 1006/1006/1006
f 1015/1015/1015 1014/1014/1014 1013/1013/1013
f 1016/1016/1016 1013/1013/1013 1014/1014/1014
f 1017/1017/1017 1016/1016/1016 1014/1014/1014
f 1018/1018/1018 1016/1016/1016 1017/1017/1017
f 1014/1014/1014 1019/1019/1019 1017/1017/1017
f 1019/1019/1019 1020/1020/1020 1017/1017/1017
f 1023/1023/1023 1022/1022/1022 1021/1021/1021
f 1022/1022/1022 1024/1024/1024 1021/1021/1021
f 1021/1021/1021 1024/1024/1024 1025/1025/1025
f 1024/1024/1024 1026/1026/1026 1025/1025/1025
f 1027/1027/1027 1025/1025/1025 1026/1026/1026
f 1030/1030/1030 1029/1029/1029 1028/1028/1028
f 1031/1031/1031 1030/1030/1030 1028/1028/1028
f 1034/1034/1034 1033/1033/1033 1032/1032/1032
f 1035/1035/1035 1034/1034/1034 1032/1032/1032
f 1038/1038/1038 1037/1037/1037 1036/1036/1036
f 1039/1039/1039 1038/1038/1038 1036/1036/1036
f 1042/1042/1042 1041/1041/1041 1040/1040/1040
f 1041/1041/1041 1043/1043/1043 1040/1040/1040
f 1040/1040/1040 1043/1043/1043 1044/1044/1044
f 1043/1043/1043 1045/1045/1045 1044/1044/1044
f 1044/1044/1044 1045/1045/1045 1046/1046/1046
f 1047/1047/1047 1046/1046/1046 1045/1045/1045
f 1048/1048/1048 1047/1047/1047 1045/1045/1045
f 1048/1048/1048 1049/1049/1049 1047/1047/1047
f 1049/1049/1049 1050/1050/1050 1047/1047/1047
f 1053/1053/1053 1052/1052/1052 1051/1051/1051
f 1054/1054/1054 1053/1053/1053 1051/1051/1051
f 1053/1053/1053 1054/1054/1054 1055/1055/1055
f 1054/1054/1054 1056/1056/1056 1055/1055/1055
f 1057/1057/1057 1055/1055/1055 1056/1056/1056
f 1057/1057/1057 1058/1058/1058 1055/1055/1055
f 1058/1058/1058 1059/1059/1059 1055/1055/1055
f 1059/1059/1059 1058/1058/1058 1060/1060/1060
f 1061/1061/1061 1059/1059/1059 1060/1060/1060
f 1064/1064/1064 1063/1063/1063 1062/1062/1062
f 1065/1065/1065 1064/1064/1064 1062/1062/1062
f 1068/1068/1068 1067/1067/1067 1066/1066/1066
f 1069/1069/1069 1068/1068/1068 1066/1066/1066
f 1072/1072/1072 1071/1071/1071 1070/1070/1070
f 1073/1073/1073 1072/1072/1072 1070/1070/1070
f 1073/1073/1073 1074/1074/1074 1072/1072/1072
f 1074/1074/1074 1075/1075/1075 1072/1072/1072
f 1074/1074/1074 1073/1073/1073 1076/1076/1076
f 1077/1077/1077 1074/1074/1074 1076/1076/1076
f 1077/1077/1077 1076/1076/1076 1078/1078/1078
f 1076/1076/1076 1079/1079/1079 1078/1078/1078
f 1080/1080/1080 1078/1078/1078 1079/1079/1079
f 1081/1081/1081 1080/1080/1080 1079/1079/1079
f 1082/1082/1082 1080/1080/1080 1081/1081/1081
f 1083/1083/1083 1082/1082/1082 1081/1081/1081
f 1083/1083/1083 1084/1084/1084 1082/1082/1082
f 1084/1084/1084 1085/1085/1085 1082/1082/1082
f 1086/1086/1086 1084/1084/1084 1083/1083/1083
f 1087/1087/1087 1086/1086/1086 1083/1083/1083
f 1090/1090/1090 1089/1089/1089 1088/1088/1088
f 1088/1088/1088 1089/1089/1089 1091/1091/1091
f 1092/1092/1092 1091/1091/1091 1089/1089/1089
f 1092/1092/1092 1093/1093/1093 1091/1091/1091
f 1093/1093/1093 1094/1094/1094 1091/1091/1091
f 1093/1093/1093 1092/1092/1092 1095/1095/1095
f 1092/1092/1092 1096/1096/1096 1095/1095/1095
f 1094/1094/1094 1093/1093/1093 1097/1097/1097
f 1098/1098/1098 1094/1094/1094 1097/1097/1097
f 1095/1095/1095 1096/1096/1096 1099/1099/1099
f 1096/1096/1096 1100/1100/1100 1099/1099/1099
f 1098/1098/1098 1097/1097/1097 1101/1101/1101
f 1102/1102/1102 1098/1098/1098 1101/1101/1101
f 1101/1101/1101 1103/1103/1103 1102/1102/1102
f 1103/1103/1103 1104/1104/1104 1102/1102/1102
f 1105/1105/1105 1103/1103/1103 1101/1101/1101
f 1106/1106/1106 1105/1105/1105 1101/1101/1101
f 1106/1106/1106 1101/1101/1101 1107/1107/1107
f 1107/1107/1107 1101/1101/1101 1097/1097/1097
f 1108/1108/1108 1099/1099/1099 1100/1100/1100
f 1109/1109/1109 1108/1108/1108 1100/1100/1100
f 1110/1110/1110 1108/1108/1108 1109/1109/1109
f 1111/1111/1111 1110/1110/1110 1109/1109/1109
f 1110/1110/1110 1112/1112/1112 1108/1108/1108
f 1113/1113/1113 1108/1108/1108 1112/1112/1112
f 1099/1099/1099 1108/1108/1108 1113/1113/1113
f 1114/1114/1114 1113/1113/1113 1112/1112/1112
f 1107/1107/1107 1115/1115/1115 1106/1106/1106
f 1116/1116/1116 1106/1106/1106 1115/1115/1115
f 1113/1113/1113 1114/1114/1114 1117/1117/1117
f 1118/1118/1118 1117/1117/1117 1114/1114/1114
f 1115/1115/1115 1119/1119/1119 1116/1116/1116
f 1120/1120/1120 1116/1116/1116 1119/1119/1119
f 1119/1119/1119 1121/1121/1121 1120/1120/1120
f 1120/1120/1120 1121/1121/1121 1122/1122/1122
f 1117/1117/1117 1118/1118/1118 1123/1123/1123
f 1124/1124/1124 1123/1123/1123 1118/1118/1118
f 1125/1125/1125 1123/1123/1123 1124/1124/1124
f 1125/1125/1125 1124/1124/1124 1126/1126/1126
f 1115/1115/1115 1127/1127/1127 1119/1119/1119
f 1127/1127/1127 1128/1128/1128 1119/1119/1119
f 1121/1121/1121 1119/1119/1119 1128/1128/1128
f 1129/1129/1129 1121/1121/1121 1128/1128/1128
f 1121/1121/1121 1129/1129/1129 1130/1130/1130
f 1131/1131/1131 1121/1121/1121 1130/1130/1130
f 1132/1132/1132 1127/1127/1127 1115/1115/1115
f 1131/1131/1131 1133/1133/1133 1121/1121/1121
f 1134/1134/1134 1132/1132/1132 1115/1115/1115
f 1135/1135/1135 1132/1132/1132 1134/1134/1134
f 1115/1115/1115 1107/1107/1107 1134/1134/1134
f 1136/1136/1136 1135/1135/1135 1134/1134/1134
f 1107/1107/1107 1137/1137/1137 1134/1134/1134
f 1134/1134/1134 1137/1137/1137 1136/1136/1136
f 1137/1137/1137 1107/1107/1107 1097/1097/1097
f 1138/1138/1138 1136/1136/1136 1137/1137/1137
f 1137/1137/1137 1097/1097/1097 1138/1138/1138
f 1093/1093/1093 1138/1138/1138 1097/1097/1097
f 1138/1138/1138 1093/1093/1093 1139/1139/1139
f 1140/1140/1140 1138/1138/1138 1139/1139/1139
f 1093/1093/1093 1095/1095/1095 1139/1139/1139
f 1140/1140/1140 1139/1139/1139 1141/1141/1141
f 1139/1139/1139 1095/1095/1095 1141/1141/1141
f 1095/1095/1095 1099/1099/1099 1141/1141/1141
f 1142/1142/1142 1141/1141/1141 1099/1099/1099
f 1142/1142/1142 1099/1099/1099 1113/1113/1113
f 1141/1141/1141 1142/1142/1142 1143/1143/1143
f 1142/1142/1142 1113/1113/1113 1144/1144/1144
f 1142/1142/1142 1144/1144/1144 1143/1143/1143
f 1143/1143/1143 1144/1144/1144 1145/1145/1145
f 1144/1144/1144 1146/1146/1146 1145/1145/1145
f 1113/1113/1113 1117/1117/1117 1144/1144/1144
f 1146/1146/1146 1144/1144/1144 1117/1117/1117
f 1147/1147/1147 1146/1146/1146 1117/1117/1117
f 1117/1117/1117 1123/1123/1123 1147/1147/1147
f 1148/1148/1148 1147/1147/1147 1123/1123/1123
f 1123/1123/1123 1125/1125/1125 1148/1148/1148
f 1149/1149/1149 1148/1148/1148 1125/1125/1125
f 1149/1149/1149 1125/1125/1125 1150/1150/1150
f 1151/1151/1151 1150/1150/1150 1125/1125/1125
f 1125/1125/1125 1152/1152/1152 1151/1151/1151
f 1126/1126/1126 1152/1152/1152 1125/1125/1125
f 1126/1126/1126 1153/1153/1153 1152/1152/1152
f 1154/1154/1154 1151/1151/1151 1152/1152/1152
f 1152/1152/1152 1153/1153/1153 1154/1154/1154
f 1153/1153/1153 1126/1126/1126 1155/1155/1155
f 1153/1153/1153 1155/1155/1155 1156/1156/1156
f 1157/1157/1157 1153/1153/1153 1156/1156/1156
f 1158/1158/1158 1157/1157/1157 1156/1156/1156
f 1157/1157/1157 1159/1159/1159 1153/1153/1153
f 1159/1159/1159 1160/1160/1160 1153/1153/1153
f 1160/1160/1160 1154/1154/1154 1153/1153/1153
f 1159/1159/1159 1161/1161/1161 1160/1160/1160
f 1160/1160/1160 1162/1162/1162 1154/1154/1154
f 1163/1163/1163 1154/1154/1154 1162/1162/1162
f 1163/1163/1163 1162/1162/1162 1164/1164/1164
f 1160/1160/1160 1165/1165/1165 1162/1162/1162
f 1160/1160/1160 1161/1161/1161 1165/1165/1165
f 1165/1165/1165 1164/1164/1164 1162/1162/1162
f 1165/1165/1165 1166/1166/1166 1164/1164/1164
f 1161/1161/1161 1167/1167/1167 1165/1165/1165
f 1168/1168/1168 1165/1165/1165 1167/1167/1167
f 1165/1165/1165 1168/1168/1168 1166/1166/1166
f 1169/1169/1169 1167/1167/1167 1161/1161/1161
f 1170/1170/1170 1169/1169/1169 1161/1161/1161
f 1170/1170/1170 1171/1171/1171 1169/1169/1169
f 1172/1172/1172 1166/1166/1166 1168/1168/1168
f 1166/1166/1166 1172/1172/1172 1173/1173/1173
f 1174/1174/1174 1173/1173/1173 1172/1172/1172
f 1166/1166/1166 1173/1173/1173 1175/1175/1175
f 1166/1166/1166 1175/1175/1175 1176/1176/1176
f 1177/1177/1177 1164/1164/1164 1166/1166/1166
f 1177/1177/1177 1166/1166/1166 1176/1176/1176
f 1177/1177/1177 1178/1178/1178 1164/1164/1164
f 1177/1177/1177 1176/1176/1176 1178/1178/1178
f 1179/1179/1179 1164/1164/1164 1178/1178/1178
f 1179/1179/1179 1178/1178/1178 1180/1180/1180
f 1181/1181/1181 1180/1180/1180 1178/1178/1178
f 1176/1176/1176 1182/1182/1182 1178/1178/1178
f 1181/1181/1181 1178/1178/1178 1183/1183/1183
f 1182/1182/1182 1184/1184/1184 1178/1178/1178
f 1184/1184/1184 1183/1183/1183 1178/1178/1178
f 1182/1182/1182 1185/1185/1185 1184/1184/1184
f 1186/1186/1186 1183/1183/1183 1184/1184/1184
f 1187/1187/1187 1184/1184/1184 1185/1185/1185
f 1186/1186/1186 1184/1184/1184 1187/1187/1187
f 1188/1188/1188 1187/1187/1187 1185/1185/1185
f 1189/1189/1189 1186/1186/1186 1187/1187/1187
f 1190/1190/1190 1187/1187/1187 1188/1188/1188
f 1189/1189/1189 1187/1187/1187 1191/1191/1191
f 1187/1187/1187 1190/1190/1190 1191/1191/1191
f 1190/1190/1190 1192/1192/1192 1191/1191/1191
f 1195/1195/1195 1194/1194/1194 1193/1193/1193
f 1196/1196/1196 1193/1193/1193 1194/1194/1194
f 1193/1193/1193 1196/1196/1196 1197/1197/1197
f 1194/1194/1194 1198/1198/1198 1196/1196/1196
f 1197/1197/1197 1196/1196/1196 1199/1199/1199
f 1200/1200/1200 1196/1196/1196 1198/1198/1198
f 1198/1198/1198 1201/1201/1201 1200/1200/1200
f 1199/1199/1199 1196/1196/1196 1202/1202/1202
f 1199/1199/1199 1202/1202/1202 1203/1203/1203
f 1204/1204/1204 1199/1199/1199 1203/1203/1203
f 1202/1202/1202 1196/1196/1196 1205/1205/1205
f 1200/1200/1200 1205/1205/1205 1196/1196/1196
f 1205/1205/1205 1206/1206/1206 1202/1202/1202
f 1206/1206/1206 1203/1203/1203 1202/1202/1202
f 1203/1203/1203 1206/1206/1206 1207/1207/1207
f 1208/1208/1208 1203/1203/1203 1207/1207/1207
f 1203/1203/1203 1208/1208/1208 1209/1209/1209
f 1210/1210/1210 1204/1204/1204 1203/1203/1203
f 1210/1210/1210 1203/1203/1203 1209/1209/1209
f 1204/1204/1204 1210/1210/1210 1211/1211/1211
f 1212/1212/1212 1210/1210/1210 1209/1209/1209
f 1210/1210/1210 1212/1212/1212 1211/1211/1211
f 1213/1213/1213 1212/1212/1212 1209/1209/1209
f 1212/1212/1212 1214/1214/1214 1211/1211/1211
f 1213/1213/1213 1215/1215/1215 1212/1212/1212
f 1216/1216/1216 1214/1214/1214 1212/1212/1212
f 1215/1215/1215 1216/1216/1216 1212/1212/1212
f 1216/1216/1216 1215/1215/1215 1217/1217/1217
f 1216/1216/1216 1218/1218/1218 1214/1214/1214
f 1219/1219/1219 1216/1216/1216 1217/1217/1217
f 1216/1216/1216 1220/1220/1220 1218/1218/1218
f 1220/1220/1220 1216/1216/1216 1219/1219/1219
f 1221/1221/1221 1218/1218/1218 1220/1220/1220
f 1222/1222/1222 1220/1220/1220 1219/1219/1219
f 1221/1221/1221 1220/1220/1220 1223/1223/1223
f 1220/1220/1220 1222/1222/1222 1223/1223/1223
f 1224/1224/1224 1221/1221/1221 1223/1223/1223
f 1222/1222/1222 1225/1225/1225 1223/1223/1223
f 1227/1227/1227 1226/1226/1226 1201/1201/1201
f 1226/1226/1226 1228/1228/1228 1201/1201/1201
f 1200/1200/1200 1201/1201/1201 1228/1228/1228
f 1228/1228/1228 1226/1226/1226 1229/1229/1229
f 1228/1228/1228 1229/1229/1229 1230/1230/1230
f 1231/1231/1231 1230/1230/1230 1229/1229/1229
f 1231/1231/1231 1232/1232/1232 1230/1230/1230
f 1230/1230/1230 1232/1232/1232 1233/1233/1233
f 1234/1234/1234 1230/1230/1230 1233/1233/1233
f 1122/1122/1122 1230/1230/1230 1234/1234/1234
f 1200/1200/1200 1228/1228/1228 1235/1235/1235
f 1200/1200/1200 1235/1235/1235 1205/1205/1205
f 1236/1236/1236 1205/1205/1205 1235/1235/1235
f 1236/1236/1236 1235/1235/1235 1133/1133/1133
f 1228/1228/1228 1133/1133/1133 1235/1235/1235
f 1228/1228/1228 1230/1230/1230 1133/1133/1133
f 1237/1237/1237 1230/1230/1230 1122/1122/1122
f 1237/1237/1237 1133/1133/1133 1230/1230/1230
f 1237/1237/1237 1122/1122/1122 1121/1121/1121
f 1237/1237/1237 1121/1121/1121 1133/1133/1133
f 1240/1240/1240 1239/1239/1239 1238/1238/1238
f 1241/1241/1241 1240/1240/1240 1238/1238/1238
f 1244/1244/1244 1243/1243/1243 1242/1242/1242
f 1245/1245/1245 1244/1244/1244 1242/1242/1242
f 1248/1248/1248 1247/1247/1247 1246/1246/1246
f 1249/1249/1249 1248/1248/1248 1246/1246/1246
f 1252/1252/1252 1251/1251/1251 1250/1250/1250
f 1253/1253/1253 1250/1250/1250 1251/1251/1251
f 1251/1251/1251 1254/1254/1254 1253/1253/1253
f 1255/1255/1255 1253/1253/1253 1254/1254/1254
f 1255/1255/1255 1254/1254/1254 1256/1256/1256
f 1254/1254/1254 1257/1257/1257 1256/1256/1256
f 1256/1256/1256 1257/1257/1257 1258/1258/1258
f 1259/1259/1259 1258/1258/1258 1257/1257/1257
f 1258/1258/1258 1259/1259/1259 1260/1260/1260
f 1261/1261/1261 1260/1260/1260 1259/1259/1259
f 1264/1264/1264 1263/1263/1263 1262/1262/1262
f 1265/1265/1265 1262/1262/1262 1263/1263/1263
f 1263/1263/1263 1266/1266/1266 1265/1265/1265
f 1269/1269/1269 1268/1268/1268 1267/1267/1267
f 1270/1270/1270 1267/1267/1267 1268/1268/1268
f 1270/1270/1270 1271/1271/1271 1267/1267/1267
f 1274/1274/1274 1273/1273/1273 1272/1272/1272
f 1273/1273/1273 1274/1274/1274 1275/1275/1275
f 1276/1276/1276 1275/1275/1275 1274/1274/1274
f 1279/1279/1279 1278/1278/1278 1277/1277/1277
f 1278/1278/1278 1279/1279/1279 1280/1280/1280
f 1280/1280/1280 1279/1279/1279 1281/1281/1281
f 1281/1281/1281 1279/1279/1279 1282/1282/1282
f 1283/1283/1283 1282/1282/1282 1279/1279/1279
f 1282/1282/1282 1283/1283/1283 1284/1284/1284
f 1283/1283/1283 1285/1285/1285 1284/1284/1284
f 1284/1284/1284 1285/1285/1285 1286/1286/1286
f 1287/1287/1287 1284/1284/1284 1286/1286/1286
f 1286/1286/1286 1285/1285/1285 1288/1288/1288
f 1286/1286/1286 1288/1288/1288 1289/1289/1289
f 1290/1290/1290 1289/1289/1289 1288/1288/1288
f 1291/1291/1291 1289/1289/1289 1290/1290/1290
f 1292/1292/1292 1289/1289/1289 1291/1291/1291
f 1291/1291/1291 1290/1290/1290 1293/1293/1293
f 1294/1294/1294 1291/1291/1291 1293/1293/1293
f 1293/1293/1293 1295/1295/1295 1294/1294/1294
f 1296/1296/1296 1294/1294/1294 1295/1295/1295
f 1296/1296/1296 1295/1295/1295 1297/1297/1297
f 1295/1295/1295 1298/1298/1298 1297/1297/1297
f 1297/1297/1297 1298/1298/1298 1299/1299/1299
f 1300/1300/1300 1299/1299/1299 1298/1298/1298
f 1301/1301/1301 1300/1300/1300 1298/1298/1298
f 1302/1302/1302 1301/1301/1301 1298/1298/1298
f 1305/1305/1305 1304/1304/1304 1303/1303/1303
f 1304/1304/1304 1306/1306/1306 1303/1303/1303
f 1304/1304/1304 1307/1307/1307 1306/1306/1306
f 1304/1304/1304 1308/1308/1308 1307/1307/1307
f 1311/1311/1311 1310/1310/1310 1309/1309/1309
f 1310/1310/1310 1311/1311/1311 1312/1312/1312
f 1312/1312/1312 1313/1313/1313 1310/1310/1310
f 1314/1314/1314 1312/1312/1312 1311/1311/1311
f 1317/1317/1317 1316/1316/1316 1315/1315/1315
f 1316/1316/1316 1318/1318/1318 1315/1315/1315
f 1319/1319/1319 1315/1315/1315 1318/1318/1318
f 1316/1316/1316 1320/1320/1320 1318/1318/1318
f 1323/1323/1323 1322/1322/1322 1321/1321/1321
f 1324/1324/1324 1321/1321/1321 1322/1322/1322
f 1327/1327/1327 1326/1326/1326 1325/1325/1325
f 1328/1328/1328 1325/1325/1325 1326/1326/1326
f 1326/1326/1326 1329/1329/1329 1328/1328/1328
f 1329/1329/1329 1326/1326/1326 1330/1330/1330
f 1331/1331/1331 1330/1330/1330 1326/1326/1326
f 1332/1332/1332 1330/1330/1330 1331/1331/1331
f 1325/1325/1325 1328/1328/1328 1333/1333/1333
f 1325/1325/1325 1333/1333/1333 1334/1334/1334
f 1335/1335/1335 1325/1325/1325 1334/1334/1334
f 1336/1336/1336 1335/1335/1335 1334/1334/1334
f 1337/1337/1337 1335/1335/1335 1336/1336/1336
f 1338/1338/1338 1334/1334/1334 1333/1333/1333
f 1334/1334/1334 1338/1338/1338 1339/1339/1339
f 1334/1334/1334 1339/1339/1339 1336/1336/1336
f 1338/1338/1338 1333/1333/1333 1340/1340/1340
f 1333/1333/1333 1341/1341/1341 1340/1340/1340
f 1328/1328/1328 1341/1341/1341 1333/1333/1333
f 1342/1342/1342 1340/1340/1340 1341/1341/1341
f 1336/1336/1336 1343/1343/1343 1337/1337/1337
f 1337/1337/1337 1343/1343/1343 1344/1344/1344
f 1345/1345/1345 1337/1337/1337 1344/1344/1344
f 1343/1343/1343 1336/1336/1336 1346/1346/1346
f 1347/1347/1347 1336/1336/1336 1339/1339/1339
f 1348/1348/1348 1347/1347/1347 1339/1339/1339
f 1339/1339/1339 1349/1349/1349 1348/1348/1348
f 1350/1350/1350 1348/1348/1348 1349/1349/1349
f 1347/1347/1347 1351/1351/1351 1336/1336/1336
f 1336/1336/1336 1351/1351/1351 1346/1346/1346
f 1352/1352/1352 1346/1346/1346 1351/1351/1351
f 1346/1346/1346 1352/1352/1352 1353/1353/1353
f 1356/1356/1356 1355/1355/1355 1354/1354/1354
f 1357/1357/1357 1356/1356/1356 1354/1354/1354
f 1360/1360/1360 1359/1359/1359 1358/1358/1358
f 1361/1361/1361 1358/1358/1358 1359/1359/1359
f 1361/1361/1361 1362/1362/1362 1358/1358/1358
f 1363/1363/1363 1358/1358/1358 1362/1362/1362
f 1363/1363/1363 1362/1362/1362 1364/1364/1364
f 1365/1365/1365 1363/1363/1363 1364/1364/1364
f 1364/1364/1364 1366/1366/1366 1365/1365/1365
f 1366/1366/1366 1367/1367/1367 1365/1365/1365
f 1367/1367/1367 1366/1366/1366 1368/1368/1368
f 1369/1369/1369 1368/1368/1368 1366/1366/1366
f 1369/1369/1369 1370/1370/1370 1368/1368/1368
f 1371/1371/1371 1368/1368/1368 1370/1370/1370
f 1374/1374/1374 1373/1373/1373 1372/1372/1372
f 1374/1374/1374 1372/1372/1372 1375/1375/1375
f 1376/1376/1376 1374/1374/1374 1375/1375/1375
f 1376/1376/1376 1375/1375/1375 1377/1377/1377
f 1378/1378/1378 1376/1376/1376 1377/1377/1377
f 1378/1378/1378 1377/1377/1377 1379/1379/1379
f 1377/1377/1377 1380/1380/1380 1379/1379/1379
f 1381/1381/1381 1376/1376/1376 1378/1378/1378
f 1380/1380/1380 1382/1382/1382 1379/1379/1379
f 1383/1383/1383 1379/1379/1379 1382/1382/1382
f 1380/1380/1380 1384/1384/1384 1382/1382/1382
f 1381/1381/1381 1385/1385/1385 1376/1376/1376
f 1386/1386/1386 1385/1385/1385 1381/1381/1381
f 1385/1385/1385 1387/1387/1387 1376/1376/1376
f 1376/1376/1376 1387/1387/1387 1388/1388/1388
f 1388/1388/1388 1374/1374/1374 1376/1376/1376
f 1387/1387/1387 1389/1389/1389 1388/1388/1388
f 1390/1390/1390 1388/1388/1388 1389/1389/1389
f 1391/1391/1391 1374/1374/1374 1388/1388/1388
f 1391/1391/1391 1392/1392/1392 1374/1374/1374
f 1392/1392/1392 1391/1391/1391 1329/1329/1329
f 1388/1388/1388 1393/1393/1393 1391/1391/1391
f 1393/1393/1393 1329/1329/1329 1391/1391/1391
f 1393/1393/1393 1328/1328/1328 1329/1329/1329
f 1393/1393/1393 1394/1394/1394 1328/1328/1328
f 1395/1395/1395 1328/1328/1328 1394/1394/1394
f 1395/1395/1395 1394/1394/1394 1396/1396/1396
f 1399/1399/1399 1398/1398/1398 1397/1397/1397
f 1400/1400/1400 1399/1399/1399 1397/1397/1397
f 1403/1403/1403 1402/1402/1402 1401/1401/1401
f 1404/1404/1404 1402/1402/1402 1403/1403/1403
f 1407/1407/1407 1406/1406/1406 1405/1405/1405
f 1406/1406/1406 1408/1408/1408 1405/1405/1405
f 1408/1408/1408 1409/1409/1409 1405/1405/1405
f 1408/1408/1408 1410/1410/1410 1409/1409/1409
f 1411/1411/1411 1410/1410/1410 1408/1408/1408
f 1412/1412/1412 1410/1410/1410 1411/1411/1411
f 1412/1412/1412 1411/1411/1411 1413/1413/1413
f 1414/1414/1414 1413/1413/1413 1411/1411/1411
f 1413/1413/1413 1414/1414/1414 1415/1415/1415
f 1414/1414/1414 1416/1416/1416 1415/1415/1415
f 1416/1416/1416 1417/1417/1417 1415/1415/1415
f 1418/1418/1418 1415/1415/1415 1417/1417/1417
f 1417/1417/1417 1416/1416/1416 1419/1419/1419
f 1416/1416/1416 1420/1420/1420 1419/1419/1419
f 1420/1420/1420 1421/1421/1421 1419/1419/1419
f 1419/1419/1419 1421/1421/1421 1422/1422/1422
f 1422/1422/1422 1421/1421/1421 1423/1423/1423
f 1423/1423/1423 1421/1421/1421 1424/1424/1424
f 1420/1420/1420 1425/1425/1425 1421/1421/1421
f 1421/1421/1421 1426/1426/1426 1424/1424/1424
f 1426/1426/1426 1421/1421/1421 1425/1425/1425
f 1425/1425/1425 1427/1427/1427 1426/1426/1426
f 1427/1427/1427 1428/1428/1428 1426/1426/1426
f 1427/1427/1427 1429/1429/1429 1428/1428/1428
f 1427/1427/1427 1430/1430/1430 1429/1429/1429
f 1430/1430/1430 1431/1431/1431 1429/1429/1429
f 1432/1432/1432 1431/1431/1431 1430/1430/1430
f 1433/1433/1433 1431/1431/1431 1432/1432/1432
f 1436/1436/1436 1435/1435/1435 1434/1434/1434
f 1435/1435/1435 1437/1437/1437 1434/1434/1434
f 1437/1437/1437 1438/1438/1438 1434/1434/1434
f 1439/1439/1439 1438/1438/1438 1437/1437/1437
f 1440/1440/1440 1439/1439/1439 1437/1437/1437
f 1439/1439/1439 1440/1440/1440 1441/1441/1441
f 1442/1442/1442 1441/1441/1441 1440/1440/1440
f 1442/1442/1442 1443/1443/1443 1441/1441/1441
f 1442/1442/1442 1444/1444/1444 1443/1443/1443
f 1441/1441/1441 1443/1443/1443 1445/1445/1445
f 1441/1441/1441 1445/1445/1445 1446/1446/1446
f 1447/1447/1447 1443/1443/1443 1444/1444/1444
f 1447/1447/1447 1444/1444/1444 1448/1448/1448
f 1445/1445/1445 1449/1449/1449 1446/1446/1446
f 1449/1449/1449 1450/1450/1450 1446/1446/1446
f 1449/1449/1449 1451/1451/1451 1450/1450/1450
f 1445/1445/1445 1443/1443/1443 1452/1452/1452
f 1447/1447/1447 1452/1452/1452 1443/1443/1443
f 1445/1445/1445 1452/1452/1452 1449/1449/1449
f 1447/1447/1447 1449/1449/1449 1452/1452/1452
f 1453/1453/1453 1447/1447/1447 1448/1448/1448
f 1453/1453/1453 1449/1449/1449 1447/1447/1447
f 1453/1453/1453 1451/1451/1451 1449/1449/1449
f 1454/1454/1454 1451/1451/1451 1453/1453/1453
f 1455/1455/1455 1453/1453/1453 1448/1448/1448
f 1455/1455/1455 1454/1454/1454 1453/1453/1453
f 1454/1454/1454 1456/1456/1456 1451/1451/1451
f 1451/1451/1451 1456/1456/1456 1457/1457/1457
f 1454/1454/1454 1458/1458/1458 1456/1456/1456
f 1459/1459/1459 1456/1456/1456 1458/1458/1458
f 1457/1457/1457 1456/1456/1456 1459/1459/1459
f 1460/1460/1460 1457/1457/1457 1459/1459/1459
f 1459/1459/1459 1458/1458/1458 1460/1460/1460
f 1461/1461/1461 1457/1457/1457 1460/1460/1460
f 1462/1462/1462 1461/1461/1461 1460/1460/1460
f 1462/1462/1462 1460/1460/1460 1458/1458/1458
f 1461/1461/1461 1462/1462/1462 1463/1463/1463
f 1464/1464/1464 1463/1463/1463 1462/1462/1462
f 1464/1464/1464 1462/1462/1462 1458/1458/1458
f 1464/1464/1464 1465/1465/1465 1463/1463/1463
f 1466/1466/1466 1463/1463/1463 1465/1465/1465
f 1466/1466/1466 1465/1465/1465 1467/1467/1467
f 1468/1468/1468 1465/1465/1465 1464/1464/1464
f 1467/1467/1467 1465/1465/1465 1468/1468/1468
f 1464/1464/1464 1458/1458/1458 1468/1468/1468
f 1467/1467/1467 1468/1468/1468 1469/1469/1469
f 1469/1469/1469 1468/1468/1468 1470/1470/1470
f 1471/1471/1471 1469/1469/1469 1470/1470/1470
f 1472/1472/1472 1468/1468/1468 1458/1458/1458
f 1470/1470/1470 1468/1468/1468 1472/1472/1472
f 1471/1471/1471 1470/1470/1470 1473/1473/1473
f 1471/1471/1471 1473/1473/1473 1474/1474/1474
f 1475/1475/1475 1473/1473/1473 1470/1470/1470
f 1470/1470/1470 1476/1476/1476 1475/1475/1475
f 1477/1477/1477 1475/1475/1475 1476/1476/1476
f 1476/1476/1476 1470/1470/1470 1478/1478/1478
f 1477/1477/1477 1476/1476/1476 1478/1478/1478
f 1472/1472/1472 1478/1478/1478 1470/1470/1470
f 1477/1477/1477 1478/1478/1478 1472/1472/1472
f 1472/1472/1472 1458/1458/1458 1479/1479/1479
f 1479/1479/1479 1480/1480/1480 1472/1472/1472
f 1458/1458/1458 1454/1454/1454 1479/1479/1479
f 1479/1479/1479 1454/1454/1454 1480/1480/1480
f 1454/1454/1454 1481/1481/1481 1480/1480/1480
f 1481/1481/1481 1482/1482/1482 1480/1480/1480
f 1481/1481/1481 1454/1454/1454 1455/1455/1455
f 1481/1481/1481 1483/1483/1483 1482/1482/1482
f 1455/1455/1455 1483/1483/1483 1481/1481/1481
f 1486/1486/1486 1485/1485/1485 1484/1484/1484
f 1485/1485/1485 1487/1487/1487 1484/1484/1484
f 1487/1487/1487 1488/1488/1488 1484/1484/1484
f 1488/1488/1488 1489/1489/1489 1484/1484/1484
f 1489/1489/1489 1490/1490/1490 1484/1484/1484
f 1490/1490/1490 1489/1489/1489 1491/1491/1491
f 1492/1492/1492 1490/1490/1490 1491/1491/1491
f 1491/1491/1491 1493/1493/1493 1492/1492/1492
f 1492/1492/1492 1493/1493/1493 1494/1494/1494
f 1495/1495/1495 1493/1493/1493 1491/1491/1491
f 1494/1494/1494 1493/1493/1493 1496/1496/1496
f 1497/1497/1497 1496/1496/1496 1493/1493/1493
f 1498/1498/1498 1493/1493/1493 1495/1495/1495
f 1493/1493/1493 1498/1498/1498 1499/1499/1499
f 1498/1498/1498 1500/1500/1500 1499/1499/1499
f 1501/1501/1501 1499/1499/1499 1500/1500/1500
f 1499/1499/1499 1501/1501/1501 1502/1502/1502
f 1503/1503/1503 1499/1499/1499 1502/1502/1502
f 1502/1502/1502 1501/1501/1501 1504/1504/1504
f 1501/1501/1501 1505/1505/1505 1504/1504/1504
f 1504/1504/1504 1505/1505/1505 1506/1506/1506
f 1505/1505/1505 1507/1507/1507 1506/1506/1506
f 1501/1501/1501 1507/1507/1507 1505/1505/1505
f 1507/1507/1507 1501/1501/1501 1500/1500/1500
f 1507/1507/1507 1500/1500/1500 1508/1508/1508
f 1508/1508/1508 1500/1500/1500 1509/1509/1509
f 1510/1510/1510 1507/1507/1507 1508/1508/1508
f 1510/1510/1510 1508/1508/1508 1511/1511/1511
f 1511/1511/1511 1508/1508/1508 1512/1512/1512
f 1513/1513/1513 1512/1512/1512 1508/1508/1508
f 1514/1514/1514 1511/1511/1511 1512/1512/1512
f 1512/1512/1512 1513/1513/1513 1515/1515/1515
f 1516/1516/1516 1514/1514/1514 1512/1512/1512
f 1515/1515/1515 1516/1516/1516 1512/1512/1512
f 1519/1519/1519 1518/1518/1518 1517/1517/1517
f 1519/1519/1519 1520/1520/1520 1518/1518/1518
f 1520/1520/1520 1519/1519/1519 1521/1521/1521
f 1524/1524/1524 1523/1523/1523 1522/1522/1522
f 1525/1525/1525 1523/1523/1523 1524/1524/1524
f 1525/1525/1525 1526/1526/1526 1523/1523/1523
f 1529/1529/1529 1528/1528/1528 1527/1527/1527
f 1384/1384/1384 1529/1529/1529 1527/1527/1527
f 1530/1530/1530 1384/1384/1384 1527/1527/1527
f 1384/1384/1384 1530/1530/1530 1382/1382/1382
f 1527/1527/1527 1531/1531/1531 1530/1530/1530
f 1531/1531/1531 1527/1527/1527 1532/1532/1532
f 1533/1533/1533 1532/1532/1532 1527/1527/1527
f 1532/1532/1532 1533/1533/1533 1534/1534/1534
f 1535/1535/1535 1530/1530/1530 1531/1531/1531
f 1532/1532/1532 1535/1535/1535 1531/1531/1531
f 1382/1382/1382 1530/1530/1530 1536/1536/1536
f 1535/1535/1535 1536/1536/1536 1530/1530/1530
f 1382/1382/1382 1536/1536/1536 1537/1537/1537
f 1383/1383/1383 1382/1382/1382 1537/1537/1537
f 1383/1383/1383 1537/1537/1537 1538/1538/1538
f 1539/1539/1539 1537/1537/1537 1536/1536/1536
f 1536/1536/1536 1540/1540/1540 1539/1539/1539
f 1540/1540/1540 1536/1536/1536 1535/1535/1535
f 1540/1540/1540 1541/1541/1541 1539/1539/1539
f 1542/1542/1542 1540/1540/1540 1535/1535/1535
f 1542/1542/1542 1535/1535/1535 1532/1532/1532
f 1540/1540/1540 1543/1543/1543 1541/1541/1541
f 1540/1540/1540 1542/1542/1542 1543/1543/1543
f 1543/1543/1543 1544/1544/1544 1541/1541/1541
f 1542/1542/1542 1545/1545/1545 1543/1543/1543
f 1542/1542/1542 1546/1546/1546 1545/1545/1545
f 1546/1546/1546 1542/1542/1542 1532/1532/1532
f 1547/1547/1547 1545/1545/1545 1546/1546/1546
f 1532/1532/1532 1548/1548/1548 1546/1546/1546
f 1547/1547/1547 1546/1546/1546 1549/1549/1549
f 1548/1548/1548 1549/1549/1549 1546/1546/1546
f 1532/1532/1532 1550/1550/1550 1548/1548/1548
f 1534/1534/1534 1550/1550/1550 1532/1532/1532
f 1551/1551/1551 1550/1550/1550 1534/1534/1534
f 1552/1552/1552 1551/1551/1551 1534/1534/1534
f 1553/1553/1553 1548/1548/1548 1550/1550/1550
f 1548/1548/1548 1553/1553/1553 1554/1554/1554
f 1549/1549/1549 1548/1548/1548 1554/1554/1554
f 1555/1555/1555 1554/1554/1554 1553/1553/1553
f 1556/1556/1556 1547/1547/1547 1549/1549/1549
f 1556/1556/1556 1557/1557/1557 1547/1547/1547
f 1558/1558/1558 1547/1547/1547 1557/1557/1557
f 1558/1558/1558 1557/1557/1557 1559/1559/1559
f 1560/1560/1560 1559/1559/1559 1557/1557/1557
f 1559/1559/1559 1560/1560/1560 1561/1561/1561
f 1556/1556/1556 1549/1549/1549 1562/1562/1562
f 1563/1563/1563 1562/1562/1562 1549/1549/1549
f 1554/1554/1554 1563/1563/1563 1549/1549/1549
f 1564/1564/1564 1562/1562/1562 1563/1563/1563
f 1554/1554/1554 1565/1565/1565 1563/1563/1563
f 1554/1554/1554 1555/1555/1555 1565/1565/1565
f 1566/1566/1566 1564/1564/1564 1563/1563/1563
f 1566/1566/1566 1563/1563/1563 1565/1565/1565
f 1564/1564/1564 1566/1566/1566 1567/1567/1567
f 1566/1566/1566 1568/1568/1568 1567/1567/1567
f 1568/1568/1568 1566/1566/1566 1569/1569/1569
f 1570/1570/1570 1569/1569/1569 1566/1566/1566
f 1570/1570/1570 1566/1566/1566 1565/1565/1565
f 1571/1571/1571 1569/1569/1569 1570/1570/1570
f 1565/1565/1565 1572/1572/1572 1570/1570/1570
f 1572/1572/1572 1565/1565/1565 1555/1555/1555
f 1570/1570/1570 1573/1573/1573 1571/1571/1571
f 1572/1572/1572 1573/1573/1573 1570/1570/1570
f 1572/1572/1572 1555/1555/1555 1574/1574/1574
f 1573/1573/1573 1572/1572/1572 1574/1574/1574
f 1555/1555/1555 1575/1575/1575 1574/1574/1574
f 1576/1576/1576 1575/1575/1575 1555/1555/1555
f 1577/1577/1577 1573/1573/1573 1574/1574/1574
f 1573/1573/1573 1578/1578/1578 1571/1571/1571
f 1571/1571/1571 1578/1578/1578 1579/1579/1579
f 1578/1578/1578 1573/1573/1573 1580/1580/1580
f 1580/1580/1580 1573/1573/1573 1577/1577/1577
f 1577/1577/1577 1581/1581/1581 1580/1580/1580
f 1582/1582/1582 1580/1580/1580 1581/1581/1581
f 1582/1582/1582 1581/1581/1581 1583/1583/1583
f 1581/1581/1581 1584/1584/1584 1583/1583/1583
f 1585/1585/1585 1582/1582/1582 1583/1583/1583
f 1586/1586/1586 1585/1585/1585 1583/1583/1583
f 1586/1586/1586 1587/1587/1587 1585/1585/1585
f 1588/1588/1588 1586/1586/1586 1583/1583/1583
f 1589/1589/1589 1583/1583/1583 1584/1584/1584
f 1590/1590/1590 1589/1589/1589 1584/1584/1584
f 1591/1591/1591 1589/1589/1589 1590/1590/1590
f 1583/1583/1583 1589/1589/1589 1592/1592/1592
f 1588/1588/1588 1583/1583/1583 1593/1593/1593
f 1593/1593/1593 1583/1583/1583 1592/1592/1592
f 1594/1594/1594 1588/1588/1588 1593/1593/1593
f 1593/1593/1593 1595/1595/1595 1594/1594/1594
f 1593/1593/1593 1592/1592/1592 1596/1596/1596
f 1592/1592/1592 1597/1597/1597 1596/1596/1596
f 1598/1598/1598 1596/1596/1596 1597/1597/1597
f 1598/1598/1598 1597/1597/1597 1599/1599/1599
f 1600/1600/1600 1598/1598/1598 1599/1599/1599
f 1601/1601/1601 1596/1596/1596 1598/1598/1598
f 1601/1601/1601 1598/1598/1598 1602/1602/1602
f 1601/1601/1601 1603/1603/1603 1596/1596/1596
f 1604/1604/1604 1596/1596/1596 1603/1603/1603
f 1604/1604/1604 1603/1603/1603 1605/1605/1605
f 1606/1606/1606 1605/1605/1605 1603/1603/1603
f 1605/1605/1605 1606/1606/1606 1607/1607/1607
f 1608/1608/1608 1601/1601/1601 1602/1602/1602
f 1608/1608/1608 1602/1602/1602 1609/1609/1609
f 1602/1602/1602 1610/1610/1610 1609/1609/1609
f 1611/1611/1611 1599/1599/1599 1597/1597/1597
f 1597/1597/1597 1612/1612/1612 1611/1611/1611
f 1613/1613/1613 1599/1599/1599 1611/1611/1611
f 1614/1614/1614 1613/1613/1613 1611/1611/1611
f 1613/1613/1613 1615/1615/1615 1599/1599/1599
f 1608/1608/1608 1609/1609/1609 1616/1616/1616
f 1608/1608/1608 1616/1616/1616 1617/1617/1617
f 1618/1618/1618 1608/1608/1608 1617/1617/1617
f 1609/1609/1609 1619/1619/1619 1616/1616/1616
f 1620/1620/1620 1619/1619/1619 1609/1609/1609
f 1620/1620/1620 1621/1621/1621 1619/1619/1619
f 1622/1622/1622 1620/1620/1620 1609/1609/1609
f 1623/1623/1623 1622/1622/1622 1609/1609/1609
f 1623/1623/1623 1609/1609/1609 1624/1624/1624
f 1624/1624/1624 1609/1609/1609 1610/1610/1610
f 1624/1624/1624 1610/1610/1610 1625/1625/1625
f 1610/1610/1610 1626/1626/1626 1625/1625/1625
f 1623/1623/1623 1624/1624/1624 1627/1627/1627
f 1623/1623/1623 1628/1628/1628 1622/1622/1622
f 1629/1629/1629 1622/1622/1622 1628/1628/1628
f 1623/1623/1623 1627/1627/1627 1630/1630/1630
f 1630/1630/1630 1628/1628/1628 1623/1623/1623
f 1630/1630/1630 1627/1627/1627 1631/1631/1631
f 1630/1630/1630 1632/1632/1632 1628/1628/1628
f 1629/1629/1629 1628/1628/1628 1633/1633/1633
f 1633/1633/1633 1628/1628/1628 1632/1632/1632
f 1634/1634/1634 1629/1629/1629 1633/1633/1633
f 1632/1632/1632 1630/1630/1630 1635/1635/1635
f 1631/1631/1631 1635/1635/1635 1630/1630/1630
f 1636/1636/1636 1633/1633/1633 1632/1632/1632
f 1636/1636/1636 1632/1632/1632 1635/1635/1635
f 1636/1636/1636 1637/1637/1637 1633/1633/1633
f 1634/1634/1634 1633/1633/1633 1637/1637/1637
f 1635/1635/1635 1638/1638/1638 1636/1636/1636
f 1637/1637/1637 1636/1636/1636 1638/1638/1638
f 1635/1635/1635 1631/1631/1631 1638/1638/1638
f 1637/1637/1637 1638/1638/1638 1639/1639/1639
f 1637/1637/1637 1639/1639/1639 1634/1634/1634
f 1631/1631/1631 1640/1640/1640 1638/1638/1638
f 1640/1640/1640 1639/1639/1639 1638/1638/1638
f 1631/1631/1631 1641/1641/1641 1640/1640/1640
f 1640/1640/1640 1641/1641/1641 1639/1639/1639
f 1641/1641/1641 1634/1634/1634 1639/1639/1639
f 1641/1641/1641 1631/1631/1631 1642/1642/1642
f 1641/1641/1641 1642/1642/1642 1634/1634/1634
f 1634/1634/1634 1642/1642/1642 1643/1643/1643
f 1644/1644/1644 1643/1643/1643 1642/1642/1642
f 1629/1629/1629 1634/1634/1634 1645/1645/1645
f 1634/1634/1634 1643/1643/1643 1645/1645/1645
f 1629/1629/1629 1645/1645/1645 1646/1646/1646
f 1629/1629/1629 1646/1646/1646 1647/1647/1647
f 1647/1647/1647 1646/1646/1646 1648/1648/1648
f 1645/1645/1645 1649/1649/1649 1646/1646/1646
f 1649/1649/1649 1645/1645/1645 1643/1643/1643
f 1650/1650/1650 1648/1648/1648 1646/1646/1646
f 1650/1650/1650 1646/1646/1646 1649/1649/1649
f 1650/1650/1650 1651/1651/1651 1648/1648/1648
f 1650/1650/1650 1649/1649/1649 1651/1651/1651
f 1651/1651/1651 1649/1649/1649 1643/1643/1643
f 1652/1652/1652 1648/1648/1648 1651/1651/1651
f 1652/1652/1652 1651/1651/1651 1643/1643/1643
f 1653/1653/1653 1652/1652/1652 1643/1643/1643
f 1644/1644/1644 1653/1653/1653 1643/1643/1643
f 1654/1654/1654 1652/1652/1652 1653/1653/1653
f 1654/1654/1654 1653/1653/1653 1655/1655/1655
f 1655/1655/1655 1653/1653/1653 1644/1644/1644
f 1656/1656/1656 1654/1654/1654 1655/1655/1655
f 1656/1656/1656 1655/1655/1655 1657/1657/1657
f 1655/1655/1655 1644/1644/1644 1657/1657/1657
f 1644/1644/1644 1658/1658/1658 1657/1657/1657
f 1661/1661/1661 1660/1660/1660 1659/1659/1659
f 1662/1662/1662 1659/1659/1659 1660/1660/1660
f 1662/1662/1662 1663/1663/1663 1659/1659/1659
f 1664/1664/1664 1659/1659/1659 1663/1663/1663
f 1667/1667/1667 1666/1666/1666 1665/1665/1665
f 1668/1668/1668 1665/1665/1665 1666/1666/1666
f 1668/1668/1668 1669/1669/1669 1665/1665/1665
f 1670/1670/1670 1665/1665/1665 1669/1669/1669
f 1673/1673/1673 1672/1672/1672 1671/1671/1671
f 1674/1674/1674 1671/1671/1671 1672/1672/1672
f 1677/1677/1677 1676/1676/1676 1675/1675/1675
f 1678/1678/1678 1676/1676/1676 1677/1677/1677
f 1679/1679/1679 1678/1678/1678 1677/1677/1677
f 1680/1680/1680 1678/1678/1678 1679/1679/1679
f 1683/1683/1683 1682/1682/1682 1681/1681/1681
f 1684/1684/1684 1681/1681/1681 1682/1682/1682
f 1685/1685/1685 1681/1681/1681 1684/1684/1684
f 1686/1686/1686 1685/1685/1685 1684/1684/1684
f 1687/1687/1687 1685/1685/1685 1686/1686/1686
f 1688/1688/1688 1687/1687/1687 1686/1686/1686
f 1689/1689/1689 1685/1685/1685 1687/1687/1687
f 1691/1691/1691 1681/1681/1681 1690/1690/1690
f 1692/1692/1692 1681/1681/1681 1691/1691/1691
f 1695/1695/1695 1694/1694/1694 1693/1693/1693
f 1696/1696/1696 1693/1693/1693 1694/1694/1694
f 1699/1699/1699 1698/1698/1698 1697/1697/1697
f 1699/1699/1699 1697/1697/1697 1700/1700/1700
f 1703/1703/1703 1702/1702/1702 1701/1701/1701
f 1704/1704/1704 1702/1702/1702 1703/1703/1703
f 1707/1707/1707 1706/1706/1706 1705/1705/1705
f 1706/1706/1706 1707/1707/1707 1708/1708/1708
f 1708/1708/1708 1707/1707/1707 1709/1709/1709
f 1710/1710/1710 1708/1708/1708 1709/1709/1709
f 1713/1713/1713 1712/1712/1712 1711/1711/1711
f 1714/1714/1714 1712/1712/1712 1713/1713/1713
f 1715/1715/1715 1712/1712/1712 1714/1714/1714
f 1715/1715/1715 1716/1716/1716 1712/1712/1712
f 1717/1717/1717 1714/1714/1714 1713/1713/1713
f 1718/1718/1718 1717/1717/1717 1713/1713/1713
f 1719/1719/1719 1717/1717/1717 1718/1718/1718
f 1715/1715/1715 1720/1720/1720 1716/1716/1716
f 1721/1721/1721 1717/1717/1717 1719/1719/1719
f 1722/1722/1722 1721/1721/1721 1719/1719/1719
f 1723/1723/1723 1721/1721/1721 1722/1722/1722
f 1724/1724/1724 1721/1721/1721 1723/1723/1723
f 1723/1723/1723 1725/1725/1725 1724/1724/1724
f 1720/1720/1720 1726/1726/1726 1716/1716/1716
f 1720/1720/1720 1727/1727/1727 1726/1726/1726
f 1728/1728/1728 1726/1726/1726 1727/1727/1727
f 1720/1720/1720 1729/1729/1729 1727/1727/1727
f 1730/1730/1730 1727/1727/1727 1729/1729/1729
f 1729/1729/1729 1731/1731/1731 1730/1730/1730
f 1732/1732/1732 1730/1730/1730 1731/1731/1731
f 1732/1732/1732 1731/1731/1731 1733/1733/1733
f 1731/1731/1731 1734/1734/1734 1733/1733/1733
f 1733/1733/1733 1734/1734/1734 1735/1735/1735
f 1735/1735/1735 1734/1734/1734 1736/1736/1736
f 1734/1734/1734 1737/1737/1737 1736/1736/1736
f 1737/1737/1737 1738/1738/1738 1736/1736/1736
f 1741/1741/1741 1740/1740/1740 1739/1739/1739
f 1742/1742/1742 1739/1739/1739 1740/1740/1740
f 1743/1743/1743 1739/1739/1739 1742/1742/1742
f 1746/1746/1746 1745/1745/1745 1744/1744/1744
f 1747/1747/1747 1744/1744/1744 1745/1745/1745
f 1748/1748/1748 1747/1747/1747 1745/1745/1745
f 1751/1751/1751 1750/1750/1750 1749/1749/1749
f 1750/1750/1750 1751/1751/1751 1752/1752/1752
f 1750/1750/1750 1752/1752/1752 1753/1753/1753
f 1753/1753/1753 1754/1754/1754 1750/1750/1750
f 1757/1757/1757 1756/1756/1756 1755/1755/1755
f 1758/1758/1758 1756/1756/1756 1757/1757/1757
f 1759/1759/1759 1756/1756/1756 1758/1758/1758
f 1760/1760/1760 1756/1756/1756 1759/1759/1759
f 1760/1760/1760 1761/1761/1761 1756/1756/1756
f 1760/1760/1760 1762/1762/1762 1761/1761/1761
f 1762/1762/1762 1763/1763/1763 1761/1761/1761
f 1764/1764/1764 1758/1758/1758 1757/1757/1757
f 1765/1765/1765 1764/1764/1764 1757/1757/1757
f 1765/1765/1765 1766/1766/1766 1764/1764/1764
f 1764/1764/1764 1766/1766/1766 1767/1767/1767
f 1767/1767/1767 1766/1766/1766 1768/1768/1768
f 1768/1768/1768 1769/1769/1769 1767/1767/1767
f 1769/1769/1769 1770/1770/1770 1767/1767/1767
f 1770/1770/1770 1771/1771/1771 1767/1767/1767
f 1774/1774/1774 1773/1773/1773 1772/1772/1772
f 1774/1774/1774 1775/1775/1775 1773/1773/1773
f 1773/1773/1773 1775/1775/1775 1776/1776/1776
f 1776/1776/1776 1777/1777/1777 1773/1773/1773
f 1777/1777/1777 1778/1778/1778 1773/1773/1773
f 1779/1779/1779 1778/1778/1778 1777/1777/1777
f 1778/1778/1778 1779/1779/1779 1780/1780/1780
f 1781/1781/1781 1778/1778/1778 1780/1780/1780
f 1781/1781/1781 1780/1780/1780 1782/1782/1782
f 1780/1780/1780 1783/1783/1783 1782/1782/1782
f 1781/1781/1781 1782/1782/1782 1784/1784/1784
f 1782/1782/1782 1785/1785/1785 1784/1784/1784
f 1785/1785/1785 1786/1786/1786 1784/1784/1784
f 1785/1785/1785 1787/1787/1787 1786/1786/1786
f 1785/1785/1785 1788/1788/1788 1787/1787/1787
f 1789/1789/1789 1786/1786/1786 1787/1787/1787
f 1790/1790/1790 1789/1789/1789 1787/1787/1787
f 1789/1789/1789 1790/1790/1790 1791/1791/1791
f 1792/1792/1792 1791/1791/1791 1790/1790/1790
f 1792/1792/1792 1793/1793/1793 1791/1791/1791
f 1791/1791/1791 1793/1793/1793 1794/1794/1794
f 1794/1794/1794 1793/1793/1793 1795/1795/1795
f 1795/1795/1795 1796/1796/1796 1794/1794/1794
f 1796/1796/1796 1797/1797/1797 1794/1794/1794
f 1797/1797/1797 1798/1798/1798 1794/1794/1794
f 1801/1801/1801 1800/1800/1800 1799/1799/1799
f 1801/1801/1801 1799/1799/1799 1802/1802/1802
f 1801/1801/1801 1802/1802/1802 1803/1803/1803
f 1804/1804/1804 1801/1801/1801 1803/1803/1803
f 1807/1807/1807 1806/1806/1806 1805/1805/1805
f 1807/1807/1807 1808/1808/1808 1806/1806/1806
f 1809/1809/1809 1806/1806/1806 1808/1808/1808
f 1810/1810/1810 1808/1808/1808 1807/1807/1807
f 1813/1813/1813 1812/1812/1812 1811/1811/1811
f 1813/1813/1813 1811/1811/1811 1814/1814/1814
f 1815/1815/1815 1814/1814/1814 1811/1811/1811
f 1816/1816/1816 1813/1813/1813 1814/1814/1814
f 1819/1819/1819 1818/1818/1818 1817/1817/1817
f 1820/1820/1820 1817/1817/1817 1818/1818/1818
f 1823/1823/1823 1822/1822/1822 1821/1821/1821
f 1824/1824/1824 1821/1821/1821 1822/1822/1822
f 1822/1822/1822 1825/1825/1825 1824/1824/1824
f 1826/1826/1826 1824/1824/1824 1825/1825/1825
f 1826/1826/1826 1825/1825/1825 1827/1827/1827
f 1828/1828/1828 1827/1827/1827 1825/1825/1825
f 1827/1827/1827 1828/1828/1828 1829/1829/1829
f 1830/1830/1830 1829/1829/1829 1828/1828/1828
f 1830/1830/1830 1831/1831/1831 1829/1829/1829
f 1832/1832/1832 1829/1829/1829 1831/1831/1831
f 1832/1832/1832 1831/1831/1831 1833/1833/1833
f 1834/1834/1834 1833/1833/1833 1831/1831/1831
f 1837/1837/1837 1836/1836/1836 1835/1835/1835
f 1838/1838/1838 1837/1837/1837 1835/1835/1835
f 1839/1839/1839 1838/1838/1838 1835/1835/1835
f 1839/1839/1839 1840/1840/1840 1838/1838/1838
f 1838/1838/1838 1840/1840/1840 1841/1841/1841
f 1841/1841/1841 1840/1840/1840 1842/1842/1842
f 1842/1842/1842 1843/1843/1843 1841/1841/1841
f 1843/1843/1843 1844/1844/1844 1841/1841/1841
f 1844/1844/1844 1843/1843/1843 1845/1845/1845
f 1846/1846/1846 1844/1844/1844 1845/1845/1845
f 1847/1847/1847 1844/1844/1844 1846/1846/1846
f 1846/1846/1846 1848/1848/1848 1847/1847/1847
f 1849/1849/1849 1847/1847/1847 1848/1848/1848
f 1848/1848/1848 1846/1846/1846 1850/1850/1850
f 1851/1851/1851 1848/1848/1848 1850/1850/1850
f 1852/1852/1852 1851/1851/1851 1850/1850/1850
f 1853/1853/1853 1849/1849/1849 1848/1848/1848
f 1853/1853/1853 1848/1848/1848 1851/1851/1851
f 1853/1853/1853 1854/1854/1854 1849/1849/1849
f 1853/1853/1853 1851/1851/1851 1854/1854/1854
f 1854/1854/1854 1851/1851/1851 1855/1855/1855
f 1856/1856/1856 1855/1855/1855 1851/1851/1851
f 1857/1857/1857 1856/1856/1856 1851/1851/1851
f 1858/1858/1858 1857/1857/1857 1851/1851/1851
f 1852/1852/1852 1858/1858/1858 1851/1851/1851
f 1858/1858/1858 1859/1859/1859 1857/1857/1857
f 1859/1859/1859 1858/1858/1858 1860/1860/1860
f 1860/1860/1860 1858/1858/1858 1861/1861/1861
f 1858/1858/1858 1862/1862/1862 1861/1861/1861
f 1852/1852/1852 1862/1862/1862 1858/1858/1858
f 1862/1862/1862 1863/1863/1863 1861/1861/1861
f 1852/1852/1852 1863/1863/1863 1862/1862/1862
f 1864/1864/1864 1863/1863/1863 1852/1852/1852
f 1864/1864/1864 1865/1865/1865 1863/1863/1863
f 1863/1863/1863 1865/1865/1865 1866/1866/1866
f 1867/1867/1867 1865/1865/1865 1864/1864/1864
f 1867/1867/1867 1864/1864/1864 1868/1868/1868
f 1869/1869/1869 1868/1868/1868 1864/1864/1864
f 1868/1868/1868 1869/1869/1869 1870/1870/1870
f 1873/1873/1873 1872/1872/1872 1871/1871/1871
f 1873/1873/1873 1874/1874/1874 1872/1872/1872
f 1873/1873/1873 1875/1875/1875 1874/1874/1874
f 1878/1878/1878 1877/1877/1877 1876/1876/1876
f 1879/1879/1879 1877/1877/1877 1878/1878/1878
f 1879/1879/1879 1880/1880/1880 1877/1877/1877
f 1877/1877/1877 1880/1880/1880 1881/1881/1881
f 1884/1884/1884 1883/1883/1883 1882/1882/1882
f 1885/1885/1885 1882/1882/1882 1883/1883/1883
f 1885/1885/1885 1883/1883/1883 1886/1886/1886
f 1887/1887/1887 1886/1886/1886 1883/1883/1883
f 1890/1890/1890 1889/1889/1889 1888/1888/1888
f 1891/1891/1891 1890/1890/1890 1888/1888/1888
f 1894/1894/1894 1893/1893/1893 1892/1892/1892
f 1895/1895/1895 1893/1893/1893 1894/1894/1894
f 1896/1896/1896 1895/1895/1895 1894/1894/1894
f 1896/1896/1896 1897/1897/1897 1895/1895/1895
f 1900/1900/1900 1899/1899/1899 1898/1898/1898
f 1900/1900/1900 1898/1898/1898 1901/1901/1901
f 1902/1902/1902 1900/1900/1900 1901/1901/1901
f 1901/1901/1901 1903/1903/1903 1902/1902/1902
f 1904/1904/1904 1902/1902/1902 1903/1903/1903
f 1907/1907/1907 1906/1906/1906 1905/1905/1905
f 1908/1908/1908 1907/1907/1907 1905/1905/1905
f 1909/1909/1909 1907/1907/1907 1908/1908/1908
f 1909/1909/1909 1908/1908/1908 1910/1910/1910
f 1913/1913/1913 1912/1912/1912 1911/1911/1911
f 1914/1914/1914 1911/1911/1911 1912/1912/1912
f 1917/1917/1917 1916/1916/1916 1915/1915/1915
f 1918/1918/1918 1916/1916/1916 1917/1917/1917
f 1921/1921/1921 1920/1920/1920 1919/1919/1919
f 1922/1922/1922 1920/1920/1920 1921/1921/1921
f 1925/1925/1925 1924/1924/1924 1923/1923/1923
f 1926/1926/1926 1923/1923/1923 1924/1924/1924
f 1929/1929/1929 1928/1928/1928 1927/1927/1927
f 1928/1928/1928 1929/1929/1929 1930/1930/1930
f 1933/1933/1933 1932/1932/1932 1931/1931/1931
f 1934/1934/1934 1931/1931/1931 1932/1932/1932
f 1937/1937/1937 1936/1936/1936 1935/1935/1935
f 1938/1938/1938 1935/1935/1935 1936/1936/1936
f 1938/1938/1938 1939/1939/1939 1935/1935/1935
f 1940/1940/1940 1935/1935/1935 1939/1939/1939
f 1943/1943/1943 1942/1942/1942 1941/1941/1941
f 1944/1944/1944 1943/1943/1943 1941/1941/1941
f 1947/1947/1947 1946/1946/1946 1945/1945/1945
f 1946/1946/1946 1948/1948/1948 1945/1945/1945
f 1945/1945/1945 1948/1948/1948 1949/1949/1949
f 1945/1945/1945 1949/1949/1949 1950/1950/1950
f 1953/1953/1953 1952/1952/1952 1951/1951/1951
f 1954/1954/1954 1952/1952/1952 1953/1953/1953
f 1955/1955/1955 1954/1954/1954 1953/1953/1953
f 1956/1956/1956 1955/1955/1955 1953/1953/1953
f 1957/1957/1957 1955/1955/1955 1956/1956/1956
f 1960/1960/1960 1959/1959/1959 1958/1958/1958
f 1961/1961/1961 1958/1958/1958 1959/1959/1959
f 1958/1958/1958 1961/1961/1961 1962/1962/1962
f 1965/1965/1965 1964/1964/1964 1963/1963/1963
f 1966/1966/1966 1963/1963/1963 1964/1964/1964
f 1963/1963/1963 1966/1966/1966 1967/1967/1967
f 1968/1968/1968 1963/1963/1963 1967/1967/1967
f 1971/1971/1971 1970/1970/1970 1969/1969/1969
f 1972/1972/1972 1969/1969/1969 1970/1970/1970
f 1975/1975/1975 1974/1974/1974 1973/1973/1973
f 1976/1976/1976 1975/1975/1975 1973/1973/1973
f 1976/1976/1976 1973/1973/1973 1977/1977/1977
f 1977/1977/1977 1973/1973/1973 1978/1978/1978
f 1981/1981/1981 1980/1980/1980 1979/1979/1979
f 1982/1982/1982 1979/1979/1979 1980/1980/1980
f 1979/1979/1979 1982/1982/1982 1983/1983/1983
f 1984/1984/1984 1983/1983/1983 1982/1982/1982
f 1987/1987/1987 1986/1986/1986 1985/1985/1985
f 1987/1987/1987 1988/1988/1988 1986/1986/1986
f 1988/1988/1988 1989/1989/1989 1986/1986/1986
f 1989/1989/1989 1990/1990/1990 1986/1986/1986
f 1989/1989/1989 1991/1991/1991 1990/1990/1990
f 1986/1986/1986 1990/1990/1990 1992/1992/1992
f 1993/1993/1993 1992/1992/1992 1990/1990/1990
f 1996/1996/1996 1995/1995/1995 1994/1994/1994
f 1997/1997/1997 1994/1994/1994 1995/1995/1995
f 1997/1997/1997 1995/1995/1995 1998/1998/1998
f 1998/1998/1998 1999/1999/1999 1997/1997/1997
f 2002/2002/2002 2001/2001/2001 2000/2000/2000
f 2003/2003/2003 2000/2000/2000 2001/2001/2001
f 2006/2006/2006 2005/2005/2005 2004/2004/2004
f 2007/2007/2007 2004/2004/2004 2005/2005/2005
f 2010/2010/2010 2009/2009/2009 2008/2008/2008
f 2010/2010/2010 2011/2011/2011 2009/2009/2009
f 2012/2012/2012 2011/2011/2011 2010/2010/2010
f 2013/2013/2013 2012/2012/2012 2010/2010/2010
f 2013/2013/2013 2010/2010/2010 2014/2014/2014
f 2012/2012/2012 2015/2015/2015 2011/2011/2011
f 2012/2012/2012 2013/2013/2013 2015/2015/2015
f 2015/2015/2015 2016/2016/2016 2011/2011/2011
f 2017/2017/2017 2015/2015/2015 2013/2013/2013
f 2018/2018/2018 2017/2017/2017 2013/2013/2013
f 2019/2019/2019 2017/2017/2017 2018/2018/2018
f 2019/2019/2019 2020/2020/2020 2017/2017/2017
f 2020/2020/2020 2021/2021/2021 2017/2017/2017
f 2017/2017/2017 2021/2021/2021 2022/2022/2022
f 2017/2017/2017 2022/2022/2022 2015/2015/2015
f 2023/2023/2023 2022/2022/2022 2021/2021/2021
f 2015/2015/2015 2024/2024/2024 2016/2016/2016
f 2024/2024/2024 2015/2015/2015 2022/2022/2022
f 2024/2024/2024 2022/2022/2022 2016/2016/2016
f 2025/2025/2025 2016/2016/2016 2022/2022/2022
f 2025/2025/2025 2022/2022/2022 2023/2023/2023
f 2026/2026/2026 2025/2025/2025 2023/2023/2023
f 2026/2026/2026 2023/2023/2023 2027/2027/2027
f 2026/2026/2026 2028/2028/2028 2025/2025/2025
f 2026/2026/2026 2029/2029/2029 2028/2028/2028
f 2029/2029/2029 2026/2026/2026 2030/2030/2030
f 2029/2029/2029 2030/2030/2030 2031/2031/2031
f 2029/2029/2029 2031/2031/2031 2028/2028/2028
f 2032/2032/2032 2031/2031/2031 2030/2030/2030
f 2031/2031/2031 2033/2033/2033 2028/2028/2028
f 2033/2033/2033 2034/2034/2034 2028/2028/2028
f 2032/2032/2032 2035/2035/2035 2031/2031/2031
f 2031/2031/2031 2035/2035/2035 2033/2033/2033
f 2036/2036/2036 2035/2035/2035 2032/2032/2032
f 2035/2035/2035 2037/2037/2037 2033/2033/2033
f 2035/2035/2035 2036/2036/2036 2037/2037/2037
f 2040/2040/2040 2039/2039/2039 2038/2038/2038
f 2041/2041/2041 2038/2038/2038 2039/2039/2039
f 2044/2044/2044 2043/2043/2043 2042/2042/2042
f 2045/2045/2045 2043/2043/2043 2044/2044/2044
f 2046/2046/2046 2043/2043/2043 2045/2045/2045
f 2047/2047/2047 2043/2043/2043 2046/2046/2046
f 2048/2048/2048 2043/2043/2043 2047/2047/2047
f 2049/2049/2049 2043/2043/2043 2048/2048/2048
f 2050/2050/2050 2043/2043/2043 2049/2049/2049
f 2051/2051/2051 2043/2043/2043 2050/2050/2050
f 2052/2052/2052 2043/2043/2043 2051/2051/2051
f 2053/2053/2053 2043/2043/2043 2052/2052/2052
f 2054/2054/2054 2043/2043/2043 2053/2053/2053
f 2055/2055/2055 2043/2043/2043 2054/2054/2054
f 2056/2056/2056 2043/2043/2043 2055/2055/2055
f 2057/2057/2057 2043/2043/2043 2056/2056/2056
f 2058/2058/2058 2043/2043/2043 2057/2057/2057
f 2061/2061/2061 2060/2060/2060 2059/2059/2059
f 2059/2059/2059 2060/2060/2060 2062/2062/2062
f 2062/2062/2062 2060/2060/2060 2063/2063/2063
f 2063/2063/2063 2060/2060/2060 2064/2064/2064
f 2064/2064/2064 2060/2060/2060 2065/2065/2065
f 2065/2065/2065 2060/2060/2060 2066/2066/2066
f 2066/2066/2066 2060/2060/2060 2067/2067/2067
f 2067/2067/2067 2060/2060/2060 2068/2068/2068
f 2068/2068/2068 2060/2060/2060 2069/2069/2069
f 2069/2069/2069 2060/2060/2060 2070/2070/2070
f 2070/2070/2070 2060/2060/2060 2071/2071/2071
f 2071/2071/2071 2060/2060/2060 2072/2072/2072
f 2075/2075/2075 2074/2074/2074 2073/2073/2073
f 2076/2076/2076 2075/2075/2075 2073/2073/2073
f 2077/2077/2077 2075/2075/2075 2076/2076/2076
f 2078/2078/2078 2077/2077/2077 2076/2076/2076
f 2078/2078/2078 2079/2079/2079 2077/2077/2077
f 2079/2079/2079 2080/2080/2080 2077/2077/2077
f 2079/2079/2079 2081/2081/2081 2080/2080/2080
f 2081/2081/2081 2082/2082/2082 2080/2080/2080
f 2083/2083/2083 2082/2082/2082 2081/2081/2081
f 2084/2084/2084 2083/2083/2083 2081/2081/2081
f 2083/2083/2083 2084/2084/2084 2085/2085/2085
f 2084/2084/2084 2086/2086/2086 2085/2085/2085
f 2087/2087/2087 2085/2085/2085 2086/2086/2086
f 2085/2085/2085 2087/2087/2087 2088/2088/2088
f 2087/2087/2087 2089/2089/2089 2088/2088/2088
f 2089/2089/2089 2090/2090/2090 2088/2088/2088
f 2090/2090/2090 2091/2091/2091 2088/2088/2088
f 2092/2092/2092 2091/2091/2091 2090/2090/2090
f 2092/2092/2092 2090/2090/2090 2093/2093/2093
f 2093/2093/2093 2090/2090/2090 2094/2094/2094
f 2090/2090/2090 2095/2095/2095 2094/2094/2094
f 2096/2096/2096 2094/2094/2094 2095/2095/2095
f 2097/2097/2097 2096/2096/2096 2095/2095/2095
f 2096/2096/2096 2097/2097/2097 2098/2098/2098
f 2099/2099/2099 2096/2096/2096 2098/2098/2098
f 2100/2100/2100 2099/2099/2099 2098/2098/2098
f 2101/2101/2101 2099/2099/2099 2100/2100/2100
f 2102/2102/2102 2101/2101/2101 2100/2100/2100
f 2101/2101/2101 2102/2102/2102 2103/2103/2103
f 2102/2102/2102 2104/2104/2104 2103/2103/2103
f 2105/2105/2105 2103/2103/2103 2104/2104/2104
f 2106/2106/2106 2105/2105/2105 2104/2104/2104
f 2107/2107/2107 2105/2105/2105 2106/2106/2106
f 2108/2108/2108 2107/2107/2107 2106/2106/2106
f 2107/2107/2107 2108/2108/2108 2109/2109/2109
f 2108/2108/2108 2110/2110/2110 2109/2109/2109
f 2109/2109/2109 2110/2110/2110 2111/2111/2111
f 2110/2110/2110 2112/2112/2112 2111/2111/2111
f 2115/2115/2115 2114/2114/2114 2113/2113/2113
f 2114/2114/2114 2116/2116/2116 2113/2113/2113
f 2116/2116/2116 2114/2114/2114 2117/2117/2117
f 2118/2118/2118 2116/2116/2116 2117/2117/2117
f 2118/2118/2118 2117/2117/2117 2119/2119/2119
f 2120/2120/2120 2118/2118/2118 2119/2119/2119
f 2121/2121/2121 2120/2120/2120 2119/2119/2119
f 2122/2122/2122 2121/2121/2121 2119/2119/2119
f 2122/2122/2122 2123/2123/2123 2121/2121/2121
f 2123/2123/2123 2124/2124/2124 2121/2121/2121
f 2124/2124/2124 2123/2123/2123 2125/2125/2125
f 2126/2126/2126 2124/2124/2124 2125/2125/2125
f 2126/2126/2126 2125/2125/2125 2127/2127/2127
f 2128/2128/2128 2126/2126/2126 2127/2127/2127
f 2128/2128/2128 2127/2127/2127 2129/2129/2129
f 2130/2130/2130 2128/2128/2128 2129/2129/2129
f 2130/2130/2130 2129/2129/2129 2131/2131/2131
f 2132/2132/2132 2130/2130/2130 2131/2131/2131
f 2131/2131/2131 2133/2133/2133 2132/2132/2132
f 2133/2133/2133 2134/2134/2134 2132/2132/2132
f 2134/2134/2134 2133/2133/2133 2135/2135/2135
f 2136/2136/2136 2134/2134/2134 2135/2135/2135
f 2137/2137/2137 2136/2136/2136 2135/2135/2135
f 2138/2138/2138 2137/2137/2137 2135/2135/2135
f 2139/2139/2139 2137/2137/2137 2138/2138/2138
f 2140/2140/2140 2139/2139/2139 2138/2138/2138
f 2139/2139/2139 2140/2140/2140 2141/2141/2141
f 2140/2140/2140 2142/2142/2142 2141/2141/2141
f 2143/2143/2143 2141/2141/2141 2142/2142/2142
f 2144/2144/2144 2141/2141/2141 2143/2143/2143
f 2144/2144/2144 2143/2143/2143 2145/2145/2145
f 2143/2143/2143 2146/2146/2146 2145/2145/2145
f 2145/2145/2145 2146/2146/2146 2147/2147/2147
f 2146/2146/2146 2148/2148/2148 2147/2147/2147
f 2149/2149/2149 2147/2147/2147 2148/2148/2148
f 2150/2150/2150 2149/2149/2149 2148/2148/2148
f 2150/2150/2150 2151/2151/2151 2149/2149/2149
f 2151/2151/2151 2152/2152/2152 2149/2149/2149
f 2155/2155/2155 2154/2154/2154 2153/2153/2153
f 2156/2156/2156 2155/2155/2155 2153/2153/2153
f 2159/2159/2159 2158/2158/2158 2157/2157/2157
f 2158/2158/2158 2160/2160/2160 2157/2157/2157
f 2160/2160/2160 2158/2158/2158 2161/2161/2161
f 2162/2162/2162 2160/2160/2160 2161/2161/2161
f 2162/2162/2162 2161/2161/2161 2163/2163/2163
f 2161/2161/2161 2164/2164/2164 2163/2163/2163
f 2163/2163/2163 2164/2164/2164 2165/2165/2165
f 2166/2166/2166 2163/2163/2163 2165/2165/2165
f 2166/2166/2166 2165/2165/2165 2167/2167/2167
f 2165/2165/2165 2168/2168/2168 2167/2167/2167
f 2167/2167/2167 2168/2168/2168 2169/2169/2169
f 2168/2168/2168 2170/2170/2170 2169/2169/2169
f 2170/2170/2170 2171/2171/2171 2169/2169/2169
f 2171/2171/2171 2172/2172/2172 2169/2169/2169
f 2173/2173/2173 2172/2172/2172 2171/2171/2171
f 2174/2174/2174 2173/2173/2173 2171/2171/2171
f 2175/2175/2175 2173/2173/2173 2174/2174/2174
f 2176/2176/2176 2175/2175/2175 2174/2174/2174
f 2175/2175/2175 2176/2176/2176 2177/2177/2177
f 2178/2178/2178 2175/2175/2175 2177/2177/2177
f 2178/2178/2178 2177/2177/2177 2179/2179/2179
f 2180/2180/2180 2178/2178/2178 2179/2179/2179
f 2180/2180/2180 2179/2179/2179 2181/2181/2181
f 2182/2182/2182 2180/2180/2180 2181/2181/2181
f 2182/2182/2182 2181/2181/2181 2183/2183/2183
f 2181/2181/2181 2184/2184/2184 2183/2183/2183
f 2183/2183/2183 2184/2184/2184 2185/2185/2185
f 2184/2184/2184 2186/2186/2186 2185/2185/2185
f 2185/2185/2185 2186/2186/2186 2187/2187/2187
f 2186/2186/2186 2188/2188/2188 2187/2187/2187
f 2187/2187/2187 2188/2188/2188 2189/2189/2189
f 2188/2188/2188 2190/2190/2190 2189/2189/2189
f 2189/2189/2189 2190/2190/2190 2191/2191/2191
f 2192/2192/2192 2189/2189/2189 2191/2191/2191
f 2193/2193/2193 2192/2192/2192 2191/2191/2191
f 2194/2194/2194 2193/2193/2193 2191/2191/2191
f 2193/2193/2193 2194/2194/2194 2195/2195/2195
f 2196/2196/2196 2193/2193/2193 2195/2195/2195
f 2199/2199/2199 2198/2198/2198 2197/2197/2197
f 2200/2200/2200 2199/2199/2199 2197/2197/2197
f 2203/2203/2203 2202/2202/2202 2201/2201/2201
f 2202/2202/2202 2204/2204/2204 2201/2201/2201
f 2205/2205/2205 2201/2201/2201 2204/2204/2204
f 2206/2206/2206 2205/2205/2205 2204/2204/2204
f 2206/2206/2206 2207/2207/2207 2205/2205/2205
f 2207/2207/2207 2208/2208/2208 2205/2205/2205
f 2207/2207/2207 2209/2209/2209 2208/2208/2208
f 2209/2209/2209 2210/2210/2210 2208/2208/2208
f 2209/2209/2209 2211/2211/2211 2210/2210/2210
f 2211/2211/2211 2212/2212/2212 2210/2210/2210
f 2213/2213/2213 2212/2212/2212 2211/2211/2211
f 2213/2213/2213 2214/2214/2214 2212/2212/2212
f 2215/2215/2215 2214/2214/2214 2213/2213/2213
f 2214/2214/2214 2215/2215/2215 2216/2216/2216
f 2217/2217/2217 2214/2214/2214 2216/2216/2216
f 2216/2216/2216 2218/2218/2218 2217/2217/2217
f 2218/2218/2218 2219/2219/2219 2217/2217/2217
f 2220/2220/2220 2219/2219/2219 2218/2218/2218
f 2220/2220/2220 2218/2218/2218 2221/2221/2221
f 2221/2221/2221 2218/2218/2218 2222/2222/2222
f 2218/2218/2218 2223/2223/2223 2222/2222/2222
f 2224/2224/2224 2222/2222/2222 2223/2223/2223
f 2224/2224/2224 2225/2225/2225 2222/2222/2222
f 2225/2225/2225 2224/2224/2224 2226/2226/2226
f 2227/2227/2227 2225/2225/2225 2226/2226/2226
f 2228/2228/2228 2227/2227/2227 2226/2226/2226
f 2228/2228/2228 2229/2229/2229 2227/2227/2227
f 2229/2229/2229 2230/2230/2230 2227/2227/2227
f 2231/2231/2231 2230/2230/2230 2229/2229/2229
f 2232/2232/2232 2231/2231/2231 2229/2229/2229
f 2231/2231/2231 2232/2232/2232 2233/2233/2233
f 2232/2232/2232 2234/2234/2234 2233/2233/2233
f 2233/2233/2233 2234/2234/2234 2235/2235/2235
f 2234/2234/2234 2236/2236/2236 2235/2235/2235
f 2235/2235/2235 2236/2236/2236 2237/2237/2237
f 2236/2236/2236 2238/2238/2238 2237/2237/2237
f 2237/2237/2237 2238/2238/2238 2239/2239/2239
f 2238/2238/2238 2240/2240/2240 2239/2239/2239
f 2243/2243/2243 2242/2242/2242 2241/2241/2241
f 2244/2244/2244 2243/2243/2243 2241/2241/2241
f 2244/2244/2244 2241/2241/2241 2245/2245/2245
f 2241/2241/2241 2246/2246/2246 2245/2245/2245
f 2247/2247/2247 2245/2245/2245 2246/2246/2246
f 2248/2248/2248 2247/2247/2247 2246/2246/2246
f 2249/2249/2249 2247/2247/2247 2248/2248/2248
f 2250/2250/2250 2249/2249/2249 2248/2248/2248
f 2249/2249/2249 2250/2250/2250 2251/2251/2251
f 2252/2252/2252 2249/2249/2249 2251/2251/2251
f 2252/2252/2252 2251/2251/2251 2253/2253/2253
f 2251/2251/2251 2254/2254/2254 2253/2253/2253
f 2255/2255/2255 2253/2253/2253 2254/2254/2254
f 2256/2256/2256 2255/2255/2255 2254/2254/2254
f 2256/2256/2256 2257/2257/2257 2255/2255/2255
f 2257/2257/2257 2258/2258/2258 2255/2255/2255
f 2258/2258/2258 2257/2257/2257 2259/2259/2259
f 2260/2260/2260 2258/2258/2258 2259/2259/2259
f 2261/2261/2261 2260/2260/2260 2259/2259/2259
f 2262/2262/2262 2261/2261/2261 2259/2259/2259
f 2261/2261/2261 2262/2262/2262 2263/2263/2263
f 2264/2264/2264 2261/2261/2261 2263/2263/2263
f 2265/2265/2265 2264/2264/2264 2263/2263/2263
f 2266/2266/2266 2265/2265/2265 2263/2263/2263
f 2265/2265/2265 2266/2266/2266 2267/2267/2267
f 2266/2266/2266 2268/2268/2268 2267/2267/2267
f 2269/2269/2269 2267/2267/2267 2268/2268/2268
f 2270/2270/2270 2269/2269/2269 2268/2268/2268
f 2271/2271/2271 2269/2269/2269 2270/2270/2270
f 2272/2272/2272 2269/2269/2269 2271/2271/2271
f 2272/2272/2272 2271/2271/2271 2273/2273/2273
f 2274/2274/2274 2272/2272/2272 2273/2273/2273
f 2275/2275/2275 2274/2274/2274 2273/2273/2273
f 2276/2276/2276 2275/2275/2275 2273/2273/2273
f 2275/2275/2275 2276/2276/2276 2277/2277/2277
f 2278/2278/2278 2275/2275/2275 2277/2277/2277
f 2279/2279/2279 2278/2278/2278 2277/2277/2277
f 2280/2280/2280 2279/2279/2279 2277/2277/2277
f 2283/2283/2283 2282/2282/2282 2281/2281/2281
f 2284/2284/2284 2283/2283/2283 2281/2281/2281
f 2287/2287/2287 2286/2286/2286 2285/2285/2285
f 2286/2286/2286 2288/2288/2288 2285/2285/2285
f 2289/2289/2289 2285/2285/2285 2288/2288/2288
f 2290/2290/2290 2289/2289/2289 2288/2288/2288
f 2289/2289/2289 2290/2290/2290 2291/2291/2291
f 2292/2292/2292 2289/2289/2289 2291/2291/2291
f 2292/2292/2292 2291/2291/2291 2293/2293/2293
f 2294/2294/2294 2292/2292/2292 2293/2293/2293
f 2295/2295/2295 2294/2294/2294 2293/2293/2293
f 2296/2296/2296 2295/2295/2295 2293/2293/2293
f 2297/2297/2297 2295/2295/2295 2296/2296/2296
f 2298/2298/2298 2297/2297/2297 2296/2296/2296
f 2299/2299/2299 2297/2297/2297 2298/2298/2298
f 2300/2300/2300 2299/2299/2299 2298/2298/2298
f 2299/2299/2299 2300/2300/2300 2301/2301/2301
f 2300/2300/2300 2302/2302/2302 2301/2301/2301
f 2302/2302/2302 2303/2303/2303 2301/2301/2301
f 2303/2303/2303 2304/2304/2304 2301/2301/2301
f 2307/2307/2307 2306/2306/2306 2305/2305/2305
f 2308/2308/2308 2307/2307/2307 2305/2305/2305
f 2307/2307/2307 2308/2308/2308 2309/2309/2309
f 2308/2308/2308 2310/2310/2310 2309/2309/2309
f 2310/2310/2310 2311/2311/2311 2309/2309/2309
f 2311/2311/2311 2312/2312/2312 2309/2309/2309
f 2313/2313/2313 2312/2312/2312 2311/2311/2311
f 2314/2314/2314 2313/2313/2313 2311/2311/2311
f 2313/2313/2313 2314/2314/2314 2315/2315/2315
f 2316/2316/2316 2313/2313/2313 2315/2315/2315
f 2317/2317/2317 2316/2316/2316 2315/2315/2315
f 2318/2318/2318 2317/2317/2317 2315/2315/2315
f 2319/2319/2319 2317/2317/2317 2318/2318/2318
f 2320/2320/2320 2319/2319/2319 2318/2318/2318
f 2319/2319/2319 2320/2320/2320 2321/2321/2321
f 2320/2320/2320 2322/2322/2322 2321/2321/2321
f 2321/2321/2321 2322/2322/2322 2323/2323/2323
f 2322/2322/2322 2324/2324/2324 2323/2323/2323
f 2324/2324/2324 2325/2325/2325 2323/2323/2323
f 2325/2325/2325 2326/2326/2326 2323/2323/2323
f 2329/2329/2329 2328/2328/2328 2327/2327/2327
f 2330/2330/2330 2329/2329/2329 2327/2327/2327
f 2333/2333/2333 2332/2332/2332 2331/2331/2331
f 2334/2334/2334 2333/2333/2333 2331/2331/2331
f 2331/2331/2331 2335/2335/2335 2334/2334/2334
f 2335/2335/2335 2336/2336/2336 2334/2334/2334
f 2335/2335/2335 2337/2337/2337 2336/2336/2336
f 2337/2337/2337 2338/2338/2338 2336/2336/2336
f 2338/2338/2338 2337/2337/2337 2339/2339/2339
f 2340/2340/2340 2338/2338/2338 2339/2339/2339
f 2340/2340/2340 2339/2339/2339 2341/2341/2341
f 2339/2339/2339 2342/2342/2342 2341/2341/2341
f 2343/2343/2343 2341/2341/2341 2342/2342/2342
f 2344/2344/2344 2343/2343/2343 2342/2342/2342
f 2345/2345/2345 2343/2343/2343 2344/2344/2344
f 2343/2343/2343 2345/2345/2345 2346/2346/2346
f 2345/2345/2345 2347/2347/2347 2346/2346/2346
f 2346/2346/2346 2347/2347/2347 2348/2348/2348
f 2349/2349/2349 2346/2346/2346 2348/2348/2348
f 2350/2350/2350 2349/2349/2349 2348/2348/2348
f 2350/2350/2350 2348/2348/2348 2351/2351/2351
f 2352/2352/2352 2351/2351/2351 2348/2348/2348
f 2353/2353/2353 2352/2352/2352 2348/2348/2348
f 2353/2353/2353 2354/2354/2354 2352/2352/2352
f 2354/2354/2354 2355/2355/2355 2352/2352/2352
f 2355/2355/2355 2354/2354/2354 2356/2356/2356
f 2355/2355/2355 2356/2356/2356 2357/2357/2357
f 2356/2356/2356 2358/2358/2358 2357/2357/2357
f 2358/2358/2358 2359/2359/2359 2357/2357/2357
f 2359/2359/2359 2360/2360/2360 2357/2357/2357
f 2361/2361/2361 2360/2360/2360 2359/2359/2359
f 2362/2362/2362 2361/2361/2361 2359/2359/2359
f 2361/2361/2361 2362/2362/2362 2363/2363/2363
f 2362/2362/2362 2364/2364/2364 2363/2363/2363
f 2365/2365/2365 2363/2363/2363 2364/2364/2364
f 2366/2366/2366 2365/2365/2365 2364/2364/2364
f 2365/2365/2365 2366/2366/2366 2367/2367/2367
f 2366/2366/2366 2368/2368/2368 2367/2367/2367
f 2367/2367/2367 2368/2368/2368 2369/2369/2369
f 2368/2368/2368 2370/2370/2370 2369/2369/2369
f 2373/2373/2373 2372/2372/2372 2371/2371/2371
f 2374/2374/2374 2373/2373/2373 2371/2371/2371
f 2375/2375/2375 2373/2373/2373 2374/2374/2374
f 2376/2376/2376 2375/2375/2375 2374/2374/2374
f 2375/2375/2375 2376/2376/2376 2377/2377/2377
f 2378/2378/2378 2375/2375/2375 2377/2377/2377
f 2378/2378/2378 2377/2377/2377 2379/2379/2379
f 2377/2377/2377 2380/2380/2380 2379/2379/2379
f 2379/2379/2379 2380/2380/2380 2381/2381/2381
f 2382/2382/2382 2379/2379/2379 2381/2381/2381
f 2382/2382/2382 2381/2381/2381 2383/2383/2383
f 2384/2384/2384 2382/2382/2382 2383/2383/2383
f 2385/2385/2385 2384/2384/2384 2383/2383/2383
f 2386/2386/2386 2385/2385/2385 2383/2383/2383
f 2387/2387/2387 2385/2385/2385 2386/2386/2386
f 2388/2388/2388 2387/2387/2387 2386/2386/2386
f 2389/2389/2389 2387/2387/2387 2388/2388/2388
f 2390/2390/2390 2389/2389/2389 2388/2388/2388
f 2389/2389/2389 2390/2390/2390 2391/2391/2391
f 2390/2390/2390 2392/2392/2392 2391/2391/2391
f 2392/2392/2392 2393/2393/2393 2391/2391/2391
f 2393/2393/2393 2394/2394/2394 2391/2391/2391
f 2395/2395/2395 2394/2394/2394 2393/2393/2393
f 2396/2396/2396 2395/2395/2395 2393/2393/2393
f 2397/2397/2397 2395/2395/2395 2396/2396/2396
f 2398/2398/2398 2397/2397/2397 2396/2396/2396
f 2397/2397/2397 2398/2398/2398 2399/2399/2399
f 2400/2400/2400 2397/2397/2397 2399/2399/2399
f 2401/2401/2401 2400/2400/2400 2399/2399/2399
f 2402/2402/2402 2400/2400/2400 2401/2401/2401
f 2402/2402/2402 2401/2401/2401 2403/2403/2403
f 2404/2404/2404 2402/2402/2402 2403/2403/2403
f 2405/2405/2405 2404/2404/2404 2403/2403/2403
f 2406/2406/2406 2405/2405/2405 2403/2403/2403
f 2405/2405/2405 2406/2406/2406 2407/2407/2407
f 2408/2408/2408 2405/2405/2405 2407/2407/2407
f 2408/2408/2408 2407/2407/2407 2409/2409/2409
f 2407/2407/2407 2410/2410/2410 2409/2409/2409
f 2413/2413/2413 2412/2412/2412 2411/2411/2411
f 2414/2414/2414 2413/2413/2413 2411/2411/2411
f 2417/2417/2417 2416/2416/2416 2415/2415/2415
f 2418/2418/2418 2417/2417/2417 2415/2415/2415
f 2417/2417/2417 2418/2418/2418 2419/2419/2419
f 2418/2418/2418 2420/2420/2420 2419/2419/2419
f 2420/2420/2420 2421/2421/2421 2419/2419/2419
f 2421/2421/2421 2422/2422/2422 2419/2419/2419
f 2421/2421/2421 2423/2423/2423 2422/2422/2422
f 2423/2423/2423 2424/2424/2424 2422/2422/2422
f 2424/2424/2424 2423/2423/2423 2425/2425/2425
f 2423/2423/2423 2426/2426/2426 2425/2425/2425
f 2425/2425/2425 2426/2426/2426 2427/2427/2427
f 2428/2428/2428 2425/2425/2425 2427/2427/2427
f 2428/2428/2428 2427/2427/2427 2429/2429/2429
f 2427/2427/2427 2430/2430/2430 2429/2429/2429
f 2430/2430/2430 2431/2431/2431 2429/2429/2429
f 2431/2431/2431 2432/2432/2432 2429/2429/2429
f 2431/2431/2431 2433/2433/2433 2432/2432/2432
f 2433/2433/2433 2434/2434/2434 2432/2432/2432
f 2434/2434/2434 2433/2433/2433 2435/2435/2435
f 2433/2433/2433 2436/2436/2436 2435/2435/2435
f 2437/2437/2437 2435/2435/2435 2436/2436/2436
f 2438/2438/2438 2437/2437/2437 2436/2436/2436
f 2437/2437/2437 2438/2438/2438 2439/2439/2439
f 2440/2440/2440 2437/2437/2437 2439/2439/2439
f 2440/2440/2440 2439/2439/2439 2441/2441/2441
f 2439/2439/2439 2442/2442/2442 2441/2441/2441
f 2442/2442/2442 2443/2443/2443 2441/2441/2441
f 2443/2443/2443 2444/2444/2444 2441/2441/2441
f 2444/2444/2444 2443/2443/2443 2445/2445/2445
f 2443/2443/2443 2446/2446/2446 2445/2445/2445
f 2445/2445/2445 2446/2446/2446 2447/2447/2447
f 2446/2446/2446 2448/2448/2448 2447/2447/2447
f 2448/2448/2448 2449/2449/2449 2447/2447/2447
f 2449/2449/2449 2450/2450/2450 2447/2447/2447
f 2450/2450/2450 2449/2449/2449 2451/2451/2451
f 2452/2452/2452 2450/2450/2450 2451/2451/2451
f 2452/2452/2452 2451/2451/2451 2453/2453/2453
f 2451/2451/2451 2454/2454/2454 2453/2453/2453
f 2457/2457/2457 2456/2456/2456 2455/2455/2455
f 2458/2458/2458 2457/2457/2457 2455/2455/2455
f 2461/2461/2461 2460/2460/2460 2459/2459/2459
f 2462/2462/2462 2460/2460/2460 2461/2461/2461
f 2460/2460/2460 2462/2462/2462 2463/2463/2463
f 2462/2462/2462 2461/2461/2461 2464/2464/2464
f 2465/2465/2465 2464/2464/2464 2461/2461/2461
f 2466/2466/2466 2464/2464/2464 2465/2465/2465
f 2467/2467/2467 2466/2466/2466 2465/2465/2465
f 2466/2466/2466 2467/2467/2467 2468/2468/2468
f 2467/2467/2467 2469/2469/2469 2468/2468/2468
f 2469/2469/2469 2467/2467/2467 2470/2470/2470
f 2471/2471/2471 2469/2469/2469 2470/2470/2470
f 2463/2463/2463 2462/2462/2462 2472/2472/2472
f 2463/2463/2463 2472/2472/2472 2473/2473/2473
f 2474/2474/2474 2473/2473/2473 2472/2472/2472
f 2475/2475/2475 2473/2473/2473 2474/2474/2474
f 2462/2462/2462 2464/2464/2464 2476/2476/2476
f 2464/2464/2464 2477/2477/2477 2476/2476/2476
f 2476/2476/2476 2477/2477/2477 2478/2478/2478
f 2462/2462/2462 2479/2479/2479 2472/2472/2472
f 2479/2479/2479 2462/2462/2462 2476/2476/2476
f 2479/2479/2479 2476/2476/2476 2478/2478/2478
f 2472/2472/2472 2479/2479/2479 2480/2480/2480
f 2479/2479/2479 2481/2481/2481 2480/2480/2480
f 2479/2479/2479 2478/2478/2478 2481/2481/2481
f 2481/2481/2481 2482/2482/2482 2480/2480/2480
f 2482/2482/2482 2481/2481/2481 2483/2483/2483
f 2484/2484/2484 2482/2482/2482 2483/2483/2483
f 2478/2478/2478 2485/2485/2485 2481/2481/2481
f 2481/2481/2481 2485/2485/2485 2483/2483/2483
f 2485/2485/2485 2478/2478/2478 2486/2486/2486
f 2484/2484/2484 2483/2483/2483 2487/2487/2487
f 2488/2488/2488 2484/2484/2484 2487/2487/2487
f 2487/2487/2487 2483/2483/2483 2489/2489/2489
f 2483/2483/2483 2490/2490/2490 2489/2489/2489
f 2491/2491/2491 2485/2485/2485 2486/2486/2486
f 2486/2486/2486 2492/2492/2492 2491/2491/2491
f 2493/2493/2493 2491/2491/2491 2492/2492/2492
f 2485/2485/2485 2494/2494/2494 2483/2483/2483
f 2494/2494/2494 2490/2490/2490 2483/2483/2483
f 2494/2494/2494 2485/2485/2485 2491/2491/2491
f 2491/2491/2491 2493/2493/2493 2495/2495/2495
f 2495/2495/2495 2494/2494/2494 2491/2491/2491
f 2494/2494/2494 2495/2495/2495 2490/2490/2490
f 2493/2493/2493 2496/2496/2496 2495/2495/2495
f 2495/2495/2495 2497/2497/2497 2490/2490/2490
f 2498/2498/2498 2495/2495/2495 2496/2496/2496
f 2495/2495/2495 2498/2498/2498 2497/2497/2497
f 2499/2499/2499 2498/2498/2498 2496/2496/2496
f 2498/2498/2498 2499/2499/2499 2500/2500/2500
f 2501/2501/2501 2497/2497/2497 2498/2498/2498
f 2498/2498/2498 2500/2500/2500 2501/2501/2501
f 2499/2499/2499 2502/2502/2502 2500/2500/2500
f 2502/2502/2502 2503/2503/2503 2500/2500/2500
f 2503/2503/2503 2504/2504/2504 2500/2500/2500
f 2501/2501/2501 2500/2500/2500 2505/2505/2505
f 2506/2506/2506 2500/2500/2500 2504/2504/2504
f 2505/2505/2505 2500/2500/2500 2506/2506/2506
f 2505/2505/2505 2506/2506/2506 2507/2507/2507
f 2508/2508/2508 2505/2505/2505 2507/2507/2507
f 2509/2509/2509 2506/2506/2506 2504/2504/2504
f 2507/2507/2507 2506/2506/2506 2509/2509/2509
f 2510/2510/2510 2508/2508/2508 2507/2507/2507
f 2510/2510/2510 2507/2507/2507 2511/2511/2511
f 2507/2507/2507 2512/2512/2512 2511/2511/2511
f 2512/2512/2512 2507/2507/2507 2513/2513/2513
f 2507/2507/2507 2514/2514/2514 2513/2513/2513
f 2514/2514/2514 2507/2507/2507 2509/2509/2509
f 2513/2513/2513 2514/2514/2514 2515/2515/2515
f 2516/2516/2516 2514/2514/2514 2509/2509/2509
f 2517/2517/2517 2516/2516/2516 2509/2509/2509
f 2517/2517/2517 2518/2518/2518 2516/2516/2516
f 2516/2516/2516 2519/2519/2519 2514/2514/2514
f 2515/2515/2515 2514/2514/2514 2519/2519/2519
f 2518/2518/2518 2519/2519/2519 2516/2516/2516
f 2520/2520/2520 2515/2515/2515 2519/2519/2519
f 2521/2521/2521 2515/2515/2515 2520/2520/2520
f 2519/2519/2519 2522/2522/2522 2520/2520/2520
f 2522/2522/2522 2519/2519/2519 2523/2523/2523
f 2523/2523/2523 2519/2519/2519 2518/2518/2518
f 2524/2524/2524 2522/2522/2522 2523/2523/2523
f 2524/2524/2524 2523/2523/2523 2525/2525/2525
f 2526/2526/2526 2524/2524/2524 2525/2525/2525
f 2525/2525/2525 2523/2523/2523 2527/2527/2527
f 2523/2523/2523 2528/2528/2528 2527/2527/2527
f 2528/2528/2528 2523/2523/2523 2518/2518/2518
f 2529/2529/2529 2528/2528/2528 2518/2518/2518
f 2530/2530/2530 2527/2527/2527 2528/2528/2528
f 2530/2530/2530 2528/2528/2528 2529/2529/2529
f 2531/2531/2531 2529/2529/2529 2518/2518/2518
f 2531/2531/2531 2532/2532/2532 2529/2529/2529
f 2532/2532/2532 2533/2533/2533 2529/2529/2529
f 2529/2529/2529 2533/2533/2533 2534/2534/2534
f 2535/2535/2535 2530/2530/2530 2529/2529/2529
f 2535/2535/2535 2529/2529/2529 2534/2534/2534
f 2535/2535/2535 2536/2536/2536 2530/2530/2530
f 2534/2534/2534 2536/2536/2536 2535/2535/2535
f 2537/2537/2537 2530/2530/2530 2536/2536/2536
f 2538/2538/2538 2536/2536/2536 2534/2534/2534
f 2536/2536/2536 2539/2539/2539 2537/2537/2537
f 2540/2540/2540 2536/2536/2536 2538/2538/2538
f 2541/2541/2541 2540/2540/2540 2538/2538/2538
f 2540/2540/2540 2541/2541/2541 2542/2542/2542
f 2543/2543/2543 2540/2540/2540 2542/2542/2542
f 2544/2544/2544 2539/2539/2539 2536/2536/2536
f 2544/2544/2544 2536/2536/2536 2540/2540/2540
f 2539/2539/2539 2544/2544/2544 2545/2545/2545
f 2540/2540/2540 2543/2543/2543 2546/2546/2546
f 2546/2546/2546 2544/2544/2544 2540/2540/2540
f 2543/2543/2543 2547/2547/2547 2546/2546/2546
f 2544/2544/2544 2548/2548/2548 2545/2545/2545
f 2544/2544/2544 2546/2546/2546 2548/2548/2548
f 2548/2548/2548 2549/2549/2549 2545/2545/2545
f 2549/2549/2549 2550/2550/2550 2545/2545/2545
f 2549/2549/2549 2548/2548/2548 2551/2551/2551
f 2546/2546/2546 2552/2552/2552 2548/2548/2548
f 2548/2548/2548 2552/2552/2552 2551/2551/2551
f 2546/2546/2546 2547/2547/2547 2552/2552/2552
f 2551/2551/2551 2552/2552/2552 2553/2553/2553
f 2552/2552/2552 2554/2554/2554 2553/2553/2553
f 2547/2547/2547 2554/2554/2554 2552/2552/2552
f 2553/2553/2553 2554/2554/2554 2555/2555/2555
f 2554/2554/2554 2547/2547/2547 2556/2556/2556
f 2557/2557/2557 2556/2556/2556 2547/2547/2547
f 2557/2557/2557 2558/2558/2558 2556/2556/2556
f 2555/2555/2555 2554/2554/2554 2559/2559/2559
f 2554/2554/2554 2556/2556/2556 2559/2559/2559
f 2560/2560/2560 2555/2555/2555 2559/2559/2559
f 2559/2559/2559 2561/2561/2561 2560/2560/2560
f 2559/2559/2559 2556/2556/2556 2562/2562/2562
f 2559/2559/2559 2562/2562/2562 2561/2561/2561
f 2562/2562/2562 2556/2556/2556 2558/2558/2558
f 2561/2561/2561 2562/2562/2562 2563/2563/2563
f 2563/2563/2563 2562/2562/2562 2564/2564/2564
f 2562/2562/2562 2558/2558/2558 2564/2564/2564
f 2565/2565/2565 2563/2563/2563 2564/2564/2564
f 2558/2558/2558 2566/2566/2566 2564/2564/2564
f 2566/2566/2566 2558/2558/2558 2567/2567/2567
f 2565/2565/2565 2564/2564/2564 2568/2568/2568
f 2569/2569/2569 2565/2565/2565 2568/2568/2568
f 2568/2568/2568 2570/2570/2570 2569/2569/2569
f 2570/2570/2570 2571/2571/2571 2569/2569/2569
f 2572/2572/2572 2570/2570/2570 2568/2568/2568
f 2568/2568/2568 2564/2564/2564 2573/2573/2573
f 2573/2573/2573 2572/2572/2572 2568/2568/2568
f 2564/2564/2564 2566/2566/2566 2573/2573/2573
f 2573/2573/2573 2574/2574/2574 2572/2572/2572
f 2574/2574/2574 2573/2573/2573 2566/2566/2566
f 2575/2575/2575 2572/2572/2572 2574/2574/2574
f 2576/2576/2576 2566/2566/2566 2567/2567/2567
f 2576/2576/2576 2574/2574/2574 2566/2566/2566
f 2576/2576/2576 2567/2567/2567 2577/2577/2577
f 2578/2578/2578 2576/2576/2576 2577/2577/2577
f 2578/2578/2578 2579/2579/2579 2576/2576/2576
f 2579/2579/2579 2574/2574/2574 2576/2576/2576
f 2575/2575/2575 2574/2574/2574 2580/2580/2580
f 2574/2574/2574 2579/2579/2579 2580/2580/2580
f 2581/2581/2581 2575/2575/2575 2580/2580/2580
f 2582/2582/2582 2581/2581/2581 2580/2580/2580
f 2582/2582/2582 2583/2583/2583 2581/2581/2581
f 2580/2580/2580 2579/2579/2579 2584/2584/2584
f 2580/2580/2580 2584/2584/2584 2582/2582/2582
f 2584/2584/2584 2585/2585/2585 2582/2582/2582
f 2582/2582/2582 2585/2585/2585 2586/2586/2586
f 2587/2587/2587 2582/2582/2582 2586/2586/2586
f 2582/2582/2582 2587/2587/2587 2588/2588/2588
f 2583/2583/2583 2582/2582/2582 2589/2589/2589
f 2589/2589/2589 2582/2582/2582 2588/2588/2588
f 2589/2589/2589 2590/2590/2590 2583/2583/2583
f 2589/2589/2589 2588/2588/2588 2590/2590/2590
f 2590/2590/2590 2591/2591/2591 2583/2583/2583
f 2591/2591/2591 2590/2590/2590 2592/2592/2592
f 2593/2593/2593 2591/2591/2591 2592/2592/2592
f 2592/2592/2592 2590/2590/2590 2594/2594/2594
f 2590/2590/2590 2595/2595/2595 2594/2594/2594
f 2588/2588/2588 2595/2595/2595 2590/2590/2590
f 2596/2596/2596 2594/2594/2594 2595/2595/2595
f 2597/2597/2597 2596/2596/2596 2595/2595/2595
f 2598/2598/2598 2596/2596/2596 2597/2597/2597
f 2599/2599/2599 2595/2595/2595 2588/2588/2588
f 2597/2597/2597 2595/2595/2595 2599/2599/2599
f 2600/2600/2600 2599/2599/2599 2588/2588/2588
f 2599/2599/2599 2600/2600/2600 2601/2601/2601
f 2597/2597/2597 2599/2599/2599 2601/2601/2601
f 2602/2602/2602 2598/2598/2598 2597/2597/2597
f 2598/2598/2598 2602/2602/2602 2603/2603/2603
f 2602/2602/2602 2597/2597/2597 2604/2604/2604
f 2604/2604/2604 2597/2597/2597 2605/2605/2605
f 2597/2597/2597 2606/2606/2606 2605/2605/2605
f 2597/2597/2597 2601/2601/2601 2606/2606/2606
f 2606/2606/2606 2607/2607/2607 2605/2605/2605
f 2607/2607/2607 2606/2606/2606 2608/2608/2608
f 2609/2609/2609 2607/2607/2607 2608/2608/2608
f 2606/2606/2606 2610/2610/2610 2608/2608/2608
f 2601/2601/2601 2611/2611/2611 2606/2606/2606
f 2610/2610/2610 2606/2606/2606 2611/2611/2611
f 2601/2601/2601 2612/2612/2612 2611/2611/2611
f 2612/2612/2612 2613/2613/2613 2611/2611/2611
f 2614/2614/2614 2610/2610/2610 2611/2611/2611
f 2611/2611/2611 2613/2613/2613 2614/2614/2614
f 2612/2612/2612 2615/2615/2615 2613/2613/2613
f 2615/2615/2615 2616/2616/2616 2613/2613/2613
f 2614/2614/2614 2613/2613/2613 2617/2617/2617
f 2616/2616/2616 2618/2618/2618 2613/2613/2613
f 2617/2617/2617 2613/2613/2613 2619/2619/2619
f 2618/2618/2618 2619/2619/2619 2613/2613/2613
f 2617/2617/2617 2619/2619/2619 2620/2620/2620
f 2618/2618/2618 2621/2621/2621 2619/2619/2619
f 2622/2622/2622 2620/2620/2620 2619/2619/2619
f 2621/2621/2621 2622/2622/2622 2619/2619/2619
f 2622/2622/2622 2621/2621/2621 2623/2623/2623
f 2624/2624/2624 2620/2620/2620 2622/2622/2622
f 2625/2625/2625 2622/2622/2622 2623/2623/2623
f 2623/2623/2623 2626/2626/2626 2625/2625/2625
f 2626/2626/2626 2627/2627/2627 2625/2625/2625
f 2628/2628/2628 2624/2624/2624 2622/2622/2622
f 2622/2622/2622 2625/2625/2625 2628/2628/2628
f 2628/2628/2628 2629/2629/2629 2624/2624/2624
f 2630/2630/2630 2624/2624/2624 2629/2629/2629
f 2630/2630/2630 2629/2629/2629 2631/2631/2631
f 2631/2631/2631 2629/2629/2629 2632/2632/2632
f 2633/2633/2633 2632/2632/2632 2629/2629/2629
f 2634/2634/2634 2625/2625/2625 2627/2627/2627
f 2625/2625/2625 2634/2634/2634 2628/2628/2628
f 2628/2628/2628 2634/2634/2634 2629/2629/2629
f 2635/2635/2635 2634/2634/2634 2627/2627/2627
f 2633/2633/2633 2629/2629/2629 2636/2636/2636
f 2634/2634/2634 2636/2636/2636 2629/2629/2629
f 2636/2636/2636 2634/2634/2634 2635/2635/2635
f 2637/2637/2637 2633/2633/2633 2636/2636/2636
f 2637/2637/2637 2636/2636/2636 2638/2638/2638
f 2636/2636/2636 2639/2639/2639 2638/2638/2638
f 2639/2639/2639 2636/2636/2636 2635/2635/2635
f 2638/2638/2638 2639/2639/2639 2640/2640/2640
f 2641/2641/2641 2639/2639/2639 2635/2635/2635
f 2642/2642/2642 2641/2641/2641 2635/2635/2635
f 2642/2642/2642 2643/2643/2643 2641/2641/2641
f 2644/2644/2644 2639/2639/2639 2641/2641/2641
f 2640/2640/2640 2639/2639/2639 2644/2644/2644
f 2643/2643/2643 2644/2644/2644 2641/2641/2641
f 2645/2645/2645 2640/2640/2640 2644/2644/2644
f 2645/2645/2645 2646/2646/2646 2640/2640/2640
f 2647/2647/2647 2645/2645/2645 2644/2644/2644
f 2644/2644/2644 2648/2648/2648 2647/2647/2647
f 2648/2648/2648 2644/2644/2644 2643/2643/2643
f 2648/2648/2648 2649/2649/2649 2647/2647/2647
f 2650/2650/2650 2648/2648/2648 2643/2643/2643
f 2643/2643/2643 2651/2651/2651 2650/2650/2650
f 2648/2648/2648 2652/2652/2652 2649/2649/2649
f 2652/2652/2652 2653/2653/2653 2649/2649/2649
f 2653/2653/2653 2652/2652/2652 2654/2654/2654
f 2655/2655/2655 2654/2654/2654 2652/2652/2652
f 2656/2656/2656 2655/2655/2655 2652/2652/2652
f 2656/2656/2656 2652/2652/2652 2657/2657/2657
f 2652/2652/2652 2648/2648/2648 2657/2657/2657
f 2648/2648/2648 2650/2650/2650 2657/2657/2657
f 2650/2650/2650 2658/2658/2658 2657/2657/2657
f 2651/2651/2651 2658/2658/2658 2650/2650/2650
f 2651/2651/2651 2659/2659/2659 2658/2658/2658
f 2659/2659/2659 2660/2660/2660 2658/2658/2658
f 2663/2663/2663 2662/2662/2662 2661/2661/2661
f 2662/2662/2662 2663/2663/2663 2664/2664/2664
f 2665/2665/2665 2664/2664/2664 2663/2663/2663
f 2664/2664/2664 2665/2665/2665 2666/2666/2666
f 2667/2667/2667 2666/2666/2666 2665/2665/2665
f 2668/2668/2668 2664/2664/2664 2666/2666/2666
f 2669/2669/2669 2664/2664/2664 2668/2668/2668
f 2667/2667/2667 2670/2670/2670 2666/2666/2666
f 2671/2671/2671 2670/2670/2670 2667/2667/2667
f 2671/2671/2671 2672/2672/2672 2670/2670/2670
f 2672/2672/2672 2673/2673/2673 2670/2670/2670
f 2673/2673/2673 2672/2672/2672 2674/2674/2674
f 2669/2669/2669 2668/2668/2668 2675/2675/2675
f 2676/2676/2676 2669/2669/2669 2675/2675/2675
f 2676/2676/2676 2675/2675/2675 2677/2677/2677
f 2676/2676/2676 2678/2678/2678 2669/2669/2669
f 2668/2668/2668 2679/2679/2679 2675/2675/2675
f 2677/2677/2677 2675/2675/2675 2679/2679/2679
f 2678/2678/2678 2676/2676/2676 2680/2680/2680
f 2676/2676/2676 2677/2677/2677 2680/2680/2680
f 2678/2678/2678 2680/2680/2680 2681/2681/2681
f 2682/2682/2682 2678/2678/2678 2681/2681/2681
f 2682/2682/2682 2681/2681/2681 2683/2683/2683
f 2684/2684/2684 2683/2683/2683 2681/2681/2681
f 2679/2679/2679 2668/2668/2668 2685/2685/2685
f 2685/2685/2685 2668/2668/2668 2666/2666/2666
f 2686/2686/2686 2680/2680/2680 2677/2677/2677
f 2681/2681/2681 2680/2680/2680 2686/2686/2686
f 2684/2684/2684 2681/2681/2681 2687/2687/2687
f 2688/2688/2688 2684/2684/2684 2687/2687/2687
f 2687/2687/2687 2681/2681/2681 2689/2689/2689
f 2689/2689/2689 2690/2690/2690 2687/2687/2687
f 2688/2688/2688 2687/2687/2687 2690/2690/2690
f 2691/2691/2691 2690/2690/2690 2689/2689/2689
f 2692/2692/2692 2690/2690/2690 2691/2691/2691
f 2691/2691/2691 2689/2689/2689 2693/2693/2693
f 2693/2693/2693 2689/2689/2689 2694/2694/2694
f 2695/2695/2695 2694/2694/2694 2689/2689/2689
f 2689/2689/2689 2696/2696/2696 2695/2695/2695
f 2681/2681/2681 2697/2697/2697 2689/2689/2689
f 2697/2697/2697 2696/2696/2696 2689/2689/2689
f 2697/2697/2697 2681/2681/2681 2686/2686/2686
f 2697/2697/2697 2698/2698/2698 2696/2696/2696
f 2698/2698/2698 2697/2697/2697 2686/2686/2686
f 2699/2699/2699 2698/2698/2698 2686/2686/2686
f 2699/2699/2699 2686/2686/2686 2700/2700/2700
f 2686/2686/2686 2677/2677/2677 2700/2700/2700
f 2701/2701/2701 2700/2700/2700 2677/2677/2677
f 2702/2702/2702 2700/2700/2700 2701/2701/2701
f 2703/2703/2703 2701/2701/2701 2677/2677/2677
f 2679/2679/2679 2703/2703/2703 2677/2677/2677
f 2703/2703/2703 2679/2679/2679 2704/2704/2704
f 2704/2704/2704 2679/2679/2679 2685/2685/2685
f 2704/2704/2704 2705/2705/2705 2703/2703/2703
f 2706/2706/2706 2703/2703/2703 2705/2705/2705
f 2707/2707/2707 2704/2704/2704 2685/2685/2685
f 2707/2707/2707 2685/2685/2685 2666/2666/2666
f 2704/2704/2704 2708/2708/2708 2705/2705/2705
f 2709/2709/2709 2705/2705/2705 2708/2708/2708
f 2708/2708/2708 2704/2704/2704 2710/2710/2710
f 2710/2710/2710 2704/2704/2704 2707/2707/2707
f 2708/2708/2708 2710/2710/2710 2711/2711/2711
f 2707/2707/2707 2666/2666/2666 2712/2712/2712
f 2707/2707/2707 2712/2712/2712 2710/2710/2710
f 2666/2666/2666 2670/2670/2670 2712/2712/2712
f 2713/2713/2713 2711/2711/2711 2710/2710/2710
f 2713/2713/2713 2710/2710/2710 2712/2712/2712
f 2713/2713/2713 2714/2714/2714 2711/2711/2711
f 2712/2712/2712 2714/2714/2714 2713/2713/2713
f 2715/2715/2715 2711/2711/2711 2714/2714/2714
f 2670/2670/2670 2716/2716/2716 2712/2712/2712
f 2712/2712/2712 2716/2716/2716 2714/2714/2714
f 2717/2717/2717 2714/2714/2714 2716/2716/2716
f 2670/2670/2670 2673/2673/2673 2716/2716/2716
f 2716/2716/2716 2718/2718/2718 2717/2717/2717
f 2673/2673/2673 2718/2718/2718 2716/2716/2716
f 2719/2719/2719 2717/2717/2717 2718/2718/2718
f 2718/2718/2718 2673/2673/2673 2720/2720/2720
f 2720/2720/2720 2673/2673/2673 2674/2674/2674
f 2718/2718/2718 2721/2721/2721 2719/2719/2719
f 2721/2721/2721 2718/2718/2718 2720/2720/2720
f 2722/2722/2722 2719/2719/2719 2721/2721/2721
f 2723/2723/2723 2720/2720/2720 2674/2674/2674
f 2720/2720/2720 2723/2723/2723 2721/2721/2721
f 2724/2724/2724 2723/2723/2723 2674/2674/2674
f 2725/2725/2725 2721/2721/2721 2723/2723/2723
f 2721/2721/2721 2725/2725/2725 2722/2722/2722
f 2726/2726/2726 2722/2722/2722 2725/2725/2725
f 2729/2729/2729 2728/2728/2728 2727/2727/2727
f 2729/2729/2729 2727/2727/2727 2730/2730/2730
f 2727/2727/2727 2731/2731/2731 2730/2730/2730
f 2731/2731/2731 2732/2732/2732 2730/2730/2730
f 2731/2731/2731 2733/2733/2733 2732/2732/2732
f 2732/2732/2732 2733/2733/2733 2734/2734/2734
f 2734/2734/2734 2733/2733/2733 2735/2735/2735
f 2738/2738/2738 2737/2737/2737 2736/2736/2736
f 2736/2736/2736 2739/2739/2739 2738/2738/2738
f 2736/2736/2736 2740/2740/2740 2739/2739/2739
f 2736/2736/2736 2741/2741/2741 2740/2740/2740
f 2742/2742/2742 2740/2740/2740 2741/2741/2741
f 2741/2741/2741 2743/2743/2743 2742/2742/2742
f 2741/2741/2741 2744/2744/2744 2743/2743/2743
f 2745/2745/2745 2744/2744/2744 2741/2741/2741
f 2746/2746/2746 2744/2744/2744 2745/2745/2745
f 2749/2749/2749 2748/2748/2748 2747/2747/2747
f 2747/2747/2747 2748/2748/2748 2750/2750/2750
f 2750/2750/2750 2748/2748/2748 2751/2751/2751
f 2750/2750/2750 2751/2751/2751 2752/2752/2752
f 2753/2753/2753 2752/2752/2752 2751/2751/2751
f 2754/2754/2754 2752/2752/2752 2753/2753/2753
f 2754/2754/2754 2755/2755/2755 2752/2752/2752
f 2755/2755/2755 2754/2754/2754 2756/2756/2756
f 2756/2756/2756 2757/2757/2757 2755/2755/2755
f 2756/2756/2756 2758/2758/2758 2757/2757/2757
f 2757/2757/2757 2759/2759/2759 2755/2755/2755
f 2759/2759/2759 2760/2760/2760 2755/2755/2755
f 2759/2759/2759 2761/2761/2761 2760/2760/2760
f 2762/2762/2762 2761/2761/2761 2759/2759/2759
f 2763/2763/2763 2762/2762/2762 2759/2759/2759
f 2757/2757/2757 2763/2763/2763 2759/2759/2759
f 2763/2763/2763 2764/2764/2764 2762/2762/2762
f 2757/2757/2757 2765/2765/2765 2763/2763/2763
f 2765/2765/2765 2757/2757/2757 2758/2758/2758
f 2763/2763/2763 2766/2766/2766 2764/2764/2764
f 2766/2766/2766 2763/2763/2763 2765/2765/2765
f 2767/2767/2767 2764/2764/2764 2766/2766/2766
f 2768/2768/2768 2767/2767/2767 2766/2766/2766
f 2769/2769/2769 2765/2765/2765 2758/2758/2758
f 2769/2769/2769 2766/2766/2766 2765/2765/2765
f 2769/2769/2769 2758/2758/2758 2770/2770/2770
f 2758/2758/2758 2771/2771/2771 2770/2770/2770
f 2769/2769/2769 2772/2772/2772 2766/2766/2766
f 2772/2772/2772 2768/2768/2768 2766/2766/2766
f 2772/2772/2772 2769/2769/2769 2770/2770/2770
f 2772/2772/2772 2770/2770/2770 2768/2768/2768
f 2773/2773/2773 2770/2770/2770 2771/2771/2771
f 2773/2773/2773 2771/2771/2771 2774/2774/2774
f 2770/2770/2770 2775/2775/2775 2768/2768/2768
f 2770/2770/2770 2773/2773/2773 2775/2775/2775
f 2776/2776/2776 2768/2768/2768 2775/2775/2775
f 2776/2776/2776 2775/2775/2775 2777/2777/2777
f 2777/2777/2777 2775/2775/2775 2778/2778/2778
f 2779/2779/2779 2775/2775/2775 2773/2773/2773
f 2775/2775/2775 2779/2779/2779 2778/2778/2778
f 2779/2779/2779 2773/2773/2773 2774/2774/2774
f 2780/2780/2780 2778/2778/2778 2779/2779/2779
f 2780/2780/2780 2779/2779/2779 2781/2781/2781
f 2779/2779/2779 2774/2774/2774 2782/2782/2782
f 2782/2782/2782 2781/2781/2781 2779/2779/2779
f 2774/2774/2774 2783/2783/2783 2782/2782/2782
f 2781/2781/2781 2782/2782/2782 2784/2784/2784
f 2784/2784/2784 2785/2785/2785 2781/2781/2781
f 2786/2786/2786 2781/2781/2781 2785/2785/2785
f 2787/2787/2787 2781/2781/2781 2786/2786/2786
f 2790/2790/2790 2789/2789/2789 2788/2788/2788
f 2788/2788/2788 2789/2789/2789 2791/2791/2791
f 2792/2792/2792 2788/2788/2788 2791/2791/2791
f 2791/2791/2791 2793/2793/2793 2792/2792/2792
f 2794/2794/2794 2792/2792/2792 2793/2793/2793
f 2795/2795/2795 2794/2794/2794 2793/2793/2793
f 2795/2795/2795 2793/2793/2793 2796/2796/2796
f 2796/2796/2796 2793/2793/2793 2797/2797/2797
f 2796/2796/2796 2798/2798/2798 2795/2795/2795
f 2796/2796/2796 2797/2797/2797 2799/2799/2799
f 2797/2797/2797 2800/2800/2800 2799/2799/2799
f 2798/2798/2798 2796/2796/2796 2801/2801/2801
f 2801/2801/2801 2796/2796/2796 2799/2799/2799
f 2800/2800/2800 2801/2801/2801 2799/2799/2799
f 2802/2802/2802 2798/2798/2798 2801/2801/2801
f 2800/2800/2800 2803/2803/2803 2801/2801/2801
f 2801/2801/2801 2803/2803/2803 2802/2802/2802
f 2806/2806/2806 2805/2805/2805 2804/2804/2804
f 2807/2807/2807 2804/2804/2804 2805/2805/2805
f 2805/2805/2805 2808/2808/2808 2807/2807/2807
f 2808/2808/2808 2809/2809/2809 2807/2807/2807
f 2812/2812/2812 2811/2811/2811 2810/2810/2810
f 2813/2813/2813 2810/2810/2810 2811/2811/2811
f 2816/2816/2816 2815/2815/2815 2814/2814/2814
f 2817/2817/2817 2814/2814/2814 2815/2815/2815
f 2820/2820/2820 2819/2819/2819 2818/2818/2818
f 2819/2819/2819 2821/2821/2821 2818/2818/2818
f 2819/2819/2819 2822/2822/2822 2821/2821/2821
f 2818/2818/2818 2821/2821/2821 2823/2823/2823
f 2821/2821/2821 2822/2822/2822 2824/2824/2824
f 2821/2821/2821 2824/2824/2824 2823/2823/2823
f 2825/2825/2825 2824/2824/2824 2822/2822/2822
f 2826/2826/2826 2824/2824/2824 2825/2825/2825
f 2824/2824/2824 2826/2826/2826 2827/2827/2827
f 2827/2827/2827 2828/2828/2828 2824/2824/2824
f 2823/2823/2823 2824/2824/2824 2828/2828/2828
f 2828/2828/2828 2829/2829/2829 2823/2823/2823
f 2829/2829/2829 2828/2828/2828 2830/2830/2830
f 2831/2831/2831 2823/2823/2823 2829/2829/2829
f 2831/2831/2831 2829/2829/2829 2832/2832/2832
f 2831/2831/2831 2832/2832/2832 2833/2833/2833
f 2831/2831/2831 2833/2833/2833 2834/2834/2834
f 2835/2835/2835 2834/2834/2834 2833/2833/2833
f 2838/2838/2838 2837/2837/2837 2836/2836/2836
f 2839/2839/2839 2836/2836/2836 2837/2837/2837
f 2837/2837/2837 2840/2840/2840 2839/2839/2839
f 2836/2836/2836 2839/2839/2839 2841/2841/2841
f 2842/2842/2842 2836/2836/2836 2841/2841/2841
f 2843/2843/2843 2839/2839/2839 2840/2840/2840
f 2843/2843/2843 2841/2841/2841 2839/2839/2839
f 2843/2843/2843 2840/2840/2840 2844/2844/2844
f 2843/2843/2843 2844/2844/2844 2841/2841/2841
f 2845/2845/2845 2844/2844/2844 2840/2840/2840
f 2845/2845/2845 2846/2846/2846 2844/2844/2844
f 2847/2847/2847 2844/2844/2844 2846/2846/2846
f 2847/2847/2847 2841/2841/2841 2844/2844/2844
f 2848/2848/2848 2836/2836/2836 2842/2842/2842
f 2848/2848/2848 2849/2849/2849 2836/2836/2836
f 2848/2848/2848 2850/2850/2850 2849/2849/2849
f 2851/2851/2851 2849/2849/2849 2850/2850/2850
f 2848/2848/2848 2852/2852/2852 2850/2850/2850
f 2853/2853/2853 2850/2850/2850 2852/2852/2852
f 2848/2848/2848 2842/2842/2842 2854/2854/2854
f 2848/2848/2848 2854/2854/2854 2852/2852/2852
f 2852/2852/2852 2855/2855/2855 2853/2853/2853
f 2856/2856/2856 2853/2853/2853 2855/2855/2855
f 2856/2856/2856 2855/2855/2855 2857/2857/2857
f 2858/2858/2858 2857/2857/2857 2855/2855/2855
f 2855/2855/2855 2859/2859/2859 2858/2858/2858
f 2852/2852/2852 2860/2860/2860 2855/2855/2855
f 2860/2860/2860 2859/2859/2859 2855/2855/2855
f 2852/2852/2852 2854/2854/2854 2860/2860/2860
f 2860/2860/2860 2861/2861/2861 2859/2859/2859
f 2862/2862/2862 2859/2859/2859 2861/2861/2861
f 2863/2863/2863 2862/2862/2862 2861/2861/2861
f 2863/2863/2863 2861/2861/2861 2864/2864/2864
f 2860/2860/2860 2864/2864/2864 2861/2861/2861
f 2864/2864/2864 2860/2860/2860 2865/2865/2865
f 2854/2854/2854 2865/2865/2865 2860/2860/2860
f 2865/2865/2865 2854/2854/2854 2866/2866/2866
f 2842/2842/2842 2866/2866/2866 2854/2854/2854
f 2867/2867/2867 2866/2866/2866 2842/2842/2842
f 2868/2868/2868 2867/2867/2867 2842/2842/2842
f 2842/2842/2842 2869/2869/2869 2868/2868/2868
f 2842/2842/2842 2841/2841/2841 2869/2869/2869
f 2870/2870/2870 2868/2868/2868 2869/2869/2869
f 2871/2871/2871 2868/2868/2868 2870/2870/2870
f 2870/2870/2870 2869/2869/2869 2872/2872/2872
f 2869/2869/2869 2873/2873/2873 2872/2872/2872
f 2872/2872/2872 2873/2873/2873 2874/2874/2874
f 2869/2869/2869 2841/2841/2841 2875/2875/2875
f 2869/2869/2869 2875/2875/2875 2873/2873/2873
f 2873/2873/2873 2876/2876/2876 2874/2874/2874
f 2877/2877/2877 2874/2874/2874 2876/2876/2876
f 2841/2841/2841 2878/2878/2878 2875/2875/2875
f 2878/2878/2878 2841/2841/2841 2847/2847/2847
f 2878/2878/2878 2847/2847/2847 2879/2879/2879
f 2878/2878/2878 2879/2879/2879 2875/2875/2875
f 2880/2880/2880 2879/2879/2879 2847/2847/2847
f 2880/2880/2880 2881/2881/2881 2879/2879/2879
f 2882/2882/2882 2879/2879/2879 2881/2881/2881
f 2883/2883/2883 2875/2875/2875 2879/2879/2879
f 2883/2883/2883 2873/2873/2873 2875/2875/2875
f 2879/2879/2879 2882/2882/2882 2883/2883/2883
f 2883/2883/2883 2884/2884/2884 2873/2873/2873
f 2883/2883/2883 2882/2882/2882 2884/2884/2884
f 2876/2876/2876 2873/2873/2873 2884/2884/2884
f 2882/2882/2882 2885/2885/2885 2884/2884/2884
f 2885/2885/2885 2886/2886/2886 2884/2884/2884
f 2887/2887/2887 2884/2884/2884 2886/2886/2886
f 2887/2887/2887 2876/2876/2876 2884/2884/2884
f 2886/2886/2886 2888/2888/2888 2887/2887/2887
f 2876/2876/2876 2887/2887/2887 2889/2889/2889
f 2876/2876/2876 2889/2889/2889 2877/2877/2877
f 2890/2890/2890 2877/2877/2877 2889/2889/2889
f 2891/2891/2891 2887/2887/2887 2888/2888/2888
f 2891/2891/2891 2889/2889/2889 2887/2887/2887
f 2888/2888/2888 2892/2892/2892 2891/2891/2891
f 2893/2893/2893 2891/2891/2891 2892/2892/2892
f 2893/2893/2893 2894/2894/2894 2891/2891/2891
f 2889/2889/2889 2891/2891/2891 2894/2894/2894
f 2890/2890/2890 2889/2889/2889 2894/2894/2894
f 2890/2890/2890 2894/2894/2894 2895/2895/2895
f 2898/2898/2898 2897/2897/2897 2896/2896/2896
f 2897/2897/2897 2899/2899/2899 2896/2896/2896
f 2899/2899/2899 2900/2900/2900 2896/2896/2896
f 2901/2901/2901 2896/2896/2896 2900/2900/2900
f 2902/2902/2902 2901/2901/2901 2900/2900/2900
f 2902/2902/2902 2903/2903/2903 2901/2901/2901
f 2902/2902/2902 2904/2904/2904 2903/2903/2903
f 2907/2907/2907 2906/2906/2906 2905/2905/2905
f 2907/2907/2907 2905/2905/2905 2908/2908/2908
f 2907/2907/2907 2908/2908/2908 2909/2909/2909
f 2909/2909/2909 2908/2908/2908 2910/2910/2910
f 2910/2910/2910 2908/2908/2908 2911/2911/2911
f 2912/2912/2912 2910/2910/2910 2911/2911/2911
f 2912/2912/2912 2911/2911/2911 2913/2913/2913
f 2914/2914/2914 2913/2913/2913 2911/2911/2911
f 2915/2915/2915 2913/2913/2913 2914/2914/2914
f 2916/2916/2916 2915/2915/2915 2914/2914/2914
f 2916/2916/2916 2917/2917/2917 2915/2915/2915
f 2917/2917/2917 2918/2918/2918 2915/2915/2915
f 2919/2919/2919 2918/2918/2918 2917/2917/2917
f 2920/2920/2920 2918/2918/2918 2919/2919/2919
f 2921/2921/2921 2917/2917/2917 2916/2916/2916
f 2921/2921/2921 2922/2922/2922 2917/2917/2917
f 2921/2921/2921 2916/2916/2916 2923/2923/2923
f 2916/2916/2916 2924/2924/2924 2923/2923/2923
f 2924/2924/2924 2925/2925/2925 2923/2923/2923
f 2924/2924/2924 2926/2926/2926 2925/2925/2925
f 2924/2924/2924 2916/2916/2916 2926/2926/2926
f 2927/2927/2927 2925/2925/2925 2926/2926/2926
f 2927/2927/2927 2926/2926/2926 2928/2928/2928
f 2929/2929/2929 2926/2926/2926 2916/2916/2916
f 2929/2929/2929 2928/2928/2928 2926/2926/2926
f 2929/2929/2929 2916/2916/2916 2930/2930/2930
f 2928/2928/2928 2929/2929/2929 2931/2931/2931
f 2930/2930/2930 2931/2931/2931 2929/2929/2929
f 2934/2934/2934 2933/2933/2933 2932/2932/2932
f 2934/2934/2934 2932/2932/2932 2935/2935/2935
f 2932/2932/2932 2936/2936/2936 2935/2935/2935
f 2935/2935/2935 2936/2936/2936 2937/2937/2937
f 2938/2938/2938 2937/2937/2937 2936/2936/2936
f 2938/2938/2938 2939/2939/2939 2937/2937/2937
f 2939/2939/2939 2940/2940/2940 2937/2937/2937
f 2939/2939/2939 2941/2941/2941 2940/2940/2940
f 2941/2941/2941 2942/2942/2942 2940/2940/2940
f 2943/2943/2943 2942/2942/2942 2941/2941/2941
f 2943/2943/2943 2941/2941/2941 2944/2944/2944
f 2945/2945/2945 2942/2942/2942 2943/2943/2943
f 2946/2946/2946 2945/2945/2945 2943/2943/2943
f 2949/2949/2949 2948/2948/2948 2947/2947/2947
f 2950/2950/2950 2947/2947/2947 2948/2948/2948
f 2953/2953/2953 2952/2952/2952 2951/2951/2951
f 2954/2954/2954 2951/2951/2951 2952/2952/2952
f 2957/2957/2957 2956/2956/2956 2955/2955/2955
f 2956/2956/2956 2958/2958/2958 2955/2955/2955
f 2959/2959/2959 2955/2955/2955 2958/2958/2958
f 2960/2960/2960 2955/2955/2955 2959/2959/2959
f 2963/2963/2963 2962/2962/2962 2961/2961/2961
f 2964/2964/2964 2961/2961/2961 2962/2962/2962
f 2965/2965/2965 2964/2964/2964 2962/2962/2962
f 2968/2968/2968 2967/2967/2967 2966/2966/2966
f 2969/2969/2969 2966/2966/2966 2967/2967/2967
f 2970/2970/2970 2969/2969/2969 2967/2967/2967
f 2971/2971/2971 2969/2969/2969 2970/2970/2970
f 2974/2974/2974 2973/2973/2973 2972/2972/2972
f 2975/2975/2975 2973/2973/2973 2974/2974/2974
f 2978/2978/2978 2977/2977/2977 2976/2976/2976
f 2979/2979/2979 2977/2977/2977 2978/2978/2978
f 2982/2982/2982 2981/2981/2981 2980/2980/2980
f 2983/2983/2983 2982/2982/2982 2980/2980/2980
f 2983/2983/2983 2980/2980/2980 2984/2984/2984
f 2984/2984/2984 2980/2980/2980 2985/2985/2985
f 2988/2988/2988 2987/2987/2987 2986/2986/2986
f 2989/2989/2989 2986/2986/2986 2987/2987/2987
f 2987/2987/2987 2990/2990/2990 2989/2989/2989
f 2993/2993/2993 2992/2992/2992 2991/2991/2991
f 2991/2991/2991 2992/2992/2992 2994/2994/2994
f 2995/2995/2995 2991/2991/2991 2994/2994/2994
f 2994/2994/2994 2996/2996/2996 2995/2995/2995
f 2999/2999/2999 2998/2998/2998 2997/2997/2997
f 3000/3000/3000 2998/2998/2998 2999/2999/2999
f 3003/3003/3003 3002/3002/3002 3001/3001/3001
f 3004/3004/3004 3002/3002/3002 3003/3003/3003
f 3007/3007/3007 3006/3006/3006 3005/3005/3005
f 3008/3008/3008 3005/3005/3005 3006/3006/3006
f 3008/3008/3008 3009/3009/3009 3005/3005/3005
f 3009/3009/3009 3010/3010/3010 3005/3005/3005
f 3011/3011/3011 3010/3010/3010 3009/3009/3009
f 3012/3012/3012 3011/3011/3011 3009/3009/3009
f 3011/3011/3011 3013/3013/3013 3010/3010/3010
f 3014/3014/3014 3013/3013/3013 3011/3011/3011
f 3014/3014/3014 3011/3011/3011 3015/3015/3015
f 3016/3016/3016 3013/3013/3013 3014/3014/3014
f 3014/3014/3014 3017/3017/3017 3016/3016/3016
f 3016/3016/3016 3017/3017/3017 3018/3018/3018
f 3018/3018/3018 3019/3019/3019 3016/3016/3016
f 3013/3013/3013 3020/3020/3020 3010/3010/3010
f 3020/3020/3020 3021/3021/3021 3010/3010/3010
f 3022/3022/3022 3010/3010/3010 3021/3021/3021
f 3021/3021/3021 3023/3023/3023 3022/3022/3022
f 3020/3020/3020 3013/3013/3013 3024/3024/3024
f 3013/3013/3013 3016/3016/3016 3025/3025/3025
f 3013/3013/3013 3025/3025/3025 3024/3024/3024
f 3016/3016/3016 3019/3019/3019 3026/3026/3026
f 3026/3026/3026 3025/3025/3025 3016/3016/3016
f 3026/3026/3026 3019/3019/3019 3027/3027/3027
f 3025/3025/3025 3026/3026/3026 3027/3027/3027
f 3028/3028/3028 3027/3027/3027 3019/3019/3019
f 3024/3024/3024 3025/3025/3025 3029/3029/3029
f 3029/3029/3029 3025/3025/3025 3027/3027/3027
f 3030/3030/3030 3024/3024/3024 3029/3029/3029
f 3028/3028/3028 3031/3031/3031 3027/3027/3027
f 3031/3031/3031 3028/3028/3028 3032/3032/3032
f 3031/3031/3031 3032/3032/3032 3033/3033/3033
f 3036/3036/3036 3035/3035/3035 3034/3034/3034
f 3037/3037/3037 3036/3036/3036 3034/3034/3034
f 3038/3038/3038 3037/3037/3037 3034/3034/3034
f 3036/3036/3036 3037/3037/3037 3039/3039/3039
f 3040/3040/3040 3036/3036/3036 3039/3039/3039
f 3038/3038/3038 3034/3034/3034 3041/3041/3041
f 3040/3040/3040 3039/3039/3039 3042/3042/3042
f 3043/3043/3043 3040/3040/3040 3042/3042/3042
f 3042/3042/3042 3044/3044/3044 3043/3043/3043
f 3045/3045/3045 3044/3044/3044 3042/3042/3042
f 3046/3046/3046 3044/3044/3044 3045/3045/3045
f 3047/3047/3047 3041/3041/3041 3034/3034/3034
f 3041/3041/3041 3047/3047/3047 3048/3048/3048
f 3049/3049/3049 3048/3048/3048 3047/3047/3047
f 3048/3048/3048 3050/3050/3050 3041/3041/3041
f 3050/3050/3050 3051/3051/3051 3041/3041/3041
f 3051/3051/3051 3050/3050/3050 3052/3052/3052
f 3053/3053/3053 3051/3051/3051 3052/3052/3052
f 3052/3052/3052 3054/3054/3054 3053/3053/3053
f 3054/3054/3054 3055/3055/3055 3053/3053/3053
f 3054/3054/3054 3056/3056/3056 3055/3055/3055
f 3056/3056/3056 3057/3057/3057 3055/3055/3055
f 3057/3057/3057 3058/3058/3058 3055/3055/3055
f 3058/3058/3058 3057/3057/3057 3059/3059/3059
f 3060/3060/3060 3058/3058/3058 3059/3059/3059
f 3061/3061/3061 3060/3060/3060 3059/3059/3059
f 3064/3064/3064 3063/3063/3063 3062/3062/3062
f 3065/3065/3065 3064/3064/3064 3062/3062/3062
f 3066/3066/3066 3064/3064/3064 3065/3065/3065
f 3065/3065/3065 3062/3062/3062 3067/3067/3067
f 3068/3068/3068 3067/3067/3067 3062/3062/3062
f 3067/3067/3067 3068/3068/3068 3069/3069/3069
f 3067/3067/3067 3069/3069/3069 3070/3070/3070
f 3070/3070/3070 3069/3069/3069 3071/3071/3071
f 3072/3072/3072 3070/3070/3070 3071/3071/3071
f 3073/3073/3073 3072/3072/3072 3071/3071/3071
f 3066/3066/3066 3074/3074/3074 3064/3064/3064
f 3075/3075/3075 3064/3064/3064 3074/3074/3074
f 3076/3076/3076 3075/3075/3075 3074/3074/3074
f 3077/3077/3077 3075/3075/3075 3076/3076/3076
f 3076/3076/3076 3074/3074/3074 3078/3078/3078
f 3079/3079/3079 3078/3078/3078 3074/3074/3074
f 3079/3079/3079 3080/3080/3080 3078/3078/3078
f 3080/3080/3080 3081/3081/3081 3078/3078/3078
f 3080/3080/3080 3082/3082/3082 3081/3081/3081
f 3083/3083/3083 3081/3081/3081 3082/3082/3082
f 3082/3082/3082 3084/3084/3084 3083/3083/3083
f 3085/3085/3085 3084/3084/3084 3082/3082/3082
f 3086/3086/3086 3084/3084/3084 3085/3085/3085
f 3089/3089/3089 3088/3088/3088 3087/3087/3087
f 3090/3090/3090 3087/3087/3087 3088/3088/3088
f 3090/3090/3090 3091/3091/3091 3087/3087/3087
f 3092/3092/3092 3087/3087/3087 3091/3091/3091
f 3092/3092/3092 3091/3091/3091 3093/3093/3093
f 3094/3094/3094 3093/3093/3093 3091/3091/3091
f 3094/3094/3094 3095/3095/3095 3093/3093/3093
f 3095/3095/3095 3094/3094/3094 3096/3096/3096
f 3095/3095/3095 3096/3096/3096 3097/3097/3097
f 3098/3098/3098 3097/3097/3097 3096/3096/3096
f 3098/3098/3098 3099/3099/3099 3097/3097/3097
f 3100/3100/3100 3097/3097/3097 3099/3099/3099
f 3099/3099/3099 3101/3101/3101 3100/3100/3100
f 3102/3102/3102 3100/3100/3100 3101/3101/3101
f 3101/3101/3101 3103/3103/3103 3102/3102/3102
f 3104/3104/3104 3102/3102/3102 3103/3103/3103
f 3107/3107/3107 3106/3106/3106 3105/3105/3105
f 3107/3107/3107 3108/3108/3108 3106/3106/3106
f 3108/3108/3108 3107/3107/3107 3109/3109/3109
f 3108/3108/3108 3109/3109/3109 3110/3110/3110
f 3109/3109/3109 3111/3111/3111 3110/3110/3110
f 3112/3112/3112 3111/3111/3111 3109/3109/3109
f 3115/3115/3115 3114/3114/3114 3113/3113/3113
f 3115/3115/3115 3116/3116/3116 3114/3114/3114
f 3117/3117/3117 3114/3114/3114 3116/3116/3116
f 3118/3118/3118 3117/3117/3117 3116/3116/3116
f 3119/3119/3119 3117/3117/3117 3118/3118/3118
f 3120/3120/3120 3119/3119/3119 3118/3118/3118
f 3120/3120/3120 3121/3121/3121 3119/3119/3119
f 3122/3122/3122 3116/3116/3116 3115/3115/3115
f 3115/3115/3115 3123/3123/3123 3122/3122/3122
f 3123/3123/3123 3124/3124/3124 3122/3122/3122
f 3124/3124/3124 3125/3125/3125 3122/3122/3122
f 3125/3125/3125 3124/3124/3124 3126/3126/3126
f 3127/3127/3127 3125/3125/3125 3126/3126/3126
f 3128/3128/3128 3127/3127/3127 3126/3126/3126
f 3131/3131/3131 3130/3130/3130 3129/3129/3129
f 3132/3132/3132 3129/3129/3129 3130/3130/3130
f 3133/3133/3133 3132/3132/3132 3130/3130/3130
f 3134/3134/3134 3129/3129/3129 3132/3132/3132
f 3135/3135/3135 3134/3134/3134 3132/3132/3132
f 3135/3135/3135 3136/3136/3136 3134/3134/3134
f 3135/3135/3135 3137/3137/3137 3136/3136/3136
f 3140/3140/3140 3139/3139/3139 3138/3138/3138
f 3141/3141/3141 3140/3140/3140 3138/3138/3138
f 3142/3142/3142 3141/3141/3141 3138/3138/3138
f 3145/3145/3145 3144/3144/3144 3143/3143/3143
f 3146/3146/3146 3145/3145/3145 3143/3143/3143
f 3147/3147/3147 3145/3145/3145 3146/3146/3146
f 3147/3147/3147 3148/3148/3148 3145/3145/3145
f 3149/3149/3149 3145/3145/3145 3148/3148/3148
f 3148/3148/3148 3150/3150/3150 3149/3149/3149
f 3151/3151/3151 3149/3149/3149 3150/3150/3150
f 3150/3150/3150 3152/3152/3152 3151/3151/3151
f 3153/3153/3153 3152/3152/3152 3150/3150/3150
f 3152/3152/3152 3154/3154/3154 3151/3151/3151
f 3152/3152/3152 3155/3155/3155 3154/3154/3154
f 3156/3156/3156 3154/3154/3154 3155/3155/3155
f 3157/3157/3157 3156/3156/3156 3155/3155/3155
f 3158/3158/3158 3157/3157/3157 3155/3155/3155
f 3159/3159/3159 3156/3156/3156 3157/3157/3157
f 3160/3160/3160 3159/3159/3159 3157/3157/3157
f 3159/3159/3159 3160/3160/3160 3161/3161/3161
f 3162/3162/3162 3159/3159/3159 3161/3161/3161
f 3161/3161/3161 3163/3163/3163 3162/3162/3162
f 3164/3164/3164 3162/3162/3162 3163/3163/3163
f 3163/3163/3163 3165/3165/3165 3164/3164/3164
f 3165/3165/3165 3166/3166/3166 3164/3164/3164
f 3167/3167/3167 3164/3164/3164 3166/3166/3166
f 3170/3170/3170 3169/3169/3169 3168/3168/3168
f 3168/3168/3168 3169/3169/3169 3171/3171/3171
f 3172/3172/3172 3171/3171/3171 3169/3169/3169
f 3171/3171/3171 3173/3173/3173 3168/3168/3168
f 3176/3176/3176 3175/3175/3175 3174/3174/3174
f 3175/3175/3175 3177/3177/3177 3174/3174/3174
f 3178/3178/3178 3177/3177/3177 3175/3175/3175
f 3179/3179/3179 3178/3178/3178 3175/3175/3175
f 3182/3182/3182 3181/3181/3181 3180/3180/3180
f 3180/3180/3180 3183/3183/3183 3182/3182/3182
f 3182/3182/3182 3183/3183/3183 3184/3184/3184
f 3185/3185/3185 3184/3184/3184 3183/3183/3183
f 3188/3188/3188 3187/3187/3187 3186/3186/3186
f 3189/3189/3189 3187/3187/3187 3188/3188/3188
f 3187/3187/3187 3189/3189/3189 3190/3190/3190
f 3191/3191/3191 3187/3187/3187 3190/3190/3190
f 3191/3191/3191 3190/3190/3190 3192/3192/3192
f 3191/3191/3191 3192/3192/3192 3193/3193/3193
f 3193/3193/3193 3194/3194/3194 3191/3191/3191
f 3195/3195/3195 3191/3191/3191 3194/3194/3194
f 3198/3198/3198 3197/3197/3197 3196/3196/3196
f 3199/3199/3199 3196/3196/3196 3197/3197/3197
f 3197/3197/3197 3200/3200/3200 3199/3199/3199
f 3201/3201/3201 3199/3199/3199 3200/3200/3200
f 3201/3201/3201 3200/3200/3200 3202/3202/3202
f 3203/3203/3203 3202/3202/3202 3200/3200/3200
f 3202/3202/3202 3203/3203/3203 3204/3204/3204
f 3205/3205/3205 3204/3204/3204 3203/3203/3203
f 3205/3205/3205 3206/3206/3206 3204/3204/3204
f 3207/3207/3207 3204/3204/3204 3206/3206/3206
f 3208/3208/3208 3207/3207/3207 3206/3206/3206
f 3209/3209/3209 3207/3207/3207 3208/3208/3208
f 3212/3212/3212 3211/3211/3211 3210/3210/3210
f 3213/3213/3213 3212/3212/3212 3210/3210/3210
f 3216/3216/3216 3215/3215/3215 3214/3214/3214
f 3216/3216/3216 3217/3217/3217 3215/3215/3215
f 3218/3218/3218 3217/3217/3217 3216/3216/3216
f 3219/3219/3219 3217/3217/3217 3218/3218/3218
f 3219/3219/3219 3220/3220/3220 3217/3217/3217
f 3219/3219/3219 3221/3221/3221 3220/3220/3220
f 3222/3222/3222 3220/3220/3220 3221/3221/3221
f 3223/3223/3223 3222/3222/3222 3221/3221/3221
f 3223/3223/3223 3224/3224/3224 3222/3222/3222
f 3225/3225/3225 3222/3222/3222 3224/3224/3224
f 3225/3225/3225 3224/3224/3224 3226/3226/3226
f 3227/3227/3227 3225/3225/3225 3226/3226/3226
f 3227/3227/3227 3226/3226/3226 3228/3228/3228
f 3231/3231/3231 3230/3230/3230 3229/3229/3229
f 3232/3232/3232 3229/3229/3229 3230/3230/3230
f 3235/3235/3235 3234/3234/3234 3233/3233/3233
f 3236/3236/3236 3235/3235/3235 3233/3233/3233
f 3239/3239/3239 3238/3238/3238 3237/3237/3237
f 3240/3240/3240 3237/3237/3237 3238/3238/3238
f 3241/3241/3241 3240/3240/3240 3238/3238/3238
f 3242/3242/3242 3240/3240/3240 3241/3241/3241
f 3241/3241/3241 3243/3243/3243 3242/3242/3242
f 3242/3242/3242 3243/3243/3243 3244/3244/3244
f 3242/3242/3242 3244/3244/3244 3245/3245/3245
f 3244/3244/3244 3246/3246/3246 3245/3245/3245
f 3246/3246/3246 3247/3247/3247 3245/3245/3245
f 3248/3248/3248 3247/3247/3247 3246/3246/3246
f 3249/3249/3249 3247/3247/3247 3248/3248/3248
f 3249/3249/3249 3248/3248/3248 3250/3250/3250
f 3248/3248/3248 3251/3251/3251 3250/3250/3250
f 3250/3250/3250 3252/3252/3252 3249/3249/3249
f 3253/3253/3253 3249/3249/3249 3252/3252/3252
f 3252/3252/3252 3254/3254/3254 3253/3253/3253
f 3255/3255/3255 3254/3254/3254 3252/3252/3252
f 3256/3256/3256 3255/3255/3255 3252/3252/3252
f 3257/3257/3257 3254/3254/3254 3255/3255/3255
f 3258/3258/3258 3257/3257/3257 3255/3255/3255
f 3257/3257/3257 3258/3258/3258 3259/3259/3259
f 3260/3260/3260 3259/3259/3259 3258/3258/3258
f 3261/3261/3261 3259/3259/3259 3260/3260/3260
f 3262/3262/3262 3259/3259/3259 3261/3261/3261
f 3263/3263/3263 3259/3259/3259 3262/3262/3262
f 3266/3266/3266 3265/3265/3265 3264/3264/3264
f 3264/3264/3264 3267/3267/3267 3266/3266/3266
f 3268/3268/3268 3266/3266/3266 3267/3267/3267
f 3264/3264/3264 3269/3269/3269 3267/3267/3267
f 3264/3264/3264 3270/3270/3270 3269/3269/3269
f 3267/3267/3267 3269/3269/3269 3271/3271/3271
f 3269/3269/3269 3272/3272/3272 3271/3271/3271
f 3275/3275/3275 3274/3274/3274 3273/3273/3273
f 3276/3276/3276 3273/3273/3273 3274/3274/3274
f 3276/3276/3276 3274/3274/3274 3277/3277/3277
f 3278/3278/3278 3277/3277/3277 3274/3274/3274
f 3281/3281/3281 3280/3280/3280 3279/3279/3279
f 3282/3282/3282 3281/3281/3281 3279/3279/3279
f 3285/3285/3285 3284/3284/3284 3283/3283/3283
f 3283/3283/3283 3284/3284/3284 3286/3286/3286
f 3284/3284/3284 3287/3287/3287 3286/3286/3286
f 3284/3284/3284 3288/3288/3288 3287/3287/3287
f 3291/3291/3291 3290/3290/3290 3289/3289/3289
f 3289/3289/3289 3292/3292/3292 3291/3291/3291
f 3295/3295/3295 3294/3294/3294 3293/3293/3293
f 3296/3296/3296 3294/3294/3294 3295/3295/3295
f 3297/3297/3297 3294/3294/3294 3296/3296/3296
f 3300/3300/3300 3299/3299/3299 3298/3298/3298
f 3301/3301/3301 3299/3299/3299 3300/3300/3300
f 3302/3302/3302 3301/3301/3301 3300/3300/3300
f 3305/3305/3305 3304/3304/3304 3303/3303/3303
f 3306/3306/3306 3305/3305/3305 3303/3303/3303
f 3309/3309/3309 3308/3308/3308 3307/3307/3307
f 3310/3310/3310 3309/3309/3309 3307/3307/3307
f 3311/3311/3311 3309/3309/3309 3310/3310/3310
f 3314/3314/3314 3313/3313/3313 3312/3312/3312
f 3315/3315/3315 3312/3312/3312 3313/3313/3313
f 3315/3315/3315 3316/3316/3316 3312/3312/3312
f 3319/3319/3319 3318/3318/3318 3317/3317/3317
f 3320/3320/3320 3317/3317/3317 3318/3318/3318
f 3321/3321/3321 3317/3317/3317 3320/3320/3320
f 3322/3322/3322 3321/3321/3321 3320/3320/3320
f 3325/3325/3325 3324/3324/3324 3323/3323/3323
f 3323/3323/3323 3326/3326/3326 3325/3325/3325
f 3329/3329/3329 3328/3328/3328 3327/3327/3327
f 3330/3330/3330 3329/3329/3329 3327/3327/3327
f 3331/3331/3331 3329/3329/3329 3330/3330/3330
f 3334/3334/3334 3333/3333/3333 3332/3332/3332
f 3335/3335/3335 3334/3334/3334 3332/3332/3332
f 3336/3336/3336 3335/3335/3335 3332/3332/3332
f 3339/3339/3339 3338/3338/3338 3337/3337/3337
f 3340/3340/3340 3339/3339/3339 3337/3337/3337
f 3343/3343/3343 3342/3342/3342 3341/3341/3341
f 3344/3344/3344 3341/3341/3341 3342/3342/3342
f 3347/3347/3347 3346/3346/3346 3345/3345/3345
f 3347/3347/3347 3348/3348/3348 3346/3346/3346
f 3348/3348/3348 3347/3347/3347 3349/3349/3349
f 3348/3348/3348 3349/3349/3349 3350/3350/3350
f 3353/3353/3353 3352/3352/3352 3351/3351/3351
f 3353/3353/3353 3354/3354/3354 3352/3352/3352
f 3354/3354/3354 3355/3355/3355 3352/3352/3352
f 3356/3356/3356 3352/3352/3352 3355/3355/3355
f 3355/3355/3355 3357/3357/3357 3356/3356/3356
f 3358/3358/3358 3356/3356/3356 3357/3357/3357
f 3361/3361/3361 3360/3360/3360 3359/3359/3359
f 3361/3361/3361 3359/3359/3359 3362/3362/3362
f 3363/3363/3363 3361/3361/3361 3362/3362/3362
f 3364/3364/3364 3361/3361/3361 3363/3363/3363
f 3361/3361/3361 3364/3364/3364 3365/3365/3365
f 3365/3365/3365 3364/3364/3364 3366/3366/3366
f 3367/3367/3367 3366/3366/3366 3364/3364/3364
f 3364/3364/3364 3368/3368/3368 3367/3367/3367
f 3364/3364/3364 3369/3369/3369 3368/3368/3368
f 3368/3368/3368 3369/3369/3369 3370/3370/3370
f 3369/3369/3369 3371/3371/3371 3370/3370/3370
f 3371/3371/3371 3372/3372/3372 3370/3370/3370
f 3372/3372/3372 3371/3371/3371 3373/3373/3373
f 3374/3374/3374 3373/3373/3373 3371/3371/3371
f 3375/3375/3375 3373/3373/3373 3374/3374/3374
f 3375/3375/3375 3374/3374/3374 3376/3376/3376
f 3375/3375/3375 3376/3376/3376 3377/3377/3377
f 3380/3380/3380 3379/3379/3379 3378/3378/3378
f 3381/3381/3381 3378/3378/3378 3379/3379/3379
f 3382/3382/3382 3378/3378/3378 3381/3381/3381
f 3383/3383/3383 3378/3378/3378 3382/3382/3382
f 3384/3384/3384 3383/3383/3383 3382/3382/3382
f 3383/3383/3383 3385/3385/3385 3378/3378/3378
f 3386/3386/3386 3378/3378/3378 3385/3385/3385
f 3389/3389/3389 3388/3388/3388 3387/3387/3387
f 3390/3390/3390 3387/3387/3387 3388/3388/3388
f 3391/3391/3391 3390/3390/3390 3388/3388/3388
f 3392/3392/3392 3391/3391/3391 3388/3388/3388
f 3393/3393/3393 3391/3391/3391 3392/3392/3392
f 3394/3394/3394 3392/3392/3392 3388/3388/3388
f 3392/3392/3392 3394/3394/3394 3395/3395/3395
f 3398/3398/3398 3397/3397/3397 3396/3396/3396
f 3397/3397/3397 3399/3399/3399 3396/3396/3396
f 3399/3399/3399 3397/3397/3397 3400/3400/3400
f 3397/3397/3397 3401/3401/3401 3400/3400/3400
f 3401/3401/3401 3402/3402/3402 3400/3400/3400
f 3403/3403/3403 3400/3400/3400 3402/3402/3402
f 3404/3404/3404 3403/3403/3403 3402/3402/3402
f 3405/3405/3405 3404/3404/3404 3402/3402/3402
f 3404/3404/3404 3406/3406/3406 3403/3403/3403
f 3406/3406/3406 3407/3407/3407 3403/3403/3403
f 3408/3408/3408 3407/3407/3407 3406/3406/3406
f 3408/3408/3408 3409/3409/3409 3407/3407/3407
f 3408/3408/3408 3410/3410/3410 3409/3409/3409
f 3410/3410/3410 3408/3408/3408 3411/3411/3411
f 3412/3412/3412 3411/3411/3411 3408/3408/3408
f 3415/3415/3415 3414/3414/3414 3413/3413/3413
f 3416/3416/3416 3413/3413/3413 3414/3414/3414
f 3416/3416/3416 3414/3414/3414 3417/3417/3417
f 3420/3420/3420 3419/3419/3419 3418/3418/3418
f 3420/3420/3420 3418/3418/3418 3421/3421/3421
f 3420/3420/3420 3421/3421/3421 3422/3422/3422
f 3421/3421/3421 3418/3418/3418 3423/3423/3423
f 3418/3418/3418 3424/3424/3424 3423/3423/3423
f 3423/3423/3423 3424/3424/3424 3425/3425/3425
f 3425/3425/3425 3424/3424/3424 3426/3426/3426
f 3427/3427/3427 3426/3426/3426 3424/3424/3424
f 3427/3427/3427 3428/3428/3428 3426/3426/3426
f 3426/3426/3426 3428/3428/3428 3429/3429/3429
f 3427/3427/3427 3430/3430/3430 3428/3428/3428
f 3428/3428/3428 3430/3430/3430 3431/3431/3431
f 3432/3432/3432 3428/3428/3428 3431/3431/3431
f 3431/3431/3431 3430/3430/3430 3433/3433/3433
f 3434/3434/3434 3433/3433/3433 3430/3430/3430
f 3433/3433/3433 3435/3435/3435 3431/3431/3431
f 3431/3431/3431 3435/3435/3435 3436/3436/3436
f 3432/3432/3432 3431/3431/3431 3436/3436/3436
f 3435/3435/3435 3437/3437/3437 3436/3436/3436
f 3435/3435/3435 3438/3438/3438 3437/3437/3437
f 3438/3438/3438 3439/3439/3439 3437/3437/3437
f 3440/3440/3440 3432/3432/3432 3436/3436/3436
f 3437/3437/3437 3440/3440/3440 3436/3436/3436
f 3437/3437/3437 3439/3439/3439 3441/3441/3441
f 3437/3437/3437 3441/3441/3441 3440/3440/3440
f 3441/3441/3441 3439/3439/3439 3442/3442/3442
f 3441/3441/3441 3442/3442/3442 3440/3440/3440
f 3432/3432/3432 3440/3440/3440 3443/3443/3443
f 3440/3440/3440 3442/3442/3442 3443/3443/3443
f 3432/3432/3432 3443/3443/3443 3444/3444/3444
f 3443/3443/3443 3442/3442/3442 3445/3445/3445
f 3446/3446/3446 3443/3443/3443 3445/3445/3445
f 3446/3446/3446 3445/3445/3445 3447/3447/3447
f 3448/3448/3448 3446/3446/3446 3447/3447/3447
f 3447/3447/3447 3449/3449/3449 3448/3448/3448
f 3450/3450/3450 3448/3448/3448 3449/3449/3449
f 3450/3450/3450 3449/3449/3449 3451/3451/3451
f 3449/3449/3449 3452/3452/3452 3451/3451/3451
f 3453/3453/3453 3451/3451/3451 3452/3452/3452
f 3456/3456/3456 3455/3455/3455 3454/3454/3454
f 3456/3456/3456 3457/3457/3457 3455/3455/3455
f 3458/3458/3458 3455/3455/3455 3457/3457/3457
f 3457/3457/3457 3456/3456/3456 3459/3459/3459
f 3462/3462/3462 3461/3461/3461 3460/3460/3460
f 3463/3463/3463 3460/3460/3460 3461/3461/3461
f 3463/3463/3463 3461/3461/3461 3464/3464/3464
f 3465/3465/3465 3463/3463/3463 3464/3464/3464
f 3468/3468/3468 3467/3467/3467 3466/3466/3466
f 3467/3467/3467 3469/3469/3469 3466/3466/3466
f 3466/3466/3466 3469/3469/3469 3470/3470/3470
f 3467/3467/3467 3471/3471/3471 3469/3469/3469
f 3469/3469/3469 3471/3471/3471 3472/3472/3472
f 3472/3472/3472 3471/3471/3471 3473/3473/3473
f 3473/3473/3473 3474/3474/3474 3472/3472/3472
f 3474/3474/3474 3475/3475/3475 3472/3472/3472
f 3475/3475/3475 3474/3474/3474 3476/3476/3476
f 3476/3476/3476 3474/3474/3474 3477/3477/3477
f 3478/3478/3478 3475/3475/3475 3476/3476/3476
f 3478/3478/3478 3476/3476/3476 3479/3479/3479
f 3480/3480/3480 3479/3479/3479 3476/3476/3476
f 3480/3480/3480 3481/3481/3481 3479/3479/3479
f 3480/3480/3480 3482/3482/3482 3481/3481/3481
f 3481/3481/3481 3483/3483/3483 3479/3479/3479
f 3484/3484/3484 3483/3483/3483 3481/3481/3481
f 3485/3485/3485 3483/3483/3483 3484/3484/3484
f 3486/3486/3486 3485/3485/3485 3484/3484/3484
f 3486/3486/3486 3487/3487/3487 3485/3485/3485
f 3488/3488/3488 3485/3485/3485 3487/3487/3487
f 3489/3489/3489 3488/3488/3488 3487/3487/3487
f 3489/3489/3489 3490/3490/3490 3488/3488/3488
f 3490/3490/3490 3489/3489/3489 3491/3491/3491
f 3494/3494/3494 3493/3493/3493 3492/3492/3492
f 3492/3492/3492 3493/3493/3493 3495/3495/3495
f 3495/3495/3495 3493/3493/3493 3496/3496/3496
f 3493/3493/3493 3497/3497/3497 3496/3496/3496
f 3496/3496/3496 3497/3497/3497 3498/3498/3498
f 3498/3498/3498 3497/3497/3497 3499/3499/3499
f 3499/3499/3499 3497/3497/3497 3500/3500/3500
f 3501/3501/3501 3499/3499/3499 3500/3500/3500
f 3504/3504/3504 3503/3503/3503 3502/3502/3502
f 3505/3505/3505 3504/3504/3504 3502/3502/3502
f 3508/3508/3508 3507/3507/3507 3506/3506/3506
f 3507/3507/3507 3509/3509/3509 3506/3506/3506
f 3506/3506/3506 3509/3509/3509 3510/3510/3510
f 3510/3510/3510 3509/3509/3509 3511/3511/3511
f 3512/3512/3512 3510/3510/3510 3511/3511/3511
f 3511/3511/3511 3513/3513/3513 3512/3512/3512
f 3513/3513/3513 3514/3514/3514 3512/3512/3512
f 3514/3514/3514 3513/3513/3513 3515/3515/3515
f 3516/3516/3516 3514/3514/3514 3515/3515/3515
f 3515/3515/3515 3517/3517/3517 3516/3516/3516
f 3517/3517/3517 3518/3518/3518 3516/3516/3516
f 3521/3521/3521 3520/3520/3520 3519/3519/3519
f 3521/3521/3521 3519/3519/3519 3522/3522/3522
f 3522/3522/3522 3523/3523/3523 3521/3521/3521
f 3524/3524/3524 3521/3521/3521 3523/3523/3523
f 3525/3525/3525 3524/3524/3524 3523/3523/3523
f 3526/3526/3526 3522/3522/3522 3519/3519/3519
f 3523/3523/3523 3522/3522/3522 3526/3526/3526
f 3526/3526/3526 3519/3519/3519 3527/3527/3527
f 3526/3526/3526 3527/3527/3527 3528/3528/3528
f 3525/3525/3525 3523/3523/3523 3529/3529/3529
f 3530/3530/3530 3525/3525/3525 3529/3529/3529
f 3525/3525/3525 3530/3530/3530 3531/3531/3531
f 3529/3529/3529 3532/3532/3532 3530/3530/3530
f 3530/3530/3530 3532/3532/3532 3533/3533/3533
f 3530/3530/3530 3533/3533/3533 3534/3534/3534
f 3535/3535/3535 3530/3530/3530 3534/3534/3534
f 3530/3530/3530 3535/3535/3535 3531/3531/3531
f 3536/3536/3536 3535/3535/3535 3534/3534/3534
f 3523/3523/3523 3537/3537/3537 3529/3529/3529
f 3529/3529/3529 3537/3537/3537 3538/3538/3538
f 3539/3539/3539 3523/3523/3523 3526/3526/3526
f 3523/3523/3523 3539/3539/3539 3537/3537/3537
f 3535/3535/3535 3536/3536/3536 3540/3540/3540
f 3535/3535/3535 3540/3540/3540 3531/3531/3531
f 3536/3536/3536 3541/3541/3541 3540/3540/3540
f 3542/3542/3542 3541/3541/3541 3536/3536/3536
f 3541/3541/3541 3542/3542/3542 3543/3543/3543
f 3544/3544/3544 3543/3543/3543 3542/3542/3542
f 3545/3545/3545 3531/3531/3531 3540/3540/3540
f 3546/3546/3546 3543/3543/3543 3544/3544/3544
f 3547/3547/3547 3531/3531/3531 3545/3545/3545
f 3547/3547/3547 3548/3548/3548 3531/3531/3531
f 3545/3545/3545 3549/3549/3549 3547/3547/3547
f 3550/3550/3550 3547/3547/3547 3549/3549/3549
f 3544/3544/3544 3551/3551/3551 3546/3546/3546
f 3551/3551/3551 3544/3544/3544 3552/3552/3552
f 3551/3551/3551 3553/3553/3553 3546/3546/3546
f 3553/3553/3553 3554/3554/3554 3546/3546/3546
f 3551/3551/3551 3552/3552/3552 3555/3555/3555
f 3551/3551/3551 3555/3555/3555 3553/3553/3553
f 3552/3552/3552 3556/3556/3556 3555/3555/3555
f 3555/3555/3555 3556/3556/3556 3557/3557/3557
f 3558/3558/3558 3555/3555/3555 3557/3557/3557
f 3559/3559/3559 3555/3555/3555 3558/3558/3558
f 3555/3555/3555 3559/3559/3559 3553/3553/3553
f 3560/3560/3560 3559/3559/3559 3558/3558/3558
f 3553/3553/3553 3561/3561/3561 3554/3554/3554
f 3561/3561/3561 3553/3553/3553 3559/3559/3559
f 3561/3561/3561 3562/3562/3562 3554/3554/3554
f 3563/3563/3563 3561/3561/3561 3559/3559/3559
f 3564/3564/3564 3563/3563/3563 3559/3559/3559
f 3560/3560/3560 3564/3564/3564 3559/3559/3559
f 3564/3564/3564 3560/3560/3560 3565/3565/3565
f 3565/3565/3565 3566/3566/3566 3564/3564/3564
f 3567/3567/3567 3564/3564/3564 3566/3566/3566
f 3566/3566/3566 3568/3568/3568 3567/3567/3567
f 3569/3569/3569 3565/3565/3565 3560/3560/3560
f 3569/3569/3569 3570/3570/3570 3565/3565/3565
f 3571/3571/3571 3569/3569/3569 3560/3560/3560
f 3570/3570/3570 3572/3572/3572 3565/3565/3565
f 3572/3572/3572 3570/3570/3570 3573/3573/3573
f 3574/3574/3574 3570/3570/3570 3569/3569/3569
f 3575/3575/3575 3574/3574/3574 3569/3569/3569
f 3575/3575/3575 3576/3576/3576 3574/3574/3574
f 3577/3577/3577 3574/3574/3574 3576/3576/3576
f 3577/3577/3577 3578/3578/3578 3574/3574/3574
f 3578/3578/3578 3579/3579/3579 3574/3574/3574
f 3579/3579/3579 3570/3570/3570 3574/3574/3574
f 3579/3579/3579 3578/3578/3578 3580/3580/3580
f 3570/3570/3570 3581/3581/3581 3573/3573/3573
f 3582/3582/3582 3573/3573/3573 3581/3581/3581
f 3583/3583/3583 3582/3582/3582 3581/3581/3581
f 3583/3583/3583 3581/3581/3581 3584/3584/3584
f 3579/3579/3579 3585/3585/3585 3570/3570/3570
f 3585/3585/3585 3581/3581/3581 3570/3570/3570
f 3585/3585/3585 3579/3579/3579 3580/3580/3580
f 3581/3581/3581 3585/3585/3585 3584/3584/3584
f 3585/3585/3585 3580/3580/3580 3584/3584/3584
f 3584/3584/3584 3580/3580/3580 3586/3586/3586
f 3586/3586/3586 3587/3587/3587 3584/3584/3584
f 3586/3586/3586 3588/3588/3588 3587/3587/3587
f 3589/3589/3589 3587/3587/3587 3588/3588/3588
f 3590/3590/3590 3589/3589/3589 3588/3588/3588
f 3590/3590/3590 3588/3588/3588 3591/3591/3591
f 3592/3592/3592 3591/3591/3591 3588/3588/3588
f 3591/3591/3591 3592/3592/3592 3593/3593/3593
f 3594/3594/3594 3593/3593/3593 3592/3592/3592
f 3593/3593/3593 3594/3594/3594 3595/3595/3595
f 3596/3596/3596 3595/3595/3595 3594/3594/3594
f 3599/3599/3599 3598/3598/3598 3597/3597/3597
f 3600/3600/3600 3599/3599/3599 3597/3597/3597
f 3603/3603/3603 3602/3602/3602 3601/3601/3601
f 3604/3604/3604 3601/3601/3601 3602/3602/3602
f 3601/3601/3601 3604/3604/3604 3605/3605/3605
f 3606/3606/3606 3605/3605/3605 3604/3604/3604
f 3606/3606/3606 3607/3607/3607 3605/3605/3605
f 3605/3605/3605 3607/3607/3607 3608/3608/3608
f 3609/3609/3609 3605/3605/3605 3608/3608/3608
f 3609/3609/3609 3608/3608/3608 3610/3610/3610
f 3611/3611/3611 3610/3610/3610 3608/3608/3608
f 3610/3610/3610 3611/3611/3611 3612/3612/3612
f 3613/3613/3613 3612/3612/3612 3611/3611/3611
f 3614/3614/3614 3612/3612/3612 3613/3613/3613
f 3612/3612/3612 3614/3614/3614 3615/3615/3615
f 3618/3618/3618 3617/3617/3617 3616/3616/3616
f 3617/3617/3617 3618/3618/3618 3619/3619/3619
f 3619/3619/3619 3618/3618/3618 3620/3620/3620
f 3619/3619/3619 3620/3620/3620 3621/3621/3621
f 3624/3624/3624 3623/3623/3623 3622/3622/3622
f 3625/3625/3625 3623/3623/3623 3624/3624/3624
f 3626/3626/3626 3623/3623/3623 3625/3625/3625
f 3625/3625/3625 3627/3627/3627 3626/3626/3626
f 3628/3628/3628 3626/3626/3626 3627/3627/3627
f 3628/3628/3628 3627/3627/3627 3629/3629/3629
f 3627/3627/3627 3630/3630/3630 3629/3629/3629
f 3631/3631/3631 3629/3629/3629 3630/3630/3630
f 3632/3632/3632 3631/3631/3631 3630/3630/3630
f 3632/3632/3632 3633/3633/3633 3631/3631/3631
f 3631/3631/3631 3633/3633/3633 3634/3634/3634
f 3633/3633/3633 3632/3632/3632 3635/3635/3635
f 3633/3633/3633 3635/3635/3635 3636/3636/3636
f 3633/3633/3633 3636/3636/3636 3637/3637/3637
f 3637/3637/3637 3636/3636/3636 3638/3638/3638
f 3633/3633/3633 3637/3637/3637 3639/3639/3639
f 3639/3639/3639 3637/3637/3637 3638/3638/3638
f 3640/3640/3640 3633/3633/3633 3639/3639/3639
f 3641/3641/3641 3639/3639/3639 3638/3638/3638
f 3641/3641/3641 3642/3642/3642 3639/3639/3639
f 3639/3639/3639 3642/3642/3642 3643/3643/3643
f 3640/3640/3640 3639/3639/3639 3643/3643/3643
f 3642/3642/3642 3641/3641/3641 3644/3644/3644
f 3643/3643/3643 3642/3642/3642 3644/3644/3644
f 3645/3645/3645 3644/3644/3644 3641/3641/3641
f 3646/3646/3646 3644/3644/3644 3645/3645/3645
f 3646/3646/3646 3643/3643/3643 3644/3644/3644
f 3646/3646/3646 3645/3645/3645 3647/3647/3647
f 3648/3648/3648 3643/3643/3643 3646/3646/3646
f 3648/3648/3648 3646/3646/3646 3647/3647/3647
f 3643/3643/3643 3649/3649/3649 3640/3640/3640
f 3649/3649/3649 3643/3643/3643 3648/3648/3648
f 3650/3650/3650 3649/3649/3649 3648/3648/3648
f 3648/3648/3648 3651/3651/3651 3650/3650/3650
f 3651/3651/3651 3648/3648/3648 3647/3647/3647
f 3652/3652/3652 3649/3649/3649 3650/3650/3650
f 3652/3652/3652 3640/3640/3640 3649/3649/3649
f 3651/3651/3651 3647/3647/3647 3653/3653/3653
f 3651/3651/3651 3653/3653/3653 3650/3650/3650
f 3654/3654/3654 3653/3653/3653 3647/3647/3647
f 3655/3655/3655 3640/3640/3640 3652/3652/3652
f 3650/3650/3650 3655/3655/3655 3652/3652/3652
f 3655/3655/3655 3656/3656/3656 3640/3640/3640
f 3656/3656/3656 3655/3655/3655 3650/3650/3650
f 3657/3657/3657 3640/3640/3640 3656/3656/3656
f 3656/3656/3656 3650/3650/3650 3658/3658/3658
f 3650/3650/3650 3659/3659/3659 3658/3658/3658
f 3660/3660/3660 3659/3659/3659 3650/3650/3650
f 3660/3660/3660 3650/3650/3650 3653/3653/3653
f 3660/3660/3660 3661/3661/3661 3659/3659/3659
f 3660/3660/3660 3653/3653/3653 3661/3661/3661
f 3653/3653/3653 3654/3654/3654 3661/3661/3661
f 3654/3654/3654 3662/3662/3662 3661/3661/3661
f 3662/3662/3662 3663/3663/3663 3661/3661/3661
f 3664/3664/3664 3663/3663/3663 3662/3662/3662
f 3665/3665/3665 3664/3664/3664 3662/3662/3662
f 3666/3666/3666 3664/3664/3664 3665/3665/3665
f 3666/3666/3666 3665/3665/3665 3667/3667/3667
f 3667/3667/3667 3665/3665/3665 3668/3668/3668
f 3667/3667/3667 3668/3668/3668 3669/3669/3669
f 3672/3672/3672 3671/3671/3671 3670/3670/3670
f 3673/3673/3673 3671/3671/3671 3672/3672/3672
f 3674/3674/3674 3671/3671/3671 3673/3673/3673
f 3673/3673/3673 3675/3675/3675 3674/3674/3674
f 3674/3674/3674 3676/3676/3676 3671/3671/3671
f 3676/3676/3676 3677/3677/3677 3671/3671/3671
f 3678/3678/3678 3677/3677/3677 3676/3676/3676
f 3678/3678/3678 3676/3676/3676 3679/3679/3679
f 3680/3680/3680 3674/3674/3674 3675/3675/3675
f 3676/3676/3676 3674/3674/3674 3680/3680/3680
f 3676/3676/3676 3680/3680/3680 3679/3679/3679
f 3680/3680/3680 3675/3675/3675 3362/3362/3362
f 3679/3679/3679 3680/3680/3680 3681/3681/3681
f 3359/3359/3359 3680/3680/3680 3362/3362/3362
f 3680/3680/3680 3359/3359/3359 3681/3681/3681
f 3682/3682/3682 3681/3681/3681 3359/3359/3359
f 3683/3683/3683 3682/3682/3682 3359/3359/3359
f 3682/3682/3682 3684/3684/3684 3681/3681/3681
f 3683/3683/3683 3684/3684/3684 3682/3682/3682
f 3687/3687/3687 3686/3686/3686 3685/3685/3685
f 3685/3685/3685 3688/3688/3688 3687/3687/3687
f 3689/3689/3689 3687/3687/3687 3688/3688/3688
f 3687/3687/3687 3689/3689/3689 3690/3690/3690
f 3690/3690/3690 3691/3691/3691 3687/3687/3687
f 3690/3690/3690 3689/3689/3689 3692/3692/3692
f 3692/3692/3692 3693/3693/3693 3690/3690/3690
f 3696/3696/3696 3695/3695/3695 3694/3694/3694
f 3697/3697/3697 3694/3694/3694 3695/3695/3695
f 3694/3694/3694 3697/3697/3697 3698/3698/3698
f 3699/3699/3699 3698/3698/3698 3697/3697/3697
f 3702/3702/3702 3701/3701/3701 3700/3700/3700
f 3703/3703/3703 3702/3702/3702 3700/3700/3700
f 3706/3706/3706 3705/3705/3705 3704/3704/3704
f 3707/3707/3707 3705/3705/3705 3706/3706/3706
f 3707/3707/3707 3708/3708/3708 3705/3705/3705
f 3708/3708/3708 3709/3709/3709 3705/3705/3705
f 3712/3712/3712 3711/3711/3711 3710/3710/3710
f 3710/3710/3710 3711/3711/3711 3713/3713/3713
f 3713/3713/3713 3711/3711/3711 3714/3714/3714
f 3717/3717/3717 3716/3716/3716 3715/3715/3715
f 3715/3715/3715 3716/3716/3716 3718/3718/3718
f 3715/3715/3715 3718/3718/3718 3719/3719/3719
f 3722/3722/3722 3721/3721/3721 3720/3720/3720
f 3723/3723/3723 3720/3720/3720 3721/3721/3721
f 3726/3726/3726 3725/3725/3725 3724/3724/3724
f 3726/3726/3726 3724/3724/3724 3727/3727/3727
f 3727/3727/3727 3724/3724/3724 3728/3728/3728
f 3731/3731/3731 3730/3730/3730 3729/3729/3729
f 3732/3732/3732 3729/3729/3729 3730/3730/3730
f 3732/3732/3732 3733/3733/3733 3729/3729/3729
f 3736/3736/3736 3735/3735/3735 3734/3734/3734
f 3735/3735/3735 3736/3736/3736 3737/3737/3737
f 3737/3737/3737 3736/3736/3736 3738/3738/3738
f 3737/3737/3737 3738/3738/3738 3739/3739/3739
f 3742/3742/3742 3741/3741/3741 3740/3740/3740
f 3742/3742/3742 3740/3740/3740 3743/3743/3743
f 3746/3746/3746 3745/3745/3745 3744/3744/3744
f 3747/3747/3747 3744/3744/3744 3745/3745/3745
f 3750/3750/3750 3749/3749/3749 3748/3748/3748
f 3750/3750/3750 3748/3748/3748 3751/3751/3751
f 3750/3750/3750 3751/3751/3751 3752/3752/3752
f 3755/3755/3755 3754/3754/3754 3753/3753/3753
f 3756/3756/3756 3754/3754/3754 3755/3755/3755
f 3757/3757/3757 3756/3756/3756 3755/3755/3755
f 3537/3537/3537 3757/3757/3757 3755/3755/3755
f 3756/3756/3756 3758/3758/3758 3754/3754/3754
f 3759/3759/3759 3754/3754/3754 3758/3758/3758
f 3756/3756/3756 3760/3760/3760 3758/3758/3758
f 3757/3757/3757 3760/3760/3760 3756/3756/3756
f 3761/3761/3761 3758/3758/3758 3760/3760/3760
f 3761/3761/3761 3760/3760/3760 3762/3762/3762
f 3763/3763/3763 3762/3762/3762 3760/3760/3760
f 3764/3764/3764 3763/3763/3763 3760/3760/3760
f 3764/3764/3764 3760/3760/3760 3757/3757/3757
f 3765/3765/3765 3764/3764/3764 3757/3757/3757
f 3757/3757/3757 3766/3766/3766 3765/3765/3765
f 3765/3765/3765 3766/3766/3766 3767/3767/3767
f 3757/3757/3757 3767/3767/3767 3766/3766/3766
f 3757/3757/3757 3537/3537/3537 3767/3767/3767
f 3765/3765/3765 3767/3767/3767 3768/3768/3768
f 3767/3767/3767 3528/3528/3528 3768/3768/3768
f 3537/3537/3537 3769/3769/3769 3767/3767/3767
f 3767/3767/3767 3769/3769/3769 3528/3528/3528
f 3537/3537/3537 3539/3539/3539 3769/3769/3769
f 3770/3770/3770 3528/3528/3528 3769/3769/3769
f 3770/3770/3770 3769/3769/3769 3539/3539/3539
f 3770/3770/3770 3526/3526/3526 3528/3528/3528
f 3770/3770/3770 3539/3539/3539 3526/3526/3526
f 3773/3773/3773 3772/3772/3772 3771/3771/3771
f 3774/3774/3774 3771/3771/3771 3772/3772/3772
f 3777/3777/3777 3776/3776/3776 3775/3775/3775
f 3778/3778/3778 3776/3776/3776 3777/3777/3777
f 3778/3778/3778 3777/3777/3777 3779/3779/3779
f 3782/3782/3782 3781/3781/3781 3780/3780/3780
f 3783/3783/3783 3780/3780/3780 3781/3781/3781
f 3784/3784/3784 3780/3780/3780 3783/3783/3783
f 3785/3785/3785 3784/3784/3784 3783/3783/3783
f 3788/3788/3788 3787/3787/3787 3786/3786/3786
f 3789/3789/3789 3786/3786/3786 3787/3787/3787
f 3789/3789/3789 3790/3790/3790 3786/3786/3786
f 3790/3790/3790 3791/3791/3791 3786/3786/3786
f 3791/3791/3791 3790/3790/3790 3792/3792/3792
f 3793/3793/3793 3792/3792/3792 3790/3790/3790
f 3794/3794/3794 3792/3792/3792 3793/3793/3793
f 3795/3795/3795 3792/3792/3792 3794/3794/3794
f 3798/3798/3798 3797/3797/3797 3796/3796/3796
f 3796/3796/3796 3797/3797/3797 3799/3799/3799
f 3799/3799/3799 3797/3797/3797 3800/3800/3800
f 3800/3800/3800 3797/3797/3797 3801/3801/3801
f 3801/3801/3801 3797/3797/3797 3802/3802/3802
f 3802/3802/3802 3797/3797/3797 3803/3803/3803
f 3803/3803/3803 3797/3797/3797 3804/3804/3804
f 3804/3804/3804 3797/3797/3797 3805/3805/3805
f 3805/3805/3805 3797/3797/3797 3806/3806/3806
f 3809/3809/3809 3808/3808/3808 3807/3807/3807
f 3810/3810/3810 3808/3808/3808 3809/3809/3809
f 3811/3811/3811 3808/3808/3808 3810/3810/3810
f 3812/3812/3812 3808/3808/3808 3811/3811/3811
f 3813/3813/3813 3808/3808/3808 3812/3812/3812
f 3814/3814/3814 3808/3808/3808 3813/3813/3813
f 3815/3815/3815 3808/3808/3808 3814/3814/3814
f 3816/3816/3816 3808/3808/3808 3815/3815/3815
f 3817/3817/3817 3808/3808/3808 3816/3816/3816
f 3818/3818/3818 3808/3808/3808 3817/3817/3817
f 3819/3819/3819 3808/3808/3808 3818/3818/3818
f 3822/3822/3822 3821/3821/3821 3820/3820/3820
f 3823/3823/3823 3821/3821/3821 3822/3822/3822
f 3824/3824/3824 3821/3821/3821 3823/3823/3823
f 3825/3825/3825 3821/3821/3821 3824/3824/3824
f 3826/3826/3826 3821/3821/3821 3825/3825/3825
f 3827/3827/3827 3821/3821/3821 3826/3826/3826
f 3830/3830/3830 3829/3829/3829 3828/3828/3828
f 3828/3828/3828 3829/3829/3829 3831/3831/3831
f 3834/3834/3834 3833/3833/3833 3832/3832/3832
f 3835/3835/3835 3833/3833/3833 3834/3834/3834
f 3838/3838/3838 3837/3837/3837 3836/3836/3836
f 3836/3836/3836 3837/3837/3837 3839/3839/3839
f 3840/3840/3840 3837/3837/3837 3838/3838/3838
f 3839/3839/3839 3837/3837/3837 3841/3841/3841
f 3842/3842/3842 3837/3837/3837 3840/3840/3840
f 3841/3841/3841 3837/3837/3837 3843/3843/3843
f 3844/3844/3844 3837/3837/3837 3842/3842/3842
f 3843/3843/3843 3837/3837/3837 3845/3845/3845
f 3846/3846/3846 3837/3837/3837 3844/3844/3844
f 3845/3845/3845 3837/3837/3837 3847/3847/3847
f 3848/3848/3848 3837/3837/3837 3846/3846/3846
f 3847/3847/3847 3837/3837/3837 3849/3849/3849
f 3850/3850/3850 3837/3837/3837 3848/3848/3848
f 3849/3849/3849 3837/3837/3837 3851/3851/3851
f 3852/3852/3852 3837/3837/3837 3850/3850/3850
f 3851/3851/3851 3837/3837/3837 3853/3853/3853
f 3854/3854/3854 3837/3837/3837 3852/3852/3852
f 3853/3853/3853 3837/3837/3837 3855/3855/3855
f 3856/3856/3856 3837/3837/3837 3854/3854/3854
f 3855/3855/3855 3837/3837/3837 3857/3857/3857
f 3858/3858/3858 3837/3837/3837 3856/3856/3856
f 3857/3857/3857 3837/3837/3837 3859/3859/3859
f 3859/3859/3859 3837/3837/3837 3858/3858/3858
