g S_wpn_misc_0043_02_lod0
v -0.297433 -0.0014750245 0.99062496
v -0.269474 0.018383 0.999259
v -0.295504 0.017270973 0.98601395
v -0.27522698 -0.00931 1.005757
v -0.31001997 -0.019602511 1.0003645
v -0.247385 0.016408 1.017369
v -0.290328 -0.028962 1.020967
v -0.322616 -0.024216993 1.0148159
v -0.252355 -0.014291 1.023528
v -0.235076 0.016032 1.030901
v -0.307118 -0.03437 1.0386859
v -0.33176148 -0.0035505008 1.024328
v -0.26890498 -0.035102997 1.041135
v -0.238647 -0.016636 1.036225
v -0.22331499 0.016013 1.044766
v -0.319204 -0.008369 1.052997
v -0.330125 0.020258002 1.0246251
v -0.286902 -0.038714 1.059297
v -0.31517798 0.025827998 1.050538
v -0.301397 -0.01176 1.076948
v -0.305632 0.043397002 1.036161
v -0.32359007 0.034166016 1.0137091
v -0.285546 0.041915998 1.013405
v -0.308497 0.033459015 0.996704
v -0.295504 0.017270973 0.98601395
v -0.269474 0.018383 0.999259
v -0.262218 0.045356 1.031325
v -0.247385 0.016408 1.017369
v -0.285149 0.047204997 1.058751
v -0.248167 0.044691 1.043585
v -0.235076 0.016032 1.030901
v -0.296238 0.028657999 1.072905
v -0.234415 0.042754997 1.055968
v -0.22331499 0.016013 1.044766
v -0.270823 0.047275 1.0713279
v -0.287442 -0.012948999 1.089671
v -0.212605 0.039127998 1.074502
v -0.20417999 0.015039 1.066127
v -0.282441 0.029637998 1.085614
v -0.255907 0.046951998 1.083011
v -0.194617 0.038843 1.0939759
v -0.18118 0.0063419994 1.0820279
v -0.16904499 0.009389 1.093915
v -0.17325799 0.039561 1.111627
v -0.269077 0.030560998 1.0981469
v -0.23259 0.047491003 1.101172
v -0.215896 0.04623 1.114502
v -0.18449698 0.049187 1.142061
v -0.19972499 0.046713 1.157378
v -0.23727898 0.034142997 1.13771
v -0.248033 0.032602 1.1187689
v -0.255348 -0.0014480001 1.126059
v -0.24024598 -0.003903 1.144236
v -0.273381 -0.013371 1.101399
v -0.23458299 -0.029739 1.130937
v -0.22282399 -0.030167 1.150145
v -0.249092 -0.028027998 1.116994
v -0.25741398 -0.038345 1.08161
v -0.204887 -0.046149995 1.130209
v -0.20559798 -0.037232 1.163751
v -0.235846 -0.040937 1.103155
v -0.271623 -0.038399998 1.070267
v -0.255517 -0.036943 1.054128
v -0.241379 -0.037215 1.065985
v -0.220538 -0.043287 1.117134
v -0.219209 -0.041113 1.08741
v -0.225408 -0.016671998 1.048888
v -0.1991849 -0.040449403 1.0967506
v -0.204916 -0.038358 1.078347
v -0.1880199 -0.042465404 1.1114256
v -0.20258199 -0.008554 1.066274
v -0.20417999 0.015039 1.066127
v -0.18118 0.0063419994 1.0820279
v -0.188381 -0.04824 1.145379
v -0.1719359 -0.03943341 1.1270297
v -0.1585939 -0.040326405 1.1390616
v -0.18845199 -0.040004 1.177964
v -0.17203411 -0.043604065 1.158861
v -0.18545699 -0.01046 1.080304
v -0.18850401 -0.034752 1.087956
v -0.16051398 -0.013567999 1.098163
v -0.15127699 -0.0022939998 1.091996
v -0.16405198 -0.029458 1.108364
v -0.17325799 0.039561 1.111627
v -0.16904499 0.009389 1.093915
v -0.14487399 0.018588 1.1130509
v -0.155921 0.045110002 1.124802
v -0.19208299 0.061791 1.132313
v -0.169451 0.063182 1.1481739
v -0.204444 0.065244004 1.1492829
v -0.17665198 0.064664 1.172985
v -0.22306499 0.065205 1.16166
v -0.178532 0.063058 1.192471
v -0.192666 0.060226995 1.204621
v -0.23963599 0.062986 1.1826439
v -0.22717698 0.060025 1.203925
v -0.202968 0.057577 1.214915
v -0.227276 0.055015996 1.222381
v -0.210184 0.054700997 1.22872
v -0.23494498 0.051027 1.237534
v -0.208519 0.051085 1.245696
v -0.23372999 0.051547 1.252489
v -0.225361 0.053903 1.2680169
v -0.204622 0.050203 1.260906
v -0.10023834 -0.107383706 1.097496
v -0.093467094 -0.12303535 1.1138535
v -0.08820596 -0.1267725 1.0927484
v -0.111190945 -0.090242594 1.1278864
v -0.10826834 -0.09142382 1.100261
v -0.09779576 -0.11922285 1.1271586
v -0.1191642 -0.07108217 1.1003504
v -0.10470752 -0.108695425 1.1454995
v -0.08971955 -0.13203846 1.1356808
v -0.12095759 -0.06663968 1.1279681
v -0.13454199 -0.044398997 1.1130049
v -0.142349 -0.035304 1.132149
v -0.10017623 -0.12160329 1.1634883
v -0.085516624 -0.14222392 1.1534696
v -0.11137643 -0.106307104 1.1773304
v -0.11672511 -0.083464675 1.1648965
v -0.1227898 -0.058331802 1.1556346
v -0.12567 -0.045265 1.1581659
v -0.13197799 -0.044999998 1.1619129
v -0.1585939 -0.040326405 1.1390616
v -0.14827749 -0.04235906 1.1744387
v -0.17203411 -0.043604065 1.158861
v -0.1358854 -0.049057998 1.1854657
v -0.118636 -0.046457 1.164906
v -0.172169 -0.038507998 1.185388
v -0.18845199 -0.040004 1.177964
v -0.155591 -0.037813 1.2002419
v -0.12367052 -0.051365 1.1964605
v -0.106229 -0.055542 1.1748079
v -0.179205 -0.019585 1.217275
v -0.18979499 -0.014858 1.195744
v -0.16571636 -0.018908542 1.2293706
v -0.14455 -0.042947 1.211249
v -0.158498 -0.024578 1.243725
v -0.127961 -0.047624 1.223275
v -0.101688 -0.064942 1.192685
v -0.099874 -0.065473996 1.183295
v -0.110375 -0.060716998 1.21078
v -0.086295 -0.08046799 1.207629
v -0.117643 -0.054286998 1.238737
v -0.100842 -0.067210995 1.2308979
v -0.122660995 -0.037358 1.253103
v -0.150783 -0.024008 1.255368
v -0.099942 -0.071838 1.243225
v -0.067195 -0.094298 1.222837
v -0.059261996 -0.094000995 1.239241
v -0.095158 -0.078943 1.264184
v -0.147487 -0.01464 1.2686889
v -0.114634 -0.023166 1.289172
v -0.13299799 -0.007912 1.293032
v -0.152975 -0.005083 1.2772759
v -0.150782 0.011696 1.3035629
v -0.047257 -0.093931 1.255333
v -0.075288996 -0.079166 1.27366
v -0.045363 -0.080391996 1.289879
v -0.023601 -0.091955 1.273684
v -0.168684 0.014594 1.2875249
v -0.157573 0.025573999 1.316662
v -0.17826 0.037308 1.312095
v -0.187677 0.031091 1.2906399
v -0.15422401 0.031556 1.3269839
v -0.206782 0.051367 1.3059579
v -0.20819 0.047615997 1.292733
v -0.184417 0.047601 1.328808
v -0.14398299 0.035629 1.3463229
v -0.207751 0.05492 1.3158729
v -0.15863 0.041509 1.358666
v -0.192281 0.05356 1.343294
v -0.220144 0.063079 1.324828
v -0.163948 0.040379 1.3712019
v -0.201923 0.060226995 1.3558121
v -0.235533 0.071506 1.332026
v -0.230139 0.076 1.359521
v -0.21293698 0.082637 1.3812989
v -0.19158399 0.065143995 1.384157
v -0.17940399 0.056441 1.392341
v -0.15793 0.03526 1.389655
v -0.192176 0.080805995 1.408073
v -0.20912398 0.093723 1.3981069
v -0.20510098 0.099228 1.427855
v -0.165335 0.050458997 1.404974
v -0.139082 0.032314 1.4055569
v -0.18778099 0.081668 1.437232
v -0.20895 0.092368 1.4610361
v -0.19323699 0.083041 1.4644051
v -0.179424 0.072138 1.418493
v -0.16853 0.066254 1.4227968
v -0.14453499 0.054804 1.426575
v -0.219769 0.085101 1.48592
v -0.127007 0.047521 1.430765
v -0.1151 0.031194 1.415954
v -0.103016995 0.033002 1.433341
v -0.115761995 0.043934997 1.441078
v -0.10046099 0.040632 1.4544129
v -0.19288099 0.077447 1.489859
v -0.21122998 0.07361 1.519254
v -0.17924999 0.064881 1.519264
v -0.226611 0.079856 1.510513
v -0.238817 0.085816 1.5012308
v -0.191643 0.06814 1.534442
v -0.159244 0.058797 1.5430839
v -0.16179599 0.063892 1.557971
v -0.379653 0.007444 0.915667
v -0.38764 0.02289 0.91259
v -0.384603 0.008712 0.908096
v -0.38526598 0.025425998 0.9211055
v -0.39181098 0.027841998 0.914809
v -0.395116 0.029616 0.916455
v -0.37372297 0.006493 0.92261
v -0.400774 0.030740999 0.919571
v -0.37799248 0.02552 0.929531
v -0.35573646 0.006355 0.94002795
v -0.395831 0.028696 0.925427
v -0.40617198 0.028252998 0.92321897
v -0.38974097 0.027598 0.93923897
v -0.40118498 0.026876999 0.92808896
v -0.409183 0.023118999 0.92589694
v -0.404392 0.021935 0.930833
v -0.41134602 0.016748 0.927695
v -0.394678 0.019798 0.94338995
v -0.406468 0.01587 0.93333095
v -0.41255 0.0019009999 0.9270269
v -0.36070228 0.0268365 0.9472795
v -0.3718285 0.027788 0.9589585
v -0.32191348 0.0135285 0.96643645
v -0.3232785 0.0009890001 0.96953243
v -0.295504 0.017270999 0.986014
v -0.297433 -0.0014749999 0.99062496
v -0.308497 0.033459 0.996704
v -0.33018297 0.030084249 0.97702956
v -0.3428585 0.0311815 0.9924015
v -0.32359 0.034166 1.013709
v -0.37736702 0.0189245 0.96326095
v -0.349709 0.018427 0.99949795
v -0.330125 0.020258 1.024625
v -0.33176148 -0.0035505001 1.024328
v -0.35115847 -0.0024374998 0.9987797
v -0.37970477 -0.00059599994 0.9625978
v -0.34332648 -0.020676501 0.99101347
v -0.322616 -0.024217 1.0148159
v -0.31001997 -0.019602498 1.0003645
v -0.397069 -0.0009244999 0.94298244
v -0.3737355 -0.016447 0.956116
v -0.33163473 -0.015462999 0.9778758
v -0.3232785 0.0009890001 0.96953243
v -0.297433 -0.0014749999 0.99062496
v -0.36258927 -0.01257025 0.945027
v -0.35573646 0.006355 0.94002795
v -0.37372297 0.006493 0.92261
v -0.390957 -0.015121999 0.935373
v -0.37953553 -0.011732499 0.9247465
v -0.379653 0.007444 0.915667
v -0.404162 -0.007917 0.92999196
v -0.399007 -0.015887 0.924952
v -0.38599348 -0.01212 0.91552705
v -0.38512298 0.000642 0.90687793
v -0.384603 0.008712 0.908096
v -0.3893 -0.0117945 0.90867347
v -0.40308 -0.016412 0.91778797
v -0.40907398 -0.008065 0.92318493
v -0.40708196 0.001161 0.93344396
v -0.38792 -0.00043699998 0.9008529
v -0.38512298 0.000642 0.90687793
v -0.384603 0.008712 0.908096
v -0.3893 -0.0117945 0.90867347
v -0.39129347 -0.0134535 0.90352005
v -0.3908355 -0.0105775 0.88858294
v -0.40570498 -0.017372 0.91181296
v -0.40685797 -0.0227215 0.898045
v -0.40308 -0.016412 0.91778797
v -0.39566424 -0.019739999 0.893622
v -0.394451 -0.018612 0.878541
v -0.39900002 -0.025475997 0.8841355
v -0.39838198 -0.021712998 0.873581
v -0.413126 -0.008872 0.91729397
v -0.42377996 -0.0074019996 0.9058292
v -0.40907398 -0.008065 0.92318493
v -0.416785 0.0019709999 0.921195
v -0.41255 0.0019009999 0.9270269
v -0.41537797 0.016644 0.921605
v -0.41134602 0.016748 0.927695
v -0.409183 0.023118999 0.92589694
v -0.41594046 -0.018052999 0.8996275
v -0.42567748 0.0059609995 0.9093215
v -0.413142 0.022839999 0.919513
v -0.40617198 0.028252998 0.92321897
v -0.42218748 0.019723 0.90944946
v -0.40991402 0.027639 0.91691494
v -0.400774 0.030740999 0.919571
v -0.404162 0.030844 0.91385
v -0.395116 0.029616 0.916455
v -0.43768522 0.0062410003 0.894978
v -0.43287048 0.020452248 0.8964392
v -0.4176135 0.028401 0.9076345
v -0.41192397 0.031705998 0.9041065
v -0.4273175 0.029263 0.8960955
v -0.41994947 0.034787502 0.893151
v -0.40638 0.0321425 0.90021545
v -0.39921698 0.030148 0.91121
v -0.394742 0.028776 0.908897
v -0.39181098 0.027841998 0.914809
v -0.402368 0.031403497 0.89700896
v -0.4147955 0.0358745 0.8886775
v -0.41107497 0.034817 0.884652
v -0.42666698 0.036844 0.885343
v -0.421902 0.038034998 0.88080496
v -0.433039 0.038489 0.878109
v -0.418843 0.036853 0.876789
v -0.424667 0.037926 0.87137395
v -0.435046 0.030899998 0.88680196
v -0.428125 0.039542 0.874496
v -0.433286 0.040673 0.86921597
v -0.430739 0.039005 0.8649299
v -0.437463 0.041488 0.864551
v -0.435018 0.039670996 0.860959
v -0.437929 0.040014 0.871875
v -0.441981 0.042399 0.859709
v -0.43933398 0.040380996 0.856742
v -0.444314 0.041755 0.852152
v -0.44138998 0.040626 0.86682796
v -0.439829 0.037248 0.875447
v -0.44272 0.038022 0.871784
v -0.440125 0.031802 0.8795
v -0.44302198 0.033370998 0.87591696
v -0.446551 0.043486 0.854877
v -0.44572496 0.041771997 0.861772
v -0.4478015 0.037024498 0.8663915
v -0.446924 0.034962 0.87113297
v -0.444609 0.029677998 0.87478995
v -0.443716 0.026350997 0.87774694
v -0.447702 0.028778998 0.86977893
v -0.447247 0.031208 0.87061596
v -0.45099998 0.044987995 0.850651
v -0.44992 0.043047 0.84795403
v -0.45199 0.043780997 0.84676397
v -0.449336 0.032262 0.863487
v -0.441053 0.0214805 0.885894
v -0.44684198 0.00673 0.8835194
v -0.4450515 -0.008791 0.881799
v -0.449637 0.019682 0.87743104
v -0.45316398 0.046041 0.848691
v -0.453749 0.044430997 0.84473294
v -0.44981548 0.0382175 0.862313
v -0.43571573 -0.008442 0.89269346
v -0.42726648 -0.019005999 0.88826156
v -0.455399 0.046647 0.84648496
v -0.45675898 0.045233 0.841635
v -0.449799 0.043190997 0.85722095
v -0.45390597 0.044681 0.85327595
v -0.45318902 0.0394885 0.8582595
v -0.43772098 -0.019810999 0.876866
v -0.42793 -0.023868999 0.87742794
v -0.456001 0.045749 0.85120296
v -0.451203 0.033838 0.859738
v -0.447214 0.031107 0.85845494
v -0.448082 0.030050999 0.86326
v -0.45666048 0.040823 0.85443205
v -0.453685 0.035106998 0.856156
v -0.45783347 0.0413675 0.853637
v -0.449099 0.032618 0.856069
v -0.456475 0.036199998 0.852822
v -0.45158798 0.034089997 0.85298795
v -0.444973 0.033917 0.853495
v -0.441897 0.032624 0.856153
v -0.448449 0.035472 0.85045195
v -0.44386598 0.029923998 0.85580397
v -0.454269 0.035242 0.85007596
v -0.452414 0.036623 0.847673
v -0.44817 0.030016998 0.85835296
v -0.44515398 0.027100999 0.854203
v -0.456222 0.035908997 0.848208
v -0.45429 0.037265 0.846559
v -0.455856 0.037821 0.844604
v -0.458605 0.036778 0.850626
v -0.45812696 0.03684 0.846303
v -0.45888197 0.038929 0.84139293
v -0.45265597 0.027741 0.86383903
v -0.45140097 0.03015 0.85536903
v -0.448753 0.027448 0.851564
v -0.455476 0.028478999 0.84701496
v -0.45580396 0.028327998 0.85999393
v -0.45774898 0.030966 0.850634
v -0.464274 0.031687 0.845408
v -0.462328 0.029885 0.84225094
v -0.464565 0.030357 0.8411229
v -0.46194696 0.02947 0.854532
v -0.46670198 0.032355 0.843346
v -0.46683496 0.030876998 0.83921796
v -0.468202 0.030848 0.84937894
v -0.46928298 0.032872 0.84115696
v -0.471957 0.031731997 0.834326
v -0.470707 0.031737 0.847099
v -0.474275 0.033433 0.83746696
v -0.47844002 0.033692 0.829571
v -0.473021 0.032053 0.84459394
v -0.480247 0.035024 0.83280295
v -0.48148498 0.034500998 0.828235
v -0.47722998 0.032456998 0.8401439
v -0.465421 0.024663 0.85597396
v -0.460287 0.0233355 0.8617685
v -0.45802248 0.022828002 0.8652365
v -0.451099 0.025932 0.87051594
v -0.44862098 0.024701 0.87424797
v -0.452523 0.020216 0.874936
v -0.45592996 0.021471 0.870954
v -0.453852 0.01585 0.87314296
v -0.45586798 0.016164 0.87021893
v -0.454981 0.012230999 0.8686969
v -0.452643 0.011500999 0.87465894
v -0.458619 0.01611 0.86288697
v -0.45540798 0.00336 0.874327
v -0.456929 0.008033 0.871714
v -0.46088 0.017403001 0.85950893
v -0.45595297 0.015 0.8568419
v -0.45651698 0.013888 0.86066
v -0.465399 0.019214999 0.853842
v -0.457909 0.016122 0.85459197
v -0.47090098 0.026022 0.85046643
v -0.47219297 0.026377501 0.84940153
v -0.470365 0.020987999 0.848461
v -0.46247 0.018127 0.84992397
v -0.461199 0.011073999 0.861353
v -0.456713 0.014144 0.856569
v -0.458513 0.009182 0.86863
v -0.465306 0.00481 0.8629815
v -0.461445 0.004016 0.86918193
v -0.458111 0.0034639998 0.872405
v -0.457052 -0.00089699996 0.870483
v -0.459067 -0.001238 0.867248
v -0.45626098 -0.004599 0.865817
v -0.452844 -0.0051239994 0.871884
v -0.46199402 -0.001354 0.85971
v -0.45224398 -0.012778999 0.8723459
v -0.455331 -0.008525 0.86942
v -0.44662496 -0.019352 0.869245
v -0.45552397 -0.013219 0.86977094
v -0.453179 -0.016656999 0.86876404
v -0.458095 -0.013223999 0.866748
v -0.45531797 -0.016856 0.865878
v -0.457272 -0.008496 0.866313
v -0.46229598 -0.013178 0.8609805
v -0.452467 -0.019007 0.86406094
v -0.46064398 -0.0060409997 0.859204
v -0.458272 -0.018258 0.857947
v -0.45649698 -0.004075 0.857116
v -0.44061598 -0.020592999 0.86393094
v -0.44746602 -0.019422999 0.858559
v -0.45401698 -0.018858999 0.85412097
v -0.433363 -0.022102 0.869514
v -0.43838698 -0.017776 0.86059994
v -0.44596198 -0.016568 0.854605
v -0.430646 -0.018703999 0.865622
v -0.451878 -0.015937999 0.851072
v -0.42885947 -0.024040498 0.8707315
v -0.425167 -0.027196497 0.868656
v -0.426482 -0.020242 0.8666914
v -0.42428046 -0.0239695 0.865242
v -0.457022 -0.018444998 0.851106
v -0.45497397 -0.0158 0.848159
v -0.42555845 -0.0320655 0.862659
v -0.42518798 -0.0290665 0.86024594
v -0.427616 -0.033845 0.85405993
v -0.46327004 -0.017838499 0.844746
v -0.46123397 -0.015576 0.84217805
v -0.46100298 -0.018051999 0.854817
v -0.46684995 -0.017584 0.84835494
v -0.46471098 -0.01304 0.85778743
v -0.469518 -0.017231999 0.838386
v -0.467494 -0.015352 0.83619696
v -0.47039297 -0.015295 0.834459
v -0.428274 -0.037024 0.85579395
v -0.42841998 -0.035883 0.851424
v -0.472697 -0.017115999 0.84189296
v -0.472083 -0.017279 0.835925
v -0.472657 -0.015032 0.831877
v -0.42911497 -0.038859 0.853282
v -0.42977798 -0.037658 0.84883696
v -0.475209 -0.017394 0.83917195
v -0.47487098 -0.01681 0.833198
v -0.47742197 -0.014254 0.82727695
v -0.43005297 -0.040762 0.85046995
v -0.43174398 -0.039573 0.845875
v -0.47764596 -0.016801 0.836415
v -0.479733 -0.016097 0.82912695
v -0.48265702 -0.014142999 0.8235
v -0.43320596 -0.044487 0.84541196
v -0.433217 -0.041883998 0.84296894
v -0.434174 -0.044253 0.840995
v -0.48225698 -0.015790999 0.832002
v -0.486682 -0.015499 0.82806396
v -0.48413298 -0.01595 0.825213
v -0.48433298 -0.014323999 0.8222619
v -0.486043 -0.016094 0.823785
v -0.485685 -0.014278 0.820634
v -0.48818198 -0.01592 0.822031
v -0.492037 -0.014304 0.81523
v -0.488554 -0.015567 0.8264129
v -0.493967 -0.015433 0.818188
v -0.49572447 -0.013482499 0.8139285
v -0.49077702 -0.015098999 0.824524
v -0.48024946 -0.012169499 0.83899
v -0.484318 -0.011394499 0.8343005
v -0.47910398 -0.0123505 0.84048
v -0.479592 -0.006502 0.8387259
v -0.48827899 -0.010760999 0.830267
v -0.48932096 -0.010646501 0.8295195
v -0.48380798 -0.0063279998 0.833935
v -0.487907 -0.006085 0.829834
v -0.480817 -0.00475 0.83099294
v -0.47789297 -0.012453999 0.8418965
v -0.477172 -0.006189 0.84148693
v -0.47644198 -0.012479501 0.8432405
v -0.47497594 -0.012465 0.84455395
v -0.47585 -0.004251 0.835418
v -0.474304 -0.0066360002 0.844067
v -0.4698435 -0.012752499 0.8511707
v -0.46882102 -0.0062930007 0.85022444
v -0.463338 -0.00595 0.85638195
v -0.456332 -0.004004 0.8542479
v -0.458684 -0.0037239997 0.851729
v -0.473297 -0.004051 0.83781797
v -0.46461952 -0.0040895 0.8459565
v -0.47055498 -0.0044549997 0.840184
v -0.456578 -0.002951 0.854038
v -0.47044298 -0.005754 0.83498394
v -0.472468 -0.005855 0.83247197
v -0.467674 -0.006063 0.83665
v -0.47752 -0.005951 0.82788396
v -0.46161398 -0.0058035003 0.84205043
v -0.455554 -0.0055440003 0.847451
v -0.452537 -0.005281 0.8496779
v -0.45262098 -0.0035030001 0.850995
v -0.452121 -0.001136 0.85073096
v -0.483007 -0.005266 0.824184
v -0.455728 -0.000107 0.848683
v -0.485382 -0.004473 0.826931
v -0.48471698 -0.005021 0.82302594
v -0.45955 -0.00179 0.85169196
v -0.46329898 0.001204 0.8436049
v -0.48721698 -0.0040439996 0.825367
v -0.486007 -0.0050989995 0.82147795
v -0.489681 -0.005686 0.828158
v -0.466227 -0.00035999998 0.846489
v -0.470418 0.002077 0.83797896
v -0.464566 -0.000772 0.857089
v -0.48945898 -0.004185 0.8233159
v -0.49228296 -0.004801 0.816041
v -0.4902735 -0.010552499 0.82862896
v -0.49126548 -0.010423499 0.82750046
v -0.491857 -0.0058509996 0.825518
v -0.4921955 -0.0102825 0.825848
v -0.4673815 0.0051794997 0.8600509
v -0.47031897 0.00063100003 0.851192
v -0.476407 0.0013789999 0.84558797
v -0.464336 0.011361 0.858741
v -0.47244748 0.0060805 0.8537895
v -0.472823 0.00046799998 0.84105694
v -0.473072 0.002493 0.83665496
v -0.47505197 0.00053599995 0.8390529
v -0.477546 0.001136 0.836722
v -0.47510397 0.0029149998 0.834772
v -0.481285 0.004115 0.829636
v -0.459569 0.013471 0.854214
v -0.47026 0.011413 0.85275394
v -0.479271 0.001479 0.843132
v -0.48373 0.0024879999 0.831463
v -0.48708302 0.004529 0.82411903
v -0.46638098 0.013559001 0.84880596
v -0.48170698 0.0019179999 0.840438
v -0.489854 0.003116 0.826025
v -0.489684 0.004516 0.822505
v -0.487175 0.003321 0.83483803
v -0.49212396 0.003149 0.82397497
v -0.49188998 0.005012 0.82049
v -0.49273 0.003903 0.82920897
v -0.494877 0.0037449999 0.821961
v -0.500067 0.006119 0.814367
v -0.49550596 0.004011 0.827379
v -0.501397 0.0048539997 0.81750196
v -0.498166 0.0047569997 0.82520103
v -0.504241 0.005476 0.81565
v -0.50435597 0.0075409994 0.8127485
v -0.503477 0.005712 0.819915
v -0.507566 0.006768 0.81432796
v -0.507974 0.00916 0.812139
v -0.509989 0.008684 0.81337
v -0.50882596 0.010369999 0.81195396
v -0.510888 0.010237 0.81316197
v -0.50911397 0.012063 0.81193703
v -0.511203 0.011992 0.81320995
v -0.510632 0.008254 0.814878
v -0.508286 0.006901 0.815912
v -0.505812 0.0058719995 0.81820196
v -0.509255 0.008737 0.817245
v -0.503868 0.0073769996 0.82100093
v -0.509324 0.011127 0.81789804
v -0.51176 0.009694 0.814933
v -0.509989 0.008684 0.81337
v -0.510888 0.010237 0.81316197
v -0.512095 0.011822999 0.81509495
v -0.511203 0.011992 0.81320995
v -0.511507 0.013866 0.815267
v -0.510656 0.013884 0.813648
v -0.510306 0.014943 0.81559896
v -0.50962 0.015159 0.814326
v -0.508887 0.013659 0.817981
v -0.499001 0.0100395 0.826558
v -0.503848 0.0103980005 0.821936
v -0.503604 0.012968 0.821767
v -0.49782303 0.009862999 0.82802045
v -0.497865 0.014371 0.826107
v -0.507989 0.015493999 0.817246
v -0.506861 0.016440999 0.81518096
v -0.50962 0.015159 0.814326
v -0.505297 0.015621999 0.81893796
v -0.50304 0.015149999 0.821088
v -0.501153 0.016562 0.8192489
v -0.503477 0.016757999 0.81711096
v -0.496677 0.009691499 0.82918954
v -0.49533796 0.01421 0.828321
v -0.49513498 0.0094585 0.830323
v -0.495325 0.015877 0.82398593
v -0.49958196 0.016004 0.815708
v -0.50258595 0.016042 0.814262
v -0.505625 0.015651999 0.81332296
v -0.507881 0.014605 0.81265295
v -0.508695 0.013717999 0.81233495
v -0.510656 0.013884 0.813648
v -0.50911397 0.012063 0.81193703
v -0.511203 0.011992 0.81320995
v -0.491758 0.014726999 0.82099795
v -0.49282598 0.015848 0.82615304
v -0.48967898 0.014428999 0.82290494
v -0.492519 0.014018 0.83024496
v -0.490405 0.015365999 0.82821196
v -0.487146 0.014364 0.824412
v -0.4937855 0.0094015 0.8312235
v -0.48425597 0.01454 0.833515
v -0.480861 0.013265001 0.8297889
v -0.48694 0.0130630005 0.83590496
v -0.48834845 0.0084865 0.8368155
v -0.48326597 0.0076475 0.84225446
v -0.47805998 0.014457 0.838867
v -0.474202 0.012995999 0.834802
v -0.472024 0.012962 0.83686996
v -0.481477 0.012969 0.84165496
v -0.479132 0.0128 0.844346
v -0.48207197 0.007464 0.843853
v -0.47546798 0.014717999 0.841305
v -0.47314999 0.014099999 0.843426
v -0.469151 0.012359 0.83837897
v -0.48088148 0.0072955 0.8451645
v -0.4793885 0.0071605 0.84652996
v -0.476549 0.012215001 0.847232
v -0.477835 0.0068825 0.84777343
v -0.46242297 0.011709 0.844215
v -0.45520696 0.011605999 0.84957
v -0.45194998 0.011945999 0.851969
v -0.451125 0.013990999 0.85278
v -0.44992 0.016153 0.85249996
v -0.453468 0.017682 0.851097
v -0.459141 0.019549 0.84684795
v -0.467165 0.01982 0.84510696
v -0.46529996 0.021368 0.842641
v -0.469387 0.020095998 0.84278995
v -0.46733198 0.021512 0.84111
v -0.47289798 0.021191001 0.846165
v -0.471609 0.020917 0.840575
v -0.46929798 0.021765001 0.838785
v -0.47458097 0.023301 0.834289
v -0.4734595 0.026749 0.84832746
v -0.47459152 0.027076999 0.8470324
v -0.47527197 0.022091998 0.843838
v -0.4756095 0.027345499 0.84549594
v -0.47637796 0.022377 0.836594
v -0.4794775 0.028215498 0.8412289
v -0.482061 0.023818 0.831791
v -0.480861 0.024912 0.829316
v -0.47915798 0.023387 0.83963895
v -0.482769 0.033838 0.835749
v -0.485255 0.034489 0.833683
v -0.484644 0.024781 0.835399
v -0.487169 0.024983 0.83306396
v -0.48433298 0.023994999 0.829704
v -0.483829 0.025151 0.827661
v -0.486913 0.024948 0.82769203
v -0.48495096 0.025922 0.82563794
v -0.484584 0.029534 0.83654296
v -0.48615897 0.0296545 0.835745
v -0.495909 0.027205998 0.821839
v -0.49401796 0.028252 0.818859
v -0.48746902 0.029962499 0.83464
v -0.48959598 0.025882998 0.830922
v -0.488625 0.030269498 0.833464
v -0.49881998 0.028301999 0.820073
v -0.49703798 0.029339999 0.817272
v -0.497625 0.028282 0.823354
v -0.50115395 0.029334 0.81866795
v -0.499532 0.030620998 0.816526
v -0.50108796 0.031814 0.81629795
v -0.503437 0.031343997 0.81767
v -0.502051 0.033359 0.81609195
v -0.50449 0.033433 0.81738096
v -0.50247097 0.035113998 0.816106
v -0.50479996 0.035249 0.817343
v -0.503863 0.031464 0.819039
v -0.501983 0.030131 0.82031304
v -0.49972597 0.029282998 0.82212895
v -0.497924 0.030032 0.82448196
v -0.502484 0.031888 0.821152
v -0.50233 0.034047 0.821807
v -0.489637 0.030656999 0.83205295
v -0.50487095 0.033072 0.81905293
v -0.50449 0.033433 0.81738096
v -0.503437 0.031343997 0.81767
v -0.50497097 0.034998 0.819237
v -0.50479996 0.035249 0.817343
v -0.504247 0.036688 0.819421
v -0.50398797 0.037120998 0.817871
v -0.503157 0.037418 0.81983
v -0.502207 0.037967 0.818491
v -0.49727198 0.032668 0.825529
v -0.501584 0.036217 0.8218
v -0.49674198 0.035237 0.825075
v -0.50046295 0.037544 0.82093
v -0.49794897 0.037283998 0.8226159
v -0.495854 0.036833998 0.82436895
v -0.500052 0.03837 0.819852
v -0.502207 0.037967 0.818491
v -0.48789698 0.03495 0.831445
v -0.49727 0.038369 0.821166
v -0.49438 0.038080998 0.82282996
v -0.50058997 0.037524 0.816845
v -0.50398797 0.037120998 0.817871
v -0.49863398 0.038101997 0.81736195
v -0.501768 0.036642 0.81646895
v -0.50247097 0.035113998 0.816106
v -0.50479996 0.035249 0.817343
v -0.495583 0.037976 0.818172
v -0.492378 0.037571 0.819409
v -0.48534498 0.036204 0.828643
v -0.48305598 0.034927 0.826473
v -0.482647 0.035908997 0.83071
v -0.47805697 0.050739 0.828722
v -0.47885698 0.049431 0.82851994
v -0.47736597 0.048999 0.827243
v -0.476723 0.050254002 0.82740194
v -0.47695598 0.051480997 0.82905895
v -0.475875 0.050865002 0.82761
v -0.474995 0.051915 0.829934
v -0.473979 0.05117 0.82819295
v -0.47747198 0.051448997 0.830168
v -0.472857 0.051683 0.831328
v -0.471823 0.050711002 0.829095
v -0.46986097 0.05004 0.83036
v -0.474714 0.051307995 0.831925
v -0.471036 0.051294997 0.83274496
v -0.463765 0.047969997 0.8354709
v -0.47226298 0.050685 0.834251
v -0.465248 0.049652 0.83770496
v -0.46257702 0.047673997 0.837286
v -0.47563 0.050096996 0.832789
v -0.46359402 0.049413 0.839473
v -0.46729597 0.048813 0.83977896
v -0.47267398 0.049331997 0.835352
v -0.47637796 0.048434 0.83292395
v -0.47837502 0.050770998 0.829952
v -0.47805697 0.050739 0.828722
v -0.47695598 0.051480997 0.82905895
v -0.479024 0.049494 0.82994497
v -0.47885698 0.049431 0.82851994
v -0.47904596 0.048042 0.828592
v -0.479126 0.048063 0.82998395
v -0.478628 0.046687 0.828909
v -0.478787 0.046878 0.8301349
v -0.47672 0.046674 0.832556
v -0.47323698 0.047236 0.836077
v -0.473964 0.045156002 0.83529997
v -0.46904746 0.045816496 0.8404684
v -0.476621 0.045086 0.831919
v -0.474449 0.043986 0.834286
v -0.469303 0.04152 0.83948696
v -0.4683475 0.045528002 0.8415695
v -0.46762902 0.040745 0.841032
v -0.476971 0.044787996 0.830045
v -0.478628 0.046687 0.828909
v -0.465733 0.048593998 0.84151
v -0.46778 0.040505 0.83735
v -0.47529098 0.043614 0.83121395
v -0.46760398 0.0452365 0.84242696
v -0.4667855 0.04489 0.8433
v -0.46396196 0.047849 0.843292
v -0.473579 0.042796995 0.83250296
v -0.46156797 0.048433 0.841106
v -0.460233 0.047002 0.83880204
v -0.45852098 0.047386996 0.843804
v -0.46094897 0.046939 0.846008
v -0.45821798 0.046246998 0.84896797
v -0.47181597 0.043488 0.8301
v -0.473702 0.044395998 0.82894397
v -0.465645 0.041005995 0.83519894
v -0.47553697 0.045335997 0.82811
v -0.477036 0.046494998 0.82768095
v -0.47748697 0.047604 0.827361
v -0.47904596 0.048042 0.828592
v -0.47736597 0.048999 0.827243
v -0.47885698 0.049431 0.82851994
v -0.46609798 0.039725 0.838886
v -0.464604 0.040554 0.836894
v -0.462321 0.03973 0.83819896
v -0.464253 0.03927 0.84050494
v -0.465797 0.040112 0.842689
v -0.46124 0.038269 0.843452
v -0.460423 0.037745 0.84836197
v -0.46585602 0.044595998 0.8441795
v -0.463278 0.043411996 0.8470144
v -0.46301997 0.039104 0.845427
v -0.46097296 0.042516496 0.85010844
v -0.45994246 0.0421975 0.851396
v -0.45889848 0.041764002 0.85260147
v -0.427723 -0.055012997 0.835977
v -0.428939 -0.053308 0.834269
v -0.430284 -0.056064 0.83649594
v -0.430977 -0.053112 0.834502
v -0.43224898 -0.055991 0.83734494
v -0.430219 -0.050191 0.834404
v -0.42793497 -0.051154 0.83405095
v -0.43289 -0.052555997 0.83533204
v -0.43399101 -0.054899 0.838251
v -0.432207 -0.049703002 0.835188
v -0.42859 -0.047498003 0.834821
v -0.426078 -0.049002998 0.834634
v -0.434365 -0.051958 0.836418
v -0.43104097 -0.046627 0.83565396
v -0.42590103 -0.043542497 0.8366305
v -0.42301452 -0.045795497 0.8367615
v -0.420204 -0.042168003 0.840529
v -0.43528998 -0.051054 0.83794093
v -0.43483397 -0.053435996 0.839148
v -0.433915 -0.049197998 0.83641094
v -0.435032 -0.048956998 0.83798397
v -0.433139 -0.046152 0.837116
v -0.43475798 -0.046711996 0.839071
v -0.434174 -0.044253 0.840995
v -0.42887297 -0.04243 0.83749604
v -0.42608297 -0.037859 0.841237
v -0.43154398 -0.042026 0.8393525
v -0.433217 -0.041883998 0.84296894
v -0.429245 -0.03797 0.843347
v -0.43174398 -0.039573 0.845875
v -0.42977798 -0.037658 0.84883696
v -0.427172 -0.035737 0.846806
v -0.42841998 -0.035883 0.851424
v -0.422969 -0.039001998 0.840239
v -0.41877 -0.039742 0.84389997
v -0.42092097 -0.036382 0.843655
v -0.41735998 -0.038211998 0.846211
v -0.424034 -0.035302997 0.844913
v -0.419435 -0.035409 0.846404
v -0.41576898 -0.036193 0.848943
v -0.425553 -0.034488 0.849375
v -0.427616 -0.033845 0.85405993
v -0.422732 -0.034389 0.847741
v -0.417746 -0.032932 0.848896
v -0.41150773 -0.03107371 0.8562546
v -0.424217 -0.032028 0.85185695
v -0.421049 -0.031570997 0.850011
v -0.421602 -0.0265105 0.8569295
v -0.42518798 -0.0290665 0.86024594
v -0.4169734 -0.026803521 0.8547119
v -0.420275 -0.020442499 0.8631175
v -0.42428046 -0.0239695 0.865242
v -0.426482 -0.020242 0.8666914
v -0.41682398 -0.018142998 0.862639
v -0.41095725 -0.01728575 0.8628005
v -0.422601 -0.0155375 0.8653555
v -0.40209997 -0.018763 0.86725897
v -0.40599898 -0.027212998 0.862857
v -0.401276 -0.023689 0.86984295
v -0.39838198 -0.021712998 0.873581
v -0.4167505 -0.0091665 0.86630005
v -0.426516 -0.013214999 0.86490995
v -0.430646 -0.018703999 0.865622
v -0.39684898 -0.012747 0.874008
v -0.394451 -0.018612 0.878541
v -0.405965 -0.0076705003 0.869277
v -0.419734 -0.004669 0.86738896
v -0.437506 -0.011934 0.85799897
v -0.43838698 -0.017776 0.86059994
v -0.44596198 -0.016568 0.854605
v -0.39184698 -0.0039555 0.8868115
v -0.3908355 -0.0105775 0.88858294
v -0.38792 -0.00043699998 0.9008529
v -0.3953527 0.0026023334 0.885439
v -0.40765 4.0500014E-05 0.874073
v -0.38878798 0.0089219995 0.90142995
v -0.384603 0.008712 0.908096
v -0.39667252 0.0081285 0.88828903
v -0.4124883 0.0051633334 0.87446606
v -0.390274 0.015275 0.903043
v -0.38764 0.02289 0.91259
v -0.39661202 0.016464999 0.8895095
v -0.42520598 -0.004173 0.86583394
v -0.40911597 0.019191 0.87706
v -0.391226 0.024551 0.905688
v -0.39820647 0.0270875 0.89315444
v -0.394742 0.028776 0.908897
v -0.39181098 0.027841998 0.914809
v -0.402368 0.031403497 0.89700896
v -0.41107497 0.034817 0.884652
v -0.40852648 0.029516 0.88000196
v -0.418843 0.036853 0.876789
v -0.418191 0.031273 0.87275296
v -0.424667 0.037926 0.87137395
v -0.42087698 0.022095999 0.87002194
v -0.425037 0.032521997 0.86692494
v -0.430739 0.039005 0.8649299
v -0.423717 0.008851 0.86760694
v -0.428377 0.024544999 0.86371803
v -0.431721 0.034669 0.86055
v -0.435018 0.039670996 0.860959
v -0.43390998 0.011053999 0.860636
v -0.436948 0.036124 0.85691196
v -0.43933398 0.040380996 0.856742
v -0.440904 0.037341 0.85405993
v -0.444314 0.041755 0.852152
v -0.441897 0.032624 0.856153
v -0.43674198 0.027646998 0.857153
v -0.44386598 0.029923998 0.85580397
v -0.444973 0.033917 0.853495
v -0.44515398 0.027100999 0.854203
v -0.44550097 0.038433 0.85051197
v -0.448449 0.035472 0.85045195
v -0.44992 0.043047 0.84795403
v -0.44113997 0.019546999 0.854968
v -0.450493 0.039591998 0.8470839
v -0.45241296 0.040251 0.84593
v -0.452414 0.036623 0.847673
v -0.45199 0.043780997 0.84676397
v -0.45429 0.037265 0.846559
v -0.453749 0.044430997 0.84473294
v -0.455856 0.037821 0.844604
v -0.454023 0.040823996 0.843935
v -0.45675898 0.045233 0.841635
v -0.45888197 0.038929 0.84139293
v -0.45705298 0.041992 0.840662
v -0.46057597 0.043211002 0.83759695
v -0.460233 0.047002 0.83880204
v -0.46286398 0.043983 0.836181
v -0.462321 0.03973 0.83819896
v -0.46257702 0.047673997 0.837286
v -0.464604 0.040554 0.836894
v -0.465645 0.041005995 0.83519894
v -0.463765 0.047969997 0.8354709
v -0.463982 0.044494 0.834467
v -0.47181597 0.043488 0.8301
v -0.470326 0.046685 0.82934695
v -0.46986097 0.05004 0.83036
v -0.473702 0.044395998 0.82894397
v -0.472123 0.0473 0.82808197
v -0.471823 0.050711002 0.829095
v -0.474347 0.048031997 0.82707703
v -0.473979 0.05117 0.82819295
v -0.47553697 0.045335997 0.82811
v -0.475875 0.050865002 0.82761
v -0.477036 0.046494998 0.82768095
v -0.476723 0.050254002 0.82740194
v -0.47748697 0.047604 0.827361
v -0.47736597 0.048999 0.827243
v -0.501819 -0.007677 0.814721
v -0.502074 -0.009556 0.814536
v -0.500225 -0.009458 0.81314796
v -0.500003 -0.007731 0.813324
v -0.500764 -0.0063679996 0.814781
v -0.499308 -0.0067669996 0.81356496
v -0.49887198 -0.00519 0.815664
v -0.49732897 -0.005712 0.814151
v -0.50129 -0.006741 0.815979
v -0.496001 -0.004421 0.817357
v -0.494681 -0.0051619997 0.814868
v -0.493825 -0.004111 0.81935203
v -0.497191 -0.0056379996 0.8188369
v -0.49526697 -0.005552 0.82092595
v -0.49580297 -0.0075129997 0.821791
v -0.49935699 -0.0057599996 0.817063
v -0.499954 -0.007678 0.818161
v -0.49589598 -0.010005999 0.82221
v -0.50020695 -0.009872 0.81840897
v -0.502222 -0.007832 0.815915
v -0.49563798 -0.012783 0.821382
v -0.501819 -0.007677 0.814721
v -0.500764 -0.0063679996 0.814781
v -0.502074 -0.009556 0.814536
v -0.502508 -0.009528 0.81590796
v -0.502114 -0.011325 0.815892
v -0.50172 -0.01121 0.81457496
v -0.499916 -0.011967 0.817928
v -0.501185 -0.012642999 0.815999
v -0.500881 -0.012685999 0.81477994
v -0.49519598 -0.014281 0.82035893
v -0.496904 -0.014071999 0.818685
v -0.49917597 -0.013634 0.81694
v -0.498399 -0.014376 0.815785
v -0.500881 -0.012685999 0.81477994
v -0.49618497 -0.015038 0.816928
v -0.49900198 -0.01228 0.813415
v -0.499853 -0.011128 0.813223
v -0.50172 -0.01121 0.81457496
v -0.500225 -0.009458 0.81314796
v -0.502074 -0.009556 0.814536
v -0.202497 -0.027379999 1.072979
v -0.21005501 -0.0074699996 1.057627
v -0.21993276 -0.028136168 1.0585396
v -0.18493 -0.007799 1.075877
v -0.17968398 0.016849 1.078197
v -0.205853 0.015831 1.056203
v -0.198166 0.041213002 1.083866
v -0.210941 0.040135 1.073989
v -0.22631 0.042424 1.063277
v -0.224685 0.050285 1.104695
v -0.23194699 0.048231 1.100512
v -0.251106 0.051322997 1.086831
v -0.231242 0.044306 1.122962
v -0.262729 0.048769 1.1031619
v -0.24358998 0.043081 1.117782
v -0.266376 0.046825998 1.112654
v -0.25984898 0.045236 1.132098
v -0.230662 0.039826 1.138356
v -0.257639 0.04688 1.148095
v -0.232862 0.038996 1.156346
v -0.259235 0.051994998 1.16026
v -0.23647699 0.041631 1.169817
v -0.24216299 0.048333995 1.1865499
v -0.261341 0.062942 1.173489
v -0.24886999 0.064445 1.2136409
v -0.262416 0.086793 1.199724
v -0.44712797 0.021169 0.852589
v -0.448753 0.027448 0.851564
v -0.450382 0.021995 0.85020596
v -0.455476 0.028478999 0.84701496
v -0.44992 0.016153 0.85249996
v -0.45656797 0.023573998 0.845811
v -0.462328 0.029885 0.84225094
v -0.453468 0.017682 0.851097
v -0.459141 0.019549 0.84684795
v -0.443992 0.012561 0.853647
v -0.451125 0.013990999 0.85278
v -0.45194998 0.011945999 0.851969
v -0.46311796 0.025425998 0.8416
v -0.464565 0.030357 0.8411229
v -0.46529996 0.021368 0.842641
v -0.46519098 0.026045999 0.840131
v -0.46683496 0.030876998 0.83921796
v -0.46733198 0.021512 0.84111
v -0.467142 0.026395999 0.837871
v -0.471957 0.031731997 0.834326
v -0.46929798 0.021765001 0.838785
v -0.47252798 0.027772998 0.833327
v -0.47458097 0.023301 0.834289
v -0.47844002 0.033692 0.829571
v -0.47887197 0.029573 0.828467
v -0.481813 0.030281998 0.82698995
v -0.480861 0.024912 0.829316
v -0.48148498 0.034500998 0.828235
v -0.483829 0.025151 0.827661
v -0.48305598 0.034927 0.826473
v -0.48495096 0.025922 0.82563794
v -0.48298898 0.030817 0.825091
v -0.49216 0.033315998 0.81787
v -0.49401796 0.028252 0.818859
v -0.492378 0.037571 0.819409
v -0.49703798 0.029339999 0.817272
v -0.495292 0.034059998 0.816303
v -0.495583 0.037976 0.818172
v -0.498424 0.034604 0.81567496
v -0.49863398 0.038101997 0.81736195
v -0.499532 0.030620998 0.816526
v -0.50058997 0.037524 0.816845
v -0.50108796 0.031814 0.81629795
v -0.501768 0.036642 0.81646895
v -0.502051 0.033359 0.81609195
v -0.50247097 0.035113998 0.816106
v -0.445561 0.005697 0.852059
v -0.436406 -0.004596 0.858074
v -0.44570097 -0.011081999 0.85209996
v -0.451878 -0.015937999 0.851072
v -0.451463 0.0053549996 0.8501629
v -0.45520696 0.011605999 0.84957
v -0.446226 -0.003337 0.851752
v -0.451488 -0.01084 0.84903395
v -0.45497397 -0.0158 0.848159
v -0.452537 -0.005281 0.8496779
v -0.454381 -0.010594999 0.84645396
v -0.46123397 -0.015576 0.84217805
v -0.45262098 -0.0035030001 0.850995
v -0.452121 -0.001136 0.85073096
v -0.455554 -0.0055440003 0.847451
v -0.455728 -0.000107 0.848683
v -0.454105 0.005635 0.84737504
v -0.46242297 0.011709 0.844215
v -0.46042296 -0.0104789995 0.8407875
v -0.46161398 -0.0058035003 0.84205043
v -0.467494 -0.015352 0.83619696
v -0.467674 -0.006063 0.83665
v -0.461539 0.006584 0.84234
v -0.46329898 0.001204 0.8436049
v -0.469151 0.012359 0.83837897
v -0.46833697 0.0075489995 0.83661795
v -0.470418 0.002077 0.83797896
v -0.471183 0.007665 0.835373
v -0.473072 0.002493 0.83665496
v -0.472024 0.012962 0.83686996
v -0.47510397 0.0029149998 0.834772
v -0.473375 0.008162 0.833569
v -0.474202 0.012995999 0.834802
v -0.481285 0.004115 0.829636
v -0.479915 0.008743 0.82861
v -0.480861 0.013265001 0.8297889
v -0.48708302 0.004529 0.82411903
v -0.48594198 0.009353 0.823159
v -0.487146 0.014364 0.824412
v -0.48849398 0.009459 0.82158303
v -0.489684 0.004516 0.822505
v -0.48967898 0.014428999 0.82290494
v -0.49188998 0.005012 0.82049
v -0.490593 0.009798 0.819607
v -0.491758 0.014726999 0.82099795
v -0.500067 0.006119 0.814367
v -0.498981 0.011306 0.81365997
v -0.49958196 0.016004 0.815708
v -0.50435597 0.0075409994 0.8127485
v -0.5035065 0.011747499 0.8121165
v -0.50258595 0.016042 0.814262
v -0.507974 0.00916 0.812139
v -0.505625 0.015651999 0.81332296
v -0.50882596 0.010369999 0.81195396
v -0.507881 0.014605 0.81265295
v -0.50911397 0.012063 0.81193703
v -0.508695 0.013717999 0.81233495
v -0.466465 -0.0103629995 0.835121
v -0.46929 -0.010355 0.83356595
v -0.47044298 -0.005754 0.83498394
v -0.47039297 -0.015295 0.834459
v -0.472657 -0.015032 0.831877
v -0.472468 -0.005855 0.83247197
v -0.47146198 -0.010238 0.831167
v -0.47742197 -0.014254 0.82727695
v -0.47636598 -0.009887 0.826718
v -0.47752 -0.005951 0.82788396
v -0.481581 -0.009656 0.823029
v -0.48265702 -0.014142999 0.8235
v -0.483007 -0.005266 0.824184
v -0.483293 -0.009566 0.82182294
v -0.48471698 -0.005021 0.82302594
v -0.48433298 -0.014323999 0.8222619
v -0.486007 -0.0050989995 0.82147795
v -0.484637 -0.009483 0.82022697
v -0.485685 -0.014278 0.820634
v -0.49111196 -0.00949 0.814577
v -0.49228296 -0.004801 0.816041
v -0.492037 -0.014304 0.81523
v -0.495008 -0.0094675 0.813289
v -0.494681 -0.0051619997 0.814868
v -0.49572447 -0.013482499 0.8139285
v -0.49732897 -0.005712 0.814151
v -0.49900198 -0.01228 0.813415
v -0.499308 -0.0067669996 0.81356496
v -0.499853 -0.011128 0.813223
v -0.500003 -0.007731 0.813324
v -0.500225 -0.009458 0.81314796
v -0.42793497 -0.051154 0.83405095
v -0.428939 -0.053308 0.834269
v -0.42649397 -0.052966 0.834991
v -0.426078 -0.049002998 0.834634
v -0.427723 -0.055012997 0.835977
v -0.424708 -0.0517545 0.83750796
v -0.42301452 -0.045795497 0.8367615
v -0.426155 -0.05373 0.836625
v -0.429007 -0.05658 0.83738
v -0.430284 -0.056064 0.83649594
v -0.42693198 -0.05348 0.84028
v -0.42326796 -0.049995 0.8393809
v -0.43157798 -0.056701 0.838416
v -0.43224898 -0.055991 0.83734494
v -0.43399101 -0.054899 0.838251
v -0.42212448 -0.048646 0.841086
v -0.420204 -0.042168003 0.840529
v -0.42946497 -0.053483 0.841862
v -0.433559 -0.055104 0.839521
v -0.43483397 -0.053435996 0.839148
v -0.42437 -0.049949996 0.843382
v -0.41960463 -0.044836335 0.847599
v -0.41877 -0.039742 0.84389997
v -0.42740896 -0.050061997 0.845082
v -0.43224996 -0.052248996 0.842555
v -0.434991 -0.051873997 0.840422
v -0.424303 -0.046774 0.85052097
v -0.4178815 -0.043106 0.8499205
v -0.41735998 -0.038211998 0.846211
v -0.43548197 -0.050103996 0.83889997
v -0.43528998 -0.051054 0.83794093
v -0.435032 -0.048956998 0.83798397
v -0.43475798 -0.046711996 0.839071
v -0.435274 -0.048293 0.840841
v -0.430533 -0.049181 0.845871
v -0.42356998 -0.046109 0.852608
v -0.43438497 -0.050346 0.84217
v -0.433296 -0.048534002 0.84433997
v -0.434374 -0.046389997 0.843159
v -0.432428 -0.047557 0.84583294
v -0.428996 -0.043978 0.851582
v -0.42846802 -0.043439 0.853596
v -0.42289397 -0.045321003 0.854523
v -0.42789 -0.042469 0.855007
v -0.422258 -0.044264 0.855396
v -0.427256 -0.041521 0.856166
v -0.41647246 -0.0412565 0.8524095
v -0.41576898 -0.036193 0.848943
v -0.41224524 -0.0368445 0.8604817
v -0.41150773 -0.03107371 0.8562546
v -0.40599898 -0.027212998 0.862857
v -0.421619 -0.04321 0.856507
v -0.42675498 -0.040342 0.85702
v -0.4235585 -0.0362195 0.864826
v -0.41823897 -0.039293 0.8649595
v -0.40773448 -0.033766497 0.8681265
v -0.401276 -0.023689 0.86984295
v -0.42152697 -0.033301998 0.872514
v -0.415429 -0.036275 0.87282497
v -0.419005 -0.030283 0.87988293
v -0.42269298 -0.02936 0.875465
v -0.40393698 -0.030904999 0.87487996
v -0.41257998 -0.033976 0.87874496
v -0.421972 -0.025722 0.881785
v -0.4018115 -0.029004 0.87860703
v -0.41098097 -0.031891998 0.88249296
v -0.40933996 -0.02807 0.887816
v -0.416491 -0.025648998 0.88778996
v -0.425757 -0.022448 0.883581
v -0.420487 -0.021963999 0.8893
v -0.414765 -0.022149 0.894791
vt 0.009884041 0.06662809
vt 0.06055708 0.0174279
vt 0.009884041 0.0174279
vt 0.058221515 0.07484259
vt 0.009884041 0.1290822
vt 0.108135596 0.017428018
vt 0.059623685 0.13474518
vt 0.009884041 0.17965305
vt 0.1091083 0.07842936
vt 0.13702987 0.017428018
vt 0.060501378 0.18448636
vt 0.009884041 0.2461232
vt 0.113407776 0.13734214
vt 0.14287172 0.08044014
vt 0.16538812 0.017428018
vt 0.062102985 0.24751315
vt 0.009883802 0.31086496
vt 0.11288826 0.18361515
vt 0.06051412 0.31614208
vt 0.114918515 0.24656251
vt 0.05597317 0.3666028
vt 0.009883683 0.36490455
vt 0.053996976 0.43093765
vt 0.009883564 0.42947802
vt 0.009883564 0.50135255
vt 0.056434732 0.50135255
vt 0.10212286 0.4350226
vt 0.10139103 0.50135255
vt 0.10652538 0.36803544
vt 0.13263397 0.43866742
vt 0.13110505 0.50135255
vt 0.11135641 0.3207424
vt 0.16261767 0.44331342
vt 0.16205247 0.50135255
vt 0.13825135 0.37173963
vt 0.14858247 0.24564128
vt 0.20907466 0.44871682
vt 0.21679689 0.50135267
vt 0.14361407 0.32489565
vt 0.16892333 0.3776863
vt 0.25605905 0.44546074
vt 0.25989002 0.50135267
vt 0.30836323 0.50135267
vt 0.30836335 0.44945893
vt 0.17464964 0.32879496
vt 0.21447714 0.38838312
vt 0.2482946 0.3967562
vt 0.30836347 0.40459043
vt 0.30836347 0.37068444
vt 0.25714624 0.34188566
vt 0.22199659 0.338468
vt 0.232834 0.27303058
vt 0.27624744 0.2729213
vt 0.18100794 0.24588192
vt 0.27535027 0.21974996
vt 0.3197972 0.22037621
vt 0.23533975 0.2207446
vt 0.18039058 0.17838635
vt 0.3219287 0.17954391
vt 0.35710242 0.2183266
vt 0.2376753 0.17890137
vt 0.1470585 0.18035883
vt 0.14797764 0.13866194
vt 0.18163459 0.13613276
vt 0.2822033 0.17852746
vt 0.23853646 0.13763535
vt 0.17558892 0.07807773
vt 0.2860345 0.126693
vt 0.24307741 0.10797326
vt 0.32858205 0.14693043
vt 0.2211202 0.054959938
vt 0.21584766 0.017428108
vt 0.26492816 0.017428108
vt 0.35988432 0.1839053
vt 0.36489463 0.14693053
vt 0.40020758 0.14693065
vt 0.39316398 0.21832684
vt 0.39579767 0.19040692
vt 0.26035395 0.05161132
vt 0.27059183 0.09422426
vt 0.3164173 0.051043242
vt 0.3164173 0.017428167
vt 0.3164173 0.07994778
vt 0.5618464 0.7049051
vt 0.5153081 0.7172553
vt 0.5153081 0.67259824
vt 0.56833756 0.67259824
vt 0.61711293 0.7131642
vt 0.6226951 0.67259824
vt 0.6502135 0.7212076
vt 0.6646167 0.67259824
vt 0.6807724 0.7386261
vt 0.690692 0.67259824
vt 0.71767044 0.67259824
vt 0.72082275 0.74308264
vt 0.7411074 0.7131294
vt 0.7436458 0.67259824
vt 0.7707642 0.7007287
vt 0.7761398 0.67259824
vt 0.7959773 0.71159124
vt 0.8125454 0.67259824
vt 0.81683797 0.71070826
vt 0.8394173 0.7019017
vt 0.83551186 0.67259824
vt 0.41739425 0.31662986
vt 0.45262447 0.32854906
vt 0.44629934 0.30070284
vt 0.41629484 0.378329
vt 0.38848925 0.33255696
vt 0.45894936 0.35639533
vt 0.3595842 0.348484
vt 0.459952 0.38877496
vt 0.4803319 0.35045594
vt 0.3815598 0.38985842
vt 0.33067924 0.36441106
vt 0.330679 0.39944336
vt 0.5015009 0.40186185
vt 0.5015009 0.35944587
vt 0.5015009 0.4400256
vt 0.44386968 0.4400256
vt 0.39667642 0.4400256
vt 0.3765829 0.4432041
vt 0.37567237 0.45479277
vt 0.330679 0.43504897
vt 0.36786595 0.50114685
vt 0.32640994 0.4771364
vt 0.39279062 0.49998274
vt 0.39453828 0.45137802
vt 0.34688455 0.54348195
vt 0.3238604 0.5041644
vt 0.37614068 0.54348195
vt 0.41783923 0.5012604
vt 0.4225259 0.45137802
vt 0.37614068 0.5962244
vt 0.34688455 0.5962244
vt 0.4018653 0.5962244
vt 0.4018653 0.54348195
vt 0.43117833 0.5962244
vt 0.43117857 0.54348195
vt 0.45092025 0.46542728
vt 0.44465512 0.45137802
vt 0.4564126 0.5036173
vt 0.49164248 0.46542728
vt 0.46792665 0.54900503
vt 0.49012324 0.51391006
vt 0.47933546 0.56581974
vt 0.45339742 0.60206836
vt 0.5152863 0.51391006
vt 0.53498346 0.46542728
vt 0.5597032 0.46542728
vt 0.5462027 0.51391006
vt 0.46786296 0.6216636
vt 0.5258602 0.6061545
vt 0.5081149 0.63932276
vt 0.46857104 0.643272
vt 0.49787876 0.6824419
vt 0.58964825 0.46542728
vt 0.5775554 0.51391006
vt 0.62987095 0.51391006
vt 0.62987095 0.46542728
vt 0.46036604 0.68511367
vt 0.50317144 0.7134765
vt 0.47417346 0.73757714
vt 0.4410786 0.7193683
vt 0.5174982 0.72617555
vt 0.43419737 0.7681734
vt 0.41847128 0.7535284
vt 0.48442 0.768058
vt 0.54934055 0.7392486
vt 0.44355878 0.7816541
vt 0.54650277 0.77019644
vt 0.49103525 0.79465
vt 0.43855593 0.8080058
vt 0.55652106 0.7887308
vt 0.49218628 0.82011634
vt 0.42817917 0.8354977
vt 0.4624719 0.8549438
vt 0.49676442 0.87438977
vt 0.5314609 0.8420303
vt 0.5596232 0.83093745
vt 0.586643 0.7965896
vt 0.554079 0.875122
vt 0.53105706 0.8938359
vt 0.56534964 0.91328204
vt 0.5900831 0.82785994
vt 0.62515855 0.79649246
vt 0.5930994 0.8943746
vt 0.5996424 0.9327281
vt 0.622581 0.91562057
vt 0.5818056 0.8673729
vt 0.5995423 0.86063087
vt 0.63322693 0.84029317
vt 0.63393503 0.9521743
vt 0.6604118 0.8276318
vt 0.66541344 0.7905071
vt 0.6964825 0.801777
vt 0.68682593 0.82886183
vt 0.7188137 0.82883674
vt 0.659896 0.9261721
vt 0.68750906 0.98025024
vt 0.71394724 0.9261721
vt 0.6624211 0.98025024
vt 0.63893926 0.98025024
vt 0.7236911 0.98025024
vt 0.7623554 0.9261721
vt 0.7794526 0.98025024
vt 0.35497016 0.62911135
vt 0.34662873 0.6440359
vt 0.34662873 0.62911135
vt 0.352107 0.6507767
vt 0.34662873 0.65116006
vt 0.34662873 0.65566903
vt 0.35934383 0.62911135
vt 0.34662873 0.6636949
vt 0.3580814 0.6519943
vt 0.37095422 0.62911135
vt 0.3510024 0.665273
vt 0.34662873 0.6720362
vt 0.3575403 0.67027783
vt 0.3505966 0.6725774
vt 0.34662873 0.6796112
vt 0.35050637 0.679476
vt 0.34662873 0.6873665
vt 0.35749525 0.6805582
vt 0.35037106 0.6871412
vt 0.34662873 0.7022009
vt 0.37087542 0.65334684
vt 0.371067 0.67298317
vt 0.39280003 0.6386028
vt 0.39196593 0.629134
vt 0.4097535 0.64065415
vt 0.40921253 0.6291564
vt 0.40860385 0.6592987
vt 0.3931833 0.65752894
vt 0.39392728 0.6750572
vt 0.40916735 0.6760943
vt 0.37115723 0.68445826
vt 0.394288 0.6891701
vt 0.41047496 0.69061303
vt 0.41040736 0.70799494
vt 0.3942203 0.70739746
vt 0.37090915 0.70427513
vt 0.3939497 0.72463274
vt 0.40970844 0.7247906
vt 0.40946048 0.7409098
vt 0.35738248 0.7034409
vt 0.3706388 0.7217245
vt 0.39328474 0.7412255
vt 0.39300293 0.7586975
vt 0.4116022 0.7586975
vt 0.37015396 0.7389374
vt 0.3708642 0.7586975
vt 0.35943407 0.7586975
vt 0.35699922 0.7213187
vt 0.3570668 0.73892593
vt 0.3551957 0.7586975
vt 0.35068673 0.71198535
vt 0.3505966 0.7221303
vt 0.35097986 0.73926425
vt 0.34662873 0.7513931
vt 0.34662873 0.7586975
vt 0.34662873 0.74057174
vt 0.34662873 0.7237084
vt 0.34662873 0.7129321
vt 0.35064167 0.7021558
vt 0.79344606 0.2750146
vt 0.8029604 0.27133596
vt 0.8029604 0.28135753
vt 0.8029604 0.25084847
vt 0.79312897 0.25091177
vt 0.77632034 0.27222383
vt 0.79179686 0.21488437
vt 0.7707386 0.22890213
vt 0.8029604 0.21298146
vt 0.77441746 0.2532904
vt 0.76071686 0.27222383
vt 0.7590043 0.25560558
vt 0.7491728 0.27222383
vt 0.79065526 0.18938613
vt 0.7640788 0.1767638
vt 0.8029604 0.18938613
vt 0.7901477 0.13902377
vt 0.8029604 0.13902377
vt 0.7897672 0.0886614
vt 0.8029604 0.0886614
vt 0.8029604 0.0667151
vt 0.76579124 0.20955646
vt 0.7628101 0.12646478
vt 0.7896403 0.06608072
vt 0.8029604 0.03829904
vt 0.762588 0.076039195
vt 0.78938663 0.03829904
vt 0.8029604 0.030307159
vt 0.78925973 0.030307159
vt 0.8029604 0.024344862
vt 0.7332523 0.12646478
vt 0.7340451 0.076039195
vt 0.7629369 0.03829904
vt 0.7635077 0.030307159
vt 0.735155 0.03829904
vt 0.7367409 0.030307159
vt 0.7637615 0.024344862
vt 0.78938663 0.024344862
vt 0.7897672 0.018002026
vt 0.8029604 0.018002026
vt 0.76363474 0.018002026
vt 0.7370579 0.024344862
vt 0.7365507 0.018002026
vt 0.71619004 0.030307159
vt 0.7163168 0.024344862
vt 0.7000791 0.030307159
vt 0.7159363 0.018002026
vt 0.7000791 0.018002026
vt 0.71301866 0.03829904
vt 0.7000791 0.024344862
vt 0.6858711 0.024344862
vt 0.6858711 0.018002026
vt 0.6748346 0.024344862
vt 0.6748346 0.018002026
vt 0.6858711 0.030307159
vt 0.6664619 0.024344862
vt 0.6664619 0.018002026
vt 0.65682083 0.018002026
vt 0.6748346 0.030307159
vt 0.69297504 0.034366556
vt 0.6858711 0.034239642
vt 0.7000791 0.03829904
vt 0.69297504 0.03829904
vt 0.65682083 0.024344862
vt 0.6664619 0.030307159
vt 0.6769276 0.039250486
vt 0.67952824 0.03829904
vt 0.69297504 0.050604176
vt 0.7000791 0.063416764
vt 0.6858711 0.063416764
vt 0.6858711 0.050604176
vt 0.6471797 0.024344862
vt 0.6471797 0.018002026
vt 0.64210534 0.018002026
vt 0.6748346 0.054790497
vt 0.7131454 0.076039195
vt 0.71301866 0.12646478
vt 0.71580935 0.1767638
vt 0.7000791 0.0886614
vt 0.64185166 0.024344862
vt 0.6369041 0.018002026
vt 0.6679209 0.03886996
vt 0.7361699 0.1767638
vt 0.7413712 0.2046724
vt 0.6369041 0.024344862
vt 0.6271363 0.018002026
vt 0.65682083 0.030307159
vt 0.6471797 0.030307159
vt 0.6575819 0.038489427
vt 0.71923465 0.2002958
vt 0.7292562 0.21386945
vt 0.64185166 0.030307159
vt 0.6664619 0.052126538
vt 0.6697602 0.060245343
vt 0.6748346 0.063416764
vt 0.6471797 0.038108658
vt 0.65682083 0.04920885
vt 0.6445157 0.038108658
vt 0.66291004 0.057835
vt 0.6471797 0.046164237
vt 0.65504485 0.05504423
vt 0.6615145 0.059737887
vt 0.6678573 0.060245343
vt 0.6544105 0.05910362
vt 0.66823786 0.063416764
vt 0.6471797 0.05225334
vt 0.6471797 0.058469366
vt 0.6697602 0.0667151
vt 0.6678573 0.0667151
vt 0.64185166 0.05225334
vt 0.64210534 0.058469366
vt 0.6369041 0.058469366
vt 0.64185166 0.046164237
vt 0.6369041 0.05225334
vt 0.6271362 0.058469366
vt 0.6748346 0.072550476
vt 0.6650665 0.06836438
vt 0.66354424 0.06709564
vt 0.6554254 0.06773001
vt 0.668999 0.074199766
vt 0.6560597 0.07153568
vt 0.6471797 0.07470721
vt 0.6471797 0.06836438
vt 0.64210534 0.06836438
vt 0.65808934 0.0774981
vt 0.64185166 0.07470721
vt 0.6369041 0.06836438
vt 0.6471797 0.08066939
vt 0.6369041 0.07470721
vt 0.6271362 0.06836438
vt 0.64185166 0.08066939
vt 0.6271362 0.07470721
vt 0.6173681 0.06836438
vt 0.6369041 0.08066939
vt 0.6173681 0.07470721
vt 0.61216706 0.06836438
vt 0.6271362 0.08066939
vt 0.65808934 0.08885178
vt 0.668999 0.08904205
vt 0.6748346 0.08916885
vt 0.6773716 0.08536306
vt 0.69297504 0.07546829
vt 0.69297504 0.0886614
vt 0.67838657 0.0886614
vt 0.69297504 0.10299635
vt 0.6858711 0.103884324
vt 0.6858711 0.11390604
vt 0.7000791 0.11390604
vt 0.6748346 0.10553339
vt 0.7000791 0.13902377
vt 0.69297504 0.12621118
vt 0.668999 0.1036305
vt 0.6697602 0.11086142
vt 0.6748346 0.11377913
vt 0.65808934 0.10007855
vt 0.6650665 0.109085456
vt 0.6471797 0.0886614
vt 0.6445157 0.08859806
vt 0.6471797 0.09652659
vt 0.6560597 0.10578711
vt 0.6748346 0.12253231
vt 0.6697602 0.11606255
vt 0.6773716 0.13559861
vt 0.6748346 0.13902377
vt 0.6785132 0.13902377
vt 0.69297504 0.13902377
vt 0.69297504 0.15221687
vt 0.6858711 0.15361232
vt 0.6858711 0.16414148
vt 0.7000791 0.16414148
vt 0.6748346 0.15526137
vt 0.7000791 0.18938613
vt 0.69284827 0.17454371
vt 0.7000791 0.1972512
vt 0.69284827 0.18570727
vt 0.69284827 0.192177
vt 0.6858711 0.1843118
vt 0.6858711 0.19179633
vt 0.6858711 0.17428997
vt 0.6748346 0.18792722
vt 0.6858711 0.19699746
vt 0.6748346 0.17175281
vt 0.6748346 0.1972512
vt 0.6748346 0.16414148
vt 0.7000791 0.20321363
vt 0.6858711 0.20321363
vt 0.6748346 0.20334029
vt 0.7165706 0.20625797
vt 0.7000791 0.20955646
vt 0.6858711 0.20955646
vt 0.71441394 0.20955646
vt 0.6748346 0.20955646
vt 0.7219621 0.21412331
vt 0.72012246 0.22344717
vt 0.7172682 0.2127912
vt 0.7172682 0.21926096
vt 0.66950655 0.20334029
vt 0.66950655 0.20955646
vt 0.7085786 0.22972667
vt 0.7085786 0.22249573
vt 0.6909454 0.22249573
vt 0.6583431 0.20334029
vt 0.6583431 0.20955646
vt 0.66950655 0.1972512
vt 0.6583431 0.1972512
vt 0.66950655 0.18824431
vt 0.6471797 0.20334029
vt 0.6471797 0.20955646
vt 0.64210534 0.20955646
vt 0.6909454 0.22972667
vt 0.68460256 0.22249573
vt 0.6471797 0.1972512
vt 0.64185166 0.20334029
vt 0.6369041 0.20955646
vt 0.68472934 0.22972667
vt 0.67914766 0.22249573
vt 0.64185166 0.1972512
vt 0.6369041 0.20334029
vt 0.6271362 0.20955646
vt 0.67914766 0.22972667
vt 0.6749614 0.22249573
vt 0.6369041 0.1972512
vt 0.6271362 0.20334029
vt 0.6173681 0.20955646
vt 0.67090195 0.22972667
vt 0.67077506 0.22249573
vt 0.6655739 0.22249573
vt 0.6271362 0.1972512
vt 0.6173681 0.1972512
vt 0.6173681 0.20334029
vt 0.61216706 0.20955646
vt 0.61242086 0.20334029
vt 0.60696596 0.20955646
vt 0.60696596 0.20334029
vt 0.5913625 0.20955646
vt 0.6125476 0.1972512
vt 0.5921235 0.20334029
vt 0.5862882 0.20955646
vt 0.60696596 0.1972512
vt 0.6369041 0.18932268
vt 0.6271362 0.1892592
vt 0.6394414 0.18938613
vt 0.6369041 0.18139401
vt 0.6173681 0.18906891
vt 0.61495787 0.18913227
vt 0.6271362 0.18139401
vt 0.6173681 0.18139401
vt 0.6271362 0.1754317
vt 0.64185166 0.18938613
vt 0.64185166 0.18139401
vt 0.6445157 0.18938613
vt 0.6471797 0.18944934
vt 0.6369041 0.1754317
vt 0.6471797 0.18139401
vt 0.6583431 0.18884692
vt 0.6583431 0.17752486
vt 0.66950655 0.17365572
vt 0.6697602 0.16667876
vt 0.6668426 0.16832778
vt 0.64185166 0.1754317
vt 0.65701103 0.17187977
vt 0.6471797 0.1754317
vt 0.6697602 0.16135058
vt 0.64210534 0.16908887
vt 0.6369041 0.16908887
vt 0.6471797 0.16908887
vt 0.6271362 0.16908887
vt 0.6556157 0.16826433
vt 0.66405165 0.16743982
vt 0.66722304 0.16566384
vt 0.66722304 0.16376093
vt 0.66722304 0.16198498
vt 0.6173681 0.16908887
vt 0.66405165 0.16097006
vt 0.6173681 0.1754317
vt 0.61216706 0.16908887
vt 0.66570085 0.15982825
vt 0.65567905 0.16008207
vt 0.61242086 0.1754317
vt 0.60696596 0.16908887
vt 0.6125476 0.18139401
vt 0.65644026 0.15640318
vt 0.6471797 0.15919408
vt 0.6697602 0.15373912
vt 0.60696596 0.1754317
vt 0.5913625 0.16908887
vt 0.6125476 0.18906891
vt 0.60842466 0.18963984
vt 0.60696596 0.18139401
vt 0.60563385 0.18983012
vt 0.6697602 0.13902377
vt 0.65847 0.15031412
vt 0.6471797 0.14688894
vt 0.6697602 0.124054536
vt 0.65847 0.1389603
vt 0.6471797 0.15297794
vt 0.64210534 0.15919408
vt 0.64185166 0.15297794
vt 0.6369041 0.15297794
vt 0.6369041 0.15919408
vt 0.6271362 0.15919408
vt 0.6663351 0.117458
vt 0.65847 0.12760662
vt 0.64185166 0.14688894
vt 0.6271362 0.15297794
vt 0.6173681 0.15919408
vt 0.65682083 0.12126377
vt 0.6369041 0.14688894
vt 0.6173681 0.15297794
vt 0.61216706 0.15919408
vt 0.6271362 0.14688894
vt 0.61242086 0.15297794
vt 0.60696596 0.15919408
vt 0.6173681 0.14688894
vt 0.60696596 0.15297794
vt 0.5913625 0.15919408
vt 0.6125476 0.14688894
vt 0.5921235 0.15285113
vt 0.60696596 0.14688894
vt 0.5881911 0.15285113
vt 0.5862882 0.15919408
vt 0.5930116 0.14688894
vt 0.5843854 0.15285113
vt 0.5798185 0.15919408
vt 0.5798185 0.15285113
vt 0.5758858 0.15919408
vt 0.5758858 0.15285113
vt 0.5715727 0.15919408
vt 0.5715727 0.15285113
vt 0.5798185 0.14688894
vt 0.5843854 0.14688894
vt 0.5881911 0.14688894
vt 0.5843854 0.14308316
vt 0.5897133 0.14320998
vt 0.5843854 0.13902377
vt 0.5798185 0.14308316
vt 0.5756322 0.14688894
vt 0.5756322 0.14308316
vt 0.5798185 0.13902377
vt 0.5756322 0.13902377
vt 0.5798185 0.1347105
vt 0.5756322 0.1347105
vt 0.5798185 0.13103165
vt 0.5756322 0.13103165
vt 0.5843854 0.1347105
vt 0.60544354 0.13864323
vt 0.5897133 0.13902377
vt 0.5897133 0.1347105
vt 0.6092494 0.13857977
vt 0.60696596 0.13103165
vt 0.5843854 0.13103165
vt 0.5843854 0.12506945
vt 0.5798185 0.12506945
vt 0.5881911 0.13103165
vt 0.5931385 0.13103165
vt 0.5922505 0.12506945
vt 0.5881911 0.12506945
vt 0.6125476 0.13864323
vt 0.6125476 0.13103165
vt 0.61495787 0.13864323
vt 0.60696596 0.12506945
vt 0.5914892 0.118726626
vt 0.5881911 0.118726626
vt 0.5845122 0.118726626
vt 0.5798185 0.118726626
vt 0.5758858 0.118726626
vt 0.5758858 0.12506945
vt 0.5715727 0.118726626
vt 0.5715727 0.12506945
vt 0.60696596 0.118726626
vt 0.61242086 0.12506945
vt 0.61216706 0.118726626
vt 0.6173681 0.13103165
vt 0.6173681 0.12506945
vt 0.6173681 0.118726626
vt 0.6173681 0.13864323
vt 0.6271362 0.12506945
vt 0.6271362 0.118726626
vt 0.6271362 0.13103165
vt 0.6271362 0.13876992
vt 0.6369041 0.13889684
vt 0.6369041 0.12506945
vt 0.6369041 0.118726626
vt 0.64210534 0.118726626
vt 0.6369041 0.13103165
vt 0.64185166 0.13103165
vt 0.6394414 0.13889684
vt 0.64185166 0.12506945
vt 0.6471797 0.12506945
vt 0.6471797 0.118726626
vt 0.64185166 0.13889684
vt 0.6445157 0.13889684
vt 0.6471797 0.13103165
vt 0.6471797 0.13889684
vt 0.6559329 0.117584914
vt 0.66468596 0.11644308
vt 0.6677306 0.11568202
vt 0.6677306 0.11314498
vt 0.6677306 0.111242086
vt 0.6643054 0.11035398
vt 0.65580595 0.109592795
vt 0.6471797 0.1026157
vt 0.6471797 0.10883173
vt 0.64185166 0.1026157
vt 0.64210534 0.10883173
vt 0.64185166 0.09652659
vt 0.6369041 0.1026157
vt 0.6369041 0.10883173
vt 0.6271362 0.10883173
vt 0.64185166 0.08859806
vt 0.6394414 0.08853459
vt 0.6369041 0.09652659
vt 0.6369041 0.08859806
vt 0.6271362 0.1026157
vt 0.6271362 0.0886614
vt 0.6173681 0.1026157
vt 0.6173681 0.10883173
vt 0.6271362 0.09652659
vt 0.6173681 0.08066939
vt 0.6125476 0.08066939
vt 0.6173681 0.09652659
vt 0.6125476 0.09652659
vt 0.6125476 0.1026157
vt 0.61216706 0.10883173
vt 0.60696596 0.1026157
vt 0.60696596 0.10883173
vt 0.6173681 0.08859806
vt 0.61495787 0.08859806
vt 0.5928848 0.102488786
vt 0.5923772 0.10883173
vt 0.6125476 0.08859806
vt 0.60696596 0.09652659
vt 0.6096299 0.088534474
vt 0.5879373 0.102488786
vt 0.58768356 0.10883173
vt 0.59339213 0.09652659
vt 0.5843854 0.102488786
vt 0.5843854 0.10883173
vt 0.5795647 0.10883173
vt 0.5795647 0.102488786
vt 0.575759 0.10883173
vt 0.575759 0.102488786
vt 0.5719533 0.10883173
vt 0.5719533 0.102488786
vt 0.5795647 0.09652659
vt 0.5843854 0.09652659
vt 0.58831793 0.09652659
vt 0.5925042 0.09297465
vt 0.583751 0.09297465
vt 0.583751 0.088534474
vt 0.6065853 0.088534474
vt 0.5785499 0.09297465
vt 0.575759 0.09297465
vt 0.575759 0.09652659
vt 0.5785499 0.088534474
vt 0.575759 0.088534474
vt 0.5785499 0.08434826
vt 0.575759 0.08434826
vt 0.5795647 0.080415666
vt 0.575759 0.080415666
vt 0.5925042 0.088534474
vt 0.583751 0.08434826
vt 0.5925042 0.08434826
vt 0.5845122 0.08066939
vt 0.58831793 0.08066939
vt 0.5936459 0.08066939
vt 0.5845122 0.07470721
vt 0.5795647 0.07470721
vt 0.60696596 0.08066939
vt 0.5881911 0.07470721
vt 0.5930116 0.07470721
vt 0.5795647 0.06836438
vt 0.575759 0.07470721
vt 0.5845122 0.06836438
vt 0.575759 0.06836438
vt 0.5719533 0.06836438
vt 0.5719533 0.07470721
vt 0.58781046 0.06836438
vt 0.5925042 0.06836438
vt 0.60696596 0.07470721
vt 0.60696596 0.06836438
vt 0.61242086 0.07470721
vt 0.5756322 0.02409101
vt 0.57208014 0.02409101
vt 0.57208014 0.018002026
vt 0.5756322 0.018002026
vt 0.5795647 0.02409101
vt 0.5795647 0.018002026
vt 0.5843854 0.021300245
vt 0.5843854 0.018002026
vt 0.5795647 0.031195145
vt 0.58857155 0.021300245
vt 0.5881911 0.018002026
vt 0.5913625 0.018002026
vt 0.5862882 0.030307159
vt 0.59237736 0.022315037
vt 0.60696596 0.018002026
vt 0.5930116 0.030307159
vt 0.60734653 0.02332995
vt 0.61216706 0.018002026
vt 0.5866687 0.033985786
vt 0.61242086 0.024344862
vt 0.60696596 0.030307159
vt 0.59504133 0.033985786
vt 0.5866687 0.038425967
vt 0.5785499 0.033985786
vt 0.57550526 0.033985786
vt 0.57550526 0.03106822
vt 0.5785499 0.038425967
vt 0.57550526 0.038425967
vt 0.57550526 0.042865895
vt 0.5785499 0.042865895
vt 0.57550526 0.046164237
vt 0.5795647 0.046164237
vt 0.5866687 0.042865895
vt 0.59605616 0.038425967
vt 0.59491444 0.042865895
vt 0.60683906 0.037537977
vt 0.5862882 0.046164237
vt 0.5930116 0.046164237
vt 0.60696596 0.046164237
vt 0.6096299 0.037537977
vt 0.6125476 0.046164237
vt 0.5843854 0.05225334
vt 0.5795647 0.05225334
vt 0.6125476 0.030307159
vt 0.60696596 0.05225334
vt 0.5881911 0.05225334
vt 0.6120402 0.037537977
vt 0.6147042 0.037537977
vt 0.6173681 0.030307159
vt 0.5921235 0.05225334
vt 0.6173681 0.024344862
vt 0.6173681 0.018002026
vt 0.6271363 0.024344862
vt 0.6271363 0.030307159
vt 0.6369041 0.030307159
vt 0.5913625 0.058469366
vt 0.5881911 0.058469366
vt 0.60696596 0.058469366
vt 0.5843854 0.058469366
vt 0.5795647 0.058469366
vt 0.5756322 0.058469366
vt 0.5756322 0.05225334
vt 0.57208014 0.058469366
vt 0.57208014 0.05225334
vt 0.61242086 0.05225334
vt 0.61216706 0.058469366
vt 0.6173681 0.058469366
vt 0.6173681 0.05225334
vt 0.6173681 0.046164237
vt 0.6271362 0.05225334
vt 0.6369041 0.046164237
vt 0.6173681 0.037537977
vt 0.6271362 0.037918508
vt 0.6271362 0.046164237
vt 0.6369041 0.03798197
vt 0.6394414 0.03804543
vt 0.64185166 0.03804543
vt 0.33032405 0.69295824
vt 0.33032405 0.69787586
vt 0.32196414 0.69295824
vt 0.32196414 0.69787586
vt 0.3137269 0.69295824
vt 0.32196414 0.70291644
vt 0.33032405 0.70291644
vt 0.3137269 0.69787586
vt 0.305367 0.69295824
vt 0.3137269 0.70291644
vt 0.32196414 0.7085718
vt 0.33032405 0.7085718
vt 0.305367 0.69787586
vt 0.3137269 0.7085718
vt 0.32196414 0.71816134
vt 0.33032405 0.71816134
vt 0.33032405 0.727382
vt 0.2957775 0.69787586
vt 0.2957775 0.69295824
vt 0.305367 0.70291644
vt 0.2957775 0.70291644
vt 0.305367 0.7085718
vt 0.2957775 0.7085718
vt 0.2957775 0.7150878
vt 0.3137269 0.71816134
vt 0.3137269 0.727382
vt 0.305367 0.71816134
vt 0.2957775 0.7212349
vt 0.305367 0.727382
vt 0.2957775 0.727382
vt 0.2957775 0.7336521
vt 0.305367 0.7336521
vt 0.2957775 0.7396762
vt 0.32196414 0.727382
vt 0.33032405 0.7336521
vt 0.32196414 0.7336521
vt 0.33032405 0.7396762
vt 0.3137269 0.7336521
vt 0.32196414 0.7396762
vt 0.33032405 0.746561
vt 0.305367 0.7396762
vt 0.2957775 0.746561
vt 0.3137269 0.7396762
vt 0.32196414 0.746561
vt 0.32236797 0.7673735
vt 0.305367 0.746561
vt 0.3137269 0.746561
vt 0.305367 0.764695
vt 0.2957775 0.764695
vt 0.31046987 0.765499
vt 0.30217034 0.78116935
vt 0.2949168 0.7762517
vt 0.29073662 0.7811079
vt 0.3075183 0.7858411
vt 0.31609368 0.7900212
vt 0.29614604 0.79008275
vt 0.32921767 0.79647565
vt 0.3317995 0.7820915
vt 0.33622533 0.7935251
vt 0.33880717 0.7996722
vt 0.30370712 0.803053
vt 0.2892614 0.79291034
vt 0.2854501 0.78233737
vt 0.33352065 0.810614
vt 0.34261847 0.80864704
vt 0.3183987 0.81006086
vt 0.29897398 0.8099994
vt 0.26946753 0.7937708
vt 0.27094284 0.78233737
vt 0.25594407 0.78233737
vt 0.34157342 0.8294857
vt 0.34815067 0.8232158
vt 0.35503554 0.8413497
vt 0.3340943 0.8359813
vt 0.31477195 0.82383037
vt 0.35024077 0.8522916
vt 0.35884678 0.8546275
vt 0.3320455 0.844792
vt 0.3071699 0.8307356
vt 0.34864253 0.86077464
vt 0.35884678 0.87208533
vt 0.32891035 0.85751665
vt 0.2892614 0.81221235
vt 0.3045063 0.8563487
vt 0.34802788 0.87208533
vt 0.3271277 0.87208533
vt 0.34864253 0.8813061
vt 0.35884678 0.8813061
vt 0.32651293 0.8813061
vt 0.30290812 0.8813061
vt 0.3031538 0.87208533
vt 0.2854501 0.8813061
vt 0.28483546 0.87208533
vt 0.27229536 0.8813061
vt 0.2840979 0.85733217
vt 0.27082002 0.87208533
vt 0.25827977 0.8813061
vt 0.28606504 0.83471084
vt 0.26909885 0.857824
vt 0.2556982 0.87208533
vt 0.24524792 0.8813061
vt 0.26848394 0.8344649
vt 0.24524792 0.87208533
vt 0.23602723 0.8813061
vt 0.23602723 0.87208533
vt 0.22557719 0.8813061
vt 0.24524792 0.8627416
vt 0.25397688 0.85905325
vt 0.24696924 0.8595453
vt 0.23602723 0.8627416
vt 0.24524792 0.8562257
vt 0.22557719 0.87208533
vt 0.22557719 0.8627416
vt 0.21500397 0.8813061
vt 0.25311637 0.8462675
vt 0.21500397 0.87208533
vt 0.21008644 0.87208533
vt 0.21500397 0.8627416
vt 0.21008644 0.8813061
vt 0.21008644 0.8627416
vt 0.20504567 0.8813061
vt 0.20504567 0.8627416
vt 0.20504567 0.87208533
vt 0.19250582 0.8813061
vt 0.19250582 0.8627416
vt 0.19250582 0.87208533
vt 0.17996542 0.87208533
vt 0.17996542 0.8813061
vt 0.17492469 0.87208533
vt 0.17996542 0.8627416
vt 0.17492469 0.8813061
vt 0.17492469 0.8627416
vt 0.17000714 0.8627416
vt 0.17000714 0.8813061
vt 0.17000714 0.87208533
vt 0.15599182 0.8627416
vt 0.15599182 0.87208533
vt 0.15599182 0.8813061
vt 0.15131988 0.8627416
vt 0.15131988 0.87208533
vt 0.15131988 0.8813061
vt 0.14701672 0.87208533
vt 0.14701672 0.8813061
vt 0.14701672 0.8627416
vt 0.14246798 0.8813061
vt 0.14246798 0.8627416
vt 0.14246798 0.87761766
vt 0.14246798 0.8664299
vt 0.14246798 0.87208533
vt 0.5751248 0.1754317
vt 0.57106525 0.1754317
vt 0.57106525 0.16908887
vt 0.5751248 0.16908887
vt 0.57969165 0.1754317
vt 0.57969165 0.16908887
vt 0.5843854 0.1754317
vt 0.5843854 0.16908887
vt 0.57969165 0.18152094
vt 0.5881911 0.1754317
vt 0.5881911 0.16908887
vt 0.5922505 0.1754317
vt 0.5881911 0.18139401
vt 0.5930116 0.18139401
vt 0.58996713 0.1851998
vt 0.5843854 0.18139401
vt 0.5843854 0.1851998
vt 0.5895863 0.18938613
vt 0.5843854 0.18938613
vt 0.57969165 0.1851998
vt 0.59009385 0.19357222
vt 0.57537836 0.1851998
vt 0.57537836 0.18152094
vt 0.57537836 0.18938613
vt 0.57969165 0.18938613
vt 0.57969165 0.19357222
vt 0.57537836 0.19357222
vt 0.5843854 0.19357222
vt 0.57969165 0.1972512
vt 0.57537836 0.1972512
vt 0.5930116 0.1972512
vt 0.5881911 0.1972512
vt 0.5843854 0.1972512
vt 0.5843854 0.20334029
vt 0.57969165 0.20334029
vt 0.5881911 0.20334029
vt 0.57969165 0.20955646
vt 0.5751248 0.20955646
vt 0.5751248 0.20334029
vt 0.57106525 0.20955646
vt 0.57106525 0.20334029
vt 0.0147234425 0.9936861
vt 0.06091059 0.94690824
vt 0.0147234425 0.9669895
vt 0.06917942 0.9936861
vt 0.10497139 0.9936861
vt 0.105916396 0.94690824
vt 0.16521555 0.9936861
vt 0.16604249 0.97088766
vt 0.16710523 0.94690824
vt 0.23679967 0.9936861
vt 0.23644532 0.9832909
vt 0.2320746 0.94596326
vt 0.27849802 0.9936861
vt 0.2647952 0.9388756
vt 0.27719846 0.9733684
vt 0.28145114 0.93663126
vt 0.30980125 0.9512789
vt 0.30342242 0.9936861
vt 0.3362613 0.9538777
vt 0.3343713 0.9936861
vt 0.36390266 0.94690824
vt 0.35941395 0.9936861
vt 0.39284328 0.9936861
vt 0.39426103 0.94690824
vt 0.4352505 0.9936861
vt 0.4352505 0.94690824
vt 0.24524792 0.8462675
vt 0.23897786 0.8562257
vt 0.23897786 0.8462675
vt 0.22692971 0.8562257
vt 0.24524792 0.83630896
vt 0.22692971 0.8462675
vt 0.21500397 0.8562257
vt 0.23897786 0.83630896
vt 0.22692971 0.83630896
vt 0.2528705 0.8329897
vt 0.24696924 0.83286667
vt 0.24524792 0.82979316
vt 0.21500397 0.8462675
vt 0.21008644 0.8562257
vt 0.21500397 0.83630896
vt 0.21008644 0.8462675
vt 0.20504567 0.8562257
vt 0.21008644 0.83630896
vt 0.20504567 0.8462675
vt 0.19250582 0.8562257
vt 0.20504567 0.83630896
vt 0.19250582 0.8462675
vt 0.19250582 0.83630896
vt 0.17996542 0.8562257
vt 0.17996542 0.8462675
vt 0.17492469 0.8462675
vt 0.17996542 0.83630896
vt 0.17492469 0.8562257
vt 0.17492469 0.83630896
vt 0.17000714 0.8562257
vt 0.17000714 0.83630896
vt 0.17000714 0.8462675
vt 0.15611476 0.8462675
vt 0.15611476 0.83643204
vt 0.15611476 0.8562257
vt 0.15107375 0.83643204
vt 0.15119667 0.8462675
vt 0.15119667 0.8562257
vt 0.14701672 0.8462675
vt 0.14701672 0.8562257
vt 0.14701672 0.83643204
vt 0.14246798 0.8562257
vt 0.14246798 0.83643204
vt 0.14246798 0.85216874
vt 0.14246798 0.8403662
vt 0.14246798 0.8462675
vt 0.25274742 0.82008064
vt 0.26922178 0.81049114
vt 0.253731 0.7931562
vt 0.24524792 0.78233737
vt 0.24524792 0.82008064
vt 0.23971544 0.82979316
vt 0.25274742 0.80631113
vt 0.24524792 0.7931562
vt 0.23946957 0.78233737
vt 0.24524792 0.8038523
vt 0.23946957 0.7931562
vt 0.22723691 0.78233737
vt 0.24696924 0.8069259
vt 0.24524792 0.8103681
vt 0.23946957 0.8038523
vt 0.23971544 0.8103681
vt 0.23971544 0.82008064
vt 0.22742116 0.82979316
vt 0.22723691 0.7931562
vt 0.22723691 0.8038523
vt 0.21500397 0.78233737
vt 0.21500397 0.8038523
vt 0.22742116 0.82008064
vt 0.22742116 0.8103681
vt 0.21500397 0.82979316
vt 0.21500397 0.82008064
vt 0.21500397 0.8103681
vt 0.21008644 0.82008064
vt 0.21008644 0.8103681
vt 0.21008644 0.82979316
vt 0.20504567 0.8103681
vt 0.20504567 0.82008064
vt 0.20504567 0.82979316
vt 0.19250582 0.8103681
vt 0.19250582 0.82008064
vt 0.19250582 0.82979316
vt 0.17996542 0.8103681
vt 0.17996542 0.82008064
vt 0.17996542 0.82979316
vt 0.17492469 0.82008064
vt 0.17492469 0.8103681
vt 0.17492469 0.82979316
vt 0.17000714 0.8103681
vt 0.17000714 0.82008064
vt 0.17000714 0.82979316
vt 0.15586875 0.8103681
vt 0.15599182 0.82008064
vt 0.15599182 0.82979316
vt 0.14916816 0.8103681
vt 0.14916816 0.82008064
vt 0.15131988 0.82979316
vt 0.14246798 0.8103681
vt 0.14701672 0.82979316
vt 0.14246798 0.8141794
vt 0.14246798 0.82979316
vt 0.14246798 0.82008064
vt 0.14246798 0.82585907
vt 0.21500397 0.7931562
vt 0.21008644 0.7931562
vt 0.21008644 0.8038523
vt 0.21008644 0.78233737
vt 0.20504567 0.78233737
vt 0.20504567 0.8038523
vt 0.20504567 0.7931562
vt 0.19250582 0.78233737
vt 0.19250582 0.7931562
vt 0.19250582 0.8038523
vt 0.17996542 0.7931562
vt 0.17996542 0.78233737
vt 0.17996542 0.8038523
vt 0.17492469 0.7931562
vt 0.17492469 0.8038523
vt 0.17492469 0.78233737
vt 0.17000714 0.8038523
vt 0.17000714 0.7931562
vt 0.17000714 0.78246015
vt 0.15599182 0.7931562
vt 0.15599182 0.8038523
vt 0.15586875 0.78246015
vt 0.14916816 0.7931562
vt 0.15131988 0.8038523
vt 0.14916816 0.78246015
vt 0.14701672 0.8038523
vt 0.14246798 0.78246015
vt 0.14246798 0.8038523
vt 0.14246798 0.7866402
vt 0.14246798 0.7994263
vt 0.14246798 0.7931562
vt 0.65529853 0.27222383
vt 0.6520002 0.26423183
vt 0.65529853 0.26423183
vt 0.66062653 0.27222383
vt 0.6520002 0.25636664
vt 0.66062653 0.26029935
vt 0.6678573 0.27222383
vt 0.65529853 0.25636664
vt 0.65111214 0.25205362
vt 0.64882874 0.25357574
vt 0.65935796 0.25205362
vt 0.6655739 0.26029935
vt 0.6498436 0.24748662
vt 0.6476871 0.24735981
vt 0.64882874 0.2411437
vt 0.6692528 0.26029935
vt 0.6747076 0.27222383
vt 0.65897727 0.24748662
vt 0.65111214 0.24228552
vt 0.6520002 0.23809919
vt 0.6683649 0.25205362
vt 0.68007785 0.25898847
vt 0.67914766 0.27222383
vt 0.6678573 0.24748662
vt 0.6594849 0.24228552
vt 0.65529853 0.23809919
vt 0.67914766 0.24735981
vt 0.68466604 0.26029935
vt 0.68460256 0.27222383
vt 0.65529853 0.22972667
vt 0.6520002 0.22972667
vt 0.65529853 0.22249573
vt 0.66062653 0.22249573
vt 0.66062653 0.22972667
vt 0.6678573 0.24228552
vt 0.68193847 0.24735981
vt 0.66062653 0.23809919
vt 0.6655739 0.23809919
vt 0.6655739 0.22972667
vt 0.6686186 0.23809919
vt 0.67914766 0.23809919
vt 0.68193847 0.23809919
vt 0.68460256 0.24735981
vt 0.68460256 0.23809919
vt 0.68777394 0.24735981
vt 0.68777394 0.23809919
vt 0.6909454 0.26029935
vt 0.6909454 0.27222383
vt 0.7085786 0.26010898
vt 0.7085786 0.27222383
vt 0.72608495 0.27222383
vt 0.6909454 0.24735981
vt 0.6909454 0.23809919
vt 0.7085786 0.23752838
vt 0.7085786 0.24634492
vt 0.7257044 0.25890392
vt 0.74143463 0.27222383
vt 0.72291356 0.23442042
vt 0.7245625 0.24431524
vt 0.7355991 0.230234
vt 0.72836834 0.226809
vt 0.7395317 0.25763527
vt 0.735726 0.24177808
vt 0.7378826 0.22097346
vt 0.74695283 0.2568741
vt 0.74283 0.23974836
vt 0.75399333 0.23670372
vt 0.7491728 0.22439861
vt 0.7377557 0.21234733
vt 0.7486654 0.21488437
vt 0.76008266 0.2189439
vn 0.39852658 -0.46648523 -0.7896634
vn 0.5180279 0.21143661 -0.8288195
vn 0.4234703 0.2518225 -0.8702059
vn 0.43099892 -0.5101009 -0.74433666
vn 0.14176472 -0.81991285 -0.5546582
vn 0.6447123 0.17730649 -0.74357814
vn 0.13880047 -0.8656878 -0.4809566
vn -0.49846864 -0.8649796 -0.057786632
vn 0.51729226 -0.520359 -0.6794375
vn 0.7064593 0.18531089 -0.68306303
vn -0.46004164 -0.8858931 0.059624046
vn -0.8969387 -0.21294256 0.38750032
vn 0.19221248 -0.90414155 -0.38155276
vn 0.58178115 -0.5130391 -0.6311273
vn 0.7045833 0.20882757 -0.67819864
vn -0.83847857 -0.23227832 0.49295098
vn -0.8415022 0.3715992 0.39215836
vn -0.32392424 -0.9244919 0.2009676
vn -0.7775636 0.40908453 0.47754028
vn -0.70725816 -0.26917613 0.6537049
vn -0.43115577 0.8957854 0.10804332
vn -0.49080908 0.87080157 0.02848102
vn 0.14011928 0.8824682 -0.44901705
vn 0.050006337 0.8690078 -0.49226496
vn 0.4234703 0.2518225 -0.8702059
vn 0.5180279 0.21143661 -0.8288195
vn 0.2929231 0.8790769 -0.37605843
vn 0.6447123 0.17730649 -0.74357814
vn -0.3045397 0.92619693 0.22229438
vn 0.3829945 0.858528 -0.34094703
vn 0.7064593 0.18531089 -0.68306303
vn -0.6629426 0.4431163 0.60345274
vn 0.42292145 0.8303725 -0.3627934
vn 0.7045833 0.20882757 -0.67819864
vn -0.21356884 0.9417158 0.25992295
vn -0.6263211 -0.30798432 0.7161477
vn 0.45784473 0.7836404 -0.41986418
vn 0.6774339 0.27746582 -0.68124604
vn -0.5962833 0.46219915 0.65636736
vn -0.16102713 0.96441853 0.2096836
vn 0.40653634 0.7915968 -0.45618275
vn 0.5717853 0.135941 -0.8090621
vn 0.5498092 0.47876188 -0.6844683
vn 0.32986522 0.82770747 -0.45397055
vn -0.60806435 0.511712 0.60696656
vn -0.10693397 0.9876787 0.11426298
vn -0.07382081 0.99725336 -0.006021876
vn -0.09939073 0.993598 -0.053708974
vn -0.28009427 0.9552724 0.094878495
vn -0.56395024 0.7343744 0.37769628
vn -0.59543467 0.61843663 0.5128292
vn -0.77781105 -0.055966277 0.62600136
vn -0.79382116 -0.17383513 0.5827774
vn -0.70132256 -0.3271366 0.6333469
vn -0.6061146 -0.6612875 0.4419547
vn -0.56128514 -0.75693065 0.33468646
vn -0.59949857 -0.63769734 0.48367718
vn -0.2758267 -0.9402041 0.19983992
vn -0.18367736 -0.98186535 0.04693651
vn -0.30406612 -0.9233238 0.2345573
vn -0.2523558 -0.956866 0.14395861
vn -0.23455568 -0.9374195 0.2573489
vn 0.22496061 -0.92705876 -0.29992452
vn 0.15285991 -0.9336583 -0.3239076
vn -0.24234928 -0.96363163 0.11260927
vn 0.014903758 -0.9911322 -0.1320413
vn 0.56633085 -0.44878387 -0.69127595
vn 0.022223959 -0.9912856 -0.1298415
vn 0.3594497 -0.74622464 -0.56030774
vn 0.08279521 -0.9825111 -0.16678363
vn 0.6334772 -0.16644487 -0.75564724
vn 0.6774339 0.27746582 -0.68124604
vn 0.5717853 0.135941 -0.8090621
vn -0.046521395 -0.99770254 0.04924896
vn 0.20584063 -0.9678583 -0.14449926
vn 0.09430988 -0.983293 -0.1556941
vn -0.09955516 -0.9707743 0.21837129
vn -0.00047660098 -0.99751055 0.070516445
vn 0.53855854 -0.261607 -0.80094725
vn 0.5623217 -0.36970732 -0.7396694
vn 0.47816128 -0.3680817 -0.79741937
vn 0.37397808 -0.31788644 -0.87125695
vn 0.5698997 -0.4098345 -0.7122148
vn 0.35187456 0.64304817 -0.68020093
vn 0.41124567 0.50504047 -0.75882214
vn 0.41124567 0.50504047 -0.75882214
vn 0.33043113 0.68387693 -0.65048254
vn 0.15900302 0.932843 -0.32329845
vn 0.14826854 0.9426363 -0.29908738
vn 0.025857665 0.9995371 -0.016030882
vn 0.0187397 0.9998227 0.0018940031
vn -0.013154579 0.9951939 0.09703645
vn -0.012680193 0.9953707 0.09527046
vn -0.017215263 0.9888508 0.14791134
vn -0.018178472 0.98933315 0.1445323
vn -0.01625962 0.98111695 0.19273056
vn -0.019280057 0.9795727 0.2001637
vn -0.04812432 0.97323936 0.22469804
vn -0.05082323 0.9733238 0.22373569
vn -0.032487374 0.99418384 0.10267939
vn 0.009518558 0.9992638 0.037165936
vn 0.03769283 0.9977869 -0.054776482
vn 0.0675263 0.99492043 -0.074656606
vn 0.0675263 0.99492043 -0.07465661
vn -0.88161737 -0.46402445 -0.08620978
vn -0.8818381 -0.4566004 -0.11780388
vn -0.85644025 -0.50093573 -0.12479345
vn -0.91541815 -0.3977117 -0.061927736
vn -0.89768136 -0.43740985 -0.05329951
vn -0.88261986 -0.4593657 -0.0998264
vn -0.8849586 -0.46476915 -0.028943859
vn -0.8936968 -0.43609214 -0.10549714
vn -0.8476609 -0.52319807 -0.08794878
vn -0.8975877 -0.44049105 0.017433604
vn -0.84712833 -0.53100437 -0.020193955
vn -0.5297908 -0.84206015 -0.10127447
vn -0.8778161 -0.45735726 -0.14234895
vn -0.84786797 -0.51513594 -0.12551826
vn -0.9075452 -0.3878505 -0.1610393
vn -0.93044126 -0.3564936 -0.08480152
vn -0.900959 -0.42022875 0.10807713
vn -0.5304964 -0.8469656 -0.034970928
vn -0.07340927 -0.97556937 -0.207064
vn 0.09430988 -0.983293 -0.1556941
vn -0.14952628 -0.9887551 0.00228552
vn -0.00047660098 -0.99751055 0.070516445
vn -0.29072958 -0.95525086 -0.054517712
vn -0.24204725 -0.95072263 -0.19375114
vn -0.27813286 -0.93461597 0.22166461
vn -0.09955516 -0.9707743 0.21837129
vn -0.4277732 -0.8753508 0.2253246
vn -0.43134034 -0.9006383 -0.052879363
vn -0.4412948 -0.8687185 -0.22491607
vn -0.5196939 -0.78286636 0.34210894
vn -0.55555016 -0.7630816 0.33025837
vn -0.52584547 -0.8020621 0.28316578
vn -0.47968018 -0.8599096 0.17453532
vn -0.48764277 -0.8283104 0.27587426
vn -0.5095747 -0.8498418 0.13454607
vn -0.5976239 -0.7837532 -0.16904631
vn -0.59281224 -0.76500726 -0.2516697
vn -0.5704157 -0.8213324 -0.006235292
vn -0.6353817 -0.7707428 -0.047387946
vn -0.59106076 -0.8060031 0.031719122
vn -0.62119335 -0.7836497 -0.0034457203
vn -0.40725347 -0.8180878 0.40605044
vn -0.40656257 -0.82008886 0.4026924
vn -0.55311203 -0.8299655 -0.072279684
vn -0.5335595 -0.83804834 0.113970295
vn -0.36920694 -0.9158543 0.15778863
vn -0.38464606 -0.921686 0.05042198
vn -0.4527026 -0.7521449 0.47889283
vn -0.45264572 -0.7521911 0.47887397
vn -0.50108 -0.71256024 0.4910975
vn -0.50588286 -0.7092464 0.49097055
vn -0.5191281 -0.7072857 0.47984678
vn -0.23428826 -0.919634 0.31524947
vn -0.21068835 -0.89536065 0.39235157
vn -0.2236555 -0.90323734 0.36625203
vn -0.22365549 -0.90323734 0.36625203
vn -0.52496773 -0.708669 0.47137794
vn -0.5121445 -0.6944275 0.50544876
vn -0.48706385 -0.77664465 0.39948967
vn -0.5282489 -0.74209285 0.4126152
vn -0.44201854 -0.78566843 0.4328334
vn -0.48627254 -0.8017424 0.34748837
vn -0.51170987 -0.77003306 0.38105372
vn -0.41025972 -0.8791824 0.24233289
vn -0.382776 -0.89294297 0.23692925
vn -0.43253472 -0.8676267 0.24522969
vn -0.37192416 -0.92691845 0.049947154
vn -0.3945272 -0.91355515 0.09881976
vn -0.41177106 -0.89541215 0.16935681
vn -0.54490644 -0.8289858 0.1259337
vn -0.47050512 -0.85200787 0.22958101
vn -0.43180838 -0.88108003 0.1929752
vn -0.4174822 -0.83247983 0.36426094
vn -0.56751716 -0.6870711 0.45371544
vn -0.62177485 -0.7036819 0.34384274
vn -0.64405704 -0.6991626 0.3104227
vn -0.61358804 -0.7254399 0.31184372
vn -0.68393564 -0.6662614 0.2972
vn -0.69245577 -0.6033292 0.3955993
vn -0.674734 -0.7367151 0.0445513
vn -0.56878096 -0.7027145 0.42741147
vn -0.42928174 -0.70279783 0.5672675
vn -0.65023917 -0.7595489 -0.016566923
vn -0.45913273 -0.85836315 -0.22893198
vn -0.44140348 -0.86531407 -0.23747541
vn -0.6489577 -0.69563 0.30814394
vn -0.53571296 -0.6897447 0.48709756
vn -0.41418308 -0.6973891 0.5848938
vn -0.26347676 -0.92404824 -0.27697462
vn -0.42202884 -0.7454376 0.5159596
vn -0.43538395 -0.75075436 0.49679843
vn -0.49689192 -0.78623694 0.36732805
vn -0.49713323 -0.7859751 0.36756167
vn -0.47860914 -0.8053919 0.3496815
vn -0.26839128 -0.92865837 -0.25604638
vn -0.2443574 -0.9429176 -0.226265
vn -0.28057924 -0.95780045 -0.062399052
vn -0.23703091 -0.93443716 -0.26578826
vn -0.250395 -0.93029165 -0.268067
vn -0.28333697 -0.9580053 -0.044111975
vn -0.3028899 -0.946374 0.11240034
vn -0.30288994 -0.946374 0.112400346
vn 0.8429835 0.082967125 -0.53150296
vn 0.78811115 0.48580986 -0.3779808
vn 0.8488812 0.20011082 -0.4892407
vn 0.56861866 0.76333797 -0.3065746
vn 0.5452863 0.8175466 -0.18514964
vn 0.3049975 0.9520052 0.025741229
vn 0.74992985 0.028031457 -0.6609231
vn -0.022203973 0.98483175 0.17208496
vn 0.45232078 0.791893 -0.4102578
vn 0.6759851 -0.0036655646 -0.73690623
vn 0.061059494 0.9882848 0.13987398
vn -0.4341765 0.80934894 0.3955313
vn -0.27303436 0.92478836 0.26498842
vn -0.3587321 0.8096387 0.464539
vn -0.6439303 0.53832805 0.5436514
vn -0.57623917 0.5492929 0.60516596
vn -0.7567742 0.24739878 0.60505104
vn -0.668168 0.3834813 0.63756853
vn -0.695683 0.2280766 0.6811801
vn -0.77869755 -0.20083536 0.59438646
vn 0.3389832 0.83342636 -0.43645266
vn -0.3325353 0.91341907 0.23470391
vn 0.5966109 0.19407259 -0.77871126
vn 0.5796726 -0.41183016 -0.70311844
vn 0.57343227 0.22948293 -0.786456
vn 0.551747 -0.4466282 -0.7043424
vn 0.19295172 0.899507 -0.3919909
vn 0.23286939 0.88139814 -0.41098568
vn -0.37443787 0.9024094 0.21319856
vn -0.4032615 0.8873778 0.22347428
vn -0.7184392 0.3576282 0.59661305
vn -0.74618083 0.3440364 0.569959
vn -0.75069237 0.3413417 0.56563836
vn -0.7732912 -0.24572767 0.58449864
vn -0.77061486 -0.24345471 0.5889673
vn -0.75372875 -0.2304117 0.61547023
vn -0.3541883 -0.9191599 0.17232427
vn -0.37903056 -0.9086439 0.17522015
vn 0.29963908 -0.8404732 -0.4514657
vn -0.6998126 -0.25759983 0.6662617
vn -0.33376926 -0.9181864 0.2133819
vn 0.34926593 -0.81097025 -0.4694045
vn 0.5796726 -0.41183016 -0.70311844
vn 0.551747 -0.4466282 -0.7043424
vn 0.42629266 -0.77459836 -0.46719587
vn 0.6759851 -0.0036655646 -0.73690623
vn 0.74992985 0.028031457 -0.6609231
vn -0.2678595 -0.9271324 0.26206237
vn 0.51624805 -0.74166256 -0.4282809
vn 0.8429835 0.082967125 -0.53150296
vn -0.63457364 -0.56163156 0.5309296
vn -0.23027784 -0.9493132 0.21395476
vn 0.5784212 -0.74781483 -0.32588643
vn 0.8970899 -0.17809959 -0.40436402
vn 0.8488812 0.20011082 -0.4892407
vn 0.6755872 -0.70692676 -0.20937149
vn -0.18799414 -0.95214283 0.24100265
vn -0.65854394 -0.57432944 0.48627716
vn -0.7282686 -0.20568688 0.6536954
vn 0.9492017 -0.08180389 -0.30384913
vn 0.8970899 -0.17809959 -0.40436402
vn 0.8488812 0.20011082 -0.4892407
vn 0.6755872 -0.70692676 -0.20937149
vn 0.7412185 -0.67045826 0.032874458
vn 0.9636582 -0.19555324 -0.18199407
vn -0.13686694 -0.9223212 0.361374
vn 0.046006843 -0.9021718 0.4289166
vn -0.18799414 -0.95214283 0.24100265
vn 0.6640894 -0.7245201 0.18454257
vn 0.91431046 -0.29626536 -0.276158
vn 0.6588592 -0.73376894 0.16579385
vn 0.847531 -0.35535234 -0.3942281
vn -0.6277897 -0.59616566 0.5004664
vn -0.66088027 -0.4897732 0.5686471
vn -0.65854394 -0.57432944 0.48627716
vn -0.7887679 -0.19561501 0.5827348
vn -0.77869755 -0.20083536 0.59438646
vn -0.8000907 0.25076067 0.5449533
vn -0.7567742 0.24739878 0.60505104
vn -0.6439303 0.53832805 0.5436514
vn -0.45590183 -0.7447755 0.48730183
vn -0.79495156 -0.026535125 0.6060924
vn -0.71307784 0.54691374 0.43864033
vn -0.4341765 0.80934894 0.3955313
vn -0.74013007 0.35449344 0.57143855
vn -0.5195737 0.7790322 0.35093042
vn -0.022203973 0.98483175 0.17208496
vn -0.11431165 0.9813347 0.15464498
vn 0.3049975 0.9520052 0.025741229
vn -0.7668063 -0.008042261 0.64182824
vn -0.7234196 0.31357032 0.6150917
vn -0.5198041 0.69046545 0.50305176
vn -0.14274524 0.9481552 0.28394616
vn -0.54841244 0.6301809 0.5496507
vn -0.1729442 0.9140418 0.36690298
vn 0.16178274 0.98042643 0.112206675
vn 0.18681774 0.9823905 0.0028361555
vn 0.50371414 0.8537089 -0.13211033
vn 0.5452863 0.8175466 -0.18514964
vn 0.4676468 0.87697256 -0.110569514
vn 0.16855842 0.9757312 0.1397739
vn 0.48327786 0.85578185 -0.18460758
vn -0.22992866 0.8908194 0.39188474
vn 0.15014195 0.98402816 0.09563415
vn -0.24370313 0.87401825 0.4203579
vn 0.48651156 0.80353755 -0.342978
vn 0.519209 0.7635433 -0.3839578
vn -0.5988164 0.5788928 0.5534455
vn 0.14989218 0.986602 0.064412065
vn 0.15568383 0.98726165 0.03281873
vn 0.5476489 0.7301074 -0.40868545
vn 0.1644513 0.9863625 0.0066865496
vn 0.53566027 0.714458 -0.4501308
vn -0.19604273 0.9246285 0.32654166
vn 0.207396 0.9781545 0.014170616
vn 0.5873048 0.6416662 -0.49329254
vn 0.60350066 0.5665767 -0.56105053
vn -0.25568697 0.9149572 0.31221357
vn -0.4319126 0.67832386 0.5944141
vn -0.48038292 0.7458411 0.4614686
vn -0.641669 0.45361006 0.61846477
vn -0.6757588 0.3400799 0.6539845
vn 0.27268478 0.96207994 -0.0067182113
vn -0.2590269 0.86921966 0.42114377
vn -0.7690679 0.46791726 0.43541697
vn -0.80933374 0.35420793 0.46852502
vn -0.8090776 0.16311863 0.5646112
vn -0.7094806 0.4422228 0.5487043
vn -0.7939871 0.43520823 0.42447412
vn -0.8988986 0.053651568 0.43485948
vn 0.35809463 0.93316185 -0.03126214
vn 0.6008592 0.48296073 -0.6369593
vn 0.67439824 0.45300895 -0.58306926
vn -0.9460269 -0.28879008 0.14708297
vn -0.7363508 0.330943 0.59013927
vn -0.7588809 0.02758391 0.650645
vn -0.6772018 -0.40106708 0.61688155
vn -0.67955565 0.29557157 0.67144746
vn 0.38640136 0.9205371 -0.057491645
vn 0.715108 0.4376831 -0.5450266
vn -0.729162 0.3529687 0.58629
vn -0.6565305 -0.44808114 0.6067875
vn -0.48081473 -0.72806615 0.488607
vn 0.34362808 0.9338954 -0.098787665
vn 0.6836318 0.46909904 -0.5591008
vn -0.21754976 0.85374075 0.4730738
vn -0.16641304 0.82591 0.53868306
vn -0.6979102 0.23534562 0.67641246
vn -0.44159716 -0.81829834 0.36793986
vn -0.51032627 -0.8188031 0.26292336
vn -0.18359107 0.8481172 0.49698243
vn -0.80087936 -0.52912414 0.2803927
vn -0.75384575 -0.25663 -0.60486156
vn -0.9509315 0.3067717 -0.040253546
vn -0.60845625 0.14313644 0.7805722
vn -0.7059281 -0.6223984 0.3380618
vn -0.600272 0.14865227 0.7858601
vn -0.28582767 -0.9192783 -0.27060995
vn -0.6321958 -0.6793677 0.37254268
vn -0.2052446 -0.9498365 -0.23597732
vn 0.25392663 -0.70766985 -0.6593365
vn 0.24122177 -0.28366974 -0.928086
vn 0.26921338 -0.70054644 -0.6608774
vn -0.13469577 0.40400633 -0.904785
vn -0.14330555 -0.9652073 -0.21871963
vn 0.25152665 -0.68293643 -0.6858077
vn -0.3263503 0.91678077 -0.23023568
vn 0.31750906 0.42382044 -0.84827137
vn -0.13764328 -0.9577585 -0.2524936
vn 0.32497138 -0.6923447 -0.6442456
vn 0.34605584 -0.7415624 -0.574744
vn -0.64155513 -0.694684 0.32530168
vn -0.1996841 -0.9476202 -0.2492833
vn 0.3004017 -0.76207995 -0.573579
vn -0.4565499 0.83556086 0.3056145
vn 0.14006484 0.9883632 -0.059330136
vn 0.5449038 0.5037569 -0.6703049
vn 0.5403652 0.51897955 -0.6623184
vn -0.32548988 0.84544104 0.42342147
vn 0.1646045 0.98580027 -0.033214465
vn 0.216972 0.97576946 -0.028233062
vn 0.5404532 0.51963717 -0.66173065
vn 0.58417755 0.5480647 -0.5986331
vn -0.30008495 0.8168664 0.4926239
vn 0.24663633 0.96818113 -0.04237608
vn 0.6147109 0.55462223 -0.56082505
vn -0.27756867 0.79389924 0.54099876
vn 0.19592196 0.9786604 -0.061954927
vn 0.5952403 0.56135935 -0.5749475
vn -0.2896509 0.8130885 0.5049648
vn 0.1736397 0.9846406 0.018224617
vn 0.541295 0.5922097 -0.59689814
vn -0.3649579 0.81480694 0.45043907
vn 0.19522202 0.9763416 0.092980474
vn 0.5687443 0.6410379 -0.5153642
vn -0.34058985 0.7778057 0.52822053
vn -0.6919967 0.17672253 0.6999355
vn -0.7333011 0.27425352 0.6221371
vn -0.79981977 0.36822155 0.47402653
vn -0.5460609 0.69533116 0.46726024
vn -0.55264163 0.60178477 0.576578
vn -0.6622258 0.24600758 0.7077692
vn -0.79752415 0.32254454 0.50982374
vn -0.8058732 -0.0942067 0.58454555
vn -0.8662515 -0.19874123 0.45837793
vn -0.87664115 0.21670847 0.42957854
vn -0.7913105 0.17522156 0.5857688
vn -0.8607121 -0.46073967 0.21654908
vn -0.6919882 -0.082726456 0.7171532
vn -0.6688476 0.40682527 0.6222026
vn -0.72014594 -0.61839193 0.31461284
vn -0.8099616 -0.27996174 -0.5153481
vn -0.97321147 0.22990578 -0.001637656
vn -0.6430579 -0.6821904 0.34798393
vn -0.24129368 -0.9401613 -0.24057014
vn -0.65505594 0.08626831 0.7506394
vn -0.6299648 0.062162288 0.7741319
vn -0.5558339 -0.7209805 0.4138064
vn -0.17032367 -0.96111125 -0.21738204
vn -0.53474635 0.756149 0.37720686
vn -0.39883184 0.9006737 -0.17239533
vn -0.65129876 0.56584543 0.5055976
vn -0.8238019 -0.02783474 0.56619406
vn -0.8076771 -0.03237581 0.5887355
vn -0.67066324 -0.08626747 0.7367284
vn -0.65584195 -0.5057737 0.5604145
vn -0.68968993 -0.598233 0.40797704
vn -0.87664986 -0.21106094 0.43236357
vn -0.7914595 -0.21748355 0.57122046
vn -0.58138585 -0.7963837 0.16662428
vn -0.592119 -0.35220316 0.72480893
vn -0.772644 0.14165835 0.61883295
vn -0.29995742 -0.892778 0.3361147
vn -0.68253124 -0.24934499 0.6870067
vn -0.44680563 -0.69594896 0.56215644
vn -0.7783308 -0.2349553 0.5822347
vn -0.5414427 -0.73226804 0.41306564
vn -0.8118298 0.23374443 0.5350663
vn -0.78907496 -0.23753357 0.5665143
vn -0.27482468 -0.943674 0.18425715
vn -0.6111824 0.6902892 0.38724276
vn -0.37267318 -0.90394104 0.20977437
vn -0.983194 0.09809154 -0.15397277
vn 0.04562661 -0.968628 -0.24429096
vn 0.08550629 -0.957365 -0.27593672
vn 0.096507765 -0.9633557 -0.25026393
vn -0.17674816 -0.94967216 -0.25861716
vn 0.3774848 -0.64321065 -0.6661721
vn 0.39373752 -0.6194276 -0.67917603
vn 0.2133181 -0.58798134 -0.7802393
vn 0.4382978 -0.6084601 -0.6615674
vn -0.53521985 -0.7901757 -0.29860008
vn -0.9326986 -0.3572582 -0.049396735
vn -0.3303804 -0.30411446 -0.8935117
vn -0.84786016 0.15162526 -0.5080777
vn 0.15050635 -0.95841545 -0.24246182
vn 0.53695166 -0.58478636 -0.60803604
vn -0.968542 -0.023038616 0.2477814
vn -0.8913829 0.43347895 -0.13241081
vn -0.8508762 0.51323354 -0.11225462
vn 0.1540453 -0.9603492 -0.23237814
vn 0.54115164 -0.5921147 -0.5971224
vn -0.3643264 -0.9005856 0.2370904
vn -0.37131903 -0.89409494 0.2504324
vn -0.75493324 -0.23805049 0.61107105
vn 0.18384843 -0.95448536 -0.23485634
vn 0.49735555 -0.5710191 -0.6531269
vn 0.508037 -0.5780717 -0.6385387
vn -0.9463865 0.05702472 0.3179634
vn -0.8310126 0.55371016 -0.05313274
vn -0.33840704 -0.89124393 0.30193537
vn 0.18224186 -0.94547576 -0.26993242
vn 0.5488184 -0.5600319 -0.62061477
vn -0.94949996 0.07825559 0.30385175
vn -0.82821274 0.5532309 0.08943863
vn -0.3415071 -0.9031967 0.2600169
vn 0.13259767 -0.94312644 -0.3048447
vn 0.50360036 -0.54960793 -0.6665717
vn -0.9152919 0.07591686 0.39557233
vn -0.83824074 0.53821474 0.08762025
vn -0.41168836 -0.88793117 0.20516092
vn 0.117036484 -0.9600076 -0.25433815
vn 0.5085532 -0.5357624 -0.67404175
vn -0.90152586 0.074156925 0.4263235
vn -0.8645038 0.500467 -0.04654102
vn -0.89335245 0.42773163 -0.13772127
vn -0.41021177 -0.86276394 0.2955753
vn -0.3693622 -0.83861357 0.40037334
vn 0.17412218 -0.96197724 -0.21043111
vn 0.55744886 -0.5655356 -0.6077995
vn 0.14009628 -0.9733208 -0.18171339
vn 0.5712865 -0.55670863 -0.60308146
vn 0.07848488 -0.98257655 -0.16847347
vn 0.32451347 -0.63634455 -0.6998261
vn -0.39774168 -0.82820886 0.39480585
vn -0.1503829 -0.9868552 -0.0591764
vn 0.06921063 -0.58365214 -0.8090489
vn -0.48194516 -0.7734759 0.41165993
vn -0.7606944 -0.26617643 0.59202546
vn -0.72005135 -0.23698992 0.6521978
vn -0.76098067 -0.26659602 0.59146845
vn -0.6166955 0.5922212 0.5186142
vn -0.6438973 -0.21008201 0.735705
vn -0.63701296 -0.18320812 0.7487652
vn -0.5650146 0.61095136 0.554524
vn -0.5013218 0.6002619 0.623187
vn -0.038207565 0.9983027 0.043953672
vn -0.70186794 -0.26347864 0.6617857
vn -0.54579806 0.6199416 0.56371707
vn -0.650997 -0.2593969 0.7133836
vn -0.7019863 -0.2488555 0.66729766
vn -0.054899156 0.9983523 -0.016699769
vn -0.5451447 0.61863494 0.5657811
vn -0.7550523 -0.24290435 0.60901034
vn -0.5877103 0.65414196 0.4761248
vn -0.5450384 0.69062406 0.47536463
vn -0.7050649 0.6603696 -0.2584484
vn -0.013717972 0.9998461 0.0109379
vn 0.0044222283 0.9997018 0.024015954
vn -0.043541387 0.9986583 -0.028031645
vn 0.009759306 0.99981254 0.01672144
vn -0.5124953 -0.737818 -0.439287
vn 0.4517751 0.7421755 -0.4950504
vn 0.49266705 0.7062259 -0.5084527
vn 0.4420263 0.7033219 -0.55673254
vn 0.44151857 0.7260303 -0.52720135
vn 0.45694992 0.7149163 -0.52923673
vn 0.44432047 0.69497037 -0.5653277
vn 0.24991581 0.53626895 -0.80619955
vn -0.34487256 0.27464142 -0.8975717
vn 0.12937284 -0.27551135 -0.9525525
vn 0.43690324 0.7559972 -0.48742574
vn 0.32590267 -0.6511563 -0.6854071
vn 0.023798173 0.9923556 0.121095255
vn 0.45105845 0.78175646 -0.43058458
vn -0.09449907 -0.96849716 -0.23039801
vn 0.35606644 -0.6981816 -0.6210952
vn -0.02438261 0.9954268 0.092362985
vn 0.4727752 0.74071413 -0.47731155
vn -0.53484046 0.6202829 0.573755
vn -0.033330772 -0.9841055 -0.17442872
vn 0.35018903 -0.67608875 -0.64828354
vn -0.49967897 -0.8290638 0.2509466
vn -0.09950726 0.9923941 0.07247165
vn 0.3238121 0.7532088 -0.5725577
vn -0.7157666 -0.17354168 0.6764329
vn -0.7976481 -0.14902388 0.58442223
vn -0.6187381 0.5843967 0.52501786
vn -0.7977152 -0.11760763 0.5914549
vn -0.7616335 -0.0596042 0.64526093
vn -0.4778014 -0.8202666 0.3144336
vn -0.43843073 -0.8037996 0.40210027
vn -0.46721128 0.7479621 0.4714513
vn -0.73647064 -0.074382484 0.67236763
vn 0.015416343 -0.9879516 -0.1539933
vn 0.3597432 -0.66778857 -0.65164644
vn 0.02917132 -0.9787139 -0.20314553
vn 0.017023956 -0.96584433 -0.25856322
vn 0.42250127 -0.6344514 -0.64727426
vn 0.44748476 -0.6413369 -0.62325305
vn -0.054524776 0.99845386 -0.010817185
vn -0.46491033 0.7174011 0.51883924
vn -0.4719776 -0.7905033 0.3903096
vn 0.023675505 -0.9785565 -0.20461367
vn 0.4570845 -0.63365674 -0.62414163
vn 0.0048251837 0.9988379 0.047955625
vn -0.5239623 -0.7886044 0.3218176
vn 0.056833826 -0.9894146 -0.13352413
vn 0.41489774 -0.6654254 -0.62053925
vn -0.5149851 -0.7721241 0.37231
vn 0.018315477 -0.9831365 -0.18195401
vn 0.41430852 -0.629002 -0.6578032
vn -0.41995904 -0.7916178 0.44381925
vn -0.04950087 -0.98042655 -0.19056076
vn 0.27214944 -0.62826556 -0.7288463
vn -0.452691 -0.7704597 0.4488459
vn -0.07051729 -0.9864739 -0.14797513
vn -0.5309478 -0.7324383 0.4261791
vn -0.15590972 -0.9484689 -0.27586013
vn 0.051593352 -0.52009577 -0.8525483
vn -0.44257724 -0.79765797 0.409716
vn -0.30083886 -0.857908 -0.41652122
vn -0.14814349 -0.4072897 -0.90120405
vn -0.49331927 -0.5975094 -0.63215387
vn -0.25342727 -0.17514804 -0.95136625
vn -0.6828252 -0.2711077 -0.67841756
vn -0.27824053 0.124069944 -0.9524647
vn -0.7427226 0.11291824 -0.66000956
vn -0.68393064 -0.7293671 -0.016202545
vn -0.5316069 -0.82167685 0.20552666
vn -0.4663472 -0.8210843 0.32915178
vn -0.65103346 -0.40307721 0.6431828
vn -0.6274175 -0.35233718 0.69441044
vn -0.6573947 -0.05584815 0.751474
vn -0.91587126 -0.39410734 0.07654478
vn -0.49331927 -0.5975094 -0.63215387
vn -0.6828252 -0.2711077 -0.67841756
vn -0.98839426 0.04072494 0.14634936
vn -0.7427226 0.11291824 -0.66000956
vn -0.8686049 0.4687085 0.16074155
vn -0.64237833 0.51837116 -0.56448334
vn -0.6086244 0.763505 0.21595494
vn -0.44478276 0.8145703 -0.37234858
vn -0.598331 0.3116428 0.73815906
vn -0.7302709 -0.01688427 0.682949
vn -0.64686227 -0.063472204 0.75996083
vn -0.60879797 0.24120687 0.7557673
vn -0.7320112 -0.008290993 0.68124217
vn -0.486186 0.6382146 0.5969131
vn -0.4336411 0.75170034 0.49689245
vn -0.21761297 0.96822995 -0.12318779
vn -0.44478276 0.8145703 -0.37234858
vn -0.3762415 0.7471893 0.54785997
vn -0.45450073 0.65904063 0.59924495
vn -0.026878282 0.9860977 0.16397841
vn -0.06080245 0.9956548 0.07052927
vn -0.65728277 -0.014751943 0.7534997
vn -0.44335008 0.647701 0.6196161
vn -0.57219976 -0.039926477 0.81914186
vn -0.01969475 0.99158293 0.12796637
vn 0.36659303 0.7681014 -0.5250047
vn 0.2120235 0.75198 -0.62415695
vn 0.025066242 0.69492286 -0.7186473
vn -0.13759819 0.59099513 -0.79485315
vn -0.24398358 0.41627264 -0.8758933
vn -0.64237833 0.51837116 -0.56448334
vn -0.27824053 0.124069944 -0.9524647
vn -0.7427226 0.11291824 -0.66000956
vn 0.47628787 0.73445493 -0.48345193
vn -0.00968363 0.9926116 0.120947935
vn 0.4485063 0.74616086 -0.49202242
vn -0.41530085 0.6793223 0.6050177
vn 0.009850495 0.9896736 0.14300062
vn 0.45489252 0.7355318 -0.5020616
vn -0.63754034 -0.022758184 0.7700808
vn -0.009740859 0.99571604 0.09194959
vn 0.47031346 0.7324773 -0.49222168
vn -0.48795012 0.680056 0.5472007
vn -0.7260852 -0.030474422 0.68692905
vn -0.7710072 -0.03566001 0.6358273
vn -0.0392697 0.99901974 0.020431085
vn 0.45628598 0.71050656 -0.5357083
vn 0.43148044 0.7534425 -0.4961341
vn -0.5168107 0.70276004 0.48891196
vn -0.4873589 0.6953074 0.5282319
vn -0.7706342 -0.037865967 0.6361518
vn 0.019792086 0.99716884 0.072543815
vn 0.050749045 0.9924304 0.1118332
vn 0.45844525 0.71017027 -0.5343091
vn -0.7110397 -0.052138668 0.7012161
vn -0.6625551 -0.06901354 0.74582696
vn -0.4624201 0.66733754 0.58380497
vn -0.6717701 -0.10284555 0.7335855
vn 0.4422317 0.7393579 -0.5077215
vn 0.41175064 0.71422 -0.5659959
vn 0.15911165 0.5237529 -0.8368789
vn -0.24992734 0.26394552 -0.9315949
vn 0.086031154 -0.26662454 -0.9599531
vn 0.17801414 -0.71207047 -0.67916614
vn 0.24140854 -0.72508657 -0.6449583
vn -0.06710886 -0.9804278 -0.18508798
vn 0.32822913 -0.6974429 -0.6370549
vn -0.02605926 -0.9838275 -0.17721292
vn 0.41309312 -0.71845424 -0.5596227
vn -0.54565233 -0.74461365 0.38446602
vn -0.1087808 -0.9727945 -0.20454259
vn 0.38133982 -0.72293997 -0.57614034
vn 0.31037807 -0.71984637 -0.6208757
vn -0.68652827 0.08734235 0.7218381
vn -0.76631045 0.121356994 0.6309048
vn -0.6215746 -0.6978954 0.35579062
vn -0.7732014 0.1337363 0.6198985
vn -0.13286513 -0.97602844 -0.1723817
vn -0.6805078 0.107762076 0.7247734
vn -0.06643399 -0.98763067 -0.14202863
vn 0.3320297 -0.6673453 -0.6666383
vn -0.581488 -0.70850927 0.39985782
vn -0.2966286 0.7323515 0.6129215
vn -0.33237094 0.73556936 0.5903111
vn -0.5301614 -0.6877281 0.49594247
vn -0.5439575 -0.72685933 0.41926828
vn -0.057854377 -0.9815933 -0.1820094
vn 0.33410504 -0.73038846 -0.5957403
vn -0.15163955 -0.9691992 -0.1940577
vn 0.41488603 -0.672246 -0.6131516
vn -0.5364701 0.09535678 0.8385147
vn -0.5651046 0.06487222 0.8224649
vn -0.22130005 -0.9651822 -0.1394621
vn 0.22433385 -0.69179714 -0.6863608
vn -0.6655447 0.08792227 0.74116117
vn -0.60104734 -0.6801239 0.4197302
vn -0.7286891 0.1003575 0.6774516
vn -0.31694686 -0.94007134 -0.12574013
vn 0.06872601 -0.6402811 -0.76506007
vn -0.5585168 -0.7229898 0.406626
vn -0.42403543 -0.86210257 -0.27744022
vn -0.097670436 -0.5079534 -0.85582924
vn -0.2261019 -0.3966396 -0.88969374
vn -0.6067447 -0.6011724 -0.5200506
vn -0.28840622 -0.18305725 -0.93984675
vn -0.76950324 -0.26399392 -0.5815256
vn -0.31152663 0.1439575 -0.93926954
vn -0.8205613 0.17776486 -0.54321164
vn -0.7810671 -0.60778403 0.14329281
vn -0.63369435 -0.6835394 0.36222276
vn -0.58659005 -0.68688697 0.42906684
vn -0.6490584 -0.27829686 0.70800716
vn -0.6790077 -0.30764017 0.6665629
vn -0.63516647 0.030277304 0.77178156
vn -0.7189713 0.09881057 0.6879802
vn -0.92578316 -0.30804834 0.21916161
vn -0.76950324 -0.26399392 -0.5815256
vn -0.6067447 -0.6011724 -0.5200506
vn -0.93758285 0.11054616 0.329724
vn -0.8205613 0.17776486 -0.54321164
vn -0.7614553 0.5305636 0.37240872
vn -0.62584066 0.6882476 -0.36693126
vn -0.48029175 0.76032865 0.43728727
vn -0.29013517 0.94648707 -0.14136375
vn -0.61523056 0.04768698 0.7869036
vn -0.48213044 0.4439777 0.75527084
vn -0.5160601 0.3835404 0.7658843
vn -0.28800893 0.7530363 0.5915971
vn -0.2996837 0.7465198 0.59405214
vn -0.3419899 0.71140224 0.6139624
vn -0.1585959 0.97351956 0.16464157
vn -0.29013517 0.94648707 -0.14136375
vn -0.37037793 0.7120658 0.59647506
vn -0.06834103 0.97292656 0.22077903
vn 0.01199241 0.97708446 0.21251395
vn -0.07603692 0.72446895 -0.68510073
vn -0.62584066 0.6882476 -0.36693126
vn 0.08922816 0.8196838 -0.565824
vn -0.2149948 0.46759138 -0.8574005
vn -0.31152663 0.1439575 -0.93926954
vn -0.8205613 0.17776486 -0.54321164
vn 0.25840038 0.80302 -0.5370178
vn 0.43395296 0.7480717 -0.50206935
vn 0.13203229 0.9866737 0.095092416
vn 0.6239834 0.61168504 -0.4862985
vn 0.17149721 0.98322165 0.062160075
vn -0.61747414 0.64688945 -0.44750395
vn -0.8319026 0.27522665 -0.48185924
vn -0.36364263 0.13764444 -0.9213133
vn -0.24602157 0.43869144 -0.86430496
vn -0.28528482 0.9000743 -0.32936126
vn -0.022660064 0.63683146 -0.77067
vn 0.0012938041 0.9982291 -0.05947251
vn 0.27686435 0.69104576 -0.667684
vn -0.4644724 0.8461303 0.26139787
vn 0.15123563 0.98775405 0.038336013
vn 0.4903106 0.62212765 -0.610371
vn 0.5999169 0.5612456 -0.5701782
vn -0.23508061 0.85118717 0.4692734
vn 0.2206734 0.9741586 0.048147995
vn 0.70403683 0.4882359 -0.5157111
vn -0.24497828 0.82414657 0.51065445
vn 0.24650301 0.96913975 -0.0021034384
vn 0.66192514 0.5452731 -0.51432693
vn -0.50843877 0.5236755 0.68355983
vn 0.25695947 0.9660412 0.027132023
vn -0.35538718 0.7860359 0.5058137
vn -0.52144307 0.49734455 0.6933582
vn -0.6744729 0.18285114 0.71529835
vn -0.750057 0.6161785 0.24028848
vn -0.61747414 0.64688945 -0.44750395
vn -0.28528482 0.9000743 -0.32936126
vn -0.9148397 0.27850688 0.29240742
vn -0.8319026 0.27522665 -0.48185924
vn -0.88525665 -0.13490143 -0.44510913
vn -0.95131314 -0.0732267 0.29940113
vn -0.7624542 -0.5410928 -0.35479894
vn -0.8748473 -0.39111185 0.28578627
vn -0.7431423 -0.12605244 0.6571532
vn -0.66683865 0.19210947 0.720014
vn -0.73014045 -0.11015287 0.6743599
vn -0.7306271 0.22267398 0.6454459
vn -0.7402141 -0.51884836 0.4276441
vn -0.70348173 -0.54855764 0.45188263
vn -0.6919124 -0.5698536 0.44331032
vn -0.7460838 0.19711523 0.6360068
vn -0.6449976 -0.63039094 0.43195534
vn -0.57532454 -0.80235785 -0.1588192
vn -0.7624542 -0.5410928 -0.35479894
vn -0.3091088 0.79027694 0.529069
vn -0.31528437 -0.94181216 -0.116556905
vn -0.45319676 -0.8856582 -0.10110559
vn -0.70133746 0.16463141 0.69355774
vn -0.67088574 0.14001186 0.7282232
vn -0.24962403 0.78042996 0.57325125
vn -0.35331026 -0.9311816 -0.08984896
vn 0.33051333 0.94344085 0.026082763
vn 0.62995446 0.5386875 -0.55943996
vn 0.3214749 0.9463446 -0.032951914
vn -0.26206627 0.83006674 0.4922503
vn -0.27168626 0.85026324 0.45082033
vn 0.17313571 -0.7351048 -0.65547305
vn 0.058904994 -0.70376945 -0.70798224
vn 0.32335487 -0.75434816 -0.57131463
vn -0.12067977 -0.64780825 -0.7521841
vn -0.32736617 -0.5153175 -0.79200965
vn -0.39811054 -0.21488048 -0.8918152
vn -0.88525665 -0.13490143 -0.44510913
vn -0.36364263 0.13764444 -0.9213133
vn -0.8319026 0.27522665 -0.48185924
vn -0.2513237 -0.9605954 -0.11871324
vn 0.28251702 -0.76217175 -0.58247596
vn 0.23995559 -0.7474882 -0.6194212
vn -0.20918766 -0.97452 -0.08093894
vn -0.6249786 -0.6589443 0.418562
vn -0.21265803 -0.9640662 -0.15922631
vn -0.6816952 -0.6768473 0.27779374
vn -0.66536236 0.15190883 0.73090136
vn -0.71779615 0.14862344 0.68020564
vn -0.6647978 -0.6644105 0.34147117
vn -0.75076485 0.1601623 0.64085895
vn -0.7286054 0.18203387 0.6603013
vn -0.6864572 0.16348876 0.7085534
vn 0.45286053 -0.71171534 -0.537009
vn 0.05229141 -0.36919197 -0.9278809
vn -0.13066676 -0.7547203 -0.64290243
vn -0.28747538 -0.29008764 -0.91280174
vn -0.4884922 -0.72190577 -0.49013007
vn -0.20270018 0.1368501 -0.9696312
vn 0.13491037 -0.021767896 -0.99061877
vn -0.52507436 -0.23011965 -0.81935453
vn -0.7657793 -0.6026666 -0.22444347
vn -0.42864692 0.18178228 -0.88499546
vn -0.035568867 0.32539153 -0.94491017
vn 0.44288453 0.043209527 -0.89553684
vn -0.75798607 -0.16185112 -0.6318714
vn -0.3226109 0.40411523 -0.8559282
vn 0.1496095 0.47173315 -0.8689562
vn 0.6710582 0.04829701 -0.7398299
vn 0.82716495 0.075883016 -0.5568124
vn -0.942592 -0.083309144 -0.3233883
vn -0.9098906 -0.402913 0.09879395
vn -0.66590226 0.22156426 -0.71237874
vn -0.87450546 0.2238866 -0.43024987
vn -0.6056345 0.44989505 -0.6563546
vn -0.8799579 0.35820523 -0.31203058
vn -0.89335245 0.42773163 -0.13772127
vn -0.22278933 0.6051842 -0.7642755
vn -0.15774047 0.77641946 -0.61015636
vn -0.5522581 0.6458716 -0.5271251
vn -0.8645038 0.500467 -0.04654102
vn -0.5038494 0.7898662 -0.34963876
vn -0.83824074 0.53821474 0.08762025
vn -0.82821274 0.5532309 0.08943863
vn -0.4486023 0.8645141 -0.22665246
vn -0.8310126 0.55371016 -0.05313274
vn 0.3013762 0.5974762 -0.7430981
vn 0.8587474 0.05050565 -0.509904
vn 0.38906077 0.7035553 -0.5946778
vn 0.8456324 0.040566318 -0.53222215
vn -0.08710586 0.9029197 -0.42089012
vn 0.3766814 0.6665677 -0.6432719
vn 0.83880764 0.043747004 -0.54266745
vn -0.44701883 0.8299434 -0.3337186
vn -0.8508762 0.51323354 -0.11225462
vn -0.14013232 0.85228974 -0.5039497
vn 0.35694 0.57196397 -0.73854655
vn 0.79939806 0.013411485 -0.60065216
vn -0.49271092 0.72245663 -0.4850694
vn -0.18137927 0.72794443 -0.6612099
vn -0.5042591 0.68997246 -0.5192886
vn -0.8913829 0.43347895 -0.13241081
vn 0.14249901 0.6395565 -0.75542134
vn -0.5269516 0.44933048 -0.72140425
vn -0.84786016 0.15162526 -0.5080777
vn -0.3303804 -0.30411446 -0.8935117
vn -0.19432081 0.5329052 -0.8235602
vn 0.25698876 0.4499367 -0.8552858
vn -0.16074157 0.11756488 -0.9799697
vn 0.69762695 0.11924454 -0.70646816
vn 0.83444124 -0.2596642 -0.48608866
vn 0.8466906 -0.33179626 -0.41596428
vn 0.847531 -0.35535234 -0.3942281
vn 0.062900946 0.37329412 -0.92557824
vn 0.30692807 -0.111115456 -0.94522405
vn 0.2133181 -0.58798134 -0.7802393
vn 0.77172846 0.18390794 -0.60877997
vn 0.91431046 -0.29626536 -0.276158
vn 0.38504893 0.4629533 -0.7983806
vn 0.24853355 0.31357422 -0.9164618
vn 0.53702646 -0.23936215 -0.8088933
vn 0.3774848 -0.64321065 -0.6661721
vn 0.39373752 -0.6194276 -0.67917603
vn 0.8896845 0.19163352 -0.414413
vn 0.9636582 -0.19555324 -0.18199407
vn 0.9492017 -0.08180389 -0.30384913
vn 0.68827516 0.4274318 -0.5861565
vn 0.42268884 0.49803087 -0.7571653
vn 0.858857 0.2246092 -0.4603427
vn 0.8488812 0.20011082 -0.4892407
vn 0.73705035 0.26983523 -0.6196335
vn 0.51107055 0.21705784 -0.8316807
vn 0.85383815 0.2823249 -0.43732476
vn 0.78811115 0.48580986 -0.3779808
vn 0.8118198 0.18535705 -0.55370694
vn 0.46022624 0.07783324 -0.88438326
vn 0.6281385 0.085243575 -0.7734182
vn 0.8045668 0.49436685 -0.32904983
vn 0.76137835 0.51873094 -0.38887158
vn 0.50371414 0.8537089 -0.13211033
vn 0.5452863 0.8175466 -0.18514964
vn 0.4676468 0.87697256 -0.110569514
vn 0.48327786 0.85578185 -0.18460758
vn 0.6777538 0.44242993 -0.5872865
vn 0.48651156 0.80353755 -0.342978
vn 0.61861104 0.30768088 -0.7229474
vn 0.519209 0.7635433 -0.3839578
vn 0.57916564 0.03501197 -0.8144576
vn 0.6827986 0.23559979 -0.691577
vn 0.5476489 0.7301074 -0.40868545
vn 0.5574638 0.02732348 -0.82975143
vn 0.62100506 -0.022297354 -0.78348935
vn 0.6284693 0.21087283 -0.74870497
vn 0.53566027 0.714458 -0.4501308
vn 0.57864034 0.00031727404 -0.81558275
vn 0.5903603 -0.03688184 -0.8062967
vn 0.5873048 0.6416662 -0.49329254
vn 0.59878695 -0.097072095 -0.79500383
vn 0.60350066 0.5665767 -0.56105053
vn 0.24122177 -0.28366974 -0.928086
vn 0.45889327 0.04086179 -0.88755125
vn -0.13469577 0.40400633 -0.904785
vn 0.25392663 -0.70766985 -0.6593365
vn 0.31750906 0.42382044 -0.84827137
vn 0.56158066 -0.1553057 -0.81271595
vn 0.26921338 -0.70054644 -0.6608774
vn 0.6008592 0.48296073 -0.6369593
vn 0.4495661 -0.011957923 -0.8931671
vn 0.5046402 -0.15689033 -0.84895444
vn 0.59892386 -0.18810004 -0.7784012
vn 0.25152665 -0.68293643 -0.6858077
vn 0.67439824 0.45300895 -0.58306926
vn 0.32497138 -0.6923447 -0.6442456
vn 0.715108 0.4376831 -0.5450266
vn 0.34605584 -0.7415624 -0.574744
vn 0.6977047 -0.2158212 -0.6831028
vn 0.6836318 0.46909904 -0.5591008
vn 0.3004017 -0.76207995 -0.573579
vn 0.6555485 -0.16949067 -0.7358866
vn 0.5676843 -0.11480633 -0.8152019
vn 0.62995446 0.5386875 -0.55943996
vn 0.6654391 -0.14145795 -0.73292595
vn 0.23995559 -0.7474882 -0.6194212
vn 0.66192514 0.5452731 -0.51432693
vn 0.28251702 -0.76217175 -0.58247596
vn 0.32335487 -0.75434816 -0.57131463
vn 0.70403683 0.4882359 -0.5157111
vn 0.7046773 -0.1575469 -0.6918156
vn 0.17313571 -0.7351048 -0.65547305
vn 0.55279154 -0.12849417 -0.8233534
vn 0.5999169 0.5612456 -0.5701782
vn 0.058904994 -0.70376945 -0.70798224
vn 0.4369549 -0.11039541 -0.89268315
vn 0.4903106 0.62212765 -0.610371
vn 0.20850064 -0.054090835 -0.9765253
vn 0.27686435 0.69104576 -0.667684
vn -0.12067977 -0.64780825 -0.7521841
vn -0.022660064 0.63683146 -0.77067
vn -0.32736617 -0.5153175 -0.79200965
vn -0.24602157 0.43869144 -0.86430496
vn -0.39811054 -0.21488048 -0.8918152
vn -0.36364263 0.13764444 -0.9213133
vn -0.7738781 0.39229497 -0.4972096
vn -0.82011926 -0.015339719 -0.57198703
vn -0.32913268 0.01581607 -0.9441512
vn -0.31014106 0.27191162 -0.91097564
vn -0.54822636 0.7379656 -0.39351586
vn -0.17470439 0.51650554 -0.83827233
vn -0.33444136 0.931809 -0.1409995
vn -0.005247632 0.6789436 -0.73417175
vn -0.6878032 0.68605125 0.23719291
vn -0.21669891 0.97620785 0.007724999
vn 0.1442289 0.7173711 -0.6815986
vn -0.15240742 0.98401016 0.09217419
vn -0.50323504 0.7142692 0.4863886
vn -0.5653871 0.6450772 0.5140164
vn -0.6800391 0.26068613 0.6852661
vn -0.5215265 0.740057 0.4246479
vn -0.64644706 0.3482278 0.6788547
vn -0.6829697 -0.05792927 0.7281461
vn -0.69294894 -0.050787657 0.71919566
vn -0.90049386 0.3767213 0.21723719
vn -0.63624096 -0.40337747 0.6576352
vn -0.7738781 0.39229497 -0.4972096
vn -0.54822636 0.7379656 -0.39351586
vn -0.82011926 -0.015339719 -0.57198703
vn -0.9770025 -0.023794508 0.21189602
vn -0.90702313 -0.37478012 0.19196048
vn -0.7608976 -0.34269932 -0.5509919
vn -0.6403882 -0.41435724 0.64669245
vn -0.7193268 -0.6653539 0.19968246
vn -0.56978095 -0.6760444 -0.46724045
vn -0.5230999 -0.71958596 0.4566866
vn -0.48361647 -0.759105 0.43574595
vn -0.51901114 -0.7556947 0.39944082
vn -0.32619423 -0.92487013 -0.19548054
vn -0.56978095 -0.6760444 -0.46724045
vn -0.2149588 -0.97351086 -0.077905916
vn -0.16949126 -0.46390715 -0.8695187
vn -0.29467407 -0.22210085 -0.929429
vn -0.7608976 -0.34269932 -0.5509919
vn -0.32913268 0.01581607 -0.9441512
vn -0.82011926 -0.015339719 -0.57198703
vn 0.57263756 -0.35310784 -0.73986554
vn 0.5998501 -0.24920616 -0.76031315
vn 0.6116687 -0.32422504 -0.7216228
vn 0.5784445 -0.16290313 -0.79929
vn 0.5947839 0.23700844 -0.768153
vn 0.6161857 0.23660521 -0.751221
vn 0.33840445 0.77333623 -0.5361282
vn 0.35980934 0.8085458 -0.46560806
vn 0.36504066 0.8704086 -0.3303548
vn -0.08904386 0.99325514 -0.07426476
vn 0.018575735 0.99975115 0.012347203
vn 0.13139288 0.98804563 0.0806328
vn -0.06982044 0.98735124 0.14234734
vn 0.06735943 0.9674182 0.24405916
vn 0.008922626 0.98763996 0.15648533
vn 0.12673523 0.980121 0.15264635
vn 0.16560583 0.9856446 0.03285747
vn 0.16927963 0.98488927 0.0365712
vn 0.31991595 0.94271386 -0.094575584
vn 0.3369524 0.93493897 -0.11114045
vn 0.50981665 0.8268919 -0.23735398
vn 0.50898886 0.82752717 -0.236916
vn 0.7138138 0.6413036 -0.28142428
vn 0.71635854 0.6385343 -0.28125492
vn 0.8102734 0.51957023 -0.27111593
vn 0.8102734 0.51957023 -0.2711159
vn 0.43516365 -0.08220722 -0.8965906
vn 0.5449038 0.5037569 -0.6703049
vn 0.5059541 -0.17647074 -0.8443154
vn 0.5403652 0.51897955 -0.6623184
vn 0.086031154 -0.26662454 -0.9599531
vn 0.5107495 -0.21239443 -0.8330807
vn 0.5404532 0.51963717 -0.66173065
vn 0.17801414 -0.71207047 -0.67916614
vn 0.24140854 -0.72508657 -0.6449583
vn 0.38596627 0.06142821 -0.9204654
vn -0.24992734 0.26394552 -0.9315949
vn 0.15911165 0.5237529 -0.8368789
vn 0.5105453 -0.19351359 -0.83779234
vn 0.58417755 0.5480647 -0.5986331
vn 0.32822913 -0.6974429 -0.6370549
vn 0.6227061 -0.16939072 -0.7639004
vn 0.6147109 0.55462223 -0.56082505
vn 0.41309312 -0.71845424 -0.5596227
vn 0.6690141 -0.1590519 -0.7260321
vn 0.5952403 0.56135935 -0.5749475
vn 0.38133982 -0.72293997 -0.57614034
vn 0.6028055 -0.1366444 -0.7861004
vn 0.31037807 -0.71984637 -0.6208757
vn 0.541295 0.5922097 -0.59689814
vn 0.5169827 -0.08922049 -0.8513333
vn 0.64704144 -0.08846932 -0.7573047
vn 0.3320297 -0.6673453 -0.6666383
vn 0.5687443 0.6410379 -0.5153642
vn 0.33410504 -0.73038846 -0.5957403
vn 0.6239834 0.61168504 -0.4862985
vn 0.41488603 -0.672246 -0.6131516
vn 0.71381915 -0.06338791 -0.69745547
vn 0.5195453 0.0030326727 -0.8544375
vn 0.22433385 -0.69179714 -0.6863608
vn 0.43395296 0.7480717 -0.50206935
vn 0.06872601 -0.6402811 -0.76506007
vn 0.32572964 0.06584982 -0.943167
vn 0.25840038 0.80302 -0.5370178
vn 0.10771509 0.110983156 -0.9879677
vn 0.08922816 0.8196838 -0.565824
vn -0.097670436 -0.5079534 -0.85582924
vn -0.07603692 0.72446895 -0.68510073
vn -0.2261019 -0.3966396 -0.88969374
vn -0.2149948 0.46759138 -0.8574005
vn -0.28840622 -0.18305725 -0.93984675
vn -0.31152663 0.1439575 -0.93926954
vn 0.39961034 0.07204373 -0.9138498
vn 0.56737757 -0.017678298 -0.823268
vn 0.4864036 -0.18370935 -0.8542028
vn 0.4382978 -0.6084601 -0.6615674
vn 0.46864316 0.0566486 -0.8815693
vn 0.41175064 0.71422 -0.5659959
vn 0.3801141 0.019499468 -0.924734
vn 0.56155527 -0.06888777 -0.8245666
vn 0.53695166 -0.58478636 -0.60803604
vn 0.24991581 0.53626895 -0.80619955
vn 0.6624907 -0.00978787 -0.74900615
vn 0.54115164 -0.5921147 -0.5971224
vn -0.34487256 0.27464142 -0.8975717
vn 0.12937284 -0.27551135 -0.9525525
vn 0.44432047 0.69497037 -0.5653277
vn 0.32590267 -0.6511563 -0.6854071
vn 0.5898655 0.026956242 -0.80705154
vn 0.4422317 0.7393579 -0.5077215
vn 0.6775266 0.028724002 -0.73493713
vn 0.45694992 0.7149163 -0.52923673
vn 0.49735555 -0.5710191 -0.6531269
vn 0.4420263 0.7033219 -0.55673254
vn 0.5992773 0.005320409 -0.8005238
vn 0.35606644 -0.6981816 -0.6210952
vn 0.45844525 0.71017027 -0.5343091
vn 0.5441063 0.0005896316 -0.8390161
vn 0.35018903 -0.67608875 -0.64828354
vn 0.53678775 -0.03789539 -0.8428658
vn 0.3597432 -0.66778857 -0.65164644
vn 0.43148044 0.7534425 -0.4961341
vn 0.42250127 -0.6344514 -0.64727426
vn 0.62673604 -0.020025281 -0.7789743
vn 0.45628598 0.71050656 -0.5357083
vn 0.44748476 -0.6413369 -0.62325305
vn 0.6390514 -0.00987039 -0.76910067
vn 0.47031346 0.7324773 -0.49222168
vn 0.4570845 -0.63365674 -0.62414163
vn 0.6053091 0.017904533 -0.79578906
vn 0.45489252 0.7355318 -0.5020616
vn 0.60106844 0.017642407 -0.7990029
vn 0.41489774 -0.6654254 -0.62053925
vn 0.4485063 0.74616086 -0.49202242
vn 0.41430852 -0.629002 -0.6578032
vn 0.6350966 0.037719302 -0.7715112
vn 0.47628787 0.73445493 -0.48345193
vn 0.27214944 -0.62826556 -0.7288463
vn 0.47066864 0.08153087 -0.878535
vn 0.36659303 0.7681014 -0.5250047
vn 0.051593352 -0.52009577 -0.8525483
vn 0.22264645 0.10369733 -0.96936864
vn 0.2120235 0.75198 -0.62415695
vn -0.14814349 -0.4072897 -0.90120405
vn 0.025066242 0.69492286 -0.7186473
vn -0.25342727 -0.17514804 -0.95136625
vn -0.13759819 0.59099513 -0.79485315
vn -0.27824053 0.124069944 -0.9524647
vn -0.24398358 0.41627264 -0.8758933
vn 0.5960399 0.054790344 -0.8010832
vn 0.63219666 0.051942304 -0.7730649
vn 0.4517751 0.7421755 -0.4950504
vn 0.508037 -0.5780717 -0.6385387
vn 0.5488184 -0.5600319 -0.62061477
vn 0.49266705 0.7062259 -0.5084527
vn 0.7105574 0.047783762 -0.70201486
vn 0.50360036 -0.54960793 -0.6665717
vn 0.6293906 0.068494596 -0.7740646
vn 0.44151857 0.7260303 -0.52720135
vn 0.5855272 0.081287175 -0.806567
vn 0.5085532 -0.5357624 -0.67404175
vn 0.43690324 0.7559972 -0.48742574
vn 0.6763859 0.089081675 -0.7311406
vn 0.45105845 0.78175646 -0.43058458
vn 0.55744886 -0.5655356 -0.6077995
vn 0.4727752 0.74071413 -0.47731155
vn 0.71197104 0.08979237 -0.6964442
vn 0.5712865 -0.55670863 -0.60308146
vn 0.50649077 0.07728897 -0.8587744
vn 0.3238121 0.7532088 -0.5725577
vn 0.32451347 -0.63634455 -0.6998261
vn 0.21129617 0.06349447 -0.9753575
vn 0.1442289 0.7173711 -0.6815986
vn 0.06921063 -0.58365214 -0.8090489
vn -0.005247632 0.6789436 -0.73417175
vn -0.16949126 -0.46390715 -0.8695187
vn -0.17470439 0.51650554 -0.83827233
vn -0.29467407 -0.22210085 -0.929429
vn -0.31014106 0.27191162 -0.91097564
vn -0.32913268 0.01581607 -0.9441512
vn 0.13491037 -0.021767896 -0.99061877
vn 0.05229141 -0.36919197 -0.9278809
vn 0.60985315 -0.37564054 -0.69783473
vn 0.44288453 0.043209527 -0.89553684
vn 0.45286053 -0.71171534 -0.537009
vn 0.8444303 -0.493527 -0.20825127
vn 0.6710582 0.04829701 -0.7398299
vn 0.77290875 -0.6197938 -0.13589618
vn 0.348999 -0.9351347 -0.061015006
vn -0.13066676 -0.7547203 -0.64290243
vn 0.54016536 -0.7437132 0.3938428
vn 0.8371347 -0.53418636 -0.11768805
vn -0.17053632 -0.9669846 0.18936256
vn -0.4884922 -0.72190577 -0.49013007
vn -0.7657793 -0.6026666 -0.22444347
vn 0.8320517 -0.5485025 -0.08267289
vn 0.82716495 0.075883016 -0.5568124
vn 0.116054945 -0.7427864 0.65939325
vn -0.53396344 -0.7028063 0.4700494
vn -0.9098906 -0.402913 0.09879395
vn 0.5153161 -0.7893523 0.33372483
vn 0.77287066 -0.6345598 0.002197976
vn 0.8587474 0.05050565 -0.509904
vn 0.11350561 -0.8109628 0.5739824
vn -0.34218466 -0.5999853 0.723137
vn -0.8529233 -0.3112905 0.4190705
vn 0.09993282 -0.9047514 0.41405118
vn 0.7885622 -0.6138066 -0.037563898
vn 0.8456324 0.040566318 -0.53222215
vn -0.99823844 0.013006927 -0.057885874
vn -0.942592 -0.083309144 -0.3233883
vn -0.87450546 0.2238866 -0.43024987
vn -0.8799579 0.35820523 -0.31203058
vn -0.97822934 0.068475135 0.19590452
vn -0.31000537 -0.65856075 0.6857072
vn 0.070101954 -0.9339581 0.35043982
vn -0.7511076 -0.30530593 0.58534247
vn -0.71578133 -0.31901565 0.62119734
vn -0.9282465 0.06730544 0.36582583
vn -0.6906025 -0.35381308 0.6307809
vn -0.6872386 -0.49889055 0.5280258
vn -0.70230734 -0.5422385 0.4612394
vn 0.11912745 -0.84289736 0.52472144
vn -0.666052 -0.44672382 0.597338
vn 0.20168786 -0.76104426 0.61654985
vn -0.57402813 -0.40989462 0.70885694
vn 0.7935782 -0.607895 -0.026408134
vn 0.83880764 0.043747004 -0.54266745
vn 0.72211176 -0.686187 -0.087761015
vn 0.79939806 0.013411485 -0.60065216
vn 0.83444124 -0.2596642 -0.48608866
vn 0.13561669 -0.8343231 0.5343343
vn -0.633511 -0.4216645 0.64873934
vn -0.69650006 -0.5430011 0.46908137
vn 0.02319836 -0.9291096 0.36907625
vn 0.6683138 -0.7384207 -0.08995276
vn 0.8466906 -0.33179626 -0.41596428
vn -0.6689596 -0.6243541 0.40332982
vn -0.013098302 -0.93798625 0.34642482
vn -0.5005928 -0.6994973 0.51001024
vn -0.7245616 -0.60814387 0.32430166
vn 0.65563977 -0.7545065 -0.029262641
vn 0.028408054 -0.9172746 0.39724103
vn -0.5465392 -0.6974161 0.4635793
vn 0.6499152 -0.7567851 0.06990359
vn 0.044858795 -0.8645881 0.5004749
vn 0.04934155 -0.8691523 0.49207675
vn -0.39504653 -0.7640085 0.51012677
vn -0.4961636 -0.76839083 0.40422434
vn -0.45319575 -0.7557196 0.47275934
vn -0.36913836 -0.7762718 0.5110175
g S_wpn_misc_0043_02_lod0_0
f 3/3/3 2/2/2 1/1/1
f 2/2/2 4/4/4 1/1/1
f 5/5/5 1/1/1 4/4/4
f 2/2/2 6/6/6 4/4/4
f 7/7/7 5/5/5 4/4/4
f 5/5/5 7/7/7 8/8/8
f 6/6/6 9/9/9 4/4/4
f 7/7/7 4/4/4 9/9/9
f 6/6/6 10/10/10 9/9/9
f 7/7/7 11/11/11 8/8/8
f 8/8/8 11/11/11 12/12/12
f 13/13/13 7/7/7 9/9/9
f 11/11/11 7/7/7 13/13/13
f 10/10/10 14/14/14 9/9/9
f 13/13/13 9/9/9 14/14/14
f 10/10/10 15/15/15 14/14/14
f 11/11/11 16/16/16 12/12/12
f 17/17/17 12/12/12 16/16/16
f 18/18/18 11/11/11 13/13/13
f 16/16/16 11/11/11 18/18/18
f 19/19/19 17/17/17 16/16/16
f 20/20/20 16/16/16 18/18/18
f 19/19/19 16/16/16 20/20/20
f 19/19/19 21/21/21 17/17/17
f 21/21/21 22/22/22 17/17/17
f 21/21/21 23/23/23 22/22/22
f 23/23/23 24/24/24 22/22/22
f 24/24/24 23/23/23 25/25/25
f 23/23/23 26/26/26 25/25/25
f 23/23/23 27/27/27 26/26/26
f 27/27/27 23/23/23 21/21/21
f 27/27/27 28/28/28 26/26/26
f 29/29/29 21/21/21 19/19/19
f 29/29/29 27/27/27 21/21/21
f 27/27/27 30/30/30 28/28/28
f 30/30/30 27/27/27 29/29/29
f 30/30/30 31/31/31 28/28/28
f 32/32/32 19/19/19 20/20/20
f 32/32/32 29/29/29 19/19/19
f 30/30/30 33/33/33 31/31/31
f 33/33/33 34/34/34 31/31/31
f 35/35/35 30/30/30 29/29/29
f 35/35/35 29/29/29 32/32/32
f 33/33/33 30/30/30 35/35/35
f 32/32/32 20/20/20 36/36/36
f 36/36/36 20/20/20 18/18/18
f 33/33/33 37/37/37 34/34/34
f 37/37/37 38/38/38 34/34/34
f 39/39/39 35/35/35 32/32/32
f 39/39/39 32/32/32 36/36/36
f 40/40/40 33/33/33 35/35/35
f 37/37/37 33/33/33 40/40/40
f 37/37/37 41/41/41 38/38/38
f 41/41/41 42/42/42 38/38/38
f 42/42/42 41/41/41 43/43/43
f 41/41/41 44/44/44 43/43/43
f 39/39/39 45/45/45 35/35/35
f 45/45/45 40/40/40 35/35/35
f 46/46/46 37/37/37 40/40/40
f 37/37/37 46/46/46 41/41/41
f 41/41/41 47/47/47 44/44/44
f 46/46/46 47/47/47 41/41/41
f 47/47/47 48/48/48 44/44/44
f 48/48/48 47/47/47 49/49/49
f 47/47/47 50/50/50 49/49/49
f 51/51/51 46/46/46 40/40/40
f 47/47/47 46/46/46 51/51/51
f 50/50/50 47/47/47 51/51/51
f 45/45/45 51/51/51 40/40/40
f 51/51/51 52/52/52 50/50/50
f 52/52/52 51/51/51 45/45/45
f 52/52/52 53/53/53 50/50/50
f 54/54/54 45/45/45 39/39/39
f 54/54/54 52/52/52 45/45/45
f 36/36/36 54/54/54 39/39/39
f 55/55/55 53/53/53 52/52/52
f 55/55/55 56/56/56 53/53/53
f 57/57/57 52/52/52 54/54/54
f 57/57/57 55/55/55 52/52/52
f 54/54/54 36/36/36 58/58/58
f 54/54/54 58/58/58 57/57/57
f 56/56/56 55/55/55 59/59/59
f 60/60/60 56/56/56 59/59/59
f 55/55/55 57/57/57 61/61/61
f 58/58/58 61/61/61 57/57/57
f 36/36/36 62/62/62 58/58/58
f 62/62/62 36/36/36 18/18/18
f 62/62/62 18/18/18 13/13/13
f 63/63/63 62/62/62 13/13/13
f 62/62/62 63/63/63 58/58/58
f 63/63/63 13/13/13 14/14/14
f 63/63/63 64/64/64 58/58/58
f 64/64/64 63/63/63 14/14/14
f 58/58/58 64/64/64 61/61/61
f 65/65/65 55/55/55 61/61/61
f 55/55/55 65/65/65 59/59/59
f 65/65/65 61/61/61 66/66/66
f 64/64/64 66/66/66 61/61/61
f 67/67/67 64/64/64 14/14/14
f 15/15/15 67/67/67 14/14/14
f 68/68/68 65/65/65 66/66/66
f 59/59/59 65/65/65 68/68/68
f 69/69/69 66/66/66 64/64/64
f 66/66/66 69/69/69 68/68/68
f 67/67/67 69/69/69 64/64/64
f 70/70/70 59/59/59 68/68/68
f 15/15/15 71/71/71 67/67/67
f 71/71/71 69/69/69 67/67/67
f 72/72/72 71/71/71 15/15/15
f 71/71/71 72/72/72 73/73/73
f 59/59/59 70/70/70 74/74/74
f 70/70/70 75/75/75 74/74/74
f 74/74/74 60/60/60 59/59/59
f 75/75/75 76/76/76 74/74/74
f 60/60/60 74/74/74 77/77/77
f 76/76/76 78/78/78 74/74/74
f 74/74/74 78/78/78 77/77/77
f 69/69/69 71/71/71 79/79/79
f 79/79/79 71/71/71 73/73/73
f 80/80/80 69/69/69 79/79/79
f 81/81/81 79/79/79 73/73/73
f 79/79/79 81/81/81 80/80/80
f 82/82/82 81/81/81 73/73/73
f 81/81/81 83/83/83 80/80/80
f 86/86/86 85/85/85 84/84/84
f 87/87/87 86/86/86 84/84/84
f 84/84/84 88/88/88 87/87/87
f 88/88/88 89/89/89 87/87/87
f 89/89/89 88/88/88 90/90/90
f 91/91/91 89/89/89 90/90/90
f 91/91/91 90/90/90 92/92/92
f 93/93/93 91/91/91 92/92/92
f 93/93/93 92/92/92 94/94/94
f 92/92/92 95/95/95 94/94/94
f 94/94/94 95/95/95 96/96/96
f 97/97/97 94/94/94 96/96/96
f 96/96/96 98/98/98 97/97/97
f 98/98/98 99/99/99 97/97/97
f 98/98/98 100/100/100 99/99/99
f 100/100/100 101/101/101 99/99/99
f 100/100/100 102/102/102 101/101/101
f 102/102/102 103/103/103 101/101/101
f 103/103/103 104/104/104 101/101/101
f 107/107/107 106/106/106 105/105/105
f 105/105/105 106/106/106 108/108/108
f 109/109/109 105/105/105 108/108/108
f 110/110/110 108/108/108 106/106/106
f 111/111/111 109/109/109 108/108/108
f 110/110/110 112/112/112 108/108/108
f 113/113/113 112/112/112 110/110/110
f 114/114/114 111/111/111 108/108/108
f 115/115/115 111/111/111 114/114/114
f 116/116/116 115/115/115 114/114/114
f 117/117/117 112/112/112 113/113/113
f 118/118/118 117/117/117 113/113/113
f 112/112/112 117/117/117 119/119/119
f 120/120/120 112/112/112 119/119/119
f 108/108/108 112/112/112 120/120/120
f 108/108/108 120/120/120 114/114/114
f 120/120/120 121/121/121 114/114/114
f 114/114/114 121/121/121 122/122/122
f 116/116/116 114/114/114 122/122/122
f 116/116/116 122/122/122 123/123/123
f 124/124/124 116/116/116 123/123/123
f 124/124/124 123/123/123 125/125/125
f 126/126/126 124/124/124 125/125/125
f 125/125/125 123/123/123 127/127/127
f 123/123/123 128/128/128 127/127/127
f 126/126/126 125/125/125 129/129/129
f 130/130/130 126/126/126 129/129/129
f 131/131/131 129/129/129 125/125/125
f 127/127/127 131/131/131 125/125/125
f 132/132/132 127/127/127 128/128/128
f 133/133/133 132/132/132 128/128/128
f 131/131/131 134/134/134 129/129/129
f 134/134/134 135/135/135 129/129/129
f 136/136/136 134/134/134 131/131/131
f 137/137/137 131/131/131 127/127/127
f 137/137/137 136/136/136 131/131/131
f 132/132/132 137/137/137 127/127/127
f 136/136/136 137/137/137 138/138/138
f 137/137/137 139/139/139 138/138/138
f 137/137/137 132/132/132 139/139/139
f 132/132/132 133/133/133 140/140/140
f 133/133/133 141/141/141 140/140/140
f 132/132/132 140/140/140 142/142/142
f 132/132/132 142/142/142 139/139/139
f 143/143/143 142/142/142 140/140/140
f 139/139/139 142/142/142 144/144/144
f 142/142/142 145/145/145 144/144/144
f 142/142/142 143/143/143 145/145/145
f 139/139/139 146/146/146 138/138/138
f 146/146/146 147/147/147 138/138/138
f 148/148/148 145/145/145 143/143/143
f 149/149/149 148/148/148 143/143/143
f 150/150/150 148/148/148 149/149/149
f 148/148/148 150/150/150 151/151/151
f 147/147/147 146/146/146 152/152/152
f 146/146/146 153/153/153 152/152/152
f 153/153/153 154/154/154 152/152/152
f 154/154/154 155/155/155 152/152/152
f 154/154/154 156/156/156 155/155/155
f 150/150/150 157/157/157 151/151/151
f 151/151/151 157/157/157 158/158/158
f 159/159/159 158/158/158 157/157/157
f 160/160/160 159/159/159 157/157/157
f 156/156/156 161/161/161 155/155/155
f 156/156/156 162/162/162 161/161/161
f 162/162/162 163/163/163 161/161/161
f 164/164/164 161/161/161 163/163/163
f 165/165/165 163/163/163 162/162/162
f 163/163/163 166/166/166 164/164/164
f 166/166/166 167/167/167 164/164/164
f 168/168/168 163/163/163 165/165/165
f 163/163/163 168/168/168 166/166/166
f 169/169/169 168/168/168 165/165/165
f 168/168/168 170/170/170 166/166/166
f 169/169/169 171/171/171 168/168/168
f 168/168/168 172/172/172 170/170/170
f 171/171/171 172/172/172 168/168/168
f 172/172/172 173/173/173 170/170/170
f 171/171/171 174/174/174 172/172/172
f 173/173/173 172/172/172 175/175/175
f 174/174/174 175/175/175 172/172/172
f 176/176/176 173/173/173 175/175/175
f 175/175/175 177/177/177 176/176/176
f 177/177/177 175/175/175 178/178/178
f 179/179/179 175/175/175 174/174/174
f 175/175/175 179/179/179 178/178/178
f 180/180/180 179/179/179 174/174/174
f 180/180/180 174/174/174 181/181/181
f 179/179/179 182/182/182 178/178/178
f 179/179/179 180/180/180 182/182/182
f 178/178/178 182/182/182 183/183/183
f 182/182/182 184/184/184 183/183/183
f 185/185/185 180/180/180 181/181/181
f 181/181/181 186/186/186 185/185/185
f 184/184/184 182/182/182 187/187/187
f 184/184/184 187/187/187 188/188/188
f 187/187/187 189/189/189 188/188/188
f 190/190/190 187/187/187 182/182/182
f 180/180/180 190/190/190 182/182/182
f 190/190/190 180/180/180 185/185/185
f 191/191/191 190/190/190 185/185/185
f 192/192/192 191/191/191 185/185/185
f 192/192/192 185/185/185 186/186/186
f 193/193/193 188/188/188 189/189/189
f 194/194/194 192/192/192 186/186/186
f 195/195/195 194/194/194 186/186/186
f 194/194/194 195/195/195 196/196/196
f 197/197/197 194/194/194 196/196/196
f 198/198/198 197/197/197 196/196/196
f 199/199/199 193/193/193 189/189/189
f 193/193/193 199/199/199 200/200/200
f 199/199/199 201/201/201 200/200/200
f 202/202/202 193/193/193 200/200/200
f 202/202/202 203/203/203 193/193/193
f 201/201/201 204/204/204 200/200/200
f 201/201/201 205/205/205 204/204/204
f 205/205/205 206/206/206 204/204/204
f 209/209/209 208/208/208 207/207/207
f 208/208/208 210/210/210 207/207/207
f 211/211/211 210/210/210 208/208/208
f 210/210/210 211/211/211 212/212/212
f 213/213/213 207/207/207 210/210/210
f 210/210/210 212/212/212 214/214/214
f 210/210/210 215/215/215 213/213/213
f 216/216/216 213/213/213 215/215/215
f 217/217/217 210/210/210 214/214/214
f 217/217/217 214/214/214 218/218/218
f 210/210/210 217/217/217 219/219/219
f 215/215/215 210/210/210 219/219/219
f 220/220/220 217/217/217 218/218/218
f 217/217/217 220/220/220 219/219/219
f 218/218/218 221/221/221 220/220/220
f 221/221/221 222/222/222 220/220/220
f 222/222/222 221/221/221 223/223/223
f 220/220/220 222/222/222 224/224/224
f 219/219/219 220/220/220 224/224/224
f 225/225/225 222/222/222 223/223/223
f 224/224/224 222/222/222 225/225/225
f 223/223/223 226/226/226 225/225/225
f 227/227/227 216/216/216 215/215/215
f 219/219/219 228/228/228 215/215/215
f 228/228/228 227/227/227 215/215/215
f 229/229/229 216/216/216 227/227/227
f 230/230/230 216/216/216 229/229/229
f 230/230/230 229/229/229 231/231/231
f 232/232/232 230/230/230 231/231/231
f 231/231/231 229/229/229 233/233/233
f 234/234/234 229/229/229 227/227/227
f 229/229/229 234/234/234 233/233/233
f 234/234/234 227/227/227 228/228/228
f 233/233/233 234/234/234 235/235/235
f 235/235/235 234/234/234 228/228/228
f 236/236/236 233/233/233 235/235/235
f 237/237/237 228/228/228 219/219/219
f 235/235/235 228/228/228 237/237/237
f 224/224/224 237/237/237 219/219/219
f 236/236/236 235/235/235 238/238/238
f 238/238/238 235/235/235 237/237/237
f 239/239/239 236/236/236 238/238/238
f 239/239/239 238/238/238 240/240/240
f 238/238/238 237/237/237 241/241/241
f 238/238/238 241/241/241 240/240/240
f 242/242/242 237/237/237 224/224/224
f 237/237/237 242/242/242 241/241/241
f 240/240/240 241/241/241 243/243/243
f 244/244/244 240/240/240 243/243/243
f 244/244/244 243/243/243 245/245/245
f 246/246/246 242/242/242 224/224/224
f 246/246/246 224/224/224 225/225/225
f 242/242/242 247/247/247 241/241/241
f 247/247/247 243/243/243 241/241/241
f 247/247/247 242/242/242 246/246/246
f 243/243/243 248/248/248 245/245/245
f 243/243/243 247/247/247 248/248/248
f 245/245/245 248/248/248 249/249/249
f 250/250/250 245/245/245 249/249/249
f 249/249/249 248/248/248 251/251/251
f 247/247/247 251/251/251 248/248/248
f 252/252/252 249/249/249 251/251/251
f 252/252/252 251/251/251 253/253/253
f 251/251/251 247/247/247 254/254/254
f 254/254/254 247/247/247 246/246/246
f 251/251/251 255/255/255 253/253/253
f 255/255/255 251/251/251 254/254/254
f 253/253/253 255/255/255 256/256/256
f 254/254/254 246/246/246 257/257/257
f 254/254/254 258/258/258 255/255/255
f 257/257/257 258/258/258 254/254/254
f 255/255/255 259/259/259 256/256/256
f 259/259/259 255/255/255 258/258/258
f 259/259/259 260/260/260 256/256/256
f 256/256/256 260/260/260 261/261/261
f 262/262/262 260/260/260 259/259/259
f 263/263/263 262/262/262 259/259/259
f 258/258/258 263/263/263 259/259/259
f 264/264/264 263/263/263 258/258/258
f 257/257/257 264/264/264 258/258/258
f 226/226/226 264/264/264 257/257/257
f 246/246/246 265/265/265 257/257/257
f 265/265/265 226/226/226 257/257/257
f 225/225/225 265/265/265 246/246/246
f 226/226/226 265/265/265 225/225/225
f 268/268/268 267/267/267 266/266/266
f 267/267/267 269/269/269 266/266/266
f 270/270/270 266/266/266 269/269/269
f 266/266/266 270/270/270 271/271/271
f 272/272/272 270/270/270 269/269/269
f 270/270/270 272/272/272 273/273/273
f 274/274/274 272/272/272 269/269/269
f 270/270/270 275/275/275 271/271/271
f 275/275/275 270/270/270 273/273/273
f 271/271/271 275/275/275 276/276/276
f 275/275/275 277/277/277 276/276/276
f 275/275/275 273/273/273 277/277/277
f 276/276/276 277/277/277 278/278/278
f 279/279/279 272/272/272 274/274/274
f 272/272/272 279/279/279 280/280/280
f 281/281/281 279/279/279 274/274/274
f 282/282/282 279/279/279 281/281/281
f 282/282/282 280/280/280 279/279/279
f 283/283/283 282/282/282 281/281/281
f 282/282/282 283/283/283 284/284/284
f 283/283/283 285/285/285 284/284/284
f 285/285/285 286/286/286 284/284/284
f 272/272/272 287/287/287 273/273/273
f 287/287/287 272/272/272 280/280/280
f 282/282/282 288/288/288 280/280/280
f 284/284/284 288/288/288 282/282/282
f 286/286/286 289/289/289 284/284/284
f 289/289/289 286/286/286 290/290/290
f 289/289/289 291/291/291 284/284/284
f 291/291/291 288/288/288 284/284/284
f 292/292/292 289/289/289 290/290/290
f 292/292/292 291/291/291 289/289/289
f 290/290/290 293/293/293 292/292/292
f 292/292/292 293/293/293 294/294/294
f 293/293/293 295/295/295 294/294/294
f 280/280/280 288/288/288 296/296/296
f 288/288/288 291/291/291 297/297/297
f 296/296/296 288/288/288 297/297/297
f 298/298/298 291/291/291 292/292/292
f 294/294/294 299/299/299 292/292/292
f 299/299/299 298/298/298 292/292/292
f 291/291/291 298/298/298 300/300/300
f 297/297/297 291/291/291 300/300/300
f 298/298/298 299/299/299 301/301/301
f 300/300/300 298/298/298 301/301/301
f 302/302/302 299/299/299 294/294/294
f 301/301/301 299/299/299 302/302/302
f 294/294/294 295/295/295 303/303/303
f 303/303/303 302/302/302 294/294/294
f 304/304/304 303/303/303 295/295/295
f 305/305/305 304/304/304 295/295/295
f 306/306/306 303/303/303 304/304/304
f 302/302/302 303/303/303 306/306/306
f 302/302/302 306/306/306 307/307/307
f 307/307/307 301/301/301 302/302/302
f 306/306/306 308/308/308 307/307/307
f 300/300/300 301/301/301 309/309/309
f 301/301/301 307/307/307 309/309/309
f 310/310/310 307/307/307 308/308/308
f 307/307/307 310/310/310 309/309/309
f 309/309/309 310/310/310 311/311/311
f 312/312/312 310/310/310 308/308/308
f 312/312/312 313/313/313 310/310/310
f 314/314/314 300/300/300 309/309/309
f 309/309/309 311/311/311 314/314/314
f 297/297/297 300/300/300 314/314/314
f 313/313/313 315/315/315 310/310/310
f 311/311/311 310/310/310 315/315/315
f 315/315/315 313/313/313 316/316/316
f 315/315/315 316/316/316 311/311/311
f 313/313/313 317/317/317 316/316/316
f 318/318/318 316/316/316 317/317/317
f 319/319/319 318/318/318 317/317/317
f 316/316/316 320/320/320 311/311/311
f 316/316/316 318/318/318 320/320/320
f 321/321/321 318/318/318 319/319/319
f 322/322/322 321/321/321 319/319/319
f 321/321/321 322/322/322 323/323/323
f 318/318/318 324/324/324 320/320/320
f 318/318/318 321/321/321 324/324/324
f 325/325/325 311/311/311 320/320/320
f 320/320/320 324/324/324 326/326/326
f 326/326/326 325/325/325 320/320/320
f 311/311/311 325/325/325 327/327/327
f 311/311/311 327/327/327 314/314/314
f 325/325/325 326/326/326 328/328/328
f 325/325/325 328/328/328 327/327/327
f 329/329/329 321/321/321 323/323/323
f 321/321/321 330/330/330 324/324/324
f 321/321/321 329/329/329 330/330/330
f 324/324/324 331/331/331 326/326/326
f 324/324/324 330/330/330 331/331/331
f 326/326/326 332/332/332 328/328/328
f 331/331/331 332/332/332 326/326/326
f 328/328/328 333/333/333 327/327/327
f 333/333/333 328/328/328 332/332/332
f 327/327/327 334/334/334 314/314/314
f 333/333/333 334/334/334 327/327/327
f 335/335/335 334/334/334 333/333/333
f 336/336/336 333/333/333 332/332/332
f 332/332/332 331/331/331 336/336/336
f 336/336/336 335/335/335 333/333/333
f 337/337/337 329/329/329 323/323/323
f 338/338/338 337/337/337 323/323/323
f 337/337/337 338/338/338 339/339/339
f 331/331/331 340/340/340 336/336/336
f 336/336/336 340/340/340 335/335/335
f 314/314/314 334/334/334 341/341/341
f 341/341/341 297/297/297 314/314/314
f 341/341/341 342/342/342 297/297/297
f 342/342/342 296/296/296 297/297/297
f 342/342/342 343/343/343 296/296/296
f 334/334/334 344/344/344 341/341/341
f 342/342/342 341/341/341 344/344/344
f 345/345/345 337/337/337 339/339/339
f 345/345/345 339/339/339 346/346/346
f 331/331/331 347/347/347 340/340/340
f 330/330/330 347/347/347 331/331/331
f 343/343/343 348/348/348 296/296/296
f 348/348/348 280/280/280 296/296/296
f 280/280/280 348/348/348 349/349/349
f 287/287/287 280/280/280 349/349/349
f 350/350/350 345/345/345 346/346/346
f 346/346/346 351/351/351 350/350/350
f 330/330/330 352/352/352 347/347/347
f 329/329/329 352/352/352 330/330/330
f 329/329/329 337/337/337 352/352/352
f 337/337/337 345/345/345 353/353/353
f 337/337/337 353/353/353 352/352/352
f 352/352/352 354/354/354 347/347/347
f 352/352/352 353/353/353 354/354/354
f 349/349/349 348/348/348 355/355/355
f 349/349/349 355/355/355 356/356/356
f 348/348/348 343/343/343 355/355/355
f 345/345/345 350/350/350 357/357/357
f 345/345/345 357/357/357 353/353/353
f 347/347/347 354/354/354 358/358/358
f 347/347/347 358/358/358 340/340/340
f 359/359/359 340/340/340 358/358/358
f 340/340/340 359/359/359 360/360/360
f 335/335/335 340/340/340 360/360/360
f 353/353/353 361/361/361 354/354/354
f 354/354/354 362/362/362 358/358/358
f 354/354/354 361/361/361 362/362/362
f 361/361/361 353/353/353 363/363/363
f 363/363/363 353/353/353 357/357/357
f 364/364/364 359/359/359 358/358/358
f 364/364/364 358/358/358 362/362/362
f 361/361/361 365/365/365 362/362/362
f 361/361/361 363/363/363 365/365/365
f 366/366/366 364/364/364 362/362/362
f 366/366/366 362/362/362 365/365/365
f 364/364/364 367/367/367 359/359/359
f 367/367/367 368/368/368 359/359/359
f 369/369/369 367/367/367 364/364/364
f 366/366/366 369/369/369 364/364/364
f 368/368/368 370/370/370 359/359/359
f 366/366/366 371/371/371 369/369/369
f 371/371/371 366/366/366 365/365/365
f 371/371/371 372/372/372 369/369/369
f 370/370/370 373/373/373 359/359/359
f 373/373/373 360/360/360 359/359/359
f 374/374/374 373/373/373 370/370/370
f 372/372/372 371/371/371 375/375/375
f 371/371/371 365/365/365 375/375/375
f 376/376/376 372/372/372 375/375/375
f 376/376/376 375/375/375 377/377/377
f 365/365/365 378/378/378 375/375/375
f 363/363/363 378/378/378 365/365/365
f 377/377/377 375/375/375 379/379/379
f 379/379/379 375/375/375 378/378/378
f 380/380/380 377/377/377 379/379/379
f 381/381/381 360/360/360 373/373/373
f 360/360/360 381/381/381 335/335/335
f 382/382/382 373/373/373 374/374/374
f 383/383/383 382/382/382 374/374/374
f 383/383/383 384/384/384 382/382/382
f 382/382/382 385/385/385 373/373/373
f 385/385/385 381/381/381 373/373/373
f 384/384/384 386/386/386 382/382/382
f 382/382/382 386/386/386 385/385/385
f 386/386/386 384/384/384 387/387/387
f 384/384/384 388/388/388 387/387/387
f 388/388/388 389/389/389 387/387/387
f 386/386/386 390/390/390 385/385/385
f 386/386/386 387/387/387 390/390/390
f 389/389/389 391/391/391 387/387/387
f 389/389/389 392/392/392 391/391/391
f 387/387/387 393/393/393 390/390/390
f 387/387/387 391/391/391 393/393/393
f 392/392/392 394/394/394 391/391/391
f 394/394/394 392/392/392 395/395/395
f 391/391/391 396/396/396 393/393/393
f 396/396/396 391/391/391 394/394/394
f 397/397/397 394/394/394 395/395/395
f 397/397/397 395/395/395 398/398/398
f 399/399/399 396/396/396 394/394/394
f 399/399/399 394/394/394 397/397/397
f 400/400/400 397/397/397 398/398/398
f 400/400/400 398/398/398 401/401/401
f 402/402/402 399/399/399 397/397/397
f 402/402/402 397/397/397 400/400/400
f 403/403/403 390/390/390 393/393/393
f 403/403/403 404/404/404 390/390/390
f 404/404/404 385/385/385 390/390/390
f 404/404/404 405/405/405 385/385/385
f 405/405/405 381/381/381 385/385/385
f 406/406/406 381/381/381 405/405/405
f 406/406/406 335/335/335 381/381/381
f 335/335/335 406/406/406 407/407/407
f 334/334/334 335/335/335 407/407/407
f 334/334/334 407/407/407 344/344/344
f 407/407/407 406/406/406 408/408/408
f 407/407/407 408/408/408 344/344/344
f 406/406/406 409/409/409 408/408/408
f 409/409/409 406/406/406 405/405/405
f 408/408/408 410/410/410 344/344/344
f 408/408/408 409/409/409 410/410/410
f 411/411/411 409/409/409 405/405/405
f 409/409/409 411/411/411 410/410/410
f 411/411/411 412/412/412 410/410/410
f 344/344/344 410/410/410 413/413/413
f 412/412/412 413/413/413 410/410/410
f 413/413/413 342/342/342 344/344/344
f 405/405/405 414/414/414 411/411/411
f 411/411/411 414/414/414 412/412/412
f 414/414/414 405/405/405 404/404/404
f 415/415/415 342/342/342 413/413/413
f 415/415/415 343/343/343 342/342/342
f 416/416/416 413/413/413 412/412/412
f 415/415/415 413/413/413 416/416/416
f 417/417/417 414/414/414 404/404/404
f 418/418/418 414/414/414 417/417/417
f 417/417/417 404/404/404 403/403/403
f 419/419/419 412/412/412 414/414/414
f 418/418/418 419/419/419 414/414/414
f 420/420/420 417/417/417 403/403/403
f 421/421/421 418/418/418 417/417/417
f 421/421/421 417/417/417 420/420/420
f 420/420/420 403/403/403 422/422/422
f 422/422/422 403/403/403 393/393/393
f 422/422/422 393/393/393 423/423/423
f 423/423/423 393/393/393 396/396/396
f 424/424/424 420/420/420 422/422/422
f 423/423/423 424/424/424 422/422/422
f 425/425/425 421/421/421 420/420/420
f 425/425/425 420/420/420 424/424/424
f 419/419/419 426/426/426 412/412/412
f 418/418/418 427/427/427 419/419/419
f 419/419/419 427/427/427 426/426/426
f 428/428/428 412/412/412 426/426/426
f 429/429/429 428/428/428 426/426/426
f 428/428/428 416/416/416 412/412/412
f 416/416/416 428/428/428 430/430/430
f 428/428/428 429/429/429 430/430/430
f 431/431/431 416/416/416 430/430/430
f 431/431/431 415/415/415 416/416/416
f 432/432/432 431/431/431 430/430/430
f 431/431/431 432/432/432 415/415/415
f 433/433/433 430/430/430 429/429/429
f 433/433/433 432/432/432 430/430/430
f 433/433/433 434/434/434 432/432/432
f 432/432/432 435/435/435 415/415/415
f 434/434/434 435/435/435 432/432/432
f 435/435/435 343/343/343 415/415/415
f 433/433/433 429/429/429 436/436/436
f 434/434/434 433/433/433 436/436/436
f 435/435/435 437/437/437 343/343/343
f 435/435/435 434/434/434 438/438/438
f 438/438/438 437/437/437 435/435/435
f 437/437/437 439/439/439 343/343/343
f 439/439/439 355/355/355 343/343/343
f 440/440/440 437/437/437 438/438/438
f 437/437/437 441/441/441 439/439/439
f 440/440/440 441/441/441 437/437/437
f 440/440/440 438/438/438 442/442/442
f 441/441/441 440/440/440 443/443/443
f 440/440/440 442/442/442 443/443/443
f 438/438/438 444/444/444 442/442/442
f 434/434/434 444/444/444 438/438/438
f 444/444/444 445/445/445 442/442/442
f 443/443/443 442/442/442 445/445/445
f 441/441/441 443/443/443 446/446/446
f 439/439/439 441/441/441 446/446/446
f 444/444/444 434/434/434 447/447/447
f 445/445/445 444/444/444 447/447/447
f 446/446/446 443/443/443 448/448/448
f 445/445/445 448/448/448 443/443/443
f 449/449/449 447/447/447 434/434/434
f 434/434/434 436/436/436 449/449/449
f 439/439/439 450/450/450 355/355/355
f 439/439/439 446/446/446 451/451/451
f 450/450/450 439/439/439 451/451/451
f 446/446/446 448/448/448 452/452/452
f 451/451/451 446/446/446 452/452/452
f 450/450/450 453/453/453 355/355/355
f 355/355/355 453/453/453 356/356/356
f 450/450/450 451/451/451 454/454/454
f 451/451/451 455/455/455 454/454/454
f 451/451/451 452/452/452 455/455/455
f 454/454/454 456/456/456 450/450/450
f 456/456/456 453/453/453 450/450/450
f 452/452/452 457/457/457 455/455/455
f 453/453/453 456/456/456 458/458/458
f 453/453/453 458/458/458 356/356/356
f 458/458/458 459/459/459 356/356/356
f 456/456/456 460/460/460 458/458/458
f 458/458/458 460/460/460 459/459/459
f 460/460/460 461/461/461 459/459/459
f 457/457/457 452/452/452 462/462/462
f 463/463/463 457/457/457 462/462/462
f 462/462/462 452/452/452 448/448/448
f 459/459/459 461/461/461 464/464/464
f 461/461/461 465/465/465 464/464/464
f 464/464/464 465/465/465 466/466/466
f 462/462/462 467/467/467 463/463/463
f 467/467/467 468/468/468 463/463/463
f 469/469/469 462/462/462 448/448/448
f 469/469/469 448/448/448 445/445/445
f 469/469/469 470/470/470 462/462/462
f 470/470/470 467/467/467 462/462/462
f 471/471/471 469/469/469 445/445/445
f 469/469/469 471/471/471 470/470/470
f 471/471/471 445/445/445 447/447/447
f 468/468/468 467/467/467 472/472/472
f 473/473/473 468/468/468 472/472/472
f 474/474/474 473/473/473 472/472/472
f 475/475/475 464/464/464 466/466/466
f 475/475/475 466/466/466 476/476/476
f 467/467/467 470/470/470 477/477/477
f 472/472/472 467/467/467 477/477/477
f 478/478/478 474/474/474 472/472/472
f 479/479/479 474/474/474 478/478/478
f 480/480/480 475/475/475 476/476/476
f 480/480/480 476/476/476 481/481/481
f 472/472/472 477/477/477 482/482/482
f 478/478/478 472/472/472 482/482/482
f 483/483/483 479/479/479 478/478/478
f 484/484/484 479/479/479 483/483/483
f 485/485/485 480/480/480 481/481/481
f 481/481/481 486/486/486 485/485/485
f 478/478/478 482/482/482 487/487/487
f 483/483/483 478/478/478 487/487/487
f 488/488/488 484/484/484 483/483/483
f 484/484/484 488/488/488 489/489/489
f 486/486/486 490/490/490 485/485/485
f 491/491/491 490/490/490 486/486/486
f 490/490/490 491/491/491 492/492/492
f 483/483/483 487/487/487 493/493/493
f 488/488/488 483/483/483 493/493/493
f 488/488/488 493/493/493 494/494/494
f 488/488/488 495/495/495 489/489/489
f 495/495/495 488/488/488 494/494/494
f 489/489/489 495/495/495 496/496/496
f 495/495/495 497/497/497 496/496/496
f 495/495/495 494/494/494 497/497/497
f 498/498/498 496/496/496 497/497/497
f 499/499/499 498/498/498 497/497/497
f 500/500/500 498/498/498 499/499/499
f 494/494/494 501/501/501 497/497/497
f 497/497/497 501/501/501 499/499/499
f 502/502/502 500/500/500 499/499/499
f 503/503/503 500/500/500 502/502/502
f 501/501/501 504/504/504 499/499/499
f 502/502/502 499/499/499 504/504/504
f 493/493/493 487/487/487 505/505/505
f 493/493/493 506/506/506 494/494/494
f 506/506/506 493/493/493 505/505/505
f 487/487/487 507/507/507 505/505/505
f 482/482/482 507/507/507 487/487/487
f 506/506/506 505/505/505 508/508/508
f 505/505/505 507/507/507 508/508/508
f 506/506/506 509/509/509 494/494/494
f 501/501/501 494/494/494 510/510/510
f 510/510/510 494/494/494 509/509/509
f 506/506/506 511/511/511 509/509/509
f 511/511/511 506/506/506 508/508/508
f 511/511/511 512/512/512 509/509/509
f 510/510/510 509/509/509 512/512/512
f 513/513/513 511/511/511 508/508/508
f 511/511/511 513/513/513 512/512/512
f 514/514/514 507/507/507 482/482/482
f 507/507/507 515/515/515 508/508/508
f 514/514/514 515/515/515 507/507/507
f 482/482/482 516/516/516 514/514/514
f 514/514/514 516/516/516 515/515/515
f 477/477/477 516/516/516 482/482/482
f 517/517/517 516/516/516 477/477/477
f 477/477/477 470/470/470 517/517/517
f 518/518/518 513/513/513 508/508/508
f 518/518/518 508/508/508 515/515/515
f 516/516/516 519/519/519 515/515/515
f 517/517/517 519/519/519 516/516/516
f 470/470/470 520/520/520 517/517/517
f 471/471/471 520/520/520 470/470/470
f 520/520/520 521/521/521 517/517/517
f 521/521/521 519/519/519 517/517/517
f 471/471/471 522/522/522 520/520/520
f 522/522/522 521/521/521 520/520/520
f 522/522/522 471/471/471 447/447/447
f 522/522/522 447/447/447 523/523/523
f 523/523/523 447/447/447 449/449/449
f 522/522/522 524/524/524 521/521/521
f 524/524/524 522/522/522 523/523/523
f 525/525/525 518/518/518 515/515/515
f 525/525/525 515/515/515 519/519/519
f 521/521/521 526/526/526 519/519/519
f 524/524/524 526/526/526 521/521/521
f 527/527/527 525/525/525 519/519/519
f 526/526/526 527/527/527 519/519/519
f 528/528/528 523/523/523 449/449/449
f 436/436/436 528/528/528 449/449/449
f 525/525/525 529/529/529 518/518/518
f 529/529/529 525/525/525 527/527/527
f 529/529/529 530/530/530 518/518/518
f 531/531/531 529/529/529 527/527/527
f 518/518/518 530/530/530 532/532/532
f 533/533/533 531/531/531 527/527/527
f 526/526/526 533/533/533 527/527/527
f 534/534/534 533/533/533 526/526/526
f 524/524/524 534/534/534 526/526/526
f 534/534/534 524/524/524 535/535/535
f 524/524/524 523/523/523 535/535/535
f 536/536/536 535/535/535 523/523/523
f 528/528/528 536/536/536 523/523/523
f 513/513/513 518/518/518 532/532/532
f 537/537/537 536/536/536 528/528/528
f 513/513/513 532/532/532 538/538/538
f 537/537/537 528/528/528 539/539/539
f 540/540/540 513/513/513 538/538/538
f 538/538/538 541/541/541 540/540/540
f 513/513/513 540/540/540 512/512/512
f 528/528/528 542/542/542 539/539/539
f 543/543/543 539/539/539 542/542/542
f 528/528/528 436/436/436 542/542/542
f 541/541/541 544/544/544 540/540/540
f 541/541/541 545/545/545 544/544/544
f 546/546/546 512/512/512 540/540/540
f 544/544/544 546/546/546 540/540/540
f 546/546/546 510/510/510 512/512/512
f 547/547/547 543/543/543 542/542/542
f 543/543/543 547/547/547 548/548/548
f 436/436/436 549/549/549 542/542/542
f 547/547/547 542/542/542 549/549/549
f 436/436/436 429/429/429 549/549/549
f 545/545/545 550/550/550 544/544/544
f 550/550/550 545/545/545 551/551/551
f 552/552/552 510/510/510 546/546/546
f 552/552/552 501/501/501 510/510/510
f 553/553/553 501/501/501 552/552/552
f 552/552/552 546/546/546 553/553/553
f 504/504/504 501/501/501 553/553/553
f 546/546/546 544/544/544 554/554/554
f 553/553/553 546/546/546 554/554/554
f 544/544/544 550/550/550 554/554/554
f 555/555/555 504/504/504 553/553/553
f 555/555/555 553/553/553 554/554/554
f 429/429/429 556/556/556 549/549/549
f 557/557/557 549/549/549 556/556/556
f 557/557/557 547/547/547 549/549/549
f 557/557/557 558/558/558 547/547/547
f 556/556/556 429/429/429 559/559/559
f 429/429/429 426/426/426 559/559/559
f 560/560/560 557/557/557 556/556/556
f 557/557/557 560/560/560 558/558/558
f 558/558/558 561/561/561 547/547/547
f 547/547/547 561/561/561 548/548/548
f 548/548/548 561/561/561 562/562/562
f 561/561/561 563/563/563 562/562/562
f 563/563/563 561/561/561 558/558/558
f 562/562/562 563/563/563 564/564/564
f 565/565/565 562/562/562 564/564/564
f 566/566/566 565/565/565 564/564/564
f 559/559/559 426/426/426 567/567/567
f 426/426/426 427/427/427 567/567/567
f 556/556/556 559/559/559 568/568/568
f 560/560/560 556/556/556 568/568/568
f 569/569/569 563/563/563 558/558/558
f 564/564/564 563/563/563 569/569/569
f 570/570/570 566/566/566 564/564/564
f 566/566/566 570/570/570 571/571/571
f 559/559/559 567/567/567 572/572/572
f 568/568/568 559/559/559 572/572/572
f 573/573/573 564/564/564 569/569/569
f 570/570/570 564/564/564 573/573/573
f 570/570/570 574/574/574 571/571/571
f 571/571/571 574/574/574 575/575/575
f 576/576/576 570/570/570 573/573/573
f 570/570/570 576/576/576 574/574/574
f 574/574/574 577/577/577 575/575/575
f 578/578/578 575/575/575 577/577/577
f 576/576/576 579/579/579 574/574/574
f 577/577/577 574/574/574 579/579/579
f 580/580/580 578/578/578 577/577/577
f 581/581/581 578/578/578 580/580/580
f 582/582/582 577/577/577 579/579/579
f 577/577/577 582/582/582 580/580/580
f 583/583/583 581/581/581 580/580/580
f 582/582/582 584/584/584 580/580/580
f 583/583/583 580/580/580 584/584/584
f 583/583/583 585/585/585 581/581/581
f 585/585/585 586/586/586 581/581/581
f 587/587/587 583/583/583 584/584/584
f 585/585/585 583/583/583 587/587/587
f 588/588/588 586/586/586 585/585/585
f 589/589/589 586/586/586 588/588/588
f 590/590/590 589/589/589 588/588/588
f 589/589/589 590/590/590 591/591/591
f 590/590/590 592/592/592 591/591/591
f 591/591/591 592/592/592 593/593/593
f 592/592/592 594/594/594 593/593/593
f 588/588/588 595/595/595 590/590/590
f 588/588/588 585/585/585 596/596/596
f 588/588/588 596/596/596 595/595/595
f 597/597/597 585/585/585 587/587/587
f 585/585/585 597/597/597 596/596/596
f 596/596/596 598/598/598 595/595/595
f 598/598/598 596/596/596 597/597/597
f 597/597/597 587/587/587 599/599/599
f 599/599/599 598/598/598 597/597/597
f 598/598/598 599/599/599 600/600/600
f 587/587/587 584/584/584 599/599/599
f 598/598/598 601/601/601 595/595/595
f 601/601/601 598/598/598 600/600/600
f 595/595/595 601/601/601 602/602/602
f 601/601/601 603/603/603 602/602/602
f 603/603/603 601/601/601 604/604/604
f 604/604/604 601/601/601 600/600/600
f 605/605/605 603/603/603 604/604/604
f 604/604/604 606/606/606 605/605/605
f 604/604/604 600/600/600 606/606/606
f 606/606/606 607/607/607 605/605/605
f 607/607/607 606/606/606 608/608/608
f 609/609/609 607/607/607 608/608/608
f 600/600/600 610/610/610 606/606/606
f 606/606/606 610/610/610 608/608/608
f 584/584/584 611/611/611 599/599/599
f 599/599/599 612/612/612 600/600/600
f 599/599/599 611/611/611 612/612/612
f 600/600/600 612/612/612 613/613/613
f 610/610/610 600/600/600 613/613/613
f 611/611/611 613/613/613 612/612/612
f 611/611/611 584/584/584 614/614/614
f 584/584/584 582/582/582 614/614/614
f 611/611/611 615/615/615 613/613/613
f 611/611/611 614/614/614 615/615/615
f 610/610/610 616/616/616 608/608/608
f 616/616/616 617/617/617 608/608/608
f 608/608/608 617/617/617 618/618/618
f 616/616/616 610/610/610 619/619/619
f 610/610/610 613/613/613 619/619/619
f 617/617/617 616/616/616 619/619/619
f 615/615/615 620/620/620 613/613/613
f 620/620/620 619/619/619 613/613/613
f 620/620/620 621/621/621 619/619/619
f 621/621/621 620/620/620 615/615/615
f 622/622/622 617/617/617 619/619/619
f 621/621/621 622/622/622 619/619/619
f 614/614/614 582/582/582 623/623/623
f 614/614/614 624/624/624 615/615/615
f 623/623/623 624/624/624 614/614/614
f 623/623/623 582/582/582 625/625/625
f 623/623/623 625/625/625 624/624/624
f 582/582/582 579/579/579 625/625/625
f 626/626/626 621/621/621 615/615/615
f 615/615/615 624/624/624 626/626/626
f 621/621/621 627/627/627 622/622/622
f 621/621/621 626/626/626 627/627/627
f 627/627/627 628/628/628 622/622/622
f 617/617/617 622/622/622 628/628/628
f 629/629/629 617/617/617 628/628/628
f 617/617/617 629/629/629 630/630/630
f 618/618/618 617/617/617 630/630/630
f 630/630/630 631/631/631 618/618/618
f 631/631/631 632/632/632 618/618/618
f 631/631/631 633/633/633 632/632/632
f 633/633/633 634/634/634 632/632/632
f 626/626/626 635/635/635 627/627/627
f 635/635/635 626/626/626 636/636/636
f 624/624/624 636/636/636 626/626/626
f 637/637/637 635/635/635 636/636/636
f 636/636/636 624/624/624 638/638/638
f 624/624/624 625/625/625 638/638/638
f 637/637/637 636/636/636 639/639/639
f 639/639/639 636/636/636 638/638/638
f 640/640/640 637/637/637 639/639/639
f 625/625/625 641/641/641 638/638/638
f 625/625/625 579/579/579 641/641/641
f 641/641/641 579/579/579 576/576/576
f 639/639/639 642/642/642 640/640/640
f 642/642/642 643/643/643 640/640/640
f 638/638/638 644/644/644 639/639/639
f 644/644/644 638/638/638 641/641/641
f 644/644/644 642/642/642 639/639/639
f 645/645/645 641/641/641 576/576/576
f 645/645/645 644/644/644 641/641/641
f 645/645/645 576/576/576 646/646/646
f 645/645/645 646/646/646 644/644/644
f 576/576/576 573/573/573 646/646/646
f 642/642/642 647/647/647 643/643/643
f 647/647/647 648/648/648 643/643/643
f 648/648/648 647/647/647 649/649/649
f 644/644/644 650/650/650 642/642/642
f 646/646/646 650/650/650 644/644/644
f 650/650/650 647/647/647 642/642/642
f 650/650/650 651/651/651 647/647/647
f 646/646/646 573/573/573 652/652/652
f 646/646/646 652/652/652 650/650/650
f 650/650/650 652/652/652 651/651/651
f 573/573/573 569/569/569 652/652/652
f 647/647/647 653/653/653 649/649/649
f 651/651/651 653/653/653 647/647/647
f 653/653/653 654/654/654 649/649/649
f 654/654/654 653/653/653 651/651/651
f 654/654/654 655/655/655 649/649/649
f 652/652/652 569/569/569 656/656/656
f 652/652/652 656/656/656 651/651/651
f 656/656/656 569/569/569 657/657/657
f 656/656/656 657/657/657 651/651/651
f 569/569/569 558/558/558 657/657/657
f 651/651/651 657/657/657 658/658/658
f 658/658/658 654/654/654 651/651/651
f 657/657/657 558/558/558 659/659/659
f 658/658/658 657/657/657 659/659/659
f 560/560/560 659/659/659 558/558/558
f 659/659/659 560/560/560 658/658/658
f 560/560/560 568/568/568 658/658/658
f 658/658/658 568/568/568 654/654/654
f 568/568/568 572/572/572 654/654/654
f 654/654/654 572/572/572 655/655/655
f 572/572/572 660/660/660 655/655/655
f 572/572/572 567/567/567 660/660/660
f 567/567/567 661/661/661 660/660/660
f 567/567/567 427/427/427 661/661/661
f 427/427/427 662/662/662 661/661/661
f 662/662/662 427/427/427 663/663/663
f 663/663/663 427/427/427 418/418/418
f 664/664/664 663/663/663 418/418/418
f 664/664/664 418/418/418 665/665/665
f 418/418/418 421/421/421 665/665/665
f 666/666/666 665/665/665 421/421/421
f 425/425/425 666/666/666 421/421/421
f 425/425/425 667/667/667 666/666/666
f 667/667/667 668/668/668 666/666/666
f 667/667/667 425/425/425 424/424/424
f 667/667/667 669/669/669 668/668/668
f 667/667/667 424/424/424 669/669/669
f 669/669/669 670/670/670 668/668/668
f 424/424/424 671/671/671 669/669/669
f 671/671/671 424/424/424 423/423/423
f 670/670/670 669/669/669 672/672/672
f 669/669/669 671/671/671 672/672/672
f 673/673/673 670/670/670 672/672/672
f 674/674/674 673/673/673 672/672/672
f 675/675/675 671/671/671 423/423/423
f 675/675/675 423/423/423 396/396/396
f 675/675/675 396/396/396 676/676/676
f 675/675/675 676/676/676 671/671/671
f 676/676/676 396/396/396 399/399/399
f 671/671/671 677/677/677 672/672/672
f 671/671/671 676/676/676 677/677/677
f 678/678/678 676/676/676 399/399/399
f 677/677/677 676/676/676 678/678/678
f 399/399/399 402/402/402 678/678/678
f 679/679/679 674/674/674 672/672/672
f 679/679/679 672/672/672 677/677/677
f 402/402/402 680/680/680 678/678/678
f 677/677/677 678/678/678 680/680/680
f 674/674/674 679/679/679 681/681/681
f 682/682/682 674/674/674 681/681/681
f 683/683/683 679/679/679 677/677/677
f 683/683/683 677/677/677 680/680/680
f 679/679/679 683/683/683 681/681/681
f 402/402/402 684/684/684 680/680/680
f 684/684/684 402/402/402 400/400/400
f 685/685/685 684/684/684 400/400/400
f 683/683/683 680/680/680 686/686/686
f 683/683/683 686/686/686 681/681/681
f 681/681/681 686/686/686 687/687/687
f 682/682/682 681/681/681 688/688/688
f 688/688/688 681/681/681 687/687/687
f 689/689/689 682/682/682 688/688/688
f 689/689/689 688/688/688 690/690/690
f 688/688/688 687/687/687 690/690/690
f 691/691/691 689/689/689 690/690/690
f 684/684/684 692/692/692 680/680/680
f 680/680/680 692/692/692 686/686/686
f 692/692/692 684/684/684 693/693/693
f 692/692/692 693/693/693 686/686/686
f 684/684/684 685/685/685 693/693/693
f 686/686/686 693/693/693 687/687/687
f 691/691/691 690/690/690 694/694/694
f 695/695/695 691/691/691 694/694/694
f 693/693/693 685/685/685 696/696/696
f 687/687/687 693/693/693 696/696/696
f 687/687/687 697/697/697 690/690/690
f 694/694/694 690/690/690 697/697/697
f 696/696/696 698/698/698 687/687/687
f 685/685/685 698/698/698 696/696/696
f 687/687/687 698/698/698 697/697/697
f 694/694/694 699/699/699 695/695/695
f 699/699/699 700/700/700 695/695/695
f 701/701/701 694/694/694 697/697/697
f 694/694/694 701/701/701 699/699/699
f 699/699/699 702/702/702 700/700/700
f 700/700/700 702/702/702 703/703/703
f 704/704/704 703/703/703 702/702/702
f 705/705/705 704/704/704 702/702/702
f 704/704/704 705/705/705 706/706/706
f 705/705/705 707/707/707 706/706/706
f 706/706/706 707/707/707 708/708/708
f 707/707/707 709/709/709 708/708/708
f 702/702/702 710/710/710 705/705/705
f 702/702/702 699/699/699 711/711/711
f 702/702/702 711/711/711 710/710/710
f 701/701/701 712/712/712 699/699/699
f 699/699/699 712/712/712 711/711/711
f 713/713/713 701/701/701 697/697/697
f 713/713/713 712/712/712 701/701/701
f 711/711/711 712/712/712 714/714/714
f 711/711/711 714/714/714 710/710/710
f 712/712/712 713/713/713 714/714/714
f 714/714/714 713/713/713 715/715/715
f 716/716/716 713/713/713 697/697/697
f 698/698/698 716/716/716 697/697/697
f 714/714/714 717/717/717 710/710/710
f 717/717/717 714/714/714 715/715/715
f 717/717/717 718/718/718 710/710/710
f 718/718/718 719/719/719 710/710/710
f 718/718/718 717/717/717 720/720/720
f 720/720/720 717/717/717 715/715/715
f 721/721/721 718/718/718 720/720/720
f 720/720/720 722/722/722 721/721/721
f 720/720/720 715/715/715 722/722/722
f 722/722/722 723/723/723 721/721/721
f 723/723/723 722/722/722 724/724/724
f 725/725/725 723/723/723 724/724/724
f 713/713/713 716/716/716 726/726/726
f 713/713/713 726/726/726 715/715/715
f 715/715/715 727/727/727 722/722/722
f 722/722/722 727/727/727 724/724/724
f 715/715/715 726/726/726 728/728/728
f 716/716/716 728/728/728 726/726/726
f 727/727/727 715/715/715 728/728/728
f 727/727/727 729/729/729 724/724/724
f 727/727/727 728/728/728 730/730/730
f 729/729/729 727/727/727 730/730/730
f 731/731/731 728/728/728 716/716/716
f 728/728/728 731/731/731 730/730/730
f 729/729/729 732/732/732 724/724/724
f 724/724/724 732/732/732 733/733/733
f 734/734/734 731/731/731 716/716/716
f 716/716/716 698/698/698 734/734/734
f 734/734/734 698/698/698 685/685/685
f 730/730/730 735/735/735 729/729/729
f 735/735/735 732/732/732 729/729/729
f 731/731/731 736/736/736 730/730/730
f 731/731/731 734/734/734 736/736/736
f 736/736/736 735/735/735 730/730/730
f 733/733/733 732/732/732 737/737/737
f 737/737/737 738/738/738 733/733/733
f 732/732/732 739/739/739 737/737/737
f 732/732/732 735/735/735 739/739/739
f 740/740/740 738/738/738 737/737/737
f 740/740/740 741/741/741 738/738/738
f 741/741/741 742/742/742 738/738/738
f 735/735/735 743/743/743 739/739/739
f 735/735/735 736/736/736 743/743/743
f 736/736/736 744/744/744 743/743/743
f 734/734/734 745/745/745 736/736/736
f 736/736/736 745/745/745 744/744/744
f 745/745/745 746/746/746 744/744/744
f 745/745/745 734/734/734 685/685/685
f 746/746/746 745/745/745 401/401/401
f 747/747/747 745/745/745 685/685/685
f 745/745/745 747/747/747 401/401/401
f 747/747/747 685/685/685 400/400/400
f 747/747/747 400/400/400 401/401/401
f 750/750/750 749/749/749 748/748/748
f 751/751/751 750/750/750 748/748/748
f 751/751/751 748/748/748 752/752/752
f 753/753/753 751/751/751 752/752/752
f 752/752/752 754/754/754 753/753/753
f 754/754/754 755/755/755 753/753/753
f 756/756/756 754/754/754 752/752/752
f 754/754/754 757/757/757 755/755/755
f 757/757/757 758/758/758 755/755/755
f 759/759/759 758/758/758 757/757/757
f 760/760/760 754/754/754 756/756/756
f 760/760/760 757/757/757 754/754/754
f 761/761/761 759/759/759 757/757/757
f 759/759/759 761/761/761 762/762/762
f 760/760/760 763/763/763 757/757/757
f 763/763/763 761/761/761 757/757/757
f 761/761/761 764/764/764 762/762/762
f 764/764/764 761/761/761 763/763/763
f 762/762/762 764/764/764 765/765/765
f 766/766/766 760/760/760 756/756/756
f 760/760/760 766/766/766 763/763/763
f 764/764/764 767/767/767 765/765/765
f 768/768/768 764/764/764 763/763/763
f 764/764/764 768/768/768 767/767/767
f 766/766/766 769/769/769 763/763/763
f 768/768/768 763/763/763 769/769/769
f 769/769/769 766/766/766 770/770/770
f 771/771/771 766/766/766 756/756/756
f 770/770/770 766/766/766 771/771/771
f 772/772/772 771/771/771 756/756/756
f 773/773/773 772/772/772 756/756/756
f 771/771/771 772/772/772 774/774/774
f 774/774/774 770/770/770 771/771/771
f 772/772/772 775/775/775 774/774/774
f 775/775/775 776/776/776 774/774/774
f 776/776/776 777/777/777 774/774/774
f 774/774/774 777/777/777 770/770/770
f 777/777/777 776/776/776 778/778/778
f 779/779/779 777/777/777 778/778/778
f 777/777/777 780/780/780 770/770/770
f 780/780/780 777/777/777 779/779/779
f 781/781/781 769/769/769 770/770/770
f 782/782/782 781/781/781 770/770/770
f 780/780/780 782/782/782 770/770/770
f 783/783/783 769/769/769 781/781/781
f 782/782/782 783/783/783 781/781/781
f 783/783/783 768/768/768 769/769/769
f 784/784/784 780/780/780 779/779/779
f 782/782/782 780/780/780 785/785/785
f 780/780/780 784/784/784 785/785/785
f 786/786/786 783/783/783 782/782/782
f 785/785/785 786/786/786 782/782/782
f 787/787/787 768/768/768 783/783/783
f 783/783/783 786/786/786 787/787/787
f 786/786/786 788/788/788 787/787/787
f 789/789/789 784/784/784 779/779/779
f 789/789/789 779/779/779 790/790/790
f 791/791/791 768/768/768 787/787/787
f 768/768/768 791/791/791 767/767/767
f 792/792/792 786/786/786 785/785/785
f 788/788/788 786/786/786 792/792/792
f 784/784/784 793/793/793 785/785/785
f 789/789/789 793/793/793 784/784/784
f 787/787/787 788/788/788 794/794/794
f 794/794/794 791/791/791 787/787/787
f 794/794/794 795/795/795 791/791/791
f 795/795/795 794/794/794 788/788/788
f 767/767/767 791/791/791 796/796/796
f 791/791/791 795/795/795 796/796/796
f 797/797/797 792/792/792 785/785/785
f 793/793/793 797/797/797 785/785/785
f 798/798/798 767/767/767 796/796/796
f 765/765/765 767/767/767 798/798/798
f 799/799/799 765/765/765 798/798/798
f 799/799/799 798/798/798 800/800/800
f 351/351/351 799/799/799 800/800/800
f 351/351/351 800/800/800 350/350/350
f 800/800/800 798/798/798 801/801/801
f 798/798/798 796/796/796 801/801/801
f 350/350/350 800/800/800 802/802/802
f 800/800/800 801/801/801 802/802/802
f 350/350/350 802/802/802 357/357/357
f 797/797/797 793/793/793 803/803/803
f 793/793/793 804/804/804 803/803/803
f 797/797/797 803/803/803 805/805/805
f 793/793/793 789/789/789 804/804/804
f 789/789/789 806/806/806 804/804/804
f 807/807/807 806/806/806 789/789/789
f 790/790/790 807/807/807 789/789/789
f 807/807/807 790/790/790 808/808/808
f 790/790/790 809/809/809 808/808/808
f 808/808/808 809/809/809 810/810/810
f 809/809/809 811/811/811 810/810/810
f 792/792/792 797/797/797 805/805/805
f 812/812/812 792/792/792 805/805/805
f 805/805/805 813/813/813 812/812/812
f 813/813/813 814/814/814 812/812/812
f 812/812/812 788/788/788 792/792/792
f 814/814/814 815/815/815 812/812/812
f 788/788/788 812/812/812 815/815/815
f 814/814/814 380/380/380 815/815/815
f 816/816/816 788/788/788 815/815/815
f 816/816/816 795/795/795 788/788/788
f 380/380/380 817/817/817 815/815/815
f 815/815/815 817/817/817 816/816/816
f 817/817/817 380/380/380 379/379/379
f 817/817/817 379/379/379 818/818/818
f 818/818/818 379/379/379 378/378/378
f 816/816/816 819/819/819 795/795/795
f 796/796/796 795/795/795 819/819/819
f 819/819/819 820/820/820 796/796/796
f 820/820/820 819/819/819 816/816/816
f 820/820/820 801/801/801 796/796/796
f 817/817/817 821/821/821 816/816/816
f 821/821/821 820/820/820 816/816/816
f 821/821/821 817/817/817 818/818/818
f 820/820/820 822/822/822 801/801/801
f 820/820/820 821/821/821 822/822/822
f 821/821/821 818/818/818 822/822/822
f 822/822/822 802/802/802 801/801/801
f 822/822/822 818/818/818 823/823/823
f 822/822/822 823/823/823 802/802/802
f 818/818/818 378/378/378 823/823/823
f 802/802/802 823/823/823 357/357/357
f 823/823/823 378/378/378 824/824/824
f 823/823/823 824/824/824 357/357/357
f 824/824/824 378/378/378 363/363/363
f 824/824/824 363/363/363 357/357/357
f 827/827/827 826/826/826 825/825/825
f 828/828/828 826/826/826 827/827/827
f 828/828/828 827/827/827 829/829/829
f 828/828/828 830/830/830 826/826/826
f 830/830/830 831/831/831 826/826/826
f 832/832/832 828/828/828 829/829/829
f 832/832/832 829/829/829 833/833/833
f 828/828/828 832/832/832 834/834/834
f 830/830/830 828/828/828 834/834/834
f 831/831/831 830/830/830 835/835/835
f 836/836/836 831/831/831 835/835/835
f 837/837/837 832/832/832 833/833/833
f 834/834/834 832/832/832 837/837/837
f 834/834/834 838/838/838 830/830/830
f 838/838/838 835/835/835 830/830/830
f 835/835/835 839/839/839 836/836/836
f 839/839/839 840/840/840 836/836/836
f 840/840/840 839/839/839 841/841/841
f 842/842/842 837/837/837 833/833/833
f 843/843/843 842/842/842 833/833/833
f 844/844/844 834/834/834 837/837/837
f 842/842/842 844/844/844 837/837/837
f 838/838/838 834/834/834 844/844/844
f 845/845/845 844/844/844 842/842/842
f 846/846/846 844/844/844 845/845/845
f 846/846/846 838/838/838 844/844/844
f 847/847/847 846/846/846 845/845/845
f 846/846/846 847/847/847 848/848/848
f 838/838/838 849/849/849 835/835/835
f 849/849/849 838/838/838 846/846/846
f 849/849/849 839/839/839 835/835/835
f 839/839/839 849/849/849 850/850/850
f 851/851/851 846/846/846 848/848/848
f 851/851/851 849/849/849 846/846/846
f 850/850/850 849/849/849 851/851/851
f 852/852/852 851/851/851 848/848/848
f 853/853/853 851/851/851 852/852/852
f 853/853/853 850/850/850 851/851/851
f 854/854/854 853/853/853 852/852/852
f 853/853/853 854/854/854 855/855/855
f 856/856/856 853/853/853 855/855/855
f 853/853/853 856/856/856 850/850/850
f 855/855/855 857/857/857 856/856/856
f 858/858/858 839/839/839 850/850/850
f 839/839/839 858/858/858 841/841/841
f 841/841/841 858/858/858 859/859/859
f 858/858/858 860/860/860 859/859/859
f 858/858/858 850/850/850 860/860/860
f 859/859/859 860/860/860 861/861/861
f 850/850/850 862/862/862 860/860/860
f 856/856/856 862/862/862 850/850/850
f 860/860/860 863/863/863 861/861/861
f 860/860/860 862/862/862 863/863/863
f 861/861/861 863/863/863 864/864/864
f 857/857/857 865/865/865 856/856/856
f 857/857/857 866/866/866 865/865/865
f 862/862/862 856/856/856 867/867/867
f 862/862/862 867/867/867 863/863/863
f 856/856/856 865/865/865 867/867/867
f 863/863/863 868/868/868 864/864/864
f 868/868/868 863/863/863 867/867/867
f 869/869/869 864/864/864 868/868/868
f 866/866/866 870/870/870 865/865/865
f 867/867/867 865/865/865 870/870/870
f 871/871/871 868/868/868 867/867/867
f 871/871/871 867/867/867 870/870/870
f 870/870/870 866/866/866 872/872/872
f 871/871/871 870/870/870 872/872/872
f 872/872/872 866/866/866 873/873/873
f 871/871/871 874/874/874 868/868/868
f 868/868/868 874/874/874 869/869/869
f 874/874/874 871/871/871 872/872/872
f 873/873/873 875/875/875 872/872/872
f 876/876/876 875/875/875 873/873/873
f 875/875/875 876/876/876 877/877/877
f 874/874/874 872/872/872 878/878/878
f 878/878/878 872/872/872 875/875/875
f 869/869/869 874/874/874 879/879/879
f 879/879/879 874/874/874 878/878/878
f 880/880/880 875/875/875 877/877/877
f 878/878/878 875/875/875 880/880/880
f 879/879/879 881/881/881 869/869/869
f 869/869/869 881/881/881 882/882/882
f 882/882/882 881/881/881 883/883/883
f 881/881/881 884/884/884 883/883/883
f 879/879/879 878/878/878 885/885/885
f 885/885/885 878/878/878 880/880/880
f 880/880/880 877/877/877 886/886/886
f 877/877/877 887/887/887 886/886/886
f 881/881/881 888/888/888 884/884/884
f 888/888/888 889/889/889 884/884/884
f 881/881/881 879/879/879 890/890/890
f 890/890/890 879/879/879 885/885/885
f 888/888/888 881/881/881 890/890/890
f 885/885/885 880/880/880 891/891/891
f 880/880/880 886/886/886 891/891/891
f 892/892/892 886/886/886 887/887/887
f 893/893/893 892/892/892 887/887/887
f 893/893/893 894/894/894 892/892/892
f 895/895/895 889/889/889 888/888/888
f 896/896/896 889/889/889 895/895/895
f 896/896/896 895/895/895 897/897/897
f 888/888/888 890/890/890 898/898/898
f 895/895/895 888/888/888 898/898/898
f 899/899/899 890/890/890 885/885/885
f 885/885/885 891/891/891 899/899/899
f 898/898/898 890/890/890 899/899/899
f 897/897/897 895/895/895 900/900/900
f 900/900/900 895/895/895 898/898/898
f 901/901/901 897/897/897 900/900/900
f 902/902/902 898/898/898 899/899/899
f 902/902/902 900/900/900 898/898/898
f 891/891/891 903/903/903 899/899/899
f 903/903/903 902/902/902 899/899/899
f 900/900/900 904/904/904 901/901/901
f 901/901/901 904/904/904 905/905/905
f 902/902/902 906/906/906 900/900/900
f 900/900/900 906/906/906 904/904/904
f 891/891/891 907/907/907 903/903/903
f 907/907/907 891/891/891 886/886/886
f 892/892/892 907/907/907 886/886/886
f 902/902/902 903/903/903 908/908/908
f 906/906/906 902/902/902 908/908/908
f 904/904/904 909/909/909 905/905/905
f 906/906/906 910/910/910 904/904/904
f 904/904/904 910/910/910 909/909/909
f 909/909/909 911/911/911 905/905/905
f 909/909/909 910/910/910 911/911/911
f 905/905/905 911/911/911 912/912/912
f 910/910/910 913/913/913 911/911/911
f 913/913/913 910/910/910 914/914/914
f 915/915/915 910/910/910 906/906/906
f 910/910/910 915/915/915 914/914/914
f 908/908/908 915/915/915 906/906/906
f 916/916/916 914/914/914 915/915/915
f 917/917/917 916/916/916 915/915/915
f 915/915/915 908/908/908 917/917/917
f 918/918/918 916/916/916 917/917/917
f 919/919/919 908/908/908 903/903/903
f 908/908/908 919/919/919 917/917/917
f 920/920/920 918/918/918 917/917/917
f 917/917/917 919/919/919 920/920/920
f 921/921/921 918/918/918 920/920/920
f 922/922/922 919/919/919 903/903/903
f 907/907/907 922/922/922 903/903/903
f 919/919/919 923/923/923 920/920/920
f 923/923/923 919/919/919 922/922/922
f 924/924/924 921/921/921 920/920/920
f 924/924/924 920/920/920 923/923/923
f 925/925/925 921/921/921 924/924/924
f 922/922/922 907/907/907 926/926/926
f 926/926/926 923/923/923 922/922/922
f 927/927/927 925/925/925 924/924/924
f 928/928/928 925/925/925 927/927/927
f 929/929/929 928/928/928 927/927/927
f 930/930/930 928/928/928 929/929/929
f 924/924/924 931/931/931 927/927/927
f 929/929/929 927/927/927 931/931/931
f 932/932/932 924/924/924 923/923/923
f 932/932/932 931/931/931 924/924/924
f 931/931/931 932/932/932 933/933/933
f 934/934/934 929/929/929 931/931/931
f 933/933/933 932/932/932 935/935/935
f 936/936/936 930/930/930 929/929/929
f 936/936/936 929/929/929 934/934/934
f 937/937/937 936/936/936 934/934/934
f 930/930/930 936/936/936 938/938/938
f 932/932/932 923/923/923 939/939/939
f 935/935/935 932/932/932 939/939/939
f 939/939/939 923/923/923 926/926/926
f 936/936/936 937/937/937 940/940/940
f 936/936/936 940/940/940 938/938/938
f 938/938/938 940/940/940 941/941/941
f 937/937/937 942/942/942 940/940/940
f 941/941/941 940/940/940 942/942/942
f 943/943/943 938/938/938 941/941/941
f 944/944/944 941/941/941 942/942/942
f 943/943/943 941/941/941 945/945/945
f 944/944/944 946/946/946 941/941/941
f 941/941/941 947/947/947 945/945/945
f 946/946/946 947/947/947 941/941/941
f 945/945/945 947/947/947 948/948/948
f 947/947/947 946/946/946 949/949/949
f 947/947/947 950/950/950 948/948/948
f 950/950/950 947/947/947 949/949/949
f 950/950/950 951/951/951 948/948/948
f 950/950/950 949/949/949 951/951/951
f 951/951/951 952/952/952 948/948/948
f 952/952/952 951/951/951 953/953/953
f 949/949/949 954/954/954 951/951/951
f 951/951/951 954/954/954 953/953/953
f 955/955/955 952/952/952 953/953/953
f 954/954/954 956/956/956 953/953/953
f 953/953/953 956/956/956 957/957/957
f 955/955/955 953/953/953 958/958/958
f 959/959/959 953/953/953 957/957/957
f 953/953/953 959/959/959 958/958/958
f 959/959/959 957/957/957 960/960/960
f 958/958/958 959/959/959 961/961/961
f 961/961/961 959/959/959 960/960/960
f 962/962/962 958/958/958 961/961/961
f 960/960/960 963/963/963 961/961/961
f 961/961/961 964/964/964 962/962/962
f 963/963/963 964/964/964 961/961/961
f 964/964/964 965/965/965 962/962/962
f 964/964/964 966/966/966 965/965/965
f 966/966/966 967/967/967 965/965/965
f 964/964/964 963/963/963 968/968/968
f 966/966/966 964/964/964 968/968/968
f 967/967/967 966/966/966 969/969/969
f 968/968/968 970/970/970 966/966/966
f 969/969/969 966/966/966 971/971/971
f 970/970/970 972/972/972 966/966/966
f 973/973/973 971/971/971 966/966/966
f 966/966/966 972/972/972 973/973/973
f 976/976/976 975/975/975 974/974/974
f 977/977/977 976/976/976 974/974/974
f 977/977/977 974/974/974 978/978/978
f 979/979/979 977/977/977 978/978/978
f 978/978/978 980/980/980 979/979/979
f 980/980/980 981/981/981 979/979/979
f 982/982/982 980/980/980 978/978/978
f 980/980/980 983/983/983 981/981/981
f 983/983/983 984/984/984 981/981/981
f 551/551/551 984/984/984 983/983/983
f 985/985/985 551/551/551 983/983/983
f 985/985/985 550/550/550 551/551/551
f 983/983/983 980/980/980 986/986/986
f 985/985/985 983/983/983 986/986/986
f 985/985/985 987/987/987 550/550/550
f 987/987/987 985/985/985 986/986/986
f 987/987/987 554/554/554 550/550/550
f 554/554/554 987/987/987 988/988/988
f 987/987/987 986/986/986 988/988/988
f 555/555/555 554/554/554 988/988/988
f 980/980/980 989/989/989 986/986/986
f 989/989/989 980/980/980 982/982/982
f 989/989/989 990/990/990 986/986/986
f 990/990/990 988/988/988 986/986/986
f 990/990/990 989/989/989 982/982/982
f 555/555/555 988/988/988 991/991/991
f 990/990/990 992/992/992 988/988/988
f 992/992/992 991/991/991 988/988/988
f 993/993/993 990/990/990 982/982/982
f 992/992/992 990/990/990 993/993/993
f 994/994/994 555/555/555 991/991/991
f 504/504/504 555/555/555 994/994/994
f 995/995/995 993/993/993 982/982/982
f 996/996/996 995/995/995 982/982/982
f 995/995/995 997/997/997 993/993/993
f 997/997/997 998/998/998 993/993/993
f 998/998/998 992/992/992 993/993/993
f 999/999/999 998/998/998 997/997/997
f 998/998/998 999/999/999 992/992/992
f 1000/1000/1000 999/999/999 997/997/997
f 991/991/991 992/992/992 1001/1001/1001
f 999/999/999 1001/1001/1001 992/992/992
f 994/994/994 991/991/991 1001/1001/1001
f 999/999/999 1000/1000/1000 1002/1002/1002
f 1001/1001/1001 999/999/999 1002/1002/1002
f 1000/1000/1000 1003/1003/1003 1002/1002/1002
f 1004/1004/1004 504/504/504 994/994/994
f 1004/1004/1004 502/502/502 504/504/504
f 1005/1005/1005 1004/1004/1004 994/994/994
f 994/994/994 1001/1001/1001 1005/1005/1005
f 502/502/502 1004/1004/1004 1005/1005/1005
f 1006/1006/1006 1001/1001/1001 1002/1002/1002
f 1001/1001/1001 1006/1006/1006 1005/1005/1005
f 1007/1007/1007 1006/1006/1006 1002/1002/1002
f 1005/1005/1005 1006/1006/1006 1007/1007/1007
f 1007/1007/1007 1002/1002/1002 1008/1008/1008
f 1009/1009/1009 502/502/502 1005/1005/1005
f 1009/1009/1009 1005/1005/1005 1007/1007/1007
f 1009/1009/1009 503/503/503 502/502/502
f 1007/1007/1007 503/503/503 1009/1009/1009
f 1010/1010/1010 503/503/503 1007/1007/1007
f 1008/1008/1008 1010/1010/1010 1007/1007/1007
f 1010/1010/1010 1008/1008/1008 1011/1011/1011
f 1008/1008/1008 1012/1012/1012 1011/1011/1011
f 1011/1011/1011 1012/1012/1012 1013/1013/1013
f 1012/1012/1012 1014/1014/1014 1013/1013/1013
f 1017/1017/1017 1016/1016/1016 1015/1015/1015
f 1018/1018/1018 1015/1015/1015 1016/1016/1016
f 1018/1018/1018 1016/1016/1016 1019/1019/1019
f 1020/1020/1020 1019/1019/1019 1016/1016/1016
f 1021/1021/1021 1019/1019/1019 1020/1020/1020
f 1022/1022/1022 1021/1021/1021 1020/1020/1020
f 1020/1020/1020 1023/1023/1023 1022/1022/1022
f 1024/1024/1024 1021/1021/1021 1022/1022/1022
f 1025/1025/1025 1022/1022/1022 1023/1023/1023
f 1025/1025/1025 1024/1024/1024 1022/1022/1022
f 1026/1026/1026 1025/1025/1025 1023/1023/1023
f 1024/1024/1024 1025/1025/1025 1027/1027/1027
f 1026/1026/1026 1028/1028/1028 1025/1025/1025
f 1025/1025/1025 1029/1029/1029 1027/1027/1027
f 1028/1028/1028 1029/1029/1029 1025/1025/1025
f 1029/1029/1029 1028/1028/1028 1030/1030/1030
f 1029/1029/1029 1030/1030/1030 1031/1031/1031
f 1032/1032/1032 1027/1027/1027 1029/1029/1029
f 1031/1031/1031 1032/1032/1032 1029/1029/1029
f 1031/1031/1031 1033/1033/1033 1032/1032/1032
f 1033/1033/1033 1034/1034/1034 1032/1032/1032
f 1033/1033/1033 1035/1035/1035 1034/1034/1034
f 1035/1035/1035 1036/1036/1036 1034/1034/1034
f 1036/1036/1036 1035/1035/1035 1037/1037/1037
f 1035/1035/1035 1038/1038/1038 1037/1037/1037
f 1037/1037/1037 1038/1038/1038 1039/1039/1039
f 1038/1038/1038 1040/1040/1040 1039/1039/1039
f 1041/1041/1041 935/935/935 939/939/939
f 935/935/935 1041/1041/1041 1042/1042/1042
f 1041/1041/1041 1043/1043/1043 1042/1042/1042
f 1044/1044/1044 1042/1042/1042 1043/1043/1043
f 939/939/939 1045/1045/1045 1041/1041/1041
f 1041/1041/1041 1045/1045/1045 1043/1043/1043
f 1046/1046/1046 1044/1044/1044 1043/1043/1043
f 1044/1044/1044 1046/1046/1046 1047/1047/1047
f 1045/1045/1045 1048/1048/1048 1043/1043/1043
f 1046/1046/1046 1043/1043/1043 1048/1048/1048
f 1049/1049/1049 1046/1046/1046 1048/1048/1048
f 1050/1050/1050 1045/1045/1045 939/939/939
f 1045/1045/1045 1050/1050/1050 1051/1051/1051
f 1050/1050/1050 939/939/939 926/926/926
f 1051/1051/1051 1050/1050/1050 1052/1052/1052
f 1046/1046/1046 1053/1053/1053 1047/1047/1047
f 1046/1046/1046 1049/1049/1049 1053/1053/1053
f 1054/1054/1054 1047/1047/1047 1053/1053/1053
f 1049/1049/1049 1055/1055/1055 1053/1053/1053
f 1056/1056/1056 1054/1054/1054 1053/1053/1053
f 1056/1056/1056 1053/1053/1053 1055/1055/1055
f 1054/1054/1054 1056/1056/1056 1057/1057/1057
f 1058/1058/1058 1056/1056/1056 1055/1055/1055
f 1056/1056/1056 1059/1059/1059 1057/1057/1057
f 1056/1056/1056 1058/1058/1058 1059/1059/1059
f 1060/1060/1060 1057/1057/1057 1059/1059/1059
f 1058/1058/1058 1061/1061/1061 1059/1059/1059
f 1062/1062/1062 1060/1060/1060 1059/1059/1059
f 1062/1062/1062 1059/1059/1059 1061/1061/1061
f 1063/1063/1063 1062/1062/1062 1061/1061/1061
f 1060/1060/1060 1062/1062/1062 1064/1064/1064
f 1062/1062/1062 1063/1063/1063 1065/1065/1065
f 1062/1062/1062 1065/1065/1065 1064/1064/1064
f 1064/1064/1064 1065/1065/1065 1066/1066/1066
f 1063/1063/1063 1067/1067/1067 1065/1065/1065
f 1066/1066/1066 1065/1065/1065 1067/1067/1067
f 1068/1068/1068 1064/1064/1064 1066/1066/1066
f 1069/1069/1069 1066/1066/1066 1067/1067/1067
f 1068/1068/1068 1066/1066/1066 1070/1070/1070
f 1069/1069/1069 1071/1071/1071 1066/1066/1066
f 1066/1066/1066 1072/1072/1072 1070/1070/1070
f 1071/1071/1071 1072/1072/1072 1066/1066/1066
f 1070/1070/1070 1072/1072/1072 1073/1073/1073
f 1072/1072/1072 1071/1071/1071 1073/1073/1073
f 1071/1071/1071 1074/1074/1074 1073/1073/1073
f 1075/1075/1075 1070/1070/1070 1073/1073/1073
f 1074/1074/1074 1076/1076/1076 1073/1073/1073
f 1075/1075/1075 1073/1073/1073 1077/1077/1077
f 1076/1076/1076 1077/1077/1077 1073/1073/1073
f 1078/1078/1078 1075/1075/1075 1077/1077/1077
f 1077/1077/1077 1079/1079/1079 1078/1078/1078
f 1079/1079/1079 1080/1080/1080 1078/1078/1078
f 1077/1077/1077 1076/1076/1076 1081/1081/1081
f 1079/1079/1079 1077/1077/1077 1081/1081/1081
f 1080/1080/1080 1079/1079/1079 1082/1082/1082
f 1081/1081/1081 1083/1083/1083 1079/1079/1079
f 1082/1082/1082 1079/1079/1079 1084/1084/1084
f 1083/1083/1083 1085/1085/1085 1079/1079/1079
f 1086/1086/1086 1084/1084/1084 1079/1079/1079
f 1079/1079/1079 1085/1085/1085 1086/1086/1086
f 1087/1087/1087 1050/1050/1050 926/926/926
f 1052/1052/1052 1050/1050/1050 1087/1087/1087
f 1088/1088/1088 1087/1087/1087 926/926/926
f 907/907/907 1088/1088/1088 926/926/926
f 1088/1088/1088 907/907/907 892/892/892
f 892/892/892 1089/1089/1089 1088/1088/1088
f 894/894/894 1089/1089/1089 892/892/892
f 1089/1089/1089 894/894/894 1090/1090/1090
f 1091/1091/1091 1052/1052/1052 1087/1087/1087
f 1092/1092/1092 1052/1052/1052 1091/1091/1091
f 1093/1093/1093 1087/1087/1087 1088/1088/1088
f 1093/1093/1093 1088/1088/1088 1089/1089/1089
f 1094/1094/1094 1089/1089/1089 1090/1090/1090
f 1094/1094/1094 1090/1090/1090 1095/1095/1095
f 1094/1094/1094 1096/1096/1096 1089/1089/1089
f 1089/1089/1089 1096/1096/1096 1093/1093/1093
f 1097/1097/1097 1094/1094/1094 1095/1095/1095
f 1096/1096/1096 1094/1094/1094 1097/1097/1097
f 1095/1095/1095 1098/1098/1098 1097/1097/1097
f 1093/1093/1093 1096/1096/1096 1099/1099/1099
f 1099/1099/1099 1100/1100/1100 1093/1093/1093
f 1093/1093/1093 1100/1100/1100 1087/1087/1087
f 1100/1100/1100 1091/1091/1091 1087/1087/1087
f 1101/1101/1101 1096/1096/1096 1097/1097/1097
f 1091/1091/1091 1100/1100/1100 1102/1102/1102
f 1103/1103/1103 1092/1092/1092 1091/1091/1091
f 1103/1103/1103 1091/1091/1091 1102/1102/1102
f 1104/1104/1104 1092/1092/1092 1103/1103/1103
f 1098/1098/1098 1105/1105/1105 1097/1097/1097
f 1097/1097/1097 1105/1105/1105 1101/1101/1101
f 1105/1105/1105 1106/1106/1106 1101/1101/1101
f 1105/1105/1105 1098/1098/1098 1107/1107/1107
f 1106/1106/1106 1105/1105/1105 1108/1108/1108
f 1109/1109/1109 1103/1103/1103 1102/1102/1102
f 1109/1109/1109 1104/1104/1104 1103/1103/1103
f 1110/1110/1110 1109/1109/1109 1102/1102/1102
f 1111/1111/1111 1104/1104/1104 1109/1109/1109
f 1109/1109/1109 1110/1110/1110 1112/1112/1112
f 1112/1112/1112 1111/1111/1111 1109/1109/1109
f 1110/1110/1110 1113/1113/1113 1112/1112/1112
f 1112/1112/1112 1114/1114/1114 1111/1111/1111
f 1114/1114/1114 1112/1112/1112 1113/1113/1113
f 1115/1115/1115 1114/1114/1114 1113/1113/1113
f 1114/1114/1114 1116/1116/1116 1111/1111/1111
f 1115/1115/1115 1117/1117/1117 1114/1114/1114
f 1114/1114/1114 1118/1118/1118 1116/1116/1116
f 1117/1117/1117 1118/1118/1118 1114/1114/1114
f 1118/1118/1118 1119/1119/1119 1116/1116/1116
f 1118/1118/1118 1117/1117/1117 1120/1120/1120
f 1118/1118/1118 1121/1121/1121 1119/1119/1119
f 1121/1121/1121 1118/1118/1118 1120/1120/1120
f 1121/1121/1121 1122/1122/1122 1119/1119/1119
f 1121/1121/1121 1120/1120/1120 1123/1123/1123
f 1121/1121/1121 1124/1124/1124 1122/1122/1122
f 1124/1124/1124 1121/1121/1121 1123/1123/1123
f 1124/1124/1124 1125/1125/1125 1122/1122/1122
f 1124/1124/1124 1123/1123/1123 1126/1126/1126
f 1124/1124/1124 1126/1126/1126 1125/1125/1125
f 1123/1123/1123 1127/1127/1127 1126/1126/1126
f 1126/1126/1126 1128/1128/1128 1125/1125/1125
f 1126/1126/1126 1127/1127/1127 1129/1129/1129
f 1126/1126/1126 1130/1130/1130 1128/1128/1128
f 1130/1130/1130 1126/1126/1126 1129/1129/1129
f 1130/1130/1130 1131/1131/1131 1128/1128/1128
f 1130/1130/1130 1129/1129/1129 1132/1132/1132
f 1130/1130/1130 1133/1133/1133 1131/1131/1131
f 1133/1133/1133 1130/1130/1130 1132/1132/1132
f 1133/1133/1133 1134/1134/1134 1131/1131/1131
f 1132/1132/1132 1135/1135/1135 1133/1133/1133
f 1133/1133/1133 1136/1136/1136 1134/1134/1134
f 1135/1135/1135 1136/1136/1136 1133/1133/1133
f 1136/1136/1136 1137/1137/1137 1134/1134/1134
f 1135/1135/1135 1138/1138/1138 1136/1136/1136
f 1136/1136/1136 1139/1139/1139 1137/1137/1137
f 1138/1138/1138 1140/1140/1140 1136/1136/1136
f 1139/1139/1139 1136/1136/1136 1141/1141/1141
f 1136/1136/1136 1140/1140/1140 1142/1142/1142
f 1141/1141/1141 1136/1136/1136 1143/1143/1143
f 1142/1142/1142 1143/1143/1143 1136/1136/1136
f 1105/1105/1105 1144/1144/1144 1108/1108/1108
f 1108/1108/1108 1144/1144/1144 1145/1145/1145
f 1144/1144/1144 1105/1105/1105 1107/1107/1107
f 1145/1145/1145 1144/1144/1144 1107/1107/1107
f 1146/1146/1146 1108/1108/1108 1145/1145/1145
f 1147/1147/1147 1145/1145/1145 1107/1107/1107
f 1147/1147/1147 1148/1148/1148 1145/1145/1145
f 1146/1146/1146 1145/1145/1145 1149/1149/1149
f 1148/1148/1148 1150/1150/1150 1145/1145/1145
f 1145/1145/1145 1150/1150/1150 1149/1149/1149
f 1150/1150/1150 1148/1148/1148 1151/1151/1151
f 1149/1149/1149 1150/1150/1150 1152/1152/1152
f 1152/1152/1152 1150/1150/1150 1151/1151/1151
f 1153/1153/1153 1149/1149/1149 1152/1152/1152
f 1152/1152/1152 1151/1151/1151 1154/1154/1154
f 1153/1153/1153 1152/1152/1152 1154/1154/1154
f 1151/1151/1151 1155/1155/1155 1154/1154/1154
f 1156/1156/1156 1153/1153/1153 1154/1154/1154
f 1157/1157/1157 1154/1154/1154 1155/1155/1155
f 1154/1154/1154 1157/1157/1157 1156/1156/1156
f 1157/1157/1157 1158/1158/1158 1156/1156/1156
f 1159/1159/1159 1157/1157/1157 1155/1155/1155
f 1160/1160/1160 1158/1158/1158 1157/1157/1157
f 1157/1157/1157 1159/1159/1159 1161/1161/1161
f 1161/1161/1161 1160/1160/1160 1157/1157/1157
f 1159/1159/1159 1162/1162/1162 1161/1161/1161
f 1161/1161/1161 1163/1163/1163 1160/1160/1160
f 1161/1161/1161 1162/1162/1162 1163/1163/1163
f 1163/1163/1163 1164/1164/1164 1160/1160/1160
f 1162/1162/1162 1165/1165/1165 1163/1163/1163
f 1163/1163/1163 1166/1166/1166 1164/1164/1164
f 1166/1166/1166 1163/1163/1163 1165/1165/1165
f 1166/1166/1166 1167/1167/1167 1164/1164/1164
f 1168/1168/1168 1166/1166/1166 1165/1165/1165
f 1167/1167/1167 1166/1166/1166 1169/1169/1169
f 1168/1168/1168 1170/1170/1170 1166/1166/1166
f 1169/1169/1169 1166/1166/1166 1171/1171/1171
f 1170/1170/1170 1172/1172/1172 1166/1166/1166
f 1171/1171/1171 1166/1166/1166 1173/1173/1173
f 1166/1166/1166 1172/1172/1172 1174/1174/1174
f 1174/1174/1174 1173/1173/1173 1166/1166/1166
f 1177/1177/1177 1176/1176/1176 1175/1175/1175
f 1177/1177/1177 1175/1175/1175 1178/1178/1178
f 1177/1177/1177 1179/1179/1179 1176/1176/1176
f 1180/1180/1180 1177/1177/1177 1178/1178/1178
f 1180/1180/1180 1178/1178/1178 1181/1181/1181
f 1182/1182/1182 1179/1179/1179 1177/1177/1177
f 1182/1182/1182 1177/1177/1177 1180/1180/1180
f 1179/1179/1179 1182/1182/1182 1183/1183/1183
f 1179/1179/1179 1183/1183/1183 1184/1184/1184
f 1180/1180/1180 1185/1185/1185 1182/1182/1182
f 1185/1185/1185 1183/1183/1183 1182/1182/1182
f 1186/1186/1186 1180/1180/1180 1181/1181/1181
f 1180/1180/1180 1186/1186/1186 1185/1185/1185
f 1183/1183/1183 1187/1187/1187 1184/1184/1184
f 1187/1187/1187 1188/1188/1188 1184/1184/1184
f 1188/1188/1188 1187/1187/1187 1189/1189/1189
f 1181/1181/1181 1190/1190/1190 1186/1186/1186
f 1191/1191/1191 1190/1190/1190 1181/1181/1181
f 1187/1187/1187 1183/1183/1183 1192/1192/1192
f 1183/1183/1183 1185/1185/1185 1192/1192/1192
f 1187/1187/1187 1193/1193/1193 1189/1189/1189
f 1193/1193/1193 1187/1187/1187 1192/1192/1192
f 1194/1194/1194 1189/1189/1189 1193/1193/1193
f 1186/1186/1186 1190/1190/1190 1195/1195/1195
f 1186/1186/1186 1195/1195/1195 1185/1185/1185
f 1196/1196/1196 1190/1190/1190 1191/1191/1191
f 1190/1190/1190 1196/1196/1196 1195/1195/1195
f 1197/1197/1197 1196/1196/1196 1191/1191/1191
f 1192/1192/1192 1185/1185/1185 1198/1198/1198
f 1185/1185/1185 1195/1195/1195 1198/1198/1198
f 1199/1199/1199 1193/1193/1193 1192/1192/1192
f 1192/1192/1192 1198/1198/1198 1199/1199/1199
f 1194/1194/1194 1193/1193/1193 1200/1200/1200
f 1193/1193/1193 1199/1199/1199 1200/1200/1200
f 1198/1198/1198 1195/1195/1195 1201/1201/1201
f 1195/1195/1195 1196/1196/1196 1201/1201/1201
f 1202/1202/1202 1196/1196/1196 1197/1197/1197
f 1203/1203/1203 1202/1202/1202 1197/1197/1197
f 1200/1200/1200 1204/1204/1204 1194/1194/1194
f 1194/1194/1194 1204/1204/1204 1205/1205/1205
f 1204/1204/1204 1206/1206/1206 1205/1205/1205
f 1206/1206/1206 1204/1204/1204 1207/1207/1207
f 1207/1207/1207 1204/1204/1204 1208/1208/1208
f 1204/1204/1204 1200/1200/1200 1208/1208/1208
f 1207/1207/1207 1208/1208/1208 492/492/492
f 1201/1201/1201 1209/1209/1209 1198/1198/1198
f 1198/1198/1198 1209/1209/1209 1199/1199/1199
f 1196/1196/1196 1210/1210/1210 1201/1201/1201
f 1196/1196/1196 1202/1202/1202 1210/1210/1210
f 1199/1199/1199 1211/1211/1211 1200/1200/1200
f 1208/1208/1208 1200/1200/1200 1211/1211/1211
f 1211/1211/1211 1199/1199/1199 1212/1212/1212
f 1211/1211/1211 1212/1212/1212 1208/1208/1208
f 1199/1199/1199 1209/1209/1209 1212/1212/1212
f 492/492/492 1208/1208/1208 1213/1213/1213
f 1212/1212/1212 1213/1213/1213 1208/1208/1208
f 1213/1213/1213 490/490/490 492/492/492
f 1212/1212/1212 1214/1214/1214 1213/1213/1213
f 1212/1212/1212 1209/1209/1209 1214/1214/1214
f 1214/1214/1214 490/490/490 1213/1213/1213
f 1201/1201/1201 1215/1215/1215 1209/1209/1209
f 1209/1209/1209 1215/1215/1215 1214/1214/1214
f 490/490/490 1214/1214/1214 1215/1215/1215
f 1201/1201/1201 1210/1210/1210 1215/1215/1215
f 485/485/485 490/490/490 1215/1215/1215
f 1215/1215/1215 1216/1216/1216 485/485/485
f 1210/1210/1210 1216/1216/1216 1215/1215/1215
f 480/480/480 485/485/485 1216/1216/1216
f 1210/1210/1210 1217/1217/1217 1216/1216/1216
f 1202/1202/1202 1217/1217/1217 1210/1210/1210
f 1218/1218/1218 480/480/480 1216/1216/1216
f 1217/1217/1217 1218/1218/1218 1216/1216/1216
f 1219/1219/1219 1217/1217/1217 1202/1202/1202
f 1217/1217/1217 1219/1219/1219 1218/1218/1218
f 480/480/480 1218/1218/1218 1220/1220/1220
f 1219/1219/1219 1220/1220/1220 1218/1218/1218
f 475/475/475 480/480/480 1220/1220/1220
f 1221/1221/1221 1219/1219/1219 1202/1202/1202
f 1221/1221/1221 1202/1202/1202 1203/1203/1203
f 1222/1222/1222 1221/1221/1221 1203/1203/1203
f 1223/1223/1223 1221/1221/1221 1222/1222/1222
f 1224/1224/1224 1223/1223/1223 1222/1222/1222
f 1223/1223/1223 1224/1224/1224 1225/1225/1225
f 1219/1219/1219 1221/1221/1221 1226/1226/1226
f 1219/1219/1219 1226/1226/1226 1220/1220/1220
f 1221/1221/1221 1223/1223/1223 1226/1226/1226
f 1227/1227/1227 475/475/475 1220/1220/1220
f 1226/1226/1226 1227/1227/1227 1220/1220/1220
f 464/464/464 475/475/475 1227/1227/1227
f 1228/1228/1228 464/464/464 1227/1227/1227
f 1228/1228/1228 1227/1227/1227 1226/1226/1226
f 464/464/464 1228/1228/1228 459/459/459
f 1229/1229/1229 1228/1228/1228 1226/1226/1226
f 1223/1223/1223 1229/1229/1229 1226/1226/1226
f 1230/1230/1230 1223/1223/1223 1225/1225/1225
f 1225/1225/1225 1231/1231/1231 1230/1230/1230
f 1228/1228/1228 1232/1232/1232 459/459/459
f 1228/1228/1228 1229/1229/1229 1232/1232/1232
f 1233/1233/1233 1229/1229/1229 1223/1223/1223
f 1230/1230/1230 1233/1233/1233 1223/1223/1223
f 1229/1229/1229 1233/1233/1233 1232/1232/1232
f 1234/1234/1234 1232/1232/1232 1233/1233/1233
f 459/459/459 1232/1232/1232 1235/1235/1235
f 1234/1234/1234 1235/1235/1235 1232/1232/1232
f 459/459/459 1235/1235/1235 356/356/356
f 1231/1231/1231 1236/1236/1236 1230/1230/1230
f 1231/1231/1231 278/278/278 1236/1236/1236
f 1237/1237/1237 1233/1233/1233 1230/1230/1230
f 1237/1237/1237 1234/1234/1234 1233/1233/1233
f 1236/1236/1236 1237/1237/1237 1230/1230/1230
f 356/356/356 1235/1235/1235 1238/1238/1238
f 1235/1235/1235 1234/1234/1234 1238/1238/1238
f 278/278/278 1239/1239/1239 1236/1236/1236
f 277/277/277 1239/1239/1239 278/278/278
f 1240/1240/1240 1237/1237/1237 1236/1236/1236
f 1239/1239/1239 1240/1240/1240 1236/1236/1236
f 1237/1237/1237 1240/1240/1240 1234/1234/1234
f 1239/1239/1239 277/277/277 1241/1241/1241
f 1240/1240/1240 1239/1239/1239 1241/1241/1241
f 1240/1240/1240 1241/1241/1241 1234/1234/1234
f 273/273/273 1241/1241/1241 277/277/277
f 1241/1241/1241 1242/1242/1242 1234/1234/1234
f 1241/1241/1241 273/273/273 1242/1242/1242
f 1242/1242/1242 1238/1238/1238 1234/1234/1234
f 1243/1243/1243 356/356/356 1238/1238/1238
f 1243/1243/1243 349/349/349 356/356/356
f 1238/1238/1238 1244/1244/1244 1243/1243/1243
f 1244/1244/1244 349/349/349 1243/1243/1243
f 1242/1242/1242 1244/1244/1244 1238/1238/1238
f 349/349/349 1244/1244/1244 287/287/287
f 1242/1242/1242 273/273/273 1245/1245/1245
f 287/287/287 1245/1245/1245 273/273/273
f 1245/1245/1245 1244/1244/1244 1242/1242/1242
f 1244/1244/1244 1245/1245/1245 287/287/287
