g S_wpn_claym_0004_01_lod0
v -0.014342365 0.117368676 -0.015013612
v -0.026337853 0.124871366 -0.015013612
v -0.021439446 0.12794837 -0.015013612
v -0.020252442 0.11323127 -0.015013612
v -0.030784337 0.12326237 -0.015013612
v -0.014203553 0.1170687 -0.017169192
v -0.026481504 0.11061336 -0.015013612
v -0.03544172 0.12291058 -0.015013612
v -0.033978146 0.10942047 -0.015013612
v -0.04060112 0.12480004 -0.015013612
v -0.020113628 0.11293128 -0.017169192
v -0.02634269 0.11031336 -0.017169192
v -0.020252442 0.11323127 -0.01932482
v -0.014342365 0.117368676 -0.01932482
v -0.03383936 0.10912047 -0.017169192
v -0.026337853 0.124871366 -0.01932482
v -0.021439446 0.12794837 -0.01932482
v -0.02642419 0.1251999 -0.017169192
v -0.021839904 0.12839685 -0.017169192
v -0.021439446 0.12794837 -0.015013612
v -0.026337853 0.124871366 -0.015013612
v -0.030784337 0.12326237 -0.015013612
v -0.026481504 0.11061336 -0.01932482
v -0.030784337 0.12326237 -0.01932482
v -0.030905882 0.123731755 -0.017169192
v -0.03544172 0.12291058 -0.015013612
v -0.03544172 0.12291058 -0.01932482
v -0.03541013 0.12343673 -0.017169192
v -0.04060112 0.12480004 -0.015013612
v -0.033978146 0.10942047 -0.01932482
v -0.040211268 0.12522195 -0.017169192
v -0.044168293 0.12842007 -0.015013612
v -0.04060112 0.12480004 -0.01932482
v -0.041594468 0.11031857 -0.017169192
v -0.04361669 0.12880741 -0.017169192
v -0.046280537 0.13395882 -0.015013612
v -0.044168293 0.12842007 -0.01932482
v -0.04167215 0.110710174 -0.01932482
v -0.04167215 0.110710174 -0.015013612
v -0.045671873 0.13395882 -0.017169192
v -0.04594124 0.13943742 -0.015013612
v -0.04839268 0.114197634 -0.01932482
v -0.04861495 0.11396756 -0.017169192
v -0.04839268 0.114197634 -0.015013612
v -0.044168293 0.12842007 -0.015013612
v -0.053996075 0.119131856 -0.017169192
v -0.05371951 0.11929339 -0.015013612
v -0.05371951 0.11929339 -0.01932482
v -0.057493694 0.12574814 -0.015013612
v -0.046280537 0.13395882 -0.015013612
v -0.057908695 0.12565589 -0.017169192
v -0.057493694 0.12574814 -0.01932482
v -0.05997916 0.13299192 -0.017169192
v -0.05933338 0.13299188 -0.015013612
v -0.046280537 0.13395882 -0.01932482
v -0.05913527 0.14033724 -0.015013612
v -0.04594124 0.13943742 -0.015013612
v -0.05933338 0.13299188 -0.01932482
v -0.05978105 0.14033724 -0.017169192
v -0.056840222 0.1475243 -0.015013612
v -0.044223215 0.14401734 -0.015013612
v -0.05913527 0.14033724 -0.01932482
v -0.05748601 0.1475243 -0.017169192
v -0.04594124 0.13943742 -0.01932482
v -0.05260964 0.15372142 -0.015013612
v -0.040003624 0.14800504 -0.015013612
v -0.056840222 0.1475243 -0.01932482
v -0.05325544 0.15372142 -0.017169192
v -0.048221152 0.15890723 -0.017169192
v -0.047772124 0.15857935 -0.015013612
v -0.0075224224 0.1683832 -0.015013612
v -0.015817553 0.17916538 -0.015013612
v -0.0020393257 0.17413095 -0.015013612
v -0.045248717 0.13906325 -0.017169192
v -0.044223215 0.14401734 -0.015013612
v -0.05260964 0.15372142 -0.01932482
v -0.044223215 0.14401734 -0.01932482
v -0.043605495 0.14356834 -0.017169192
v -0.040003624 0.14800504 -0.015013612
v -0.040003624 0.14800504 -0.01932482
v -0.039611243 0.14754598 -0.017169192
v -0.00713001 0.16792406 -0.017169192
v -0.0075224224 0.1683832 -0.015013612
v -0.0020393257 0.17413095 -0.015013612
v -0.047772124 0.15857935 -0.01932482
v -0.0075224224 0.1683832 -0.01932482
v -0.0011222886 0.17413098 -0.017169192
v 0.001771192 0.17983145 -0.015013612
v -0.015817553 0.17916538 -0.01932482
v -0.0020393257 0.17413095 -0.01932482
v 0.0026881974 0.17983145 -0.017169192
v 0.004459929 0.18648559 -0.015013612
v 0.001771192 0.17983145 -0.01932482
v 0.0053769657 0.18648559 -0.017169192
v 0.00569436 0.19323444 -0.015013612
v -0.016266601 0.17949325 -0.017169192
v -0.012112634 0.18232065 -0.01932482
v -0.012758422 0.18232065 -0.017169192
v 0.004459929 0.18648559 -0.01932482
v -0.012112634 0.18232065 -0.015013612
v 0.001771192 0.17983145 -0.015013612
v -0.010324309 0.18596265 -0.017169192
v -0.009678521 0.18596265 -0.01932482
v -0.009678521 0.18596265 -0.015013612
v 0.004459929 0.18648559 -0.015013612
v -0.008765137 0.18977576 -0.017169192
v -0.008119351 0.18977576 -0.015013612
v -0.007859483 0.19411564 -0.017169192
v 0.00569436 0.19323444 -0.015013612
v -0.008119351 0.18977576 -0.01932482
v -0.0072425297 0.1941156 -0.015013612
v 0.006268018 0.24993546 -0.016224962
v -0.0062670237 0.24993546 -0.016224962
v -0.0068839774 0.24993546 -0.018380543
v -0.0062670237 0.24993546 -0.020536171
v -0.0072425297 0.1941156 -0.01932482
v 0.006268018 0.24993546 -0.020536171
v 0.00569436 0.19323444 -0.01932482
v 0.0071441117 0.24993546 -0.018380543
v 0.006570454 0.19323444 -0.017169192
v 0.006268018 0.24993546 -0.016224962
v 0.046374314 -0.36380282 0.014564764
v 0.039425455 -0.36380282 0.016286695
v -0.04144822 -0.36380282 0.01589734
v -0.04738413 -0.36380282 0.014079239
v -0.051437587 -0.36380282 0.010331291
v 0.051338453 -0.36380282 0.010331291
v 0.053992294 -0.36380282 0.005682769
v -0.05397695 -0.36376944 0.0051176334
v -0.05510915 -0.36380282 2.304805E-18
v 0.054718006 -0.36380282 3.206111E-18
v 0.040984385 -0.3811951 0.016550094
v -0.04540799 -0.3811951 0.015170191
v -0.040641826 -0.3811951 0.01675028
v 0.04645223 -0.3811951 0.014458526
v -0.051263813 -0.3811951 0.010331291
v 0.05176132 -0.38083464 0.009774025
v -0.054079045 -0.3811951 0.005682769
v 0.05394032 -0.38091278 0.0049517527
v -0.05490714 -0.3811951 -1.7958114E-17
v 0.05477851 -0.38093415 1.8516507E-17
v -0.055701546 -0.36116102 2.5271772E-18
v -0.05510915 -0.36380282 2.304805E-18
v -0.05397695 -0.36376944 0.0051176334
v -0.054901063 -0.36116102 0.005682769
v -0.051437587 -0.36380282 0.010331291
v -0.05202141 -0.36116102 0.010824025
v -0.04738413 -0.36380282 0.014079239
v -0.047849983 -0.36116102 0.0145097105
v -0.04144822 -0.36380282 0.01589734
v -0.04150505 -0.36116102 0.016568137
v 0.03932341 -0.36116102 0.01735164
v 0.039425455 -0.36380282 0.016286695
v 0.046374314 -0.36380282 0.014564764
v 0.04716141 -0.36116102 0.015491315
v 0.051338453 -0.36380282 0.010331291
v 0.052422106 -0.36116102 0.010923582
v 0.053992294 -0.36380282 0.005682769
v 0.055021666 -0.36116102 0.0057133236
v 0.055721052 -0.36116102 3.613807E-18
v 0.054718006 -0.36380282 3.206111E-18
v 0.057332695 -0.38450208 0.0064707813
v 0.058185708 -0.3845053 -2.8476609E-18
v 0.05561552 -0.38450575 1.9103961E-17
v 0.05460751 -0.3845053 0.005708095
v 0.054217212 -0.3845118 0.012620279
v 0.052085705 -0.3845053 0.010723005
v 0.04876771 -0.3845059 0.017406132
v 0.047104705 -0.3845053 0.01505316
v 0.04085934 -0.3845053 0.020034675
v 0.040245775 -0.3845053 0.01728702
v -0.04129896 -0.3845053 0.019671619
v -0.041261386 -0.3845053 0.0167179
v -0.04627787 -0.3845053 0.015428513
v -0.048510704 -0.3845053 0.017521754
v -0.051930927 -0.38450977 0.010798339
v -0.05434791 -0.3845053 0.0123862345
v -0.054884773 -0.3845053 0.0058644586
v -0.057313554 -0.3845053 0.0068214345
v -0.055449817 -0.3845053 -1.8053685E-17
v -0.058384903 -0.3845053 1.6368923E-19
v 0.05460751 -0.3845053 0.005708095
v 0.05561552 -0.38450575 1.9103961E-17
v 0.05477851 -0.38093415 1.8516507E-17
v 0.05394032 -0.38091278 0.0049517527
v 0.05176132 -0.38083464 0.009774025
v 0.052085705 -0.3845053 0.010723005
v 0.047104705 -0.3845053 0.01505316
v 0.04645223 -0.3811951 0.014458526
v 0.040984385 -0.3811951 0.016550094
v 0.040245775 -0.3845053 0.01728702
v -0.040641826 -0.3811951 0.01675028
v -0.041261386 -0.3845053 0.0167179
v -0.04540799 -0.3811951 0.015170191
v -0.04627787 -0.3845053 0.015428513
v -0.051263813 -0.3811951 0.010331291
v -0.051930927 -0.38450977 0.010798339
v -0.054079045 -0.3811951 0.005682769
v -0.054884773 -0.3845053 0.0058644586
v -0.055449817 -0.3845053 -1.8053685E-17
v -0.05490714 -0.3811951 -1.7958114E-17
v -0.057313554 -0.3845053 0.0068214345
v -0.058384903 -0.3845053 1.6368923E-19
v -0.058384903 -0.36116102 5.4701366E-19
v -0.057313554 -0.36116102 0.0068214345
v -0.05434791 -0.36116102 0.0123862345
v -0.05434791 -0.3845053 0.0123862345
v -0.048510704 -0.3845053 0.017521754
v -0.048510704 -0.36116102 0.017521754
v -0.04129896 -0.36116102 0.019671619
v -0.04129896 -0.3845053 0.019671619
v 0.04085934 -0.3845053 0.020034675
v 0.04085934 -0.36116102 0.020034675
v 0.048765097 -0.36116102 0.017332625
v 0.04876771 -0.3845059 0.017406132
v 0.054421432 -0.36116102 0.012172697
v 0.054217212 -0.3845118 0.012620279
v 0.057254285 -0.36116102 0.0067372476
v 0.057332695 -0.38450208 0.0064707813
v 0.058185708 -0.3845053 -2.8476609E-18
v 0.058401577 -0.36116102 -2.9731332E-18
v -0.057313554 -0.36116102 0.0068214345
v -0.058384903 -0.36116102 5.4701366E-19
v -0.055701546 -0.36116102 2.5271772E-18
v -0.054901063 -0.36116102 0.005682769
v -0.05434791 -0.36116102 0.0123862345
v -0.05202141 -0.36116102 0.010824025
v -0.048510704 -0.36116102 0.017521754
v -0.047849983 -0.36116102 0.0145097105
v -0.04129896 -0.36116102 0.019671619
v -0.04150505 -0.36116102 0.016568137
v 0.03932341 -0.36116102 0.01735164
v 0.04085934 -0.36116102 0.020034675
v 0.04716141 -0.36116102 0.015491315
v 0.048765097 -0.36116102 0.017332625
v 0.052422106 -0.36116102 0.010923582
v 0.054421432 -0.36116102 0.012172697
v 0.055021666 -0.36116102 0.0057133236
v 0.057254285 -0.36116102 0.0067372476
v 0.055721052 -0.36116102 3.613807E-18
v 0.058401577 -0.36116102 -2.9731332E-18
v 0.046374314 -0.36380282 -0.014564764
v -0.04144822 -0.36380282 -0.01589734
v 0.039425455 -0.36380282 -0.016286695
v -0.04738413 -0.36380282 -0.014079239
v -0.051437587 -0.36380282 -0.010331291
v 0.051338453 -0.36380282 -0.010331291
v 0.053992294 -0.36380282 -0.005682769
v -0.05397695 -0.36376944 -0.0051176334
v -0.05510915 -0.36380282 2.304805E-18
v 0.054718006 -0.36380282 3.206111E-18
v 0.040984385 -0.3811951 -0.016550094
v -0.040641826 -0.3811951 -0.01675028
v -0.04540799 -0.3811951 -0.015170191
v 0.04645223 -0.3811951 -0.014458526
v -0.051263813 -0.3811951 -0.010331291
v 0.05176132 -0.38083464 -0.009774025
v -0.054079045 -0.3811951 -0.005682769
v 0.05394032 -0.38091278 -0.0049517527
v -0.05490714 -0.3811951 -1.7958114E-17
v 0.05477851 -0.38093415 1.8516507E-17
v -0.055701546 -0.36116102 2.5271772E-18
v -0.05397695 -0.36376944 -0.0051176334
v -0.05510915 -0.36380282 2.304805E-18
v -0.054901063 -0.36116102 -0.005682769
v -0.051437587 -0.36380282 -0.010331291
v -0.05202141 -0.36116102 -0.010824025
v -0.04738413 -0.36380282 -0.014079239
v -0.047849983 -0.36116102 -0.0145097105
v -0.04144822 -0.36380282 -0.01589734
v -0.04150505 -0.36116102 -0.016568137
v 0.03932341 -0.36116102 -0.01735164
v 0.039425455 -0.36380282 -0.016286695
v 0.046374314 -0.36380282 -0.014564764
v 0.04716141 -0.36116102 -0.015491315
v 0.051338453 -0.36380282 -0.010331291
v 0.052422106 -0.36116102 -0.010923582
v 0.053992294 -0.36380282 -0.005682769
v 0.055021666 -0.36116102 -0.0057133236
v 0.055721052 -0.36116102 3.613807E-18
v 0.054718006 -0.36380282 3.206111E-18
v 0.057332695 -0.38450208 -0.0064707813
v 0.05561552 -0.38450575 1.9103961E-17
v 0.058185708 -0.3845053 -2.8476609E-18
v 0.05460751 -0.3845053 -0.005708095
v 0.054217212 -0.3845118 -0.012620279
v 0.052085705 -0.3845053 -0.010723005
v 0.04876771 -0.3845059 -0.017406132
v 0.047104705 -0.3845053 -0.01505316
v 0.04085934 -0.3845053 -0.020034675
v 0.040245775 -0.3845053 -0.01728702
v -0.04129896 -0.3845053 -0.019671619
v -0.041261386 -0.3845053 -0.0167179
v -0.04627787 -0.3845053 -0.015428513
v -0.048510704 -0.3845053 -0.017521754
v -0.051930927 -0.38450977 -0.010798339
v -0.05434791 -0.3845053 -0.0123862345
v -0.054884773 -0.3845053 -0.0058644586
v -0.057313554 -0.3845053 -0.0068214345
v -0.055449817 -0.3845053 -1.8053685E-17
v -0.058384903 -0.3845053 1.6368923E-19
v 0.05460751 -0.3845053 -0.005708095
v 0.05477851 -0.38093415 1.8516507E-17
v 0.05561552 -0.38450575 1.9103961E-17
v 0.05394032 -0.38091278 -0.0049517527
v 0.05176132 -0.38083464 -0.009774025
v 0.052085705 -0.3845053 -0.010723005
v 0.047104705 -0.3845053 -0.01505316
v 0.04645223 -0.3811951 -0.014458526
v 0.040984385 -0.3811951 -0.016550094
v 0.040245775 -0.3845053 -0.01728702
v -0.040641826 -0.3811951 -0.01675028
v -0.041261386 -0.3845053 -0.0167179
v -0.04540799 -0.3811951 -0.015170191
v -0.04627787 -0.3845053 -0.015428513
v -0.051263813 -0.3811951 -0.010331291
v -0.051930927 -0.38450977 -0.010798339
v -0.054079045 -0.3811951 -0.005682769
v -0.054884773 -0.3845053 -0.0058644586
v -0.055449817 -0.3845053 -1.8053685E-17
v -0.05490714 -0.3811951 -1.7958114E-17
v -0.057313554 -0.3845053 -0.0068214345
v -0.058384903 -0.36116102 5.4701366E-19
v -0.058384903 -0.3845053 1.6368923E-19
v -0.057313554 -0.36116102 -0.0068214345
v -0.05434791 -0.36116102 -0.0123862345
v -0.05434791 -0.3845053 -0.0123862345
v -0.048510704 -0.3845053 -0.017521754
v -0.048510704 -0.36116102 -0.017521754
v -0.04129896 -0.36116102 -0.019671619
v -0.04129896 -0.3845053 -0.019671619
v 0.04085934 -0.3845053 -0.020034675
v 0.04085934 -0.36116102 -0.020034675
v 0.048765097 -0.36116102 -0.017332625
v 0.04876771 -0.3845059 -0.017406132
v 0.054421432 -0.36116102 -0.012172697
v 0.054217212 -0.3845118 -0.012620279
v 0.057254285 -0.36116102 -0.0067372476
v 0.057332695 -0.38450208 -0.0064707813
v 0.058185708 -0.3845053 -2.8476609E-18
v 0.058401577 -0.36116102 -2.9731332E-18
v -0.057313554 -0.36116102 -0.0068214345
v -0.055701546 -0.36116102 2.5271772E-18
v -0.058384903 -0.36116102 5.4701366E-19
v -0.054901063 -0.36116102 -0.005682769
v -0.05434791 -0.36116102 -0.0123862345
v -0.05202141 -0.36116102 -0.010824025
v -0.048510704 -0.36116102 -0.017521754
v -0.047849983 -0.36116102 -0.0145097105
v -0.04129896 -0.36116102 -0.019671619
v -0.04150505 -0.36116102 -0.016568137
v 0.03932341 -0.36116102 -0.01735164
v 0.04085934 -0.36116102 -0.020034675
v 0.04716141 -0.36116102 -0.015491315
v 0.048765097 -0.36116102 -0.017332625
v 0.052422106 -0.36116102 -0.010923582
v 0.054421432 -0.36116102 -0.012172697
v 0.055021666 -0.36116102 -0.0057133236
v 0.057254285 -0.36116102 -0.0067372476
v 0.055721052 -0.36116102 3.613807E-18
v 0.058401577 -0.36116102 -2.9731332E-18
v -0.010674432 -0.5034418 0.006161733
v -0.012325462 -0.5034418 3.0529729E-18
v -0.016089126 -0.49855235 4.445626E-18
v -0.013933869 -0.49855235 0.008043526
v -0.016251491 -0.49119186 -1.7867058E-17
v -0.0061637685 -0.5034418 0.010672399
v -0.014074479 -0.49119186 0.008124707
v -0.00804556 -0.49855235 0.013931836
v -2.0348898E-06 -0.5034418 0.012323428
v -0.008126742 -0.49119186 0.014072444
v -2.0348898E-06 -0.49855235 0.016087092
v 0.0061596977 -0.5034418 0.010672399
v -2.0348898E-06 -0.49119186 0.01624946
v 0.008041492 -0.49855235 0.013931836
v 0.010670365 -0.5034418 0.006161733
v 0.008122673 -0.49119186 0.014072444
v 0.013929799 -0.49855235 0.008043526
v 0.012321392 -0.5034418 -1.8313292E-17
v 0.014070411 -0.49119186 0.008124707
v 0.016085057 -0.49855235 -1.6697888E-17
v 0.016247422 -0.49119186 1.89164E-18
v 0.0168613 -0.48459354 -2.8206652E-18
v 0.013777296 -0.39975023 0.0079554785
v 0.015908962 -0.39975023 -4.8421817E-18
v 0.014602048 -0.48459354 0.008431647
v 0.007953444 -0.39975023 0.013779331
v 0.008429612 -0.48459354 0.014604081
v -2.0348898E-06 -0.39975023 0.015910996
v -2.0348898E-06 -0.48459354 0.016863339
v -0.007957513 -0.39975023 0.013779331
v -0.008433681 -0.48459354 0.014604081
v -0.013781367 -0.39975023 0.0079554785
v -0.014606115 -0.48459354 0.008431647
v -0.01591303 -0.39975023 -1.5157494E-18
v -0.016865373 -0.48459354 3.7121384E-18
v 0.012052862 -0.48669 4.3978583E-18
v 0.014602048 -0.48459354 0.008431647
v 0.0168613 -0.48459354 -2.8206652E-18
v 0.010437838 -0.48669 0.0060274485
v 0.012183105 -0.4892639 3.0956465E-18
v 0.008429612 -0.48459354 0.014604081
v 0.010550603 -0.4892639 0.0060925703
v 0.015114274 -0.49006456 1.710494E-18
v 0.0060254144 -0.48669 0.010439871
v -2.0348898E-06 -0.48459354 0.016863339
v 0.013089071 -0.49006456 0.0075581414
v 0.016247422 -0.49119186 1.89164E-18
v 0.014070411 -0.49119186 0.008124707
v -2.0348898E-06 -0.48669 0.012054897
v -0.008433681 -0.48459354 0.014604081
v 0.006090535 -0.4892639 0.010552638
v 0.0075561064 -0.49006456 0.013091106
v 0.008122673 -0.49119186 0.014072444
v -0.0060294834 -0.48669 0.010439871
v -0.014606115 -0.48459354 0.008431647
v -2.0348898E-06 -0.4892639 0.0121851405
v -2.0348898E-06 -0.49006456 0.015116307
v -2.0348898E-06 -0.49119186 0.01624946
v -0.0075601754 -0.49006456 0.013091106
v -0.008126742 -0.49119186 0.014072444
v -0.010441906 -0.48669 0.0060274485
v -0.016865373 -0.48459354 3.7121384E-18
v -0.012056934 -0.48669 2.3420312E-17
v -0.0060946047 -0.4892639 0.010552638
v -0.010554675 -0.4892639 0.0060925703
v -0.0121871745 -0.4892639 1.6711608E-17
v -0.013093142 -0.49006456 0.0075581414
v -0.014074479 -0.49119186 0.008124707
v -0.015118342 -0.49006456 -1.0758214E-17
v -0.016251491 -0.49119186 -1.7867058E-17
v -0.010674432 -0.5034418 0.006161733
v 0.012321392 -0.5034418 -1.8313292E-17
v -0.012325462 -0.5034418 3.0529729E-18
v 0.010670365 -0.5034418 0.006161733
v 0.0061596977 -0.5034418 0.010672399
v -0.0061637685 -0.5034418 0.010672399
v -2.0348898E-06 -0.5034418 0.012323428
v -0.013781367 -0.39975023 0.0079554785
v -0.01591303 -0.39975023 -1.5157494E-18
v -0.024570588 -0.39975023 -1.507951E-17
v -0.021279022 -0.39975023 0.012284258
v -0.007957513 -0.39975023 0.013779331
v -0.012286292 -0.39975023 0.021276984
v -2.0348898E-06 -0.39975023 0.015910996
v -2.0348898E-06 -0.39975023 0.024568558
v 0.007953444 -0.39975023 0.013779331
v 0.0122822225 -0.39975023 0.021276984
v 0.013777296 -0.39975023 0.0079554785
v 0.021274948 -0.39975023 0.012284258
v 0.015908962 -0.39975023 -4.8421817E-18
v 0.024566522 -0.39975023 2.0883382E-19
v -0.021279022 -0.39975023 0.012284258
v -0.024570588 -0.39975023 -1.507951E-17
v -0.028167523 -0.3960593 -1.4721246E-17
v -0.024394086 -0.3960593 0.014082764
v -0.012286292 -0.39975023 0.021276984
v -0.028167523 -0.3893592 1.09859205E-17
v -0.014084797 -0.3960593 0.024392046
v -2.0348898E-06 -0.39975023 0.024568558
v -0.024394086 -0.3893592 0.014082764
v -0.024738112 -0.38513076 1.0342205E-17
v -0.021424105 -0.38513076 0.012368037
v -0.014084797 -0.3893592 0.024392046
v -0.012370073 -0.38513076 0.021422073
v -2.0348898E-06 -0.3960593 0.02816549
v 0.0122822225 -0.39975023 0.021276984
v -2.0348898E-06 -0.3893592 0.02816549
v -2.0348898E-06 -0.38513076 0.024736075
v 0.01408073 -0.3960593 0.024392046
v 0.021274948 -0.39975023 0.012284258
v 0.01408073 -0.3893592 0.024392046
v 0.012366002 -0.38513076 0.021422073
v 0.02439001 -0.3960593 0.014082764
v 0.024566522 -0.39975023 2.0883382E-19
v 0.028163452 -0.3960593 1.1974411E-19
v 0.02439001 -0.3893592 0.014082764
v 0.021420036 -0.38513076 0.012368037
v 0.028163452 -0.3893592 1.6549513E-17
v 0.024734039 -0.38513076 1.5081814E-17
v -0.021424105 -0.38513076 0.012368037
v -0.024738112 -0.38513076 1.0342205E-17
v -0.016117958 -0.38527262 -2.0311605E-19
v -0.013958834 -0.38527262 0.008057943
v -0.012370073 -0.38513076 0.021422073
v -0.008059978 -0.38527262 0.0139568
v -2.0348898E-06 -0.38513076 0.024736075
v -2.0348898E-06 -0.38527262 0.016115922
v 0.012366002 -0.38513076 0.021422073
v 0.008055908 -0.38527262 0.0139568
v 0.021420036 -0.38513076 0.012368037
v 0.013954764 -0.38527262 0.008057943
v 0.024734039 -0.38513076 1.5081814E-17
v 0.016113888 -0.38527262 -1.8530725E-18
v -0.016117958 -0.38527262 -2.0311605E-19
v -0.016117958 -0.38086867 1.1582477E-18
v -0.013958834 -0.38086867 0.008057943
v -0.013958834 -0.38527262 0.008057943
v -0.008059978 -0.38086867 0.0139568
v -0.008059978 -0.38527262 0.0139568
v -2.0348898E-06 -0.38086867 0.016115922
v -2.0348898E-06 -0.38527262 0.016115922
v 0.008055908 -0.38086867 0.0139568
v 0.008055908 -0.38527262 0.0139568
v 0.013954764 -0.38086867 0.008057943
v 0.013954764 -0.38527262 0.008057943
v 0.016113888 -0.38086867 -9.496682E-19
v 0.016113888 -0.38527262 -1.8530725E-18
v -0.010674432 -0.5034418 -0.006161733
v -0.016089126 -0.49855235 4.445626E-18
v -0.012325462 -0.5034418 3.0529729E-18
v -0.013933869 -0.49855235 -0.008043526
v -0.016251491 -0.49119186 -1.7867058E-17
v -0.0061637685 -0.5034418 -0.010672399
v -0.014074479 -0.49119186 -0.008124707
v -0.00804556 -0.49855235 -0.013931836
v -2.0348898E-06 -0.5034418 -0.012323428
v -0.008126742 -0.49119186 -0.014072444
v -2.0348898E-06 -0.49855235 -0.016087092
v 0.0061596977 -0.5034418 -0.010672399
v -2.0348898E-06 -0.49119186 -0.01624946
v 0.008041492 -0.49855235 -0.013931836
v 0.010670365 -0.5034418 -0.006161733
v 0.008122673 -0.49119186 -0.014072444
v 0.013929799 -0.49855235 -0.008043526
v 0.012321392 -0.5034418 -1.8313292E-17
v 0.014070411 -0.49119186 -0.008124707
v 0.016085057 -0.49855235 -1.6697888E-17
v 0.016247422 -0.49119186 1.89164E-18
v 0.0168613 -0.48459354 -2.8206652E-18
v 0.015908962 -0.39975023 -4.8421817E-18
v 0.013777296 -0.39975023 -0.0079554785
v 0.014602048 -0.48459354 -0.008431647
v 0.007953444 -0.39975023 -0.013779331
v 0.008429612 -0.48459354 -0.014604081
v -2.0348898E-06 -0.39975023 -0.015910996
v -2.0348898E-06 -0.48459354 -0.016863339
v -0.007957513 -0.39975023 -0.013779331
v -0.008433681 -0.48459354 -0.014604081
v -0.013781367 -0.39975023 -0.0079554785
v -0.014606115 -0.48459354 -0.008431647
v -0.01591303 -0.39975023 -1.5157494E-18
v -0.016865373 -0.48459354 3.7121384E-18
v 0.012052862 -0.48669 4.3978583E-18
v 0.0168613 -0.48459354 -2.8206652E-18
v 0.014602048 -0.48459354 -0.008431647
v 0.010437838 -0.48669 -0.0060274485
v 0.012183105 -0.4892639 3.0956465E-18
v 0.008429612 -0.48459354 -0.014604081
v 0.010550603 -0.4892639 -0.0060925703
v 0.015114274 -0.49006456 1.710494E-18
v 0.0060254144 -0.48669 -0.010439871
v -2.0348898E-06 -0.48459354 -0.016863339
v 0.013089071 -0.49006456 -0.0075581414
v 0.016247422 -0.49119186 1.89164E-18
v 0.014070411 -0.49119186 -0.008124707
v -2.0348898E-06 -0.48669 -0.012054897
v -0.008433681 -0.48459354 -0.014604081
v 0.006090535 -0.4892639 -0.010552638
v 0.0075561064 -0.49006456 -0.013091106
v 0.008122673 -0.49119186 -0.014072444
v -0.0060294834 -0.48669 -0.010439871
v -0.014606115 -0.48459354 -0.008431647
v -2.0348898E-06 -0.4892639 -0.0121851405
v -2.0348898E-06 -0.49006456 -0.015116307
v -2.0348898E-06 -0.49119186 -0.01624946
v -0.010441906 -0.48669 -0.0060274485
v -0.016865373 -0.48459354 3.7121384E-18
v -0.012056934 -0.48669 2.3420312E-17
v -0.0060946047 -0.4892639 -0.010552638
v -0.0075601754 -0.49006456 -0.013091106
v -0.008126742 -0.49119186 -0.014072444
v -0.010554675 -0.4892639 -0.0060925703
v -0.0121871745 -0.4892639 1.6711608E-17
v -0.013093142 -0.49006456 -0.0075581414
v -0.014074479 -0.49119186 -0.008124707
v -0.015118342 -0.49006456 -1.0758214E-17
v -0.016251491 -0.49119186 -1.7867058E-17
v -0.010674432 -0.5034418 -0.006161733
v -0.012325462 -0.5034418 3.0529729E-18
v 0.012321392 -0.5034418 -1.8313292E-17
v 0.010670365 -0.5034418 -0.006161733
v 0.0061596977 -0.5034418 -0.010672399
v -0.0061637685 -0.5034418 -0.010672399
v -2.0348898E-06 -0.5034418 -0.012323428
v -0.013781367 -0.39975023 -0.0079554785
v -0.024570588 -0.39975023 -1.507951E-17
v -0.01591303 -0.39975023 -1.5157494E-18
v -0.021279022 -0.39975023 -0.012284258
v -0.007957513 -0.39975023 -0.013779331
v -0.012286292 -0.39975023 -0.021276984
v -2.0348898E-06 -0.39975023 -0.015910996
v -2.0348898E-06 -0.39975023 -0.024568558
v 0.007953444 -0.39975023 -0.013779331
v 0.0122822225 -0.39975023 -0.021276984
v 0.013777296 -0.39975023 -0.0079554785
v 0.021274948 -0.39975023 -0.012284258
v 0.015908962 -0.39975023 -4.8421817E-18
v 0.024566522 -0.39975023 2.0883382E-19
v -0.021279022 -0.39975023 -0.012284258
v -0.028167523 -0.3960593 -1.4721246E-17
v -0.024570588 -0.39975023 -1.507951E-17
v -0.024394086 -0.3960593 -0.014082764
v -0.012286292 -0.39975023 -0.021276984
v -0.028167523 -0.3893592 1.09859205E-17
v -0.014084797 -0.3960593 -0.024392046
v -2.0348898E-06 -0.39975023 -0.024568558
v -0.024394086 -0.3893592 -0.014082764
v -0.024738112 -0.38513076 1.0342205E-17
v -0.021424105 -0.38513076 -0.012368037
v -0.014084797 -0.3893592 -0.024392046
v -0.012370073 -0.38513076 -0.021422073
v -2.0348898E-06 -0.3960593 -0.02816549
v 0.0122822225 -0.39975023 -0.021276984
v -2.0348898E-06 -0.3893592 -0.02816549
v -2.0348898E-06 -0.38513076 -0.024736075
v 0.01408073 -0.3960593 -0.024392046
v 0.021274948 -0.39975023 -0.012284258
v 0.01408073 -0.3893592 -0.024392046
v 0.012366002 -0.38513076 -0.021422073
v 0.02439001 -0.3960593 -0.014082764
v 0.024566522 -0.39975023 2.0883382E-19
v 0.028163452 -0.3960593 1.1974411E-19
v 0.02439001 -0.3893592 -0.014082764
v 0.021420036 -0.38513076 -0.012368037
v 0.028163452 -0.3893592 1.6549513E-17
v 0.024734039 -0.38513076 1.5081814E-17
v -0.021424105 -0.38513076 -0.012368037
v -0.016117958 -0.38527262 -2.0311605E-19
v -0.024738112 -0.38513076 1.0342205E-17
v -0.013958834 -0.38527262 -0.008057943
v -0.012370073 -0.38513076 -0.021422073
v -0.008059978 -0.38527262 -0.0139568
v -2.0348898E-06 -0.38513076 -0.024736075
v -2.0348898E-06 -0.38527262 -0.016115922
v 0.012366002 -0.38513076 -0.021422073
v 0.008055908 -0.38527262 -0.0139568
v 0.021420036 -0.38513076 -0.012368037
v 0.013954764 -0.38527262 -0.008057943
v 0.024734039 -0.38513076 1.5081814E-17
v 0.016113888 -0.38527262 -1.8530725E-18
v -0.016117958 -0.38527262 -2.0311605E-19
v -0.013958834 -0.38086867 -0.008057943
v -0.016117958 -0.38086867 1.1582477E-18
v -0.013958834 -0.38527262 -0.008057943
v -0.008059978 -0.38086867 -0.0139568
v -0.008059978 -0.38527262 -0.0139568
v -2.0348898E-06 -0.38086867 -0.016115922
v -2.0348898E-06 -0.38527262 -0.016115922
v 0.008055908 -0.38086867 -0.0139568
v 0.008055908 -0.38527262 -0.0139568
v 0.013954764 -0.38086867 -0.008057943
v 0.013954764 -0.38527262 -0.008057943
v 0.016113888 -0.38086867 -9.496682E-19
v 0.016113888 -0.38527262 -1.8530725E-18
v -0.013893629 -0.3641376 0.0080203125
v -0.016042696 -0.3641376 0
v -0.016042696 -0.35028845 6.8201964E-18
v -0.013893629 -0.35028845 0.0080203125
v -0.0080223465 -0.3641376 0.013891593
v -0.0080223465 -0.35028845 0.013891593
v -2.0348898E-06 -0.3641376 0.016040664
v -2.0348898E-06 -0.35028845 0.016040664
v 0.008018277 -0.3641376 0.013891593
v 0.008018277 -0.35028845 0.013891593
v 0.01388956 -0.3641376 0.0080203125
v 0.01388956 -0.35028845 0.0080203125
v 0.016038626 -0.3641376 6.9505743E-19
v 0.016038626 -0.35028845 -5.4272974E-19
v -0.013814084 -0.332651 0.0079744095
v -0.015950853 -0.332651 6.1125603E-18
v -0.015950853 -0.32017958 -2.638675E-19
v -0.013814084 -0.32017958 0.0079744095
v -0.0079764435 -0.332651 0.013812049
v -0.0079764435 -0.32017958 0.013812049
v -2.0348898E-06 -0.332651 0.015948819
v -2.0348898E-06 -0.32017958 0.015948819
v 0.007972374 -0.332651 0.013812049
v 0.007972374 -0.32017958 0.013812049
v 0.013810015 -0.332651 0.0079744095
v 0.013810015 -0.32017958 0.0079744095
v 0.015946783 -0.332651 6.940593E-18
v 0.015946783 -0.32017958 -8.044061E-19
v -0.013893629 -0.35028845 0.0080203125
v -0.016042696 -0.35028845 6.8201964E-18
v -0.011104657 -0.34089 -7.66731E-18
v -0.009617188 -0.34089 0.0055512916
v -0.0080223465 -0.35028845 0.013891593
v -0.009670013 -0.33805403 -7.26595E-18
v -0.005553327 -0.34089 0.009615153
v -2.0348898E-06 -0.35028845 0.016040664
v -0.008374749 -0.33805403 0.00483401
v -0.011002314 -0.33562347 1.3601716E-17
v -2.0348898E-06 -0.34089 0.011102622
v 0.008018277 -0.35028845 0.013891593
v -0.009528565 -0.33562347 0.0055001597
v -0.015950853 -0.332651 6.1125603E-18
v -0.013814084 -0.332651 0.0079744095
v -0.0048360447 -0.33805403 0.008372715
v -0.005502195 -0.33562347 0.009526531
v -0.0079764435 -0.332651 0.013812049
v 0.005549256 -0.34089 0.009615153
v 0.01388956 -0.35028845 0.0080203125
v -2.0348898E-06 -0.33805403 0.009667979
v -2.0348898E-06 -0.33562347 0.0110002775
v -2.0348898E-06 -0.332651 0.015948819
v 0.009613118 -0.34089 0.0055512916
v 0.016038626 -0.35028845 -5.4272974E-19
v 0.011100587 -0.34089 2.143235E-18
v 0.004831975 -0.33805403 0.008372715
v 0.0054981248 -0.33562347 0.009526531
v 0.007972374 -0.332651 0.013812049
v 0.008370681 -0.33805403 0.00483401
v 0.009665945 -0.33805403 1.0399866E-17
v 0.009524497 -0.33562347 0.0055001597
v 0.013810015 -0.332651 0.0079744095
v 0.010998243 -0.33562347 1.489056E-17
v 0.015946783 -0.332651 6.940593E-18
v -0.013814084 -0.32017958 0.0079744095
v -0.015950853 -0.32017958 -2.638675E-19
v -0.017967544 -0.32010096 -4.2425093E-18
v -0.015560611 -0.32010096 0.008982753
v -0.0079764435 -0.32017958 0.013812049
v -0.008984788 -0.32010096 0.015558576
v -2.0348898E-06 -0.32017958 0.015948819
v -2.0348898E-06 -0.32010096 0.017965507
v 0.007972374 -0.32017958 0.013812049
v 0.00898072 -0.32010096 0.015558576
v 0.013810015 -0.32017958 0.0079744095
v 0.015556542 -0.32010096 0.008982753
v 0.015946783 -0.32017958 -8.044061E-19
v 0.01796347 -0.32010096 7.165933E-19
v -0.015560611 -0.32010096 0.008982753
v -0.017967544 -0.32010096 -4.2425093E-18
v -0.019514749 -0.31953785 -4.044648E-18
v -0.01690053 -0.31953785 0.0097563565
v -0.008984788 -0.32010096 0.015558576
v -0.01690053 -0.3093527 0.0097563565
v -0.019514747 -0.3093527 -6.892134E-18
v -0.009758391 -0.31953785 0.016898496
v -2.0348898E-06 -0.32010096 0.017965507
v -0.015988424 -0.30893886 0.00922975
v -0.018461537 -0.30893886 -6.7976135E-18
v -0.009231784 -0.30893886 0.015986389
v -0.009758391 -0.3093527 0.016898494
v -2.0348898E-06 -0.30893886 0.0184595
v -2.0348898E-06 -0.3093527 0.019512713
v 0.009227715 -0.30893886 0.015986389
v -2.0348898E-06 -0.31953785 0.019512713
v 0.00898072 -0.32010096 0.015558576
v 0.009754321 -0.3093527 0.016898494
v 0.015984355 -0.30893886 0.00922975
v 0.009754322 -0.31953785 0.016898494
v 0.015556542 -0.32010096 0.008982753
v 0.01689646 -0.3093527 0.0097563565
v 0.018457465 -0.30893886 -2.6246894E-18
v 0.019510679 -0.3093527 -2.9174482E-18
v 0.01689646 -0.31953785 0.0097563565
v 0.01796347 -0.32010096 7.165933E-19
v 0.019510679 -0.31953785 6.067389E-19
v -0.015988424 -0.30893886 0.00922975
v -0.018461537 -0.30893886 -6.7976135E-18
v -0.008660257 -0.30835718 1.3462813E-18
v -0.0075002695 -0.30835718 0.004329091
v -0.009231784 -0.30893886 0.015986389
v -0.0043311254 -0.30835718 0.0074982345
v -2.0348898E-06 -0.30893886 0.0184595
v -2.0348898E-06 -0.30835718 0.008658223
v 0.009227715 -0.30893886 0.015986389
v 0.0043270555 -0.30835718 0.0074982345
v 0.015984355 -0.30893886 0.00922975
v 0.007496198 -0.30835718 0.004329091
v 0.018457465 -0.30893886 -2.6246894E-18
v 0.008656188 -0.30835718 -4.3841265E-19
v -0.013893629 -0.3641376 -0.0080203125
v -0.016042696 -0.35028845 6.8201964E-18
v -0.016042696 -0.3641376 0
v -0.013893629 -0.35028845 -0.0080203125
v -0.0080223465 -0.3641376 -0.013891593
v -0.0080223465 -0.35028845 -0.013891593
v -2.0348898E-06 -0.3641376 -0.016040664
v -2.0348898E-06 -0.35028845 -0.016040664
v 0.008018277 -0.3641376 -0.013891593
v 0.008018277 -0.35028845 -0.013891593
v 0.01388956 -0.3641376 -0.0080203125
v 0.01388956 -0.35028845 -0.0080203125
v 0.016038626 -0.3641376 6.9505743E-19
v 0.016038626 -0.35028845 -5.4272974E-19
v -0.013814084 -0.332651 -0.0079744095
v -0.015950853 -0.32017958 -2.638675E-19
v -0.015950853 -0.332651 6.1125603E-18
v -0.013814084 -0.32017958 -0.0079744095
v -0.0079764435 -0.332651 -0.013812049
v -0.0079764435 -0.32017958 -0.013812049
v -2.0348898E-06 -0.332651 -0.015948819
v -2.0348898E-06 -0.32017958 -0.015948819
v 0.007972374 -0.332651 -0.013812049
v 0.007972374 -0.32017958 -0.013812049
v 0.013810015 -0.332651 -0.0079744095
v 0.013810015 -0.32017958 -0.0079744095
v 0.015946783 -0.332651 6.940593E-18
v 0.015946783 -0.32017958 -8.044061E-19
v -0.013893629 -0.35028845 -0.0080203125
v -0.011104657 -0.34089 -7.66731E-18
v -0.016042696 -0.35028845 6.8201964E-18
v -0.009617188 -0.34089 -0.0055512916
v -0.0080223465 -0.35028845 -0.013891593
v -0.009670013 -0.33805403 -7.26595E-18
v -0.005553327 -0.34089 -0.009615153
v -2.0348898E-06 -0.35028845 -0.016040664
v -0.008374749 -0.33805403 -0.00483401
v -0.011002314 -0.33562347 1.3601716E-17
v -2.0348898E-06 -0.34089 -0.011102622
v 0.008018277 -0.35028845 -0.013891593
v -0.009528565 -0.33562347 -0.0055001597
v -0.015950853 -0.332651 6.1125603E-18
v -0.013814084 -0.332651 -0.0079744095
v -0.0048360447 -0.33805403 -0.008372715
v -0.005502195 -0.33562347 -0.009526531
v -0.0079764435 -0.332651 -0.013812049
v 0.005549256 -0.34089 -0.009615153
v 0.01388956 -0.35028845 -0.0080203125
v -2.0348898E-06 -0.33805403 -0.009667979
v -2.0348898E-06 -0.33562347 -0.0110002775
v -2.0348898E-06 -0.332651 -0.015948819
v 0.009613118 -0.34089 -0.0055512916
v 0.016038626 -0.35028845 -5.4272974E-19
v 0.011100587 -0.34089 2.143235E-18
v 0.004831975 -0.33805403 -0.008372715
v 0.0054981248 -0.33562347 -0.009526531
v 0.007972374 -0.332651 -0.013812049
v 0.008370681 -0.33805403 -0.00483401
v 0.009665945 -0.33805403 1.0399866E-17
v 0.009524497 -0.33562347 -0.0055001597
v 0.013810015 -0.332651 -0.0079744095
v 0.010998243 -0.33562347 1.489056E-17
v 0.015946783 -0.332651 6.940593E-18
v -0.013814084 -0.32017958 -0.0079744095
v -0.017967544 -0.32010096 -4.2425093E-18
v -0.015950853 -0.32017958 -2.638675E-19
v -0.015560611 -0.32010096 -0.008982753
v -0.0079764435 -0.32017958 -0.013812049
v -0.008984788 -0.32010096 -0.015558576
v -2.0348898E-06 -0.32017958 -0.015948819
v -2.0348898E-06 -0.32010096 -0.017965507
v 0.007972374 -0.32017958 -0.013812049
v 0.00898072 -0.32010096 -0.015558576
v 0.013810015 -0.32017958 -0.0079744095
v 0.015556542 -0.32010096 -0.008982753
v 0.015946783 -0.32017958 -8.044061E-19
v 0.01796347 -0.32010096 7.165933E-19
v -0.015560611 -0.32010096 -0.008982753
v -0.019514749 -0.31953785 -4.044648E-18
v -0.017967544 -0.32010096 -4.2425093E-18
v -0.016900532 -0.31953785 -0.0097563565
v -0.008984788 -0.32010096 -0.015558576
v -0.019514747 -0.3093527 -6.892134E-18
v -0.009758391 -0.31953785 -0.016898494
v -2.0348898E-06 -0.32010096 -0.017965507
v -0.01690053 -0.3093527 -0.0097563565
v -0.018461537 -0.30893886 -6.7976135E-18
v -0.015988424 -0.30893886 -0.00922975
v -0.00975839 -0.3093527 -0.016898494
v -0.009231784 -0.30893886 -0.015986389
v -2.0348898E-06 -0.31953785 -0.019512713
v 0.00898072 -0.32010096 -0.015558576
v -2.0348898E-06 -0.3093527 -0.019512713
v -2.0348898E-06 -0.30893886 -0.0184595
v 0.009754322 -0.31953785 -0.016898496
v 0.015556542 -0.32010096 -0.008982753
v 0.009754322 -0.3093527 -0.016898494
v 0.009227715 -0.30893886 -0.015986389
v 0.01689646 -0.31953785 -0.0097563565
v 0.01796347 -0.32010096 7.165933E-19
v 0.019510679 -0.31953785 6.067389E-19
v 0.01689646 -0.3093527 -0.0097563565
v 0.015984355 -0.30893886 -0.00922975
v 0.019510679 -0.3093527 -2.9174482E-18
v 0.018457465 -0.30893886 -2.6246894E-18
v -0.015988424 -0.30893886 -0.00922975
v -0.008660257 -0.30835718 1.3462813E-18
v -0.018461537 -0.30893886 -6.7976135E-18
v -0.0075002695 -0.30835718 -0.004329091
v -0.009231784 -0.30893886 -0.015986389
v -0.0043311254 -0.30835718 -0.0074982345
v -2.0348898E-06 -0.30893886 -0.0184595
v -2.0348898E-06 -0.30835718 -0.008658223
v 0.009227715 -0.30893886 -0.015986389
v 0.0043270555 -0.30835718 -0.0074982345
v 0.015984355 -0.30893886 -0.00922975
v 0.007496198 -0.30835718 -0.004329091
v 0.018457465 -0.30893886 -2.6246894E-18
v 0.008656188 -0.30835718 -4.3841265E-19
v 0.0057143024 0.08206824 -0.018073112
v 0.0049657766 0.08206824 -0.017302351
v 0.004789993 0.09202392 -0.019493598
v 0.005454553 0.09202392 -0.020828582
v 0.004820204 0.08206824 -0.019408058
v 0.004789993 0.10784226 -0.01927575
v 0.0045604217 0.09202392 -0.02216353
v -0.0050675557 0.08206824 -0.019382847
v 0.005454553 0.10849166 -0.020442095
v 0.004805884 0.11263561 -0.016087664
v -0.0051018028 0.09202392 -0.02216353
v 0.0045604217 0.109141074 -0.021608472
v 0.0054704426 0.11348559 -0.017173788
v 0.005454553 0.113707 -0.010587049
v 0.004789993 0.11294393 -0.010587049
v 0.0045604217 0.11448077 -0.010587049
v 0.0045763114 0.11433563 -0.018259915
v -0.005085912 0.11433563 -0.018259915
v -0.0051018028 0.11470311 -0.010587049
v -0.0051018028 0.109141074 -0.021608472
v -0.005980011 0.11348559 -0.017173788
v -0.0059959013 0.113707 -0.010587049
v -0.0059959013 0.09202392 -0.020828582
v -0.0059421766 0.08206824 -0.018047897
v -0.0059959013 0.10849166 -0.020442095
v -0.0052473424 0.1126971 -0.016044734
v -0.005195092 0.11294393 -0.010587049
v -0.0053313416 0.10784226 -0.01927575
v -0.0053313416 0.09202392 -0.019493598
v -0.005292129 0.08206824 -0.016712915
v 0.004789993 0.09202392 -0.019493598
v 0.0049657766 0.08206824 -0.017302351
v -0.005292129 0.08206824 -0.016712915
v -0.0053313416 0.09202392 -0.019493598
v -0.0053313416 0.10784226 -0.01927575
v 0.004789993 0.10784226 -0.01927575
v -0.0052473424 0.1126971 -0.016044734
v 0.004805884 0.11263561 -0.016087664
v -0.005195092 0.11294393 -0.010587049
v 0.004789993 0.11294393 -0.010587049
v 0.0057143024 0.08206824 0.018073112
v 0.004789993 0.09202392 0.019493598
v 0.0049657766 0.08206824 0.017302351
v 0.005454553 0.09202392 0.020828582
v 0.004820204 0.08206824 0.019408058
v 0.004789993 0.10784226 0.01927575
v 0.0045604217 0.09202392 0.02216353
v -0.0050675557 0.08206824 0.019382851
v 0.005454553 0.10849166 0.020442095
v 0.004805884 0.11263561 0.016087664
v -0.0051018028 0.09202392 0.02216353
v 0.0045604217 0.109141074 0.021608472
v 0.0054704426 0.11348559 0.017173788
v 0.005454553 0.113707 0.010587049
v 0.004789993 0.11294393 0.010587049
v 0.0045604217 0.11448077 0.010587049
v 0.0045763114 0.11433563 0.018259915
v -0.005085912 0.11433563 0.018259915
v -0.0051018028 0.11470311 0.010587049
v -0.0051018028 0.109141074 0.021608472
v -0.005980011 0.11348559 0.017173788
v -0.0059959013 0.113707 0.010587049
v -0.0059959013 0.09202392 0.020828582
v -0.0059421766 0.08206824 0.018047897
v -0.0059959013 0.10849166 0.020442095
v -0.0052473424 0.1126971 0.016044734
v -0.005195092 0.11294393 0.010587049
v -0.0053313416 0.10784226 0.01927575
v -0.0053313416 0.09202392 0.019493598
v -0.005292129 0.08206824 0.016712919
v 0.004789993 0.09202392 0.019493598
v -0.005292129 0.08206824 0.016712919
v 0.0049657766 0.08206824 0.017302351
v -0.0053313416 0.09202392 0.019493598
v -0.0053313416 0.10784226 0.01927575
v 0.004789993 0.10784226 0.01927575
v -0.0052473424 0.1126971 0.016044734
v 0.004805884 0.11263561 0.016087664
v -0.005195092 0.11294393 0.010587049
v 0.004789993 0.11294393 0.010587049
v 0.13966852 0.13709657 0.010359033
v 0.14200172 0.13267702 8.209192E-18
v 0.14200172 0.13267703 0.010326771
v 0.136454 0.14305274 9.160982E-18
v 0.136454 0.14305274 0.013157172
v 0.13966852 0.13709657 0.013157172
v 0.12973101 0.15468787 0.010155177
v 0.12824573 0.15696034 0.0066250484
v 0.12785086 0.15760478 2.836439E-17
v -0.13966852 0.13709657 0.010359033
v -0.14200172 0.13267703 0.010326771
v -0.14200172 0.13267702 -8.209192E-18
v -0.136454 0.14305274 -9.160982E-18
v -0.136454 0.14305274 0.013157172
v -0.13966852 0.13709657 0.013157172
v -0.12973101 0.15468787 0.010155177
v -0.12824573 0.15696034 0.0066250484
v -0.12785086 0.15760478 -2.836439E-17
v 0.020018991 0.09115677 0.010783383
v 0.014874014 0.09070063 0.0034320655
v 0.012299964 0.09070063 0.009656941
v 0.032429893 0.091090046 0.010209774
v 0.03179817 0.091090046 0.0033605546
v 0.061264317 0.091331966 3.4817364E-18
v 0.061264317 0.091331966 0.010210863
v 0.068566196 0.09243859 0.010210863
v 0.031891905 0.091090046 0
v 0.068566196 0.09243859 4.1984685E-18
v 0.075154364 0.09437017 0.010210863
v 0.07516314 0.09437293 4.386001E-18
v 0.07984181 0.09647377 4.6606437E-18
v 0.07984181 0.09647377 0.010210863
v 0.089002356 0.10176817 5.4072664E-18
v 0.089002356 0.10176817 0.010210863
v 0.094030686 0.10462534 0.010362236
v 0.100745134 0.10844048 0.0129513405
v 0.12379696 0.12158959 6.4260556E-18
v 0.12033539 0.1196283 0.01954256
v 0.12379694 0.12158959 0.018963361
v 0.1331437 0.12723511 0.009091318
v 0.14200172 0.13267703 0.010326771
v 0.14200172 0.13267702 8.209192E-18
v -0.020018991 0.09115677 0.010783383
v -0.012299964 0.09070063 0.009656941
v -0.014874014 0.09070063 0.0034320655
v -0.032429893 0.091090046 0.010209774
v -0.031912737 0.091090046 0.0034441985
v -0.061264317 0.091331966 1.3127871E-09
v -0.061264317 0.091331966 0.010210863
v -0.03177741 0.091090046 0
v -0.031912737 0.091090046 0.0034441985
v -0.068566196 0.09243859 0.010210863
v -0.068566196 0.09243859 -4.1984685E-18
v -0.075154364 0.09437017 0.010210863
v -0.07516314 0.09437293 -4.386001E-18
v -0.07984181 0.09647377 -4.6606437E-18
v -0.07984181 0.09647377 0.010210863
v -0.089002356 0.10176817 -5.4072664E-18
v -0.089002356 0.10176817 0.010210863
v -0.094030686 0.10462534 0.010362236
v -0.100745134 0.10844048 0.0129513405
v -0.12379696 0.12158959 -6.4260543E-18
v -0.12033539 0.1196283 0.019923639
v -0.12379694 0.12158959 0.019330665
v -0.13315392 0.12724781 0.009665786
v -0.14200172 0.13267703 0.010326771
v -0.14200172 0.13267702 -8.209192E-18
v -0.03177741 0.091090046 0
v -0.031912737 0.091090046 -0.0034441985
v -0.061264317 0.091331966 1.3127871E-09
v -0.031912737 0.091090046 -0.0034441985
v -0.032429893 0.091090046 -0.010209774
v -0.014874014 0.09070063 -0.0034320655
v -0.020018991 0.09115677 -0.010783383
v -0.012299964 0.09070063 -0.0096569415
v -0.061264317 0.091331966 -0.010210863
v -0.068566196 0.09243859 -0.010210863
v -0.068566196 0.09243859 -4.1984685E-18
v -0.075154364 0.09437017 -0.010210863
v -0.07516314 0.09437293 -4.386001E-18
v -0.07984181 0.09647377 -4.6606437E-18
v -0.07984181 0.09647377 -0.010210863
v -0.089002356 0.10176817 -5.4072664E-18
v -0.089002356 0.10176817 -0.010210863
v -0.094030686 0.10462534 -0.010362236
v -0.100745134 0.10844048 -0.0129513405
v -0.12379696 0.12158959 -6.4260543E-18
v -0.12033539 0.1196283 -0.01954256
v -0.12379694 0.12158959 -0.018963361
v -0.1331437 0.12723511 -0.009091318
v -0.14200172 0.13267703 -0.010326771
v -0.14200172 0.13267702 -8.209192E-18
v 0.13056365 0.13141042 0.010116151
v 0.13966852 0.13709657 0.010359033
v 0.14200172 0.13267703 0.010326771
v 0.1331437 0.12723511 0.009091318
v 0.1213238 0.12598886 0.019755086
v 0.12379694 0.12158959 0.018963361
v 0.117891766 0.124189205 0.020260692
v 0.12033539 0.1196283 0.01954256
v 0.09820816 0.11292744 0.013191804
v 0.100745134 0.10844048 0.0129513405
v 0.09138475 0.109085195 0.010424352
v 0.094030686 0.10462534 0.010362236
v 0.0864919 0.10635049 0.010210863
v 0.089002356 0.10176817 0.010210863
v 0.07693575 0.10236397 0.010210863
v 0.07984181 0.09647377 0.010210863
v 0.075154364 0.09437017 0.010210863
v 0.070073724 0.1001145 0.010210863
v 0.068566196 0.09243859 0.010210863
v 0.06209205 0.09855264 0.010210863
v 0.061264317 0.091331966 0.010210863
v 0.053982127 0.09848811 0.010210863
v 0.044572286 0.10022806 0.010281215
v 0.032429893 0.091090046 0.010209774
v 0.03302509 0.105325945 0.010209774
v 0.019724704 0.10636364 0.011434689
v 0.020018991 0.09115677 0.010783383
v 0.026401814 0.11031893 0.01085066
v 0.020062774 0.117862344 0.011187827
v 0.019421214 0.09115677 0.01194002
v 0.01970174 0.10641025 0.014436173
v 0.019493094 0.09115677 0.015055737
v 0.027364029 0.09115677 0.023151096
v 0.027620176 0.106325015 0.02287972
v 0.03214757 0.09115677 0.032539323
v 0.032181166 0.106325015 0.032524824
v 0.033795863 0.09115677 0.042946234
v 0.03383118 0.106325015 0.042942606
v 0.03214757 0.09115677 0.05335316
v 0.032181166 0.106325015 0.053360414
v 0.027364068 0.09115677 0.06274139
v 0.02739266 0.106325015 0.06275845
v 0.019913511 0.09115677 0.070191905
v 0.019934319 0.106325015 0.07021675
v 0.010525296 0.09115677 0.074975476
v 0.010536297 0.106325015 0.075005315
v -1.3413052E-17 0.09115677 0.07662373
v -1.3347651E-17 0.106325015 0.076655306
v -0.010536297 0.106325015 0.075005315
v -0.010525296 0.09115677 0.074975476
v -0.019934319 0.106325015 0.07021675
v -0.019913511 0.09115677 0.070191905
v -0.02739266 0.106325015 0.06275845
v -0.027364068 0.09115677 0.06274139
v -0.032181166 0.106325015 0.053360414
v -0.03214757 0.09115677 0.05335316
v -0.03383118 0.106325015 0.042942606
v -0.033795863 0.09115677 0.042946234
v -0.032181166 0.106325015 0.032524824
v -0.03214757 0.09115677 0.032539323
v -0.027742032 0.106325015 0.023126788
v -0.027364029 0.09115677 0.023151096
v -0.0188448 0.10649549 0.014305096
v -0.019493094 0.09115677 0.015055737
v -0.019421214 0.09115677 0.01194002
v -0.01967576 0.106382936 0.011691767
v -0.020018991 0.09115677 0.010783383
v -0.020475125 0.106532715 0.010662164
v -0.020062773 0.117862344 0.011187827
v -0.026401814 0.11031893 0.01085066
v -0.03302509 0.105325945 0.010209774
v -0.032429893 0.091090046 0.010209774
v -0.044572286 0.10022806 0.010281215
v -0.061264317 0.091331966 0.010210863
v -0.053982127 0.09848811 0.010210863
v -0.06209205 0.09855264 0.010210863
v -0.068566196 0.09243859 0.010210863
v -0.070073724 0.1001145 0.010210863
v -0.075154364 0.09437017 0.010210863
v -0.07693575 0.10236397 0.010210863
v -0.07984181 0.09647377 0.010210863
v -0.089002356 0.10176817 0.010210863
v -0.0864919 0.10635049 0.010210863
v -0.094030686 0.10462534 0.010362236
v -0.09138475 0.109085195 0.010424352
v -0.100745134 0.10844048 0.0129513405
v -0.09820816 0.11292744 0.013191804
v -0.12033539 0.1196283 0.019923639
v -0.117891766 0.124189205 0.020260692
v -0.12379694 0.12158959 0.019330665
v -0.1213238 0.12598886 0.019755086
v -0.13315392 0.12724781 0.009665786
v -0.13006608 0.13101928 0.009934614
v -0.14200172 0.13267703 0.010326771
v -0.13966852 0.13709657 0.010359033
v 0.13056365 0.13141042 0.010116151
v 0.13966852 0.13709657 0.013157172
v 0.13966852 0.13709657 0.010359033
v 0.12995166 0.13112836 0.0131233055
v 0.1213238 0.12598886 0.019755086
v -0.13006608 0.13101928 0.009934614
v -0.13966852 0.13709657 0.010359033
v -0.13966852 0.13709657 0.013157172
v -0.12988593 0.13109502 0.013131148
v -0.1213238 0.12598886 0.019755086
v -0.12988593 0.13109502 0.013131148
v -0.13966852 0.13709657 0.013157172
v -0.136454 0.14305274 0.013157172
v -0.1265317 0.13734248 0.013172484
v -0.11782961 0.13240945 0.019675152
v -0.1213238 0.12598886 0.019755086
v -0.117891766 0.124189205 0.020260692
v -0.11447417 0.13047752 0.020286614
v -0.094292976 0.11943483 0.013129045
v -0.09820816 0.11292744 0.013191804
v -0.08307066 0.113097616 0.013044919
v -0.08653989 0.10625451 0.013078588
v -0.07698825 0.1024582 0.013229574
v -0.074246705 0.10847697 0.013077049
v -0.06826825 0.10623082 0.013089608
v -0.06991678 0.1000689 0.013240563
v -0.06191731 0.10500745 0.013109183
v -0.062155716 0.09854761 0.0132889375
v -0.053789828 0.09864701 0.013276539
v -0.054470576 0.104942225 0.013109183
v -0.046458438 0.10617635 0.013179502
v -0.044897713 0.10019982 0.013298612
v -0.0331067 0.1053741 0.013218556
v -0.036861707 0.1102992 0.013244983
v -0.026537823 0.11033872 0.01333004
v -0.030620737 0.11518281 0.013092812
v -0.019736605 0.117862575 0.013275318
v -0.025196154 0.121382244 0.01297495
v -0.014717036 0.12709458 0.013481837
v -0.01360838 0.12915288 0.013566112
v -0.018967297 0.13265738 0.013347917
v -0.1265317 0.13734248 0.013172484
v -0.136454 0.14305274 0.013157172
v -0.12973101 0.15468787 0.010155177
v -0.11993369 0.14927417 0.010155177
v -0.10646201 0.1416568 0.010239112
v -0.11782961 0.13240945 0.019675152
v -0.11447417 0.13047752 0.020286614
v -0.11881868 0.15166122 0.0069069993
v -0.12824573 0.15696034 0.0066250484
v -0.105451114 0.14400618 0.0069069993
v -0.11817597 0.15209715 -5.1309908E-17
v -0.12785086 0.15760478 -2.836439E-17
v -0.10486599 0.14449975 -3.907243E-17
v -0.10220189 0.14224017 0.0069069993
v -0.10167672 0.14271604 -3.2768906E-17
v -0.10321632 0.13973457 0.010239075
v -0.094292976 0.11943483 0.013129045
v -0.08114888 0.13043052 0.0067660394
v -0.08081112 0.13080502 -2.1569907E-17
v -0.08239005 0.12774958 0.010205045
v -0.08307066 0.113097616 0.013044919
v -0.074246705 0.10847697 0.013077049
v -0.06553719 0.122500464 0.006796347
v -0.06506533 0.122909114 -1.06081984E-17
v -0.06675083 0.11996111 0.010267885
v -0.05724024 0.11814688 0.010192688
v -0.06826825 0.10623082 0.013089608
v -0.06191731 0.10500745 0.013109183
v -0.054470576 0.104942225 0.013109183
v -0.05747639 0.12068328 0.0066250484
v -0.05726522 0.12111577 -2.302611E-17
v -0.047628894 0.122442774 0.0066250484
v -0.047845453 0.12283484 -1.21352524E-17
v -0.046819527 0.11997823 0.010111756
v -0.046458438 0.10617635 0.013179502
v -0.036861707 0.1102992 0.013244983
v -0.030620737 0.11518281 0.013092812
v -0.03765043 0.1272152 0.0099637145
v -0.025196154 0.121382244 0.01297495
v -0.018967297 0.13265738 0.013347917
v -0.039213154 0.12868533 0.007009867
v -0.039851155 0.12952746 -7.793038E-18
v -0.032432403 0.13620302 0.0099637145
v -0.030923061 0.14152941 0.0100245755
v -0.034337852 0.13716662 0.0066780043
v -0.035230946 0.13747305 -1.5066908E-17
v -0.03234979 0.14342839 0.006760209
v -0.032840382 0.14868984 0.00067793234
v -0.08653989 0.10625451 0.013078588
v -0.09138475 0.109085195 0.010424352
v -0.09820816 0.11292744 0.013191804
v -0.0864919 0.10635049 0.010210863
v -0.07693575 0.10236397 0.010210863
v -0.07698825 0.1024582 0.013229574
v -0.06991678 0.1000689 0.013240563
v -0.070073724 0.1001145 0.010210863
v -0.062155716 0.09854761 0.0132889375
v -0.06209205 0.09855264 0.010210863
v -0.053982127 0.09848811 0.010210863
v -0.053789828 0.09864701 0.013276539
v -0.044897713 0.10019982 0.013298612
v -0.044572286 0.10022806 0.010281215
v -0.03302509 0.105325945 0.010209774
v -0.0331067 0.1053741 0.013218556
v -0.026401814 0.11031893 0.01085066
v -0.026537823 0.11033872 0.01333004
v -0.020062773 0.117862344 0.011187827
v -0.019736605 0.117862575 0.013275318
v -0.015042638 0.12647074 0.010648954
v -0.014717036 0.12709458 0.013481837
v -0.0804553 0.19028707 0.0087154675
v -0.058006193 0.17492604 0.0087041035
v -0.056728456 0.1767882 0.00932564
v -0.079181835 0.19214298 0.009334968
v -0.082249925 0.19148931 0.010974612
v -0.0816145 0.19241534 0.011283732
v -0.055797804 0.17814474 0.01099306
v -0.07825424 0.19349502 0.010996838
v -0.081151634 0.19309002 0.012112973
v -0.08098549 0.19333233 0.013240192
v -0.07792126 0.19398066 0.013255878
v -0.055463664 0.17863202 0.013259658
v -0.05581549 0.17811958 0.015518016
v -0.0782719 0.19347002 0.015506713
v -0.08116044 0.19307752 0.014363319
v -0.056759123 0.17674494 0.017163016
v -0.079212345 0.19209993 0.017146215
v -0.0816297 0.19239387 0.015181397
v -0.05804163 0.17487614 0.017753955
v -0.08049059 0.19023727 0.017735181
v -0.08226753 0.19146445 0.015475279
v -0.059319396 0.17301396 0.017132355
v -0.08176415 0.1883814 0.017115675
v -0.082903005 0.19053844 0.015166157
v -0.06025007 0.17165756 0.0154649345
v -0.082691684 0.18702936 0.015453804
v -0.08336583 0.18986377 0.014336916
v -0.060584247 0.17117025 0.013198371
v -0.08302477 0.18654375 0.01319477
v -0.08353204 0.18962146 0.013209698
v -0.060232393 0.17168249 0.010940009
v -0.08267408 0.18705438 0.010943933
v -0.083357066 0.18987627 0.012086575
v -0.059288763 0.17305745 0.00929498
v -0.08173354 0.18842466 0.009304426
v -0.058006193 0.17492604 0.0087041035
v -0.08288773 0.19056 0.011268494
v -0.0804553 0.19028707 0.0087154675
v -0.082249925 0.19148931 0.010974612
v -0.053604204 0.17192692 0.008718456
v -0.047740415 0.16781797 0.0087235505
v -0.046467297 0.16967323 0.00934281
v -0.052331045 0.17378238 0.009337718
v -0.045540076 0.17102465 0.011004146
v -0.05140386 0.17513373 0.01099902
v -0.04520715 0.17151017 0.01326241
v -0.05107087 0.17561923 0.013257285
v -0.045557726 0.17099988 0.015512445
v -0.051421512 0.1751088 0.015507351
v -0.04649787 0.16962998 0.01715142
v -0.05236168 0.1737391 0.017146291
v -0.047775753 0.16776815 0.017740147
v -0.053639445 0.17187715 0.017735055
v -0.049048815 0.16591287 0.017120888
v -0.054912534 0.17002176 0.017115792
v -0.04997604 0.16456117 0.015459584
v -0.055839792 0.16867031 0.015454456
v -0.050308958 0.16407573 0.013201319
v -0.056172736 0.16818492 0.013196193
v -0.04995839 0.16458623 0.010951253
v -0.055822168 0.16869533 0.010946127
v -0.04901825 0.16595595 0.009312279
v -0.054881997 0.17006515 0.009307186
v -0.047740415 0.16781797 0.0087235505
v -0.053604204 0.17192692 0.008718456
v -0.04608049 0.16680506 0.000599834
v -0.03137327 0.1559959 -0.0014231313
v -0.03162607 0.16404541 0.00057955226
v -0.0425139 0.17200267 0.002334692
v -0.047685966 0.16785431 0.0022560111
v -0.03051083 0.1691596 0.008308
v -0.044586558 0.17237104 0.0037636682
v -0.03991624 0.17578876 0.006989013
v -0.028244684 0.16894315 0.01128429
v -0.04232913 0.17566146 0.007808307
v -0.03898347 0.17714909 0.013315529
v -0.04151861 0.17684343 0.013306141
v -0.015203852 0.16081062 0.015967894
v -0.03996564 0.175719 0.019619135
v -0.04237206 0.17560062 0.018784048
v -0.00048765555 0.14845203 0.019602412
v -0.008023731 0.15583743 0.01594522
v 0.00042742738 0.15000193 0.015948381
v -0.0031220268 0.14461406 0.024194872
v -0.042599496 0.17188175 0.024210764
v -0.04466091 0.17226608 0.022774257
v -0.006702492 0.13939679 0.025844514
v -0.046179354 0.1666653 0.02586011
v -0.04777189 0.16773294 0.02420756
v -0.010269759 0.1341982 0.0241093
v -0.04974595 0.16146779 0.024125222
v -0.05087126 0.16321634 0.022699935
v -0.012867929 0.13041137 0.019454215
v -0.052343667 0.15768154 0.019470938
v -0.053128727 0.15992594 0.018655295
v -0.018967297 0.13265738 0.013347917
v -0.01360838 0.12915288 0.013566112
v -0.053276345 0.15632135 0.013144421
v -0.030923061 0.14152941 0.0100245755
v -0.053939246 0.15874389 0.013157431
v -0.03234979 0.14342839 0.006760209
v -0.05229421 0.15775155 0.006840813
v -0.053085774 0.15998666 0.0076795206
v -0.032840382 0.14868984 0.00067793234
v -0.049660347 0.16158873 0.0022491552
v -0.03137327 0.1559959 -0.0014231313
v -0.050796907 0.16332145 0.0036893121
v -0.04608049 0.16680506 0.000599834
v -0.047685966 0.16785431 0.0022560111
v -0.047685966 0.16785431 0.0022560111
v -0.04901825 0.16595595 0.009312279
v -0.050796907 0.16332145 0.0036893121
v -0.047740415 0.16781797 0.0087235505
v -0.044586558 0.17237104 0.0037636682
v -0.046467297 0.16967323 0.00934281
v -0.04232913 0.17566146 0.007808307
v -0.045540076 0.17102465 0.011004146
v -0.04151861 0.17684343 0.013306141
v -0.04520715 0.17151017 0.01326241
v -0.04237206 0.17560062 0.018784048
v -0.045557726 0.17099988 0.015512445
v -0.04466091 0.17226608 0.022774257
v -0.04649787 0.16962998 0.01715142
v -0.04777189 0.16773294 0.02420756
v -0.047775753 0.16776815 0.017740147
v -0.05087126 0.16321634 0.022699935
v -0.049048815 0.16591287 0.017120888
v -0.053128727 0.15992594 0.018655295
v -0.04997604 0.16456117 0.015459584
v -0.053939246 0.15874389 0.013157431
v -0.050308958 0.16407573 0.013201319
v -0.053085774 0.15998666 0.0076795206
v -0.04995839 0.16458623 0.010951253
v -0.050796907 0.16332145 0.0036893121
v -0.04901825 0.16595595 0.009312279
v -0.051598582 0.17480811 0.0071453773
v -0.054474875 0.17245054 0.00521397
v -0.05357816 0.17192343 0.006182503
v -0.05221173 0.17574845 0.006314779
v -0.050156888 0.17690958 0.009728588
v -0.05707787 0.17413788 0.0052142357
v -0.050563548 0.17815088 0.009268006
v -0.04963918 0.17766458 0.013239927
v -0.0548148 0.17743593 0.0063150823
v -0.057960853 0.17487375 0.006220905
v -0.055999864 0.17773154 0.007174809
v -0.05316653 0.1798382 0.00926831
v -0.054571614 0.17981312 0.009733818
v -0.04997167 0.17901407 0.013282309
v -0.05018429 0.17687082 0.016738541
v -0.052574657 0.18070142 0.013282612
v -0.05405876 0.18056114 0.013212272
v -0.050594866 0.17810665 0.017282061
v -0.051646113 0.17474088 0.019286973
v -0.053197835 0.179794 0.017282369
v -0.05459875 0.17977484 0.016678099
v -0.052266072 0.17567158 0.020195538
v -0.053632997 0.171846 0.02020238
v -0.054869074 0.17735898 0.02019586
v -0.056046896 0.17766489 0.01920271
v -0.054537587 0.172362 0.02124207
v -0.0556125 0.16896099 0.019239532
v -0.057140555 0.17404924 0.02124239
v -0.058015175 0.17479688 0.02010953
v -0.05680061 0.16906378 0.020141285
v -0.0570543 0.16685969 0.016656294
v -0.05940366 0.17075117 0.020141546
v -0.05997618 0.17193906 0.019155627
v -0.058448944 0.16666146 0.017188031
v -0.05757198 0.16610467 0.013144958
v -0.06105193 0.16834879 0.017188316
v -0.06140442 0.16985738 0.016596619
v -0.059040774 0.16579835 0.013173731
v -0.0570269 0.16689846 0.009646343
v -0.061643753 0.16748579 0.013174014
v -0.061917227 0.16910958 0.013118166
v -0.058417615 0.16670582 0.009173975
v -0.055565026 0.16902828 0.00709788
v -0.061020587 0.16839309 0.009174259
v -0.061377276 0.1698958 0.009652335
v -0.05674635 0.16914074 0.006260477
v -0.05357816 0.17192343 0.006182503
v -0.054474875 0.17245054 0.00521397
v -0.059349366 0.17082807 0.0062607806
v -0.059929132 0.17200574 0.0071277563
v -0.05707787 0.17413788 0.0052142357
v -0.057960853 0.17487375 0.006220905
v -0.055822168 0.16869533 0.010946127
v -0.0570269 0.16689846 0.009646343
v -0.05757198 0.16610467 0.013144958
v -0.056172736 0.16818492 0.013196193
v -0.0570543 0.16685969 0.016656294
v -0.055839792 0.16867031 0.015454456
v -0.0556125 0.16896099 0.019239532
v -0.054912534 0.17002176 0.017115792
v -0.053632997 0.171846 0.02020238
v -0.053639445 0.17187715 0.017735055
v -0.051646113 0.17474088 0.019286973
v -0.05236168 0.1737391 0.017146291
v -0.05018429 0.17687082 0.016738541
v -0.051421512 0.1751088 0.015507351
v -0.04963918 0.17766458 0.013239927
v -0.05107087 0.17561923 0.013257285
v -0.050156888 0.17690958 0.009728588
v -0.05140386 0.17513373 0.01099902
v -0.051598582 0.17480811 0.0071453773
v -0.052331045 0.17378238 0.009337718
v -0.05357816 0.17192343 0.006182503
v -0.053604204 0.17192692 0.008718456
v -0.055565026 0.16902828 0.00709788
v -0.054881997 0.17006515 0.009307186
v -0.0570269 0.16689846 0.009646343
v -0.055822168 0.16869533 0.010946127
v -0.060232393 0.17168249 0.010940009
v -0.059929132 0.17200574 0.0071277563
v -0.059288763 0.17305745 0.00929498
v -0.061377276 0.1698958 0.009652335
v -0.060584247 0.17117025 0.013198371
v -0.061917227 0.16910958 0.013118166
v -0.06025007 0.17165756 0.0154649345
v -0.06140442 0.16985738 0.016596619
v -0.059319396 0.17301396 0.017132355
v -0.05997618 0.17193906 0.019155627
v -0.05804163 0.17487614 0.017753955
v -0.058015175 0.17479688 0.02010953
v -0.056759123 0.17674494 0.017163016
v -0.056046896 0.17766489 0.01920271
v -0.05581549 0.17811958 0.015518016
v -0.05459875 0.17977484 0.016678099
v -0.055463664 0.17863202 0.013259658
v -0.05405876 0.18056114 0.013212272
v -0.055797804 0.17814474 0.01099306
v -0.054571614 0.17981312 0.009733818
v -0.056728456 0.1767882 0.00932564
v -0.055999864 0.17773154 0.007174809
v -0.058006193 0.17492604 0.0087041035
v -0.057960853 0.17487375 0.006220905
v -0.059288763 0.17305745 0.00929498
v -0.059929132 0.17200574 0.0071277563
v -0.0816297 0.19239387 0.015181397
v -0.08226753 0.19146445 0.015475279
v -0.082903005 0.19053844 0.015166157
v -0.08336583 0.18986377 0.014336916
v -0.08116044 0.19307752 0.014363319
v -0.08353204 0.18962146 0.013209698
v -0.08098549 0.19333233 0.013240192
v -0.083357066 0.18987627 0.012086575
v -0.081151634 0.19309002 0.012112973
v -0.08288773 0.19056 0.011268494
v -0.0816145 0.19241534 0.011283732
v -0.082249925 0.19148931 0.010974612
v 0.0017192555 0.15174644 0.015509487
v 0.008314032 0.14753541 0.015167913
v 0.00067577895 0.1500472 0.020316375
v 0.012541609 0.14155135 0.02078817
v 0.013870386 0.14337796 0.016058277
v 0.0095199365 0.13726468 0.025922632
v -0.0024092079 0.14555563 0.025692029
v 0.005052333 0.13067833 0.027699897
v -0.0065996796 0.13945383 0.027621781
v 0.0011203436 0.12512551 0.02562152
v -0.010774953 0.13337412 0.025591936
v -0.001961662 0.12063839 0.020630471
v -0.013582091 0.12908192 0.020188492
v -0.0083442135 0.12256934 0.012579906
v -0.0029269117 0.119025074 0.011375576
v -0.014717036 0.12709458 0.013481837
v -0.015042638 0.12647074 0.010648954
v 0.00042742738 0.15000193 0.015948381
v 0.0017192555 0.15174644 0.015509487
v 0.00067577895 0.1500472 0.020316375
v -0.00048765555 0.14845203 0.019602412
v -0.0024092079 0.14555563 0.025692029
v -0.0031220268 0.14461406 0.024194872
v -0.0065996796 0.13945383 0.027621781
v -0.006702492 0.13939679 0.025844514
v -0.010774953 0.13337412 0.025591936
v -0.010269759 0.1341982 0.0241093
v -0.013582091 0.12908192 0.020188492
v -0.012867929 0.13041137 0.019454215
v -0.014717036 0.12709458 0.013481837
v -0.01360838 0.12915288 0.013566112
v 0.011751266 0.14009847 0.019597484
v 0.013870386 0.14337796 0.016058277
v 0.0131348055 0.14146146 0.016076151
v 0.012541609 0.14155135 0.02078817
v 0.009116768 0.13626026 0.024190223
v 0.0095199365 0.13726468 0.025922632
v 0.005536109 0.13104275 0.025839932
v 0.005052333 0.13067833 0.027699897
v 0.0019686506 0.12584393 0.024104659
v 0.0011203436 0.12512551 0.02562152
v -0.00064311555 0.12196801 0.01941628
v -0.001961662 0.12063839 0.020630471
v -0.0011950627 0.12055363 0.0115097435
v -0.0029269117 0.119025074 0.011375576
v -3.8196744E-18 0.090992756 0.017280428
v -3.4687333E-18 0.106325015 0.017280428
v 0.008124164 0.106325015 0.01855339
v 0.008124164 0.090992756 0.01855339
v 0.015374606 0.106325015 0.022247676
v 0.015374606 0.090992756 0.022247676
v 0.021128599 0.106325015 0.028001677
v 0.021128599 0.090992756 0.028001677
v 0.024822861 0.106325015 0.035252117
v 0.024822861 0.090992756 0.035252117
v 0.026095852 0.106325015 0.043289267
v 0.026095852 0.090992756 0.043289267
v 0.02482289 0.106325015 0.05132645
v 0.02482289 0.090992756 0.05132645
v 0.021128599 0.106325015 0.058576897
v 0.021128599 0.090992756 0.058576897
v 0.015374606 0.106325015 0.06433089
v 0.015374606 0.090992756 0.06433089
v 0.008124164 0.106325015 0.068025194
v 0.008124164 0.090992756 0.068025194
v -1.5888202E-17 0.106325015 0.06929814
v -1.5983464E-17 0.090992756 0.06929814
v -0.008124164 0.090992756 0.068025194
v -0.008124164 0.106325015 0.068025194
v -0.015374606 0.090992756 0.06433089
v -0.015374606 0.106325015 0.06433089
v -0.021128599 0.090992756 0.058576897
v -0.021128599 0.106325015 0.058576897
v -0.024822861 0.090992756 0.05132645
v -0.024822861 0.106325015 0.05132645
v -0.026095817 0.090992756 0.043289267
v -0.026095817 0.106325015 0.043289267
v -0.024822861 0.090992756 0.035252117
v -0.024822861 0.106325015 0.035252117
v -0.021128599 0.090992756 0.028001677
v -0.021128599 0.106325015 0.028001677
v -0.015374606 0.090992756 0.022247676
v -0.015374606 0.106325015 0.022247676
v -0.008124164 0.090992756 0.01855339
v -0.008124164 0.106325015 0.01855339
v -3.8196744E-18 0.090992756 0.017280428
v -3.4687333E-18 0.106325015 0.017280428
v 0.012720114 0.106325015 0.01078601
v 0.007322233 0.106325015 0.012049007
v 0.008609769 0.106325015 0.0106401825
v 0.008124164 0.106325015 0.01855339
v 0.0042399634 0.106325015 0.013923671
v -2.8555129E-18 0.106325015 0.0147767635
v -3.4687333E-18 0.106325015 0.017280428
v 0.01970174 0.10641025 0.014436173
v 0.019724704 0.10636364 0.011434689
v 0.015374606 0.106325015 0.022247676
v 0.027620176 0.106325015 0.02287972
v 0.021128599 0.106325015 0.028001677
v 0.032181166 0.106325015 0.032524824
v 0.024822861 0.106325015 0.035252117
v 0.03383118 0.106325015 0.042942606
v 0.026095852 0.106325015 0.043289267
v 0.032181166 0.106325015 0.053360414
v 0.02482289 0.106325015 0.05132645
v 0.02739266 0.106325015 0.06275845
v 0.021128599 0.106325015 0.058576897
v 0.019934319 0.106325015 0.07021675
v 0.015374606 0.106325015 0.06433089
v 0.010536297 0.106325015 0.075005315
v 0.008124164 0.106325015 0.068025194
v -1.5888202E-17 0.106325015 0.06929814
v -1.3347651E-17 0.106325015 0.076655306
v -0.010536297 0.106325015 0.075005315
v -0.008124164 0.106325015 0.068025194
v -0.015374606 0.106325015 0.06433089
v -0.019934319 0.106325015 0.07021675
v -0.021128599 0.106325015 0.058576897
v -0.02739266 0.106325015 0.06275845
v -0.024822861 0.106325015 0.05132645
v -0.032181166 0.106325015 0.053360414
v -0.026095817 0.106325015 0.043289267
v -0.03383118 0.106325015 0.042942606
v -0.024822861 0.106325015 0.035252117
v -0.032181166 0.106325015 0.032524824
v -0.021128599 0.106325015 0.028001677
v -0.027742032 0.106325015 0.023126788
v -0.015374606 0.106325015 0.022247676
v -0.0188448 0.10649549 0.014305096
v -0.008124164 0.106325015 0.01855339
v -0.012720114 0.106325015 0.01078601
v -0.01967576 0.106382936 0.011691767
v -0.007322201 0.106325015 0.012049007
v -0.008609769 0.106325015 0.0106401825
v -0.0042399634 0.106325015 0.013923671
v -2.8555129E-18 0.106325015 0.0147767635
v -3.4687333E-18 0.106325015 0.017280428
v 0.012720114 0.106325015 0.01078601
v 0.020062774 0.117862344 0.011187827
v 0.019724704 0.10636364 0.011434689
v 0.012265801 0.113499716 0.010736151
v 0.017728016 0.121313214 0.011278638
v 0.008641775 0.10991015 0.010491111
v 0.008609769 0.106325015 0.0106401825
v 0.011053885 0.11294931 0.010601197
v 0.008405475 0.11452581 0.010473593
v 0.0056366273 0.11211171 0.010461903
v -2.188388E-18 0.11211171 0.01037098
v -0.008369145 0.114488386 0.010467923
v -0.0056267423 0.11211171 0.010461903
v -0.008641741 0.10991015 0.010491111
v -0.012720114 0.11614184 0.010498457
v -0.012720114 0.106325015 0.01078601
v -0.008609769 0.106325015 0.0106401825
v -0.020062773 0.117862344 0.011187827
v -0.01967576 0.106382936 0.011691767
v -0.015042638 0.12647074 0.010648954
v -0.008443695 0.11473381 0.01218465
v -0.0083442135 0.12256934 0.012579906
v -0.0029269117 0.119025074 0.011375576
v 0.007379899 0.11442282 0.013133819
v -0.0011950627 0.12055363 0.0115097435
v 0.026401814 0.11031893 0.01085066
v 0.026265796 0.110299155 0.01333004
v 0.032943483 0.10527779 0.013218556
v 0.03302509 0.105325945 0.010209774
v 0.044246845 0.100256294 0.013298612
v 0.044572286 0.10022806 0.010281215
v 0.053982127 0.09848811 0.010210863
v 0.054174427 0.09832924 0.013276539
v 0.06202839 0.09855769 0.0132889375
v 0.06209205 0.09855264 0.010210863
v 0.070073724 0.1001145 0.010210863
v 0.07023816 0.100160085 0.013240563
v 0.07693575 0.10236397 0.010210863
v 0.07694413 0.10226741 0.013229574
v 0.08644391 0.106446475 0.013078588
v 0.0864919 0.10635049 0.010210863
v 0.09138475 0.109085195 0.010424352
v 0.09820816 0.11292744 0.013191804
v 0.020062774 0.117862344 0.011187827
v 0.019664764 0.11825715 0.01329246
v 0.026265796 0.110299155 0.01333004
v 0.026401814 0.11031893 0.01085066
v 0.022106903 0.12782434 0.013197441
v 0.019664764 0.11825715 0.01329246
v 0.01759375 0.12106404 0.013322381
v 0.026329672 0.12182986 0.01297495
v 0.030831043 0.11597192 0.013092812
v 0.026265796 0.110299155 0.01333004
v 0.036963962 0.1110671 0.013244983
v 0.032943483 0.10527779 0.013218556
v 0.046242345 0.106793754 0.013179502
v 0.044246845 0.100256294 0.013298612
v 0.054174427 0.09832924 0.013276539
v 0.05412617 0.105966724 0.013109183
v 0.06137998 0.10588244 0.013109183
v 0.06202839 0.09855769 0.0132889375
v 0.07023816 0.100160085 0.013240563
v 0.06822579 0.107064314 0.013089608
v 0.07694413 0.10226741 0.013229574
v 0.07448139 0.10934691 0.013463946
v 0.08307066 0.113097616 0.013564895
v 0.08644391 0.106446475 0.013078588
v 0.09820816 0.11292744 0.013191804
v 0.094292976 0.11943483 0.014382981
v 0.117891766 0.124189205 0.020260692
v 0.11447417 0.13047752 0.020286614
v 0.11782961 0.13240945 0.019622622
v 0.1213238 0.12598886 0.019755086
v 0.12995166 0.13112836 0.0131233055
v 0.1265317 0.13734248 0.013172484
v 0.136454 0.14305274 0.013157172
v 0.13966852 0.13709657 0.013157172
v 0.1265317 0.13734248 0.013172484
v 0.12973101 0.15468787 0.010155177
v 0.136454 0.14305274 0.013157172
v 0.11993369 0.14927417 0.010155177
v 0.10646201 0.1416568 0.010165808
v 0.11782961 0.13240945 0.019622622
v 0.11447417 0.13047752 0.020286614
v 0.11881868 0.15166122 0.0069069993
v 0.12824573 0.15696034 0.0066250484
v 0.105451114 0.14400618 0.0069069993
v 0.11817597 0.15209715 5.1309908E-17
v 0.12785086 0.15760478 2.836439E-17
v 0.10486599 0.14449975 3.907243E-17
v 0.10220189 0.14224017 0.0069069993
v 0.10167672 0.14271604 3.2768906E-17
v 0.10321632 0.13973457 0.010165774
v 0.094292976 0.11943483 0.014382981
v 0.08114888 0.13043052 0.0067660394
v 0.08081112 0.13080502 2.1569907E-17
v 0.08239005 0.12774958 0.010205045
v 0.08307066 0.113097616 0.013564895
v 0.07448139 0.10934691 0.013463946
v 0.06515927 0.122336954 0.006796347
v 0.06506533 0.122909114 1.06081984E-17
v 0.066373505 0.119785294 0.010267885
v 0.057005055 0.11771223 0.010192688
v 0.06822579 0.107064314 0.013089608
v 0.06137998 0.10588244 0.013109183
v 0.05412617 0.105966724 0.013109183
v 0.057193823 0.12064331 0.0066250484
v 0.05726522 0.12111577 2.302611E-17
v 0.047462124 0.12237475 0.0066250484
v 0.047845453 0.12283484 1.21352524E-17
v 0.046702933 0.12000037 0.010111756
v 0.037194014 0.12754148 0.0099637145
v 0.046242345 0.106793754 0.013179502
v 0.036963962 0.1110671 0.013244983
v 0.030831043 0.11597192 0.013092812
v 0.026329672 0.12182986 0.01297495
v 0.022106903 0.12782434 0.013197441
v 0.024592796 0.13141333 0.01342621
v 0.039030436 0.12899764 0.0061999997
v 0.039851155 0.12952746 7.79304E-18
v 0.032312598 0.13659368 0.010518138
v 0.03444041 0.137465 0.0050999997
v 0.035230946 0.13747305 1.5066908E-17
v 0.029412849 0.14843655 0.011261808
v 0.023887869 0.13308488 0.013171933
v 0.01757444 0.13819872 0.016015384
v 0.03236356 0.14883964 0.0032
v 0.032840382 0.14868984 -0.0007684802
v 0.03137327 0.1559959 0.0014231313
v 0.013870386 0.14337796 0.016058277
v 0.0131348055 0.14146146 0.016076151
v 0.024618534 0.24952741 0.012648274
v 0.015434353 0.24945675 0.015538541
v 0.008314032 0.14753541 0.015167913
v 0.0077667045 0.24952741 0.0153845735
v 0.0017192555 0.15174644 0.015509487
v 0.024412923 0.25867242 0.012717459
v -0.008023731 0.15583743 0.01594522
v 0.00042742738 0.15000193 0.015948381
v -0.0077666715 0.24952741 0.0153845735
v -0.015203852 0.16081062 0.015967894
v -0.015434353 0.24945675 0.015538541
v -0.024618534 0.24952741 0.012648274
v -0.028244684 0.16894315 0.01128429
v -0.024412923 0.25867242 0.012717459
v 0.028588654 0.26441577 0.010989287
v 0.031140946 0.1792738 0.0075291567
v 0.03056071 0.26630646 0.007921064
v 0.031609926 0.17953597 2.754443E-18
v 0.03162607 0.16404541 -0.00067010015
v 0.015434353 0.264239 0.015538541
v 0.015434353 0.25867242 0.015576299
v 0.0077667045 0.2586725 0.0157386
v 0.0077667045 0.2932973 0.0157386
v 0.0077667045 0.30833948 0.0157386
v 0.015032454 0.39192867 0.015634522
v 0.008010679 0.38845688 0.015788388
v -0 0.40947154 0.015380798
v -3.6540406E-18 0.39852157 0.01583979
v -0.008010679 0.38845688 0.015788388
v -0.015106855 0.3920091 0.015634522
v -0.0077666715 0.30833948 0.0157386
v -0.015434353 0.264239 0.015538541
v -0.0077666715 0.2932973 0.0157386
v -0.0077666715 0.2586725 0.0157386
v -0.015434353 0.25867242 0.015576299
v -0.028588654 0.26406488 0.010989287
v -0.031140946 0.1792738 0.0075291567
v -0.03056071 0.26626608 0.007921064
v -0.03051083 0.1691596 0.008308
v -0.03162607 0.16404541 0.00057955226
v -0.031609926 0.17953597 -8.799169E-18
v -1.9401846E-17 0.3175191 0.0157386
v 0.008010679 0.38845688 0.015788388
v 0.0077667045 0.30833948 0.0157386
v -3.6540406E-18 0.39852157 0.01583979
v -0.008010679 0.38845688 0.015788388
v -0.0077666715 0.30833948 0.0157386
v 0.00954331 0.24952741 0.018399881
v 0.024412923 0.25867242 0.012717459
v 0.024618534 0.24952741 0.012648274
v 0.00954331 0.25867242 0.018399881
v 0.00943318 0.2586725 0.020512125
v 0.00943318 0.24952741 0.020512125
v 0.0081514595 0.24952741 0.02203389
v 0.0081514595 0.2586725 0.02203389
v -0.0081514595 0.24952741 0.02203389
v -0.0081514595 0.2586725 0.02203389
v -0.00943318 0.2586725 0.020512125
v -0.00943318 0.24952741 0.020512125
v -0.00954331 0.24952741 0.018399881
v -0.00954331 0.25867242 0.018399881
v -0.024412923 0.25867242 0.012717459
v -0.024618534 0.24952741 0.012648274
v 0.015434353 0.24945675 0.015538541
v 0.00954331 0.24952741 0.018399881
v 0.024618534 0.24952741 0.012648274
v 0.0077667045 0.24952741 0.0153845735
v 0.0081514595 0.24952741 0.02203389
v 0.00943318 0.24952741 0.020512125
v -0.0081514595 0.24952741 0.02203389
v -0.0077666715 0.24952741 0.0153845735
v -0.00943318 0.24952741 0.020512125
v -0.00954331 0.24952741 0.018399881
v -0.015434353 0.24945675 0.015538541
v -0.024618534 0.24952741 0.012648274
v 0.024412923 0.25867242 0.012717459
v 0.00954331 0.25867242 0.018399881
v 0.015434353 0.25867242 0.015576299
v 0.0071289907 0.2586725 0.017543904
v 0.0077667045 0.2586725 0.0157386
v 0.00645434 0.2586725 0.020422565
v 0.00943318 0.2586725 0.020512125
v 0.0081514595 0.2586725 0.02203389
v -0.006162074 0.2586725 0.020544933
v -0.0081514595 0.2586725 0.02203389
v -0.00943318 0.2586725 0.020512125
v -0.00954331 0.25867242 0.018399881
v -0.0071744183 0.2586725 0.01772025
v -0.0077666715 0.2586725 0.0157386
v -0.015434353 0.25867242 0.015576299
v -0.024412923 0.25867242 0.012717459
v 0.0077667045 0.2932973 0.0157386
v 0.0077667045 0.2932973 0.02149211
v 0.0077667045 0.30833948 0.02149211
v 0.0077667045 0.30833948 0.0157386
v -2.527531E-17 0.3175191 0.02149211
v -1.9401846E-17 0.3175191 0.0157386
v -0.0077666715 0.30833948 0.0157386
v -0.0077666715 0.30833948 0.02149211
v -0.0077666715 0.2932973 0.0157386
v -0.0077666715 0.2932973 0.02149211
v -2.188388E-18 0.11211171 0.01037098
v 0.0056366273 0.11211171 0.010461903
v 0.0045028836 0.11211171 0.011343412
v 0.0027282604 0.11211171 0.012193025
v -3.3740821E-18 0.11211171 0.012513023
v -0.0027282604 0.11211171 0.012193025
v -0.0045028604 0.11211171 0.011343412
v -0.0056267423 0.11211171 0.010461903
v 0.007322233 0.106325015 0.012049007
v 0.008641775 0.10991015 0.010491111
v 0.008609769 0.106325015 0.0106401825
v 0.007322233 0.10991019 0.012049007
v 0.0056366273 0.11211171 0.010461903
v 0.0045028836 0.11211171 0.011343412
v 0.0027282604 0.11211171 0.012193025
v 0.0042399634 0.10991019 0.013923671
v 0.0042399634 0.106325015 0.013923671
v -2.8555129E-18 0.106325015 0.0147767635
v -4.13775E-18 0.10991019 0.014776763
v -3.3740821E-18 0.11211171 0.012513023
v -0.0027282604 0.11211171 0.012193025
v -0.0042399634 0.10991019 0.013923671
v -0.0042399634 0.106325015 0.013923671
v -0.007322201 0.106325015 0.012049007
v -0.007322201 0.10991019 0.012049007
v -0.0045028604 0.11211171 0.011343412
v -0.0056267423 0.11211171 0.010461903
v -0.008641741 0.10991015 0.010491111
v -0.008609769 0.106325015 0.0106401825
v -0 0.09070063 0.015732383
v -3.8196744E-18 0.090992756 0.017280428
v 0.008124164 0.090992756 0.01855339
v 0.007134525 0.09070063 0.013812773
v 0.012299964 0.09070063 0.009656941
v 0.019493094 0.09115677 0.015055737
v 0.015374606 0.090992756 0.022247676
v 0.021128599 0.090992756 0.028001677
v 0.019421214 0.09115677 0.01194002
v 0.020018991 0.09115677 0.010783383
v 0.027364029 0.09115677 0.023151096
v 0.024822861 0.090992756 0.035252117
v 0.03214757 0.09115677 0.032539323
v 0.026095852 0.090992756 0.043289267
v 0.033795863 0.09115677 0.042946234
v 0.02482289 0.090992756 0.05132645
v 0.03214757 0.09115677 0.05335316
v 0.021128599 0.090992756 0.058576897
v 0.027364068 0.09115677 0.06274139
v 0.015374606 0.090992756 0.06433089
v 0.019913511 0.09115677 0.070191905
v 0.008124164 0.090992756 0.068025194
v 0.010525296 0.09115677 0.074975476
v -1.5983464E-17 0.090992756 0.06929814
v -1.3413052E-17 0.09115677 0.07662373
v -0.010525296 0.09115677 0.074975476
v -0.008124164 0.090992756 0.068025194
v -0.019913511 0.09115677 0.070191905
v -0.015374606 0.090992756 0.06433089
v -0.027364068 0.09115677 0.06274139
v -0.021128599 0.090992756 0.058576897
v -0.03214757 0.09115677 0.05335316
v -0.024822861 0.090992756 0.05132645
v -0.033795863 0.09115677 0.042946234
v -0.026095817 0.090992756 0.043289267
v -0.03214757 0.09115677 0.032539323
v -0.024822861 0.090992756 0.035252117
v -0.027364029 0.09115677 0.023151096
v -0.021128599 0.090992756 0.028001677
v -0.019493094 0.09115677 0.015055737
v -0.015374606 0.090992756 0.022247676
v -0.008124164 0.090992756 0.01855339
v -0.012299964 0.09070063 0.009656941
v -0.019421214 0.09115677 0.01194002
v -0.020018991 0.09115677 0.010783383
v -0.00713448 0.09070063 0.013812773
v -0 0.09070063 0.015732383
v -3.8196744E-18 0.090992756 0.017280428
v 0.015032458 0.3919286 0.0107178455
v 0.015346125 0.2663226 0.010908651
v 0.015434353 0.264239 0.015538541
v 0.015032454 0.39192867 0.015634522
v 0.0052040294 0.40345424 0.015453216
v -0 0.40947154 0.015380798
v 0.03056071 0.26630646 0.007921064
v 0.028588654 0.26441577 0.010989287
v 0.015434353 0.264239 0.015538541
v 0.015346125 0.2663226 0.010908651
v -0.008369145 0.114488386 0.010467923
v -0.012720114 0.11614184 0.010498457
v -0.008443695 0.11473381 0.01218465
v 0.008405475 0.11452581 0.010473593
v 0.007379899 0.11442282 0.013133819
v 0.0077667045 0.30833948 0.02149211
v 0.0077667045 0.2932973 0.02149211
v -0.0077666715 0.2932973 0.02149211
v -0.0077666715 0.30833948 0.02149211
v -2.527531E-17 0.3175191 0.02149211
v -0.0152715165 0.3920092 0.0107178455
v -0.015434353 0.264239 0.015538541
v -0.015346093 0.2663062 0.010908651
v -0.015106855 0.3920091 0.015634522
v -0.0052040294 0.40345424 0.015453216
v -0 0.40947154 0.015380798
v -0.03056071 0.26626608 0.007921064
v -0.015346093 0.2663062 0.010908651
v -0.015434353 0.264239 0.015538541
v -0.028588654 0.26406488 0.010989287
v 0.0077667045 0.2932973 0.02149211
v 0.0077667045 0.2932973 0.0157386
v 0.0070786932 0.2926719 0.01824628
v 0.006416602 0.2926719 0.020048264
v -0.006165117 0.29267195 0.02007981
v -0.0077666715 0.2932973 0.02149211
v -0.007055179 0.29267195 0.018201625
v -0.0077666715 0.2932973 0.0157386
v -0.0077666715 0.2586725 0.0157386
v -0.0077666715 0.2932973 0.0157386
v -0.007055179 0.29267195 0.018201625
v -0.0071744183 0.2586725 0.01772025
v -0.006165117 0.29267195 0.02007981
v -0.006162074 0.2586725 0.020544933
v 0.00645434 0.2586725 0.020422565
v 0.006416602 0.2926719 0.020048264
v 0.0070786932 0.2926719 0.01824628
v 0.0071289907 0.2586725 0.017543904
v 0.0077667045 0.2932973 0.0157386
v 0.0077667045 0.2586725 0.0157386
v 0.01759375 0.12106404 0.013322381
v 0.019664764 0.11825715 0.01329246
v 0.020062774 0.117862344 0.011187827
v 0.017728016 0.121313214 0.011278638
v -0.00064311555 0.12196801 0.01941628
v 0.007379899 0.11442282 0.013133819
v -0.0011950627 0.12055363 0.0115097435
v 0.011390938 0.1139073 0.019444186
v 0.0019686506 0.12584393 0.024104659
v 0.013787664 0.11783019 0.024099883
v 0.005536109 0.13104275 0.025839932
v 0.017619265 0.12305291 0.025819642
v 0.009116768 0.13626026 0.024190223
v 0.021001559 0.12820315 0.024185454
v 0.011751266 0.14009847 0.019597484
v 0.014857888 0.11717014 0.023094684
v 0.018443622 0.12245363 0.025236985
v 0.012994653 0.11459439 0.019187823
v 0.021847269 0.12737288 0.023144815
v 0.010539189 0.11242238 0.013133326
v 0.011963623 0.11327789 0.013276974
v 0.012265801 0.113499716 0.010736151
v 0.011053885 0.11294931 0.010601197
v 0.008405475 0.11452581 0.010473593
v 0.023651993 0.13208891 0.019615553
v 0.024313197 0.13101093 0.018763494
v 0.01757444 0.13819872 0.016015384
v 0.0131348055 0.14146146 0.016076151
v 0.024346566 0.13315037 0.016239177
v 0.024604687 0.13153568 0.01624315
v 0.023887869 0.13308488 0.013171933
v 0.024592796 0.13141333 0.01342621
v 0.022106903 0.12782434 0.013197441
v 0.024604687 0.13153568 0.01624315
v 0.024592796 0.13141333 0.01342621
v 0.024313197 0.13101093 0.018763494
v 0.012994653 0.11459439 0.019187823
v 0.01759375 0.12106404 0.013322381
v 0.014857888 0.11717014 0.023094684
v 0.021847269 0.12737288 0.023144815
v 0.018443622 0.12245363 0.025236985
v 0.011963623 0.11327789 0.013276974
v 0.012265801 0.113499716 0.010736151
v 0.017728016 0.121313214 0.011278638
v -0.13966852 0.13709657 -0.010359033
v -0.14200172 0.13267702 -8.209192E-18
v -0.14200172 0.13267703 -0.010326771
v -0.136454 0.14305274 -9.160982E-18
v -0.136454 0.14305274 -0.013157172
v -0.13966852 0.13709657 -0.013157172
v -0.12973101 0.15468787 -0.010155177
v -0.12824573 0.15696034 -0.0066250484
v -0.12785086 0.15760478 -2.836439E-17
v 0.13966852 0.13709657 -0.010359033
v 0.14200172 0.13267703 -0.010326771
v 0.14200172 0.13267702 8.209192E-18
v 0.136454 0.14305274 9.160982E-18
v 0.136454 0.14305274 -0.013157172
v 0.13966852 0.13709657 -0.013157172
v 0.12973101 0.15468787 -0.010155177
v 0.12824573 0.15696034 -0.0066250484
v 0.12785086 0.15760478 2.836439E-17
v 0.020018991 0.09115677 -0.010783383
v 0.012299964 0.09070063 -0.0096569415
v 0.014874014 0.09070063 -0.0034320655
v 0.032429893 0.091090046 -0.010209774
v 0.03179817 0.091090046 -0.0033605546
v 0.061264317 0.091331966 3.4817364E-18
v 0.061264317 0.091331966 -0.010210863
v 0.068566196 0.09243859 -0.010210863
v 0.031891905 0.091090046 0
v 0.068566196 0.09243859 4.1984685E-18
v 0.075154364 0.09437017 -0.010210863
v 0.07516314 0.09437293 4.386001E-18
v 0.07984181 0.09647377 4.6606437E-18
v 0.07984181 0.09647377 -0.010210863
v 0.089002356 0.10176817 5.4072664E-18
v 0.089002356 0.10176817 -0.010210863
v 0.094030686 0.10462534 -0.010362236
v 0.100745134 0.10844048 -0.0129513405
v 0.12379696 0.12158959 6.4260556E-18
v 0.12033539 0.1196283 -0.019923639
v 0.12379694 0.12158959 -0.019330665
v 0.13315392 0.12724781 -0.009665786
v 0.14200172 0.13267703 -0.010326771
v 0.14200172 0.13267702 8.209192E-18
v -0.13056365 0.13141042 -0.010116151
v -0.13966852 0.13709657 -0.010359033
v -0.14200172 0.13267703 -0.010326771
v -0.1331437 0.12723511 -0.009091318
v -0.1213238 0.12598886 -0.019755086
v -0.12379694 0.12158959 -0.018963361
v -0.117891766 0.124189205 -0.020260692
v -0.12033539 0.1196283 -0.01954256
v -0.09820816 0.11292744 -0.013191804
v -0.100745134 0.10844048 -0.0129513405
v -0.09138475 0.109085195 -0.010424352
v -0.094030686 0.10462534 -0.010362236
v -0.0864919 0.10635049 -0.010210863
v -0.089002356 0.10176817 -0.010210863
v -0.07693575 0.10236397 -0.010210863
v -0.07984181 0.09647377 -0.010210863
v -0.075154364 0.09437017 -0.010210863
v -0.070073724 0.1001145 -0.010210863
v -0.068566196 0.09243859 -0.010210863
v -0.06209205 0.09855264 -0.010210863
v -0.061264317 0.091331966 -0.010210863
v -0.053982127 0.09848811 -0.010210863
v -0.044572286 0.10022806 -0.010281215
v -0.032429893 0.091090046 -0.010209774
v -0.03302509 0.105325945 -0.010209774
v -0.019724704 0.10636364 -0.011434689
v -0.020018991 0.09115677 -0.010783383
v -0.026401814 0.11031893 -0.01085066
v -0.020062774 0.117862344 -0.011187827
v -0.019421214 0.09115677 -0.01194002
v -0.01970174 0.10641025 -0.014436173
v -0.019493094 0.09115677 -0.015055737
v -0.027364029 0.09115677 -0.023151096
v -0.027620176 0.106325015 -0.02287972
v -0.03214757 0.09115677 -0.032539323
v -0.032181166 0.106325015 -0.032524824
v -0.033795863 0.09115677 -0.042946234
v -0.03383118 0.106325015 -0.042942606
v -0.03214757 0.09115677 -0.05335316
v -0.032181166 0.106325015 -0.053360414
v -0.027364068 0.09115677 -0.06274139
v -0.02739266 0.106325015 -0.06275845
v -0.019913511 0.09115677 -0.070191905
v -0.019934319 0.106325015 -0.07021675
v -0.010525296 0.09115677 -0.074975476
v -0.010536297 0.106325015 -0.075005315
v 4.029351E-18 0.09115677 -0.07662373
v 3.960082E-18 0.106325015 -0.076655306
v 0.010536297 0.106325015 -0.075005315
v 0.010525296 0.09115677 -0.074975476
v 0.019934319 0.106325015 -0.07021675
v 0.019913511 0.09115677 -0.070191905
v 0.02739266 0.106325015 -0.06275845
v 0.027364068 0.09115677 -0.06274139
v 0.032181166 0.106325015 -0.053360414
v 0.03214757 0.09115677 -0.05335316
v 0.03383118 0.106325015 -0.042942606
v 0.033795863 0.09115677 -0.042946234
v 0.032181166 0.106325015 -0.032524824
v 0.03214757 0.09115677 -0.032539323
v 0.027742032 0.106325015 -0.023126788
v 0.027364029 0.09115677 -0.023151096
v 0.0188448 0.10649549 -0.014305096
v 0.019493094 0.09115677 -0.015055737
v 0.019421214 0.09115677 -0.01194002
v 0.01967576 0.106382936 -0.011691767
v 0.020018991 0.09115677 -0.010783383
v 0.020475125 0.106532715 -0.010662164
v 0.020062773 0.117862344 -0.011187827
v 0.026401814 0.11031893 -0.01085066
v 0.03302509 0.105325945 -0.010209774
v 0.032429893 0.091090046 -0.010209774
v 0.044572286 0.10022806 -0.010281215
v 0.061264317 0.091331966 -0.010210863
v 0.053982127 0.09848811 -0.010210863
v 0.06209205 0.09855264 -0.010210863
v 0.068566196 0.09243859 -0.010210863
v 0.070073724 0.1001145 -0.010210863
v 0.075154364 0.09437017 -0.010210863
v 0.07693575 0.10236397 -0.010210863
v 0.07984181 0.09647377 -0.010210863
v 0.089002356 0.10176817 -0.010210863
v 0.0864919 0.10635049 -0.010210863
v 0.094030686 0.10462534 -0.010362236
v 0.09138475 0.109085195 -0.010424352
v 0.100745134 0.10844048 -0.0129513405
v 0.09820816 0.11292744 -0.013191804
v 0.12033539 0.1196283 -0.019923639
v 0.117891766 0.124189205 -0.020260692
v 0.12379694 0.12158959 -0.019330665
v 0.1213238 0.12598886 -0.019755086
v 0.13315392 0.12724781 -0.009665786
v 0.13006608 0.13101928 -0.009934614
v 0.14200172 0.13267703 -0.010326771
v 0.13966852 0.13709657 -0.010359033
v -0.13056365 0.13141042 -0.010116151
v -0.13966852 0.13709657 -0.013157172
v -0.13966852 0.13709657 -0.010359033
v -0.12995166 0.13112836 -0.0131233055
v -0.1213238 0.12598886 -0.019755086
v 0.13006608 0.13101928 -0.009934614
v 0.13966852 0.13709657 -0.010359033
v 0.13966852 0.13709657 -0.013157172
v 0.12988593 0.13109502 -0.013131148
v 0.1213238 0.12598886 -0.019755086
v 0.12988593 0.13109502 -0.013131148
v 0.13966852 0.13709657 -0.013157172
v 0.136454 0.14305274 -0.013157172
v 0.1265317 0.13734248 -0.013172484
v 0.11782961 0.13240945 -0.019675152
v 0.1213238 0.12598886 -0.019755086
v 0.117891766 0.124189205 -0.020260692
v 0.11447417 0.13047752 -0.020286614
v 0.094292976 0.11943483 -0.013129045
v 0.09820816 0.11292744 -0.013191804
v 0.08307066 0.113097616 -0.013044919
v 0.08653989 0.10625451 -0.013078588
v 0.07698825 0.1024582 -0.013229574
v 0.074246705 0.10847697 -0.013077049
v 0.06826825 0.10623082 -0.013089608
v 0.06991678 0.1000689 -0.013240563
v 0.06191731 0.10500745 -0.013109183
v 0.062155716 0.09854761 -0.0132889375
v 0.053789828 0.09864701 -0.013276539
v 0.054470576 0.104942225 -0.013109183
v 0.046458438 0.10617635 -0.013179502
v 0.044897713 0.10019982 -0.013298612
v 0.0331067 0.1053741 -0.013218556
v 0.036861707 0.1102992 -0.013244983
v 0.026537823 0.11033872 -0.01333004
v 0.030620737 0.11518281 -0.013092812
v 0.019736605 0.117862575 -0.013275318
v 0.025196154 0.121382244 -0.01297495
v 0.014717036 0.12709458 -0.013481837
v 0.01360838 0.12915288 -0.013566112
v 0.018967297 0.13265738 -0.013347917
v 0.1265317 0.13734248 -0.013172484
v 0.136454 0.14305274 -0.013157172
v 0.12973101 0.15468787 -0.010155177
v 0.11993369 0.14927417 -0.010155177
v 0.10646201 0.1416568 -0.010239112
v 0.11782961 0.13240945 -0.019675152
v 0.11447417 0.13047752 -0.020286614
v 0.11881868 0.15166122 -0.0069069993
v 0.12824573 0.15696034 -0.0066250484
v 0.105451114 0.14400618 -0.0069069993
v 0.11817597 0.15209715 5.1309908E-17
v 0.12785086 0.15760478 2.836439E-17
v 0.10486599 0.14449975 3.907243E-17
v 0.10220189 0.14224017 -0.0069069993
v 0.10167672 0.14271604 3.2768906E-17
v 0.10321632 0.13973457 -0.010239075
v 0.094292976 0.11943483 -0.013129045
v 0.08114888 0.13043052 -0.0067660394
v 0.08081112 0.13080502 2.1569907E-17
v 0.08239005 0.12774958 -0.010205045
v 0.08307066 0.113097616 -0.013044919
v 0.074246705 0.10847697 -0.013077049
v 0.06553719 0.122500464 -0.006796347
v 0.06506533 0.122909114 1.06081984E-17
v 0.06675083 0.11996111 -0.010267885
v 0.05724024 0.11814688 -0.010192688
v 0.06826825 0.10623082 -0.013089608
v 0.06191731 0.10500745 -0.013109183
v 0.054470576 0.104942225 -0.013109183
v 0.05747639 0.12068328 -0.0066250484
v 0.05726522 0.12111577 2.302611E-17
v 0.047628894 0.122442774 -0.0066250484
v 0.047845453 0.12283484 1.21352524E-17
v 0.046819527 0.11997823 -0.010111756
v 0.046458438 0.10617635 -0.013179502
v 0.036861707 0.1102992 -0.013244983
v 0.030620737 0.11518281 -0.013092812
v 0.03765043 0.1272152 -0.0099637145
v 0.025196154 0.121382244 -0.01297495
v 0.018967297 0.13265738 -0.013347917
v 0.039213154 0.12868533 -0.007009867
v 0.039851155 0.12952746 7.79304E-18
v 0.032432403 0.13620302 -0.0099637145
v 0.030923061 0.14152941 -0.0100245755
v 0.034337852 0.13716662 -0.0066780043
v 0.035230946 0.13747305 1.5066908E-17
v 0.03234979 0.14342839 -0.006760209
v 0.032840382 0.14868984 -0.0007684802
v 0.08653989 0.10625451 -0.013078588
v 0.09138475 0.109085195 -0.010424352
v 0.09820816 0.11292744 -0.013191804
v 0.0864919 0.10635049 -0.010210863
v 0.07693575 0.10236397 -0.010210863
v 0.07698825 0.1024582 -0.013229574
v 0.06991678 0.1000689 -0.013240563
v 0.070073724 0.1001145 -0.010210863
v 0.062155716 0.09854761 -0.0132889375
v 0.06209205 0.09855264 -0.010210863
v 0.053982127 0.09848811 -0.010210863
v 0.053789828 0.09864701 -0.013276539
v 0.044897713 0.10019982 -0.013298612
v 0.044572286 0.10022806 -0.010281215
v 0.03302509 0.105325945 -0.010209774
v 0.0331067 0.1053741 -0.013218556
v 0.026401814 0.11031893 -0.01085066
v 0.026537823 0.11033872 -0.01333004
v 0.020062773 0.117862344 -0.011187827
v 0.019736605 0.117862575 -0.013275318
v 0.015042638 0.12647074 -0.010648954
v 0.014717036 0.12709458 -0.013481837
v 0.0804553 0.19028707 -0.0087154675
v 0.058006193 0.17492604 -0.0087041035
v 0.056728456 0.1767882 -0.00932564
v 0.079181835 0.19214298 -0.009334968
v 0.082249925 0.19148931 -0.010974612
v 0.0816145 0.19241534 -0.011283732
v 0.055797804 0.17814474 -0.01099306
v 0.07825424 0.19349502 -0.010996838
v 0.081151634 0.19309002 -0.012112973
v 0.08098549 0.19333233 -0.013240192
v 0.07792126 0.19398066 -0.013255878
v 0.055463664 0.17863202 -0.013259658
v 0.05581549 0.17811958 -0.015518016
v 0.0782719 0.19347002 -0.015506713
v 0.08116044 0.19307752 -0.014363319
v 0.056759123 0.17674494 -0.017163016
v 0.079212345 0.19209993 -0.017146215
v 0.0816297 0.19239387 -0.015181397
v 0.05804163 0.17487614 -0.017753955
v 0.08049059 0.19023727 -0.017735181
v 0.08226753 0.19146445 -0.015475279
v 0.059319396 0.17301396 -0.017132355
v 0.08176415 0.1883814 -0.017115675
v 0.082903005 0.19053844 -0.015166157
v 0.06025007 0.17165756 -0.0154649345
v 0.082691684 0.18702936 -0.015453804
v 0.08336583 0.18986377 -0.014336916
v 0.060584247 0.17117025 -0.013198371
v 0.08302477 0.18654375 -0.01319477
v 0.08353204 0.18962146 -0.013209698
v 0.060232393 0.17168249 -0.010940009
v 0.08267408 0.18705438 -0.010943933
v 0.083357066 0.18987627 -0.012086575
v 0.059288763 0.17305745 -0.00929498
v 0.08173354 0.18842466 -0.009304426
v 0.058006193 0.17492604 -0.0087041035
v 0.08288773 0.19056 -0.011268494
v 0.0804553 0.19028707 -0.0087154675
v 0.082249925 0.19148931 -0.010974612
v 0.053604204 0.17192692 -0.008718456
v 0.047740415 0.16781797 -0.0087235505
v 0.046467297 0.16967323 -0.00934281
v 0.052331045 0.17378238 -0.009337718
v 0.045540076 0.17102465 -0.011004146
v 0.05140386 0.17513373 -0.01099902
v 0.04520715 0.17151017 -0.01326241
v 0.05107087 0.17561923 -0.013257285
v 0.045557726 0.17099988 -0.015512445
v 0.051421512 0.1751088 -0.015507351
v 0.04649787 0.16962998 -0.01715142
v 0.05236168 0.1737391 -0.017146291
v 0.047775753 0.16776815 -0.017740147
v 0.053639445 0.17187715 -0.017735055
v 0.049048815 0.16591287 -0.017120888
v 0.054912534 0.17002176 -0.017115792
v 0.04997604 0.16456117 -0.015459584
v 0.055839792 0.16867031 -0.015454456
v 0.050308958 0.16407573 -0.013201319
v 0.056172736 0.16818492 -0.013196193
v 0.04995839 0.16458623 -0.010951253
v 0.055822168 0.16869533 -0.010946127
v 0.04901825 0.16595595 -0.009312279
v 0.054881997 0.17006515 -0.009307186
v 0.047740415 0.16781797 -0.0087235505
v 0.053604204 0.17192692 -0.008718456
v 0.04608049 0.16680506 -0.000599834
v 0.03137327 0.1559959 0.0014231313
v 0.03162607 0.16404541 -0.00067010015
v 0.0425139 0.17200267 -0.002334692
v 0.047685966 0.16785431 -0.0022560111
v 0.03051083 0.1691596 -0.008308
v 0.044586558 0.17237104 -0.0037636682
v 0.03991624 0.17578876 -0.006989013
v 0.028244684 0.16894315 -0.01128429
v 0.04232913 0.17566146 -0.007808307
v 0.03898347 0.17714909 -0.013315529
v 0.04151861 0.17684343 -0.013306141
v 0.015203852 0.16081062 -0.015967894
v 0.03996564 0.175719 -0.019619135
v 0.04237206 0.17560062 -0.018784048
v 0.00048765555 0.14845203 -0.019602412
v 0.008023731 0.15583743 -0.01594522
v -0.00042742738 0.15000193 -0.015948381
v 0.0031220268 0.14461406 -0.024194872
v 0.042599496 0.17188175 -0.024210764
v 0.04466091 0.17226608 -0.022774257
v 0.006702492 0.13939679 -0.025844514
v 0.046179354 0.1666653 -0.02586011
v 0.04777189 0.16773294 -0.02420756
v 0.010269759 0.1341982 -0.0241093
v 0.04974595 0.16146779 -0.024125222
v 0.05087126 0.16321634 -0.022699935
v 0.012867929 0.13041137 -0.019454215
v 0.052343667 0.15768154 -0.019470938
v 0.053128727 0.15992594 -0.018655295
v 0.018967297 0.13265738 -0.013347917
v 0.01360838 0.12915288 -0.013566112
v 0.053276345 0.15632135 -0.013144421
v 0.030923061 0.14152941 -0.0100245755
v 0.053939246 0.15874389 -0.013157431
v 0.03234979 0.14342839 -0.006760209
v 0.05229421 0.15775155 -0.006840813
v 0.053085774 0.15998666 -0.0076795206
v 0.032840382 0.14868984 -0.0007684802
v 0.049660347 0.16158873 -0.0022491552
v 0.03137327 0.1559959 0.0014231313
v 0.050796907 0.16332145 -0.0036893121
v 0.04608049 0.16680506 -0.000599834
v 0.047685966 0.16785431 -0.0022560111
v 0.047685966 0.16785431 -0.0022560111
v 0.04901825 0.16595595 -0.009312279
v 0.050796907 0.16332145 -0.0036893121
v 0.047740415 0.16781797 -0.0087235505
v 0.044586558 0.17237104 -0.0037636682
v 0.046467297 0.16967323 -0.00934281
v 0.04232913 0.17566146 -0.007808307
v 0.045540076 0.17102465 -0.011004146
v 0.04151861 0.17684343 -0.013306141
v 0.04520715 0.17151017 -0.01326241
v 0.04237206 0.17560062 -0.018784048
v 0.045557726 0.17099988 -0.015512445
v 0.04466091 0.17226608 -0.022774257
v 0.04649787 0.16962998 -0.01715142
v 0.04777189 0.16773294 -0.02420756
v 0.047775753 0.16776815 -0.017740147
v 0.05087126 0.16321634 -0.022699935
v 0.049048815 0.16591287 -0.017120888
v 0.053128727 0.15992594 -0.018655295
v 0.04997604 0.16456117 -0.015459584
v 0.053939246 0.15874389 -0.013157431
v 0.050308958 0.16407573 -0.013201319
v 0.053085774 0.15998666 -0.0076795206
v 0.04995839 0.16458623 -0.010951253
v 0.050796907 0.16332145 -0.0036893121
v 0.04901825 0.16595595 -0.009312279
v 0.051598582 0.17480811 -0.0071453773
v 0.054474875 0.17245054 -0.00521397
v 0.05357816 0.17192343 -0.006182503
v 0.05221173 0.17574845 -0.006314779
v 0.050156888 0.17690958 -0.009728588
v 0.05707787 0.17413788 -0.0052142357
v 0.050563548 0.17815088 -0.009268006
v 0.04963918 0.17766458 -0.013239927
v 0.0548148 0.17743593 -0.0063150823
v 0.057960853 0.17487375 -0.006220905
v 0.055999864 0.17773154 -0.007174809
v 0.05316653 0.1798382 -0.00926831
v 0.054571614 0.17981312 -0.009733818
v 0.04997167 0.17901407 -0.013282309
v 0.05018429 0.17687082 -0.016738541
v 0.052574657 0.18070142 -0.013282612
v 0.05405876 0.18056114 -0.013212272
v 0.050594866 0.17810665 -0.017282061
v 0.051646113 0.17474088 -0.019286973
v 0.053197835 0.179794 -0.017282369
v 0.05459875 0.17977484 -0.016678099
v 0.052266072 0.17567158 -0.020195538
v 0.053632997 0.171846 -0.02020238
v 0.054869074 0.17735898 -0.02019586
v 0.056046896 0.17766489 -0.01920271
v 0.054537587 0.172362 -0.02124207
v 0.0556125 0.16896099 -0.019239532
v 0.057140555 0.17404924 -0.02124239
v 0.058015175 0.17479688 -0.02010953
v 0.05680061 0.16906378 -0.020141285
v 0.0570543 0.16685969 -0.016656294
v 0.05940366 0.17075117 -0.020141546
v 0.05997618 0.17193906 -0.019155627
v 0.058448944 0.16666146 -0.017188031
v 0.05757198 0.16610467 -0.013144958
v 0.06105193 0.16834879 -0.017188316
v 0.06140442 0.16985738 -0.016596619
v 0.059040774 0.16579835 -0.013173731
v 0.0570269 0.16689846 -0.009646343
v 0.061643753 0.16748579 -0.013174014
v 0.061917227 0.16910958 -0.013118166
v 0.058417615 0.16670582 -0.009173975
v 0.055565026 0.16902828 -0.00709788
v 0.061020587 0.16839309 -0.009174259
v 0.061377276 0.1698958 -0.009652335
v 0.05674635 0.16914074 -0.006260477
v 0.05357816 0.17192343 -0.006182503
v 0.054474875 0.17245054 -0.00521397
v 0.059349366 0.17082807 -0.0062607806
v 0.059929132 0.17200574 -0.0071277563
v 0.05707787 0.17413788 -0.0052142357
v 0.057960853 0.17487375 -0.006220905
v 0.055822168 0.16869533 -0.010946127
v 0.0570269 0.16689846 -0.009646343
v 0.05757198 0.16610467 -0.013144958
v 0.056172736 0.16818492 -0.013196193
v 0.0570543 0.16685969 -0.016656294
v 0.055839792 0.16867031 -0.015454456
v 0.0556125 0.16896099 -0.019239532
v 0.054912534 0.17002176 -0.017115792
v 0.053632997 0.171846 -0.02020238
v 0.053639445 0.17187715 -0.017735055
v 0.051646113 0.17474088 -0.019286973
v 0.05236168 0.1737391 -0.017146291
v 0.05018429 0.17687082 -0.016738541
v 0.051421512 0.1751088 -0.015507351
v 0.04963918 0.17766458 -0.013239927
v 0.05107087 0.17561923 -0.013257285
v 0.050156888 0.17690958 -0.009728588
v 0.05140386 0.17513373 -0.01099902
v 0.051598582 0.17480811 -0.0071453773
v 0.052331045 0.17378238 -0.009337718
v 0.05357816 0.17192343 -0.006182503
v 0.053604204 0.17192692 -0.008718456
v 0.055565026 0.16902828 -0.00709788
v 0.054881997 0.17006515 -0.009307186
v 0.0570269 0.16689846 -0.009646343
v 0.055822168 0.16869533 -0.010946127
v 0.060232393 0.17168249 -0.010940009
v 0.059929132 0.17200574 -0.0071277563
v 0.059288763 0.17305745 -0.00929498
v 0.061377276 0.1698958 -0.009652335
v 0.060584247 0.17117025 -0.013198371
v 0.061917227 0.16910958 -0.013118166
v 0.06025007 0.17165756 -0.0154649345
v 0.06140442 0.16985738 -0.016596619
v 0.059319396 0.17301396 -0.017132355
v 0.05997618 0.17193906 -0.019155627
v 0.05804163 0.17487614 -0.017753955
v 0.058015175 0.17479688 -0.02010953
v 0.056759123 0.17674494 -0.017163016
v 0.056046896 0.17766489 -0.01920271
v 0.05581549 0.17811958 -0.015518016
v 0.05459875 0.17977484 -0.016678099
v 0.055463664 0.17863202 -0.013259658
v 0.05405876 0.18056114 -0.013212272
v 0.055797804 0.17814474 -0.01099306
v 0.054571614 0.17981312 -0.009733818
v 0.056728456 0.1767882 -0.00932564
v 0.055999864 0.17773154 -0.007174809
v 0.058006193 0.17492604 -0.0087041035
v 0.057960853 0.17487375 -0.006220905
v 0.059288763 0.17305745 -0.00929498
v 0.059929132 0.17200574 -0.0071277563
v 0.0816297 0.19239387 -0.015181397
v 0.08226753 0.19146445 -0.015475279
v 0.082903005 0.19053844 -0.015166157
v 0.08336583 0.18986377 -0.014336916
v 0.08116044 0.19307752 -0.014363319
v 0.08353204 0.18962146 -0.013209698
v 0.08098549 0.19333233 -0.013240192
v 0.083357066 0.18987627 -0.012086575
v 0.081151634 0.19309002 -0.012112973
v 0.08288773 0.19056 -0.011268494
v 0.0816145 0.19241534 -0.011283732
v 0.082249925 0.19148931 -0.010974612
v -0.0017192555 0.15174644 -0.015509487
v -0.008314032 0.14753541 -0.015167913
v -0.00067577895 0.1500472 -0.020316375
v -0.012541609 0.14155135 -0.02078817
v -0.013870386 0.14337796 -0.016058277
v -0.0095199365 0.13726468 -0.025922632
v 0.0024092079 0.14555563 -0.025692029
v -0.005052333 0.13067833 -0.027699897
v 0.0065996796 0.13945383 -0.027621781
v -0.0011203436 0.12512551 -0.02562152
v 0.010774953 0.13337412 -0.025591936
v 0.001961662 0.12063839 -0.020630471
v 0.013582091 0.12908192 -0.020188492
v 0.0083442135 0.12256934 -0.012579906
v 0.0029269117 0.119025074 -0.011375576
v 0.014717036 0.12709458 -0.013481837
v 0.015042638 0.12647074 -0.010648954
v -0.00042742738 0.15000193 -0.015948381
v -0.0017192555 0.15174644 -0.015509487
v -0.00067577895 0.1500472 -0.020316375
v 0.00048765555 0.14845203 -0.019602412
v 0.0024092079 0.14555563 -0.025692029
v 0.0031220268 0.14461406 -0.024194872
v 0.0065996796 0.13945383 -0.027621781
v 0.006702492 0.13939679 -0.025844514
v 0.010774953 0.13337412 -0.025591936
v 0.010269759 0.1341982 -0.0241093
v 0.013582091 0.12908192 -0.020188492
v 0.012867929 0.13041137 -0.019454215
v 0.014717036 0.12709458 -0.013481837
v 0.01360838 0.12915288 -0.013566112
v -0.011751266 0.14009847 -0.019597484
v -0.013870386 0.14337796 -0.016058277
v -0.0131348055 0.14146146 -0.016076151
v -0.012541609 0.14155135 -0.02078817
v -0.009116768 0.13626026 -0.024190223
v -0.0095199365 0.13726468 -0.025922632
v -0.005536109 0.13104275 -0.025839932
v -0.005052333 0.13067833 -0.027699897
v -0.0019686506 0.12584393 -0.024104659
v -0.0011203436 0.12512551 -0.02562152
v 0.00064311555 0.12196801 -0.01941628
v 0.001961662 0.12063839 -0.020630471
v 0.0011950627 0.12055363 -0.0115097435
v 0.0029269117 0.119025074 -0.011375576
v 1.7034324E-18 0.090992756 -0.017280428
v 1.3524913E-18 0.106325015 -0.017280428
v -0.008124164 0.106325015 -0.01855339
v -0.008124164 0.090992756 -0.01855339
v -0.015374606 0.106325015 -0.022247676
v -0.015374606 0.090992756 -0.022247676
v -0.021128599 0.106325015 -0.028001677
v -0.021128599 0.090992756 -0.028001677
v -0.024822861 0.106325015 -0.035252117
v -0.024822861 0.090992756 -0.035252117
v -0.026095852 0.106325015 -0.043289267
v -0.026095852 0.090992756 -0.043289267
v -0.02482289 0.106325015 -0.05132645
v -0.02482289 0.090992756 -0.05132645
v -0.021128599 0.106325015 -0.058576897
v -0.021128599 0.090992756 -0.058576897
v -0.015374606 0.106325015 -0.06433089
v -0.015374606 0.090992756 -0.06433089
v -0.008124164 0.106325015 -0.068025194
v -0.008124164 0.090992756 -0.068025194
v 7.401628E-18 0.106325015 -0.06929814
v 7.496888E-18 0.090992756 -0.06929814
v 0.008124164 0.090992756 -0.068025194
v 0.008124164 0.106325015 -0.068025194
v 0.015374606 0.090992756 -0.06433089
v 0.015374606 0.106325015 -0.06433089
v 0.021128599 0.090992756 -0.058576897
v 0.021128599 0.106325015 -0.058576897
v 0.024822861 0.090992756 -0.05132645
v 0.024822861 0.106325015 -0.05132645
v 0.026095817 0.090992756 -0.043289267
v 0.026095817 0.106325015 -0.043289267
v 0.024822861 0.090992756 -0.035252117
v 0.024822861 0.106325015 -0.035252117
v 0.021128599 0.090992756 -0.028001677
v 0.021128599 0.106325015 -0.028001677
v 0.015374606 0.090992756 -0.022247676
v 0.015374606 0.106325015 -0.022247676
v 0.008124164 0.090992756 -0.01855339
v 0.008124164 0.106325015 -0.01855339
v 1.7034324E-18 0.090992756 -0.017280428
v 1.3524913E-18 0.106325015 -0.017280428
v -0.012720114 0.106325015 -0.01078601
v -0.007322233 0.106325015 -0.012049007
v -0.008609769 0.106325015 -0.0106401825
v -0.008124164 0.106325015 -0.01855339
v -0.0042399634 0.106325015 -0.013923671
v 1.045881E-18 0.106325015 -0.0147767635
v 1.3524913E-18 0.106325015 -0.017280428
v -0.01970174 0.10641025 -0.014436173
v -0.019724704 0.10636364 -0.011434689
v -0.015374606 0.106325015 -0.022247676
v -0.027620176 0.106325015 -0.02287972
v -0.021128599 0.106325015 -0.028001677
v -0.032181166 0.106325015 -0.032524824
v -0.024822861 0.106325015 -0.035252117
v -0.03383118 0.106325015 -0.042942606
v -0.026095852 0.106325015 -0.043289267
v -0.032181166 0.106325015 -0.053360414
v -0.02482289 0.106325015 -0.05132645
v -0.02739266 0.106325015 -0.06275845
v -0.021128599 0.106325015 -0.058576897
v -0.019934319 0.106325015 -0.07021675
v -0.015374606 0.106325015 -0.06433089
v -0.010536297 0.106325015 -0.075005315
v -0.008124164 0.106325015 -0.068025194
v 7.401628E-18 0.106325015 -0.06929814
v 3.960082E-18 0.106325015 -0.076655306
v 0.010536297 0.106325015 -0.075005315
v 0.008124164 0.106325015 -0.068025194
v 0.015374606 0.106325015 -0.06433089
v 0.019934319 0.106325015 -0.07021675
v 0.021128599 0.106325015 -0.058576897
v 0.02739266 0.106325015 -0.06275845
v 0.024822861 0.106325015 -0.05132645
v 0.032181166 0.106325015 -0.053360414
v 0.026095817 0.106325015 -0.043289267
v 0.03383118 0.106325015 -0.042942606
v 0.024822861 0.106325015 -0.035252117
v 0.032181166 0.106325015 -0.032524824
v 0.021128599 0.106325015 -0.028001677
v 0.027742032 0.106325015 -0.023126788
v 0.015374606 0.106325015 -0.022247676
v 0.0188448 0.10649549 -0.014305096
v 0.008124164 0.106325015 -0.01855339
v 0.012720114 0.106325015 -0.01078601
v 0.01967576 0.106382936 -0.011691767
v 0.007322201 0.106325015 -0.012049007
v 0.008609769 0.106325015 -0.0106401825
v 0.0042399634 0.106325015 -0.013923671
v 1.045881E-18 0.106325015 -0.0147767635
v 1.3524913E-18 0.106325015 -0.017280428
v -0.012720114 0.106325015 -0.01078601
v -0.020062774 0.117862344 -0.011187827
v -0.019724704 0.10636364 -0.011434689
v -0.012265801 0.113499716 -0.010736151
v -0.017728016 0.121313214 -0.011278638
v -0.008641775 0.10991015 -0.010491111
v -0.008609769 0.106325015 -0.0106401825
v -0.011053885 0.11294931 -0.010601197
v -0.008405475 0.11452581 -0.010473593
v -0.0056366273 0.11211171 -0.010461903
v 9.183089E-19 0.11211171 -0.01037098
v 0.008369145 0.114488386 -0.010467923
v 0.0056267423 0.11211171 -0.010461903
v 0.008641741 0.10991015 -0.010491111
v 0.012720114 0.11614184 -0.010498457
v 0.012720114 0.106325015 -0.01078601
v 0.008609769 0.106325015 -0.0106401825
v 0.020062773 0.117862344 -0.011187827
v 0.01967576 0.106382936 -0.011691767
v 0.015042638 0.12647074 -0.010648954
v 0.008443695 0.11473381 -0.01218465
v 0.0083442135 0.12256934 -0.012579906
v 0.0029269117 0.119025074 -0.011375576
v -0.007379899 0.11442282 -0.013133819
v 0.0011950627 0.12055363 -0.0115097435
v -0.026401814 0.11031893 -0.01085066
v -0.026265796 0.110299155 -0.01333004
v -0.032943483 0.10527779 -0.013218556
v -0.03302509 0.105325945 -0.010209774
v -0.044246845 0.100256294 -0.013298612
v -0.044572286 0.10022806 -0.010281215
v -0.053982127 0.09848811 -0.010210863
v -0.054174427 0.09832924 -0.013276539
v -0.06202839 0.09855769 -0.0132889375
v -0.06209205 0.09855264 -0.010210863
v -0.070073724 0.1001145 -0.010210863
v -0.07023816 0.100160085 -0.013240563
v -0.07693575 0.10236397 -0.010210863
v -0.07694413 0.10226741 -0.013229574
v -0.08644391 0.106446475 -0.013078588
v -0.0864919 0.10635049 -0.010210863
v -0.09138475 0.109085195 -0.010424352
v -0.09820816 0.11292744 -0.013191804
v -0.020062774 0.117862344 -0.011187827
v -0.019664764 0.11825715 -0.01329246
v -0.026265796 0.110299155 -0.01333004
v -0.026401814 0.11031893 -0.01085066
v -0.022106903 0.12782434 -0.013197441
v -0.019664764 0.11825715 -0.01329246
v -0.01759375 0.12106404 -0.013322381
v -0.026329672 0.12182986 -0.01297495
v -0.030831043 0.11597192 -0.013092812
v -0.026265796 0.110299155 -0.01333004
v -0.036963962 0.1110671 -0.013244983
v -0.032943483 0.10527779 -0.013218556
v -0.046242345 0.106793754 -0.013179502
v -0.044246845 0.100256294 -0.013298612
v -0.054174427 0.09832924 -0.013276539
v -0.05412617 0.105966724 -0.013109183
v -0.06137998 0.10588244 -0.013109183
v -0.06202839 0.09855769 -0.0132889375
v -0.07023816 0.100160085 -0.013240563
v -0.06822579 0.107064314 -0.013089608
v -0.07694413 0.10226741 -0.013229574
v -0.07448139 0.10934691 -0.013463946
v -0.08307066 0.113097616 -0.013564895
v -0.08644391 0.106446475 -0.013078588
v -0.09820816 0.11292744 -0.013191804
v -0.094292976 0.11943483 -0.014382981
v -0.117891766 0.124189205 -0.020260692
v -0.11447417 0.13047752 -0.020286614
v -0.11782961 0.13240945 -0.019622622
v -0.1213238 0.12598886 -0.019755086
v -0.12995166 0.13112836 -0.0131233055
v -0.1265317 0.13734248 -0.013172484
v -0.136454 0.14305274 -0.013157172
v -0.13966852 0.13709657 -0.013157172
v -0.1265317 0.13734248 -0.013172484
v -0.12973101 0.15468787 -0.010155177
v -0.136454 0.14305274 -0.013157172
v -0.11993369 0.14927417 -0.010155177
v -0.10646201 0.1416568 -0.010165808
v -0.11782961 0.13240945 -0.019622622
v -0.11447417 0.13047752 -0.020286614
v -0.11881868 0.15166122 -0.0069069993
v -0.12824573 0.15696034 -0.0066250484
v -0.105451114 0.14400618 -0.0069069993
v -0.11817597 0.15209715 -5.1309908E-17
v -0.12785086 0.15760478 -2.836439E-17
v -0.10486599 0.14449975 -3.907243E-17
v -0.10220189 0.14224017 -0.0069069993
v -0.10167672 0.14271604 -3.2768906E-17
v -0.10321632 0.13973457 -0.010165774
v -0.094292976 0.11943483 -0.014382981
v -0.08114888 0.13043052 -0.0067660394
v -0.08081112 0.13080502 -2.1569907E-17
v -0.08239005 0.12774958 -0.010205045
v -0.08307066 0.113097616 -0.013564895
v -0.07448139 0.10934691 -0.013463946
v -0.06515927 0.122336954 -0.006796347
v -0.06506533 0.122909114 -1.06081984E-17
v -0.066373505 0.119785294 -0.010267885
v -0.057005055 0.11771223 -0.010192688
v -0.06822579 0.107064314 -0.013089608
v -0.06137998 0.10588244 -0.013109183
v -0.05412617 0.105966724 -0.013109183
v -0.057193823 0.12064331 -0.0066250484
v -0.05726522 0.12111577 -2.302611E-17
v -0.047462124 0.12237475 -0.0066250484
v -0.047845453 0.12283484 -1.21352524E-17
v -0.046702933 0.12000037 -0.010111756
v -0.037194014 0.12754148 -0.0099637145
v -0.046242345 0.106793754 -0.013179502
v -0.036963962 0.1110671 -0.013244983
v -0.030831043 0.11597192 -0.013092812
v -0.026329672 0.12182986 -0.01297495
v -0.022106903 0.12782434 -0.013197441
v -0.024592796 0.13141333 -0.01342621
v -0.039030436 0.12899764 -0.0061962586
v -0.039851155 0.12952746 -7.793038E-18
v -0.032312598 0.13659368 -0.010518138
v -0.03444041 0.137465 -0.0050975513
v -0.035230946 0.13747305 -1.5066908E-17
v -0.029412849 0.14843655 -0.011261808
v -0.023887869 0.13308488 -0.013171933
v -0.01757444 0.13819872 -0.016015384
v -0.03236356 0.14883964 -0.0032179563
v -0.032840382 0.14868984 0.00067793234
v -0.03137327 0.1559959 -0.0014231313
v -0.013870386 0.14337796 -0.016058277
v -0.0131348055 0.14146146 -0.016076151
v -0.024618534 0.24952741 -0.012648274
v -0.015434353 0.24945675 -0.015538541
v -0.008314032 0.14753541 -0.015167913
v -0.0077667045 0.24952741 -0.0153845735
v -0.0017192555 0.15174644 -0.015509487
v -0.024412923 0.25867242 -0.012717459
v 0.008023731 0.15583743 -0.01594522
v -0.00042742738 0.15000193 -0.015948381
v 0.0077666715 0.24952741 -0.0153845735
v 0.015203852 0.16081062 -0.015967894
v 0.015434353 0.24945675 -0.015538541
v 0.024618534 0.24952741 -0.012648274
v 0.028244684 0.16894315 -0.01128429
v 0.024412923 0.25867242 -0.012717459
v -0.028588654 0.26441577 -0.010989287
v -0.031140946 0.1792738 -0.0075291567
v -0.03056071 0.26630646 -0.007921064
v -0.031609926 0.17953597 -8.799169E-18
v -0.03162607 0.16404541 0.00057955226
v -0.015434353 0.264239 -0.015538541
v -0.015434353 0.25867242 -0.015576299
v -0.0077667045 0.2586725 -0.0157386
v -0.0077667045 0.2932973 -0.0157386
v -0.0077667045 0.30833948 -0.0157386
v -0.015032454 0.39192867 -0.015634522
v -0.008010679 0.38845688 -0.015788388
v -0 0.40947154 -0.015380798
v 2.0425166E-18 0.39852157 -0.01583979
v 0.008010679 0.38845688 -0.015788388
v 0.015106855 0.3920091 -0.015634522
v 0.0077666715 0.30833948 -0.0157386
v 0.015434353 0.264239 -0.015538541
v 0.0077666715 0.2932973 -0.0157386
v 0.0077666715 0.2586725 -0.0157386
v 0.015434353 0.25867242 -0.015576299
v 0.028588654 0.26406488 -0.010989287
v 0.031140946 0.1792738 -0.0075291567
v 0.03056071 0.26626608 -0.007921064
v 0.03051083 0.1691596 -0.008308
v 0.03162607 0.16404541 -0.00067010015
v 0.031609926 0.17953597 2.754443E-18
v 1.7800612E-17 0.3175191 -0.0157386
v -0.008010679 0.38845688 -0.015788388
v -0.0077667045 0.30833948 -0.0157386
v 2.0425166E-18 0.39852157 -0.01583979
v 0.008010679 0.38845688 -0.015788388
v 0.0077666715 0.30833948 -0.0157386
v -0.00954331 0.24952741 -0.018399881
v -0.024412923 0.25867242 -0.012717459
v -0.024618534 0.24952741 -0.012648274
v -0.00954331 0.25867242 -0.018399881
v -0.00943318 0.2586725 -0.020512125
v -0.00943318 0.24952741 -0.020512125
v -0.0081514595 0.24952741 -0.02203389
v -0.0081514595 0.2586725 -0.02203389
v 0.0081514595 0.24952741 -0.02203389
v 0.0081514595 0.2586725 -0.02203389
v 0.00943318 0.2586725 -0.020512125
v 0.00943318 0.24952741 -0.020512125
v 0.00954331 0.24952741 -0.018399881
v 0.00954331 0.25867242 -0.018399881
v 0.024412923 0.25867242 -0.012717459
v 0.024618534 0.24952741 -0.012648274
v -0.015434353 0.24945675 -0.015538541
v -0.00954331 0.24952741 -0.018399881
v -0.024618534 0.24952741 -0.012648274
v -0.0077667045 0.24952741 -0.0153845735
v -0.0081514595 0.24952741 -0.02203389
v -0.00943318 0.24952741 -0.020512125
v 0.0081514595 0.24952741 -0.02203389
v 0.0077666715 0.24952741 -0.0153845735
v 0.00943318 0.24952741 -0.020512125
v 0.00954331 0.24952741 -0.018399881
v 0.015434353 0.24945675 -0.015538541
v 0.024618534 0.24952741 -0.012648274
v -0.024412923 0.25867242 -0.012717459
v -0.00954331 0.25867242 -0.018399881
v -0.015434353 0.25867242 -0.015576299
v -0.0071289907 0.2586725 -0.017543904
v -0.0077667045 0.2586725 -0.0157386
v -0.00645434 0.2586725 -0.020422565
v -0.00943318 0.2586725 -0.020512125
v -0.0081514595 0.2586725 -0.02203389
v 0.006162074 0.2586725 -0.020544933
v 0.0081514595 0.2586725 -0.02203389
v 0.00943318 0.2586725 -0.020512125
v 0.00954331 0.25867242 -0.018399881
v 0.0071744183 0.2586725 -0.01772025
v 0.0077666715 0.2586725 -0.0157386
v 0.015434353 0.25867242 -0.015576299
v 0.024412923 0.25867242 -0.012717459
v -0.0077667045 0.2932973 -0.0157386
v -0.0077667045 0.2932973 -0.02149211
v -0.0077667045 0.30833948 -0.02149211
v -0.0077667045 0.30833948 -0.0157386
v 2.308872E-17 0.3175191 -0.02149211
v 1.7800612E-17 0.3175191 -0.0157386
v 0.0077666715 0.30833948 -0.0157386
v 0.0077666715 0.30833948 -0.02149211
v 0.0077666715 0.2932973 -0.0157386
v 0.0077666715 0.2932973 -0.02149211
v 9.183089E-19 0.11211171 -0.01037098
v -0.0056366273 0.11211171 -0.010461903
v -0.0045028836 0.11211171 -0.011343412
v -0.0027282604 0.11211171 -0.012193025
v 1.8416785E-18 0.11211171 -0.012513023
v 0.0027282604 0.11211171 -0.012193025
v 0.0045028604 0.11211171 -0.011343412
v 0.0056267423 0.11211171 -0.010461903
v -0.007322233 0.106325015 -0.012049007
v -0.008641775 0.10991015 -0.010491111
v -0.008609769 0.106325015 -0.0106401825
v -0.007322233 0.10991019 -0.012049007
v -0.0056366273 0.11211171 -0.010461903
v -0.0045028836 0.11211171 -0.011343412
v -0.0027282604 0.11211171 -0.012193025
v -0.0042399634 0.10991019 -0.013923671
v -0.0042399634 0.106325015 -0.013923671
v 1.045881E-18 0.106325015 -0.0147767635
v 2.3281187E-18 0.10991019 -0.014776763
v 1.8416785E-18 0.11211171 -0.012513023
v 0.0027282604 0.11211171 -0.012193025
v 0.0042399634 0.10991019 -0.013923671
v 0.0042399634 0.106325015 -0.013923671
v 0.007322201 0.106325015 -0.012049007
v 0.007322201 0.10991019 -0.012049007
v 0.0045028604 0.11211171 -0.011343412
v 0.0056267423 0.11211171 -0.010461903
v 0.008641741 0.10991015 -0.010491111
v 0.008609769 0.106325015 -0.0106401825
v -0 0.09070063 -0.015732385
v 1.7034324E-18 0.090992756 -0.017280428
v -0.008124164 0.090992756 -0.01855339
v -0.007134525 0.09070063 -0.013812773
v -0.012299964 0.09070063 -0.0096569415
v -0.019493094 0.09115677 -0.015055737
v -0.015374606 0.090992756 -0.022247676
v -0.021128599 0.090992756 -0.028001677
v -0.019421214 0.09115677 -0.01194002
v -0.020018991 0.09115677 -0.010783383
v -0.027364029 0.09115677 -0.023151096
v -0.024822861 0.090992756 -0.035252117
v -0.03214757 0.09115677 -0.032539323
v -0.026095852 0.090992756 -0.043289267
v -0.033795863 0.09115677 -0.042946234
v -0.02482289 0.090992756 -0.05132645
v -0.03214757 0.09115677 -0.05335316
v -0.021128599 0.090992756 -0.058576897
v -0.027364068 0.09115677 -0.06274139
v -0.015374606 0.090992756 -0.06433089
v -0.019913511 0.09115677 -0.070191905
v -0.008124164 0.090992756 -0.068025194
v -0.010525296 0.09115677 -0.074975476
v 7.496888E-18 0.090992756 -0.06929814
v 4.029351E-18 0.09115677 -0.07662373
v 0.010525296 0.09115677 -0.074975476
v 0.008124164 0.090992756 -0.068025194
v 0.019913511 0.09115677 -0.070191905
v 0.015374606 0.090992756 -0.06433089
v 0.027364068 0.09115677 -0.06274139
v 0.021128599 0.090992756 -0.058576897
v 0.03214757 0.09115677 -0.05335316
v 0.024822861 0.090992756 -0.05132645
v 0.033795863 0.09115677 -0.042946234
v 0.026095817 0.090992756 -0.043289267
v 0.03214757 0.09115677 -0.032539323
v 0.024822861 0.090992756 -0.035252117
v 0.027364029 0.09115677 -0.023151096
v 0.021128599 0.090992756 -0.028001677
v 0.019493094 0.09115677 -0.015055737
v 0.015374606 0.090992756 -0.022247676
v 0.008124164 0.090992756 -0.01855339
v 0.012299964 0.09070063 -0.0096569415
v 0.019421214 0.09115677 -0.01194002
v 0.020018991 0.09115677 -0.010783383
v 0.00713448 0.09070063 -0.013812773
v -0 0.09070063 -0.015732385
v 1.7034324E-18 0.090992756 -0.017280428
v -0.015032458 0.3919286 -0.0107178455
v -0.015346125 0.2663226 -0.010908651
v -0.015434353 0.264239 -0.015538541
v -0.015032454 0.39192867 -0.015634522
v -0.0052040294 0.40345424 -0.015453216
v -0 0.40947154 -0.015380798
v -0.03056071 0.26630646 -0.007921064
v -0.028588654 0.26441577 -0.010989287
v -0.015434353 0.264239 -0.015538541
v -0.015346125 0.2663226 -0.010908651
v 0.008369145 0.114488386 -0.010467923
v 0.012720114 0.11614184 -0.010498457
v 0.008443695 0.11473381 -0.01218465
v -0.008405475 0.11452581 -0.010473593
v -0.007379899 0.11442282 -0.013133819
v -0.0077667045 0.30833948 -0.02149211
v -0.0077667045 0.2932973 -0.02149211
v 0.0077666715 0.2932973 -0.02149211
v 0.0077666715 0.30833948 -0.02149211
v 2.308872E-17 0.3175191 -0.02149211
v 0.0152715165 0.3920092 -0.0111242
v 0.015434353 0.264239 -0.015538541
v 0.015346093 0.2663062 -0.010908651
v 0.015106855 0.3920091 -0.015634522
v 0.0052040294 0.40345424 -0.015453216
v -0 0.40947154 -0.015380798
v 0.03056071 0.26626608 -0.007921064
v 0.015346093 0.2663062 -0.010908651
v 0.015434353 0.264239 -0.015538541
v 0.028588654 0.26406488 -0.010989287
v -0.0077667045 0.2932973 -0.02149211
v -0.0077667045 0.2932973 -0.0157386
v -0.0070786932 0.2926719 -0.01824628
v -0.006416602 0.2926719 -0.020048264
v 0.006165117 0.29267195 -0.02007981
v 0.0077666715 0.2932973 -0.02149211
v 0.007055179 0.29267195 -0.018201625
v 0.0077666715 0.2932973 -0.0157386
v 0.0077666715 0.2586725 -0.0157386
v 0.0077666715 0.2932973 -0.0157386
v 0.007055179 0.29267195 -0.018201625
v 0.0071744183 0.2586725 -0.01772025
v 0.006165117 0.29267195 -0.02007981
v 0.006162074 0.2586725 -0.020544933
v -0.00645434 0.2586725 -0.020422565
v -0.006416602 0.2926719 -0.020048264
v -0.0070786932 0.2926719 -0.01824628
v -0.0071289907 0.2586725 -0.017543904
v -0.0077667045 0.2932973 -0.0157386
v -0.0077667045 0.2586725 -0.0157386
v -0.01759375 0.12106404 -0.013322381
v -0.019664764 0.11825715 -0.01329246
v -0.020062774 0.117862344 -0.011187827
v -0.017728016 0.121313214 -0.011278638
v 0.00064311555 0.12196801 -0.01941628
v -0.007379899 0.11442282 -0.013133819
v 0.0011950627 0.12055363 -0.0115097435
v -0.011390938 0.1139073 -0.019444186
v -0.0019686506 0.12584393 -0.024104659
v -0.013787664 0.11783019 -0.024099883
v -0.005536109 0.13104275 -0.025839932
v -0.017619265 0.12305291 -0.025819642
v -0.009116768 0.13626026 -0.024190223
v -0.021001559 0.12820315 -0.024185454
v -0.011751266 0.14009847 -0.019597484
v -0.014857888 0.11717014 -0.023094684
v -0.018443622 0.12245363 -0.025236985
v -0.012994653 0.11459439 -0.019187823
v -0.021847269 0.12737288 -0.023144815
v -0.010539189 0.11242238 -0.013133326
v -0.011963623 0.11327789 -0.013276974
v -0.012265801 0.113499716 -0.010736151
v -0.011053885 0.11294931 -0.010601197
v -0.008405475 0.11452581 -0.010473593
v -0.023651993 0.13208891 -0.019615553
v -0.024313197 0.13101093 -0.018763494
v -0.01757444 0.13819872 -0.016015384
v -0.0131348055 0.14146146 -0.016076151
v -0.024346566 0.13315037 -0.016239177
v -0.024604687 0.13153568 -0.01624315
v -0.023887869 0.13308488 -0.013171933
v -0.024592796 0.13141333 -0.01342621
v -0.022106903 0.12782434 -0.013197441
v -0.024604687 0.13153568 -0.01624315
v -0.024592796 0.13141333 -0.01342621
v -0.024313197 0.13101093 -0.018763494
v -0.012994653 0.11459439 -0.019187823
v -0.01759375 0.12106404 -0.013322381
v -0.014857888 0.11717014 -0.023094684
v -0.021847269 0.12737288 -0.023144815
v -0.018443622 0.12245363 -0.025236985
v -0.011963623 0.11327789 -0.013276974
v -0.012265801 0.113499716 -0.010736151
v -0.017728016 0.121313214 -0.011278638
v -0.014874014 0.09070063 -0.0034320655
v -0.014874014 0.08281818 -0.0034320655
v -0.012299964 0.08304776 -0.0096569415
v -0.012299964 0.09070063 -0.0096569415
v -0.007134525 0.08304776 -0.013812773
v -0.007134525 0.09070063 -0.013812773
v 1.4979302E-18 0.08304776 -0.015732383
v -0 0.09070063 -0.015732385
v 0.00713448 0.09070063 -0.013812773
v 0.00713448 0.08304776 -0.013812773
v 0.012299964 0.09070063 -0.0096569415
v 0.012299964 0.08304776 -0.0096569415
v 0.014874014 0.09070063 -0.0034320655
v 0.014874014 0.08281818 -0.0034320655
v -0.014874014 0.08281818 -0.0034320655
v -0.022435848 0.082822904 -0.003531319
v -0.02133002 0.08286236 -0.010071534
v -0.012299964 0.08304776 -0.0096569415
v -0.013541498 0.08286236 -0.01903583
v -0.007134525 0.08304776 -0.013812773
v 2.1314705E-18 0.08286236 -0.023053404
v 1.4979302E-18 0.08304776 -0.015732383
v 0.00713448 0.08304776 -0.013812773
v 0.013541498 0.08286236 -0.01903583
v 0.012299964 0.08304776 -0.0096569415
v 0.02133002 0.08286236 -0.010071534
v 0.014874014 0.08281818 -0.0034320655
v 0.022435848 0.082822904 -0.003531319
v -0.022715444 0.076566204 -1.5473346E-18
v -0.022715444 0.06850959 -6.376459E-18
v -0.021540552 0.068475224 -0.009985613
v -0.022443647 0.07649236 -0.0032386526
v -0.022435848 0.082822904 -0.003531319
v -0.02133002 0.08286236 -0.010071534
v -0.01386467 0.068475224 -0.019002024
v -0.013541498 0.08286236 -0.01903583
v 5.140344E-18 0.068475224 -0.023424026
v 2.1314705E-18 0.08286236 -0.023053404
v 0.013541498 0.08286236 -0.01903583
v 0.013864623 0.068475224 -0.019002024
v 0.02133002 0.08286236 -0.010071534
v 0.021540552 0.068475224 -0.009985613
v 0.022435848 0.082822904 -0.003531319
v 0.022443645 0.07649236 -0.003221235
v 0.022715444 0.076566204 2.3990715E-18
v 0.022715444 0.06850959 5.1534895E-18
v -0.022715444 0.06850959 -6.376459E-18
v -0.021305373 0.067694254 -5.290657E-18
v -0.019411774 0.067659855 -0.009343764
v -0.021540552 0.068475224 -0.009985613
v -0.012539106 0.067659855 -0.017532267
v -0.01386467 0.068475224 -0.019002024
v 5.7516676E-18 0.067659855 -0.021551559
v 5.140344E-18 0.068475224 -0.023424026
v 0.013864623 0.068475224 -0.019002024
v 0.012539106 0.067659855 -0.017532267
v 0.021540552 0.068475224 -0.009985613
v 0.019411774 0.067659855 -0.009343764
v 0.022715444 0.06850959 5.1534895E-18
v 0.021305373 0.067694254 5.290657E-18
v -0.021305373 0.057127442 -5.2464695E-18
v -0.019341704 0.056513652 -1.3610887E-19
v -0.017622637 0.056479275 -0.008482568
v -0.019411774 0.057093065 -0.009343764
v -0.021305373 0.067694254 -5.290657E-18
v -0.011383404 0.056479275 -0.015916359
v -0.019411774 0.067659855 -0.009343764
v -0.01253911 0.057093065 -0.017532269
v -0.012539106 0.067659855 -0.017532267
v 3.054418E-18 0.056479275 -0.019565199
v 4.232531E-18 0.05709306 -0.021551559
v 5.7516676E-18 0.067659855 -0.021551559
v 0.012539106 0.067659855 -0.017532267
v 0.012539106 0.05709306 -0.017532267
v 0.011383404 0.056479275 -0.015916359
v 0.019411774 0.067659855 -0.009343764
v 0.019411774 0.05709306 -0.009343764
v 0.021305373 0.067694254 5.290657E-18
v 0.017622637 0.056479275 -0.008482568
v 0.021305373 0.057127442 5.2464695E-18
v 0.019341704 0.056513652 1.3610887E-19
v -0.019341704 0.056513652 -1.3610887E-19
v -0.008266017 0.056821927 -2.1254598E-18
v -0.007531335 0.056481898 -0.0036251666
v -0.017622637 0.056479275 -0.008482568
v -0.004864895 0.056481898 -0.0068021542
v -0.011383404 0.056479275 -0.015916359
v 2.4158157E-18 0.056481898 -0.008361533
v 3.054418E-18 0.056479275 -0.019565199
v 0.011383404 0.056479275 -0.015916359
v 0.004864895 0.056481898 -0.0068021542
v 0.017622637 0.056479275 -0.008482568
v 0.007531335 0.056481898 -0.0036251666
v 0.019341704 0.056513652 1.3610887E-19
v 0.008266017 0.056821927 2.1254598E-18
v 0.014874014 0.09070063 0.0034320655
v 0.014874014 0.08281818 0.0034320655
v 0.012299964 0.08304776 0.0096569415
v 0.012299964 0.09070063 0.009656941
v 0.007134525 0.08304776 0.013812773
v 0.007134525 0.09070063 0.013812773
v -3.4245914E-18 0.08304776 0.015732383
v -0 0.09070063 0.015732383
v -0.00713448 0.09070063 0.013812773
v -0.00713448 0.08304776 0.013812773
v -0.012299964 0.09070063 0.009656941
v -0.012299964 0.08304776 0.0096569415
v -0.014874014 0.09070063 0.0034320655
v -0.014874014 0.08281818 0.0034320655
v 0.014874014 0.08281818 0.0034320655
v 0.022435848 0.082822904 0.003531319
v 0.02133002 0.08286236 0.010071534
v 0.012299964 0.08304776 0.0096569415
v 0.013541498 0.08286236 0.01903583
v 0.007134525 0.08304776 0.013812773
v -4.954698E-18 0.08286236 0.023053404
v -3.4245914E-18 0.08304776 0.015732383
v -0.00713448 0.08304776 0.013812773
v -0.013541498 0.08286236 0.01903583
v -0.012299964 0.08304776 0.0096569415
v -0.02133002 0.08286236 0.010071534
v -0.014874014 0.08281818 0.0034320655
v -0.022435848 0.082822904 0.003531319
v 0.022715444 0.076566204 2.3990715E-18
v 0.022715444 0.06850959 5.1534895E-18
v 0.021540552 0.068475224 0.009985613
v 0.022443645 0.07649236 0.0032299433
v 0.022435848 0.082822904 0.003531319
v 0.02133002 0.08286236 0.010071534
v 0.01386467 0.068475224 0.019002024
v 0.013541498 0.08286236 0.01903583
v -8.00896E-18 0.068475224 0.023424026
v -4.954698E-18 0.08286236 0.023053404
v -0.013541498 0.08286236 0.01903583
v -0.013864623 0.068475224 0.019002024
v -0.02133002 0.08286236 0.010071534
v -0.021540552 0.068475224 0.009985613
v -0.022435848 0.082822904 0.003531319
v -0.022443647 0.07649236 0.003221235
v -0.022715444 0.076566204 -1.5473346E-18
v -0.022715444 0.06850959 -6.376459E-18
v 0.022715444 0.06850959 5.1534895E-18
v 0.021305373 0.067694254 5.290657E-18
v 0.019411774 0.067659855 0.009343764
v 0.021540552 0.068475224 0.009985613
v 0.012539106 0.067659855 0.017532267
v 0.01386467 0.068475224 0.019002024
v -8.390971E-18 0.067659855 0.021551559
v -8.00896E-18 0.068475224 0.023424026
v -0.013864623 0.068475224 0.019002024
v -0.012539106 0.067659855 0.017532267
v -0.021540552 0.068475224 0.009985613
v -0.019411774 0.067659855 0.009343764
v -0.022715444 0.06850959 -6.376459E-18
v -0.021305373 0.067694254 -5.290657E-18
v 0.021305373 0.057127442 5.2464695E-18
v 0.019341704 0.056513652 1.3610887E-19
v 0.017622637 0.056479275 0.008482568
v 0.019411774 0.057093065 0.009343764
v 0.021305373 0.067694254 5.290657E-18
v 0.011383404 0.056479275 0.015916359
v 0.019411774 0.067659855 0.009343764
v 0.01253911 0.057093065 0.017532269
v 0.012539106 0.067659855 0.017532267
v -5.4504643E-18 0.056479275 0.019565199
v -6.8718356E-18 0.05709306 0.021551559
v -8.390971E-18 0.067659855 0.021551559
v -0.012539106 0.067659855 0.017532267
v -0.012539106 0.05709306 0.017532267
v -0.011383404 0.056479275 0.015916359
v -0.019411774 0.067659855 0.009343764
v -0.019411774 0.05709306 0.009343764
v -0.021305373 0.067694254 -5.290657E-18
v -0.017622637 0.056479275 0.008482568
v -0.021305373 0.057127442 -5.2464695E-18
v -0.019341704 0.056513652 -1.3610887E-19
v 0.019341704 0.056513652 1.3610887E-19
v 0.008266017 0.056821927 2.1254598E-18
v 0.007531335 0.056481898 0.0036251666
v 0.017622637 0.056479275 0.008482568
v 0.004864895 0.056481898 0.0068021542
v 0.011383404 0.056479275 0.015916359
v -3.4398087E-18 0.056481898 0.008361533
v -5.4504643E-18 0.056479275 0.019565199
v -0.011383404 0.056479275 0.015916359
v -0.004864895 0.056481898 0.0068021542
v -0.017622637 0.056479275 0.008482568
v -0.007531335 0.056481898 0.0036251666
v -0.019341704 0.056513652 -1.3610887E-19
v -0.008266017 0.056821927 -2.1254598E-18
v -0.031912737 0.091090046 0.0034441985
v -0.014874014 0.09070063 0.0034320655
v -0.028107237 0.08854966 0.0034441985
v -0.025445007 0.08486632 0.0034441985
v -0.022435848 0.082822904 0.003531319
v -0.014874014 0.08281818 0.0034320655
v -0.02366292 0.08032795 0.0034441985
v -0.022443647 0.07649236 0.003221235
v -0.03177741 0.091090046 0
v -0.031912737 0.091090046 0.0034441985
v -0.028107237 0.08854966 0.0034441985
v -0.028107237 0.08854966 -4.819368E-19
v -0.025445007 0.08486632 0.0034441985
v -0.025445007 0.08486632 3.348657E-19
v -0.02366292 0.08032795 0.0034441985
v -0.02366292 0.08032795 1.9363088E-18
v -0.022443647 0.07649236 0.003221235
v -0.022715444 0.076566204 -1.5473346E-18
v -0.031912737 0.091090046 -0.0034441985
v -0.028107237 0.08854966 -0.0034441985
v -0.014874014 0.09070063 -0.0034320655
v -0.025445007 0.08486632 -0.0034441985
v -0.022435848 0.082822904 -0.003531319
v -0.014874014 0.08281818 -0.0034320655
v -0.02366292 0.08032795 -0.0034441985
v -0.022443647 0.07649236 -0.0032386526
v -0.03177741 0.091090046 0
v -0.028107237 0.08854966 -0.0034441985
v -0.031912737 0.091090046 -0.0034441985
v -0.028107237 0.08854966 -4.819368E-19
v -0.025445007 0.08486632 -0.0034441985
v -0.025445007 0.08486632 3.348657E-19
v -0.02366292 0.08032795 -0.0034441985
v -0.02366292 0.08032795 1.9363088E-18
v -0.022443647 0.07649236 -0.0032386526
v -0.022715444 0.076566204 -1.5473346E-18
v 0.03179817 0.091090046 0.0033605546
v 0.028107237 0.08854966 0.0034441985
v 0.014874014 0.09070063 0.0034320655
v 0.025445007 0.08486632 0.0034441985
v 0.022435848 0.082822904 0.003531319
v 0.014874014 0.08281818 0.0034320655
v 0.02366292 0.08032795 0.0034441985
v 0.022443645 0.07649236 0.0032299433
v 0.031891905 0.091090046 0
v 0.028107237 0.08854966 0.0034441985
v 0.03179817 0.091090046 0.0033605546
v 0.028107237 0.08854966 2.1173623E-19
v 0.025445007 0.08486632 0.0034441985
v 0.025445007 0.08486632 -2.5841344E-21
v 0.02366292 0.08032795 0.0034441985
v 0.02366292 0.08032795 1.776227E-18
v 0.022443645 0.07649236 0.0032299433
v 0.022715444 0.076566204 2.3990715E-18
v 0.03179817 0.091090046 -0.0033605546
v 0.014874014 0.09070063 -0.0034320655
v 0.028107237 0.08854966 -0.0034441985
v 0.025445007 0.08486632 -0.0034441985
v 0.022435848 0.082822904 -0.003531319
v 0.014874014 0.08281818 -0.0034320655
v 0.02366292 0.08032795 -0.0034441985
v 0.022443645 0.07649236 -0.003221235
v 0.031891905 0.091090046 0
v 0.03179817 0.091090046 -0.0033605546
v 0.028107237 0.08854966 -0.0034441985
v 0.028107237 0.08854966 2.1173623E-19
v 0.025445007 0.08486632 -0.0034441985
v 0.025445007 0.08486632 -2.5841344E-21
v 0.02366292 0.08032795 -0.0034441985
v 0.02366292 0.08032795 1.776227E-18
v 0.022443645 0.07649236 -0.003221235
v 0.022715444 0.076566204 2.3990715E-18
v 0.0068584895 -0.2919116 -0.016651088
v 0.011933667 -0.31015116 -0.012865443
v 0.012399556 -0.31015116 -0.00046588882
v 0.011754808 -0.2919116 -0.004896279
v -0.0019699342 -0.26622614 -0.017900208
v 0.012865443 -0.31015116 0.011933667
v 0.007965157 -0.26622614 -0.009935051
v -0.010315435 -0.24054046 -0.014761062
v 0.016651088 -0.2919116 0.0068584895
v 0.00046588882 -0.31015116 0.012399556
v 0.0022228144 -0.24054046 -0.012538248
v -0.016132094 -0.21485493 -0.008003276
v 0.004896279 -0.2919116 0.011754808
v -0.011933667 -0.31015116 0.012865443
v 0.017900208 -0.26622614 -0.0019699342
v -0.0040644086 -0.21485493 -0.012067685
v -0.01799402 -0.18916933 0.00071647257
v -0.0068584895 -0.2919116 0.016651088
v -0.012399556 -0.31015116 0.00046588882
v 0.014761062 -0.24054046 -0.010315435
v 0.009935051 -0.26622614 0.007965157
v -0.0093552675 -0.18916933 -0.008638753
v -0.015444679 -0.16348372 0.00926062
v -0.011754808 -0.2919116 0.004896279
v -0.012865443 -0.31015116 -0.011933667
v 0.0019699342 -0.26622614 0.017900208
v 0.008003276 -0.21485493 -0.016132094
v 0.012538248 -0.24054046 0.0022228144
v -0.012352629 -0.16348372 -0.0030920084
v -0.00910911 -0.13779816 0.015534523
v -0.016651088 -0.2919116 -0.0068584895
v -0.00046588882 -0.31015116 -0.012399556
v -0.007965157 -0.26622614 0.009935051
v 0.010315435 -0.24054046 0.014761062
v -0.00071647257 -0.18916933 -0.01799402
v 0.012067685 -0.21485487 -0.0040644086
v -0.012321818 -0.13779816 0.0032127078
v -0.00054045435 -0.112112574 0.018000156
v -0.004896279 -0.2919116 -0.011754808
v 0.011933667 -0.31015116 -0.012865443
v 0.0068584895 -0.2919116 -0.016651088
v -0.00926062 -0.16348372 -0.015444679
v 0.008638753 -0.18916927 -0.0093552675
v 0.016132094 -0.21485487 0.008003276
v -0.009270306 -0.112112574 0.008729851
v 0.008160715 -0.08642698 0.01605306
v -0.017900208 -0.26622614 0.0019699342
v -0.009935051 -0.26622614 -0.007965157
v -0.0019699342 -0.26622614 -0.017900208
v -0.0022228144 -0.24054046 0.012538248
v -0.012538248 -0.24054046 -0.0022228144
v -0.010315435 -0.24054046 -0.014761062
v -0.014761062 -0.24054046 0.010315435
v 0.0040644086 -0.21485487 0.012067685
v -0.012067685 -0.21485487 0.0040644086
v -0.016132094 -0.21485493 -0.008003276
v -0.008003276 -0.21485487 0.016132094
v 0.01799402 -0.18916927 -0.00071651436
v -0.008638753 -0.18916927 0.0093552675
v -0.01799402 -0.18916933 0.00071647257
v 0.00071651436 -0.18916927 0.01799402
v 0.0093552675 -0.18916927 0.008638753
v 0.0030920084 -0.16348372 -0.012352629
v -0.0030920084 -0.16348372 0.012352629
v -0.015444679 -0.16348372 0.00926062
v 0.00926062 -0.16348371 0.015444679
v 0.015444679 -0.16348371 -0.00926062
v 0.012352629 -0.16348371 0.0030920084
v -0.015534523 -0.13779816 -0.00910911
v 0.0032127078 -0.13779816 0.012321818
v -0.00910911 -0.13779816 0.015534523
v 0.015534523 -0.13779812 0.00910911
v 0.012321818 -0.13779812 -0.0032127078
v 0.00910911 -0.13779812 -0.015534523
v -0.0032127078 -0.13779816 -0.012321818
v -0.018000156 -0.112112574 -0.00054045435
v 0.008729851 -0.112112574 0.009270306
v -0.00054045435 -0.112112574 0.018000156
v 0.018000156 -0.11211254 0.00054045435
v 0.009270306 -0.11211254 -0.008729851
v 0.00054045435 -0.11211254 -0.018000156
v -0.008729851 -0.112112574 -0.009270306
v -0.0039461725 -0.08642698 0.012106888
v 0.014861264 -0.06074143 0.010170561
v 0.012106888 -0.08642695 0.0039461725
v 0.008160715 -0.08642698 0.01605306
v 0.01605306 -0.08642695 -0.008160715
v 0.0039461725 -0.08642695 -0.012106888
v -0.008160715 -0.08642695 -0.01605306
v -0.01605306 -0.08642698 0.008160715
v 0.0023453506 -0.06074143 0.012515914
v 0.01791862 -0.03505585 0.0017947508
v -0.012106888 -0.08642695 -0.0039461725
v 0.008061935 -0.03505585 0.009856684
v 0.0165832 -0.009370252 -0.007021021
v -0.010170561 -0.06074143 0.014861264
v -0.012515914 -0.060741395 0.0023453506
v -0.014861264 -0.060741395 -0.010170561
v 0.011802112 -0.009370252 0.00478109
v 0.011182457 0.0163153 -0.014115607
v -0.0017947508 -0.03505585 0.01791862
v 0.012649013 0.0163153 -0.0014665539
v 0.003040322 0.042000905 -0.017749742
v -0.009856684 -0.03505585 0.008061935
v 0.007021021 -0.009370252 0.0165832
v -0.0023453506 -0.060741395 -0.012515914
v 0.010395052 0.042000905 -0.0073546884
v -0.0030484216 0.057837453 -0.017258426
v 0.0071049808 0.057837453 -0.0101534445
v -0.01791862 -0.035055824 -0.0017947508
v 0.014115607 0.0163153 0.011182457
v 0.017749742 0.042000905 0.003040322
v 0.017258426 0.057837453 -0.0030484216
v -0.00478109 -0.009370252 0.011802112
v 0.010170561 -0.060741395 -0.014861264
v 0.0014665539 0.016315324 0.012649013
v 0.0073546884 0.042000905 0.010395052
v 0.0101534445 0.057837453 0.0071049808
v -0.008061935 -0.035055824 -0.009856684
v -0.0165832 -0.009370252 0.007021021
v 0.012515914 -0.060741395 -0.0023453506
v 0.014861264 -0.06074143 0.010170561
v -0.003040322 0.042000905 0.017749742
v 0.0030484216 0.057837453 0.017258426
v -0.011182457 0.016315324 0.014115607
v -0.011802112 -0.009370252 -0.00478109
v 0.0017947508 -0.035055824 -0.01791862
v 0.009856684 -0.03505585 -0.008061935
v 0.01791862 -0.03505585 0.0017947508
v -0.010395052 0.042000905 0.0073546884
v -0.0071049808 0.057837453 0.0101534445
v -0.012649013 0.016315324 0.0014665539
v -0.007021021 -0.009370252 -0.0165832
v 0.00478109 -0.009370252 -0.011802112
v 0.0165832 -0.009370252 -0.007021021
v -0.014115607 0.016315324 -0.011182457
v -0.017749742 0.042000905 -0.003040322
v -0.017258426 0.057837453 0.0030484216
v -0.0014665539 0.016315324 -0.012649013
v 0.011182457 0.0163153 -0.014115607
v -0.0073546884 0.042000905 -0.010395052
v -0.0101534445 0.057837453 -0.0071049808
v 0.003040322 0.042000905 -0.017749742
v -0.0030484216 0.057837453 -0.017258426
v -0.031140946 0.1792738 0.0075291567
v -0.031609926 0.17953597 -8.799169E-18
v -0.03326633 0.18074895 0.009152251
v -0.03326633 0.18074895 -0.009152251
v -0.066874385 0.20424435 -1.27405294E-17
v -0.031140946 0.1792738 -0.0075291567
v 0.031140946 0.1792738 0.0075291567
v 0.03326633 0.18074895 0.009152251
v 0.031609926 0.17953597 2.754443E-18
v 0.03326633 0.18074895 -0.009152251
v 0.066874385 0.20424435 4.308107E-18
v 0.031140946 0.1792738 -0.0075291567
v -0.065687895 0.28083214 -1.4025347E-17
v -0.05782819 0.27062863 0.0027010953
v -0.05782819 0.27062863 -0.0027010953
v -0.053146217 0.25923544 -0.004179587
v -0.053146217 0.25923544 0.004179587
v -0.051565718 0.24635778 -0.004723261
v -0.051565718 0.24635778 0.004723261
v -0.053165216 0.2350522 -0.004547618
v -0.053165216 0.2350522 0.004547618
v -0.05928593 0.22250554 -0.0030692443
v -0.05928593 0.22250554 0.0030692443
v -0.06672375 0.213497 -1.1894485E-17
v 0.065687895 0.28083214 6.091978E-18
v 0.05782819 0.27062863 -0.0027010953
v 0.05782819 0.27062863 0.0027010953
v 0.053146217 0.25923544 -0.004179587
v 0.053146217 0.25923544 0.004179587
v 0.051565718 0.24635778 -0.004723261
v 0.051565718 0.24635778 0.004723261
v 0.053165216 0.2350522 -0.004547618
v 0.053165216 0.2350522 0.004547618
v 0.05928593 0.22250554 -0.0030692443
v 0.05928593 0.22250554 0.0030692443
v 0.06672375 0.213497 3.6184247E-18
v -0.05339017 1.0695795 -2.5327508E-17
v -0.060683675 0.625577 -2.8735196E-17
v -0.027466651 0.6257698 -0.010568482
v -0.024604417 1.0737334 -0.010587028
v -0.022667237 0.62578523 -0.004939589
v -0.02094779 1.0735738 -0.0063424697
v -0.005088251 0.53647876 -0.01455732
v -0.022667237 0.62578523 -0.004939589
v -0.023638768 0.53647745 -0.005160453
v -0.0048359013 0.62586975 -0.014503425
v 0.0048359013 0.62586975 -0.014503425
v 0.0050882194 0.53647876 -0.01455732
v 0.022667237 0.62578523 -0.004939589
v 0.023638768 0.53647745 -0.005160453
v -0.03326633 0.18074895 -0.009152251
v -0.06672375 0.213497 -1.1894485E-17
v -0.066874385 0.20424435 -1.27405294E-17
v -0.05928593 0.22250554 -0.0030692443
v -0.053165216 0.2350522 -0.004547618
v -0.051565718 0.24635778 -0.004723261
v -0.032157503 0.27025107 -0.009457666
v -0.053146217 0.25923544 -0.004179587
v -0.05782819 0.27062863 -0.0027010953
v -0.065687895 0.28083214 -1.4025347E-17
v -0.03056071 0.26630646 -0.007921064
v -0.031140946 0.1792738 -0.0075291567
v -0.030460145 0.2686824 -0.005644223
v -0.027887007 0.53647715 -0.010596545
v -0.062137283 0.53647745 -3.063364E-17
v -0.02884865 0.2702198 -0.010983918
v -0.024767656 0.2686132 -0.00533991
v -0.023638768 0.53647745 -0.005160453
v -0.027466651 0.6257698 -0.010568482
v -0.060683675 0.625577 -2.8735196E-17
v -0.022667237 0.62578523 -0.004939589
v -0.02094779 1.0735738 -0.0063424697
v -0.022667237 0.62578523 -0.004939589
v -0.0048359013 0.62586975 -0.014503425
v -0.004111498 1.077435 -0.014230245
v 0.0048359013 0.62586975 -0.014503425
v 0.004111498 1.077435 -0.014230245
v 0.022667237 0.62578523 -0.004939589
v 0.02094779 1.0735738 -0.0063424697
v -0.030460145 0.2686824 -0.005644223
v -0.03056071 0.26630646 -0.007921064
v -0.015346125 0.2663226 -0.010908651
v -0.024767656 0.2686132 -0.00533991
v -0.015032458 0.3919286 -0.0107178455
v -0.023638768 0.53647745 -0.005160453
v -0.0052040294 0.40345424 -0.015453216
v -0.005088251 0.53647876 -0.01455732
v -0 0.40947154 -0.015380798
v 0.0050882194 0.53647876 -0.01455732
v 0.0052040294 0.40345424 -0.015453216
v 0.023638768 0.53647745 -0.005160453
v 0.0152715165 0.3920092 -0.0111242
v 0.024767656 0.2686132 -0.00533991
v 0.015346093 0.2663062 -0.010908651
v 0.030460145 0.2686824 -0.0056442223
v 0.03056071 0.26626608 -0.007921064
v 0.024604417 1.0737334 -0.010587028
v 0.060683675 0.625577 2.8735196E-17
v 0.05339017 1.0695795 2.5327508E-17
v 0.027466651 0.6257698 -0.010568482
v 0.02094779 1.0735738 -0.0063424697
v 0.022667237 0.62578523 -0.004939589
v 0.03326633 0.18074895 -0.009152251
v 0.066874385 0.20424435 4.308107E-18
v 0.06672375 0.213497 3.6184247E-18
v 0.05928593 0.22250554 -0.0030692443
v 0.053165216 0.2350522 -0.004547618
v 0.051565718 0.24635778 -0.004723261
v 0.032157503 0.27025107 -0.009457666
v 0.053146217 0.25923544 -0.004179587
v 0.05782819 0.27062863 -0.0027010953
v 0.065687895 0.28083214 6.091978E-18
v 0.03056071 0.26626608 -0.007921064
v 0.031140946 0.1792738 -0.0075291567
v 0.030460145 0.2686824 -0.0056442223
v 0.027887007 0.53647715 -0.010596545
v 0.062137283 0.53647745 3.063364E-17
v 0.02884865 0.2702198 -0.010983918
v 0.024767656 0.2686132 -0.00533991
v 0.023638768 0.53647745 -0.005160453
v 0.027466651 0.6257698 -0.010568482
v 0.060683675 0.625577 2.8735196E-17
v 0.022667237 0.62578523 -0.004939589
v -0.019657785 1.4095241 -0.0046585347
v -0.02094779 1.0735738 -0.0063424697
v -0.004111498 1.077435 -0.014230245
v -0.0037526956 1.4157039 -0.010073526
v 0.004111498 1.077435 -0.014230245
v 2.6154298E-17 1.4249591 -0.010194805
v -3.7293597E-17 1.4773827 -0.004537402
v 0.019657785 1.4095241 -0.0046585347
v 0.0037526956 1.4157039 -0.010073526
v 0.02094779 1.0735738 -0.0063424697
v 0.019657785 1.4095241 -0.0046585347
v 0.02094779 1.0735738 -0.0063424697
v 0.024604417 1.0737334 -0.010587028
v 0.022457883 1.4096805 -0.0076398426
v 0.05339017 1.0695795 2.5327508E-17
v 0.047872353 1.4054868 3.277842E-17
v -3.7293597E-17 1.4773827 -0.004537402
v -0 1.5496866 0
v -6.0508004E-17 1.4801785 -0.0057891547
v -0.022457883 1.4096805 -0.0076398426
v -0.019657785 1.4095241 -0.0046585347
v -0.02094779 1.0735738 -0.0063424697
v -0.047872353 1.4054868 -3.277842E-17
v -0.024604417 1.0737334 -0.010587028
v -0.05339017 1.0695795 -2.5327508E-17
v 0.05339017 1.0695795 2.5327508E-17
v 0.060683675 0.625577 2.8735196E-17
v 0.027466651 0.6257698 0.010568482
v 0.024604417 1.0737334 0.010587028
v 0.022667237 0.62578523 0.004939589
v 0.02094779 1.0735738 0.0063424697
v 0.005088251 0.53647876 0.01455732
v 0.022667237 0.62578523 0.004939589
v 0.023638768 0.53647745 0.005160453
v 0.0048359013 0.62586975 0.014503425
v -0.0048359013 0.62586975 0.014503425
v -0.0050882194 0.53647876 0.01455732
v -0.022667237 0.62578523 0.004939589
v -0.023638768 0.53647745 0.005160453
v 0.03326633 0.18074895 0.009152251
v 0.06672375 0.213497 3.6184247E-18
v 0.066874385 0.20424435 4.308107E-18
v 0.05928593 0.22250554 0.0030692443
v 0.053165216 0.2350522 0.004547618
v 0.051565718 0.24635778 0.004723261
v 0.032157503 0.27025107 0.009457666
v 0.053146217 0.25923544 0.004179587
v 0.05782819 0.27062863 0.0027010953
v 0.065687895 0.28083214 6.091978E-18
v 0.03056071 0.26630646 0.007921064
v 0.031140946 0.1792738 0.0075291567
v 0.030460145 0.2686824 0.005644223
v 0.027887007 0.53647715 0.010596545
v 0.062137283 0.53647745 3.063364E-17
v 0.02884865 0.2702198 0.010983918
v 0.024767656 0.2686132 0.00533991
v 0.023638768 0.53647745 0.005160453
v 0.027466651 0.6257698 0.010568482
v 0.060683675 0.625577 2.8735196E-17
v 0.022667237 0.62578523 0.004939589
v 0.02094779 1.0735738 0.0063424697
v 0.022667237 0.62578523 0.004939589
v 0.0048359013 0.62586975 0.014503425
v 0.004111498 1.077435 0.014230245
v -0.0048359013 0.62586975 0.014503425
v -0.004111498 1.077435 0.014230245
v -0.022667237 0.62578523 0.004939589
v -0.02094779 1.0735738 0.0063424697
v 0.030460145 0.2686824 0.005644223
v 0.03056071 0.26630646 0.007921064
v 0.015346125 0.2663226 0.010908651
v 0.024767656 0.2686132 0.00533991
v 0.015032458 0.3919286 0.0107178455
v 0.023638768 0.53647745 0.005160453
v 0.0052040294 0.40345424 0.015453216
v 0.005088251 0.53647876 0.01455732
v -0 0.40947154 0.015380798
v -0.0050882194 0.53647876 0.01455732
v -0.0052040294 0.40345424 0.015453216
v -0.023638768 0.53647745 0.005160453
v -0.0152715165 0.3920092 0.0107178455
v -0.024767656 0.2686132 0.00533991
v -0.015346093 0.2663062 0.010908651
v -0.030460145 0.2686824 0.0056442237
v -0.03056071 0.26626608 0.007921064
v -0.024604417 1.0737334 0.010587028
v -0.060683675 0.625577 -2.8735196E-17
v -0.05339017 1.0695795 -2.5327508E-17
v -0.027466651 0.6257698 0.010568482
v -0.02094779 1.0735738 0.0063424697
v -0.022667237 0.62578523 0.004939589
v -0.03326633 0.18074895 0.009152251
v -0.066874385 0.20424435 -1.27405294E-17
v -0.06672375 0.213497 -1.1894485E-17
v -0.05928593 0.22250554 0.0030692443
v -0.053165216 0.2350522 0.004547618
v -0.051565718 0.24635778 0.004723261
v -0.032157503 0.27025107 0.009457666
v -0.053146217 0.25923544 0.004179587
v -0.05782819 0.27062863 0.0027010953
v -0.065687895 0.28083214 -1.4025347E-17
v -0.03056071 0.26626608 0.007921064
v -0.031140946 0.1792738 0.0075291567
v -0.030460145 0.2686824 0.0056442237
v -0.027887007 0.53647715 0.010596545
v -0.062137283 0.53647745 -3.063364E-17
v -0.02884865 0.2702198 0.010983918
v -0.024767656 0.2686132 0.00533991
v -0.023638768 0.53647745 0.005160453
v -0.027466651 0.6257698 0.010568482
v -0.060683675 0.625577 -2.8735196E-17
v -0.022667237 0.62578523 0.004939589
v 0.019657785 1.4095241 0.0046585347
v 0.02094779 1.0735738 0.0063424697
v 0.004111498 1.077435 0.014230245
v 0.0037526956 1.4157039 0.010073526
v -0.004111498 1.077435 0.014230245
v -2.7331002E-17 1.4249591 0.010194805
v 3.6849563E-17 1.4773827 0.004537402
v -0.019657785 1.4095241 0.0046585347
v -0.0037526956 1.4157039 0.010073526
v -0.02094779 1.0735738 0.0063424697
v -0.019657785 1.4095241 0.0046585347
v -0.02094779 1.0735738 0.0063424697
v -0.024604417 1.0737334 0.010587028
v -0.022457883 1.4096805 0.0076398426
v -0.05339017 1.0695795 -2.5327508E-17
v -0.047872353 1.4054868 -3.277842E-17
v 3.6849563E-17 1.4773827 0.004537402
v -0 1.5496866 0
v 5.988542E-17 1.4801785 0.0057891547
v 0.022457883 1.4096805 0.0076398426
v 0.019657785 1.4095241 0.0046585347
v 0.02094779 1.0735738 0.0063424697
v 0.047872353 1.4054868 3.277842E-17
v 0.024604417 1.0737334 0.010587028
v 0.05339017 1.0695795 2.5327508E-17
v 0.014342365 0.117368676 0.015013612
v 0.026337853 0.124871366 0.015013612
v 0.021439446 0.12794837 0.015013612
v 0.020252442 0.11323127 0.015013612
v 0.030784337 0.12326237 0.015013612
v 0.014203553 0.1170687 0.017169192
v 0.026481504 0.11061336 0.015013612
v 0.03544172 0.12291058 0.015013612
v 0.033978146 0.10942047 0.015013612
v 0.04060112 0.12480004 0.015013612
v 0.020113628 0.11293128 0.017169192
v 0.02634269 0.11031336 0.017169192
v 0.020252442 0.11323127 0.01932482
v 0.014342365 0.117368676 0.01932482
v 0.03383936 0.10912047 0.017169192
v 0.026337853 0.124871366 0.01932482
v 0.021439446 0.12794837 0.01932482
v 0.02642419 0.1251999 0.017169192
v 0.021839904 0.12839685 0.017169192
v 0.021439446 0.12794837 0.015013612
v 0.026337853 0.124871366 0.015013612
v 0.030784337 0.12326237 0.015013612
v 0.026481504 0.11061336 0.01932482
v 0.030784337 0.12326237 0.01932482
v 0.030905882 0.123731755 0.017169192
v 0.03544172 0.12291058 0.015013612
v 0.03544172 0.12291058 0.01932482
v 0.03541013 0.12343673 0.017169192
v 0.04060112 0.12480004 0.015013612
v 0.033978146 0.10942047 0.01932482
v 0.040211268 0.12522195 0.017169192
v 0.044168293 0.12842007 0.015013612
v 0.04060112 0.12480004 0.01932482
v 0.041594468 0.11031857 0.017169192
v 0.04361669 0.12880741 0.017169192
v 0.046280537 0.13395882 0.015013612
v 0.044168293 0.12842007 0.01932482
v 0.04167215 0.110710174 0.01932482
v 0.04167215 0.110710174 0.015013612
v 0.045671873 0.13395882 0.017169192
v 0.04594124 0.13943742 0.015013612
v 0.04839268 0.114197634 0.01932482
v 0.04861495 0.11396756 0.017169192
v 0.04839268 0.114197634 0.015013612
v 0.044168293 0.12842007 0.015013612
v 0.053996075 0.119131856 0.017169192
v 0.05371951 0.11929339 0.015013612
v 0.05371951 0.11929339 0.01932482
v 0.057493694 0.12574814 0.015013612
v 0.046280537 0.13395882 0.015013612
v 0.057908695 0.12565589 0.017169192
v 0.057493694 0.12574814 0.01932482
v 0.05997916 0.13299192 0.017169192
v 0.05933338 0.13299188 0.015013612
v 0.046280537 0.13395882 0.01932482
v 0.05913527 0.14033724 0.015013612
v 0.04594124 0.13943742 0.015013612
v 0.05933338 0.13299188 0.01932482
v 0.05978105 0.14033724 0.017169192
v 0.056840222 0.1475243 0.015013612
v 0.044223215 0.14401734 0.015013612
v 0.05913527 0.14033724 0.01932482
v 0.05748601 0.1475243 0.017169192
v 0.04594124 0.13943742 0.01932482
v 0.05260964 0.15372142 0.015013612
v 0.040003624 0.14800504 0.015013612
v 0.056840222 0.1475243 0.01932482
v 0.05325544 0.15372142 0.017169192
v 0.048221152 0.15890723 0.017169192
v 0.047772124 0.15857935 0.015013612
v 0.0075224224 0.1683832 0.015013612
v 0.015817553 0.17916538 0.015013612
v 0.0020393257 0.17413095 0.015013612
v 0.045248717 0.13906325 0.017169192
v 0.044223215 0.14401734 0.015013612
v 0.05260964 0.15372142 0.01932482
v 0.044223215 0.14401734 0.01932482
v 0.043605495 0.14356834 0.017169192
v 0.040003624 0.14800504 0.015013612
v 0.040003624 0.14800504 0.01932482
v 0.039611243 0.14754598 0.017169192
v 0.00713001 0.16792406 0.017169192
v 0.0075224224 0.1683832 0.015013612
v 0.0020393257 0.17413095 0.015013612
v 0.047772124 0.15857935 0.01932482
v 0.0075224224 0.1683832 0.01932482
v 0.0011222886 0.17413098 0.017169192
v -0.001771192 0.17983145 0.015013612
v 0.015817553 0.17916538 0.01932482
v 0.0020393257 0.17413095 0.01932482
v -0.0026881974 0.17983145 0.017169192
v -0.004459929 0.18648559 0.015013612
v -0.001771192 0.17983145 0.01932482
v -0.0053769657 0.18648559 0.017169192
v -0.00569436 0.19323444 0.015013612
v 0.016266601 0.17949325 0.017169192
v 0.012112634 0.18232065 0.01932482
v 0.012758422 0.18232065 0.017169192
v -0.004459929 0.18648559 0.01932482
v 0.012112634 0.18232065 0.015013612
v -0.001771192 0.17983145 0.015013612
v 0.010324309 0.18596265 0.017169192
v 0.009678521 0.18596265 0.01932482
v 0.009678521 0.18596265 0.015013612
v -0.004459929 0.18648559 0.015013612
v 0.008765137 0.18977576 0.017169192
v 0.008119351 0.18977576 0.015013612
v 0.007859483 0.19411564 0.017169192
v -0.00569436 0.19323444 0.015013612
v 0.008119351 0.18977576 0.01932482
v 0.0072425297 0.1941156 0.015013612
v -0.006268018 0.24993546 0.016224962
v 0.0062670237 0.24993546 0.016224962
v 0.0068839774 0.24993546 0.018380543
v 0.0062670237 0.24993546 0.020536171
v 0.0072425297 0.1941156 0.01932482
v -0.006268018 0.24993546 0.020536171
v -0.00569436 0.19323444 0.01932482
v -0.0071441117 0.24993546 0.018380543
v -0.006570454 0.19323444 0.017169192
v -0.006268018 0.24993546 0.016224962
vt 0.8606365 0.3856197
vt 0.8873747 0.3990694
vt 0.8873747 0.3856197
vt 0.8606365 0.3990694
vt 0.8873747 0.4105761
vt 0.8575756 0.3856197
vt 0.8606365 0.4105761
vt 0.8873747 0.4230163
vt 0.8606365 0.4230163
vt 0.8873747 0.4396104
vt 0.8575756 0.3990694
vt 0.8575756 0.4105761
vt 0.8545689 0.3990694
vt 0.8545689 0.3856197
vt 0.8575756 0.4230163
vt 0.82775 0.3990694
vt 0.82775 0.3856197
vt 0.8243828 0.3990694
vt 0.8243828 0.3856197
vt 0.8210147 0.3856197
vt 0.8210147 0.3990694
vt 0.8210147 0.4105761
vt 0.8544838 0.4105761
vt 0.82775 0.4105761
vt 0.8243828 0.4105761
vt 0.8210147 0.4230163
vt 0.82775 0.4230163
vt 0.8243828 0.4230163
vt 0.8210147 0.4395241
vt 0.8544838 0.4230163
vt 0.8243828 0.4393007
vt 0.8210147 0.4525726
vt 0.82775 0.4396104
vt 0.8575756 0.4303899
vt 0.8243828 0.4526079
vt 0.8210147 0.4695866
vt 0.82775 0.4520789
vt 0.8544838 0.4300884
vt 0.8606365 0.4316271
vt 0.8243828 0.4692708
vt 0.8210147 0.4857068
vt 0.8544838 0.4396104
vt 0.8575756 0.4396104
vt 0.8606365 0.4396104
vt 0.8873747 0.4520789
vt 0.8575756 0.4520789
vt 0.8606365 0.4520789
vt 0.8544838 0.4520789
vt 0.8606365 0.4604872
vt 0.8873747 0.4694407
vt 0.8575756 0.46058
vt 0.8544838 0.460489
vt 0.8575756 0.4694407
vt 0.8606365 0.4694407
vt 0.82775 0.4694407
vt 0.8606365 0.4782839
vt 0.8873747 0.4857068
vt 0.8544838 0.4694407
vt 0.8575756 0.4781206
vt 0.8606365 0.4857068
vt 0.8873747 0.4976657
vt 0.8544838 0.4782862
vt 0.8575756 0.4857068
vt 0.82775 0.4857068
vt 0.8606365 0.4976657
vt 0.8873747 0.5106636
vt 0.8544838 0.4857068
vt 0.8575756 0.4976657
vt 0.8575756 0.5106636
vt 0.8606365 0.5106636
vt 0.8873747 0.5912746
vt 0.8606365 0.5912746
vt 0.8873747 0.6033557
vt 0.8243828 0.4857068
vt 0.8210147 0.4976657
vt 0.8544838 0.4976657
vt 0.82775 0.4976657
vt 0.8243828 0.4976657
vt 0.8210147 0.5106636
vt 0.82775 0.5106636
vt 0.8243828 0.5106636
vt 0.8243828 0.5912746
vt 0.8210147 0.5912746
vt 0.8210147 0.6033557
vt 0.8544838 0.5106636
vt 0.82775 0.5912746
vt 0.8243828 0.6033557
vt 0.8210147 0.6144733
vt 0.8544838 0.5912746
vt 0.82775 0.6033557
vt 0.8243828 0.6144733
vt 0.8210147 0.6253954
vt 0.82775 0.6144733
vt 0.8243828 0.6253954
vt 0.8210147 0.6368597
vt 0.8575756 0.5912746
vt 0.8544838 0.6033557
vt 0.8575756 0.6033557
vt 0.82775 0.6253954
vt 0.8606365 0.6033557
vt 0.8873747 0.6144733
vt 0.8575756 0.6144733
vt 0.8544838 0.6144733
vt 0.8606365 0.6144733
vt 0.8873747 0.6253954
vt 0.8575756 0.6253954
vt 0.8606365 0.6253954
vt 0.8575756 0.6368597
vt 0.8873747 0.6368597
vt 0.8544838 0.6253954
vt 0.8606365 0.6368597
vt 0.8873747 0.7556336
vt 0.8606365 0.7556336
vt 0.8575756 0.7556336
vt 0.8544838 0.7556336
vt 0.8544838 0.6368597
vt 0.82775 0.7556336
vt 0.82775 0.6368597
vt 0.8243828 0.7556336
vt 0.8243828 0.6368597
vt 0.8210147 0.7556336
vt 0.121883 0.977691
vt 0.124138 0.968414
vt 0.123623 0.854084
vt 0.121285 0.844828
vt 0.114212 0.836294
vt 0.114887 0.986292
vt 0.108148 0.990443
vt 0.107436 0.832207
vt 0.099169 0.830618
vt 0.099896 0.992112
vt 0.126659 0.410833
vt 0.123969 0.536173
vt 0.126359 0.526782
vt 0.124318 0.401429
vt 0.116627 0.544798
vt 0.117173 0.392731
vt 0.109866 0.550062
vt 0.110287 0.388524
vt 0.101352 0.551726
vt 0.101781 0.38684
vt 0.38373202 0.13019882
vt 0.3837271 0.13632931
vt 0.39000025 0.13633434
vt 0.39000514 0.13020384
vt 0.39589727 0.1363391
vt 0.39590213 0.13020848
vt 0.40415633 0.13634565
vt 0.40416196 0.13021503
vt 0.41127035 0.13635132
vt 0.41127524 0.1302207
vt 0.49646482 0.13028863
vt 0.49645987 0.1364191
vt 0.5035739 0.13642478
vt 0.5035788 0.13029428
vt 0.51183397 0.13643134
vt 0.5118388 0.13030083
vt 0.51773006 0.13643607
vt 0.51773494 0.13030548
vt 0.5240089 0.1303105
vt 0.52400404 0.1364411
vt 0.8778951 0.23464754
vt 0.8778951 0.2270746
vt 0.8707401 0.2272531
vt 0.8707401 0.23464754
vt 0.8778951 0.2414856
vt 0.8707401 0.2414856
vt 0.8778951 0.25061184
vt 0.8707401 0.25061184
vt 0.8778951 0.25801635
vt 0.8707401 0.26073274
vt 0.8778951 0.34735614
vt 0.8707401 0.3444667
vt 0.8707401 0.35514748
vt 0.8778951 0.35514748
vt 0.8707401 0.36428154
vt 0.8778951 0.36428154
vt 0.8707401 0.3711259
vt 0.8778951 0.3711259
vt 0.8707401 0.3785152
vt 0.8778951 0.3787183
vt 0.112586 0.594047
vt 0.112586 0.584326
vt 0.104603 0.584313
vt 0.104588 0.594034
vt 0.104573 0.603157
vt 0.112586 0.60317
vt 0.112586 0.615922
vt 0.104553 0.615909
vt 0.104535 0.626867
vt 0.112586 0.62959635
vt 0.104326 0.758047
vt 0.112586 0.7551705
vt 0.104309 0.769007
vt 0.112586 0.76902
vt 0.104289 0.781758
vt 0.112586 0.781771
vt 0.104274 0.790881
vt 0.112586 0.790894
vt 0.112586 0.800615
vt 0.104259 0.800602
vt 0.053277 0.020554
vt 0.053277 0.010183
vt 0.018609 0.010156
vt 0.018609 0.020527
vt 0.018609 0.03
vt 0.053277 0.030028
vt 0.053277 0.042797
vt 0.018609 0.042769
vt 0.018609 0.052232616
vt 0.053277 0.05399
vt 0.053277 0.17763
vt 0.018609 0.18193702
vt 0.018609 0.188796
vt 0.053277 0.188823
vt 0.018609 0.201565
vt 0.053277 0.201592
vt 0.018609 0.211038
vt 0.053277 0.211066
vt 0.053277 0.221437
vt 0.018609 0.221409
vt 0.753659 0.34960198
vt 0.753659 0.342808
vt 0.749981 0.342808
vt 0.749981 0.34960198
vt 0.753659 0.355857
vt 0.749981 0.355857
vt 0.753659 0.36422098
vt 0.749981 0.36422098
vt 0.753659 0.3703778
vt 0.749981 0.3703778
vt 0.749981 0.450402
vt 0.753659 0.45474902
vt 0.749981 0.4571125
vt 0.753659 0.4571125
vt 0.749981 0.46547198
vt 0.753659 0.46547198
vt 0.749981 0.47172302
vt 0.753659 0.47172302
vt 0.749981 0.47851348
vt 0.753659 0.47851348
vt 0.121883 0.977691
vt 0.123623 0.854084
vt 0.124138 0.968414
vt 0.121285 0.844828
vt 0.114212 0.836294
vt 0.114887 0.986292
vt 0.108148 0.990443
vt 0.107436 0.832207
vt 0.099169 0.830618
vt 0.099896 0.992112
vt 0.126659 0.410833
vt 0.126359 0.526782
vt 0.123969 0.536173
vt 0.124318 0.401429
vt 0.116627 0.544798
vt 0.117173 0.392731
vt 0.109866 0.550062
vt 0.110287 0.388524
vt 0.101352 0.551726
vt 0.101781 0.38684
vt 0.38373202 0.13019882
vt 0.39000025 0.13633434
vt 0.3837271 0.13632931
vt 0.39000514 0.13020384
vt 0.39589727 0.1363391
vt 0.39590213 0.13020848
vt 0.40415633 0.13634565
vt 0.40416196 0.13021503
vt 0.41127035 0.13635132
vt 0.41127524 0.1302207
vt 0.49646482 0.13028863
vt 0.49645987 0.1364191
vt 0.5035739 0.13642478
vt 0.5035788 0.13029428
vt 0.51183397 0.13643134
vt 0.5118388 0.13030083
vt 0.51773006 0.13643607
vt 0.51773494 0.13030548
vt 0.5240089 0.1303105
vt 0.52400404 0.1364411
vt 0.8778951 0.23464754
vt 0.8707401 0.2272531
vt 0.8778951 0.2270746
vt 0.8707401 0.23464754
vt 0.8778951 0.2414856
vt 0.8707401 0.2414856
vt 0.8778951 0.25061184
vt 0.8707401 0.25061184
vt 0.8778951 0.25801635
vt 0.8707401 0.26073274
vt 0.8778951 0.34735614
vt 0.8707401 0.3444667
vt 0.8707401 0.35514748
vt 0.8778951 0.35514748
vt 0.8707401 0.36428154
vt 0.8778951 0.36428154
vt 0.8707401 0.3711259
vt 0.8778951 0.3711259
vt 0.8707401 0.3785152
vt 0.8778951 0.3787183
vt 0.112586 0.594047
vt 0.104603 0.584313
vt 0.112586 0.584326
vt 0.104588 0.594034
vt 0.104573 0.603157
vt 0.112586 0.60317
vt 0.112586 0.615922
vt 0.104553 0.615909
vt 0.104535 0.626867
vt 0.112586 0.62959635
vt 0.104326 0.758047
vt 0.112586 0.7551705
vt 0.104309 0.769007
vt 0.112586 0.76902
vt 0.104289 0.781758
vt 0.112586 0.781771
vt 0.104274 0.790881
vt 0.112586 0.790894
vt 0.112586 0.800615
vt 0.104259 0.800602
vt 0.053277 0.020554
vt 0.018609 0.010156
vt 0.053277 0.010183
vt 0.018609 0.020527
vt 0.018609 0.03
vt 0.053277 0.030028
vt 0.053277 0.042797
vt 0.018609 0.042769
vt 0.018609 0.052232616
vt 0.053277 0.05399
vt 0.053277 0.17763
vt 0.018609 0.18193702
vt 0.018609 0.188796
vt 0.053277 0.188823
vt 0.018609 0.201565
vt 0.053277 0.201592
vt 0.018609 0.211038
vt 0.053277 0.211066
vt 0.053277 0.221437
vt 0.018609 0.221409
vt 0.753659 0.34960198
vt 0.749981 0.342808
vt 0.753659 0.342808
vt 0.749981 0.34960198
vt 0.753659 0.355857
vt 0.749981 0.355857
vt 0.753659 0.36422098
vt 0.749981 0.36422098
vt 0.753659 0.3703778
vt 0.749981 0.3703778
vt 0.749981 0.450402
vt 0.753659 0.45474902
vt 0.749981 0.4571125
vt 0.753659 0.4571125
vt 0.749981 0.46547198
vt 0.753659 0.46547198
vt 0.749981 0.47172302
vt 0.753659 0.47172302
vt 0.749981 0.47851348
vt 0.753659 0.47851348
vt 0.762574 0.517685
vt 0.762574 0.510685
vt 0.756697 0.510685
vt 0.75675 0.517719
vt 0.742417 0.510685
vt 0.762574 0.524743
vt 0.742417 0.517797
vt 0.7568 0.524775
vt 0.762574 0.531799
vt 0.742417 0.524853
vt 0.756817 0.531831
vt 0.762574 0.538855
vt 0.742417 0.53191
vt 0.756868 0.538888
vt 0.762574 0.545912
vt 0.742417 0.538967
vt 0.756918 0.545945
vt 0.762574 0.553024
vt 0.742417 0.546024
vt 0.756937 0.553024
vt 0.742417 0.553024
vt 0.711074 0.923984
vt 0.820381 0.934551
vt 0.820381 0.923984
vt 0.711074 0.934551
vt 0.820381 0.945118
vt 0.711074 0.945118
vt 0.820381 0.955684
vt 0.711056 0.955684
vt 0.820381 0.966251
vt 0.711056 0.966251
vt 0.820381 0.976817
vt 0.711056 0.976818
vt 0.820381 0.987384
vt 0.711056 0.987384
vt 0.754167 0.563413
vt 0.759212 0.572143
vt 0.759212 0.563413
vt 0.754167 0.572143
vt 0.75086 0.563413
vt 0.759212 0.580874
vt 0.75086 0.572143
vt 0.7477416 0.563413
vt 0.754167 0.580874
vt 0.759212 0.58961
vt 0.7477416 0.572143
vt 0.745623 0.563413
vt 0.745623 0.572143
vt 0.754167 0.58961
vt 0.759212 0.59835
vt 0.75086 0.580874
vt 0.7477416 0.5808734
vt 0.745623 0.580873
vt 0.754167 0.59835
vt 0.759212 0.60709
vt 0.75086 0.58961
vt 0.7477416 0.58961
vt 0.745623 0.58961
vt 0.7477416 0.59835
vt 0.745623 0.59835
vt 0.754167 0.60709
vt 0.759212 0.61583
vt 0.754167 0.61583
vt 0.75086 0.59835
vt 0.75086 0.60709
vt 0.75086 0.61583
vt 0.7477416 0.60709
vt 0.745623 0.60709
vt 0.7477416 0.61583
vt 0.745623 0.61583
vt 0.6264301 0.2070448
vt 0.6493891 0.2008928
vt 0.6264301 0.2008928
vt 0.6493891 0.2070448
vt 0.6440431 0.2123648
vt 0.6317401 0.2123648
vt 0.6378871 0.2123648
vt 0.81959 0.203088
vt 0.807936 0.203088
vt 0.807904 0.212689
vt 0.819609 0.212689
vt 0.831221 0.203088
vt 0.831185 0.212689
vt 0.842781 0.203088
vt 0.842748 0.212689
vt 0.85434 0.203088
vt 0.854313 0.212689
vt 0.865901 0.203088
vt 0.86587 0.212689
vt 0.877462 0.203088
vt 0.87743 0.212689
vt 0.106999 0.075671
vt 0.106999 0.088459
vt 0.112908 0.088459
vt 0.112908 0.075686
vt 0.106999 0.06292
vt 0.123948 0.088459
vt 0.112908 0.062971
vt 0.106999 0.050204
vt 0.123948 0.075795
vt 0.129584 0.088459
vt 0.129584 0.075819
vt 0.123948 0.063082
vt 0.129584 0.063124
vt 0.112908 0.050261
vt 0.106999 0.037478
vt 0.123948 0.050367
vt 0.129584 0.050408
vt 0.112908 0.037558
vt 0.106999 0.024782
vt 0.123948 0.037659
vt 0.129584 0.037674
vt 0.112908 0.024837
vt 0.106999 0.012082
vt 0.112908 0.012126
vt 0.123948 0.024936
vt 0.129584 0.024967
vt 0.123948 0.01221
vt 0.129584 0.012253
vt 0.969196 0.804046
vt 0.969196 0.818404
vt 0.981197 0.818404
vt 0.981197 0.804046
vt 0.969196 0.7898
vt 0.981197 0.789631
vt 0.969196 0.775345
vt 0.981197 0.775345
vt 0.969196 0.761044
vt 0.981197 0.761044
vt 0.969196 0.746743
vt 0.981197 0.746743
vt 0.969196 0.732442
vt 0.981197 0.732442
vt 0.3315905 0.1283993
vt 0.3315465 0.1457023
vt 0.3388185 0.1457203
vt 0.3388635 0.1283993
vt 0.3460915 0.1457403
vt 0.3461355 0.1283993
vt 0.3533645 0.1457593
vt 0.3534085 0.1283993
vt 0.3606375 0.1457773
vt 0.3606815 0.1283993
vt 0.3679105 0.1457963
vt 0.3679545 0.1283993
vt 0.3751835 0.1458153
vt 0.3752275 0.1283993
vt 0.762574 0.517685
vt 0.756697 0.510685
vt 0.762574 0.510685
vt 0.75675 0.517719
vt 0.742417 0.510685
vt 0.762574 0.524743
vt 0.742417 0.517797
vt 0.7568 0.524775
vt 0.762574 0.531799
vt 0.742417 0.524853
vt 0.756817 0.531831
vt 0.762574 0.538855
vt 0.742417 0.53191
vt 0.756868 0.538888
vt 0.762574 0.545912
vt 0.742417 0.538967
vt 0.756918 0.545945
vt 0.762574 0.553024
vt 0.742417 0.546024
vt 0.756937 0.553024
vt 0.742417 0.553024
vt 0.711074 0.923984
vt 0.820381 0.923984
vt 0.820381 0.934551
vt 0.711074 0.934551
vt 0.820381 0.945118
vt 0.711074 0.945118
vt 0.820381 0.955684
vt 0.711056 0.955684
vt 0.820381 0.966251
vt 0.711056 0.966251
vt 0.820381 0.976817
vt 0.711056 0.976818
vt 0.820381 0.987384
vt 0.711056 0.987384
vt 0.754167 0.563413
vt 0.759212 0.563413
vt 0.759212 0.572143
vt 0.754167 0.572143
vt 0.75086 0.563413
vt 0.759212 0.580874
vt 0.75086 0.572143
vt 0.7477416 0.563413
vt 0.754167 0.580874
vt 0.759212 0.58961
vt 0.7477416 0.572143
vt 0.745623 0.563413
vt 0.745623 0.572143
vt 0.754167 0.58961
vt 0.759212 0.59835
vt 0.75086 0.580874
vt 0.7477416 0.5808734
vt 0.745623 0.580873
vt 0.754167 0.59835
vt 0.759212 0.60709
vt 0.75086 0.58961
vt 0.7477416 0.58961
vt 0.745623 0.58961
vt 0.754167 0.60709
vt 0.759212 0.61583
vt 0.754167 0.61583
vt 0.75086 0.59835
vt 0.7477416 0.59835
vt 0.745623 0.59835
vt 0.75086 0.60709
vt 0.75086 0.61583
vt 0.7477416 0.60709
vt 0.745623 0.60709
vt 0.7477416 0.61583
vt 0.745623 0.61583
vt 0.6264301 0.2070448
vt 0.6264301 0.2008928
vt 0.6493891 0.2008928
vt 0.6493891 0.2070448
vt 0.6440431 0.2123648
vt 0.6317401 0.2123648
vt 0.6378871 0.2123648
vt 0.81959 0.203088
vt 0.807904 0.212689
vt 0.807936 0.203088
vt 0.819609 0.212689
vt 0.831221 0.203088
vt 0.831185 0.212689
vt 0.842781 0.203088
vt 0.842748 0.212689
vt 0.85434 0.203088
vt 0.854313 0.212689
vt 0.865901 0.203088
vt 0.86587 0.212689
vt 0.877462 0.203088
vt 0.87743 0.212689
vt 0.106999 0.075671
vt 0.112908 0.088459
vt 0.106999 0.088459
vt 0.112908 0.075686
vt 0.106999 0.06292
vt 0.123948 0.088459
vt 0.112908 0.062971
vt 0.106999 0.050204
vt 0.123948 0.075795
vt 0.129584 0.088459
vt 0.129584 0.075819
vt 0.123948 0.063082
vt 0.129584 0.063124
vt 0.112908 0.050261
vt 0.106999 0.037478
vt 0.123948 0.050367
vt 0.129584 0.050408
vt 0.112908 0.037558
vt 0.106999 0.024782
vt 0.123948 0.037659
vt 0.129584 0.037674
vt 0.112908 0.024837
vt 0.106999 0.012082
vt 0.112908 0.012126
vt 0.123948 0.024936
vt 0.129584 0.024967
vt 0.123948 0.01221
vt 0.129584 0.012253
vt 0.969196 0.804046
vt 0.981197 0.818404
vt 0.969196 0.818404
vt 0.981197 0.804046
vt 0.969196 0.7898
vt 0.981197 0.789631
vt 0.969196 0.775345
vt 0.981197 0.775345
vt 0.969196 0.761044
vt 0.981197 0.761044
vt 0.969196 0.746743
vt 0.981197 0.746743
vt 0.969196 0.732442
vt 0.981197 0.732442
vt 0.3315905 0.1283993
vt 0.3388185 0.1457203
vt 0.3315465 0.1457023
vt 0.3388635 0.1283993
vt 0.3460915 0.1457403
vt 0.3461355 0.1283993
vt 0.3533645 0.1457593
vt 0.3534085 0.1283993
vt 0.3606375 0.1457773
vt 0.3606815 0.1283993
vt 0.3679105 0.1457963
vt 0.3679545 0.1283993
vt 0.3751835 0.1458153
vt 0.3752275 0.1283993
vt 0.775685 0.611419
vt 0.775664 0.621036
vt 0.785435 0.621057
vt 0.785455 0.61144
vt 0.775705 0.601802
vt 0.785476 0.601823
vt 0.775726 0.592185
vt 0.785496 0.592206
vt 0.775747 0.582568
vt 0.785517 0.582589
vt 0.775767 0.57295
vt 0.785537 0.572971
vt 0.775788 0.563333
vt 0.785558 0.563354
vt 0.916181 0.765926
vt 0.916181 0.755062
vt 0.897035 0.755062
vt 0.897035 0.765926
vt 0.916181 0.776788
vt 0.897035 0.776788
vt 0.916181 0.787652
vt 0.897035 0.787652
vt 0.916181 0.798517
vt 0.897035 0.798517
vt 0.916181 0.80938
vt 0.897035 0.809381
vt 0.916181 0.820244
vt 0.897035 0.820244
vt 0.017884 0.276021
vt 0.017879 0.282932
vt 0.026808 0.283021
vt 0.026791 0.276026
vt 0.017888 0.268734
vt 0.031323 0.283024
vt 0.026793 0.26874
vt 0.017893 0.261448
vt 0.031326 0.27603
vt 0.035241 0.283027
vt 0.026801 0.261453
vt 0.017898 0.254161
vt 0.035249 0.276032
vt 0.042275 0.283031
vt 0.042279 0.276036
vt 0.03133 0.268743
vt 0.035251 0.268745
vt 0.042284 0.26875
vt 0.026803 0.254167
vt 0.017902 0.246875
vt 0.031336 0.261456
vt 0.035254 0.261459
vt 0.042289 0.261463
vt 0.026809 0.24688
vt 0.017907 0.239588
vt 0.026816 0.239594
vt 0.031339 0.25417
vt 0.035262 0.254172
vt 0.042293 0.254177
vt 0.031345 0.246883
vt 0.03135 0.239597
vt 0.035265 0.246886
vt 0.042298 0.246891
vt 0.035268 0.239599
vt 0.042303 0.239604
vt 0.784902 0.385164
vt 0.784902 0.364401
vt 0.776849 0.364375
vt 0.776849 0.38515
vt 0.784902 0.4059
vt 0.776849 0.405887
vt 0.784902 0.426601
vt 0.776849 0.426584
vt 0.784902 0.447359
vt 0.776849 0.447341
vt 0.784902 0.468128
vt 0.776849 0.468102
vt 0.784902 0.488894
vt 0.776849 0.488867
vt 0.7987846 0.327552
vt 0.7987846 0.347051
vt 0.79967654 0.34705377
vt 0.79967874 0.32755488
vt 0.7987846 0.308058
vt 0.82182604 0.32762805
vt 0.8217673 0.34712416
vt 0.799681 0.3080608
vt 0.7987846 0.288562
vt 0.8227319 0.327631
vt 0.8226709 0.347127
vt 0.8227919 0.308134
vt 0.8218838 0.3081312
vt 0.8228529 0.288638
vt 0.8219425 0.28863516
vt 0.8229139 0.269144
vt 0.7996832 0.28856477
vt 0.7987846 0.269067
vt 0.8220013 0.26914114
vt 0.8229739 0.249649
vt 0.7996854 0.26906982
vt 0.7987846 0.249572
vt 0.82205904 0.24964614
vt 0.8230349 0.230153
vt 0.8221178 0.23015013
vt 0.7996876 0.24957481
vt 0.7987846 0.230076
vt 0.7996899 0.23007882
vt 0.665562 0.2024216
vt 0.657313 0.2024186
vt 0.657309 0.2161126
vt 0.665558 0.2161156
vt 0.673761 0.2024236
vt 0.673824 0.2161176
vt 0.682101 0.2024266
vt 0.682099 0.2162276
vt 0.690423 0.2024286
vt 0.69042 0.2162306
vt 0.698742 0.2024316
vt 0.698742 0.2162326
vt 0.707067 0.2024346
vt 0.707063 0.2162356
vt 0.775685 0.611419
vt 0.785435 0.621057
vt 0.775664 0.621036
vt 0.785455 0.61144
vt 0.775705 0.601802
vt 0.785476 0.601823
vt 0.775726 0.592185
vt 0.785496 0.592206
vt 0.775747 0.582568
vt 0.785517 0.582589
vt 0.775767 0.57295
vt 0.785537 0.572971
vt 0.775788 0.563333
vt 0.785558 0.563354
vt 0.916181 0.765926
vt 0.897035 0.755062
vt 0.916181 0.755062
vt 0.897035 0.765926
vt 0.916181 0.776788
vt 0.897035 0.776788
vt 0.916181 0.787652
vt 0.897035 0.787652
vt 0.916181 0.798517
vt 0.897035 0.798517
vt 0.916181 0.80938
vt 0.897035 0.809381
vt 0.916181 0.820244
vt 0.897035 0.820244
vt 0.017884 0.276021
vt 0.026808 0.283021
vt 0.017879 0.282932
vt 0.026791 0.276026
vt 0.017888 0.268734
vt 0.031323 0.283024
vt 0.026793 0.26874
vt 0.017893 0.261448
vt 0.031326 0.27603
vt 0.035241 0.283027
vt 0.026801 0.261453
vt 0.017898 0.254161
vt 0.035249 0.276032
vt 0.042275 0.283031
vt 0.042279 0.276036
vt 0.03133 0.268743
vt 0.035251 0.268745
vt 0.042284 0.26875
vt 0.026803 0.254167
vt 0.017902 0.246875
vt 0.031336 0.261456
vt 0.035254 0.261459
vt 0.042289 0.261463
vt 0.026809 0.24688
vt 0.017907 0.239588
vt 0.026816 0.239594
vt 0.031339 0.25417
vt 0.035262 0.254172
vt 0.042293 0.254177
vt 0.031345 0.246883
vt 0.03135 0.239597
vt 0.035265 0.246886
vt 0.042298 0.246891
vt 0.035268 0.239599
vt 0.042303 0.239604
vt 0.784902 0.385164
vt 0.776849 0.364375
vt 0.784902 0.364401
vt 0.776849 0.38515
vt 0.784902 0.4059
vt 0.776849 0.405887
vt 0.784902 0.426601
vt 0.776849 0.426584
vt 0.784902 0.447359
vt 0.776849 0.447341
vt 0.784902 0.468128
vt 0.776849 0.468102
vt 0.784902 0.488894
vt 0.776849 0.488867
vt 0.7987846 0.327552
vt 0.79967654 0.34705377
vt 0.7987846 0.347051
vt 0.7996788 0.32755488
vt 0.7987846 0.308058
vt 0.8217673 0.34712416
vt 0.79968095 0.3080608
vt 0.7987846 0.288562
vt 0.8218261 0.32762808
vt 0.8226709 0.347127
vt 0.8227319 0.327631
vt 0.8218838 0.30813116
vt 0.8227919 0.308134
vt 0.7996832 0.2885648
vt 0.7987846 0.269067
vt 0.82194257 0.2886352
vt 0.8228529 0.288638
vt 0.7996854 0.26906982
vt 0.7987846 0.249572
vt 0.8220013 0.26914114
vt 0.8229139 0.269144
vt 0.7996876 0.24957481
vt 0.7987846 0.230076
vt 0.7996899 0.23007882
vt 0.8220591 0.24964616
vt 0.8229739 0.249649
vt 0.8221178 0.23015013
vt 0.8230349 0.230153
vt 0.665562 0.2024216
vt 0.657309 0.2161126
vt 0.657313 0.2024186
vt 0.665558 0.2161156
vt 0.673761 0.2024236
vt 0.673824 0.2161176
vt 0.682101 0.2024266
vt 0.682099 0.2162276
vt 0.690423 0.2024286
vt 0.69042 0.2162306
vt 0.698742 0.2024316
vt 0.698742 0.2162326
vt 0.707067 0.2024346
vt 0.707063 0.2162356
vt 0.8895912 0.8982118
vt 0.8921395 0.8982118
vt 0.8927849 0.9222186
vt 0.8895912 0.9225521
vt 0.8860639 0.8982118
vt 0.8927849 0.9618796
vt 0.8860639 0.9225521
vt 0.8629857 0.8982118
vt 0.8895912 0.9618796
vt 0.8927849 0.9763949
vt 0.8629857 0.9225521
vt 0.8860639 0.9618796
vt 0.8895912 0.9763949
vt 0.8895912 0.9894215
vt 0.8927849 0.9894215
vt 0.8860639 0.9894215
vt 0.8860639 0.9763949
vt 0.8629857 0.9763949
vt 0.8629857 0.9894215
vt 0.8629857 0.9618796
vt 0.8594107 0.9763949
vt 0.8594107 0.9894215
vt 0.8594107 0.9225521
vt 0.8594107 0.8982118
vt 0.8594107 0.9618796
vt 0.85616 0.9763949
vt 0.85616 0.9894215
vt 0.85616 0.9618796
vt 0.85616 0.9225521
vt 0.85616 0.8982118
vt 0.210677 0.073243
vt 0.225734 0.072875
vt 0.225734 0.088154
vt 0.210633 0.088154
vt 0.187349 0.088154
vt 0.187338 0.073243
vt 0.178636 0.088154
vt 0.178712 0.073243
vt 0.17072 0.088154
vt 0.17072 0.073243
vt 0.8895912 0.8982118
vt 0.8927849 0.9222186
vt 0.8921395 0.8982118
vt 0.8895912 0.9225521
vt 0.8860639 0.8982118
vt 0.8927849 0.9618796
vt 0.8860639 0.9225521
vt 0.8629857 0.8982118
vt 0.8895912 0.9618796
vt 0.8927849 0.9763949
vt 0.8629857 0.9225521
vt 0.8860639 0.9618796
vt 0.8895912 0.9763949
vt 0.8895912 0.9894215
vt 0.8927849 0.9894215
vt 0.8860639 0.9894215
vt 0.8860639 0.9763949
vt 0.8629857 0.9763949
vt 0.8629857 0.9894215
vt 0.8629857 0.9618796
vt 0.8594107 0.9763949
vt 0.8594107 0.9894215
vt 0.8594107 0.9225521
vt 0.8594107 0.8982118
vt 0.8594107 0.9618796
vt 0.85616 0.9763949
vt 0.85616 0.9894215
vt 0.85616 0.9618796
vt 0.85616 0.9225521
vt 0.85616 0.8982118
vt 0.210677 0.073243
vt 0.225734 0.088154
vt 0.225734 0.072875
vt 0.210633 0.088154
vt 0.187349 0.088154
vt 0.187338 0.073243
vt 0.178636 0.088154
vt 0.178712 0.073243
vt 0.17072 0.088154
vt 0.17072 0.073243
vt 0.1817129 0.2199041
vt 0.203203 0.2022526
vt 0.181829 0.2022526
vt 0.203203 0.2425228
vt 0.1729507 0.2426281
vt 0.1729507 0.2199041
vt 0.1843712 0.2847651
vt 0.19346 0.2933681
vt 0.203203 0.2955353
vt 0.1817129 0.2199041
vt 0.181829 0.2022526
vt 0.203203 0.2022526
vt 0.203203 0.2425228
vt 0.1729507 0.2426281
vt 0.1729507 0.2199041
vt 0.1843712 0.2847651
vt 0.19346 0.2933681
vt 0.203203 0.2955353
vt 0.549098 0.13909186
vt 0.537635 0.13233791
vt 0.5366778 0.1384212
vt 0.56668836 0.13909186
vt 0.5657193 0.13254929
vt 0.6082814 0.12965374
vt 0.6082685 0.13909186
vt 0.6177531 0.13909186
vt 0.566725 0.12968658
vt 0.6177813 0.12965374
vt 0.6269133 0.13909186
vt 0.6268283 0.12965374
vt 0.63406914 0.12965374
vt 0.63407516 0.13909186
vt 0.648802 0.12965374
vt 0.64883536 0.13909186
vt 0.6568395 0.13909186
vt 0.6675989 0.14273134
vt 0.7046942 0.12965374
vt 0.69894105 0.15300772
vt 0.70454955 0.15289947
vt 0.72334176 0.13924393
vt 0.73375297 0.13924393
vt 0.7337991 0.12965374
vt 0.549098 0.13909186
vt 0.5365695 0.13839093
vt 0.53755504 0.13232166
vt 0.56668836 0.13909186
vt 0.5658651 0.13297306
vt 0.6082814 0.12965374
vt 0.6082685 0.13909186
vt 0.5665655 0.12968184
vt 0.5667252 0.13359962
vt 0.6177531 0.13909186
vt 0.6177813 0.12965374
vt 0.6269133 0.13909186
vt 0.6268283 0.12965374
vt 0.63406914 0.12965374
vt 0.63407516 0.13909186
vt 0.648802 0.12965374
vt 0.64883536 0.13909186
vt 0.6568395 0.13909186
vt 0.6675989 0.14273134
vt 0.7046942 0.12965374
vt 0.69894105 0.15300772
vt 0.70454955 0.15289947
vt 0.72334176 0.13924393
vt 0.73375297 0.13924393
vt 0.7337991 0.12965374
vt 0.5665728 0.12968715
vt 0.5667252 0.13359962
vt 0.6082814 0.12965374
vt 0.5658651 0.13297306
vt 0.56668836 0.13909186
vt 0.53754914 0.13232374
vt 0.549098 0.13909186
vt 0.53666925 0.13841978
vt 0.6082685 0.13909186
vt 0.6177531 0.13909186
vt 0.6177813 0.12965374
vt 0.6269133 0.13909186
vt 0.6268283 0.12965374
vt 0.63406914 0.12965374
vt 0.63407516 0.13909186
vt 0.648802 0.12965374
vt 0.64883536 0.13909186
vt 0.6568395 0.13909186
vt 0.6675989 0.14273134
vt 0.7046942 0.12965374
vt 0.69894105 0.15300772
vt 0.70454955 0.15289947
vt 0.72334176 0.13924393
vt 0.73375297 0.13924393
vt 0.7337991 0.12965374
vt 0.1330503 0.39353576
vt 0.1330503 0.38319522
vt 0.14099327 0.38319522
vt 0.14099327 0.39353576
vt 0.1330503 0.41552085
vt 0.14099327 0.41552085
vt 0.1330503 0.42099273
vt 0.14099327 0.42099273
vt 0.1334448 0.4523875
vt 0.14076294 0.4531181
vt 0.1334448 0.46338063
vt 0.14074712 0.4639815
vt 0.1334448 0.47106612
vt 0.14079282 0.47155607
vt 0.1334448 0.48542434
vt 0.14124005 0.48551637
vt 0.14119634 0.4920578
vt 0.1334448 0.49529123
vt 0.14132296 0.50066566
vt 0.1334448 0.5079247
vt 0.1413868 0.5099058
vt 0.1334448 0.52002317
vt 0.1313877 0.53243256
vt 0.14124647 0.5484066
vt 0.12402271 0.5482122
vt 0.1200155 0.5649431
vt 0.14088179 0.5648208
vt 0.1167443 0.5572563
vt 0.10854645 0.563272
vt 0.14088179 0.56690556
vt 0.1199308 0.5689558
vt 0.14088179 0.56955886
vt 0.14088179 0.58491576
vt 0.1199308 0.58468705
vt 0.14088179 0.59935147
vt 0.1199308 0.5992665
vt 0.14088179 0.61383176
vt 0.1199308 0.61380166
vt 0.14088179 0.62832963
vt 0.1199308 0.62831926
vt 0.14088179 0.64283395
vt 0.1199308 0.64283043
vt 0.14088179 0.65734047
vt 0.1199308 0.65733933
vt 0.14088179 0.6718479
vt 0.1199308 0.67184746
vt 0.14088179 0.68651646
vt 0.1199308 0.68651634
vt 0.1199308 0.70118505
vt 0.14088179 0.70118517
vt 0.1199308 0.7156929
vt 0.14088179 0.7156929
vt 0.1199308 0.7302005
vt 0.14088179 0.73020065
vt 0.1199308 0.74470824
vt 0.14088179 0.7447085
vt 0.1199308 0.75921583
vt 0.14088179 0.75921637
vt 0.1199308 0.77372307
vt 0.14088179 0.77372444
vt 0.1199308 0.78822994
vt 0.14088179 0.78823316
vt 0.11989313 0.8040515
vt 0.14088179 0.80378056
vt 0.14088179 0.80729854
vt 0.1199308 0.80716336
vt 0.14088179 0.80866474
vt 0.11979721 0.8083907
vt 0.10911435 0.8077632
vt 0.1159419 0.815164
vt 0.1235313 0.82486284
vt 0.14088179 0.8254706
vt 0.1312928 0.84090996
vt 0.14088179 0.86503196
vt 0.1334323 0.85338193
vt 0.1334323 0.86551696
vt 0.14088179 0.87355936
vt 0.1334323 0.87815225
vt 0.14088179 0.88168067
vt 0.1334323 0.88801944
vt 0.14088179 0.88822794
vt 0.14088179 0.90221906
vt 0.1334323 0.90237874
vt 0.14088179 0.9099594
vt 0.1334323 0.91006505
vt 0.14088179 0.9208528
vt 0.1334323 0.92105913
vt 0.14088179 0.95269394
vt 0.1335369 0.95269394
vt 0.14088179 0.9579791
vt 0.1335369 0.9579791
vt 0.14088179 0.97980213
vt 0.1335369 0.97980213
vt 0.14088179 0.9903356
vt 0.1335369 0.9903356
vt 0.60987216 0.20053431
vt 0.5964987 0.20398757
vt 0.59657717 0.20071682
vt 0.6099146 0.20427847
vt 0.6213808 0.21231668
vt 0.6098689 0.20054196
vt 0.59657717 0.20071682
vt 0.5964987 0.20398757
vt 0.6099146 0.20427847
vt 0.6213808 0.21231668
vt 0.39171067 0.14229006
vt 0.38005367 0.14229006
vt 0.37973887 0.1483801
vt 0.39145887 0.1483801
vt 0.4027141 0.1483801
vt 0.40286583 0.14229006
vt 0.4066855 0.14229006
vt 0.4066001 0.1483801
vt 0.4296462 0.1483801
vt 0.42941338 0.14229006
vt 0.44142118 0.1483801
vt 0.44141063 0.14229006
vt 0.45108563 0.14229006
vt 0.4513069 0.1483801
vt 0.45860147 0.1483801
vt 0.4585486 0.14229006
vt 0.4660847 0.1483801
vt 0.46649134 0.14229006
vt 0.47489285 0.14229004
vt 0.47471148 0.1483801
vt 0.48440772 0.14838009
vt 0.48408324 0.14229004
vt 0.49808422 0.14229004
vt 0.49713004 0.14838009
vt 0.5065017 0.14229003
vt 0.5068897 0.1483801
vt 0.5171199 0.14229003
vt 0.5167732 0.1483801
vt 0.5283035 0.14229003
vt 0.5309086 0.14229003
vt 0.5314194 0.1483801
vt 0.6166526 0.164805
vt 0.6041046 0.16483563
vt 0.60425067 0.18100686
vt 0.6166159 0.1810984
vt 0.6344419 0.1810984
vt 0.6295453 0.164805
vt 0.6333868 0.164805
vt 0.6163856 0.1854286
vt 0.60436887 0.18547158
vt 0.6342021 0.1854286
vt 0.6167838 0.1892502
vt 0.6044091 0.18916963
vt 0.6345257 0.1892502
vt 0.6385603 0.1854286
vt 0.6388073 0.1892502
vt 0.639022 0.1810984
vt 0.659216 0.164805
vt 0.6661882 0.1854286
vt 0.6663145 0.1892502
vt 0.6664691 0.1810984
vt 0.6737009 0.164805
vt 0.6849919 0.164805
vt 0.6871767 0.1854286
vt 0.6871762 0.18928243
vt 0.6875088 0.1810984
vt 0.6987465 0.1829192
vt 0.6921294 0.1651598
vt 0.6995732 0.1664644
vt 0.7074119 0.1690387
vt 0.6966801 0.1874464
vt 0.6959442 0.1909704
vt 0.7074505 0.1935164
vt 0.70531875 0.19626154
vt 0.7102104 0.189776
vt 0.7155142 0.1732819
vt 0.7255887 0.1807766
vt 0.7309531 0.1875387
vt 0.7191261 0.2004253
vt 0.7353228 0.1960647
vt 0.7401975 0.2099572
vt 0.7160397 0.2023832
vt 0.71264833 0.20475373
vt 0.7239517 0.2117686
vt 0.7251415 0.2181545
vt 0.720256 0.2130668
vt 0.7166643 0.2141796
vt 0.7221027 0.2205229
vt 0.71948874 0.22710347
vt 0.8265336 0.8133338
vt 0.8325295 0.8017078
vt 0.8265336 0.7858815
vt 0.8325295 0.81339
vt 0.8325295 0.8348005
vt 0.8265336 0.8347876
vt 0.8265336 0.8489136
vt 0.8325295 0.8489146
vt 0.8265336 0.8668838
vt 0.8325295 0.8668742
vt 0.8325295 0.884436
vt 0.8265336 0.8844268
vt 0.8265336 0.9034999
vt 0.8322824 0.903534
vt 0.8322824 0.930235
vt 0.8265336 0.9302683
vt 0.8322824 0.9487521
vt 0.8265336 0.9487878
vt 0.8311976 0.96435785
vt 0.8265336 0.9662141
vt 0.83029526 0.9891767
vt 0.8243756 0.98533064
vt 0.17678334 0.06080896
vt 0.225209 0.060877
vt 0.225215 0.056611
vt 0.17678934 0.056542963
vt 0.171829 0.060802
vt 0.171835 0.056536
vt 0.225221 0.052345
vt 0.17679533 0.052276053
vt 0.171841 0.052269
vt 0.171847 0.048003
vt 0.17680132 0.04800996
vt 0.225227 0.048078
vt 0.225233 0.043812
vt 0.17680733 0.04374396
vt 0.171853 0.043737
vt 0.225239 0.039546
vt 0.17681333 0.039477963
vt 0.171859 0.039471
vt 0.225245 0.03528
vt 0.17681934 0.035211958
vt 0.171865 0.035205
vt 0.225258 0.031013
vt 0.17682599 0.03094496
vt 0.171871 0.030938
vt 0.225264 0.026747
vt 0.17683199 0.02667896
vt 0.171877 0.026672
vt 0.22527 0.02248
vt 0.176838 0.022411961
vt 0.171883 0.022405
vt 0.225276 0.018214
vt 0.17684397 0.01814596
vt 0.171889 0.018139
vt 0.225282 0.013947
vt 0.17684999 0.013878962
vt 0.225288 0.009681
vt 0.171895 0.013872
vt 0.17685598 0.009612962
vt 0.171901 0.009606
vt 0.891621 0.732391
vt 0.891621 0.744082
vt 0.895634 0.744082
vt 0.895634 0.73239
vt 0.899647 0.744082
vt 0.899647 0.73239
vt 0.903663 0.744081
vt 0.903663 0.73239
vt 0.907684 0.744081
vt 0.907665 0.732407
vt 0.911687 0.744081
vt 0.911687 0.732407
vt 0.915698 0.744081
vt 0.915698 0.732407
vt 0.919709 0.744081
vt 0.919709 0.732407
vt 0.92372 0.744081
vt 0.92372 0.732407
vt 0.927732 0.744081
vt 0.927732 0.732407
vt 0.931744 0.744081
vt 0.931744 0.732407
vt 0.935756 0.744081
vt 0.935756 0.732407
vt 0.939766 0.744081
vt 0.939766 0.732407
vt 0.137388 0.134954
vt 0.137363 0.15828
vt 0.146061 0.152403
vt 0.145551 0.134954
vt 0.13787 0.131692
vt 0.153335 0.149838
vt 0.145516 0.131692
vt 0.153581 0.134954
vt 0.156627 0.152346
vt 0.153553 0.131692
vt 0.161623 0.134954
vt 0.161633 0.131692
vt 0.161464 0.171559
vt 0.169697 0.134954
vt 0.169748 0.131692
vt 0.169714 0.195473
vt 0.161434 0.182497
vt 0.161495 0.195473
vt 0.177846 0.195473
vt 0.177812 0.134954
vt 0.177886 0.131692
vt 0.185979 0.195473
vt 0.18592 0.134954
vt 0.186019 0.131692
vt 0.194112 0.195473
vt 0.194055 0.134954
vt 0.194131 0.131692
vt 0.202247 0.195473
vt 0.202169 0.134954
vt 0.202222 0.131692
vt 0.210126 0.189141
vt 0.209791 0.195473
vt 0.210293 0.134954
vt 0.215153 0.170411
vt 0.210276 0.131692
vt 0.218615 0.167591
vt 0.218343 0.134954
vt 0.218268 0.131692
vt 0.22462533 0.16218826
vt 0.226377 0.134954
vt 0.233922 0.157998
vt 0.226219 0.131692
vt 0.234464 0.134954
vt 0.233746 0.131692
vt 0.5462119 0.2109299
vt 0.5422857 0.2035452
vt 0.5422857 0.2109299
vt 0.5462119 0.2035452
vt 0.5501377 0.2109299
vt 0.5501377 0.2035452
vt 0.5540633 0.2109299
vt 0.5540633 0.2035452
vt 0.5579887 0.2109299
vt 0.5579887 0.2035452
vt 0.5619139 0.2109299
vt 0.5619139 0.2035452
vt 0.5658397 0.2109299
vt 0.5658397 0.2035452
vt 0.5697637 0.2109299
vt 0.5697637 0.2035452
vt 0.5737598 0.2107824
vt 0.5736528 0.2035452
vt 0.5775796 0.2107824
vt 0.5775796 0.2035452
vt 0.5814795 0.2107824
vt 0.5814795 0.2035452
vt 0.5853794 0.2107824
vt 0.5853794 0.2035452
vt 0.5892793 0.2107824
vt 0.5892793 0.2035452
vt 0.8361013 0.23531759
vt 0.8379109 0.22792259
vt 0.8361013 0.22792259
vt 0.8379109 0.23531759
vt 0.8361013 0.2427121
vt 0.843524 0.22792259
vt 0.8379109 0.2427121
vt 0.8361013 0.2501066
vt 0.843524 0.23531759
vt 0.84559584 0.22792259
vt 0.84559584 0.23531759
vt 0.843524 0.2427121
vt 0.84559584 0.2427121
vt 0.8379109 0.2501066
vt 0.8361013 0.2575016
vt 0.843524 0.2501066
vt 0.84559584 0.2501066
vt 0.8379109 0.2575016
vt 0.8361013 0.2648951
vt 0.843524 0.2575016
vt 0.84559584 0.2575016
vt 0.8379109 0.2648951
vt 0.8361013 0.2722876
vt 0.843524 0.2648951
vt 0.84559584 0.2648951
vt 0.8379109 0.2722876
vt 0.8361013 0.2796821
vt 0.843524 0.2722876
vt 0.84559584 0.2722876
vt 0.8379109 0.2796821
vt 0.8361013 0.2870756
vt 0.843524 0.2796821
vt 0.84559584 0.2796821
vt 0.8379109 0.2870756
vt 0.8361013 0.2944676
vt 0.843524 0.2870756
vt 0.84559584 0.2870756
vt 0.8379109 0.2944676
vt 0.8361013 0.30185962
vt 0.843524 0.2944676
vt 0.84559584 0.2944676
vt 0.8379109 0.30185962
vt 0.8361013 0.3092516
vt 0.843524 0.30185962
vt 0.84559584 0.30185962
vt 0.8379109 0.3092516
vt 0.8361013 0.3166436
vt 0.8379109 0.3166436
vt 0.843524 0.3092516
vt 0.84559584 0.3092516
vt 0.843524 0.3166436
vt 0.84559584 0.3166436
vt 0.406395 0.2040525
vt 0.406395 0.2104182
vt 0.4118165 0.2104182
vt 0.4118165 0.2040525
vt 0.4172371 0.2104182
vt 0.4172371 0.2040525
vt 0.4226644 0.2104182
vt 0.4226644 0.2040525
vt 0.4280918 0.2104182
vt 0.4280918 0.2040525
vt 0.4335805 0.2102394
vt 0.433478 0.2040525
vt 0.4389111 0.2102394
vt 0.4389111 0.2040525
vt 0.4443123 0.2102394
vt 0.4443123 0.2040525
vt 0.4497132 0.2102394
vt 0.4497132 0.2040525
vt 0.455115 0.2102394
vt 0.455115 0.2040525
vt 0.4605142 0.2102394
vt 0.4605142 0.2040525
vt 0.4659071 0.2102394
vt 0.4659071 0.2040525
vt 0.4712932 0.2102394
vt 0.4712932 0.2040525
vt 0.5315328 0.2038144
vt 0.536734 0.209721
vt 0.536734 0.2038144
vt 0.5315328 0.209721
vt 0.5263318 0.2038144
vt 0.5263318 0.209721
vt 0.5211309 0.2038144
vt 0.5211309 0.209721
vt 0.5159299 0.2038144
vt 0.5159299 0.209721
vt 0.5107309 0.2038144
vt 0.5107309 0.209721
vt 0.5054779 0.2036868
vt 0.5056105 0.209721
vt 0.5002968 0.2036868
vt 0.5002968 0.209721
vt 0.4950761 0.2036868
vt 0.4950761 0.209721
vt 0.4898558 0.2036868
vt 0.4898558 0.209721
vt 0.4846318 0.2036868
vt 0.4846318 0.209721
vt 0.4794036 0.2036868
vt 0.4794036 0.209721
vt 0.4741717 0.2036868
vt 0.4741717 0.209721
vt 0.2696149 0.1422496
vt 0.2658564 0.1357374
vt 0.2593433 0.131978
vt 0.2518237 0.131978
vt 0.2696149 0.14977
vt 0.2453115 0.1357374
vt 0.2658564 0.1562823
vt 0.2415531 0.1422496
vt 0.2593433 0.1600434
vt 0.2415531 0.14977
vt 0.2518237 0.1600407
vt 0.2453115 0.1562823
vt 0.646117 0.292564
vt 0.637973 0.292576
vt 0.646117 0.302527
vt 0.629045 0.302527
vt 0.629045 0.292576
vt 0.629045 0.312429
vt 0.646117 0.312429
vt 0.629045 0.322324
vt 0.646117 0.322324
vt 0.629045 0.332219
vt 0.646117 0.332219
vt 0.629045 0.342105
vt 0.646117 0.342105
vt 0.635264 0.351427
vt 0.629045 0.351427
vt 0.6458411 0.35151833
vt 0.64312685 0.35453534
vt 0.8556595 0.3807619
vt 0.860317 0.3807682
vt 0.860317 0.370056
vt 0.8556595 0.3700587
vt 0.860317 0.3594791
vt 0.8556595 0.3594727
vt 0.860317 0.3488977
vt 0.8556595 0.3488913
vt 0.860317 0.3383162
vt 0.8556595 0.3383108
vt 0.860317 0.3277339
vt 0.8556595 0.3277284
vt 0.8603943 0.31773955
vt 0.8556595 0.3180255
vt 0.766833 0.141318
vt 0.745919 0.131875
vt 0.74593 0.14131
vt 0.76689 0.131911
vt 0.787372 0.14135
vt 0.787386 0.13206
vt 0.807846 0.141381
vt 0.80786 0.132091
vt 0.828321 0.141412
vt 0.828335 0.132122
vt 0.848797 0.141443
vt 0.848811 0.132154
vt 0.869071 0.141474
vt 0.869085 0.132184
vt 0.29028 0.311532
vt 0.305326 0.311566
vt 0.305345 0.303646
vt 0.290297 0.303613
vt 0.305362 0.295809
vt 0.290314 0.295776
vt 0.305379 0.287971
vt 0.290331 0.287939
vt 0.305396 0.280134
vt 0.290347 0.280102
vt 0.305413 0.272297
vt 0.290364 0.272264
vt 0.305429 0.264459
vt 0.290381 0.264427
vt 0.305446 0.256622
vt 0.290398 0.25659
vt 0.305463 0.248785
vt 0.290415 0.248752
vt 0.30548 0.240947
vt 0.290432 0.240915
vt 0.305497 0.233027
vt 0.290449 0.232995
vt 0.290466 0.225075
vt 0.305514 0.225107
vt 0.290483 0.217238
vt 0.305531 0.21727
vt 0.2905 0.2094
vt 0.305548 0.209433
vt 0.290517 0.201563
vt 0.305565 0.201595
vt 0.290534 0.193726
vt 0.305582 0.193758
vt 0.290551 0.185888
vt 0.305599 0.185921
vt 0.290567 0.178051
vt 0.305616 0.178083
vt 0.290584 0.170214
vt 0.305633 0.170246
vt 0.290601 0.162376
vt 0.305649 0.162409
vt 0.290618 0.154456
vt 0.305667 0.154489
vt 0.3633076 0.1681817
vt 0.3581439 0.1644493
vt 0.3587463 0.1666375
vt 0.3626622 0.1567596
vt 0.3555611 0.1614862
vt 0.3505048 0.1601229
vt 0.3505048 0.1567596
vt 0.3738575 0.1682344
vt 0.3710211 0.1708543
vt 0.3738575 0.1567596
vt 0.38659322 0.1682344
vt 0.38659322 0.1567596
vt 0.39891866 0.1682344
vt 0.39891866 0.1567596
vt 0.41126254 0.1682344
vt 0.41126254 0.1567596
vt 0.42363822 0.1682344
vt 0.42363822 0.1567596
vt 0.4360469 0.1682344
vt 0.4360469 0.1567596
vt 0.44848424 0.1682344
vt 0.44848424 0.1567596
vt 0.46094143 0.1682344
vt 0.46094143 0.1567596
vt 0.4735395 0.1567596
vt 0.4735395 0.1682344
vt 0.486138 0.1682344
vt 0.486138 0.1567596
vt 0.4985942 0.1567596
vt 0.4985942 0.1682344
vt 0.5110309 0.1567596
vt 0.5110309 0.1682344
vt 0.52343935 0.1567596
vt 0.52343935 0.1682344
vt 0.53581476 0.1567596
vt 0.53581476 0.1682344
vt 0.5481579 0.1567596
vt 0.5481579 0.1682344
vt 0.56047976 0.1567596
vt 0.56047976 0.1682344
vt 0.57320344 0.1567596
vt 0.5753195 0.1681466
vt 0.5843903 0.1567596
vt 0.5837596 0.1683503
vt 0.5757575 0.1707034
vt 0.5889274 0.1644673
vt 0.5883609 0.1666698
vt 0.5914876 0.161476
vt 0.5965493 0.1601214
vt 0.5965493 0.1567596
vt 0.6514363 0.2734748
vt 0.6398043 0.2825978
vt 0.6514163 0.2826228
vt 0.6428432 0.27166677
vt 0.6327938 0.2786374
vt 0.6440153 0.2679398
vt 0.6514483 0.2679558
vt 0.64232624 0.27080736
vt 0.6403963 0.2675988
vt 0.6427163 0.2669268
vt 0.6427393 0.2562868
vt 0.6404523 0.2450218
vt 0.6427623 0.2456158
vt 0.6439843 0.2445478
vt 0.6399613 0.2390328
vt 0.6514133 0.2390038
vt 0.6514013 0.2445638
vt 0.6402153 0.2296588
vt 0.6514333 0.2296828
vt 0.625391 0.23664747
vt 0.6392163 0.2452238
vt 0.6304063 0.2451888
vt 0.6338893 0.2509968
vt 0.6381523 0.2666208
vt 0.6300373 0.2533298
vt 0.8481698 0.8143891
vt 0.8411198 0.8143761
vt 0.8411198 0.8367191
vt 0.8481698 0.8368591
vt 0.8411198 0.8685331
vt 0.8481698 0.8685401
vt 0.8481698 0.8911751
vt 0.8411198 0.8911531
vt 0.8411198 0.9118741
vt 0.8481698 0.9118781
vt 0.8481698 0.9330931
vt 0.8411198 0.9331001
vt 0.8481698 0.9497511
vt 0.8410248 0.9498051
vt 0.8410248 0.9752861
vt 0.8481698 0.9747041
vt 0.8481698 0.9821011
vt 0.8410248 0.9896711
vt 0.84539163 0.795384
vt 0.8411198 0.7936291
vt 0.8411198 0.8143761
vt 0.8481698 0.8143891
vt 0.07323408 0.1301887
vt 0.066753805 0.124838
vt 0.066753864 0.1277941
vt 0.07323402 0.1236707
vt 0.07323402 0.11676268
vt 0.066753864 0.11621192
vt 0.07323408 0.1089678
vt 0.066753864 0.10942234
vt 0.07323402 0.09896743
vt 0.066753805 0.09896721
vt 0.066753864 0.09099753
vt 0.07323402 0.09149565
vt 0.07323408 0.08496423
vt 0.066753805 0.08505673
vt 0.066753864 0.078287676
vt 0.07323408 0.0784933
vt 0.066753805 0.07244844
vt 0.07323402 0.07221198
vt 0.07323408 0.063774385
vt 0.066753745 0.0637278
vt 0.066753745 0.052407786
vt 0.07323402 0.052440435
vt 0.066753745 0.03688906
vt 0.07323408 0.036783487
vt 0.07323408 0.033008054
vt 0.066753745 0.033170193
vt 0.066753805 0.022664428
vt 0.07323408 0.022505254
vt 0.07323402 0.011978611
vt 0.066753805 0.011978611
vt 0.878309 0.163311
vt 0.890063 0.179564
vt 0.890063 0.163311
vt 0.878318 0.179564
vt 0.861654 0.179564
vt 0.866446 0.163311
vt 0.86297 0.163311
vt 0.878498 0.183733
vt 0.890063 0.183733
vt 0.861879 0.183733
vt 0.878085 0.187289
vt 0.890063 0.187289
vt 0.86152 0.187289
vt 0.857875 0.183733
vt 0.85763 0.187289
vt 0.857499 0.179564
vt 0.838571 0.163311
vt 0.832177 0.183733
vt 0.832082 0.187289
vt 0.831886 0.179564
vt 0.824682 0.163311
vt 0.813811 0.164861
vt 0.812977 0.183733
vt 0.81350905 0.1872913
vt 0.812452 0.179564
vt 0.802349 0.182528
vt 0.806882 0.1654
vt 0.799809 0.16729
vt 0.792622 0.170718
vt 0.804769 0.186513
vt 0.805796 0.189532
vt 0.796004 0.193629
vt 0.7986701 0.19535196
vt 0.792827 0.190543
vt 0.785978 0.202348
vt 0.785526 0.175859
vt 0.777171 0.184459
vt 0.77323 0.191622
vt 0.770552 0.200179
vt 0.7700796 0.20741837
vt 0.7755183 0.21127416
vt 0.789511 0.204382
vt 0.7930011 0.20538205
vt 0.783093 0.213525
vt 0.787287 0.214726
vt 0.790446 0.215017
vt 0.78123 0.22751398
vt 0.77481985 0.21194644
vt 0.768115 0.2184
vt 0.785726 0.228017
vt 0.78895956 0.22800595
vt 0.785964 0.236136
vt 0.765927 0.224195
vt 0.763908 0.221623
vt 0.777817 0.33493
vt 0.767709 0.33493
vt 0.75942 0.228745
vt 0.759619 0.33493
vt 0.753463 0.232851
vt 0.777623 0.343866
vt 0.742593 0.236276
vt 0.751464 0.230088
vt 0.743221 0.33493
vt 0.735057 0.241566
vt 0.735121 0.33493
vt 0.725007 0.33493
vt 0.720773 0.250223
vt 0.725241 0.344086
vt 0.78221 0.351359
vt 0.7850513 0.26009864
vt 0.78569454 0.3522008
vt 0.788887 0.260888
vt 0.788887 0.244537
vt 0.767642 0.351359
vt 0.767687 0.343866
vt 0.759632 0.343866
vt 0.759632 0.379954
vt 0.759632 0.396568
vt 0.767642 0.484209
vt 0.759632 0.48064515
vt 0.75164795 0.5024698
vt 0.751617 0.49054
vt 0.743422 0.4807065
vt 0.73538 0.48425
vt 0.743422 0.396696
vt 0.73538 0.351561
vt 0.743422 0.380102
vt 0.743422 0.344086
vt 0.735262 0.344086
vt 0.720737 0.351561
vt 0.71640396 0.26084262
vt 0.7171347 0.35251677
vt 0.717263 0.25051
vt 0.713536 0.245147
vt 0.713536 0.261344
vt 0.957316 0.632345
vt 0.936148 0.437459
vt 0.936148 0.658969
vt 0.957321 0.412591
vt 0.978489 0.437481
vt 0.978489 0.659025
vt 0.928283 0.768193
vt 0.939357 0.749211
vt 0.928283 0.749211
vt 0.939357 0.768193
vt 0.939357 0.771308
vt 0.928283 0.771308
vt 0.928283 0.772934
vt 0.93936 0.772934
vt 0.928283 0.797764
vt 0.93936 0.797764
vt 0.93936 0.799391
vt 0.928283 0.799391
vt 0.928283 0.802505
vt 0.93936 0.802505
vt 0.93936 0.821488
vt 0.928283 0.821488
vt 0.706262 0.278667
vt 0.703574 0.27241
vt 0.706262 0.290362
vt 0.706262 0.268716
vt 0.699066 0.27117
vt 0.700219 0.272413
vt 0.699066 0.247211
vt 0.706262 0.249649
vt 0.700191 0.245964
vt 0.703546 0.245961
vt 0.706262 0.239692
vt 0.706262 0.227984
vt 0.68758 0.289992
vt 0.690706 0.27243
vt 0.68758 0.278642
vt 0.68885 0.267924
vt 0.68758 0.268705
vt 0.691465 0.267141
vt 0.693558 0.27244
vt 0.694495 0.271215
vt 0.691465 0.251149
vt 0.694559 0.246715
vt 0.693637 0.245455
vt 0.690542 0.245444
vt 0.689056 0.249881
vt 0.687516 0.249113
vt 0.687516 0.239208
vt 0.687516 0.227841
vt 0.959237 0.732999
vt 0.950766 0.732999
vt 0.950765 0.757729
vt 0.959237 0.757731
vt 0.950765 0.776968
vt 0.959237 0.776968
vt 0.959237 0.796206
vt 0.950765 0.796206
vt 0.959237 0.820938
vt 0.950765 0.820938
vt 0.212082 0.287001
vt 0.211867 0.335586
vt 0.22003 0.325895
vt 0.230764 0.310692
vt 0.233893 0.287134
vt 0.231006 0.263517
vt 0.220392 0.248176
vt 0.212296 0.238397
vt 0.677176 0.284459
vt 0.659376 0.290577
vt 0.677161 0.290619
vt 0.659289 0.284276
vt 0.655338 0.290567
vt 0.655353 0.284266
vt 0.65538 0.272957
vt 0.659316 0.272966
vt 0.677203 0.273009
vt 0.677237 0.25908
vt 0.65935 0.259037
vt 0.655413 0.259028
vt 0.655447 0.245104
vt 0.659383 0.245114
vt 0.67727 0.245156
vt 0.677297 0.233789
vt 0.65941 0.233747
vt 0.655474 0.233738
vt 0.655489 0.227488
vt 0.659425 0.227498
vt 0.677312 0.22754
vt 0.6022325 0.1838749
vt 0.6014596 0.1810528
vt 0.5894529 0.1810528
vt 0.5953117 0.18678981
vt 0.5929468 0.19231012
vt 0.5786617 0.1923324
vt 0.5786617 0.1810528
vt 0.56614846 0.1810528
vt 0.5817292 0.1950159
vt 0.5816512 0.196279
vt 0.56614846 0.1923324
vt 0.5540347 0.1810528
vt 0.5540347 0.1923324
vt 0.54190356 0.1810528
vt 0.54190356 0.1923324
vt 0.5297414 0.1810528
vt 0.5297414 0.1923324
vt 0.51754725 0.1810528
vt 0.51754725 0.1923324
vt 0.50532526 0.1810528
vt 0.50532526 0.1923324
vt 0.49308375 0.1810528
vt 0.49308375 0.1923324
vt 0.4807027 0.1810528
vt 0.4807027 0.1923324
vt 0.4683217 0.1923324
vt 0.4683217 0.1810528
vt 0.45608073 0.1923324
vt 0.45608073 0.1810528
vt 0.44385892 0.1923324
vt 0.44385892 0.1810528
vt 0.4316648 0.1923324
vt 0.4316648 0.1810528
vt 0.4195028 0.1923324
vt 0.4195028 0.1810528
vt 0.40737164 0.1923324
vt 0.40737164 0.1810528
vt 0.3952582 0.1923324
vt 0.3952582 0.1810528
vt 0.38274598 0.1923324
vt 0.38274598 0.1810528
vt 0.3719414 0.1810528
vt 0.36850208 0.19223483
vt 0.380067 0.1942748
vt 0.3797738 0.1962836
vt 0.3659582 0.1865176
vt 0.35913152 0.18384156
vt 0.3599364 0.1810528
vt 0.08439827 0.7405
vt 0.084679715 0.990616
vt 0.09174 0.992132
vt 0.09174 0.738933
vt 0.09071359 0.7089166
vt 0.090440586 0.69305927
vt 0.12096117 0.10381944
vt 0.121895 0.109687
vt 0.151776 0.109687
vt 0.15260686 0.10330965
vt 0.756894 0.196576
vt 0.755988 0.189179
vt 0.753705 0.19655
vt 0.756894 0.220869
vt 0.75358 0.22073
vt 0.095672 0.33884
vt 0.095672 0.372537
vt 0.128808 0.372537
vt 0.128808 0.33884
vt 0.112194 0.318528
vt 0.08554361 0.64573383
vt 0.09174 0.393898
vt 0.085755765 0.39542994
vt 0.09174 0.647188
vt 0.09083013 0.67720324
vt 0.090440586 0.69305927
vt 0.77340174 0.5438085
vt 0.7736311 0.5210076
vt 0.769719 0.521148
vt 0.769719 0.543353
vt 0.787837 0.511428
vt 0.773457 0.511371
vt 0.778988 0.513228
vt 0.782972 0.515005
vt 0.782838 0.548572
vt 0.787672 0.552869
vt 0.778669 0.550934
vt 0.773186 0.552811
vt 0.712809 0.343913
vt 0.712809 0.301167
vt 0.71017 0.301162
vt 0.710572 0.343907
vt 0.707939 0.301155
vt 0.707849 0.343878
vt 0.692096 0.343878
vt 0.692304 0.301119
vt 0.690273 0.301114
vt 0.689485 0.343849
vt 0.687499 0.301108
vt 0.687499 0.343844
vt 0.84117436 0.7808483
vt 0.8411198 0.7936291
vt 0.84539163 0.795384
vt 0.8457631 0.7807745
vt 0.171291 0.121599
vt 0.161092 0.103647
vt 0.161092 0.121599
vt 0.17129426 0.098565735
vt 0.181525 0.121599
vt 0.18152508 0.09895664
vt 0.191758 0.121599
vt 0.19175857 0.09847817
vt 0.201991 0.121599
vt 0.20199525 0.09883918
vt 0.212224 0.121599
vt 0.1815251 0.096991934
vt 0.1917586 0.09699214
vt 0.17128141 0.097003594
vt 0.2019956 0.0969946
vt 0.16095565 0.098278485
vt 0.1609236 0.09701605
vt 0.15685813 0.0969837
vt 0.15684903 0.09815544
vt 0.156815 0.10253
vt 0.21224695 0.098494224
vt 0.21225975 0.097014815
vt 0.222619 0.112788
vt 0.222619 0.121599
vt 0.22261897 0.09848017
vt 0.22261897 0.096997716
vt 0.22532883 0.09848096
vt 0.22561112 0.09699058
vt 0.75807804 0.152993
vt 0.7746137 0.15287505
vt 0.7739284 0.14909662
vt 0.77152044 0.16525511
vt 0.72865653 0.16584504
vt 0.7468221 0.1534776
vt 0.7378392 0.17477863
vt 0.76258695 0.17443812
vt 0.75025886 0.17792389
vt 0.7251048 0.1535529
vt 0.7264669 0.14862888
vt 0.7472917 0.1494631
vt 0.1817129 0.2199041
vt 0.203203 0.2022526
vt 0.181829 0.2022526
vt 0.203203 0.2425228
vt 0.1729507 0.2426281
vt 0.1729507 0.2199041
vt 0.1843712 0.2847651
vt 0.19346 0.2933681
vt 0.203203 0.2955353
vt 0.1817129 0.2199041
vt 0.181829 0.2022526
vt 0.203203 0.2022526
vt 0.203203 0.2425228
vt 0.1729507 0.2426281
vt 0.1729507 0.2199041
vt 0.1843712 0.2847651
vt 0.19346 0.2933681
vt 0.203203 0.2955353
vt 0.549098 0.13909186
vt 0.5365695 0.13839093
vt 0.5376353 0.1323332
vt 0.56668836 0.13909186
vt 0.5665686 0.13305794
vt 0.6082814 0.12965374
vt 0.6082685 0.13909186
vt 0.6177531 0.13909186
vt 0.5667347 0.12969235
vt 0.6177813 0.12965374
vt 0.6269133 0.13909186
vt 0.6268283 0.12965374
vt 0.63406914 0.12965374
vt 0.63407516 0.13909186
vt 0.648802 0.12965374
vt 0.64883536 0.13909186
vt 0.6568395 0.13909186
vt 0.6675989 0.14273134
vt 0.7046942 0.12965374
vt 0.69894105 0.15300772
vt 0.70454955 0.15289947
vt 0.72334176 0.13924393
vt 0.73375297 0.13924393
vt 0.7337991 0.12965374
vt 0.1330503 0.39353576
vt 0.1330503 0.38319522
vt 0.14099327 0.38319522
vt 0.14099327 0.39353576
vt 0.1330503 0.41552085
vt 0.14099327 0.41552085
vt 0.1330503 0.42099273
vt 0.14099327 0.42099273
vt 0.1334448 0.4523875
vt 0.14076294 0.4531181
vt 0.1334448 0.46338063
vt 0.14074712 0.4639815
vt 0.1334448 0.47106612
vt 0.14079282 0.47155607
vt 0.1334448 0.48542434
vt 0.14124005 0.48551637
vt 0.14119634 0.4920578
vt 0.1334448 0.49529123
vt 0.14132296 0.50066566
vt 0.1334448 0.5079247
vt 0.1413868 0.5099058
vt 0.1334448 0.52002317
vt 0.1313877 0.53243256
vt 0.14124647 0.5484066
vt 0.12402271 0.5482122
vt 0.1200155 0.5649431
vt 0.14088179 0.5648208
vt 0.1167443 0.5572563
vt 0.10854645 0.563272
vt 0.14088179 0.56690556
vt 0.1199308 0.5689558
vt 0.14088179 0.56955886
vt 0.14088179 0.58491576
vt 0.1199308 0.58468705
vt 0.14088179 0.59935147
vt 0.1199308 0.5992665
vt 0.14088179 0.61383176
vt 0.1199308 0.61380166
vt 0.14088179 0.62832963
vt 0.1199308 0.62831926
vt 0.14088179 0.64283395
vt 0.1199308 0.64283043
vt 0.14088179 0.65734047
vt 0.1199308 0.65733933
vt 0.14088179 0.6718479
vt 0.1199308 0.67184746
vt 0.14088179 0.68651646
vt 0.1199308 0.68651634
vt 0.1199308 0.70118505
vt 0.14088179 0.70118517
vt 0.1199308 0.7156929
vt 0.14088179 0.7156929
vt 0.1199308 0.7302005
vt 0.14088179 0.73020065
vt 0.1199308 0.74470824
vt 0.14088179 0.7447085
vt 0.1199308 0.75921583
vt 0.14088179 0.75921637
vt 0.1199308 0.77372307
vt 0.14088179 0.77372444
vt 0.1199308 0.78822994
vt 0.14088179 0.78823316
vt 0.11989313 0.8040515
vt 0.14088179 0.80378056
vt 0.14088179 0.80729854
vt 0.1199308 0.80716336
vt 0.14088179 0.80866474
vt 0.11979721 0.8083907
vt 0.10911435 0.8077632
vt 0.1159419 0.815164
vt 0.1235313 0.82486284
vt 0.14088179 0.8254706
vt 0.1312928 0.84090996
vt 0.14088179 0.86503196
vt 0.1334323 0.85338193
vt 0.1334323 0.86551696
vt 0.14088179 0.87355936
vt 0.1334323 0.87815225
vt 0.14088179 0.88168067
vt 0.1334323 0.88801944
vt 0.14088179 0.88822794
vt 0.14088179 0.90221906
vt 0.1334323 0.90237874
vt 0.14088179 0.9099594
vt 0.1334323 0.91006505
vt 0.14088179 0.9208528
vt 0.1334323 0.92105913
vt 0.14088179 0.95269394
vt 0.1335369 0.95269394
vt 0.14088179 0.9579791
vt 0.1335369 0.9579791
vt 0.14088179 0.97980213
vt 0.1335369 0.97980213
vt 0.14088179 0.9903356
vt 0.1335369 0.9903356
vt 0.60987216 0.20053431
vt 0.5964987 0.20398757
vt 0.59657717 0.20071682
vt 0.6099146 0.20427847
vt 0.6213808 0.21231668
vt 0.6098689 0.20054196
vt 0.59657717 0.20071682
vt 0.5964987 0.20398757
vt 0.6099146 0.20427847
vt 0.6213808 0.21231668
vt 0.39171067 0.14229006
vt 0.38005367 0.14229006
vt 0.37973887 0.1483801
vt 0.39145887 0.1483801
vt 0.4027141 0.1483801
vt 0.40286583 0.14229006
vt 0.4066855 0.14229006
vt 0.4066001 0.1483801
vt 0.4296462 0.1483801
vt 0.42941338 0.14229006
vt 0.44142118 0.1483801
vt 0.44141063 0.14229006
vt 0.45108563 0.14229006
vt 0.4513069 0.1483801
vt 0.45860147 0.1483801
vt 0.4585486 0.14229006
vt 0.4660847 0.1483801
vt 0.46649134 0.14229006
vt 0.47489285 0.14229004
vt 0.47471148 0.1483801
vt 0.48440772 0.14838009
vt 0.48408324 0.14229004
vt 0.49808422 0.14229004
vt 0.49713004 0.14838009
vt 0.5065017 0.14229003
vt 0.5068897 0.1483801
vt 0.5171199 0.14229003
vt 0.5167732 0.1483801
vt 0.5283035 0.14229003
vt 0.5309086 0.14229003
vt 0.5314194 0.1483801
vt 0.6166526 0.164805
vt 0.6041046 0.16483563
vt 0.60425067 0.18100686
vt 0.6166159 0.1810984
vt 0.6344419 0.1810984
vt 0.6295453 0.164805
vt 0.6333868 0.164805
vt 0.6163856 0.1854286
vt 0.60436887 0.18547158
vt 0.6342021 0.1854286
vt 0.6167838 0.1892502
vt 0.6044091 0.18916963
vt 0.6345257 0.1892502
vt 0.6385603 0.1854286
vt 0.6388073 0.1892502
vt 0.639022 0.1810984
vt 0.659216 0.164805
vt 0.6661882 0.1854286
vt 0.6663145 0.1892502
vt 0.6664691 0.1810984
vt 0.6737009 0.164805
vt 0.6849919 0.164805
vt 0.6871767 0.1854286
vt 0.6871762 0.18928243
vt 0.6875088 0.1810984
vt 0.6987465 0.1829192
vt 0.6921294 0.1651598
vt 0.6995732 0.1664644
vt 0.7074119 0.1690387
vt 0.6966801 0.1874464
vt 0.6959442 0.1909704
vt 0.7074505 0.1935164
vt 0.70531875 0.19626154
vt 0.7102104 0.189776
vt 0.7155142 0.1732819
vt 0.7255887 0.1807766
vt 0.7309531 0.1875387
vt 0.7191261 0.2004253
vt 0.7353228 0.1960647
vt 0.7401975 0.2099572
vt 0.7160397 0.2023832
vt 0.71264833 0.20475373
vt 0.7239517 0.2117686
vt 0.7251415 0.2181545
vt 0.720256 0.2130668
vt 0.7166643 0.2141796
vt 0.7221027 0.2205229
vt 0.71948874 0.22710347
vt 0.8265336 0.8133338
vt 0.8325295 0.8017078
vt 0.8265336 0.7858815
vt 0.8325295 0.81339
vt 0.8325295 0.8348005
vt 0.8265336 0.8347876
vt 0.8265336 0.8489136
vt 0.8325295 0.8489146
vt 0.8265336 0.8668838
vt 0.8325295 0.8668742
vt 0.8325295 0.884436
vt 0.8265336 0.8844268
vt 0.8265336 0.9034999
vt 0.8322824 0.903534
vt 0.8322824 0.930235
vt 0.8265336 0.9302683
vt 0.8322824 0.9487521
vt 0.8265336 0.9487878
vt 0.8311976 0.96435785
vt 0.8265336 0.9662141
vt 0.83029526 0.9891767
vt 0.8243756 0.98533064
vt 0.17678334 0.06080896
vt 0.225209 0.060877
vt 0.225215 0.056611
vt 0.17678934 0.056542963
vt 0.171829 0.060802
vt 0.171835 0.056536
vt 0.225221 0.052345
vt 0.17679533 0.052276053
vt 0.171841 0.052269
vt 0.171847 0.048003
vt 0.17680132 0.04800996
vt 0.225227 0.048078
vt 0.225233 0.043812
vt 0.17680733 0.04374396
vt 0.171853 0.043737
vt 0.225239 0.039546
vt 0.17681333 0.039477963
vt 0.171859 0.039471
vt 0.225245 0.03528
vt 0.17681934 0.035211958
vt 0.171865 0.035205
vt 0.225258 0.031013
vt 0.17682599 0.03094496
vt 0.171871 0.030938
vt 0.225264 0.026747
vt 0.17683199 0.02667896
vt 0.171877 0.026672
vt 0.22527 0.02248
vt 0.176838 0.022411961
vt 0.171883 0.022405
vt 0.225276 0.018214
vt 0.17684397 0.01814596
vt 0.171889 0.018139
vt 0.225282 0.013947
vt 0.17684999 0.013878962
vt 0.225288 0.009681
vt 0.171895 0.013872
vt 0.17685598 0.009612962
vt 0.171901 0.009606
vt 0.891621 0.732391
vt 0.891621 0.744082
vt 0.895634 0.744082
vt 0.895634 0.73239
vt 0.899647 0.744082
vt 0.899647 0.73239
vt 0.903663 0.744081
vt 0.903663 0.73239
vt 0.907684 0.744081
vt 0.907665 0.732407
vt 0.911687 0.744081
vt 0.911687 0.732407
vt 0.915698 0.744081
vt 0.915698 0.732407
vt 0.919709 0.744081
vt 0.919709 0.732407
vt 0.92372 0.744081
vt 0.92372 0.732407
vt 0.927732 0.744081
vt 0.927732 0.732407
vt 0.931744 0.744081
vt 0.931744 0.732407
vt 0.935756 0.744081
vt 0.935756 0.732407
vt 0.939766 0.744081
vt 0.939766 0.732407
vt 0.137388 0.134954
vt 0.137363 0.15828
vt 0.146061 0.152403
vt 0.145551 0.134954
vt 0.13787 0.131692
vt 0.153335 0.149838
vt 0.145516 0.131692
vt 0.153581 0.134954
vt 0.156627 0.152346
vt 0.153553 0.131692
vt 0.161623 0.134954
vt 0.161633 0.131692
vt 0.161464 0.171559
vt 0.169697 0.134954
vt 0.169748 0.131692
vt 0.169714 0.195473
vt 0.161434 0.182497
vt 0.161495 0.195473
vt 0.177846 0.195473
vt 0.177812 0.134954
vt 0.177886 0.131692
vt 0.185979 0.195473
vt 0.18592 0.134954
vt 0.186019 0.131692
vt 0.194112 0.195473
vt 0.194055 0.134954
vt 0.194131 0.131692
vt 0.202247 0.195473
vt 0.202169 0.134954
vt 0.202222 0.131692
vt 0.210126 0.189141
vt 0.209791 0.195473
vt 0.210293 0.134954
vt 0.215153 0.170411
vt 0.210276 0.131692
vt 0.218615 0.167591
vt 0.218343 0.134954
vt 0.218268 0.131692
vt 0.22462533 0.16218826
vt 0.226377 0.134954
vt 0.233922 0.157998
vt 0.226219 0.131692
vt 0.234464 0.134954
vt 0.233746 0.131692
vt 0.5462119 0.2109299
vt 0.5422857 0.2035452
vt 0.5422857 0.2109299
vt 0.5462119 0.2035452
vt 0.5501377 0.2109299
vt 0.5501377 0.2035452
vt 0.5540633 0.2109299
vt 0.5540633 0.2035452
vt 0.5579887 0.2109299
vt 0.5579887 0.2035452
vt 0.5619139 0.2109299
vt 0.5619139 0.2035452
vt 0.5658397 0.2109299
vt 0.5658397 0.2035452
vt 0.5697637 0.2109299
vt 0.5697637 0.2035452
vt 0.5737598 0.2107824
vt 0.5736528 0.2035452
vt 0.5775796 0.2107824
vt 0.5775796 0.2035452
vt 0.5814795 0.2107824
vt 0.5814795 0.2035452
vt 0.5853794 0.2107824
vt 0.5853794 0.2035452
vt 0.5892793 0.2107824
vt 0.5892793 0.2035452
vt 0.8361013 0.23531759
vt 0.8379109 0.22792259
vt 0.8361013 0.22792259
vt 0.8379109 0.23531759
vt 0.8361013 0.2427121
vt 0.843524 0.22792259
vt 0.8379109 0.2427121
vt 0.8361013 0.2501066
vt 0.843524 0.23531759
vt 0.84559584 0.22792259
vt 0.84559584 0.23531759
vt 0.843524 0.2427121
vt 0.84559584 0.2427121
vt 0.8379109 0.2501066
vt 0.8361013 0.2575016
vt 0.843524 0.2501066
vt 0.84559584 0.2501066
vt 0.8379109 0.2575016
vt 0.8361013 0.2648951
vt 0.843524 0.2575016
vt 0.84559584 0.2575016
vt 0.8379109 0.2648951
vt 0.8361013 0.2722876
vt 0.843524 0.2648951
vt 0.84559584 0.2648951
vt 0.8379109 0.2722876
vt 0.8361013 0.2796821
vt 0.843524 0.2722876
vt 0.84559584 0.2722876
vt 0.8379109 0.2796821
vt 0.8361013 0.2870756
vt 0.843524 0.2796821
vt 0.84559584 0.2796821
vt 0.8379109 0.2870756
vt 0.8361013 0.2944676
vt 0.843524 0.2870756
vt 0.84559584 0.2870756
vt 0.8379109 0.2944676
vt 0.8361013 0.30185962
vt 0.843524 0.2944676
vt 0.84559584 0.2944676
vt 0.8379109 0.30185962
vt 0.8361013 0.3092516
vt 0.843524 0.30185962
vt 0.84559584 0.30185962
vt 0.8379109 0.3092516
vt 0.8361013 0.3166436
vt 0.8379109 0.3166436
vt 0.843524 0.3092516
vt 0.84559584 0.3092516
vt 0.843524 0.3166436
vt 0.84559584 0.3166436
vt 0.406395 0.2040525
vt 0.406395 0.2104182
vt 0.4118165 0.2104182
vt 0.4118165 0.2040525
vt 0.4172371 0.2104182
vt 0.4172371 0.2040525
vt 0.4226644 0.2104182
vt 0.4226644 0.2040525
vt 0.4280918 0.2104182
vt 0.4280918 0.2040525
vt 0.4335805 0.2102394
vt 0.433478 0.2040525
vt 0.4389111 0.2102394
vt 0.4389111 0.2040525
vt 0.4443123 0.2102394
vt 0.4443123 0.2040525
vt 0.4497132 0.2102394
vt 0.4497132 0.2040525
vt 0.455115 0.2102394
vt 0.455115 0.2040525
vt 0.4605142 0.2102394
vt 0.4605142 0.2040525
vt 0.4659071 0.2102394
vt 0.4659071 0.2040525
vt 0.4712932 0.2102394
vt 0.4712932 0.2040525
vt 0.5315328 0.2038144
vt 0.536734 0.209721
vt 0.536734 0.2038144
vt 0.5315328 0.209721
vt 0.5263318 0.2038144
vt 0.5263318 0.209721
vt 0.5211309 0.2038144
vt 0.5211309 0.209721
vt 0.5159299 0.2038144
vt 0.5159299 0.209721
vt 0.5107309 0.2038144
vt 0.5107309 0.209721
vt 0.5054779 0.2036868
vt 0.5056105 0.209721
vt 0.5002968 0.2036868
vt 0.5002968 0.209721
vt 0.4950761 0.2036868
vt 0.4950761 0.209721
vt 0.4898558 0.2036868
vt 0.4898558 0.209721
vt 0.4846318 0.2036868
vt 0.4846318 0.209721
vt 0.4794036 0.2036868
vt 0.4794036 0.209721
vt 0.4741717 0.2036868
vt 0.4741717 0.209721
vt 0.2696149 0.1422496
vt 0.2658564 0.1357374
vt 0.2593433 0.131978
vt 0.2518237 0.131978
vt 0.2696149 0.14977
vt 0.2453115 0.1357374
vt 0.2658564 0.1562823
vt 0.2415531 0.1422496
vt 0.2593433 0.1600434
vt 0.2415531 0.14977
vt 0.2518237 0.1600407
vt 0.2453115 0.1562823
vt 0.646117 0.292564
vt 0.637973 0.292576
vt 0.646117 0.302527
vt 0.629045 0.302527
vt 0.629045 0.292576
vt 0.629045 0.312429
vt 0.646117 0.312429
vt 0.629045 0.322324
vt 0.646117 0.322324
vt 0.629045 0.332219
vt 0.646117 0.332219
vt 0.629045 0.342105
vt 0.646117 0.342105
vt 0.635264 0.351427
vt 0.629045 0.351427
vt 0.6458411 0.35151833
vt 0.64312685 0.35453534
vt 0.8556595 0.3807619
vt 0.860317 0.3807682
vt 0.860317 0.370056
vt 0.8556595 0.3700587
vt 0.860317 0.3594791
vt 0.8556595 0.3594727
vt 0.860317 0.3488977
vt 0.8556595 0.3488913
vt 0.860317 0.3383162
vt 0.8556595 0.3383108
vt 0.860317 0.3277339
vt 0.8556595 0.3277284
vt 0.8603943 0.31773955
vt 0.8556595 0.3180255
vt 0.766833 0.141318
vt 0.745919 0.131875
vt 0.74593 0.14131
vt 0.76689 0.131911
vt 0.787372 0.14135
vt 0.787386 0.13206
vt 0.807846 0.141381
vt 0.80786 0.132091
vt 0.828321 0.141412
vt 0.828335 0.132122
vt 0.848797 0.141443
vt 0.848811 0.132154
vt 0.869071 0.141474
vt 0.869085 0.132184
vt 0.29028 0.311532
vt 0.305326 0.311566
vt 0.305345 0.303646
vt 0.290297 0.303613
vt 0.305362 0.295809
vt 0.290314 0.295776
vt 0.305379 0.287971
vt 0.290331 0.287939
vt 0.305396 0.280134
vt 0.290347 0.280102
vt 0.305413 0.272297
vt 0.290364 0.272264
vt 0.305429 0.264459
vt 0.290381 0.264427
vt 0.305446 0.256622
vt 0.290398 0.25659
vt 0.305463 0.248785
vt 0.290415 0.248752
vt 0.30548 0.240947
vt 0.290432 0.240915
vt 0.305497 0.233027
vt 0.290449 0.232995
vt 0.290466 0.225075
vt 0.305514 0.225107
vt 0.290483 0.217238
vt 0.305531 0.21727
vt 0.2905 0.2094
vt 0.305548 0.209433
vt 0.290517 0.201563
vt 0.305565 0.201595
vt 0.290534 0.193726
vt 0.305582 0.193758
vt 0.290551 0.185888
vt 0.305599 0.185921
vt 0.290567 0.178051
vt 0.305616 0.178083
vt 0.290584 0.170214
vt 0.305633 0.170246
vt 0.290601 0.162376
vt 0.305649 0.162409
vt 0.290618 0.154456
vt 0.305667 0.154489
vt 0.3633076 0.1681817
vt 0.3581439 0.1644493
vt 0.3587463 0.1666375
vt 0.3626622 0.1567596
vt 0.3555611 0.1614862
vt 0.3505048 0.1601229
vt 0.3505048 0.1567596
vt 0.3738575 0.1682344
vt 0.3710211 0.1708543
vt 0.3738575 0.1567596
vt 0.38659322 0.1682344
vt 0.38659322 0.1567596
vt 0.39891866 0.1682344
vt 0.39891866 0.1567596
vt 0.41126254 0.1682344
vt 0.41126254 0.1567596
vt 0.42363822 0.1682344
vt 0.42363822 0.1567596
vt 0.4360469 0.1682344
vt 0.4360469 0.1567596
vt 0.44848424 0.1682344
vt 0.44848424 0.1567596
vt 0.46094143 0.1682344
vt 0.46094143 0.1567596
vt 0.4735395 0.1567596
vt 0.4735395 0.1682344
vt 0.486138 0.1682344
vt 0.486138 0.1567596
vt 0.4985942 0.1567596
vt 0.4985942 0.1682344
vt 0.5110309 0.1567596
vt 0.5110309 0.1682344
vt 0.52343935 0.1567596
vt 0.52343935 0.1682344
vt 0.53581476 0.1567596
vt 0.53581476 0.1682344
vt 0.5481579 0.1567596
vt 0.5481579 0.1682344
vt 0.56047976 0.1567596
vt 0.56047976 0.1682344
vt 0.57320344 0.1567596
vt 0.5753195 0.1681466
vt 0.5843903 0.1567596
vt 0.5837596 0.1683503
vt 0.5757575 0.1707034
vt 0.5889274 0.1644673
vt 0.5883609 0.1666698
vt 0.5914876 0.161476
vt 0.5965493 0.1601214
vt 0.5965493 0.1567596
vt 0.6514363 0.2734748
vt 0.6398043 0.2825978
vt 0.6514163 0.2826228
vt 0.6428432 0.27166677
vt 0.6327938 0.2786374
vt 0.6440153 0.2679398
vt 0.6514483 0.2679558
vt 0.64232624 0.27080736
vt 0.6403963 0.2675988
vt 0.6427163 0.2669268
vt 0.6427393 0.2562868
vt 0.6404523 0.2450218
vt 0.6427623 0.2456158
vt 0.6439843 0.2445478
vt 0.6399613 0.2390328
vt 0.6514133 0.2390038
vt 0.6514013 0.2445638
vt 0.6402153 0.2296588
vt 0.6514333 0.2296828
vt 0.625391 0.23664747
vt 0.6392163 0.2452238
vt 0.6304063 0.2451888
vt 0.6338893 0.2509968
vt 0.6381523 0.2666208
vt 0.6300373 0.2533298
vt 0.8481698 0.8143891
vt 0.8411198 0.8143761
vt 0.8411198 0.8367191
vt 0.8481698 0.8368591
vt 0.8411198 0.8685331
vt 0.8481698 0.8685401
vt 0.8481698 0.8911751
vt 0.8411198 0.8911531
vt 0.8411198 0.9118741
vt 0.8481698 0.9118781
vt 0.8481698 0.9330931
vt 0.8411198 0.9331001
vt 0.8481698 0.9497511
vt 0.8410248 0.9498051
vt 0.8410248 0.9752861
vt 0.8481698 0.9747041
vt 0.8481698 0.9821011
vt 0.8410248 0.9896711
vt 0.84539163 0.795384
vt 0.8411198 0.7936291
vt 0.8411198 0.8143761
vt 0.8481698 0.8143891
vt 0.07323408 0.1301887
vt 0.066753805 0.124838
vt 0.066753864 0.1277941
vt 0.07323402 0.1236707
vt 0.07323402 0.11676268
vt 0.066753864 0.11621192
vt 0.07323408 0.1089678
vt 0.066753864 0.10942234
vt 0.07323402 0.09896743
vt 0.066753805 0.09896721
vt 0.066753864 0.09099753
vt 0.07323402 0.09149565
vt 0.07323408 0.08496423
vt 0.066753805 0.08505673
vt 0.066753864 0.078287676
vt 0.07323408 0.0784933
vt 0.066753805 0.07244844
vt 0.07323402 0.07221198
vt 0.07323408 0.063774385
vt 0.066753745 0.0637278
vt 0.066753745 0.052407786
vt 0.07323402 0.052440435
vt 0.066753745 0.03688906
vt 0.07323408 0.036783487
vt 0.07323408 0.033008054
vt 0.066753745 0.033170193
vt 0.066753805 0.022664428
vt 0.07323408 0.022505254
vt 0.07323402 0.011978611
vt 0.066753805 0.011978611
vt 0.878309 0.163311
vt 0.890063 0.179564
vt 0.890063 0.163311
vt 0.878318 0.179564
vt 0.861654 0.179564
vt 0.866446 0.163311
vt 0.86297 0.163311
vt 0.878498 0.183733
vt 0.890063 0.183733
vt 0.861879 0.183733
vt 0.878085 0.187289
vt 0.890063 0.187289
vt 0.86152 0.187289
vt 0.857875 0.183733
vt 0.85763 0.187289
vt 0.857499 0.179564
vt 0.838571 0.163311
vt 0.832177 0.183733
vt 0.832082 0.187289
vt 0.831886 0.179564
vt 0.824682 0.163311
vt 0.813811 0.164861
vt 0.812977 0.183733
vt 0.81350905 0.1872913
vt 0.812452 0.179564
vt 0.802349 0.182528
vt 0.806882 0.1654
vt 0.799809 0.16729
vt 0.792622 0.170718
vt 0.804769 0.186513
vt 0.805796 0.189532
vt 0.796004 0.193629
vt 0.7986701 0.19535196
vt 0.792827 0.190543
vt 0.785978 0.202348
vt 0.785526 0.175859
vt 0.777171 0.184459
vt 0.77323 0.191622
vt 0.770552 0.200179
vt 0.7700796 0.20741837
vt 0.7755183 0.21127416
vt 0.789511 0.204382
vt 0.7930011 0.20538205
vt 0.783093 0.213525
vt 0.787287 0.214726
vt 0.790446 0.215017
vt 0.78123 0.22751398
vt 0.77481985 0.21194644
vt 0.768115 0.2184
vt 0.785726 0.228017
vt 0.78895956 0.22800595
vt 0.785964 0.236136
vt 0.765927 0.224195
vt 0.763908 0.221623
vt 0.777817 0.33493
vt 0.767709 0.33493
vt 0.75942 0.228745
vt 0.759619 0.33493
vt 0.753463 0.232851
vt 0.777623 0.343866
vt 0.742593 0.236276
vt 0.751464 0.230088
vt 0.743221 0.33493
vt 0.735057 0.241566
vt 0.735121 0.33493
vt 0.725007 0.33493
vt 0.720773 0.250223
vt 0.725241 0.344086
vt 0.78221 0.351359
vt 0.7850513 0.26009864
vt 0.78569454 0.3522008
vt 0.788887 0.260888
vt 0.788887 0.244537
vt 0.767642 0.351359
vt 0.767687 0.343866
vt 0.759632 0.343866
vt 0.759632 0.379954
vt 0.759632 0.396568
vt 0.767642 0.484209
vt 0.759632 0.48064515
vt 0.75164795 0.5024698
vt 0.751617 0.49054
vt 0.743422 0.4807065
vt 0.73538 0.48425
vt 0.743422 0.396696
vt 0.73538 0.351561
vt 0.743422 0.380102
vt 0.743422 0.344086
vt 0.735262 0.344086
vt 0.720737 0.351561
vt 0.71638757 0.26079205
vt 0.71699977 0.35210115
vt 0.717263 0.25051
vt 0.713536 0.245147
vt 0.713536 0.261344
vt 0.957316 0.632345
vt 0.936148 0.437459
vt 0.936148 0.658969
vt 0.957321 0.412591
vt 0.978489 0.437481
vt 0.978489 0.659025
vt 0.928283 0.768193
vt 0.939357 0.749211
vt 0.928283 0.749211
vt 0.939357 0.768193
vt 0.939357 0.771308
vt 0.928283 0.771308
vt 0.928283 0.772934
vt 0.93936 0.772934
vt 0.928283 0.797764
vt 0.93936 0.797764
vt 0.93936 0.799391
vt 0.928283 0.799391
vt 0.928283 0.802505
vt 0.93936 0.802505
vt 0.93936 0.821488
vt 0.928283 0.821488
vt 0.706262 0.278667
vt 0.703574 0.27241
vt 0.706262 0.290362
vt 0.706262 0.268716
vt 0.699066 0.27117
vt 0.700219 0.272413
vt 0.699066 0.247211
vt 0.706262 0.249649
vt 0.700191 0.245964
vt 0.703546 0.245961
vt 0.706262 0.239692
vt 0.706262 0.227984
vt 0.68758 0.289992
vt 0.690706 0.27243
vt 0.68758 0.278642
vt 0.68885 0.267924
vt 0.68758 0.268705
vt 0.691465 0.267141
vt 0.693558 0.27244
vt 0.694495 0.271215
vt 0.691465 0.251149
vt 0.694559 0.246715
vt 0.693637 0.245455
vt 0.690542 0.245444
vt 0.689056 0.249881
vt 0.687516 0.249113
vt 0.687516 0.239208
vt 0.687516 0.227841
vt 0.959237 0.732999
vt 0.950766 0.732999
vt 0.950765 0.757729
vt 0.959237 0.757731
vt 0.950765 0.776968
vt 0.959237 0.776968
vt 0.959237 0.796206
vt 0.950765 0.796206
vt 0.959237 0.820938
vt 0.950765 0.820938
vt 0.212082 0.287001
vt 0.211867 0.335586
vt 0.22003 0.325895
vt 0.230764 0.310692
vt 0.233893 0.287134
vt 0.231006 0.263517
vt 0.220392 0.248176
vt 0.212296 0.238397
vt 0.677176 0.284459
vt 0.659376 0.290577
vt 0.677161 0.290619
vt 0.659289 0.284276
vt 0.655338 0.290567
vt 0.655353 0.284266
vt 0.65538 0.272957
vt 0.659316 0.272966
vt 0.677203 0.273009
vt 0.677237 0.25908
vt 0.65935 0.259037
vt 0.655413 0.259028
vt 0.655447 0.245104
vt 0.659383 0.245114
vt 0.67727 0.245156
vt 0.677297 0.233789
vt 0.65941 0.233747
vt 0.655474 0.233738
vt 0.655489 0.227488
vt 0.659425 0.227498
vt 0.677312 0.22754
vt 0.6022325 0.1838749
vt 0.6014596 0.1810528
vt 0.5894529 0.1810528
vt 0.5953117 0.18678981
vt 0.5929468 0.19231012
vt 0.5786617 0.1923324
vt 0.5786617 0.1810528
vt 0.56614846 0.1810528
vt 0.5817292 0.1950159
vt 0.5816512 0.196279
vt 0.56614846 0.1923324
vt 0.5540347 0.1810528
vt 0.5540347 0.1923324
vt 0.54190356 0.1810528
vt 0.54190356 0.1923324
vt 0.5297414 0.1810528
vt 0.5297414 0.1923324
vt 0.51754725 0.1810528
vt 0.51754725 0.1923324
vt 0.50532526 0.1810528
vt 0.50532526 0.1923324
vt 0.49308375 0.1810528
vt 0.49308375 0.1923324
vt 0.4807027 0.1810528
vt 0.4807027 0.1923324
vt 0.4683217 0.1923324
vt 0.4683217 0.1810528
vt 0.45608073 0.1923324
vt 0.45608073 0.1810528
vt 0.44385892 0.1923324
vt 0.44385892 0.1810528
vt 0.4316648 0.1923324
vt 0.4316648 0.1810528
vt 0.4195028 0.1923324
vt 0.4195028 0.1810528
vt 0.40737164 0.1923324
vt 0.40737164 0.1810528
vt 0.3952582 0.1923324
vt 0.3952582 0.1810528
vt 0.38274598 0.1923324
vt 0.38274598 0.1810528
vt 0.3719414 0.1810528
vt 0.36850208 0.19223483
vt 0.380067 0.1942748
vt 0.3797738 0.1962836
vt 0.3659582 0.1865176
vt 0.35913152 0.18384156
vt 0.3599364 0.1810528
vt 0.08441298 0.7404179
vt 0.084685884 0.9905387
vt 0.09174 0.992132
vt 0.09174 0.738933
vt 0.09067045 0.7089074
vt 0.09035246 0.6930412
vt 0.12096117 0.10381944
vt 0.121895 0.109687
vt 0.151776 0.109687
vt 0.15260686 0.10330965
vt 0.756894 0.196576
vt 0.755988 0.189179
vt 0.753705 0.19655
vt 0.756894 0.220869
vt 0.75358 0.22073
vt 0.095672 0.33884
vt 0.095672 0.372537
vt 0.128808 0.372537
vt 0.128808 0.33884
vt 0.112194 0.318528
vt 0.0860309 0.6456616
vt 0.09174 0.393898
vt 0.08566851 0.3948235
vt 0.09174 0.647188
vt 0.09073932 0.6771939
vt 0.09035246 0.6930412
vt 0.7734984 0.5435928
vt 0.7735956 0.52112633
vt 0.769719 0.521148
vt 0.769719 0.543353
vt 0.787837 0.511428
vt 0.773457 0.511371
vt 0.778988 0.513228
vt 0.782972 0.515005
vt 0.782838 0.548572
vt 0.787672 0.552869
vt 0.778669 0.550934
vt 0.773186 0.552811
vt 0.712809 0.343913
vt 0.712809 0.301167
vt 0.71017 0.301162
vt 0.710572 0.343907
vt 0.707939 0.301155
vt 0.707849 0.343878
vt 0.692096 0.343878
vt 0.692304 0.301119
vt 0.690273 0.301114
vt 0.689485 0.343849
vt 0.687499 0.301108
vt 0.687499 0.343844
vt 0.84117436 0.7808483
vt 0.8411198 0.7936291
vt 0.84539163 0.795384
vt 0.8457631 0.7807745
vt 0.171291 0.121599
vt 0.161092 0.103647
vt 0.161092 0.121599
vt 0.17129426 0.098565735
vt 0.181525 0.121599
vt 0.18152508 0.09895664
vt 0.191758 0.121599
vt 0.19175857 0.09847817
vt 0.201991 0.121599
vt 0.20199525 0.09883918
vt 0.212224 0.121599
vt 0.1815251 0.096991934
vt 0.1917586 0.09699214
vt 0.17128141 0.097003594
vt 0.2019956 0.0969946
vt 0.16095565 0.098278485
vt 0.1609236 0.09701605
vt 0.15685813 0.0969837
vt 0.15684903 0.09815544
vt 0.156815 0.10253
vt 0.21224695 0.098494224
vt 0.21225975 0.097014815
vt 0.222619 0.112788
vt 0.222619 0.121599
vt 0.22261897 0.09848017
vt 0.22261897 0.096997716
vt 0.22532883 0.09848096
vt 0.22561112 0.09699058
vt 0.75807804 0.152993
vt 0.7746137 0.15287505
vt 0.7739284 0.14909662
vt 0.77152044 0.16525511
vt 0.72865653 0.16584504
vt 0.7468221 0.1534776
vt 0.7378392 0.17477863
vt 0.76258695 0.17443812
vt 0.75025886 0.17792389
vt 0.7251048 0.1535529
vt 0.7264669 0.14862888
vt 0.7472917 0.1494631
vt 0.32577878 0.14460002
vt 0.325833 0.130997
vt 0.317613 0.13098
vt 0.31758058 0.1444286
vt 0.309531 0.130963
vt 0.30950195 0.14445312
vt 0.300523 0.130944
vt 0.30049488 0.14443958
vt 0.29148763 0.14442201
vt 0.291516 0.130925
vt 0.28340542 0.14435475
vt 0.283434 0.130908
vt 0.27520707 0.14446637
vt 0.275226 0.130891
vt 0.8373078 0.38042533
vt 0.84526706 0.38042533
vt 0.84526706 0.3728976
vt 0.8373078 0.3728976
vt 0.84526706 0.36342946
vt 0.8373078 0.36342946
vt 0.84526706 0.35192966
vt 0.8373078 0.35192966
vt 0.8373078 0.34044185
vt 0.84526706 0.34044185
vt 0.8373078 0.33091486
vt 0.84526706 0.33091486
vt 0.8373078 0.3239043
vt 0.84526706 0.3239043
vt 0.151587 0.090786
vt 0.16316 0.090804
vt 0.163178 0.079377
vt 0.151593 0.087055
vt 0.14134668 0.0871059
vt 0.141366 0.078994
vt 0.163199 0.065841
vt 0.141366 0.065806
vt 0.163225 0.04969
vt 0.141366 0.049656
vt 0.141366 0.033505
vt 0.163251 0.03354
vt 0.141366 0.020146
vt 0.163272 0.020181
vt 0.141366 0.012278
vt 0.151799 0.012295
vt 0.151804 0.008615
vt 0.16329 0.008633
vt 0.53606355 0.1449169
vt 0.53619754 0.1486849
vt 0.5467266 0.1487069
vt 0.54644054 0.1449389
vt 0.55841154 0.1487319
vt 0.55802757 0.14496191
vt 0.57288957 0.1487319
vt 0.57290155 0.1449929
vt 0.58779156 0.1450239
vt 0.5873406 0.1487619
vt 0.59931254 0.1450479
vt 0.59901357 0.1487859
vt 0.6096806 0.1450699
vt 0.60954356 0.1488079
vt 0.85951227 0.7714
vt 0.858353 0.7714
vt 0.858353 0.788322
vt 0.85951227 0.7883219
vt 0.884414 0.7714
vt 0.858353 0.807293
vt 0.884414 0.788321
vt 0.85951227 0.80729306
vt 0.884415 0.807293
vt 0.858353 0.830664
vt 0.8595123 0.830664
vt 0.884416 0.830663
vt 0.884416 0.854033
vt 0.8595132 0.854033
vt 0.858354 0.854033
vt 0.884416 0.873004
vt 0.8595132 0.873005
vt 0.884417 0.889926
vt 0.858354 0.873005
vt 0.85951424 0.88992697
vt 0.858355 0.889927
vt 0.062314503 0.1800085
vt 0.0785195 0.1800085
vt 0.0785195 0.17382
vt 0.062314503 0.17382
vt 0.0785195 0.1665705
vt 0.062314503 0.1665705
vt 0.0785195 0.157606
vt 0.062314503 0.157606
vt 0.062314503 0.14880899
vt 0.0785195 0.14880899
vt 0.062314503 0.1416375
vt 0.0785195 0.1416375
vt 0.062314503 0.1355385
vt 0.0785195 0.1355385
vt 0.32577878 0.14460002
vt 0.325833 0.130997
vt 0.317613 0.13098
vt 0.31758058 0.1444286
vt 0.309531 0.130963
vt 0.30950195 0.14445312
vt 0.300523 0.130944
vt 0.30049488 0.14443958
vt 0.29148763 0.14442201
vt 0.291516 0.130925
vt 0.28340542 0.14435475
vt 0.283434 0.130908
vt 0.27520707 0.14446637
vt 0.275226 0.130891
vt 0.8373078 0.38042533
vt 0.84526706 0.38042533
vt 0.84526706 0.3728976
vt 0.8373078 0.3728976
vt 0.84526706 0.36342946
vt 0.8373078 0.36342946
vt 0.84526706 0.35192966
vt 0.8373078 0.35192966
vt 0.8373078 0.34044185
vt 0.84526706 0.34044185
vt 0.8373078 0.33091486
vt 0.84526706 0.33091486
vt 0.8373078 0.3239043
vt 0.84526706 0.3239043
vt 0.151587 0.090786
vt 0.16316 0.090804
vt 0.163178 0.079377
vt 0.151593 0.087055
vt 0.14134668 0.0871059
vt 0.141366 0.078994
vt 0.163199 0.065841
vt 0.141366 0.065806
vt 0.163225 0.04969
vt 0.141366 0.049656
vt 0.141366 0.033505
vt 0.163251 0.03354
vt 0.141366 0.020146
vt 0.163272 0.020181
vt 0.141366 0.012278
vt 0.151799 0.012295
vt 0.151804 0.008615
vt 0.16329 0.008633
vt 0.53606355 0.1449169
vt 0.53619754 0.1486849
vt 0.5467266 0.1487069
vt 0.54644054 0.1449389
vt 0.55841154 0.1487319
vt 0.55802757 0.14496191
vt 0.57288957 0.1487319
vt 0.57290155 0.1449929
vt 0.58779156 0.1450239
vt 0.5873406 0.1487619
vt 0.59931254 0.1450479
vt 0.59901357 0.1487859
vt 0.6096806 0.1450699
vt 0.60954356 0.1488079
vt 0.85951227 0.7714
vt 0.858353 0.7714
vt 0.858353 0.788322
vt 0.85951227 0.7883219
vt 0.884414 0.7714
vt 0.858353 0.807293
vt 0.884414 0.788321
vt 0.85951227 0.80729306
vt 0.884415 0.807293
vt 0.858353 0.830664
vt 0.8595123 0.830664
vt 0.884416 0.830663
vt 0.884416 0.854033
vt 0.8595132 0.854033
vt 0.858354 0.854033
vt 0.884416 0.873004
vt 0.8595132 0.873005
vt 0.884417 0.889926
vt 0.858354 0.873005
vt 0.85951424 0.88992697
vt 0.858355 0.889927
vt 0.062314503 0.1800085
vt 0.0785195 0.1800085
vt 0.0785195 0.17382
vt 0.062314503 0.17382
vt 0.0785195 0.1665705
vt 0.062314503 0.1665705
vt 0.0785195 0.157606
vt 0.062314503 0.157606
vt 0.062314503 0.14880899
vt 0.0785195 0.14880899
vt 0.062314503 0.1416375
vt 0.0785195 0.1416375
vt 0.062314503 0.1355385
vt 0.0785195 0.1355385
vt 0.4174439 0.21933416
vt 0.39015347 0.21933313
vt 0.408695 0.216961
vt 0.402628 0.212089
vt 0.3979071 0.20924473
vt 0.389844 0.20896
vt 0.398981 0.206201
vt 0.397877 0.200394
vt 0.862979 0.31245992
vt 0.8539226 0.31307536
vt 0.853955 0.287511
vt 0.863055 0.28754
vt 0.854025 0.26558
vt 0.863125 0.265609
vt 0.854089 0.245564
vt 0.863188 0.245593
vt 0.854141 0.228976
vt 0.863241 0.229005
vt 0.4174439 0.21933416
vt 0.408695 0.216961
vt 0.39015347 0.21933313
vt 0.402628 0.212089
vt 0.3979071 0.20924473
vt 0.389844 0.20896
vt 0.398981 0.206201
vt 0.397877 0.200394
vt 0.862979 0.31245992
vt 0.853955 0.287511
vt 0.8539226 0.31307536
vt 0.863055 0.28754
vt 0.854025 0.26558
vt 0.863125 0.265609
vt 0.854089 0.245564
vt 0.863188 0.245593
vt 0.854141 0.228976
vt 0.863241 0.229005
vt 0.41726103 0.21933731
vt 0.408695 0.216961
vt 0.39008945 0.21935144
vt 0.402628 0.212089
vt 0.3979071 0.20924473
vt 0.389844 0.20896
vt 0.398981 0.206201
vt 0.397877 0.200394
vt 0.8629773 0.31299022
vt 0.853955 0.287511
vt 0.85517836 0.31254843
vt 0.863055 0.28754
vt 0.854025 0.26558
vt 0.863125 0.265609
vt 0.854089 0.245564
vt 0.863188 0.245593
vt 0.854141 0.228976
vt 0.863241 0.229005
vt 0.41726103 0.21933731
vt 0.39008945 0.21935144
vt 0.408695 0.216961
vt 0.402628 0.212089
vt 0.3979071 0.20924473
vt 0.389844 0.20896
vt 0.398981 0.206201
vt 0.397877 0.200394
vt 0.8629773 0.31299022
vt 0.85517836 0.31254843
vt 0.853955 0.287511
vt 0.863055 0.28754
vt 0.854025 0.26558
vt 0.863125 0.265609
vt 0.854089 0.245564
vt 0.863188 0.245593
vt 0.854141 0.228976
vt 0.863241 0.229005
vt 0.267485 0.00727
vt 0.234113 0.00727
vt 0.234113 0.02178
vt 0.267485 0.02178
vt 0.312363 0.00727
vt 0.234113 0.036291
vt 0.312363 0.02178
vt 0.35795 0.00727
vt 0.267485 0.036291
vt 0.234113 0.050802
vt 0.35795 0.02178
vt 0.403536 0.00727
vt 0.267485 0.050802
vt 0.234113 0.065313
vt 0.312363 0.036291
vt 0.403536 0.02178
vt 0.449122 0.00727
vt 0.267485 0.065313
vt 0.234113 0.08081
vt 0.35795 0.036291
vt 0.312363 0.050802
vt 0.449122 0.02178
vt 0.494709 0.00727
vt 0.266453 0.079803
vt 0.234113 0.096308
vt 0.312363 0.065313
vt 0.403536 0.036291
vt 0.35795 0.050802
vt 0.494709 0.02178
vt 0.540296 0.00727
vt 0.26542 0.094293
vt 0.234113 0.10984
vt 0.312363 0.079803
vt 0.35795 0.065313
vt 0.449122 0.036291
vt 0.403536 0.050802
vt 0.540296 0.02178
vt 0.585882 0.00727
vt 0.26542 0.108833
vt 0.234113 0.123373
vt 0.26542 0.123373
vt 0.494709 0.036291
vt 0.449122 0.050802
vt 0.403536 0.065313
vt 0.585882 0.02178
vt 0.631469 0.00727
vt 0.312363 0.094293
vt 0.312363 0.108833
vt 0.312363 0.123373
vt 0.35795 0.079803
vt 0.35795 0.108833
vt 0.35795 0.123373
vt 0.35795 0.094293
vt 0.403536 0.079803
vt 0.403536 0.108833
vt 0.403536 0.123373
vt 0.403536 0.094293
vt 0.449122 0.065313
vt 0.449122 0.108833
vt 0.449122 0.123373
vt 0.449122 0.094293
vt 0.449122 0.079803
vt 0.494709 0.050802
vt 0.494709 0.108833
vt 0.494709 0.123373
vt 0.494709 0.094293
vt 0.494709 0.065313
vt 0.494709 0.079803
vt 0.540296 0.036291
vt 0.540296 0.108833
vt 0.540296 0.123373
vt 0.540296 0.094293
vt 0.540296 0.079803
vt 0.540296 0.065313
vt 0.540296 0.050802
vt 0.585882 0.036291
vt 0.585882 0.108833
vt 0.585882 0.123373
vt 0.585882 0.094293
vt 0.585882 0.079803
vt 0.585882 0.065313
vt 0.585882 0.050802
vt 0.631469 0.02178
vt 0.677055 0.00727
vt 0.631469 0.108833
vt 0.631469 0.123373
vt 0.631469 0.094293
vt 0.631469 0.079803
vt 0.631469 0.065313
vt 0.631469 0.036291
vt 0.677055 0.02178
vt 0.722642 0.00727
vt 0.631469 0.050802
vt 0.722642 0.02178
vt 0.768228 0.00727
vt 0.677055 0.036291
vt 0.677055 0.050802
vt 0.677055 0.065313
vt 0.768228 0.02178
vt 0.813815 0.00727
vt 0.722642 0.036291
vt 0.813815 0.02178
vt 0.859401 0.00727
vt 0.722642 0.050802
vt 0.768228 0.036291
vt 0.677055 0.079803
vt 0.859401 0.02178
vt 0.890812 0.00727
vt 0.890812 0.02178
vt 0.722642 0.065313
vt 0.813815 0.036291
vt 0.859401 0.036291
vt 0.890812 0.036291
vt 0.768228 0.050802
vt 0.677055 0.094293
vt 0.813815 0.050802
vt 0.859401 0.050802
vt 0.890812 0.050802
vt 0.722642 0.079803
vt 0.768228 0.065313
vt 0.677055 0.108833
vt 0.677055 0.123373
vt 0.859401 0.065313
vt 0.890812 0.065313
vt 0.813815 0.065313
vt 0.768228 0.079803
vt 0.722642 0.094293
vt 0.722642 0.108833
vt 0.722642 0.123373
vt 0.859401 0.079803
vt 0.890812 0.079803
vt 0.813815 0.079803
vt 0.768228 0.094293
vt 0.768228 0.108833
vt 0.768228 0.123373
vt 0.813815 0.094293
vt 0.859401 0.094293
vt 0.890812 0.094293
vt 0.813815 0.108833
vt 0.813815 0.123373
vt 0.859401 0.108833
vt 0.890812 0.108833
vt 0.859401 0.123373
vt 0.890812 0.123373
vt 0.36693764 0.3150199
vt 0.374324 0.315181
vt 0.365848 0.310286
vt 0.383706 0.312383
vt 0.383416 0.237793
vt 0.3815492 0.3167338
vt 0.36693764 0.3150199
vt 0.365848 0.310286
vt 0.374324 0.315181
vt 0.383706 0.312383
vt 0.383416 0.237793
vt 0.3815492 0.3167338
vt 0.093842 0.012756
vt 0.091297 0.032477
vt 0.095799 0.032544
vt 0.09675 0.051455
vt 0.089784 0.051352
vt 0.096907 0.071362
vt 0.089035 0.071245
vt 0.0965 0.088873
vt 0.08892 0.08876
vt 0.09495 0.110266
vt 0.089834 0.11019
vt 0.092125 0.128146
vt 0.093842 0.012756
vt 0.095799 0.032544
vt 0.091297 0.032477
vt 0.09675 0.051455
vt 0.089784 0.051352
vt 0.096907 0.071362
vt 0.089035 0.071245
vt 0.0965 0.088873
vt 0.08892 0.08876
vt 0.09495 0.110266
vt 0.089834 0.11019
vt 0.092125 0.128146
vt 0.392227 0.222828
vt 0.390201 0.990117
vt 0.45328972 0.990117
vt 0.45295 0.222828
vt 0.458044 0.990117
vt 0.458044 0.222828
vt 0.932878 0.99033
vt 0.897631 0.826756
vt 0.897631 0.99033
vt 0.932904 0.826756
vt 0.951066 0.826756
vt 0.951066 0.99033
vt 0.986339 0.826756
vt 0.986339 0.99033
vt 0.319416 0.162806
vt 0.382916 0.222816
vt 0.382916 0.205614
vt 0.36897 0.239744
vt 0.35777 0.263173
vt 0.355024 0.284227
vt 0.319416 0.328831
vt 0.357974 0.308297
vt 0.366005 0.329447
vt 0.379558 0.348002
vt 0.3169004 0.32183164
vt 0.31643504 0.16041674
vt 0.313515 0.323641
vt 0.308815 0.821229
vt 0.379558 0.8207
vt 0.308815 0.328831
vt 0.30231 0.325767
vt 0.30231 0.821233
vt 0.308815 0.988382
vt 0.379558 0.988382
vt 0.30231 0.988382
vt 0.544498 0.220635
vt 0.543651 0.988737
vt 0.57495 0.988737
vt 0.577413 0.220672
vt 0.591067 0.988737
vt 0.59009 0.220686
vt 0.622261 0.988737
vt 0.623109 0.220722
vt 0.824673 0.366073
vt 0.8233411 0.35858437
vt 0.7928462 0.35892755
vt 0.8141 0.366226
vt 0.79338425 0.61810917
vt 0.814101 0.916146
vt 0.7720731 0.6427747
vt 0.772795 0.916426
vt 0.76326674 0.6541185
vt 0.751379 0.916429
vt 0.75262207 0.64142674
vt 0.710077 0.916148
vt 0.7314448 0.6169242
vt 0.710076 0.366137
vt 0.7316447 0.3587627
vt 0.699505 0.365979
vt 0.70081943 0.35851935
vt 0.475036 0.222828
vt 0.533328 0.990304
vt 0.533328 0.222828
vt 0.475003 0.990304
vt 0.469912 0.222828
vt 0.469912 0.990304
vt 0.277074 0.162711
vt 0.213589 0.205562
vt 0.213589 0.222766
vt 0.227553 0.239672
vt 0.238766 0.263073
vt 0.241511 0.284116
vt 0.277074 0.32877
vt 0.238519 0.308126
vt 0.230456 0.329288
vt 0.216927 0.347828
vt 0.27953002 0.32180148
vt 0.27960318 0.16128667
vt 0.283006 0.323594
vt 0.287673 0.82113
vt 0.216927 0.820594
vt 0.287673 0.32877
vt 0.294178 0.325722
vt 0.294178 0.821134
vt 0.287673 0.988281
vt 0.216927 0.988281
vt 0.29548955 0.988281
vt 0.629992 0.420495
vt 0.627975 0.988961
vt 0.658846 0.98907
vt 0.662349 0.413971
vt 0.670867 0.989113
vt 0.667023 0.400964
vt 0.667343 0.300585
vt 0.703851 0.420675
vt 0.671614 0.41403
vt 0.701832 0.989223
vt 0.146509 0.366036
vt 0.146509 0.989705
vt 0.151605 0.989705
vt 0.151605 0.365551
vt 0.206452 0.989705
vt 0.206452 0.373379
vt 0.11239 0.238198
vt 0.112375 0.101617
vt 0.112375 0.231393
vt 0.073306 0.365972
vt 0.078404 0.366439
vt 0.078404 0.99023
vt 0.018448 0.374002
vt 0.073306 0.99023
vt 0.018448 0.99023
vt 0.392227 0.222828
vt 0.390201 0.990117
vt 0.45328972 0.990117
vt 0.45295 0.222828
vt 0.458044 0.990117
vt 0.458044 0.222828
vt 0.932878 0.99033
vt 0.897631 0.826756
vt 0.897631 0.99033
vt 0.932904 0.826756
vt 0.951066 0.826756
vt 0.951066 0.99033
vt 0.986339 0.826756
vt 0.986339 0.99033
vt 0.319416 0.162806
vt 0.382916 0.222816
vt 0.382916 0.205614
vt 0.36897 0.239744
vt 0.35777 0.263173
vt 0.355024 0.284227
vt 0.319416 0.328831
vt 0.357974 0.308297
vt 0.366005 0.329447
vt 0.379558 0.348002
vt 0.3169004 0.32183164
vt 0.31643504 0.16041674
vt 0.313515 0.323641
vt 0.308815 0.821229
vt 0.379558 0.8207
vt 0.308815 0.328831
vt 0.30231 0.325767
vt 0.30231 0.821233
vt 0.308815 0.988382
vt 0.379558 0.988382
vt 0.30231 0.988382
vt 0.544498 0.220635
vt 0.543651 0.988737
vt 0.57495 0.988737
vt 0.577413 0.220672
vt 0.591067 0.988737
vt 0.59009 0.220686
vt 0.622261 0.988737
vt 0.623109 0.220722
vt 0.824673 0.366073
vt 0.82337093 0.35879758
vt 0.79293 0.35952598
vt 0.8141 0.366226
vt 0.7935672 0.6190473
vt 0.814101 0.916146
vt 0.77210146 0.64271414
vt 0.772795 0.916426
vt 0.76319075 0.6542808
vt 0.751379 0.916429
vt 0.7525227 0.6416389
vt 0.710077 0.916148
vt 0.7310488 0.6174579
vt 0.710076 0.366137
vt 0.7316447 0.3587627
vt 0.699505 0.365979
vt 0.70081943 0.35851935
vt 0.475036 0.222828
vt 0.533328 0.990304
vt 0.533328 0.222828
vt 0.475003 0.990304
vt 0.469912 0.222828
vt 0.469912 0.990304
vt 0.277074 0.162711
vt 0.213589 0.205562
vt 0.213589 0.222766
vt 0.227553 0.239672
vt 0.238766 0.263073
vt 0.241511 0.284116
vt 0.277074 0.32877
vt 0.238519 0.308126
vt 0.230456 0.329288
vt 0.216927 0.347828
vt 0.27953002 0.32180148
vt 0.27960318 0.16128667
vt 0.283006 0.323594
vt 0.287673 0.82113
vt 0.216927 0.820594
vt 0.287673 0.32877
vt 0.294178 0.325722
vt 0.294178 0.821134
vt 0.287673 0.988281
vt 0.216927 0.988281
vt 0.29548955 0.988281
vt 0.629992 0.420495
vt 0.627975 0.988961
vt 0.658846 0.98907
vt 0.662349 0.413971
vt 0.670867 0.989113
vt 0.667023 0.400964
vt 0.667343 0.300585
vt 0.703851 0.420675
vt 0.671614 0.41403
vt 0.701832 0.989223
vt 0.146509 0.366036
vt 0.146509 0.989705
vt 0.151605 0.989705
vt 0.151605 0.365551
vt 0.206452 0.989705
vt 0.206452 0.373379
vt 0.11239 0.238198
vt 0.112375 0.101617
vt 0.112375 0.231393
vt 0.073306 0.365972
vt 0.078404 0.366439
vt 0.078404 0.99023
vt 0.018448 0.374002
vt 0.073306 0.99023
vt 0.018448 0.99023
vt 0.8606365 0.3856197
vt 0.8873747 0.3990694
vt 0.8873747 0.3856197
vt 0.8606365 0.3990694
vt 0.8873747 0.4105761
vt 0.8575756 0.3856197
vt 0.8606365 0.4105761
vt 0.8873747 0.4230163
vt 0.8606365 0.4230163
vt 0.8873747 0.4396104
vt 0.8575756 0.3990694
vt 0.8575756 0.4105761
vt 0.8545689 0.3990694
vt 0.8545689 0.3856197
vt 0.8575756 0.4230163
vt 0.82775 0.3990694
vt 0.82775 0.3856197
vt 0.8243828 0.3990694
vt 0.8243828 0.3856197
vt 0.8210147 0.3856197
vt 0.8210147 0.3990694
vt 0.8210147 0.4105761
vt 0.8544838 0.4105761
vt 0.82775 0.4105761
vt 0.8243828 0.4105761
vt 0.8210147 0.4230163
vt 0.82775 0.4230163
vt 0.8243828 0.4230163
vt 0.8210147 0.4395241
vt 0.8544838 0.4230163
vt 0.8243828 0.4393007
vt 0.8210147 0.4525726
vt 0.82775 0.4396104
vt 0.8575756 0.4303899
vt 0.8243828 0.4526079
vt 0.8210147 0.4695866
vt 0.82775 0.4520789
vt 0.8544838 0.4300884
vt 0.8606365 0.4316271
vt 0.8243828 0.4692708
vt 0.8210147 0.4857068
vt 0.8544838 0.4396104
vt 0.8575756 0.4396104
vt 0.8606365 0.4396104
vt 0.8873747 0.4520789
vt 0.8575756 0.4520789
vt 0.8606365 0.4520789
vt 0.8544838 0.4520789
vt 0.8606365 0.4604872
vt 0.8873747 0.4694407
vt 0.8575756 0.46058
vt 0.8544838 0.460489
vt 0.8575756 0.4694407
vt 0.8606365 0.4694407
vt 0.82775 0.4694407
vt 0.8606365 0.4782839
vt 0.8873747 0.4857068
vt 0.8544838 0.4694407
vt 0.8575756 0.4781206
vt 0.8606365 0.4857068
vt 0.8873747 0.4976657
vt 0.8544838 0.4782862
vt 0.8575756 0.4857068
vt 0.82775 0.4857068
vt 0.8606365 0.4976657
vt 0.8873747 0.5106636
vt 0.8544838 0.4857068
vt 0.8575756 0.4976657
vt 0.8575756 0.5106636
vt 0.8606365 0.5106636
vt 0.8873747 0.5912746
vt 0.8606365 0.5912746
vt 0.8873747 0.6033557
vt 0.8243828 0.4857068
vt 0.8210147 0.4976657
vt 0.8544838 0.4976657
vt 0.82775 0.4976657
vt 0.8243828 0.4976657
vt 0.8210147 0.5106636
vt 0.82775 0.5106636
vt 0.8243828 0.5106636
vt 0.8243828 0.5912746
vt 0.8210147 0.5912746
vt 0.8210147 0.6033557
vt 0.8544838 0.5106636
vt 0.82775 0.5912746
vt 0.8243828 0.6033557
vt 0.8210147 0.6144733
vt 0.8544838 0.5912746
vt 0.82775 0.6033557
vt 0.8243828 0.6144733
vt 0.8210147 0.6253954
vt 0.82775 0.6144733
vt 0.8243828 0.6253954
vt 0.8210147 0.6368597
vt 0.8575756 0.5912746
vt 0.8544838 0.6033557
vt 0.8575756 0.6033557
vt 0.82775 0.6253954
vt 0.8606365 0.6033557
vt 0.8873747 0.6144733
vt 0.8575756 0.6144733
vt 0.8544838 0.6144733
vt 0.8606365 0.6144733
vt 0.8873747 0.6253954
vt 0.8575756 0.6253954
vt 0.8606365 0.6253954
vt 0.8575756 0.6368597
vt 0.8873747 0.6368597
vt 0.8544838 0.6253954
vt 0.8606365 0.6368597
vt 0.8873747 0.7556336
vt 0.8606365 0.7556336
vt 0.8575756 0.7556336
vt 0.8544838 0.7556336
vt 0.8544838 0.6368597
vt 0.82775 0.7556336
vt 0.82775 0.6368597
vt 0.8243828 0.7556336
vt 0.8243828 0.6368597
vt 0.8210147 0.7556336
vn 0.099041425 -0.14147565 0.9849748
vn -0 0 1
vn -0 0 1
vn 0.094277784 -0.16912858 0.9810745
vn -0 0 1
vn 0.57349575 -0.81920856 -4.348487E-07
vn 0.053960346 -0.19569106 0.9791799
vn -0 0 1
vn -0.0020164503 -0.20746043 0.9782413
vn -0 0 1
vn 0.4856265 -0.8741665 -5.6022446E-07
vn 0.26926082 -0.9630673 -7.584985E-07
vn 0.09427961 -0.16913204 -0.98107374
vn 0.099043675 -0.14147861 -0.98497427
vn 0.0031209174 -0.9999951 -1.0081751E-06
vn -0.056231238 0.111387625 -0.99218494
vn -0.07401309 0.11186606 -0.99096316
vn -0.4550607 0.8904605 -1.9402471E-07
vn -0.55178416 0.833987 -3.2238873E-07
vn -0.53971946 0.8157524 0.20796838
vn -0.4415538 0.8746707 0.19995324
vn -0.19796897 0.9578831 0.20801023
vn 0.053961378 -0.19569507 -0.979179
vn -0.02236587 0.10821842 -0.99387544
vn -0.20053756 0.97968596 -5.094186E-07
vn 0.14957507 0.960451 0.2348639
vn 0.015530714 0.09972498 -0.9948938
vn 0.158978 0.9872821 -4.348093E-07
vn 0.527118 0.808657 0.2611903
vn -0.0020163003 -0.20746472 -0.9782404
vn 0.53577906 0.84435815 -1.3700466E-07
vn 0.8143279 0.5087209 0.27941585
vn 0.061030522 0.0936275 -0.993735
vn -0.30438626 -0.9525486 -6.1849227E-07
vn 0.84976256 0.52716553 6.3954224E-07
vn 0.9459972 0.1456294 0.28962308
vn 0.09953 0.062177602 -0.99309
vn -0.07779053 -0.22897814 -0.9703184
vn -0.07778908 -0.2289734 0.9703195
vn 0.9865632 0.16337974 8.4434083E-07
vn 0.9268153 -0.20298834 0.31592587
vn -0.14767946 -0.20839432 -0.96683115
vn -0.58135176 -0.8136523 -2.0440915E-07
vn -0.14767657 -0.20839018 0.9668326
vn -0 0 1
vn -0.78523636 -0.6191962 -3.9081007E-07
vn -0.19567613 -0.15544383 0.96827066
vn -0.19567995 -0.15544695 -0.9682694
vn -0.2165339 -0.091831364 0.97194654
vn -0 0 1
vn -0.92295086 -0.38491783 -4.1134385E-07
vn -0.21653831 -0.09183332 -0.9719454
vn -0.99326456 -0.11586821 -2.916778E-07
vn -0.23817934 -0.029281326 0.97077966
vn 0.1152471 0.01774149 -0.99317837
vn -0.22774497 0.04005518 0.9728967
vn -0 0 1
vn -0.23818426 -0.029281914 -0.9707784
vn -0.9863376 0.16473652 0
vn -0.18405078 0.09233499 0.97857016
vn -0 0 1
vn -0.22774945 0.040055983 -0.97289556
vn -0.9040031 0.4275259 -2.0053702E-07
vn 0.108467676 -0.023756262 -0.99381614
vn -0.14967962 0.124885134 0.9808158
vn -0 0 1
vn -0.18405454 0.0923368 -0.97856927
vn -0.78092384 0.6246263 -4.940514E-07
vn -0.5722306 0.8200928 -6.9778724E-07
vn -0.09655219 0.13976972 0.98546547
vn -0 0 1
vn -0.074700825 0.11238621 0.9908528
vn -0 0 1
vn 0.9803743 -0.19714509 -1.2214753E-07
vn 0.78234565 -0.5334932 0.32143456
vn -0.14968264 0.12488765 -0.98081505
vn 0.091533415 -0.062417906 -0.9938439
vn 0.8288642 -0.55945 0
vn 0.533619 -0.8007603 0.27209154
vn 0.078601256 -0.11795077 -0.9899038
vn 0.55397457 -0.8325336 -4.010188E-07
vn 0.5678895 -0.82310486 -5.7271035E-07
vn 0.54622334 -0.7927118 0.27064386
vn 0.7296477 -0.6134713 0.30210435
vn -0.09655422 0.13977262 -0.98546475
vn 0.09827721 -0.14262584 -0.9848856
vn 0.7828766 -0.62217706 1.6586453E-07
vn 0.8237073 -0.44577077 0.35042056
vn -0.074702546 0.11238877 -0.9908523
vn 0.15801224 -0.13285309 -0.9784591
vn 0.89065063 -0.45468825 -2.573943E-07
vn 0.8885925 -0.2654828 0.37406194
vn 0.17924121 -0.09700105 -0.9790115
vn 0.9621347 -0.27257454 -5.42526E-07
vn 0.9258826 -0.019823123 0.37729123
vn -0.5516688 0.8340633 -4.5337205E-07
vn -0.0803098 0.070527956 -0.99427164
vn -0.72753036 0.6860754 0
vn 0.1946041 -0.058141388 -0.9791572
vn -0.08030813 0.07052637 0.994272
vn -0 0 1
vn -0.8774775 0.4796178 0
vn -0.098647736 0.05172894 -0.99377704
vn -0.09864546 0.051727727 0.9937773
vn 1.2336558E-07 0 1
vn -0.95626205 0.2925114 0
vn -0.107901305 0.031845797 0.99365145
vn -0.999495 0.031579006 0.003525221
vn 0.00067774265 0.01959552 0.9998078
vn -0.10790392 0.031846557 -0.9936511
vn -0.1474152 0.023803314 0.9887882
vn 0.000744145 0.021515869 0.9997682
vn -0.15727608 0.024015697 0.98726267
vn -0.9998416 0.017390998 -0.0037880929
vn -0.15479557 -0.018572757 -0.987772
vn -0.15213867 -0.014642219 -0.98825073
vn 0.15620975 -0.02282837 -0.98746
vn 0.1671255 -0.0240895 -0.9856413
vn 0.99993455 -0.010226215 -0.0051318714
vn 0.99961543 -0.02735043 0.004583943
vn 0.9264074 -0.0013287691 0.37652025
vn -0 1 -6.810596E-06
vn -0 1 1.7253E-05
vn 0.016123649 0.8364796 -0.5477607
vn 0.023874816 0.9987357 -0.044236664
vn 0.028035562 0.9994313 -0.018733598
vn 0.000118955795 0.9999964 0.0026934135
vn 0.00015702714 0.99999976 -0.0007832923
vn 0.027475534 0.999572 -0.010045365
vn 0.028606089 0.9995908 3.2613875E-07
vn 0.00016129088 1 3.0398166E-07
vn -0 -1 -2.7575712E-05
vn 0.0015310412 -0.99934155 -0.036251616
vn -0 -1 -2.757571E-05
vn 0.0015244166 -0.99934715 -0.03609488
vn 0.0027448528 -0.9999925 -0.0027381058
vn 0.0027214403 -0.99999034 -0.0034594375
vn 0.0027054946 -0.9999881 0.0040749316
vn 0.0027159164 -0.9999876 0.0041812384
vn 0.0025022745 -0.9999969 -7.62055E-07
vn 0.0025022747 -0.9999969 -7.620295E-07
vn 0.9556399 0.29453775 8.1548376E-07
vn 0.028606089 0.9995908 3.2613875E-07
vn 0.027475534 0.999572 -0.010045365
vn 0.89398754 0.31449947 -0.31918073
vn 0.028035562 0.9994313 -0.018733598
vn 0.7572277 0.29700896 -0.5817146
vn 0.023874816 0.9987357 -0.044236664
vn 0.4767753 0.24338757 -0.8446584
vn 0.016123649 0.8364796 -0.5477607
vn 0.027142601 0.30689573 -0.9513561
vn -0.011190285 0.31746957 -0.9482024
vn -0.014800963 0.3184916 -0.9478102
vn -0.39631027 0.39634782 -0.8281585
vn -0.41935262 0.3989329 -0.8154728
vn -0.6995251 0.4018517 -0.5909144
vn -0.7100667 0.4004998 -0.5791418
vn -0.881649 0.37355787 -0.28835693
vn -0.88857037 0.37222415 -0.26812676
vn -0.93310374 0.35960728 0
vn -0.93310374 0.35960728 0
vn 0.0002367233 -1 -0.00027774184
vn 0.00063429866 -0.9999999 0
vn 0.00063429866 -0.9999999 0
vn 0.00021814504 -1 -0.00030938152
vn -0.00070229446 -0.9999995 -0.0007806502
vn -0.00065995136 -0.9999995 -0.0007936348
vn -0.00061583816 -0.99999976 -0.00037465646
vn -0.0005491323 -0.9999999 -0.00033963786
vn -6.462477E-06 -1 3.7796594E-06
vn -5.5655637E-06 -1 5.0717554E-06
vn -0 -1 1.2617583E-05
vn -0 -1 1.2449662E-05
vn -0.00014224184 -1 0.00037433096
vn -0.00020698323 -0.9999999 0.0005424445
vn -0.0005348077 -0.99999976 0.0005207564
vn -0.0005736177 -0.99999976 0.0004710779
vn -0.0004153209 -1 3.5378987E-05
vn -0.00044603052 -0.9999999 3.799498E-05
vn -0 -1 6.849972E-07
vn -0 -1 6.849972E-07
vn -0.9253977 -0.22096945 -0.30791476
vn -0.9749381 -0.22247666 0
vn -0.9749381 -0.22247666 0
vn -0.9323235 -0.22103465 -0.28621086
vn -0.7736883 -0.239376 -0.586605
vn -0.7483661 -0.2423727 -0.6174169
vn -0.5045082 -0.2239752 -0.83385044
vn -0.49203852 -0.22123125 -0.8419945
vn -0.03051458 -0.11445071 -0.99296016
vn -0.016061807 -0.11086078 -0.99370617
vn 0.015384113 -0.105964266 -0.9942509
vn 0.022644209 -0.10578267 -0.9941314
vn 0.47446284 -0.17010267 -0.86368406
vn 0.5128844 -0.1849087 -0.83830684
vn 0.7188091 -0.23256987 -0.65515244
vn 0.72211325 -0.23272198 -0.65145445
vn 0.92206943 -0.22254667 -0.3166398
vn 0.92438114 -0.22199215 -0.3102241
vn 0.97924346 -0.20268752 0
vn 0.97924346 -0.20268753 0
vn -0.950775 0 0.3098821
vn -1 0 0
vn -1 0 0
vn -0.950775 0 0.3098821
vn -0.77225494 0 0.63531274
vn -0.77225494 0 0.63531274
vn -0.48748085 0 0.87313366
vn -0.48748085 0 0.87313366
vn -0.028107053 0 0.999605
vn -0.028107053 0 0.999605
vn 0.025555186 0.00013983542 0.99967337
vn 0.02555391 0.00013982947 0.99967337
vn 0.49372193 0.003432666 0.8696131
vn 0.4934414 0.0034295085 0.8697723
vn 0.7853488 0.0026130409 0.61904794
vn 0.78238803 0.002692231 0.6227855
vn 0.95187825 -0.0022328543 0.30646843
vn 0.9526092 -0.0022561487 0.30418852
vn 0.9999927 -0.0038086667 0
vn 0.9999927 -0.0038086663 0
vn -0 1 2.6378352E-06
vn -0 1 0
vn -0 1 0
vn -0 1 3.0726917E-06
vn -0 1 -5.205182E-06
vn -0 1 -5.767555E-06
vn -0 1 -3.7567154E-06
vn -0 1 -5.769185E-06
vn -0 1 -4.559869E-06
vn -0 1 -4.3520963E-06
vn -0 1 -4.6079363E-06
vn -0 1 -4.218504E-06
vn -0 1 0
vn -0 1 0
vn -0 1 -1.4179598E-06
vn -0 1 -1.6273049E-06
vn -0 1 -1.4527451E-06
vn -0 1 -1.7073274E-06
vn -0 1 0
vn -0 1 0
vn -0 1 5.141529E-06
vn 0.01612346 0.83647436 0.54776895
vn -0 1 0
vn 0.023874855 0.99873585 0.044234987
vn 0.028035643 0.9994313 0.018732818
vn 0.000118955766 0.9999964 -0.0026942
vn 0.00015702716 0.99999976 0.0007835539
vn 0.027475545 0.999572 0.010045702
vn 0.028606089 0.9995908 3.2613875E-07
vn 0.00016129088 1 3.0398166E-07
vn -0 -1 1.9183106E-05
vn -0 -1 1.9183104E-05
vn 0.0015310411 -0.99934155 0.036251247
vn 0.0015244165 -0.99934715 0.03609447
vn 0.0027448528 -0.9999925 0.0027372267
vn 0.00272144 -0.99999034 0.0034585758
vn 0.0027054944 -0.9999881 -0.004076326
vn 0.0027159161 -0.9999876 -0.0041826256
vn 0.0025022745 -0.9999969 -7.62055E-07
vn 0.0025022747 -0.9999969 -7.620295E-07
vn 0.9556399 0.29453775 8.1548376E-07
vn 0.027475545 0.999572 0.010045702
vn 0.028606089 0.9995908 3.2613875E-07
vn 0.893987 0.31449887 0.31918293
vn 0.028035643 0.9994313 0.018732818
vn 0.7572283 0.29700863 0.58171403
vn 0.023874855 0.99873585 0.044234987
vn 0.47677734 0.243388 0.8446572
vn 0.01612346 0.83647436 0.54776895
vn 0.027142439 0.30689532 0.9513562
vn -0.011190267 0.31746927 0.9482026
vn -0.01480094 0.3184913 0.9478103
vn -0.39631018 0.39634782 0.8281586
vn -0.4193525 0.39893293 0.8154729
vn -0.6995251 0.40185177 0.5909144
vn -0.71006674 0.40049982 0.57914174
vn -0.8816489 0.37355784 0.2883569
vn -0.88857037 0.37222418 0.26812682
vn -0.93310374 0.35960728 0
vn -0.93310374 0.35960728 0
vn 0.0002367231 -1 0.00027774205
vn 0.00063429866 -0.9999999 0
vn 0.00063429866 -0.9999999 0
vn 0.00021814484 -1 0.00030938163
vn -0.0007022942 -0.9999995 0.00078334304
vn -0.00065995124 -0.9999995 0.0007961187
vn -0.0006158381 -0.99999976 0.00037659192
vn -0.00054913224 -0.99999976 0.00034120155
vn -6.462478E-06 -1 -6.5162794E-06
vn -5.5655646E-06 -1 -7.831281E-06
vn -0 -1 -1.506145E-05
vn -0 -1 -1.4730635E-05
vn -0.0001422418 -1 -0.00037164273
vn -0.00020698315 -0.9999999 -0.00054079597
vn -0.00053480756 -0.99999976 -0.00052075635
vn -0.00057361764 -0.99999976 -0.0004710778
vn -0.0004153209 -1 -3.4653458E-05
vn -0.00044603052 -0.9999999 -3.731711E-05
vn -0 -1 6.849972E-07
vn -0 -1 6.849972E-07
vn -0.9253974 -0.22096965 0.30791587
vn -0.9749381 -0.22247666 0
vn -0.9749381 -0.22247666 0
vn -0.9323231 -0.22103482 0.28621176
vn -0.77368754 -0.23937587 0.5866062
vn -0.7483654 -0.24237253 0.6174178
vn -0.50450784 -0.22397493 0.8338508
vn -0.49203813 -0.22123094 0.8419949
vn -0.030514553 -0.11445014 0.99296016
vn -0.016061796 -0.110860206 0.99370617
vn 0.015384059 -0.1059637 0.994251
vn 0.022644132 -0.10578215 0.9941315
vn 0.47446337 -0.17010294 0.8636837
vn 0.51288515 -0.18490906 0.83830637
vn 0.71880895 -0.23256963 0.6551528
vn 0.722113 -0.23272178 0.65145475
vn 0.92206925 -0.22254631 0.31664082
vn 0.9243809 -0.22199178 0.31022504
vn 0.97924346 -0.20268752 0
vn 0.97924346 -0.20268753 0
vn -0.950775 0 -0.3098821
vn -1 0 0
vn -1 0 0
vn -0.950775 0 -0.3098821
vn -0.77225494 0 -0.63531274
vn -0.77225494 0 -0.63531274
vn -0.48748085 0 -0.87313366
vn -0.48748085 0 -0.87313366
vn -0.028107053 0 -0.999605
vn -0.028107053 0 -0.999605
vn 0.025555184 0.00013983545 -0.99967337
vn 0.025553912 0.0001398295 -0.99967337
vn 0.49372178 0.0034326736 -0.8696131
vn 0.4934414 0.0034295171 -0.8697723
vn 0.7853488 0.0026130697 -0.61904794
vn 0.78238803 0.0026922591 -0.6227854
vn 0.95187825 -0.0022328347 -0.30646843
vn 0.9526092 -0.0022561296 -0.3041885
vn 0.9999927 -0.0038086667 0
vn 0.9999927 -0.0038086663 0
vn -0 1 -2.6378373E-06
vn -0 1 0
vn -0 1 0
vn -0 1 -3.0726937E-06
vn -0 1 3.253239E-06
vn -0 1 3.6047218E-06
vn -0 1 5.2479713E-06
vn -0 1 5.650032E-06
vn -0 1 2.8120166E-07
vn -0 1 4.733161E-07
vn -0 1 0
vn -0 1 0
vn -0 1 0
vn -0 1 0
vn -0 1 0
vn -0 1 0
vn -0 1 0
vn -0 1 0
vn -0 1 0
vn -0 1 0
vn -0.6862601 -0.6099695 0.3962125
vn -0.7924242 -0.6099704 0
vn -0.963273 -0.2685241 -2.4115425E-07
vn -0.8342188 -0.26852307 0.4816371
vn -0.99975675 -0.022053167 -3.839257E-07
vn -0.39621413 -0.6099703 0.6862585
vn -0.86581385 -0.022053171 0.49988008
vn -0.48163673 -0.26852328 0.834219
vn -5.308657E-07 -0.60997015 0.79242444
vn -0.49987826 -0.022053221 0.8658148
vn -0 -0.2685244 0.96327287
vn 0.39621273 -0.6099674 0.6862617
vn 1.9196338E-07 -0.022053415 0.99975675
vn 0.48163703 -0.2685229 0.834219
vn 0.6862593 -0.6099685 0.39621523
vn 0.4998801 -0.022053245 0.86581373
vn 0.83421844 -0.26852298 0.48163778
vn 0.7924245 -0.60997003 1.0224068E-06
vn 0.8658142 -0.022053232 0.4998794
vn 0.963273 -0.26852414 3.2153886E-07
vn 0.99975675 -0.02205341 -1.5197057E-07
vn 0.99993706 0.011223989 0
vn 0.86597043 0.011223982 0.49996927
vn 0.99993706 0.01122399 0
vn 0.86597043 0.011223982 0.49996927
vn 0.49996948 0.011223984 0.86597025
vn 0.4999696 0.011223987 0.86597025
vn -0 0.011223994 0.99993706
vn -0 0.011223994 0.99993706
vn -0.4999693 0.011223968 0.8659704
vn -0.49996927 0.011223966 0.86597043
vn -0.8659704 0.011223959 0.4999693
vn -0.8659704 0.01122396 0.4999693
vn -0.99993706 0.011223974 0
vn -0.99993706 0.011223975 0
vn 0.64558864 -0.7636853 -5.673116E-07
vn 0.34612086 -0.9166603 0.19983535
vn 0.39966565 -0.916661 -1.2359642E-06
vn 0.55909544 -0.76368535 0.3227955
vn 0.672503 0.7400945 7.53187E-07
vn 0.19983287 -0.91665965 0.34612423
vn 0.58240575 0.74009323 0.33625236
vn 0.47604406 0.8794214 2.532724E-06
vn 0.32279354 -0.76368403 0.5590985
vn -1.0699411E-07 -0.91666156 0.39966443
vn 0.41226667 0.8794211 0.23802261
vn 0.7052683 0.70894045 5.4888524E-06
vn 0.6107813 0.7089397 0.35263407
vn -0 -0.76368475 0.6455894
vn -0.19983304 -0.9166612 0.34611985
vn 0.33625326 0.740094 0.5824042
vn 0.23802282 0.87942046 0.41226783
vn 0.35263306 0.70893615 0.6107859
vn -0.3227934 -0.7636855 0.5590966
vn -0.34612092 -0.91666013 0.19983649
vn -0 0.74009496 0.6725023
vn -0 0.8794208 0.4760451
vn -0 0.7089357 0.7052732
vn -0.23802266 0.8794212 0.4122663
vn -0.35263443 0.70893925 0.61078155
vn -0.5590951 -0.7636848 0.32279733
vn -0.39966586 -0.9166609 2.5014451E-06
vn -0.64558876 -0.7636852 2.1216536E-06
vn -0.33625123 0.7400929 0.5824068
vn -0.5824045 0.74009365 0.33625337
vn -0.67250293 0.74009436 1.6891869E-06
vn -0.41226664 0.87942064 0.238024
vn -0.61078125 0.7089381 0.35263732
vn -0.47604457 0.8794212 4.3708056E-07
vn -0.7052693 0.7089396 -1.8867945E-06
vn -0 -1 2.9712915E-06
vn -0 -1 0
vn -0 -1 0
vn -0 -1 2.9712928E-06
vn -0 -1 -6.8750996E-06
vn -0 -1 -6.8750987E-06
vn -0 -1 3.7497506E-05
vn -0 -1 0
vn -0 -1 -1.0885038E-06
vn -0 -1 -1.0885038E-06
vn -0 -1 0
vn -0 -1 -1.0885013E-06
vn -0 -1 -1.088502E-06
vn -0 -1 0
vn -0 -1 0
vn -0 -1 0
vn -0 -1 0
vn -0 -1 5.442513E-07
vn -0 -1 5.4425095E-07
vn -0 -1 5.442521E-07
vn -0 -1 5.442521E-07
vn -0.6202174 -0.69792974 0.35808444
vn -0.7161673 -0.6979287 1.3578581E-06
vn -0.9564347 -0.2919461 5.745435E-07
vn -0.82829654 -0.29194692 0.47821733
vn -0.3580816 -0.6979286 0.6202202
vn -0.9626494 0.27075088 0
vn -0.47821662 -0.2919467 0.828297
vn 1.0011854E-07 -0.6979285 0.7161675
vn -0.8336794 0.2707514 0.48132342
vn -0.7766696 0.6299082 0
vn -0.67261547 0.62990934 0.3883331
vn -0.48132423 0.27075127 0.8336791
vn -0.38833374 0.6299088 0.67261577
vn -0 -0.2919461 0.9564347
vn 0.35808313 -0.69793093 0.6202167
vn -0 0.2707505 0.9626495
vn 1.670342E-07 0.6299064 0.77667105
vn 0.47821763 -0.29194757 0.8282961
vn 0.62021816 -0.69793046 0.35808176
vn 0.48132426 0.2707515 0.83367896
vn 0.38833377 0.6299087 0.67261577
vn 0.82829684 -0.29194736 0.4782165
vn 0.71616733 -0.6979287 0
vn 0.9564347 -0.2919461 0
vn 0.83367926 0.2707515 0.48132384
vn 0.67261547 0.6299092 0.38833332
vn 0.9626494 0.27075082 2.718465E-07
vn 0.7766697 0.62990814 6.562072E-07
vn 0.014250911 0.9998646 -0.008229473
vn 0.016455548 0.9998646 0
vn 0.016455548 0.9998646 0
vn 0.0142509155 0.9998646 -0.008229463
vn 0.008227779 0.9998646 -0.01425372
vn 0.008227769 0.9998646 -0.014253723
vn -0 0.9998646 -0.016456794
vn -0 0.9998646 -0.016456798
vn -0.008227779 0.9998646 -0.014251553
vn -0.008227769 0.9998646 -0.014251556
vn -0.014250908 0.9998646 -0.008229474
vn -0.014250915 0.9998646 -0.008229462
vn -0.016455544 0.9998646 0
vn -0.016455544 0.9998646 0
vn -1 0 0
vn -1 0 0
vn -0.8660249 0 0.500001
vn -0.8660249 0 0.500001
vn -0.50000095 0 0.8660248
vn -0.50000095 0 0.8660248
vn -0 0 1
vn -0 0 1
vn 0.50000095 0 0.8660248
vn 0.50000095 0 0.8660248
vn 0.8660249 0 0.500001
vn 0.8660249 0 0.500001
vn 1 0 0
vn 1 0 0
vn -0.68625957 -0.6099686 -0.39621466
vn -0.963273 -0.2685241 -2.4115425E-07
vn -0.7924242 -0.6099704 0
vn -0.8342186 -0.26852238 -0.48163792
vn -0.99975675 -0.022053167 -3.839257E-07
vn -0.39621282 -0.6099688 -0.6862604
vn -0.86581385 -0.02205314 -0.49988002
vn -0.48163635 -0.2685222 -0.8342195
vn -3.4407987E-07 -0.60997015 -0.79242444
vn -0.49987873 -0.022053236 -0.86581457
vn -2.3110655E-07 -0.2685241 -0.963273
vn 0.39621264 -0.6099676 -0.68626165
vn -1.5197091E-07 -0.0220534 -0.99975675
vn 0.48163703 -0.2685228 -0.834219
vn 0.6862597 -0.60996866 -0.39621425
vn 0.4998802 -0.022053262 -0.86581373
vn 0.8342186 -0.26852304 -0.48163742
vn 0.7924245 -0.60997003 1.0224068E-06
vn 0.8658141 -0.022053253 -0.49987948
vn 0.963273 -0.26852414 3.2153886E-07
vn 0.99975675 -0.02205341 -1.5197057E-07
vn 0.99993706 0.011223989 0
vn 0.99993706 0.01122399 0
vn 0.8659704 0.011223983 -0.49996945
vn 0.8659704 0.011223984 -0.4999695
vn 0.4999695 0.011223988 -0.8659704
vn 0.4999695 0.011223987 -0.8659704
vn -0 0.011223995 -0.99993706
vn -0 0.011223996 -0.99993706
vn -0.49996945 0.011223969 -0.8659704
vn -0.4999694 0.011223968 -0.8659704
vn -0.8659704 0.01122396 -0.4999693
vn -0.8659704 0.011223961 -0.4999694
vn -0.99993706 0.011223974 0
vn -0.99993706 0.011223975 0
vn 0.64558864 -0.7636853 -5.673116E-07
vn 0.39966565 -0.916661 -1.2359642E-06
vn 0.3461208 -0.91666013 -0.19983655
vn 0.55909467 -0.7636855 -0.32279658
vn 0.672503 0.7400945 7.53187E-07
vn 0.19983287 -0.91665965 -0.34612423
vn 0.58240503 0.740095 -0.33624932
vn 0.47604406 0.8794214 2.532724E-06
vn 0.32279262 -0.7636842 -0.5590988
vn -1.1068345E-07 -0.9166606 -0.39966655
vn 0.41226712 0.879422 -0.23801829
vn 0.7052683 0.70894045 5.4888524E-06
vn 0.61078227 0.7089406 -0.35263044
vn 1.4298081E-07 -0.7636836 -0.64559066
vn -0.19983338 -0.91666204 -0.34611762
vn 0.33625218 0.7400955 -0.5824028
vn 0.23802285 0.87942094 -0.41226685
vn 0.35263252 0.7089353 -0.6107873
vn -0.32279387 -0.7636864 -0.5590949
vn -0.34612137 -0.91666144 -0.1998294
vn 3.5099958E-07 0.7400941 -0.6725033
vn -0 0.8794203 -0.47604617
vn -0 0.70893574 -0.7052731
vn -0.55909604 -0.7636865 -0.32279176
vn -0.39966586 -0.9166609 2.5014451E-06
vn -0.64558876 -0.7636852 2.1216536E-06
vn -0.33625117 0.7400916 -0.5824083
vn -0.23802294 0.8794206 -0.4122677
vn -0.35263488 0.7089392 -0.61078143
vn -0.58240485 0.74009365 -0.33625287
vn -0.67250293 0.74009436 1.6891869E-06
vn -0.41226682 0.87942046 -0.2380245
vn -0.6107807 0.7089375 -0.3526394
vn -0.47604457 0.8794212 4.3708056E-07
vn -0.7052693 0.7089396 -1.8867945E-06
vn -0 -1 -3.4404432E-06
vn -0 -1 0
vn -0 -1 0
vn -0 -1 -3.4404445E-06
vn -0 -1 4.6750674E-06
vn -0 -1 4.6750674E-06
vn -0 -1 -1.8748753E-05
vn -0 -1 -3.2655062E-06
vn -0 -1 -1.0885038E-06
vn -0 -1 -1.0885038E-06
vn -0 -1 -3.2655053E-06
vn -0 -1 -1.0885013E-06
vn -0 -1 -1.0885019E-06
vn -0 -1 0
vn -0 -1 0
vn -0 -1 0
vn -0 -1 0
vn -0 -1 0
vn -0 -1 0
vn -0 -1 5.442521E-07
vn -0 -1 5.442521E-07
vn -0.62021816 -0.69793063 -0.3580814
vn -0.9564347 -0.2919461 5.745435E-07
vn -0.7161673 -0.6979287 1.3578581E-06
vn -0.82829714 -0.2919473 -0.47821623
vn -0.3580821 -0.69792956 -0.62021893
vn -0.9626494 0.27075088 0
vn -0.47821695 -0.2919471 -0.8282967
vn -0 -0.6979281 -0.7161679
vn -0.83367926 0.27075142 -0.48132384
vn -0.7766696 0.6299082 0
vn -0.67261523 0.6299092 -0.38833386
vn -0.48132402 0.27075133 -0.83367914
vn -0.38833326 0.62990844 -0.67261636
vn -0 -0.29194605 -0.9564347
vn 0.35808265 -0.6979301 -0.6202181
vn -0 0.2707506 -0.9626495
vn -0 0.62990636 -0.7766711
vn 0.47821727 -0.29194728 -0.8282965
vn 0.6202179 -0.69793004 -0.35808292
vn 0.48132408 0.2707514 -0.8336791
vn 0.38833338 0.6299082 -0.6726165
vn 0.8282967 -0.29194722 -0.47821698
vn 0.71616733 -0.6979287 0
vn 0.9564347 -0.2919461 0
vn 0.8336791 0.2707515 -0.48132408
vn 0.6726153 0.6299091 -0.3883339
vn 0.9626494 0.27075082 2.718465E-07
vn 0.7766697 0.62990814 6.562072E-07
vn 0.014250911 0.9998646 0.00822839
vn 0.016455548 0.9998646 0
vn 0.016455548 0.9998646 0
vn 0.0142509155 0.9998646 0.008228381
vn 0.00822778 0.9998646 0.014252637
vn 0.00822777 0.9998646 0.014252641
vn -0 0.9998646 0.01645788
vn -0 0.9998646 0.01645788
vn -0.008227779 0.9998646 0.014252638
vn -0.008227769 0.9998646 0.01425264
vn -0.014250907 0.9998646 0.008229471
vn -0.014250912 0.9998646 0.0082294615
vn -0.016455544 0.9998646 0
vn -0.016455544 0.9998646 0
vn -1 0 0
vn -0.8660249 0 -0.500001
vn -1 0 0
vn -0.8660249 0 -0.500001
vn -0.50000095 0 -0.8660248
vn -0.50000095 0 -0.8660248
vn -0 0 -1
vn -0 0 -1
vn 0.50000095 0 -0.8660248
vn 0.50000095 0 -0.8660248
vn 0.8660249 0 -0.500001
vn 0.8660249 0 -0.500001
vn 1 0 0
vn 1 0 0
vn -0.8660246 0 0.50000143
vn -1 0 0
vn -1 0 0
vn -0.8660246 0 0.50000143
vn -0.5000018 0 0.8660244
vn -0.5000018 0 0.8660244
vn -0 0 1
vn -0 0 1
vn 0.5000018 0 0.8660244
vn 0.5000018 0 0.8660244
vn 0.8660246 0 0.50000143
vn 0.8660246 0 0.50000143
vn 1 0 0
vn 1 0 0
vn -0.8660249 0 0.5000009
vn -1 0 0
vn -1 0 0
vn -0.8660249 0 0.5000009
vn -0.50000113 0 0.86602473
vn -0.50000113 0 0.86602473
vn -0 0 1
vn -0 0 1
vn 0.50000113 0 0.86602473
vn 0.50000113 0 0.86602473
vn 0.866025 0 0.5000007
vn 0.866025 0 0.5000007
vn 1 0 0
vn 1 0 0
vn -0.7666475 0.46511668 0.4426263
vn -0.8852491 0.46511734 0
vn -0.8864268 0.46286893 0
vn -0.76766795 0.46286786 0.44321465
vn -0.44262627 0.4651169 0.7666474
vn -0.9998091 0.019538641 -1.2267242E-06
vn -0.44321445 0.4628678 0.7676682
vn -1.2123893E-07 0.46511713 0.8852491
vn -0.8658604 0.019537106 0.49990407
vn -0.61269104 -0.7903225 -1.0378774E-06
vn -0 0.46286872 0.8864268
vn 0.4426255 0.46511605 0.7666484
vn -0.5306071 -0.7903224 0.30634382
vn -0.5149259 -0.85723466 -6.186304E-07
vn -0.44594017 -0.85723436 0.25746223
vn -0.49990422 0.019536903 0.86586034
vn -0.30634525 -0.7903222 0.53060657
vn -0.25746328 -0.857234 0.4459402
vn 0.44321427 0.4628676 0.7676683
vn 0.7666469 0.46511632 0.44262767
vn -0 0.019538397 0.9998091
vn -0 -0.790321 0.6126929
vn -0 -0.8572337 0.51492757
vn 0.76766783 0.46286765 0.44321528
vn 0.8852491 0.46511725 -3.2092692E-07
vn 0.8864268 0.46286878 0
vn 0.49990487 0.019537425 0.86585987
vn 0.30634478 -0.7903213 0.5306082
vn 0.25746328 -0.857234 0.4459402
vn 0.8658605 0.019537536 0.49990398
vn 0.9998091 0.019539008 7.9898433E-07
vn 0.53060675 -0.7903221 0.30634525
vn 0.44594014 -0.8572342 0.2574628
vn 0.6126913 -0.79032236 0
vn 0.51492596 -0.8572346 0
vn -0.033736225 -0.9992409 0.019481195
vn -0.038955305 -0.999241 0
vn -0.20985866 -0.97773176 1.7419767E-06
vn -0.18174283 -0.9777321 0.10492598
vn -0.019477697 -0.99924064 0.033745777
vn -0.10492936 -0.9777323 0.18173984
vn -0 -0.9992405 0.038967874
vn -0 -0.97773075 0.20986302
vn 0.01947769 -0.99924064 0.033745773
vn 0.10492941 -0.97773165 0.18174326
vn 0.033736225 -0.9992409 0.019481195
vn 0.18174297 -0.977732 0.10492691
vn 0.038955305 -0.999241 0
vn 0.20985864 -0.97773176 0
vn -0.18174283 -0.9777321 0.10492598
vn -0.20985866 -0.97773176 1.7419767E-06
vn -0.9931338 -0.11698356 0
vn -0.86007947 -0.11698381 0.4965663
vn -0.10492936 -0.9777323 0.18173984
vn -0.86310834 0.082006395 0.49831593
vn -0.9966318 0.082006335 -2.854094E-07
vn -0.49656785 -0.1169841 0.8600785
vn -0 -0.97773075 0.20986302
vn -0.3167149 0.93072885 0.18285377
vn -0.36571085 0.93072855 1.0848548E-06
vn -0.18285517 0.9307279 0.31671676
vn -0.49831614 0.08200643 0.86310834
vn -0 0.9307236 0.36572325
vn -0 0.08200624 0.9966318
vn 0.18285486 0.93072575 0.31672338
vn -0 -0.11698394 0.9931338
vn 0.10492941 -0.97773165 0.18174326
vn 0.49831587 0.082006134 0.8631085
vn 0.31671473 0.930729 0.18285352
vn 0.49656755 -0.116983876 0.86007875
vn 0.18174297 -0.977732 0.10492691
vn 0.8631083 0.08200623 0.4983163
vn 0.36571017 0.93072873 -2.1840426E-06
vn 0.9966318 0.0820063 -1.9334186E-07
vn 0.8600792 -0.1169838 0.49656677
vn 0.20985864 -0.97773176 0
vn 0.9931338 -0.11698363 0
vn -0.051306337 0.9982436 0.029622516
vn -0.059243497 0.9982436 -3.579409E-07
vn -0.059243497 0.9982436 -3.5816092E-07
vn -0.05130635 0.9982436 0.029622493
vn -0.029621812 0.99824345 0.05130701
vn -0.029621787 0.99824345 0.05130702
vn -0 0.9982437 0.05924151
vn -0 0.9982437 0.05924151
vn 0.029621812 0.99824345 0.05130701
vn 0.029621787 0.99824345 0.05130703
vn 0.051306337 0.9982436 0.029622516
vn 0.051306352 0.9982436 0.0296225
vn 0.0592435 0.9982436 -3.5900948E-07
vn 0.059243508 0.9982436 -3.5892458E-07
vn -0.8660246 0 -0.50000143
vn -1 0 0
vn -1 0 0
vn -0.8660246 0 -0.50000143
vn -0.5000018 0 -0.8660244
vn -0.5000018 0 -0.8660244
vn -0 0 -1
vn -0 0 -1
vn 0.5000018 0 -0.8660244
vn 0.5000018 0 -0.8660244
vn 0.8660246 0 -0.50000143
vn 0.8660246 0 -0.50000143
vn 1 0 0
vn 1 0 0
vn -0.8660249 0 -0.5000009
vn -1 0 0
vn -1 0 0
vn -0.8660249 0 -0.5000009
vn -0.50000113 0 -0.86602473
vn -0.50000113 0 -0.86602473
vn -0 0 -1
vn -0 0 -1
vn 0.50000113 0 -0.86602473
vn 0.50000113 0 -0.86602473
vn 0.866025 0 -0.5000007
vn 0.866025 0 -0.5000007
vn 1 0 0
vn 1 0 0
vn -0.7666474 0.46511653 -0.4426268
vn -0.8864268 0.46286893 0
vn -0.8852491 0.46511734 0
vn -0.76766783 0.46286768 -0.4432152
vn -0.44262606 0.46511662 -0.7666477
vn -0.9998091 0.019538641 -1.2267242E-06
vn -0.44321418 0.46286747 -0.76766855
vn -0 0.46511716 -0.8852492
vn -0.8658598 0.019537153 -0.49990505
vn -0.61269104 -0.7903225 -1.0378774E-06
vn 1.08555334E-07 0.46286893 -0.8864268
vn 0.4426255 0.46511605 -0.7666484
vn -0.5306069 -0.7903223 -0.30634463
vn -0.5149259 -0.85723466 -6.186304E-07
vn -0.44594008 -0.8572342 -0.2574628
vn -0.49990422 0.019537115 -0.86586034
vn -0.3063453 -0.7903223 -0.5306065
vn -0.25746328 -0.857234 -0.4459402
vn 0.44321412 0.4628676 -0.76766837
vn 0.7666468 0.46511626 -0.44262797
vn 6.2950176E-07 0.01953893 -0.9998091
vn 1.18132206E-07 -0.7903213 -0.6126927
vn -0 -0.8572337 -0.51492757
vn 0.7676676 0.46286753 -0.4432156
vn 0.8852491 0.46511725 -3.2092692E-07
vn 0.8864268 0.46286878 0
vn 0.49990448 0.019537043 -0.86586016
vn 0.30634484 -0.7903213 -0.5306081
vn 0.25746328 -0.857234 -0.44594014
vn 0.86586004 0.019537112 -0.49990457
vn 0.9998091 0.019539008 7.9898433E-07
vn 0.5306068 -0.790322 -0.30634543
vn 0.44594014 -0.8572342 -0.2574628
vn 0.6126913 -0.79032236 0
vn 0.51492596 -0.8572346 0
vn -0.033736225 -0.9992409 -0.019482596
vn -0.20985866 -0.97773176 1.7419767E-06
vn -0.038955305 -0.999241 0
vn -0.18174285 -0.9777321 -0.10492654
vn -0.019477697 -0.99924064 -0.033747178
vn -0.104929194 -0.9777313 -0.18174548
vn -0 -0.9992405 -0.03896648
vn -0 -0.9777305 -0.20986408
vn 0.019477695 -0.99924076 -0.033742994
vn 0.10492945 -0.9777321 -0.18174125
vn 0.033736218 -0.9992409 -0.019479806
vn 0.1817429 -0.977732 -0.10492716
vn 0.038955305 -0.999241 0
vn 0.20985864 -0.97773176 0
vn -0.18174285 -0.9777321 -0.10492654
vn -0.9931338 -0.11698356 0
vn -0.20985866 -0.97773176 1.7419767E-06
vn -0.8600794 -0.11698362 -0.49656656
vn -0.104929194 -0.9777313 -0.18174548
vn -0.9966318 0.082006335 -2.854094E-07
vn -0.4965674 -0.11698369 -0.86007875
vn -0 -0.9777305 -0.20986408
vn -0.8631081 0.082006216 -0.4983165
vn -0.36571085 0.93072855 1.0848548E-06
vn -0.31671476 0.930728 -0.18285792
vn -0.49831587 0.082006134 -0.8631085
vn -0.18285482 0.93072575 -0.31672344
vn -0 -0.11698389 -0.9931338
vn 0.10492945 -0.9777321 -0.18174125
vn -0 0.08200624 -0.9966318
vn -0 0.9307236 -0.36572328
vn 0.49656764 -0.11698405 -0.8600787
vn 0.1817429 -0.977732 -0.10492716
vn 0.49831614 0.08200643 -0.86310834
vn 0.18285525 0.93072784 -0.31671688
vn 0.8600791 -0.11698382 -0.4965668
vn 0.20985864 -0.97773176 0
vn 0.9931338 -0.11698363 0
vn 0.86310834 0.082006454 -0.49831608
vn 0.3167148 0.93072957 -0.18285039
vn 0.9966318 0.0820063 -1.9334186E-07
vn 0.36571017 0.93072873 -2.1840426E-06
vn -0.051306337 0.9982436 -0.029622871
vn -0.059243497 0.9982436 -3.5816092E-07
vn -0.059243497 0.9982436 -3.579409E-07
vn -0.05130635 0.9982436 -0.029622851
vn -0.029621815 0.9982436 -0.051306304
vn -0.029621795 0.9982436 -0.05130631
vn -0 0.9982437 -0.059241507
vn -0 0.9982437 -0.05924151
vn 0.029621813 0.9982436 -0.051304873
vn 0.029621795 0.9982436 -0.051304884
vn 0.051306345 0.9982436 -0.029620009
vn 0.051306352 0.9982436 -0.029619984
vn 0.0592435 0.9982436 -3.5900948E-07
vn 0.059243508 0.9982436 -3.5892458E-07
vn 0.9997824 0.01745022 0.011437028
vn 0.82036406 0.15471266 0.550515
vn 0.8635351 0.05390903 0.5013991
vn 0.99099636 -0.00786617 -0.13365696
vn 0.13673621 -0.26192892 -0.9553515
vn 0.8926084 -0.065591894 0.44603574
vn 0.11041141 -0.081272006 -0.99055755
vn -0.13594891 -0.26606482 -0.9543204
vn 0.97627425 0.02311882 -0.21530002
vn 0.86848277 -0.45231637 0.20284879
vn -0.11236933 -0.08131547 -0.99033374
vn 0.100903355 0.17329662 -0.9796871
vn 0.95580846 0.28703657 -0.0635626
vn 0.97412723 0.2259813 0.0029179428
vn 0.7810482 -0.6237788 0.029388864
vn 0.08269679 0.99604505 -0.032488156
vn 0.093937196 0.88829637 -0.44956133
vn -0.08443095 0.8890085 -0.45003903
vn -0.07137217 0.9968676 -0.03407193
vn -0.10104611 0.17315315 -0.97969776
vn -0.96308213 0.2635097 -0.05509508
vn -0.98638356 0.16427575 -0.0078033973
vn -0.99088633 -0.016900983 -0.13363606
vn -0.99999034 -0.0043248413 0.00084698224
vn -0.977205 0.02290969 -0.21105795
vn -0.8390269 -0.50243306 0.2087938
vn -0.7214339 -0.6918727 0.02907446
vn -0.89029956 -0.06686853 0.45043904
vn -0.88876516 0.045634065 0.45608565
vn -0.89084345 0.11835247 0.4386235
vn 0.011247938 0.08886734 0.9959799
vn 0.02804858 0.24245448 0.96975726
vn 0.028048577 0.24245448 0.96975726
vn 0.01115748 0.08804132 0.9960543
vn 2.2819713E-05 -0.16239262 0.9867263
vn 2.3007904E-05 -0.16361697 0.986524
vn -0.0015495651 -0.86049354 0.5094591
vn -0.0015494346 -0.860474 0.509492
vn -0.0029564023 -0.99871445 0.0506041
vn -0.0029564027 -0.99871445 0.0506041
vn 0.9997824 0.01745022 -0.0114367595
vn 0.8635351 0.053909052 -0.5013989
vn 0.82036436 0.15471272 -0.5505146
vn 0.99099636 -0.007866173 0.13365702
vn 0.13673644 -0.26192886 0.9553515
vn 0.8926084 -0.06559191 -0.44603574
vn 0.11041151 -0.08127197 0.99055755
vn -0.13594893 -0.26606473 0.9543204
vn 0.97627425 0.02311885 0.2153002
vn 0.86848277 -0.45231634 -0.20284887
vn -0.112369336 -0.08131542 0.99033374
vn 0.100903355 0.17329673 0.9796871
vn 0.95580846 0.2870366 0.063562766
vn 0.97412735 0.2259812 -0.0029180937
vn 0.78104806 -0.623779 -0.029388774
vn 0.08269682 0.99604505 0.0324876
vn 0.09393717 0.8882964 0.4495611
vn -0.08443091 0.8890087 0.45003873
vn -0.07137215 0.9968676 0.034071445
vn -0.101046085 0.17315328 0.97969776
vn -0.96308213 0.26350963 0.055095214
vn -0.98638356 0.1642757 0.007803843
vn -0.99088633 -0.016900972 0.13363592
vn -0.99999034 -0.004324867 -0.00084717694
vn -0.9772051 0.022909682 0.21105792
vn -0.8390269 -0.502433 -0.20879376
vn -0.72143394 -0.69187266 -0.029074235
vn -0.89029944 -0.0668685 -0.45043913
vn -0.88876504 0.045633994 -0.45608592
vn -0.8908433 0.11835236 -0.43862385
vn 0.011247889 0.08886728 -0.9959799
vn 0.028048461 0.24245435 -0.96975726
vn 0.028048458 0.24245432 -0.96975726
vn 0.0111574335 0.08804127 -0.9960543
vn 2.2826278E-05 -0.16239266 -0.9867263
vn 2.301452E-05 -0.16361701 -0.98652387
vn -0.0015495511 -0.8604936 -0.509459
vn -0.0015494208 -0.860474 -0.509492
vn -0.0029564023 -0.99871445 -0.050604023
vn -0.0029564027 -0.99871445 -0.05060402
vn 0.88149947 0.47218403 -0.0010235282
vn 0.8825964 0.47013146 0
vn 0.8825949 0.4701309 -0.0017854172
vn 0.8706169 0.4919615 -1.1030302E-07
vn 0.868653 0.49539268 -0.0053110146
vn 0.8800195 0.47493768 0
vn 0.86279774 0.50548655 -0.007958362
vn 0.86219597 0.50653857 -0.0060732258
vn 0.8608176 0.50891364 -1.5964066E-07
vn -0.8814992 0.47218445 -0.001023528
vn -0.88259494 0.47013077 -0.0017854174
vn -0.8825964 0.47013146 0
vn -0.8706169 0.4919615 1.10358634E-07
vn -0.8686528 0.49539295 -0.0053107627
vn -0.8800188 0.47493902 0
vn -0.86279804 0.50548625 -0.007957987
vn -0.86219597 0.5065384 -0.0060728653
vn -0.8608176 0.50891364 1.5964066E-07
vn 0.016269306 -0.9995016 0.02705204
vn 0.020484298 -0.9994387 0.026508996
vn 0.030323945 -0.9993315 0.020425735
vn 0.009207023 -0.99993014 0.0074205096
vn 0.009294263 -0.9999236 0.008148698
vn 0.043181002 -0.99906725 0
vn 0.041242685 -0.9991492 -0.00023546086
vn 0.21370871 -0.97689736 -3.9400065E-06
vn 0.008235971 -0.99996614 0.00022774961
vn 0.21370871 -0.97689736 0
vn 0.33690533 -0.9415385 1.792022E-05
vn 0.3369774 -0.9415128 0
vn 0.47125116 -0.88199914 0
vn 0.47125116 -0.88199914 1.7256563E-05
vn 0.4972657 -0.86759835 0
vn 0.499013 -0.8665945 0
vn 0.49402058 -0.86945015 5.269164E-06
vn 0.49515843 -0.8688025 -0.0006745803
vn 0.50430065 -0.8635282 -2.813072E-05
vn 0.49542466 -0.8686507 0.0005767591
vn 0.5067737 -0.8620791 1.3436537E-06
vn 0.5201411 -0.8540778 -0.0020548385
vn 0.52133554 -0.85334706 -0.0028425606
vn 0.52123517 -0.85341305 -0.00019186114
vn -0.01617837 -0.99949574 0.02732203
vn -0.030323934 -0.9993315 0.02042535
vn -0.020450719 -0.9994331 0.026744802
vn -0.009203272 -0.99992824 0.0076770736
vn -0.009262042 -0.9999236 0.008193237
vn -0.043444786 -0.9990558 0
vn -0.041440345 -0.999141 -0.00019415033
vn -0.0082039945 -0.99996626 -0.00032301788
vn -0.0082039945 -0.99996626 -0.00032301786
vn -0.21370877 -0.97689736 -3.940008E-06
vn -0.21370877 -0.97689736 0
vn -0.33690533 -0.9415385 1.7777893E-05
vn -0.3369774 -0.9415128 0
vn -0.47125116 -0.88199914 0
vn -0.47125116 -0.88199914 1.7147897E-05
vn -0.4972657 -0.86759835 0
vn -0.499013 -0.8665945 0
vn -0.4940215 -0.8694497 4.2153424E-06
vn -0.49516332 -0.8687996 -0.0006640695
vn -0.50430065 -0.8635282 2.8130738E-05
vn -0.49541655 -0.86865544 0.00056344265
vn -0.5071021 -0.861886 1.0215175E-06
vn -0.5200966 -0.85410583 -0.0016905784
vn -0.52113533 -0.85347086 -0.0023565586
vn -0.52123517 -0.85341305 0.00019186114
vn -0.0082039945 -0.99996626 0.00032207885
vn -0.0082039945 -0.99996626 0.00032207882
vn -0.0082039945 -0.99996626 0.00032207885
vn -0.00926204 -0.9999236 -0.008193234
vn -0.009203272 -0.99992824 -0.0076770727
vn -0.020450724 -0.9994331 -0.026744807
vn -0.016178366 -0.99949574 -0.02732197
vn -0.03032395 -0.99933136 -0.020425739
vn -0.041440345 -0.999141 0.00019415021
vn -0.21370871 -0.97689736 3.9400065E-06
vn -0.21370877 -0.97689736 0
vn -0.33690533 -0.9415385 -1.792022E-05
vn -0.3369774 -0.9415128 0
vn -0.47125116 -0.88199914 0
vn -0.47125116 -0.88199914 -1.7256563E-05
vn -0.4972657 -0.86759835 0
vn -0.499013 -0.8665945 0
vn -0.49402058 -0.86945015 -5.269164E-06
vn -0.49515843 -0.8688025 0.0006745803
vn -0.50430065 -0.8635282 2.8130738E-05
vn -0.49542466 -0.8686507 -0.0005767591
vn -0.5067737 -0.8620791 -1.3436537E-06
vn -0.5201411 -0.8540778 0.0020548385
vn -0.52133554 -0.85334706 0.0028425606
vn -0.52123517 -0.85341305 0.00019186114
vn 0.41508132 0.09074178 0.9052477
vn -0.004473796 -0.12458976 0.9921983
vn -0.0044737956 -0.12458975 0.9921983
vn 0.3871033 0.07540759 0.91894764
vn 0.55163264 0.16010225 0.8185773
vn 0.5623558 0.16732056 0.80979
vn -0.15206143 -0.19549203 0.9688448
vn -0.15535183 -0.1966923 0.96807957
vn -0.22366104 -0.20863676 0.95207477
vn -0.22414641 -0.20840676 0.95201105
vn -0.16840951 -0.11919215 0.9784842
vn -0.17123535 -0.12112305 0.9777565
vn -0.00776688 -0.006571861 0.99994826
vn -0.007958085 -0.0067336466 0.99994564
vn -0 0 1
vn -0 0 1
vn -0 0 1
vn 1.0391132E-07 0 1
vn 1.0111649E-07 0 1
vn -0 0 1
vn 0.0010888109 -0.0032709455 0.99999404
vn 0.001532759 -0.0046046036 0.9999882
vn 0.00011330051 -0.0038647242 0.9999926
vn 0.043202456 -0.015476576 0.9989465
vn 0.051948424 -0.016674977 0.99851054
vn 0.27823564 -0.020074269 0.960303
vn 0.110043906 -0.02229369 0.9936766
vn 0.083900146 0.0054993574 0.99645895
vn 0.07584213 0.019173114 0.9969355
vn 0.99728644 -0.014875332 0.07210051
vn 0.821738 -0.029584652 -0.569097
vn 0.8165683 -0.029701255 -0.57648414
vn 0.8166041 -0.022593712 -0.5767558
vn 0.81583554 -0.022674326 -0.57783926
vn 0.9531753 -0.0076305745 -0.30232185
vn 0.9531614 -0.007632176 -0.3023657
vn 0.9999974 -0.0023282135 2.3809891E-05
vn 0.9999974 -0.002328225 -2.3832949E-05
vn 0.9510475 -0.002253878 0.30903637
vn 0.9510617 -0.0022538889 0.30899292
vn 0.8090035 -0.0021861542 0.5877998
vn 0.80902666 -0.0021861624 0.5877679
vn 0.5877723 -0.0021315883 0.8090236
vn 0.5877959 -0.002131593 0.80900645
vn 0.3073457 -0.00209526 0.95159554
vn 0.3073617 -0.0020952614 0.9515905
vn -0 -0.0020812978 0.99999785
vn -0 -0.0020812978 0.99999785
vn -0.3073616 -0.0020952686 0.9515905
vn -0.30734566 -0.0020952672 0.95159554
vn -0.5877959 -0.0021316155 0.80900645
vn -0.58777225 -0.002131611 0.8090236
vn -0.80902666 -0.0021862108 0.5877679
vn -0.8090035 -0.0021862027 0.5877998
vn -0.9510617 -0.002253952 0.30899292
vn -0.9510475 -0.002253941 0.30903637
vn -0.9999974 -0.0023282233 -2.3832949E-05
vn -0.9999974 -0.002328212 2.3815895E-05
vn -0.95346284 -0.007606207 -0.30141473
vn -0.9534767 -0.0076045995 -0.30137086
vn -0.80849177 -0.012291058 -0.58837926
vn -0.8073249 -0.012283728 -0.58997935
vn -0.82053393 -0.006176087 -0.5715645
vn -0.81087524 -0.006710436 -0.58518064
vn -0.9655419 0.008036399 0.26012343
vn -0.9530735 0.006793221 0.3026629
vn -0.12564498 0.0011120223 0.9920746
vn -0.12676135 -0.008312012 0.9918984
vn -0.026718123 -0.045360494 0.99861336
vn -0.012933884 -0.069905035 0.9974698
vn -0.02932289 -0.0013774058 0.999569
vn -0.025385166 0.0006621879 0.99967754
vn -0.0001133076 -0.003864726 0.9999926
vn -0.0010888135 -0.0032709467 0.99999404
vn -0.0015327543 -0.0046046055 0.9999882
vn -0 0 1
vn -0 0 1
vn -0 0 1
vn -0 0 1
vn -0 0 1
vn -0 0 1
vn 0.007958114 -0.006733642 0.99994564
vn 0.0077669094 -0.006571857 0.99994826
vn 0.1712354 -0.12112311 0.9777564
vn 0.16840957 -0.11919221 0.9784842
vn 0.2421703 -0.18864693 0.9517173
vn 0.24188222 -0.18866195 0.95178765
vn 0.1813236 -0.16465044 0.9695422
vn 0.17875104 -0.16342391 0.9702271
vn -0.5108506 0.27385387 0.8148839
vn -0.50507146 0.26916072 0.8200338
vn -0.32305938 0.16575806 0.9317494
vn -0.37852317 0.20132741 0.903431
vn 0.025369838 -0.05348461 0.9982463
vn 0.025369834 -0.053484607 0.9982463
vn 0.52636033 -0.85011435 0.015824817
vn 0.52624243 -0.85021657 0.014169572
vn 0.52624243 -0.85021657 0.014169572
vn 0.52663195 -0.8498648 0.019715847
vn 0.5271589 -0.84931767 0.027622031
vn -0.53037274 -0.84720117 0.030901639
vn -0.52820694 -0.8486989 0.02659891
vn -0.52820694 -0.8486989 0.026598906
vn -0.53289336 -0.8454187 0.035942685
vn -0.5399938 -0.8401621 0.050341394
vn -0.26970208 0.14557688 0.9518762
vn -0.0011135071 -0.0027878426 0.99999547
vn 0.07086137 0.12624763 0.98946464
vn -0.055048488 0.26742497 0.96200496
vn -0.15161815 0.5215307 0.83965325
vn -0.39951453 0.21909724 0.89015985
vn 0.2088639 -0.1172118 0.97089505
vn 0.31348532 0.1520691 0.9373377
vn 0.20164844 0.0776891 0.97637206
vn 0.17203245 -0.09413114 0.98058355
vn 0.06137838 0.11969291 0.99091184
vn 0.004573804 0.0075988267 0.99996066
vn 0.00050504744 0.018267667 0.999833
vn 0.05767645 0.1293698 0.9899177
vn 0.03143014 0.13265909 0.9906633
vn 0.0032288092 0.024422064 0.9996965
vn 0.020027723 0.13642348 0.9904482
vn 0.00051796675 0.026735619 0.9996424
vn -0.0043481146 0.024349337 0.9996941
vn -0.017656483 0.14209934 0.98969495
vn -0.033072304 0.13152042 0.9907616
vn -0.0053929575 0.013674087 0.999892
vn -0.0051489365 0.0107865 0.9999286
vn -0.07364728 0.12002476 0.9900355
vn -0.017233318 0.025510618 0.999526
vn -0.09071055 0.12189387 0.9883894
vn -0.03535631 0.023868037 0.9990897
vn -0.14352314 0.08198982 0.98624474
vn -0.045306463 -0.0077603734 0.99894303
vn -0.044361413 -0.009845057 0.99896705
vn -0.16796978 0.069959395 0.9833066
vn -0.055048488 0.26742497 0.96200496
vn 0.07086137 0.12624763 0.98946464
vn 0.17366046 0.31467015 0.9331799
vn 0.1972222 0.35597116 0.91344845
vn 0.21885644 0.5743751 0.7887935
vn -0.15161815 0.5215307 0.83965325
vn 0.31348532 0.1520691 0.9373377
vn 0.46679652 0.82702106 0.31326854
vn 0.46166247 0.82843935 0.31710565
vn 0.4692389 0.82690924 0.3098966
vn 0.49430397 0.86928916 0
vn 0.49120376 0.8710447 1.2105534E-07
vn 0.49363172 0.86967105 0
vn 0.46836513 0.8266995 0.31177238
vn 0.49143475 0.87091434 2.3369708E-07
vn 0.3635137 0.4548848 0.8129807
vn 0.20164844 0.0776891 0.97637206
vn 0.4512624 0.83438367 0.3164905
vn 0.47470266 0.88014615 0.00018974562
vn 0.20974647 0.38765082 0.8976265
vn 0.06137838 0.11969291 0.99091184
vn 0.05767645 0.1293698 0.9899177
vn 0.35800448 0.87788093 0.318053
vn 0.3798172 0.92506117 -0.00082214794
vn 0.13817409 0.35244936 0.92557406
vn -0.00032721885 0.3669872 0.9302259
vn 0.03143014 0.13265909 0.9906633
vn 0.020027723 0.13642348 0.9904482
vn -0.017656483 0.14209934 0.98969495
vn 0.011200087 0.95146203 0.30756208
vn 0.002896166 0.99998546 -0.0045627076
vn -0.39889914 0.8634171 0.30885354
vn -0.4198921 0.90756357 -0.0043534404
vn -0.14098531 0.33303577 0.9323145
vn -0.033072304 0.13152042 0.9907616
vn -0.07364728 0.12002476 0.9900355
vn -0.09071055 0.12189387 0.9883894
vn -0.26751155 0.23063004 0.9355465
vn -0.14352314 0.08198982 0.98624474
vn -0.16796978 0.069959395 0.9833066
vn -0.70770013 0.63130057 0.3172069
vn -0.74879396 0.6627928 0.0036532134
vn -0.33651578 0.15185498 0.9293531
vn -0.5552447 0.15561226 0.81699955
vn -0.8769034 0.3739039 0.30205333
vn -0.9278122 0.3722354 0.024602685
vn -0.9361742 0.23362066 0.26267707
vn -0.9770065 0.21299429 -0.009579038
vn -0.40828627 -0.9127676 -0.012558195
vn -0.49585834 -0.8681551 -0.020763565
vn -0.4964877 -0.8678299 -0.019268246
vn -0.40061724 -0.9161531 -0.013018488
vn -0.35095203 -0.9363917 0.0018175186
vn -0.35183164 -0.93606204 0.0015329464
vn -0.24925369 -0.96843296 0.0031678334
vn -0.25363493 -0.9672925 0.003814826
vn -0.09500336 -0.9954266 0.010022366
vn -0.092617445 -0.9956475 0.010392982
vn 0.09079289 -0.99555343 0.025098613
vn 0.09845419 -0.994825 0.025098326
vn 0.3015287 -0.95304483 0.02803816
vn 0.31632897 -0.9482251 0.028374605
vn 0.4781125 -0.8777264 0.031699497
vn 0.4786935 -0.8774092 0.031710178
vn 0.680435 -0.73280245 0.0029710368
vn 0.6799668 -0.7332361 0.003161442
vn 0.81614673 -0.57638824 -0.04100384
vn 0.8224815 -0.5672132 -0.04234851
vn 0.8698342 -0.4904876 -0.053012326
vn 0.8698342 -0.4904876 -0.053012326
vn -0.03940738 0.035023436 -0.9986092
vn 0.0036073627 0.0060131354 -0.99997544
vn 0.28538802 0.41784713 -0.86252964
vn 0.24198852 0.4463978 -0.8614932
vn -0.5934924 0.41260296 -0.69103235
vn -0.39910984 0.69708145 -0.59564143
vn 0.4905871 0.7178189 -0.49402466
vn 0.44696367 0.746112 -0.49349818
vn -0.25774044 0.9040341 -0.3410166
vn -0.2070207 0.9783257 0.0046132496
vn 0.52055216 0.85380304 0.0067746765
vn 0.5642431 0.82558066 0.006802513
vn 0.48665574 0.7123105 0.5057469
vn 0.44303992 0.7406138 0.50518006
vn -0.26044512 0.9002281 0.34893784
vn 0.27858552 0.40832004 0.8692899
vn 0.2351927 0.43688288 0.8682268
vn -0.4038186 0.6904896 0.6001289
vn -0.0042701312 -0.005018955 0.9999783
vn -0.047271535 0.024013408 0.9985934
vn -0.598933 0.40497977 0.69084775
vn -0.28611937 -0.41695356 0.86271983
vn -0.32864606 -0.3873186 0.8613803
vn -0.7936403 0.12002978 0.5964293
vn -0.4914378 -0.71710026 0.4942227
vn -0.53355455 -0.6869435 0.49338445
vn -0.9356492 -0.08784404 0.34182465
vn -0.5651578 -0.8249551 -0.0067635784
vn -0.6071145 -0.7945855 -0.0067702984
vn -0.98668 -0.16260357 -0.0047569755
vn -0.48750073 -0.7115826 -0.50595784
vn -0.5296189 -0.6814272 -0.50513434
vn -0.9329326 -0.08402981 -0.35010836
vn -0.2793046 -0.40740836 -0.8694868
vn -0.32183927 -0.37778786 -0.86815655
vn 0.0036073627 0.0060131354 -0.99997544
vn -0.7889297 0.12662731 -0.60129493
vn -0.03940738 0.035023436 -0.9986092
vn -0.5934924 0.41260296 -0.69103235
vn 0.0053966464 0.0064624394 -0.9999646
vn 0.003547622 0.0038237912 -0.9999864
vn 0.29015094 0.4129794 -0.8632847
vn 0.2914801 0.4148778 -0.8619256
vn 0.499028 0.71150666 -0.4947012
vn 0.49942845 0.71207964 -0.4934712
vn 0.5738582 0.81892586 0.0068680868
vn 0.57385916 0.81892705 0.0066468157
vn 0.4944776 0.7062757 0.5066228
vn 0.4950016 0.7070216 0.5050682
vn 0.28233528 0.40398735 0.8701041
vn 0.28378806 0.40605876 0.86866593
vn -0.005393956 -0.0064584734 0.9999646
vn -0.0035413106 -0.0038146232 0.9999865
vn -0.29147115 -0.4148731 0.8619309
vn -0.29014197 -0.41297463 0.86329
vn -0.49942747 -0.71207696 0.49347606
vn -0.4990258 -0.71150225 0.49470976
vn -0.57386863 -0.8189202 -0.0066734897
vn -0.5738676 -0.818919 -0.0069042165
vn -0.49501526 -0.7070174 -0.50506073
vn -0.4944886 -0.7062677 -0.506623
vn -0.28379613 -0.40605754 -0.86866397
vn -0.28234208 -0.40398452 -0.8701032
vn 0.003547622 0.0038237912 -0.9999864
vn 0.0053966464 0.0064624394 -0.9999646
vn -0.16551757 0.05117522 -0.9848781
vn -0.17510027 -0.07063107 -0.9820139
vn 0.19642894 0.41421902 -0.8887285
vn 0.203459 0.5248061 -0.8265489
vn -0.5369202 0.3729182 -0.75673556
vn 0.51178294 0.71980876 -0.46899208
vn -0.32680425 0.6853672 -0.6507463
vn 0.41565958 0.76220214 -0.49626085
vn 0.5671882 0.78958994 -0.23419076
vn -0.17443298 0.91172147 -0.3719368
vn 0.47120407 0.88120604 0.037983388
vn -0.11970499 0.99279624 0.005120023
vn 0.5156994 0.74774605 0.41824618
vn 0.4062718 0.6716563 0.6195329
vn -0.17683436 0.907517 0.3809759
vn 0.4150759 0.6005261 0.6834328
vn 0.50995 0.737492 0.44278273
vn 0.5098601 0.7386343 0.4409787
vn 0.2808613 0.40611756 0.8695893
vn 0.25802612 0.42248496 0.8688665
vn -0.33104467 0.67788804 0.6564124
vn -0.0038680288 -0.0061717643 0.99997354
vn -0.026164806 0.0104284575 0.99960333
vn -0.5420059 0.363972 0.75746554
vn -0.28750578 -0.41670495 0.8623789
vn -0.30955395 -0.4002816 0.86252594
vn -0.7536275 0.049261935 0.6554532
vn -0.4454471 -0.6459308 0.61995995
vn -0.49393398 -0.6496332 0.5779325
vn -0.90864146 -0.1810874 0.37626868
vn -0.55114675 -0.79911244 0.2401176
vn -0.5381073 -0.80788493 0.240338
vn -0.6234792 -0.7817224 0.0135514345
vn -0.5615119 -0.8040079 -0.19564173
vn -0.9645345 -0.26390663 -0.005135027
vn -0.5429023 -0.7369363 -0.40271848
vn -0.57242054 -0.67429036 -0.46654814
vn -0.905919 -0.17636226 -0.38497669
vn -0.42152324 -0.49111435 -0.7623155
vn -0.428694 -0.3990658 -0.8105356
vn -0.17510027 -0.07063107 -0.9820139
vn -0.7490418 0.057271846 -0.66004276
vn -0.16551757 0.05117522 -0.9848781
vn -0.5369202 0.3729182 -0.75673556
vn -0.8245005 0.5658488 -0.0037571636
vn -0.82554126 0.56433225 -0.0032742764
vn -0.8255399 0.56433433 -0.0032757623
vn -0.82450235 0.56584597 -0.003757187
vn -0.8234745 0.56734395 -0.003250099
vn -0.8234759 0.567342 -0.0032515693
vn -0.82272977 0.5684296 -0.0018964667
vn -0.82273024 0.5684289 -0.0018979119
vn -0.82245636 0.56882834 -7.126271E-05
vn -0.82245636 0.5688283 -7.1230774E-05
vn -0.8227366 0.56842005 0.001749747
vn -0.8227372 0.56841934 0.0017512144
vn -0.8234946 0.56731576 0.0030806924
vn -0.8234961 0.5673137 0.0030821466
vn -0.824529 0.56580853 0.0035622634
vn -0.82453084 0.56580573 0.0035622625
vn -0.82557094 0.5642901 0.0030560438
vn -0.8255723 0.564288 0.0030545376
vn -0.82632357 0.56319296 0.0017064491
vn -0.82632405 0.5631923 0.0017050188
vn -0.82659066 0.56280357 -0.00011841526
vn -0.8265907 0.56280357 -0.000118390824
vn -0.82630736 0.56321603 -0.0019436175
vn -0.82630783 0.56321543 -0.0019421336
vn -0.8255399 0.56433433 -0.0032757623
vn -0.82554126 0.56433225 -0.0032742764
vn 0.76610523 -0.06523168 -0.63939625
vn 0.16835128 -0.10617203 -0.97999257
vn 0.5685113 -0.37668467 -0.73137105
vn 0.43288356 0.30757564 -0.84735405
vn 0.9148722 0.16259038 -0.36955813
vn -0.16686265 0.11471198 -0.9792844
vn 0.62753606 0.60871327 -0.48545498
vn 0.9709764 0.2391655 0.0021883077
vn 0.110939704 0.51972044 -0.8471027
vn -0.5362763 0.3844428 -0.7514064
vn -0.30687743 0.68660325 -0.65909195
vn 0.3112281 0.8172735 -0.4849754
vn -0.14280818 0.9131126 -0.38187858
vn 0.69920945 0.7148755 0.0076885684
vn 0.91876173 0.14346808 0.36782297
vn 0.37878188 0.9254472 0.008465606
vn -0.09412106 0.99556077 0.00016745951
vn 0.6285649 0.5975106 0.49788278
vn 0.77562034 -0.09282587 0.6243368
vn 0.29568285 0.81528 0.49788556
vn -0.1734987 0.91132313 0.37334764
vn 0.4353237 0.28951272 0.85245275
vn 0.5840473 -0.3996646 0.7065104
vn 0.08590565 0.5185494 0.8507213
vn -0.3531264 0.69037837 0.6314107
vn 0.17225286 -0.12484023 0.9771099
vn 0.3960853 -0.69421625 0.60098267
vn -0.19295916 0.1167907 0.9742313
vn -0.5784609 0.4002564 0.71075857
vn -0.089797586 -0.5341344 0.84061694
vn 0.2585034 -0.9037817 0.34110805
vn -0.4664163 -0.2824971 0.83824295
vn -0.789396 0.11933111 0.60217434
vn -0.28149253 -0.8301992 0.481177
vn 0.2040324 -0.9789382 -0.0071229236
vn -0.6627753 -0.57440186 0.4804076
vn -0.93622375 -0.08501592 0.3409652
vn -0.35263705 -0.9357433 -0.0056375703
vn 0.24666302 -0.90009207 -0.3591541
vn -0.7307451 -0.6826327 -0.0049069854
vn -0.98602366 -0.16637269 -0.008807197
vn -0.28445348 -0.8228399 -0.4919559
vn 0.37856588 -0.68211365 -0.6256267
vn -0.6519848 -0.5782083 -0.49050078
vn -0.92505586 -0.10328524 -0.36551878
vn -0.09418367 -0.51991904 -0.8490075
vn 0.5685113 -0.37668467 -0.73137105
vn 0.16835128 -0.10617203 -0.97999257
vn -0.44613075 -0.28711116 -0.8476641
vn -0.7627744 0.095342316 -0.6395976
vn -0.16686265 0.11471198 -0.9792844
vn -0.5362763 0.3844428 -0.7514064
vn 0.8289998 -0.5592287 0.0047495705
vn 0.82898974 -0.5592434 0.0047791474
vn 0.82974434 -0.5581438 0.000179583
vn 0.82974476 -0.55814314 0.00013497785
vn 0.82909036 -0.55909634 -0.0045098313
vn 0.8290787 -0.5591135 -0.00454707
vn 0.8271936 -0.5618601 -0.007992736
vn 0.8271797 -0.5618804 -0.008007474
vn 0.8245328 -0.56573755 -0.009314584
vn 0.8245287 -0.56574357 -0.009314682
vn 0.82184416 -0.5696547 -0.008098452
vn 0.8218523 -0.569643 -0.008106611
vn 0.8199098 -0.57247394 -0.0046338337
vn 0.8199198 -0.5724594 -0.0046652495
vn 0.81923085 -0.57346386 5.917237E-05
vn 0.8192306 -0.57346416 1.4582014E-05
vn 0.81995326 -0.57241136 0.0046890695
vn 0.81994146 -0.57242846 0.004652719
vn 0.8218644 -0.56962645 0.008047631
vn 0.82185066 -0.5696464 0.0080337655
vn 0.8244525 -0.56585526 0.009268462
vn 0.8244487 -0.5658608 0.009268432
vn 0.827051 -0.5620687 0.008082426
vn 0.82705885 -0.56205744 0.00807473
vn 0.82898974 -0.5592434 0.0047791474
vn 0.8289998 -0.5592287 0.0047495705
vn -0.83739626 0.54642534 -0.0136677725
vn -0.8317202 0.5547016 -0.023402216
vn -0.83172375 0.5546964 -0.023398615
vn -0.837354 0.54648703 -0.013790779
vn -0.8396356 0.5431502 -0.00017690829
vn -0.839631 0.543157 -0.00042487824
vn -0.83778334 0.54583126 0.01368441
vn -0.8378604 0.5457193 0.013428201
vn -0.83218896 0.553965 0.024172999
vn -0.8323113 0.55378693 0.024038846
vn -0.8242729 0.5654861 0.028279824
vn -0.8243553 0.565366 0.028276557
vn -0.8162335 0.5771954 0.024663765
vn -0.81622934 0.5772014 0.024659641
vn -0.8103902 0.585716 0.014298446
vn -0.81034577 0.58578086 0.014159258
vn -0.80835485 0.5886955 0.00019993306
vn -0.8083576 0.58869183 -6.218153E-05
vn -0.81059855 0.58544356 -0.013632619
vn -0.8106837 0.5853198 -0.013878946
vn -0.816395 0.5770162 -0.023486286
vn -0.8165135 0.57684374 -0.023601256
vn -0.8240896 0.5658162 -0.026987687
vn -0.824163 0.5657093 -0.026987016
vn -0.83172375 0.5546964 -0.023398615
vn -0.8317202 0.5547016 -0.023402216
vn -0.82452464 0.56582606 -0.00013968433
vn -0.82452375 0.5658273 -3.5138826E-05
vn -0.82452464 0.56582606 -0.0001396843
vn -0.82452506 0.5658256 -7.5620796E-05
vn -0.82452506 0.5658256 -7.562179E-05
vn -0.8245245 0.5658262 -7.064271E-05
vn -0.8245245 0.5658262 -7.0642855E-05
vn -0.8245236 0.56582737 -9.027648E-05
vn -0.8245236 0.56582737 -9.027653E-05
vn -0.82452214 0.56582963 -0.0001329853
vn -0.8245222 0.56582963 -0.00013298527
vn -0.82452756 0.56582177 -0.00021084235
vn 0.51116025 0.7694524 0.38295975
vn 0.5171196 0.7530911 0.40674463
vn 0.42384946 0.6299682 0.65076244
vn 0.41979793 0.6243204 0.6587821
vn 0.4954838 0.75440884 0.4305383
vn 0.26485887 0.3973561 0.87861127
vn 0.26681644 0.4002577 0.8767
vn -0.017504431 -0.01200763 0.99977463
vn -0.009699135 -0.00091372 0.99995255
vn -0.29934695 -0.40602717 0.86344266
vn -0.29881334 -0.40529636 0.86397076
vn -0.4782337 -0.67020637 0.5675526
vn -0.49288213 -0.6820122 0.5403022
vn -0.5479917 -0.79099625 0.27208453
vn -0.5051534 -0.8397563 0.19907096
vn -0.55394673 -0.7835504 0.2814104
vn -0.5392947 -0.80726534 0.23975812
vn -0.80661833 0.5897346 0.039748333
vn -0.8066184 0.5897346 0.03974833
vn -0.80960584 0.586201 0.030112527
vn -0.81054413 0.5850539 0.027022097
vn -0.81548387 0.57825804 0.024567122
vn -0.8161961 0.57721466 0.025438383
vn -0.8238462 0.56604534 0.029496493
vn -0.82423276 0.56548333 0.029478656
vn -0.8406858 0.5404567 0.03397096
vn -0.840051 0.5414584 0.03372035
vn -0.8679329 0.4961987 0.021893224
vn -0.8665932 0.49846923 0.023337835
vn -0.8798977 0.4750854 0.008584824
vn -0.8798977 0.4750854 0.008584825
vn 0.87062234 -0.48308265 0.09299429
vn 0.88793033 -0.44398135 0.12025142
vn 0.88793033 -0.44398135 0.12025142
vn 0.8706705 -0.4829821 0.09306583
vn 0.8476004 -0.52205807 0.0950201
vn 0.84822214 -0.5212404 0.09395595
vn 0.81903225 -0.56159824 0.11744528
vn 0.81142485 -0.5722667 0.11874667
vn 0.7742969 -0.62172 0.11801864
vn 0.7720147 -0.624634 0.11758251
vn 0.71964574 -0.6891234 0.08496496
vn 0.7228751 -0.68540525 0.08758523
vn 0.6944558 -0.7165906 0.06503082
vn 0.6944558 -0.7165905 0.06503082
vn -0 0 1
vn -0 0 1
vn -0.30743444 0 0.9515692
vn -0.30743444 0 0.9515692
vn -0.58778584 0 0.8090166
vn -0.58778584 0 0.8090166
vn -0.8090176 0 0.58778447
vn -0.8090176 0 0.58778447
vn -0.95105624 0 0.30901775
vn -0.95105624 0 0.30901775
vn -1 0 1.7398004E-06
vn -1 0 1.7398004E-06
vn -0.95105654 0 -0.30901706
vn -0.95105654 0 -0.30901706
vn -0.80901676 0 -0.58778554
vn -0.80901676 0 -0.58778554
vn -0.58778626 0 -0.8090163
vn -0.58778626 0 -0.8090163
vn -0.30743417 0 -0.9515693
vn -0.30743417 0 -0.9515693
vn -0 0 -1
vn -0 0 -1
vn 0.30743417 0 -0.9515693
vn 0.30743417 0 -0.9515693
vn 0.58778626 0 -0.8090163
vn 0.58778626 0 -0.8090163
vn 0.8090176 0 -0.5877844
vn 0.8090176 0 -0.5877844
vn 0.9510572 0 -0.30901498
vn 0.9510572 0 -0.30901498
vn 1 0 0
vn 1 0 0
vn 0.9510569 0 0.30901575
vn 0.9510569 0 0.30901575
vn 0.8090176 0 0.58778447
vn 0.8090176 0 0.58778447
vn 0.58778584 0 0.8090166
vn 0.58778584 0 0.8090166
vn 0.30743444 0 0.9515692
vn 0.30743444 0 0.9515692
vn -0 0 1
vn -0 0 1
vn -0.0056524808 0.99998367 0.0008362394
vn -0 1 -9.066923E-07
vn -0 1 0
vn -0.005120695 0.9999862 0.0011854323
vn -0 1 2.159279E-06
vn -0 1 3.3049746E-06
vn -0 1 3.3049746E-06
vn -0.0036907608 0.99998903 0.0028794704
vn -0.004072366 0.99987066 -0.015559339
vn -0.0031105496 0.99998605 0.0042785387
vn -0.0001793222 0.9999939 0.0034745703
vn -0.00016750065 0.99999475 0.0032455141
vn -0 1 6.24835E-07
vn -0 1 6.662579E-07
vn -0 1 3.656865E-07
vn -0 1 3.081091E-07
vn -0 1 0
vn -0 1 0
vn -0 1 3.5291495E-07
vn -0 1 3.3549284E-07
vn -0 1 3.395944E-07
vn -0 1 3.5341301E-07
vn -0 1 3.528994E-07
vn -0 1 3.441863E-07
vn -0 1 0
vn -0 1 0
vn -0 1 7.057989E-07
vn -0 1 6.883726E-07
vn -0 1 7.0682603E-07
vn -0 1 6.791889E-07
vn -0 1 3.35493E-07
vn -0 1 3.529147E-07
vn -0 1 0
vn -0 1 0
vn -0 1 -3.3841403E-07
vn -0 1 -3.2865847E-07
vn -0 1 0
vn -0 1 0
vn 0.0004745883 0.9999776 0.0066759447
vn 0.00048266252 0.9999769 0.006789524
vn 0.0061427234 0.99994016 0.009053978
vn 0.0078060725 0.99995804 0.0047895685
vn 0.010776003 0.99993885 0.0024953044
vn 0.011748832 0.9999299 0.0014732607
vn 0.0026089342 0.9990344 -0.043857753
vn -0 1 -1.13336846E-07
vn -0 1 0
vn -0 1 1.5018992E-06
vn -0 1 3.3049746E-06
vn -0 1 3.3049746E-06
vn -0.07615616 0.015355955 0.9969777
vn -0.065538436 -0.0021052563 0.9978479
vn -0.07866575 0.015349216 0.9967829
vn -0.07575015 0.0113111995 0.9970626
vn -0.0312903 -0.047443107 0.99838376
vn -0.05190374 0.009470571 0.9986072
vn -0.035425074 0.04183401 0.9984964
vn -0.0743552 0.022900816 0.9969688
vn -0.018059187 -0.007981873 0.99980503
vn -0.0129776355 0.0100435335 0.9998653
vn -0.00024266884 -0.037815746 0.9992847
vn 0.007445173 -0.0021185204 0.9999701
vn 0.012657373 0.012072753 0.99984705
vn 0.036122177 0.02502642 0.9990339
vn -0.051740382 -0.0042469413 0.99865156
vn 0.10434463 0.03794209 0.99381715
vn 0.035425108 0.04183374 0.9984964
vn 0.10916946 0.028932223 0.993602
vn 0.11557704 0.038988695 0.99253297
vn -0.1769704 -0.041197255 0.9833536
vn -0.18743211 0.006786795 0.9822542
vn -0.2553479 -0.06828102 0.96443516
vn -0.0074789636 0.1597795 0.98712444
vn -0.06499555 0.22578634 0.9720062
vn -0.13764441 0.0692241 0.9880598
vn -0.60235876 -0.7975114 -0.03375535
vn -0.60235876 -0.7975115 -0.03375536
vn -0.4833117 -0.87486875 -0.031850632
vn -0.47905648 -0.87720877 -0.031773932
vn -0.31697235 -0.9480095 -0.028398847
vn -0.30269244 -0.952675 -0.02806381
vn -0.0987166 -0.9947914 -0.025400586
vn -0.090366654 -0.9955843 -0.025412608
vn 0.10541536 -0.9943752 -0.010273345
vn 0.107785895 -0.99412525 -0.0098581035
vn 0.24272081 -0.97008497 -0.0046727583
vn 0.24664271 -0.96909136 -0.005420494
vn 0.35800105 -0.93370557 -0.0053933007
vn 0.35731238 -0.9339685 -0.005544683
vn 0.41811717 -0.90833324 0.010427198
vn 0.41320086 -0.9105883 0.00969416
vn 0.48249823 -0.8754547 0.02782915
vn 0.48215201 -0.8756725 0.026967699
vn -0.7675045 -0.6399718 -0.037052285
vn -0.7675046 -0.6399717 -0.03705228
vn -0.7675046 -0.63997173 -0.037052285
vn -0.7675047 -0.63997173 -0.037052292
vn 0.18620783 0.02387947 0.9822202
vn 0.031049816 0.016991269 0.9993735
vn 0.03975868 -0.00022494077 0.9992093
vn 0.10709905 0.07244009 0.9916059
vn 0.090601265 0.11818056 0.9888502
vn 0.015532057 0.021849837 0.9996406
vn 0.07514364 0.11834509 0.9901252
vn 0.0043833503 0.009484557 0.9999454
vn 0.03313482 0.12540029 0.99155265
vn 0.004916748 0.012226885 0.9999132
vn 0.0035732114 0.021104874 0.99977094
vn 0.019260501 0.14192836 0.9896896
vn -0.0204581 0.13578509 0.99052703
vn -0.000432515 0.023207746 0.9997305
vn -0.011320887 0.00538102 0.99992144
vn -0.043720335 0.12330736 0.991405
vn 0.003051063 -0.030934114 0.9995167
vn -0.07089419 0.13216761 0.9886889
vn -0.06855872 0.102939725 0.99232215
vn 0.022582013 -0.08404536 0.9962059
vn -0.11884416 -0.17292789 0.97773814
vn -0.1936366 0.067857966 0.97872376
vn -0.1543175 -0.16725633 0.97376144
vn -0.279807 0.1448664 0.9490636
vn 0.14942148 0.52323157 0.83898866
vn 0.39621207 0.2230326 0.8906585
vn 0.2657807 0.14654137 0.95283055
vn 0.053780235 0.26784316 0.9619604
vn -0.070935495 0.12615564 0.9894711
vn 0.0011011043 -0.0034405373 0.99999356
vn 0.053780235 0.26784316 0.9619604
vn -0.17366023 0.31466985 0.9331801
vn -0.070935495 0.12615564 0.9894711
vn -0.19789912 0.3538178 0.9141384
vn -0.21857785 0.57329255 0.7896578
vn 0.14942148 0.52323157 0.83898866
vn -0.279807 0.1448664 0.9490636
vn -0.46698263 0.82669866 0.31384158
vn -0.4616622 0.8284392 0.31710634
vn -0.46944803 0.82632154 0.31114516
vn -0.49430397 0.86928916 0
vn -0.49120376 0.8710447 -1.2105534E-07
vn -0.49363172 0.86967105 0
vn -0.467892 0.82655984 0.31285125
vn -0.49143475 0.87091434 -2.3369708E-07
vn -0.35224885 0.4790919 0.8039849
vn -0.1936366 0.067857966 0.97872376
vn -0.45040292 0.83441794 0.3176222
vn -0.47470266 0.88014615 -0.00018974562
vn -0.23028117 0.4158377 0.87980086
vn -0.06855872 0.102939725 0.99232215
vn -0.07089419 0.13216761 0.9886889
vn -0.3552521 0.87537944 0.32788235
vn -0.3798172 0.92506117 0.000822148
vn -0.15177314 0.3775532 0.91346514
vn 0.0010721642 0.37900135 0.92539555
vn -0.043720335 0.12330736 0.991405
vn -0.0204581 0.13578509 0.99052703
vn 0.019260501 0.14192836 0.9896896
vn -0.0033352172 0.94441545 0.3287373
vn -0.002896166 0.99998546 0.0045627076
vn 0.40397775 0.854591 0.32630706
vn 0.41991338 0.90755373 0.004353142
vn 0.159659 0.35804832 0.91995126
vn 0.3569291 0.28774038 0.8887109
vn 0.03313482 0.12540029 0.99155265
vn 0.07514364 0.11834509 0.9901252
vn 0.090601265 0.11818056 0.9888502
vn 0.10709905 0.07244009 0.9916059
vn 0.18620783 0.02387947 0.9822202
vn 0.26895794 0.0054437113 0.9631365
vn 0.71451813 0.62486804 0.31464854
vn 0.7488043 0.66278106 -0.0036531547
vn 0.6103137 0.16188768 0.7754415
vn 0.90033853 0.32246983 0.29223913
vn 0.9279321 0.3719648 -0.024172837
vn 0.42270067 0.017963195 0.90609133
vn 0.32374924 0.016925 0.9459915
vn 0.3219703 0.061769493 0.94473255
vn 0.93930364 0.20882192 0.27221712
vn 0.97707593 0.21270062 0.009003287
vn 0.98626536 -0.010404453 0.16484018
vn 0.15445198 0.007567667 0.98797137
vn 0.016020507 0.0031769369 0.9998666
vn 0.33509168 0.0024346742 0.9421824
vn 0.0858104 0.0011740593 0.9963108
vn -0.055090882 0.0011734631 0.9984806
vn -0.017187158 0.0025357655 0.9998491
vn 0.028701114 0.0025644272 0.99958473
vn 0.36141148 0.009282686 0.93236023
vn 0.016928723 0.003644967 0.99985003
vn 0.112419255 0.16334023 0.98014385
vn 0.016287785 0.0038600718 0.9998599
vn -0.08577208 0.003851293 0.9963074
vn -0.10918967 0.004870599 0.994009
vn -0.34283262 0.0023876894 0.93939346
vn -0.41021067 -0.00055477605 0.9119906
vn -0.36758742 0.007926115 0.9299552
vn 0.7813142 0.007192031 0.6240965
vn 0.894659 0.00299676 0.44673964
vn 0.8666177 0.005701813 0.49894014
vn 0.99983954 -0.011370249 -0.013837999
vn 0.99964964 -0.008799272 0.024964795
vn 0.08403374 0.006368127 0.9964425
vn 0.24657965 0.02524337 0.9687937
vn 0.025606852 0.00065559393 0.9996718
vn 0.022659604 -0.00059555244 0.99974304
vn 0.018239623 -0.00067991426 0.99983335
vn 0.023762476 0.009618174 0.99967134
vn 0.00937094 0.0021303922 0.99995387
vn -2.5431124E-05 0.029460015 0.9995659
vn 2.6804524E-05 0.012208356 0.9999255
vn -0.009331766 0.0021238604 0.9999542
vn -0.023514582 0.009596001 0.9996774
vn -0.018197626 -0.00068872154 0.9998342
vn -0.08206099 0.0063049463 0.9966074
vn -0.022594294 -0.0006069265 0.9997445
vn -0.025607042 0.00065559003 0.9996718
vn -0.24553448 0.025733784 0.96904624
vn -0.7404044 0.002660266 0.6721564
vn -0.8516856 -0.0019241258 0.5240497
vn -0.81339574 0.00074573536 0.5817102
vn -0.9836143 -0.016272606 0.17954983
vn -0.99963963 -0.008891393 -0.02533141
vn -0.99983144 -0.011610255 0.014221616
vn -0 -0.00094023213 0.99999964
vn 0.00937094 0.0021303922 0.99995387
vn 0.018239623 -0.00067991426 0.99983335
vn 2.6804524E-05 0.012208356 0.9999255
vn -0.009331766 0.0021238604 0.9999542
vn -0.018197626 -0.00068872154 0.9998342
vn 0.46071953 0.0004492419 0.8875456
vn 0.356716 0.00047634126 0.93421274
vn 0.35671595 0.0004763412 0.93421274
vn 0.46072224 0.00044924114 0.8875443
vn 0.933846 0 0.35767522
vn 0.9338478 0 0.3576707
vn 0.08621729 0 0.9962763
vn 0.08621729 0 0.9962763
vn -0.08621729 0 0.9962763
vn -0.08621729 0 0.9962763
vn -0.933846 0 0.3576752
vn -0.9338478 0 0.3576707
vn -0.4607196 0.00044924195 0.8875456
vn -0.46072236 0.0004492411 0.8875442
vn -0.35671598 0.0004763412 0.93421274
vn -0.356716 0.00047634126 0.93421274
vn 0.02888441 -0.99603695 0.08411977
vn -0.0043710223 -0.99998176 0.0041676704
vn 0.043599136 -0.99248344 0.11434962
vn -0.0005797333 -0.99999976 0.00034119605
vn -0 -1 0
vn -0 -1 0
vn -0 -1 0
vn 0.0005797272 -0.99999976 0.0003414519
vn -0 -1 0
vn 0.0043710154 -0.99998176 0.0041700634
vn -0.028884333 -0.99603564 0.084135495
vn -0.04359907 -0.9924811 0.11436991
vn -0 1 -8.96503E-05
vn 1.6629592E-05 1 9.382915E-06
vn 5.156028E-06 1 -5.7554975E-05
vn 2.1369919E-05 1 1.6617556E-05
vn 1.7244914E-05 1 1.7696133E-05
vn 1.738816E-06 1 -3.4593866E-06
vn 7.800374E-07 1 -3.483808E-05
vn 2.5520168E-07 1 -1.1397834E-05
vn -1.324978E-06 1 -2.542576E-06
vn 1.0598284E-07 1 -1.2920715E-05
vn 2.642407E-07 1 -3.2214448E-05
vn -1.6536536E-05 1 8.539426E-06
vn -2.209232E-05 1 1.7342354E-05
vn -1.7768296E-05 1 1.4790802E-05
vn -5.3404524E-06 1 -2.6906935E-05
vn -0 1 -4.482515E-05
vn 1 0 0
vn 1 0 0
vn 0.9522446 0.30533636 0
vn 0.9522446 0.30533636 0
vn -0 1 0
vn -0 1 0
vn -0.952245 0.3053352 0
vn -0.952245 0.3053352 0
vn -1 0 0
vn -1 0 0
vn -0 1 -1.1551335E-06
vn -0 1 0
vn -0 1 0
vn -0 1 0
vn -0 1 0
vn -0 1 -3.7930738E-06
vn -0 1 -4.49271E-06
vn -0 1 -4.49271E-06
vn 0.607922 0.003707483 0.793988
vn 0.7106655 0.27550295 0.64734274
vn 0.7511301 0.0103701465 0.66007274
vn 0.5828217 0.29355848 0.75772166
vn 0.48601994 0.72448844 0.48877522
vn 0.3850118 0.70354897 0.59731466
vn 0.20379826 0.69587696 0.6886375
vn 0.33215746 0.28573883 0.89890194
vn 0.34909353 0 0.93708783
vn -0 1.7154765E-07 1
vn -0 0.29049894 0.95687526
vn -0 0.6943971 0.719592
vn -0.20379898 0.6958768 0.68863744
vn -0.33215886 0.2857386 0.89890146
vn -0.349095 0 0.9370873
vn -0.6079232 0.0037088443 0.7939872
vn -0.5829926 0.29381981 0.7574889
vn -0.38514435 0.7038549 0.5968684
vn -0.48621863 0.7255427 0.48701048
vn -0.7109732 0.27576867 0.64689165
vn -0.751125 0.010373864 0.66007847
vn -0 -0.9957681 0.091901965
vn -0 -0.9957681 0.09190196
vn 0.018403944 -0.9992656 0.033606872
vn 0.02095894 -0.9969995 0.07451615
vn 0.030323945 -0.9993315 0.020425735
vn 0.019715242 -0.9997981 0.003869984
vn 0.017250529 -0.99985087 0.00086388155
vn 0.016781697 -0.9997861 -0.012091204
vn 0.061685666 -0.99807113 0.00700589
vn 0.016269306 -0.9995016 0.02705204
vn 0.016686346 -0.9997863 -0.012207113
vn 0.020010505 -0.99977916 -0.006419628
vn 0.019950207 -0.9997793 -0.0065824296
vn 0.021300595 -0.9997731 8.655398E-05
vn 0.021291997 -0.9997733 -0.000106491105
vn 0.02051777 -0.99976665 0.006758591
vn 0.020569688 -0.9997669 0.006570934
vn 0.017662575 -0.9997603 0.01293104
vn 0.017760389 -0.99976057 0.012784599
vn 0.012959227 -0.9997551 0.0179424
vn 0.013068423 -0.9997551 0.017857855
vn 0.0068189385 -0.99975115 0.02123789
vn 0.006902398 -0.99975127 0.02120904
vn -0 -0.9997495 0.022382835
vn -0 -0.9997495 0.022382835
vn -0.0069023985 -0.99975127 0.021208867
vn -0.0068189385 -0.99975115 0.02123771
vn -0.013068422 -0.9997551 0.017858213
vn -0.012959227 -0.9997551 0.017942743
vn -0.017760377 -0.99976057 0.0127838645
vn -0.017662568 -0.99976045 0.012930375
vn -0.020569628 -0.9997669 0.0065700985
vn -0.020517712 -0.99976665 0.0067576882
vn -0.021291934 -0.9997733 -0.00010615454
vn -0.02130053 -0.9997731 8.6892935E-05
vn -0.019950192 -0.9997793 -0.006582265
vn -0.020010484 -0.99977916 -0.0064194477
vn -0.016686343 -0.9997863 -0.0122071095
vn -0.016781695 -0.9997861 -0.012091201
vn -0.019715238 -0.9997981 0.0038696488
vn -0.017250525 -0.99985087 0.00086359284
vn -0.018403977 -0.99926573 0.033606373
vn -0.030323934 -0.9993315 0.02042535
vn -0.061685655 -0.998071 0.0070065935
vn -0.01617837 -0.99949574 0.02732203
vn -0.020958735 -0.9969995 0.07451627
vn -0 -0.9957681 0.091901965
vn -0 -0.9957681 0.09190196
vn 0.9993937 0.033811934 -0.008306341
vn 0.9999589 0.0028216804 -0.008625251
vn 0.9999589 0.0028216804 -0.008625249
vn 0.9991423 0.040582832 -0.008234467
vn 0.7557453 0.6461373 0.106562585
vn 0.28241977 0.25537446 0.92467445
vn 0.122272015 0.86938894 0.47876126
vn 0.12227201 0.86938894 0.4787612
vn 0.12227203 0.86938894 0.47876132
vn 0.12227201 0.86938894 0.4787612
vn -0.04127717 -0.9984059 0.038495615
vn -0.35205337 -0.9285794 0.117467865
vn -0.038281213 -0.9985549 0.037719734
vn -0.009272171 -0.9995011 0.03019331
vn -0.009272171 -0.9995011 0.03019331
vn -0 0 1
vn -0 0 1
vn -0 0 1
vn -0 0 1
vn -0 0 1
vn -0.9994326 0.032387618 0.009238457
vn -0.9999639 0.0015893235 0.008346867
vn -0.9999639 0.0015893235 0.008346867
vn -0.9991462 0.040215686 0.009463797
vn -0.75589895 0.65436566 0.020555446
vn -0.7543297 0.65145093 -0.08123023
vn -0.14091699 0.85080844 0.50622857
vn -0.14091697 0.85080844 0.50622857
vn -0.14091699 0.85080844 0.50622857
vn -0.14091699 0.85080844 0.50622857
vn 0.04012935 -0.92461014 0.37879512
vn 0.67263484 -0.7399746 0
vn 0.6305747 -0.77596676 0.015848992
vn 0.021744201 -0.9230719 0.38401222
vn -0.018905777 -0.92359084 0.3829132
vn -0.04629234 -0.9275602 0.3707952
vn -0.59771097 -0.8013801 0.023056306
vn -0.6601693 -0.7511168 0
vn -0.9595821 -0.0003067783 0.28142887
vn -0.9595821 -0.0003067783 0.28142887
vn -0.94481885 0.0005748445 0.32759264
vn -0.9439538 0.0006226742 0.3300771
vn -0.16675748 0.01159153 0.9859298
vn -0.16425622 0.011605145 0.9863494
vn 0.17827338 0.0115267895 0.9839135
vn 0.18013085 0.011515888 0.98357534
vn 0.95873094 -0.0012199986 0.28431243
vn 0.9588575 -0.0011697807 0.28388566
vn 0.9559541 -0.0023034187 0.29350716
vn 0.9559541 -0.0023034187 0.2935072
vn -0.8155135 -0.57253015 -0.084539875
vn -0.8155135 -0.57253015 -0.08453988
vn -0.8155135 -0.5725301 -0.084539875
vn -0.8155135 -0.5725302 -0.08453988
vn -0.46836036 -0.67476404 0.57037884
vn -0.55067366 -0.8089285 0.2058959
vn -0.59446275 -0.78334236 0.18162839
vn -0.3660053 -0.7225205 0.58651876
vn -0.28029168 -0.4169117 0.8646509
vn -0.23942025 -0.44093183 0.86501855
vn -0.0044196905 -0.008160269 0.99995697
vn 0.04007265 -0.03122747 0.9987087
vn 0.27612564 0.40927887 0.8696237
vn 0.31726858 0.38013825 0.8688128
vn 0.41277266 0.60790825 0.67828184
vn 0.28464442 -0.71138173 0.64258343
vn 0.48147315 -0.34696814 0.8048582
vn 0.35347286 -0.87324274 0.33541635
vn 0.75725645 0.0029219596 0.65311116
vn -0.19501321 -0.9789601 0.060057763
vn 0.46015406 -0.88344294 0.08824303
vn 0.47426546 -0.8787645 -0.053339455
vn -0.21442647 -0.9536674 -0.21104454
vn -0.5038234 -0.82690775 -0.24977073
vn 0.47898722 0.57739615 0.66119957
vn 0.8885923 0.16469483 0.4281114
vn 0.5209355 0.75766873 0.3931467
vn 0.5242069 0.70437735 0.4786018
vn 0.7082171 0.6926653 0.13654125
vn 0.96155876 0.26565912 0.06949682
vn 0.7318458 0.67339474 -0.1046013
vn 0.9579291 0.27401817 -0.08535777
vn 0.82587165 -0.5637558 0.010738679
vn 0.8316445 -0.5552823 -0.0053942236
vn 0.8212405 -0.57018435 0.021300532
vn 0.8255327 -0.5643537 0.00082128815
vn 0.8213671 -0.57038426 -0.004240499
vn 0.82311416 -0.5677805 0.010411733
vn 0.8238246 -0.56671697 -0.012038768
vn 0.8238254 -0.5667161 -0.012023996
vn 0.8248836 -0.5651499 0.0131375855
vn 0.8123609 -0.5831498 0.0025121344
vn 0.8145219 -0.5798544 0.01796948
vn 0.8145219 -0.5798544 0.017969478
vn -0.88149947 0.47218403 0.0010235282
vn -0.8825964 0.47013146 0
vn -0.8825949 0.4701309 0.0017854172
vn -0.8706169 0.4919615 1.10358634E-07
vn -0.868653 0.49539268 0.0053110146
vn -0.8800195 0.47493768 0
vn -0.86279774 0.50548655 0.007958362
vn -0.86219597 0.50653857 0.0060732258
vn -0.8608176 0.50891364 1.5964066E-07
vn 0.8814992 0.47218445 0.001023528
vn 0.88259494 0.47013077 0.0017854174
vn 0.8825964 0.47013146 0
vn 0.8706169 0.4919615 -1.1030302E-07
vn 0.8686528 0.49539295 0.0053107627
vn 0.8800188 0.47493902 0
vn 0.86279804 0.50548625 0.007957987
vn 0.86219597 0.5065384 0.0060728653
vn 0.8608176 0.50891364 -1.5964066E-07
vn 0.016269304 -0.9995016 -0.027052099
vn 0.03032393 -0.9993315 -0.020425348
vn 0.020484302 -0.9994387 -0.026508998
vn 0.009207024 -0.99993014 -0.007420511
vn 0.0082359705 -0.99996614 -0.00022800628
vn 0.008235971 -0.99996614 -0.00022800628
vn 0.041242685 -0.9991492 0.00023546086
vn 0.21370871 -0.97689736 3.9400065E-06
vn 0.008235971 -0.99996614 -0.00022800628
vn 0.21370871 -0.97689736 0
vn 0.33690533 -0.9415385 -1.7777893E-05
vn 0.3369774 -0.9415128 0
vn 0.47125116 -0.88199914 0
vn 0.47125116 -0.88199914 -1.7147897E-05
vn 0.4972657 -0.86759835 0
vn 0.499013 -0.8665945 0
vn 0.4940215 -0.8694497 -4.2153424E-06
vn 0.49516332 -0.8687996 0.0006640695
vn 0.50430065 -0.8635282 -2.813072E-05
vn 0.49541655 -0.86865544 -0.00056344265
vn 0.5071021 -0.861886 -1.0215175E-06
vn 0.5200966 -0.85410583 0.0016905784
vn 0.52113533 -0.85347086 0.0023565586
vn 0.52123517 -0.85341305 -0.00019186114
vn -0.41508132 0.09074178 -0.9052477
vn 0.004473796 -0.12458976 -0.9921983
vn 0.0044737956 -0.12458975 -0.9921983
vn -0.3871033 0.07540759 -0.91894764
vn -0.55163264 0.16010225 -0.8185773
vn -0.5623558 0.16732056 -0.80979
vn 0.15206143 -0.19549203 -0.9688448
vn 0.15535183 -0.1966923 -0.96807957
vn 0.22366104 -0.20863676 -0.95207477
vn 0.22414641 -0.20840676 -0.95201105
vn 0.16840951 -0.11919215 -0.9784842
vn 0.17123535 -0.12112305 -0.9777565
vn 0.00776688 -0.006571861 -0.99994826
vn 0.007958085 -0.0067336466 -0.99994564
vn -0 0 -1
vn -0 0 -1
vn -0 0 -1
vn -1.0391132E-07 0 -1
vn -1.0111649E-07 0 -1
vn -0 0 -1
vn -0.0010888109 -0.0032709455 -0.99999404
vn -0.001532759 -0.0046046036 -0.9999882
vn -0.00011330051 -0.0038647242 -0.9999926
vn -0.043202456 -0.015476576 -0.9989465
vn -0.051948424 -0.016674977 -0.99851054
vn -0.27823564 -0.020074269 -0.960303
vn -0.110043906 -0.02229369 -0.9936766
vn -0.083900146 0.0054993574 -0.99645895
vn -0.07584213 0.019173114 -0.9969355
vn -0.99728644 -0.014875332 -0.07210051
vn -0.821738 -0.029584652 0.569097
vn -0.8165683 -0.029701255 0.57648414
vn -0.8166041 -0.022593712 0.5767558
vn -0.81583554 -0.022674326 0.57783926
vn -0.9531753 -0.0076305745 0.30232185
vn -0.9531614 -0.007632176 0.3023657
vn -0.9999974 -0.0023282135 -2.3809891E-05
vn -0.9999974 -0.002328225 2.3832949E-05
vn -0.9510475 -0.002253878 -0.30903637
vn -0.9510617 -0.0022538889 -0.30899292
vn -0.8090035 -0.0021861542 -0.5877998
vn -0.80902666 -0.0021861624 -0.5877679
vn -0.5877723 -0.0021315883 -0.8090236
vn -0.5877959 -0.002131593 -0.80900645
vn -0.3073457 -0.00209526 -0.95159554
vn -0.3073617 -0.0020952614 -0.9515905
vn -0 -0.0020812978 -0.99999785
vn -0 -0.0020812978 -0.99999785
vn 0.3073616 -0.0020952686 -0.9515905
vn 0.30734566 -0.0020952672 -0.95159554
vn 0.5877959 -0.0021316155 -0.80900645
vn 0.58777225 -0.002131611 -0.8090236
vn 0.80902666 -0.0021862108 -0.5877679
vn 0.8090035 -0.0021862027 -0.5877998
vn 0.9510617 -0.002253952 -0.30899292
vn 0.9510475 -0.002253941 -0.30903637
vn 0.9999974 -0.0023282233 2.3832949E-05
vn 0.9999974 -0.002328212 -2.3815895E-05
vn 0.95346284 -0.007606207 0.30141473
vn 0.9534767 -0.0076045995 0.30137086
vn 0.80849177 -0.012291058 0.58837926
vn 0.8073249 -0.012283728 0.58997935
vn 0.82053393 -0.006176087 0.5715645
vn 0.81087524 -0.006710436 0.58518064
vn 0.9655419 0.008036399 -0.26012343
vn 0.9530735 0.006793221 -0.3026629
vn 0.12564498 0.0011120223 -0.9920746
vn 0.12676135 -0.008312012 -0.9918984
vn 0.026718123 -0.045360494 -0.99861336
vn 0.012933884 -0.069905035 -0.9974698
vn 0.02932289 -0.0013774058 -0.999569
vn 0.025385166 0.0006621879 -0.99967754
vn 0.0001133076 -0.003864726 -0.9999926
vn 0.0010888135 -0.0032709467 -0.99999404
vn 0.0015327543 -0.0046046055 -0.9999882
vn -0 0 -1
vn -0 0 -1
vn -0 0 -1
vn -0 0 -1
vn -0 0 -1
vn -0 0 -1
vn -0.007958114 -0.006733642 -0.99994564
vn -0.0077669094 -0.006571857 -0.99994826
vn -0.1712354 -0.12112311 -0.9777564
vn -0.16840957 -0.11919221 -0.9784842
vn -0.2421703 -0.18864693 -0.9517173
vn -0.24188222 -0.18866195 -0.95178765
vn -0.1813236 -0.16465044 -0.9695422
vn -0.17875104 -0.16342391 -0.9702271
vn 0.5108506 0.27385387 -0.8148839
vn 0.50507146 0.26916072 -0.8200338
vn 0.32305938 0.16575806 -0.9317494
vn 0.37852317 0.20132741 -0.903431
vn -0.025369838 -0.05348461 -0.9982463
vn -0.025369834 -0.053484607 -0.9982463
vn -0.52636033 -0.85011435 -0.015824817
vn -0.52624243 -0.85021657 -0.014169572
vn -0.52624243 -0.85021657 -0.014169572
vn -0.52663195 -0.8498648 -0.019715847
vn -0.5271589 -0.84931767 -0.027622031
vn 0.53037274 -0.84720117 -0.030901639
vn 0.52820694 -0.8486989 -0.02659891
vn 0.52820694 -0.8486989 -0.026598906
vn 0.53289336 -0.8454187 -0.035942685
vn 0.5399938 -0.8401621 -0.050341394
vn 0.26970208 0.14557688 -0.9518762
vn 0.0011135071 -0.0027878426 -0.99999547
vn -0.07086137 0.12624763 -0.98946464
vn 0.055048488 0.26742497 -0.96200496
vn 0.15161815 0.5215307 -0.83965325
vn 0.39951453 0.21909724 -0.89015985
vn -0.2088639 -0.1172118 -0.97089505
vn -0.31348532 0.1520691 -0.9373377
vn -0.20164844 0.0776891 -0.97637206
vn -0.17203245 -0.09413114 -0.98058355
vn -0.06137838 0.11969291 -0.99091184
vn -0.004573804 0.0075988267 -0.99996066
vn -0.00050504744 0.018267667 -0.999833
vn -0.05767645 0.1293698 -0.9899177
vn -0.03143014 0.13265909 -0.9906633
vn -0.0032288092 0.024422064 -0.9996965
vn -0.020027723 0.13642348 -0.9904482
vn -0.00051796675 0.026735619 -0.9996424
vn 0.0043481146 0.024349337 -0.9996941
vn 0.017656483 0.14209934 -0.98969495
vn 0.033072304 0.13152042 -0.9907616
vn 0.0053929575 0.013674087 -0.999892
vn 0.0051489365 0.0107865 -0.9999286
vn 0.07364728 0.12002476 -0.9900355
vn 0.017233318 0.025510618 -0.999526
vn 0.09071055 0.12189387 -0.9883894
vn 0.03535631 0.023868037 -0.9990897
vn 0.14352314 0.08198982 -0.98624474
vn 0.045306463 -0.0077603734 -0.99894303
vn 0.044361413 -0.009845057 -0.99896705
vn 0.16796978 0.069959395 -0.9833066
vn 0.055048488 0.26742497 -0.96200496
vn -0.07086137 0.12624763 -0.98946464
vn -0.17366046 0.31467015 -0.9331799
vn -0.1972222 0.35597116 -0.91344845
vn -0.21885644 0.5743751 -0.7887935
vn 0.15161815 0.5215307 -0.83965325
vn -0.31348532 0.1520691 -0.9373377
vn -0.46679652 0.82702106 -0.31326854
vn -0.46166247 0.82843935 -0.31710565
vn -0.4692389 0.82690924 -0.3098966
vn -0.49430397 0.86928916 0
vn -0.49120376 0.8710447 -1.2105534E-07
vn -0.49363172 0.86967105 0
vn -0.46836513 0.8266995 -0.31177238
vn -0.49143475 0.87091434 -2.3369708E-07
vn -0.3635137 0.4548848 -0.8129807
vn -0.20164844 0.0776891 -0.97637206
vn -0.4512624 0.83438367 -0.3164905
vn -0.47470266 0.88014615 -0.00018974562
vn -0.20974647 0.38765082 -0.8976265
vn -0.06137838 0.11969291 -0.99091184
vn -0.05767645 0.1293698 -0.9899177
vn -0.35800448 0.87788093 -0.318053
vn -0.3798172 0.92506117 0.000822148
vn -0.13817409 0.35244936 -0.92557406
vn 0.00032721885 0.3669872 -0.9302259
vn -0.03143014 0.13265909 -0.9906633
vn -0.020027723 0.13642348 -0.9904482
vn 0.017656483 0.14209934 -0.98969495
vn -0.011200087 0.95146203 -0.30756208
vn -0.002896166 0.99998546 0.0045627076
vn 0.39889914 0.8634171 -0.30885354
vn 0.41991338 0.90755373 0.004353142
vn 0.14098531 0.33303577 -0.9323145
vn 0.033072304 0.13152042 -0.9907616
vn 0.07364728 0.12002476 -0.9900355
vn 0.09071055 0.12189387 -0.9883894
vn 0.26751155 0.23063004 -0.9355465
vn 0.14352314 0.08198982 -0.98624474
vn 0.16796978 0.069959395 -0.9833066
vn 0.70770013 0.63130057 -0.3172069
vn 0.7488043 0.66278106 -0.0036531547
vn 0.33651578 0.15185498 -0.9293531
vn 0.5552447 0.15561226 -0.81699955
vn 0.876796 0.37377295 -0.30252716
vn 0.9279321 0.3719648 -0.024172837
vn 0.9361492 0.23271488 -0.2635689
vn 0.97707593 0.21270062 0.009003287
vn 0.40828627 -0.9127676 0.012558195
vn 0.49585834 -0.8681551 0.020763565
vn 0.4964877 -0.8678299 0.019268246
vn 0.40061724 -0.9161531 0.013018488
vn 0.35095203 -0.9363917 -0.0018175186
vn 0.35183164 -0.93606204 -0.0015329464
vn 0.24925369 -0.96843296 -0.0031678334
vn 0.25363493 -0.9672925 -0.003814826
vn 0.09500336 -0.9954266 -0.010022366
vn 0.092617445 -0.9956475 -0.010392982
vn -0.09079289 -0.99555343 -0.025098613
vn -0.09845419 -0.994825 -0.025098326
vn -0.3015287 -0.95304483 -0.02803816
vn -0.31632897 -0.9482251 -0.028374605
vn -0.4781125 -0.8777264 -0.031699497
vn -0.4786935 -0.8774092 -0.031710178
vn -0.680435 -0.73280245 -0.0029710368
vn -0.6799668 -0.7332361 -0.003161442
vn -0.81614673 -0.57638824 0.04100384
vn -0.8224815 -0.5672132 0.04234851
vn -0.8698342 -0.4904876 0.053012326
vn -0.8698342 -0.4904876 0.053012326
vn 0.03940738 0.035023436 0.9986092
vn -0.0036073627 0.0060131354 0.99997544
vn -0.28538802 0.41784713 0.86252964
vn -0.24198852 0.4463978 0.8614932
vn 0.5934924 0.41260296 0.69103235
vn 0.39910984 0.69708145 0.59564143
vn -0.4905871 0.7178189 0.49402466
vn -0.44696367 0.746112 0.49349818
vn 0.25774044 0.9040341 0.3410166
vn 0.2070207 0.9783257 -0.0046132496
vn -0.52055216 0.85380304 -0.0067746765
vn -0.5642431 0.82558066 -0.006802513
vn -0.48665574 0.7123105 -0.5057469
vn -0.44303992 0.7406138 -0.50518006
vn 0.26044512 0.9002281 -0.34893784
vn -0.27858552 0.40832004 -0.8692899
vn -0.2351927 0.43688288 -0.8682268
vn 0.4038186 0.6904896 -0.6001289
vn 0.0042701312 -0.005018955 -0.9999783
vn 0.047271535 0.024013408 -0.9985934
vn 0.598933 0.40497977 -0.69084775
vn 0.28611937 -0.41695356 -0.86271983
vn 0.32864606 -0.3873186 -0.8613803
vn 0.7936403 0.12002978 -0.5964293
vn 0.4914378 -0.71710026 -0.4942227
vn 0.53355455 -0.6869435 -0.49338445
vn 0.9356492 -0.08784404 -0.34182465
vn 0.5651578 -0.8249551 0.0067635784
vn 0.6071145 -0.7945855 0.0067702984
vn 0.98668 -0.16260357 0.0047569755
vn 0.48750073 -0.7115826 0.50595784
vn 0.5296189 -0.6814272 0.50513434
vn 0.9329326 -0.08402981 0.35010836
vn 0.2793046 -0.40740836 0.8694868
vn 0.32183927 -0.37778786 0.86815655
vn -0.0036073627 0.0060131354 0.99997544
vn 0.7889297 0.12662731 0.60129493
vn 0.03940738 0.035023436 0.9986092
vn 0.5934924 0.41260296 0.69103235
vn -0.0053966464 0.0064624394 0.9999646
vn -0.003547622 0.0038237912 0.9999864
vn -0.29015094 0.4129794 0.8632847
vn -0.2914801 0.4148778 0.8619256
vn -0.499028 0.71150666 0.4947012
vn -0.49942845 0.71207964 0.4934712
vn -0.5738582 0.81892586 -0.0068680868
vn -0.57385916 0.81892705 -0.0066468157
vn -0.4944776 0.7062757 -0.5066228
vn -0.4950016 0.7070216 -0.5050682
vn -0.28233528 0.40398735 -0.8701041
vn -0.28378806 0.40605876 -0.86866593
vn 0.005393956 -0.0064584734 -0.9999646
vn 0.0035413106 -0.0038146232 -0.9999865
vn 0.29147115 -0.4148731 -0.8619309
vn 0.29014197 -0.41297463 -0.86329
vn 0.49942747 -0.71207696 -0.49347606
vn 0.4990258 -0.71150225 -0.49470976
vn 0.57386863 -0.8189202 0.0066734897
vn 0.5738676 -0.818919 0.0069042165
vn 0.49501526 -0.7070174 0.50506073
vn 0.4944886 -0.7062677 0.506623
vn 0.28379613 -0.40605754 0.86866397
vn 0.28234208 -0.40398452 0.8701032
vn -0.003547622 0.0038237912 0.9999864
vn -0.0053966464 0.0064624394 0.9999646
vn 0.16363163 0.050015427 0.9852528
vn 0.17450151 -0.07378299 0.9818887
vn -0.20092288 0.41539866 0.8871719
vn -0.20558013 0.52385604 0.8266267
vn 0.5369202 0.3729182 0.75673556
vn -0.5123517 0.7185357 0.4703213
vn 0.32680425 0.6853672 0.6507463
vn -0.41604853 0.76109225 0.49763677
vn -0.5671882 0.78958994 0.23419076
vn 0.17443298 0.91172147 0.3719368
vn -0.47120407 0.88120604 -0.037983388
vn 0.11970499 0.99279624 -0.005120023
vn -0.5156994 0.74774605 -0.41824618
vn -0.4062718 0.6716563 -0.6195329
vn 0.17683436 0.907517 -0.3809759
vn -0.4150759 0.6005261 -0.6834328
vn -0.50995 0.737492 -0.44278273
vn -0.5098601 0.7386343 -0.4409787
vn -0.2808613 0.40611756 -0.8695893
vn -0.25802612 0.42248496 -0.8688665
vn 0.33104467 0.67788804 -0.6564124
vn 0.0038680288 -0.0061717643 -0.99997354
vn 0.026164806 0.0104284575 -0.99960333
vn 0.5420059 0.363972 -0.75746554
vn 0.28750578 -0.41670495 -0.8623789
vn 0.30955395 -0.4002816 -0.86252594
vn 0.7536275 0.049261935 -0.6554532
vn 0.4454471 -0.6459308 -0.61995995
vn 0.49393398 -0.6496332 -0.5779325
vn 0.90864146 -0.1810874 -0.37626868
vn 0.55114675 -0.79911244 -0.2401176
vn 0.5381073 -0.80788493 -0.240338
vn 0.6234792 -0.7817224 -0.0135514345
vn 0.5615119 -0.8040079 0.19564173
vn 0.9645345 -0.26390663 0.005135027
vn 0.542289 -0.73700243 0.40342295
vn 0.57158303 -0.67392147 0.46810552
vn 0.905919 -0.17636226 0.38497669
vn 0.41951793 -0.49103695 0.76347065
vn 0.42701867 -0.39924893 0.81132936
vn 0.17450151 -0.07378299 0.9818887
vn 0.7490418 0.057271846 0.66004276
vn 0.16363163 0.050015427 0.9852528
vn 0.5369202 0.3729182 0.75673556
vn 0.8245005 0.5658488 0.0037571636
vn 0.82554126 0.56433225 0.0032742764
vn 0.8255399 0.56433433 0.0032757623
vn 0.82450235 0.56584597 0.003757187
vn 0.8234745 0.56734395 0.003250099
vn 0.8234759 0.567342 0.0032515693
vn 0.82272977 0.5684296 0.0018964667
vn 0.82273024 0.5684289 0.0018979119
vn 0.82245636 0.56882834 7.126271E-05
vn 0.82245636 0.5688283 7.1230774E-05
vn 0.8227366 0.56842005 -0.001749747
vn 0.8227372 0.56841934 -0.0017512144
vn 0.8234946 0.56731576 -0.0030806924
vn 0.8234961 0.5673137 -0.0030821466
vn 0.824529 0.56580853 -0.0035622634
vn 0.82453084 0.56580573 -0.0035622625
vn 0.82557094 0.5642901 -0.0030560438
vn 0.8255723 0.564288 -0.0030545376
vn 0.82632357 0.56319296 -0.0017064491
vn 0.82632405 0.5631923 -0.0017050188
vn 0.82659066 0.56280357 0.00011841526
vn 0.8265907 0.56280357 0.000118390824
vn 0.82630736 0.56321603 0.0019436175
vn 0.82630783 0.56321543 0.0019421336
vn 0.8255399 0.56433433 0.0032757623
vn 0.82554126 0.56433225 0.0032742764
vn -0.76610523 -0.06523168 0.63939625
vn -0.16835128 -0.10617203 0.97999257
vn -0.5685113 -0.37668467 0.73137105
vn -0.43288356 0.30757564 0.84735405
vn -0.9148722 0.16259038 0.36955813
vn 0.16686265 0.11471198 0.9792844
vn -0.62753606 0.60871327 0.48545498
vn -0.9709764 0.2391655 -0.0021883077
vn -0.110939704 0.51972044 0.8471027
vn 0.5362763 0.3844428 0.7514064
vn 0.30687743 0.68660325 0.65909195
vn -0.3112281 0.8172735 0.4849754
vn 0.14280818 0.9131126 0.38187858
vn -0.69920945 0.7148755 -0.0076885684
vn -0.91876173 0.14346808 -0.36782297
vn -0.37878188 0.9254472 -0.008465606
vn 0.09412106 0.99556077 -0.00016745951
vn -0.6285649 0.5975106 -0.49788278
vn -0.77562034 -0.09282587 -0.6243368
vn -0.29568285 0.81528 -0.49788556
vn 0.1734987 0.91132313 -0.37334764
vn -0.4353237 0.28951272 -0.85245275
vn -0.5840473 -0.3996646 -0.7065104
vn -0.08590565 0.5185494 -0.8507213
vn 0.3531264 0.69037837 -0.6314107
vn -0.17225286 -0.12484023 -0.9771099
vn -0.3960853 -0.69421625 -0.60098267
vn 0.19295916 0.1167907 -0.9742313
vn 0.5784609 0.4002564 -0.71075857
vn 0.089797586 -0.5341344 -0.84061694
vn -0.2585034 -0.9037817 -0.34110805
vn 0.4664163 -0.2824971 -0.83824295
vn 0.789396 0.11933111 -0.60217434
vn 0.28149253 -0.8301992 -0.481177
vn -0.2040324 -0.9789382 0.0071229236
vn 0.6627753 -0.57440186 -0.4804076
vn 0.93622375 -0.08501592 -0.3409652
vn 0.35263705 -0.9357433 0.0056375703
vn -0.24666302 -0.90009207 0.3591541
vn 0.7307451 -0.6826327 0.0049069854
vn 0.98602366 -0.16637269 0.008807197
vn 0.28445348 -0.8228399 0.4919559
vn -0.37856588 -0.68211365 0.6256267
vn 0.6519848 -0.5782083 0.49050078
vn 0.92505586 -0.10328524 0.36551878
vn 0.09418367 -0.51991904 0.8490075
vn -0.5685113 -0.37668467 0.73137105
vn -0.16835128 -0.10617203 0.97999257
vn 0.44613075 -0.28711116 0.8476641
vn 0.7627744 0.095342316 0.6395976
vn 0.16686265 0.11471198 0.9792844
vn 0.5362763 0.3844428 0.7514064
vn -0.8289998 -0.5592287 -0.0047495705
vn -0.82898974 -0.5592434 -0.0047791474
vn -0.82974434 -0.5581438 -0.000179583
vn -0.82974476 -0.55814314 -0.00013497785
vn -0.82909036 -0.55909634 0.0045098313
vn -0.8290787 -0.5591135 0.00454707
vn -0.8271936 -0.5618601 0.007992736
vn -0.8271797 -0.5618804 0.008007474
vn -0.8245328 -0.56573755 0.009314584
vn -0.8245287 -0.56574357 0.009314682
vn -0.82184416 -0.5696547 0.008098452
vn -0.8218523 -0.569643 0.008106611
vn -0.8199098 -0.57247394 0.0046338337
vn -0.8199198 -0.5724594 0.0046652495
vn -0.81923085 -0.57346386 -5.917237E-05
vn -0.8192306 -0.57346416 -1.4582014E-05
vn -0.81995326 -0.57241136 -0.0046890695
vn -0.81994146 -0.57242846 -0.004652719
vn -0.8218644 -0.56962645 -0.008047631
vn -0.82185066 -0.5696464 -0.0080337655
vn -0.8244525 -0.56585526 -0.009268462
vn -0.8244487 -0.5658608 -0.009268432
vn -0.827051 -0.5620687 -0.008082426
vn -0.82705885 -0.56205744 -0.00807473
vn -0.82898974 -0.5592434 -0.0047791474
vn -0.8289998 -0.5592287 -0.0047495705
vn 0.83739626 0.54642534 0.0136677725
vn 0.8317202 0.5547016 0.023402216
vn 0.83172375 0.5546964 0.023398615
vn 0.837354 0.54648703 0.013790779
vn 0.8396356 0.5431502 0.00017690829
vn 0.839631 0.543157 0.00042487824
vn 0.83778334 0.54583126 -0.01368441
vn 0.8378604 0.5457193 -0.013428201
vn 0.83218896 0.553965 -0.024172999
vn 0.8323113 0.55378693 -0.024038846
vn 0.8242729 0.5654861 -0.028279824
vn 0.8243553 0.565366 -0.028276557
vn 0.8162335 0.5771954 -0.024663765
vn 0.81622934 0.5772014 -0.024659641
vn 0.8103902 0.585716 -0.014298446
vn 0.81034577 0.58578086 -0.014159258
vn 0.80835485 0.5886955 -0.00019993306
vn 0.8083576 0.58869183 6.218153E-05
vn 0.81059855 0.58544356 0.013632619
vn 0.8106837 0.5853198 0.013878946
vn 0.816395 0.5770162 0.023486286
vn 0.8165135 0.57684374 0.023601256
vn 0.8240896 0.5658162 0.026987687
vn 0.824163 0.5657093 0.026987016
vn 0.83172375 0.5546964 0.023398615
vn 0.8317202 0.5547016 0.023402216
vn 0.82452464 0.56582606 0.00013968433
vn 0.82452375 0.5658273 3.5138826E-05
vn 0.82452464 0.56582606 0.0001396843
vn 0.82452506 0.5658256 7.5620796E-05
vn 0.82452506 0.5658256 7.562179E-05
vn 0.8245245 0.5658262 7.064271E-05
vn 0.8245245 0.5658262 7.0642855E-05
vn 0.8245236 0.56582737 9.027648E-05
vn 0.8245236 0.56582737 9.027653E-05
vn 0.82452214 0.56582963 0.0001329853
vn 0.8245222 0.56582963 0.00013298527
vn 0.82452756 0.56582177 0.00021084235
vn -0.51116025 0.7694524 -0.38295975
vn -0.5171196 0.7530911 -0.40674463
vn -0.42384946 0.6299682 -0.65076244
vn -0.41979793 0.6243204 -0.6587821
vn -0.4954838 0.75440884 -0.4305383
vn -0.26485887 0.3973561 -0.87861127
vn -0.26681644 0.4002577 -0.8767
vn 0.017504431 -0.01200763 -0.99977463
vn 0.009699135 -0.00091372 -0.99995255
vn 0.29934695 -0.40602717 -0.86344266
vn 0.29881334 -0.40529636 -0.86397076
vn 0.4782337 -0.67020637 -0.5675526
vn 0.49288213 -0.6820122 -0.5403022
vn 0.5479917 -0.79099625 -0.27208453
vn 0.5051534 -0.8397563 -0.19907096
vn 0.55394673 -0.7835504 -0.2814104
vn 0.5392947 -0.80726534 -0.23975812
vn 0.80661833 0.5897346 -0.039748333
vn 0.8066184 0.5897346 -0.03974833
vn 0.80960584 0.586201 -0.030112527
vn 0.81054413 0.5850539 -0.027022097
vn 0.81548387 0.57825804 -0.024567122
vn 0.8161961 0.57721466 -0.025438383
vn 0.8238462 0.56604534 -0.029496493
vn 0.82423276 0.56548333 -0.029478656
vn 0.8406858 0.5404567 -0.03397096
vn 0.840051 0.5414584 -0.03372035
vn 0.8679329 0.4961987 -0.021893224
vn 0.8665932 0.49846923 -0.023337835
vn 0.8798977 0.4750854 -0.008584824
vn 0.8798977 0.4750854 -0.008584825
vn -0.87062234 -0.48308265 -0.09299429
vn -0.88793033 -0.44398135 -0.12025142
vn -0.88793033 -0.44398135 -0.12025142
vn -0.8706705 -0.4829821 -0.09306583
vn -0.8476004 -0.52205807 -0.0950201
vn -0.84822214 -0.5212404 -0.09395595
vn -0.81903225 -0.56159824 -0.11744528
vn -0.81142485 -0.5722667 -0.11874667
vn -0.7742969 -0.62172 -0.11801864
vn -0.7720147 -0.624634 -0.11758251
vn -0.71964574 -0.6891234 -0.08496496
vn -0.7228751 -0.68540525 -0.08758523
vn -0.6944558 -0.7165906 -0.06503082
vn -0.6944558 -0.7165905 -0.06503082
vn -0 0 -1
vn -0 0 -1
vn 0.30743444 0 -0.9515692
vn 0.30743444 0 -0.9515692
vn 0.58778584 0 -0.8090166
vn 0.58778584 0 -0.8090166
vn 0.8090176 0 -0.58778447
vn 0.8090176 0 -0.58778447
vn 0.95105624 0 -0.30901775
vn 0.95105624 0 -0.30901775
vn 1 0 -1.7398004E-06
vn 1 0 -1.7398004E-06
vn 0.95105654 0 0.30901706
vn 0.95105654 0 0.30901706
vn 0.80901676 0 0.58778554
vn 0.80901676 0 0.58778554
vn 0.58778626 0 0.8090163
vn 0.58778626 0 0.8090163
vn 0.30743417 0 0.9515693
vn 0.30743417 0 0.9515693
vn -0 0 1
vn -0 0 1
vn -0.30743417 0 0.9515693
vn -0.30743417 0 0.9515693
vn -0.58778626 0 0.8090163
vn -0.58778626 0 0.8090163
vn -0.8090176 0 0.5877844
vn -0.8090176 0 0.5877844
vn -0.9510572 0 0.30901498
vn -0.9510572 0 0.30901498
vn -1 0 0
vn -1 0 0
vn -0.9510569 0 -0.30901575
vn -0.9510569 0 -0.30901575
vn -0.8090176 0 -0.58778447
vn -0.8090176 0 -0.58778447
vn -0.58778584 0 -0.8090166
vn -0.58778584 0 -0.8090166
vn -0.30743444 0 -0.9515692
vn -0.30743444 0 -0.9515692
vn -0 0 -1
vn -0 0 -1
vn 0.0056524808 0.99998367 -0.0008362394
vn -0 1 9.066923E-07
vn -0 1 0
vn 0.005120695 0.9999862 -0.0011854323
vn -0 1 -2.159279E-06
vn -0 1 -3.3049746E-06
vn -0 1 -3.3049746E-06
vn 0.0036907608 0.99998903 -0.0028794704
vn 0.004072366 0.99987066 0.015559339
vn 0.0031105496 0.99998605 -0.0042785387
vn 0.0001793222 0.9999939 -0.0034745703
vn 0.00016750065 0.99999475 -0.0032455141
vn -0 1 -6.24835E-07
vn -0 1 -6.662579E-07
vn -0 1 -3.656865E-07
vn -0 1 -3.081091E-07
vn -0 1 0
vn -0 1 0
vn -0 1 -3.5291495E-07
vn -0 1 -3.3549284E-07
vn -0 1 -3.395944E-07
vn -0 1 -3.5341301E-07
vn -0 1 -3.528994E-07
vn -0 1 -3.441863E-07
vn -0 1 0
vn -0 1 0
vn -0 1 -7.057989E-07
vn -0 1 -6.883726E-07
vn -0 1 -7.0682603E-07
vn -0 1 -6.791889E-07
vn -0 1 -3.35493E-07
vn -0 1 -3.529147E-07
vn -0 1 0
vn -0 1 0
vn -0 1 3.3841403E-07
vn -0 1 3.2865847E-07
vn -0 1 0
vn -0 1 0
vn -0.0004745883 0.9999776 -0.0066759447
vn -0.00048266252 0.9999769 -0.006789524
vn -0.0061427234 0.99994016 -0.009053978
vn -0.0078060725 0.99995804 -0.0047895685
vn -0.010776003 0.99993885 -0.0024953044
vn -0.011748832 0.9999299 -0.0014732607
vn -0.0026089342 0.9990344 0.043857753
vn -0 1 1.13336846E-07
vn -0 1 0
vn -0 1 -1.5018992E-06
vn -0 1 -3.3049746E-06
vn -0 1 -3.3049746E-06
vn 0.07615616 0.015355955 -0.9969777
vn 0.065538436 -0.0021052563 -0.9978479
vn 0.07866575 0.015349216 -0.9967829
vn 0.07575015 0.0113111995 -0.9970626
vn 0.0312903 -0.047443107 -0.99838376
vn 0.05190374 0.009470571 -0.9986072
vn 0.035425074 0.04183401 -0.9984964
vn 0.0743552 0.022900816 -0.9969688
vn 0.018059187 -0.007981873 -0.99980503
vn 0.0129776355 0.0100435335 -0.9998653
vn 0.00024266884 -0.037815746 -0.9992847
vn -0.007445173 -0.0021185204 -0.9999701
vn -0.012657373 0.012072753 -0.99984705
vn -0.036122177 0.02502642 -0.9990339
vn 0.051740382 -0.0042469413 -0.99865156
vn -0.10434463 0.03794209 -0.99381715
vn -0.035425108 0.04183374 -0.9984964
vn -0.10916946 0.028932223 -0.993602
vn -0.11557704 0.038988695 -0.99253297
vn 0.1769704 -0.041197255 -0.9833536
vn 0.18743211 0.006786795 -0.9822542
vn 0.2553479 -0.06828102 -0.96443516
vn 0.0074789636 0.1597795 -0.98712444
vn 0.06499555 0.22578634 -0.9720062
vn 0.13764441 0.0692241 -0.9880598
vn 0.60235876 -0.7975114 0.03375535
vn 0.60235876 -0.7975115 0.03375536
vn 0.4833117 -0.87486875 0.031850632
vn 0.47905648 -0.87720877 0.031773932
vn 0.31697235 -0.9480095 0.028398847
vn 0.30269244 -0.952675 0.02806381
vn 0.0987166 -0.9947914 0.025400586
vn 0.090366654 -0.9955843 0.025412608
vn -0.10541536 -0.9943752 0.010273345
vn -0.107785895 -0.99412525 0.0098581035
vn -0.24272081 -0.97008497 0.0046727583
vn -0.24664271 -0.96909136 0.005420494
vn -0.35800105 -0.93370557 0.0053933007
vn -0.35731238 -0.9339685 0.005544683
vn -0.41811717 -0.90833324 -0.010427198
vn -0.41320086 -0.9105883 -0.00969416
vn -0.48249823 -0.8754547 -0.02782915
vn -0.48215201 -0.8756725 -0.026967699
vn 0.7675045 -0.6399718 0.037052285
vn 0.7675046 -0.6399717 0.03705228
vn 0.7675046 -0.63997173 0.037052285
vn 0.7675047 -0.63997173 0.037052292
vn -0.18620783 0.02387947 -0.9822202
vn -0.031049816 0.016991269 -0.9993735
vn -0.03975868 -0.00022494077 -0.9992093
vn -0.10709905 0.07244009 -0.9916059
vn -0.090601265 0.11818056 -0.9888502
vn -0.015532057 0.021849837 -0.9996406
vn -0.07514364 0.11834509 -0.9901252
vn -0.0043833503 0.009484557 -0.9999454
vn -0.03313482 0.12540029 -0.99155265
vn -0.004916748 0.012226885 -0.9999132
vn -0.0035732114 0.021104874 -0.99977094
vn -0.019260501 0.14192836 -0.9896896
vn 0.0204581 0.13578509 -0.99052703
vn 0.000432515 0.023207746 -0.9997305
vn 0.011320887 0.00538102 -0.99992144
vn 0.043720335 0.12330736 -0.991405
vn -0.003051063 -0.030934114 -0.9995167
vn 0.07089419 0.13216761 -0.9886889
vn 0.06855872 0.102939725 -0.99232215
vn -0.022582013 -0.08404536 -0.9962059
vn 0.11884416 -0.17292789 -0.97773814
vn 0.1936366 0.067857966 -0.97872376
vn 0.1543175 -0.16725633 -0.97376144
vn 0.279807 0.1448664 -0.9490636
vn -0.14942148 0.52323157 -0.83898866
vn -0.39621207 0.2230326 -0.8906585
vn -0.2657807 0.14654137 -0.95283055
vn -0.053780235 0.26784316 -0.9619604
vn 0.070935495 0.12615564 -0.9894711
vn -0.0011011043 -0.0034405373 -0.99999356
vn -0.053780235 0.26784316 -0.9619604
vn 0.17366023 0.31466985 -0.9331801
vn 0.070935495 0.12615564 -0.9894711
vn 0.19789912 0.3538178 -0.9141384
vn 0.21857785 0.57329255 -0.7896578
vn -0.14942148 0.52323157 -0.83898866
vn 0.279807 0.1448664 -0.9490636
vn 0.46698263 0.82669866 -0.31384158
vn 0.4616622 0.8284392 -0.31710634
vn 0.46944803 0.82632154 -0.31114516
vn 0.49430397 0.86928916 0
vn 0.49120376 0.8710447 1.2105534E-07
vn 0.49363172 0.86967105 0
vn 0.467892 0.82655984 -0.31285125
vn 0.49143475 0.87091434 2.3369708E-07
vn 0.35224885 0.4790919 -0.8039849
vn 0.1936366 0.067857966 -0.97872376
vn 0.45040292 0.83441794 -0.3176222
vn 0.47470266 0.88014615 0.00018974562
vn 0.23028117 0.4158377 -0.87980086
vn 0.06855872 0.102939725 -0.99232215
vn 0.07089419 0.13216761 -0.9886889
vn 0.3552521 0.87537944 -0.32788235
vn 0.3798172 0.92506117 -0.00082214794
vn 0.15177314 0.3775532 -0.91346514
vn -0.0010721642 0.37900135 -0.92539555
vn 0.043720335 0.12330736 -0.991405
vn 0.0204581 0.13578509 -0.99052703
vn -0.019260501 0.14192836 -0.9896896
vn 0.0033352172 0.94441545 -0.3287373
vn 0.002896166 0.99998546 -0.0045627076
vn -0.40394625 0.85460085 -0.32632026
vn -0.4198921 0.90756357 -0.0043534404
vn -0.15968096 0.35809112 -0.91993093
vn -0.3570389 0.28783625 -0.8886357
vn -0.03313482 0.12540029 -0.99155265
vn -0.07514364 0.11834509 -0.9901252
vn -0.090601265 0.11818056 -0.9888502
vn -0.10709905 0.07244009 -0.9916059
vn -0.18620783 0.02387947 -0.9822202
vn -0.26895794 0.0054437113 -0.9631365
vn -0.71452045 0.62488717 -0.31460539
vn -0.74879396 0.6627928 0.0036532134
vn -0.6101895 0.16178723 -0.77556026
vn -0.9001711 0.32246017 -0.2927653
vn -0.9278122 0.3722354 0.024602685
vn -0.42262566 0.017932918 -0.90612686
vn -0.32374924 0.016925 -0.9459915
vn -0.3219703 0.061769493 -0.94473255
vn -0.93890584 0.20880616 -0.27359802
vn -0.9770065 0.21299429 -0.009579038
vn -0.9861618 -0.010540249 -0.16545026
vn -0.15445198 0.007567667 -0.98797137
vn -0.016020507 0.0031769369 -0.9998666
vn -0.33509168 0.0024346742 -0.9421824
vn -0.0858104 0.0011740593 -0.9963108
vn 0.055090882 0.0011734631 -0.9984806
vn 0.017187158 0.0025357655 -0.9998491
vn -0.028701114 0.0025644272 -0.99958473
vn -0.36141148 0.009282686 -0.93236023
vn -0.016928723 0.003644967 -0.99985003
vn -0.112419255 0.16334023 -0.98014385
vn -0.016287785 0.0038600718 -0.9998599
vn 0.08577208 0.003851293 -0.9963074
vn 0.10918967 0.004870599 -0.994009
vn 0.34283262 0.0023876894 -0.93939346
vn 0.41021067 -0.00055477605 -0.9119906
vn 0.36758742 0.007926115 -0.9299552
vn -0.7813142 0.007192031 -0.6240965
vn -0.89445114 0.0030100204 -0.44715574
vn -0.8666177 0.005701813 -0.49894014
vn -0.99983144 -0.011610255 0.014221616
vn -0.99963963 -0.008891393 -0.02533141
vn -0.08403374 0.006368127 -0.9964425
vn -0.24657965 0.02524337 -0.9687937
vn -0.025606852 0.00065559393 -0.9996718
vn -0.022659604 -0.00059555244 -0.99974304
vn -0.018239623 -0.00067991426 -0.99983335
vn -0.023762476 0.009618174 -0.99967134
vn -0.00937094 0.0021303922 -0.99995387
vn 2.5431124E-05 0.029460015 -0.9995659
vn -2.6804524E-05 0.012208356 -0.9999255
vn 0.009331766 0.0021238604 -0.9999542
vn 0.023514582 0.009596001 -0.9996774
vn 0.018197626 -0.00068872154 -0.9998342
vn 0.08206099 0.0063049463 -0.9966074
vn 0.022594294 -0.0006069265 -0.9997445
vn 0.025607042 0.00065559003 -0.9996718
vn 0.24553448 0.025733784 -0.96904624
vn 0.7404044 0.002660266 -0.6721564
vn 0.85150266 -0.0018546717 -0.52434707
vn 0.81339574 0.00074573536 -0.5817102
vn 0.98351455 -0.01590372 -0.18012801
vn 0.99964964 -0.008799272 0.024964795
vn 0.99983954 -0.011370249 -0.013837999
vn -0 -0.00094023213 -0.99999964
vn -0.00937094 0.0021303922 -0.99995387
vn -0.018239623 -0.00067991426 -0.99983335
vn -2.6804524E-05 0.012208356 -0.9999255
vn 0.009331766 0.0021238604 -0.9999542
vn 0.018197626 -0.00068872154 -0.9998342
vn -0.46071953 0.0004492419 -0.8875456
vn -0.356716 0.00047634126 -0.93421274
vn -0.35671595 0.0004763412 -0.93421274
vn -0.46072224 0.00044924114 -0.8875443
vn -0.933846 0 -0.35767522
vn -0.9338478 0 -0.3576707
vn -0.08621729 0 -0.9962763
vn -0.08621729 0 -0.9962763
vn 0.08621729 0 -0.9962763
vn 0.08621729 0 -0.9962763
vn 0.933846 0 -0.3576752
vn 0.9338478 0 -0.3576707
vn 0.4607196 0.00044924195 -0.8875456
vn 0.46072236 0.0004492411 -0.8875442
vn 0.35671598 0.0004763412 -0.93421274
vn 0.356716 0.00047634126 -0.93421274
vn -0.02888441 -0.99603695 -0.08411977
vn 0.0043710223 -0.99998176 -0.0041676704
vn -0.043599136 -0.99248344 -0.11434962
vn 0.0005797333 -0.99999976 -0.00034119605
vn -0 -1 0
vn -0 -1 0
vn -0 -1 0
vn -0.0005797272 -0.99999976 -0.0003414519
vn -0 -1 0
vn -0.0043710154 -0.99998176 -0.0041700634
vn 0.028884333 -0.99603564 -0.084135495
vn 0.04359907 -0.9924811 -0.11436991
vn -0 1 8.96503E-05
vn -1.6629592E-05 1 -9.382915E-06
vn -5.156028E-06 1 5.7554975E-05
vn -2.1369919E-05 1 -1.6617556E-05
vn -1.7244914E-05 1 -1.7696133E-05
vn -1.738816E-06 1 3.4593866E-06
vn -7.800374E-07 1 3.483808E-05
vn -2.5520168E-07 1 1.1397834E-05
vn 1.324978E-06 1 2.542576E-06
vn -1.0598284E-07 1 1.2920715E-05
vn -2.642407E-07 1 3.2214448E-05
vn 1.6536536E-05 1 -8.539426E-06
vn 2.209232E-05 1 -1.7342354E-05
vn 1.7768296E-05 1 -1.4790802E-05
vn 5.3404524E-06 1 2.6906935E-05
vn -0 1 4.482515E-05
vn -1 0 0
vn -1 0 0
vn -0.9522446 0.30533636 0
vn -0.9522446 0.30533636 0
vn -0 1 0
vn -0 1 0
vn 0.952245 0.3053352 0
vn 0.952245 0.3053352 0
vn 1 0 0
vn 1 0 0
vn -0 1 1.1551335E-06
vn -0 1 0
vn -0 1 0
vn -0 1 0
vn -0 1 0
vn -0 1 3.7930738E-06
vn -0 1 4.49271E-06
vn -0 1 4.49271E-06
vn -0.607922 0.003707483 -0.793988
vn -0.7106655 0.27550295 -0.64734274
vn -0.7511301 0.0103701465 -0.66007274
vn -0.5828217 0.29355848 -0.75772166
vn -0.48601994 0.72448844 -0.48877522
vn -0.3850118 0.70354897 -0.59731466
vn -0.20379826 0.69587696 -0.6886375
vn -0.33215746 0.28573883 -0.89890194
vn -0.34909353 0 -0.93708783
vn -0 1.7154765E-07 -1
vn -0 0.29049894 -0.95687526
vn -0 0.6943971 -0.719592
vn 0.20379898 0.6958768 -0.68863744
vn 0.33215886 0.2857386 -0.89890146
vn 0.349095 0 -0.9370873
vn 0.6079232 0.0037088443 -0.7939872
vn 0.5829926 0.29381981 -0.7574889
vn 0.38514435 0.7038549 -0.5968684
vn 0.48621863 0.7255427 -0.48701048
vn 0.7109732 0.27576867 -0.64689165
vn 0.751125 0.010373864 -0.66007847
vn -0 -0.9957681 -0.09190197
vn -0 -0.9957681 -0.09190199
vn -0.018403942 -0.9992656 -0.03360688
vn -0.020958954 -0.9969995 -0.07451616
vn -0.03032395 -0.99933136 -0.020425739
vn -0.019715242 -0.9997981 -0.0038699834
vn -0.017250527 -0.99985087 -0.00086388027
vn -0.016781697 -0.9997861 0.012091204
vn -0.061685666 -0.99807113 -0.00700589
vn -0.016178366 -0.99949574 -0.02732197
vn -0.016686346 -0.9997863 0.012207113
vn -0.020010505 -0.99977916 0.006419628
vn -0.019950207 -0.9997793 0.0065824296
vn -0.021300595 -0.9997731 -8.655398E-05
vn -0.021291997 -0.9997733 0.000106491105
vn -0.02051777 -0.99976665 -0.006758591
vn -0.020569688 -0.9997669 -0.006570934
vn -0.017662575 -0.9997603 -0.01293104
vn -0.017760389 -0.99976057 -0.012784599
vn -0.012959227 -0.9997551 -0.0179424
vn -0.013068423 -0.9997551 -0.017857855
vn -0.0068189385 -0.99975115 -0.02123789
vn -0.006902398 -0.99975127 -0.02120904
vn -0 -0.9997495 -0.022382835
vn -0 -0.9997495 -0.022382835
vn 0.0069023985 -0.99975127 -0.021208867
vn 0.0068189385 -0.99975115 -0.02123771
vn 0.013068422 -0.9997551 -0.017858213
vn 0.012959227 -0.9997551 -0.017942743
vn 0.017760377 -0.99976057 -0.0127838645
vn 0.017662568 -0.99976045 -0.012930375
vn 0.020569628 -0.9997669 -0.0065700985
vn 0.020517712 -0.99976665 -0.0067576882
vn 0.021291934 -0.9997733 0.00010615454
vn 0.02130053 -0.9997731 -8.6892935E-05
vn 0.019950192 -0.9997793 0.006582265
vn 0.020010484 -0.99977916 0.0064194477
vn 0.016686343 -0.9997863 0.0122071095
vn 0.016781695 -0.9997861 0.012091201
vn 0.019715242 -0.9997981 -0.0038696483
vn 0.017250525 -0.99985087 -0.00086359226
vn 0.018403977 -0.99926573 -0.03360638
vn 0.03032393 -0.9993315 -0.020425348
vn 0.061685685 -0.998071 -0.007006597
vn 0.016269304 -0.9995016 -0.027052099
vn 0.020958742 -0.9969995 -0.07451627
vn -0 -0.9957681 -0.09190197
vn -0 -0.9957681 -0.09190199
vn -0.9993937 0.033811934 0.008306341
vn -0.9999589 0.0028216804 0.008625251
vn -0.9999589 0.0028216804 0.008625249
vn -0.9991423 0.040582832 0.008234467
vn -0.7557453 0.6461373 -0.106562585
vn -0.28241977 0.25537446 -0.92467445
vn -0.122272015 0.86938894 -0.47876126
vn -0.12227201 0.86938894 -0.4787612
vn -0.12227203 0.86938894 -0.47876132
vn -0.12227201 0.86938894 -0.4787612
vn 0.04127717 -0.9984059 -0.038495615
vn 0.35205337 -0.9285794 -0.117467865
vn 0.038281213 -0.9985549 -0.037719734
vn 0.009272171 -0.9995011 -0.03019331
vn 0.009272171 -0.9995011 -0.03019331
vn -0 0 -1
vn -0 0 -1
vn -0 0 -1
vn -0 0 -1
vn -0 0 -1
vn 0.99945456 0.03157606 -0.0096750995
vn 0.9999608 0.0015754855 -0.008714797
vn 0.9999608 0.0015754852 -0.008714797
vn 0.9992022 0.038690664 -0.009901667
vn 0.7558666 0.6543596 -0.021892842
vn 0.7543297 0.65145093 0.08123023
vn 0.14091699 0.85080844 -0.50622857
vn 0.14091697 0.85080844 -0.50622857
vn 0.14091699 0.85080844 -0.50622857
vn 0.14091699 0.85080844 -0.50622857
vn -0.04012935 -0.92461014 -0.37879512
vn -0.67263484 -0.7399746 0
vn -0.6305747 -0.77596676 -0.015848992
vn -0.021744201 -0.9230719 -0.38401222
vn 0.018905777 -0.92359084 -0.3829132
vn 0.04629234 -0.9275602 -0.3707952
vn 0.59771097 -0.8013801 -0.023056306
vn 0.6601693 -0.7511168 0
vn 0.9595821 -0.0003067783 -0.28142887
vn 0.9595821 -0.0003067783 -0.28142887
vn 0.94481885 0.0005748445 -0.32759264
vn 0.9439538 0.0006226742 -0.3300771
vn 0.16675748 0.01159153 -0.9859298
vn 0.16425622 0.011605145 -0.9863494
vn -0.17827338 0.0115267895 -0.9839135
vn -0.18013085 0.011515888 -0.98357534
vn -0.95873094 -0.0012199986 -0.28431243
vn -0.9588575 -0.0011697807 -0.28388566
vn -0.9559541 -0.0023034187 -0.29350716
vn -0.9559541 -0.0023034187 -0.2935072
vn 0.8155135 -0.57253015 0.084539875
vn 0.8155135 -0.57253015 0.08453988
vn 0.8155135 -0.5725301 0.084539875
vn 0.8155135 -0.5725302 0.08453988
vn 0.46836036 -0.67476404 -0.57037884
vn 0.55067366 -0.8089285 -0.2058959
vn 0.59446275 -0.78334236 -0.18162839
vn 0.3660053 -0.7225205 -0.58651876
vn 0.28029168 -0.4169117 -0.8646509
vn 0.23942025 -0.44093183 -0.86501855
vn 0.0044196905 -0.008160269 -0.99995697
vn -0.04007265 -0.03122747 -0.9987087
vn -0.27612564 0.40927887 -0.8696237
vn -0.31726858 0.38013825 -0.8688128
vn -0.41277266 0.60790825 -0.67828184
vn -0.28464442 -0.71138173 -0.64258343
vn -0.48147315 -0.34696814 -0.8048582
vn -0.35347286 -0.87324274 -0.33541635
vn -0.75725645 0.0029219596 -0.65311116
vn 0.19501321 -0.9789601 -0.060057763
vn -0.46015406 -0.88344294 -0.08824303
vn -0.47426546 -0.8787645 0.053339455
vn 0.21442647 -0.9536674 0.21104454
vn 0.5038234 -0.82690775 0.24977073
vn -0.47898722 0.57739615 -0.66119957
vn -0.8885923 0.16469483 -0.4281114
vn -0.5209355 0.75766873 -0.3931467
vn -0.5242069 0.70437735 -0.4786018
vn -0.7082171 0.6926653 -0.13654125
vn -0.96155876 0.26565912 -0.06949682
vn -0.7318458 0.67339474 0.1046013
vn -0.9579291 0.27401817 0.08535777
vn -0.82587165 -0.5637558 -0.010738679
vn -0.8316445 -0.5552823 0.0053942236
vn -0.8212405 -0.57018435 -0.021300532
vn -0.8255327 -0.5643537 -0.00082128815
vn -0.8213671 -0.57038426 0.004240499
vn -0.82311416 -0.5677805 -0.010411733
vn -0.8238246 -0.56671697 0.012038768
vn -0.8238254 -0.5667161 0.012023996
vn -0.8248836 -0.5651499 -0.0131375855
vn -0.8123609 -0.5831498 -0.0025121344
vn -0.8145219 -0.5798544 -0.01796948
vn -0.8145219 -0.5798544 -0.017969478
vn -0.9241091 0 -0.38212863
vn -0.9241091 0 -0.3821286
vn -0.8044743 0 -0.5939875
vn -0.80284077 0 -0.5961935
vn -0.44286162 0 -0.89659
vn -0.44286162 0 -0.89659
vn -0 0 -1
vn -0 0 -1
vn 0.44286162 0 -0.89659
vn 0.44286162 0 -0.89659
vn 0.80283916 0 -0.5961956
vn 0.8044726 0 -0.5939896
vn 0.9241091 0 -0.3821286
vn 0.9241091 0 -0.38212857
vn -0.01143731 0.99977666 0.017772773
vn -0.011437311 0.99977666 0.017772775
vn -0.013968707 0.9998965 0.003440491
vn -0.015899613 0.9998454 -0.007503694
vn -0.0135919815 0.9996928 -0.020727795
vn -0.0111406455 0.9996797 -0.022723548
vn -0 0.9996679 -0.025769427
vn -0 0.9996679 -0.025769426
vn 0.011140624 0.9996797 -0.022723544
vn 0.013591974 0.9996928 -0.020727754
vn 0.015899578 0.9998454 -0.0075036897
vn 0.01396869 0.9998965 0.003440487
vn 0.011437309 0.99977666 0.017772773
vn 0.011437311 0.99977666 0.017772775
vn -0.9999479 -0.010210611 -4.342293E-06
vn -0.9999479 -0.01021061 0
vn -0.84731597 0.008352888 -0.53102344
vn -0.990855 9.320437E-05 -0.13493119
vn -0.9880497 0.0075994497 -0.15394837
vn -0.8511396 0.010599779 -0.52483237
vn -0.52758515 0.013577717 -0.8493937
vn -0.5216115 0.0136148995 -0.8530745
vn -0 0.015162071 -0.9998851
vn -0 0.015162071 -0.9998851
vn 0.5216119 0.013614058 -0.8530742
vn 0.52758473 0.01357687 -0.84939396
vn 0.85128486 0.0105611 -0.5245976
vn 0.84734637 0.00836413 -0.5309748
vn 0.9880926 0.0074753584 -0.15367883
vn 0.9908669 0.00010021771 -0.13484323
vn 0.9999484 -0.01016512 2.1468963E-06
vn 0.9999484 -0.010165122 0
vn -0.4092507 -0.912422 1.5795698E-07
vn -0.4092507 -0.912422 1.5773193E-07
vn -0.33859327 -0.9251995 -0.17134905
vn -0.3486471 -0.9241328 -0.1562807
vn -0.19789185 -0.92278343 -0.3306201
vn -0.21208997 -0.92423886 -0.31749094
vn -0 -0.9176621 -0.39736176
vn -0 -0.9176621 -0.39736173
vn 0.21209008 -0.9242375 -0.31749448
vn 0.19789357 -0.92278224 -0.33062217
vn 0.34864834 -0.9241322 -0.15628175
vn 0.33859456 -0.9251988 -0.17135043
vn 0.4092507 -0.912422 -1.5795698E-07
vn 0.4092507 -0.912422 -1.5773193E-07
vn -0.9892161 -0.14646344 0
vn -0.29907313 -0.9542302 -3.139739E-07
vn -0.26456976 -0.95549774 -0.13048667
vn -0.8851002 -0.14395943 -0.44257572
vn -1 0 0
vn -0.15634914 -0.95526916 -0.25102946
vn -0.8945546 0 -0.4469586
vn -0.5273273 -0.14024979 -0.8380071
vn -0.5323626 1.3567606E-07 -0.84651643
vn -2.6883473E-07 -0.9554268 -0.29522833
vn 1.2214828E-07 -0.13794024 -0.9904406
vn 1.4319252E-07 0 -1
vn 0.5323625 0 -0.84651655
vn 0.5273273 -0.1402498 -0.8380071
vn 0.1563483 -0.95527 -0.25102684
vn 0.8945546 0 -0.44695878
vn 0.8851002 -0.14395936 -0.4425759
vn 1 0 0
vn 0.26456866 -0.9554983 -0.13048561
vn 0.9892161 -0.14646344 0
vn 0.29907313 -0.9542302 3.139739E-07
vn 0.0072541717 -0.9999738 -1.327109E-07
vn 0.0072541717 -0.9999738 -1.3361104E-07
vn 0.0035156163 -0.99987614 0.015342915
vn 0.0035188764 -0.9998759 0.015357783
vn 0.00012395272 -1 0.0001993194
vn 0.00012606948 -1 0.00019779988
vn -0 -1 0.00023430567
vn -0 -1 0.00023430567
vn -0.00012606948 -1 0.00019751232
vn -0.00012395272 -1 0.00019903293
vn -0.0035188762 -0.9998759 0.01535774
vn -0.003515616 -0.99987614 0.015342873
vn -0.0072541717 -0.9999738 1.327109E-07
vn -0.0072541717 -0.9999738 1.3361104E-07
vn 0.9241091 1.1391549E-07 0.38212863
vn 0.9241091 1.1391549E-07 0.38212863
vn 0.8044743 0 0.5939875
vn 0.80284077 0 0.5961935
vn 0.44286168 0 0.89659
vn 0.44286168 0 0.89659
vn -0 0 1
vn -0 0 1
vn -0.44286165 0 0.89659
vn -0.44286165 0 0.89659
vn -0.80283916 0 0.5961956
vn -0.8044726 0 0.5939896
vn -0.9241091 1.1391549E-07 0.3821286
vn -0.9241091 1.1391549E-07 0.38212863
vn 0.01143731 0.99977666 -0.017772773
vn 0.011437311 0.99977666 -0.017772775
vn 0.013968707 0.9998965 -0.003440491
vn 0.015899613 0.9998454 0.007503694
vn 0.0135919815 0.9996928 0.020727795
vn 0.0111406455 0.9996797 0.022723548
vn -0 0.9996679 0.025769427
vn -0 0.9996679 0.025769426
vn -0.011140624 0.9996797 0.022723544
vn -0.013591974 0.9996928 0.020727754
vn -0.015899578 0.9998454 0.0075036897
vn -0.01396869 0.9998965 -0.003440487
vn -0.011437309 0.99977666 -0.017772773
vn -0.011437311 0.99977666 -0.017772775
vn 0.9999484 -0.01016512 2.1468963E-06
vn 0.9999484 -0.010165122 0
vn 0.8473314 0.008359002 0.5309986
vn 0.99086094 9.670097E-05 0.13488711
vn 0.9880712 0.0075371577 0.15381335
vn 0.85121256 0.01058082 0.52471435
vn 0.52758515 0.013577717 0.8493937
vn 0.5216115 0.0136148995 0.8530745
vn -0 0.015162071 0.9998851
vn -0 0.015162071 0.9998851
vn -0.5216119 0.013614058 0.8530742
vn -0.52758473 0.01357687 0.84939396
vn -0.8512848 0.010561199 0.5245976
vn -0.8473463 0.00836412 0.53097486
vn -0.9880925 0.007475695 0.15367904
vn -0.9908669 0.00010022445 0.13484329
vn -0.9999479 -0.010210611 -4.342293E-06
vn -0.9999479 -0.01021061 0
vn 0.4092507 -0.912422 -1.5795698E-07
vn 0.4092507 -0.912422 -1.5773193E-07
vn 0.33859327 -0.9251995 0.17134905
vn 0.3486471 -0.9241328 0.1562807
vn 0.19789185 -0.92278343 0.3306201
vn 0.21208997 -0.92423886 0.31749094
vn -0 -0.9176621 0.39736176
vn -0 -0.9176621 0.39736173
vn -0.21209008 -0.9242375 0.31749448
vn -0.19789357 -0.92278224 0.33062217
vn -0.34864834 -0.9241322 0.15628175
vn -0.33859456 -0.9251988 0.17135043
vn -0.4092507 -0.912422 1.5795698E-07
vn -0.4092507 -0.912422 1.5773193E-07
vn 0.9892161 -0.14646344 0
vn 0.29907313 -0.9542302 3.139739E-07
vn 0.26456976 -0.95549774 0.13048667
vn 0.8851002 -0.14395943 0.44257572
vn 1 0 0
vn 0.15634914 -0.95526916 0.25102946
vn 0.8945546 0 0.4469586
vn 0.5273273 -0.14024979 0.8380071
vn 0.5323626 1.3567606E-07 0.84651643
vn 2.6883473E-07 -0.9554268 0.29522833
vn -1.2214828E-07 -0.13794024 0.9904406
vn -1.4319252E-07 0 1
vn -0.5323625 0 0.84651655
vn -0.5273273 -0.1402498 0.8380071
vn -0.1563483 -0.95527 0.25102684
vn -0.8945546 0 0.44695878
vn -0.8851002 -0.14395936 0.4425759
vn -1 0 0
vn -0.26456866 -0.9554983 0.13048561
vn -0.9892161 -0.14646344 0
vn -0.29907313 -0.9542302 -3.139739E-07
vn -0.0072541717 -0.9999738 1.327109E-07
vn -0.0072541717 -0.9999738 1.3361104E-07
vn -0.0035156163 -0.99987614 -0.015342915
vn -0.0035188764 -0.9998759 -0.015357783
vn -0.00012395272 -1 -0.0001993194
vn -0.00012606948 -1 -0.00019779988
vn -0 -1 -0.00023430567
vn -0 -1 -0.00023430567
vn 0.00012606948 -1 -0.00019751232
vn 0.00012395272 -1 -0.00019903293
vn 0.0035188762 -0.9998759 -0.01535774
vn 0.003515616 -0.99987614 -0.015342873
vn 0.0072541717 -0.9999738 -1.327109E-07
vn 0.0072541717 -0.9999738 -1.3361104E-07
vn 0.00073732715 0.0011045269 0.99999917
vn 0.0056526335 0.0036803659 0.99997723
vn 0.0007685881 0.0009122021 0.9999993
vn -0.0049121175 0.0071870782 0.9999621
vn -0.0057335375 0.008963927 0.9999434
vn 0.013124581 0 0.99991393
vn 0.0074402466 -0.038551282 0.99922884
vn 0.028620325 -0.048938803 0.99839157
vn -0.56210726 -0.8270643 0
vn -0.562073 -0.82701397 -0.0110412855
vn -0.6971504 -0.7169031 -0.0055898856
vn -0.6971613 -0.71691424 0
vn -0.8796998 -0.47552943 0
vn -0.8796998 -0.47552943 0
vn -0.94491464 -0.32694557 0.015589208
vn -0.9453198 -0.32614478 0
vn -0.9607467 -0.27506453 0.036128905
vn -0.96138567 -0.27520457 2.55153E-06
vn 0.0007373404 0.0011045269 -0.99999917
vn 0.0007686067 0.0009122021 -0.9999993
vn 0.0056526433 0.0036803614 -0.99997723
vn -0.0049120975 0.00718707 -0.9999621
vn -0.0058784205 0.00903533 -0.99994195
vn 0.013124581 0 -0.99991393
vn 0.0035819167 -0.036656838 -0.99932146
vn 0.023027409 -0.046197608 -0.9986669
vn -0.56210726 -0.8270643 0
vn -0.6971504 -0.7169031 0.0055898856
vn -0.562073 -0.82701397 0.0110412855
vn -0.6971613 -0.71691424 0
vn -0.8796998 -0.47552943 0
vn -0.8796998 -0.47552943 0
vn -0.9449674 -0.32679242 -0.015597235
vn -0.9453198 -0.32614478 0
vn -0.9607726 -0.27498636 -0.03603665
vn -0.96138567 -0.27520457 2.55153E-06
vn 0.003586292 0.027702358 0.99960977
vn 0.0019175542 0.017437248 0.9998461
vn -0.005259416 0.006113309 0.99996746
vn 0.0049120975 0.00718707 0.9999621
vn 0.0058059646 0.008999631 0.99994266
vn -0.013124581 0 0.99991393
vn -0.0055117807 -0.03760412 0.99927753
vn -0.0258252 -0.047568504 0.9985341
vn 0.5621705 -0.8270214 3.6375224E-07
vn 0.6987115 -0.7153931 0.0038726695
vn 0.5621537 -0.82699645 0.0077439267
vn 0.69796497 -0.716132 1.8310072E-07
vn 0.8796998 -0.47552943 0
vn 0.8796998 -0.47552943 0
vn 0.9449411 -0.32686877 0.015593433
vn 0.945312 -0.3261675 0
vn 0.9607597 -0.27502498 0.036083177
vn 0.96138 -0.27522418 -1.2776319E-06
vn 0.0035862962 0.027702358 -0.99960977
vn -0.005259407 0.0061133145 -0.99996746
vn 0.0019175672 0.017437248 -0.9998461
vn 0.0049121175 0.0071870782 -0.9999621
vn 0.005733537 0.008963925 -0.9999434
vn -0.013124581 0 -0.99991393
vn -0.007440236 -0.038551245 -0.99922895
vn -0.028620284 -0.048938736 -0.99839157
vn 0.5621705 -0.8270214 3.6375224E-07
vn 0.56215364 -0.8269966 -0.007743198
vn 0.69871134 -0.71539325 -0.0038723054
vn 0.69796497 -0.716132 1.8310072E-07
vn 0.8796998 -0.47552943 0
vn 0.8796998 -0.47552943 0
vn 0.94491464 -0.32694557 -0.015589404
vn 0.945312 -0.3261675 0
vn 0.9607467 -0.2750645 -0.03612935
vn 0.96138 -0.27522418 -1.2776319E-06
vn 0.33625716 -0.0061951266 -0.9417499
vn 0.65668994 0.0004201375 -0.7541606
vn 0.97557414 -0.036753044 -0.21657398
vn 0.89240044 -0.010863251 -0.4511136
vn -0.10938981 3.4977523E-07 -0.9939989
vn 0.75415975 0.00042038818 0.65669096
vn 0.62551165 3.0279404E-07 -0.78021485
vn -0.57281625 5.902451E-07 -0.8196839
vn 0.9417499 -0.006195013 0.33625716
vn 0.21657419 -0.036753103 0.975574
vn 0.17456199 5.005368E-07 -0.98464614
vn -0.8958174 -5.94618E-07 -0.44442225
vn 0.4511138 -0.010863259 0.8924004
vn -0.65669006 0.0004201316 0.75416046
vn 0.9939989 3.3665856E-07 -0.10939009
vn -0.31918415 -4.1711468E-07 -0.9476927
vn -0.9992083 3.3228648E-07 0.039786305
vn -0.33625686 -0.0061951564 0.94175
vn -0.97557414 -0.036753077 0.21657386
vn 0.8196842 6.2959424E-07 -0.5728157
vn 0.780215 3.0588382E-07 0.6255114
vn -0.7346801 0 -0.67841357
vn -0.8576443 3.934974E-07 0.5142433
vn -0.8924004 -0.010863279 0.4511136
vn -0.7541596 0.0004203702 -0.65669096
vn 0.10938993 3.3228645E-07 0.9939989
vn 0.444423 -5.815011E-07 -0.89581704
vn 0.98464626 5.4070273E-07 0.17456147
vn -0.97007084 3.8003756E-07 -0.24282208
vn -0.50582916 -6.602007E-07 0.8626337
vn -0.9417499 -0.0061950325 -0.3362572
vn -0.21657419 -0.036753103 -0.975574
vn -0.62551147 2.9352478E-07 0.7802149
vn 0.5728162 6.033609E-07 0.8196839
vn -0.03978687 2.9293645E-07 -0.9992083
vn 0.9476926 -5.098064E-07 -0.3191847
vn -0.9676495 -4.6346054E-07 0.25229818
vn -0.030011218 -3.5414698E-07 0.99954957
vn -0.4511138 -0.010863259 -0.8924004
vn 0.65668994 0.0004201375 -0.7541606
vn 0.33625716 -0.0061951266 -0.9417499
vn -0.51424384 3.6726394E-07 -0.8576441
vn 0.6784129 1.328586E-07 -0.7346808
vn 0.8958172 -4.153576E-07 0.44442254
vn -0.72800934 -3.3060152E-07 0.68556714
vn 0.45316422 0 0.8914271
vn -0.9939989 3.454029E-07 0.10939015
vn -0.780215 3.0588382E-07 -0.6255114
vn -0.10938981 3.4977523E-07 -0.9939989
vn -0.1745617 5.4997184E-07 0.98464626
vn -0.98464626 5.4070296E-07 -0.17456159
vn -0.57281625 5.902451E-07 -0.8196839
vn -0.8196839 6.2084956E-07 0.5728162
vn 0.31918433 -4.3256287E-07 0.9476927
vn -0.94769245 -2.7498652E-07 0.31918472
vn -0.8958174 -5.94618E-07 -0.44442225
vn -0.44442263 -4.809403E-07 0.8958172
vn 0.9992083 1.9237643E-07 -0.03978731
vn -0.678413 1.5448673E-07 0.7346807
vn -0.9992083 3.3228648E-07 0.039786305
vn 0.039787695 1.4865451E-07 0.99920815
vn 0.73468083 1.5448673E-07 0.6784128
vn 0.24282135 4.6655018E-07 -0.97007096
vn -0.24282178 2.8116614E-07 0.97007084
vn -0.8576443 3.934974E-07 0.5142433
vn 0.5142442 4.940579E-07 0.8576438
vn 0.8576441 4.7656908E-07 -0.5142438
vn 0.9700711 3.7385797E-07 0.24282104
vn -0.8626337 -6.90806E-07 -0.5058291
vn 0.25229782 -4.789094E-07 0.96764964
vn -0.50582916 -6.602007E-07 0.8626337
vn 0.8626339 -6.6457267E-07 0.50582874
vn 0.9676495 -4.850885E-07 -0.25229818
vn 0.50582886 -6.7768906E-07 -0.8626339
vn -0.25229785 -5.0362695E-07 -0.96764964
vn -0.99954957 -3.6289114E-07 -0.030011468
vn 0.6855671 -3.5840924E-07 0.72800946
vn -0.030011218 -3.5414698E-07 0.99954957
vn 0.99954957 -3.5851923E-07 0.030010993
vn 0.7280093 -3.460503E-07 -0.6855672
vn 0.030010654 -3.6289129E-07 -0.99954957
vn -0.685567 -3.58409E-07 -0.7280096
vn -0.30989864 0 0.9507696
vn 0.8252469 0 0.5647722
vn 0.9507697 0 0.30989838
vn 0.45316422 0 0.8914271
vn 0.891427 0 -0.45316437
vn 0.3098984 1.01961255E-07 -0.9507696
vn -0.45316455 0 -0.8914269
vn -0.8914272 0 0.453164
vn 0.18418415 0 0.9828918
vn 0.99502134 0 0.0996627
vn -0.9507697 0 -0.30989838
vn 0.6331141 1.3285856E-07 0.7740586
vn 0.92086685 5.6401205E-07 -0.38987726
vn -0.56477183 0 0.8252471
vn -0.9828917 0 0.18418437
vn -0.82524705 0 -0.56477195
vn 0.9268362 3.800375E-07 0.37546584
vn 0.62096334 1.705155E-07 -0.78383964
vn -0.09966247 0 0.99502134
vn 0.9933455 1.3903815E-07 -0.1151724
vn 0.22801937 0.007733521 -0.9736259
vn -0.7740586 1.7302513E-07 0.633114
vn 0.3898771 5.377788E-07 0.92086685
vn -0.18418407 0 -0.9828918
vn 0.8650601 0.011318963 -0.5015404
vn -0.16372336 -0.00091144204 -0.9865059
vn 0.7062342 0.04476773 -0.7065614
vn -0.99502134 0 -0.09966245
vn 0.7838397 1.6177111E-07 0.6209631
vn 0.9736259 0.007733539 0.22801904
vn 0.9865059 -0.00091152464 -0.1637233
vn -0.37546578 4.1093475E-07 0.9268363
vn 0.56477183 0 -0.8252471
vn 0.11517236 0 0.9933455
vn 0.5015404 0.01131897 0.8650601
vn 0.70656115 0.044767775 0.7062344
vn -0.633114 1.2976889E-07 -0.7740586
vn -0.9208667 5.465231E-07 0.38987744
vn 0.9828917 0 -0.18418434
vn 0.8252469 0 0.5647722
vn -0.2280191 0.0077334857 0.9736259
vn 0.16372338 -0.00091144885 0.9865059
vn -0.62096334 1.6614331E-07 0.78383964
vn -0.9268363 3.9548618E-07 -0.37546572
vn 0.09966255 0 -0.99502134
vn 0.77405864 1.7920466E-07 -0.633114
vn 0.99502134 0 0.0996627
vn -0.8650601 0.011318949 0.5015405
vn -0.7062342 0.044767734 0.7065614
vn -0.9933456 1.0814077E-07 0.115172125
vn -0.38987738 5.0717364E-07 -0.92086685
vn 0.3754658 4.2020412E-07 -0.9268362
vn 0.92086685 5.6401205E-07 -0.38987726
vn -0.78383964 1.5302672E-07 -0.6209633
vn -0.9736259 0.0077335113 -0.22801912
vn -0.9865059 -0.00091149716 0.16372325
vn -0.115172364 0 -0.9933455
vn 0.62096334 1.705155E-07 -0.78383964
vn -0.5015404 0.011318964 -0.8650601
vn -0.70656115 0.044767775 -0.7062344
vn 0.22801937 0.007733521 -0.9736259
vn -0.16372336 -0.00091144204 -0.9865059
vn -0.56676036 -0.8238562 0.006609095
vn -0.58832824 -0.8086222 0
vn -0.5730153 -0.81954473 0.000102281105
vn -0.5730153 -0.81954473 -0.00010227205
vn -0.5729672 -0.81957835 0
vn -0.56676036 -0.8238562 -0.00660851
vn 0.56676036 -0.8238562 0.00660851
vn 0.5730153 -0.81954473 0.00010227205
vn 0.58832824 -0.8086222 0
vn 0.5730153 -0.81954473 -0.000102281105
vn 0.5729672 -0.81957835 0
vn 0.56676036 -0.8238562 -0.006609095
vn -0.79221654 -0.61024016 0
vn -0.8978599 -0.44028142 0
vn -0.8978599 -0.44028142 0
vn -0.9740151 -0.226483 0
vn -0.9740151 -0.226483 0
vn -0.9999895 0.0045860377 0
vn -0.9999895 0.0045860377 0
vn -0.95787036 0.2872008 0
vn -0.95787036 0.2872008 0
vn -0.8761124 0.4821069 0
vn -0.8761124 0.4821069 0
vn -0.771131 0.63667655 0
vn 0.79221654 -0.61024016 0
vn 0.8978599 -0.44028145 0
vn 0.8978599 -0.44028145 0
vn 0.9740151 -0.2264831 0
vn 0.9740151 -0.2264831 0
vn 0.9999895 0.004585998 0
vn 0.9999895 0.004585998 0
vn 0.95787036 0.28720084 0
vn 0.95787036 0.28720084 0
vn 0.8761124 0.4821069 0
vn 0.8761124 0.4821069 0
vn 0.771131 0.63667655 0
vn -0.3219792 0.005117373 -0.946733
vn -0.3188398 0.0035935012 -0.9478018
vn -0.15400176 0.002397635 -0.98806775
vn -0.16400798 0.00454928 -0.9864486
vn 0.7621224 -0.004958876 -0.6474139
vn 0.7546739 -0.0029161258 -0.6560936
vn -0.3379779 0.005264397 -0.9411393
vn -0.45185396 0.0008776039 -0.89209145
vn -0.45594937 0.0058237826 -0.8899867
vn -0.3157619 0.00080061005 -0.9488382
vn 0.31576183 0.0008006012 -0.9488382
vn 0.33264333 0.00616946 -0.9430325
vn 0.4518539 0.0008775908 -0.8920916
vn 0.45002455 0.0069673792 -0.89298904
vn 0.17268564 -0.008759233 -0.984938
vn -0.30482718 -0.045561284 -0.95131725
vn -0.25999486 0.004232708 -0.9656007
vn -0.26342353 -0.023655655 -0.9643903
vn -0.2300938 0.001239115 -0.97316766
vn -0.23085965 0.0019197356 -0.97298515
vn -0.2809472 -0.00020017226 -0.95972323
vn -0.25128406 0.015071981 -0.967796
vn -0.25362563 0.046210643 -0.96619797
vn -0.28326505 0.0024248455 -0.9590386
vn 0.60358596 0.09061222 -0.7921322
vn 0.6393473 -0.009154264 -0.76886356
vn 0.0052734325 0.2137808 -0.97686744
vn -0.11671004 0.0016588847 -0.9931646
vn -0.28740647 0.0024405527 -0.9578056
vn 0.65423673 -0.013091209 -0.75617653
vn 0.79773134 -0.010870508 -0.60291505
vn 0.7928361 -0.0031763366 -0.60942674
vn -0.15400176 0.002397635 -0.98806775
vn -0.3188398 0.0035935012 -0.9478018
vn 0.7621224 -0.004958876 -0.6474139
vn -0.42558095 0.003141053 -0.90491486
vn -0.45185396 0.0008776039 -0.89209145
vn -0.3157619 0.00080061005 -0.9488382
vn -0.28938523 0.004664727 -0.9572013
vn 0.31576183 0.0008006012 -0.9488382
vn 0.28938526 0.0046647275 -0.9572013
vn 0.4518539 0.0008775908 -0.8920916
vn 0.42558107 0.0031410528 -0.9049148
vn 0.0052734325 0.2137808 -0.97686744
vn 0.60358596 0.09061222 -0.7921322
vn -0.50815606 0.007403526 -0.8612331
vn -0.50358546 0.02561661 -0.8635655
vn -0.49598956 0.0036509486 -0.8683208
vn -0.45594937 0.0058237826 -0.8899867
vn -0.4299185 0.0070958235 -0.90283984
vn -0.3379779 0.005264397 -0.9411393
vn -0 0.006721862 -0.99997747
vn 0.33264333 0.00616946 -0.9430325
vn 0.4176805 0.009229314 -0.9085471
vn 0.45002455 0.0069673792 -0.89298904
vn 0.5134058 0.003280954 -0.8581397
vn 0.5288501 0.024475446 -0.84836227
vn 0.5336722 0.006307909 -0.84566784
vn -0.0053398935 0.21140571 -0.97738385
vn -0.6030284 0.09027026 -0.7925958
vn 0.16400795 0.0045492775 -0.9864486
vn 0.3188398 0.0035934993 -0.9478018
vn 0.32197917 0.005117371 -0.946733
vn 0.15400173 0.002397634 -0.98806775
vn -0.75467384 -0.002916126 -0.6560936
vn -0.7621224 -0.0049588736 -0.6474139
vn -0.17260575 -0.008759781 -0.98495203
vn 0.25999486 0.004232708 -0.9656007
vn 0.3048275 -0.045561273 -0.95131713
vn 0.26342365 -0.02365565 -0.96439016
vn 0.23009385 0.0012391199 -0.97316766
vn 0.23085962 0.0019197403 -0.97298515
vn 0.28099746 -0.00019907816 -0.9597086
vn 0.2512844 0.015072004 -0.967796
vn 0.25362536 0.046210498 -0.9661981
vn 0.28326494 0.002424844 -0.9590386
vn -0.6030284 0.09027026 -0.7925958
vn -0.6392875 -0.009155984 -0.76891327
vn -0.0053398935 0.21140571 -0.97738385
vn 0.11671 0.0016588849 -0.9931646
vn 0.28740644 0.0024405522 -0.9578056
vn -0.65423673 -0.013091218 -0.75617653
vn -0.79773134 -0.010870513 -0.60291505
vn -0.7928361 -0.003176333 -0.60942674
vn 0.15400173 0.002397634 -0.98806775
vn 0.3188398 0.0035934993 -0.9478018
vn -0.7621224 -0.0049588736 -0.6474139
vn -0.37718764 0.013634837 -0.9260365
vn -0.42558095 0.003141053 -0.90491486
vn -0.28938523 0.004664727 -0.9572013
vn -0.25544128 0.020798722 -0.9666009
vn 0.28938526 0.0046647275 -0.9572013
vn -4.309801E-07 0.110522225 -0.9938737
vn -4.4368713E-07 0.11155465 -0.9937583
vn 0.3771877 0.013634825 -0.9260365
vn 0.25544128 0.020798692 -0.9666009
vn 0.42558107 0.0031410528 -0.9049148
vn -0.74668735 -0.024602491 -0.6647201
vn -0.75467384 -0.002916126 -0.6560936
vn 0.16400795 0.0045492775 -0.9864486
vn 0.18135269 0.027260542 -0.98304015
vn 0.32197917 0.005117371 -0.946733
vn 0.31175333 0.02066568 -0.9499383
vn -7.027362E-07 -0.3198506 -0.94746804
vn -0 0.09817983 -0.9951687
vn -0 0.094058946 -0.99556667
vn -0.18135276 0.027260546 -0.98304015
vn 0.74668723 -0.024602462 -0.6647201
vn 0.7546739 -0.0029161258 -0.6560936
vn -0.31175342 0.020665685 -0.9499383
vn -0.16400798 0.00454928 -0.9864486
vn -0.3219792 0.005117373 -0.946733
vn 0.3219792 0.005117373 0.946733
vn 0.3188398 0.0035935012 0.9478018
vn 0.15400176 0.002397635 0.98806775
vn 0.16400798 0.00454928 0.9864486
vn -0.7621224 -0.004958876 0.6474139
vn -0.7546739 -0.0029161258 0.6560936
vn 0.3379779 0.005264397 0.9411393
vn 0.45185396 0.0008776039 0.89209145
vn 0.45594937 0.0058237826 0.8899867
vn 0.3157619 0.00080061005 0.9488382
vn -0.31576183 0.0008006012 0.9488382
vn -0.3370297 0.0054754354 0.94147813
vn -0.4518539 0.0008775908 0.8920916
vn -0.45454425 0.0060910806 0.8907033
vn -0.17268564 -0.008759233 0.984938
vn 0.30482718 -0.045561284 0.95131725
vn 0.25999486 0.004232708 0.9656007
vn 0.26342353 -0.023655655 0.9643903
vn 0.2300938 0.001239115 0.97316766
vn 0.23085965 0.0019197356 0.97298515
vn 0.2809472 -0.00020017226 0.95972323
vn 0.25128406 0.015071981 0.967796
vn 0.25362563 0.046210643 0.96619797
vn 0.28326505 0.0024248455 0.9590386
vn -0.6448744 -0.005491131 0.76426876
vn -0.6393473 -0.009154264 0.76886356
vn -0.10986502 -0.9304771 0.34948853
vn 0.11671004 0.0016588847 0.9931646
vn 0.28740647 0.0024405527 0.9578056
vn -0.65423673 -0.013091209 0.75617653
vn -0.79773134 -0.010870508 0.60291505
vn -0.7928361 -0.0031763366 0.60942674
vn 0.15400176 0.002397635 0.98806775
vn 0.3188398 0.0035935012 0.9478018
vn -0.7621224 -0.004958876 0.6474139
vn 0.42558095 0.003141053 0.90491486
vn 0.45185396 0.0008776039 0.89209145
vn 0.3157619 0.00080061005 0.9488382
vn 0.28938523 0.004664727 0.9572013
vn -0.31576183 0.0008006012 0.9488382
vn -0.28938526 0.0046647275 0.9572013
vn -0.4518539 0.0008775908 0.8920916
vn -0.42558107 0.0031410528 0.9049148
vn 0.07121404 0.8178275 0.57104003
vn 0.07121404 0.8178275 0.57104003
vn 0.50815606 0.007403526 0.8612331
vn 0.50358546 0.02561661 0.8635655
vn 0.49598956 0.0036509486 0.8683208
vn 0.45594937 0.0058237826 0.8899867
vn 0.4299185 0.0070958235 0.90283984
vn 0.3379779 0.005264397 0.9411393
vn -0 0.006721862 0.99997747
vn -0.3370297 0.0054754354 0.94147813
vn -0.42715517 0.007581356 0.9041466
vn -0.45454425 0.0060910806 0.8907033
vn -0.5003029 0.0035637699 0.8658432
vn -0.5101319 0.025594745 0.8597153
vn -0.5148574 0.007201755 0.8572456
vn 0.005339822 0.21140571 0.97738385
vn 0.6030284 0.09027026 0.7925958
vn -0.16400795 0.0045492775 0.9864486
vn -0.3188398 0.0035934993 0.9478018
vn -0.32197917 0.005117371 0.946733
vn -0.15400173 0.002397634 0.98806775
vn 0.75467384 -0.002916126 0.6560936
vn 0.7621224 -0.0049588736 0.6474139
vn 0.17260575 -0.008759781 0.98495203
vn -0.25999486 0.004232708 0.9656007
vn -0.3048275 -0.045561273 0.95131713
vn -0.26342365 -0.02365565 0.96439016
vn -0.23009385 0.0012391199 0.97316766
vn -0.23085962 0.0019197403 0.97298515
vn -0.28099746 -0.00019907794 0.9597086
vn -0.2512844 0.015072004 0.967796
vn -0.25362536 0.046210498 0.9661981
vn -0.28326494 0.002424844 0.9590386
vn 0.6030284 0.09027026 0.7925958
vn 0.6392875 -0.009155984 0.76891327
vn 0.005339822 0.21140571 0.97738385
vn -0.11671 0.0016588849 0.9931646
vn -0.28740644 0.0024405522 0.9578056
vn 0.65423673 -0.013091217 0.75617653
vn 0.79773134 -0.010870511 0.60291505
vn 0.7928361 -0.003176333 0.60942674
vn -0.15400173 0.002397634 0.98806775
vn -0.3188398 0.0035934993 0.9478018
vn 0.7621224 -0.0049588736 0.6474139
vn 0.37718764 0.013634837 0.9260365
vn 0.42558095 0.003141053 0.90491486
vn 0.28938523 0.004664727 0.9572013
vn 0.25544128 0.020798722 0.9666009
vn -0.28938526 0.0046647275 0.9572013
vn 4.309801E-07 0.110522225 0.9938737
vn 4.4368713E-07 0.11155465 0.9937583
vn -0.3771877 0.013634825 0.9260365
vn -0.25544128 0.020798692 0.9666009
vn -0.42558107 0.0031410528 0.9049148
vn 0.74668735 -0.024602491 0.6647201
vn 0.75467384 -0.002916126 0.6560936
vn -0.16400795 0.0045492775 0.9864486
vn -0.18135269 0.027260542 0.98304015
vn -0.32197917 0.005117371 0.946733
vn -0.31175333 0.02066568 0.9499383
vn 7.027362E-07 -0.3198506 0.94746804
vn -0 0.09817983 0.9951687
vn -0 0.094058946 0.99556667
vn 0.18135276 0.027260546 0.98304015
vn -0.74668723 -0.024602462 0.6647201
vn -0.7546739 -0.0029161258 0.6560936
vn 0.31175342 0.020665685 0.9499383
vn 0.16400798 0.00454928 0.9864486
vn 0.3219792 0.005117373 0.946733
vn -0.099041425 -0.14147565 -0.9849748
vn -0 0 -1
vn -0 0 -1
vn -0.094277784 -0.16912858 -0.9810745
vn -0 0 -1
vn -0.57349575 -0.81920856 4.348487E-07
vn -0.053960346 -0.19569106 -0.9791799
vn -0 0 -1
vn 0.0020164503 -0.20746043 -0.9782413
vn -0 0 -1
vn -0.4856265 -0.8741665 5.6022446E-07
vn -0.26926082 -0.9630673 7.584985E-07
vn -0.09427961 -0.16913204 0.98107374
vn -0.099043675 -0.14147861 0.98497427
vn -0.0031209174 -0.9999951 1.0081751E-06
vn 0.056231238 0.111387625 0.99218494
vn 0.07401309 0.11186606 0.99096316
vn 0.4550607 0.8904605 1.9402471E-07
vn 0.55178416 0.833987 3.2238873E-07
vn 0.53971946 0.8157524 -0.20796838
vn 0.4415538 0.8746707 -0.19995324
vn 0.19796897 0.9578831 -0.20801023
vn -0.053961378 -0.19569507 0.979179
vn 0.02236587 0.10821842 0.99387544
vn 0.20053756 0.97968596 5.094186E-07
vn -0.14957507 0.960451 -0.2348639
vn -0.015530714 0.09972498 0.9948938
vn -0.158978 0.9872821 4.348093E-07
vn -0.527118 0.808657 -0.2611903
vn 0.0020163003 -0.20746472 0.9782404
vn -0.53577906 0.84435815 1.3700466E-07
vn -0.8143279 0.5087209 -0.27941585
vn -0.061030522 0.0936275 0.993735
vn 0.30438626 -0.9525486 6.1849227E-07
vn -0.84976256 0.52716553 -6.3954224E-07
vn -0.9459972 0.1456294 -0.28962308
vn -0.09953 0.062177602 0.99309
vn 0.07779053 -0.22897814 0.9703184
vn 0.07778908 -0.2289734 -0.9703195
vn -0.9865632 0.16337974 -8.4434083E-07
vn -0.9268153 -0.20298834 -0.31592587
vn 0.14767946 -0.20839432 0.96683115
vn 0.58135176 -0.8136523 2.0440915E-07
vn 0.14767657 -0.20839018 -0.9668326
vn -0 0 -1
vn 0.78523636 -0.6191962 3.9081007E-07
vn 0.19567613 -0.15544383 -0.96827066
vn 0.19567995 -0.15544695 0.9682694
vn 0.2165339 -0.091831364 -0.97194654
vn -0 0 -1
vn 0.92295086 -0.38491783 4.1134385E-07
vn 0.21653831 -0.09183332 0.9719454
vn 0.99326456 -0.11586821 2.916778E-07
vn 0.23817934 -0.029281326 -0.97077966
vn -0.1152471 0.01774149 0.99317837
vn 0.22774497 0.04005518 -0.9728967
vn -0 0 -1
vn 0.23818426 -0.029281914 0.9707784
vn 0.9863376 0.16473652 0
vn 0.18405078 0.09233499 -0.97857016
vn -0 0 -1
vn 0.22774945 0.040055983 0.97289556
vn 0.9040031 0.4275259 2.0053702E-07
vn -0.108467676 -0.023756262 0.99381614
vn 0.14967962 0.124885134 -0.9808158
vn -0 0 -1
vn 0.18405454 0.0923368 0.97856927
vn 0.78092384 0.6246263 4.940514E-07
vn 0.5722306 0.8200928 6.9778724E-07
vn 0.09655219 0.13976972 -0.98546547
vn -0 0 -1
vn 0.074700825 0.11238621 -0.9908528
vn -0 0 -1
vn -0.9803743 -0.19714509 1.2214753E-07
vn -0.78234565 -0.5334932 -0.32143456
vn 0.14968264 0.12488765 0.98081505
vn -0.091533415 -0.062417906 0.9938439
vn -0.8288642 -0.55945 0
vn -0.533619 -0.8007603 -0.27209154
vn -0.078601256 -0.11795077 0.9899038
vn -0.55397457 -0.8325336 4.010188E-07
vn -0.5678895 -0.82310486 5.7271035E-07
vn -0.54622334 -0.7927118 -0.27064386
vn -0.7296477 -0.6134713 -0.30210435
vn 0.09655422 0.13977262 0.98546475
vn -0.09827721 -0.14262584 0.9848856
vn -0.7828766 -0.62217706 -1.6586453E-07
vn -0.8237073 -0.44577077 -0.35042056
vn 0.074702546 0.11238877 0.9908523
vn -0.15801224 -0.13285309 0.9784591
vn -0.89065063 -0.45468825 2.573943E-07
vn -0.8885925 -0.2654828 -0.37406194
vn -0.17924121 -0.09700105 0.9790115
vn -0.9621347 -0.27257454 5.42526E-07
vn -0.9258826 -0.019823123 -0.37729123
vn 0.5516688 0.8340633 4.5337205E-07
vn 0.0803098 0.070527956 0.99427164
vn 0.72753036 0.6860754 0
vn -0.1946041 -0.058141388 0.9791572
vn 0.08030813 0.07052637 -0.994272
vn -0 0 -1
vn 0.8774775 0.4796178 0
vn 0.098647736 0.05172894 0.99377704
vn 0.09864546 0.051727727 -0.9937773
vn -1.2336558E-07 0 -1
vn 0.95626205 0.2925114 0
vn 0.107901305 0.031845797 -0.99365145
vn 0.999495 0.031579006 -0.003525221
vn -0.00067774265 0.01959552 -0.9998078
vn 0.10790392 0.031846557 0.9936511
vn 0.1474152 0.023803314 -0.9887882
vn -0.000744145 0.021515869 -0.9997682
vn 0.15727608 0.024015697 -0.98726267
vn 0.9998416 0.017390998 0.0037880929
vn 0.15479557 -0.018572757 0.987772
vn 0.15213867 -0.014642219 0.98825073
vn -0.15620975 -0.02282837 0.98746
vn -0.1671255 -0.0240895 0.9856413
vn -0.99993455 -0.010226215 0.0051318714
vn -0.99961543 -0.02735043 -0.004583943
vn -0.9264074 -0.0013287691 -0.37652025
g S_wpn_claym_0004_01_lod0_0
f 3/3/3 2/2/2 1/1/1
f 2/2/2 4/4/4 1/1/1
f 4/4/4 2/2/2 5/5/5
f 1/1/1 4/4/4 6/6/6
f 7/7/7 4/4/4 5/5/5
f 7/7/7 5/5/5 8/8/8
f 9/9/9 7/7/7 8/8/8
f 9/9/9 8/8/8 10/10/10
f 4/4/4 11/11/11 6/6/6
f 7/7/7 12/12/12 4/4/4
f 12/12/12 11/11/11 4/4/4
f 11/11/11 13/13/13 6/6/6
f 11/11/11 12/12/12 13/13/13
f 13/13/13 14/14/14 6/6/6
f 15/15/15 12/12/12 7/7/7
f 9/9/9 15/15/15 7/7/7
f 13/13/13 16/16/16 14/14/14
f 16/16/16 17/17/17 14/14/14
f 17/17/17 16/16/16 18/18/18
f 19/19/19 17/17/17 18/18/18
f 20/20/20 19/19/19 18/18/18
f 21/21/21 20/20/20 18/18/18
f 21/21/21 18/18/18 22/22/22
f 12/12/12 23/23/23 13/13/13
f 12/12/12 15/15/15 23/23/23
f 16/16/16 13/13/13 24/24/24
f 18/18/18 16/16/16 24/24/24
f 13/13/13 23/23/23 24/24/24
f 18/18/18 25/25/25 22/22/22
f 25/25/25 18/18/18 24/24/24
f 22/22/22 25/25/25 26/26/26
f 24/24/24 23/23/23 27/27/27
f 25/25/25 24/24/24 27/27/27
f 25/25/25 28/28/28 26/26/26
f 28/28/28 25/25/25 27/27/27
f 26/26/26 28/28/28 29/29/29
f 15/15/15 30/30/30 23/23/23
f 23/23/23 30/30/30 27/27/27
f 28/28/28 31/31/31 29/29/29
f 29/29/29 31/31/31 32/32/32
f 28/28/28 27/27/27 33/33/33
f 27/27/27 30/30/30 33/33/33
f 31/31/31 28/28/28 33/33/33
f 15/15/15 34/34/34 30/30/30
f 34/34/34 15/15/15 9/9/9
f 31/31/31 35/35/35 32/32/32
f 32/32/32 35/35/35 36/36/36
f 31/31/31 33/33/33 37/37/37
f 35/35/35 31/31/31 37/37/37
f 30/30/30 38/38/38 33/33/33
f 34/34/34 38/38/38 30/30/30
f 39/39/39 34/34/34 9/9/9
f 39/39/39 9/9/9 10/10/10
f 35/35/35 40/40/40 36/36/36
f 36/36/36 40/40/40 41/41/41
f 38/38/38 42/42/42 33/33/33
f 33/33/33 42/42/42 37/37/37
f 34/34/34 43/43/43 38/38/38
f 43/43/43 34/34/34 39/39/39
f 43/43/43 42/42/42 38/38/38
f 44/44/44 39/39/39 10/10/10
f 44/44/44 43/43/43 39/39/39
f 44/44/44 10/10/10 45/45/45
f 43/43/43 46/46/46 42/42/42
f 46/46/46 43/43/43 44/44/44
f 47/47/47 44/44/44 45/45/45
f 47/47/47 46/46/46 44/44/44
f 46/46/46 48/48/48 42/42/42
f 42/42/42 48/48/48 37/37/37
f 49/49/49 47/47/47 45/45/45
f 49/49/49 45/45/45 50/50/50
f 51/51/51 46/46/46 47/47/47
f 46/46/46 51/51/51 48/48/48
f 49/49/49 51/51/51 47/47/47
f 48/48/48 52/52/52 37/37/37
f 51/51/51 52/52/52 48/48/48
f 53/53/53 51/51/51 49/49/49
f 51/51/51 53/53/53 52/52/52
f 54/54/54 49/49/49 50/50/50
f 54/54/54 53/53/53 49/49/49
f 37/37/37 52/52/52 55/55/55
f 35/35/35 37/37/37 55/55/55
f 40/40/40 35/35/35 55/55/55
f 56/56/56 54/54/54 50/50/50
f 56/56/56 50/50/50 57/57/57
f 53/53/53 58/58/58 52/52/52
f 52/52/52 58/58/58 55/55/55
f 59/59/59 53/53/53 54/54/54
f 53/53/53 59/59/59 58/58/58
f 56/56/56 59/59/59 54/54/54
f 60/60/60 56/56/56 57/57/57
f 60/60/60 57/57/57 61/61/61
f 58/58/58 62/62/62 55/55/55
f 59/59/59 62/62/62 58/58/58
f 63/63/63 59/59/59 56/56/56
f 60/60/60 63/63/63 56/56/56
f 59/59/59 63/63/63 62/62/62
f 40/40/40 55/55/55 64/64/64
f 55/55/55 62/62/62 64/64/64
f 65/65/65 60/60/60 61/61/61
f 65/65/65 61/61/61 66/66/66
f 63/63/63 67/67/67 62/62/62
f 62/62/62 67/67/67 64/64/64
f 68/68/68 63/63/63 60/60/60
f 65/65/65 68/68/68 60/60/60
f 63/63/63 68/68/68 67/67/67
f 69/69/69 68/68/68 65/65/65
f 70/70/70 65/65/65 66/66/66
f 70/70/70 69/69/69 65/65/65
f 66/66/66 71/71/71 70/70/70
f 71/71/71 72/72/72 70/70/70
f 70/70/70 72/72/72 69/69/69
f 72/72/72 71/71/71 73/73/73
f 74/74/74 40/40/40 64/64/64
f 40/40/40 74/74/74 41/41/41
f 41/41/41 74/74/74 75/75/75
f 68/68/68 76/76/76 67/67/67
f 68/68/68 69/69/69 76/76/76
f 64/64/64 67/67/67 77/77/77
f 74/74/74 64/64/64 77/77/77
f 67/67/67 76/76/76 77/77/77
f 74/74/74 78/78/78 75/75/75
f 78/78/78 74/74/74 77/77/77
f 75/75/75 78/78/78 79/79/79
f 77/77/77 76/76/76 80/80/80
f 78/78/78 77/77/77 80/80/80
f 78/78/78 81/81/81 79/79/79
f 81/81/81 78/78/78 80/80/80
f 79/79/79 81/81/81 82/82/82
f 81/81/81 80/80/80 82/82/82
f 83/83/83 79/79/79 82/82/82
f 83/83/83 82/82/82 84/84/84
f 76/76/76 85/85/85 80/80/80
f 69/69/69 85/85/85 76/76/76
f 86/86/86 80/80/80 85/85/85
f 80/80/80 86/86/86 82/82/82
f 82/82/82 87/87/87 84/84/84
f 84/84/84 87/87/87 88/88/88
f 89/89/89 85/85/85 69/69/69
f 89/89/89 86/86/86 85/85/85
f 82/82/82 86/86/86 90/90/90
f 87/87/87 82/82/82 90/90/90
f 86/86/86 89/89/89 90/90/90
f 87/87/87 91/91/91 88/88/88
f 88/88/88 91/91/91 92/92/92
f 87/87/87 90/90/90 93/93/93
f 91/91/91 87/87/87 93/93/93
f 91/91/91 94/94/94 92/92/92
f 92/92/92 94/94/94 95/95/95
f 96/96/96 89/89/89 69/69/69
f 72/72/72 96/96/96 69/69/69
f 89/89/89 97/97/97 90/90/90
f 90/90/90 97/97/97 93/93/93
f 96/96/96 98/98/98 89/89/89
f 98/98/98 96/96/96 72/72/72
f 98/98/98 97/97/97 89/89/89
f 91/91/91 93/93/93 99/99/99
f 94/94/94 91/91/91 99/99/99
f 100/100/100 98/98/98 72/72/72
f 100/100/100 72/72/72 73/73/73
f 100/100/100 73/73/73 101/101/101
f 98/98/98 102/102/102 97/97/97
f 102/102/102 98/98/98 100/100/100
f 97/97/97 103/103/103 93/93/93
f 93/93/93 103/103/103 99/99/99
f 102/102/102 103/103/103 97/97/97
f 104/104/104 100/100/100 101/101/101
f 104/104/104 102/102/102 100/100/100
f 104/104/104 101/101/101 105/105/105
f 102/102/102 106/106/106 103/103/103
f 106/106/106 102/102/102 104/104/104
f 107/107/107 104/104/104 105/105/105
f 107/107/107 106/106/106 104/104/104
f 108/108/108 106/106/106 107/107/107
f 107/107/107 105/105/105 109/109/109
f 106/106/106 110/110/110 103/103/103
f 103/103/103 110/110/110 99/99/99
f 106/106/106 108/108/108 110/110/110
f 111/111/111 107/107/107 109/109/109
f 111/111/111 108/108/108 107/107/107
f 109/109/109 112/112/112 111/111/111
f 112/112/112 113/113/113 111/111/111
f 111/111/111 113/113/113 108/108/108
f 113/113/113 114/114/114 108/108/108
f 114/114/114 115/115/115 108/108/108
f 115/115/115 116/116/116 108/108/108
f 108/108/108 116/116/116 110/110/110
f 115/115/115 117/117/117 116/116/116
f 99/99/99 110/110/110 118/118/118
f 110/110/110 116/116/116 118/118/118
f 117/117/117 118/118/118 116/116/116
f 94/94/94 99/99/99 118/118/118
f 118/118/118 117/117/117 119/119/119
f 120/120/120 94/94/94 118/118/118
f 120/120/120 118/118/118 119/119/119
f 94/94/94 120/120/120 95/95/95
f 95/95/95 120/120/120 119/119/119
f 121/121/121 95/95/95 119/119/119
f 124/124/124 123/123/123 122/122/122
f 125/125/125 124/124/124 122/122/122
f 126/126/126 125/125/125 122/122/122
f 127/127/127 126/126/126 122/122/122
f 126/126/126 127/127/127 128/128/128
f 129/129/129 126/126/126 128/128/128
f 130/130/130 129/129/129 128/128/128
f 131/131/131 130/130/130 128/128/128
f 134/134/134 133/133/133 132/132/132
f 133/133/133 135/135/135 132/132/132
f 133/133/133 136/136/136 135/135/135
f 136/136/136 137/137/137 135/135/135
f 136/136/136 138/138/138 137/137/137
f 138/138/138 139/139/139 137/137/137
f 139/139/139 138/138/138 140/140/140
f 141/141/141 139/139/139 140/140/140
f 144/144/144 143/143/143 142/142/142
f 145/145/145 144/144/144 142/142/142
f 146/146/146 144/144/144 145/145/145
f 147/147/147 146/146/146 145/145/145
f 148/148/148 146/146/146 147/147/147
f 149/149/149 148/148/148 147/147/147
f 150/150/150 148/148/148 149/149/149
f 151/151/151 150/150/150 149/149/149
f 151/151/151 152/152/152 150/150/150
f 152/152/152 153/153/153 150/150/150
f 154/154/154 153/153/153 152/152/152
f 155/155/155 154/154/154 152/152/152
f 156/156/156 154/154/154 155/155/155
f 157/157/157 156/156/156 155/155/155
f 158/158/158 156/156/156 157/157/157
f 159/159/159 158/158/158 157/157/157
f 158/158/158 159/159/159 160/160/160
f 161/161/161 158/158/158 160/160/160
f 164/164/164 163/163/163 162/162/162
f 165/165/165 164/164/164 162/162/162
f 165/165/165 162/162/162 166/166/166
f 167/167/167 165/165/165 166/166/166
f 167/167/167 166/166/166 168/168/168
f 169/169/169 167/167/167 168/168/168
f 169/169/169 168/168/168 170/170/170
f 171/171/171 169/169/169 170/170/170
f 171/171/171 170/170/170 172/172/172
f 173/173/173 171/171/171 172/172/172
f 174/174/174 173/173/173 172/172/172
f 175/175/175 174/174/174 172/172/172
f 176/176/176 174/174/174 175/175/175
f 177/177/177 176/176/176 175/175/175
f 178/178/178 176/176/176 177/177/177
f 179/179/179 178/178/178 177/177/177
f 178/178/178 179/179/179 180/180/180
f 179/179/179 181/181/181 180/180/180
f 184/184/184 183/183/183 182/182/182
f 185/185/185 184/184/184 182/182/182
f 186/186/186 185/185/185 182/182/182
f 187/187/187 186/186/186 182/182/182
f 186/186/186 187/187/187 188/188/188
f 189/189/189 186/186/186 188/188/188
f 190/190/190 189/189/189 188/188/188
f 191/191/191 190/190/190 188/188/188
f 192/192/192 190/190/190 191/191/191
f 193/193/193 192/192/192 191/191/191
f 194/194/194 192/192/192 193/193/193
f 195/195/195 194/194/194 193/193/193
f 196/196/196 194/194/194 195/195/195
f 197/197/197 196/196/196 195/195/195
f 198/198/198 196/196/196 197/197/197
f 199/199/199 198/198/198 197/197/197
f 198/198/198 199/199/199 200/200/200
f 201/201/201 198/198/198 200/200/200
f 204/204/204 203/203/203 202/202/202
f 205/205/205 204/204/204 202/202/202
f 206/206/206 205/205/205 202/202/202
f 207/207/207 206/206/206 202/202/202
f 206/206/206 207/207/207 208/208/208
f 209/209/209 206/206/206 208/208/208
f 210/210/210 209/209/209 208/208/208
f 211/211/211 210/210/210 208/208/208
f 211/211/211 212/212/212 210/210/210
f 212/212/212 213/213/213 210/210/210
f 214/214/214 213/213/213 212/212/212
f 215/215/215 214/214/214 212/212/212
f 216/216/216 214/214/214 215/215/215
f 217/217/217 216/216/216 215/215/215
f 218/218/218 216/216/216 217/217/217
f 219/219/219 218/218/218 217/217/217
f 218/218/218 219/219/219 220/220/220
f 221/221/221 218/218/218 220/220/220
f 224/224/224 223/223/223 222/222/222
f 225/225/225 224/224/224 222/222/222
f 225/225/225 222/222/222 226/226/226
f 227/227/227 225/225/225 226/226/226
f 227/227/227 226/226/226 228/228/228
f 229/229/229 227/227/227 228/228/228
f 229/229/229 228/228/228 230/230/230
f 231/231/231 229/229/229 230/230/230
f 231/231/231 230/230/230 232/232/232
f 230/230/230 233/233/233 232/232/232
f 234/234/234 232/232/232 233/233/233
f 235/235/235 234/234/234 233/233/233
f 236/236/236 234/234/234 235/235/235
f 237/237/237 236/236/236 235/235/235
f 238/238/238 236/236/236 237/237/237
f 239/239/239 238/238/238 237/237/237
f 238/238/238 239/239/239 240/240/240
f 239/239/239 241/241/241 240/240/240
f 244/244/244 243/243/243 242/242/242
f 243/243/243 245/245/245 242/242/242
f 245/245/245 246/246/246 242/242/242
f 246/246/246 247/247/247 242/242/242
f 247/247/247 246/246/246 248/248/248
f 246/246/246 249/249/249 248/248/248
f 249/249/249 250/250/250 248/248/248
f 250/250/250 251/251/251 248/248/248
f 254/254/254 253/253/253 252/252/252
f 255/255/255 254/254/254 252/252/252
f 256/256/256 254/254/254 255/255/255
f 257/257/257 256/256/256 255/255/255
f 258/258/258 256/256/256 257/257/257
f 259/259/259 258/258/258 257/257/257
f 258/258/258 259/259/259 260/260/260
f 259/259/259 261/261/261 260/260/260
f 264/264/264 263/263/263 262/262/262
f 263/263/263 265/265/265 262/262/262
f 263/263/263 266/266/266 265/265/265
f 266/266/266 267/267/267 265/265/265
f 266/266/266 268/268/268 267/267/267
f 268/268/268 269/269/269 267/267/267
f 268/268/268 270/270/270 269/269/269
f 270/270/270 271/271/271 269/269/269
f 272/272/272 271/271/271 270/270/270
f 273/273/273 272/272/272 270/270/270
f 273/273/273 274/274/274 272/272/272
f 274/274/274 275/275/275 272/272/272
f 274/274/274 276/276/276 275/275/275
f 276/276/276 277/277/277 275/275/275
f 276/276/276 278/278/278 277/277/277
f 278/278/278 279/279/279 277/277/277
f 279/279/279 278/278/278 280/280/280
f 278/278/278 281/281/281 280/280/280
f 284/284/284 283/283/283 282/282/282
f 283/283/283 285/285/285 282/282/282
f 282/282/282 285/285/285 286/286/286
f 285/285/285 287/287/287 286/286/286
f 286/286/286 287/287/287 288/288/288
f 287/287/287 289/289/289 288/288/288
f 288/288/288 289/289/289 290/290/290
f 289/289/289 291/291/291 290/290/290
f 290/290/290 291/291/291 292/292/292
f 291/291/291 293/293/293 292/292/292
f 293/293/293 294/294/294 292/292/292
f 294/294/294 295/295/295 292/292/292
f 294/294/294 296/296/296 295/295/295
f 296/296/296 297/297/297 295/295/295
f 296/296/296 298/298/298 297/297/297
f 298/298/298 299/299/299 297/297/297
f 299/299/299 298/298/298 300/300/300
f 301/301/301 299/299/299 300/300/300
f 304/304/304 303/303/303 302/302/302
f 303/303/303 305/305/305 302/302/302
f 305/305/305 306/306/306 302/302/302
f 306/306/306 307/307/307 302/302/302
f 307/307/307 306/306/306 308/308/308
f 306/306/306 309/309/309 308/308/308
f 309/309/309 310/310/310 308/308/308
f 310/310/310 311/311/311 308/308/308
f 310/310/310 312/312/312 311/311/311
f 312/312/312 313/313/313 311/311/311
f 312/312/312 314/314/314 313/313/313
f 314/314/314 315/315/315 313/313/313
f 314/314/314 316/316/316 315/315/315
f 316/316/316 317/317/317 315/315/315
f 316/316/316 318/318/318 317/317/317
f 318/318/318 319/319/319 317/317/317
f 319/319/319 318/318/318 320/320/320
f 318/318/318 321/321/321 320/320/320
f 324/324/324 323/323/323 322/322/322
f 323/323/323 325/325/325 322/322/322
f 325/325/325 326/326/326 322/322/322
f 326/326/326 327/327/327 322/322/322
f 327/327/327 326/326/326 328/328/328
f 326/326/326 329/329/329 328/328/328
f 329/329/329 330/330/330 328/328/328
f 330/330/330 331/331/331 328/328/328
f 332/332/332 331/331/331 330/330/330
f 333/333/333 332/332/332 330/330/330
f 333/333/333 334/334/334 332/332/332
f 334/334/334 335/335/335 332/332/332
f 334/334/334 336/336/336 335/335/335
f 336/336/336 337/337/337 335/335/335
f 336/336/336 338/338/338 337/337/337
f 338/338/338 339/339/339 337/337/337
f 339/339/339 338/338/338 340/340/340
f 338/338/338 341/341/341 340/340/340
f 344/344/344 343/343/343 342/342/342
f 343/343/343 345/345/345 342/342/342
f 342/342/342 345/345/345 346/346/346
f 345/345/345 347/347/347 346/346/346
f 346/346/346 347/347/347 348/348/348
f 347/347/347 349/349/349 348/348/348
f 348/348/348 349/349/349 350/350/350
f 349/349/349 351/351/351 350/350/350
f 350/350/350 351/351/351 352/352/352
f 353/353/353 350/350/350 352/352/352
f 352/352/352 354/354/354 353/353/353
f 354/354/354 355/355/355 353/353/353
f 354/354/354 356/356/356 355/355/355
f 356/356/356 357/357/357 355/355/355
f 356/356/356 358/358/358 357/357/357
f 358/358/358 359/359/359 357/357/357
f 359/359/359 358/358/358 360/360/360
f 361/361/361 359/359/359 360/360/360
f 364/364/364 363/363/363 362/362/362
f 365/365/365 364/364/364 362/362/362
f 366/366/366 364/364/364 365/365/365
f 365/365/365 362/362/362 367/367/367
f 368/368/368 366/366/366 365/365/365
f 369/369/369 365/365/365 367/367/367
f 368/368/368 365/365/365 369/369/369
f 369/369/369 367/367/367 370/370/370
f 371/371/371 368/368/368 369/369/369
f 372/372/372 369/369/369 370/370/370
f 371/371/371 369/369/369 372/372/372
f 372/372/372 370/370/370 373/373/373
f 374/374/374 371/371/371 372/372/372
f 375/375/375 372/372/372 373/373/373
f 374/374/374 372/372/372 375/375/375
f 375/375/375 373/373/373 376/376/376
f 377/377/377 374/374/374 375/375/375
f 378/378/378 375/375/375 376/376/376
f 377/377/377 375/375/375 378/378/378
f 378/378/378 376/376/376 379/379/379
f 380/380/380 377/377/377 378/378/378
f 381/381/381 378/378/378 379/379/379
f 380/380/380 378/378/378 381/381/381
f 382/382/382 380/380/380 381/381/381
f 385/385/385 384/384/384 383/383/383
f 384/384/384 386/386/386 383/383/383
f 384/384/384 387/387/387 386/386/386
f 387/387/387 388/388/388 386/386/386
f 387/387/387 389/389/389 388/388/388
f 389/389/389 390/390/390 388/388/388
f 389/389/389 391/391/391 390/390/390
f 391/391/391 392/392/392 390/390/390
f 391/391/391 393/393/393 392/392/392
f 393/393/393 394/394/394 392/392/392
f 393/393/393 395/395/395 394/394/394
f 395/395/395 396/396/396 394/394/394
f 399/399/399 398/398/398 397/397/397
f 398/398/398 400/400/400 397/397/397
f 397/397/397 400/400/400 401/401/401
f 398/398/398 402/402/402 400/400/400
f 400/400/400 403/403/403 401/401/401
f 401/401/401 403/403/403 404/404/404
f 402/402/402 405/405/405 400/400/400
f 400/400/400 405/405/405 403/403/403
f 402/402/402 406/406/406 405/405/405
f 403/403/403 407/407/407 404/404/404
f 404/404/404 407/407/407 408/408/408
f 407/407/407 409/409/409 408/408/408
f 406/406/406 410/410/410 405/405/405
f 406/406/406 411/411/411 410/410/410
f 405/405/405 412/412/412 403/403/403
f 403/403/403 412/412/412 407/407/407
f 405/405/405 410/410/410 412/412/412
f 407/407/407 413/413/413 409/409/409
f 412/412/412 413/413/413 407/407/407
f 413/413/413 414/414/414 409/409/409
f 411/411/411 415/415/415 410/410/410
f 411/411/411 416/416/416 415/415/415
f 410/410/410 417/417/417 412/412/412
f 412/412/412 417/417/417 413/413/413
f 410/410/410 415/415/415 417/417/417
f 413/413/413 418/418/418 414/414/414
f 417/417/417 418/418/418 413/413/413
f 418/418/418 419/419/419 414/414/414
f 418/418/418 420/420/420 419/419/419
f 418/418/418 417/417/417 420/420/420
f 420/420/420 421/421/421 419/419/419
f 416/416/416 422/422/422 415/415/415
f 416/416/416 423/423/423 422/422/422
f 423/423/423 424/424/424 422/422/422
f 415/415/415 425/425/425 417/417/417
f 415/415/415 422/422/422 425/425/425
f 417/417/417 425/425/425 420/420/420
f 422/422/422 424/424/424 426/426/426
f 422/422/422 426/426/426 425/425/425
f 425/425/425 426/426/426 420/420/420
f 424/424/424 427/427/427 426/426/426
f 420/420/420 428/428/428 421/421/421
f 426/426/426 428/428/428 420/420/420
f 426/426/426 427/427/427 428/428/428
f 428/428/428 429/429/429 421/421/421
f 427/427/427 430/430/430 428/428/428
f 428/428/428 430/430/430 429/429/429
f 430/430/430 431/431/431 429/429/429
f 434/434/434 433/433/433 432/432/432
f 433/433/433 435/435/435 432/432/432
f 432/432/432 435/435/435 436/436/436
f 437/437/437 432/432/432 436/436/436
f 438/438/438 437/437/437 436/436/436
f 441/441/441 440/440/440 439/439/439
f 442/442/442 441/441/441 439/439/439
f 442/442/442 439/439/439 443/443/443
f 444/444/444 442/442/442 443/443/443
f 444/444/444 443/443/443 445/445/445
f 446/446/446 444/444/444 445/445/445
f 446/446/446 445/445/445 447/447/447
f 448/448/448 446/446/446 447/447/447
f 448/448/448 447/447/447 449/449/449
f 450/450/450 448/448/448 449/449/449
f 450/450/450 449/449/449 451/451/451
f 452/452/452 450/450/450 451/451/451
f 455/455/455 454/454/454 453/453/453
f 456/456/456 455/455/455 453/453/453
f 456/456/456 453/453/453 457/457/457
f 458/458/458 455/455/455 456/456/456
f 459/459/459 456/456/456 457/457/457
f 459/459/459 457/457/457 460/460/460
f 461/461/461 458/458/458 456/456/456
f 461/461/461 456/456/456 459/459/459
f 462/462/462 458/458/458 461/461/461
f 463/463/463 462/462/462 461/461/461
f 463/463/463 461/461/461 464/464/464
f 464/464/464 461/461/461 459/459/459
f 465/465/465 463/463/463 464/464/464
f 466/466/466 459/459/459 460/460/460
f 464/464/464 459/459/459 466/466/466
f 466/466/466 460/460/460 467/467/467
f 465/465/465 464/464/464 468/468/468
f 468/468/468 464/464/464 466/466/466
f 469/469/469 465/465/465 468/468/468
f 470/470/470 466/466/466 467/467/467
f 468/468/468 466/466/466 470/470/470
f 470/470/470 467/467/467 471/471/471
f 469/469/469 468/468/468 472/472/472
f 472/472/472 468/468/468 470/470/470
f 473/473/473 469/469/469 472/472/472
f 474/474/474 470/470/470 471/471/471
f 472/472/472 470/470/470 474/474/474
f 474/474/474 471/471/471 475/475/475
f 476/476/476 474/474/474 475/475/475
f 473/473/473 472/472/472 477/477/477
f 477/477/477 472/472/472 474/474/474
f 477/477/477 474/474/474 476/476/476
f 478/478/478 473/473/473 477/477/477
f 479/479/479 477/477/477 476/476/476
f 478/478/478 477/477/477 479/479/479
f 480/480/480 478/478/478 479/479/479
f 483/483/483 482/482/482 481/481/481
f 484/484/484 483/483/483 481/481/481
f 484/484/484 481/481/481 485/485/485
f 486/486/486 484/484/484 485/485/485
f 486/486/486 485/485/485 487/487/487
f 488/488/488 486/486/486 487/487/487
f 488/488/488 487/487/487 489/489/489
f 490/490/490 488/488/488 489/489/489
f 490/490/490 489/489/489 491/491/491
f 492/492/492 490/490/490 491/491/491
f 492/492/492 491/491/491 493/493/493
f 494/494/494 492/492/492 493/493/493
f 497/497/497 496/496/496 495/495/495
f 498/498/498 497/497/497 495/495/495
f 499/499/499 497/497/497 498/498/498
f 500/500/500 499/499/499 498/498/498
f 501/501/501 499/499/499 500/500/500
f 502/502/502 501/501/501 500/500/500
f 503/503/503 501/501/501 502/502/502
f 504/504/504 503/503/503 502/502/502
f 505/505/505 503/503/503 504/504/504
f 506/506/506 505/505/505 504/504/504
f 507/507/507 505/505/505 506/506/506
f 508/508/508 507/507/507 506/506/506
f 511/511/511 510/510/510 509/509/509
f 510/510/510 512/512/512 509/509/509
f 510/510/510 513/513/513 512/512/512
f 509/509/509 512/512/512 514/514/514
f 513/513/513 515/515/515 512/512/512
f 512/512/512 516/516/516 514/514/514
f 512/512/512 515/515/515 516/516/516
f 514/514/514 516/516/516 517/517/517
f 515/515/515 518/518/518 516/516/516
f 516/516/516 519/519/519 517/517/517
f 516/516/516 518/518/518 519/519/519
f 517/517/517 519/519/519 520/520/520
f 518/518/518 521/521/521 519/519/519
f 519/519/519 522/522/522 520/520/520
f 519/519/519 521/521/521 522/522/522
f 520/520/520 522/522/522 523/523/523
f 521/521/521 524/524/524 522/522/522
f 522/522/522 525/525/525 523/523/523
f 522/522/522 524/524/524 525/525/525
f 523/523/523 525/525/525 526/526/526
f 524/524/524 527/527/527 525/525/525
f 525/525/525 528/528/528 526/526/526
f 525/525/525 527/527/527 528/528/528
f 527/527/527 529/529/529 528/528/528
f 532/532/532 531/531/531 530/530/530
f 533/533/533 532/532/532 530/530/530
f 534/534/534 532/532/532 533/533/533
f 535/535/535 534/534/534 533/533/533
f 536/536/536 534/534/534 535/535/535
f 537/537/537 536/536/536 535/535/535
f 538/538/538 536/536/536 537/537/537
f 539/539/539 538/538/538 537/537/537
f 540/540/540 538/538/538 539/539/539
f 541/541/541 540/540/540 539/539/539
f 542/542/542 540/540/540 541/541/541
f 543/543/543 542/542/542 541/541/541
f 546/546/546 545/545/545 544/544/544
f 547/547/547 546/546/546 544/544/544
f 547/547/547 544/544/544 548/548/548
f 549/549/549 546/546/546 547/547/547
f 550/550/550 547/547/547 548/548/548
f 550/550/550 548/548/548 551/551/551
f 552/552/552 549/549/549 547/547/547
f 552/552/552 547/547/547 550/550/550
f 553/553/553 549/549/549 552/552/552
f 554/554/554 550/550/550 551/551/551
f 554/554/554 551/551/551 555/555/555
f 556/556/556 554/554/554 555/555/555
f 557/557/557 553/553/553 552/552/552
f 558/558/558 553/553/553 557/557/557
f 559/559/559 552/552/552 550/550/550
f 559/559/559 550/550/550 554/554/554
f 557/557/557 552/552/552 559/559/559
f 560/560/560 554/554/554 556/556/556
f 560/560/560 559/559/559 554/554/554
f 561/561/561 560/560/560 556/556/556
f 562/562/562 558/558/558 557/557/557
f 563/563/563 558/558/558 562/562/562
f 564/564/564 557/557/557 559/559/559
f 564/564/564 559/559/559 560/560/560
f 562/562/562 557/557/557 564/564/564
f 565/565/565 560/560/560 561/561/561
f 565/565/565 564/564/564 560/560/560
f 566/566/566 565/565/565 561/561/561
f 567/567/567 563/563/563 562/562/562
f 568/568/568 563/563/563 567/567/567
f 569/569/569 568/568/568 567/567/567
f 570/570/570 562/562/562 564/564/564
f 570/570/570 564/564/564 565/565/565
f 567/567/567 562/562/562 570/570/570
f 571/571/571 565/565/565 566/566/566
f 571/571/571 570/570/570 565/565/565
f 572/572/572 571/571/571 566/566/566
f 569/569/569 567/567/567 573/573/573
f 573/573/573 567/567/567 570/570/570
f 573/573/573 570/570/570 571/571/571
f 574/574/574 569/569/569 573/573/573
f 575/575/575 571/571/571 572/572/572
f 575/575/575 573/573/573 571/571/571
f 574/574/574 573/573/573 575/575/575
f 576/576/576 575/575/575 572/572/572
f 577/577/577 574/574/574 575/575/575
f 577/577/577 575/575/575 576/576/576
f 578/578/578 577/577/577 576/576/576
f 581/581/581 580/580/580 579/579/579
f 582/582/582 581/581/581 579/579/579
f 582/582/582 579/579/579 583/583/583
f 579/579/579 584/584/584 583/583/583
f 584/584/584 585/585/585 583/583/583
f 588/588/588 587/587/587 586/586/586
f 587/587/587 589/589/589 586/586/586
f 586/586/586 589/589/589 590/590/590
f 589/589/589 591/591/591 590/590/590
f 590/590/590 591/591/591 592/592/592
f 591/591/591 593/593/593 592/592/592
f 592/592/592 593/593/593 594/594/594
f 593/593/593 595/595/595 594/594/594
f 594/594/594 595/595/595 596/596/596
f 595/595/595 597/597/597 596/596/596
f 596/596/596 597/597/597 598/598/598
f 597/597/597 599/599/599 598/598/598
f 602/602/602 601/601/601 600/600/600
f 601/601/601 603/603/603 600/600/600
f 600/600/600 603/603/603 604/604/604
f 601/601/601 605/605/605 603/603/603
f 603/603/603 606/606/606 604/604/604
f 604/604/604 606/606/606 607/607/607
f 605/605/605 608/608/608 603/603/603
f 603/603/603 608/608/608 606/606/606
f 605/605/605 609/609/609 608/608/608
f 609/609/609 610/610/610 608/608/608
f 608/608/608 610/610/610 611/611/611
f 608/608/608 611/611/611 606/606/606
f 610/610/610 612/612/612 611/611/611
f 606/606/606 613/613/613 607/607/607
f 606/606/606 611/611/611 613/613/613
f 607/607/607 613/613/613 614/614/614
f 611/611/611 612/612/612 615/615/615
f 611/611/611 615/615/615 613/613/613
f 612/612/612 616/616/616 615/615/615
f 613/613/613 617/617/617 614/614/614
f 613/613/613 615/615/615 617/617/617
f 614/614/614 617/617/617 618/618/618
f 615/615/615 616/616/616 619/619/619
f 615/615/615 619/619/619 617/617/617
f 616/616/616 620/620/620 619/619/619
f 617/617/617 621/621/621 618/618/618
f 617/617/617 619/619/619 621/621/621
f 618/618/618 621/621/621 622/622/622
f 621/621/621 623/623/623 622/622/622
f 619/619/619 620/620/620 624/624/624
f 619/619/619 624/624/624 621/621/621
f 621/621/621 624/624/624 623/623/623
f 620/620/620 625/625/625 624/624/624
f 624/624/624 626/626/626 623/623/623
f 624/624/624 625/625/625 626/626/626
f 625/625/625 627/627/627 626/626/626
f 630/630/630 629/629/629 628/628/628
f 629/629/629 631/631/631 628/628/628
f 628/628/628 631/631/631 632/632/632
f 631/631/631 633/633/633 632/632/632
f 632/632/632 633/633/633 634/634/634
f 633/633/633 635/635/635 634/634/634
f 634/634/634 635/635/635 636/636/636
f 635/635/635 637/637/637 636/636/636
f 636/636/636 637/637/637 638/638/638
f 637/637/637 639/639/639 638/638/638
f 638/638/638 639/639/639 640/640/640
f 639/639/639 641/641/641 640/640/640
f 644/644/644 643/643/643 642/642/642
f 643/643/643 645/645/645 642/642/642
f 643/643/643 646/646/646 645/645/645
f 646/646/646 647/647/647 645/645/645
f 646/646/646 648/648/648 647/647/647
f 648/648/648 649/649/649 647/647/647
f 648/648/648 650/650/650 649/649/649
f 650/650/650 651/651/651 649/649/649
f 650/650/650 652/652/652 651/651/651
f 652/652/652 653/653/653 651/651/651
f 652/652/652 654/654/654 653/653/653
f 654/654/654 655/655/655 653/653/653
f 658/658/658 657/657/657 656/656/656
f 659/659/659 658/658/658 656/656/656
f 659/659/659 656/656/656 660/660/660
f 661/661/661 659/659/659 660/660/660
f 661/661/661 660/660/660 662/662/662
f 663/663/663 661/661/661 662/662/662
f 663/663/663 662/662/662 664/664/664
f 665/665/665 663/663/663 664/664/664
f 665/665/665 664/664/664 666/666/666
f 667/667/667 665/665/665 666/666/666
f 667/667/667 666/666/666 668/668/668
f 669/669/669 667/667/667 668/668/668
f 672/672/672 671/671/671 670/670/670
f 673/673/673 672/672/672 670/670/670
f 673/673/673 670/670/670 674/674/674
f 675/675/675 673/673/673 674/674/674
f 675/675/675 674/674/674 676/676/676
f 677/677/677 675/675/675 676/676/676
f 677/677/677 676/676/676 678/678/678
f 679/679/679 677/677/677 678/678/678
f 679/679/679 678/678/678 680/680/680
f 681/681/681 679/679/679 680/680/680
f 681/681/681 680/680/680 682/682/682
f 683/683/683 681/681/681 682/682/682
f 686/686/686 685/685/685 684/684/684
f 687/687/687 686/686/686 684/684/684
f 687/687/687 684/684/684 688/688/688
f 689/689/689 686/686/686 687/687/687
f 690/690/690 687/687/687 688/688/688
f 690/690/690 688/688/688 691/691/691
f 692/692/692 689/689/689 687/687/687
f 692/692/692 687/687/687 690/690/690
f 693/693/693 689/689/689 692/692/692
f 694/694/694 690/690/690 691/691/691
f 694/694/694 691/691/691 695/695/695
f 696/696/696 693/693/693 692/692/692
f 697/697/697 693/693/693 696/696/696
f 698/698/698 697/697/697 696/696/696
f 699/699/699 692/692/692 690/690/690
f 696/696/696 692/692/692 699/699/699
f 699/699/699 690/690/690 694/694/694
f 698/698/698 696/696/696 700/700/700
f 700/700/700 696/696/696 699/699/699
f 701/701/701 698/698/698 700/700/700
f 702/702/702 694/694/694 695/695/695
f 702/702/702 695/695/695 703/703/703
f 704/704/704 699/699/699 694/694/694
f 700/700/700 699/699/699 704/704/704
f 704/704/704 694/694/694 702/702/702
f 701/701/701 700/700/700 705/705/705
f 705/705/705 700/700/700 704/704/704
f 706/706/706 701/701/701 705/705/705
f 707/707/707 702/702/702 703/703/703
f 707/707/707 703/703/703 708/708/708
f 709/709/709 707/707/707 708/708/708
f 710/710/710 704/704/704 702/702/702
f 705/705/705 704/704/704 710/710/710
f 710/710/710 702/702/702 707/707/707
f 706/706/706 705/705/705 711/711/711
f 711/711/711 705/705/705 710/710/710
f 712/712/712 706/706/706 711/711/711
f 713/713/713 707/707/707 709/709/709
f 713/713/713 710/710/710 707/707/707
f 711/711/711 710/710/710 713/713/713
f 714/714/714 713/713/713 709/709/709
f 712/712/712 711/711/711 715/715/715
f 715/715/715 711/711/711 713/713/713
f 715/715/715 713/713/713 714/714/714
f 716/716/716 712/712/712 715/715/715
f 717/717/717 715/715/715 714/714/714
f 716/716/716 715/715/715 717/717/717
f 718/718/718 716/716/716 717/717/717
f 721/721/721 720/720/720 719/719/719
f 722/722/722 721/721/721 719/719/719
f 722/722/722 719/719/719 723/723/723
f 724/724/724 722/722/722 723/723/723
f 724/724/724 723/723/723 725/725/725
f 726/726/726 724/724/724 725/725/725
f 726/726/726 725/725/725 727/727/727
f 728/728/728 726/726/726 727/727/727
f 728/728/728 727/727/727 729/729/729
f 730/730/730 728/728/728 729/729/729
f 730/730/730 729/729/729 731/731/731
f 732/732/732 730/730/730 731/731/731
f 735/735/735 734/734/734 733/733/733
f 736/736/736 735/735/735 733/733/733
f 736/736/736 733/733/733 737/737/737
f 736/736/736 738/738/738 735/735/735
f 738/738/738 739/739/739 735/735/735
f 740/740/740 736/736/736 737/737/737
f 740/740/740 737/737/737 741/741/741
f 738/738/738 742/742/742 739/739/739
f 742/742/742 743/743/743 739/739/739
f 744/744/744 742/742/742 738/738/738
f 745/745/745 738/738/738 736/736/736
f 745/745/745 744/744/744 738/738/738
f 740/740/740 745/745/745 736/736/736
f 746/746/746 744/744/744 745/745/745
f 747/747/747 746/746/746 745/745/745
f 747/747/747 745/745/745 740/740/740
f 748/748/748 746/746/746 747/747/747
f 749/749/749 740/740/740 741/741/741
f 749/749/749 747/747/747 740/740/740
f 749/749/749 741/741/741 750/750/750
f 751/751/751 748/748/748 747/747/747
f 751/751/751 747/747/747 749/749/749
f 752/752/752 748/748/748 751/751/751
f 753/753/753 749/749/749 750/750/750
f 753/753/753 751/751/751 749/749/749
f 753/753/753 750/750/750 754/754/754
f 755/755/755 752/752/752 751/751/751
f 755/755/755 751/751/751 753/753/753
f 756/756/756 752/752/752 755/755/755
f 757/757/757 756/756/756 755/755/755
f 758/758/758 753/753/753 754/754/754
f 758/758/758 755/755/755 753/753/753
f 757/757/757 755/755/755 758/758/758
f 758/758/758 754/754/754 759/759/759
f 760/760/760 757/757/757 758/758/758
f 760/760/760 758/758/758 759/759/759
f 763/763/763 762/762/762 761/761/761
f 764/764/764 763/763/763 761/761/761
f 764/764/764 761/761/761 765/765/765
f 766/766/766 764/764/764 765/765/765
f 766/766/766 765/765/765 767/767/767
f 768/768/768 766/766/766 767/767/767
f 768/768/768 767/767/767 769/769/769
f 770/770/770 768/768/768 769/769/769
f 770/770/770 769/769/769 771/771/771
f 772/772/772 770/770/770 771/771/771
f 772/772/772 771/771/771 773/773/773
f 774/774/774 772/772/772 773/773/773
f 777/777/777 776/776/776 775/775/775
f 776/776/776 778/778/778 775/775/775
f 775/775/775 778/778/778 779/779/779
f 778/778/778 780/780/780 779/779/779
f 779/779/779 780/780/780 781/781/781
f 780/780/780 782/782/782 781/781/781
f 781/781/781 782/782/782 783/783/783
f 782/782/782 784/784/784 783/783/783
f 783/783/783 784/784/784 785/785/785
f 784/784/784 786/786/786 785/785/785
f 785/785/785 786/786/786 787/787/787
f 786/786/786 788/788/788 787/787/787
f 791/791/791 790/790/790 789/789/789
f 790/790/790 792/792/792 789/789/789
f 789/789/789 792/792/792 793/793/793
f 792/792/792 794/794/794 793/793/793
f 793/793/793 794/794/794 795/795/795
f 794/794/794 796/796/796 795/795/795
f 795/795/795 796/796/796 797/797/797
f 796/796/796 798/798/798 797/797/797
f 797/797/797 798/798/798 799/799/799
f 798/798/798 800/800/800 799/799/799
f 799/799/799 800/800/800 801/801/801
f 800/800/800 802/802/802 801/801/801
f 805/805/805 804/804/804 803/803/803
f 804/804/804 806/806/806 803/803/803
f 803/803/803 806/806/806 807/807/807
f 804/804/804 808/808/808 806/806/806
f 806/806/806 809/809/809 807/807/807
f 807/807/807 809/809/809 810/810/810
f 808/808/808 811/811/811 806/806/806
f 806/806/806 811/811/811 809/809/809
f 808/808/808 812/812/812 811/811/811
f 809/809/809 813/813/813 810/810/810
f 810/810/810 813/813/813 814/814/814
f 812/812/812 815/815/815 811/811/811
f 812/812/812 816/816/816 815/815/815
f 816/816/816 817/817/817 815/815/815
f 811/811/811 818/818/818 809/809/809
f 811/811/811 815/815/815 818/818/818
f 809/809/809 818/818/818 813/813/813
f 815/815/815 817/817/817 819/819/819
f 815/815/815 819/819/819 818/818/818
f 817/817/817 820/820/820 819/819/819
f 813/813/813 821/821/821 814/814/814
f 814/814/814 821/821/821 822/822/822
f 818/818/818 823/823/823 813/813/813
f 818/818/818 819/819/819 823/823/823
f 813/813/813 823/823/823 821/821/821
f 819/819/819 820/820/820 824/824/824
f 819/819/819 824/824/824 823/823/823
f 820/820/820 825/825/825 824/824/824
f 821/821/821 826/826/826 822/822/822
f 822/822/822 826/826/826 827/827/827
f 826/826/826 828/828/828 827/827/827
f 823/823/823 829/829/829 821/821/821
f 823/823/823 824/824/824 829/829/829
f 821/821/821 829/829/829 826/826/826
f 824/824/824 825/825/825 830/830/830
f 824/824/824 830/830/830 829/829/829
f 825/825/825 831/831/831 830/830/830
f 826/826/826 832/832/832 828/828/828
f 829/829/829 832/832/832 826/826/826
f 829/829/829 830/830/830 832/832/832
f 832/832/832 833/833/833 828/828/828
f 830/830/830 831/831/831 834/834/834
f 830/830/830 834/834/834 832/832/832
f 832/832/832 834/834/834 833/833/833
f 831/831/831 835/835/835 834/834/834
f 834/834/834 836/836/836 833/833/833
f 834/834/834 835/835/835 836/836/836
f 835/835/835 837/837/837 836/836/836
f 840/840/840 839/839/839 838/838/838
f 839/839/839 841/841/841 838/838/838
f 838/838/838 841/841/841 842/842/842
f 841/841/841 843/843/843 842/842/842
f 842/842/842 843/843/843 844/844/844
f 843/843/843 845/845/845 844/844/844
f 844/844/844 845/845/845 846/846/846
f 845/845/845 847/847/847 846/846/846
f 846/846/846 847/847/847 848/848/848
f 847/847/847 849/849/849 848/848/848
f 848/848/848 849/849/849 850/850/850
f 849/849/849 851/851/851 850/850/850
f 854/854/854 853/853/853 852/852/852
f 853/853/853 855/855/855 852/852/852
f 852/852/852 855/855/855 856/856/856
f 853/853/853 857/857/857 855/855/855
f 855/855/855 858/858/858 856/856/856
f 856/856/856 858/858/858 859/859/859
f 857/857/857 860/860/860 855/855/855
f 855/855/855 860/860/860 858/858/858
f 857/857/857 861/861/861 860/860/860
f 861/861/861 862/862/862 860/860/860
f 860/860/860 862/862/862 863/863/863
f 860/860/860 863/863/863 858/858/858
f 862/862/862 864/864/864 863/863/863
f 858/858/858 865/865/865 859/859/859
f 858/858/858 863/863/863 865/865/865
f 859/859/859 865/865/865 866/866/866
f 863/863/863 864/864/864 867/867/867
f 863/863/863 867/867/867 865/865/865
f 864/864/864 868/868/868 867/867/867
f 865/865/865 869/869/869 866/866/866
f 865/865/865 867/867/867 869/869/869
f 866/866/866 869/869/869 870/870/870
f 867/867/867 868/868/868 871/871/871
f 867/867/867 871/871/871 869/869/869
f 868/868/868 872/872/872 871/871/871
f 869/869/869 873/873/873 870/870/870
f 869/869/869 871/871/871 873/873/873
f 870/870/870 873/873/873 874/874/874
f 873/873/873 875/875/875 874/874/874
f 871/871/871 872/872/872 876/876/876
f 871/871/871 876/876/876 873/873/873
f 873/873/873 876/876/876 875/875/875
f 872/872/872 877/877/877 876/876/876
f 876/876/876 878/878/878 875/875/875
f 876/876/876 877/877/877 878/878/878
f 877/877/877 879/879/879 878/878/878
f 882/882/882 881/881/881 880/880/880
f 881/881/881 883/883/883 880/880/880
f 880/880/880 883/883/883 884/884/884
f 883/883/883 885/885/885 884/884/884
f 884/884/884 885/885/885 886/886/886
f 885/885/885 887/887/887 886/886/886
f 886/886/886 887/887/887 888/888/888
f 887/887/887 889/889/889 888/888/888
f 888/888/888 889/889/889 890/890/890
f 889/889/889 891/891/891 890/890/890
f 890/890/890 891/891/891 892/892/892
f 891/891/891 893/893/893 892/892/892
f 896/896/896 895/895/895 894/894/894
f 897/897/897 896/896/896 894/894/894
f 894/894/894 898/898/898 897/897/897
f 899/899/899 896/896/896 897/897/897
f 898/898/898 900/900/900 897/897/897
f 900/900/900 898/898/898 901/901/901
f 902/902/902 899/899/899 897/897/897
f 897/897/897 900/900/900 902/902/902
f 903/903/903 899/899/899 902/902/902
f 904/904/904 900/900/900 901/901/901
f 900/900/900 905/905/905 902/902/902
f 905/905/905 900/900/900 904/904/904
f 906/906/906 903/903/903 902/902/902
f 902/902/902 905/905/905 906/906/906
f 906/906/906 907/907/907 903/903/903
f 907/907/907 908/908/908 903/903/903
f 909/909/909 907/907/907 906/906/906
f 910/910/910 909/909/909 906/906/906
f 905/905/905 910/910/910 906/906/906
f 910/910/910 911/911/911 909/909/909
f 911/911/911 910/910/910 905/905/905
f 911/911/911 912/912/912 909/909/909
f 913/913/913 911/911/911 905/905/905
f 913/913/913 905/905/905 904/904/904
f 911/911/911 914/914/914 912/912/912
f 911/911/911 913/913/913 914/914/914
f 914/914/914 915/915/915 912/912/912
f 904/904/904 901/901/901 916/916/916
f 901/901/901 917/917/917 916/916/916
f 913/913/913 904/904/904 918/918/918
f 913/913/913 918/918/918 914/914/914
f 904/904/904 916/916/916 918/918/918
f 915/915/915 914/914/914 919/919/919
f 920/920/920 915/915/915 919/919/919
f 919/919/919 914/914/914 921/921/921
f 914/914/914 918/918/918 921/921/921
f 918/918/918 916/916/916 921/921/921
f 916/916/916 922/922/922 921/921/921
f 916/916/916 917/917/917 922/922/922
f 917/917/917 923/923/923 922/922/922
f 926/926/926 925/925/925 924/924/924
f 927/927/927 926/926/926 924/924/924
f 927/927/927 924/924/924 928/928/928
f 924/924/924 929/929/929 928/928/928
f 928/928/928 929/929/929 930/930/930
f 929/929/929 931/931/931 930/930/930
f 930/930/930 931/931/931 932/932/932
f 931/931/931 933/933/933 932/932/932
f 936/936/936 935/935/935 934/934/934
f 935/935/935 937/937/937 934/934/934
f 938/938/938 934/934/934 937/937/937
f 935/935/935 939/939/939 937/937/937
f 940/940/940 938/938/938 937/937/937
f 938/938/938 940/940/940 941/941/941
f 939/939/939 942/942/942 937/937/937
f 940/940/940 937/937/937 942/942/942
f 939/939/939 943/943/943 942/942/942
f 940/940/940 944/944/944 941/941/941
f 945/945/945 940/940/940 942/942/942
f 940/940/940 945/945/945 944/944/944
f 943/943/943 946/946/946 942/942/942
f 945/945/945 942/942/942 946/946/946
f 947/947/947 946/946/946 943/943/943
f 948/948/948 947/947/947 943/943/943
f 947/947/947 949/949/949 946/946/946
f 949/949/949 950/950/950 946/946/946
f 950/950/950 945/945/945 946/946/946
f 951/951/951 950/950/950 949/949/949
f 950/950/950 951/951/951 945/945/945
f 952/952/952 951/951/951 949/949/949
f 951/951/951 953/953/953 945/945/945
f 945/945/945 953/953/953 944/944/944
f 954/954/954 951/951/951 952/952/952
f 953/953/953 951/951/951 954/954/954
f 955/955/955 954/954/954 952/952/952
f 941/941/941 944/944/944 956/956/956
f 957/957/957 941/941/941 956/956/956
f 944/944/944 953/953/953 958/958/958
f 958/958/958 953/953/953 954/954/954
f 956/956/956 944/944/944 958/958/958
f 954/954/954 955/955/955 959/959/959
f 955/955/955 960/960/960 959/959/959
f 954/954/954 959/959/959 961/961/961
f 958/958/958 954/954/954 961/961/961
f 956/956/956 958/958/958 961/961/961
f 962/962/962 956/956/956 961/961/961
f 957/957/957 956/956/956 962/962/962
f 963/963/963 957/957/957 962/962/962
f 966/966/966 965/965/965 964/964/964
f 965/965/965 967/967/967 964/964/964
f 964/964/964 967/967/967 968/968/968
f 969/969/969 964/964/964 968/968/968
f 969/969/969 968/968/968 970/970/970
f 971/971/971 969/969/969 970/970/970
f 971/971/971 970/970/970 972/972/972
f 973/973/973 971/971/971 972/972/972
f 976/976/976 975/975/975 974/974/974
f 975/975/975 977/977/977 974/974/974
f 974/974/974 977/977/977 978/978/978
f 979/979/979 974/974/974 978/978/978
f 978/978/978 977/977/977 980/980/980
f 977/977/977 981/981/981 980/980/980
f 977/977/977 982/982/982 981/981/981
f 985/985/985 984/984/984 983/983/983
f 986/986/986 985/985/985 983/983/983
f 986/986/986 983/983/983 987/987/987
f 983/983/983 988/988/988 987/987/987
f 986/986/986 987/987/987 989/989/989
f 990/990/990 986/986/986 989/989/989
f 991/991/991 986/986/986 990/990/990
f 994/994/994 993/993/993 992/992/992
f 995/995/995 992/992/992 993/993/993
f 996/996/996 995/995/995 993/993/993
f 995/995/995 996/996/996 997/997/997
f 998/998/998 995/995/995 997/997/997
f 999/999/999 998/998/998 997/997/997
f 997/997/997 996/996/996 1000/1000/1000
f 997/997/997 996/996/996 1000/1000/1000
f 1001/1001/1001 999/999/999 997/997/997
f 1002/1002/1002 999/999/999 1001/1001/1001
f 1003/1003/1003 1002/1002/1002 1001/1001/1001
f 1003/1003/1003 1004/1004/1004 1002/1002/1002
f 1004/1004/1004 1005/1005/1005 1002/1002/1002
f 1004/1004/1004 1006/1006/1006 1005/1005/1005
f 1006/1006/1006 1007/1007/1007 1005/1005/1005
f 1008/1008/1008 1007/1007/1007 1006/1006/1006
f 1009/1009/1009 1008/1008/1008 1006/1006/1006
f 1009/1009/1009 1006/1006/1006 1010/1010/1010
f 1011/1011/1011 1009/1009/1009 1010/1010/1010
f 1012/1012/1012 1011/1011/1011 1010/1010/1010
f 1013/1013/1013 1012/1012/1012 1010/1010/1010
f 1013/1013/1013 1010/1010/1010 1014/1014/1014
f 1010/1010/1010 1015/1015/1015 1014/1014/1014
f 1018/1018/1018 1017/1017/1017 1016/1016/1016
f 1016/1016/1016 1019/1019/1019 1018/1018/1018
f 1019/1019/1019 1020/1020/1020 1018/1018/1018
f 1020/1020/1020 1019/1019/1019 1021/1021/1021
f 1019/1019/1019 1022/1022/1022 1021/1021/1021
f 1020/1020/1020 1021/1021/1021 1023/1023/1023
f 1024/1024/1024 1021/1021/1021 1023/1023/1023
f 1022/1022/1022 1025/1025/1025 1021/1021/1021
f 1025/1025/1025 1026/1026/1026 1021/1021/1021
f 1025/1025/1025 1027/1027/1027 1026/1026/1026
f 1027/1027/1027 1028/1028/1028 1026/1026/1026
f 1029/1029/1029 1028/1028/1028 1027/1027/1027
f 1030/1030/1030 1029/1029/1029 1027/1027/1027
f 1031/1031/1031 1029/1029/1029 1030/1030/1030
f 1032/1032/1032 1031/1031/1031 1030/1030/1030
f 1032/1032/1032 1033/1033/1033 1031/1031/1031
f 1033/1033/1033 1034/1034/1034 1031/1031/1031
f 1031/1031/1031 1034/1034/1034 1035/1035/1035
f 1034/1034/1034 1036/1036/1036 1035/1035/1035
f 1036/1036/1036 1037/1037/1037 1035/1035/1035
f 1037/1037/1037 1038/1038/1038 1035/1035/1035
f 1035/1035/1035 1038/1038/1038 1039/1039/1039
f 1040/1040/1040 1035/1035/1035 1039/1039/1039
f 1043/1043/1043 1042/1042/1042 1041/1041/1041
f 1043/1043/1043 1044/1044/1044 1041/1041/1041
f 1045/1045/1045 1044/1044/1044 1043/1043/1043
f 1044/1044/1044 1045/1045/1045 1046/1046/1046
f 1045/1045/1045 1047/1047/1047 1046/1046/1046
f 1048/1048/1048 1046/1046/1046 1047/1047/1047
f 1049/1049/1049 1045/1045/1045 1043/1043/1043
f 1050/1050/1050 1049/1049/1049 1043/1043/1043
f 1051/1051/1051 1050/1050/1050 1043/1043/1043
f 1052/1052/1052 1050/1050/1050 1051/1051/1051
f 1053/1053/1053 1052/1052/1052 1051/1051/1051
f 1053/1053/1053 1054/1054/1054 1052/1052/1052
f 1054/1054/1054 1055/1055/1055 1052/1052/1052
f 1054/1054/1054 1056/1056/1056 1055/1055/1055
f 1056/1056/1056 1057/1057/1057 1055/1055/1055
f 1058/1058/1058 1057/1057/1057 1056/1056/1056
f 1059/1059/1059 1058/1058/1058 1056/1056/1056
f 1059/1059/1059 1056/1056/1056 1060/1060/1060
f 1061/1061/1061 1059/1059/1059 1060/1060/1060
f 1062/1062/1062 1061/1061/1061 1060/1060/1060
f 1063/1063/1063 1062/1062/1062 1060/1060/1060
f 1063/1063/1063 1060/1060/1060 1064/1064/1064
f 1060/1060/1060 1065/1065/1065 1064/1064/1064
f 1068/1068/1068 1067/1067/1067 1066/1066/1066
f 1069/1069/1069 1068/1068/1068 1066/1066/1066
f 1069/1069/1069 1066/1066/1066 1070/1070/1070
f 1071/1071/1071 1069/1069/1069 1070/1070/1070
f 1071/1071/1071 1070/1070/1070 1072/1072/1072
f 1073/1073/1073 1071/1071/1071 1072/1072/1072
f 1073/1073/1073 1072/1072/1072 1074/1074/1074
f 1075/1075/1075 1073/1073/1073 1074/1074/1074
f 1075/1075/1075 1074/1074/1074 1076/1076/1076
f 1077/1077/1077 1075/1075/1075 1076/1076/1076
f 1077/1077/1077 1076/1076/1076 1078/1078/1078
f 1079/1079/1079 1077/1077/1077 1078/1078/1078
f 1079/1079/1079 1078/1078/1078 1080/1080/1080
f 1081/1081/1081 1079/1079/1079 1080/1080/1080
f 1082/1082/1082 1081/1081/1081 1080/1080/1080
f 1082/1082/1082 1080/1080/1080 1083/1083/1083
f 1084/1084/1084 1082/1082/1082 1083/1083/1083
f 1084/1084/1084 1083/1083/1083 1085/1085/1085
f 1086/1086/1086 1084/1084/1084 1085/1085/1085
f 1086/1086/1086 1085/1085/1085 1087/1087/1087
f 1086/1086/1086 1087/1087/1087 1088/1088/1088
f 1089/1089/1089 1086/1086/1086 1088/1088/1088
f 1089/1089/1089 1088/1088/1088 1090/1090/1090
f 1090/1090/1090 1091/1091/1091 1089/1089/1089
f 1091/1091/1091 1092/1092/1092 1089/1089/1089
f 1090/1090/1090 1093/1093/1093 1091/1091/1091
f 1093/1093/1093 1094/1094/1094 1091/1091/1091
f 1095/1095/1095 1092/1092/1092 1091/1091/1091
f 1095/1095/1095 1091/1091/1091 1096/1096/1096
f 1097/1097/1097 1095/1095/1095 1096/1096/1096
f 1097/1097/1097 1096/1096/1096 1098/1098/1098
f 1096/1096/1096 1099/1099/1099 1098/1098/1098
f 1098/1098/1098 1099/1099/1099 1100/1100/1100
f 1099/1099/1099 1101/1101/1101 1100/1100/1100
f 1100/1100/1100 1101/1101/1101 1102/1102/1102
f 1101/1101/1101 1103/1103/1103 1102/1102/1102
f 1102/1102/1102 1103/1103/1103 1104/1104/1104
f 1103/1103/1103 1105/1105/1105 1104/1104/1104
f 1104/1104/1104 1105/1105/1105 1106/1106/1106
f 1105/1105/1105 1107/1107/1107 1106/1106/1106
f 1106/1106/1106 1107/1107/1107 1108/1108/1108
f 1107/1107/1107 1109/1109/1109 1108/1108/1108
f 1108/1108/1108 1109/1109/1109 1110/1110/1110
f 1109/1109/1109 1111/1111/1111 1110/1110/1110
f 1110/1110/1110 1111/1111/1111 1112/1112/1112
f 1111/1111/1111 1113/1113/1113 1112/1112/1112
f 1113/1113/1113 1114/1114/1114 1112/1112/1112
f 1114/1114/1114 1115/1115/1115 1112/1112/1112
f 1114/1114/1114 1116/1116/1116 1115/1115/1115
f 1116/1116/1116 1117/1117/1117 1115/1115/1115
f 1116/1116/1116 1118/1118/1118 1117/1117/1117
f 1118/1118/1118 1119/1119/1119 1117/1117/1117
f 1118/1118/1118 1120/1120/1120 1119/1119/1119
f 1120/1120/1120 1121/1121/1121 1119/1119/1119
f 1120/1120/1120 1122/1122/1122 1121/1121/1121
f 1122/1122/1122 1123/1123/1123 1121/1121/1121
f 1122/1122/1122 1124/1124/1124 1123/1123/1123
f 1124/1124/1124 1125/1125/1125 1123/1123/1123
f 1124/1124/1124 1126/1126/1126 1125/1125/1125
f 1126/1126/1126 1127/1127/1127 1125/1125/1125
f 1126/1126/1126 1128/1128/1128 1127/1127/1127
f 1128/1128/1128 1129/1129/1129 1127/1127/1127
f 1130/1130/1130 1129/1129/1129 1128/1128/1128
f 1131/1131/1131 1130/1130/1130 1128/1128/1128
f 1132/1132/1132 1130/1130/1130 1131/1131/1131
f 1133/1133/1133 1132/1132/1132 1131/1131/1131
f 1133/1133/1133 1131/1131/1131 1134/1134/1134
f 1134/1134/1134 1135/1135/1135 1133/1133/1133
f 1135/1135/1135 1136/1136/1136 1133/1133/1133
f 1132/1132/1132 1133/1133/1133 1137/1137/1137
f 1133/1133/1133 1136/1136/1136 1137/1137/1137
f 1138/1138/1138 1137/1137/1137 1136/1136/1136
f 1139/1139/1139 1137/1137/1137 1138/1138/1138
f 1140/1140/1140 1139/1139/1139 1138/1138/1138
f 1141/1141/1141 1139/1139/1139 1140/1140/1140
f 1142/1142/1142 1139/1139/1139 1141/1141/1141
f 1143/1143/1143 1142/1142/1142 1141/1141/1141
f 1144/1144/1144 1142/1142/1142 1143/1143/1143
f 1145/1145/1145 1144/1144/1144 1143/1143/1143
f 1146/1146/1146 1144/1144/1144 1145/1145/1145
f 1147/1147/1147 1146/1146/1146 1145/1145/1145
f 1148/1148/1148 1147/1147/1147 1145/1145/1145
f 1149/1149/1149 1147/1147/1147 1148/1148/1148
f 1150/1150/1150 1149/1149/1149 1148/1148/1148
f 1151/1151/1151 1149/1149/1149 1150/1150/1150
f 1152/1152/1152 1151/1151/1151 1150/1150/1150
f 1153/1153/1153 1151/1151/1151 1152/1152/1152
f 1154/1154/1154 1153/1153/1153 1152/1152/1152
f 1155/1155/1155 1153/1153/1153 1154/1154/1154
f 1156/1156/1156 1155/1155/1155 1154/1154/1154
f 1155/1155/1155 1156/1156/1156 1157/1157/1157
f 1156/1156/1156 1158/1158/1158 1157/1157/1157
f 1159/1159/1159 1157/1157/1157 1158/1158/1158
f 1160/1160/1160 1159/1159/1159 1158/1158/1158
f 1163/1163/1163 1162/1162/1162 1161/1161/1161
f 1162/1162/1162 1164/1164/1164 1161/1161/1161
f 1165/1165/1165 1161/1161/1161 1164/1164/1164
f 1168/1168/1168 1167/1167/1167 1166/1166/1166
f 1169/1169/1169 1168/1168/1168 1166/1166/1166
f 1166/1166/1166 1170/1170/1170 1169/1169/1169
f 1173/1173/1173 1172/1172/1172 1171/1171/1171
f 1174/1174/1174 1173/1173/1173 1171/1171/1171
f 1174/1174/1174 1171/1171/1171 1175/1175/1175
f 1171/1171/1171 1176/1176/1176 1175/1175/1175
f 1175/1175/1175 1176/1176/1176 1177/1177/1177
f 1178/1178/1178 1175/1175/1175 1177/1177/1177
f 1178/1178/1178 1177/1177/1177 1179/1179/1179
f 1177/1177/1177 1180/1180/1180 1179/1179/1179
f 1179/1179/1179 1180/1180/1180 1181/1181/1181
f 1180/1180/1180 1182/1182/1182 1181/1181/1181
f 1181/1181/1181 1182/1182/1182 1183/1183/1183
f 1184/1184/1184 1181/1181/1181 1183/1183/1183
f 1184/1184/1184 1183/1183/1183 1185/1185/1185
f 1183/1183/1183 1186/1186/1186 1185/1185/1185
f 1185/1185/1185 1186/1186/1186 1187/1187/1187
f 1186/1186/1186 1188/1188/1188 1187/1187/1187
f 1187/1187/1187 1188/1188/1188 1189/1189/1189
f 1190/1190/1190 1187/1187/1187 1189/1189/1189
f 1190/1190/1190 1189/1189/1189 1191/1191/1191
f 1189/1189/1189 1192/1192/1192 1191/1191/1191
f 1191/1191/1191 1192/1192/1192 1193/1193/1193
f 1194/1194/1194 1191/1191/1191 1193/1193/1193
f 1194/1194/1194 1193/1193/1193 1195/1195/1195
f 1196/1196/1196 1194/1194/1194 1195/1195/1195
f 1196/1196/1196 1195/1195/1195 1197/1197/1197
f 1198/1198/1198 1196/1196/1196 1197/1197/1197
f 1198/1198/1198 1197/1197/1197 1199/1199/1199
f 1199/1199/1199 1200/1200/1200 1198/1198/1198
f 1200/1200/1200 1201/1201/1201 1198/1198/1198
f 1204/1204/1204 1203/1203/1203 1202/1202/1202
f 1205/1205/1205 1204/1204/1204 1202/1202/1202
f 1205/1205/1205 1202/1202/1202 1206/1206/1206
f 1206/1206/1206 1202/1202/1202 1207/1207/1207
f 1206/1206/1206 1207/1207/1207 1208/1208/1208
f 1205/1205/1205 1209/1209/1209 1204/1204/1204
f 1209/1209/1209 1210/1210/1210 1204/1204/1204
f 1211/1211/1211 1209/1209/1209 1205/1205/1205
f 1206/1206/1206 1211/1211/1211 1205/1205/1205
f 1209/1209/1209 1212/1212/1212 1210/1210/1210
f 1212/1212/1212 1209/1209/1209 1211/1211/1211
f 1212/1212/1212 1213/1213/1213 1210/1210/1210
f 1214/1214/1214 1212/1212/1212 1211/1211/1211
f 1214/1214/1214 1211/1211/1211 1215/1215/1215
f 1215/1215/1215 1211/1211/1211 1206/1206/1206
f 1216/1216/1216 1214/1214/1214 1215/1215/1215
f 1217/1217/1217 1206/1206/1206 1208/1208/1208
f 1217/1217/1217 1215/1215/1215 1206/1206/1206
f 1217/1217/1217 1208/1208/1208 1218/1218/1218
f 1216/1216/1216 1215/1215/1215 1219/1219/1219
f 1219/1219/1219 1215/1215/1215 1217/1217/1217
f 1220/1220/1220 1216/1216/1216 1219/1219/1219
f 1221/1221/1221 1217/1217/1217 1218/1218/1218
f 1221/1221/1221 1219/1219/1219 1217/1217/1217
f 1221/1221/1221 1218/1218/1218 1222/1222/1222
f 1221/1221/1221 1222/1222/1222 1223/1223/1223
f 1220/1220/1220 1219/1219/1219 1224/1224/1224
f 1224/1224/1224 1219/1219/1219 1221/1221/1221
f 1225/1225/1225 1220/1220/1220 1224/1224/1224
f 1226/1226/1226 1221/1221/1221 1223/1223/1223
f 1226/1226/1226 1224/1224/1224 1221/1221/1221
f 1226/1226/1226 1227/1227/1227 1224/1224/1224
f 1223/1223/1223 1228/1228/1228 1226/1226/1226
f 1226/1226/1226 1228/1228/1228 1227/1227/1227
f 1228/1228/1228 1229/1229/1229 1227/1227/1227
f 1227/1227/1227 1229/1229/1229 1230/1230/1230
f 1224/1224/1224 1231/1231/1231 1225/1225/1225
f 1227/1227/1227 1231/1231/1231 1224/1224/1224
f 1231/1231/1231 1232/1232/1232 1225/1225/1225
f 1232/1232/1232 1231/1231/1231 1233/1233/1233
f 1233/1233/1233 1231/1231/1231 1227/1227/1227
f 1234/1234/1234 1232/1232/1232 1233/1233/1233
f 1227/1227/1227 1230/1230/1230 1235/1235/1235
f 1235/1235/1235 1233/1233/1233 1227/1227/1227
f 1230/1230/1230 1236/1236/1236 1235/1235/1235
f 1235/1235/1235 1236/1236/1236 1237/1237/1237
f 1235/1235/1235 1237/1237/1237 1238/1238/1238
f 1239/1239/1239 1235/1235/1235 1238/1238/1238
f 1233/1233/1233 1235/1235/1235 1239/1239/1239
f 1239/1239/1239 1238/1238/1238 1240/1240/1240
f 1239/1239/1239 1240/1240/1240 1241/1241/1241
f 1234/1234/1234 1233/1233/1233 1242/1242/1242
f 1242/1242/1242 1233/1233/1233 1239/1239/1239
f 1243/1243/1243 1234/1234/1234 1242/1242/1242
f 1244/1244/1244 1239/1239/1239 1241/1241/1241
f 1242/1242/1242 1239/1239/1239 1244/1244/1244
f 1245/1245/1245 1244/1244/1244 1241/1241/1241
f 1243/1243/1243 1242/1242/1242 1246/1246/1246
f 1246/1246/1246 1242/1242/1242 1244/1244/1244
f 1246/1246/1246 1244/1244/1244 1245/1245/1245
f 1247/1247/1247 1243/1243/1243 1246/1246/1246
f 1248/1248/1248 1246/1246/1246 1245/1245/1245
f 1247/1247/1247 1246/1246/1246 1248/1248/1248
f 1249/1249/1249 1247/1247/1247 1248/1248/1248
f 1252/1252/1252 1251/1251/1251 1250/1250/1250
f 1250/1250/1250 1251/1251/1251 1253/1253/1253
f 1250/1250/1250 1253/1253/1253 1254/1254/1254
f 1255/1255/1255 1250/1250/1250 1254/1254/1254
f 1255/1255/1255 1254/1254/1254 1256/1256/1256
f 1254/1254/1254 1257/1257/1257 1256/1256/1256
f 1256/1256/1256 1257/1257/1257 1258/1258/1258
f 1257/1257/1257 1259/1259/1259 1258/1258/1258
f 1258/1258/1258 1259/1259/1259 1260/1260/1260
f 1261/1261/1261 1258/1258/1258 1260/1260/1260
f 1261/1261/1261 1260/1260/1260 1262/1262/1262
f 1260/1260/1260 1263/1263/1263 1262/1262/1262
f 1262/1262/1262 1263/1263/1263 1264/1264/1264
f 1265/1265/1265 1262/1262/1262 1264/1264/1264
f 1265/1265/1265 1264/1264/1264 1266/1266/1266
f 1267/1267/1267 1265/1265/1265 1266/1266/1266
f 1267/1267/1267 1266/1266/1266 1268/1268/1268
f 1269/1269/1269 1267/1267/1267 1268/1268/1268
f 1269/1269/1269 1268/1268/1268 1270/1270/1270
f 1271/1271/1271 1269/1269/1269 1270/1270/1270
f 1274/1274/1274 1273/1273/1273 1272/1272/1272
f 1275/1275/1275 1274/1274/1274 1272/1272/1272
f 1275/1275/1275 1272/1272/1272 1276/1276/1276
f 1277/1277/1277 1275/1275/1275 1276/1276/1276
f 1278/1278/1278 1274/1274/1274 1275/1275/1275
f 1279/1279/1279 1275/1275/1275 1277/1277/1277
f 1279/1279/1279 1278/1278/1278 1275/1275/1275
f 1280/1280/1280 1279/1279/1279 1277/1277/1277
f 1279/1279/1279 1280/1280/1280 1281/1281/1281
f 1278/1278/1278 1279/1279/1279 1282/1282/1282
f 1282/1282/1282 1279/1279/1279 1281/1281/1281
f 1283/1283/1283 1278/1278/1278 1282/1282/1282
f 1284/1284/1284 1283/1283/1283 1282/1282/1282
f 1285/1285/1285 1282/1282/1282 1281/1281/1281
f 1285/1285/1285 1284/1284/1284 1282/1282/1282
f 1286/1286/1286 1285/1285/1285 1281/1281/1281
f 1287/1287/1287 1284/1284/1284 1285/1285/1285
f 1288/1288/1288 1285/1285/1285 1286/1286/1286
f 1288/1288/1288 1287/1287/1287 1285/1285/1285
f 1289/1289/1289 1288/1288/1288 1286/1286/1286
f 1290/1290/1290 1287/1287/1287 1288/1288/1288
f 1291/1291/1291 1288/1288/1288 1289/1289/1289
f 1291/1291/1291 1290/1290/1290 1288/1288/1288
f 1292/1292/1292 1291/1291/1291 1289/1289/1289
f 1293/1293/1293 1290/1290/1290 1291/1291/1291
f 1294/1294/1294 1291/1291/1291 1292/1292/1292
f 1294/1294/1294 1293/1293/1293 1291/1291/1291
f 1295/1295/1295 1294/1294/1294 1292/1292/1292
f 1296/1296/1296 1293/1293/1293 1294/1294/1294
f 1297/1297/1297 1294/1294/1294 1295/1295/1295
f 1297/1297/1297 1296/1296/1296 1294/1294/1294
f 1298/1298/1298 1297/1297/1297 1295/1295/1295
f 1299/1299/1299 1296/1296/1296 1297/1297/1297
f 1300/1300/1300 1297/1297/1297 1298/1298/1298
f 1300/1300/1300 1299/1299/1299 1297/1297/1297
f 1301/1301/1301 1300/1300/1300 1298/1298/1298
f 1302/1302/1302 1299/1299/1299 1300/1300/1300
f 1303/1303/1303 1300/1300/1300 1301/1301/1301
f 1303/1303/1303 1302/1302/1302 1300/1300/1300
f 1304/1304/1304 1303/1303/1303 1301/1301/1301
f 1305/1305/1305 1302/1302/1302 1303/1303/1303
f 1306/1306/1306 1303/1303/1303 1304/1304/1304
f 1306/1306/1306 1305/1305/1305 1303/1303/1303
f 1307/1307/1307 1305/1305/1305 1306/1306/1306
f 1308/1308/1308 1306/1306/1306 1304/1304/1304
f 1309/1309/1309 1307/1307/1307 1306/1306/1306
f 1309/1309/1309 1306/1306/1306 1308/1308/1308
f 1310/1310/1310 1309/1309/1309 1308/1308/1308
f 1313/1313/1313 1312/1312/1312 1311/1311/1311
f 1314/1314/1314 1313/1313/1313 1311/1311/1311
f 1315/1315/1315 1313/1313/1313 1314/1314/1314
f 1316/1316/1316 1315/1315/1315 1314/1314/1314
f 1317/1317/1317 1315/1315/1315 1316/1316/1316
f 1318/1318/1318 1317/1317/1317 1316/1316/1316
f 1319/1319/1319 1317/1317/1317 1318/1318/1318
f 1320/1320/1320 1319/1319/1319 1318/1318/1318
f 1321/1321/1321 1319/1319/1319 1320/1320/1320
f 1322/1322/1322 1321/1321/1321 1320/1320/1320
f 1323/1323/1323 1321/1321/1321 1322/1322/1322
f 1324/1324/1324 1323/1323/1323 1322/1322/1322
f 1325/1325/1325 1323/1323/1323 1324/1324/1324
f 1326/1326/1326 1325/1325/1325 1324/1324/1324
f 1327/1327/1327 1325/1325/1325 1326/1326/1326
f 1328/1328/1328 1327/1327/1327 1326/1326/1326
f 1329/1329/1329 1327/1327/1327 1328/1328/1328
f 1330/1330/1330 1329/1329/1329 1328/1328/1328
f 1331/1331/1331 1329/1329/1329 1330/1330/1330
f 1332/1332/1332 1331/1331/1331 1330/1330/1330
f 1333/1333/1333 1331/1331/1331 1332/1332/1332
f 1334/1334/1334 1333/1333/1333 1332/1332/1332
f 1335/1335/1335 1333/1333/1333 1334/1334/1334
f 1336/1336/1336 1335/1335/1335 1334/1334/1334
f 1339/1339/1339 1338/1338/1338 1337/1337/1337
f 1340/1340/1340 1339/1339/1339 1337/1337/1337
f 1340/1340/1340 1337/1337/1337 1341/1341/1341
f 1342/1342/1342 1339/1339/1339 1340/1340/1340
f 1343/1343/1343 1340/1340/1340 1341/1341/1341
f 1344/1344/1344 1342/1342/1342 1340/1340/1340
f 1344/1344/1344 1340/1340/1340 1343/1343/1343
f 1345/1345/1345 1342/1342/1342 1344/1344/1344
f 1346/1346/1346 1344/1344/1344 1343/1343/1343
f 1347/1347/1347 1345/1345/1345 1344/1344/1344
f 1347/1347/1347 1344/1344/1344 1346/1346/1346
f 1348/1348/1348 1347/1347/1347 1346/1346/1346
f 1345/1345/1345 1347/1347/1347 1349/1349/1349
f 1350/1350/1350 1347/1347/1347 1348/1348/1348
f 1350/1350/1350 1349/1349/1349 1347/1347/1347
f 1351/1351/1351 1350/1350/1350 1348/1348/1348
f 1350/1350/1350 1352/1352/1352 1349/1349/1349
f 1352/1352/1352 1353/1353/1353 1349/1349/1349
f 1352/1352/1352 1354/1354/1354 1353/1353/1353
f 1355/1355/1355 1352/1352/1352 1350/1350/1350
f 1356/1356/1356 1350/1350/1350 1351/1351/1351
f 1356/1356/1356 1355/1355/1355 1350/1350/1350
f 1357/1357/1357 1356/1356/1356 1351/1351/1351
f 1358/1358/1358 1355/1355/1355 1356/1356/1356
f 1359/1359/1359 1356/1356/1356 1357/1357/1357
f 1359/1359/1359 1358/1358/1358 1356/1356/1356
f 1360/1360/1360 1359/1359/1359 1357/1357/1357
f 1361/1361/1361 1358/1358/1358 1359/1359/1359
f 1362/1362/1362 1359/1359/1359 1360/1360/1360
f 1362/1362/1362 1361/1361/1361 1359/1359/1359
f 1363/1363/1363 1362/1362/1362 1360/1360/1360
f 1364/1364/1364 1361/1361/1361 1362/1362/1362
f 1365/1365/1365 1362/1362/1362 1363/1363/1363
f 1365/1365/1365 1364/1364/1364 1362/1362/1362
f 1366/1366/1366 1365/1365/1365 1363/1363/1363
f 1367/1367/1367 1364/1364/1364 1365/1365/1365
f 1367/1367/1367 1368/1368/1368 1364/1364/1364
f 1369/1369/1369 1365/1365/1365 1366/1366/1366
f 1369/1369/1369 1367/1367/1367 1365/1365/1365
f 1370/1370/1370 1367/1367/1367 1369/1369/1369
f 1371/1371/1371 1369/1369/1369 1366/1366/1366
f 1372/1372/1372 1370/1370/1370 1369/1369/1369
f 1373/1373/1373 1369/1369/1369 1371/1371/1371
f 1373/1373/1373 1372/1372/1372 1369/1369/1369
f 1374/1374/1374 1373/1373/1373 1371/1371/1371
f 1375/1375/1375 1372/1372/1372 1373/1373/1373
f 1376/1376/1376 1373/1373/1373 1374/1374/1374
f 1376/1376/1376 1375/1375/1375 1373/1373/1373
f 1377/1377/1377 1375/1375/1375 1376/1376/1376
f 1378/1378/1378 1376/1376/1376 1374/1374/1374
f 1379/1379/1379 1377/1377/1377 1376/1376/1376
f 1379/1379/1379 1376/1376/1376 1378/1378/1378
f 1380/1380/1380 1379/1379/1379 1378/1378/1378
f 1383/1383/1383 1382/1382/1382 1381/1381/1381
f 1382/1382/1382 1384/1384/1384 1381/1381/1381
f 1381/1381/1381 1384/1384/1384 1385/1385/1385
f 1384/1384/1384 1386/1386/1386 1385/1385/1385
f 1385/1385/1385 1386/1386/1386 1387/1387/1387
f 1386/1386/1386 1388/1388/1388 1387/1387/1387
f 1387/1387/1387 1388/1388/1388 1389/1389/1389
f 1388/1388/1388 1390/1390/1390 1389/1389/1389
f 1389/1389/1389 1390/1390/1390 1391/1391/1391
f 1390/1390/1390 1392/1392/1392 1391/1391/1391
f 1391/1391/1391 1392/1392/1392 1393/1393/1393
f 1392/1392/1392 1394/1394/1394 1393/1393/1393
f 1393/1393/1393 1394/1394/1394 1395/1395/1395
f 1394/1394/1394 1396/1396/1396 1395/1395/1395
f 1395/1395/1395 1396/1396/1396 1397/1397/1397
f 1396/1396/1396 1398/1398/1398 1397/1397/1397
f 1397/1397/1397 1398/1398/1398 1399/1399/1399
f 1398/1398/1398 1400/1400/1400 1399/1399/1399
f 1399/1399/1399 1400/1400/1400 1401/1401/1401
f 1400/1400/1400 1402/1402/1402 1401/1401/1401
f 1401/1401/1401 1402/1402/1402 1403/1403/1403
f 1402/1402/1402 1404/1404/1404 1403/1403/1403
f 1403/1403/1403 1404/1404/1404 1405/1405/1405
f 1404/1404/1404 1406/1406/1406 1405/1405/1405
f 1409/1409/1409 1408/1408/1408 1407/1407/1407
f 1408/1408/1408 1410/1410/1410 1407/1407/1407
f 1407/1407/1407 1410/1410/1410 1411/1411/1411
f 1408/1408/1408 1412/1412/1412 1410/1410/1410
f 1410/1410/1410 1413/1413/1413 1411/1411/1411
f 1411/1411/1411 1413/1413/1413 1414/1414/1414
f 1412/1412/1412 1415/1415/1415 1410/1410/1410
f 1410/1410/1410 1415/1415/1415 1413/1413/1413
f 1412/1412/1412 1416/1416/1416 1415/1415/1415
f 1416/1416/1416 1417/1417/1417 1415/1415/1415
f 1415/1415/1415 1417/1417/1417 1418/1418/1418
f 1415/1415/1415 1418/1418/1418 1413/1413/1413
f 1417/1417/1417 1419/1419/1419 1418/1418/1418
f 1413/1413/1413 1420/1420/1420 1414/1414/1414
f 1413/1413/1413 1418/1418/1418 1420/1420/1420
f 1414/1414/1414 1420/1420/1420 1421/1421/1421
f 1418/1418/1418 1419/1419/1419 1422/1422/1422
f 1418/1418/1418 1422/1422/1422 1420/1420/1420
f 1419/1419/1419 1423/1423/1423 1422/1422/1422
f 1420/1420/1420 1424/1424/1424 1421/1421/1421
f 1420/1420/1420 1422/1422/1422 1424/1424/1424
f 1421/1421/1421 1424/1424/1424 1425/1425/1425
f 1422/1422/1422 1423/1423/1423 1426/1426/1426
f 1422/1422/1422 1426/1426/1426 1424/1424/1424
f 1423/1423/1423 1427/1427/1427 1426/1426/1426
f 1424/1424/1424 1428/1428/1428 1425/1425/1425
f 1424/1424/1424 1426/1426/1426 1428/1428/1428
f 1425/1425/1425 1428/1428/1428 1429/1429/1429
f 1426/1426/1426 1427/1427/1427 1430/1430/1430
f 1426/1426/1426 1430/1430/1430 1428/1428/1428
f 1427/1427/1427 1431/1431/1431 1430/1430/1430
f 1428/1428/1428 1432/1432/1432 1429/1429/1429
f 1428/1428/1428 1430/1430/1430 1432/1432/1432
f 1429/1429/1429 1432/1432/1432 1433/1433/1433
f 1430/1430/1430 1431/1431/1431 1434/1434/1434
f 1430/1430/1430 1434/1434/1434 1432/1432/1432
f 1431/1431/1431 1435/1435/1435 1434/1434/1434
f 1432/1432/1432 1436/1436/1436 1433/1433/1433
f 1432/1432/1432 1434/1434/1434 1436/1436/1436
f 1433/1433/1433 1436/1436/1436 1437/1437/1437
f 1434/1434/1434 1435/1435/1435 1438/1438/1438
f 1434/1434/1434 1438/1438/1438 1436/1436/1436
f 1435/1435/1435 1439/1439/1439 1438/1438/1438
f 1436/1436/1436 1440/1440/1440 1437/1437/1437
f 1436/1436/1436 1438/1438/1438 1440/1440/1440
f 1437/1437/1437 1440/1440/1440 1441/1441/1441
f 1438/1438/1438 1439/1439/1439 1442/1442/1442
f 1438/1438/1438 1442/1442/1442 1440/1440/1440
f 1439/1439/1439 1443/1443/1443 1442/1442/1442
f 1440/1440/1440 1444/1444/1444 1441/1441/1441
f 1440/1440/1440 1442/1442/1442 1444/1444/1444
f 1441/1441/1441 1444/1444/1444 1445/1445/1445
f 1442/1442/1442 1443/1443/1443 1446/1446/1446
f 1442/1442/1442 1446/1446/1446 1444/1444/1444
f 1443/1443/1443 1447/1447/1447 1446/1446/1446
f 1444/1444/1444 1448/1448/1448 1445/1445/1445
f 1444/1444/1444 1446/1446/1446 1448/1448/1448
f 1445/1445/1445 1448/1448/1448 1449/1449/1449
f 1446/1446/1446 1447/1447/1447 1450/1450/1450
f 1446/1446/1446 1450/1450/1450 1448/1448/1448
f 1447/1447/1447 1451/1451/1451 1450/1450/1450
f 1448/1448/1448 1452/1452/1452 1449/1449/1449
f 1448/1448/1448 1450/1450/1450 1452/1452/1452
f 1449/1449/1449 1452/1452/1452 1453/1453/1453
f 1452/1452/1452 1454/1454/1454 1453/1453/1453
f 1450/1450/1450 1451/1451/1451 1455/1455/1455
f 1450/1450/1450 1455/1455/1455 1452/1452/1452
f 1452/1452/1452 1455/1455/1455 1454/1454/1454
f 1451/1451/1451 1456/1456/1456 1455/1455/1455
f 1455/1455/1455 1457/1457/1457 1454/1454/1454
f 1455/1455/1455 1456/1456/1456 1457/1457/1457
f 1456/1456/1456 1458/1458/1458 1457/1457/1457
f 1461/1461/1461 1460/1460/1460 1459/1459/1459
f 1462/1462/1462 1461/1461/1461 1459/1459/1459
f 1463/1463/1463 1461/1461/1461 1462/1462/1462
f 1464/1464/1464 1463/1463/1463 1462/1462/1462
f 1465/1465/1465 1463/1463/1463 1464/1464/1464
f 1466/1466/1466 1465/1465/1465 1464/1464/1464
f 1467/1467/1467 1465/1465/1465 1466/1466/1466
f 1468/1468/1468 1467/1467/1467 1466/1466/1466
f 1469/1469/1469 1467/1467/1467 1468/1468/1468
f 1470/1470/1470 1469/1469/1469 1468/1468/1468
f 1471/1471/1471 1469/1469/1469 1470/1470/1470
f 1472/1472/1472 1471/1471/1471 1470/1470/1470
f 1473/1473/1473 1471/1471/1471 1472/1472/1472
f 1474/1474/1474 1473/1473/1473 1472/1472/1472
f 1475/1475/1475 1473/1473/1473 1474/1474/1474
f 1476/1476/1476 1475/1475/1475 1474/1474/1474
f 1477/1477/1477 1475/1475/1475 1476/1476/1476
f 1478/1478/1478 1477/1477/1477 1476/1476/1476
f 1479/1479/1479 1477/1477/1477 1478/1478/1478
f 1480/1480/1480 1479/1479/1479 1478/1478/1478
f 1481/1481/1481 1479/1479/1479 1480/1480/1480
f 1482/1482/1482 1481/1481/1481 1480/1480/1480
f 1483/1483/1483 1481/1481/1481 1482/1482/1482
f 1484/1484/1484 1483/1483/1483 1482/1482/1482
f 1487/1487/1487 1486/1486/1486 1485/1485/1485
f 1486/1486/1486 1488/1488/1488 1485/1485/1485
f 1485/1485/1485 1488/1488/1488 1489/1489/1489
f 1488/1488/1488 1490/1490/1490 1489/1489/1489
f 1489/1489/1489 1490/1490/1490 1491/1491/1491
f 1490/1490/1490 1492/1492/1492 1491/1491/1491
f 1491/1491/1491 1492/1492/1492 1493/1493/1493
f 1492/1492/1492 1494/1494/1494 1493/1493/1493
f 1493/1493/1493 1494/1494/1494 1495/1495/1495
f 1494/1494/1494 1496/1496/1496 1495/1495/1495
f 1495/1495/1495 1496/1496/1496 1497/1497/1497
f 1496/1496/1496 1498/1498/1498 1497/1497/1497
f 1497/1497/1497 1498/1498/1498 1499/1499/1499
f 1498/1498/1498 1500/1500/1500 1499/1499/1499
f 1499/1499/1499 1500/1500/1500 1501/1501/1501
f 1500/1500/1500 1502/1502/1502 1501/1501/1501
f 1501/1501/1501 1502/1502/1502 1503/1503/1503
f 1502/1502/1502 1504/1504/1504 1503/1503/1503
f 1503/1503/1503 1504/1504/1504 1505/1505/1505
f 1504/1504/1504 1506/1506/1506 1505/1505/1505
f 1505/1505/1505 1506/1506/1506 1507/1507/1507
f 1506/1506/1506 1508/1508/1508 1507/1507/1507
f 1507/1507/1507 1508/1508/1508 1509/1509/1509
f 1508/1508/1508 1510/1510/1510 1509/1509/1509
f 1513/1513/1513 1512/1512/1512 1511/1511/1511
f 1514/1514/1514 1513/1513/1513 1511/1511/1511
f 1515/1515/1515 1514/1514/1514 1511/1511/1511
f 1516/1516/1516 1514/1514/1514 1515/1515/1515
f 1517/1517/1517 1516/1516/1516 1515/1515/1515
f 1518/1518/1518 1516/1516/1516 1517/1517/1517
f 1519/1519/1519 1518/1518/1518 1517/1517/1517
f 1520/1520/1520 1518/1518/1518 1519/1519/1519
f 1521/1521/1521 1520/1520/1520 1519/1519/1519
f 1520/1520/1520 1521/1521/1521 1522/1522/1522
f 1525/1525/1525 1524/1524/1524 1523/1523/1523
f 1525/1525/1525 1526/1526/1526 1524/1524/1524
f 1526/1526/1526 1527/1527/1527 1524/1524/1524
f 1528/1528/1528 1526/1526/1526 1525/1525/1525
f 1529/1529/1529 1528/1528/1528 1525/1525/1525
f 1530/1530/1530 1528/1528/1528 1529/1529/1529
f 1531/1531/1531 1530/1530/1530 1529/1529/1529
f 1532/1532/1532 1530/1530/1530 1531/1531/1531
f 1533/1533/1533 1532/1532/1532 1531/1531/1531
f 1534/1534/1534 1532/1532/1532 1533/1533/1533
f 1535/1535/1535 1534/1534/1534 1533/1533/1533
f 1536/1536/1536 1534/1534/1534 1535/1535/1535
f 1536/1536/1536 1537/1537/1537 1534/1534/1534
f 1538/1538/1538 1536/1536/1536 1535/1535/1535
f 1539/1539/1539 1536/1536/1536 1538/1538/1538
f 1542/1542/1542 1541/1541/1541 1540/1540/1540
f 1543/1543/1543 1542/1542/1542 1540/1540/1540
f 1544/1544/1544 1542/1542/1542 1543/1543/1543
f 1545/1545/1545 1544/1544/1544 1543/1543/1543
f 1546/1546/1546 1544/1544/1544 1545/1545/1545
f 1547/1547/1547 1546/1546/1546 1545/1545/1545
f 1548/1548/1548 1546/1546/1546 1547/1547/1547
f 1549/1549/1549 1548/1548/1548 1547/1547/1547
f 1550/1550/1550 1548/1548/1548 1549/1549/1549
f 1551/1551/1551 1550/1550/1550 1549/1549/1549
f 1552/1552/1552 1550/1550/1550 1551/1551/1551
f 1553/1553/1553 1552/1552/1552 1551/1551/1551
f 1556/1556/1556 1555/1555/1555 1554/1554/1554
f 1555/1555/1555 1557/1557/1557 1554/1554/1554
f 1554/1554/1554 1557/1557/1557 1558/1558/1558
f 1557/1557/1557 1559/1559/1559 1558/1558/1558
f 1558/1558/1558 1559/1559/1559 1560/1560/1560
f 1559/1559/1559 1561/1561/1561 1560/1560/1560
f 1560/1560/1560 1561/1561/1561 1562/1562/1562
f 1561/1561/1561 1563/1563/1563 1562/1562/1562
f 1562/1562/1562 1563/1563/1563 1564/1564/1564
f 1563/1563/1563 1565/1565/1565 1564/1564/1564
f 1564/1564/1564 1565/1565/1565 1566/1566/1566
f 1565/1565/1565 1567/1567/1567 1566/1566/1566
f 1570/1570/1570 1569/1569/1569 1568/1568/1568
f 1571/1571/1571 1570/1570/1570 1568/1568/1568
f 1572/1572/1572 1570/1570/1570 1571/1571/1571
f 1573/1573/1573 1572/1572/1572 1571/1571/1571
f 1574/1574/1574 1572/1572/1572 1573/1573/1573
f 1575/1575/1575 1574/1574/1574 1573/1573/1573
f 1576/1576/1576 1574/1574/1574 1575/1575/1575
f 1577/1577/1577 1576/1576/1576 1575/1575/1575
f 1578/1578/1578 1576/1576/1576 1577/1577/1577
f 1579/1579/1579 1578/1578/1578 1577/1577/1577
f 1580/1580/1580 1578/1578/1578 1579/1579/1579
f 1581/1581/1581 1580/1580/1580 1579/1579/1579
f 1582/1582/1582 1580/1580/1580 1581/1581/1581
f 1583/1583/1583 1582/1582/1582 1581/1581/1581
f 1584/1584/1584 1582/1582/1582 1583/1583/1583
f 1585/1585/1585 1584/1584/1584 1583/1583/1583
f 1586/1586/1586 1584/1584/1584 1585/1585/1585
f 1587/1587/1587 1586/1586/1586 1585/1585/1585
f 1588/1588/1588 1586/1586/1586 1587/1587/1587
f 1589/1589/1589 1588/1588/1588 1587/1587/1587
f 1588/1588/1588 1589/1589/1589 1590/1590/1590
f 1591/1591/1591 1588/1588/1588 1590/1590/1590
f 1591/1591/1591 1590/1590/1590 1592/1592/1592
f 1593/1593/1593 1591/1591/1591 1592/1592/1592
f 1593/1593/1593 1592/1592/1592 1594/1594/1594
f 1595/1595/1595 1593/1593/1593 1594/1594/1594
f 1595/1595/1595 1594/1594/1594 1596/1596/1596
f 1597/1597/1597 1595/1595/1595 1596/1596/1596
f 1597/1597/1597 1596/1596/1596 1598/1598/1598
f 1599/1599/1599 1597/1597/1597 1598/1598/1598
f 1599/1599/1599 1598/1598/1598 1600/1600/1600
f 1601/1601/1601 1599/1599/1599 1600/1600/1600
f 1601/1601/1601 1600/1600/1600 1602/1602/1602
f 1603/1603/1603 1601/1601/1601 1602/1602/1602
f 1603/1603/1603 1602/1602/1602 1604/1604/1604
f 1605/1605/1605 1603/1603/1603 1604/1604/1604
f 1605/1605/1605 1604/1604/1604 1606/1606/1606
f 1607/1607/1607 1605/1605/1605 1606/1606/1606
f 1607/1607/1607 1606/1606/1606 1608/1608/1608
f 1609/1609/1609 1607/1607/1607 1608/1608/1608
f 1612/1612/1612 1611/1611/1611 1610/1610/1610
f 1611/1611/1611 1613/1613/1613 1610/1610/1610
f 1611/1611/1611 1614/1614/1614 1613/1613/1613
f 1614/1614/1614 1615/1615/1615 1613/1613/1613
f 1615/1615/1615 1616/1616/1616 1613/1613/1613
f 1610/1610/1610 1613/1613/1613 1617/1617/1617
f 1618/1618/1618 1610/1610/1610 1617/1617/1617
f 1613/1613/1613 1619/1619/1619 1617/1617/1617
f 1617/1617/1617 1619/1619/1619 1620/1620/1620
f 1619/1619/1619 1621/1621/1621 1620/1620/1620
f 1620/1620/1620 1621/1621/1621 1622/1622/1622
f 1621/1621/1621 1623/1623/1623 1622/1622/1622
f 1622/1622/1622 1623/1623/1623 1624/1624/1624
f 1623/1623/1623 1625/1625/1625 1624/1624/1624
f 1624/1624/1624 1625/1625/1625 1626/1626/1626
f 1625/1625/1625 1627/1627/1627 1626/1626/1626
f 1626/1626/1626 1627/1627/1627 1628/1628/1628
f 1627/1627/1627 1629/1629/1629 1628/1628/1628
f 1628/1628/1628 1629/1629/1629 1630/1630/1630
f 1629/1629/1629 1631/1631/1631 1630/1630/1630
f 1630/1630/1630 1631/1631/1631 1632/1632/1632
f 1631/1631/1631 1633/1633/1633 1632/1632/1632
f 1632/1632/1632 1633/1633/1633 1634/1634/1634
f 1635/1635/1635 1632/1632/1632 1634/1634/1634
f 1636/1636/1636 1635/1635/1635 1634/1634/1634
f 1637/1637/1637 1636/1636/1636 1634/1634/1634
f 1637/1637/1637 1638/1638/1638 1636/1636/1636
f 1638/1638/1638 1639/1639/1639 1636/1636/1636
f 1638/1638/1638 1640/1640/1640 1639/1639/1639
f 1640/1640/1640 1641/1641/1641 1639/1639/1639
f 1640/1640/1640 1642/1642/1642 1641/1641/1641
f 1642/1642/1642 1643/1643/1643 1641/1641/1641
f 1642/1642/1642 1644/1644/1644 1643/1643/1643
f 1644/1644/1644 1645/1645/1645 1643/1643/1643
f 1644/1644/1644 1646/1646/1646 1645/1645/1645
f 1646/1646/1646 1647/1647/1647 1645/1645/1645
f 1646/1646/1646 1648/1648/1648 1647/1647/1647
f 1648/1648/1648 1649/1649/1649 1647/1647/1647
f 1648/1648/1648 1650/1650/1650 1649/1649/1649
f 1650/1650/1650 1651/1651/1651 1649/1649/1649
f 1650/1650/1650 1652/1652/1652 1651/1651/1651
f 1652/1652/1652 1653/1653/1653 1651/1651/1651
f 1653/1653/1653 1654/1654/1654 1651/1651/1651
f 1652/1652/1652 1655/1655/1655 1653/1653/1653
f 1655/1655/1655 1656/1656/1656 1653/1653/1653
f 1657/1657/1657 1655/1655/1655 1652/1652/1652
f 1658/1658/1658 1657/1657/1657 1652/1652/1652
f 1659/1659/1659 1658/1658/1658 1652/1652/1652
f 1662/1662/1662 1661/1661/1661 1660/1660/1660
f 1661/1661/1661 1663/1663/1663 1660/1660/1660
f 1661/1661/1661 1664/1664/1664 1663/1663/1663
f 1660/1660/1660 1663/1663/1663 1665/1665/1665
f 1666/1666/1666 1660/1660/1660 1665/1665/1665
f 1663/1663/1663 1667/1667/1667 1665/1665/1665
f 1667/1667/1667 1668/1668/1668 1665/1665/1665
f 1669/1669/1669 1665/1665/1665 1668/1668/1668
f 1670/1670/1670 1669/1669/1669 1668/1668/1668
f 1671/1671/1671 1670/1670/1670 1668/1668/1668
f 1671/1671/1671 1672/1672/1672 1670/1670/1670
f 1673/1673/1673 1672/1672/1672 1671/1671/1671
f 1671/1671/1671 1674/1674/1674 1673/1673/1673
f 1674/1674/1674 1675/1675/1675 1673/1673/1673
f 1675/1675/1675 1676/1676/1676 1673/1673/1673
f 1674/1674/1674 1677/1677/1677 1675/1675/1675
f 1677/1677/1677 1678/1678/1678 1675/1675/1675
f 1679/1679/1679 1677/1677/1677 1674/1674/1674
f 1679/1679/1679 1674/1674/1674 1680/1680/1680
f 1681/1681/1681 1679/1679/1679 1680/1680/1680
f 1682/1682/1682 1681/1681/1681 1680/1680/1680
f 1682/1682/1682 1680/1680/1680 1683/1683/1683
f 1684/1684/1684 1682/1682/1682 1683/1683/1683
f 1687/1687/1687 1686/1686/1686 1685/1685/1685
f 1688/1688/1688 1687/1687/1687 1685/1685/1685
f 1689/1689/1689 1687/1687/1687 1688/1688/1688
f 1690/1690/1690 1689/1689/1689 1688/1688/1688
f 1690/1690/1690 1691/1691/1691 1689/1689/1689
f 1691/1691/1691 1692/1692/1692 1689/1689/1689
f 1693/1693/1693 1692/1692/1692 1691/1691/1691
f 1694/1694/1694 1693/1693/1693 1691/1691/1691
f 1694/1694/1694 1695/1695/1695 1693/1693/1693
f 1695/1695/1695 1696/1696/1696 1693/1693/1693
f 1695/1695/1695 1697/1697/1697 1696/1696/1696
f 1697/1697/1697 1698/1698/1698 1696/1696/1696
f 1699/1699/1699 1698/1698/1698 1697/1697/1697
f 1700/1700/1700 1699/1699/1699 1697/1697/1697
f 1701/1701/1701 1699/1699/1699 1700/1700/1700
f 1701/1701/1701 1702/1702/1702 1699/1699/1699
f 1705/1705/1705 1704/1704/1704 1703/1703/1703
f 1706/1706/1706 1705/1705/1705 1703/1703/1703
f 1709/1709/1709 1708/1708/1708 1707/1707/1707
f 1708/1708/1708 1710/1710/1710 1707/1707/1707
f 1711/1711/1711 1710/1710/1710 1708/1708/1708
f 1712/1712/1712 1711/1711/1711 1708/1708/1708
f 1713/1713/1713 1711/1711/1711 1712/1712/1712
f 1714/1714/1714 1713/1713/1713 1712/1712/1712
f 1715/1715/1715 1713/1713/1713 1714/1714/1714
f 1716/1716/1716 1715/1715/1715 1714/1714/1714
f 1716/1716/1716 1717/1717/1717 1715/1715/1715
f 1717/1717/1717 1718/1718/1718 1715/1715/1715
f 1719/1719/1719 1718/1718/1718 1717/1717/1717
f 1720/1720/1720 1719/1719/1719 1717/1717/1717
f 1720/1720/1720 1721/1721/1721 1719/1719/1719
f 1721/1721/1721 1722/1722/1722 1719/1719/1719
f 1721/1721/1721 1723/1723/1723 1722/1722/1722
f 1723/1723/1723 1724/1724/1724 1722/1722/1722
f 1725/1725/1725 1724/1724/1724 1723/1723/1723
f 1726/1726/1726 1725/1725/1725 1723/1723/1723
f 1726/1726/1726 1727/1727/1727 1725/1725/1725
f 1727/1727/1727 1728/1728/1728 1725/1725/1725
f 1727/1727/1727 1729/1729/1729 1728/1728/1728
f 1729/1729/1729 1730/1730/1730 1728/1728/1728
f 1731/1731/1731 1730/1730/1730 1729/1729/1729
f 1732/1732/1732 1731/1731/1731 1729/1729/1729
f 1732/1732/1732 1733/1733/1733 1731/1731/1731
f 1733/1733/1733 1734/1734/1734 1731/1731/1731
f 1735/1735/1735 1734/1734/1734 1733/1733/1733
f 1736/1736/1736 1735/1735/1735 1733/1733/1733
f 1739/1739/1739 1738/1738/1738 1737/1737/1737
f 1738/1738/1738 1740/1740/1740 1737/1737/1737
f 1737/1737/1737 1740/1740/1740 1741/1741/1741
f 1737/1737/1737 1741/1741/1741 1742/1742/1742
f 1742/1742/1742 1741/1741/1741 1743/1743/1743
f 1744/1744/1744 1740/1740/1740 1738/1738/1738
f 1745/1745/1745 1744/1744/1744 1738/1738/1738
f 1744/1744/1744 1746/1746/1746 1740/1740/1740
f 1746/1746/1746 1741/1741/1741 1740/1740/1740
f 1747/1747/1747 1744/1744/1744 1745/1745/1745
f 1744/1744/1744 1747/1747/1747 1746/1746/1746
f 1748/1748/1748 1747/1747/1747 1745/1745/1745
f 1747/1747/1747 1749/1749/1749 1746/1746/1746
f 1746/1746/1746 1749/1749/1749 1750/1750/1750
f 1746/1746/1746 1750/1750/1750 1741/1741/1741
f 1749/1749/1749 1751/1751/1751 1750/1750/1750
f 1741/1741/1741 1752/1752/1752 1743/1743/1743
f 1750/1750/1750 1752/1752/1752 1741/1741/1741
f 1743/1743/1743 1752/1752/1752 1753/1753/1753
f 1750/1750/1750 1751/1751/1751 1754/1754/1754
f 1750/1750/1750 1754/1754/1754 1752/1752/1752
f 1751/1751/1751 1755/1755/1755 1754/1754/1754
f 1752/1752/1752 1756/1756/1756 1753/1753/1753
f 1754/1754/1754 1756/1756/1756 1752/1752/1752
f 1753/1753/1753 1756/1756/1756 1757/1757/1757
f 1757/1757/1757 1756/1756/1756 1758/1758/1758
f 1754/1754/1754 1755/1755/1755 1759/1759/1759
f 1754/1754/1754 1759/1759/1759 1756/1756/1756
f 1755/1755/1755 1760/1760/1760 1759/1759/1759
f 1756/1756/1756 1761/1761/1761 1758/1758/1758
f 1759/1759/1759 1761/1761/1761 1756/1756/1756
f 1762/1762/1762 1761/1761/1761 1759/1759/1759
f 1763/1763/1763 1758/1758/1758 1761/1761/1761
f 1763/1763/1763 1761/1761/1761 1762/1762/1762
f 1764/1764/1764 1763/1763/1763 1762/1762/1762
f 1764/1764/1764 1762/1762/1762 1765/1765/1765
f 1766/1766/1766 1759/1759/1759 1760/1760/1760
f 1766/1766/1766 1762/1762/1762 1759/1759/1759
f 1767/1767/1767 1766/1766/1766 1760/1760/1760
f 1766/1766/1766 1767/1767/1767 1768/1768/1768
f 1766/1766/1766 1768/1768/1768 1762/1762/1762
f 1767/1767/1767 1769/1769/1769 1768/1768/1768
f 1765/1765/1765 1762/1762/1762 1770/1770/1770
f 1768/1768/1768 1770/1770/1770 1762/1762/1762
f 1770/1770/1770 1768/1768/1768 1771/1771/1771
f 1772/1772/1772 1765/1765/1765 1770/1770/1770
f 1772/1772/1772 1770/1770/1770 1773/1773/1773
f 1773/1773/1773 1770/1770/1770 1774/1774/1774
f 1770/1770/1770 1771/1771/1771 1774/1774/1774
f 1774/1774/1774 1771/1771/1771 1775/1775/1775
f 1776/1776/1776 1775/1775/1775 1771/1771/1771
f 1776/1776/1776 1771/1771/1771 1777/1777/1777
f 1768/1768/1768 1769/1769/1769 1778/1778/1778
f 1768/1768/1768 1778/1778/1778 1771/1771/1771
f 1769/1769/1769 1779/1779/1779 1778/1778/1778
f 1771/1771/1771 1780/1780/1780 1777/1777/1777
f 1771/1771/1771 1778/1778/1778 1780/1780/1780
f 1778/1778/1778 1779/1779/1779 1781/1781/1781
f 1778/1778/1778 1781/1781/1781 1780/1780/1780
f 1779/1779/1779 1782/1782/1782 1781/1781/1781
f 1777/1777/1777 1780/1780/1780 1783/1783/1783
f 1780/1780/1780 1781/1781/1781 1783/1783/1783
f 1784/1784/1784 1777/1777/1777 1783/1783/1783
f 1784/1784/1784 1783/1783/1783 1785/1785/1785
f 1781/1781/1781 1786/1786/1786 1783/1783/1783
f 1781/1781/1781 1782/1782/1782 1786/1786/1786
f 1782/1782/1782 1787/1787/1787 1786/1786/1786
f 1788/1788/1788 1786/1786/1786 1787/1787/1787
f 1783/1783/1783 1786/1786/1786 1788/1788/1788
f 1783/1783/1783 1789/1789/1789 1785/1785/1785
f 1790/1790/1790 1785/1785/1785 1789/1789/1789
f 1791/1791/1791 1789/1789/1789 1783/1783/1783
f 1791/1791/1791 1792/1792/1792 1789/1789/1789
f 1789/1789/1789 1792/1792/1792 1793/1793/1793
f 1792/1792/1792 1794/1794/1794 1793/1793/1793
f 1795/1795/1795 1793/1793/1793 1794/1794/1794
f 1796/1796/1796 1791/1791/1791 1783/1783/1783
f 1797/1797/1797 1795/1795/1795 1794/1794/1794
f 1797/1797/1797 1798/1798/1798 1795/1795/1795
f 1799/1799/1799 1797/1797/1797 1794/1794/1794
f 1797/1797/1797 1799/1799/1799 1800/1800/1800
f 1799/1799/1799 1801/1801/1801 1800/1800/1800
f 1801/1801/1801 1802/1802/1802 1800/1800/1800
f 1800/1800/1800 1802/1802/1802 1803/1803/1803
f 1802/1802/1802 1804/1804/1804 1803/1803/1803
f 1805/1805/1805 1796/1796/1796 1783/1783/1783
f 1805/1805/1805 1783/1783/1783 1806/1806/1806
f 1807/1807/1807 1805/1805/1805 1806/1806/1806
f 1806/1806/1806 1783/1783/1783 1788/1788/1788
f 1808/1808/1808 1806/1806/1806 1788/1788/1788
f 1809/1809/1809 1808/1808/1808 1788/1788/1788
f 1805/1805/1805 1810/1810/1810 1796/1796/1796
f 1810/1810/1810 1811/1811/1811 1796/1796/1796
f 1811/1811/1811 1810/1810/1810 1812/1812/1812
f 1812/1812/1812 1810/1810/1810 1813/1813/1813
f 1813/1813/1813 1810/1810/1810 1814/1814/1814
f 1810/1810/1810 1815/1815/1815 1814/1814/1814
f 1815/1815/1815 1816/1816/1816 1814/1814/1814
f 1815/1815/1815 1817/1817/1817 1816/1816/1816
f 1817/1817/1817 1818/1818/1818 1816/1816/1816
f 1818/1818/1818 1817/1817/1817 1819/1819/1819
f 1817/1817/1817 1820/1820/1820 1819/1819/1819
f 1819/1819/1819 1820/1820/1820 1821/1821/1821
f 1820/1820/1820 1822/1822/1822 1821/1821/1821
f 1822/1822/1822 1823/1823/1823 1821/1821/1821
f 1822/1822/1822 1824/1824/1824 1823/1823/1823
f 1822/1822/1822 1825/1825/1825 1824/1824/1824
f 1825/1825/1825 1822/1822/1822 1804/1804/1804
f 1822/1822/1822 1826/1826/1826 1804/1804/1804
f 1804/1804/1804 1826/1826/1826 1803/1803/1803
f 1803/1803/1803 1826/1826/1826 1827/1827/1827
f 1826/1826/1826 1828/1828/1828 1827/1827/1827
f 1829/1829/1829 1803/1803/1803 1827/1827/1827
f 1829/1829/1829 1827/1827/1827 1830/1830/1830
f 1827/1827/1827 1831/1831/1831 1830/1830/1830
f 1834/1834/1834 1833/1833/1833 1832/1832/1832
f 1833/1833/1833 1835/1835/1835 1832/1832/1832
f 1835/1835/1835 1836/1836/1836 1832/1832/1832
f 1836/1836/1836 1837/1837/1837 1832/1832/1832
f 1840/1840/1840 1839/1839/1839 1838/1838/1838
f 1839/1839/1839 1841/1841/1841 1838/1838/1838
f 1838/1838/1838 1841/1841/1841 1842/1842/1842
f 1843/1843/1843 1838/1838/1838 1842/1842/1842
f 1843/1843/1843 1842/1842/1842 1844/1844/1844
f 1842/1842/1842 1845/1845/1845 1844/1844/1844
f 1846/1846/1846 1844/1844/1844 1845/1845/1845
f 1847/1847/1847 1846/1846/1846 1845/1845/1845
f 1847/1847/1847 1848/1848/1848 1846/1846/1846
f 1848/1848/1848 1849/1849/1849 1846/1846/1846
f 1850/1850/1850 1849/1849/1849 1848/1848/1848
f 1851/1851/1851 1850/1850/1850 1848/1848/1848
f 1851/1851/1851 1852/1852/1852 1850/1850/1850
f 1852/1852/1852 1853/1853/1853 1850/1850/1850
f 1856/1856/1856 1855/1855/1855 1854/1854/1854
f 1854/1854/1854 1855/1855/1855 1857/1857/1857
f 1857/1857/1857 1855/1855/1855 1858/1858/1858
f 1855/1855/1855 1859/1859/1859 1858/1858/1858
f 1857/1857/1857 1858/1858/1858 1860/1860/1860
f 1861/1861/1861 1857/1857/1857 1860/1860/1860
f 1861/1861/1861 1860/1860/1860 1862/1862/1862
f 1863/1863/1863 1861/1861/1861 1862/1862/1862
f 1863/1863/1863 1864/1864/1864 1861/1861/1861
f 1863/1863/1863 1865/1865/1865 1864/1864/1864
f 1868/1868/1868 1867/1867/1867 1866/1866/1866
f 1867/1867/1867 1868/1868/1868 1869/1869/1869
f 1868/1868/1868 1870/1870/1870 1869/1869/1869
f 1867/1867/1867 1869/1869/1869 1871/1871/1871
f 1872/1872/1872 1867/1867/1867 1871/1871/1871
f 1873/1873/1873 1872/1872/1872 1871/1871/1871
f 1873/1873/1873 1871/1871/1871 1874/1874/1874
f 1875/1875/1875 1873/1873/1873 1874/1874/1874
f 1876/1876/1876 1875/1875/1875 1874/1874/1874
f 1877/1877/1877 1876/1876/1876 1874/1874/1874
f 1878/1878/1878 1877/1877/1877 1874/1874/1874
f 1878/1878/1878 1879/1879/1879 1877/1877/1877
f 1879/1879/1879 1880/1880/1880 1877/1877/1877
f 1877/1877/1877 1880/1880/1880 1881/1881/1881
f 1884/1884/1884 1883/1883/1883 1882/1882/1882
f 1885/1885/1885 1884/1884/1884 1882/1882/1882
f 1886/1886/1886 1884/1884/1884 1885/1885/1885
f 1887/1887/1887 1886/1886/1886 1885/1885/1885
f 1886/1886/1886 1887/1887/1887 1888/1888/1888
f 1889/1889/1889 1886/1886/1886 1888/1888/1888
f 1889/1889/1889 1888/1888/1888 1890/1890/1890
f 1891/1891/1891 1889/1889/1889 1890/1890/1890
f 1894/1894/1894 1893/1893/1893 1892/1892/1892
f 1895/1895/1895 1894/1894/1894 1892/1892/1892
f 1895/1895/1895 1892/1892/1892 1896/1896/1896
f 1892/1892/1892 1897/1897/1897 1896/1896/1896
f 1898/1898/1898 1897/1897/1897 1892/1892/1892
f 1899/1899/1899 1898/1898/1898 1892/1892/1892
f 1902/1902/1902 1901/1901/1901 1900/1900/1900
f 1901/1901/1901 1903/1903/1903 1900/1900/1900
f 1903/1903/1903 1901/1901/1901 1904/1904/1904
f 1905/1905/1905 1903/1903/1903 1904/1904/1904
f 1903/1903/1903 1905/1905/1905 1906/1906/1906
f 1900/1900/1900 1903/1903/1903 1907/1907/1907
f 1907/1907/1907 1903/1903/1903 1906/1906/1906
f 1908/1908/1908 1900/1900/1900 1907/1907/1907
f 1908/1908/1908 1907/1907/1907 1909/1909/1909
f 1907/1907/1907 1906/1906/1906 1910/1910/1910
f 1907/1907/1907 1910/1910/1910 1909/1909/1909
f 1906/1906/1906 1911/1911/1911 1910/1910/1910
f 1911/1911/1911 1912/1912/1912 1910/1910/1910
f 1910/1910/1910 1913/1913/1913 1909/1909/1909
f 1912/1912/1912 1913/1913/1913 1910/1910/1910
f 1913/1913/1913 1914/1914/1914 1909/1909/1909
f 1915/1915/1915 1914/1914/1914 1913/1913/1913
f 1916/1916/1916 1913/1913/1913 1912/1912/1912
f 1916/1916/1916 1915/1915/1915 1913/1913/1913
f 1917/1917/1917 1916/1916/1916 1912/1912/1912
f 1916/1916/1916 1917/1917/1917 1918/1918/1918
f 1919/1919/1919 1916/1916/1916 1918/1918/1918
f 1916/1916/1916 1919/1919/1919 1915/1915/1915
f 1919/1919/1919 1920/1920/1920 1915/1915/1915
f 1923/1923/1923 1922/1922/1922 1921/1921/1921
f 1924/1924/1924 1923/1923/1923 1921/1921/1921
f 1925/1925/1925 1923/1923/1923 1924/1924/1924
f 1925/1925/1925 1926/1926/1926 1923/1923/1923
f 1926/1926/1926 1927/1927/1927 1923/1923/1923
f 1928/1928/1928 1927/1927/1927 1926/1926/1926
f 1925/1925/1925 1929/1929/1929 1926/1926/1926
f 1925/1925/1925 1930/1930/1930 1929/1929/1929
f 1931/1931/1931 1928/1928/1928 1926/1926/1926
f 1932/1932/1932 1928/1928/1928 1931/1931/1931
f 1933/1933/1933 1932/1932/1932 1931/1931/1931
f 1934/1934/1934 1932/1932/1932 1933/1933/1933
f 1935/1935/1935 1934/1934/1934 1933/1933/1933
f 1936/1936/1936 1934/1934/1934 1935/1935/1935
f 1937/1937/1937 1936/1936/1936 1935/1935/1935
f 1938/1938/1938 1936/1936/1936 1937/1937/1937
f 1939/1939/1939 1938/1938/1938 1937/1937/1937
f 1940/1940/1940 1938/1938/1938 1939/1939/1939
f 1941/1941/1941 1940/1940/1940 1939/1939/1939
f 1942/1942/1942 1940/1940/1940 1941/1941/1941
f 1943/1943/1943 1942/1942/1942 1941/1941/1941
f 1944/1944/1944 1942/1942/1942 1943/1943/1943
f 1945/1945/1945 1944/1944/1944 1943/1943/1943
f 1944/1944/1944 1945/1945/1945 1946/1946/1946
f 1947/1947/1947 1944/1944/1944 1946/1946/1946
f 1947/1947/1947 1946/1946/1946 1948/1948/1948
f 1949/1949/1949 1947/1947/1947 1948/1948/1948
f 1949/1949/1949 1948/1948/1948 1950/1950/1950
f 1951/1951/1951 1949/1949/1949 1950/1950/1950
f 1951/1951/1951 1950/1950/1950 1952/1952/1952
f 1953/1953/1953 1951/1951/1951 1952/1952/1952
f 1953/1953/1953 1952/1952/1952 1954/1954/1954
f 1955/1955/1955 1953/1953/1953 1954/1954/1954
f 1955/1955/1955 1954/1954/1954 1956/1956/1956
f 1957/1957/1957 1955/1955/1955 1956/1956/1956
f 1957/1957/1957 1956/1956/1956 1958/1958/1958
f 1959/1959/1959 1957/1957/1957 1958/1958/1958
f 1959/1959/1959 1958/1958/1958 1960/1960/1960
f 1961/1961/1961 1959/1959/1959 1960/1960/1960
f 1961/1961/1961 1960/1960/1960 1962/1962/1962
f 1960/1960/1960 1963/1963/1963 1962/1962/1962
f 1964/1964/1964 1963/1963/1963 1960/1960/1960
f 1965/1965/1965 1963/1963/1963 1964/1964/1964
f 1962/1962/1962 1963/1963/1963 1966/1966/1966
f 1962/1962/1962 1966/1966/1966 1967/1967/1967
f 1968/1968/1968 1962/1962/1962 1967/1967/1967
f 1971/1971/1971 1970/1970/1970 1969/1969/1969
f 1972/1972/1972 1971/1971/1971 1969/1969/1969
f 1972/1972/1972 1969/1969/1969 1973/1973/1973
f 1974/1974/1974 1972/1972/1972 1973/1973/1973
f 1977/1977/1977 1976/1976/1976 1975/1975/1975
f 1978/1978/1978 1977/1977/1977 1975/1975/1975
f 1981/1981/1981 1980/1980/1980 1979/1979/1979
f 1981/1981/1981 1979/1979/1979 1982/1982/1982
f 1983/1983/1983 1981/1981/1981 1982/1982/1982
f 1986/1986/1986 1985/1985/1985 1984/1984/1984
f 1987/1987/1987 1986/1986/1986 1984/1984/1984
f 1987/1987/1987 1984/1984/1984 1988/1988/1988
f 1991/1991/1991 1990/1990/1990 1989/1989/1989
f 1990/1990/1990 1992/1992/1992 1989/1989/1989
f 1989/1989/1989 1992/1992/1992 1993/1993/1993
f 1992/1992/1992 1994/1994/1994 1993/1993/1993
f 1997/1997/1997 1996/1996/1996 1995/1995/1995
f 1998/1998/1998 1997/1997/1997 1995/1995/1995
f 2001/2001/2001 2000/2000/2000 1999/1999/1999
f 2002/2002/2002 2001/2001/2001 1999/1999/1999
f 2003/2003/2003 2002/2002/2002 1999/1999/1999
f 2004/2004/2004 2003/2003/2003 1999/1999/1999
f 2005/2005/2005 2003/2003/2003 2004/2004/2004
f 2005/2005/2005 2004/2004/2004 2006/2006/2006
f 2009/2009/2009 2008/2008/2008 2007/2007/2007
f 2010/2010/2010 2009/2009/2009 2007/2007/2007
f 2011/2011/2011 2009/2009/2009 2010/2010/2010
f 2012/2012/2012 2011/2011/2011 2010/2010/2010
f 2011/2011/2011 2012/2012/2012 2013/2013/2013
f 2014/2014/2014 2011/2011/2011 2013/2013/2013
f 2014/2014/2014 2013/2013/2013 2015/2015/2015
f 2013/2013/2013 2016/2016/2016 2015/2015/2015
f 2015/2015/2015 2016/2016/2016 2017/2017/2017
f 2016/2016/2016 2018/2018/2018 2017/2017/2017
f 2021/2021/2021 2020/2020/2020 2019/2019/2019
f 2022/2022/2022 2021/2021/2021 2019/2019/2019
f 2025/2025/2025 2024/2024/2024 2023/2023/2023
f 2024/2024/2024 2026/2026/2026 2023/2023/2023
f 2023/2023/2023 2026/2026/2026 2027/2027/2027
f 2026/2026/2026 2028/2028/2028 2027/2027/2027
f 2027/2027/2027 2028/2028/2028 2029/2029/2029
f 2028/2028/2028 2030/2030/2030 2029/2029/2029
f 2029/2029/2029 2030/2030/2030 2031/2031/2031
f 2030/2030/2030 2032/2032/2032 2031/2031/2031
f 2031/2031/2031 2032/2032/2032 2033/2033/2033
f 2028/2028/2028 2034/2034/2034 2030/2030/2030
f 2034/2034/2034 2035/2035/2035 2030/2030/2030
f 2030/2030/2030 2035/2035/2035 2032/2032/2032
f 2036/2036/2036 2034/2034/2034 2028/2028/2028
f 2026/2026/2026 2036/2036/2036 2028/2028/2028
f 2035/2035/2035 2037/2037/2037 2032/2032/2032
f 2026/2026/2026 2038/2038/2038 2036/2036/2036
f 2026/2026/2026 2024/2024/2024 2038/2038/2038
f 2038/2038/2038 2039/2039/2039 2036/2036/2036
f 2040/2040/2040 2039/2039/2039 2038/2038/2038
f 2041/2041/2041 2040/2040/2040 2038/2038/2038
f 2041/2041/2041 2038/2038/2038 2024/2024/2024
f 2042/2042/2042 2041/2041/2041 2024/2024/2024
f 2032/2032/2032 2037/2037/2037 2043/2043/2043
f 2032/2032/2032 2043/2043/2043 2033/2033/2033
f 2037/2037/2037 2044/2044/2044 2043/2043/2043
f 2033/2033/2033 2043/2043/2043 2045/2045/2045
f 2033/2033/2033 2045/2045/2045 2046/2046/2046
f 2043/2043/2043 2044/2044/2044 2047/2047/2047
f 2043/2043/2043 2047/2047/2047 2045/2045/2045
f 2044/2044/2044 2048/2048/2048 2047/2047/2047
f 2049/2049/2049 2045/2045/2045 2047/2047/2047
f 2049/2049/2049 2047/2047/2047 2048/2048/2048
f 2050/2050/2050 2049/2049/2049 2048/2048/2048
f 2053/2053/2053 2052/2052/2052 2051/2051/2051
f 2054/2054/2054 2051/2051/2051 2052/2052/2052
f 2054/2054/2054 2055/2055/2055 2051/2051/2051
f 2055/2055/2055 2056/2056/2056 2051/2051/2051
f 2057/2057/2057 2055/2055/2055 2054/2054/2054
f 2058/2058/2058 2057/2057/2057 2054/2054/2054
f 2058/2058/2058 2059/2059/2059 2057/2057/2057
f 2055/2055/2055 2060/2060/2060 2056/2056/2056
f 2056/2056/2056 2060/2060/2060 2061/2061/2061
f 2062/2062/2062 2056/2056/2056 2061/2061/2061
f 2065/2065/2065 2064/2064/2064 2063/2063/2063
f 2064/2064/2064 2066/2066/2066 2063/2063/2063
f 2063/2063/2063 2066/2066/2066 2067/2067/2067
f 2068/2068/2068 2063/2063/2063 2067/2067/2067
f 2067/2067/2067 2066/2066/2066 2069/2069/2069
f 2066/2066/2066 2070/2070/2070 2069/2069/2069
f 2066/2066/2066 2071/2071/2071 2070/2070/2070
f 2074/2074/2074 2073/2073/2073 2072/2072/2072
f 2075/2075/2075 2074/2074/2074 2072/2072/2072
f 2075/2075/2075 2072/2072/2072 2076/2076/2076
f 2072/2072/2072 2077/2077/2077 2076/2076/2076
f 2075/2075/2075 2076/2076/2076 2078/2078/2078
f 2079/2079/2079 2075/2075/2075 2078/2078/2078
f 2080/2080/2080 2075/2075/2075 2079/2079/2079
f 2083/2083/2083 2082/2082/2082 2081/2081/2081
f 2081/2081/2081 2084/2084/2084 2083/2083/2083
f 2084/2084/2084 2085/2085/2085 2083/2083/2083
f 2085/2085/2085 2084/2084/2084 2086/2086/2086
f 2084/2084/2084 2087/2087/2087 2086/2086/2086
f 2087/2087/2087 2088/2088/2088 2086/2086/2086
f 2085/2085/2085 2086/2086/2086 2089/2089/2089
f 2085/2085/2085 2086/2086/2086 2089/2089/2089
f 2088/2088/2088 2090/2090/2090 2086/2086/2086
f 2088/2088/2088 2091/2091/2091 2090/2090/2090
f 2091/2091/2091 2092/2092/2092 2090/2090/2090
f 2093/2093/2093 2092/2092/2092 2091/2091/2091
f 2094/2094/2094 2093/2093/2093 2091/2091/2091
f 2095/2095/2095 2093/2093/2093 2094/2094/2094
f 2096/2096/2096 2095/2095/2095 2094/2094/2094
f 2096/2096/2096 2097/2097/2097 2095/2095/2095
f 2097/2097/2097 2098/2098/2098 2095/2095/2095
f 2095/2095/2095 2098/2098/2098 2099/2099/2099
f 2098/2098/2098 2100/2100/2100 2099/2099/2099
f 2100/2100/2100 2101/2101/2101 2099/2099/2099
f 2101/2101/2101 2102/2102/2102 2099/2099/2099
f 2099/2099/2099 2102/2102/2102 2103/2103/2103
f 2104/2104/2104 2099/2099/2099 2103/2103/2103
f 2107/2107/2107 2106/2106/2106 2105/2105/2105
f 2108/2108/2108 2107/2107/2107 2105/2105/2105
f 2108/2108/2108 2105/2105/2105 2109/2109/2109
f 2110/2110/2110 2108/2108/2108 2109/2109/2109
f 2110/2110/2110 2109/2109/2109 2111/2111/2111
f 2112/2112/2112 2110/2110/2110 2111/2111/2111
f 2112/2112/2112 2111/2111/2111 2113/2113/2113
f 2114/2114/2114 2112/2112/2112 2113/2113/2113
f 2114/2114/2114 2113/2113/2113 2115/2115/2115
f 2116/2116/2116 2114/2114/2114 2115/2115/2115
f 2116/2116/2116 2115/2115/2115 2117/2117/2117
f 2118/2118/2118 2116/2116/2116 2117/2117/2117
f 2118/2118/2118 2117/2117/2117 2119/2119/2119
f 2120/2120/2120 2118/2118/2118 2119/2119/2119
f 2121/2121/2121 2120/2120/2120 2119/2119/2119
f 2121/2121/2121 2119/2119/2119 2122/2122/2122
f 2123/2123/2123 2121/2121/2121 2122/2122/2122
f 2123/2123/2123 2122/2122/2122 2124/2124/2124
f 2125/2125/2125 2123/2123/2123 2124/2124/2124
f 2125/2125/2125 2124/2124/2124 2126/2126/2126
f 2125/2125/2125 2126/2126/2126 2127/2127/2127
f 2128/2128/2128 2125/2125/2125 2127/2127/2127
f 2128/2128/2128 2127/2127/2127 2129/2129/2129
f 2129/2129/2129 2130/2130/2130 2128/2128/2128
f 2130/2130/2130 2131/2131/2131 2128/2128/2128
f 2129/2129/2129 2132/2132/2132 2130/2130/2130
f 2132/2132/2132 2133/2133/2133 2130/2130/2130
f 2134/2134/2134 2131/2131/2131 2130/2130/2130
f 2134/2134/2134 2130/2130/2130 2135/2135/2135
f 2136/2136/2136 2134/2134/2134 2135/2135/2135
f 2136/2136/2136 2135/2135/2135 2137/2137/2137
f 2135/2135/2135 2138/2138/2138 2137/2137/2137
f 2137/2137/2137 2138/2138/2138 2139/2139/2139
f 2138/2138/2138 2140/2140/2140 2139/2139/2139
f 2139/2139/2139 2140/2140/2140 2141/2141/2141
f 2140/2140/2140 2142/2142/2142 2141/2141/2141
f 2141/2141/2141 2142/2142/2142 2143/2143/2143
f 2142/2142/2142 2144/2144/2144 2143/2143/2143
f 2143/2143/2143 2144/2144/2144 2145/2145/2145
f 2144/2144/2144 2146/2146/2146 2145/2145/2145
f 2145/2145/2145 2146/2146/2146 2147/2147/2147
f 2146/2146/2146 2148/2148/2148 2147/2147/2147
f 2147/2147/2147 2148/2148/2148 2149/2149/2149
f 2148/2148/2148 2150/2150/2150 2149/2149/2149
f 2149/2149/2149 2150/2150/2150 2151/2151/2151
f 2150/2150/2150 2152/2152/2152 2151/2151/2151
f 2152/2152/2152 2153/2153/2153 2151/2151/2151
f 2153/2153/2153 2154/2154/2154 2151/2151/2151
f 2153/2153/2153 2155/2155/2155 2154/2154/2154
f 2155/2155/2155 2156/2156/2156 2154/2154/2154
f 2155/2155/2155 2157/2157/2157 2156/2156/2156
f 2157/2157/2157 2158/2158/2158 2156/2156/2156
f 2157/2157/2157 2159/2159/2159 2158/2158/2158
f 2159/2159/2159 2160/2160/2160 2158/2158/2158
f 2159/2159/2159 2161/2161/2161 2160/2160/2160
f 2161/2161/2161 2162/2162/2162 2160/2160/2160
f 2161/2161/2161 2163/2163/2163 2162/2162/2162
f 2163/2163/2163 2164/2164/2164 2162/2162/2162
f 2163/2163/2163 2165/2165/2165 2164/2164/2164
f 2165/2165/2165 2166/2166/2166 2164/2164/2164
f 2165/2165/2165 2167/2167/2167 2166/2166/2166
f 2167/2167/2167 2168/2168/2168 2166/2166/2166
f 2169/2169/2169 2168/2168/2168 2167/2167/2167
f 2170/2170/2170 2169/2169/2169 2167/2167/2167
f 2171/2171/2171 2169/2169/2169 2170/2170/2170
f 2172/2172/2172 2171/2171/2171 2170/2170/2170
f 2172/2172/2172 2170/2170/2170 2173/2173/2173
f 2173/2173/2173 2174/2174/2174 2172/2172/2172
f 2174/2174/2174 2175/2175/2175 2172/2172/2172
f 2171/2171/2171 2172/2172/2172 2176/2176/2176
f 2172/2172/2172 2175/2175/2175 2176/2176/2176
f 2177/2177/2177 2176/2176/2176 2175/2175/2175
f 2178/2178/2178 2176/2176/2176 2177/2177/2177
f 2179/2179/2179 2178/2178/2178 2177/2177/2177
f 2180/2180/2180 2178/2178/2178 2179/2179/2179
f 2181/2181/2181 2178/2178/2178 2180/2180/2180
f 2182/2182/2182 2181/2181/2181 2180/2180/2180
f 2183/2183/2183 2181/2181/2181 2182/2182/2182
f 2184/2184/2184 2183/2183/2183 2182/2182/2182
f 2185/2185/2185 2183/2183/2183 2184/2184/2184
f 2186/2186/2186 2185/2185/2185 2184/2184/2184
f 2187/2187/2187 2186/2186/2186 2184/2184/2184
f 2188/2188/2188 2186/2186/2186 2187/2187/2187
f 2189/2189/2189 2188/2188/2188 2187/2187/2187
f 2190/2190/2190 2188/2188/2188 2189/2189/2189
f 2191/2191/2191 2190/2190/2190 2189/2189/2189
f 2192/2192/2192 2190/2190/2190 2191/2191/2191
f 2193/2193/2193 2192/2192/2192 2191/2191/2191
f 2194/2194/2194 2192/2192/2192 2193/2193/2193
f 2195/2195/2195 2194/2194/2194 2193/2193/2193
f 2194/2194/2194 2195/2195/2195 2196/2196/2196
f 2195/2195/2195 2197/2197/2197 2196/2196/2196
f 2198/2198/2198 2196/2196/2196 2197/2197/2197
f 2199/2199/2199 2198/2198/2198 2197/2197/2197
f 2202/2202/2202 2201/2201/2201 2200/2200/2200
f 2201/2201/2201 2203/2203/2203 2200/2200/2200
f 2204/2204/2204 2200/2200/2200 2203/2203/2203
f 2207/2207/2207 2206/2206/2206 2205/2205/2205
f 2208/2208/2208 2207/2207/2207 2205/2205/2205
f 2205/2205/2205 2209/2209/2209 2208/2208/2208
f 2212/2212/2212 2211/2211/2211 2210/2210/2210
f 2213/2213/2213 2212/2212/2212 2210/2210/2210
f 2213/2213/2213 2210/2210/2210 2214/2214/2214
f 2210/2210/2210 2215/2215/2215 2214/2214/2214
f 2214/2214/2214 2215/2215/2215 2216/2216/2216
f 2217/2217/2217 2214/2214/2214 2216/2216/2216
f 2217/2217/2217 2216/2216/2216 2218/2218/2218
f 2216/2216/2216 2219/2219/2219 2218/2218/2218
f 2218/2218/2218 2219/2219/2219 2220/2220/2220
f 2219/2219/2219 2221/2221/2221 2220/2220/2220
f 2220/2220/2220 2221/2221/2221 2222/2222/2222
f 2223/2223/2223 2220/2220/2220 2222/2222/2222
f 2223/2223/2223 2222/2222/2222 2224/2224/2224
f 2222/2222/2222 2225/2225/2225 2224/2224/2224
f 2224/2224/2224 2225/2225/2225 2226/2226/2226
f 2225/2225/2225 2227/2227/2227 2226/2226/2226
f 2226/2226/2226 2227/2227/2227 2228/2228/2228
f 2229/2229/2229 2226/2226/2226 2228/2228/2228
f 2229/2229/2229 2228/2228/2228 2230/2230/2230
f 2228/2228/2228 2231/2231/2231 2230/2230/2230
f 2230/2230/2230 2231/2231/2231 2232/2232/2232
f 2233/2233/2233 2230/2230/2230 2232/2232/2232
f 2233/2233/2233 2232/2232/2232 2234/2234/2234
f 2235/2235/2235 2233/2233/2233 2234/2234/2234
f 2235/2235/2235 2234/2234/2234 2236/2236/2236
f 2237/2237/2237 2235/2235/2235 2236/2236/2236
f 2237/2237/2237 2236/2236/2236 2238/2238/2238
f 2238/2238/2238 2239/2239/2239 2237/2237/2237
f 2239/2239/2239 2240/2240/2240 2237/2237/2237
f 2243/2243/2243 2242/2242/2242 2241/2241/2241
f 2244/2244/2244 2243/2243/2243 2241/2241/2241
f 2244/2244/2244 2241/2241/2241 2245/2245/2245
f 2245/2245/2245 2241/2241/2241 2246/2246/2246
f 2245/2245/2245 2246/2246/2246 2247/2247/2247
f 2244/2244/2244 2248/2248/2248 2243/2243/2243
f 2248/2248/2248 2249/2249/2249 2243/2243/2243
f 2250/2250/2250 2248/2248/2248 2244/2244/2244
f 2245/2245/2245 2250/2250/2250 2244/2244/2244
f 2248/2248/2248 2251/2251/2251 2249/2249/2249
f 2251/2251/2251 2248/2248/2248 2250/2250/2250
f 2251/2251/2251 2252/2252/2252 2249/2249/2249
f 2253/2253/2253 2251/2251/2251 2250/2250/2250
f 2253/2253/2253 2250/2250/2250 2254/2254/2254
f 2254/2254/2254 2250/2250/2250 2245/2245/2245
f 2255/2255/2255 2253/2253/2253 2254/2254/2254
f 2256/2256/2256 2245/2245/2245 2247/2247/2247
f 2256/2256/2256 2254/2254/2254 2245/2245/2245
f 2256/2256/2256 2247/2247/2247 2257/2257/2257
f 2255/2255/2255 2254/2254/2254 2258/2258/2258
f 2258/2258/2258 2254/2254/2254 2256/2256/2256
f 2259/2259/2259 2255/2255/2255 2258/2258/2258
f 2260/2260/2260 2256/2256/2256 2257/2257/2257
f 2260/2260/2260 2258/2258/2258 2256/2256/2256
f 2260/2260/2260 2257/2257/2257 2261/2261/2261
f 2260/2260/2260 2261/2261/2261 2262/2262/2262
f 2259/2259/2259 2258/2258/2258 2263/2263/2263
f 2263/2263/2263 2258/2258/2258 2260/2260/2260
f 2264/2264/2264 2259/2259/2259 2263/2263/2263
f 2265/2265/2265 2260/2260/2260 2262/2262/2262
f 2265/2265/2265 2263/2263/2263 2260/2260/2260
f 2265/2265/2265 2266/2266/2266 2263/2263/2263
f 2262/2262/2262 2267/2267/2267 2265/2265/2265
f 2265/2265/2265 2267/2267/2267 2266/2266/2266
f 2267/2267/2267 2268/2268/2268 2266/2266/2266
f 2266/2266/2266 2268/2268/2268 2269/2269/2269
f 2263/2263/2263 2270/2270/2270 2264/2264/2264
f 2266/2266/2266 2270/2270/2270 2263/2263/2263
f 2270/2270/2270 2271/2271/2271 2264/2264/2264
f 2271/2271/2271 2270/2270/2270 2272/2272/2272
f 2272/2272/2272 2270/2270/2270 2266/2266/2266
f 2273/2273/2273 2271/2271/2271 2272/2272/2272
f 2266/2266/2266 2269/2269/2269 2274/2274/2274
f 2274/2274/2274 2272/2272/2272 2266/2266/2266
f 2269/2269/2269 2275/2275/2275 2274/2274/2274
f 2274/2274/2274 2275/2275/2275 2276/2276/2276
f 2274/2274/2274 2276/2276/2276 2277/2277/2277
f 2278/2278/2278 2274/2274/2274 2277/2277/2277
f 2272/2272/2272 2274/2274/2274 2278/2278/2278
f 2278/2278/2278 2277/2277/2277 2279/2279/2279
f 2278/2278/2278 2279/2279/2279 2280/2280/2280
f 2273/2273/2273 2272/2272/2272 2281/2281/2281
f 2281/2281/2281 2272/2272/2272 2278/2278/2278
f 2282/2282/2282 2273/2273/2273 2281/2281/2281
f 2283/2283/2283 2278/2278/2278 2280/2280/2280
f 2281/2281/2281 2278/2278/2278 2283/2283/2283
f 2284/2284/2284 2283/2283/2283 2280/2280/2280
f 2282/2282/2282 2281/2281/2281 2285/2285/2285
f 2285/2285/2285 2281/2281/2281 2283/2283/2283
f 2285/2285/2285 2283/2283/2283 2284/2284/2284
f 2286/2286/2286 2282/2282/2282 2285/2285/2285
f 2287/2287/2287 2285/2285/2285 2284/2284/2284
f 2286/2286/2286 2285/2285/2285 2287/2287/2287
f 2288/2288/2288 2286/2286/2286 2287/2287/2287
f 2291/2291/2291 2290/2290/2290 2289/2289/2289
f 2289/2289/2289 2290/2290/2290 2292/2292/2292
f 2289/2289/2289 2292/2292/2292 2293/2293/2293
f 2294/2294/2294 2289/2289/2289 2293/2293/2293
f 2294/2294/2294 2293/2293/2293 2295/2295/2295
f 2293/2293/2293 2296/2296/2296 2295/2295/2295
f 2295/2295/2295 2296/2296/2296 2297/2297/2297
f 2296/2296/2296 2298/2298/2298 2297/2297/2297
f 2297/2297/2297 2298/2298/2298 2299/2299/2299
f 2300/2300/2300 2297/2297/2297 2299/2299/2299
f 2300/2300/2300 2299/2299/2299 2301/2301/2301
f 2299/2299/2299 2302/2302/2302 2301/2301/2301
f 2301/2301/2301 2302/2302/2302 2303/2303/2303
f 2304/2304/2304 2301/2301/2301 2303/2303/2303
f 2304/2304/2304 2303/2303/2303 2305/2305/2305
f 2306/2306/2306 2304/2304/2304 2305/2305/2305
f 2306/2306/2306 2305/2305/2305 2307/2307/2307
f 2308/2308/2308 2306/2306/2306 2307/2307/2307
f 2308/2308/2308 2307/2307/2307 2309/2309/2309
f 2310/2310/2310 2308/2308/2308 2309/2309/2309
f 2313/2313/2313 2312/2312/2312 2311/2311/2311
f 2314/2314/2314 2313/2313/2313 2311/2311/2311
f 2314/2314/2314 2311/2311/2311 2315/2315/2315
f 2316/2316/2316 2314/2314/2314 2315/2315/2315
f 2317/2317/2317 2313/2313/2313 2314/2314/2314
f 2318/2318/2318 2314/2314/2314 2316/2316/2316
f 2318/2318/2318 2317/2317/2317 2314/2314/2314
f 2319/2319/2319 2318/2318/2318 2316/2316/2316
f 2318/2318/2318 2319/2319/2319 2320/2320/2320
f 2317/2317/2317 2318/2318/2318 2321/2321/2321
f 2321/2321/2321 2318/2318/2318 2320/2320/2320
f 2322/2322/2322 2317/2317/2317 2321/2321/2321
f 2323/2323/2323 2322/2322/2322 2321/2321/2321
f 2324/2324/2324 2321/2321/2321 2320/2320/2320
f 2324/2324/2324 2323/2323/2323 2321/2321/2321
f 2325/2325/2325 2324/2324/2324 2320/2320/2320
f 2326/2326/2326 2323/2323/2323 2324/2324/2324
f 2327/2327/2327 2324/2324/2324 2325/2325/2325
f 2327/2327/2327 2326/2326/2326 2324/2324/2324
f 2328/2328/2328 2327/2327/2327 2325/2325/2325
f 2329/2329/2329 2326/2326/2326 2327/2327/2327
f 2330/2330/2330 2327/2327/2327 2328/2328/2328
f 2330/2330/2330 2329/2329/2329 2327/2327/2327
f 2331/2331/2331 2330/2330/2330 2328/2328/2328
f 2332/2332/2332 2329/2329/2329 2330/2330/2330
f 2333/2333/2333 2330/2330/2330 2331/2331/2331
f 2333/2333/2333 2332/2332/2332 2330/2330/2330
f 2334/2334/2334 2333/2333/2333 2331/2331/2331
f 2335/2335/2335 2332/2332/2332 2333/2333/2333
f 2336/2336/2336 2333/2333/2333 2334/2334/2334
f 2336/2336/2336 2335/2335/2335 2333/2333/2333
f 2337/2337/2337 2336/2336/2336 2334/2334/2334
f 2338/2338/2338 2335/2335/2335 2336/2336/2336
f 2339/2339/2339 2336/2336/2336 2337/2337/2337
f 2339/2339/2339 2338/2338/2338 2336/2336/2336
f 2340/2340/2340 2339/2339/2339 2337/2337/2337
f 2341/2341/2341 2338/2338/2338 2339/2339/2339
f 2342/2342/2342 2339/2339/2339 2340/2340/2340
f 2342/2342/2342 2341/2341/2341 2339/2339/2339
f 2343/2343/2343 2342/2342/2342 2340/2340/2340
f 2344/2344/2344 2341/2341/2341 2342/2342/2342
f 2345/2345/2345 2342/2342/2342 2343/2343/2343
f 2345/2345/2345 2344/2344/2344 2342/2342/2342
f 2346/2346/2346 2344/2344/2344 2345/2345/2345
f 2347/2347/2347 2345/2345/2345 2343/2343/2343
f 2348/2348/2348 2346/2346/2346 2345/2345/2345
f 2348/2348/2348 2345/2345/2345 2347/2347/2347
f 2349/2349/2349 2348/2348/2348 2347/2347/2347
f 2352/2352/2352 2351/2351/2351 2350/2350/2350
f 2353/2353/2353 2352/2352/2352 2350/2350/2350
f 2354/2354/2354 2352/2352/2352 2353/2353/2353
f 2355/2355/2355 2354/2354/2354 2353/2353/2353
f 2356/2356/2356 2354/2354/2354 2355/2355/2355
f 2357/2357/2357 2356/2356/2356 2355/2355/2355
f 2358/2358/2358 2356/2356/2356 2357/2357/2357
f 2359/2359/2359 2358/2358/2358 2357/2357/2357
f 2360/2360/2360 2358/2358/2358 2359/2359/2359
f 2361/2361/2361 2360/2360/2360 2359/2359/2359
f 2362/2362/2362 2360/2360/2360 2361/2361/2361
f 2363/2363/2363 2362/2362/2362 2361/2361/2361
f 2364/2364/2364 2362/2362/2362 2363/2363/2363
f 2365/2365/2365 2364/2364/2364 2363/2363/2363
f 2366/2366/2366 2364/2364/2364 2365/2365/2365
f 2367/2367/2367 2366/2366/2366 2365/2365/2365
f 2368/2368/2368 2366/2366/2366 2367/2367/2367
f 2369/2369/2369 2368/2368/2368 2367/2367/2367
f 2370/2370/2370 2368/2368/2368 2369/2369/2369
f 2371/2371/2371 2370/2370/2370 2369/2369/2369
f 2372/2372/2372 2370/2370/2370 2371/2371/2371
f 2373/2373/2373 2372/2372/2372 2371/2371/2371
f 2374/2374/2374 2372/2372/2372 2373/2373/2373
f 2375/2375/2375 2374/2374/2374 2373/2373/2373
f 2378/2378/2378 2377/2377/2377 2376/2376/2376
f 2379/2379/2379 2378/2378/2378 2376/2376/2376
f 2379/2379/2379 2376/2376/2376 2380/2380/2380
f 2381/2381/2381 2378/2378/2378 2379/2379/2379
f 2382/2382/2382 2379/2379/2379 2380/2380/2380
f 2383/2383/2383 2381/2381/2381 2379/2379/2379
f 2383/2383/2383 2379/2379/2379 2382/2382/2382
f 2384/2384/2384 2381/2381/2381 2383/2383/2383
f 2385/2385/2385 2383/2383/2383 2382/2382/2382
f 2386/2386/2386 2384/2384/2384 2383/2383/2383
f 2386/2386/2386 2383/2383/2383 2385/2385/2385
f 2387/2387/2387 2386/2386/2386 2385/2385/2385
f 2384/2384/2384 2386/2386/2386 2388/2388/2388
f 2389/2389/2389 2386/2386/2386 2387/2387/2387
f 2389/2389/2389 2388/2388/2388 2386/2386/2386
f 2390/2390/2390 2389/2389/2389 2387/2387/2387
f 2389/2389/2389 2391/2391/2391 2388/2388/2388
f 2391/2391/2391 2392/2392/2392 2388/2388/2388
f 2391/2391/2391 2393/2393/2393 2392/2392/2392
f 2394/2394/2394 2391/2391/2391 2389/2389/2389
f 2395/2395/2395 2389/2389/2389 2390/2390/2390
f 2395/2395/2395 2394/2394/2394 2389/2389/2389
f 2396/2396/2396 2395/2395/2395 2390/2390/2390
f 2397/2397/2397 2394/2394/2394 2395/2395/2395
f 2398/2398/2398 2395/2395/2395 2396/2396/2396
f 2398/2398/2398 2397/2397/2397 2395/2395/2395
f 2399/2399/2399 2398/2398/2398 2396/2396/2396
f 2400/2400/2400 2397/2397/2397 2398/2398/2398
f 2401/2401/2401 2398/2398/2398 2399/2399/2399
f 2401/2401/2401 2400/2400/2400 2398/2398/2398
f 2402/2402/2402 2401/2401/2401 2399/2399/2399
f 2403/2403/2403 2400/2400/2400 2401/2401/2401
f 2404/2404/2404 2401/2401/2401 2402/2402/2402
f 2404/2404/2404 2403/2403/2403 2401/2401/2401
f 2405/2405/2405 2404/2404/2404 2402/2402/2402
f 2406/2406/2406 2403/2403/2403 2404/2404/2404
f 2406/2406/2406 2407/2407/2407 2403/2403/2403
f 2408/2408/2408 2404/2404/2404 2405/2405/2405
f 2408/2408/2408 2406/2406/2406 2404/2404/2404
f 2409/2409/2409 2406/2406/2406 2408/2408/2408
f 2410/2410/2410 2408/2408/2408 2405/2405/2405
f 2411/2411/2411 2409/2409/2409 2408/2408/2408
f 2412/2412/2412 2408/2408/2408 2410/2410/2410
f 2412/2412/2412 2411/2411/2411 2408/2408/2408
f 2413/2413/2413 2412/2412/2412 2410/2410/2410
f 2414/2414/2414 2411/2411/2411 2412/2412/2412
f 2415/2415/2415 2412/2412/2412 2413/2413/2413
f 2415/2415/2415 2414/2414/2414 2412/2412/2412
f 2416/2416/2416 2414/2414/2414 2415/2415/2415
f 2417/2417/2417 2415/2415/2415 2413/2413/2413
f 2418/2418/2418 2416/2416/2416 2415/2415/2415
f 2418/2418/2418 2415/2415/2415 2417/2417/2417
f 2419/2419/2419 2418/2418/2418 2417/2417/2417
f 2422/2422/2422 2421/2421/2421 2420/2420/2420
f 2421/2421/2421 2423/2423/2423 2420/2420/2420
f 2420/2420/2420 2423/2423/2423 2424/2424/2424
f 2423/2423/2423 2425/2425/2425 2424/2424/2424
f 2424/2424/2424 2425/2425/2425 2426/2426/2426
f 2425/2425/2425 2427/2427/2427 2426/2426/2426
f 2426/2426/2426 2427/2427/2427 2428/2428/2428
f 2427/2427/2427 2429/2429/2429 2428/2428/2428
f 2428/2428/2428 2429/2429/2429 2430/2430/2430
f 2429/2429/2429 2431/2431/2431 2430/2430/2430
f 2430/2430/2430 2431/2431/2431 2432/2432/2432
f 2431/2431/2431 2433/2433/2433 2432/2432/2432
f 2432/2432/2432 2433/2433/2433 2434/2434/2434
f 2433/2433/2433 2435/2435/2435 2434/2434/2434
f 2434/2434/2434 2435/2435/2435 2436/2436/2436
f 2435/2435/2435 2437/2437/2437 2436/2436/2436
f 2436/2436/2436 2437/2437/2437 2438/2438/2438
f 2437/2437/2437 2439/2439/2439 2438/2438/2438
f 2438/2438/2438 2439/2439/2439 2440/2440/2440
f 2439/2439/2439 2441/2441/2441 2440/2440/2440
f 2440/2440/2440 2441/2441/2441 2442/2442/2442
f 2441/2441/2441 2443/2443/2443 2442/2442/2442
f 2442/2442/2442 2443/2443/2443 2444/2444/2444
f 2443/2443/2443 2445/2445/2445 2444/2444/2444
f 2448/2448/2448 2447/2447/2447 2446/2446/2446
f 2447/2447/2447 2449/2449/2449 2446/2446/2446
f 2446/2446/2446 2449/2449/2449 2450/2450/2450
f 2447/2447/2447 2451/2451/2451 2449/2449/2449
f 2449/2449/2449 2452/2452/2452 2450/2450/2450
f 2450/2450/2450 2452/2452/2452 2453/2453/2453
f 2451/2451/2451 2454/2454/2454 2449/2449/2449
f 2449/2449/2449 2454/2454/2454 2452/2452/2452
f 2451/2451/2451 2455/2455/2455 2454/2454/2454
f 2455/2455/2455 2456/2456/2456 2454/2454/2454
f 2454/2454/2454 2456/2456/2456 2457/2457/2457
f 2454/2454/2454 2457/2457/2457 2452/2452/2452
f 2456/2456/2456 2458/2458/2458 2457/2457/2457
f 2452/2452/2452 2459/2459/2459 2453/2453/2453
f 2452/2452/2452 2457/2457/2457 2459/2459/2459
f 2453/2453/2453 2459/2459/2459 2460/2460/2460
f 2457/2457/2457 2458/2458/2458 2461/2461/2461
f 2457/2457/2457 2461/2461/2461 2459/2459/2459
f 2458/2458/2458 2462/2462/2462 2461/2461/2461
f 2459/2459/2459 2463/2463/2463 2460/2460/2460
f 2459/2459/2459 2461/2461/2461 2463/2463/2463
f 2460/2460/2460 2463/2463/2463 2464/2464/2464
f 2461/2461/2461 2462/2462/2462 2465/2465/2465
f 2461/2461/2461 2465/2465/2465 2463/2463/2463
f 2462/2462/2462 2466/2466/2466 2465/2465/2465
f 2463/2463/2463 2467/2467/2467 2464/2464/2464
f 2463/2463/2463 2465/2465/2465 2467/2467/2467
f 2464/2464/2464 2467/2467/2467 2468/2468/2468
f 2465/2465/2465 2466/2466/2466 2469/2469/2469
f 2465/2465/2465 2469/2469/2469 2467/2467/2467
f 2466/2466/2466 2470/2470/2470 2469/2469/2469
f 2467/2467/2467 2471/2471/2471 2468/2468/2468
f 2467/2467/2467 2469/2469/2469 2471/2471/2471
f 2468/2468/2468 2471/2471/2471 2472/2472/2472
f 2469/2469/2469 2470/2470/2470 2473/2473/2473
f 2469/2469/2469 2473/2473/2473 2471/2471/2471
f 2470/2470/2470 2474/2474/2474 2473/2473/2473
f 2471/2471/2471 2475/2475/2475 2472/2472/2472
f 2471/2471/2471 2473/2473/2473 2475/2475/2475
f 2472/2472/2472 2475/2475/2475 2476/2476/2476
f 2473/2473/2473 2474/2474/2474 2477/2477/2477
f 2473/2473/2473 2477/2477/2477 2475/2475/2475
f 2474/2474/2474 2478/2478/2478 2477/2477/2477
f 2475/2475/2475 2479/2479/2479 2476/2476/2476
f 2475/2475/2475 2477/2477/2477 2479/2479/2479
f 2476/2476/2476 2479/2479/2479 2480/2480/2480
f 2477/2477/2477 2478/2478/2478 2481/2481/2481
f 2477/2477/2477 2481/2481/2481 2479/2479/2479
f 2478/2478/2478 2482/2482/2482 2481/2481/2481
f 2479/2479/2479 2483/2483/2483 2480/2480/2480
f 2479/2479/2479 2481/2481/2481 2483/2483/2483
f 2480/2480/2480 2483/2483/2483 2484/2484/2484
f 2481/2481/2481 2482/2482/2482 2485/2485/2485
f 2481/2481/2481 2485/2485/2485 2483/2483/2483
f 2482/2482/2482 2486/2486/2486 2485/2485/2485
f 2483/2483/2483 2487/2487/2487 2484/2484/2484
f 2483/2483/2483 2485/2485/2485 2487/2487/2487
f 2484/2484/2484 2487/2487/2487 2488/2488/2488
f 2485/2485/2485 2486/2486/2486 2489/2489/2489
f 2485/2485/2485 2489/2489/2489 2487/2487/2487
f 2486/2486/2486 2490/2490/2490 2489/2489/2489
f 2487/2487/2487 2491/2491/2491 2488/2488/2488
f 2487/2487/2487 2489/2489/2489 2491/2491/2491
f 2488/2488/2488 2491/2491/2491 2492/2492/2492
f 2491/2491/2491 2493/2493/2493 2492/2492/2492
f 2489/2489/2489 2490/2490/2490 2494/2494/2494
f 2489/2489/2489 2494/2494/2494 2491/2491/2491
f 2491/2491/2491 2494/2494/2494 2493/2493/2493
f 2490/2490/2490 2495/2495/2495 2494/2494/2494
f 2494/2494/2494 2496/2496/2496 2493/2493/2493
f 2494/2494/2494 2495/2495/2495 2496/2496/2496
f 2495/2495/2495 2497/2497/2497 2496/2496/2496
f 2500/2500/2500 2499/2499/2499 2498/2498/2498
f 2501/2501/2501 2500/2500/2500 2498/2498/2498
f 2502/2502/2502 2500/2500/2500 2501/2501/2501
f 2503/2503/2503 2502/2502/2502 2501/2501/2501
f 2504/2504/2504 2502/2502/2502 2503/2503/2503
f 2505/2505/2505 2504/2504/2504 2503/2503/2503
f 2506/2506/2506 2504/2504/2504 2505/2505/2505
f 2507/2507/2507 2506/2506/2506 2505/2505/2505
f 2508/2508/2508 2506/2506/2506 2507/2507/2507
f 2509/2509/2509 2508/2508/2508 2507/2507/2507
f 2510/2510/2510 2508/2508/2508 2509/2509/2509
f 2511/2511/2511 2510/2510/2510 2509/2509/2509
f 2512/2512/2512 2510/2510/2510 2511/2511/2511
f 2513/2513/2513 2512/2512/2512 2511/2511/2511
f 2514/2514/2514 2512/2512/2512 2513/2513/2513
f 2515/2515/2515 2514/2514/2514 2513/2513/2513
f 2516/2516/2516 2514/2514/2514 2515/2515/2515
f 2517/2517/2517 2516/2516/2516 2515/2515/2515
f 2518/2518/2518 2516/2516/2516 2517/2517/2517
f 2519/2519/2519 2518/2518/2518 2517/2517/2517
f 2520/2520/2520 2518/2518/2518 2519/2519/2519
f 2521/2521/2521 2520/2520/2520 2519/2519/2519
f 2522/2522/2522 2520/2520/2520 2521/2521/2521
f 2523/2523/2523 2522/2522/2522 2521/2521/2521
f 2526/2526/2526 2525/2525/2525 2524/2524/2524
f 2525/2525/2525 2527/2527/2527 2524/2524/2524
f 2524/2524/2524 2527/2527/2527 2528/2528/2528
f 2527/2527/2527 2529/2529/2529 2528/2528/2528
f 2528/2528/2528 2529/2529/2529 2530/2530/2530
f 2529/2529/2529 2531/2531/2531 2530/2530/2530
f 2530/2530/2530 2531/2531/2531 2532/2532/2532
f 2531/2531/2531 2533/2533/2533 2532/2532/2532
f 2532/2532/2532 2533/2533/2533 2534/2534/2534
f 2533/2533/2533 2535/2535/2535 2534/2534/2534
f 2534/2534/2534 2535/2535/2535 2536/2536/2536
f 2535/2535/2535 2537/2537/2537 2536/2536/2536
f 2536/2536/2536 2537/2537/2537 2538/2538/2538
f 2537/2537/2537 2539/2539/2539 2538/2538/2538
f 2538/2538/2538 2539/2539/2539 2540/2540/2540
f 2539/2539/2539 2541/2541/2541 2540/2540/2540
f 2540/2540/2540 2541/2541/2541 2542/2542/2542
f 2541/2541/2541 2543/2543/2543 2542/2542/2542
f 2542/2542/2542 2543/2543/2543 2544/2544/2544
f 2543/2543/2543 2545/2545/2545 2544/2544/2544
f 2544/2544/2544 2545/2545/2545 2546/2546/2546
f 2545/2545/2545 2547/2547/2547 2546/2546/2546
f 2546/2546/2546 2547/2547/2547 2548/2548/2548
f 2547/2547/2547 2549/2549/2549 2548/2548/2548
f 2552/2552/2552 2551/2551/2551 2550/2550/2550
f 2553/2553/2553 2552/2552/2552 2550/2550/2550
f 2554/2554/2554 2553/2553/2553 2550/2550/2550
f 2555/2555/2555 2553/2553/2553 2554/2554/2554
f 2556/2556/2556 2555/2555/2555 2554/2554/2554
f 2557/2557/2557 2555/2555/2555 2556/2556/2556
f 2558/2558/2558 2557/2557/2557 2556/2556/2556
f 2559/2559/2559 2557/2557/2557 2558/2558/2558
f 2560/2560/2560 2559/2559/2559 2558/2558/2558
f 2559/2559/2559 2560/2560/2560 2561/2561/2561
f 2564/2564/2564 2563/2563/2563 2562/2562/2562
f 2564/2564/2564 2565/2565/2565 2563/2563/2563
f 2565/2565/2565 2566/2566/2566 2563/2563/2563
f 2567/2567/2567 2565/2565/2565 2564/2564/2564
f 2568/2568/2568 2567/2567/2567 2564/2564/2564
f 2569/2569/2569 2567/2567/2567 2568/2568/2568
f 2570/2570/2570 2569/2569/2569 2568/2568/2568
f 2571/2571/2571 2569/2569/2569 2570/2570/2570
f 2572/2572/2572 2571/2571/2571 2570/2570/2570
f 2573/2573/2573 2571/2571/2571 2572/2572/2572
f 2574/2574/2574 2573/2573/2573 2572/2572/2572
f 2575/2575/2575 2573/2573/2573 2574/2574/2574
f 2575/2575/2575 2576/2576/2576 2573/2573/2573
f 2577/2577/2577 2575/2575/2575 2574/2574/2574
f 2578/2578/2578 2575/2575/2575 2577/2577/2577
f 2581/2581/2581 2580/2580/2580 2579/2579/2579
f 2582/2582/2582 2581/2581/2581 2579/2579/2579
f 2583/2583/2583 2581/2581/2581 2582/2582/2582
f 2584/2584/2584 2583/2583/2583 2582/2582/2582
f 2585/2585/2585 2583/2583/2583 2584/2584/2584
f 2586/2586/2586 2585/2585/2585 2584/2584/2584
f 2587/2587/2587 2585/2585/2585 2586/2586/2586
f 2588/2588/2588 2587/2587/2587 2586/2586/2586
f 2589/2589/2589 2587/2587/2587 2588/2588/2588
f 2590/2590/2590 2589/2589/2589 2588/2588/2588
f 2591/2591/2591 2589/2589/2589 2590/2590/2590
f 2592/2592/2592 2591/2591/2591 2590/2590/2590
f 2595/2595/2595 2594/2594/2594 2593/2593/2593
f 2594/2594/2594 2596/2596/2596 2593/2593/2593
f 2593/2593/2593 2596/2596/2596 2597/2597/2597
f 2596/2596/2596 2598/2598/2598 2597/2597/2597
f 2597/2597/2597 2598/2598/2598 2599/2599/2599
f 2598/2598/2598 2600/2600/2600 2599/2599/2599
f 2599/2599/2599 2600/2600/2600 2601/2601/2601
f 2600/2600/2600 2602/2602/2602 2601/2601/2601
f 2601/2601/2601 2602/2602/2602 2603/2603/2603
f 2602/2602/2602 2604/2604/2604 2603/2603/2603
f 2603/2603/2603 2604/2604/2604 2605/2605/2605
f 2604/2604/2604 2606/2606/2606 2605/2605/2605
f 2609/2609/2609 2608/2608/2608 2607/2607/2607
f 2610/2610/2610 2609/2609/2609 2607/2607/2607
f 2611/2611/2611 2609/2609/2609 2610/2610/2610
f 2612/2612/2612 2611/2611/2611 2610/2610/2610
f 2613/2613/2613 2611/2611/2611 2612/2612/2612
f 2614/2614/2614 2613/2613/2613 2612/2612/2612
f 2615/2615/2615 2613/2613/2613 2614/2614/2614
f 2616/2616/2616 2615/2615/2615 2614/2614/2614
f 2617/2617/2617 2615/2615/2615 2616/2616/2616
f 2618/2618/2618 2617/2617/2617 2616/2616/2616
f 2619/2619/2619 2617/2617/2617 2618/2618/2618
f 2620/2620/2620 2619/2619/2619 2618/2618/2618
f 2621/2621/2621 2619/2619/2619 2620/2620/2620
f 2622/2622/2622 2621/2621/2621 2620/2620/2620
f 2623/2623/2623 2621/2621/2621 2622/2622/2622
f 2624/2624/2624 2623/2623/2623 2622/2622/2622
f 2625/2625/2625 2623/2623/2623 2624/2624/2624
f 2626/2626/2626 2625/2625/2625 2624/2624/2624
f 2627/2627/2627 2625/2625/2625 2626/2626/2626
f 2628/2628/2628 2627/2627/2627 2626/2626/2626
f 2627/2627/2627 2628/2628/2628 2629/2629/2629
f 2630/2630/2630 2627/2627/2627 2629/2629/2629
f 2630/2630/2630 2629/2629/2629 2631/2631/2631
f 2632/2632/2632 2630/2630/2630 2631/2631/2631
f 2632/2632/2632 2631/2631/2631 2633/2633/2633
f 2634/2634/2634 2632/2632/2632 2633/2633/2633
f 2634/2634/2634 2633/2633/2633 2635/2635/2635
f 2636/2636/2636 2634/2634/2634 2635/2635/2635
f 2636/2636/2636 2635/2635/2635 2637/2637/2637
f 2638/2638/2638 2636/2636/2636 2637/2637/2637
f 2638/2638/2638 2637/2637/2637 2639/2639/2639
f 2640/2640/2640 2638/2638/2638 2639/2639/2639
f 2640/2640/2640 2639/2639/2639 2641/2641/2641
f 2642/2642/2642 2640/2640/2640 2641/2641/2641
f 2642/2642/2642 2641/2641/2641 2643/2643/2643
f 2644/2644/2644 2642/2642/2642 2643/2643/2643
f 2644/2644/2644 2643/2643/2643 2645/2645/2645
f 2646/2646/2646 2644/2644/2644 2645/2645/2645
f 2646/2646/2646 2645/2645/2645 2647/2647/2647
f 2648/2648/2648 2646/2646/2646 2647/2647/2647
f 2651/2651/2651 2650/2650/2650 2649/2649/2649
f 2650/2650/2650 2652/2652/2652 2649/2649/2649
f 2650/2650/2650 2653/2653/2653 2652/2652/2652
f 2653/2653/2653 2654/2654/2654 2652/2652/2652
f 2654/2654/2654 2655/2655/2655 2652/2652/2652
f 2649/2649/2649 2652/2652/2652 2656/2656/2656
f 2657/2657/2657 2649/2649/2649 2656/2656/2656
f 2652/2652/2652 2658/2658/2658 2656/2656/2656
f 2656/2656/2656 2658/2658/2658 2659/2659/2659
f 2658/2658/2658 2660/2660/2660 2659/2659/2659
f 2659/2659/2659 2660/2660/2660 2661/2661/2661
f 2660/2660/2660 2662/2662/2662 2661/2661/2661
f 2661/2661/2661 2662/2662/2662 2663/2663/2663
f 2662/2662/2662 2664/2664/2664 2663/2663/2663
f 2663/2663/2663 2664/2664/2664 2665/2665/2665
f 2664/2664/2664 2666/2666/2666 2665/2665/2665
f 2665/2665/2665 2666/2666/2666 2667/2667/2667
f 2666/2666/2666 2668/2668/2668 2667/2667/2667
f 2667/2667/2667 2668/2668/2668 2669/2669/2669
f 2668/2668/2668 2670/2670/2670 2669/2669/2669
f 2669/2669/2669 2670/2670/2670 2671/2671/2671
f 2670/2670/2670 2672/2672/2672 2671/2671/2671
f 2671/2671/2671 2672/2672/2672 2673/2673/2673
f 2674/2674/2674 2671/2671/2671 2673/2673/2673
f 2675/2675/2675 2674/2674/2674 2673/2673/2673
f 2676/2676/2676 2675/2675/2675 2673/2673/2673
f 2676/2676/2676 2677/2677/2677 2675/2675/2675
f 2677/2677/2677 2678/2678/2678 2675/2675/2675
f 2677/2677/2677 2679/2679/2679 2678/2678/2678
f 2679/2679/2679 2680/2680/2680 2678/2678/2678
f 2679/2679/2679 2681/2681/2681 2680/2680/2680
f 2681/2681/2681 2682/2682/2682 2680/2680/2680
f 2681/2681/2681 2683/2683/2683 2682/2682/2682
f 2683/2683/2683 2684/2684/2684 2682/2682/2682
f 2683/2683/2683 2685/2685/2685 2684/2684/2684
f 2685/2685/2685 2686/2686/2686 2684/2684/2684
f 2685/2685/2685 2687/2687/2687 2686/2686/2686
f 2687/2687/2687 2688/2688/2688 2686/2686/2686
f 2687/2687/2687 2689/2689/2689 2688/2688/2688
f 2689/2689/2689 2690/2690/2690 2688/2688/2688
f 2689/2689/2689 2691/2691/2691 2690/2690/2690
f 2691/2691/2691 2692/2692/2692 2690/2690/2690
f 2692/2692/2692 2693/2693/2693 2690/2690/2690
f 2691/2691/2691 2694/2694/2694 2692/2692/2692
f 2694/2694/2694 2695/2695/2695 2692/2692/2692
f 2696/2696/2696 2694/2694/2694 2691/2691/2691
f 2697/2697/2697 2696/2696/2696 2691/2691/2691
f 2698/2698/2698 2697/2697/2697 2691/2691/2691
f 2701/2701/2701 2700/2700/2700 2699/2699/2699
f 2700/2700/2700 2702/2702/2702 2699/2699/2699
f 2700/2700/2700 2703/2703/2703 2702/2702/2702
f 2699/2699/2699 2702/2702/2702 2704/2704/2704
f 2705/2705/2705 2699/2699/2699 2704/2704/2704
f 2702/2702/2702 2706/2706/2706 2704/2704/2704
f 2706/2706/2706 2707/2707/2707 2704/2704/2704
f 2708/2708/2708 2704/2704/2704 2707/2707/2707
f 2709/2709/2709 2708/2708/2708 2707/2707/2707
f 2710/2710/2710 2709/2709/2709 2707/2707/2707
f 2710/2710/2710 2711/2711/2711 2709/2709/2709
f 2712/2712/2712 2711/2711/2711 2710/2710/2710
f 2710/2710/2710 2713/2713/2713 2712/2712/2712
f 2713/2713/2713 2714/2714/2714 2712/2712/2712
f 2714/2714/2714 2715/2715/2715 2712/2712/2712
f 2713/2713/2713 2716/2716/2716 2714/2714/2714
f 2716/2716/2716 2717/2717/2717 2714/2714/2714
f 2718/2718/2718 2716/2716/2716 2713/2713/2713
f 2718/2718/2718 2713/2713/2713 2719/2719/2719
f 2720/2720/2720 2718/2718/2718 2719/2719/2719
f 2721/2721/2721 2720/2720/2720 2719/2719/2719
f 2721/2721/2721 2719/2719/2719 2722/2722/2722
f 2723/2723/2723 2721/2721/2721 2722/2722/2722
f 2726/2726/2726 2725/2725/2725 2724/2724/2724
f 2727/2727/2727 2726/2726/2726 2724/2724/2724
f 2728/2728/2728 2726/2726/2726 2727/2727/2727
f 2729/2729/2729 2728/2728/2728 2727/2727/2727
f 2729/2729/2729 2730/2730/2730 2728/2728/2728
f 2730/2730/2730 2731/2731/2731 2728/2728/2728
f 2732/2732/2732 2731/2731/2731 2730/2730/2730
f 2733/2733/2733 2732/2732/2732 2730/2730/2730
f 2733/2733/2733 2734/2734/2734 2732/2732/2732
f 2734/2734/2734 2735/2735/2735 2732/2732/2732
f 2734/2734/2734 2736/2736/2736 2735/2735/2735
f 2736/2736/2736 2737/2737/2737 2735/2735/2735
f 2738/2738/2738 2737/2737/2737 2736/2736/2736
f 2739/2739/2739 2738/2738/2738 2736/2736/2736
f 2740/2740/2740 2738/2738/2738 2739/2739/2739
f 2740/2740/2740 2741/2741/2741 2738/2738/2738
f 2744/2744/2744 2743/2743/2743 2742/2742/2742
f 2745/2745/2745 2744/2744/2744 2742/2742/2742
f 2748/2748/2748 2747/2747/2747 2746/2746/2746
f 2747/2747/2747 2749/2749/2749 2746/2746/2746
f 2750/2750/2750 2749/2749/2749 2747/2747/2747
f 2751/2751/2751 2750/2750/2750 2747/2747/2747
f 2752/2752/2752 2750/2750/2750 2751/2751/2751
f 2753/2753/2753 2752/2752/2752 2751/2751/2751
f 2754/2754/2754 2752/2752/2752 2753/2753/2753
f 2755/2755/2755 2754/2754/2754 2753/2753/2753
f 2755/2755/2755 2756/2756/2756 2754/2754/2754
f 2756/2756/2756 2757/2757/2757 2754/2754/2754
f 2758/2758/2758 2757/2757/2757 2756/2756/2756
f 2759/2759/2759 2758/2758/2758 2756/2756/2756
f 2759/2759/2759 2760/2760/2760 2758/2758/2758
f 2760/2760/2760 2761/2761/2761 2758/2758/2758
f 2760/2760/2760 2762/2762/2762 2761/2761/2761
f 2762/2762/2762 2763/2763/2763 2761/2761/2761
f 2764/2764/2764 2763/2763/2763 2762/2762/2762
f 2765/2765/2765 2764/2764/2764 2762/2762/2762
f 2765/2765/2765 2766/2766/2766 2764/2764/2764
f 2766/2766/2766 2767/2767/2767 2764/2764/2764
f 2766/2766/2766 2768/2768/2768 2767/2767/2767
f 2768/2768/2768 2769/2769/2769 2767/2767/2767
f 2770/2770/2770 2769/2769/2769 2768/2768/2768
f 2771/2771/2771 2770/2770/2770 2768/2768/2768
f 2771/2771/2771 2772/2772/2772 2770/2770/2770
f 2772/2772/2772 2773/2773/2773 2770/2770/2770
f 2774/2774/2774 2773/2773/2773 2772/2772/2772
f 2775/2775/2775 2774/2774/2774 2772/2772/2772
f 2778/2778/2778 2777/2777/2777 2776/2776/2776
f 2777/2777/2777 2779/2779/2779 2776/2776/2776
f 2776/2776/2776 2779/2779/2779 2780/2780/2780
f 2776/2776/2776 2780/2780/2780 2781/2781/2781
f 2781/2781/2781 2780/2780/2780 2782/2782/2782
f 2783/2783/2783 2779/2779/2779 2777/2777/2777
f 2784/2784/2784 2783/2783/2783 2777/2777/2777
f 2783/2783/2783 2785/2785/2785 2779/2779/2779
f 2785/2785/2785 2780/2780/2780 2779/2779/2779
f 2786/2786/2786 2783/2783/2783 2784/2784/2784
f 2783/2783/2783 2786/2786/2786 2785/2785/2785
f 2787/2787/2787 2786/2786/2786 2784/2784/2784
f 2786/2786/2786 2788/2788/2788 2785/2785/2785
f 2785/2785/2785 2788/2788/2788 2789/2789/2789
f 2785/2785/2785 2789/2789/2789 2780/2780/2780
f 2788/2788/2788 2790/2790/2790 2789/2789/2789
f 2780/2780/2780 2791/2791/2791 2782/2782/2782
f 2789/2789/2789 2791/2791/2791 2780/2780/2780
f 2782/2782/2782 2791/2791/2791 2792/2792/2792
f 2789/2789/2789 2790/2790/2790 2793/2793/2793
f 2789/2789/2789 2793/2793/2793 2791/2791/2791
f 2790/2790/2790 2794/2794/2794 2793/2793/2793
f 2791/2791/2791 2795/2795/2795 2792/2792/2792
f 2793/2793/2793 2795/2795/2795 2791/2791/2791
f 2792/2792/2792 2795/2795/2795 2796/2796/2796
f 2796/2796/2796 2795/2795/2795 2797/2797/2797
f 2793/2793/2793 2794/2794/2794 2798/2798/2798
f 2793/2793/2793 2798/2798/2798 2795/2795/2795
f 2794/2794/2794 2799/2799/2799 2798/2798/2798
f 2795/2795/2795 2800/2800/2800 2797/2797/2797
f 2798/2798/2798 2800/2800/2800 2795/2795/2795
f 2801/2801/2801 2800/2800/2800 2798/2798/2798
f 2802/2802/2802 2797/2797/2797 2800/2800/2800
f 2802/2802/2802 2800/2800/2800 2801/2801/2801
f 2803/2803/2803 2802/2802/2802 2801/2801/2801
f 2803/2803/2803 2801/2801/2801 2804/2804/2804
f 2805/2805/2805 2798/2798/2798 2799/2799/2799
f 2805/2805/2805 2801/2801/2801 2798/2798/2798
f 2806/2806/2806 2805/2805/2805 2799/2799/2799
f 2805/2805/2805 2806/2806/2806 2807/2807/2807
f 2805/2805/2805 2807/2807/2807 2801/2801/2801
f 2806/2806/2806 2808/2808/2808 2807/2807/2807
f 2804/2804/2804 2801/2801/2801 2809/2809/2809
f 2807/2807/2807 2809/2809/2809 2801/2801/2801
f 2809/2809/2809 2807/2807/2807 2810/2810/2810
f 2811/2811/2811 2804/2804/2804 2809/2809/2809
f 2811/2811/2811 2809/2809/2809 2812/2812/2812
f 2812/2812/2812 2809/2809/2809 2813/2813/2813
f 2809/2809/2809 2810/2810/2810 2813/2813/2813
f 2813/2813/2813 2810/2810/2810 2814/2814/2814
f 2815/2815/2815 2814/2814/2814 2810/2810/2810
f 2815/2815/2815 2810/2810/2810 2816/2816/2816
f 2807/2807/2807 2808/2808/2808 2817/2817/2817
f 2807/2807/2807 2817/2817/2817 2810/2810/2810
f 2808/2808/2808 2818/2818/2818 2817/2817/2817
f 2810/2810/2810 2819/2819/2819 2816/2816/2816
f 2810/2810/2810 2817/2817/2817 2819/2819/2819
f 2817/2817/2817 2818/2818/2818 2820/2820/2820
f 2817/2817/2817 2820/2820/2820 2819/2819/2819
f 2818/2818/2818 2821/2821/2821 2820/2820/2820
f 2816/2816/2816 2819/2819/2819 2822/2822/2822
f 2819/2819/2819 2820/2820/2820 2822/2822/2822
f 2823/2823/2823 2816/2816/2816 2822/2822/2822
f 2823/2823/2823 2822/2822/2822 2824/2824/2824
f 2820/2820/2820 2825/2825/2825 2822/2822/2822
f 2820/2820/2820 2821/2821/2821 2825/2825/2825
f 2821/2821/2821 2826/2826/2826 2825/2825/2825
f 2827/2827/2827 2825/2825/2825 2826/2826/2826
f 2822/2822/2822 2825/2825/2825 2827/2827/2827
f 2822/2822/2822 2828/2828/2828 2824/2824/2824
f 2829/2829/2829 2824/2824/2824 2828/2828/2828
f 2830/2830/2830 2828/2828/2828 2822/2822/2822
f 2830/2830/2830 2831/2831/2831 2828/2828/2828
f 2828/2828/2828 2831/2831/2831 2832/2832/2832
f 2831/2831/2831 2833/2833/2833 2832/2832/2832
f 2834/2834/2834 2832/2832/2832 2833/2833/2833
f 2835/2835/2835 2830/2830/2830 2822/2822/2822
f 2836/2836/2836 2834/2834/2834 2833/2833/2833
f 2836/2836/2836 2837/2837/2837 2834/2834/2834
f 2838/2838/2838 2836/2836/2836 2833/2833/2833
f 2836/2836/2836 2838/2838/2838 2839/2839/2839
f 2838/2838/2838 2840/2840/2840 2839/2839/2839
f 2840/2840/2840 2841/2841/2841 2839/2839/2839
f 2839/2839/2839 2841/2841/2841 2842/2842/2842
f 2841/2841/2841 2843/2843/2843 2842/2842/2842
f 2844/2844/2844 2835/2835/2835 2822/2822/2822
f 2844/2844/2844 2822/2822/2822 2845/2845/2845
f 2846/2846/2846 2844/2844/2844 2845/2845/2845
f 2845/2845/2845 2822/2822/2822 2827/2827/2827
f 2847/2847/2847 2845/2845/2845 2827/2827/2827
f 2848/2848/2848 2847/2847/2847 2827/2827/2827
f 2844/2844/2844 2849/2849/2849 2835/2835/2835
f 2849/2849/2849 2850/2850/2850 2835/2835/2835
f 2850/2850/2850 2849/2849/2849 2851/2851/2851
f 2851/2851/2851 2849/2849/2849 2852/2852/2852
f 2852/2852/2852 2849/2849/2849 2853/2853/2853
f 2849/2849/2849 2854/2854/2854 2853/2853/2853
f 2854/2854/2854 2855/2855/2855 2853/2853/2853
f 2854/2854/2854 2856/2856/2856 2855/2855/2855
f 2856/2856/2856 2857/2857/2857 2855/2855/2855
f 2857/2857/2857 2856/2856/2856 2858/2858/2858
f 2856/2856/2856 2859/2859/2859 2858/2858/2858
f 2858/2858/2858 2859/2859/2859 2860/2860/2860
f 2859/2859/2859 2861/2861/2861 2860/2860/2860
f 2861/2861/2861 2862/2862/2862 2860/2860/2860
f 2861/2861/2861 2863/2863/2863 2862/2862/2862
f 2861/2861/2861 2864/2864/2864 2863/2863/2863
f 2864/2864/2864 2861/2861/2861 2843/2843/2843
f 2861/2861/2861 2865/2865/2865 2843/2843/2843
f 2843/2843/2843 2865/2865/2865 2842/2842/2842
f 2842/2842/2842 2865/2865/2865 2866/2866/2866
f 2865/2865/2865 2867/2867/2867 2866/2866/2866
f 2868/2868/2868 2842/2842/2842 2866/2866/2866
f 2868/2868/2868 2866/2866/2866 2869/2869/2869
f 2866/2866/2866 2870/2870/2870 2869/2869/2869
f 2873/2873/2873 2872/2872/2872 2871/2871/2871
f 2872/2872/2872 2874/2874/2874 2871/2871/2871
f 2874/2874/2874 2875/2875/2875 2871/2871/2871
f 2875/2875/2875 2876/2876/2876 2871/2871/2871
f 2879/2879/2879 2878/2878/2878 2877/2877/2877
f 2878/2878/2878 2880/2880/2880 2877/2877/2877
f 2877/2877/2877 2880/2880/2880 2881/2881/2881
f 2882/2882/2882 2877/2877/2877 2881/2881/2881
f 2882/2882/2882 2881/2881/2881 2883/2883/2883
f 2881/2881/2881 2884/2884/2884 2883/2883/2883
f 2885/2885/2885 2883/2883/2883 2884/2884/2884
f 2886/2886/2886 2885/2885/2885 2884/2884/2884
f 2886/2886/2886 2887/2887/2887 2885/2885/2885
f 2887/2887/2887 2888/2888/2888 2885/2885/2885
f 2889/2889/2889 2888/2888/2888 2887/2887/2887
f 2890/2890/2890 2889/2889/2889 2887/2887/2887
f 2890/2890/2890 2891/2891/2891 2889/2889/2889
f 2891/2891/2891 2892/2892/2892 2889/2889/2889
f 2895/2895/2895 2894/2894/2894 2893/2893/2893
f 2893/2893/2893 2894/2894/2894 2896/2896/2896
f 2896/2896/2896 2894/2894/2894 2897/2897/2897
f 2894/2894/2894 2898/2898/2898 2897/2897/2897
f 2896/2896/2896 2897/2897/2897 2899/2899/2899
f 2900/2900/2900 2896/2896/2896 2899/2899/2899
f 2900/2900/2900 2899/2899/2899 2901/2901/2901
f 2902/2902/2902 2900/2900/2900 2901/2901/2901
f 2902/2902/2902 2903/2903/2903 2900/2900/2900
f 2902/2902/2902 2904/2904/2904 2903/2903/2903
f 2907/2907/2907 2906/2906/2906 2905/2905/2905
f 2906/2906/2906 2907/2907/2907 2908/2908/2908
f 2907/2907/2907 2909/2909/2909 2908/2908/2908
f 2906/2906/2906 2908/2908/2908 2910/2910/2910
f 2911/2911/2911 2906/2906/2906 2910/2910/2910
f 2912/2912/2912 2911/2911/2911 2910/2910/2910
f 2912/2912/2912 2910/2910/2910 2913/2913/2913
f 2914/2914/2914 2912/2912/2912 2913/2913/2913
f 2915/2915/2915 2914/2914/2914 2913/2913/2913
f 2916/2916/2916 2915/2915/2915 2913/2913/2913
f 2917/2917/2917 2916/2916/2916 2913/2913/2913
f 2917/2917/2917 2918/2918/2918 2916/2916/2916
f 2918/2918/2918 2919/2919/2919 2916/2916/2916
f 2916/2916/2916 2919/2919/2919 2920/2920/2920
f 2923/2923/2923 2922/2922/2922 2921/2921/2921
f 2924/2924/2924 2923/2923/2923 2921/2921/2921
f 2925/2925/2925 2923/2923/2923 2924/2924/2924
f 2926/2926/2926 2925/2925/2925 2924/2924/2924
f 2925/2925/2925 2926/2926/2926 2927/2927/2927
f 2928/2928/2928 2925/2925/2925 2927/2927/2927
f 2928/2928/2928 2927/2927/2927 2929/2929/2929
f 2930/2930/2930 2928/2928/2928 2929/2929/2929
f 2933/2933/2933 2932/2932/2932 2931/2931/2931
f 2934/2934/2934 2933/2933/2933 2931/2931/2931
f 2934/2934/2934 2931/2931/2931 2935/2935/2935
f 2931/2931/2931 2936/2936/2936 2935/2935/2935
f 2937/2937/2937 2936/2936/2936 2931/2931/2931
f 2938/2938/2938 2937/2937/2937 2931/2931/2931
f 2941/2941/2941 2940/2940/2940 2939/2939/2939
f 2940/2940/2940 2942/2942/2942 2939/2939/2939
f 2942/2942/2942 2940/2940/2940 2943/2943/2943
f 2944/2944/2944 2942/2942/2942 2943/2943/2943
f 2942/2942/2942 2944/2944/2944 2945/2945/2945
f 2939/2939/2939 2942/2942/2942 2946/2946/2946
f 2946/2946/2946 2942/2942/2942 2945/2945/2945
f 2947/2947/2947 2939/2939/2939 2946/2946/2946
f 2947/2947/2947 2946/2946/2946 2948/2948/2948
f 2946/2946/2946 2945/2945/2945 2949/2949/2949
f 2946/2946/2946 2949/2949/2949 2948/2948/2948
f 2945/2945/2945 2950/2950/2950 2949/2949/2949
f 2950/2950/2950 2951/2951/2951 2949/2949/2949
f 2949/2949/2949 2952/2952/2952 2948/2948/2948
f 2951/2951/2951 2952/2952/2952 2949/2949/2949
f 2952/2952/2952 2953/2953/2953 2948/2948/2948
f 2954/2954/2954 2953/2953/2953 2952/2952/2952
f 2955/2955/2955 2952/2952/2952 2951/2951/2951
f 2955/2955/2955 2954/2954/2954 2952/2952/2952
f 2956/2956/2956 2955/2955/2955 2951/2951/2951
f 2955/2955/2955 2956/2956/2956 2957/2957/2957
f 2958/2958/2958 2955/2955/2955 2957/2957/2957
f 2955/2955/2955 2958/2958/2958 2954/2954/2954
f 2958/2958/2958 2959/2959/2959 2954/2954/2954
f 2962/2962/2962 2961/2961/2961 2960/2960/2960
f 2963/2963/2963 2962/2962/2962 2960/2960/2960
f 2964/2964/2964 2962/2962/2962 2963/2963/2963
f 2964/2964/2964 2965/2965/2965 2962/2962/2962
f 2965/2965/2965 2966/2966/2966 2962/2962/2962
f 2967/2967/2967 2966/2966/2966 2965/2965/2965
f 2964/2964/2964 2968/2968/2968 2965/2965/2965
f 2964/2964/2964 2969/2969/2969 2968/2968/2968
f 2970/2970/2970 2967/2967/2967 2965/2965/2965
f 2971/2971/2971 2967/2967/2967 2970/2970/2970
f 2972/2972/2972 2971/2971/2971 2970/2970/2970
f 2973/2973/2973 2971/2971/2971 2972/2972/2972
f 2974/2974/2974 2973/2973/2973 2972/2972/2972
f 2975/2975/2975 2973/2973/2973 2974/2974/2974
f 2976/2976/2976 2975/2975/2975 2974/2974/2974
f 2977/2977/2977 2975/2975/2975 2976/2976/2976
f 2978/2978/2978 2977/2977/2977 2976/2976/2976
f 2979/2979/2979 2977/2977/2977 2978/2978/2978
f 2980/2980/2980 2979/2979/2979 2978/2978/2978
f 2981/2981/2981 2979/2979/2979 2980/2980/2980
f 2982/2982/2982 2981/2981/2981 2980/2980/2980
f 2983/2983/2983 2981/2981/2981 2982/2982/2982
f 2984/2984/2984 2983/2983/2983 2982/2982/2982
f 2983/2983/2983 2984/2984/2984 2985/2985/2985
f 2986/2986/2986 2983/2983/2983 2985/2985/2985
f 2986/2986/2986 2985/2985/2985 2987/2987/2987
f 2988/2988/2988 2986/2986/2986 2987/2987/2987
f 2988/2988/2988 2987/2987/2987 2989/2989/2989
f 2990/2990/2990 2988/2988/2988 2989/2989/2989
f 2990/2990/2990 2989/2989/2989 2991/2991/2991
f 2992/2992/2992 2990/2990/2990 2991/2991/2991
f 2992/2992/2992 2991/2991/2991 2993/2993/2993
f 2994/2994/2994 2992/2992/2992 2993/2993/2993
f 2994/2994/2994 2993/2993/2993 2995/2995/2995
f 2996/2996/2996 2994/2994/2994 2995/2995/2995
f 2996/2996/2996 2995/2995/2995 2997/2997/2997
f 2998/2998/2998 2996/2996/2996 2997/2997/2997
f 2998/2998/2998 2997/2997/2997 2999/2999/2999
f 3000/3000/3000 2998/2998/2998 2999/2999/2999
f 3000/3000/3000 2999/2999/2999 3001/3001/3001
f 2999/2999/2999 3002/3002/3002 3001/3001/3001
f 3003/3003/3003 3002/3002/3002 2999/2999/2999
f 3004/3004/3004 3002/3002/3002 3003/3003/3003
f 3001/3001/3001 3002/3002/3002 3005/3005/3005
f 3001/3001/3001 3005/3005/3005 3006/3006/3006
f 3007/3007/3007 3001/3001/3001 3006/3006/3006
f 3010/3010/3010 3009/3009/3009 3008/3008/3008
f 3011/3011/3011 3010/3010/3010 3008/3008/3008
f 3011/3011/3011 3008/3008/3008 3012/3012/3012
f 3013/3013/3013 3011/3011/3011 3012/3012/3012
f 3016/3016/3016 3015/3015/3015 3014/3014/3014
f 3017/3017/3017 3016/3016/3016 3014/3014/3014
f 3020/3020/3020 3019/3019/3019 3018/3018/3018
f 3020/3020/3020 3018/3018/3018 3021/3021/3021
f 3022/3022/3022 3020/3020/3020 3021/3021/3021
f 3025/3025/3025 3024/3024/3024 3023/3023/3023
f 3026/3026/3026 3025/3025/3025 3023/3023/3023
f 3026/3026/3026 3023/3023/3023 3027/3027/3027
f 3030/3030/3030 3029/3029/3029 3028/3028/3028
f 3029/3029/3029 3031/3031/3031 3028/3028/3028
f 3028/3028/3028 3031/3031/3031 3032/3032/3032
f 3031/3031/3031 3033/3033/3033 3032/3032/3032
f 3036/3036/3036 3035/3035/3035 3034/3034/3034
f 3037/3037/3037 3036/3036/3036 3034/3034/3034
f 3040/3040/3040 3039/3039/3039 3038/3038/3038
f 3041/3041/3041 3040/3040/3040 3038/3038/3038
f 3042/3042/3042 3041/3041/3041 3038/3038/3038
f 3043/3043/3043 3042/3042/3042 3038/3038/3038
f 3044/3044/3044 3042/3042/3042 3043/3043/3043
f 3044/3044/3044 3043/3043/3043 3045/3045/3045
f 3048/3048/3048 3047/3047/3047 3046/3046/3046
f 3049/3049/3049 3048/3048/3048 3046/3046/3046
f 3050/3050/3050 3048/3048/3048 3049/3049/3049
f 3051/3051/3051 3050/3050/3050 3049/3049/3049
f 3050/3050/3050 3051/3051/3051 3052/3052/3052
f 3053/3053/3053 3050/3050/3050 3052/3052/3052
f 3053/3053/3053 3052/3052/3052 3054/3054/3054
f 3052/3052/3052 3055/3055/3055 3054/3054/3054
f 3054/3054/3054 3055/3055/3055 3056/3056/3056
f 3055/3055/3055 3057/3057/3057 3056/3056/3056
f 3060/3060/3060 3059/3059/3059 3058/3058/3058
f 3061/3061/3061 3060/3060/3060 3058/3058/3058
f 3064/3064/3064 3063/3063/3063 3062/3062/3062
f 3063/3063/3063 3065/3065/3065 3062/3062/3062
f 3062/3062/3062 3065/3065/3065 3066/3066/3066
f 3065/3065/3065 3067/3067/3067 3066/3066/3066
f 3066/3066/3066 3067/3067/3067 3068/3068/3068
f 3067/3067/3067 3069/3069/3069 3068/3068/3068
f 3068/3068/3068 3069/3069/3069 3070/3070/3070
f 3069/3069/3069 3071/3071/3071 3070/3070/3070
f 3070/3070/3070 3071/3071/3071 3072/3072/3072
f 3067/3067/3067 3073/3073/3073 3069/3069/3069
f 3073/3073/3073 3074/3074/3074 3069/3069/3069
f 3069/3069/3069 3074/3074/3074 3071/3071/3071
f 3075/3075/3075 3073/3073/3073 3067/3067/3067
f 3065/3065/3065 3075/3075/3075 3067/3067/3067
f 3074/3074/3074 3076/3076/3076 3071/3071/3071
f 3065/3065/3065 3077/3077/3077 3075/3075/3075
f 3065/3065/3065 3063/3063/3063 3077/3077/3077
f 3077/3077/3077 3078/3078/3078 3075/3075/3075
f 3079/3079/3079 3078/3078/3078 3077/3077/3077
f 3080/3080/3080 3079/3079/3079 3077/3077/3077
f 3080/3080/3080 3077/3077/3077 3063/3063/3063
f 3081/3081/3081 3080/3080/3080 3063/3063/3063
f 3071/3071/3071 3076/3076/3076 3082/3082/3082
f 3071/3071/3071 3082/3082/3082 3072/3072/3072
f 3076/3076/3076 3083/3083/3083 3082/3082/3082
f 3072/3072/3072 3082/3082/3082 3084/3084/3084
f 3072/3072/3072 3084/3084/3084 3085/3085/3085
f 3082/3082/3082 3083/3083/3083 3086/3086/3086
f 3082/3082/3082 3086/3086/3086 3084/3084/3084
f 3083/3083/3083 3087/3087/3087 3086/3086/3086
f 3088/3088/3088 3084/3084/3084 3086/3086/3086
f 3088/3088/3088 3086/3086/3086 3087/3087/3087
f 3089/3089/3089 3088/3088/3088 3087/3087/3087
f 3092/3092/3092 3091/3091/3091 3090/3090/3090
f 3093/3093/3093 3090/3090/3090 3091/3091/3091
f 3093/3093/3093 3094/3094/3094 3090/3090/3090
f 3094/3094/3094 3095/3095/3095 3090/3090/3090
f 3096/3096/3096 3094/3094/3094 3093/3093/3093
f 3097/3097/3097 3096/3096/3096 3093/3093/3093
f 3097/3097/3097 3098/3098/3098 3096/3096/3096
f 3094/3094/3094 3099/3099/3099 3095/3095/3095
f 3095/3095/3095 3099/3099/3099 3100/3100/3100
f 3101/3101/3101 3095/3095/3095 3100/3100/3100
f 3104/3104/3104 3103/3103/3103 3102/3102/3102
f 3105/3105/3105 3104/3104/3104 3102/3102/3102
f 3106/3106/3106 3104/3104/3104 3105/3105/3105
f 3107/3107/3107 3106/3106/3106 3105/3105/3105
f 3108/3108/3108 3106/3106/3106 3107/3107/3107
f 3109/3109/3109 3108/3108/3108 3107/3107/3107
f 3108/3108/3108 3109/3109/3109 3110/3110/3110
f 3111/3111/3111 3108/3108/3108 3110/3110/3110
f 3111/3111/3111 3110/3110/3110 3112/3112/3112
f 3113/3113/3113 3111/3111/3111 3112/3112/3112
f 3113/3113/3113 3112/3112/3112 3114/3114/3114
f 3115/3115/3115 3113/3113/3113 3114/3114/3114
f 3118/3118/3118 3117/3117/3117 3116/3116/3116
f 3119/3119/3119 3118/3118/3118 3116/3116/3116
f 3120/3120/3120 3118/3118/3118 3119/3119/3119
f 3121/3121/3121 3120/3120/3120 3119/3119/3119
f 3122/3122/3122 3120/3120/3120 3121/3121/3121
f 3123/3123/3123 3122/3122/3122 3121/3121/3121
f 3122/3122/3122 3123/3123/3123 3124/3124/3124
f 3125/3125/3125 3122/3122/3122 3124/3124/3124
f 3125/3125/3125 3124/3124/3124 3126/3126/3126
f 3127/3127/3127 3125/3125/3125 3126/3126/3126
f 3127/3127/3127 3126/3126/3126 3128/3128/3128
f 3129/3129/3129 3127/3127/3127 3128/3128/3128
f 3132/3132/3132 3131/3131/3131 3130/3130/3130
f 3133/3133/3133 3132/3132/3132 3130/3130/3130
f 3132/3132/3132 3133/3133/3133 3134/3134/3134
f 3135/3135/3135 3132/3132/3132 3134/3134/3134
f 3136/3136/3136 3132/3132/3132 3135/3135/3135
f 3137/3137/3137 3136/3136/3136 3135/3135/3135
f 3138/3138/3138 3136/3136/3136 3137/3137/3137
f 3139/3139/3139 3138/3138/3138 3137/3137/3137
f 3138/3138/3138 3139/3139/3139 3140/3140/3140
f 3141/3141/3141 3138/3138/3138 3140/3140/3140
f 3141/3141/3141 3140/3140/3140 3142/3142/3142
f 3143/3143/3143 3141/3141/3141 3142/3142/3142
f 3143/3143/3143 3142/3142/3142 3144/3144/3144
f 3145/3145/3145 3143/3143/3143 3144/3144/3144
f 3143/3143/3143 3145/3145/3145 3146/3146/3146
f 3147/3147/3147 3143/3143/3143 3146/3146/3146
f 3150/3150/3150 3149/3149/3149 3148/3148/3148
f 3151/3151/3151 3150/3150/3150 3148/3148/3148
f 3152/3152/3152 3150/3150/3150 3151/3151/3151
f 3153/3153/3153 3152/3152/3152 3151/3151/3151
f 3154/3154/3154 3152/3152/3152 3153/3153/3153
f 3155/3155/3155 3154/3154/3154 3153/3153/3153
f 3154/3154/3154 3155/3155/3155 3156/3156/3156
f 3157/3157/3157 3154/3154/3154 3156/3156/3156
f 3157/3157/3157 3156/3156/3156 3158/3158/3158
f 3159/3159/3159 3157/3157/3157 3158/3158/3158
f 3159/3159/3159 3158/3158/3158 3160/3160/3160
f 3161/3161/3161 3159/3159/3159 3160/3160/3160
f 3164/3164/3164 3163/3163/3163 3162/3162/3162
f 3165/3165/3165 3164/3164/3164 3162/3162/3162
f 3165/3165/3165 3162/3162/3162 3166/3166/3166
f 3167/3167/3167 3164/3164/3164 3165/3165/3165
f 3168/3168/3168 3165/3165/3165 3166/3166/3166
f 3169/3169/3169 3167/3167/3167 3165/3165/3165
f 3169/3169/3169 3165/3165/3165 3168/3168/3168
f 3170/3170/3170 3169/3169/3169 3168/3168/3168
f 3171/3171/3171 3167/3167/3167 3169/3169/3169
f 3172/3172/3172 3169/3169/3169 3170/3170/3170
f 3172/3172/3172 3171/3171/3171 3169/3169/3169
f 3173/3173/3173 3172/3172/3172 3170/3170/3170
f 3172/3172/3172 3173/3173/3173 3174/3174/3174
f 3171/3171/3171 3172/3172/3172 3175/3175/3175
f 3175/3175/3175 3172/3172/3172 3174/3174/3174
f 3176/3176/3176 3171/3171/3171 3175/3175/3175
f 3175/3175/3175 3174/3174/3174 3177/3177/3177
f 3176/3176/3176 3175/3175/3175 3178/3178/3178
f 3178/3178/3178 3175/3175/3175 3177/3177/3177
f 3178/3178/3178 3177/3177/3177 3179/3179/3179
f 3180/3180/3180 3176/3176/3176 3178/3178/3178
f 3181/3181/3181 3178/3178/3178 3179/3179/3179
f 3180/3180/3180 3178/3178/3178 3181/3181/3181
f 3182/3182/3182 3180/3180/3180 3181/3181/3181
f 3185/3185/3185 3184/3184/3184 3183/3183/3183
f 3186/3186/3186 3185/3185/3185 3183/3183/3183
f 3187/3187/3187 3185/3185/3185 3186/3186/3186
f 3188/3188/3188 3187/3187/3187 3186/3186/3186
f 3189/3189/3189 3187/3187/3187 3188/3188/3188
f 3190/3190/3190 3189/3189/3189 3188/3188/3188
f 3189/3189/3189 3190/3190/3190 3191/3191/3191
f 3192/3192/3192 3189/3189/3189 3191/3191/3191
f 3192/3192/3192 3191/3191/3191 3193/3193/3193
f 3194/3194/3194 3192/3192/3192 3193/3193/3193
f 3194/3194/3194 3193/3193/3193 3195/3195/3195
f 3196/3196/3196 3194/3194/3194 3195/3195/3195
f 3199/3199/3199 3198/3198/3198 3197/3197/3197
f 3200/3200/3200 3199/3199/3199 3197/3197/3197
f 3201/3201/3201 3199/3199/3199 3200/3200/3200
f 3202/3202/3202 3201/3201/3201 3200/3200/3200
f 3203/3203/3203 3201/3201/3201 3202/3202/3202
f 3204/3204/3204 3203/3203/3203 3202/3202/3202
f 3203/3203/3203 3204/3204/3204 3205/3205/3205
f 3206/3206/3206 3203/3203/3203 3205/3205/3205
f 3206/3206/3206 3205/3205/3205 3207/3207/3207
f 3208/3208/3208 3206/3206/3206 3207/3207/3207
f 3208/3208/3208 3207/3207/3207 3209/3209/3209
f 3210/3210/3210 3208/3208/3208 3209/3209/3209
f 3213/3213/3213 3212/3212/3212 3211/3211/3211
f 3214/3214/3214 3213/3213/3213 3211/3211/3211
f 3215/3215/3215 3213/3213/3213 3214/3214/3214
f 3216/3216/3216 3215/3215/3215 3214/3214/3214
f 3217/3217/3217 3215/3215/3215 3216/3216/3216
f 3218/3218/3218 3217/3217/3217 3216/3216/3216
f 3217/3217/3217 3218/3218/3218 3219/3219/3219
f 3220/3220/3220 3217/3217/3217 3219/3219/3219
f 3220/3220/3220 3219/3219/3219 3221/3221/3221
f 3222/3222/3222 3220/3220/3220 3221/3221/3221
f 3222/3222/3222 3221/3221/3221 3223/3223/3223
f 3224/3224/3224 3222/3222/3222 3223/3223/3223
f 3227/3227/3227 3226/3226/3226 3225/3225/3225
f 3228/3228/3228 3227/3227/3227 3225/3225/3225
f 3227/3227/3227 3228/3228/3228 3229/3229/3229
f 3230/3230/3230 3227/3227/3227 3229/3229/3229
f 3231/3231/3231 3227/3227/3227 3230/3230/3230
f 3232/3232/3232 3231/3231/3231 3230/3230/3230
f 3233/3233/3233 3231/3231/3231 3232/3232/3232
f 3234/3234/3234 3233/3233/3233 3232/3232/3232
f 3233/3233/3233 3234/3234/3234 3235/3235/3235
f 3236/3236/3236 3233/3233/3233 3235/3235/3235
f 3236/3236/3236 3235/3235/3235 3237/3237/3237
f 3238/3238/3238 3236/3236/3236 3237/3237/3237
f 3238/3238/3238 3237/3237/3237 3239/3239/3239
f 3240/3240/3240 3238/3238/3238 3239/3239/3239
f 3238/3238/3238 3240/3240/3240 3241/3241/3241
f 3242/3242/3242 3238/3238/3238 3241/3241/3241
f 3245/3245/3245 3244/3244/3244 3243/3243/3243
f 3246/3246/3246 3245/3245/3245 3243/3243/3243
f 3247/3247/3247 3245/3245/3245 3246/3246/3246
f 3248/3248/3248 3247/3247/3247 3246/3246/3246
f 3249/3249/3249 3247/3247/3247 3248/3248/3248
f 3250/3250/3250 3249/3249/3249 3248/3248/3248
f 3249/3249/3249 3250/3250/3250 3251/3251/3251
f 3252/3252/3252 3249/3249/3249 3251/3251/3251
f 3252/3252/3252 3251/3251/3251 3253/3253/3253
f 3254/3254/3254 3252/3252/3252 3253/3253/3253
f 3254/3254/3254 3253/3253/3253 3255/3255/3255
f 3256/3256/3256 3254/3254/3254 3255/3255/3255
f 3259/3259/3259 3258/3258/3258 3257/3257/3257
f 3260/3260/3260 3259/3259/3259 3257/3257/3257
f 3260/3260/3260 3257/3257/3257 3261/3261/3261
f 3262/3262/3262 3259/3259/3259 3260/3260/3260
f 3263/3263/3263 3260/3260/3260 3261/3261/3261
f 3264/3264/3264 3262/3262/3262 3260/3260/3260
f 3264/3264/3264 3260/3260/3260 3263/3263/3263
f 3265/3265/3265 3264/3264/3264 3263/3263/3263
f 3266/3266/3266 3262/3262/3262 3264/3264/3264
f 3267/3267/3267 3264/3264/3264 3265/3265/3265
f 3267/3267/3267 3266/3266/3266 3264/3264/3264
f 3268/3268/3268 3267/3267/3267 3265/3265/3265
f 3267/3267/3267 3268/3268/3268 3269/3269/3269
f 3266/3266/3266 3267/3267/3267 3270/3270/3270
f 3270/3270/3270 3267/3267/3267 3269/3269/3269
f 3271/3271/3271 3266/3266/3266 3270/3270/3270
f 3270/3270/3270 3269/3269/3269 3272/3272/3272
f 3271/3271/3271 3270/3270/3270 3273/3273/3273
f 3273/3273/3273 3270/3270/3270 3272/3272/3272
f 3273/3273/3273 3272/3272/3272 3274/3274/3274
f 3275/3275/3275 3271/3271/3271 3273/3273/3273
f 3276/3276/3276 3273/3273/3273 3274/3274/3274
f 3275/3275/3275 3273/3273/3273 3276/3276/3276
f 3277/3277/3277 3275/3275/3275 3276/3276/3276
f 3280/3280/3280 3279/3279/3279 3278/3278/3278
f 3281/3281/3281 3280/3280/3280 3278/3278/3278
f 3282/3282/3282 3280/3280/3280 3281/3281/3281
f 3283/3283/3283 3282/3282/3282 3281/3281/3281
f 3284/3284/3284 3282/3282/3282 3283/3283/3283
f 3285/3285/3285 3284/3284/3284 3283/3283/3283
f 3284/3284/3284 3285/3285/3285 3286/3286/3286
f 3287/3287/3287 3284/3284/3284 3286/3286/3286
f 3287/3287/3287 3286/3286/3286 3288/3288/3288
f 3289/3289/3289 3287/3287/3287 3288/3288/3288
f 3289/3289/3289 3288/3288/3288 3290/3290/3290
f 3291/3291/3291 3289/3289/3289 3290/3290/3290
f 3294/3294/3294 3293/3293/3293 3292/3292/3292
f 3295/3295/3295 3293/3293/3293 3294/3294/3294
f 3296/3296/3296 3293/3293/3293 3295/3295/3295
f 3296/3296/3296 3297/3297/3297 3293/3293/3293
f 3298/3298/3298 3296/3296/3296 3295/3295/3295
f 3299/3299/3299 3296/3296/3296 3298/3298/3298
f 3302/3302/3302 3301/3301/3301 3300/3300/3300
f 3303/3303/3303 3302/3302/3302 3300/3300/3300
f 3304/3304/3304 3302/3302/3302 3303/3303/3303
f 3305/3305/3305 3304/3304/3304 3303/3303/3303
f 3306/3306/3306 3304/3304/3304 3305/3305/3305
f 3307/3307/3307 3306/3306/3306 3305/3305/3305
f 3308/3308/3308 3306/3306/3306 3307/3307/3307
f 3309/3309/3309 3308/3308/3308 3307/3307/3307
f 3312/3312/3312 3311/3311/3311 3310/3310/3310
f 3312/3312/3312 3313/3313/3313 3311/3311/3311
f 3312/3312/3312 3314/3314/3314 3313/3313/3313
f 3315/3315/3315 3314/3314/3314 3312/3312/3312
f 3314/3314/3314 3316/3316/3316 3313/3313/3313
f 3314/3314/3314 3317/3317/3317 3316/3316/3316
f 3320/3320/3320 3319/3319/3319 3318/3318/3318
f 3319/3319/3319 3321/3321/3321 3318/3318/3318
f 3319/3319/3319 3322/3322/3322 3321/3321/3321
f 3322/3322/3322 3323/3323/3323 3321/3321/3321
f 3322/3322/3322 3324/3324/3324 3323/3323/3323
f 3324/3324/3324 3325/3325/3325 3323/3323/3323
f 3324/3324/3324 3326/3326/3326 3325/3325/3325
f 3326/3326/3326 3327/3327/3327 3325/3325/3325
f 3330/3330/3330 3329/3329/3329 3328/3328/3328
f 3330/3330/3330 3331/3331/3331 3329/3329/3329
f 3330/3330/3330 3332/3332/3332 3331/3331/3331
f 3333/3333/3333 3332/3332/3332 3330/3330/3330
f 3332/3332/3332 3334/3334/3334 3331/3331/3331
f 3332/3332/3332 3335/3335/3335 3334/3334/3334
f 3338/3338/3338 3337/3337/3337 3336/3336/3336
f 3337/3337/3337 3339/3339/3339 3336/3336/3336
f 3337/3337/3337 3340/3340/3340 3339/3339/3339
f 3340/3340/3340 3341/3341/3341 3339/3339/3339
f 3340/3340/3340 3342/3342/3342 3341/3341/3341
f 3342/3342/3342 3343/3343/3343 3341/3341/3341
f 3342/3342/3342 3344/3344/3344 3343/3343/3343
f 3344/3344/3344 3345/3345/3345 3343/3343/3343
f 3348/3348/3348 3347/3347/3347 3346/3346/3346
f 3349/3349/3349 3347/3347/3347 3348/3348/3348
f 3350/3350/3350 3347/3347/3347 3349/3349/3349
f 3350/3350/3350 3351/3351/3351 3347/3347/3347
f 3352/3352/3352 3350/3350/3350 3349/3349/3349
f 3353/3353/3353 3350/3350/3350 3352/3352/3352
f 3356/3356/3356 3355/3355/3355 3354/3354/3354
f 3357/3357/3357 3356/3356/3356 3354/3354/3354
f 3358/3358/3358 3356/3356/3356 3357/3357/3357
f 3359/3359/3359 3358/3358/3358 3357/3357/3357
f 3360/3360/3360 3358/3358/3358 3359/3359/3359
f 3361/3361/3361 3360/3360/3360 3359/3359/3359
f 3362/3362/3362 3360/3360/3360 3361/3361/3361
f 3363/3363/3363 3362/3362/3362 3361/3361/3361
f 3366/3366/3366 3365/3365/3365 3364/3364/3364
f 3367/3367/3367 3366/3366/3366 3364/3364/3364
f 3367/3367/3367 3364/3364/3364 3368/3368/3368
f 3369/3369/3369 3366/3366/3366 3367/3367/3367
f 3370/3370/3370 3367/3367/3367 3368/3368/3368
f 3370/3370/3370 3368/3368/3368 3371/3371/3371
f 3372/3372/3372 3369/3369/3369 3367/3367/3367
f 3372/3372/3372 3367/3367/3367 3370/3370/3370
f 3369/3369/3369 3372/3372/3372 3373/3373/3373
f 3374/3374/3374 3370/3370/3370 3371/3371/3371
f 3374/3374/3374 3371/3371/3371 3375/3375/3375
f 3372/3372/3372 3376/3376/3376 3373/3373/3373
f 3373/3373/3373 3376/3376/3376 3377/3377/3377
f 3378/3378/3378 3372/3372/3372 3370/3370/3370
f 3378/3378/3378 3370/3370/3370 3374/3374/3374
f 3372/3372/3372 3378/3378/3378 3376/3376/3376
f 3379/3379/3379 3374/3374/3374 3375/3375/3375
f 3379/3379/3379 3375/3375/3375 3380/3380/3380
f 3376/3376/3376 3381/3381/3381 3377/3377/3377
f 3377/3377/3377 3381/3381/3381 3382/3382/3382
f 3383/3383/3383 3378/3378/3378 3374/3374/3374
f 3383/3383/3383 3374/3374/3374 3379/3379/3379
f 3378/3378/3378 3384/3384/3384 3376/3376/3376
f 3376/3376/3376 3384/3384/3384 3381/3381/3381
f 3378/3378/3378 3383/3383/3383 3384/3384/3384
f 3385/3385/3385 3379/3379/3379 3380/3380/3380
f 3385/3385/3385 3380/3380/3380 3386/3386/3386
f 3381/3381/3381 3387/3387/3387 3382/3382/3382
f 3382/3382/3382 3387/3387/3387 3388/3388/3388
f 3384/3384/3384 3389/3389/3389 3381/3381/3381
f 3381/3381/3381 3389/3389/3389 3387/3387/3387
f 3390/3390/3390 3383/3383/3383 3379/3379/3379
f 3390/3390/3390 3379/3379/3379 3385/3385/3385
f 3383/3383/3383 3391/3391/3391 3384/3384/3384
f 3384/3384/3384 3391/3391/3391 3389/3389/3389
f 3383/3383/3383 3390/3390/3390 3391/3391/3391
f 3392/3392/3392 3385/3385/3385 3386/3386/3386
f 3392/3392/3392 3386/3386/3386 3393/3393/3393
f 3387/3387/3387 3394/3394/3394 3388/3388/3388
f 3388/3388/3388 3394/3394/3394 3395/3395/3395
f 3389/3389/3389 3396/3396/3396 3387/3387/3387
f 3387/3387/3387 3396/3396/3396 3394/3394/3394
f 3391/3391/3391 3397/3397/3397 3389/3389/3389
f 3389/3389/3389 3397/3397/3397 3396/3396/3396
f 3398/3398/3398 3390/3390/3390 3385/3385/3385
f 3398/3398/3398 3385/3385/3385 3392/3392/3392
f 3390/3390/3390 3399/3399/3399 3391/3391/3391
f 3391/3391/3391 3399/3399/3399 3397/3397/3397
f 3390/3390/3390 3398/3398/3398 3399/3399/3399
f 3400/3400/3400 3392/3392/3392 3393/3393/3393
f 3400/3400/3400 3393/3393/3393 3401/3401/3401
f 3394/3394/3394 3402/3402/3402 3395/3395/3395
f 3395/3395/3395 3402/3402/3402 3403/3403/3403
f 3402/3402/3402 3404/3404/3404 3403/3403/3403
f 3405/3405/3405 3398/3398/3398 3392/3392/3392
f 3405/3405/3405 3392/3392/3392 3400/3400/3400
f 3398/3398/3398 3406/3406/3406 3399/3399/3399
f 3398/3398/3398 3405/3405/3405 3406/3406/3406
f 3399/3399/3399 3407/3407/3407 3397/3397/3397
f 3399/3399/3399 3406/3406/3406 3407/3407/3407
f 3408/3408/3408 3400/3400/3400 3401/3401/3401
f 3408/3408/3408 3401/3401/3401 3409/3409/3409
f 3394/3394/3394 3410/3410/3410 3402/3402/3402
f 3396/3396/3396 3410/3410/3410 3394/3394/3394
f 3402/3402/3402 3411/3411/3411 3404/3404/3404
f 3410/3410/3410 3411/3411/3411 3402/3402/3402
f 3411/3411/3411 3412/3412/3412 3404/3404/3404
f 3397/3397/3397 3413/3413/3413 3396/3396/3396
f 3396/3396/3396 3413/3413/3413 3410/3410/3410
f 3397/3397/3397 3407/3407/3407 3413/3413/3413
f 3411/3411/3411 3414/3414/3414 3412/3412/3412
f 3414/3414/3414 3415/3415/3415 3412/3412/3412
f 3410/3410/3410 3416/3416/3416 3411/3411/3411
f 3413/3413/3413 3416/3416/3416 3410/3410/3410
f 3416/3416/3416 3414/3414/3414 3411/3411/3411
f 3407/3407/3407 3417/3417/3417 3413/3413/3413
f 3413/3413/3413 3417/3417/3417 3416/3416/3416
f 3414/3414/3414 3418/3418/3418 3415/3415/3415
f 3418/3418/3418 3419/3419/3419 3415/3415/3415
f 3416/3416/3416 3420/3420/3420 3414/3414/3414
f 3417/3417/3417 3420/3420/3420 3416/3416/3416
f 3420/3420/3420 3418/3418/3418 3414/3414/3414
f 3407/3407/3407 3421/3421/3421 3417/3417/3417
f 3406/3406/3406 3421/3421/3421 3407/3407/3407
f 3418/3418/3418 3422/3422/3422 3419/3419/3419
f 3422/3422/3422 3423/3423/3423 3419/3419/3419
f 3420/3420/3420 3424/3424/3424 3418/3418/3418
f 3424/3424/3424 3422/3422/3422 3418/3418/3418
f 3417/3417/3417 3425/3425/3425 3420/3420/3420
f 3421/3421/3421 3425/3425/3425 3417/3417/3417
f 3425/3425/3425 3424/3424/3424 3420/3420/3420
f 3406/3406/3406 3426/3426/3426 3421/3421/3421
f 3405/3405/3405 3426/3426/3426 3406/3406/3406
f 3422/3422/3422 3427/3427/3427 3423/3423/3423
f 3427/3427/3427 3428/3428/3428 3423/3423/3423
f 3424/3424/3424 3429/3429/3429 3422/3422/3422
f 3429/3429/3429 3427/3427/3427 3422/3422/3422
f 3421/3421/3421 3430/3430/3430 3425/3425/3425
f 3426/3426/3426 3430/3430/3430 3421/3421/3421
f 3425/3425/3425 3431/3431/3431 3424/3424/3424
f 3431/3431/3431 3429/3429/3429 3424/3424/3424
f 3430/3430/3430 3431/3431/3431 3425/3425/3425
f 3405/3405/3405 3432/3432/3432 3426/3426/3426
f 3432/3432/3432 3405/3405/3405 3400/3400/3400
f 3432/3432/3432 3400/3400/3400 3408/3408/3408
f 3427/3427/3427 3433/3433/3433 3428/3428/3428
f 3433/3433/3433 3434/3434/3434 3428/3428/3428
f 3429/3429/3429 3435/3435/3435 3427/3427/3427
f 3435/3435/3435 3433/3433/3433 3427/3427/3427
f 3431/3431/3431 3436/3436/3436 3429/3429/3429
f 3436/3436/3436 3435/3435/3435 3429/3429/3429
f 3430/3430/3430 3437/3437/3437 3431/3431/3431
f 3437/3437/3437 3436/3436/3436 3431/3431/3431
f 3426/3426/3426 3438/3438/3438 3430/3430/3430
f 3432/3432/3432 3438/3438/3438 3426/3426/3426
f 3438/3438/3438 3437/3437/3437 3430/3430/3430
f 3439/3439/3439 3432/3432/3432 3408/3408/3408
f 3432/3432/3432 3439/3439/3439 3438/3438/3438
f 3433/3433/3433 3440/3440/3440 3434/3434/3434
f 3440/3440/3440 3441/3441/3441 3434/3434/3434
f 3435/3435/3435 3442/3442/3442 3433/3433/3433
f 3442/3442/3442 3440/3440/3440 3433/3433/3433
f 3436/3436/3436 3443/3443/3443 3435/3435/3435
f 3443/3443/3443 3442/3442/3442 3435/3435/3435
f 3437/3437/3437 3444/3444/3444 3436/3436/3436
f 3444/3444/3444 3443/3443/3443 3436/3436/3436
f 3438/3438/3438 3445/3445/3445 3437/3437/3437
f 3439/3439/3439 3445/3445/3445 3438/3438/3438
f 3445/3445/3445 3444/3444/3444 3437/3437/3437
f 3439/3439/3439 3408/3408/3408 3446/3446/3446
f 3446/3446/3446 3408/3408/3408 3409/3409/3409
f 3446/3446/3446 3409/3409/3409 3447/3447/3447
f 3440/3440/3440 3448/3448/3448 3441/3441/3441
f 3448/3448/3448 3449/3449/3449 3441/3441/3441
f 3442/3442/3442 3450/3450/3450 3440/3440/3440
f 3450/3450/3450 3448/3448/3448 3440/3440/3440
f 3443/3443/3443 3451/3451/3451 3442/3442/3442
f 3451/3451/3451 3450/3450/3450 3442/3442/3442
f 3444/3444/3444 3452/3452/3452 3443/3443/3443
f 3452/3452/3452 3451/3451/3451 3443/3443/3443
f 3439/3439/3439 3453/3453/3453 3445/3445/3445
f 3453/3453/3453 3439/3439/3439 3446/3446/3446
f 3454/3454/3454 3446/3446/3446 3447/3447/3447
f 3453/3453/3453 3446/3446/3446 3454/3454/3454
f 3454/3454/3454 3447/3447/3447 3455/3455/3455
f 3445/3445/3445 3456/3456/3456 3444/3444/3444
f 3453/3453/3453 3456/3456/3456 3445/3445/3445
f 3456/3456/3456 3452/3452/3452 3444/3444/3444
f 3457/3457/3457 3454/3454/3454 3455/3455/3455
f 3457/3457/3457 3455/3455/3455 3458/3458/3458
f 3459/3459/3459 3453/3453/3453 3454/3454/3454
f 3453/3453/3453 3459/3459/3459 3456/3456/3456
f 3459/3459/3459 3454/3454/3454 3457/3457/3457
f 3456/3456/3456 3460/3460/3460 3452/3452/3452
f 3459/3459/3459 3460/3460/3460 3456/3456/3456
f 3452/3452/3452 3461/3461/3461 3451/3451/3451
f 3460/3460/3460 3461/3461/3461 3452/3452/3452
f 3462/3462/3462 3457/3457/3457 3458/3458/3458
f 3462/3462/3462 3458/3458/3458 3463/3463/3463
f 3464/3464/3464 3459/3459/3459 3457/3457/3457
f 3459/3459/3459 3464/3464/3464 3460/3460/3460
f 3464/3464/3464 3457/3457/3457 3462/3462/3462
f 3465/3465/3465 3462/3462/3462 3463/3463/3463
f 3465/3465/3465 3463/3463/3463 3466/3466/3466
f 3464/3464/3464 3467/3467/3467 3460/3460/3460
f 3460/3460/3460 3467/3467/3467 3461/3461/3461
f 3468/3468/3468 3464/3464/3464 3462/3462/3462
f 3468/3468/3468 3462/3462/3462 3465/3465/3465
f 3464/3464/3464 3468/3468/3468 3467/3467/3467
f 3461/3461/3461 3469/3469/3469 3451/3451/3451
f 3451/3451/3451 3469/3469/3469 3450/3450/3450
f 3470/3470/3470 3465/3465/3465 3466/3466/3466
f 3470/3470/3470 3466/3466/3466 3471/3471/3471
f 3472/3472/3472 3470/3470/3470 3471/3471/3471
f 3467/3467/3467 3473/3473/3473 3461/3461/3461
f 3461/3461/3461 3473/3473/3473 3469/3469/3469
f 3474/3474/3474 3468/3468/3468 3465/3465/3465
f 3474/3474/3474 3465/3465/3465 3470/3470/3470
f 3475/3475/3475 3470/3470/3470 3472/3472/3472
f 3475/3475/3475 3474/3474/3474 3470/3470/3470
f 3476/3476/3476 3475/3475/3475 3472/3472/3472
f 3468/3468/3468 3477/3477/3477 3467/3467/3467
f 3468/3468/3468 3474/3474/3474 3477/3477/3477
f 3467/3467/3467 3477/3477/3477 3473/3473/3473
f 3469/3469/3469 3478/3478/3478 3450/3450/3450
f 3450/3450/3450 3478/3478/3478 3448/3448/3448
f 3474/3474/3474 3475/3475/3475 3479/3479/3479
f 3474/3474/3474 3479/3479/3479 3477/3477/3477
f 3475/3475/3475 3476/3476/3476 3480/3480/3480
f 3475/3475/3475 3480/3480/3480 3479/3479/3479
f 3476/3476/3476 3481/3481/3481 3480/3480/3480
f 3473/3473/3473 3482/3482/3482 3469/3469/3469
f 3469/3469/3469 3482/3482/3482 3478/3478/3478
f 3477/3477/3477 3483/3483/3483 3473/3473/3473
f 3477/3477/3477 3479/3479/3479 3483/3483/3483
f 3473/3473/3473 3483/3483/3483 3482/3482/3482
f 3478/3478/3478 3484/3484/3484 3448/3448/3448
f 3448/3448/3448 3484/3484/3484 3449/3449/3449
f 3484/3484/3484 3485/3485/3485 3449/3449/3449
f 3480/3480/3480 3481/3481/3481 3486/3486/3486
f 3481/3481/3481 3487/3487/3487 3486/3486/3486
f 3479/3479/3479 3480/3480/3480 3488/3488/3488
f 3479/3479/3479 3488/3488/3488 3483/3483/3483
f 3480/3480/3480 3486/3486/3486 3488/3488/3488
f 3483/3483/3483 3489/3489/3489 3482/3482/3482
f 3483/3483/3483 3488/3488/3488 3489/3489/3489
f 3482/3482/3482 3490/3490/3490 3478/3478/3478
f 3478/3478/3478 3490/3490/3490 3484/3484/3484
f 3482/3482/3482 3489/3489/3489 3490/3490/3490
f 3484/3484/3484 3491/3491/3491 3485/3485/3485
f 3490/3490/3490 3491/3491/3491 3484/3484/3484
f 3491/3491/3491 3492/3492/3492 3485/3485/3485
f 3486/3486/3486 3487/3487/3487 3493/3493/3493
f 3487/3487/3487 3494/3494/3494 3493/3493/3493
f 3488/3488/3488 3486/3486/3486 3495/3495/3495
f 3488/3488/3488 3495/3495/3495 3489/3489/3489
f 3486/3486/3486 3493/3493/3493 3495/3495/3495
f 3489/3489/3489 3496/3496/3496 3490/3490/3490
f 3490/3490/3490 3496/3496/3496 3491/3491/3491
f 3489/3489/3489 3495/3495/3495 3496/3496/3496
f 3491/3491/3491 3497/3497/3497 3492/3492/3492
f 3496/3496/3496 3497/3497/3497 3491/3491/3491
f 3497/3497/3497 3498/3498/3498 3492/3492/3492
f 3495/3495/3495 3499/3499/3499 3496/3496/3496
f 3495/3495/3495 3493/3493/3493 3499/3499/3499
f 3496/3496/3496 3499/3499/3499 3497/3497/3497
f 3493/3493/3493 3494/3494/3494 3500/3500/3500
f 3493/3493/3493 3500/3500/3500 3499/3499/3499
f 3494/3494/3494 3501/3501/3501 3500/3500/3500
f 3497/3497/3497 3502/3502/3502 3498/3498/3498
f 3499/3499/3499 3502/3502/3502 3497/3497/3497
f 3499/3499/3499 3500/3500/3500 3502/3502/3502
f 3502/3502/3502 3503/3503/3503 3498/3498/3498
f 3500/3500/3500 3501/3501/3501 3504/3504/3504
f 3500/3500/3500 3504/3504/3504 3502/3502/3502
f 3502/3502/3502 3504/3504/3504 3503/3503/3503
f 3501/3501/3501 3505/3505/3505 3504/3504/3504
f 3504/3504/3504 3506/3506/3506 3503/3503/3503
f 3504/3504/3504 3505/3505/3505 3506/3506/3506
f 3505/3505/3505 3507/3507/3507 3506/3506/3506
f 3510/3510/3510 3509/3509/3509 3508/3508/3508
f 3509/3509/3509 3510/3510/3510 3511/3511/3511
f 3511/3511/3511 3510/3510/3510 3512/3512/3512
f 3509/3509/3509 3511/3511/3511 3513/3513/3513
f 3516/3516/3516 3515/3515/3515 3514/3514/3514
f 3515/3515/3515 3516/3516/3516 3517/3517/3517
f 3515/3515/3515 3517/3517/3517 3518/3518/3518
f 3517/3517/3517 3516/3516/3516 3519/3519/3519
f 3522/3522/3522 3521/3521/3521 3520/3520/3520
f 3522/3522/3522 3523/3523/3523 3521/3521/3521
f 3523/3523/3523 3524/3524/3524 3521/3521/3521
f 3523/3523/3523 3525/3525/3525 3524/3524/3524
f 3525/3525/3525 3526/3526/3526 3524/3524/3524
f 3525/3525/3525 3527/3527/3527 3526/3526/3526
f 3527/3527/3527 3528/3528/3528 3526/3526/3526
f 3527/3527/3527 3529/3529/3529 3528/3528/3528
f 3529/3529/3529 3530/3530/3530 3528/3528/3528
f 3529/3529/3529 3531/3531/3531 3530/3530/3530
f 3534/3534/3534 3533/3533/3533 3532/3532/3532
f 3535/3535/3535 3533/3533/3533 3534/3534/3534
f 3536/3536/3536 3535/3535/3535 3534/3534/3534
f 3537/3537/3537 3535/3535/3535 3536/3536/3536
f 3538/3538/3538 3537/3537/3537 3536/3536/3536
f 3539/3539/3539 3537/3537/3537 3538/3538/3538
f 3540/3540/3540 3539/3539/3539 3538/3538/3538
f 3541/3541/3541 3539/3539/3539 3540/3540/3540
f 3542/3542/3542 3541/3541/3541 3540/3540/3540
f 3543/3543/3543 3541/3541/3541 3542/3542/3542
f 3546/3546/3546 3545/3545/3545 3544/3544/3544
f 3547/3547/3547 3546/3546/3546 3544/3544/3544
f 3548/3548/3548 3546/3546/3546 3547/3547/3547
f 3549/3549/3549 3548/3548/3548 3547/3547/3547
f 3552/3552/3552 3551/3551/3551 3550/3550/3550
f 3551/3551/3551 3553/3553/3553 3550/3550/3550
f 3553/3553/3553 3554/3554/3554 3550/3550/3550
f 3554/3554/3554 3555/3555/3555 3550/3550/3550
f 3554/3554/3554 3556/3556/3556 3555/3555/3555
f 3556/3556/3556 3557/3557/3557 3555/3555/3555
f 3560/3560/3560 3559/3559/3559 3558/3558/3558
f 3559/3559/3559 3561/3561/3561 3558/3558/3558
f 3561/3561/3561 3562/3562/3562 3558/3558/3558
f 3562/3562/3562 3563/3563/3563 3558/3558/3558
f 3563/3563/3563 3564/3564/3564 3558/3558/3558
f 3563/3563/3563 3565/3565/3565 3564/3564/3564
f 3565/3565/3565 3566/3566/3566 3564/3564/3564
f 3564/3564/3564 3566/3566/3566 3567/3567/3567
f 3564/3564/3564 3568/3568/3568 3558/3558/3558
f 3568/3568/3568 3569/3569/3569 3558/3558/3558
f 3564/3564/3564 3570/3570/3570 3568/3568/3568
f 3571/3571/3571 3564/3564/3564 3567/3567/3567
f 3572/3572/3572 3571/3571/3571 3567/3567/3567
f 3570/3570/3570 3564/3564/3564 3573/3573/3573
f 3571/3571/3571 3573/3573/3573 3564/3564/3564
f 3574/3574/3574 3570/3570/3570 3573/3573/3573
f 3575/3575/3575 3574/3574/3574 3573/3573/3573
f 3571/3571/3571 3575/3575/3575 3573/3573/3573
f 3576/3576/3576 3571/3571/3571 3572/3572/3572
f 3575/3575/3575 3571/3571/3571 3576/3576/3576
f 3577/3577/3577 3576/3576/3576 3572/3572/3572
f 3578/3578/3578 3575/3575/3575 3576/3576/3576
f 3581/3581/3581 3580/3580/3580 3579/3579/3579
f 3582/3582/3582 3581/3581/3581 3579/3579/3579
f 3583/3583/3583 3581/3581/3581 3582/3582/3582
f 3584/3584/3584 3583/3583/3583 3582/3582/3582
f 3585/3585/3585 3583/3583/3583 3584/3584/3584
f 3586/3586/3586 3585/3585/3585 3584/3584/3584
f 3589/3589/3589 3588/3588/3588 3587/3587/3587
f 3590/3590/3590 3589/3589/3589 3587/3587/3587
f 3589/3589/3589 3590/3590/3590 3591/3591/3591
f 3590/3590/3590 3592/3592/3592 3591/3591/3591
f 3593/3593/3593 3591/3591/3591 3592/3592/3592
f 3594/3594/3594 3593/3593/3593 3592/3592/3592
f 3593/3593/3593 3594/3594/3594 3595/3595/3595
f 3594/3594/3594 3596/3596/3596 3595/3595/3595
f 3596/3596/3596 3597/3597/3597 3595/3595/3595
f 3597/3597/3597 3596/3596/3596 3598/3598/3598
f 3599/3599/3599 3597/3597/3597 3598/3598/3598
f 3598/3598/3598 3600/3600/3600 3599/3599/3599
f 3600/3600/3600 3601/3601/3601 3599/3599/3599
f 3601/3601/3601 3600/3600/3600 3602/3602/3602
f 3603/3603/3603 3601/3601/3601 3602/3602/3602
f 3606/3606/3606 3605/3605/3605 3604/3604/3604
f 3605/3605/3605 3607/3607/3607 3604/3604/3604
f 3604/3604/3604 3607/3607/3607 3608/3608/3608
f 3607/3607/3607 3609/3609/3609 3608/3608/3608
f 3612/3612/3612 3611/3611/3611 3610/3610/3610
f 3613/3613/3613 3612/3612/3612 3610/3610/3610
f 3614/3614/3614 3613/3613/3613 3610/3610/3610
f 3615/3615/3615 3614/3614/3614 3610/3610/3610
f 3616/3616/3616 3615/3615/3615 3610/3610/3610
f 3617/3617/3617 3615/3615/3615 3616/3616/3616
f 3618/3618/3618 3617/3617/3617 3616/3616/3616
f 3618/3618/3618 3616/3616/3616 3619/3619/3619
f 3620/3620/3620 3616/3616/3616 3610/3610/3610
f 3621/3621/3621 3620/3620/3620 3610/3610/3610
f 3622/3622/3622 3616/3616/3616 3620/3620/3620
f 3616/3616/3616 3623/3623/3623 3619/3619/3619
f 3623/3623/3623 3624/3624/3624 3619/3619/3619
f 3616/3616/3616 3622/3622/3622 3625/3625/3625
f 3625/3625/3625 3623/3623/3623 3616/3616/3616
f 3622/3622/3622 3626/3626/3626 3625/3625/3625
f 3626/3626/3626 3627/3627/3627 3625/3625/3625
f 3627/3627/3627 3623/3623/3623 3625/3625/3625
f 3623/3623/3623 3628/3628/3628 3624/3624/3624
f 3623/3623/3623 3627/3627/3627 3628/3628/3628
f 3628/3628/3628 3629/3629/3629 3624/3624/3624
f 3627/3627/3627 3630/3630/3630 3628/3628/3628
f 3633/3633/3633 3632/3632/3632 3631/3631/3631
f 3634/3634/3634 3633/3633/3633 3631/3631/3631
f 3635/3635/3635 3633/3633/3633 3634/3634/3634
f 3636/3636/3636 3634/3634/3634 3631/3631/3631
f 3637/3637/3637 3636/3636/3636 3631/3631/3631
f 3636/3636/3636 3637/3637/3637 3638/3638/3638
f 3639/3639/3639 3635/3635/3635 3634/3634/3634
f 3634/3634/3634 3636/3636/3636 3639/3639/3639
f 3639/3639/3639 3636/3636/3636 3638/3638/3638
f 3640/3640/3640 3635/3635/3635 3639/3639/3639
f 3638/3638/3638 3640/3640/3640 3639/3639/3639
f 3643/3643/3643 3642/3642/3642 3641/3641/3641
f 3644/3644/3644 3643/3643/3643 3641/3641/3641
f 3645/3645/3645 3643/3643/3643 3644/3644/3644
f 3646/3646/3646 3645/3645/3645 3644/3644/3644
f 3641/3641/3641 3647/3647/3647 3644/3644/3644
f 3648/3648/3648 3646/3646/3646 3644/3644/3644
f 3647/3647/3647 3649/3649/3649 3644/3644/3644
f 3649/3649/3649 3648/3648/3648 3644/3644/3644
f 3649/3649/3649 3647/3647/3647 3650/3650/3650
f 3648/3648/3648 3649/3649/3649 3650/3650/3650
f 3647/3647/3647 3651/3651/3651 3650/3650/3650
f 3651/3651/3651 3652/3652/3652 3650/3650/3650
f 3653/3653/3653 3648/3648/3648 3650/3650/3650
f 3652/3652/3652 3654/3654/3654 3650/3650/3650
f 3650/3650/3650 3654/3654/3654 3653/3653/3653
f 3654/3654/3654 3655/3655/3655 3653/3653/3653
f 3658/3658/3658 3657/3657/3657 3656/3656/3656
f 3659/3659/3659 3658/3658/3658 3656/3656/3656
f 3660/3660/3660 3658/3658/3658 3659/3659/3659
f 3661/3661/3661 3660/3660/3660 3659/3659/3659
f 3664/3664/3664 3663/3663/3663 3662/3662/3662
f 3663/3663/3663 3665/3665/3665 3662/3662/3662
f 3665/3665/3665 3666/3666/3666 3662/3662/3662
f 3666/3666/3666 3667/3667/3667 3662/3662/3662
f 3666/3666/3666 3668/3668/3668 3667/3667/3667
f 3668/3668/3668 3669/3669/3669 3667/3667/3667
f 3672/3672/3672 3671/3671/3671 3670/3670/3670
f 3671/3671/3671 3673/3673/3673 3670/3670/3670
f 3673/3673/3673 3674/3674/3674 3670/3670/3670
f 3674/3674/3674 3675/3675/3675 3670/3670/3670
f 3675/3675/3675 3676/3676/3676 3670/3670/3670
f 3675/3675/3675 3677/3677/3677 3676/3676/3676
f 3677/3677/3677 3678/3678/3678 3676/3676/3676
f 3676/3676/3676 3678/3678/3678 3679/3679/3679
f 3676/3676/3676 3680/3680/3680 3670/3670/3670
f 3680/3680/3680 3681/3681/3681 3670/3670/3670
f 3676/3676/3676 3682/3682/3682 3680/3680/3680
f 3683/3683/3683 3676/3676/3676 3679/3679/3679
f 3684/3684/3684 3683/3683/3683 3679/3679/3679
f 3682/3682/3682 3676/3676/3676 3685/3685/3685
f 3683/3683/3683 3685/3685/3685 3676/3676/3676
f 3686/3686/3686 3682/3682/3682 3685/3685/3685
f 3687/3687/3687 3686/3686/3686 3685/3685/3685
f 3683/3683/3683 3687/3687/3687 3685/3685/3685
f 3688/3688/3688 3683/3683/3683 3684/3684/3684
f 3687/3687/3687 3683/3683/3683 3688/3688/3688
f 3689/3689/3689 3688/3688/3688 3684/3684/3684
f 3690/3690/3690 3687/3687/3687 3688/3688/3688
f 3693/3693/3693 3692/3692/3692 3691/3691/3691
f 3694/3694/3694 3693/3693/3693 3691/3691/3691
f 3695/3695/3695 3693/3693/3693 3694/3694/3694
f 3696/3696/3696 3695/3695/3695 3694/3694/3694
f 3697/3697/3697 3695/3695/3695 3696/3696/3696
f 3698/3698/3698 3697/3697/3697 3696/3696/3696
f 3701/3701/3701 3700/3700/3700 3699/3699/3699
f 3702/3702/3702 3701/3701/3701 3699/3699/3699
f 3701/3701/3701 3702/3702/3702 3703/3703/3703
f 3702/3702/3702 3704/3704/3704 3703/3703/3703
f 3705/3705/3705 3703/3703/3703 3704/3704/3704
f 3706/3706/3706 3705/3705/3705 3704/3704/3704
f 3705/3705/3705 3706/3706/3706 3707/3707/3707
f 3706/3706/3706 3708/3708/3708 3707/3707/3707
f 3708/3708/3708 3709/3709/3709 3707/3707/3707
f 3709/3709/3709 3708/3708/3708 3710/3710/3710
f 3711/3711/3711 3709/3709/3709 3710/3710/3710
f 3710/3710/3710 3712/3712/3712 3711/3711/3711
f 3712/3712/3712 3713/3713/3713 3711/3711/3711
f 3713/3713/3713 3712/3712/3712 3714/3714/3714
f 3715/3715/3715 3713/3713/3713 3714/3714/3714
f 3718/3718/3718 3717/3717/3717 3716/3716/3716
f 3717/3717/3717 3719/3719/3719 3716/3716/3716
f 3716/3716/3716 3719/3719/3719 3720/3720/3720
f 3719/3719/3719 3721/3721/3721 3720/3720/3720
f 3724/3724/3724 3723/3723/3723 3722/3722/3722
f 3725/3725/3725 3724/3724/3724 3722/3722/3722
f 3726/3726/3726 3725/3725/3725 3722/3722/3722
f 3727/3727/3727 3726/3726/3726 3722/3722/3722
f 3728/3728/3728 3727/3727/3727 3722/3722/3722
f 3729/3729/3729 3727/3727/3727 3728/3728/3728
f 3730/3730/3730 3729/3729/3729 3728/3728/3728
f 3730/3730/3730 3728/3728/3728 3731/3731/3731
f 3732/3732/3732 3728/3728/3728 3722/3722/3722
f 3733/3733/3733 3732/3732/3732 3722/3722/3722
f 3734/3734/3734 3728/3728/3728 3732/3732/3732
f 3728/3728/3728 3735/3735/3735 3731/3731/3731
f 3735/3735/3735 3736/3736/3736 3731/3731/3731
f 3728/3728/3728 3734/3734/3734 3737/3737/3737
f 3737/3737/3737 3735/3735/3735 3728/3728/3728
f 3734/3734/3734 3738/3738/3738 3737/3737/3737
f 3738/3738/3738 3739/3739/3739 3737/3737/3737
f 3739/3739/3739 3735/3735/3735 3737/3737/3737
f 3735/3735/3735 3740/3740/3740 3736/3736/3736
f 3735/3735/3735 3739/3739/3739 3740/3740/3740
f 3740/3740/3740 3741/3741/3741 3736/3736/3736
f 3739/3739/3739 3742/3742/3742 3740/3740/3740
f 3745/3745/3745 3744/3744/3744 3743/3743/3743
f 3746/3746/3746 3745/3745/3745 3743/3743/3743
f 3747/3747/3747 3745/3745/3745 3746/3746/3746
f 3748/3748/3748 3746/3746/3746 3743/3743/3743
f 3749/3749/3749 3748/3748/3748 3743/3743/3743
f 3748/3748/3748 3749/3749/3749 3750/3750/3750
f 3751/3751/3751 3747/3747/3747 3746/3746/3746
f 3746/3746/3746 3748/3748/3748 3751/3751/3751
f 3751/3751/3751 3748/3748/3748 3750/3750/3750
f 3752/3752/3752 3747/3747/3747 3751/3751/3751
f 3750/3750/3750 3752/3752/3752 3751/3751/3751
f 3755/3755/3755 3754/3754/3754 3753/3753/3753
f 3756/3756/3756 3755/3755/3755 3753/3753/3753
f 3757/3757/3757 3755/3755/3755 3756/3756/3756
f 3758/3758/3758 3757/3757/3757 3756/3756/3756
f 3753/3753/3753 3759/3759/3759 3756/3756/3756
f 3760/3760/3760 3758/3758/3758 3756/3756/3756
f 3759/3759/3759 3761/3761/3761 3756/3756/3756
f 3761/3761/3761 3760/3760/3760 3756/3756/3756
f 3761/3761/3761 3759/3759/3759 3762/3762/3762
f 3760/3760/3760 3761/3761/3761 3762/3762/3762
f 3759/3759/3759 3763/3763/3763 3762/3762/3762
f 3763/3763/3763 3764/3764/3764 3762/3762/3762
f 3765/3765/3765 3760/3760/3760 3762/3762/3762
f 3764/3764/3764 3766/3766/3766 3762/3762/3762
f 3762/3762/3762 3766/3766/3766 3765/3765/3765
f 3766/3766/3766 3767/3767/3767 3765/3765/3765
f 3770/3770/3770 3769/3769/3769 3768/3768/3768
f 3769/3769/3769 3771/3771/3771 3768/3768/3768
f 3771/3771/3771 3769/3769/3769 3772/3772/3772
f 3768/3768/3768 3771/3771/3771 3773/3773/3773
f 3774/3774/3774 3771/3771/3771 3772/3772/3772
f 3774/3774/3774 3772/3772/3772 3775/3775/3775
f 3776/3776/3776 3774/3774/3774 3775/3775/3775
f 3776/3776/3776 3775/3775/3775 3777/3777/3777
f 3771/3771/3771 3778/3778/3778 3773/3773/3773
f 3774/3774/3774 3779/3779/3779 3771/3771/3771
f 3779/3779/3779 3778/3778/3778 3771/3771/3771
f 3778/3778/3778 3780/3780/3780 3773/3773/3773
f 3778/3778/3778 3779/3779/3779 3780/3780/3780
f 3780/3780/3780 3781/3781/3781 3773/3773/3773
f 3782/3782/3782 3779/3779/3779 3774/3774/3774
f 3776/3776/3776 3782/3782/3782 3774/3774/3774
f 3780/3780/3780 3783/3783/3783 3781/3781/3781
f 3783/3783/3783 3784/3784/3784 3781/3781/3781
f 3784/3784/3784 3783/3783/3783 3785/3785/3785
f 3786/3786/3786 3784/3784/3784 3785/3785/3785
f 3787/3787/3787 3786/3786/3786 3785/3785/3785
f 3788/3788/3788 3787/3787/3787 3785/3785/3785
f 3788/3788/3788 3785/3785/3785 3789/3789/3789
f 3779/3779/3779 3790/3790/3790 3780/3780/3780
f 3779/3779/3779 3782/3782/3782 3790/3790/3790
f 3783/3783/3783 3780/3780/3780 3791/3791/3791
f 3785/3785/3785 3783/3783/3783 3791/3791/3791
f 3780/3780/3780 3790/3790/3790 3791/3791/3791
f 3785/3785/3785 3792/3792/3792 3789/3789/3789
f 3792/3792/3792 3785/3785/3785 3791/3791/3791
f 3789/3789/3789 3792/3792/3792 3793/3793/3793
f 3791/3791/3791 3790/3790/3790 3794/3794/3794
f 3792/3792/3792 3791/3791/3791 3794/3794/3794
f 3792/3792/3792 3795/3795/3795 3793/3793/3793
f 3795/3795/3795 3792/3792/3792 3794/3794/3794
f 3793/3793/3793 3795/3795/3795 3796/3796/3796
f 3782/3782/3782 3797/3797/3797 3790/3790/3790
f 3790/3790/3790 3797/3797/3797 3794/3794/3794
f 3795/3795/3795 3798/3798/3798 3796/3796/3796
f 3796/3796/3796 3798/3798/3798 3799/3799/3799
f 3795/3795/3795 3794/3794/3794 3800/3800/3800
f 3794/3794/3794 3797/3797/3797 3800/3800/3800
f 3798/3798/3798 3795/3795/3795 3800/3800/3800
f 3782/3782/3782 3801/3801/3801 3797/3797/3797
f 3801/3801/3801 3782/3782/3782 3776/3776/3776
f 3798/3798/3798 3802/3802/3802 3799/3799/3799
f 3799/3799/3799 3802/3802/3802 3803/3803/3803
f 3798/3798/3798 3800/3800/3800 3804/3804/3804
f 3802/3802/3802 3798/3798/3798 3804/3804/3804
f 3797/3797/3797 3805/3805/3805 3800/3800/3800
f 3801/3801/3801 3805/3805/3805 3797/3797/3797
f 3806/3806/3806 3801/3801/3801 3776/3776/3776
f 3806/3806/3806 3776/3776/3776 3777/3777/3777
f 3802/3802/3802 3807/3807/3807 3803/3803/3803
f 3803/3803/3803 3807/3807/3807 3808/3808/3808
f 3805/3805/3805 3809/3809/3809 3800/3800/3800
f 3800/3800/3800 3809/3809/3809 3804/3804/3804
f 3801/3801/3801 3810/3810/3810 3805/3805/3805
f 3810/3810/3810 3801/3801/3801 3806/3806/3806
f 3810/3810/3810 3809/3809/3809 3805/3805/3805
f 3811/3811/3811 3806/3806/3806 3777/3777/3777
f 3811/3811/3811 3810/3810/3810 3806/3806/3806
f 3811/3811/3811 3777/3777/3777 3812/3812/3812
f 3810/3810/3810 3813/3813/3813 3809/3809/3809
f 3813/3813/3813 3810/3810/3810 3811/3811/3811
f 3814/3814/3814 3811/3811/3811 3812/3812/3812
f 3814/3814/3814 3813/3813/3813 3811/3811/3811
f 3813/3813/3813 3815/3815/3815 3809/3809/3809
f 3809/3809/3809 3815/3815/3815 3804/3804/3804
f 3816/3816/3816 3814/3814/3814 3812/3812/3812
f 3816/3816/3816 3812/3812/3812 3817/3817/3817
f 3818/3818/3818 3813/3813/3813 3814/3814/3814
f 3813/3813/3813 3818/3818/3818 3815/3815/3815
f 3816/3816/3816 3818/3818/3818 3814/3814/3814
f 3815/3815/3815 3819/3819/3819 3804/3804/3804
f 3818/3818/3818 3819/3819/3819 3815/3815/3815
f 3820/3820/3820 3818/3818/3818 3816/3816/3816
f 3818/3818/3818 3820/3820/3820 3819/3819/3819
f 3821/3821/3821 3816/3816/3816 3817/3817/3817
f 3821/3821/3821 3820/3820/3820 3816/3816/3816
f 3804/3804/3804 3819/3819/3819 3822/3822/3822
f 3802/3802/3802 3804/3804/3804 3822/3822/3822
f 3807/3807/3807 3802/3802/3802 3822/3822/3822
f 3823/3823/3823 3821/3821/3821 3817/3817/3817
f 3823/3823/3823 3817/3817/3817 3824/3824/3824
f 3820/3820/3820 3825/3825/3825 3819/3819/3819
f 3819/3819/3819 3825/3825/3825 3822/3822/3822
f 3826/3826/3826 3820/3820/3820 3821/3821/3821
f 3820/3820/3820 3826/3826/3826 3825/3825/3825
f 3823/3823/3823 3826/3826/3826 3821/3821/3821
f 3827/3827/3827 3823/3823/3823 3824/3824/3824
f 3827/3827/3827 3824/3824/3824 3828/3828/3828
f 3825/3825/3825 3829/3829/3829 3822/3822/3822
f 3826/3826/3826 3829/3829/3829 3825/3825/3825
f 3830/3830/3830 3826/3826/3826 3823/3823/3823
f 3827/3827/3827 3830/3830/3830 3823/3823/3823
f 3826/3826/3826 3830/3830/3830 3829/3829/3829
f 3807/3807/3807 3822/3822/3822 3831/3831/3831
f 3822/3822/3822 3829/3829/3829 3831/3831/3831
f 3832/3832/3832 3827/3827/3827 3828/3828/3828
f 3832/3832/3832 3828/3828/3828 3833/3833/3833
f 3830/3830/3830 3834/3834/3834 3829/3829/3829
f 3829/3829/3829 3834/3834/3834 3831/3831/3831
f 3835/3835/3835 3830/3830/3830 3827/3827/3827
f 3832/3832/3832 3835/3835/3835 3827/3827/3827
f 3830/3830/3830 3835/3835/3835 3834/3834/3834
f 3836/3836/3836 3835/3835/3835 3832/3832/3832
f 3837/3837/3837 3832/3832/3832 3833/3833/3833
f 3837/3837/3837 3836/3836/3836 3832/3832/3832
f 3833/3833/3833 3838/3838/3838 3837/3837/3837
f 3838/3838/3838 3839/3839/3839 3837/3837/3837
f 3837/3837/3837 3839/3839/3839 3836/3836/3836
f 3839/3839/3839 3838/3838/3838 3840/3840/3840
f 3841/3841/3841 3807/3807/3807 3831/3831/3831
f 3807/3807/3807 3841/3841/3841 3808/3808/3808
f 3808/3808/3808 3841/3841/3841 3842/3842/3842
f 3835/3835/3835 3843/3843/3843 3834/3834/3834
f 3835/3835/3835 3836/3836/3836 3843/3843/3843
f 3831/3831/3831 3834/3834/3834 3844/3844/3844
f 3841/3841/3841 3831/3831/3831 3844/3844/3844
f 3834/3834/3834 3843/3843/3843 3844/3844/3844
f 3841/3841/3841 3845/3845/3845 3842/3842/3842
f 3845/3845/3845 3841/3841/3841 3844/3844/3844
f 3842/3842/3842 3845/3845/3845 3846/3846/3846
f 3844/3844/3844 3843/3843/3843 3847/3847/3847
f 3845/3845/3845 3844/3844/3844 3847/3847/3847
f 3845/3845/3845 3848/3848/3848 3846/3846/3846
f 3848/3848/3848 3845/3845/3845 3847/3847/3847
f 3846/3846/3846 3848/3848/3848 3849/3849/3849
f 3848/3848/3848 3847/3847/3847 3849/3849/3849
f 3850/3850/3850 3846/3846/3846 3849/3849/3849
f 3850/3850/3850 3849/3849/3849 3851/3851/3851
f 3843/3843/3843 3852/3852/3852 3847/3847/3847
f 3836/3836/3836 3852/3852/3852 3843/3843/3843
f 3853/3853/3853 3847/3847/3847 3852/3852/3852
f 3847/3847/3847 3853/3853/3853 3849/3849/3849
f 3849/3849/3849 3854/3854/3854 3851/3851/3851
f 3851/3851/3851 3854/3854/3854 3855/3855/3855
f 3856/3856/3856 3852/3852/3852 3836/3836/3836
f 3856/3856/3856 3853/3853/3853 3852/3852/3852
f 3849/3849/3849 3853/3853/3853 3857/3857/3857
f 3854/3854/3854 3849/3849/3849 3857/3857/3857
f 3853/3853/3853 3856/3856/3856 3857/3857/3857
f 3854/3854/3854 3858/3858/3858 3855/3855/3855
f 3855/3855/3855 3858/3858/3858 3859/3859/3859
f 3854/3854/3854 3857/3857/3857 3860/3860/3860
f 3858/3858/3858 3854/3854/3854 3860/3860/3860
f 3858/3858/3858 3861/3861/3861 3859/3859/3859
f 3859/3859/3859 3861/3861/3861 3862/3862/3862
f 3863/3863/3863 3856/3856/3856 3836/3836/3836
f 3839/3839/3839 3863/3863/3863 3836/3836/3836
f 3856/3856/3856 3864/3864/3864 3857/3857/3857
f 3857/3857/3857 3864/3864/3864 3860/3860/3860
f 3863/3863/3863 3865/3865/3865 3856/3856/3856
f 3865/3865/3865 3863/3863/3863 3839/3839/3839
f 3865/3865/3865 3864/3864/3864 3856/3856/3856
f 3858/3858/3858 3860/3860/3860 3866/3866/3866
f 3861/3861/3861 3858/3858/3858 3866/3866/3866
f 3867/3867/3867 3865/3865/3865 3839/3839/3839
f 3867/3867/3867 3839/3839/3839 3840/3840/3840
f 3867/3867/3867 3840/3840/3840 3868/3868/3868
f 3865/3865/3865 3869/3869/3869 3864/3864/3864
f 3869/3869/3869 3865/3865/3865 3867/3867/3867
f 3864/3864/3864 3870/3870/3870 3860/3860/3860
f 3860/3860/3860 3870/3870/3870 3866/3866/3866
f 3869/3869/3869 3870/3870/3870 3864/3864/3864
f 3871/3871/3871 3867/3867/3867 3868/3868/3868
f 3871/3871/3871 3869/3869/3869 3867/3867/3867
f 3871/3871/3871 3868/3868/3868 3872/3872/3872
f 3869/3869/3869 3873/3873/3873 3870/3870/3870
f 3873/3873/3873 3869/3869/3869 3871/3871/3871
f 3874/3874/3874 3871/3871/3871 3872/3872/3872
f 3874/3874/3874 3873/3873/3873 3871/3871/3871
f 3875/3875/3875 3873/3873/3873 3874/3874/3874
f 3874/3874/3874 3872/3872/3872 3876/3876/3876
f 3873/3873/3873 3877/3877/3877 3870/3870/3870
f 3870/3870/3870 3877/3877/3877 3866/3866/3866
f 3873/3873/3873 3875/3875/3875 3877/3877/3877
f 3878/3878/3878 3874/3874/3874 3876/3876/3876
f 3878/3878/3878 3875/3875/3875 3874/3874/3874
f 3876/3876/3876 3879/3879/3879 3878/3878/3878
f 3879/3879/3879 3880/3880/3880 3878/3878/3878
f 3878/3878/3878 3880/3880/3880 3875/3875/3875
f 3880/3880/3880 3881/3881/3881 3875/3875/3875
f 3881/3881/3881 3882/3882/3882 3875/3875/3875
f 3882/3882/3882 3883/3883/3883 3875/3875/3875
f 3875/3875/3875 3883/3883/3883 3877/3877/3877
f 3882/3882/3882 3884/3884/3884 3883/3883/3883
f 3866/3866/3866 3877/3877/3877 3885/3885/3885
f 3877/3877/3877 3883/3883/3883 3885/3885/3885
f 3884/3884/3884 3885/3885/3885 3883/3883/3883
f 3861/3861/3861 3866/3866/3866 3885/3885/3885
f 3885/3885/3885 3884/3884/3884 3886/3886/3886
f 3887/3887/3887 3861/3861/3861 3885/3885/3885
f 3887/3887/3887 3885/3885/3885 3886/3886/3886
f 3861/3861/3861 3887/3887/3887 3862/3862/3862
f 3862/3862/3862 3887/3887/3887 3886/3886/3886
f 3888/3888/3888 3862/3862/3862 3886/3886/3886
