g S_wpn_0028_01_lod0
v 0.35179102 0.11176492 1.2839818
v 0.3630459 0.12234842 1.2940693
v 0.35694638 0.1192283 1.2954555
v 0.20864436 0.18098117 1.6276444
v 0.16692898 0.17979221 1.6512643
v 0.22395931 0.19894016 1.6527996
v 0.15196957 0.16067845 1.6245971
v 0.10457775 0.17099094 1.6405536
v 0.1969012 0.1597849 1.6064568
v 0.1259161 0.19555148 1.6635733
v 0.18668972 0.1379807 1.5815023
v 0.08463421 0.22336155 1.6726239
v 0.13927487 0.13785619 1.596882
v 0.1785397 0.10380589 1.5528954
v 0.058946956 0.21023166 1.6447339
v 0.06726498 0.2704587 1.6716746
v 0.036774866 0.26194066 1.6362106
v 0.014375577 0.22670627 1.6017172
v -0.0041785003 0.27765355 1.6016285
v -0.006382785 0.23377416 1.5379949
v -0.023920322 0.29781222 1.5839791
v -0.054410126 0.3136765 1.5641994
v 0.045526545 0.18513156 1.6025988
v 0.08539028 0.15102758 1.6059695
v 0.12951778 0.106479235 1.5658302
v 0.15811458 0.07525366 1.5101715
v 0.10828792 0.09209447 1.5216662
v 0.06816433 0.12185765 1.5732718
v 0.05613827 0.10999731 1.530038
v 0.022379726 0.1547971 1.5661047
v 0.020711942 0.14590062 1.5201193
v 0.0052410555 0.19168676 1.5517453
v 0.00059963705 0.17570531 1.50503
v -0.017882418 0.22451635 1.5022142
v -0.028982272 0.1774314 1.4533575
v -0.0380788 0.2721262 1.5287184
v -0.06097339 0.3324216 1.5236704
v -0.03938449 0.274531 1.4890038
v -0.0471355 0.23600316 1.473269
v -0.0635741 0.26149878 1.4473844
v -0.072406955 0.19337867 1.4352233
v -0.031934235 0.14716285 1.4246719
v -0.080473974 0.21183082 1.4045644
v -0.06448764 0.16561012 1.3950422
v -0.07800815 0.22926734 1.3666927
v -0.057837557 0.13746804 1.3702168
v -0.06835544 0.18535134 1.3248613
v -0.06183475 0.16419412 1.2985934
v 0.1785397 0.10380589 1.5528954
v 0.22650173 0.09259497 1.5125567
v 0.15811458 0.07525366 1.5101715
v 0.22749111 0.13383275 1.5441085
v 0.27438045 0.16354711 1.503756
v 0.18668972 0.1379807 1.5815023
v 0.25091532 0.19092016 1.5687933
v 0.28635737 0.20274144 1.5340238
v 0.1969012 0.1597849 1.6064568
v 0.26390103 0.1975266 1.5786645
v 0.20864436 0.18098117 1.6276444
v 0.2683006 0.22007053 1.6075926
v 0.26390103 0.1975266 1.5786645
v 0.20864436 0.18098117 1.6276444
v 0.22395931 0.19894016 1.6527996
v 0.36769342 0.15008523 1.3211849
v 0.36000666 0.12365701 1.3168696
v 0.3630987 0.12843972 1.3277485
v 0.36740717 0.13988504 1.3091753
v 0.36337093 0.12410135 1.3052089
v 0.35406247 0.106699005 1.307458
v 0.35918087 0.12833719 1.2977672
v 0.35596249 0.112699986 1.30127
v 0.34987238 0.093866974 1.3085399
v 0.35628992 0.12519999 1.2930442
v 0.35751522 0.15288553 1.2825203
v 0.34962398 0.10423807 1.2842445
v 0.35026544 0.10963846 1.2678187
v 0.34248897 0.11901835 1.2511581
v 0.34593165 0.09263895 1.2793739
v 0.3301745 0.082245894 1.2541456
v 0.3437762 0.07851541 1.3091035
v 0.34758082 0.092372835 1.3161018
v 0.33176175 0.102656044 1.2312878
v 0.337951 0.12625223 1.2421985
v 0.3342184 0.049716584 1.2937537
v 0.33320612 0.073146746 1.3619872
v 0.346748 0.10043435 1.3283876
v 0.34753475 0.09389382 1.3706503
v 0.35858822 0.12034401 1.3349516
v 0.36426175 0.12706766 1.3684137
v 0.36171383 0.14399636 1.3585002
v 0.3209448 0.06503886 1.2337009
v 0.36153743 0.1301072 1.3910339
v 0.3659454 0.1529563 1.3993365
v 0.35583705 0.13460182 1.4126849
v 0.345509 0.12897438 1.4177916
v 0.35425684 0.16970436 1.4339978
v 0.3273907 0.1015403 1.4244272
v 0.3101156 0.080131605 1.433898
v 0.3245367 0.116159424 1.4404935
v 0.2645904 0.055094972 1.4808143
v 0.30317774 0.056374278 1.426735
v 0.28338283 0.11556372 1.4810543
v 0.3304043 0.14959204 1.448558
v 0.2828497 0.12769751 1.489894
v 0.33029628 0.058591086 1.3596145
v 0.22650173 0.09259497 1.5125567
v 0.2796188 0.14827856 1.4947357
v 0.27438045 0.16354711 1.503756
v 0.31268078 0.2022727 1.4940076
v 0.21698788 0.056664795 1.4989455
v 0.15811458 0.07525366 1.5101715
v 0.25313777 0.022756109 1.4616778
v 0.14276852 0.03668921 1.491266
v 0.10828792 0.09209447 1.5216662
v 0.31590205 0.021425562 1.3453301
v 0.30403376 0.03519264 1.4249448
v 0.19828762 0.019355228 1.4795982
v 0.09135311 0.05820776 1.4953233
v 0.05613827 0.10999731 1.530038
v 0.3138998 0.029831335 1.2736282
v 0.28267056 0.0027194994 1.3942459
v 0.25050563 0.008056403 1.455489
v 0.1406985 0.017106691 1.4876989
v 0.03584103 0.08732397 1.5000061
v 0.020711942 0.14590062 1.5201193
v -0.017422823 0.13246801 1.4888583
v 0.00059963705 0.17570531 1.50503
v -0.028982272 0.1774314 1.4533575
v -0.031934235 0.14716285 1.4246719
v 0.024631009 0.068478756 1.4928949
v -0.023420747 0.11091529 1.4719559
v -0.03552524 0.12064186 1.3935397
v -0.057837557 0.13746804 1.3702168
v 0.19490413 0.0034079626 1.476651
v 0.18560329 -0.0074245525 1.4493811
v 0.08328274 0.038383543 1.4951031
v -0.026275363 0.08844458 1.4366434
v 0.013919034 0.04800025 1.4612765
v 0.12863277 0.0017624568 1.4636154
v 0.24301326 -0.009236072 1.4284009
v -0.028649935 0.07202613 1.4002932
v 0.07327603 0.020822516 1.4666656
v 0.16374965 -0.029941637 1.4215596
v 0.1128381 -0.021999745 1.4332407
v 0.14478298 -0.0495388 1.3762846
v 0.058857083 -0.0043410547 1.4390814
v 0.21627712 -0.034597397 1.400104
v 0.2608407 -0.021252662 1.3672553
v -0.046895478 0.1034739 1.3682803
v 0.008323026 0.03738014 1.4206653
v -0.036039766 0.06169655 1.369555
v -0.055776093 0.13608864 1.3337948
v -0.06183475 0.16419412 1.2985934
v -0.06879947 0.12377908 1.3115939
v -0.060476717 0.09074685 1.3440492
v 0.29675257 -0.0010646692 1.3261276
v -0.00026217938 0.02853737 1.3846738
v -0.07872562 0.15714334 1.2698817
v -0.044156525 0.19635232 1.2319951
v -0.057276033 0.19150615 1.2115856
v -0.013370699 0.22365947 1.1802574
v -0.10542118 0.15105449 1.2325642
v -0.030855136 0.21952128 1.1552862
v 0.03373501 0.22917949 1.1504964
v 0.019569974 0.22394268 1.1300855
v 0.08525875 0.2319627 1.1311909
v 0.0762283 0.21910137 1.1214616
v 0.03738339 0.2147215 1.0917301
v -0.04945926 0.21816386 1.1306938
v 0.0006164217 0.21253644 1.1080242
v -0.011741366 0.19571516 1.0769572
v 0.025692105 0.19640851 1.0577499
v -0.08611271 0.19373515 1.178894
v -0.06567966 0.21023664 1.0919598
v -0.019999117 0.17805158 1.0449904
v 0.014879117 0.17623761 1.0293769
v -0.029922822 0.16087873 1.0135759
v 0.003403592 0.15511946 1.0018383
v -0.007656588 0.13801986 0.9767013
v -0.079360075 0.19764875 1.0563749
v -0.11349063 0.18659404 1.1372699
v -0.13331607 0.13218242 1.1996524
v -0.09979587 0.10333231 1.2742225
v -0.12899844 0.16952375 1.1013566
v -0.15236515 0.11389873 1.1538419
v -0.09113468 0.1802171 1.022117
v -0.12290561 0.04935527 1.2279599
v -0.08103031 0.07505594 1.2873799
v -0.099528536 0.04498026 1.2644035
v -0.06074863 0.047819614 1.2927178
v -0.058154635 0.08528055 1.307904
v -0.047120698 0.059660427 1.3230557
v -0.008696017 0.025788352 1.3572004
v -0.07244052 -0.030097855 1.2300897
v -0.016731296 0.01938699 1.330156
v -0.13521762 0.03571758 1.1870247
v -0.088859595 -0.041152537 1.1940569
v -0.17058383 0.09779278 1.1058104
v -0.13925205 0.15029036 1.0601968
v 0.03225613 -0.01192405 1.3586378
v 0.020194363 -0.009409396 1.3269836
v -0.024767794 0.009179476 1.3003448
v -0.02000339 -0.0119338 1.2655017
v 0.045428738 -0.01691429 1.3992692
v 0.091872215 -0.032090068 1.3903357
v 0.07800015 -0.034126196 1.3500564
v 0.062897 -0.03541281 1.3133993
v 0.004757962 -0.012207242 1.2939798
v 0.046311308 -0.03158468 1.2813221
v 0.12834194 -0.048103247 1.3348019
v 0.024205593 -0.033825886 1.2453415
v 0.11294338 -0.05377218 1.2969154
v -0.017799411 -0.06021748 1.2135274
v -0.03573459 -0.076609075 1.1826392
v 0.093239404 -0.049392294 1.2606356
v 0.047892116 -0.07633076 1.1849097
v 0.07211697 -0.04772969 1.2281008
v 0.1831692 -0.043496307 1.3150321
v 0.17067836 -0.05158468 1.2769274
v 0.14564297 -0.049721878 1.2383734
v 0.12173977 -0.045083202 1.1991829
v 0.10109279 -0.06921162 1.1591502
v 0.031345487 -0.09202412 1.1563302
v 0.22432154 -0.015656939 1.2301311
v 0.19558986 -0.048965067 1.3628231
v 0.2599624 -0.017439177 1.3014251
v 0.24864833 -0.018283896 1.2593716
v 0.285621 0.013796182 1.2520205
v 0.263099 0.016291305 1.2168304
v 0.2955276 0.04636211 1.2091535
v 0.26744044 0.038561817 1.1807863
v 0.22482082 0.03127422 1.163871
v 0.2489529 0.07420635 1.1365101
v 0.28077114 0.08322002 1.1885258
v 0.26961878 0.13205059 1.1762002
v 0.3043487 0.10665507 1.2005117
v 0.31973416 0.1230955 1.2125565
v 0.32529506 0.14346659 1.2219296
v 0.34238032 0.16266093 1.2438592
v 0.32136348 0.17057842 1.2245376
v 0.270899 0.1569749 1.193849
v 0.29346767 0.16874248 1.2063905
v 0.32034177 0.17971416 1.2177392
v 0.28882992 0.19318584 1.2034694
v 0.2559332 0.20725077 1.1885709
v 0.25130337 0.18434307 1.1693138
v 0.20616908 0.21567363 1.1556123
v 0.2010278 0.2281834 1.166516
v 0.15468106 0.22852275 1.1389743
v 0.2506857 0.16918437 1.1487722
v 0.20450252 0.205283 1.1291234
v 0.23579128 0.14850079 1.1043938
v 0.14896359 0.21986309 1.1126951
v 0.18517086 0.2009593 1.0955669
v 0.0762283 0.21910137 1.1214616
v 0.08525875 0.2319627 1.1311909
v 0.07404446 0.20267804 1.0920036
v 0.03738339 0.2147215 1.0917301
v 0.025692105 0.19640851 1.0577499
v 0.12845302 0.2109471 1.0813255
v 0.059454616 0.18699689 1.0563344
v 0.014879117 0.17623761 1.0293769
v 0.109292254 0.1985301 1.0424371
v 0.16934566 0.18240705 1.0453827
v 0.04666989 0.17138898 1.0233961
v 0.21390864 0.12951398 1.0555133
v 0.09336269 0.18308575 1.0045215
v 0.035512965 0.15427473 0.9906675
v 0.003403592 0.15511946 1.0018383
v -0.007656588 0.13801986 0.9767013
v 0.07823391 0.16301987 0.9686744
v 0.13228603 0.14375961 0.95857346
v 0.15282863 0.16396955 1.000594
v 0.027563138 0.13740951 0.9615858
v 0.1918423 0.11150862 1.0116391
v 0.22457913 0.059548162 1.084997
v 0.011669583 0.106572114 0.9170868
v -0.031405978 0.12101791 0.92968047
v 0.06411404 0.14116439 0.94110787
v 0.21945582 0.030878723 1.1326859
v 0.041950345 0.10652329 0.90456206
v 0.20535915 0.044748366 1.0364001
v 0.20669705 0.015724918 1.0991205
v 0.15316983 -0.027707703 1.1238018
v 0.16753627 0.09288314 0.9692492
v 0.18079922 -0.025847359 1.1746669
v 0.13655423 -0.041931327 1.092119
v 0.1882394 -0.003842946 1.0598633
v 0.18415982 0.02885726 0.9892697
v 0.14497586 0.076525725 0.9346214
v 0.1672134 -0.020774093 1.0210203
v 0.09251919 -0.08571307 1.12805
v 0.11072231 0.12546615 0.92704153
v 0.07446316 0.09419419 0.891527
v 0.16099147 0.015160978 0.9536246
v 0.123089865 -0.05897478 1.0594847
v 0.11428738 0.051889505 0.89005744
v 0.019037748 0.07684556 0.8730878
v 0.03564114 0.073129736 0.8681366
v 0.0030520295 0.056381695 0.85073555
v 0.08887295 0.035568707 0.85897154
v 0.007959256 0.077285014 0.87810814
v -0.01597568 0.085297704 0.883011
v -0.03328342 0.09838853 0.8837934
v -0.054366183 0.10850083 0.88682353
v -0.030076632 0.077895366 0.8530602
v -0.068505585 0.108471535 0.85839695
v -0.072528414 0.10038805 0.82611537
v -0.006822848 0.044423692 0.831766
v -0.012785372 0.049091667 0.79780835
v -0.07114291 0.092429064 0.7940443
v 0.021208158 -0.015234505 0.80103475
v 0.038286403 0.0027610979 0.81415683
v -0.014184909 0.056843136 0.76259947
v -0.06646213 0.088190794 0.7608665
v 0.07158169 0.022678087 0.83560926
v 0.06741665 -0.053506 0.8676672
v 0.047232937 -0.038559705 0.83686763
v 0.09326809 -0.03283217 0.8852807
v -0.0017148161 0.04318592 0.6969197
v -0.053956635 0.07919178 0.68990064
v 0.02136807 -0.009887821 0.77093077
v 0.002396512 0.028308002 0.6239298
v -0.04625583 0.057509664 0.61270165
v -0.042914767 0.037600007 0.54570043
v 0.04458096 -0.0027051924 0.70203614
v 0.06853665 -0.061579727 0.8427695
v 0.08785305 -0.0573512 0.7851005
v 0.07828396 -0.062158335 0.81647325
v 0.0912112 -0.115634896 0.8309128
v 0.07910305 -0.10500014 0.8585212
v 0.005745511 0.022307038 0.5561949
v -0.0001950407 0.018246986 0.5087976
v -0.031471286 0.01826896 0.5041915
v -0.031853974 0.020273363 0.45953405
v 0.00061184407 0.015307541 0.46659264
v 0.0662228 -0.011381914 0.48337173
v 0.050840113 -0.006313579 0.6281645
v 0.09660793 -0.0508131 0.7078192
v 0.051572535 -0.016738372 0.560456
v 0.058161892 -0.014077231 0.513948
v 0.08790615 -0.06289559 0.51558685
v 0.09924465 -0.057275467 0.47389692
v 0.072140165 -0.11021736 0.44372144
v 0.087604634 -0.054509375 0.62459844
v 0.10138088 -0.12001966 0.79400045
v 0.084615745 -0.059816983 0.5604698
v 0.07597561 -0.10920906 0.49670362
v 0.037242703 -0.13247322 0.42807895
v 0.07467251 -0.10593027 0.5566258
v 0.0811697 -0.111357525 0.62432075
v 0.030064968 -0.13488044 0.48241937
v 0.097262226 -0.117710076 0.70833653
v 0.03603726 -0.14297615 0.5460798
v -0.024592012 -0.14096199 0.47111067
v -0.022249484 -0.13938971 0.41542697
v -0.08595676 -0.12749763 0.41144451
v 0.04213345 -0.15455577 0.622652
v -0.022836642 -0.15245858 0.53831995
v 0.051203884 -0.1633839 0.70916736
v -0.088234596 -0.13685066 0.4613307
v 0.06396878 -0.16738783 0.7995932
v 0.06224209 -0.16975111 0.84055465
v -0.008877902 -0.20142835 0.8024519
v -0.02075107 -0.183484 0.71006054
v -0.09520664 -0.15940687 0.79735714
v -0.024587741 -0.17181894 0.617181
v -0.08904575 -0.1456495 0.5342065
v -0.13386631 -0.108410716 0.46480155
v -0.12992954 -0.0965235 0.4191831
v -0.13697177 -0.032284006 0.43896624
v -0.09569492 -0.15808848 0.61335367
v -0.14464694 -0.117295004 0.5303623
v -0.110498995 -0.16732678 0.71085167
v -0.14546116 -0.11654306 0.61017895
v -0.15420872 -0.13493663 0.7038564
v -0.14147495 -0.049675368 0.48101583
v -0.1093137 -0.0039575994 0.49275157
v -0.11044895 0.0030724367 0.4478264
v -0.077531464 0.018344652 0.4540669
v -0.1603464 -0.063054286 0.5281354
v -0.17801486 -0.054472752 0.59745026
v -0.17692173 -0.07508068 0.692381
v -0.14259921 -0.020351648 0.5321484
v -0.17144687 0.0058153323 0.59693986
v -0.077952 0.01814445 0.49539083
v -0.031853974 0.020273363 0.45953405
v -0.031471286 0.01826896 0.5041915
v -0.042914767 0.037600007 0.54570043
v -0.086865574 0.03676993 0.5381952
v -0.04625583 0.057509664 0.61270165
v -0.12268772 0.015859287 0.53357255
v -0.101537816 0.063156635 0.6079755
v -0.053956635 0.07919178 0.68990064
v -0.14344944 0.042082418 0.60453933
v -0.11525913 0.08353016 0.68468213
v -0.12231052 0.096459836 0.7596208
v -0.06646213 0.088190794 0.7608665
v -0.07114291 0.092429064 0.7940443
v -0.16122654 0.06316883 0.68475974
v -0.1243552 0.0966234 0.7972279
v -0.16991733 0.07152331 0.7641583
v -0.18760104 0.025361214 0.69565505
v -0.120861545 0.09650133 0.83810115
v -0.072528414 0.10038805 0.82611537
v -0.068505585 0.108471535 0.85839695
v -0.18371372 -0.04155773 0.69295233
v -0.19493808 -0.034338504 0.77381974
v -0.20119968 0.028632686 0.7759921
v -0.16175449 0.07019762 0.8069741
v -0.108952366 0.0909105 0.872809
v -0.054366183 0.10850083 0.88682353
v -0.15116183 0.06408189 0.850017
v -0.19483921 0.03735094 0.8172461
v -0.10435459 0.09118149 0.9077479
v -0.031405978 0.12101791 0.92968047
v -0.19625095 0.004819201 0.8281476
v -0.18182285 0.033847515 0.8625671
v -0.13865024 0.06640122 0.88613456
v -0.07171909 0.1249559 0.9444364
v -0.04502597 0.14728987 0.98758835
v -0.10369663 0.12645005 0.9522611
v -0.10021885 0.16044906 0.9918644
v -0.14205173 0.1315599 1.0193809
v -0.13988742 0.089543305 0.9301221
v -0.13814244 0.107668296 0.96876264
v -0.1601865 0.085847 1.060875
v -0.14109592 0.019262517 1.0948623
v -0.1424161 0.023054013 1.1412326
v -0.15152073 0.057148274 0.98280776
v -0.17250705 0.04551987 0.89804393
v -0.15984043 0.047775727 0.93551373
v -0.100965306 -0.05277362 1.1520638
v -0.16471286 0.023434896 0.9983734
v -0.17755283 0.02035629 0.94969296
v -0.11511997 -0.058772154 1.101168
v -0.04795749 -0.09004901 1.1421852
v -0.067789644 -0.09544696 1.0977632
v -0.09342136 -0.09951432 1.0229534
v 0.016035428 -0.101157404 1.123097
v -0.16601597 -0.006535808 1.0053712
v -0.017015109 -0.108982116 1.0853562
v 0.04963589 -0.09729754 1.1070722
v 0.020037502 -0.098654956 1.0723184
v 0.07909207 -0.091465026 1.0940878
v 0.062024195 -0.10130144 1.052668
v -0.05842563 -0.104853675 1.0156714
v -0.025389742 -0.11583756 1.0141118
v 0.10451992 -0.06301774 1.0184245
v -0.08722935 -0.103545085 0.9725048
v 0.030166898 -0.12646501 0.99752116
v 0.13834865 -0.037651528 0.9873236
v 0.12605496 -0.0103102075 0.9112477
v 0.093302265 -0.063149564 0.94812465
v 0.07181729 -0.10195328 0.9710301
v 0.07703274 -0.05653335 0.90260494
v 0.07060452 -0.073569484 0.91146404
v 0.04989834 -0.1207814 0.9373738
v 0.0036227081 -0.14430436 0.9666032
v 0.060279813 -0.07699721 0.90014374
v 0.07423611 -0.09219252 0.8823666
v 0.055525783 -0.14276625 0.9049555
v 0.057054102 -0.15793715 0.87408215
v -0.010223117 -0.19720472 0.8486356
v -0.008545871 -0.18805678 0.8904953
v -0.0931583 -0.1687184 0.8537853
v -0.003968844 -0.17180678 0.9291903
v -0.087374605 -0.16132827 0.8988066
v -0.13281406 -0.0976393 0.8875459
v -0.12059299 -0.13936536 0.8445983
v -0.041084323 -0.15883316 0.934774
v -0.14977573 -0.12036146 0.8393855
v -0.036626313 -0.13484634 0.9710378
v -0.07819675 -0.14586441 0.940359
v -0.119690284 -0.10156509 0.9216949
v -0.15517734 -0.13620374 0.7845364
v -0.18089755 -0.07473157 0.7836835
v -0.16991124 -0.0836305 0.8311897
v -0.104245946 -0.10143326 0.97510546
v -0.121153295 -0.08865983 0.97419286
v -0.17175388 -0.06463638 0.9255565
v -0.11666538 -0.079546064 1.0226454
v -0.14721347 -0.056696933 0.9629913
v -0.121885106 -0.03721941 1.0572741
v -0.1289664 -0.056118328 1.0133255
v -0.1513956 -0.03544694 1.0112873
v -0.1826572 -0.014526525 0.96310425
v -0.19122043 0.01532944 0.91428953
v -0.20099826 -0.023391264 0.9248901
v -0.21092746 0.009081887 0.882111
v -0.18544346 -0.07239516 0.89086807
v -0.2157529 -0.03416274 0.8873158
v -0.19025607 -0.07170668 0.8620762
v -0.21258518 -0.00037611637 0.8582086
v -0.21717075 -0.037942033 0.8611064
v -0.1913718 -0.064985484 0.8334013
v -0.20802219 -0.011225722 0.8337628
v -0.21277195 -0.038859997 0.8344491
v 0.09049709 0.0035009305 0.28132737
v 0.11531643 -0.014747361 0.288947
v 0.12212673 -0.0034155755 0.2956494
v 0.107697405 0.015488233 0.28997207
v 0.13722256 0.012296097 0.27634308
v 0.09871609 0.04786372 0.3032518
v 0.04597195 0.008426463 0.30797026
v 0.065075345 0.05605829 0.34907103
v 0.019907499 0.02091913 0.3586569
v 0.12058742 0.028723098 0.27157408
v 0.15096828 0.021340292 0.2501895
v 0.107762106 0.058273878 0.2826161
v 0.12971462 0.039986532 0.24586822
v 0.1587582 0.029038047 0.23373382
v 0.11145229 0.06974726 0.32567856
v 0.027716946 0.041176695 0.3789015
v -0.005240817 0.023655938 0.41093314
v 0.031899076 0.019594656 0.43113083
v 0.00061184407 0.015307541 0.46659264
v 0.08034694 -0.0054517332 0.44845244
v 0.0662228 -0.011381914 0.48337173
v 0.09924465 -0.057275467 0.47389692
v 0.056673244 0.042163018 0.40059844
v 0.07480435 0.029142998 0.41586548
v 0.115134545 0.03285638 0.39237395
v 0.08808926 0.055136655 0.37833342
v 0.12911464 0.06593378 0.3416194
v 0.09681545 0.014636161 0.4234799
v 0.13068691 -0.020803291 0.41882843
v 0.114349626 -0.04324958 0.43934476
v 0.11172756 -0.07510505 0.4228099
v 0.072140165 -0.11021736 0.44372144
v 0.13438076 -0.05746832 0.38810545
v 0.15223415 -0.03561529 0.3548245
v 0.085257836 -0.10869391 0.39633042
v 0.149902 0.00012688997 0.38761628
v 0.1684933 0.016367132 0.34129456
v 0.1501614 0.051064394 0.34923765
v 0.046725124 -0.1321021 0.38024592
v 0.037242703 -0.13247322 0.42807895
v 0.101114154 -0.08927008 0.33823043
v 0.010989041 -0.13926764 0.3682629
v -0.022249484 -0.13938971 0.41542697
v 0.06138821 -0.12326299 0.3119357
v 0.025914578 -0.12892216 0.30421934
v 0.0367532 -0.102376744 0.24583448
v -0.014089083 -0.1387354 0.36940792
v 0.07814358 -0.10956058 0.24534498
v -0.043414034 -0.13250616 0.36836705
v -0.08595676 -0.12749763 0.41144451
v -0.0071652555 -0.13493657 0.30583182
v -0.04217502 -0.12096318 0.30867407
v 0.11666408 -0.080445595 0.25610015
v 0.08197902 -0.08537235 0.21613783
v 0.12531276 -0.056279343 0.3060652
v -0.07871799 -0.122220516 0.36614773
v -0.070451386 -0.11842534 0.30892622
v -0.12755954 -0.08991338 0.37190422
v -0.12992954 -0.0965235 0.4191831
v -0.12637791 -0.087465875 0.3296866
v -0.14715122 -0.05242438 0.38159716
v -0.13697177 -0.032284006 0.43896624
v -0.07010349 -0.10461063 0.25803152
v -0.102299534 -0.08309331 0.2746105
v -0.103583716 -0.069314 0.2543243
v -0.13360935 -0.07863042 0.28463098
v -0.14723484 -0.055452935 0.3410446
v -0.040603977 -0.09957035 0.2558103
v -0.040765107 -0.08175663 0.23097502
v -0.008728976 -0.124064974 0.24151625
v 0.004999051 -0.09623173 0.21018247
v -0.0768735 -0.082545206 0.22091168
v -0.052616913 -0.06959964 0.21576384
v 0.03540921 -0.07813602 0.21927258
v -0.0951572 -0.06539433 0.22763562
v -0.07708957 -0.06497195 0.20267461
v -0.018177219 -0.08753665 0.20309141
v -0.041402314 -0.06666263 0.21833433
v -0.038416475 -0.053354524 0.20625259
v -0.019642062 -0.0776575 0.18919843
v -0.04363742 -0.051762726 0.2093335
v -0.039024387 -0.04879398 0.1966487
v -0.042441133 -0.031394072 0.19594643
v -0.022397188 -0.058612082 0.1572647
v -0.03967624 -0.033814725 0.1668666
v 0.002560086 -0.08152835 0.18556699
v -0.0557883 -0.054677766 0.19925644
v -0.027424045 -0.047249775 0.12703001
v -0.042811006 -0.021500267 0.14169174
v -0.061405975 -0.038818385 0.16806617
v -0.041021455 -0.010705595 0.1745381
v -0.043586154 -0.0062634526 0.15294266
v -0.08148532 -0.046832304 0.16982421
v -0.0648093 -0.030577416 0.14262496
v 0.028926052 -0.07584476 0.20573759
v 0.0021816683 -0.06552004 0.15220352
v 0.026869169 -0.050052512 0.15737852
v -0.09384251 -0.056543 0.20952164
v -0.06690158 -0.024285909 0.12856139
v -0.04630344 -0.000771507 0.13922577
v 0.026979031 -0.06800052 0.18867353
v 0.00064968586 -0.054736346 0.12207793
v -0.06734836 -0.01092165 0.11714294
v -0.04922092 0.011561259 0.12683974
v -0.054416843 0.025562726 0.10753662
v -0.088822976 -0.027615987 0.13062401
v -0.090332985 -0.015617695 0.11693039
v -0.070546605 0.009389632 0.09869247
v -0.0859531 -0.036080346 0.14402464
v -0.09862033 -0.040413845 0.17643799
v -0.10573704 -0.028771996 0.15137695
v -0.07156467 0.023500962 0.081910096
v -0.05800632 0.03990599 0.0919191
v -0.10797825 -0.020009786 0.13812652
v -0.07187229 0.030275866 0.075371705
v -0.059280124 0.04547728 0.08582231
v -0.07361728 0.037789293 0.067668155
v -0.061523777 0.051096175 0.07711091
v -0.06480991 0.062457263 0.06412309
v -0.08011082 0.053480215 0.052722022
v -0.070641816 0.07323607 0.05037187
v -0.09699558 0.030462636 0.06460571
v -0.096396215 0.022471912 0.07183945
v -0.080664404 0.06491088 0.046407327
v -0.10196873 0.0648413 0.046468437
v -0.08117832 0.08437011 0.0415677
v -0.08663059 0.07716064 0.039777994
v -0.10437473 0.079154044 0.03847192
v -0.1030167 0.08866332 0.038974013
v -0.12073643 0.08616698 0.05071893
v -0.11864353 0.07812743 0.04744249
v -0.12162083 0.06764159 0.05548379
v -0.12078098 0.055391833 0.0624302
v -0.12599644 0.08044554 0.06513299
v -0.12594394 0.07028441 0.078029945
v -0.12438999 0.057531722 0.09277879
v -0.10019749 0.049901113 0.054205865
v -0.11777744 0.03726195 0.0753299
v -0.12320591 0.05052855 0.1009765
v -0.1168375 0.029639877 0.08191056
v -0.12217197 0.04480955 0.10764985
v -0.114717744 0.023659654 0.089504085
v -0.119881935 0.03421385 0.12226319
v -0.0951279 0.017189927 0.079486236
v -0.110490456 0.011759015 0.106587976
v -0.118655734 0.019335914 0.14096504
v -0.09169773 0.004328597 0.0988488
v -0.10937839 -0.007275411 0.12555756
v -0.1179105 0.0041589104 0.153646
v -0.11638462 -0.0025158962 0.16571952
v -0.10985141 -0.016402619 0.1877705
v -0.10553196 -0.031356234 0.21171744
v -0.10300266 -0.041198768 0.22622684
v -0.105066866 -0.05556156 0.24026191
v -0.107913546 -0.036414832 0.22871189
v -0.118519016 -0.055815466 0.24294773
v -0.104299046 -0.016746862 0.22046539
v -0.14066257 -0.05466313 0.25115368
v -0.12293308 -0.035681188 0.22350387
v -0.128129 -0.022208285 0.20760879
v -0.10762058 -0.0058044773 0.20942436
v -0.1104752 0.005286833 0.19739376
v -0.14852634 -0.03822514 0.26296732
v -0.14180149 -0.03659916 0.23287643
v -0.14731967 -0.025410192 0.21390556
v -0.13199376 -0.013233673 0.19086051
v -0.14668064 -0.048696335 0.29725775
v -0.13419406 -0.006322051 0.18257125
v -0.11255772 0.012750213 0.18966198
v -0.13768467 0.0005358602 0.1747665
v -0.11563755 0.020480927 0.18187545
v -0.14381382 0.020817844 0.1578318
v -0.12253391 0.03560788 0.16642101
v -0.12914279 0.04850339 0.15506539
v -0.14707248 0.03280393 0.14515023
v -0.131348 0.056132786 0.1489586
v -0.16400912 0.01782224 0.16313839
v -0.15988316 -0.005979033 0.17969425
v -0.1568607 -0.012883331 0.18656145
v -0.15412876 -0.01801883 0.19495223
v -0.158754 -0.014898718 0.22839235
v -0.16884007 -0.006284214 0.21058881
v -0.17287692 -0.0020129725 0.20335302
v -0.17245579 0.014918176 0.2169268
v -0.17539585 0.00623654 0.19595455
v -0.15257725 -0.025465127 0.24608013
v -0.1615134 -0.0005969627 0.23856927
v -0.15196079 -0.0144824665 0.2752329
v -0.1685477 0.008078577 0.22376646
v -0.15646945 -0.008480266 0.2571836
v -0.14984532 0.0102477595 0.26178062
v -0.15262546 -0.015930226 0.30818552
v -0.15447544 0.018934285 0.24707517
v -0.15806308 0.026223106 0.232101
v -0.14371006 0.007570755 0.27865303
v -0.151561 -0.014805965 0.35102803
v -0.11299472 0.024528755 0.31495458
v -0.121652566 0.022175249 0.26838994
v -0.12225132 0.025952108 0.25325543
v -0.14872776 -0.016461244 0.38773113
v -0.110498995 0.025281923 0.37188065
v -0.11044895 0.0030724367 0.4478264
v -0.077531464 0.018344652 0.4540669
v -0.073536105 0.033215273 0.36902022
v -0.12453281 0.035654254 0.24232921
v -0.07709384 0.029543405 0.31461868
v -0.03455478 0.02852777 0.38334763
v -0.031853974 0.020273363 0.45953405
v -0.039999116 0.017525585 0.29847053
v -0.005240817 0.023655938 0.41093314
v 0.00061184407 0.015307541 0.46659264
v -0.0024069548 0.008076118 0.33086333
v 0.019907499 0.02091913 0.3586569
v 0.030169949 0.014290726 0.27570647
v 0.04597195 0.008426463 0.30797026
v -0.0056796595 0.010684768 0.28780258
v -0.03351352 0.0151379 0.24155013
v -0.06585605 0.020943563 0.24540564
v -0.09399265 0.019649617 0.2519536
v 0.07351407 0.013920855 0.2624812
v 0.09049709 0.0035009305 0.28132737
v 0.0015047884 0.011154746 0.23944488
v -0.06903476 0.012255822 0.22943245
v -0.09891086 0.017529259 0.23377372
v 0.045288358 0.007138633 0.23660384
v 0.111672625 -0.012166791 0.26080656
v 0.11531643 -0.014747361 0.288947
v 0.12275478 -0.045964397 0.26075715
v 0.11996547 -0.037410926 0.23281401
v 0.11056911 -0.010113563 0.23221344
v -0.10290073 0.02426388 0.2226908
v 0.08233547 0.0065636816 0.23727691
v 0.11174892 -0.004405553 0.21754058
v 0.11926357 -0.03263187 0.2094165
v 0.113549456 0.0016833172 0.19839996
v 0.12166225 -0.02397464 0.18849547
v 0.12620449 -0.016551541 0.16984527
v 0.0816354 0.007447473 0.2256436
v 0.049593776 -0.0038696644 0.21843566
v 0.082829855 0.012805141 0.21464324
v -0.12884495 0.040008508 0.22760428
v 0.11467678 0.007043427 0.18135986
v 0.12815945 -0.010316188 0.15816101
v 0.032158475 -0.011549108 0.22000687
v 0.004046292 0.002027552 0.21976775
v 0.035805937 -0.014013705 0.20625198
v 0.038060572 -0.0542847 0.2097261
v 0.044402126 -0.054525178 0.21083573
v 0.03933743 -0.04359256 0.19391997
v 0.04591946 -0.04429691 0.19056946
v 0.039432645 -0.027426783 0.16450149
v 0.04883267 -0.001901889 0.20548584
v 0.049856227 -0.03406497 0.17084183
v 0.052211575 0.0028661801 0.18835586
v 0.050516628 -0.02655398 0.15222031
v 0.032714505 0.0004174515 0.17795242
v 0.040388454 -0.015511497 0.14259994
v 0.026288113 0.008387426 0.153721
v 0.04015652 -0.005715353 0.12792465
v 0.004833035 0.011972626 0.18271483
v 0.08213344 0.015557828 0.19787963
v 0.08303371 0.01790036 0.18225372
v 0.055630762 0.0063988976 0.17122054
v 0.05211331 -0.019931663 0.13992889
v 0.11594387 0.013178683 0.17099823
v 0.08466457 0.02178708 0.17168671
v 0.057527736 0.010853245 0.16021591
v 0.11841457 0.018748753 0.161492
v 0.12924099 -0.0030615474 0.14760314
v 0.08547756 0.029988987 0.1636209
v 0.058832057 0.018712133 0.15069228
v 0.05657864 -0.009683859 0.12874039
v 0.061617702 0.005645734 0.11133667
v 0.06387478 0.03200193 0.13264237
v 0.064019434 0.019278549 0.095270686
v 0.119809836 0.03131101 0.14129303
v 0.13089992 0.00915159 0.12923583
v 0.13127834 0.021317119 0.1108844
v 0.089788474 0.043417946 0.14361146
v 0.09462062 0.051867656 0.12120789
v 0.07240811 0.044267558 0.11124909
v 0.06550503 0.027233873 0.08492035
v 0.120544694 0.043220196 0.1208014
v 0.13329005 0.029687483 0.10023133
v 0.07395107 0.050515115 0.10455964
v 0.12285305 0.049559306 0.11242768
v 0.12438686 0.057408426 0.10438844
v 0.13407741 0.037969954 0.090318
v 0.13657252 0.04719481 0.07723969
v 0.09622646 0.05838011 0.115382396
v 0.07525845 0.05924437 0.09558747
v 0.06880825 0.035229478 0.07376465
v 0.072330594 0.043583974 0.06324158
v 0.09782741 0.0681616 0.10683625
v 0.12762478 0.06686644 0.091889046
v 0.09986599 0.07745482 0.09208039
v 0.077383086 0.068229966 0.081919566
v 0.08150295 0.0747058 0.066986404
v 0.07748623 0.052491445 0.05134278
v 0.1285281 0.07495848 0.07698152
v 0.1367825 0.057666004 0.0657364
v 0.1024258 0.08348754 0.07678041
v 0.087043114 0.07807982 0.0562729
v 0.086650044 0.061959222 0.042967845
v 0.12716824 0.07848754 0.063934036
v 0.12997708 0.067939445 0.051183786
v 0.10513149 0.08520385 0.062172864
v 0.09667568 0.07791503 0.046120618
v 0.11079006 0.071856685 0.038684092
v 0.10837246 0.08261229 0.05129457
v 0.12270107 0.07789061 0.051707473
v 0.28635737 0.20274144 1.5340238
v 0.24133083 0.13758276 1.5392731
v 0.27438045 0.16354711 1.503756
v 0.22221737 0.12769505 1.5545617
v 0.26596004 0.16939428 1.5555348
v 0.22225277 0.12015111 1.572834
v 0.21741755 0.14027317 1.6401111
v 0.23127468 0.16309056 1.6122888
v 0.2344479 0.17917453 1.6281374
v 0.26390103 0.1975266 1.5786645
v 0.2683006 0.22007053 1.6075926
v 0.3306927 0.22241919 1.5062551
v 0.36241084 0.25287083 1.5023221
v 0.3732795 0.21818334 1.4857855
v 0.36361566 0.2079099 1.4748858
v 0.38311154 0.20819068 1.4368294
v 0.34094113 0.20754857 1.4891189
v 0.31628093 0.20004125 1.4964699
v 0.3581442 0.19043188 1.484169
v 0.28262508 0.14781225 1.4952248
v 0.28955927 0.12679908 1.4925624
v 0.2796188 0.14827856 1.4947357
v 0.31268078 0.2022727 1.4940076
v 0.2828497 0.12769751 1.489894
v 0.28338283 0.11556372 1.4810543
v 0.3572659 0.16459447 1.4688897
v 0.28738612 0.11551978 1.4823166
v 0.3304043 0.14959204 1.448558
v 0.3319604 0.1465647 1.4513038
v 0.3245367 0.116159424 1.4404935
v 0.3402627 0.14775854 1.4596719
v 0.32676387 0.11534888 1.4427078
v 0.3273907 0.1015403 1.4244272
v 0.3306576 0.10061988 1.4258629
v 0.345509 0.12897438 1.4177916
v 0.34808865 0.123237066 1.4453076
v 0.36084163 0.15210913 1.447659
v 0.3478497 0.12786599 1.4191275
v 0.35425684 0.16970436 1.4339978
v 0.3563513 0.16749977 1.4360297
v 0.35583705 0.13460182 1.4126849
v 0.35236904 0.12510718 1.4268013
v 0.35889307 0.15156226 1.4380975
v 0.3664126 0.17030007 1.4463266
v 0.36216822 0.12539284 1.4134567
v 0.3681219 0.15198463 1.3984228
v 0.3659454 0.1529563 1.3993365
v 0.36426175 0.12706766 1.3684137
v 0.3828787 0.16842994 1.4188501
v 0.3771142 0.17655495 1.4023788
v 0.37838376 0.14042214 1.3708215
v 0.3964532 0.20890845 1.4168423
v 0.41466334 0.23018287 1.4293734
v 0.42437723 0.24769996 1.4183536
v 0.38312373 0.19967262 1.3922836
v 0.3806451 0.18079811 1.3676033
v 0.37349454 0.14678444 1.3571647
v 0.36171383 0.14399636 1.3585002
v 0.32249537 0.2132517 1.537623
v 0.36241084 0.25287083 1.5023221
v 0.3306927 0.22241919 1.5062551
v 0.2886947 0.19260961 1.5650833
v 0.30861124 0.2325974 1.5586691
v 0.2680993 0.19600317 1.5777113
v 0.31671917 0.2321018 1.5762715
v 0.26707286 0.18904515 1.6126443
v 0.31266612 0.2425388 1.5806887
v 0.27396283 0.21707493 1.60846
v 0.2893278 0.20080541 1.5358518
v 0.25462353 0.18833959 1.5687197
v 0.30307263 0.1780271 1.5366926
v 0.31628093 0.20004125 1.4964699
v 0.25091532 0.19092016 1.5687933
v 0.28635737 0.20274144 1.5340238
v 0.26390103 0.1975266 1.5786645
v 0.26596004 0.16939428 1.5555348
v 0.23127468 0.16309056 1.6122888
v 0.27172938 0.16585669 1.5580976
v 0.22579983 0.11645237 1.5740255
v 0.22225277 0.12015111 1.572834
v 0.22221737 0.12769505 1.5545617
v 0.26664302 0.14374243 1.539889
v 0.27628413 0.16200903 1.5055053
v 0.31268078 0.2022727 1.4940076
v 0.27438045 0.16354711 1.503756
v 0.24133083 0.13758276 1.5392731
v 0.23909344 0.15944797 1.6137938
v 0.22500819 0.12638889 1.5547259
v 0.24384364 0.1362058 1.5399339
v 0.22063991 0.13696018 1.6398746
v 0.21741755 0.14027317 1.6401111
v 0.24737361 0.16635714 1.6255801
v 0.24171367 0.17582248 1.629761
v 0.2344479 0.17917453 1.6281374
v 0.2683006 0.22007053 1.6075926
v 0.42437723 0.24769996 1.4183536
v 0.42156002 0.22280738 1.3841183
v 0.38312373 0.19967262 1.3922836
v 0.3806451 0.18079811 1.3676033
v 0.41210046 0.21964088 1.3654978
v 0.39046994 0.19674781 1.3578557
v 0.41632074 0.19595438 1.3366286
v 0.43463558 0.2360203 1.3389738
v 0.39386865 0.18601297 1.3439397
v 0.37349454 0.14678444 1.3571647
v 0.41968134 0.20972635 1.3081056
v 0.4671597 0.25912333 1.3204657
v 0.37694454 0.17755593 1.3196015
v 0.37145716 0.15067849 1.3191795
v 0.38123652 0.14816384 1.3381693
v 0.36726436 0.12783669 1.3285948
v 0.3663949 0.11960183 1.3402013
v 0.36171383 0.14399636 1.3585002
v 0.3612698 0.11870583 1.3357432
v 0.35858822 0.12034401 1.3349516
v 0.346748 0.10043435 1.3283876
v 0.4198013 0.20170876 1.2920005
v 0.45483485 0.24399637 1.2947376
v 0.38311 0.18891825 1.3070381
v 0.3668838 0.17679666 1.2774284
v 0.41408595 0.21332742 1.2754478
v 0.44155726 0.24756815 1.2786179
v 0.4255218 0.21861795 1.2657684
v 0.42599726 0.22659646 1.2524221
v 0.37029138 0.1978782 1.239776
v 0.34976313 0.09979226 1.3280995
v 0.34758082 0.092372835 1.3161018
v 0.3685699 0.10726784 1.3239988
v 0.35051325 0.0929075 1.3166441
v 0.34987238 0.093866974 1.3085399
v 0.36184657 0.10337381 1.3063997
v 0.35282436 0.0944285 1.3079344
v 0.35406247 0.106699005 1.307458
v 0.36000666 0.12365701 1.3168696
v 0.3630987 0.12843972 1.3277485
v 0.36769342 0.15008523 1.3211849
v 0.369631 0.14088358 1.3097426
v 0.36740717 0.13988504 1.3091753
v 0.37241268 0.12766336 1.293303
v 0.35918087 0.12833719 1.2977672
v 0.3713836 0.16109598 1.2815825
v 0.35982844 0.15134256 1.2815312
v 0.35751522 0.15288553 1.2825203
v 0.34248897 0.11901835 1.2511581
v 0.36919826 0.14073709 1.2648827
v 0.36952966 0.1368699 1.2472965
v 0.36565426 0.18142313 1.2566863
v 0.3464053 0.12665263 1.2387924
v 0.337951 0.12625223 1.2421985
v 0.3534704 0.16356423 1.2430044
v 0.34459528 0.16169412 1.2414913
v 0.34238032 0.16266093 1.2438592
v 0.32136348 0.17057842 1.2245376
v 0.3485403 0.16665997 1.223938
v 0.32144833 0.16938701 1.221705
v 0.32034177 0.17971416 1.2177392
v 0.36803067 0.19969705 1.2427642
v 0.32053462 0.17051739 1.2125424
v 0.33853176 0.082250744 1.3765196
v 0.35514125 0.1139402 1.3830218
v 0.33723965 0.084426045 1.3713439
v 0.35908228 0.112336196 1.3855832
v 0.36256465 0.13711646 1.4001952
v 0.34906062 0.08677467 1.3950769
v 0.32938075 0.08640602 1.3969146
v 0.33983487 0.109552994 1.4099604
v 0.35822412 0.11100075 1.4090216
v 0.3495785 0.12999977 1.411608
v 0.003332181 0.006832241 0.20862213
v -0.024487032 -0.009875522 0.20727096
v -0.02502109 0.0019933784 0.18265487
v -0.023638034 -0.007000768 0.22067092
v -0.0420676 0.0052575325 0.2204975
v -0.038416475 -0.053354524 0.20625259
v -0.039024387 -0.04879398 0.1966487
v -0.03967624 -0.033814725 0.1668666
v -0.04363742 -0.051762726 0.2093335
v -0.042811006 -0.021500267 0.14169174
v -0.040955536 0.0069958153 0.20954093
v -0.042441133 -0.031394072 0.19594643
v -0.041021455 -0.010705595 0.1745381
v -0.024695773 0.007360814 0.15665558
v -0.043636203 -0.013125021 0.12971145
v 0.0018313264 0.013897679 0.1588707
v -0.025325656 0.012180151 0.1459758
v -0.042529024 -0.0036670114 0.11837204
v 0.025346952 0.015740944 0.14242218
v -0.025319552 0.020728737 0.1362178
v -0.04149875 0.01865599 0.09473709
v 0.0007284212 0.019217504 0.14813812
v 0.024935573 0.02378904 0.13343567
v 0.03800076 0.004467754 0.11696594
v 0.03329739 0.024704576 0.09242859
v -0.0268967 0.03857664 0.11097596
v -0.04266452 0.035068348 0.07770691
v 0.0010329866 0.028128637 0.13912064
v 0.022751126 0.039549544 0.10706605
v -0.02656711 0.050865464 0.090677194
v -0.04171787 0.04182494 0.06958405
v 0.00047939777 0.045006085 0.113771066
v 0.020046659 0.049774155 0.086976476
v 0.030243801 0.039479967 0.0746196
v 0.029540066 0.044615466 0.068463296
v -0.0017001677 0.05502684 0.09413896
v -0.027681002 0.055869125 0.081830144
v 0.019906277 0.054843735 0.08041932
v 0.019613918 0.06338865 0.074496776
v 0.029091457 0.0527246 0.06117646
v 0.029136013 0.06443358 0.045209054
v -0.002813449 0.06184691 0.0871219
v -0.028026462 0.06296752 0.07558274
v -0.04125461 0.049094226 0.062216803
v -0.040599704 0.05775878 0.04663865
v -0.0033090543 0.068854965 0.0814473
v 0.01970242 0.07772948 0.061003126
v -0.029100679 0.07500121 0.06264329
v -0.03828647 0.06815185 0.027830364
v -0.0051254607 0.08252806 0.06805604
v 0.016042752 0.089431144 0.044493422
v 0.026688503 0.075926505 0.030249035
v -0.029652437 0.08514403 0.04733827
v -0.0077585173 0.09313963 0.0507097
v 0.012701077 0.09424193 0.03122438
v 0.013253446 0.08426636 0.010123
v -0.027306857 0.09194701 0.034639753
v -0.030118136 0.07787719 0.014004377
v -0.009334445 0.09771361 0.03656389
v -0.023518404 0.093470454 0.022657331
v -0.0071097133 0.085023195 0.004398207
v -0.009602389 0.09792114 0.02304262
v 0.0055831573 0.09580078 0.02144777
v -0.029701876 -0.038066424 0.113804765
v -0.043636203 -0.013125021 0.12971145
v 0.00038967608 -0.04598024 0.106270894
v 0.00069485186 -0.033212904 0.09353606
v -0.030425753 -0.025876481 0.10123947
v -0.042529024 -0.0036670114 0.11837204
v -0.029526094 0.00017088519 0.081312105
v -0.04149875 0.01865599 0.09473709
v 0.030628933 -0.03824709 0.12856688
v 0.03189114 -0.029660663 0.115064226
v -0.033420138 0.015750723 0.06144257
v -0.04266452 0.035068348 0.07770691
v -0.03474338 0.021890858 0.0532103
v -0.04171787 0.04182494 0.06958405
v -0.0039963103 0.0053686434 0.053578034
v 0.040388454 -0.015511497 0.14259994
v 0.039432645 -0.027426783 0.16450149
v 0.03933743 -0.04359256 0.19391997
v 0.038060572 -0.0542847 0.2097261
v 0.04015652 -0.005715353 0.12792465
v 0.03013455 -0.017860124 0.10216674
v 0.03800076 0.004467754 0.11696594
v 0.025256619 0.0026013055 0.0786792
v 0.03329739 0.024704576 0.09242859
v 0.030243801 0.039479967 0.0746196
v 0.03841458 -0.070019566 0.21229246
v 0.044402126 -0.054525178 0.21083573
v 0.056871608 -0.07394412 0.20432097
v 0.060718045 -0.06658084 0.1921536
v 0.04591946 -0.04429691 0.19056946
v 0.08592312 -0.07369876 0.19867001
v 0.065821804 -0.054783963 0.16828063
v 0.049856227 -0.03406497 0.17084183
v 0.10580227 -0.069697306 0.22465055
v 0.09022731 -0.060151394 0.17110716
v 0.06888333 -0.04711184 0.14523436
v 0.050516628 -0.02655398 0.15222031
v 0.09478908 -0.05130007 0.14667541
v 0.1094717 -0.047688015 0.17732757
v 0.07079007 -0.039544698 0.13113035
v 0.05211331 -0.019931663 0.13992889
v 0.0970303 -0.04400393 0.1338568
v 0.07373684 -0.027664814 0.11964721
v 0.05657864 -0.009683859 0.12874039
v 0.12275478 -0.045964397 0.26075715
v 0.11996547 -0.037410926 0.23281401
v 0.11531643 -0.014747361 0.288947
v 0.11926357 -0.03263187 0.2094165
v 0.13999355 -0.033674367 0.31558928
v 0.12212673 -0.0034155755 0.2956494
v 0.10761257 -0.057883333 0.20416656
v 0.12166225 -0.02397464 0.18849547
v 0.15716152 -0.013837942 0.3136252
v 0.11608791 -0.04011965 0.15596923
v 0.12620449 -0.016551541 0.16984527
v 0.11870876 -0.034294456 0.14355925
v 0.12815945 -0.010316188 0.15816101
v 0.16731837 0.009246779 0.29080778
v 0.13722256 0.012296097 0.27634308
v 0.15096828 0.021340292 0.2501895
v 0.17697048 0.032214306 0.3124194
v 0.09749661 -0.03398073 0.122098684
v 0.119776875 -0.025805686 0.13147949
v 0.12924099 -0.0030615474 0.14760314
v 0.13089992 0.00915159 0.12923583
v 0.1809164 0.02627437 0.26346833
v 0.16387416 0.055969186 0.32140747
v 0.1188113 -0.009807147 0.11447601
v 0.10028103 -0.017615983 0.10568389
v 0.18680568 0.033883017 0.24928832
v 0.1587582 0.029038047 0.23373382
v 0.191907 0.054883983 0.28050506
v 0.14278713 0.07630854 0.31382233
v 0.12240383 0.0018554529 0.09712432
v 0.13127834 0.021317119 0.1108844
v 0.103330344 -0.0043554828 0.08813446
v 0.106096454 0.0031542846 0.074295655
v 0.12555203 0.010411364 0.08370239
v 0.13329005 0.029687483 0.10023133
v 0.12588161 0.018995348 0.07457337
v 0.13407741 0.037969954 0.090318
v 0.18145718 0.07905391 0.28856355
v 0.12558925 0.079993844 0.3014142
v 0.12460232 0.034624014 0.061435245
v 0.13657252 0.04719481 0.07723969
v 0.1367825 0.057666004 0.0657364
v 0.10786037 0.013378895 0.06602844
v 0.12713161 0.047902822 0.0536081
v 0.12997708 0.067939445 0.051183786
v 0.10808254 0.029881582 0.054310612
v 0.15639186 0.094405465 0.28529635
v 0.123954125 0.070678666 0.2559363
v 0.08589626 0.017778309 0.064297795
v 0.13798915 0.092529245 0.27259308
v 0.13613796 0.04254513 0.23113036
v 0.13926601 0.050275844 0.21658233
v 0.1274197 0.08642208 0.22575715
v 0.1644955 0.0382983 0.22380005
v 0.14733914 0.057293665 0.20140961
v 0.1700137 0.050640836 0.21083282
v 0.16949551 0.06055172 0.19576326
v 0.124998435 0.07745113 0.24286988
v 0.14054592 0.10012203 0.26085725
v 0.16170925 0.10232173 0.27249452
v 0.14709987 0.107043415 0.25009522
v 0.18694973 0.087420605 0.2757489
v 0.19851528 0.061647903 0.26751587
v 0.18673061 0.04473873 0.23724487
v 0.1644955 0.0382983 0.22380005
v 0.198027 0.06759517 0.25339693
v 0.18625942 0.057280235 0.2207193
v 0.1700137 0.050640836 0.21083282
v 0.18592067 0.093532674 0.2611548
v 0.1674319 0.10560054 0.25858644
v 0.19570094 0.07594357 0.23639864
v 0.15259425 0.11518673 0.23468782
v 0.18726406 0.09930782 0.24412721
v 0.13344508 0.095510215 0.20962556
v 0.15718837 0.06696164 0.1878296
v 0.14891262 0.10468747 0.19161959
v 0.16726345 0.07732297 0.17892061
v 0.1746603 0.0725488 0.1823575
v 0.17486721 0.08587521 0.17602846
v 0.17906642 0.10908444 0.18058228
v 0.17259547 0.11004024 0.24454866
v 0.15955654 0.12079097 0.2200989
v 0.16318446 0.10784787 0.1827234
v 0.17238735 0.12528804 0.2055652
v 0.18212673 0.121674776 0.1963852
v 0.18228419 0.12217037 0.21101809
v 0.17842312 0.11631221 0.23069613
v 0.19033657 0.1039172 0.23162019
v 0.1900021 0.11416988 0.21524721
v 0.18228419 0.12217037 0.21101809
v 0.19404994 0.08147457 0.22593904
v 0.18943813 0.1155322 0.20134462
v 0.19071132 0.102115445 0.18944277
v 0.18212673 0.121674776 0.1963852
v 0.17906642 0.10908444 0.18058228
v 0.17486721 0.08587521 0.17602846
v 0.1928451 0.093428925 0.20459199
v 0.1860281 0.06461789 0.21216553
v 0.18275662 0.07248898 0.19506197
v 0.18298732 0.08260251 0.18279146
v 0.1746603 0.0725488 0.1823575
v 0.17646694 0.059155237 0.20242067
v 0.16949551 0.06055172 0.19576326
v 0.07792629 -0.011712663 0.10439941
v 0.061617702 0.005645734 0.11133667
v 0.079714626 0.0010302594 0.085916445
v 0.064019434 0.019278549 0.095270686
v 0.081117205 0.008581531 0.07412659
v 0.06550503 0.027233873 0.08492035
v 0.06880825 0.035229478 0.07376465
v 0.089432634 0.033364248 0.05237702
v 0.072330594 0.043583974 0.06324158
v 0.07748623 0.052491445 0.05134278
v 0.09121731 0.045091543 0.044904795
v 0.086650044 0.061959222 0.042967845
v 0.11005825 0.0454016 0.045397654
v 0.09493984 0.05564819 0.037442636
v 0.11079006 0.071856685 0.038684092
v 0.112548485 0.060178217 0.036195688
v 0.12670986 0.057947986 0.04594575
v -0.0022629118 -0.00954591 0.07254547
v 0.024310574 0.016055899 0.059997715
v -0.0033652065 0.011249993 0.044528197
v 0.022191433 0.020504143 0.050364535
v 0.029540066 0.044615466 0.068463296
v -0.0038095426 0.020659175 0.03444458
v 0.020912137 0.029085686 0.04131287
v 0.029091457 0.0527246 0.06117646
v 0.014887967 0.04313354 0.026786812
v 0.029136013 0.06443358 0.045209054
v 0.026688503 0.075926505 0.030249035
v -0.033643525 0.029420158 0.043713994
v -0.02701999 0.045100093 0.025913855
v -0.04125461 0.049094226 0.062216803
v -0.040599704 0.05775878 0.04663865
v -0.03828647 0.06815185 0.027830364
v -0.0059543177 0.04103515 0.02236695
v 0.01616116 0.058266595 0.018098764
v 0.013253446 0.08426636 0.010123
v -0.0061777066 0.05623779 0.012685709
v -0.028044771 0.060358882 0.018374033
v -0.030118136 0.07787719 0.014004377
v -0.024085421 0.07128906 0.009158794
v -0.0070315883 0.07322632 0.0024978756
v -0.0071097133 0.085023195 0.004398207
v 0.011194729 0.07057129 0.008053143
v -0.18869662 0.074517794 0.15212545
v -0.18769932 0.061096165 0.13584733
v -0.19078037 0.08317747 0.1417558
v -0.18577182 0.063688934 0.16439058
v -0.18983433 0.07356077 0.13220482
v -0.1889365 0.09073484 0.13195243
v -0.18882725 0.08379148 0.12530088
v -0.17785679 0.093118876 0.11763694
v -0.17653659 0.07066893 0.121272095
v -0.18025912 0.084711894 0.116588615
v -0.16594455 0.0808032 0.111920096
v -0.15890598 0.09057005 0.11557852
v -0.16016696 0.070216045 0.1162822
v -0.14841464 0.079576395 0.118474126
v -0.1753458 0.057838116 0.12650599
v -0.15746616 0.05989744 0.12045247
v -0.13978855 0.07126585 0.13066441
v -0.13406101 0.06266721 0.14256623
v -0.15070224 0.045821507 0.13215256
v -0.18698825 0.052152075 0.15236132
v -0.14879733 0.038763404 0.13808744
v -0.17332493 0.04122312 0.13590842
v -0.16875157 0.030227026 0.1494268
v -0.17175327 0.03561643 0.1417414
v -0.18546298 0.046574682 0.15872964
v -0.1784531 0.025617646 0.17741081
v -0.183093 0.039202854 0.16389324
v -0.18404147 0.05748654 0.17109057
v -0.17522861 0.02183224 0.20935223
v -0.18228489 0.05178586 0.17725746
v -0.17964755 0.03984738 0.19083229
v -0.16328464 0.038941614 0.21596305
v -0.16818272 0.05542599 0.19811597
v -0.16935886 0.06449216 0.1823644
v -0.1715018 0.06984738 0.17606287
v -0.14367954 0.063917205 0.19495174
v -0.15994664 0.031547815 0.22260115
v -0.13658482 0.05080563 0.21298234
v -0.13346103 0.04532833 0.2198627
v -0.15145664 0.06887692 0.17919604
v -0.17434421 0.07606076 0.16925839
v -0.18869662 0.074517794 0.15212545
v -0.10968662 0.02743527 0.21009517
v -0.12429538 0.053747527 0.17950146
v -0.112704195 0.03334103 0.20257862
v -0.115334205 0.040069547 0.19696769
v -0.11255772 0.012750213 0.18966198
v -0.1104752 0.005286833 0.19739376
v -0.11563755 0.020480927 0.18187545
v -0.10762058 -0.0058044773 0.20942436
v -0.12253391 0.03560788 0.16642101
v -0.104299046 -0.016746862 0.22046539
v -0.107913546 -0.036414832 0.22871189
v -0.13245578 0.061181612 0.1668958
v -0.12914279 0.04850339 0.15506539
v -0.131348 0.056132786 0.1489586
v -0.093978 -0.0050159064 0.22936447
v -0.10300266 -0.041198768 0.22622684
v -0.13488743 0.06961789 0.1610592
v -0.0955814 -0.0002856806 0.22151542
v -0.10553196 -0.031356234 0.21171744
v -0.10985141 -0.016402619 0.1877705
v -0.070763886 0.01608883 0.21958625
v -0.09829014 0.010742155 0.19766898
v -0.11638462 -0.0025158962 0.16571952
v -0.15305881 0.076829806 0.17334945
v -0.13697177 0.07622068 0.15475205
v -0.13406101 0.06266721 0.14256623
v -0.13978855 0.07126585 0.13066441
v -0.044502903 0.015638396 0.18733093
v -0.07424717 0.023830535 0.19735657
v -0.10149814 0.021391572 0.1764566
v -0.1179105 0.0041589104 0.153646
v -0.15491611 0.083703585 0.16747011
v -0.1408878 0.0851074 0.14316534
v -0.050016817 0.021743137 0.16672897
v -0.043586154 -0.0062634526 0.15294266
v -0.04630344 -0.000771507 0.13922577
v -0.07750827 0.029602021 0.1768193
v -0.10435276 0.028530246 0.16608925
v -0.118655734 0.019335914 0.14096504
v -0.051241793 0.027818577 0.15749878
v -0.078368865 0.036910374 0.16769065
v -0.10497043 0.037830785 0.1552517
v -0.119881935 0.03421385 0.12226319
v -0.054429658 0.035808083 0.14691529
v -0.04922092 0.011561259 0.12683974
v -0.06061313 0.04956663 0.12608902
v -0.054416843 0.025562726 0.10753662
v -0.05800632 0.03990599 0.0919191
v -0.07865878 0.045692112 0.15711747
v -0.10623203 0.051472142 0.13416818
v -0.12217197 0.04480955 0.10764985
v -0.08209934 0.057824682 0.13511002
v -0.10759311 0.06053831 0.11595635
v -0.12320591 0.05052855 0.1009765
v -0.06586216 0.059211407 0.10936326
v -0.059280124 0.04547728 0.08582231
v -0.08505283 0.06591551 0.11731255
v -0.06551547 0.066479474 0.10280106
v -0.08548374 0.0746118 0.11260438
v -0.107844576 0.06849729 0.110709004
v -0.06603427 0.07200438 0.09669602
v -0.061523777 0.051096175 0.07711091
v -0.08584812 0.0814343 0.106744014
v -0.109074436 0.07609495 0.10451142
v -0.12438999 0.057531722 0.09277879
v -0.12594394 0.07028441 0.078029945
v -0.068277925 0.083028555 0.08354127
v -0.06480991 0.062457263 0.06412309
v -0.11181553 0.08745603 0.091498956
v -0.087401465 0.092116676 0.09314867
v -0.07326999 0.09259886 0.066805124
v -0.070641816 0.07323607 0.05037187
v -0.11324619 0.096135244 0.07589441
v -0.12599644 0.08044554 0.06513299
v -0.09228672 0.09986571 0.075657435
v -0.080479465 0.09684081 0.054793563
v -0.08117832 0.08437011 0.0415677
v -0.113287084 0.10001586 0.06307244
v -0.12073643 0.08616698 0.05071893
v -0.095118746 0.1026599 0.0606727
v -0.10934848 0.098991685 0.0496058
v -0.1030167 0.08866332 0.038974013
v -0.09941623 0.1001953 0.048518766
v -0.09050205 0.09855468 0.047689527
v -0.14728671 0.09213987 0.12991713
v -0.14841464 0.079576395 0.118474126
v -0.15794773 0.09563962 0.1210803
v -0.15890598 0.09057005 0.11557852
v -0.17785679 0.093118876 0.11763694
v -0.1627219 0.09974974 0.14196388
v -0.16873752 0.10110716 0.1292903
v -0.18138401 0.0986865 0.13254285
v -0.1889365 0.09073484 0.13195243
v -0.18093723 0.09489622 0.14522281
v -0.19078037 0.08317747 0.1417558
v -0.1589133 0.092856415 0.15581341
v -0.17799656 0.08594845 0.1581604
v 0.36250666 0.09434305 1.2777052
v 0.3630459 0.12234842 1.2940693
v 0.35179102 0.11176492 1.2839818
v 0.34079617 0.08027078 1.2885053
v 0.35152766 0.06665262 1.2881238
v 0.34209132 0.08020487 1.3043678
v 0.36559778 0.09598368 1.2952088
v 0.35118097 0.07120585 1.3011513
v 0.35421076 0.092929475 1.3066114
v 0.34959498 0.09663065 1.3067943
v 0.35831293 0.10114725 1.304976
v 0.35694638 0.1192283 1.2954555
v 0.33557644 0.09363261 1.2333264
v 0.3283682 0.10999003 1.2463843
v 0.32197016 0.094653115 1.2405288
v 0.3202798 0.08687724 1.2398531
v 0.33812618 0.10790751 1.2427496
v 0.33820552 0.11864969 1.2628214
v 0.3348428 0.08103984 1.2386234
v 0.3221249 0.07905253 1.2466087
v 0.32952875 0.07781718 1.2552904
v 0.34879726 0.09184794 1.2427058
v 0.3409564 0.0831663 1.251339
v 0.33886594 0.09692362 1.2677101
v 0.34962183 0.099355265 1.2551228
v 0.35018092 0.11604715 1.259048
v 0.2977734 0.13632059 1.2023028
v 0.30118525 0.13673563 1.2003793
v 0.31055018 0.13863505 1.2124047
v 0.285032 0.1271751 1.185631
v 0.31342128 0.13695292 1.2098215
v 0.31121913 0.123381145 1.2096325
v 0.28635556 0.117631644 1.1779922
v 0.27859005 0.11731426 1.1798187
v 0.27655268 0.10543682 1.1817298
v 0.31227657 0.12533426 1.2034036
v 0.3121667 0.1229661 1.2070553
v 0.28462216 0.09957744 1.1874846
v 0.29439998 0.10314434 1.1827312
vt 0.01661086 0.0807922
vt 0.024159312 0.0815763
vt 0.02576828 0.08274408
vt 0.88445306 0.93864894
vt 0.8951366 0.9218725
vt 0.8964462 0.94655883
vt 0.8821311 0.9136883
vt 0.89284515 0.8959366
vt 0.87277246 0.9314616
vt 0.90579414 0.90635717
vt 0.85951304 0.9246664
vt 0.9184909 0.89004207
vt 0.8680508 0.90566957
vt 0.8417015 0.91690946
vt 0.90840554 0.87711954
vt 0.93592644 0.8787898
vt 0.9254017 0.86166227
vt 0.9049313 0.8511342
vt 0.9230981 0.83866227
vt 0.8932619 0.8252752
vt 0.9267647 0.8255975
vt 0.929219 0.80984676
vt 0.89029765 0.86662185
vt 0.87832975 0.88467634
vt 0.85070395 0.89794874
vt 0.822433 0.9034841
vt 0.8341558 0.884045
vt 0.8616338 0.8745022
vt 0.84594274 0.8629495
vt 0.8722012 0.8544754
vt 0.85685253 0.84279203
vt 0.8814368 0.8398789
vt 0.8646352 0.82730687
vt 0.88226366 0.81317425
vt 0.8546796 0.80371773
vt 0.9062722 0.80908597
vt 0.9272883 0.7919644
vt 0.8980174 0.7951118
vt 0.88073087 0.79502094
vt 0.88593316 0.7785113
vt 0.85850525 0.78396964
vt 0.8377068 0.79733336
vt 0.8597224 0.76942265
vt 0.84010863 0.77661264
vt 0.85825896 0.75238883
vt 0.8245094 0.77379847
vt 0.8327532 0.7465079
vt 0.8191204 0.7418915
vt 0.46917534 0.6525067
vt 0.4424734 0.6425698
vt 0.46917534 0.62785465
vt 0.44615173 0.66502446
vt 0.41603398 0.66930616
vt 0.46917534 0.6730751
vt 0.43820918 0.6929437
vt 0.41583502 0.69160134
vt 0.46917522 0.68813527
vt 0.43635213 0.70215607
vt 0.46917522 0.70215607
vt 0.40775204 0.4308335
vt 0.40477967 0.41348138
vt 0.43977427 0.41348138
vt 0.43977427 0.4308335
vt 0.6705313 0.453857
vt 0.6809982 0.44979694
vt 0.6797575 0.45461828
vt 0.6733445 0.4481943
vt 0.679281 0.44528225
vt 0.68729556 0.44424537
vt 0.6774421 0.44195548
vt 0.68418205 0.44232354
vt 0.69297004 0.44336203
vt 0.6785867 0.4395888
vt 0.6670151 0.43703845
vt 0.68655646 0.4342104
vt 0.6832075 0.4281561
vt 0.6790955 0.42102718
vt 0.69064593 0.43093365
vt 0.69354343 0.41861987
vt 0.69919014 0.44114307
vt 0.69528556 0.44676214
vt 0.6847166 0.41173428
vt 0.6764333 0.41701132
vt 0.70777535 0.4305845
vt 0.71266294 0.45908335
vt 0.69556475 0.45343858
vt 0.70629585 0.46761668
vt 0.6891217 0.46134475
vt 0.69350564 0.4751829
vt 0.6855215 0.4748035
vt 0.6984768 0.40891925
vt 0.6985488 0.48336986
vt 0.6935195 0.49205682
vt 0.70373094 0.49151754
vt 0.7087109 0.49108556
vt 0.7054827 0.50533336
vt 0.7216954 0.4870574
vt 0.7329463 0.4836558
vt 0.7241566 0.4968898
vt 0.76102304 0.48791292
vt 0.73765373 0.47478122
vt 0.7470392 0.50768816
vt 0.7185304 0.5095007
vt 0.7481781 0.5137223
vt 0.71666944 0.45483792
vt 0.77747726 0.50645435
vt 0.74802446 0.52218544
vt 0.7497699 0.52925444
vt 0.7310653 0.54080534
vt 0.78124213 0.49107015
vt 0.80819964 0.49488333
vt 0.76450086 0.47376648
vt 0.80909383 0.47667792
vt 0.83235073 0.4940915
vt 0.7264426 0.4422683
vt 0.74135387 0.4680931
vt 0.7863046 0.47442004
vt 0.8312769 0.47590494
vt 0.8563688 0.48959857
vt 0.714458 0.419136
vt 0.74653745 0.4514561
vt 0.76564145 0.46781358
vt 0.8075292 0.46894473
vt 0.8561951 0.47247094
vt 0.8784628 0.48538876
vt 0.8834852 0.46562558
vt 0.894624 0.48104775
vt 0.905241 0.45822757
vt 0.89801216 0.44234926
vt 0.8546128 0.46367976
vt 0.8787682 0.4558401
vt 0.8905995 0.42679185
vt 0.9009658 0.4170145
vt 0.78687584 0.46819338
vt 0.7871431 0.45702052
vt 0.8303406 0.46763584
vt 0.87446856 0.44043666
vt 0.852895 0.44857028
vt 0.80850816 0.45683193
vt 0.76530385 0.45595708
vt 0.871279 0.4248796
vt 0.82959104 0.45405492
vt 0.79100823 0.44256896
vt 0.8092058 0.44153145
vt 0.7915032 0.42404252
vt 0.8288578 0.4393632
vt 0.77133775 0.44102725
vt 0.7518008 0.43757504
vt 0.8868964 0.41395628
vt 0.8522279 0.4323009
vt 0.869743 0.41144872
vt 0.9025998 0.4030241
vt 0.91623414 0.39259896
vt 0.8991282 0.39186597
vt 0.8841574 0.4020686
vt 0.73273444 0.4312195
vt 0.8514569 0.41746354
vt 0.91639805 0.37967262
vt 0.94147754 0.3769254
vt 0.9406965 0.36771244
vt 0.96353805 0.3650113
vt 0.9167694 0.36234295
vt 0.9615301 0.35415888
vt 0.9805052 0.36157644
vt 0.98034 0.35329568
vt 0.99446166 0.3662684
vt 0.99446166 0.36097813
vt 0.99446166 0.3440645
vt 0.95991004 0.3434861
vt 0.9786217 0.34261084
vt 0.979434 0.32888857
vt 0.99446166 0.32779166
vt 0.9393046 0.35184005
vt 0.9599987 0.3290224
vt 0.9810662 0.3152862
vt 0.99446166 0.3141885
vt 0.98166597 0.301578
vt 0.99446166 0.3008041
vt 0.99446166 0.2879835
vt 0.9596913 0.31559044
vt 0.9383893 0.33505765
vt 0.9132271 0.34644994
vt 0.8956413 0.37155318
vt 0.93698585 0.3213438
vt 0.9124179 0.32894394
vt 0.9592495 0.3019398
vt 0.8838217 0.34783125
vt 0.88281393 0.37547946
vt 0.8772515 0.36140543
vt 0.8692446 0.37737983
vt 0.8829912 0.38793758
vt 0.87111866 0.39209166
vt 0.8520012 0.4060229
vt 0.85149467 0.3444877
vt 0.85120606 0.3942012
vt 0.88397837 0.3324163
vt 0.85310686 0.3303474
vt 0.9131001 0.3117957
vt 0.9367163 0.30590937
vt 0.83110356 0.40799844
vt 0.8330362 0.39480084
vt 0.84904695 0.38084495
vt 0.84104383 0.36652136
vt 0.82858264 0.42365324
vt 0.8112738 0.42409396
vt 0.81192636 0.40823868
vt 0.8131707 0.39289215
vt 0.8344753 0.3799877
vt 0.81562614 0.37860963
vt 0.7920406 0.40787542
vt 0.8197143 0.36254287
vt 0.7922839 0.39207327
vt 0.82868564 0.34204757
vt 0.8305354 0.3279771
vt 0.79437137 0.37561563
vt 0.80113626 0.33817357
vt 0.79805815 0.3606689
vt 0.7705833 0.40832117
vt 0.7698039 0.3928892
vt 0.77234244 0.3747693
vt 0.773993 0.35682237
vt 0.7776071 0.33641112
vt 0.80360126 0.32450905
vt 0.74091697 0.38603204
vt 0.7735417 0.42583522
vt 0.74183106 0.41654384
vt 0.7389877 0.4007521
vt 0.72170055 0.40623632
vt 0.72162724 0.39025658
vt 0.7056198 0.39536652
vt 0.7097949 0.3799612
vt 0.718364 0.36463514
vt 0.69582486 0.3616596
vt 0.6925945 0.38581336
vt 0.6744137 0.38048792
vt 0.6834514 0.39626595
vt 0.6774545 0.4039856
vt 0.6699891 0.4083775
vt 0.6631532 0.41871402
vt 0.6597779 0.40858003
vt 0.66388845 0.38663563
vt 0.65979123 0.39657584
vt 0.6559005 0.4072862
vt 0.65047455 0.39550564
vt 0.6444962 0.3834858
vt 0.65340006 0.37595645
vt 0.63640213 0.36397222
vt 0.6302829 0.3665334
vt 0.62372756 0.34956083
vt 0.65957904 0.3688189
vt 0.6419258 0.35544145
vt 0.66636336 0.35140133
vt 0.62768483 0.3412032
vt 0.6425433 0.34211466
vt 0.6078479 0.33055356
vt 0.60676515 0.33658573
vt 0.6144762 0.32110974
vt 0.6078479 0.31553406
vt 0.6078479 0.305673
vt 0.62898874 0.3287723
vt 0.6168213 0.30866864
vt 0.6078479 0.2946005
vt 0.631264 0.314504
vt 0.64825666 0.3241896
vt 0.6180115 0.29650897
vt 0.6708112 0.33155566
vt 0.6336255 0.3006897
vt 0.61980057 0.28333908
vt 0.6078479 0.28184757
vt 0.6078479 0.26858115
vt 0.6359935 0.28643745
vt 0.6546645 0.29101878
vt 0.6521919 0.30774942
vt 0.62267303 0.2707427
vt 0.67379963 0.31334203
vt 0.6982913 0.33859316
vt 0.6276195 0.24874145
vt 0.6078479 0.24500439
vt 0.6378193 0.27332476
vt 0.7151675 0.35253584
vt 0.64057803 0.25240663
vt 0.69962144 0.31802395
vt 0.71749055 0.3373653
vt 0.7469027 0.33557218
vt 0.67584467 0.2949599
vt 0.74693394 0.35894123
vt 0.74949956 0.32010698
vt 0.72100306 0.31918877
vt 0.7007805 0.2979778
vt 0.6769569 0.2788423
vt 0.72378755 0.3011398
vt 0.77794135 0.32228246
vt 0.6554394 0.27656144
vt 0.65526366 0.25423214
vt 0.70196605 0.28112754
vt 0.7515234 0.30425084
vt 0.6784787 0.25586644
vt 0.64254594 0.23215103
vt 0.6499126 0.23412623
vt 0.64405966 0.21663128
vt 0.678298 0.23771691
vt 0.6374943 0.2309307
vt 0.6267301 0.22861932
vt 0.61768246 0.22692612
vt 0.6078479 0.22532493
vt 0.62689686 0.21441776
vt 0.6078479 0.2140023
vt 0.6078479 0.20216395
vt 0.64541936 0.2049743
vt 0.64160395 0.1887036
vt 0.6078479 0.1885197
vt 0.679013 0.18945564
vt 0.6771184 0.20367803
vt 0.6371095 0.17174238
vt 0.6078479 0.1737396
vt 0.67834496 0.22397918
vt 0.71850526 0.21785899
vt 0.70184886 0.20374817
vt 0.71213174 0.23646097
vt 0.6435888 0.13854195
vt 0.6078479 0.13854195
vt 0.6752567 0.17425391
vt 0.64470387 0.09775174
vt 0.6078479 0.09775174
vt 0.6078479 0.06079608
vt 0.6770028 0.13854195
vt 0.7187774 0.20299101
vt 0.7154815 0.17336082
vt 0.71783435 0.18879092
vt 0.7437413 0.18938458
vt 0.74269724 0.2032268
vt 0.64330447 0.06079608
vt 0.63542366 0.030111521
vt 0.6078479 0.030111521
vt 0.6078479 0.003939673
vt 0.632164 0.003939673
vt 0.68389845 0.003939673
vt 0.6783925 0.09775174
vt 0.7114147 0.13854195
vt 0.68140364 0.06079608
vt 0.6819012 0.030111462
vt 0.72138035 0.030111521
vt 0.7257831 0.003939673
vt 0.76410055 0.003939673
vt 0.71169186 0.09775174
vt 0.7427814 0.17396821
vt 0.71586895 0.06079608
vt 0.7525356 0.030111521
vt 0.7848178 0.003939673
vt 0.7442405 0.06079608
vt 0.74184656 0.09775174
vt 0.7817557 0.030111521
vt 0.7413304 0.13854195
vt 0.77422583 0.06079608
vt 0.80935514 0.030111521
vt 0.8119675 0.003939673
vt 0.84094286 0.003939673
vt 0.7707622 0.09775174
vt 0.8046557 0.06079608
vt 0.7691307 0.13854195
vt 0.84020114 0.030111521
vt 0.76634 0.17497574
vt 0.7683629 0.19022362
vt 0.79629874 0.17495702
vt 0.8005136 0.13854195
vt 0.83185625 0.17267124
vt 0.80299485 0.09775174
vt 0.8369547 0.06079608
vt 0.8670999 0.030111521
vt 0.86731803 0.003939673
vt 0.9063401 0.003939673
vt 0.835603 0.09775174
vt 0.86706746 0.06079608
vt 0.8375145 0.13854195
vt 0.86509836 0.09775174
vt 0.8591473 0.13854195
vt 0.90149844 0.030111521
vt 0.9382992 0.030111521
vt 0.93592393 0.003939673
vt 0.96124816 0.003939673
vt 0.8953221 0.06079608
vt 0.8978348 0.09775174
vt 0.88531435 0.13854195
vt 0.9202579 0.06079608
vt 0.9251977 0.09775174
vt 0.96451557 0.030111521
vt 0.99446166 0.003939673
vt 0.99446166 0.030111462
vt 0.99446166 0.06079608
vt 0.96745515 0.06079608
vt 0.99446166 0.09775174
vt 0.943418 0.06079608
vt 0.9679611 0.09775174
vt 0.99446166 0.13854195
vt 0.94599414 0.09775174
vt 0.9677397 0.13854195
vt 0.9687133 0.1706984
vt 0.99446166 0.16982837
vt 0.99446166 0.18643071
vt 0.94656897 0.13854195
vt 0.96783304 0.18715242
vt 0.9459729 0.17098115
vt 0.9271982 0.13854195
vt 0.96741796 0.20615385
vt 0.99446166 0.20416284
vt 0.99446166 0.22315806
vt 0.8995495 0.13854195
vt 0.8993933 0.17106996
vt 0.9246011 0.17378691
vt 0.94681776 0.1890094
vt 0.9674721 0.2242969
vt 0.99446166 0.24024962
vt 0.9454801 0.20849162
vt 0.92704225 0.19027416
vt 0.96381664 0.24166965
vt 0.99446166 0.2633586
vt 0.9138446 0.19358717
vt 0.925375 0.20952809
vt 0.9465138 0.22605865
vt 0.97463584 0.26659742
vt 0.9794949 0.28908885
vt 0.9601129 0.2679172
vt 0.9587946 0.28873125
vt 0.938179 0.29008377
vt 0.9438958 0.24917877
vt 0.9416715 0.2682199
vt 0.91568506 0.29626536
vt 0.88719463 0.2989125
vt 0.8844429 0.31570128
vt 0.9189004 0.2638088
vt 0.92698145 0.22602582
vt 0.92366004 0.2431075
vt 0.8538172 0.31461385
vt 0.9026822 0.2629254
vt 0.9084201 0.2428291
vt 0.856894 0.29578105
vt 0.8306316 0.3121182
vt 0.83473706 0.29478505
vt 0.8411081 0.26460066
vt 0.80548906 0.31045178
vt 0.8901849 0.2614464
vt 0.8142576 0.29332432
vt 0.7909703 0.3084911
vt 0.7982042 0.29158312
vt 0.77778804 0.3077566
vt 0.7787962 0.2885146
vt 0.8263161 0.2629718
vt 0.8114939 0.26293305
vt 0.7501888 0.28535068
vt 0.8375623 0.24420978
vt 0.7856481 0.25954792
vt 0.72844815 0.28281352
vt 0.70624304 0.25701088
vt 0.7379092 0.25647447
vt 0.76092887 0.25677702
vt 0.7279836 0.23566903
vt 0.7379762 0.23575315
vt 0.7665336 0.23637043
vt 0.79410136 0.24158923
vt 0.7386869 0.22831857
vt 0.74095607 0.21576855
vt 0.7673862 0.21821852
vt 0.7685046 0.20400995
vt 0.79704404 0.19134368
vt 0.79700685 0.2066575
vt 0.82870483 0.19357726
vt 0.79611516 0.22225349
vt 0.8272295 0.20999943
vt 0.8568461 0.2104802
vt 0.8437319 0.19128014
vt 0.8111918 0.224816
vt 0.8568779 0.18975319
vt 0.8125205 0.24240136
vt 0.82623196 0.2263918
vt 0.85089207 0.22352482
vt 0.8561989 0.16889314
vt 0.8816507 0.17264955
vt 0.8730643 0.18991306
vt 0.84469974 0.2450965
vt 0.85340405 0.24501091
vt 0.87580407 0.22512902
vt 0.85345364 0.26486802
vt 0.8704488 0.24175607
vt 0.8676983 0.280771
vt 0.8646047 0.2623331
vt 0.87696636 0.26167136
vt 0.8927506 0.2428781
vt 0.9104097 0.22747695
vt 0.89457726 0.22630022
vt 0.9091587 0.21355003
vt 0.87830496 0.21187969
vt 0.89473295 0.21207562
vt 0.8805406 0.20199642
vt 0.9077532 0.20494695
vt 0.8951068 0.20367987
vt 0.8838111 0.19211765
vt 0.90607095 0.19563335
vt 0.8958247 0.19490628
vt 0.50083315 0.11143589
vt 0.5040101 0.12346171
vt 0.4962734 0.12425528
vt 0.4890597 0.1167929
vt 0.48998547 0.12785995
vt 0.47370863 0.10612512
vt 0.50337815 0.08605075
vt 0.4725306 0.075232446
vt 0.49632096 0.057885043
vt 0.48109198 0.12536506
vt 0.48998547 0.13754496
vt 0.46832442 0.1195861
vt 0.47867477 0.13725069
vt 0.48998547 0.14470948
vt 0.457124 0.098495245
vt 0.4821694 0.051852398
vt 0.49011707 0.028643118
vt 0.46725178 0.026141273
vt 0.47633648 0.004478504
vt 0.43519807 0.022983717
vt 0.4381895 0.004478504
vt 0.4052415 0.004478504
vt 0.46398067 0.0487334
vt 0.45107603 0.04303138
vt 0.43795705 0.061520986
vt 0.45583534 0.06705427
vt 0.4457016 0.09341717
vt 0.43697214 0.04122351
vt 0.41160297 0.04199873
vt 0.40552056 0.025266694
vt 0.38435686 0.026494013
vt 0.36485934 0.004478504
vt 0.38821352 0.04789667
vt 0.39335418 0.068834305
vt 0.3585677 0.028929697
vt 0.4149537 0.06285143
vt 0.41363275 0.088765144
vt 0.43271804 0.090394616
vt 0.33066392 0.029941367
vt 0.33440876 0.004478504
vt 0.3594153 0.060206108
vt 0.30717158 0.032381997
vt 0.29231834 0.004478504
vt 0.32977152 0.06598222
vt 0.31015754 0.067717314
vt 0.31525826 0.0995518
vt 0.29245925 0.030267166
vt 0.3348899 0.0976578
vt 0.27432346 0.030077266
vt 0.24817109 0.004478504
vt 0.29236412 0.065181494
vt 0.2718023 0.06460488
vt 0.3561356 0.09801507
vt 0.34139824 0.11624359
vt 0.37002563 0.08237767
vt 0.25158107 0.031658396
vt 0.2558663 0.06456947
vt 0.21376634 0.033270344
vt 0.20996201 0.004478504
vt 0.2168448 0.058341675
vt 0.18765318 0.03424202
vt 0.1647768 0.004478504
vt 0.25525463 0.09260076
vt 0.2331208 0.08939153
vt 0.23120046 0.10378397
vt 0.21412992 0.085246086
vt 0.19390011 0.057314686
vt 0.2707436 0.09477252
vt 0.27132106 0.11108285
vt 0.29157376 0.096229196
vt 0.30104446 0.11645512
vt 0.25168943 0.11494718
vt 0.26437223 0.12072967
vt 0.31887913 0.11746083
vt 0.23855007 0.11756967
vt 0.25088418 0.13172203
vt 0.28838944 0.1216871
vt 0.27103806 0.12118499
vt 0.27518642 0.12855291
vt 0.2890973 0.12918401
vt 0.26866484 0.12855291
vt 0.27518368 0.13251948
vt 0.26866484 0.13783991
vt 0.28790414 0.14562589
vt 0.27518368 0.14709967
vt 0.29971862 0.12956971
vt 0.261073 0.13464546
vt 0.28701854 0.15889394
vt 0.27518368 0.15927352
vt 0.26028538 0.14759247
vt 0.26866484 0.14951116
vt 0.26866484 0.15720546
vt 0.25058985 0.1465952
vt 0.25954676 0.15720546
vt 0.31462717 0.12308918
vt 0.29869688 0.14602278
vt 0.31187177 0.14710386
vt 0.24221468 0.13175607
vt 0.25954676 0.16293871
vt 0.26866484 0.16293871
vt 0.31189775 0.13149339
vt 0.29788566 0.15874031
vt 0.25954676 0.17070472
vt 0.26866484 0.17070472
vt 0.26866484 0.1797424
vt 0.25031376 0.16293871
vt 0.25031376 0.17070472
vt 0.25954676 0.1797424
vt 0.25031376 0.15720546
vt 0.24174523 0.14630349
vt 0.24130487 0.15720546
vt 0.25954676 0.18841022
vt 0.26866484 0.18841022
vt 0.24130487 0.16293871
vt 0.25954676 0.192119
vt 0.26866484 0.192119
vt 0.25954676 0.19676042
vt 0.26866484 0.19676042
vt 0.26805043 0.2032865
vt 0.25887322 0.20613563
vt 0.26746953 0.20945871
vt 0.25031376 0.19676042
vt 0.25031376 0.192119
vt 0.25944996 0.21222544
vt 0.24884856 0.21334183
vt 0.2602532 0.22274005
vt 0.25674796 0.21974635
vt 0.24779654 0.22108781
vt 0.24779272 0.22575736
vt 0.23639417 0.221205
vt 0.23973572 0.21840143
vt 0.23838425 0.2120099
vt 0.24029684 0.20581615
vt 0.23009348 0.2118758
vt 0.22991526 0.20452872
vt 0.22972679 0.19676042
vt 0.24948406 0.20540977
vt 0.24130487 0.19676042
vt 0.22972679 0.192119
vt 0.24130487 0.192119
vt 0.22972679 0.18841022
vt 0.24130487 0.18841022
vt 0.22972679 0.1797424
vt 0.25031376 0.18841022
vt 0.24130487 0.1797424
vt 0.22972679 0.17070472
vt 0.25031376 0.1797424
vt 0.24130487 0.17070472
vt 0.22972679 0.16293871
vt 0.22972679 0.15720546
vt 0.22972679 0.1474198
vt 0.22972679 0.13506335
vt 0.22972679 0.12855291
vt 0.2290926 0.11566614
vt 0.22380519 0.12856203
vt 0.22036195 0.11314343
vt 0.22381079 0.13821524
vt 0.2082287 0.10770583
vt 0.21550965 0.1317814
vt 0.2138927 0.13873391
vt 0.22381079 0.14257914
vt 0.22381079 0.14861096
vt 0.19650292 0.10329837
vt 0.2057774 0.12283103
vt 0.20425904 0.13360484
vt 0.21223402 0.1464484
vt 0.19479704 0.08344722
vt 0.21160316 0.15081508
vt 0.22381079 0.15286204
vt 0.2112627 0.15521997
vt 0.22381079 0.15753856
vt 0.21125674 0.16724618
vt 0.22381079 0.16808265
vt 0.22381079 0.17533112
vt 0.21125293 0.17533112
vt 0.22381079 0.18063784
vt 0.20073295 0.16621408
vt 0.20162868 0.1526487
vt 0.20223927 0.14854144
vt 0.20270145 0.1442518
vt 0.19300747 0.12976675
vt 0.19191408 0.141771
vt 0.19152808 0.1462335
vt 0.18177676 0.14474992
vt 0.1905241 0.15146899
vt 0.19407332 0.11758338
vt 0.18236351 0.12717164
vt 0.18002439 0.10211325
vt 0.18267167 0.13891554
vt 0.1820631 0.11527638
vt 0.16977203 0.11579476
vt 0.1744281 0.082559526
vt 0.17036307 0.12701671
vt 0.17096925 0.13852805
vt 0.16558957 0.1018936
vt 0.16980433 0.057628326
vt 0.14038229 0.08211905
vt 0.15025449 0.11001498
vt 0.15095043 0.11998813
vt 0.16644621 0.03659235
vt 0.13574696 0.04967718
vt 0.13635516 0.004478504
vt 0.11331582 0.004478504
vt 0.1142801 0.052739196
vt 0.15269911 0.12983614
vt 0.11887324 0.08157265
vt 0.08949983 0.04635386
vt 0.08278823 0.004478504
vt 0.097828746 0.08912206
vt 0.07102549 0.033908233
vt 0.06294227 0.004478504
vt 0.07021356 0.07624769
vt 0.057030916 0.0622062
vt 0.05892074 0.10004169
vt 0.05061376 0.0858112
vt 0.077473044 0.09438354
vt 0.09686875 0.11488746
vt 0.11572325 0.11489819
vt 0.13302398 0.11627106
vt 0.039200664 0.10735273
vt 0.028881669 0.09897691
vt 0.07538247 0.11502193
vt 0.11569762 0.12190758
vt 0.140311 0.1260171
vt 0.053801417 0.11710553
vt 0.018410444 0.11151475
vt 0.012638211 0.098652184
vt 0.0020871162 0.11728887
vt 0.010617852 0.12523638
vt 0.021950245 0.12381779
vt 0.14161134 0.13339192
vt 0.0357095 0.12088595
vt 0.024161339 0.13060206
vt 0.014526129 0.13195676
vt 0.024135709 0.13552509
vt 0.014512777 0.13698092
vt 0.014497876 0.14236088
vt 0.03630209 0.12526749
vt 0.05083275 0.12619251
vt 0.036027312 0.13064128
vt 0.1544931 0.13922036
vt 0.024107099 0.14121075
vt 0.014497876 0.14589599
vt 0.06106186 0.12636244
vt 0.07550526 0.12414597
vt 0.06336069 0.12962604
vt 0.05719495 0.12855297
vt 0.052883506 0.12855291
vt 0.05719495 0.13066679
vt 0.052883506 0.13278449
vt 0.05719495 0.13899729
vt 0.046555758 0.1313231
vt 0.052883506 0.13725346
vt 0.044688106 0.13568553
vt 0.052883625 0.14215106
vt 0.062260985 0.13809507
vt 0.05719495 0.14517993
vt 0.06622517 0.14517993
vt 0.05719495 0.14923167
vt 0.07451117 0.13698775
vt 0.03522122 0.13521048
vt 0.03431654 0.14038236
vt 0.04259181 0.14107093
vt 0.052883506 0.14547227
vt 0.023796678 0.14510618
vt 0.033720374 0.14438277
vt 0.042517543 0.14479895
vt 0.023118258 0.14870003
vt 0.014497876 0.14950818
vt 0.033426166 0.14823557
vt 0.042251945 0.14856948
vt 0.052883506 0.14943181
vt 0.052883506 0.15686543
vt 0.041989565 0.1555179
vt 0.052883506 0.1642859
vt 0.02328813 0.15631968
vt 0.014497876 0.156281
vt 0.014497876 0.16368026
vt 0.033133507 0.156094
vt 0.032841086 0.16471463
vt 0.041727424 0.16499317
vt 0.052883506 0.16946656
vt 0.023457885 0.16452992
vt 0.014497876 0.16841179
vt 0.04149854 0.16833419
vt 0.022915363 0.16838753
vt 0.022894979 0.17224526
vt 0.014497876 0.17318189
vt 0.015009165 0.17934875
vt 0.03252709 0.16789603
vt 0.0411433 0.17258877
vt 0.052883506 0.17521465
vt 0.05255103 0.18069224
vt 0.032331586 0.17205298
vt 0.023262978 0.17849407
vt 0.032422185 0.17845917
vt 0.040945172 0.17868012
vt 0.040801525 0.18309903
vt 0.05230975 0.18466592
vt 0.023529887 0.18302721
vt 0.015380144 0.18382245
vt 0.03248799 0.18310648
vt 0.039551616 0.1870161
vt 0.04623556 0.19208944
vt 0.024867654 0.18716463
vt 0.021347523 0.19294155
vt 0.032768965 0.1872758
vt 0.038526416 0.190229
vt 0.033422828 0.19794583
vt 0.032999516 0.19069558
vt 0.025964856 0.19055825
vt 0.9660528 0.5660716
vt 0.9910338 0.5416001
vt 0.9889455 0.56588125
vt 0.99198365 0.53055656
vt 0.9694809 0.54749787
vt 0.98766494 0.52174807
vt 0.59836555 0.6061622
vt 0.59668756 0.5941318
vt 0.6038313 0.59338224
vt 0.59600115 0.57599604
vt 0.6082339 0.5759982
vt 0.5136204 0.11345602
vt 0.52097607 0.09634986
vt 0.53350186 0.11096945
vt 0.5356674 0.11890545
vt 0.55555964 0.1171913
vt 0.5231559 0.12031788
vt 0.51169777 0.12433182
vt 0.53224075 0.12769124
vt 0.49920964 0.14807646
vt 0.5036235 0.15676068
vt 0.49781132 0.14797457
vt 0.5097252 0.12326943
vt 0.50045836 0.15764187
vt 0.50353956 0.164919
vt 0.5373044 0.14104928
vt 0.50470686 0.16326435
vt 0.5305536 0.16029029
vt 0.5307715 0.15879667
vt 0.5383761 0.17124031
vt 0.532125 0.15261197
vt 0.53887343 0.16985805
vt 0.54748774 0.17601931
vt 0.5470742 0.1744499
vt 0.5552492 0.16421029
vt 0.5422876 0.16060288
vt 0.5453613 0.14792831
vt 0.5540694 0.16362992
vt 0.55571854 0.14610408
vt 0.55463266 0.14514737
vt 0.5704218 0.14756082
vt 0.5502567 0.16197188
vt 0.54976785 0.1502332
vt 0.549803 0.13863054
vt 0.5699295 0.14557742
vt 0.5772928 0.1398926
vt 0.5770469 0.14093159
vt 0.5949292 0.14626308
vt 0.56518793 0.13194485
vt 0.5730084 0.12807402
vt 0.59105086 0.1383761
vt 0.5661669 0.11231729
vt 0.5627508 0.10040024
vt 0.5688245 0.09202642
vt 0.57635975 0.11729947
vt 0.5888784 0.12167221
vt 0.59714997 0.13477097
vt 0.60087836 0.13900502
vt 0.6484287 0.5827496
vt 0.6740451 0.59407634
vt 0.65610385 0.5951239
vt 0.6292567 0.5758378
vt 0.64721704 0.56938577
vt 0.6219249 0.5679047
vt 0.650205 0.56186354
vt 0.616277 0.5531312
vt 0.6520581 0.5568677
vt 0.62797284 0.54701847
vt 0.63164663 0.5888643
vt 0.6164422 0.57386506
vt 0.63278055 0.60120517
vt 0.65295434 0.60553735
vt 0.61434793 0.5741714
vt 0.6299826 0.5887442
vt 0.6197996 0.5687794
vt 0.6134416 0.6049233
vt 0.59651124 0.5622744
vt 0.616068 0.606693
vt 0.6004219 0.6248522
vt 0.59853315 0.6251731
vt 0.60428214 0.63071597
vt 0.61939716 0.6182162
vt 0.6355226 0.6221101
vt 0.65416014 0.60741943
vt 0.63617134 0.6232801
vt 0.6146538 0.62730944
vt 0.5988724 0.5591234
vt 0.60480213 0.6294038
vt 0.6147437 0.6259573
vt 0.58632207 0.551444
vt 0.5846448 0.5511816
vt 0.60204685 0.55274934
vt 0.6024791 0.5475973
vt 0.60130167 0.5441078
vt 0.62547815 0.5455996
vt 0.72745645 0.77228844
vt 0.7140706 0.75981957
vt 0.69910955 0.7704926
vt 0.6898422 0.7611209
vt 0.7079355 0.75317836
vt 0.69467723 0.75463116
vt 0.69675297 0.7420608
vt 0.7141681 0.73863393
vt 0.6890184 0.7486169
vt 0.67743564 0.7623677
vt 0.69733983 0.72894484
vt 0.7263937 0.7261509
vt 0.6776531 0.7408711
vt 0.6679429 0.74747723
vt 0.67363024 0.75477856
vt 0.66315466 0.7594215
vt 0.66583043 0.764422
vt 0.67727125 0.767307
vt 0.6643301 0.76633775
vt 0.66491884 0.76759374
vt 0.6584781 0.77605546
vt 0.6931478 0.722591
vt 0.7156659 0.7181195
vt 0.67962474 0.7331358
vt 0.6676416 0.72170144
vt 0.6921256 0.7136668
vt 0.71150684 0.7103595
vt 0.6957036 0.70800513
vt 0.6969636 0.70171416
vt 0.66749334 0.6995198
vt 0.6579289 0.7748623
vt 0.6512994 0.77542555
vt 0.6579973 0.76691145
vt 0.6518749 0.7742789
vt 0.6481984 0.7722764
vt 0.6507083 0.7667284
vt 0.64903486 0.7713022
vt 0.6482878 0.76495767
vt 0.6563072 0.75951844
vt 0.6615832 0.75835085
vt 0.66627514 0.74843585
vt 0.6630993 0.745785
vt 0.6621531 0.74642485
vt 0.65760094 0.7413006
vt 0.6537227 0.74398166
vt 0.6632552 0.7286039
vt 0.6565635 0.73266184
vt 0.65591955 0.7334023
vt 0.6380168 0.72700906
vt 0.6534951 0.72600883
vt 0.6497118 0.72115254
vt 0.6646524 0.7114249
vt 0.6399682 0.72081906
vt 0.63659275 0.7200301
vt 0.6529124 0.7102362
vt 0.6479014 0.70934665
vt 0.6463802 0.7089567
vt 0.6393512 0.69879675
vt 0.6506066 0.7032261
vt 0.64042866 0.6982432
vt 0.64244294 0.6917338
vt 0.66640604 0.6987637
vt 0.6431207 0.6959043
vt 0.8128965 0.8057331
vt 0.8078816 0.8386886
vt 0.80787945 0.8056437
vt 0.8120146 0.83885723
vt 0.8224013 0.86267793
vt 0.8256657 0.81914526
vt 0.83600235 0.80703914
vt 0.8457843 0.8339022
vt 0.83163106 0.84111434
vt 0.83930147 0.856197
vt 0.07529104 0.12879556
vt 0.085710645 0.12975615
vt 0.08327937 0.13860935
vt 0.08967054 0.126603
vt 0.10098898 0.12479006
vt 0.09318459 0.12855291
vt 0.09211588 0.12979507
vt 0.092116 0.13862593
vt 0.0950166 0.12844527
vt 0.09211612 0.14517993
vt 0.10386062 0.1282087
vt 0.09631777 0.13176644
vt 0.09635544 0.13798419
vt 0.0814749 0.14517993
vt 0.09211612 0.14923167
vt 0.07373142 0.14517993
vt 0.08184087 0.14923167
vt 0.09211588 0.15286303
vt 0.06615269 0.14923167
vt 0.08173585 0.15286303
vt 0.09211588 0.16308385
vt 0.07362175 0.14923167
vt 0.06594014 0.15286303
vt 0.05719495 0.15286303
vt 0.05719495 0.16349275
vt 0.08223319 0.16290307
vt 0.09211588 0.17127931
vt 0.073346496 0.15286303
vt 0.06493497 0.16302268
vt 0.082594514 0.17127931
vt 0.09211588 0.1745472
vt 0.07286191 0.162949
vt 0.06420469 0.17127931
vt 0.05719495 0.17127931
vt 0.05719495 0.1745472
vt 0.072509766 0.17127931
vt 0.08373642 0.1745472
vt 0.063913584 0.1745472
vt 0.06436002 0.17857093
vt 0.05719495 0.17857093
vt 0.05719495 0.18606792
vt 0.072790146 0.1745472
vt 0.083155155 0.17857093
vt 0.09211588 0.17857093
vt 0.09211588 0.1864033
vt 0.07333779 0.17857093
vt 0.06444621 0.18465978
vt 0.08258104 0.18394029
vt 0.09211588 0.19425297
vt 0.073743224 0.18407732
vt 0.06453276 0.19076204
vt 0.05719495 0.19358146
vt 0.08200562 0.18932152
vt 0.07414961 0.18959588
vt 0.067219496 0.19510567
vt 0.066417575 0.20444262
vt 0.08109069 0.19401264
vt 0.085299015 0.202402
vt 0.074659824 0.19420257
vt 0.08017588 0.19870377
vt 0.07507634 0.20661902
vt 0.07517016 0.19880927
vt 0.069906354 0.1994493
vt 0.28701854 0.16487996
vt 0.27518368 0.16557942
vt 0.29787683 0.16516428
vt 0.29808104 0.17162961
vt 0.28701854 0.17134845
vt 0.27518368 0.17194277
vt 0.28701854 0.1846848
vt 0.27518368 0.18585359
vt 0.3118527 0.15977551
vt 0.3118527 0.1657346
vt 0.28701854 0.19538413
vt 0.27518368 0.19556545
vt 0.28701854 0.19950132
vt 0.27518368 0.19973046
vt 0.3002578 0.19455674
vt 0.32351518 0.15955818
vt 0.3235078 0.14909723
vt 0.3234979 0.13486564
vt 0.3234979 0.12855291
vt 0.32350898 0.16701202
vt 0.3118527 0.17239255
vt 0.32350636 0.17324142
vt 0.3118527 0.18523447
vt 0.32350147 0.18655956
vt 0.3234979 0.1968132
vt 0.32218003 0.12286948
vt 0.32617843 0.12855291
vt 0.33215737 0.12283842
vt 0.33771706 0.12913007
vt 0.3313012 0.1333493
vt 0.34760118 0.12651479
vt 0.33929443 0.13651717
vt 0.3313012 0.13874847
vt 0.35412228 0.11596982
vt 0.34887946 0.1351341
vt 0.34106493 0.14480853
vt 0.3313012 0.14480853
vt 0.35031438 0.14480853
vt 0.35872173 0.13518612
vt 0.34106493 0.1499536
vt 0.3313012 0.1499536
vt 0.35031438 0.1499536
vt 0.34106493 0.15516478
vt 0.3313012 0.15516478
vt 0.36966896 0.10395223
vt 0.36966896 0.11809228
vt 0.37855577 0.1011616
vt 0.36966896 0.12742871
vt 0.38342905 0.08481753
vt 0.38205218 0.10199839
vt 0.35714424 0.12661314
vt 0.36966896 0.13561742
vt 0.3946197 0.09192175
vt 0.36049223 0.14480853
vt 0.36966896 0.14480853
vt 0.36049223 0.1499536
vt 0.36966896 0.1499536
vt 0.39700723 0.10698444
vt 0.38205218 0.10927999
vt 0.38205218 0.1227202
vt 0.41322756 0.10809708
vt 0.35031438 0.15516478
vt 0.36049223 0.15516478
vt 0.36966896 0.15516478
vt 0.36966896 0.1632948
vt 0.39748836 0.12335665
vt 0.4298644 0.10924709
vt 0.36049223 0.1632948
vt 0.35031438 0.1632948
vt 0.3972454 0.13082659
vt 0.38205218 0.13211378
vt 0.4132452 0.12563394
vt 0.44115496 0.11132658
vt 0.36049223 0.17141986
vt 0.36966896 0.17141986
vt 0.35031438 0.17141986
vt 0.35031438 0.17696631
vt 0.36049223 0.17696631
vt 0.36966896 0.17696631
vt 0.36049223 0.18213898
vt 0.36966896 0.18213898
vt 0.42651534 0.12712449
vt 0.45234704 0.11369722
vt 0.35949516 0.1929208
vt 0.36966896 0.19137737
vt 0.36966896 0.19807929
vt 0.35031438 0.18213898
vt 0.36021614 0.20047057
vt 0.36443782 0.21056533
vt 0.34965587 0.19226563
vt 0.43896437 0.12863076
vt 0.46419644 0.13486752
vt 0.34106493 0.18213898
vt 0.44930363 0.13165615
vt 0.479568 0.14400904
vt 0.47841346 0.15080088
vt 0.4617803 0.14994583
vt 0.48998547 0.15054564
vt 0.47802734 0.15871295
vt 0.48867798 0.15836683
vt 0.48696256 0.1668204
vt 0.46303582 0.14167438
vt 0.4482026 0.13850757
vt 0.43751192 0.13575993
vt 0.4458046 0.14480141
vt 0.424834 0.13364165
vt 0.41257524 0.13197835
vt 0.39609647 0.13818228
vt 0.38205218 0.14009558
vt 0.41109562 0.13811114
vt 0.39704943 0.14898778
vt 0.38205218 0.15151049
vt 0.4251063 0.1402114
vt 0.4351716 0.14251919
vt 0.41086113 0.14681236
vt 0.44504547 0.15321301
vt 0.42384803 0.14876659
vt 0.4603361 0.15768437
vt 0.47752059 0.16766745
vt 0.45844138 0.16831404
vt 0.4745605 0.17675942
vt 0.48066425 0.17839378
vt 0.47023988 0.18362844
vt 0.45382977 0.18433166
vt 0.4338323 0.15013061
vt 0.44404948 0.161187
vt 0.45705223 0.17612362
vt 0.44240284 0.1707514
vt 0.44253635 0.17776978
vt 0.4361298 0.17135793
vt 0.4320755 0.15904558
vt 0.4228897 0.15565042
vt 0.4231552 0.1652615
vt 0.42706537 0.16968691
vt 0.41068256 0.1527601
vt 0.42041087 0.17126155
vt 0.4121678 0.17356962
vt 0.4226501 0.17559135
vt 0.413702 0.18109655
vt 0.40045285 0.18126827
vt 0.411155 0.16521895
vt 0.39777505 0.15527381
vt 0.39711142 0.1663754
vt 0.40075684 0.17499661
vt 0.39266562 0.17567241
vt 0.38958168 0.1589928
vt 0.38517785 0.16377485
vt 0.34106493 0.1632948
vt 0.3313012 0.1632948
vt 0.34106493 0.17141986
vt 0.3313012 0.17141986
vt 0.34106493 0.17696631
vt 0.3313012 0.17696631
vt 0.3313012 0.18213898
vt 0.34015048 0.19316542
vt 0.3313012 0.19053853
vt 0.3313012 0.19663191
vt 0.33995485 0.20039856
vt 0.33601975 0.20930827
vt 0.35008883 0.20116091
vt 0.34182286 0.20697641
vt 0.35078752 0.21620083
vt 0.35077977 0.2098651
vt 0.35918236 0.20679736
vt 0.29928124 0.18434238
vt 0.3118527 0.1949947
vt 0.30072296 0.19888689
vt 0.3118527 0.19926724
vt 0.3234979 0.20049758
vt 0.30074644 0.20436789
vt 0.3118527 0.20438337
vt 0.3234979 0.20537256
vt 0.3100276 0.21356279
vt 0.3234979 0.2145205
vt 0.3234979 0.22496767
vt 0.28701854 0.2042314
vt 0.28684616 0.21483056
vt 0.27518368 0.20376082
vt 0.275185 0.21123195
vt 0.27518642 0.22308736
vt 0.2994051 0.21459338
vt 0.31049323 0.22201961
vt 0.31250095 0.23718183
vt 0.29849625 0.2234881
vt 0.2855084 0.22352225
vt 0.2829616 0.23465401
vt 0.28819966 0.23161183
vt 0.2983606 0.23386978
vt 0.29890716 0.24064328
vt 0.30822396 0.23054655
vt 0.17982888 0.19516322
vt 0.19107139 0.19640696
vt 0.18056989 0.20022416
vt 0.17839468 0.18536717
vt 0.1911428 0.20344222
vt 0.18630838 0.21269834
vt 0.19293785 0.21059906
vt 0.20019662 0.21868885
vt 0.20123923 0.2037704
vt 0.19984674 0.2130065
vt 0.20874715 0.21074104
vt 0.21442175 0.21646059
vt 0.21130896 0.20328712
vt 0.22381079 0.20105839
vt 0.2010746 0.19543087
vt 0.21006799 0.1958192
vt 0.22381079 0.19571328
vt 0.22381079 0.18536717
vt 0.21150196 0.18536717
vt 0.1881876 0.18536717
vt 0.21156955 0.18063784
vt 0.19970942 0.18536717
vt 0.20014775 0.17533112
vt 0.20014012 0.18063784
vt 0.18801498 0.18063784
vt 0.18961251 0.16541062
vt 0.18901706 0.17533112
vt 0.17870831 0.18063784
vt 0.18058074 0.15048844
vt 0.1790204 0.17533112
vt 0.17963696 0.16513012
vt 0.17077184 0.15101059
vt 0.16950464 0.16474797
vt 0.16867685 0.17533112
vt 0.16844344 0.18063784
vt 0.15699363 0.16516504
vt 0.1708095 0.14497073
vt 0.1567316 0.1512934
vt 0.15580976 0.14564647
vt 0.1571647 0.17533112
vt 0.1683793 0.18536717
vt 0.17717254 0.19451264
vt 0.14294529 0.14075187
vt 0.14497912 0.16506958
vt 0.14341283 0.1463913
vt 0.14456129 0.1513604
vt 0.1363442 0.14534752
vt 0.1363442 0.1405535
vt 0.1363442 0.15123408
vt 0.13794446 0.13568908
vt 0.1363442 0.16516513
vt 0.1363442 0.13077551
vt 0.1349287 0.12843734
vt 0.14525199 0.17533112
vt 0.1363442 0.17533112
vt 0.1363442 0.18063784
vt 0.12816 0.12531458
vt 0.13230658 0.12855291
vt 0.1457119 0.18063784
vt 0.1248697 0.12755454
vt 0.1317612 0.13027227
vt 0.13176692 0.13726097
vt 0.11494637 0.12620479
vt 0.12356329 0.13594554
vt 0.13177228 0.14381671
vt 0.15764356 0.18063784
vt 0.1461904 0.18536717
vt 0.1363442 0.18536717
vt 0.1363442 0.19590145
vt 0.10491252 0.13626216
vt 0.11476016 0.13529225
vt 0.12233794 0.14381671
vt 0.13177228 0.14731932
vt 0.15799117 0.18536717
vt 0.14596117 0.19384438
vt 0.10589933 0.14381671
vt 0.09639096 0.14381671
vt 0.09639096 0.14731932
vt 0.11458564 0.14381671
vt 0.12286663 0.14731932
vt 0.13177228 0.1526857
vt 0.10624766 0.14731932
vt 0.11489964 0.14731932
vt 0.12251735 0.1526857
vt 0.13177228 0.16149513
vt 0.10670221 0.1526857
vt 0.09639096 0.1526857
vt 0.10680974 0.16110344
vt 0.09639096 0.16094647
vt 0.09639096 0.16852736
vt 0.11473668 0.1526857
vt 0.12316453 0.1610767
vt 0.13177228 0.16852736
vt 0.11486912 0.16108795
vt 0.12369406 0.16852736
vt 0.13177228 0.17333919
vt 0.10689783 0.16852736
vt 0.09639096 0.17333919
vt 0.11497748 0.16852736
vt 0.1062063 0.17333919
vt 0.11431634 0.17333919
vt 0.12308288 0.17333919
vt 0.10643828 0.17733341
vt 0.09639096 0.17733341
vt 0.11434877 0.17733341
vt 0.12287652 0.17733341
vt 0.13177228 0.17733341
vt 0.13131666 0.18370263
vt 0.10700119 0.1819946
vt 0.097096324 0.1826402
vt 0.12308085 0.18206984
vt 0.11471915 0.18165596
vt 0.10753369 0.18640304
vt 0.09776354 0.1876592
vt 0.12327409 0.18654943
vt 0.13088572 0.18972647
vt 0.11506963 0.1857441
vt 0.10962522 0.191344
vt 0.10362601 0.19813037
vt 0.12138557 0.19187936
vt 0.12709546 0.1984055
vt 0.11526465 0.19132343
vt 0.11949706 0.1972093
vt 0.1156559 0.20397317
vt 0.11545968 0.19690275
vt 0.11171675 0.19628495
vt 0.14584267 0.19822395
vt 0.1363442 0.20134377
vt 0.14896953 0.2100662
vt 0.14616299 0.21334183
vt 0.15832353 0.21832514
vt 0.15750098 0.19675171
vt 0.15695822 0.20789278
vt 0.16359973 0.20857978
vt 0.17018056 0.21045864
vt 0.1675098 0.19820666
vt 0.17654121 0.19923747
vt 0.157668 0.19287363
vt 0.16780591 0.19383296
vt 0.019055367 0.07122244
vt 0.024159312 0.0815763
vt 0.01661086 0.0807922
vt 0.016657352 0.05843647
vt 0.021620154 0.06124641
vt 0.029487252 0.057848588
vt 0.026733756 0.071789995
vt 0.026534319 0.06139715
vt 0.0329839 0.06877811
vt 0.03595519 0.070167914
vt 0.031036258 0.073454514
vt 0.02576828 0.08274408
vt 0.9835901 0.5018781
vt 0.992645 0.4926355
vt 0.9894707 0.50669456
vt 0.9841329 0.51116705
vt 0.98742104 0.4930614
vt 0.98348963 0.47885954
vt 0.9773147 0.5054154
vt 0.9749248 0.51188457
vt 0.9667883 0.5061727
vt 0.9779632 0.49711153
vt 0.9714606 0.49984974
vt 0.96678925 0.48576736
vt 0.97584057 0.49076307
vt 0.98040676 0.48440135
vt 0.2541983 0.95931995
vt 0.25158918 0.9597427
vt 0.24461257 0.95001435
vt 0.25621128 0.9765111
vt 0.24384129 0.95277524
vt 0.23572147 0.9578081
vt 0.25102115 0.9828536
vt 0.25335944 0.98699635
vt 0.24397767 0.9928229
vt 0.2404064 0.95994055
vt 0.2372725 0.95911175
vt 0.23526633 0.9876227
vt 0.24041045 0.9821629
vn -0.4844843 0.8121788 -0.3250241
vn -0.4844843 0.8121788 -0.3250241
vn -0.4844843 0.8121788 -0.3250241
vn 0.4272295 -0.80715865 0.40739384
vn 0.11424742 -0.7850457 0.6088109
vn 0.39478248 -0.8534549 0.3402377
vn 0.12027061 -0.81547475 0.5661589
vn -0.24670713 -0.7117982 0.65763134
vn 0.4224584 -0.7893202 0.44553632
vn -0.1357245 -0.62072736 0.77218944
vn 0.38069263 -0.69062525 0.6149064
vn -0.46100467 -0.3845998 0.79972345
vn 0.05836348 -0.76416105 0.64237964
vn 0.2649242 -0.7514769 0.60423315
vn -0.61298764 -0.4377802 0.6577194
vn -0.64148057 -0.26818964 0.71873295
vn -0.6843529 -0.25351173 0.68366146
vn -0.7911154 -0.31909254 0.5218394
vn -0.77133924 -0.35990486 0.52488506
vn -0.86801654 -0.3767014 0.32348636
vn -0.73223835 -0.4127678 0.54171
vn -0.84109956 -0.35400665 0.40893874
vn -0.57379407 -0.51190406 0.6393079
vn -0.30888948 -0.6811972 0.6637452
vn -0.02059914 -0.80899316 0.58745694
vn 0.039096434 -0.6525291 0.75675446
vn -0.15057829 -0.76423967 0.62710756
vn -0.35093948 -0.7493702 0.5615032
vn -0.45910597 -0.7099262 0.53406596
vn -0.7491481 -0.51747274 0.4135204
vn -0.7426221 -0.43981808 0.5050469
vn -0.92812455 -0.2756127 0.2502449
vn -0.8645988 -0.20027536 0.4608241
vn -0.8279773 -0.35590497 0.43334195
vn -0.77655256 -0.3030775 0.5523678
vn -0.8668696 -0.4699726 0.16632146
vn -0.9300739 -0.35286063 0.10223422
vn -0.89078474 -0.30460536 0.3372212
vn -0.7725573 -0.17491144 0.61037797
vn -0.87313664 -0.123786956 0.47149667
vn -0.81778634 -0.34065682 0.46387318
vn -0.8774734 -0.33016115 0.34789944
vn -0.9892893 -0.13523687 0.05493403
vn -0.87655383 -0.44573927 0.1815763
vn -0.961719 -0.2733191 -0.019836139
vn -0.9210595 -0.3403667 0.18920918
vn -0.9690971 -0.23251082 -0.08239926
vn -0.99610656 0.035094995 0.08087107
vn 0.2649242 -0.7514769 0.60423315
vn 0.39528036 -0.46252757 0.793613
vn 0.039096434 -0.6525291 0.75675446
vn 0.6229369 -0.51307416 0.5905121
vn 0.6259576 -0.39422742 0.6728758
vn 0.38069263 -0.69062525 0.6149064
vn 0.63050264 -0.66349626 0.4027894
vn 0.6553487 -0.57238114 0.4928466
vn 0.4224584 -0.7893202 0.44553632
vn 0.5764519 -0.7639609 0.2899427
vn 0.4272295 -0.80715865 0.40739384
vn 0.56324047 -0.786019 0.254822
vn 0.5764519 -0.7639609 0.2899427
vn 0.4272295 -0.80715865 0.40739384
vn 0.39478248 -0.8534549 0.3402377
vn 0.95125306 -0.29254654 0.09764265
vn 0.930511 -0.3508015 0.10529768
vn 0.9537795 -0.25027174 -0.16633914
vn 0.9555208 -0.27607113 0.103753164
vn 0.9279888 -0.3201047 -0.19070874
vn 0.9330476 -0.35942933 0.015258343
vn 0.85491514 -0.20247488 -0.47762328
vn 0.9257132 -0.3487158 -0.14646636
vn 0.9318287 -0.3566352 -0.06713133
vn 0.94019914 -0.19728924 -0.2776734
vn 0.9527601 -0.090680026 -0.28987095
vn 0.95403725 -0.28333116 -0.09765435
vn 0.9167039 -0.24071585 -0.31891987
vn 0.88619924 -0.15335864 -0.43718654
vn 0.9158119 -0.34834036 -0.19986898
vn 0.8861943 -0.35058653 -0.30290067
vn 0.9406055 -0.33551505 0.051874436
vn 0.9356414 -0.3497689 0.047297
vn 0.85861576 -0.19396096 -0.47450826
vn 0.86098 -0.022983626 -0.50811934
vn 0.8915137 -0.43707827 -0.1190211
vn 0.90975916 -0.37029296 0.18767358
vn 0.89332825 -0.4492388 -0.012206022
vn 0.85635537 -0.49426392 0.14952841
vn 0.9253361 -0.36635837 -0.09764471
vn 0.9517287 -0.30688006 0.00610327
vn 0.98260224 0.045582674 -0.18004203
vn 0.80267525 -0.3813566 -0.4585626
vn 0.87594134 -0.39867544 0.27163336
vn 0.92723703 -0.27443317 0.25478992
vn 0.74360013 -0.4566903 0.48835728
vn 0.73095065 -0.48440737 0.48068777
vn 0.57291234 -0.40508184 0.7125168
vn 0.7891919 -0.4484738 0.41958004
vn 0.77099985 -0.3692864 0.5188321
vn 0.7183818 -0.3133144 0.62109697
vn 0.5581608 -0.43249828 0.7080973
vn 0.8066137 -0.28323984 0.5187962
vn 0.80649626 -0.27782917 0.52189535
vn 0.6777473 -0.2824265 0.6788916
vn 0.5332436 -0.19195624 0.82389563
vn 0.9167957 -0.32176554 0.23654322
vn 0.39528036 -0.46252757 0.793613
vn 0.5326431 -0.23884998 0.8119373
vn 0.6259576 -0.39422742 0.6728758
vn 0.5017239 -0.30256048 0.810389
vn 0.19079068 -0.46042556 0.86695284
vn 0.039096434 -0.6525291 0.75675446
vn 0.4834232 -0.44790536 0.75211877
vn 0.029928233 -0.31519955 0.94855344
vn -0.15057829 -0.76423967 0.62710756
vn 0.80470103 -0.5720787 0.15868956
vn 0.7902384 -0.383937 0.4776145
vn 0.20744878 -0.37985006 0.901487
vn -0.076642014 -0.3701504 0.9258049
vn -0.45910597 -0.7099262 0.53406596
vn 0.74080396 -0.61735255 -0.26473632
vn 0.6376242 -0.72590435 0.25787255
vn 0.4421393 -0.6486112 0.6195291
vn -0.038345627 -0.55607116 0.8302496
vn -0.32101133 -0.34928396 0.8803138
vn -0.7426221 -0.43981808 0.5050469
vn -0.7971011 -0.111005515 0.5935552
vn -0.8645988 -0.20027536 0.4608241
vn -0.77655256 -0.3030775 0.5523678
vn -0.8774734 -0.33016115 0.34789944
vn -0.42645144 -0.43410537 0.7935311
vn -0.8634633 -0.24213307 0.44249606
vn -0.89877987 -0.22392605 0.37689772
vn -0.9210595 -0.3403667 0.18920918
vn 0.15523389 -0.6475567 0.746038
vn 0.07419544 -0.85988736 0.50506306
vn -0.18352604 -0.48294818 0.8562005
vn -0.90101635 -0.34304 0.26550552
vn -0.6234395 -0.6338584 0.4577628
vn -0.11081851 -0.7936827 0.5981529
vn 0.3763173 -0.82985187 0.4119845
vn -0.8613788 -0.40259188 0.30975208
vn -0.28946185 -0.70539033 0.64702106
vn 0.032425072 -0.8737842 0.48523167
vn -0.13027115 -0.8401821 0.5264251
vn -0.07152612 -0.97962165 0.1876845
vn -0.39959347 -0.75470656 0.5203298
vn 0.27198395 -0.89176786 0.36162803
vn 0.49075958 -0.8613565 0.13122526
vn -0.8982292 -0.14019184 0.41657004
vn -0.71064836 -0.6255575 0.3219578
vn -0.8168742 -0.48561364 0.311281
vn -0.9820093 -0.031662334 0.18615928
vn -0.99610656 0.035094995 0.08087107
vn -0.88587976 0.118161805 0.4486143
vn -0.9370971 -0.18740034 0.2944999
vn 0.6235123 -0.7804722 -0.045776375
vn -0.71442854 -0.6375117 0.28839302
vn -0.7395647 0.57152945 0.35552514
vn -0.9618709 0.18749139 -0.19912615
vn -0.48419243 0.8304801 0.27542794
vn -0.74836946 0.23289388 -0.62105036
vn -0.7142671 0.5717951 0.40357524
vn -0.28266588 0.9546172 0.0938405
vn -0.35497022 0.29838005 -0.88598275
vn -0.102744244 0.9633018 -0.24797866
vn -0.13611238 0.16119826 -0.977491
vn -0.0053885635 0.8898284 -0.4562635
vn 0.028584372 0.91584426 -0.400515
vn -0.22478959 0.9739293 -0.030518739
vn -0.107010104 0.91911954 -0.37916777
vn -0.055695146 0.8991332 -0.43411693
vn -0.019956276 0.87244934 -0.4882969
vn -0.4878789 0.8283259 0.2754093
vn -0.21485864 0.94583577 -0.24337295
vn -0.0007629469 0.86880577 -0.49515247
vn -0.0650405 0.8579242 -0.5096429
vn 0.0577956 0.8472873 -0.527981
vn -0.079903185 0.8602793 -0.5035224
vn -0.041722544 0.87717485 -0.47835493
vn -0.22797379 0.9117044 -0.3417938
vn -0.6683553 0.7374035 0.09765923
vn -0.8787462 0.32836157 0.3463866
vn -0.81492347 0.0764855 0.57449955
vn -0.7447819 0.6669661 -0.021361224
vn -0.94935167 0.21199484 0.23192601
vn -0.26130554 0.86097324 -0.43639937
vn -0.8765967 -0.2154776 0.4302877
vn -0.6332347 -0.20561054 0.7461488
vn -0.7046637 -0.32753655 0.6294195
vn -0.6364292 -0.42233106 0.64544123
vn -0.8621087 -0.27246067 0.42723975
vn -0.83917904 -0.44808033 0.30822507
vn -0.6962811 -0.66501856 0.2700796
vn -0.5025325 -0.6385247 0.5828785
vn -0.6618011 -0.6462681 0.37994322
vn -0.8952924 -0.26843038 0.35552302
vn -0.6344726 -0.6436278 0.42800438
vn -0.9960407 0.077535525 0.043488562
vn -0.79889053 0.5807859 -0.15640211
vn -0.54829395 -0.8179944 0.17395106
vn -0.51062244 -0.82486504 0.24261543
vn -0.6484978 -0.6681733 0.36468467
vn -0.3434443 -0.75789016 0.55466074
vn -0.49929154 -0.8237643 0.26855218
vn -0.24662176 -0.93942285 0.23803863
vn -0.32767975 -0.936262 0.12664689
vn -0.35948765 -0.9218219 0.14495854
vn -0.441881 -0.84788615 0.2929681
vn -0.33869737 -0.92635137 0.16479489
vn -0.10051655 -0.9917665 0.07934514
vn -0.16682221 -0.88377374 0.43716618
vn -0.112532765 -0.99009764 0.083922744
vn -0.12725817 -0.81178194 0.56992584
vn -0.23653845 -0.8673315 0.4379335
vn -0.15354042 -0.9880469 0.013732808
vn 0.15172899 -0.8703674 0.46844298
vn -0.005531352 -0.9574961 0.28839323
vn 0.21171077 -0.9770643 -0.022887653
vn 0.22945888 -0.97176695 -0.054932795
vn 0.17223361 -0.96440333 -0.2006531
vn 0.29621556 -0.954165 0.042725228
vn 0.4856114 -0.83503807 0.25863674
vn 0.093702756 -0.9328312 0.34791622
vn 0.43526307 -0.8221146 -0.36697906
vn 0.19245389 -0.9790066 0.067139514
vn 0.4529957 -0.88353235 -0.11901865
vn 0.4652069 -0.8495414 -0.24872069
vn 0.61263084 -0.7204539 -0.32500714
vn 0.5010464 -0.74554974 -0.4394408
vn 0.6996443 -0.46231267 -0.54476124
vn 0.58953357 -0.5608055 -0.5813324
vn 0.60748917 -0.6899103 -0.39367586
vn 0.86235255 -0.24462885 -0.44328848
vn 0.7357484 -0.09928883 -0.6699373
vn 0.80357426 0.1527802 -0.57526225
vn 0.6562781 -0.034330152 -0.75373757
vn 0.7089287 0.051496033 -0.70339763
vn 0.6961612 0.08077378 -0.7133268
vn 0.76736474 0.050534707 -0.63921636
vn 0.60904384 -0.03222555 -0.7924816
vn 0.7002649 0.21049914 -0.6821431
vn 0.47213423 0.0413952 -0.88055414
vn 0.37122494 -0.59060246 -0.716506
vn 0.11899875 -0.43194255 -0.89401615
vn 0.4635143 0.021554366 -0.8858273
vn 0.777037 0.417891 -0.47072345
vn 0.47759598 0.7162032 -0.5088762
vn 0.5133154 -0.19609374 -0.8354966
vn 0.38390332 0.15161607 -0.9108407
vn 0.8176884 0.41122842 -0.40283602
vn 0.5373054 0.73929566 -0.40588778
vn 0.83597636 0.29200998 -0.46462202
vn 0.15718043 0.905695 -0.39371407
vn 0.48141056 0.762742 -0.43181992
vn -0.0053885635 0.8898284 -0.4562635
vn -0.13611238 0.16119826 -0.977491
vn 0.03156561 0.91473514 -0.40281916
vn 0.028584372 0.91584426 -0.400515
vn -0.019956276 0.87244934 -0.4882969
vn 0.024605876 0.9548606 -0.2960335
vn -0.044438947 0.9131918 -0.40510008
vn -0.0650405 0.8579242 -0.5096429
vn -0.00944078 0.9366397 -0.3501671
vn 0.49572486 0.72079426 -0.48447138
vn -0.15312213 0.8877364 -0.4341401
vn 0.8510434 0.25453103 -0.45928118
vn -0.04844817 0.9136485 -0.40360758
vn -0.23720779 0.86442906 -0.4432774
vn -0.079903185 0.8602793 -0.5035224
vn -0.041722544 0.87717485 -0.47835493
vn -0.09408425 0.8636867 -0.49517018
vn 0.45822734 0.6291208 -0.6278811
vn 0.506763 0.6725052 -0.5393774
vn -0.26118574 0.8379878 -0.47912264
vn 0.8381328 0.23366241 -0.49288464
vn 0.9157034 -0.24351685 -0.3196665
vn -0.08153455 0.83365506 -0.54623383
vn 0.05559676 0.9077626 -0.41578364
vn -0.12259433 0.8135762 -0.5683875
vn 0.77360505 -0.6240719 -0.109861076
vn -0.12221866 0.7802348 -0.61342996
vn 0.9108421 -0.2070139 -0.35708824
vn 0.78240305 -0.617499 -0.08087248
vn 0.625796 -0.7797893 -0.017547466
vn 0.79272956 0.21821043 -0.5691783
vn 0.49992058 -0.8359031 -0.22659506
vn 0.6548886 -0.75464296 0.040435813
vn 0.77798074 -0.6228619 -0.082394615
vn 0.87227416 -0.22212185 -0.4356602
vn 0.7385018 0.2024586 -0.64313734
vn 0.73679703 -0.6549493 -0.16784401
vn 0.46883893 -0.87301695 0.13428096
vn 0.38651356 0.5965069 -0.70341086
vn 0.23302232 0.61538494 -0.7529954
vn 0.8239468 -0.27004758 -0.4981826
vn 0.6083432 -0.7923529 -0.045775943
vn 0.6546545 0.19596721 -0.73008513
vn -0.11812089 0.77970034 -0.6149105
vn 0.14384483 0.6745662 -0.72406423
vn 0.28599343 0.70965064 -0.64389724
vn 0.5865365 0.21897365 -0.7797598
vn -0.056218002 0.8022628 -0.5943182
vn 0.3349411 0.7934824 -0.50813395
vn 0.4829954 0.78097516 -0.39597133
vn 0.053883176 0.9754286 -0.21362533
vn 0.53732234 0.7392861 -0.4058826
vn 0.09307738 0.9865631 -0.13427557
vn 0.26081842 0.95754224 -0.122827835
vn 0.57374674 0.6896954 -0.44174075
vn 0.75769055 0.65245306 -0.014495778
vn 0.3372202 0.9404209 -0.04348767
vn 0.776343 0.5910549 -0.21896486
vn 0.4412506 0.22090545 -0.86976933
vn 0.6863563 0.7236448 0.07247892
vn 0.3378912 0.94014436 -0.044251062
vn 0.53020704 0.2095846 -0.82155627
vn 0.9569133 -0.071143836 -0.28152364
vn 0.8692256 0.31545132 -0.3807064
vn 0.7515097 -0.43681502 -0.4943942
vn 0.652584 0.7576054 -0.0129700815
vn 0.3476123 0.9272999 -0.13885419
vn 0.72858167 0.6632969 0.17089805
vn 0.57516307 0.81162536 -0.10223399
vn 0.30832523 0.92802745 -0.209047
vn 0.2013226 0.9384245 -0.28076443
vn 0.69256014 0.71822894 0.06713886
vn 0.85843396 0.50663 0.08010715
vn 0.83491665 0.52035666 0.17928535
vn 0.80352646 0.5482252 0.23193593
vn 0.9487399 -0.11072447 0.2960282
vn 0.96924096 -0.024319239 0.24490905
vn 0.48618597 0.86794394 -0.10147153
vn 0.33201775 0.9406296 -0.07057165
vn 0.0901223 0.9822019 -0.16479504
vn 0.0238418 0.9976839 0.06370527
vn 0.18525355 0.9791656 0.083160765
vn 0.61378974 0.7400095 0.27504188
vn 0.70295846 0.7092229 -0.05340615
vn 0.90780544 0.41880742 0.022125315
vn 0.7087718 0.704826 -0.029373216
vn 0.6812586 0.71547174 0.15487704
vn 0.9851951 0.10895222 0.13236384
vn 0.94412315 0.016021483 0.32920334
vn 0.6538729 -0.7454714 0.1293155
vn 0.9464591 0.30671227 -0.100711495
vn 0.9671939 -0.23784083 0.08926183
vn 0.9746405 0.22363324 -0.008010743
vn 0.79307276 -0.60910964 0.004577621
vn 0.3175232 -0.9474675 0.03852812
vn 0.87182194 -0.4871483 -0.051118143
vn 0.9001456 -0.4127376 -0.13923219
vn 0.341254 -0.93862134 -0.050354816
vn 0.93233067 -0.349624 -0.09231753
vn 0.44372913 -0.8843588 -0.14496121
vn 0.02164931 -0.99396086 -0.10757896
vn -0.033713713 -0.9989177 -0.032044712
vn -0.39271945 -0.9077942 -0.14724594
vn 0.4959752 -0.8504203 -0.17548205
vn 0.050974708 -0.9844938 -0.16784936
vn 0.52506465 -0.8375474 -0.15106753
vn -0.31396377 -0.9358829 -0.15984303
vn 0.6183832 -0.78566337 -0.018311163
vn 0.65582776 -0.7205809 0.22506231
vn 0.0003338101 -0.9974246 -0.07172149
vn 0.018597532 -0.9943481 -0.10452766
vn -0.4335372 -0.900262 0.03967256
vn 0.040580023 -0.98555565 -0.16441822
vn -0.31396377 -0.9358829 -0.15984303
vn -0.8125942 -0.547483 -0.19988234
vn -0.8357598 -0.5392768 -0.103373304
vn -0.950408 0.27941954 0.13656273
vn -0.36832502 -0.9158532 -0.15984274
vn -0.7762996 -0.6103584 -0.15754877
vn -0.3726741 -0.92768 -0.022886842
vn -0.7633102 -0.63532895 -0.11710955
vn -0.76827663 -0.634286 -0.08621177
vn -0.95713633 0.22378641 -0.18387395
vn -0.6710122 0.71557015 -0.19417009
vn -0.67120004 0.7232441 0.16250709
vn -0.24891002 0.9618321 0.11367845
vn -0.9642076 -0.014496494 -0.26475176
vn -0.97306836 -0.14299452 -0.18080534
vn -0.9428714 -0.32393917 -0.07782552
vn -0.81594133 0.4237536 -0.3932845
vn -0.8805588 0.3474579 -0.32231846
vn -0.23689374 0.94936305 -0.20637602
vn 0.0238418 0.9976839 0.06370527
vn 0.0901223 0.9822019 -0.16479504
vn 0.2013226 0.9384245 -0.28076443
vn -0.17433284 0.9012283 -0.39673117
vn 0.30832523 0.92802745 -0.209047
vn -0.57733876 0.66390616 -0.47529837
vn -0.15716684 0.9318907 -0.3269223
vn 0.3476123 0.9272999 -0.13885419
vn -0.6006271 0.7128751 -0.36201656
vn -0.16537286 0.9603833 -0.22431196
vn -0.18520424 0.9801901 -0.07019069
vn 0.3378912 0.94014436 -0.044251062
vn 0.3372202 0.9404209 -0.04348767
vn -0.6353343 0.73871213 -0.22506595
vn -0.2838146 0.9588279 0.009918252
vn -0.6601286 0.747866 -0.070189916
vn -0.9384492 0.28997508 -0.18768986
vn -0.4014916 0.9117961 0.08621103
vn 0.26081842 0.95754224 -0.122827835
vn 0.09307738 0.9865631 -0.13427557
vn -0.9870609 -0.13470757 -0.0869758
vn -0.97175306 -0.20104991 -0.12359097
vn -0.9633311 0.26758137 -0.01983497
vn -0.63630533 0.76109636 0.12588774
vn -0.45145786 0.8843196 0.1190155
vn 0.053883176 0.9754286 -0.21362533
vn -0.6325713 0.7474412 0.20294158
vn -0.8736062 0.4433361 0.20066239
vn -0.3721194 0.8856671 -0.2777067
vn 0.05559676 0.9077626 -0.41578364
vn -0.9369185 0.3310663 -0.11215555
vn -0.72306967 0.6897629 0.037383713
vn -0.5886046 0.8055644 -0.067901246
vn -0.04463222 0.8303692 -0.5554232
vn 0.08144083 0.83958435 -0.5370899
vn -0.3130905 0.7842998 -0.5355821
vn -0.31240168 0.8088495 -0.4981644
vn -0.8314045 0.48217267 -0.27618116
vn -0.6989481 0.66375744 -0.26626593
vn -0.81425154 0.51584524 -0.2662673
vn -0.99029773 -0.0054359566 -0.13885531
vn -0.95007193 -0.3027508 0.07553272
vn -0.925058 -0.32391337 0.19836296
vn -0.9510341 0.30823728 0.022888908
vn -0.70895886 0.70514417 0.012206986
vn -0.862826 0.4801955 0.1579352
vn -0.6888231 -0.6437153 0.33339685
vn -0.9195104 0.31162933 0.23955715
vn -0.8807633 0.406695 0.24260086
vn -0.8064047 -0.5607927 0.1876779
vn -0.31049988 -0.898695 0.30973697
vn -0.39076853 -0.8921634 0.22659329
vn -0.40514034 -0.90317315 0.14191358
vn 0.05626757 -0.9842056 0.16784902
vn -0.9376194 -0.17337185 0.3013504
vn 0.0046251914 -0.99923205 0.038908824
vn 0.16578908 -0.9805253 0.10528107
vn 0.10488307 -0.99251467 0.06256267
vn 0.4072382 -0.9129956 0.024415217
vn 0.3657702 -0.9288494 0.058744483
vn -0.19312687 -0.97364545 0.12131227
vn -0.20405388 -0.8841142 0.42036197
vn 0.6115883 -0.7877788 -0.07324182
vn -0.33721972 -0.8949293 0.29220623
vn 0.29279578 -0.91140765 0.28914806
vn 0.6679454 -0.7091198 -0.22582732
vn 0.78517234 -0.36470264 -0.5004961
vn 0.7433103 -0.6146568 -0.26398292
vn 0.70886374 -0.7052398 -0.01220699
vn 0.7315223 -0.6058269 -0.31280792
vn 0.7606884 -0.54606676 -0.35094756
vn 0.7643347 -0.6196122 0.17853072
vn 0.19128835 -0.8670499 0.4600361
vn 0.95651144 -0.2912117 -0.016785083
vn 0.9601886 0.03662039 0.27694172
vn 0.7873175 -0.49143565 0.37232
vn 0.7017852 -0.627115 0.33797076
vn 0.021411626 -0.9926601 0.119027644
vn 0.08257325 -0.9431493 0.32194865
vn -0.5741257 -0.8123592 0.10223633
vn 0.16214162 -0.8651685 0.47454566
vn -0.5511092 -0.77511954 0.30897972
vn -0.64007264 -0.7139785 0.2837986
vn -0.6478966 -0.72819227 0.22353096
vn -0.23280153 -0.82639295 0.51271653
vn -0.70766234 -0.61057335 0.35554785
vn -0.24266976 -0.7921459 0.56001455
vn -0.5046507 -0.7077414 0.49439847
vn -0.66402537 -0.6815725 0.30745623
vn -0.72989804 -0.6751604 0.106805034
vn -0.9129075 -0.40790904 -0.014496651
vn -0.7955248 -0.5957376 0.110621996
vn -0.36888123 -0.9217262 0.119781494
vn -0.69435275 -0.6807156 0.23345359
vn -0.6355511 -0.66683275 0.38911295
vn -0.77649283 -0.5908573 0.21896677
vn -0.72459126 -0.6006154 0.33797732
vn -0.89456844 -0.39380562 0.2113394
vn -0.7906729 -0.52765566 0.31050912
vn -0.7563716 -0.55867165 0.3402766
vn -0.9097714 -0.15829211 0.3837442
vn -0.83329433 0.44441015 0.32881653
vn -0.8864086 -0.13328555 0.44329968
vn -0.8816151 0.46159264 0.098423496
vn -0.6328705 -0.7450724 0.21057537
vn -0.94170475 -0.22486374 0.25025657
vn -0.6519296 -0.75816864 0.012969929
vn -0.90335697 0.38926098 -0.18006103
vn -0.9605188 -0.27403206 -0.048064087
vn -0.7680992 -0.6250939 -0.13885678
vn -0.90078604 0.3089717 -0.30515724
vn -0.9369038 -0.2687733 -0.22354464
vn 0.34465626 0.8212498 -0.45470977
vn 0.8233858 0.27104068 -0.49857086
vn 0.30402458 -0.34292173 -0.8888047
vn -0.1684155 -0.020289015 -0.98550725
vn -0.14343429 -0.8090828 -0.5699224
vn -0.6728949 0.518356 -0.5277495
vn -0.2380372 0.9361867 -0.25863656
vn -0.4138465 0.894307 -0.17013529
vn -0.44682613 0.8385769 -0.31166488
vn -0.7074499 -0.39292178 -0.58747524
vn -0.13046217 -0.8877961 -0.44135886
vn -0.89719355 0.2977771 -0.32614815
vn -0.7742949 -0.43573755 -0.45891204
vn 0.0040054745 -0.8498521 -0.5270061
vn -0.35552996 0.9338862 0.038146995
vn -0.4868749 0.8714682 -0.059127852
vn -0.037192944 0.9957457 0.08430401
vn 0.07264592 0.9019346 0.4257188
vn 0.18525355 0.9791656 0.083160765
vn 0.48551214 0.647433 0.58745927
vn 0.61378974 0.7400095 0.27504188
vn 0.94412315 0.016021483 0.32920334
vn -0.05798346 0.8903036 0.45166063
vn 0.16760309 0.7365 0.6553449
vn 0.4518541 0.6378219 0.6237074
vn 0.04997222 0.9000244 0.4329654
vn 0.18396752 0.887412 0.42267707
vn 0.39194208 0.6101803 0.6885211
vn 0.7900123 0.118301585 0.60156906
vn 0.83559173 0.041531637 0.5477789
vn 0.8077444 -0.5275134 0.26320833
vn 0.6538729 -0.7454714 0.1293155
vn 0.8522125 -0.49095675 0.18081859
vn 0.8884249 -0.45544174 0.05721929
vn 0.6331134 -0.7710079 0.06866118
vn 0.85536724 0.13359879 0.5004981
vn 0.94412315 0.016021483 0.32920334
vn 0.6006006 0.5940205 0.5351811
vn 0.37897444 -0.9254071 -0.00038145392
vn 0.3175232 -0.9474675 0.03852812
vn 0.6966247 -0.7173185 -0.01296933
vn 0.113773756 -0.99211097 -0.052643016
vn -0.033713713 -0.9989177 -0.032044712
vn 0.37542957 -0.92042947 -0.108914144
vn 0.17034495 -0.96489847 -0.19988409
vn 0.17729177 -0.8597553 -0.47894529
vn -0.115869924 -0.98961496 -0.08506664
vn 0.30592453 -0.87486017 -0.37553948
vn -0.233083 -0.96542525 -0.11673225
vn -0.39271945 -0.9077942 -0.14724594
vn -0.10029382 -0.9779272 -0.18330175
vn -0.24967957 -0.9441664 -0.21496476
vn 0.8309375 -0.5255706 -0.18253349
vn 0.25119075 -0.79867977 -0.5468215
vn 0.9117099 -0.3749836 -0.16784617
vn -0.39711305 -0.9061883 -0.14534107
vn -0.3172929 -0.921742 -0.2229729
vn -0.74440646 -0.66115427 -0.093456104
vn -0.8357598 -0.5392768 -0.103373304
vn -0.69140774 -0.7142958 -0.108336456
vn -0.96556336 -0.24813786 0.07819871
vn -0.950408 0.27941954 0.13656273
vn -0.27322942 -0.880247 -0.38795716
vn -0.47169483 -0.8017667 -0.3669797
vn -0.4981926 -0.7243056 -0.47663987
vn -0.60081154 -0.7643659 -0.23403041
vn -0.94688773 -0.32152602 -0.0049590254
vn -0.30193844 -0.854316 -0.42305717
vn -0.24986185 -0.7470106 -0.6160715
vn -0.1447196 -0.8765192 -0.45909733
vn 0.13562268 -0.82568073 -0.5475929
vn -0.2751222 -0.785028 -0.5550125
vn 0.2522442 -0.63919353 -0.7265015
vn 0.22937953 -0.7448576 -0.62655586
vn -0.77802646 -0.5188592 -0.35420328
vn -0.16021276 -0.80969423 -0.5645592
vn -0.47445327 -0.806046 -0.35381338
vn -0.29745728 -0.5536196 -0.77783316
vn -0.781895 -0.18878011 -0.59414
vn -0.58444184 -0.71988887 -0.3744166
vn 0.3494341 -0.28649023 -0.892087
vn -0.9918202 -0.112104304 -0.06103509
vn 0.9423815 -0.26056993 -0.20981018
vn -0.60815746 -0.7389061 -0.2901074
vn -0.9960961 -0.08785788 0.008583129
vn 0.13909487 -0.8586975 -0.4932456
vn 0.5076494 -0.6406892 -0.576029
vn -0.6264633 -0.72326046 -0.29058206
vn -0.9967631 -0.064586475 0.047873624
vn 0.5647636 -0.724575 -0.3950103
vn 0.97320426 -0.14326271 -0.17985919
vn 0.9576731 -0.19430979 -0.21238181
vn -0.090597846 -0.90831494 -0.40835786
vn 0.51746565 -0.759223 -0.3947273
vn 0.659046 -0.6074515 -0.44346485
vn 0.124311544 -0.91362077 -0.38709673
vn 0.7430541 -0.6149281 -0.26407197
vn -0.76514345 -0.57078195 -0.29793197
vn 0.44384542 -0.6869162 -0.5754541
vn 0.9404072 -0.17052168 -0.29420507
vn 0.7184767 -0.60196114 -0.3484737
vn 0.10509695 -0.9026574 -0.41733006
vn 0.47417665 -0.56886655 -0.67197275
vn 0.9456121 -0.06738874 -0.31823987
vn 0.94322443 -0.07860602 -0.32272092
vn -0.19969678 -0.7961169 -0.57124346
vn -0.20789994 -0.6932342 -0.6900753
vn 0.50744236 -0.59356385 -0.6246472
vn -0.122453034 -0.90409255 -0.4094166
vn -0.7245023 -0.6636583 -0.18615618
vn -0.7390849 -0.6432423 -0.19998208
vn 0.54988533 -0.60619944 -0.5745854
vn 0.9710524 -0.06864221 -0.22879148
vn -0.7603795 -0.5560507 -0.3356046
vn 0.58450973 -0.5455758 -0.6005792
vn 0.97871816 -0.056362726 -0.19731721
vn 0.53730744 -0.49076754 -0.685892
vn 0.9476016 -0.07796149 -0.30979556
vn 0.9291171 -0.05888938 -0.36506647
vn 0.37727112 -0.47807384 -0.7931658
vn 0.8253228 0.011873432 -0.56453645
vn -0.13313298 -0.6263497 -0.76808965
vn -0.118256785 -0.7425382 -0.6592816
vn 0.32424796 -0.3904327 -0.8616412
vn -0.21438445 -0.48727638 -0.8465229
vn 0.52431655 0.2535754 -0.81289095
vn 0.222971 -0.20637694 -0.952729
vn -0.2529146 -0.16498578 -0.95331734
vn -0.1804357 0.35963163 -0.91548234
vn -0.815031 0.31109655 -0.48881832
vn -0.68416667 -0.15645044 -0.71234775
vn -0.7747789 -0.30713633 -0.5526165
vn -0.7818468 -0.3870609 -0.48877347
vn -0.97445685 0.22344413 -0.022506537
vn -0.98316574 0.10361912 0.1504933
vn -0.9761801 0.07309906 0.20427683
vn -0.18672858 -0.52098995 -0.83288777
vn -0.79572034 -0.43459934 -0.4218443
vn -0.96531904 0.06437368 0.2530124
vn -0.7913549 -0.5130026 -0.33254448
vn -0.97286373 0.057507772 0.22411822
vn -0.76664704 -0.58602387 -0.26235178
vn -0.9866458 0.08129863 0.14114012
vn -0.118255705 -0.81474835 -0.5676273
vn -0.7820303 -0.5291341 -0.32931104
vn -0.9902783 0.08016687 0.11367603
vn -0.16040874 -0.75337636 -0.63772494
vn -0.78241885 -0.46639705 -0.41266778
vn -0.9951036 -0.019005701 0.096992545
vn -0.9791337 -0.025537513 0.20160598
vn -0.9833149 -0.07622097 0.16517325
vn -0.9904565 -0.08961887 0.10471031
vn -0.8882973 -0.23490192 -0.3946505
vn -0.5523844 -0.5469483 -0.629062
vn -0.06256147 -0.3526712 -0.93365365
vn -0.18424515 -0.69230205 -0.69769025
vn 0.8504077 -0.34201807 -0.399788
vn -0.6616457 -0.63108104 -0.4049218
vn 0.09059847 -0.69610626 -0.7121994
vn 0.2653109 -0.7698975 -0.58040327
vn 0.8117842 -0.31940398 -0.4888635
vn 0.85070395 -0.2566477 -0.45873162
vn -0.9502138 -0.30695513 -0.053594958
vn -0.5744954 -0.69954634 -0.42495874
vn -0.4033989 -0.86222947 -0.30631614
vn 0.3627724 -0.72860837 -0.58096987
vn -0.9517314 -0.30597496 -0.02422242
vn 0.36982772 -0.63315594 -0.6799566
vn 0.86413985 -0.17994966 -0.46997917
vn 0.30192947 -0.5784531 -0.75778
vn 0.8501029 -0.12738669 -0.51097715
vn 0.29220355 -0.5842878 -0.75711614
vn 0.8466839 -0.073410116 -0.5270079
vn 0.8923787 -0.05235822 -0.44823977
vn 0.34332535 -0.6293821 -0.6971412
vn 0.93477225 -0.030898409 -0.3539012
vn -0.42990565 -0.66234607 -0.61357874
vn -0.42706284 -0.66292256 -0.6149399
vn -0.35305005 -0.7891532 -0.5025861
vn -0.32424882 -0.8816945 -0.34275004
vn -0.8529737 -0.51746815 0.06828367
vn -0.83176047 -0.5419746 0.120157994
vn -0.8817374 -0.4717399 0.00076291367
vn -0.90173537 0.062199336 0.42779025
vn -0.9299889 -0.3468624 -0.12168436
vn -0.9197459 -0.39204124 -0.019264689
vn -0.9468724 -0.05841318 0.31625998
vn -0.9828104 0.0930623 0.15944682
vn -0.91495925 -0.032174733 0.40226164
vn -0.97007084 -0.023734407 0.24165942
vn -0.72441876 0.5445777 0.42267302
vn -0.9653435 0.2541513 0.059320647
vn -0.6662608 0.54984874 0.50374883
vn -0.6404802 0.5676443 0.5172669
vn -0.72135663 0.65257317 0.23193276
vn -0.9412728 0.33604965 0.032806266
vn -0.44174024 0.8968558 0.02269736
vn -0.2407087 0.96805614 0.0701908
vn 0.041771453 0.93919015 0.34084746
vn -0.908076 0.3655025 0.20446491
vn -0.46940133 0.87636054 0.10795659
vn -0.67120004 0.7232441 0.16250709
vn -0.24891002 0.9618321 0.11367845
vn -0.009346116 0.9993668 0.03433267
vn 0.15220664 0.8989108 0.41084346
vn 0.035858106 0.99606377 -0.081062205
vn 0.18978135 0.98168933 -0.01640321
vn 0.0238418 0.9976839 0.06370527
vn 0.24080329 0.969114 -0.053215142
vn -0.037192944 0.9957457 0.08430401
vn 0.18525355 0.9791656 0.083160765
vn 0.09546145 0.9911432 -0.09231581
vn -0.44682613 0.8385769 -0.31166488
vn -0.016212447 0.9996524 -0.02079008
vn -0.2380372 0.9361867 -0.25863656
vn 0.056791596 0.99809676 0.024032716
vn 0.13923712 0.944619 -0.29716635
vn -0.014495776 0.94401354 -0.32958812
vn 0.07572221 0.95537305 -0.28553188
vn 0.23808509 0.9709609 -0.023460418
vn 0.34465626 0.8212498 -0.45470977
vn 0.035570405 0.9352882 -0.352095
vn -0.13294229 0.97824407 -0.15926372
vn 0.9257524 0.37291884 -0.062562436
vn -0.02951619 0.93281174 -0.35915342
vn 0.7966945 0.60397005 -0.022315837
vn 0.8233858 0.27104068 -0.49857086
vn 0.99257445 0.040149298 -0.11482127
vn 0.9960401 0.00844021 -0.088502996
vn 0.79268664 0.5981628 0.117682315
vn 0.8579118 0.50591624 -0.08964396
vn 0.27799612 0.9467365 -0.16250616
vn 0.75539666 0.6066997 0.24757096
vn 0.9945701 -0.1028282 0.016021457
vn 0.74375546 0.62204975 0.24470787
vn 0.98773986 -0.1047155 0.115778334
vn 0.9843843 -0.08151545 0.15602137
vn 0.10433198 0.98917496 0.10318757
vn -0.55518144 0.7655173 -0.32520285
vn 0.026130617 0.95829743 0.28457576
vn 0.1766195 0.92267483 0.3427487
vn 0.696368 0.63372993 0.33683538
vn 0.99065137 -0.044010933 0.12912418
vn 0.27904683 0.75932014 -0.5878485
vn 0.055170093 0.972203 -0.22754683
vn 0.87854165 0.45013067 0.15983455
vn 0.70200574 -0.12903325 -0.70038444
vn -0.4816763 -0.121503934 -0.86788523
vn 0.98790216 -0.14390813 -0.057792135
vn -0.9450005 -0.21014316 -0.25062686
vn 0.99127454 -0.12662432 -0.036621153
vn -0.83881325 0.53882873 0.07782066
vn -0.94308245 -0.22601935 -0.24394833
vn -0.80499303 0.5929266 0.020599276
vn -0.9492404 -0.22003666 -0.22478119
vn 0.7555023 0.6407948 0.13637568
vn 0.9998636 0.012171072 0.011157808
vn 0.6341922 0.7433519 0.21266896
vn 0.9950846 0.09898751 -0.0028610833
vn 0.05640967 0.9699435 0.23670126
vn -0.029849865 0.9791686 0.20084287
vn -0.07734257 0.9574362 0.2780899
vn -0.81468225 0.57684606 0.05950971
vn -0.92898506 -0.16305639 -0.33226404
vn 0.63924074 0.60647047 0.47282642
vn -0.12188075 0.85044724 0.5117466
vn -0.841088 0.51475453 0.16612907
vn 0.67310596 0.5620501 0.48065373
vn 0.9973794 -0.013134236 0.07114602
vn -0.13370627 0.8040974 0.5792668
vn -0.8388907 0.50482213 0.20351192
vn -0.9152796 -0.11535767 -0.3859481
vn -0.9327164 -0.11991556 -0.34008864
vn -0.8087279 0.5744067 0.12655447
vn -0.9641307 -0.09594101 -0.24748199
vn 0.6762315 0.61467355 0.4060632
vn 0.9995152 -0.01466229 0.027464973
vn 0.9924487 -0.050113562 0.111956835
vn -0.08621204 0.88434094 0.45881206
vn -0.09917932 0.8360149 0.53966904
vn -0.7938411 0.56810564 0.21696165
vn -0.96867734 -0.057553217 -0.24156137
vn 0.6561043 0.5800038 0.48282793
vn 0.99039733 -0.038600225 0.13275234
vn -0.7932186 0.51054955 0.33187866
vn 0.66355205 0.47935387 0.57438546
vn 0.663363 0.5006216 0.55617213
vn 0.99658835 -0.040340368 0.072002314
vn 0.98988056 -0.14190196 -0.0006675495
vn -0.113489084 0.7086391 0.69638425
vn -0.79401815 0.54163176 0.27598947
vn -0.93775356 -0.065422446 -0.34108368
vn -0.91563886 -0.09374783 -0.39091796
vn -0.103188716 0.76585686 0.6346774
vn 0.6910053 0.56688946 0.44849542
vn -0.0974665 0.8817762 0.46148768
vn -0.78677136 0.6029053 0.13227294
vn -0.7422652 0.668258 -0.049735487
vn -0.8233552 -0.014495859 -0.5673412
vn 0.6755718 0.6906396 0.25810775
vn 0.984791 0.037861902 -0.16956791
vn -0.07515201 0.96124 0.26527324
vn -0.6077772 0.7402426 -0.28748536
vn -0.6097779 0.19955589 -0.7670386
vn 0.6392504 0.76833075 -0.032043584
vn 0.8233884 0.27102965 -0.49857247
vn -0.027655583 0.9991295 -0.031231737
vn -0.33436581 0.69824857 -0.63296807
vn 0.1535407 0.48479763 -0.8610439
vn 0.07248131 0.9140276 -0.3991241
vn 0.51517224 0.73260885 -0.44483912
vn -0.7917178 0.5813433 -0.18767776
vn -0.7207485 0.44744003 -0.52945167
vn -0.776273 0.51420933 -0.36467665
vn -0.7195944 0.6841201 0.1190106
vn -0.6395102 0.6612532 0.39213637
vn -0.667594 0.6920088 0.27466723
vn -0.92231447 0.34882405 -0.1663065
vn -0.87474036 0.42630717 -0.2304157
vn -0.8555577 0.45066494 -0.2547983
vn -0.8090785 0.5041005 -0.302117
vn -0.8090785 0.5041005 -0.302117
vn 0.386838 -0.5245584 0.75841606
vn 0.41289496 -0.24327223 0.87768805
vn 0.4607803 -0.63853157 0.61640805
vn 0.65912837 -0.44361484 0.60725254
vn 0.7576726 -0.5472716 0.3555644
vn 0.38746437 -0.31900975 0.86493015
vn 0.092688 -0.118053235 0.988672
vn 0.62287354 -0.11690798 0.77353805
vn -0.11348392 -0.080583125 0.9902665
vn 0.113888964 -0.48264506 0.86837953
vn -0.3273488 -0.0387976 0.9441067
vn -0.33369955 0.20613097 0.9198666
vn -0.32275054 -0.41946122 0.84846
vn -0.23383503 -0.94420904 0.23192774
vn 0.70805293 -0.48068246 0.5173059
vn 0.092503354 -0.97786534 0.18767689
vn -0.6702428 -0.73738146 -0.0839234
vn -0.543244 -0.8146753 0.2029535
vn -0.71703845 -0.39818522 0.5721051
vn 0.41732702 -0.74291074 0.5233754
vn -0.37694195 -0.5316484 0.75846213
vn -0.26168406 -0.93611175 -0.23498158
vn 0.13809785 -0.9804185 -0.14038676
vn 0.50184345 -0.12603287 -0.8557271
vn 0.5900846 -0.5680565 0.5736828
vn 0.9121823 -0.37969443 0.15412866
vn 0.6620817 -0.20241928 -0.7215776
vn -0.4086219 -0.518885 -0.7508571
vn 0.23842233 -0.9647522 -0.11139092
vn -0.8236141 -0.56020254 -0.088503234
vn 0.8868964 -0.3950027 -0.23955737
vn 0.9411249 -0.06809517 -0.3311295
vn 0.84923583 -0.4112652 0.33114856
vn 0.013733253 -0.99871266 -0.048829343
vn 0.6164234 -0.78454757 0.06713522
vn -0.5119536 -0.7460903 -0.42573786
vn 0.57604206 -0.7976847 -0.1785349
vn 0.97169536 -0.23405385 0.03204649
vn 0.9728899 -0.22605385 -0.04883526
vn 0.86510396 -0.50159246 0
vn 0.77138114 -0.63060975 0.08545467
vn 0.785397 -0.61241126 0.090021215
vn 0.8124067 -0.5745966 0.09916702
vn 0.9334258 -0.31947038 -0.1632637
vn 0.99315464 -0.06848685 -0.0946225
vn 0.6953668 -0.37200025 -0.61488277
vn 0.02136752 -0.5032815 -0.86385834
vn 0.58443165 -0.7957731 0.15869685
vn 0.74727666 -0.66411877 0.022887493
vn 0.7323677 -0.6791566 0.04882451
vn 0.474873 -0.78325444 0.40125814
vn 0.35440668 -0.81792027 0.4532133
vn 0.34466425 -0.9206941 0.18310882
vn 0.59528905 -0.6736818 0.43793133
vn 0.77115077 -0.4440364 0.4562436
vn 0.6262889 -0.667482 0.4027777
vn 0.49970114 -0.7684335 0.39976093
vn 0.40801358 -0.62680346 0.66380894
vn -0.22887708 -0.9675779 0.1068093
vn 0.80186796 -0.32635492 0.5004999
vn 0.68411785 -0.63166946 -0.3646594
vn -0.3683 -0.91760296 0.14953248
vn -0.80165565 -0.5861261 0.117492236
vn -0.33700532 -0.9414025 -0.013731965
vn -0.07153402 0.48261622 0.8729058
vn -0.26776576 -0.6001843 -0.75371104
vn 0.33002385 0.12609583 0.9355127
vn -0.14705877 -0.8002401 0.58136857
vn -0.7008122 -0.5325715 0.47458375
vn -0.4068381 -0.750829 -0.52032554
vn 0.53615224 -0.83827436 -0.099181496
vn 0.3255855 -0.74920905 -0.5767842
vn 0.29081696 -0.49925166 -0.8161944
vn 0.1006963 -0.6200069 -0.77810776
vn -0.17987199 -0.70136726 -0.68973184
vn 0.27580392 -0.8022347 -0.52948254
vn -0.20713872 -0.8176829 -0.53711104
vn 0.09822136 -0.8358352 -0.54012215
vn -0.015258969 -0.9333721 0.35858575
vn -0.47747 -0.5860119 0.65468514
vn 0.77115077 -0.4440364 0.4562436
vn 0.29530483 0.17367508 0.939485
vn 0.03683146 0.34217003 0.938916
vn -0.4267288 -0.43931895 0.790507
vn 0.71078205 -0.5919369 0.37999943
vn 0.7313401 -0.67335176 0.10834669
vn 0.52451175 -0.7037995 0.47911766
vn 0.82238907 -0.47623038 0.31125668
vn 0.773593 -0.627686 0.08697199
vn 0.76112616 -0.600889 0.2441708
vn 0.7004162 -0.7009884 0.13428459
vn 0.755301 -0.6088184 0.24261183
vn 0.7434338 -0.6238512 0.24107242
vn 0.7183531 -0.4582696 0.5234097
vn 0.6680124 -0.7324864 0.13123715
vn 0.92726266 -0.27291504 0.2563227
vn 0.8861718 -0.4306879 -0.17090183
vn 0.8728494 -0.4708542 -0.12818068
vn 0.92894 -0.35793757 -0.094610736
vn 0.8082761 -0.17727527 -0.561483
vn 0.3433274 -0.88559395 0.3128094
vn 0.13349314 -0.5708739 0.8101127
vn 0.1701035 -0.6525719 0.7383865
vn -0.36137626 -0.4241496 0.8303639
vn -0.09764734 -0.58855414 0.8025391
vn 0.6137399 -0.7792856 -0.12663868
vn 0.8221805 -0.41109025 -0.393731
vn 0.68785197 -0.71551096 -0.12208132
vn 0.904189 -0.32962838 -0.2716382
vn 0.67480975 -0.7226835 -0.14953387
vn 0.79007953 -0.56804854 -0.23042396
vn 0.7392599 -0.67250526 -0.035093866
vn 0.71418357 -0.699877 -0.010682233
vn 0.44707823 -0.83483845 -0.32119444
vn 0.1098511 -0.64260995 0.7582778
vn 0.07400163 -0.97794694 0.1953033
vn 0.89565253 -0.39175257 0.21056226
vn 0.31241676 -0.92418516 0.21972167
vn 0.06980904 -0.84352595 -0.53253233
vn 0.58530694 -0.21071431 -0.78295296
vn 0.30514827 -0.6708495 -0.67590344
vn -0.04541881 0.24713176 -0.96791685
vn 0.6328688 0.44766214 -0.63172436
vn 0.076652914 0.45677128 -0.8862756
vn 0.13579601 -0.81096166 -0.5691226
vn 0.3059602 -0.71492445 0.6287062
vn 0.17510849 -0.753844 0.63329005
vn 0.49897313 -0.8292376 -0.25177538
vn -0.12283578 -0.9791575 -0.16174649
vn 0.9265988 -0.09174433 -0.36468855
vn 0.018310022 -0.9985637 -0.050352562
vn -0.5397847 -0.8403857 0.048828583
vn 0.33112592 -0.9346297 -0.1297037
vn 0.8025314 -0.49166492 0.3379481
vn 0.81292814 -0.36478767 -0.45395795
vn 0.84070176 -0.43255705 -0.3257528
vn 0.17434694 -0.4615234 -0.86982715
vn -0.1961045 -0.4421889 -0.8752212
vn 0.58862 -0.27790648 -0.75914055
vn -0.3540492 -0.63732666 -0.6844442
vn -0.75619227 -0.5846946 -0.29377803
vn -0.7493018 -0.6502978 0.12513798
vn 0.44473588 -0.55935264 -0.6995245
vn -0.6828225 -0.7303149 -0.019836187
vn -0.3585979 0.45950127 -0.81256765
vn -0.6377962 -0.15086627 -0.75528497
vn -0.49899283 -0.3322804 -0.8003724
vn 0.6920066 -0.60998815 -0.3860588
vn 0.71069545 -0.008583278 -0.70344734
vn 0.73305213 -0.25620592 -0.63007396
vn 0.89652634 -0.12236631 -0.4257546
vn 0.92666775 0.0388178 0.37387168
vn 0.5626347 -0.7607965 0.32346722
vn 0.06409082 -0.80332875 0.592077
vn 0.08467726 -0.3862923 0.9184813
vn 0.67859095 -0.29104266 0.674395
vn 0.4255103 0.071077384 0.902158
vn 0.013160709 0.936729 0.34980783
vn -0.7778214 0.6139315 0.13446888
vn -0.6860704 0.69221854 0.22392179
vn -0.19350272 0.7500137 -0.632484
vn 0.5456959 0.7577468 -0.35782087
vn -0.781895 -0.18878011 -0.59414
vn -0.9918202 -0.112104304 -0.06103509
vn -0.9960961 -0.08785788 0.008583129
vn 0.3494341 -0.28649023 -0.892087
vn -0.9967631 -0.064586475 0.047873624
vn 0.85048974 0.5034882 0.15220694
vn 0.9423815 -0.26056993 -0.20981018
vn 0.97320426 -0.14326271 -0.17985919
vn -0.64590174 0.7071636 0.28762904
vn -0.99920744 0.02226819 0.03299697
vn 0.007963183 0.95311433 0.3025056
vn -0.6287835 0.6365321 0.44660726
vn -0.99851805 0.053612523 -0.009346205
vn 0.63018787 0.6425856 0.43582907
vn -0.5996447 0.62391555 0.50115424
vn -0.99808085 0.044549093 0.04301127
vn -0.0057220426 0.8136267 0.58135945
vn 0.6236623 0.6465984 0.43926734
vn 0.98782 0.1522458 -0.03213896
vn 0.9849948 0.16846526 -0.03747911
vn -0.5941945 0.66002274 0.45967695
vn -0.98960423 0.09641417 0.106713615
vn 0.016927792 0.7868324 0.61693454
vn 0.6339066 0.6926052 0.34418067
vn -0.5533324 0.67893374 0.4825684
vn -0.9853447 0.13995291 0.09751403
vn 0.043727294 0.86331046 0.5027752
vn 0.6427001 0.6627986 0.38423252
vn 0.9823293 0.18660964 0.014352756
vn 0.9892476 0.13880748 0.04606253
vn 0.062127944 0.83840984 0.54148793
vn -0.5921257 0.5871189 0.55197674
vn 0.66235197 0.5415928 0.5176555
vn 0.6486847 0.5103075 0.5646189
vn 0.99335337 0.10099474 0.05521809
vn 0.9980876 0.04286748 -0.044536408
vn 0.04386961 0.70348734 0.7093526
vn -0.6116834 0.5492181 0.5693882
vn -0.98690885 0.14429078 0.07205002
vn -0.99900156 -0.029372584 -0.03366403
vn 0.025033997 0.6578457 0.7527365
vn 0.6499243 0.6162122 0.44483814
vn -0.6611476 0.5975624 0.4536553
vn -0.9624473 0.040149655 -0.2684829
vn -0.01540154 0.7716983 0.63580227
vn 0.5772571 0.76961267 0.27289298
vn 0.9455539 0.21963345 -0.24018535
vn -0.6996921 0.6457375 0.3057025
vn -0.05736516 0.8960981 0.44013336
vn 0.5245201 0.8513438 -0.009608254
vn 0.5928143 0.41379824 -0.69089955
vn -0.6542507 0.7528377 0.07205079
vn -0.7504433 0.24375817 -0.6143426
vn -0.08063353 0.9785696 0.18947211
vn -0.5461223 0.7717143 -0.32589477
vn -0.08687967 0.49381226 -0.8652175
vn -0.09136204 0.9593015 -0.26719585
vn 0.30048037 0.89828795 -0.32060936
vn -0.6673828 -0.6054415 -0.4336367
vn -0.99920744 0.02226819 0.03299697
vn 0.090074725 -0.7939354 -0.6012929
vn 0.07348231 -0.6832143 -0.72651124
vn -0.67412376 -0.50489545 -0.5391083
vn -0.99851805 0.053612523 -0.009346205
vn -0.70416486 -0.53139895 -0.4709214
vn -0.99808085 0.044549093 0.04301127
vn 0.76278865 -0.59196347 -0.26025507
vn 0.7807872 -0.48126572 -0.39844012
vn -0.73063076 -0.5675174 -0.3796085
vn -0.98960423 0.09641417 0.106713615
vn -0.7656969 -0.498814 -0.40607017
vn -0.9853447 0.13995291 0.09751403
vn -0.01583098 -0.82490367 -0.56505156
vn 0.9998636 0.012171072 0.011157808
vn 0.99127454 -0.12662432 -0.036621153
vn 0.98790216 -0.14390813 -0.057792135
vn 0.70200574 -0.12903325 -0.70038444
vn 0.9950846 0.09898751 -0.0028610833
vn 0.7666325 -0.3931629 -0.5076392
vn 0.98782 0.1522458 -0.03213896
vn 0.7555224 -0.4414694 -0.48403588
vn 0.9849948 0.16846526 -0.03747911
vn 0.9823293 0.18660964 0.014352756
vn 0.1414214 -0.35612825 -0.9236734
vn -0.4816763 -0.121503934 -0.86788523
vn -0.37269652 -0.69980735 -0.60939884
vn -0.48900068 -0.7268968 -0.48218188
vn -0.9450005 -0.21014316 -0.25062686
vn 0.2710344 -0.8564001 -0.4394534
vn -0.4876638 -0.773243 -0.40531364
vn -0.94308245 -0.22601935 -0.24394833
vn 0.77641535 -0.5399429 -0.32502443
vn 0.2306917 -0.9123719 -0.33816984
vn -0.4653851 -0.78705394 -0.40492323
vn -0.9492404 -0.22003666 -0.22478119
vn 0.21553126 -0.9123839 -0.34799713
vn 0.75891554 -0.64142567 -0.11234009
vn -0.43564188 -0.68033284 -0.5893754
vn -0.92898506 -0.16305639 -0.33226404
vn 0.23002735 -0.8144895 -0.53262967
vn -0.42992055 -0.58072174 -0.69132525
vn -0.9152796 -0.11535767 -0.3859481
vn 0.99257445 0.040149298 -0.11482127
vn 0.9960401 0.00844021 -0.088502996
vn 0.8233858 0.27104068 -0.49857086
vn 0.9945701 -0.1028282 0.016021457
vn 0.72954625 -0.41205066 -0.54587233
vn 0.30402458 -0.34292173 -0.8888047
vn 0.78964895 -0.5777407 -0.20656759
vn 0.98773986 -0.1047155 0.115778334
vn 0.73547995 -0.5693127 -0.3673585
vn 0.7589074 -0.6414188 -0.11243425
vn 0.9843843 -0.08151545 0.15602137
vn 0.7723912 -0.5802709 -0.25825846
vn 0.99065137 -0.044010933 0.12912418
vn 0.635896 -0.73359185 -0.23974843
vn -0.14343429 -0.8090828 -0.5699224
vn -0.13046217 -0.8877961 -0.44135886
vn 0.9478941 -0.09402651 0.30439413
vn 0.20713699 -0.71825606 -0.6642307
vn 0.7683932 -0.5140662 -0.3811925
vn 0.9973794 -0.013134236 0.07114602
vn 0.9995152 -0.01466229 0.027464973
vn 0.6431521 -0.7592132 -0.09975343
vn 0.679422 0.5006971 0.53636575
vn 0.74384534 -0.5521502 -0.3765956
vn 0.1953129 -0.75858986 -0.6216062
vn 0.72041225 -0.6537498 -0.23155427
vn 0.0040054745 -0.8498521 -0.5270061
vn 0.9201509 -0.12002592 0.37271452
vn 0.15621252 0.8643664 0.47798362
vn 0.7427132 -0.61021656 -0.27570418
vn 0.9924487 -0.050113562 0.111956835
vn 0.1674655 -0.8435264 -0.510312
vn 0.18119816 -0.78030545 -0.5985738
vn 0.7680745 -0.5503429 -0.3273901
vn 0.99039733 -0.038600225 0.13275234
vn 0.7751327 -0.42390066 -0.4684842
vn 0.99658835 -0.040340368 0.072002314
vn 0.63416946 0.4741966 0.61070997
vn -0.49507025 0.8559537 0.14916007
vn 0.68931556 -0.45297134 -0.56538564
vn 0.98988056 -0.14190196 -0.0006675495
vn 0.984791 0.037861902 -0.16956791
vn 0.22583058 -0.6309285 -0.7422464
vn 0.6958867 -0.40974057 -0.5897918
vn 0.8233884 0.27102965 -0.49857247
vn 0.22297055 -0.5517281 -0.8036668
vn 0.04768365 0.8367527 0.54550093
vn -0.9521572 0.23489216 -0.19550504
vn -0.40340087 -0.5303219 -0.74567175
vn -0.5935719 0.77143365 0.22926523
vn -0.69162416 -0.5484259 -0.469984
vn -0.641639 -0.53549397 -0.5491317
vn -0.95615906 0.22945529 -0.18196206
vn 0.171471 -0.7841365 -0.5964291
vn -0.4972567 -0.556195 -0.66587
vn 0.2811356 -0.78571105 -0.5510181
vn 0.22755256 -0.77817065 -0.58538043
vn -0.9752833 0.19311124 -0.107379384
vn -0.61072785 0.7540639 0.24165905
vn 0.06885819 0.89029247 0.45015323
vn -0.46235824 0.85461885 0.23632915
vn 0.70778596 0.5624524 0.42741808
vn 0.9836917 -0.042680047 0.17472592
vn 0.7615932 -0.515072 -0.39328954
vn 0.171471 -0.7841365 -0.5964291
vn 0.99738556 0.042344537 -0.058557533
vn 0.78714246 -0.49685147 -0.36543855
vn 0.2811356 -0.78571105 -0.5510181
vn 0.73525167 0.6293029 0.25175935
vn 0.20808817 0.9067381 0.3667769
vn 0.9981597 0.0094894795 -0.059893392
vn -0.4070243 0.890151 0.20484729
vn 0.7859853 0.5444297 0.2929564
vn -0.8804076 0.31956735 -0.35037017
vn -0.3971343 -0.48182577 -0.7811071
vn -0.7170857 0.41648 -0.55886716
vn -0.22792052 -0.304498 -0.9248423
vn 0.3597331 -0.61885154 -0.69829416
vn 0.21915428 -0.07572171 -0.9727475
vn 0.23669076 0.47528878 -0.8473948
vn 0.2817138 0.8628796 0.4196143
vn -0.3381792 0.9389099 0.06389738
vn -0.44767693 0.47676542 -0.7564919
vn -0.11615235 0.9842434 -0.13331772
vn 0.3665999 0.83152556 -0.41733634
vn 0.42896527 0.88759005 0.16784768
vn 0.35171992 0.83991253 0.41332808
vn 0.8676062 0.421406 0.26396284
vn 0.8543191 0.49811438 0.14839478
vn 0.42896527 0.88759005 0.16784768
vn 0.9952608 -0.04606276 -0.0856405
vn 0.85716146 0.48646864 -0.16918162
vn 0.8843826 0.111096166 -0.4533486
vn 0.3665999 0.83152556 -0.41733634
vn 0.23669076 0.47528878 -0.8473948
vn 0.21915428 -0.07572171 -0.9727475
vn 0.987452 -0.07591383 -0.13847598
vn 0.83045644 -0.44884506 -0.32997003
vn 0.7818125 -0.47134763 -0.4081675
vn 0.76006186 -0.28695428 -0.5830637
vn 0.3597331 -0.61885154 -0.69829416
vn 0.5611286 -0.6873443 -0.46118587
vn 0.22755256 -0.77817065 -0.58538043
vn -0.46134236 -0.6263408 -0.6283793
vn -0.9327164 -0.11991556 -0.34008864
vn -0.5012031 -0.6861963 -0.52719074
vn -0.9641307 -0.09594101 -0.24748199
vn -0.5023979 -0.6150273 -0.6077317
vn -0.96867734 -0.057553217 -0.24156137
vn -0.93775356 -0.065422446 -0.34108368
vn -0.34294719 -0.5014267 -0.794329
vn -0.91563886 -0.09374783 -0.39091796
vn -0.8233552 -0.014495859 -0.5673412
vn -0.29946035 -0.44771224 -0.84254223
vn -0.6097779 0.19955589 -0.7670386
vn 0.24451678 -0.53986335 -0.8054558
vn -0.2696048 -0.18735005 -0.9445704
vn 0.1535407 0.48479763 -0.8610439
vn 0.24709633 -0.09098027 -0.96471035
vn 0.7191425 -0.17647171 -0.67208016
vn 0.021362277 -0.7255962 -0.687789
vn 0.7861385 -0.46526244 -0.40683794
vn 0.008344662 -0.7901322 -0.6128797
vn 0.7314003 -0.5019928 -0.46158066
vn 0.9892476 0.13880748 0.04606253
vn -0.0031947994 -0.6645898 -0.74720156
vn 0.7381255 -0.36330488 -0.5684895
vn 0.99335337 0.10099474 0.05521809
vn 0.611378 -0.4261979 -0.66676265
vn 0.9980876 0.04286748 -0.044536408
vn 0.9455539 0.21963345 -0.24018535
vn -0.7497068 -0.39339045 -0.53215
vn -0.5790278 -0.45633668 -0.6756357
vn -0.98690885 0.14429078 0.07205002
vn -0.99900156 -0.029372584 -0.03366403
vn -0.9624473 0.040149655 -0.2684829
vn -0.017643014 -0.5517495 -0.83382314
vn 0.64608985 -0.3706452 -0.66722566
vn 0.5928143 0.41379824 -0.69089955
vn -0.023651188 -0.52933836 -0.84808105
vn -0.5644837 -0.39739886 -0.7234862
vn -0.7504433 0.24375817 -0.6143426
vn -0.49166608 -0.19173594 -0.8494126
vn -0.054836318 -0.1578332 -0.98594207
vn -0.08687967 0.49381226 -0.8652175
vn 0.5281455 -0.19507433 -0.82644325
vn -0.9308126 0.14520104 0.3354168
vn -0.87495166 -0.33666664 -0.348016
vn -0.9481806 0.24367346 0.20390366
vn -0.9048315 0.18081373 0.38546893
vn -0.91452193 -0.22290877 -0.3375816
vn -0.87554854 0.47020203 -0.11101727
vn -0.8690195 0.019264922 -0.4944027
vn -0.361421 0.5970598 -0.7161665
vn -0.47035617 -0.39759016 -0.787837
vn -0.50566006 -0.018215971 -0.8625405
vn 0.011062658 -0.09565385 -0.9953532
vn 0.3023099 0.4293373 -0.85104537
vn 0.05912913 -0.29979426 -0.9521698
vn 0.64788884 0.06899434 -0.75860393
vn -0.4467179 -0.48691672 -0.75056994
vn 0.20180023 -0.44475204 -0.87262386
vn 0.8660864 -0.055167478 -0.49684107
vn 0.9139549 -0.0062462483 -0.40576774
vn 0.37173232 -0.49489608 -0.78542525
vn -0.9549541 -0.2763111 -0.10823576
vn 0.37917453 -0.5956788 -0.7080913
vn -0.43965435 -0.64155203 -0.62858176
vn -0.40817028 -0.75010824 -0.5203217
vn -0.43182668 -0.72949433 -0.5304373
vn -0.9383922 -0.3440295 -0.032614853
vn -0.9197477 -0.3588294 -0.15907706
vn -0.9046923 -0.41598585 -0.092128694
vn -0.8855471 0.17227447 0.43142524
vn -0.9211774 0.092427656 0.37800694
vn -0.91399515 0.16894223 0.36887866
vn -0.9354376 0.14461228 0.3225581
vn -0.5216525 0.5286142 0.6696607
vn -0.5250979 0.644642 0.55561566
vn -0.44994476 0.6653804 0.5956666
vn -0.4121684 0.57252496 0.7087541
vn 0.19836044 0.886757 0.4175106
vn -0.5483514 0.53745586 0.6406652
vn 0.22259018 0.7879349 0.5741186
vn 0.20389321 0.8102323 0.5495008
vn 0.2092381 0.8245545 0.5256702
vn -0.46691763 0.57463485 0.6721478
vn -0.9308126 0.14520104 0.3354168
vn 0.85353965 0.5042321 -0.13122575
vn 0.8003255 0.59900427 -0.025940005
vn 0.8924634 0.45090476 0.013923879
vn 0.85784954 0.511038 0.054169934
vn 0.86413985 -0.17994966 -0.46997917
vn 0.85070395 -0.2566477 -0.45873162
vn 0.8501029 -0.12738669 -0.51097715
vn 0.8117842 -0.31940398 -0.4888635
vn 0.8466839 -0.073410116 -0.5270079
vn 0.8504077 -0.34201807 -0.399788
vn -0.06256147 -0.3526712 -0.93365365
vn 0.82348365 0.560274 0.089262374
vn 0.8923787 -0.05235822 -0.44823977
vn 0.93477225 -0.030898409 -0.3539012
vn -0.83428395 0.5437764 -0.09098157
vn -0.8882973 -0.23490192 -0.3946505
vn 0.8322164 0.47480968 0.28630686
vn -0.7504596 0.5367188 0.38567272
vn -0.9904565 -0.08961887 0.10471031
vn -0.9833149 -0.07622097 0.16517325
vn -0.06704363 0.9208366 0.38414192
vn -0.7134413 0.58728254 0.38223135
vn -0.9791337 -0.025537513 0.20160598
vn 0.25787866 0.6740703 0.6921905
vn 0.82638407 0.53097445 0.18749812
vn 0.9139549 -0.0062462483 -0.40576774
vn 0.8660864 -0.055167478 -0.49684107
vn 0.7831996 0.6136852 0.09994437
vn -0.04033994 0.93904793 0.3414113
vn -0.6469908 0.6036927 0.46578756
vn -0.9951036 -0.019005701 0.096992545
vn 0.22410549 0.7472726 0.6255881
vn 0.8029693 0.59536064 0.028037164
vn 0.7848731 0.60424733 0.13732895
vn 0.9576731 -0.19430979 -0.21238181
vn 0.9404072 -0.17052168 -0.29420507
vn 0.01945484 0.891108 0.45337403
vn -0.6364958 0.5626083 0.5275839
vn -0.9902783 0.08016687 0.11367603
vn 0.8082395 0.53792036 0.23956314
vn 0.08640408 0.7967105 0.5981527
vn -0.5966304 0.6182554 0.5116564
vn -0.9866458 0.08129863 0.14114012
vn 0.7930851 0.5691597 0.21696351
vn 0.9456121 -0.06738874 -0.31823987
vn 0.77087086 0.6160386 0.16203262
vn 0.94322443 -0.07860602 -0.32272092
vn 0.9710524 -0.06864221 -0.22879148
vn 0.12312036 0.82970345 0.5444571
vn -0.5693423 0.68797916 0.45003793
vn -0.97286373 0.057507772 0.22411822
vn 0.11387001 0.8873087 0.4468969
vn -0.56421053 0.58423823 0.58337986
vn -0.96531904 0.06437368 0.2530124
vn 0.79784775 0.5130792 0.31652603
vn 0.97871816 -0.056362726 -0.19731721
vn 0.14533687 0.7445653 0.65153635
vn 0.81796026 0.42891178 0.38337415
vn 0.17013761 0.6052569 0.7776357
vn -0.50431466 0.4977341 0.7056399
vn 0.8362697 0.46972817 0.28285733
vn 0.9476016 -0.07796149 -0.30979556
vn 0.1884469 0.72012264 0.66776574
vn -0.5355853 0.55957025 0.6324789
vn -0.9761801 0.07309906 0.20427683
vn -0.98316574 0.10361912 0.1504933
vn 0.81575805 0.55197656 0.17280261
vn 0.9291171 -0.05888938 -0.36506647
vn -0.54912424 0.65889186 0.5141245
vn 0.19532119 0.8386032 0.5085218
vn 0.7440679 0.6673913 -0.030851828
vn 0.8253228 0.011873432 -0.56453645
vn -0.5372796 0.7730189 0.33730173
vn -0.97445685 0.22344413 -0.022506537
vn 0.1411416 0.94498104 0.2951099
vn 0.5926 0.7569144 -0.27551034
vn 0.52431655 0.2535754 -0.81289095
vn -0.5258282 0.8500603 0.03003915
vn -0.815031 0.31109655 -0.48881832
vn 0.10108766 0.99485517 0.0066756005
vn -0.42439386 0.77697456 -0.46497354
vn -0.1804357 0.35963163 -0.91548234
vn -0.02288731 0.8751535 -0.4833037
vn 0.27560234 0.7775038 -0.5652709
vn 0.70607257 0.6758422 -0.2114212
vn 0.64788884 0.06899434 -0.75860393
vn 0.3612563 0.7945159 -0.4880965
vn 0.3023099 0.4293373 -0.85104537
vn -0.361421 0.5970598 -0.7161665
vn 0.17566498 0.95023113 0.2572986
vn 0.00877349 0.98396605 -0.17813998
vn -0.50067514 0.8645944 -0.042438176
vn -0.87554854 0.47020203 -0.11101727
vn -0.4972188 0.7609908 0.41673306
vn -0.9481806 0.24367346 0.20390366
vn 0.1939831 0.84507585 0.49821422
vn -0.48367718 0.63167936 0.6058362
vn 0.49159434 -0.09410467 -0.86572474
vn 0.7854234 0.5569297 0.27007276
vn 0.062527105 0.35752925 -0.93180645
vn -0.66142243 -0.42282972 -0.6194637
vn 0.084303945 -0.9320164 -0.35247442
vn -0.34439102 -0.5208771 0.7810773
vn 0.95717216 -0.15317044 0.2456831
vn 0.17700487 -0.7885109 0.588999
vn 0.34033844 -0.09443248 0.93554914
vn -0.034315765 0.19264491 0.9806683
vn 0.4541242 0.16142398 0.8761926
vn -0.027084488 0.44384232 0.89569557
vn 0.12056299 0.0949052 -0.98815864
vn -0.15449174 0.7155256 -0.6812895
vn -0.38911498 0.33637464 -0.85757893
vn -0.36624768 -0.32237428 -0.87289035
vn 0.25749105 0.64077127 -0.7232638
vn 0.2704504 0.9279806 0.25633663
vn 0.20903718 -0.75289625 -0.6240599
vn -0.14114077 -0.88212997 -0.44936174
vn 0.35132912 -0.9238602 0.151823
vn 0.9021604 -0.17299356 -0.39519587
vn 0.6339933 -0.7403264 0.22353797
vn 0.63942975 -0.32362545 0.69742095
vn 0.9872333 -0.11310458 0.11215093
vn 0.7751837 0.61762905 0.13275784
vn -0.22316891 0.958005 -0.18006109
vn 0.20541169 0.8432941 -0.49664998
vn 0.6031128 0.79385066 0.07782101
vn 0.16250956 0.65432996 -0.7385411
vn 0.89832747 0.43876907 -0.022124413
vn 0.72495157 -0.43409362 0.53479725
vn 0.15048349 0.22772789 -0.96202636
vn -0.2389708 0.18709524 -0.9528317
vn -0.061223097 -0.41311294 -0.9086195
vn 0.8901944 -0.00896489 -0.45549262
vn 0.83688194 -0.50684 0.20674112
vn 0.15659165 -0.9154222 -0.3707846
vn 0.55959547 -0.6419899 -0.5241201
g S_wpn_0028_01_lod0_0
f 3/3/3 2/2/2 1/1/1
f 6/6/6 5/5/5 4/4/4
f 4/4/4 5/5/5 7/7/7
f 7/7/7 5/5/5 8/8/8
f 9/9/9 4/4/4 7/7/7
f 5/5/5 10/10/10 8/8/8
f 9/9/9 7/7/7 11/11/11
f 10/10/10 12/12/12 8/8/8
f 7/7/7 13/13/13 11/11/11
f 7/7/7 8/8/8 13/13/13
f 11/11/11 13/13/13 14/14/14
f 15/15/15 8/8/8 12/12/12
f 15/15/15 12/12/12 16/16/16
f 17/17/17 15/15/15 16/16/16
f 18/18/18 15/15/15 17/17/17
f 19/19/19 18/18/18 17/17/17
f 19/19/19 20/20/20 18/18/18
f 19/19/19 21/21/21 20/20/20
f 22/22/22 20/20/20 21/21/21
f 8/8/8 15/15/15 23/23/23
f 23/23/23 15/15/15 18/18/18
f 24/24/24 8/8/8 23/23/23
f 13/13/13 8/8/8 24/24/24
f 13/13/13 25/25/25 14/14/14
f 14/14/14 25/25/25 26/26/26
f 25/25/25 27/27/27 26/26/26
f 25/25/25 13/13/13 28/28/28
f 25/25/25 28/28/28 27/27/27
f 13/13/13 24/24/24 28/28/28
f 27/27/27 28/28/28 29/29/29
f 24/24/24 23/23/23 30/30/30
f 28/28/28 24/24/24 30/30/30
f 28/28/28 30/30/30 29/29/29
f 30/30/30 23/23/23 18/18/18
f 29/29/29 30/30/30 31/31/31
f 32/32/32 30/30/30 18/18/18
f 31/31/31 30/30/30 32/32/32
f 32/32/32 18/18/18 20/20/20
f 33/33/33 31/31/31 32/32/32
f 32/32/32 20/20/20 33/33/33
f 20/20/20 34/34/34 33/33/33
f 33/33/33 34/34/34 35/35/35
f 34/34/34 20/20/20 36/36/36
f 36/36/36 20/20/20 22/22/22
f 37/37/37 36/36/36 22/22/22
f 38/38/38 36/36/36 37/37/37
f 38/38/38 34/34/34 36/36/36
f 38/38/38 39/39/39 34/34/34
f 34/34/34 39/39/39 35/35/35
f 40/40/40 39/39/39 38/38/38
f 35/35/35 39/39/39 41/41/41
f 39/39/39 40/40/40 41/41/41
f 35/35/35 41/41/41 42/42/42
f 41/41/41 40/40/40 43/43/43
f 42/42/42 41/41/41 44/44/44
f 41/41/41 43/43/43 44/44/44
f 43/43/43 45/45/45 44/44/44
f 46/46/46 42/42/42 44/44/44
f 45/45/45 47/47/47 44/44/44
f 44/44/44 47/47/47 46/46/46
f 46/46/46 47/47/47 48/48/48
f 51/51/51 50/50/50 49/49/49
f 52/52/52 49/49/49 50/50/50
f 52/52/52 50/50/50 53/53/53
f 54/54/54 49/49/49 52/52/52
f 55/55/55 52/52/52 53/53/53
f 54/54/54 52/52/52 55/55/55
f 53/53/53 56/56/56 55/55/55
f 57/57/57 54/54/54 55/55/55
f 57/57/57 55/55/55 58/58/58
f 59/59/59 57/57/57 58/58/58
f 62/62/62 61/61/61 60/60/60
f 63/63/63 62/62/62 60/60/60
f 66/66/66 65/65/65 64/64/64
f 64/64/64 65/65/65 67/67/67
f 65/65/65 68/68/68 67/67/67
f 68/68/68 65/65/65 69/69/69
f 67/67/67 68/68/68 70/70/70
f 71/71/71 68/68/68 69/69/69
f 70/70/70 68/68/68 71/71/71
f 69/69/69 72/72/72 71/71/71
f 73/73/73 70/70/70 71/71/71
f 73/73/73 74/74/74 70/70/70
f 73/73/73 71/71/71 75/75/75
f 71/71/71 72/72/72 75/75/75
f 74/74/74 73/73/73 76/76/76
f 73/73/73 75/75/75 76/76/76
f 77/77/77 74/74/74 76/76/76
f 75/75/75 72/72/72 78/78/78
f 76/76/76 75/75/75 78/78/78
f 76/76/76 79/79/79 77/77/77
f 78/78/78 79/79/79 76/76/76
f 78/78/78 72/72/72 80/80/80
f 72/72/72 81/81/81 80/80/80
f 79/79/79 82/82/82 77/77/77
f 77/77/77 82/82/82 83/83/83
f 84/84/84 79/79/79 78/78/78
f 78/78/78 80/80/80 84/84/84
f 80/80/80 81/81/81 85/85/85
f 85/85/85 81/81/81 86/86/86
f 87/87/87 85/85/85 86/86/86
f 86/86/86 88/88/88 87/87/87
f 88/88/88 89/89/89 87/87/87
f 90/90/90 89/89/89 88/88/88
f 79/79/79 91/91/91 82/82/82
f 91/91/91 79/79/79 84/84/84
f 89/89/89 92/92/92 87/87/87
f 89/89/89 93/93/93 92/92/92
f 92/92/92 93/93/93 94/94/94
f 92/92/92 94/94/94 87/87/87
f 94/94/94 95/95/95 87/87/87
f 94/94/94 96/96/96 95/95/95
f 95/95/95 97/97/97 87/87/87
f 87/87/87 97/97/97 98/98/98
f 97/97/97 99/99/99 98/98/98
f 98/98/98 99/99/99 100/100/100
f 98/98/98 101/101/101 87/87/87
f 100/100/100 101/101/101 98/98/98
f 87/87/87 101/101/101 85/85/85
f 99/99/99 102/102/102 100/100/100
f 103/103/103 102/102/102 99/99/99
f 102/102/102 104/104/104 100/100/100
f 85/85/85 101/101/101 105/105/105
f 105/105/105 80/80/80 85/85/85
f 100/100/100 104/104/104 106/106/106
f 104/104/104 107/107/107 106/106/106
f 108/108/108 106/106/106 107/107/107
f 107/107/107 109/109/109 108/108/108
f 110/110/110 100/100/100 106/106/106
f 111/111/111 110/110/110 106/106/106
f 112/112/112 101/101/101 100/100/100
f 100/100/100 110/110/110 112/112/112
f 111/111/111 113/113/113 110/110/110
f 113/113/113 111/111/111 114/114/114
f 80/80/80 105/105/105 115/115/115
f 84/84/84 80/80/80 115/115/115
f 101/101/101 116/116/116 105/105/105
f 116/116/116 101/101/101 112/112/112
f 110/110/110 117/117/117 112/112/112
f 113/113/113 117/117/117 110/110/110
f 118/118/118 113/113/113 114/114/114
f 119/119/119 118/118/118 114/114/114
f 120/120/120 84/84/84 115/115/115
f 120/120/120 91/91/91 84/84/84
f 121/121/121 115/115/115 105/105/105
f 116/116/116 121/121/121 105/105/105
f 122/122/122 116/116/116 112/112/112
f 112/112/112 117/117/117 122/122/122
f 113/113/113 123/123/123 117/117/117
f 123/123/123 113/113/113 118/118/118
f 124/124/124 118/118/118 119/119/119
f 125/125/125 124/124/124 119/119/119
f 126/126/126 124/124/124 125/125/125
f 127/127/127 126/126/126 125/125/125
f 127/127/127 128/128/128 126/126/126
f 126/126/126 128/128/128 129/129/129
f 118/118/118 124/124/124 130/130/130
f 124/124/124 126/126/126 130/130/130
f 131/131/131 126/126/126 129/129/129
f 130/130/130 126/126/126 131/131/131
f 131/131/131 129/129/129 132/132/132
f 132/132/132 129/129/129 133/133/133
f 123/123/123 134/134/134 117/117/117
f 117/117/117 134/134/134 122/122/122
f 122/122/122 134/134/134 135/135/135
f 135/135/135 134/134/134 123/123/123
f 136/136/136 123/123/123 118/118/118
f 136/136/136 118/118/118 130/130/130
f 130/130/130 131/131/131 137/137/137
f 137/137/137 131/131/131 132/132/132
f 138/138/138 130/130/130 137/137/137
f 130/130/130 138/138/138 136/136/136
f 139/139/139 123/123/123 136/136/136
f 139/139/139 135/135/135 123/123/123
f 140/140/140 122/122/122 135/135/135
f 122/122/122 140/140/140 116/116/116
f 140/140/140 121/121/121 116/116/116
f 137/137/137 132/132/132 141/141/141
f 138/138/138 137/137/137 141/141/141
f 142/142/142 139/139/139 136/136/136
f 138/138/138 142/142/142 136/136/136
f 143/143/143 135/135/135 139/139/139
f 140/140/140 135/135/135 143/143/143
f 144/144/144 139/139/139 142/142/142
f 144/144/144 143/143/143 139/139/139
f 145/145/145 143/143/143 144/144/144
f 142/142/142 138/138/138 146/146/146
f 146/146/146 144/144/144 142/142/142
f 147/147/147 140/140/140 143/143/143
f 147/147/147 143/143/143 145/145/145
f 148/148/148 121/121/121 140/140/140
f 147/147/147 148/148/148 140/140/140
f 141/141/141 132/132/132 149/149/149
f 149/149/149 132/132/132 133/133/133
f 150/150/150 138/138/138 141/141/141
f 146/146/146 138/138/138 150/150/150
f 150/150/150 141/141/141 151/151/151
f 141/141/141 149/149/149 151/151/151
f 152/152/152 149/149/149 133/133/133
f 152/152/152 133/133/133 153/153/153
f 154/154/154 152/152/152 153/153/153
f 155/155/155 149/149/149 152/152/152
f 151/151/151 149/149/149 155/155/155
f 154/154/154 155/155/155 152/152/152
f 148/148/148 156/156/156 121/121/121
f 156/156/156 115/115/115 121/121/121
f 156/156/156 120/120/120 115/115/115
f 146/146/146 150/150/150 157/157/157
f 157/157/157 150/150/150 151/151/151
f 158/158/158 154/154/154 153/153/153
f 158/158/158 153/153/153 159/159/159
f 160/160/160 158/158/158 159/159/159
f 160/160/160 159/159/159 161/161/161
f 154/154/154 158/158/158 162/162/162
f 158/158/158 160/160/160 162/162/162
f 163/163/163 160/160/160 161/161/161
f 163/163/163 161/161/161 164/164/164
f 165/165/165 163/163/163 164/164/164
f 165/165/165 164/164/164 166/166/166
f 167/167/167 165/165/165 166/166/166
f 167/167/167 168/168/168 165/165/165
f 160/160/160 163/163/163 169/169/169
f 163/163/163 165/165/165 169/169/169
f 168/168/168 170/170/170 165/165/165
f 165/165/165 170/170/170 169/169/169
f 171/171/171 170/170/170 168/168/168
f 172/172/172 171/171/171 168/168/168
f 160/160/160 173/173/173 162/162/162
f 169/169/169 173/173/173 160/160/160
f 174/174/174 169/169/169 170/170/170
f 171/171/171 174/174/174 170/170/170
f 175/175/175 171/171/171 172/172/172
f 176/176/176 175/175/175 172/172/172
f 177/177/177 175/175/175 176/176/176
f 178/178/178 177/177/177 176/176/176
f 178/178/178 179/179/179 177/177/177
f 171/171/171 175/175/175 180/180/180
f 174/174/174 171/171/171 180/180/180
f 180/180/180 175/175/175 177/177/177
f 174/174/174 181/181/181 169/169/169
f 181/181/181 173/173/173 169/169/169
f 174/174/174 180/180/180 181/181/181
f 182/182/182 162/162/162 173/173/173
f 181/181/181 182/182/182 173/173/173
f 183/183/183 162/162/162 182/182/182
f 183/183/183 154/154/154 162/162/162
f 180/180/180 184/184/184 181/181/181
f 182/182/182 181/181/181 185/185/185
f 181/181/181 184/184/184 185/185/185
f 186/186/186 180/180/180 177/177/177
f 180/180/180 186/186/186 184/184/184
f 187/187/187 183/183/183 182/182/182
f 182/182/182 185/185/185 187/187/187
f 183/183/183 188/188/188 154/154/154
f 189/189/189 183/183/183 187/187/187
f 188/188/188 183/183/183 189/189/189
f 190/190/190 188/188/188 189/189/189
f 188/188/188 191/191/191 154/154/154
f 188/188/188 190/190/190 191/191/191
f 191/191/191 155/155/155 154/154/154
f 191/191/191 192/192/192 155/155/155
f 190/190/190 192/192/192 191/191/191
f 192/192/192 151/151/151 155/155/155
f 151/151/151 192/192/192 193/193/193
f 157/157/157 151/151/151 193/193/193
f 187/187/187 194/194/194 189/189/189
f 189/189/189 194/194/194 190/190/190
f 193/193/193 192/192/192 195/195/195
f 195/195/195 192/192/192 190/190/190
f 185/185/185 196/196/196 187/187/187
f 197/197/197 194/194/194 187/187/187
f 196/196/196 197/197/197 187/187/187
f 196/196/196 185/185/185 198/198/198
f 185/185/185 184/184/184 198/198/198
f 184/184/184 199/199/199 198/198/198
f 186/186/186 199/199/199 184/184/184
f 157/157/157 193/193/193 200/200/200
f 193/193/193 195/195/195 201/201/201
f 200/200/200 193/193/193 201/201/201
f 202/202/202 195/195/195 190/190/190
f 195/195/195 202/202/202 201/201/201
f 203/203/203 202/202/202 190/190/190
f 203/203/203 190/190/190 194/194/194
f 204/204/204 157/157/157 200/200/200
f 204/204/204 146/146/146 157/157/157
f 204/204/204 205/205/205 146/146/146
f 205/205/205 144/144/144 146/146/146
f 205/205/205 145/145/145 144/144/144
f 206/206/206 205/205/205 204/204/204
f 200/200/200 206/206/206 204/204/204
f 205/205/205 206/206/206 145/145/145
f 207/207/207 206/206/206 200/200/200
f 201/201/201 207/207/207 200/200/200
f 202/202/202 208/208/208 201/201/201
f 208/208/208 202/202/202 203/203/203
f 208/208/208 209/209/209 201/201/201
f 209/209/209 207/207/207 201/201/201
f 206/206/206 207/207/207 210/210/210
f 206/206/206 210/210/210 145/145/145
f 203/203/203 211/211/211 208/208/208
f 211/211/211 209/209/209 208/208/208
f 207/207/207 209/209/209 212/212/212
f 207/207/207 212/212/212 210/210/210
f 213/213/213 211/211/211 203/203/203
f 194/194/194 213/213/213 203/203/203
f 214/214/214 213/213/213 194/194/194
f 197/197/197 214/214/214 194/194/194
f 209/209/209 211/211/211 215/215/215
f 209/209/209 215/215/215 212/212/212
f 216/216/216 211/211/211 213/213/213
f 213/213/213 214/214/214 216/216/216
f 211/211/211 217/217/217 215/215/215
f 217/217/217 211/211/211 216/216/216
f 145/145/145 210/210/210 218/218/218
f 210/210/210 212/212/212 219/219/219
f 218/218/218 210/210/210 219/219/219
f 212/212/212 215/215/215 220/220/220
f 219/219/219 212/212/212 220/220/220
f 215/215/215 217/217/217 221/221/221
f 220/220/220 215/215/215 221/221/221
f 222/222/222 217/217/217 216/216/216
f 221/221/221 217/217/217 222/222/222
f 214/214/214 223/223/223 216/216/216
f 216/216/216 223/223/223 222/222/222
f 219/219/219 220/220/220 224/224/224
f 220/220/220 221/221/221 224/224/224
f 225/225/225 145/145/145 218/218/218
f 225/225/225 147/147/147 145/145/145
f 147/147/147 225/225/225 148/148/148
f 148/148/148 225/225/225 226/226/226
f 225/225/225 218/218/218 226/226/226
f 156/156/156 148/148/148 226/226/226
f 218/218/218 219/219/219 227/227/227
f 226/226/226 218/218/218 227/227/227
f 224/224/224 227/227/227 219/219/219
f 226/226/226 228/228/228 156/156/156
f 227/227/227 228/228/228 226/226/226
f 228/228/228 120/120/120 156/156/156
f 224/224/224 229/229/229 227/227/227
f 229/229/229 228/228/228 227/227/227
f 228/228/228 230/230/230 120/120/120
f 230/230/230 91/91/91 120/120/120
f 229/229/229 231/231/231 228/228/228
f 231/231/231 230/230/230 228/228/228
f 224/224/224 232/232/232 229/229/229
f 232/232/232 231/231/231 229/229/229
f 231/231/231 232/232/232 233/233/233
f 230/230/230 231/231/231 234/234/234
f 91/91/91 230/230/230 234/234/234
f 234/234/234 231/231/231 233/233/233
f 235/235/235 234/234/234 233/233/233
f 236/236/236 91/91/91 234/234/234
f 234/234/234 235/235/235 236/236/236
f 82/82/82 91/91/91 236/236/236
f 237/237/237 82/82/82 236/236/236
f 236/236/236 235/235/235 237/237/237
f 237/237/237 83/83/83 82/82/82
f 238/238/238 83/83/83 237/237/237
f 238/238/238 239/239/239 83/83/83
f 239/239/239 238/238/238 240/240/240
f 237/237/237 241/241/241 238/238/238
f 235/235/235 241/241/241 237/237/237
f 238/238/238 242/242/242 240/240/240
f 241/241/241 242/242/242 238/238/238
f 240/240/240 242/242/242 243/243/243
f 243/243/243 242/242/242 244/244/244
f 244/244/244 242/242/242 245/245/245
f 245/245/245 242/242/242 241/241/241
f 246/246/246 245/245/245 241/241/241
f 246/246/246 241/241/241 235/235/235
f 246/246/246 247/247/247 245/245/245
f 247/247/247 248/248/248 245/245/245
f 247/247/247 249/249/249 248/248/248
f 250/250/250 246/246/246 235/235/235
f 247/247/247 246/246/246 251/251/251
f 246/246/246 250/250/250 251/251/251
f 250/250/250 235/235/235 252/252/252
f 252/252/252 251/251/251 250/250/250
f 252/252/252 235/235/235 233/233/233
f 253/253/253 249/249/249 247/247/247
f 251/251/251 253/253/253 247/247/247
f 254/254/254 251/251/251 252/252/252
f 251/251/251 254/254/254 253/253/253
f 253/253/253 255/255/255 249/249/249
f 255/255/255 256/256/256 249/249/249
f 257/257/257 255/255/255 253/253/253
f 258/258/258 255/255/255 257/257/257
f 259/259/259 258/258/258 257/257/257
f 260/260/260 257/257/257 253/253/253
f 254/254/254 260/260/260 253/253/253
f 261/261/261 259/259/259 257/257/257
f 261/261/261 257/257/257 260/260/260
f 259/259/259 261/261/261 262/262/262
f 263/263/263 260/260/260 254/254/254
f 263/263/263 261/261/261 260/260/260
f 264/264/264 254/254/254 252/252/252
f 264/264/264 263/263/263 254/254/254
f 261/261/261 265/265/265 262/262/262
f 261/261/261 263/263/263 265/265/265
f 266/266/266 264/264/264 252/252/252
f 266/266/266 252/252/252 233/233/233
f 263/263/263 264/264/264 267/267/267
f 263/263/263 267/267/267 265/265/265
f 262/262/262 265/265/265 268/268/268
f 269/269/269 262/262/262 268/268/268
f 269/269/269 268/268/268 270/270/270
f 268/268/268 265/265/265 271/271/271
f 265/265/265 267/267/267 271/271/271
f 271/271/271 267/267/267 272/272/272
f 264/264/264 273/273/273 267/267/267
f 264/264/264 266/266/266 273/273/273
f 267/267/267 273/273/273 272/272/272
f 268/268/268 274/274/274 270/270/270
f 268/268/268 271/271/271 274/274/274
f 266/266/266 275/275/275 273/273/273
f 273/273/273 275/275/275 272/272/272
f 276/276/276 266/266/266 233/233/233
f 266/266/266 276/276/276 275/275/275
f 270/270/270 274/274/274 277/277/277
f 278/278/278 270/270/270 277/277/277
f 271/271/271 279/279/279 274/274/274
f 271/271/271 272/272/272 279/279/279
f 276/276/276 233/233/233 280/280/280
f 232/232/232 280/280/280 233/233/233
f 277/277/277 274/274/274 281/281/281
f 274/274/274 279/279/279 281/281/281
f 276/276/276 282/282/282 275/275/275
f 283/283/283 276/276/276 280/280/280
f 276/276/276 283/283/283 282/282/282
f 280/280/280 232/232/232 284/284/284
f 283/283/283 280/280/280 284/284/284
f 275/275/275 285/285/285 272/272/272
f 275/275/275 282/282/282 285/285/285
f 284/284/284 232/232/232 286/286/286
f 224/224/224 286/286/286 232/232/232
f 224/224/224 221/221/221 286/286/286
f 286/286/286 221/221/221 284/284/284
f 284/284/284 221/221/221 222/222/222
f 284/284/284 287/287/287 283/283/283
f 284/284/284 222/222/222 287/287/287
f 283/283/283 288/288/288 282/282/282
f 283/283/283 287/287/287 288/288/288
f 282/282/282 289/289/289 285/285/285
f 282/282/282 288/288/288 289/289/289
f 285/285/285 290/290/290 272/272/272
f 285/285/285 289/289/289 290/290/290
f 288/288/288 291/291/291 289/289/289
f 288/288/288 287/287/287 291/291/291
f 222/222/222 292/292/292 287/287/287
f 223/223/223 292/292/292 222/222/222
f 290/290/290 293/293/293 272/272/272
f 272/272/272 293/293/293 279/279/279
f 279/279/279 293/293/293 294/294/294
f 294/294/294 293/293/293 290/290/290
f 281/281/281 279/279/279 294/294/294
f 289/289/289 295/295/295 290/290/290
f 289/289/289 291/291/291 295/295/295
f 287/287/287 292/292/292 296/296/296
f 287/287/287 296/296/296 291/291/291
f 297/297/297 294/294/294 290/290/290
f 290/290/290 295/295/295 297/297/297
f 298/298/298 281/281/281 294/294/294
f 299/299/299 294/294/294 297/297/297
f 299/299/299 298/298/298 294/294/294
f 300/300/300 298/298/298 299/299/299
f 300/300/300 299/299/299 301/301/301
f 301/301/301 299/299/299 297/297/297
f 302/302/302 298/298/298 300/300/300
f 281/281/281 298/298/298 302/302/302
f 277/277/277 281/281/281 302/302/302
f 277/277/277 302/302/302 303/303/303
f 303/303/303 302/302/302 300/300/300
f 278/278/278 277/277/277 303/303/303
f 278/278/278 303/303/303 304/304/304
f 304/304/304 303/303/303 300/300/300
f 278/278/278 304/304/304 305/305/305
f 305/305/305 304/304/304 306/306/306
f 306/306/306 304/304/304 300/300/300
f 307/307/307 305/305/305 306/306/306
f 307/307/307 306/306/306 308/308/308
f 308/308/308 306/306/306 309/309/309
f 306/306/306 300/300/300 309/309/309
f 308/308/308 309/309/309 310/310/310
f 311/311/311 308/308/308 310/310/310
f 310/310/310 309/309/309 312/312/312
f 313/313/313 312/312/312 309/309/309
f 309/309/309 300/300/300 313/313/313
f 311/311/311 310/310/310 314/314/314
f 310/310/310 312/312/312 314/314/314
f 315/315/315 311/311/311 314/314/314
f 316/316/316 313/313/313 300/300/300
f 316/316/316 300/300/300 301/301/301
f 316/316/316 301/301/301 317/317/317
f 316/316/316 317/317/317 318/318/318
f 313/313/313 316/316/316 318/318/318
f 313/313/313 318/318/318 312/312/312
f 301/301/301 319/319/319 317/317/317
f 301/301/301 297/297/297 319/319/319
f 315/315/315 314/314/314 320/320/320
f 321/321/321 315/315/315 320/320/320
f 322/322/322 314/314/314 312/312/312
f 320/320/320 314/314/314 322/322/322
f 321/321/321 320/320/320 323/323/323
f 324/324/324 321/321/321 323/323/323
f 324/324/324 323/323/323 325/325/325
f 326/326/326 320/320/320 322/322/322
f 320/320/320 326/326/326 323/323/323
f 312/312/312 318/318/318 327/327/327
f 318/318/318 317/317/317 327/327/327
f 328/328/328 322/322/322 312/312/312
f 326/326/326 322/322/322 328/328/328
f 329/329/329 312/312/312 327/327/327
f 329/329/329 328/328/328 312/312/312
f 330/330/330 329/329/329 327/327/327
f 329/329/329 330/330/330 328/328/328
f 327/327/327 317/317/317 331/331/331
f 331/331/331 330/330/330 327/327/327
f 323/323/323 332/332/332 325/325/325
f 325/325/325 332/332/332 333/333/333
f 334/334/334 325/325/325 333/333/333
f 335/335/335 334/334/334 333/333/333
f 336/336/336 335/335/335 333/333/333
f 333/333/333 337/337/337 336/336/336
f 326/326/326 338/338/338 323/323/323
f 332/332/332 323/323/323 338/338/338
f 339/339/339 326/326/326 328/328/328
f 338/338/338 326/326/326 339/339/339
f 332/332/332 340/340/340 333/333/333
f 340/340/340 332/332/332 338/338/338
f 333/333/333 341/341/341 337/337/337
f 340/340/340 341/341/341 333/333/333
f 337/337/337 341/341/341 342/342/342
f 342/342/342 341/341/341 340/340/340
f 343/343/343 337/337/337 342/342/342
f 344/344/344 343/343/343 342/342/342
f 340/340/340 338/338/338 345/345/345
f 345/345/345 338/338/338 339/339/339
f 328/328/328 346/346/346 339/339/339
f 330/330/330 346/346/346 328/328/328
f 347/347/347 342/342/342 340/340/340
f 347/347/347 340/340/340 345/345/345
f 348/348/348 344/344/344 342/342/342
f 344/344/344 348/348/348 349/349/349
f 347/347/347 350/350/350 342/342/342
f 347/347/347 345/345/345 350/350/350
f 342/342/342 350/350/350 348/348/348
f 345/345/345 339/339/339 351/351/351
f 345/345/345 351/351/351 350/350/350
f 348/348/348 352/352/352 349/349/349
f 348/348/348 350/350/350 352/352/352
f 346/346/346 353/353/353 339/339/339
f 339/339/339 353/353/353 351/351/351
f 350/350/350 351/351/351 354/354/354
f 350/350/350 354/354/354 352/352/352
f 352/352/352 355/355/355 349/349/349
f 355/355/355 356/356/356 349/349/349
f 357/357/357 356/356/356 355/355/355
f 358/358/358 351/351/351 353/353/353
f 351/351/351 358/358/358 354/354/354
f 354/354/354 359/359/359 352/352/352
f 359/359/359 355/355/355 352/352/352
f 354/354/354 358/358/358 359/359/359
f 360/360/360 353/353/353 346/346/346
f 360/360/360 358/358/358 353/353/353
f 361/361/361 357/357/357 355/355/355
f 361/361/361 355/355/355 359/359/359
f 362/362/362 360/360/360 346/346/346
f 346/346/346 330/330/330 362/362/362
f 330/330/330 363/363/363 362/362/362
f 330/330/330 331/331/331 363/363/363
f 362/362/362 364/364/364 360/360/360
f 362/362/362 363/363/363 364/364/364
f 360/360/360 365/365/365 358/358/358
f 364/364/364 365/365/365 360/360/360
f 365/365/365 364/364/364 366/366/366
f 358/358/358 367/367/367 359/359/359
f 365/365/365 367/367/367 358/358/358
f 368/368/368 359/359/359 367/367/367
f 368/368/368 361/361/361 359/359/359
f 361/361/361 369/369/369 357/357/357
f 369/369/369 370/370/370 357/357/357
f 371/371/371 370/370/370 369/369/369
f 372/372/372 367/367/367 365/365/365
f 372/372/372 368/368/368 367/367/367
f 361/361/361 368/368/368 373/373/373
f 369/369/369 361/361/361 373/373/373
f 374/374/374 365/365/365 366/366/366
f 374/374/374 372/372/372 365/365/365
f 372/372/372 375/375/375 368/368/368
f 375/375/375 373/373/373 368/368/368
f 374/374/374 376/376/376 372/372/372
f 374/374/374 366/366/366 376/376/376
f 376/376/376 375/375/375 372/372/372
f 377/377/377 371/371/371 369/369/369
f 377/377/377 378/378/378 371/371/371
f 378/378/378 379/379/379 371/371/371
f 379/379/379 378/378/378 380/380/380
f 373/373/373 381/381/381 369/369/369
f 381/381/381 377/377/377 369/369/369
f 373/373/373 375/375/375 382/382/382
f 381/381/381 373/373/373 382/382/382
f 383/383/383 375/375/375 376/376/376
f 375/375/375 383/383/383 382/382/382
f 381/381/381 384/384/384 377/377/377
f 377/377/377 384/384/384 378/378/378
f 382/382/382 385/385/385 381/381/381
f 385/385/385 384/384/384 381/381/381
f 378/378/378 386/386/386 380/380/380
f 380/380/380 386/386/386 387/387/387
f 386/386/386 388/388/388 387/387/387
f 388/388/388 386/386/386 389/389/389
f 386/386/386 390/390/390 389/389/389
f 386/386/386 378/378/378 390/390/390
f 389/389/389 390/390/390 391/391/391
f 384/384/384 392/392/392 378/378/378
f 378/378/378 392/392/392 390/390/390
f 390/390/390 393/393/393 391/391/391
f 390/390/390 392/392/392 393/393/393
f 391/391/391 393/393/393 394/394/394
f 392/392/392 384/384/384 395/395/395
f 392/392/392 395/395/395 393/393/393
f 384/384/384 385/385/385 395/395/395
f 393/393/393 396/396/396 394/394/394
f 393/393/393 395/395/395 396/396/396
f 394/394/394 396/396/396 397/397/397
f 398/398/398 394/394/394 397/397/397
f 399/399/399 398/398/398 397/397/397
f 395/395/395 400/400/400 396/396/396
f 395/395/395 385/385/385 400/400/400
f 396/396/396 400/400/400 397/397/397
f 401/401/401 399/399/399 397/397/397
f 400/400/400 402/402/402 397/397/397
f 397/397/397 402/402/402 401/401/401
f 385/385/385 403/403/403 400/400/400
f 400/400/400 403/403/403 402/402/402
f 401/401/401 404/404/404 399/399/399
f 404/404/404 405/405/405 399/399/399
f 406/406/406 405/405/405 404/404/404
f 407/407/407 403/403/403 385/385/385
f 382/382/382 407/407/407 385/385/385
f 382/382/382 383/383/383 407/407/407
f 408/408/408 407/407/407 383/383/383
f 407/407/407 408/408/408 409/409/409
f 403/403/403 407/407/407 409/409/409
f 403/403/403 409/409/409 402/402/402
f 402/402/402 410/410/410 401/401/401
f 401/401/401 410/410/410 404/404/404
f 402/402/402 409/409/409 410/410/410
f 411/411/411 406/406/406 404/404/404
f 412/412/412 406/406/406 411/411/411
f 410/410/410 413/413/413 404/404/404
f 404/404/404 413/413/413 411/411/411
f 409/409/409 414/414/414 410/410/410
f 410/410/410 414/414/414 413/413/413
f 415/415/415 412/412/412 411/411/411
f 416/416/416 412/412/412 415/415/415
f 417/417/417 414/414/414 409/409/409
f 408/408/408 417/417/417 409/409/409
f 414/414/414 418/418/418 413/413/413
f 417/417/417 418/418/418 414/414/414
f 413/413/413 419/419/419 411/411/411
f 411/411/411 419/419/419 415/415/415
f 413/413/413 418/418/418 419/419/419
f 420/420/420 416/416/416 415/415/415
f 416/416/416 420/420/420 179/179/179
f 420/420/420 421/421/421 179/179/179
f 179/179/179 421/421/421 177/177/177
f 422/422/422 420/420/420 415/415/415
f 421/421/421 420/420/420 422/422/422
f 177/177/177 421/421/421 423/423/423
f 423/423/423 421/421/421 422/422/422
f 186/186/186 177/177/177 423/423/423
f 186/186/186 423/423/423 424/424/424
f 424/424/424 423/423/423 422/422/422
f 199/199/199 186/186/186 424/424/424
f 419/419/419 425/425/425 415/415/415
f 415/415/415 425/425/425 422/422/422
f 426/426/426 424/424/424 422/422/422
f 422/422/422 425/425/425 426/426/426
f 199/199/199 424/424/424 427/427/427
f 427/427/427 424/424/424 426/426/426
f 198/198/198 199/199/199 427/427/427
f 198/198/198 427/427/427 428/428/428
f 428/428/428 429/429/429 198/198/198
f 428/428/428 427/427/427 430/430/430
f 430/430/430 427/427/427 426/426/426
f 426/426/426 425/425/425 430/430/430
f 429/429/429 196/196/196 198/198/198
f 431/431/431 425/425/425 419/419/419
f 431/431/431 419/419/419 418/418/418
f 425/425/425 432/432/432 430/430/430
f 431/431/431 432/432/432 425/425/425
f 429/429/429 433/433/433 196/196/196
f 433/433/433 197/197/197 196/196/196
f 434/434/434 430/430/430 432/432/432
f 434/434/434 428/428/428 430/430/430
f 435/435/435 434/434/434 432/432/432
f 435/435/435 432/432/432 431/431/431
f 436/436/436 433/433/433 429/429/429
f 428/428/428 436/436/436 429/429/429
f 433/433/433 437/437/437 197/197/197
f 437/437/437 214/214/214 197/197/197
f 214/214/214 437/437/437 223/223/223
f 438/438/438 437/437/437 433/433/433
f 436/436/436 438/438/438 433/433/433
f 438/438/438 436/436/436 439/439/439
f 437/437/437 440/440/440 223/223/223
f 440/440/440 437/437/437 438/438/438
f 441/441/441 434/434/434 435/435/435
f 441/441/441 428/428/428 434/434/434
f 438/438/438 439/439/439 442/442/442
f 442/442/442 440/440/440 438/438/438
f 440/440/440 443/443/443 223/223/223
f 223/223/223 443/443/443 292/292/292
f 442/442/442 444/444/444 440/440/440
f 444/444/444 443/443/443 440/440/440
f 443/443/443 445/445/445 292/292/292
f 445/445/445 443/443/443 444/444/444
f 292/292/292 445/445/445 296/296/296
f 296/296/296 445/445/445 446/446/446
f 446/446/446 445/445/445 444/444/444
f 442/442/442 447/447/447 444/444/444
f 439/439/439 447/447/447 442/442/442
f 444/444/444 447/447/447 448/448/448
f 444/444/444 448/448/448 446/446/446
f 449/449/449 296/296/296 446/446/446
f 291/291/291 296/296/296 449/449/449
f 439/439/439 450/450/450 447/447/447
f 447/447/447 450/450/450 448/448/448
f 451/451/451 449/449/449 446/446/446
f 448/448/448 451/451/451 446/446/446
f 291/291/291 449/449/449 452/452/452
f 291/291/291 452/452/452 295/295/295
f 295/295/295 452/452/452 453/453/453
f 295/295/295 453/453/453 297/297/297
f 297/297/297 453/453/453 319/319/319
f 452/452/452 454/454/454 453/453/453
f 452/452/452 449/449/449 454/454/454
f 453/453/453 454/454/454 319/319/319
f 455/455/455 449/449/449 451/451/451
f 454/454/454 449/449/449 455/455/455
f 454/454/454 456/456/456 319/319/319
f 319/319/319 456/456/456 317/317/317
f 454/454/454 457/457/457 456/456/456
f 454/454/454 455/455/455 457/457/457
f 456/456/456 457/457/457 317/317/317
f 458/458/458 455/455/455 451/451/451
f 455/455/455 458/458/458 457/457/457
f 451/451/451 448/448/448 459/459/459
f 459/459/459 458/458/458 451/451/451
f 457/457/457 460/460/460 317/317/317
f 457/457/457 458/458/458 460/460/460
f 460/460/460 461/461/461 317/317/317
f 317/317/317 461/461/461 331/331/331
f 460/460/460 458/458/458 462/462/462
f 461/461/461 460/460/460 462/462/462
f 462/462/462 458/458/458 459/459/459
f 331/331/331 461/461/461 463/463/463
f 461/461/461 462/462/462 463/463/463
f 331/331/331 463/463/463 363/363/363
f 363/363/363 463/463/463 464/464/464
f 363/363/363 464/464/464 364/364/364
f 465/465/465 463/463/463 462/462/462
f 463/463/463 465/465/465 464/464/464
f 464/464/464 466/466/466 364/364/364
f 466/466/466 366/366/366 364/364/364
f 467/467/467 462/462/462 459/459/459
f 467/467/467 465/465/465 462/462/462
f 465/465/465 468/468/468 464/464/464
f 468/468/468 466/466/466 464/464/464
f 468/468/468 469/469/469 466/466/466
f 469/469/469 470/470/470 466/466/466
f 466/466/466 470/470/470 366/366/366
f 467/467/467 471/471/471 465/465/465
f 467/467/467 459/459/459 471/471/471
f 465/465/465 471/471/471 468/468/468
f 470/470/470 472/472/472 366/366/366
f 472/472/472 470/470/470 469/469/469
f 459/459/459 473/473/473 471/471/471
f 448/448/448 473/473/473 459/459/459
f 450/450/450 473/473/473 448/448/448
f 471/471/471 473/473/473 474/474/474
f 471/471/471 474/474/474 468/468/468
f 473/473/473 450/450/450 474/474/474
f 468/468/468 474/474/474 475/475/475
f 450/450/450 475/475/475 474/474/474
f 469/469/469 468/468/468 475/475/475
f 472/472/472 476/476/476 366/366/366
f 366/366/366 476/476/476 376/376/376
f 376/376/376 476/476/476 383/383/383
f 476/476/476 477/477/477 383/383/383
f 477/477/477 476/476/476 472/472/472
f 477/477/477 408/408/408 383/383/383
f 478/478/478 477/477/477 472/472/472
f 478/478/478 472/472/472 469/469/469
f 477/477/477 478/478/478 408/408/408
f 479/479/479 475/475/475 450/450/450
f 439/439/439 479/479/479 450/450/450
f 475/475/475 479/479/479 480/480/480
f 480/480/480 479/479/479 439/439/439
f 469/469/469 475/475/475 481/481/481
f 475/475/475 480/480/480 481/481/481
f 482/482/482 480/480/480 439/439/439
f 436/436/436 482/482/482 439/439/439
f 480/480/480 483/483/483 481/481/481
f 480/480/480 482/482/482 483/483/483
f 482/482/482 436/436/436 484/484/484
f 484/484/484 436/436/436 428/428/428
f 482/482/482 484/484/484 485/485/485
f 485/485/485 484/484/484 428/428/428
f 482/482/482 485/485/485 483/483/483
f 486/486/486 485/485/485 428/428/428
f 485/485/485 486/486/486 483/483/483
f 441/441/441 486/486/486 428/428/428
f 483/483/483 486/486/486 441/441/441
f 487/487/487 483/483/483 441/441/441
f 481/481/481 483/483/483 487/487/487
f 487/487/487 441/441/441 435/435/435
f 487/487/487 435/435/435 488/488/488
f 488/488/488 435/435/435 431/431/431
f 489/489/489 481/481/481 487/487/487
f 489/489/489 487/487/487 488/488/488
f 488/488/488 431/431/431 490/490/490
f 489/489/489 488/488/488 490/490/490
f 490/490/490 431/431/431 418/418/418
f 491/491/491 481/481/481 489/489/489
f 491/491/491 469/469/469 481/481/481
f 492/492/492 491/491/491 489/489/489
f 492/492/492 489/489/489 490/490/490
f 491/491/491 493/493/493 469/469/469
f 493/493/493 491/491/491 492/492/492
f 493/493/493 478/478/478 469/469/469
f 490/490/490 418/418/418 494/494/494
f 418/418/418 417/417/417 494/494/494
f 492/492/492 490/490/490 495/495/495
f 495/495/495 493/493/493 492/492/492
f 490/490/490 494/494/494 495/495/495
f 496/496/496 478/478/478 493/493/493
f 496/496/496 493/493/493 495/495/495
f 478/478/478 496/496/496 408/408/408
f 417/417/417 497/497/497 494/494/494
f 495/495/495 494/494/494 497/497/497
f 497/497/497 417/417/417 408/408/408
f 498/498/498 496/496/496 495/495/495
f 408/408/408 496/496/496 498/498/498
f 498/498/498 497/497/497 408/408/408
f 498/498/498 495/495/495 497/497/497
f 501/501/501 500/500/500 499/499/499
f 502/502/502 501/501/501 499/499/499
f 503/503/503 501/501/501 502/502/502
f 502/502/502 499/499/499 504/504/504
f 504/504/504 499/499/499 505/505/505
f 506/506/506 504/504/504 505/505/505
f 505/505/505 507/507/507 506/506/506
f 508/508/508 503/503/503 502/502/502
f 509/509/509 503/503/503 508/508/508
f 502/502/502 504/504/504 510/510/510
f 508/508/508 502/502/502 510/510/510
f 511/511/511 509/509/509 508/508/508
f 508/508/508 510/510/510 511/511/511
f 509/509/509 511/511/511 512/512/512
f 513/513/513 504/504/504 506/506/506
f 510/510/510 504/504/504 513/513/513
f 507/507/507 514/514/514 506/506/506
f 515/515/515 514/514/514 507/507/507
f 514/514/514 515/515/515 516/516/516
f 516/516/516 515/515/515 517/517/517
f 517/517/517 518/518/518 516/516/516
f 519/519/519 518/518/518 517/517/517
f 518/518/518 519/519/519 520/520/520
f 521/521/521 514/514/514 516/516/516
f 506/506/506 514/514/514 521/521/521
f 516/516/516 518/518/518 522/522/522
f 516/516/516 522/522/522 521/521/521
f 521/521/521 522/522/522 523/523/523
f 524/524/524 521/521/521 523/523/523
f 524/524/524 506/506/506 521/521/521
f 524/524/524 525/525/525 506/506/506
f 523/523/523 525/525/525 524/524/524
f 525/525/525 513/513/513 506/506/506
f 518/518/518 526/526/526 522/522/522
f 522/522/522 526/526/526 523/523/523
f 527/527/527 526/526/526 518/518/518
f 523/523/523 526/526/526 527/527/527
f 528/528/528 518/518/518 520/520/520
f 518/518/518 528/528/528 527/527/527
f 529/529/529 528/528/528 520/520/520
f 529/529/529 520/520/520 530/530/530
f 529/529/529 531/531/531 528/528/528
f 528/528/528 531/531/531 527/527/527
f 527/527/527 531/531/531 532/532/532
f 533/533/533 529/529/529 530/530/530
f 529/529/529 533/533/533 531/531/531
f 534/534/534 523/523/523 527/527/527
f 534/534/534 527/527/527 532/532/532
f 523/523/523 534/534/534 535/535/535
f 534/534/534 532/532/532 535/535/535
f 536/536/536 525/525/525 523/523/523
f 536/536/536 523/523/523 535/535/535
f 533/533/533 530/530/530 537/537/537
f 530/530/530 538/538/538 537/537/537
f 533/533/533 539/539/539 531/531/531
f 531/531/531 539/539/539 532/532/532
f 540/540/540 537/537/537 538/538/538
f 541/541/541 540/540/540 538/538/538
f 537/537/537 542/542/542 533/533/533
f 542/542/542 539/539/539 533/533/533
f 540/540/540 543/543/543 537/537/537
f 543/543/543 542/542/542 537/537/537
f 543/543/543 544/544/544 542/542/542
f 545/545/545 540/540/540 541/541/541
f 540/540/540 545/545/545 543/543/543
f 542/542/542 546/546/546 539/539/539
f 544/544/544 546/546/546 542/542/542
f 547/547/547 545/545/545 541/541/541
f 548/548/548 547/547/547 541/541/541
f 545/545/545 549/549/549 543/543/543
f 543/543/543 549/549/549 544/544/544
f 547/547/547 550/550/550 545/545/545
f 550/550/550 549/549/549 545/545/545
f 546/546/546 551/551/551 539/539/539
f 546/546/546 544/544/544 552/552/552
f 551/551/551 546/546/546 552/552/552
f 539/539/539 551/551/551 553/553/553
f 539/539/539 553/553/553 532/532/532
f 554/554/554 547/547/547 548/548/548
f 555/555/555 550/550/550 547/547/547
f 554/554/554 555/555/555 547/547/547
f 556/556/556 554/554/554 548/548/548
f 557/557/557 556/556/556 548/548/548
f 556/556/556 558/558/558 554/554/554
f 558/558/558 555/555/555 554/554/554
f 556/556/556 557/557/557 559/559/559
f 556/556/556 559/559/559 558/558/558
f 559/559/559 557/557/557 560/560/560
f 555/555/555 561/561/561 550/550/550
f 558/558/558 562/562/562 555/555/555
f 562/562/562 561/561/561 555/555/555
f 562/562/562 563/563/563 561/561/561
f 564/564/564 562/562/562 558/558/558
f 564/564/564 563/563/563 562/562/562
f 559/559/559 565/565/565 558/558/558
f 558/558/558 565/565/565 564/564/564
f 561/561/561 566/566/566 550/550/550
f 561/561/561 567/567/567 566/566/566
f 550/550/550 566/566/566 549/549/549
f 566/566/566 568/568/568 549/549/549
f 566/566/566 567/567/567 568/568/568
f 569/569/569 568/568/568 567/567/567
f 549/549/549 568/568/568 544/544/544
f 544/544/544 568/568/568 569/569/569
f 563/563/563 570/570/570 561/561/561
f 567/567/567 561/561/561 570/570/570
f 571/571/571 567/567/567 570/570/570
f 544/544/544 569/569/569 572/572/572
f 544/544/544 572/572/572 552/552/552
f 563/563/563 573/573/573 570/570/570
f 570/570/570 574/574/574 571/571/571
f 570/570/570 573/573/573 574/574/574
f 575/575/575 569/569/569 567/567/567
f 576/576/576 567/567/567 571/571/571
f 575/575/575 567/567/567 576/576/576
f 575/575/575 576/576/576 577/577/577
f 576/576/576 571/571/571 577/577/577
f 578/578/578 575/575/575 577/577/577
f 575/575/575 578/578/578 569/569/569
f 571/571/571 579/579/579 577/577/577
f 580/580/580 578/578/578 577/577/577
f 581/581/581 579/579/579 571/571/571
f 578/578/578 580/580/580 582/582/582
f 580/580/580 583/583/583 582/582/582
f 578/578/578 584/584/584 569/569/569
f 578/578/578 582/582/582 584/584/584
f 585/585/585 581/581/581 571/571/571
f 574/574/574 585/585/585 571/571/571
f 582/582/582 583/583/583 586/586/586
f 583/583/583 587/587/587 586/586/586
f 585/585/585 588/588/588 581/581/581
f 588/588/588 589/589/589 581/581/581
f 590/590/590 589/589/589 588/588/588
f 574/574/574 591/591/591 585/585/585
f 591/591/591 588/588/588 585/585/585
f 592/592/592 590/590/590 588/588/588
f 592/592/592 588/588/588 591/591/591
f 593/593/593 569/569/569 584/584/584
f 593/593/593 572/572/572 569/569/569
f 582/582/582 586/586/586 594/594/594
f 582/582/582 594/594/594 584/584/584
f 594/594/594 595/595/595 584/584/584
f 574/574/574 596/596/596 591/591/591
f 573/573/573 596/596/596 574/574/574
f 592/592/592 597/597/597 590/590/590
f 597/597/597 598/598/598 590/590/590
f 599/599/599 593/593/593 584/584/584
f 595/595/595 599/599/599 584/584/584
f 586/586/586 600/600/600 594/594/594
f 594/594/594 600/600/600 595/595/595
f 598/598/598 597/597/597 601/601/601
f 602/602/602 598/598/598 601/601/601
f 602/602/602 601/601/601 603/603/603
f 604/604/604 597/597/597 592/592/592
f 605/605/605 601/601/601 597/597/597
f 604/604/604 605/605/605 597/597/597
f 601/601/601 606/606/606 603/603/603
f 601/601/601 605/605/605 606/606/606
f 607/607/607 604/604/604 592/592/592
f 607/607/607 592/592/592 591/591/591
f 591/591/591 608/608/608 607/607/607
f 596/596/596 608/608/608 591/591/591
f 604/604/604 607/607/607 609/609/609
f 608/608/608 609/609/609 607/607/607
f 603/603/603 606/606/606 610/610/610
f 611/611/611 603/603/603 610/610/610
f 605/605/605 604/604/604 612/612/612
f 612/612/612 604/604/604 609/609/609
f 610/610/610 613/613/613 611/611/611
f 613/613/613 614/614/614 611/611/611
f 614/614/614 613/613/613 615/615/615
f 616/616/616 614/614/614 615/615/615
f 617/617/617 616/616/616 615/615/615
f 618/618/618 617/617/617 615/615/615
f 619/619/619 617/617/617 618/618/618
f 615/615/615 613/613/613 620/620/620
f 618/618/618 615/615/615 620/620/620
f 621/621/621 613/613/613 610/610/610
f 613/613/613 621/621/621 620/620/620
f 618/618/618 622/622/622 619/619/619
f 622/622/622 618/618/618 623/623/623
f 622/622/622 624/624/624 619/619/619
f 622/622/622 625/625/625 624/624/624
f 625/625/625 622/622/622 623/623/623
f 624/624/624 625/625/625 626/626/626
f 626/626/626 625/625/625 623/623/623
f 627/627/627 624/624/624 626/626/626
f 627/627/627 626/626/626 628/628/628
f 626/626/626 629/629/629 628/628/628
f 626/626/626 623/623/623 629/629/629
f 629/629/629 630/630/630 628/628/628
f 623/623/623 630/630/630 629/629/629
f 630/630/630 623/623/623 631/631/631
f 632/632/632 628/628/628 630/630/630
f 631/631/631 632/632/632 630/630/630
f 633/633/633 632/632/632 631/631/631
f 634/634/634 633/633/633 631/631/631
f 618/618/618 635/635/635 623/623/623
f 623/623/623 635/635/635 631/631/631
f 635/635/635 618/618/618 620/620/620
f 635/635/635 620/620/620 631/631/631
f 636/636/636 634/634/634 631/631/631
f 620/620/620 636/636/636 631/631/631
f 637/637/637 634/634/634 636/636/636
f 636/636/636 620/620/620 621/621/621
f 638/638/638 637/637/637 636/636/636
f 638/638/638 636/636/636 621/621/621
f 639/639/639 637/637/637 638/638/638
f 640/640/640 639/639/639 638/638/638
f 640/640/640 638/638/638 621/621/621
f 639/639/639 640/640/640 641/641/641
f 642/642/642 640/640/640 621/621/621
f 642/642/642 621/621/621 610/610/610
f 610/610/610 606/606/606 642/642/642
f 640/640/640 643/643/643 641/641/641
f 640/640/640 642/642/642 643/643/643
f 641/641/641 643/643/643 644/644/644
f 606/606/606 645/645/645 642/642/642
f 642/642/642 645/645/645 643/643/643
f 605/605/605 645/645/645 606/606/606
f 643/643/643 646/646/646 644/644/644
f 643/643/643 645/645/645 646/646/646
f 645/645/645 605/605/605 646/646/646
f 644/644/644 646/646/646 647/647/647
f 646/646/646 605/605/605 612/612/612
f 646/646/646 612/612/612 647/647/647
f 647/647/647 612/612/612 648/648/648
f 612/612/612 609/609/609 648/648/648
f 649/649/649 648/648/648 609/609/609
f 608/608/608 649/649/649 609/609/609
f 650/650/650 649/649/649 608/608/608
f 596/596/596 650/650/650 608/608/608
f 650/650/650 596/596/596 651/651/651
f 596/596/596 573/573/573 651/651/651
f 573/573/573 652/652/652 651/651/651
f 652/652/652 653/653/653 651/651/651
f 563/563/563 652/652/652 573/573/573
f 654/654/654 653/653/653 652/652/652
f 654/654/654 652/652/652 563/563/563
f 653/653/653 654/654/654 655/655/655
f 656/656/656 654/654/654 563/563/563
f 564/564/564 656/656/656 563/563/563
f 654/654/654 657/657/657 655/655/655
f 654/654/654 656/656/656 657/657/657
f 657/657/657 658/658/658 655/655/655
f 658/658/658 659/659/659 655/655/655
f 660/660/660 659/659/659 658/658/658
f 661/661/661 656/656/656 564/564/564
f 656/656/656 662/662/662 657/657/657
f 662/662/662 656/656/656 661/661/661
f 663/663/663 658/658/658 657/657/657
f 662/662/662 663/663/663 657/657/657
f 664/664/664 660/660/660 658/658/658
f 664/664/664 658/658/658 663/663/663
f 665/665/665 661/661/661 564/564/564
f 565/565/565 665/665/665 564/564/564
f 664/664/664 666/666/666 660/660/660
f 666/666/666 667/667/667 660/660/660
f 667/667/667 666/666/666 668/668/668
f 669/669/669 667/667/667 668/668/668
f 668/668/668 670/670/670 669/669/669
f 670/670/670 671/671/671 669/669/669
f 672/672/672 671/671/671 670/670/670
f 673/673/673 672/672/672 670/670/670
f 674/674/674 672/672/672 673/673/673
f 675/675/675 670/670/670 668/668/668
f 673/673/673 670/670/670 675/675/675
f 676/676/676 668/668/668 666/666/666
f 676/676/676 675/675/675 668/668/668
f 677/677/677 666/666/666 664/664/664
f 677/677/677 676/676/676 666/666/666
f 678/678/678 677/677/677 664/664/664
f 678/678/678 664/664/664 663/663/663
f 678/678/678 663/663/663 679/679/679
f 679/679/679 663/663/663 662/662/662
f 677/677/677 678/678/678 680/680/680
f 680/680/680 678/678/678 679/679/679
f 676/676/676 677/677/677 681/681/681
f 681/681/681 677/677/677 680/680/680
f 682/682/682 681/681/681 680/680/680
f 683/683/683 676/676/676 681/681/681
f 676/676/676 683/683/683 675/675/675
f 681/681/681 682/682/682 683/683/683
f 684/684/684 679/679/679 662/662/662
f 684/684/684 662/662/662 661/661/661
f 680/680/680 679/679/679 685/685/685
f 685/685/685 679/679/679 684/684/684
f 684/684/684 661/661/661 686/686/686
f 661/661/661 665/665/665 686/686/686
f 687/687/687 682/682/682 680/680/680
f 687/687/687 680/680/680 685/685/685
f 688/688/688 684/684/684 686/686/686
f 688/688/688 685/685/685 684/684/684
f 685/685/685 688/688/688 689/689/689
f 689/689/689 688/688/688 686/686/686
f 665/665/665 690/690/690 686/686/686
f 690/690/690 665/665/665 565/565/565
f 687/687/687 685/685/685 691/691/691
f 691/691/691 685/685/685 689/689/689
f 687/687/687 692/692/692 682/682/682
f 692/692/692 687/687/687 691/691/691
f 686/686/686 690/690/690 693/693/693
f 693/693/693 689/689/689 686/686/686
f 694/694/694 690/690/690 565/565/565
f 694/694/694 565/565/565 559/559/559
f 690/690/690 695/695/695 693/693/693
f 695/695/695 690/690/690 694/694/694
f 693/693/693 696/696/696 689/689/689
f 693/693/693 695/695/695 696/696/696
f 689/689/689 697/697/697 691/691/691
f 696/696/696 697/697/697 689/689/689
f 698/698/698 694/694/694 559/559/559
f 698/698/698 559/559/559 560/560/560
f 699/699/699 694/694/694 698/698/698
f 699/699/699 698/698/698 560/560/560
f 699/699/699 695/695/695 694/694/694
f 700/700/700 699/699/699 560/560/560
f 701/701/701 699/699/699 700/700/700
f 699/699/699 702/702/702 695/695/695
f 702/702/702 699/699/699 701/701/701
f 697/697/697 703/703/703 691/691/691
f 691/691/691 703/703/703 692/692/692
f 704/704/704 696/696/696 695/695/695
f 702/702/702 704/704/704 695/695/695
f 705/705/705 702/702/702 701/701/701
f 701/701/701 706/706/706 705/705/705
f 707/707/707 704/704/704 702/702/702
f 705/705/705 707/707/707 702/702/702
f 705/705/705 706/706/706 708/708/708
f 706/706/706 709/709/709 708/708/708
f 708/708/708 710/710/710 705/705/705
f 705/705/705 710/710/710 707/707/707
f 711/711/711 710/710/710 708/708/708
f 712/712/712 710/710/710 711/711/711
f 713/713/713 712/712/712 711/711/711
f 710/710/710 714/714/714 707/707/707
f 712/712/712 714/714/714 710/710/710
f 707/707/707 714/714/714 715/715/715
f 707/707/707 716/716/716 704/704/704
f 715/715/715 716/716/716 707/707/707
f 704/704/704 716/716/716 717/717/717
f 717/717/717 696/696/696 704/704/704
f 713/713/713 718/718/718 712/712/712
f 719/719/719 718/718/718 713/713/713
f 714/714/714 712/712/712 720/720/720
f 715/715/715 714/714/714 720/720/720
f 717/717/717 716/716/716 721/721/721
f 721/721/721 716/716/716 715/715/715
f 717/717/717 722/722/722 696/696/696
f 722/722/722 697/697/697 696/696/696
f 712/712/712 718/718/718 723/723/723
f 720/720/720 712/712/712 723/723/723
f 718/718/718 719/719/719 724/724/724
f 719/719/719 725/725/725 724/724/724
f 724/724/724 725/725/725 726/726/726
f 724/724/724 726/726/726 727/727/727
f 718/718/718 724/724/724 728/728/728
f 728/728/728 724/724/724 727/727/727
f 722/722/722 729/729/729 697/697/697
f 729/729/729 703/703/703 697/697/697
f 723/723/723 718/718/718 730/730/730
f 730/730/730 718/718/718 728/728/728
f 728/728/728 727/727/727 731/731/731
f 727/727/727 732/732/732 731/731/731
f 731/731/731 732/732/732 733/733/733
f 732/732/732 734/734/734 733/733/733
f 733/733/733 734/734/734 735/735/735
f 736/736/736 730/730/730 728/728/728
f 736/736/736 728/728/728 731/731/731
f 723/723/723 730/730/730 736/736/736
f 737/737/737 723/723/723 736/736/736
f 738/738/738 736/736/736 731/731/731
f 731/731/731 733/733/733 738/738/738
f 737/737/737 736/736/736 738/738/738
f 739/739/739 703/703/703 729/729/729
f 703/703/703 739/739/739 692/692/692
f 740/740/740 733/733/733 735/735/735
f 735/735/735 741/741/741 740/740/740
f 742/742/742 723/723/723 737/737/737
f 723/723/723 742/742/742 720/720/720
f 742/742/742 743/743/743 720/720/720
f 742/742/742 744/744/744 743/743/743
f 720/720/720 743/743/743 715/715/715
f 742/742/742 737/737/737 745/745/745
f 744/744/744 742/742/742 745/745/745
f 745/745/745 737/737/737 746/746/746
f 747/747/747 744/744/744 745/745/745
f 746/746/746 737/737/737 748/748/748
f 747/747/747 749/749/749 744/744/744
f 737/737/737 750/750/750 748/748/748
f 751/751/751 748/748/748 750/750/750
f 750/750/750 737/737/737 738/738/738
f 752/752/752 751/751/751 750/750/750
f 750/750/750 738/738/738 752/752/752
f 753/753/753 751/751/751 752/752/752
f 749/749/749 754/754/754 744/744/744
f 755/755/755 754/754/754 749/749/749
f 755/755/755 756/756/756 754/754/754
f 756/756/756 755/755/755 757/757/757
f 744/744/744 754/754/754 758/758/758
f 758/758/758 754/754/754 756/756/756
f 738/738/738 759/759/759 752/752/752
f 733/733/733 759/759/759 738/738/738
f 760/760/760 759/759/759 733/733/733
f 752/752/752 759/759/759 760/760/760
f 740/740/740 760/760/760 733/733/733
f 761/761/761 753/753/753 752/752/752
f 761/761/761 752/752/752 760/760/760
f 753/753/753 761/761/761 762/762/762
f 740/740/740 763/763/763 760/760/760
f 741/741/741 763/763/763 740/740/740
f 760/760/760 764/764/764 761/761/761
f 763/763/763 764/764/764 760/760/760
f 761/761/761 765/765/765 762/762/762
f 764/764/764 765/765/765 761/761/761
f 766/766/766 763/763/763 741/741/741
f 767/767/767 766/766/766 741/741/741
f 768/768/768 764/764/764 763/763/763
f 765/765/765 764/764/764 768/768/768
f 766/766/766 768/768/768 763/763/763
f 762/762/762 765/765/765 769/769/769
f 769/769/769 765/765/765 768/768/768
f 770/770/770 762/762/762 769/769/769
f 771/771/771 770/770/770 769/769/769
f 772/772/772 771/771/771 769/769/769
f 769/769/769 768/768/768 772/772/772
f 773/773/773 771/771/771 772/772/772
f 766/766/766 767/767/767 774/774/774
f 767/767/767 775/775/775 774/774/774
f 774/774/774 775/775/775 776/776/776
f 777/777/777 768/768/768 766/766/766
f 768/768/768 777/777/777 772/772/772
f 774/774/774 777/777/777 766/766/766
f 772/772/772 777/777/777 778/778/778
f 778/778/778 777/777/777 774/774/774
f 779/779/779 773/773/773 772/772/772
f 779/779/779 772/772/772 778/778/778
f 773/773/773 779/779/779 780/780/780
f 781/781/781 774/774/774 776/776/776
f 781/781/781 778/778/778 774/774/774
f 776/776/776 782/782/782 781/781/781
f 779/779/779 783/783/783 780/780/780
f 779/779/779 778/778/778 783/783/783
f 782/782/782 784/784/784 781/781/781
f 781/781/781 784/784/784 778/778/778
f 784/784/784 782/782/782 785/785/785
f 782/782/782 786/786/786 785/785/785
f 786/786/786 787/787/787 785/785/785
f 784/784/784 788/788/788 778/778/778
f 778/778/778 788/788/788 783/783/783
f 788/788/788 784/784/784 785/785/785
f 780/780/780 783/783/783 789/789/789
f 790/790/790 780/780/780 789/789/789
f 790/790/790 789/789/789 791/791/791
f 783/783/783 788/788/788 792/792/792
f 792/792/792 788/788/788 785/785/785
f 789/789/789 783/783/783 792/792/792
f 787/787/787 793/793/793 785/785/785
f 785/785/785 793/793/793 792/792/792
f 792/792/792 794/794/794 789/789/789
f 793/793/793 794/794/794 792/792/792
f 789/789/789 795/795/795 791/791/791
f 794/794/794 795/795/795 789/789/789
f 791/791/791 795/795/795 796/796/796
f 796/796/796 795/795/795 794/794/794
f 797/797/797 791/791/791 796/796/796
f 798/798/798 793/793/793 787/787/787
f 799/799/799 798/798/798 787/787/787
f 800/800/800 794/794/794 793/793/793
f 800/800/800 796/796/796 794/794/794
f 798/798/798 800/800/800 793/793/793
f 801/801/801 797/797/797 796/796/796
f 796/796/796 800/800/800 801/801/801
f 801/801/801 802/802/802 797/797/797
f 803/803/803 798/798/798 799/799/799
f 799/799/799 804/804/804 803/803/803
f 805/805/805 800/800/800 798/798/798
f 800/800/800 805/805/805 801/801/801
f 803/803/803 805/805/805 798/798/798
f 806/806/806 802/802/802 801/801/801
f 802/802/802 806/806/806 807/807/807
f 801/801/801 805/805/805 808/808/808
f 806/806/806 801/801/801 808/808/808
f 808/808/808 805/805/805 803/803/803
f 808/808/808 807/807/807 806/806/806
f 809/809/809 804/804/804 807/807/807
f 809/809/809 803/803/803 804/804/804
f 809/809/809 807/807/807 808/808/808
f 809/809/809 808/808/808 803/803/803
f 812/812/812 811/811/811 810/810/810
f 811/811/811 813/813/813 810/810/810
f 813/813/813 814/814/814 810/810/810
f 814/814/814 813/813/813 815/815/815
f 818/818/818 817/817/817 816/816/816
f 819/819/819 817/817/817 818/818/818
f 820/820/820 819/819/819 818/818/818
f 823/823/823 822/822/822 821/821/821
f 821/821/821 824/824/824 823/823/823
f 824/824/824 825/825/825 823/823/823
f 826/826/826 824/824/824 821/821/821
f 826/826/826 821/821/821 827/827/827
f 828/828/828 825/825/825 824/824/824
f 828/828/828 824/824/824 826/826/826
f 827/827/827 829/829/829 826/826/826
f 828/828/828 826/826/826 830/830/830
f 829/829/829 830/830/830 826/826/826
f 831/831/831 829/829/829 827/827/827
f 832/832/832 831/831/831 827/827/827
f 831/831/831 833/833/833 829/829/829
f 833/833/833 830/830/830 829/829/829
f 833/833/833 834/834/834 830/830/830
f 830/830/830 835/835/835 828/828/828
f 828/828/828 835/835/835 825/825/825
f 834/834/834 836/836/836 830/830/830
f 835/835/835 830/830/830 836/836/836
f 834/834/834 837/837/837 836/836/836
f 837/837/837 838/838/838 836/836/836
f 837/837/837 839/839/839 838/838/838
f 836/836/836 838/838/838 840/840/840
f 835/835/835 836/836/836 840/840/840
f 839/839/839 841/841/841 838/838/838
f 838/838/838 841/841/841 840/840/840
f 839/839/839 842/842/842 841/841/841
f 842/842/842 843/843/843 841/841/841
f 842/842/842 844/844/844 843/843/843
f 845/845/845 840/840/840 841/841/841
f 845/845/845 841/841/841 843/843/843
f 835/835/835 840/840/840 846/846/846
f 840/840/840 845/845/845 846/846/846
f 844/844/844 847/847/847 843/843/843
f 844/844/844 848/848/848 847/847/847
f 848/848/848 849/849/849 847/847/847
f 848/848/848 850/850/850 849/849/849
f 847/847/847 851/851/851 843/843/843
f 851/851/851 845/845/845 843/843/843
f 847/847/847 849/849/849 851/851/851
f 851/851/851 852/852/852 845/845/845
f 845/845/845 852/852/852 846/846/846
f 849/849/849 852/852/852 851/851/851
f 846/846/846 852/852/852 849/849/849
f 835/835/835 846/846/846 853/853/853
f 846/846/846 849/849/849 853/853/853
f 825/825/825 835/835/835 853/853/853
f 850/850/850 854/854/854 849/849/849
f 853/853/853 849/849/849 854/854/854
f 850/850/850 855/855/855 854/854/854
f 856/856/856 855/855/855 850/850/850
f 856/856/856 857/857/857 855/855/855
f 853/853/853 854/854/854 858/858/858
f 858/858/858 825/825/825 853/853/853
f 858/858/858 854/854/854 855/855/855
f 859/859/859 825/825/825 858/858/858
f 855/855/855 859/859/859 858/858/858
f 855/855/855 857/857/857 860/860/860
f 859/859/859 855/855/855 860/860/860
f 859/859/859 861/861/861 825/825/825
f 825/825/825 861/861/861 862/862/862
f 861/861/861 863/863/863 862/862/862
f 864/864/864 863/863/863 861/861/861
f 864/864/864 861/861/861 859/859/859
f 859/859/859 860/860/860 864/864/864
f 864/864/864 860/860/860 865/865/865
f 865/865/865 860/860/860 866/866/866
f 860/860/860 857/857/857 866/866/866
f 867/867/867 866/866/866 857/857/857
f 870/870/870 869/869/869 868/868/868
f 870/870/870 868/868/868 871/871/871
f 871/871/871 868/868/868 872/872/872
f 873/873/873 871/871/871 872/872/872
f 874/874/874 873/873/873 872/872/872
f 875/875/875 873/873/873 874/874/874
f 876/876/876 875/875/875 874/874/874
f 875/875/875 876/876/876 877/877/877
f 870/870/870 871/871/871 878/878/878
f 879/879/879 871/871/871 873/873/873
f 878/878/878 871/871/871 879/879/879
f 880/880/880 870/870/870 878/878/878
f 880/880/880 881/881/881 870/870/870
f 882/882/882 879/879/879 873/873/873
f 882/882/882 883/883/883 879/879/879
f 883/883/883 878/878/878 879/879/879
f 884/884/884 882/882/882 873/873/873
f 883/883/883 885/885/885 878/878/878
f 884/884/884 873/873/873 886/886/886
f 885/885/885 887/887/887 878/878/878
f 880/880/880 878/878/878 887/887/887
f 880/880/880 887/887/887 888/888/888
f 885/885/885 889/889/889 887/887/887
f 889/889/889 888/888/888 887/887/887
f 889/889/889 890/890/890 888/888/888
f 891/891/891 881/881/881 880/880/880
f 888/888/888 891/891/891 880/880/880
f 892/892/892 881/881/881 891/891/891
f 892/892/892 891/891/891 888/888/888
f 893/893/893 881/881/881 892/892/892
f 894/894/894 893/893/893 892/892/892
f 894/894/894 892/892/892 895/895/895
f 873/873/873 896/896/896 886/886/886
f 896/896/896 873/873/873 875/875/875
f 890/890/890 897/897/897 888/888/888
f 890/890/890 895/895/895 897/897/897
f 888/888/888 898/898/898 892/892/892
f 897/897/897 898/898/898 888/888/888
f 892/892/892 898/898/898 895/895/895
f 895/895/895 898/898/898 897/897/897
f 886/886/886 896/896/896 899/899/899
f 900/900/900 886/886/886 899/899/899
f 901/901/901 896/896/896 875/875/875
f 899/899/899 896/896/896 901/901/901
f 900/900/900 899/899/899 902/902/902
f 899/899/899 901/901/901 902/902/902
f 901/901/901 875/875/875 902/902/902
f 903/903/903 900/900/900 902/902/902
f 902/902/902 875/875/875 877/877/877
f 903/903/903 902/902/902 877/877/877
f 904/904/904 903/903/903 877/877/877
f 907/907/907 906/906/906 905/905/905
f 907/907/907 908/908/908 906/906/906
f 908/908/908 909/909/909 906/906/906
f 908/908/908 910/910/910 909/909/909
f 909/909/909 910/910/910 911/911/911
f 909/909/909 911/911/911 912/912/912
f 913/913/913 910/910/910 908/908/908
f 910/910/910 913/913/913 911/911/911
f 914/914/914 913/913/913 908/908/908
f 912/912/912 911/911/911 915/915/915
f 915/915/915 916/916/916 912/912/912
f 911/911/911 913/913/913 917/917/917
f 911/911/911 917/917/917 915/915/915
f 917/917/917 913/913/913 918/918/918
f 914/914/914 919/919/919 913/913/913
f 913/913/913 919/919/919 918/918/918
f 919/919/919 920/920/920 918/918/918
f 920/920/920 919/919/919 921/921/921
f 921/921/921 919/919/919 914/914/914
f 914/914/914 922/922/922 921/921/921
f 922/922/922 923/923/923 921/921/921
f 921/921/921 923/923/923 920/920/920
f 924/924/924 923/923/923 922/922/922
f 924/924/924 925/925/925 923/923/923
f 916/916/916 915/915/915 926/926/926
f 926/926/926 927/927/927 916/916/916
f 928/928/928 915/915/915 917/917/917
f 917/917/917 918/918/918 928/928/928
f 915/915/915 928/928/928 926/926/926
f 929/929/929 926/926/926 928/928/928
f 926/926/926 930/930/930 927/927/927
f 929/929/929 930/930/930 926/926/926
f 931/931/931 927/927/927 930/930/930
f 930/930/930 932/932/932 931/931/931
f 929/929/929 932/932/932 930/930/930
f 932/932/932 933/933/933 931/931/931
f 934/934/934 933/933/933 932/932/932
f 925/925/925 935/935/935 923/923/923
f 925/925/925 936/936/936 935/935/935
f 937/937/937 923/923/923 935/935/935
f 920/920/920 923/923/923 937/937/937
f 936/936/936 938/938/938 935/935/935
f 935/935/935 938/938/938 937/937/937
f 936/936/936 939/939/939 938/938/938
f 938/938/938 940/940/940 937/937/937
f 937/937/937 940/940/940 920/920/920
f 939/939/939 941/941/941 938/938/938
f 941/941/941 940/940/940 938/938/938
f 939/939/939 942/942/942 941/941/941
f 941/941/941 942/942/942 940/940/940
f 942/942/942 943/943/943 940/940/940
f 943/943/943 920/920/920 940/940/940
f 944/944/944 920/920/920 943/943/943
f 944/944/944 945/945/945 920/920/920
f 945/945/945 918/918/918 920/920/920
f 945/945/945 946/946/946 918/918/918
f 945/945/945 947/947/947 946/946/946
f 918/918/918 946/946/946 948/948/948
f 946/946/946 947/947/947 948/948/948
f 918/918/918 948/948/948 928/928/928
f 947/947/947 949/949/949 948/948/948
f 950/950/950 928/928/928 948/948/948
f 950/950/950 929/929/929 928/928/928
f 949/949/949 951/951/951 948/948/948
f 948/948/948 951/951/951 950/950/950
f 952/952/952 951/951/951 949/949/949
f 952/952/952 953/953/953 951/951/951
f 951/951/951 954/954/954 950/950/950
f 954/954/954 929/929/929 950/950/950
f 954/954/954 951/951/951 953/953/953
f 954/954/954 955/955/955 929/929/929
f 954/954/954 953/953/953 955/955/955
f 956/956/956 929/929/929 955/955/955
f 929/929/929 956/956/956 932/932/932
f 956/956/956 934/934/934 932/932/932
f 953/953/953 957/957/957 955/955/955
f 958/958/958 957/957/957 953/953/953
f 955/955/955 959/959/959 956/956/956
f 955/955/955 957/957/957 959/959/959
f 956/956/956 959/959/959 934/934/934
f 958/958/958 960/960/960 957/957/957
f 960/960/960 959/959/959 957/957/957
f 961/961/961 960/960/960 958/958/958
f 961/961/961 962/962/962 960/960/960
f 960/960/960 963/963/963 959/959/959
f 963/963/963 934/934/934 959/959/959
f 962/962/962 964/964/964 960/960/960
f 964/964/964 963/963/963 960/960/960
f 962/962/962 965/965/965 964/964/964
f 966/966/966 934/934/934 965/965/965
f 964/964/964 967/967/967 963/963/963
f 964/964/964 965/965/965 967/967/967
f 965/965/965 934/934/934 967/967/967
f 967/967/967 934/934/934 963/963/963
f 970/970/970 969/969/969 968/968/968
f 969/969/969 971/971/971 968/968/968
f 969/969/969 972/972/972 971/971/971
f 968/968/968 971/971/971 973/973/973
f 973/973/973 974/974/974 968/968/968
f 973/973/973 975/975/975 974/974/974
f 972/972/972 976/976/976 971/971/971
f 973/973/973 971/971/971 976/976/976
f 973/973/973 976/976/976 975/975/975
f 977/977/977 976/976/976 972/972/972
f 976/976/976 977/977/977 975/975/975
f 978/978/978 744/744/744 758/758/758
f 978/978/978 743/743/743 744/744/744
f 978/978/978 979/979/979 743/743/743
f 758/758/758 980/980/980 978/978/978
f 980/980/980 979/979/979 978/978/978
f 981/981/981 743/743/743 979/979/979
f 743/743/743 981/981/981 715/715/715
f 715/715/715 981/981/981 982/982/982
f 982/982/982 721/721/721 715/715/715
f 983/983/983 981/981/981 979/979/979
f 984/984/984 983/983/983 979/979/979
f 985/985/985 984/984/984 979/979/979
f 980/980/980 985/985/985 979/979/979
f 983/983/983 986/986/986 981/981/981
f 982/982/982 981/981/981 986/986/986
f 987/987/987 985/985/985 980/980/980
f 988/988/988 982/982/982 986/986/986
f 982/982/982 988/988/988 721/721/721
f 989/989/989 988/988/988 986/986/986
f 989/989/989 990/990/990 988/988/988
f 991/991/991 987/987/987 980/980/980
f 991/991/991 980/980/980 758/758/758
f 992/992/992 987/987/987 991/991/991
f 993/993/993 991/991/991 758/758/758
f 993/993/993 758/758/758 756/756/756
f 994/994/994 992/992/992 991/991/991
f 991/991/991 993/993/993 994/994/994
f 995/995/995 992/992/992 994/994/994
f 756/756/756 996/996/996 993/993/993
f 996/996/996 756/756/756 757/757/757
f 997/997/997 995/995/995 994/994/994
f 998/998/998 995/995/995 997/997/997
f 993/993/993 999/999/999 994/994/994
f 996/996/996 999/999/999 993/993/993
f 994/994/994 999/999/999 997/997/997
f 996/996/996 757/757/757 1000/1000/1000
f 996/996/996 1000/1000/1000 999/999/999
f 757/757/757 1001/1001/1001 1000/1000/1000
f 1001/1001/1001 1002/1002/1002 1000/1000/1000
f 1003/1003/1003 998/998/998 997/997/997
f 1004/1004/1004 998/998/998 1003/1003/1003
f 999/999/999 1005/1005/1005 997/997/997
f 1000/1000/1000 1005/1005/1005 999/999/999
f 997/997/997 1005/1005/1005 1003/1003/1003
f 1002/1002/1002 1006/1006/1006 1000/1000/1000
f 1000/1000/1000 1006/1006/1006 1005/1005/1005
f 1007/1007/1007 1004/1004/1004 1003/1003/1003
f 1008/1008/1008 1004/1004/1004 1007/1007/1007
f 1005/1005/1005 1009/1009/1009 1003/1003/1003
f 1006/1006/1006 1009/1009/1009 1005/1005/1005
f 1003/1003/1003 1009/1009/1009 1007/1007/1007
f 1010/1010/1010 1006/1006/1006 1002/1002/1002
f 1011/1011/1011 1010/1010/1010 1002/1002/1002
f 1010/1010/1010 1011/1011/1011 1012/1012/1012
f 1013/1013/1013 1009/1009/1009 1006/1006/1006
f 1009/1009/1009 1013/1013/1013 1007/1007/1007
f 1010/1010/1010 1013/1013/1013 1006/1006/1006
f 1014/1014/1014 1008/1008/1008 1007/1007/1007
f 1007/1007/1007 1013/1013/1013 1014/1014/1014
f 1015/1015/1015 1010/1010/1010 1012/1012/1012
f 1010/1010/1010 1015/1015/1015 1013/1013/1013
f 1016/1016/1016 1015/1015/1015 1012/1012/1012
f 1017/1017/1017 1016/1016/1016 1012/1012/1012
f 1017/1017/1017 1018/1018/1018 1016/1016/1016
f 1015/1015/1015 1019/1019/1019 1013/1013/1013
f 1013/1013/1013 1019/1019/1019 1014/1014/1014
f 1019/1019/1019 1015/1015/1015 1016/1016/1016
f 1008/1008/1008 1014/1014/1014 1020/1020/1020
f 1021/1021/1021 1008/1008/1008 1020/1020/1020
f 1022/1022/1022 1021/1021/1021 1020/1020/1020
f 1014/1014/1014 1019/1019/1019 1023/1023/1023
f 1023/1023/1023 1019/1019/1019 1016/1016/1016
f 1020/1020/1020 1014/1014/1014 1023/1023/1023
f 1018/1018/1018 1024/1024/1024 1016/1016/1016
f 1016/1016/1016 1024/1024/1024 1023/1023/1023
f 1025/1025/1025 1022/1022/1022 1020/1020/1020
f 1026/1026/1026 1022/1022/1022 1025/1025/1025
f 1023/1023/1023 1027/1027/1027 1020/1020/1020
f 1027/1027/1027 1025/1025/1025 1020/1020/1020
f 1024/1024/1024 1027/1027/1027 1023/1023/1023
f 1028/1028/1028 1024/1024/1024 1018/1018/1018
f 1029/1029/1029 1028/1028/1028 1018/1018/1018
f 1030/1030/1030 1026/1026/1026 1025/1025/1025
f 1030/1030/1030 1025/1025/1025 1027/1027/1027
f 1031/1031/1031 1027/1027/1027 1024/1024/1024
f 1028/1028/1028 1031/1031/1031 1024/1024/1024
f 1031/1031/1031 1030/1030/1030 1027/1027/1027
f 1028/1028/1028 1029/1029/1029 1032/1032/1032
f 1028/1028/1028 1032/1032/1032 1031/1031/1031
f 1032/1032/1032 1029/1029/1029 1033/1033/1033
f 1030/1030/1030 1034/1034/1034 1026/1026/1026
f 1030/1030/1030 1031/1031/1031 1034/1034/1034
f 1035/1035/1035 1026/1026/1026 1034/1034/1034
f 1031/1031/1031 1036/1036/1036 1034/1034/1034
f 1032/1032/1032 1036/1036/1036 1031/1031/1031
f 1034/1034/1034 1037/1037/1037 1035/1035/1035
f 1034/1034/1034 1036/1036/1036 1037/1037/1037
f 1038/1038/1038 1035/1035/1035 1037/1037/1037
f 1036/1036/1036 1039/1039/1039 1037/1037/1037
f 1039/1039/1039 1036/1036/1036 1032/1032/1032
f 1037/1037/1037 1039/1039/1039 1038/1038/1038
f 1040/1040/1040 1033/1033/1033 1038/1038/1038
f 1032/1032/1032 1033/1033/1033 1040/1040/1040
f 1038/1038/1038 1039/1039/1039 1040/1040/1040
f 1040/1040/1040 1039/1039/1039 1032/1032/1032
f 1041/1041/1041 586/586/586 587/587/587
f 1042/1042/1042 1041/1041/1041 587/587/587
f 1041/1041/1041 1043/1043/1043 586/586/586
f 1044/1044/1044 1043/1043/1043 1041/1041/1041
f 1043/1043/1043 600/600/600 586/586/586
f 1041/1041/1041 1042/1042/1042 1045/1045/1045
f 1045/1045/1045 1044/1044/1044 1041/1041/1041
f 1042/1042/1042 1046/1046/1046 1045/1045/1045
f 1045/1045/1045 1046/1046/1046 1047/1047/1047
f 1045/1045/1045 1047/1047/1047 1044/1044/1044
f 1046/1046/1046 1048/1048/1048 1047/1047/1047
f 600/600/600 1043/1043/1043 1049/1049/1049
f 600/600/600 1049/1049/1049 595/595/595
f 1043/1043/1043 1050/1050/1050 1049/1049/1049
f 1050/1050/1050 1043/1043/1043 1044/1044/1044
f 1047/1047/1047 1048/1048/1048 1051/1051/1051
f 1048/1048/1048 1052/1052/1052 1051/1051/1051
f 1051/1051/1051 1052/1052/1052 1053/1053/1053
f 1052/1052/1052 1054/1054/1054 1053/1053/1053
f 1051/1051/1051 1055/1055/1055 1047/1047/1047
f 1051/1051/1051 1053/1053/1053 1055/1055/1055
f 1049/1049/1049 1056/1056/1056 595/595/595
f 1049/1049/1049 1050/1050/1050 1056/1056/1056
f 1056/1056/1056 1057/1057/1057 595/595/595
f 595/595/595 1057/1057/1057 1058/1058/1058
f 599/599/599 595/595/595 1058/1058/1058
f 599/599/599 1058/1058/1058 1059/1059/1059
f 1050/1050/1050 1060/1060/1060 1056/1056/1056
f 593/593/593 599/599/599 1059/1059/1059
f 1060/1060/1060 1050/1050/1050 1061/1061/1061
f 1062/1062/1062 1060/1060/1060 1061/1061/1061
f 1061/1061/1061 1063/1063/1063 1062/1062/1062
f 1061/1061/1061 1050/1050/1050 1044/1044/1044
f 1063/1063/1063 1061/1061/1061 1044/1044/1044
f 1063/1063/1063 1064/1064/1064 1062/1062/1062
f 1065/1065/1065 1064/1064/1064 1063/1063/1063
f 1066/1066/1066 593/593/593 1059/1059/1059
f 1066/1066/1066 572/572/572 593/593/593
f 1059/1059/1059 1067/1067/1067 1066/1066/1066
f 1068/1068/1068 572/572/572 1066/1066/1066
f 1068/1068/1068 1066/1066/1066 1067/1067/1067
f 572/572/572 1068/1068/1068 552/552/552
f 1068/1068/1068 1067/1067/1067 1069/1069/1069
f 1067/1067/1067 1070/1070/1070 1069/1069/1069
f 552/552/552 1068/1068/1068 1071/1071/1071
f 1068/1068/1068 1069/1069/1069 1071/1071/1071
f 1072/1072/1072 1069/1069/1069 1070/1070/1070
f 1073/1073/1073 1072/1072/1072 1070/1070/1070
f 1074/1074/1074 552/552/552 1071/1071/1071
f 1074/1074/1074 551/551/551 552/552/552
f 1069/1069/1069 1072/1072/1072 1075/1075/1075
f 1071/1071/1071 1069/1069/1069 1075/1075/1075
f 1076/1076/1076 1072/1072/1072 1073/1073/1073
f 1077/1077/1077 1076/1076/1076 1073/1073/1073
f 1075/1075/1075 1072/1072/1072 1078/1078/1078
f 1072/1072/1072 1076/1076/1076 1078/1078/1078
f 1071/1071/1071 1075/1075/1075 1079/1079/1079
f 1079/1079/1079 1075/1075/1075 1078/1078/1078
f 1076/1076/1076 1077/1077/1077 1080/1080/1080
f 1077/1077/1077 1081/1081/1081 1080/1080/1080
f 1082/1082/1082 1078/1078/1078 1076/1076/1076
f 1080/1080/1080 1082/1082/1082 1076/1076/1076
f 1083/1083/1083 1080/1080/1080 1081/1081/1081
f 1084/1084/1084 1083/1083/1083 1081/1081/1081
f 1085/1085/1085 551/551/551 1074/1074/1074
f 1085/1085/1085 553/553/553 551/551/551
f 1086/1086/1086 1085/1085/1085 1074/1074/1074
f 1087/1087/1087 553/553/553 1085/1085/1085
f 1086/1086/1086 1074/1074/1074 1088/1088/1088
f 1087/1087/1087 1089/1089/1089 553/553/553
f 553/553/553 1089/1089/1089 532/532/532
f 1090/1090/1090 1089/1089/1089 1087/1087/1087
f 1074/1074/1074 1091/1091/1091 1088/1088/1088
f 1091/1091/1091 1074/1074/1074 1071/1071/1071
f 1088/1088/1088 1091/1091/1091 1092/1092/1092
f 1091/1091/1091 1071/1071/1071 1079/1079/1079
f 1091/1091/1091 1079/1079/1079 1092/1092/1092
f 532/532/532 1089/1089/1089 1093/1093/1093
f 1089/1089/1089 1090/1090/1090 1093/1093/1093
f 532/532/532 1093/1093/1093 535/535/535
f 1092/1092/1092 1079/1079/1079 1094/1094/1094
f 1094/1094/1094 1079/1079/1079 1078/1078/1078
f 1095/1095/1095 1092/1092/1092 1094/1094/1094
f 1078/1078/1078 1082/1082/1082 1094/1094/1094
f 1094/1094/1094 1096/1096/1096 1095/1095/1095
f 1082/1082/1082 1096/1096/1096 1094/1094/1094
f 1096/1096/1096 1097/1097/1097 1095/1095/1095
f 1093/1093/1093 1090/1090/1090 1098/1098/1098
f 1098/1098/1098 1090/1090/1090 1099/1099/1099
f 1099/1099/1099 1100/1100/1100 1098/1098/1098
f 1101/1101/1101 535/535/535 1093/1093/1093
f 1098/1098/1098 1101/1101/1101 1093/1093/1093
f 535/535/535 1101/1101/1101 536/536/536
f 1082/1082/1082 1102/1102/1102 1096/1096/1096
f 1102/1102/1102 1082/1082/1082 1080/1080/1080
f 1083/1083/1083 1102/1102/1102 1080/1080/1080
f 1096/1096/1096 1103/1103/1103 1097/1097/1097
f 1102/1102/1102 1103/1103/1103 1096/1096/1096
f 1103/1103/1103 1104/1104/1104 1097/1097/1097
f 1104/1104/1104 1103/1103/1103 1105/1105/1105
f 1100/1100/1100 1106/1106/1106 1098/1098/1098
f 1098/1098/1098 1106/1106/1106 1101/1101/1101
f 1101/1101/1101 1107/1107/1107 536/536/536
f 525/525/525 536/536/536 1107/1107/1107
f 1103/1103/1103 1102/1102/1102 1108/1108/1108
f 1103/1103/1103 1108/1108/1108 1105/1105/1105
f 1109/1109/1109 1102/1102/1102 1083/1083/1083
f 1102/1102/1102 1109/1109/1109 1108/1108/1108
f 1106/1106/1106 1100/1100/1100 1110/1110/1110
f 1100/1100/1100 1111/1111/1111 1110/1110/1110
f 1106/1106/1106 1112/1112/1112 1101/1101/1101
f 1101/1101/1101 1112/1112/1112 1107/1107/1107
f 1112/1112/1112 1106/1106/1106 1110/1110/1110
f 1113/1113/1113 525/525/525 1107/1107/1107
f 513/513/513 525/525/525 1113/1113/1113
f 1105/1105/1105 1108/1108/1108 1114/1114/1114
f 1115/1115/1115 1105/1105/1105 1114/1114/1114
f 1108/1108/1108 1109/1109/1109 1116/1116/1116
f 1114/1114/1114 1108/1108/1108 1116/1116/1116
f 1114/1114/1114 1116/1116/1116 1117/1117/1117
f 1115/1115/1115 1114/1114/1114 1118/1118/1118
f 1118/1118/1118 1114/1114/1114 1117/1117/1117
f 1119/1119/1119 1115/1115/1115 1118/1118/1118
f 1119/1119/1119 1118/1118/1118 1120/1120/1120
f 1118/1118/1118 1117/1117/1117 1120/1120/1120
f 1121/1121/1121 1119/1119/1119 1120/1120/1120
f 1112/1112/1112 1122/1122/1122 1107/1107/1107
f 1113/1113/1113 1107/1107/1107 1122/1122/1122
f 1123/1123/1123 513/513/513 1113/1113/1113
f 1123/1123/1123 510/510/510 513/513/513
f 1121/1121/1121 1120/1120/1120 1124/1124/1124
f 1125/1125/1125 1121/1121/1121 1124/1124/1124
f 1126/1126/1126 1125/1125/1125 1124/1124/1124
f 1117/1117/1117 1127/1127/1127 1120/1120/1120
f 1120/1120/1120 1127/1127/1127 1124/1124/1124
f 1124/1124/1124 1128/1128/1128 1126/1126/1126
f 1129/1129/1129 1126/1126/1126 1128/1128/1128
f 1127/1127/1127 1130/1130/1130 1124/1124/1124
f 1128/1128/1128 1124/1124/1124 1130/1130/1130
f 1131/1131/1131 1113/1113/1113 1122/1122/1122
f 1113/1113/1113 1131/1131/1131 1123/1123/1123
f 510/510/510 1123/1123/1123 1132/1132/1132
f 510/510/510 1132/1132/1132 511/511/511
f 1133/1133/1133 1127/1127/1127 1117/1117/1117
f 1130/1130/1130 1127/1127/1127 1133/1133/1133
f 1131/1131/1131 1134/1134/1134 1123/1123/1123
f 1123/1123/1123 1134/1134/1134 1132/1132/1132
f 511/511/511 1132/1132/1132 1135/1135/1135
f 511/511/511 1135/1135/1135 512/512/512
f 512/512/512 1135/1135/1135 1136/1136/1136
f 1136/1136/1136 1135/1135/1135 1137/1137/1137
f 1138/1138/1138 512/512/512 1136/1136/1136
f 1136/1136/1136 1139/1139/1139 1138/1138/1138
f 1136/1136/1136 1137/1137/1137 1139/1139/1139
f 1139/1139/1139 1140/1140/1140 1138/1138/1138
f 1140/1140/1140 1139/1139/1139 1141/1141/1141
f 1132/1132/1132 1142/1142/1142 1135/1135/1135
f 1135/1135/1135 1142/1142/1142 1137/1137/1137
f 1143/1143/1143 1142/1142/1142 1132/1132/1132
f 1134/1134/1134 1143/1143/1143 1132/1132/1132
f 1142/1142/1142 1143/1143/1143 1137/1137/1137
f 1134/1134/1134 1131/1131/1131 1144/1144/1144
f 1143/1143/1143 1134/1134/1134 1144/1144/1144
f 1143/1143/1143 1145/1145/1145 1137/1137/1137
f 1145/1145/1145 1143/1143/1143 1144/1144/1144
f 1144/1144/1144 1131/1131/1131 1146/1146/1146
f 1131/1131/1131 1122/1122/1122 1146/1146/1146
f 1147/1147/1147 1146/1146/1146 1122/1122/1122
f 1112/1112/1112 1147/1147/1147 1122/1122/1122
f 1147/1147/1147 1112/1112/1112 1110/1110/1110
f 1147/1147/1147 1110/1110/1110 1148/1148/1148
f 1148/1148/1148 1110/1110/1110 1111/1111/1111
f 1149/1149/1149 1148/1148/1148 1111/1111/1111
f 1147/1147/1147 1150/1150/1150 1146/1146/1146
f 1150/1150/1150 1147/1147/1147 1148/1148/1148
f 1148/1148/1148 1149/1149/1149 1151/1151/1151
f 1148/1148/1148 1151/1151/1151 1150/1150/1150
f 1149/1149/1149 1152/1152/1152 1151/1151/1151
f 1144/1144/1144 1146/1146/1146 1153/1153/1153
f 1150/1150/1150 1153/1153/1153 1146/1146/1146
f 1154/1154/1154 1145/1145/1145 1144/1144/1144
f 1154/1154/1154 1144/1144/1144 1153/1153/1153
f 1150/1150/1150 1155/1155/1155 1153/1153/1153
f 1151/1151/1151 1155/1155/1155 1150/1150/1150
f 1145/1145/1145 1154/1154/1154 1156/1156/1156
f 1145/1145/1145 1156/1156/1156 1137/1137/1137
f 1154/1154/1154 1153/1153/1153 1157/1157/1157
f 1155/1155/1155 1157/1157/1157 1153/1153/1153
f 1156/1156/1156 1158/1158/1158 1137/1137/1137
f 1137/1137/1137 1158/1158/1158 1139/1139/1139
f 1139/1139/1139 1158/1158/1158 1159/1159/1159
f 1139/1139/1139 1159/1159/1159 1141/1141/1141
f 1158/1158/1158 1160/1160/1160 1159/1159/1159
f 1158/1158/1158 1156/1156/1156 1160/1160/1160
f 1141/1141/1141 1159/1159/1159 1161/1161/1161
f 1159/1159/1159 1160/1160/1160 1161/1161/1161
f 1162/1162/1162 1141/1141/1141 1161/1161/1161
f 1161/1161/1161 1163/1163/1163 1162/1162/1162
f 1163/1163/1163 1161/1161/1161 1164/1164/1164
f 1154/1154/1154 1165/1165/1165 1156/1156/1156
f 1165/1165/1165 1154/1154/1154 1157/1157/1157
f 1156/1156/1156 1166/1166/1166 1160/1160/1160
f 1156/1156/1156 1165/1165/1165 1166/1166/1166
f 1160/1160/1160 1167/1167/1167 1161/1161/1161
f 1161/1161/1161 1167/1167/1167 1164/1164/1164
f 1167/1167/1167 1160/1160/1160 1166/1166/1166
f 1164/1164/1164 1167/1167/1167 1168/1168/1168
f 1168/1168/1168 1167/1167/1167 1166/1166/1166
f 1169/1169/1169 1164/1164/1164 1168/1168/1168
f 1170/1170/1170 1169/1169/1169 1168/1168/1168
f 1170/1170/1170 1168/1168/1168 1171/1171/1171
f 1168/1168/1168 1166/1166/1166 1171/1171/1171
f 1165/1165/1165 1171/1171/1171 1166/1166/1166
f 1165/1165/1165 1157/1157/1157 1171/1171/1171
f 1157/1157/1157 1172/1172/1172 1171/1171/1171
f 1172/1172/1172 1157/1157/1157 1155/1155/1155
f 1172/1172/1172 1173/1173/1173 1171/1171/1171
f 1173/1173/1173 1174/1174/1174 1171/1171/1171
f 1175/1175/1175 1172/1172/1172 1155/1155/1155
f 1175/1175/1175 1155/1155/1155 1151/1151/1151
f 1173/1173/1173 1176/1176/1176 1174/1174/1174
f 1176/1176/1176 1173/1173/1173 1177/1177/1177
f 1176/1176/1176 1178/1178/1178 1174/1174/1174
f 1176/1176/1176 1177/1177/1177 1178/1178/1178
f 1177/1177/1177 1179/1179/1179 1178/1178/1178
f 1180/1180/1180 1179/1179/1179 1177/1177/1177
f 1173/1173/1173 1172/1172/1172 1181/1181/1181
f 1172/1172/1172 1175/1175/1175 1181/1181/1181
f 1173/1173/1173 1181/1181/1181 1177/1177/1177
f 1182/1182/1182 1175/1175/1175 1151/1151/1151
f 1151/1151/1151 1152/1152/1152 1182/1182/1182
f 1183/1183/1183 1181/1181/1181 1175/1175/1175
f 1177/1177/1177 1181/1181/1181 1183/1183/1183
f 1182/1182/1182 1183/1183/1183 1175/1175/1175
f 1184/1184/1184 1180/1180/1180 1177/1177/1177
f 1184/1184/1184 1177/1177/1177 1183/1183/1183
f 1185/1185/1185 1180/1180/1180 1184/1184/1184
f 1183/1183/1183 1185/1185/1185 1184/1184/1184
f 1152/1152/1152 1186/1186/1186 1182/1182/1182
f 1182/1182/1182 1186/1186/1186 1183/1183/1183
f 1183/1183/1183 1186/1186/1186 1185/1185/1185
f 1187/1187/1187 1186/1186/1186 1152/1152/1152
f 1186/1186/1186 1187/1187/1187 1185/1185/1185
f 1188/1188/1188 1109/1109/1109 1083/1083/1083
f 1188/1188/1188 1083/1083/1083 1084/1084/1084
f 1116/1116/1116 1109/1109/1109 1188/1188/1188
f 1189/1189/1189 1188/1188/1188 1084/1084/1084
f 1190/1190/1190 1116/1116/1116 1188/1188/1188
f 1190/1190/1190 1188/1188/1188 1189/1189/1189
f 1117/1117/1117 1116/1116/1116 1190/1190/1190
f 1191/1191/1191 1190/1190/1190 1189/1189/1189
f 1192/1192/1192 1117/1117/1117 1190/1190/1190
f 1190/1190/1190 1191/1191/1191 1192/1192/1192
f 1191/1191/1191 1193/1193/1193 1192/1192/1192
f 1192/1192/1192 1133/1133/1133 1117/1117/1117
f 1193/1193/1193 1194/1194/1194 1192/1192/1192
f 1194/1194/1194 1133/1133/1133 1192/1192/1192
f 1195/1195/1195 1133/1133/1133 1194/1194/1194
f 1196/1196/1196 1195/1195/1195 1194/1194/1194
f 1197/1197/1197 1195/1195/1195 1196/1196/1196
f 1195/1195/1195 1130/1130/1130 1133/1133/1133
f 1198/1198/1198 1195/1195/1195 1197/1197/1197
f 1195/1195/1195 1198/1198/1198 1130/1130/1130
f 1199/1199/1199 1198/1198/1198 1197/1197/1197
f 1198/1198/1198 1200/1200/1200 1130/1130/1130
f 1200/1200/1200 1128/1128/1128 1130/1130/1130
f 1201/1201/1201 1198/1198/1198 1199/1199/1199
f 1199/1199/1199 1202/1202/1202 1201/1201/1201
f 1201/1201/1201 1203/1203/1203 1198/1198/1198
f 1202/1202/1202 1203/1203/1203 1201/1201/1201
f 1203/1203/1203 1200/1200/1200 1198/1198/1198
f 1203/1203/1203 1202/1202/1202 1129/1129/1129
f 1204/1204/1204 1129/1129/1129 1128/1128/1128
f 1204/1204/1204 1128/1128/1128 1200/1200/1200
f 1204/1204/1204 1203/1203/1203 1129/1129/1129
f 1203/1203/1203 1204/1204/1204 1200/1200/1200
f 1047/1047/1047 1205/1205/1205 1044/1044/1044
f 1205/1205/1205 1063/1063/1063 1044/1044/1044
f 1055/1055/1055 1205/1205/1205 1047/1047/1047
f 1063/1063/1063 1205/1205/1205 1055/1055/1055
f 1206/1206/1206 1063/1063/1063 1055/1055/1055
f 1206/1206/1206 1065/1065/1065 1063/1063/1063
f 1055/1055/1055 1207/1207/1207 1206/1206/1206
f 1053/1053/1053 1207/1207/1207 1055/1055/1055
f 1065/1065/1065 1206/1206/1206 1208/1208/1208
f 1207/1207/1207 1208/1208/1208 1206/1206/1206
f 1209/1209/1209 1065/1065/1065 1208/1208/1208
f 1210/1210/1210 1207/1207/1207 1053/1053/1053
f 1207/1207/1207 1210/1210/1210 1208/1208/1208
f 1208/1208/1208 1211/1211/1211 1209/1209/1209
f 1210/1210/1210 1211/1211/1211 1208/1208/1208
f 1211/1211/1211 1212/1212/1212 1209/1209/1209
f 1212/1212/1212 1211/1211/1211 1213/1213/1213
f 1214/1214/1214 1212/1212/1212 1213/1213/1213
f 1215/1215/1215 1214/1214/1214 1213/1213/1213
f 1216/1216/1216 1210/1210/1210 1053/1053/1053
f 1216/1216/1216 1217/1217/1217 1210/1210/1210
f 1053/1053/1053 1054/1054/1054 1216/1216/1216
f 1054/1054/1054 1218/1218/1218 1216/1216/1216
f 1216/1216/1216 1218/1218/1218 1217/1217/1217
f 1218/1218/1218 1219/1219/1219 1217/1217/1217
f 1219/1219/1219 1220/1220/1220 1217/1217/1217
f 1211/1211/1211 1210/1210/1210 1221/1221/1221
f 1213/1213/1213 1211/1211/1211 1221/1221/1221
f 1217/1217/1217 1221/1221/1221 1210/1210/1210
f 1213/1213/1213 1222/1222/1222 1215/1215/1215
f 1215/1215/1215 1222/1222/1222 1223/1223/1223
f 1213/1213/1213 1221/1221/1221 1224/1224/1224
f 1224/1224/1224 1221/1221/1221 1217/1217/1217
f 1222/1222/1222 1213/1213/1213 1224/1224/1224
f 1217/1217/1217 1220/1220/1220 1225/1225/1225
f 1225/1225/1225 1224/1224/1224 1217/1217/1217
f 1220/1220/1220 1226/1226/1226 1225/1225/1225
f 1225/1225/1225 1227/1227/1227 1224/1224/1224
f 1225/1225/1225 1226/1226/1226 1227/1227/1227
f 1227/1227/1227 1228/1228/1228 1224/1224/1224
f 1227/1227/1227 1226/1226/1226 1228/1228/1228
f 1222/1222/1222 1224/1224/1224 1228/1228/1228
f 1226/1226/1226 1229/1229/1229 1228/1228/1228
f 1229/1229/1229 1223/1223/1223 1228/1228/1228
f 1223/1223/1223 1222/1222/1222 1230/1230/1230
f 1223/1223/1223 1230/1230/1230 1228/1228/1228
f 1230/1230/1230 1222/1222/1222 1228/1228/1228
f 1233/1233/1233 1232/1232/1232 1231/1231/1231
f 1231/1231/1231 1232/1232/1232 1234/1234/1234
f 1232/1232/1232 1233/1233/1233 1235/1235/1235
f 1233/1233/1233 1236/1236/1236 1235/1235/1235
f 1235/1235/1235 1236/1236/1236 1237/1237/1237
f 1238/1238/1238 1237/1237/1237 1236/1236/1236
f 1239/1239/1239 1235/1235/1235 1237/1237/1237
f 1232/1232/1232 1235/1235/1235 1239/1239/1239
f 1240/1240/1240 1237/1237/1237 1238/1238/1238
f 1240/1240/1240 1239/1239/1239 1237/1237/1237
f 1240/1240/1240 1238/1238/1238 1241/1241/1241
f 1239/1239/1239 1240/1240/1240 1241/1241/1241
f 1238/1238/1238 1242/1242/1242 1241/1241/1241
f 1242/1242/1242 1243/1243/1243 1241/1241/1241
f 1243/1243/1243 1239/1239/1239 1241/1241/1241
f 1244/1244/1244 1243/1243/1243 1242/1242/1242
f 1245/1245/1245 1232/1232/1232 1239/1239/1239
f 1245/1245/1245 1239/1239/1239 1243/1243/1243
f 1246/1246/1246 1243/1243/1243 1244/1244/1244
f 1246/1246/1246 1245/1245/1245 1243/1243/1243
f 1244/1244/1244 1247/1247/1247 1246/1246/1246
f 1247/1247/1247 1248/1248/1248 1246/1246/1246
f 1248/1248/1248 1249/1249/1249 1246/1246/1246
f 1245/1245/1245 1246/1246/1246 1249/1249/1249
f 1249/1249/1249 1248/1248/1248 674/674/674
f 1232/1232/1232 1245/1245/1245 1250/1250/1250
f 1232/1232/1232 1250/1250/1250 1234/1234/1234
f 1251/1251/1251 1249/1249/1249 674/674/674
f 1251/1251/1251 674/674/674 673/673/673
f 1252/1252/1252 1245/1245/1245 1249/1249/1249
f 1245/1245/1245 1252/1252/1252 1250/1250/1250
f 1249/1249/1249 1251/1251/1251 1252/1252/1252
f 673/673/673 1253/1253/1253 1251/1251/1251
f 1253/1253/1253 673/673/673 675/675/675
f 1251/1251/1251 1254/1254/1254 1252/1252/1252
f 1253/1253/1253 1254/1254/1254 1251/1251/1251
f 1250/1250/1250 1252/1252/1252 1255/1255/1255
f 1252/1252/1252 1254/1254/1254 1255/1255/1255
f 675/675/675 1256/1256/1256 1253/1253/1253
f 683/683/683 1256/1256/1256 675/675/675
f 1253/1253/1253 1257/1257/1257 1254/1254/1254
f 1257/1257/1257 1255/1255/1255 1254/1254/1254
f 1256/1256/1256 1257/1257/1257 1253/1253/1253
f 1250/1250/1250 1255/1255/1255 1258/1258/1258
f 1234/1234/1234 1250/1250/1250 1258/1258/1258
f 1256/1256/1256 683/683/683 1259/1259/1259
f 682/682/682 1259/1259/1259 683/683/683
f 1255/1255/1255 1257/1257/1257 1260/1260/1260
f 1258/1258/1258 1255/1255/1255 1260/1260/1260
f 1257/1257/1257 1256/1256/1256 1261/1261/1261
f 1261/1261/1261 1256/1256/1256 1259/1259/1259
f 1260/1260/1260 1257/1257/1257 1261/1261/1261
f 1262/1262/1262 1259/1259/1259 682/682/682
f 1261/1261/1261 1259/1259/1259 1262/1262/1262
f 1260/1260/1260 1261/1261/1261 1263/1263/1263
f 1263/1263/1263 1261/1261/1261 1262/1262/1262
f 1260/1260/1260 1264/1264/1264 1258/1258/1258
f 1264/1264/1264 1260/1260/1260 1263/1263/1263
f 1258/1258/1258 1265/1265/1265 1234/1234/1234
f 1264/1264/1264 1265/1265/1265 1258/1258/1258
f 1264/1264/1264 1263/1263/1263 1266/1266/1266
f 1266/1266/1266 1263/1263/1263 1262/1262/1262
f 1267/1267/1267 1262/1262/1262 682/682/682
f 692/692/692 1267/1267/1267 682/682/682
f 1262/1262/1262 1267/1267/1267 1268/1268/1268
f 1268/1268/1268 1266/1266/1266 1262/1262/1262
f 1267/1267/1267 692/692/692 1269/1269/1269
f 1267/1267/1267 1269/1269/1269 1268/1268/1268
f 692/692/692 739/739/739 1269/1269/1269
f 1270/1270/1270 1264/1264/1264 1266/1266/1266
f 1264/1264/1264 1270/1270/1270 1265/1265/1265
f 1265/1265/1265 1271/1271/1271 1234/1234/1234
f 1272/1272/1272 1234/1234/1234 1271/1271/1271
f 1269/1269/1269 739/739/739 1273/1273/1273
f 1273/1273/1273 739/739/739 729/729/729
f 1274/1274/1274 1266/1266/1266 1268/1268/1268
f 1270/1270/1270 1266/1266/1266 1274/1274/1274
f 1268/1268/1268 1269/1269/1269 1275/1275/1275
f 1275/1275/1275 1269/1269/1269 1273/1273/1273
f 1276/1276/1276 1268/1268/1268 1275/1275/1275
f 1276/1276/1276 1274/1274/1274 1268/1268/1268
f 1277/1277/1277 1275/1275/1275 1273/1273/1273
f 1275/1275/1275 1277/1277/1277 1276/1276/1276
f 1278/1278/1278 1277/1277/1277 1273/1273/1273
f 1273/1273/1273 729/729/729 1278/1278/1278
f 1277/1277/1277 1279/1279/1279 1276/1276/1276
f 1280/1280/1280 1278/1278/1278 729/729/729
f 1279/1279/1279 1281/1281/1281 1276/1276/1276
f 1281/1281/1281 1274/1274/1274 1276/1276/1276
f 1280/1280/1280 729/729/729 722/722/722
f 1282/1282/1282 1280/1280/1280 722/722/722
f 1283/1283/1283 1282/1282/1282 722/722/722
f 717/717/717 1283/1283/1283 722/722/722
f 1284/1284/1284 1274/1274/1274 1281/1281/1281
f 1285/1285/1285 1284/1284/1284 1281/1281/1281
f 1284/1284/1284 1270/1270/1270 1274/1274/1274
f 1285/1285/1285 1286/1286/1286 1284/1284/1284
f 717/717/717 1287/1287/1287 1283/1283/1283
f 1287/1287/1287 1288/1288/1288 1283/1283/1283
f 1287/1287/1287 717/717/717 721/721/721
f 1284/1284/1284 1289/1289/1289 1270/1270/1270
f 1286/1286/1286 1289/1289/1289 1284/1284/1284
f 1287/1287/1287 1290/1290/1290 1288/1288/1288
f 1290/1290/1290 1291/1291/1291 1288/1288/1288
f 1292/1292/1292 1291/1291/1291 1290/1290/1290
f 1287/1287/1287 721/721/721 1293/1293/1293
f 1290/1290/1290 1287/1287/1287 1293/1293/1293
f 1293/1293/1293 721/721/721 988/988/988
f 1294/1294/1294 1292/1292/1292 1290/1290/1290
f 1290/1290/1290 1293/1293/1293 1294/1294/1294
f 1295/1295/1295 1292/1292/1292 1294/1294/1294
f 1289/1289/1289 1296/1296/1296 1270/1270/1270
f 1270/1270/1270 1296/1296/1296 1265/1265/1265
f 1265/1265/1265 1296/1296/1296 1271/1271/1271
f 1297/1297/1297 1289/1289/1289 1286/1286/1286
f 1289/1289/1289 1297/1297/1297 1296/1296/1296
f 1298/1298/1298 1297/1297/1297 1286/1286/1286
f 1298/1298/1298 1299/1299/1299 1297/1297/1297
f 988/988/988 1300/1300/1300 1293/1293/1293
f 990/990/990 1300/1300/1300 988/988/988
f 1293/1293/1293 1301/1301/1301 1294/1294/1294
f 1300/1300/1300 1301/1301/1301 1293/1293/1293
f 1302/1302/1302 1295/1295/1295 1294/1294/1294
f 1294/1294/1294 1301/1301/1301 1302/1302/1302
f 1303/1303/1303 1295/1295/1295 1302/1302/1302
f 1297/1297/1297 1304/1304/1304 1296/1296/1296
f 1296/1296/1296 1304/1304/1304 1271/1271/1271
f 1299/1299/1299 1305/1305/1305 1297/1297/1297
f 1297/1297/1297 1305/1305/1305 1304/1304/1304
f 1306/1306/1306 1300/1300/1300 990/990/990
f 1307/1307/1307 1306/1306/1306 990/990/990
f 1306/1306/1306 1307/1307/1307 1308/1308/1308
f 1309/1309/1309 1301/1301/1301 1300/1300/1300
f 1301/1301/1301 1309/1309/1309 1302/1302/1302
f 1306/1306/1306 1309/1309/1309 1300/1300/1300
f 1310/1310/1310 1303/1303/1303 1302/1302/1302
f 1302/1302/1302 1309/1309/1309 1310/1310/1310
f 1311/1311/1311 1303/1303/1303 1310/1310/1310
f 1312/1312/1312 1306/1306/1306 1308/1308/1308
f 1306/1306/1306 1312/1312/1312 1309/1309/1309
f 1309/1309/1309 1313/1313/1313 1310/1310/1310
f 1312/1312/1312 1313/1313/1313 1309/1309/1309
f 1314/1314/1314 1311/1311/1311 1310/1310/1310
f 1310/1310/1310 1313/1313/1313 1314/1314/1314
f 1311/1311/1311 1314/1314/1314 1315/1315/1315
f 1312/1312/1312 1308/1308/1308 1316/1316/1316
f 1312/1312/1312 1316/1316/1316 1313/1313/1313
f 1308/1308/1308 1317/1317/1317 1316/1316/1316
f 1316/1316/1316 1317/1317/1317 1318/1318/1318
f 1317/1317/1317 1319/1319/1319 1318/1318/1318
f 1318/1318/1318 1319/1319/1319 1320/1320/1320
f 1316/1316/1316 1321/1321/1321 1313/1313/1313
f 1313/1313/1313 1321/1321/1321 1314/1314/1314
f 1316/1316/1316 1318/1318/1318 1321/1321/1321
f 1314/1314/1314 1322/1322/1322 1315/1315/1315
f 1314/1314/1314 1321/1321/1321 1322/1322/1322
f 1315/1315/1315 1322/1322/1322 1323/1323/1323
f 1321/1321/1321 1324/1324/1324 1322/1322/1322
f 1318/1318/1318 1324/1324/1324 1321/1321/1321
f 1322/1322/1322 1325/1325/1325 1323/1323/1323
f 1322/1322/1322 1324/1324/1324 1325/1325/1325
f 1323/1323/1323 1325/1325/1325 1326/1326/1326
f 1327/1327/1327 1318/1318/1318 1320/1320/1320
f 1320/1320/1320 1328/1328/1328 1327/1327/1327
f 1329/1329/1329 1324/1324/1324 1318/1318/1318
f 1327/1327/1327 1329/1329/1329 1318/1318/1318
f 1324/1324/1324 1329/1329/1329 1325/1325/1325
f 1328/1328/1328 1330/1330/1330 1327/1327/1327
f 1327/1327/1327 1330/1330/1330 1329/1329/1329
f 1329/1329/1329 1331/1331/1331 1325/1325/1325
f 1330/1330/1330 1331/1331/1331 1329/1329/1329
f 1325/1325/1325 1332/1332/1332 1326/1326/1326
f 1331/1331/1331 1332/1332/1332 1325/1325/1325
f 1333/1333/1333 1330/1330/1330 1328/1328/1328
f 1334/1334/1334 1333/1333/1333 1328/1328/1328
f 1335/1335/1335 1331/1331/1331 1330/1330/1330
f 1332/1332/1332 1331/1331/1331 1335/1335/1335
f 1333/1333/1333 1335/1335/1335 1330/1330/1330
f 1326/1326/1326 1332/1332/1332 1336/1336/1336
f 1336/1336/1336 1332/1332/1332 1335/1335/1335
f 1337/1337/1337 1326/1326/1326 1336/1336/1336
f 1337/1337/1337 1336/1336/1336 1338/1338/1338
f 1339/1339/1339 1333/1333/1333 1334/1334/1334
f 1340/1340/1340 1339/1339/1339 1334/1334/1334
f 1336/1336/1336 1335/1335/1335 1341/1341/1341
f 1336/1336/1336 1341/1341/1341 1338/1338/1338
f 1335/1335/1335 1333/1333/1333 1342/1342/1342
f 1333/1333/1333 1339/1339/1339 1342/1342/1342
f 1335/1335/1335 1342/1342/1342 1341/1341/1341
f 1343/1343/1343 1339/1339/1339 1340/1340/1340
f 1342/1342/1342 1339/1339/1339 1343/1343/1343
f 1344/1344/1344 1343/1343/1343 1340/1340/1340
f 1338/1338/1338 1341/1341/1341 1345/1345/1345
f 1346/1346/1346 1338/1338/1338 1345/1345/1345
f 1341/1341/1341 1342/1342/1342 1347/1347/1347
f 1347/1347/1347 1342/1342/1342 1343/1343/1343
f 1345/1345/1345 1341/1341/1341 1347/1347/1347
f 1344/1344/1344 1348/1348/1348 1343/1343/1343
f 1343/1343/1343 1348/1348/1348 1347/1347/1347
f 1348/1348/1348 1344/1344/1344 1349/1349/1349
f 1346/1346/1346 1345/1345/1345 1350/1350/1350
f 1345/1345/1345 1347/1347/1347 1350/1350/1350
f 1351/1351/1351 1346/1346/1346 1350/1350/1350
f 1347/1347/1347 1352/1352/1352 1350/1350/1350
f 1348/1348/1348 1352/1352/1352 1347/1347/1347
f 1351/1351/1351 1350/1350/1350 1353/1353/1353
f 1350/1350/1350 1352/1352/1352 1353/1353/1353
f 1354/1354/1354 1351/1351/1351 1353/1353/1353
f 1352/1352/1352 1355/1355/1355 1353/1353/1353
f 1355/1355/1355 1352/1352/1352 1348/1348/1348
f 1355/1355/1355 1354/1354/1354 1353/1353/1353
f 1354/1354/1354 1356/1356/1356 1349/1349/1349
f 1356/1356/1356 1348/1348/1348 1349/1349/1349
f 1356/1356/1356 1354/1354/1354 1355/1355/1355
f 1356/1356/1356 1355/1355/1355 1348/1348/1348
f 1357/1357/1357 1305/1305/1305 1299/1299/1299
f 1358/1358/1358 1357/1357/1357 1299/1299/1299
f 1357/1357/1357 1358/1358/1358 1359/1359/1359
f 1358/1358/1358 1360/1360/1360 1359/1359/1359
f 1360/1360/1360 1361/1361/1361 1359/1359/1359
f 1357/1357/1357 1362/1362/1362 1305/1305/1305
f 1357/1357/1357 1359/1359/1359 1362/1362/1362
f 1363/1363/1363 1359/1359/1359 1361/1361/1361
f 1359/1359/1359 1363/1363/1363 1362/1362/1362
f 1364/1364/1364 1363/1363/1363 1361/1361/1361
f 1362/1362/1362 1363/1363/1363 1364/1364/1364
f 1364/1364/1364 1361/1361/1361 1365/1365/1365
f 1366/1366/1366 1364/1364/1364 1365/1365/1365
f 1366/1366/1366 1362/1362/1362 1364/1364/1364
f 1367/1367/1367 1366/1366/1366 1365/1365/1365
f 1362/1362/1362 1368/1368/1368 1305/1305/1305
f 1368/1368/1368 1362/1362/1362 1366/1366/1366
f 1305/1305/1305 1368/1368/1368 1304/1304/1304
f 1366/1366/1366 1367/1367/1367 1369/1369/1369
f 1369/1369/1369 1368/1368/1368 1366/1366/1366
f 1304/1304/1304 1368/1368/1368 1369/1369/1369
f 1367/1367/1367 1272/1272/1272 1369/1369/1369
f 1271/1271/1271 1304/1304/1304 1369/1369/1369
f 1369/1369/1369 1272/1272/1272 1271/1271/1271
f 1372/1372/1372 1371/1371/1371 1370/1370/1370
f 1372/1372/1372 1370/1370/1370 1373/1373/1373
f 1373/1373/1373 1370/1370/1370 1374/1374/1374
f 1373/1373/1373 1374/1374/1374 1375/1375/1375
f 1370/1370/1370 1371/1371/1371 1376/1376/1376
f 1370/1370/1370 1376/1376/1376 1374/1374/1374
f 1377/1377/1377 1375/1375/1375 1374/1374/1374
f 1377/1377/1377 1374/1374/1374 1376/1376/1376
f 1375/1375/1375 1377/1377/1377 1378/1378/1378
f 1378/1378/1378 1377/1377/1377 1376/1376/1376
f 1379/1379/1379 1375/1375/1375 1378/1378/1378
f 1371/1371/1371 1380/1380/1380 1376/1376/1376
f 1380/1380/1380 1378/1378/1378 1376/1376/1376
f 1379/1379/1379 1378/1378/1378 1380/1380/1380
f 1381/1381/1381 1380/1380/1380 1371/1371/1371
f 1381/1381/1381 1379/1379/1379 1380/1380/1380
f 1384/1384/1384 1383/1383/1383 1382/1382/1382
f 1384/1384/1384 1382/1382/1382 1385/1385/1385
f 1383/1383/1383 1386/1386/1386 1382/1382/1382
f 1383/1383/1383 1387/1387/1387 1386/1386/1386
f 1385/1385/1385 1382/1382/1382 1388/1388/1388
f 1385/1385/1385 1388/1388/1388 1389/1389/1389
f 1389/1389/1389 1388/1388/1388 1390/1390/1390
f 1388/1388/1388 1382/1382/1382 1391/1391/1391
f 1382/1382/1382 1386/1386/1386 1391/1391/1391
f 1392/1392/1392 1390/1390/1390 1388/1388/1388
f 1388/1388/1388 1391/1391/1391 1392/1392/1392
f 1390/1390/1390 1392/1392/1392 1393/1393/1393
f 1392/1392/1392 1391/1391/1391 1394/1394/1394
f 1391/1391/1391 1386/1386/1386 1394/1394/1394
f 1393/1393/1393 1392/1392/1392 1394/1394/1394
f 1387/1387/1387 1395/1395/1395 1386/1386/1386
f 1395/1395/1395 1394/1394/1394 1386/1386/1386
f 1393/1393/1393 1394/1394/1394 1395/1395/1395
f 1387/1387/1387 1393/1393/1393 1395/1395/1395
f 1398/1398/1398 1397/1397/1397 1396/1396/1396
f 1396/1396/1396 1397/1397/1397 1399/1399/1399
f 1400/1400/1400 1397/1397/1397 1398/1398/1398
f 1398/1398/1398 1401/1401/1401 1400/1400/1400
f 1397/1397/1397 1402/1402/1402 1399/1399/1399
f 1399/1399/1399 1402/1402/1402 1403/1403/1403
f 1403/1403/1403 1402/1402/1402 1404/1404/1404
f 1400/1400/1400 1405/1405/1405 1397/1397/1397
f 1402/1402/1402 1397/1397/1397 1405/1405/1405
f 1401/1401/1401 1406/1406/1406 1400/1400/1400
f 1406/1406/1406 1405/1405/1405 1400/1400/1400
f 1407/1407/1407 1406/1406/1406 1401/1401/1401
f 1408/1408/1408 1404/1404/1404 1402/1402/1402
f 1405/1405/1405 1408/1408/1408 1402/1402/1402
f 1406/1406/1406 1408/1408/1408 1405/1405/1405
f 1406/1406/1406 1407/1407/1407 1408/1408/1408
f 1408/1408/1408 1407/1407/1407 1404/1404/1404
